semilla,factor_carga,ciclo,instante,estado,Ta_ms,holgura_plan_promedio_min,holgura_plan_minima_min,distancia_plan_km,tiempo_plan_rutas_min,vehiculos_plan,utilizacion_capacidad_plan,pedidos_plan,paquetes_sin_plan,rutas_despachadas,pedidos_entregados_acum,paquetes_entregados_acum,holgura_real_promedio_min,holgura_real_minima_min
20266,1.0,0,2026-01-01T00:00,SIN_DEMANDA,0,,,,,,,0,0,0,0,0,,
20266,1.0,1,2026-01-01T00:10,SIN_DEMANDA,0,,,,,,,0,0,0,0,0,,
20266,1.0,2,2026-01-01T00:20,SIN_DEMANDA,0,,,,,,,0,0,0,0,0,,
20266,1.0,3,2026-01-01T00:30,SIN_DEMANDA,0,,,,,,,0,0,0,0,0,,
20266,1.0,4,2026-01-01T00:40,SIN_DEMANDA,0,,,,,,,0,0,0,0,0,,
20266,1.0,5,2026-01-01T00:50,SIN_DEMANDA,0,,,,,,,0,0,0,0,0,,
20266,1.0,6,2026-01-01T01:00,SIN_DEMANDA,0,,,,,,,0,0,0,0,0,,
20266,1.0,7,2026-01-01T01:10,SIN_DEMANDA,0,,,,,,,0,0,0,0,0,,
20266,1.0,8,2026-01-01T01:20,SIN_DEMANDA,0,,,,,,,0,0,0,0,0,,
20266,1.0,9,2026-01-01T01:30,COMPLETA,1624.9599,2031.0,2031.0,50.0,135.0,1,0.08333333333333333,1,0,1,0,0,,
20266,1.0,10,2026-01-01T01:40,SIN_DEMANDA,0,,,,,,,0,0,0,0,0,,
20266,1.0,11,2026-01-01T01:50,SIN_DEMANDA,0,,,,,,,0,0,0,0,0,,
20266,1.0,12,2026-01-01T02:00,SIN_DEMANDA,0,,,,,,,0,0,0,0,0,,
20266,1.0,13,2026-01-01T02:10,SIN_DEMANDA,0,,,,,,,0,0,0,0,0,,
20266,1.0,14,2026-01-01T02:20,SIN_DEMANDA,0,,,,,,,0,0,0,0,0,,
20266,1.0,15,2026-01-01T02:30,SIN_DEMANDA,0,,,,,,,0,0,0,0,0,,
20266,1.0,16,2026-01-01T02:40,SIN_DEMANDA,0,,,,,,,0,0,0,0,0,,
20266,1.0,17,2026-01-01T02:50,SIN_DEMANDA,0,,,,,,,0,0,0,0,0,,
20266,1.0,18,2026-01-01T03:00,SIN_DEMANDA,0,,,,,,,0,0,0,0,0,,
20266,1.0,19,2026-01-01T03:10,SIN_DEMANDA,0,,,,,,,0,0,0,0,0,,
20266,1.0,20,2026-01-01T03:20,SIN_DEMANDA,0,,,,,,,0,0,0,0,0,,
20266,1.0,21,2026-01-01T03:30,SIN_DEMANDA,0,,,,,,,0,0,0,0,0,,
20266,1.0,22,2026-01-01T03:40,SIN_DEMANDA,0,,,,,,,0,0,0,1,2,2031.0,2031.0
20266,1.0,23,2026-01-01T03:50,SIN_DEMANDA,0,,,,,,,0,0,0,1,2,2031.0,2031.0
20266,1.0,24,2026-01-01T04:00,SIN_DEMANDA,0,,,,,,,0,0,0,1,2,2031.0,2031.0
20266,1.0,25,2026-01-01T04:10,SIN_DEMANDA,0,,,,,,,0,0,0,1,2,2031.0,2031.0
20266,1.0,26,2026-01-01T04:20,SIN_DEMANDA,0,,,,,,,0,0,0,1,2,2031.0,2031.0
20266,1.0,27,2026-01-01T04:30,SIN_DEMANDA,0,,,,,,,0,0,0,1,2,2031.0,2031.0
20266,1.0,28,2026-01-01T04:40,SIN_DEMANDA,0,,,,,,,0,0,0,1,2,2031.0,2031.0
20266,1.0,29,2026-01-01T04:50,SIN_DEMANDA,0,,,,,,,0,0,0,1,2,2031.0,2031.0
20266,1.0,30,2026-01-01T05:00,COMPLETA,2373.2609,691.5,691.5,102.0,350.5,1,0.25,1,0,0,1,2,2031.0,2031.0
20266,1.0,31,2026-01-01T05:10,COMPLETA,2424.1054,691.5,691.5,102.0,350.5,1,0.25,1,0,0,1,2,2031.0,2031.0
20266,1.0,32,2026-01-01T05:20,COMPLETA,2176.2808,691.5,691.5,102.0,350.5,1,0.25,1,0,0,1,2,2031.0,2031.0
20266,1.0,33,2026-01-01T05:30,COMPLETA,2424.2117,691.5,691.5,102.0,350.5,1,0.25,1,0,0,1,2,2031.0,2031.0
20266,1.0,34,2026-01-01T05:40,COMPLETA,2475.2527,691.5,691.5,102.0,350.5,1,0.25,1,0,0,1,2,2031.0,2031.0
20266,1.0,35,2026-01-01T05:50,COMPLETA,2364.7154,691.5,691.5,102.0,350.5,1,0.25,1,0,0,1,2,2031.0,2031.0
20266,1.0,36,2026-01-01T06:00,COMPLETA,2384.6618,691.5,691.5,102.0,350.5,1,0.25,1,0,0,1,2,2031.0,2031.0
20266,1.0,37,2026-01-01T06:10,COMPLETA,2354.943,691.5,691.5,102.0,350.5,1,0.25,1,0,0,1,2,2031.0,2031.0
20266,1.0,38,2026-01-01T06:20,COMPLETA,2077.6736,691.5,691.5,102.0,350.5,1,0.25,1,0,0,1,2,2031.0,2031.0
20266,1.0,39,2026-01-01T06:30,COMPLETA,2402.9376,691.5,691.5,102.0,350.5,1,0.25,1,0,0,1,2,2031.0,2031.0
20266,1.0,40,2026-01-01T06:40,COMPLETA,2428.1089,691.5,691.5,102.0,350.5,1,0.25,1,0,0,1,2,2031.0,2031.0
20266,1.0,41,2026-01-01T06:50,COMPLETA,2806.8558,691.5,691.5,102.0,350.5,1,0.25,1,0,0,1,2,2031.0,2031.0
20266,1.0,42,2026-01-01T07:00,COMPLETA,2584.4992,691.5,691.5,102.0,350.5,1,0.25,1,0,1,1,2,2031.0,2031.0
20266,1.0,43,2026-01-01T07:10,SIN_DEMANDA,0,,,,,,,0,0,0,1,2,2031.0,2031.0
20266,1.0,44,2026-01-01T07:20,SIN_DEMANDA,0,,,,,,,0,0,0,1,2,2031.0,2031.0
20266,1.0,45,2026-01-01T07:30,SIN_DEMANDA,0,,,,,,,0,0,0,1,2,2031.0,2031.0
20266,1.0,46,2026-01-01T07:40,SIN_DEMANDA,0,,,,,,,0,0,0,1,2,2031.0,2031.0
20266,1.0,47,2026-01-01T07:50,SIN_DEMANDA,0,,,,,,,0,0,0,1,2,2031.0,2031.0
20266,1.0,48,2026-01-01T08:00,SIN_DEMANDA,0,,,,,,,0,0,0,1,2,2031.0,2031.0
20266,1.0,49,2026-01-01T08:10,SIN_DEMANDA,0,,,,,,,0,0,0,1,2,2031.0,2031.0
20266,1.0,50,2026-01-01T08:20,SIN_DEMANDA,0,,,,,,,0,0,0,1,2,2031.0,2031.0
20266,1.0,51,2026-01-01T08:30,SIN_DEMANDA,0,,,,,,,0,0,0,1,2,2031.0,2031.0
20266,1.0,52,2026-01-01T08:40,SIN_DEMANDA,0,,,,,,,0,0,0,1,2,2031.0,2031.0
20266,1.0,53,2026-01-01T08:50,SIN_DEMANDA,0,,,,,,,0,0,0,1,2,2031.0,2031.0
20266,1.0,54,2026-01-01T09:00,COMPLETA,3424.4196,90.0,90.0,54.0,160.0,1,0.375,1,0,1,1,2,2031.0,2031.0
20266,1.0,55,2026-01-01T09:10,SIN_DEMANDA,0,,,,,,,0,0,0,1,2,2031.0,2031.0
20266,1.0,56,2026-01-01T09:20,SIN_DEMANDA,0,,,,,,,0,0,0,1,2,2031.0,2031.0
20266,1.0,57,2026-01-01T09:30,SIN_DEMANDA,0,,,,,,,0,0,0,1,2,2031.0,2031.0
20266,1.0,58,2026-01-01T09:40,SIN_DEMANDA,0,,,,,,,0,0,0,1,2,2031.0,2031.0
20266,1.0,59,2026-01-01T09:50,SIN_DEMANDA,0,,,,,,,0,0,0,1,2,2031.0,2031.0
20266,1.0,60,2026-01-01T10:00,SIN_DEMANDA,0,,,,,,,0,0,0,1,2,2031.0,2031.0
20266,1.0,61,2026-01-01T10:10,SIN_DEMANDA,0,,,,,,,0,0,0,1,2,2031.0,2031.0
20266,1.0,62,2026-01-01T10:20,COMPLETA,4657.9244,963.0,171.5,66.0,279.0,2,0.25,2,0,1,1,2,2031.0,2031.0
20266,1.0,63,2026-01-01T10:30,COMPLETA,3532.6611,1754.5,1754.5,56.0,204.0,1,0.4166666666666667,1,0,0,1,2,2031.0,2031.0
20266,1.0,64,2026-01-01T10:40,COMPLETA,3660.1,1754.5,1754.5,56.0,204.0,1,0.4166666666666667,1,0,0,1,2,2031.0,2031.0
20266,1.0,65,2026-01-01T10:50,COMPLETA,3457.0103,1754.5,1754.5,56.0,204.0,1,0.4166666666666667,1,0,0,1,2,2031.0,2031.0
20266,1.0,66,2026-01-01T11:00,COMPLETA,3642.015,1754.5,1754.5,56.0,204.0,1,0.4166666666666667,1,0,0,1,2,2031.0,2031.0
20266,1.0,67,2026-01-01T11:10,COMPLETA,3603.8515,1754.5,1754.5,56.0,204.0,1,0.4166666666666667,1,0,0,1,2,2031.0,2031.0
20266,1.0,68,2026-01-01T11:20,COMPLETA,3664.7593,1754.5,1754.5,56.0,204.0,1,0.4166666666666667,1,0,0,1,2,2031.0,2031.0
20266,1.0,69,2026-01-01T11:30,COMPLETA,3626.2488,1754.5,1754.5,56.0,204.0,1,0.4166666666666667,1,0,0,4,19,746.0,90.0
20266,1.0,70,2026-01-01T11:40,COMPLETA,3670.2754,1754.5,1754.5,56.0,204.0,1,0.4166666666666667,1,0,0,4,19,746.0,90.0
20266,1.0,71,2026-01-01T11:50,COMPLETA,3530.1018,1754.5,1754.5,56.0,204.0,1,0.4166666666666667,1,0,0,4,19,746.0,90.0
20266,1.0,72,2026-01-01T12:00,COMPLETA,3558.5393,1754.5,1754.5,56.0,204.0,1,0.4166666666666667,1,0,0,4,19,746.0,90.0
20266,1.0,73,2026-01-01T12:10,COMPLETA,3559.9576,1754.5,1754.5,56.0,204.0,1,0.4166666666666667,1,0,0,4,19,746.0,90.0
20266,1.0,74,2026-01-01T12:20,COMPLETA,3220.1767,1754.5,1754.5,56.0,204.0,1,0.4166666666666667,1,0,0,4,19,746.0,90.0
20266,1.0,75,2026-01-01T12:30,COMPLETA,3510.9239,1754.5,1754.5,56.0,204.0,1,0.4166666666666667,1,0,0,4,19,746.0,90.0
20266,1.0,76,2026-01-01T12:40,COMPLETA,3390.697,1754.5,1754.5,56.0,204.0,1,0.4166666666666667,1,0,0,4,19,746.0,90.0
20266,1.0,77,2026-01-01T12:50,COMPLETA,3410.0464,1754.5,1754.5,56.0,204.0,1,0.4166666666666667,1,0,0,4,19,746.0,90.0
20266,1.0,78,2026-01-01T13:00,COMPLETA,4616.2376,947.75,141.0,86.0,309.0,1,0.8333333333333334,2,0,0,4,19,746.0,90.0
20266,1.0,79,2026-01-01T13:10,COMPLETA,4349.4192,947.75,141.0,86.0,309.0,1,0.8333333333333334,2,0,0,4,19,746.0,90.0
20266,1.0,80,2026-01-01T13:20,COMPLETA,4414.7597,947.75,141.0,86.0,309.0,1,0.8333333333333334,2,0,0,4,19,746.0,90.0
20266,1.0,81,2026-01-01T13:30,COMPLETA,4588.7007,947.75,141.0,86.0,309.0,1,0.8333333333333334,2,0,0,4,19,746.0,90.0
20266,1.0,82,2026-01-01T13:40,COMPLETA,5033.8748,947.75,141.0,86.0,309.0,1,0.8333333333333334,2,0,0,4,19,746.0,90.0
20266,1.0,83,2026-01-01T13:50,COMPLETA,4685.6442,947.75,141.0,86.0,309.0,1,0.8333333333333334,2,0,0,4,19,746.0,90.0
20266,1.0,84,2026-01-01T14:00,COMPLETA,4617.944,947.75,141.0,86.0,309.0,1,0.8333333333333334,2,0,0,4,19,746.0,90.0
20266,1.0,85,2026-01-01T14:10,COMPLETA,4859.6815,947.75,141.0,86.0,309.0,1,0.8333333333333334,2,0,0,4,19,746.0,90.0
20266,1.0,86,2026-01-01T14:20,COMPLETA,5058.719,947.75,141.0,86.0,309.0,1,0.8333333333333334,2,0,0,4,19,746.0,90.0
20266,1.0,87,2026-01-01T14:30,COMPLETA,4566.4928,947.75,141.0,86.0,309.0,1,0.8333333333333334,2,0,0,4,19,746.0,90.0
20266,1.0,88,2026-01-01T14:40,COMPLETA,3611.4129,947.75,141.0,86.0,309.0,1,0.8333333333333334,2,0,0,4,19,746.0,90.0
20266,1.0,89,2026-01-01T14:50,COMPLETA,3603.014,947.75,141.0,86.0,309.0,1,0.8333333333333334,2,0,0,4,19,746.0,90.0
20266,1.0,90,2026-01-01T15:00,COMPLETA,3839.862,957.3333333333334,141.0,124.0,486.0,2,0.5833333333333334,3,0,2,4,19,746.0,90.0
20266,1.0,91,2026-01-01T15:10,SIN_DEMANDA,0,,,,,,,0,0,0,4,19,746.0,90.0
20266,1.0,92,2026-01-01T15:20,SIN_DEMANDA,0,,,,,,,0,0,0,4,19,746.0,90.0
20266,1.0,93,2026-01-01T15:30,SIN_DEMANDA,0,,,,,,,0,0,0,4,19,746.0,90.0
20266,1.0,94,2026-01-01T15:40,SIN_DEMANDA,0,,,,,,,0,0,0,4,19,746.0,90.0
20266,1.0,95,2026-01-01T15:50,SIN_DEMANDA,0,,,,,,,0,0,0,4,19,746.0,90.0
20266,1.0,96,2026-01-01T16:00,SIN_DEMANDA,0,,,,,,,0,0,0,4,19,746.0,90.0
20266,1.0,97,2026-01-01T16:10,SIN_DEMANDA,0,,,,,,,0,0,0,4,19,746.0,90.0
20266,1.0,98,2026-01-01T16:20,SIN_DEMANDA,0,,,,,,,0,0,0,4,19,746.0,90.0
20266,1.0,99,2026-01-01T16:30,COMPLETA,1226.8265,368.5,368.5,62.0,213.0,1,0.16666666666666666,1,0,1,4,19,746.0,90.0
20266,1.0,100,2026-01-01T16:40,SIN_DEMANDA,0,,,,,,,0,0,0,4,19,746.0,90.0
20266,1.0,101,2026-01-01T16:50,SIN_DEMANDA,0,,,,,,,0,0,0,5,27,792.1,90.0
20266,1.0,102,2026-01-01T17:00,SIN_DEMANDA,0,,,,,,,0,0,0,5,27,792.1,90.0
20266,1.0,103,2026-01-01T17:10,SIN_DEMANDA,0,,,,,,,0,0,0,6,37,952.5,90.0
20266,1.0,104,2026-01-01T17:20,SIN_DEMANDA,0,,,,,,,0,0,0,6,37,952.5,90.0
20266,1.0,105,2026-01-01T17:30,SIN_DEMANDA,0,,,,,,,0,0,0,6,37,952.5,90.0
20266,1.0,106,2026-01-01T17:40,SIN_DEMANDA,0,,,,,,,0,0,0,6,37,952.5,90.0
20266,1.0,107,2026-01-01T17:50,SIN_DEMANDA,0,,,,,,,0,0,0,6,37,952.5,90.0
20266,1.0,108,2026-01-01T18:00,SIN_DEMANDA,0,,,,,,,0,0,0,6,37,952.5,90.0
20266,1.0,109,2026-01-01T18:10,SIN_DEMANDA,0,,,,,,,0,0,0,6,37,952.5,90.0
20266,1.0,110,2026-01-01T18:20,COMPLETA,2582.1519,1619.5,1619.5,76.0,341.5,1,0.4166666666666667,1,0,0,7,41,869.0714285714286,90.0
20266,1.0,111,2026-01-01T18:30,COMPLETA,2608.9465,1619.5,1619.5,76.0,341.5,1,0.4166666666666667,1,0,0,7,41,869.0714285714286,90.0
20266,1.0,112,2026-01-01T18:40,COMPLETA,2763.1482,1619.5,1619.5,76.0,341.5,1,0.4166666666666667,1,0,0,8,51,778.0625,90.0
20266,1.0,113,2026-01-01T18:50,COMPLETA,2683.5291,1619.5,1619.5,76.0,341.5,1,0.4166666666666667,1,0,0,8,51,778.0625,90.0
20266,1.0,114,2026-01-01T19:00,COMPLETA,3445.3215,1619.5,1619.5,76.0,341.5,1,0.4166666666666667,1,0,0,8,51,778.0625,90.0
20266,1.0,115,2026-01-01T19:10,COMPLETA,3351.6004,1619.5,1619.5,76.0,341.5,1,0.4166666666666667,1,0,0,8,51,778.0625,90.0
20266,1.0,116,2026-01-01T19:20,COMPLETA,3312.9639,1619.5,1619.5,76.0,341.5,1,0.4166666666666667,1,0,0,8,51,778.0625,90.0
20266,1.0,117,2026-01-01T19:30,COMPLETA,3114.9882,1619.5,1619.5,76.0,341.5,1,0.4166666666666667,1,0,0,8,51,778.0625,90.0
20266,1.0,118,2026-01-01T19:40,COMPLETA,2791.1553,1619.5,1619.5,76.0,341.5,1,0.4166666666666667,1,0,0,8,51,778.0625,90.0
20266,1.0,119,2026-01-01T19:50,COMPLETA,2673.3745,1619.5,1619.5,76.0,341.5,1,0.4166666666666667,1,0,0,8,51,778.0625,90.0
20266,1.0,120,2026-01-01T20:00,COMPLETA,3872.1758,1612.75,1606.0,120.0,467.5,1,0.75,2,0,0,8,51,778.0625,90.0
20266,1.0,121,2026-01-01T20:10,COMPLETA,3691.5768,1612.75,1606.0,120.0,467.5,1,0.75,2,0,0,8,51,778.0625,90.0
20266,1.0,122,2026-01-01T20:20,COMPLETA,3622.3359,1612.75,1606.0,120.0,467.5,1,0.75,2,0,0,8,51,778.0625,90.0
20266,1.0,123,2026-01-01T20:30,COMPLETA,3345.0897,1612.75,1606.0,120.0,467.5,1,0.75,2,0,0,8,51,778.0625,90.0
20266,1.0,124,2026-01-01T20:40,COMPLETA,3524.4305,1612.75,1606.0,120.0,467.5,1,0.75,2,0,0,8,51,778.0625,90.0
20266,1.0,125,2026-01-01T20:50,COMPLETA,3559.1046,1612.75,1606.0,120.0,467.5,1,0.75,2,0,0,8,51,778.0625,90.0
20266,1.0,126,2026-01-01T21:00,COMPLETA,3734.5305,1612.75,1606.0,120.0,467.5,1,0.75,2,0,0,8,51,778.0625,90.0
20266,1.0,127,2026-01-01T21:10,COMPLETA,3436.7731,1612.75,1606.0,120.0,467.5,1,0.75,2,0,0,8,51,778.0625,90.0
20266,1.0,128,2026-01-01T21:20,COMPLETA,3411.4549,1612.75,1606.0,120.0,467.5,1,0.75,2,0,0,8,51,778.0625,90.0
20266,1.0,129,2026-01-01T21:30,COMPLETA,3685.4029,1612.75,1606.0,120.0,467.5,1,0.75,2,0,0,8,51,778.0625,90.0
20266,1.0,130,2026-01-01T21:40,COMPLETA,3718.1647,1612.75,1606.0,120.0,467.5,1,0.75,2,0,0,8,51,778.0625,90.0
20266,1.0,131,2026-01-01T21:50,COMPLETA,4008.7658,1210.8333333333333,407.0,202.0,809.0,2,0.5416666666666666,3,0,0,8,51,778.0625,90.0
20266,1.0,132,2026-01-01T22:00,COMPLETA,3808.475,1210.8333333333333,407.0,202.0,809.0,2,0.5416666666666666,3,0,0,8,51,778.0625,90.0
20266,1.0,133,2026-01-01T22:10,COMPLETA,3562.4409,1210.8333333333333,407.0,202.0,809.0,2,0.5416666666666666,3,0,0,8,51,778.0625,90.0
20266,1.0,134,2026-01-01T22:20,COMPLETA,3857.1639,1210.8333333333333,407.0,202.0,809.0,2,0.5416666666666666,3,0,0,8,51,778.0625,90.0
20266,1.0,135,2026-01-01T22:30,COMPLETA,3620.1849,1210.8333333333333,407.0,202.0,809.0,2,0.5416666666666666,3,0,0,8,51,778.0625,90.0
20266,1.0,136,2026-01-01T22:40,COMPLETA,3644.1557,1210.8333333333333,407.0,202.0,809.0,2,0.5416666666666666,3,0,0,8,51,778.0625,90.0
20266,1.0,137,2026-01-01T22:50,COMPLETA,3514.5734,1210.8333333333333,407.0,202.0,809.0,2,0.5416666666666666,3,0,0,8,51,778.0625,90.0
20266,1.0,138,2026-01-01T23:00,COMPLETA,3647.3473,1210.8333333333333,407.0,202.0,809.0,2,0.5416666666666666,3,0,2,8,51,778.0625,90.0
20266,1.0,139,2026-01-01T23:10,COMPLETA,1123.8922,2088.0,2088.0,12.0,138.0,1,0.16666666666666666,1,0,1,8,51,778.0625,90.0
20266,1.0,140,2026-01-01T23:20,SIN_DEMANDA,0,,,,,,,0,0,0,8,51,778.0625,90.0
20266,1.0,141,2026-01-01T23:30,SIN_DEMANDA,0,,,,,,,0,0,0,8,51,778.0625,90.0
20266,1.0,142,2026-01-01T23:40,SIN_DEMANDA,0,,,,,,,0,0,0,8,51,778.0625,90.0
20266,1.0,143,2026-01-01T23:50,SIN_DEMANDA,0,,,,,,,0,0,0,8,51,778.0625,90.0
20266,1.0,144,2026-01-02T00:00,SIN_DEMANDA,0,,,,,,,0,0,0,8,51,778.0625,90.0
20266,1.0,145,2026-01-02T00:10,SIN_DEMANDA,0,,,,,,,0,0,0,8,51,778.0625,90.0
20266,1.0,146,2026-01-02T00:20,SIN_DEMANDA,0,,,,,,,0,0,0,9,55,923.6111111111111,90.0
20266,1.0,147,2026-01-02T00:30,SIN_DEMANDA,0,,,,,,,0,0,0,9,55,923.6111111111111,90.0
20266,1.0,148,2026-01-02T00:40,SIN_DEMANDA,0,,,,,,,0,0,0,9,55,923.6111111111111,90.0
20266,1.0,149,2026-01-02T00:50,SIN_DEMANDA,0,,,,,,,0,0,0,9,55,923.6111111111111,90.0
20266,1.0,150,2026-01-02T01:00,SIN_DEMANDA,0,,,,,,,0,0,0,9,55,923.6111111111111,90.0
20266,1.0,151,2026-01-02T01:10,SIN_DEMANDA,0,,,,,,,0,0,0,9,55,923.6111111111111,90.0
20266,1.0,152,2026-01-02T01:20,SIN_DEMANDA,0,,,,,,,0,0,0,9,55,923.6111111111111,90.0
20266,1.0,153,2026-01-02T01:30,COMPLETA,1847.4189,640.0,640.0,70.0,225.0,1,0.2916666666666667,1,0,0,9,55,923.6111111111111,90.0
20266,1.0,154,2026-01-02T01:40,COMPLETA,1803.5535,640.0,640.0,70.0,225.0,1,0.2916666666666667,1,0,0,9,55,923.6111111111111,90.0
20266,1.0,155,2026-01-02T01:50,COMPLETA,1838.1957,640.0,640.0,70.0,225.0,1,0.2916666666666667,1,0,0,9,55,923.6111111111111,90.0
20266,1.0,156,2026-01-02T02:00,COMPLETA,1954.5657,640.0,640.0,70.0,225.0,1,0.2916666666666667,1,0,0,9,55,923.6111111111111,90.0
20266,1.0,157,2026-01-02T02:10,COMPLETA,1865.5912,640.0,640.0,70.0,225.0,1,0.2916666666666667,1,0,0,9,55,923.6111111111111,90.0
20266,1.0,158,2026-01-02T02:20,COMPLETA,1804.477,640.0,640.0,70.0,225.0,1,0.2916666666666667,1,0,0,9,55,923.6111111111111,90.0
20266,1.0,159,2026-01-02T02:30,COMPLETA,2100.9672,640.0,640.0,70.0,225.0,1,0.2916666666666667,1,0,0,9,55,923.6111111111111,90.0
20266,1.0,160,2026-01-02T02:40,COMPLETA,1966.2502,640.0,640.0,70.0,225.0,1,0.2916666666666667,1,0,0,9,55,923.6111111111111,90.0
20266,1.0,161,2026-01-02T02:50,COMPLETA,1752.1153,640.0,640.0,70.0,225.0,1,0.2916666666666667,1,0,0,9,55,923.6111111111111,90.0
20266,1.0,162,2026-01-02T03:00,COMPLETA,1945.5698,640.0,640.0,70.0,225.0,1,0.2916666666666667,1,0,0,9,55,923.6111111111111,90.0
20266,1.0,163,2026-01-02T03:10,COMPLETA,1879.53,640.0,640.0,70.0,225.0,1,0.2916666666666667,1,0,0,10,63,871.95,90.0
20266,1.0,164,2026-01-02T03:20,COMPLETA,1824.7371,640.0,640.0,70.0,225.0,1,0.2916666666666667,1,0,0,10,63,871.95,90.0
20266,1.0,165,2026-01-02T03:30,COMPLETA,1796.9588,640.0,640.0,70.0,225.0,1,0.2916666666666667,1,0,0,11,71,947.6818181818181,90.0
20266,1.0,166,2026-01-02T03:40,COMPLETA,1954.6919,640.0,640.0,70.0,225.0,1,0.2916666666666667,1,0,0,11,71,947.6818181818181,90.0
20266,1.0,167,2026-01-02T03:50,COMPLETA,1876.2907,640.0,640.0,70.0,225.0,1,0.2916666666666667,1,0,0,11,71,947.6818181818181,90.0
20266,1.0,168,2026-01-02T04:00,COMPLETA,1855.4025,640.0,640.0,70.0,225.0,1,0.2916666666666667,1,0,0,11,71,947.6818181818181,90.0
20266,1.0,169,2026-01-02T04:10,COMPLETA,1891.3596,640.0,640.0,70.0,225.0,1,0.2916666666666667,1,0,0,11,71,947.6818181818181,90.0
20266,1.0,170,2026-01-02T04:20,COMPLETA,1941.9168,640.0,640.0,70.0,225.0,1,0.2916666666666667,1,0,0,11,71,947.6818181818181,90.0
20266,1.0,171,2026-01-02T04:30,COMPLETA,1927.8387,640.0,640.0,70.0,225.0,1,0.2916666666666667,1,0,0,11,71,947.6818181818181,90.0
20266,1.0,172,2026-01-02T04:40,COMPLETA,1817.4088,640.0,640.0,70.0,225.0,1,0.2916666666666667,1,0,0,11,71,947.6818181818181,90.0
20266,1.0,173,2026-01-02T04:50,COMPLETA,1934.8909,640.0,640.0,70.0,225.0,1,0.2916666666666667,1,0,0,11,71,947.6818181818181,90.0
20266,1.0,174,2026-01-02T05:00,COMPLETA,1856.3875,640.0,640.0,70.0,225.0,1,0.2916666666666667,1,0,0,12,81,995.4166666666666,90.0
20266,1.0,175,2026-01-02T05:10,COMPLETA,3487.5377,1207.75,640.0,122.0,363.0,1,0.5416666666666666,2,0,0,12,81,995.4166666666666,90.0
20266,1.0,176,2026-01-02T05:20,COMPLETA,3519.119,1207.75,640.0,122.0,363.0,1,0.5416666666666666,2,0,0,12,81,995.4166666666666,90.0
20266,1.0,177,2026-01-02T05:30,COMPLETA,3471.9754,1207.75,640.0,122.0,363.0,1,0.5416666666666666,2,0,0,12,81,995.4166666666666,90.0
20266,1.0,178,2026-01-02T05:40,COMPLETA,3534.4774,1207.75,640.0,122.0,363.0,1,0.5416666666666666,2,0,0,12,81,995.4166666666666,90.0
20266,1.0,179,2026-01-02T05:50,COMPLETA,4188.6299,1207.75,640.0,122.0,363.0,1,0.5416666666666666,2,0,0,12,81,995.4166666666666,90.0
20266,1.0,180,2026-01-02T06:00,COMPLETA,4435.1742,1207.75,640.0,122.0,363.0,1,0.5416666666666666,2,0,0,12,81,995.4166666666666,90.0
20266,1.0,181,2026-01-02T06:10,COMPLETA,4299.7423,1207.75,640.0,122.0,363.0,1,0.5416666666666666,2,0,0,12,81,995.4166666666666,90.0
20266,1.0,182,2026-01-02T06:20,COMPLETA,4615.7845,1207.75,640.0,122.0,363.0,1,0.5416666666666666,2,0,0,12,81,995.4166666666666,90.0
20266,1.0,183,2026-01-02T06:30,COMPLETA,4635.7274,1207.75,640.0,122.0,363.0,1,0.5416666666666666,2,0,0,12,81,995.4166666666666,90.0
20266,1.0,184,2026-01-02T06:40,COMPLETA,4773.0402,1207.75,640.0,122.0,363.0,1,0.5416666666666666,2,0,0,12,81,995.4166666666666,90.0
20266,1.0,185,2026-01-02T06:50,COMPLETA,4451.5828,1207.75,640.0,122.0,363.0,1,0.5416666666666666,2,0,0,12,81,995.4166666666666,90.0
20266,1.0,186,2026-01-02T07:00,COMPLETA,4492.2675,1207.75,640.0,122.0,363.0,1,0.5416666666666666,2,0,1,12,81,995.4166666666666,90.0
20266,1.0,187,2026-01-02T07:10,SIN_DEMANDA,0,,,,,,,0,0,0,12,81,995.4166666666666,90.0
20266,1.0,188,2026-01-02T07:20,SIN_DEMANDA,0,,,,,,,0,0,0,12,81,995.4166666666666,90.0
20266,1.0,189,2026-01-02T07:30,SIN_DEMANDA,0,,,,,,,0,0,0,12,81,995.4166666666666,90.0
20266,1.0,190,2026-01-02T07:40,SIN_DEMANDA,0,,,,,,,0,0,0,12,81,995.4166666666666,90.0
20266,1.0,191,2026-01-02T07:50,SIN_DEMANDA,0,,,,,,,0,0,0,12,81,995.4166666666666,90.0
20266,1.0,192,2026-01-02T08:00,SIN_DEMANDA,0,,,,,,,0,0,0,12,81,995.4166666666666,90.0
20266,1.0,193,2026-01-02T08:10,SIN_DEMANDA,0,,,,,,,0,0,0,12,81,995.4166666666666,90.0
20266,1.0,194,2026-01-02T08:20,SIN_DEMANDA,0,,,,,,,0,0,0,12,81,995.4166666666666,90.0
20266,1.0,195,2026-01-02T08:30,SIN_DEMANDA,0,,,,,,,0,0,0,12,81,995.4166666666666,90.0
20266,1.0,196,2026-01-02T08:40,SIN_DEMANDA,0,,,,,,,0,0,0,12,81,995.4166666666666,90.0
20266,1.0,197,2026-01-02T08:50,SIN_DEMANDA,0,,,,,,,0,0,0,13,88,968.0769230769231,90.0
20266,1.0,198,2026-01-02T09:00,SIN_DEMANDA,0,,,,,,,0,0,0,13,88,968.0769230769231,90.0
20266,1.0,199,2026-01-02T09:10,SIN_DEMANDA,0,,,,,,,0,0,0,13,88,968.0769230769231,90.0
20266,1.0,200,2026-01-02T09:20,SIN_DEMANDA,0,,,,,,,0,0,0,13,88,968.0769230769231,90.0
20266,1.0,201,2026-01-02T09:30,SIN_DEMANDA,0,,,,,,,0,0,0,13,88,968.0769230769231,90.0
20266,1.0,202,2026-01-02T09:40,SIN_DEMANDA,0,,,,,,,0,0,0,13,88,968.0769230769231,90.0
20266,1.0,203,2026-01-02T09:50,SIN_DEMANDA,0,,,,,,,0,0,0,13,88,968.0769230769231,90.0
20266,1.0,204,2026-01-02T10:00,SIN_DEMANDA,0,,,,,,,0,0,0,13,88,968.0769230769231,90.0
20266,1.0,205,2026-01-02T10:10,SIN_DEMANDA,0,,,,,,,0,0,0,13,88,968.0769230769231,90.0
20266,1.0,206,2026-01-02T10:20,SIN_DEMANDA,0,,,,,,,0,0,0,13,88,968.0769230769231,90.0
20266,1.0,207,2026-01-02T10:30,SIN_DEMANDA,0,,,,,,,0,0,0,13,88,968.0769230769231,90.0
20266,1.0,208,2026-01-02T10:40,SIN_DEMANDA,0,,,,,,,0,0,0,13,88,968.0769230769231,90.0
20266,1.0,209,2026-01-02T10:50,SIN_DEMANDA,0,,,,,,,0,0,0,13,88,968.0769230769231,90.0
20266,1.0,210,2026-01-02T11:00,SIN_DEMANDA,0,,,,,,,0,0,0,13,88,968.0769230769231,90.0
20266,1.0,211,2026-01-02T11:10,SIN_DEMANDA,0,,,,,,,0,0,0,13,88,968.0769230769231,90.0
20266,1.0,212,2026-01-02T11:20,SIN_DEMANDA,0,,,,,,,0,0,0,13,88,968.0769230769231,90.0
20266,1.0,213,2026-01-02T11:30,SIN_DEMANDA,0,,,,,,,0,0,0,13,88,968.0769230769231,90.0
20266,1.0,214,2026-01-02T11:40,SIN_DEMANDA,0,,,,,,,0,0,0,14,94,1025.75,90.0
20266,1.0,215,2026-01-02T11:50,SIN_DEMANDA,0,,,,,,,0,0,0,14,94,1025.75,90.0
20266,1.0,216,2026-01-02T12:00,SIN_DEMANDA,0,,,,,,,0,0,0,14,94,1025.75,90.0
20266,1.0,217,2026-01-02T12:10,SIN_DEMANDA,0,,,,,,,0,0,0,14,94,1025.75,90.0
20266,1.0,218,2026-01-02T12:20,SIN_DEMANDA,0,,,,,,,0,0,0,14,94,1025.75,90.0
20266,1.0,219,2026-01-02T12:30,SIN_DEMANDA,0,,,,,,,0,0,0,14,94,1025.75,90.0
20266,1.0,220,2026-01-02T12:40,SIN_DEMANDA,0,,,,,,,0,0,0,14,94,1025.75,90.0
20266,1.0,221,2026-01-02T12:50,SIN_DEMANDA,0,,,,,,,0,0,0,14,94,1025.75,90.0
20266,1.0,222,2026-01-02T13:00,SIN_DEMANDA,0,,,,,,,0,0,0,14,94,1025.75,90.0
20266,1.0,223,2026-01-02T13:10,SIN_DEMANDA,0,,,,,,,0,0,0,14,94,1025.75,90.0
20266,1.0,224,2026-01-02T13:20,SIN_DEMANDA,0,,,,,,,0,0,0,14,94,1025.75,90.0
20266,1.0,225,2026-01-02T13:30,SIN_DEMANDA,0,,,,,,,0,0,0,14,94,1025.75,90.0
20266,1.0,226,2026-01-02T13:40,SIN_DEMANDA,0,,,,,,,0,0,0,14,94,1025.75,90.0
20266,1.0,227,2026-01-02T13:50,SIN_DEMANDA,0,,,,,,,0,0,0,14,94,1025.75,90.0
20266,1.0,228,2026-01-02T14:00,COMPLETA,2393.2668,1928.5,1928.5,112.0,288.0,1,0.20833333333333334,1,0,0,14,94,1025.75,90.0
20266,1.0,229,2026-01-02T14:10,COMPLETA,4477.7775,1909.0,1823.5,134.0,381.0,1,0.625,2,0,0,14,94,1025.75,90.0
20266,1.0,230,2026-01-02T14:20,COMPLETA,4643.9998,1909.0,1823.5,134.0,381.0,1,0.625,2,0,0,14,94,1025.75,90.0
20266,1.0,231,2026-01-02T14:30,COMPLETA,4856.8833,1909.0,1823.5,134.0,381.0,1,0.625,2,0,0,14,94,1025.75,90.0
20266,1.0,232,2026-01-02T14:40,COMPLETA,4903.1478,1386.3333333333333,362.0,340.0,810.0,2,0.5,3,0,0,14,94,1025.75,90.0
20266,1.0,233,2026-01-02T14:50,COMPLETA,5471.7772,1558.0,515.0,364.0,966.0,3,0.4166666666666667,4,0,0,14,94,1025.75,90.0
20266,1.0,234,2026-01-02T15:00,COMPLETA,5987.1269,1444.9,416.0,288.0,912.0,3,0.5138888888888888,5,0,3,14,94,1025.75,90.0
20266,1.0,235,2026-01-02T15:10,SIN_DEMANDA,0,,,,,,,0,0,0,14,94,1025.75,90.0
20266,1.0,236,2026-01-02T15:20,SIN_DEMANDA,0,,,,,,,0,0,0,14,94,1025.75,90.0
20266,1.0,237,2026-01-02T15:30,SIN_DEMANDA,0,,,,,,,0,0,0,14,94,1025.75,90.0
20266,1.0,238,2026-01-02T15:40,SIN_DEMANDA,0,,,,,,,0,0,0,14,94,1025.75,90.0
20266,1.0,239,2026-01-02T15:50,SIN_DEMANDA,0,,,,,,,0,0,0,14,94,1025.75,90.0
20266,1.0,240,2026-01-02T16:00,SIN_DEMANDA,0,,,,,,,0,0,0,14,94,1025.75,90.0
20266,1.0,241,2026-01-02T16:10,SIN_DEMANDA,0,,,,,,,0,0,0,14,94,1025.75,90.0
20266,1.0,242,2026-01-02T16:20,SIN_DEMANDA,0,,,,,,,0,0,0,14,94,1025.75,90.0
20266,1.0,243,2026-01-02T16:30,SIN_DEMANDA,0,,,,,,,0,0,0,14,94,1025.75,90.0
20266,1.0,244,2026-01-02T16:40,SIN_DEMANDA,0,,,,,,,0,0,0,14,94,1025.75,90.0
20266,1.0,245,2026-01-02T16:50,COMPLETA,2282.2833,69.5,69.5,94.0,261.0,1,0.3333333333333333,1,0,1,16,109,1146.65625,90.0
20266,1.0,246,2026-01-02T17:00,SIN_DEMANDA,0,,,,,,,0,0,0,16,109,1146.65625,90.0
20266,1.0,247,2026-01-02T17:10,SIN_DEMANDA,0,,,,,,,0,0,0,16,109,1146.65625,90.0
20266,1.0,248,2026-01-02T17:20,SIN_DEMANDA,0,,,,,,,0,0,0,16,109,1146.65625,90.0
20266,1.0,249,2026-01-02T17:30,SIN_DEMANDA,0,,,,,,,0,0,0,17,116,1133.8823529411766,90.0
20266,1.0,250,2026-01-02T17:40,SIN_DEMANDA,0,,,,,,,0,0,0,17,116,1133.8823529411766,90.0
20266,1.0,251,2026-01-02T17:50,SIN_DEMANDA,0,,,,,,,0,0,0,17,116,1133.8823529411766,90.0
20266,1.0,252,2026-01-02T18:00,SIN_DEMANDA,0,,,,,,,0,0,0,17,116,1133.8823529411766,90.0
20266,1.0,253,2026-01-02T18:10,SIN_DEMANDA,0,,,,,,,0,0,0,17,116,1133.8823529411766,90.0
20266,1.0,254,2026-01-02T18:20,SIN_DEMANDA,0,,,,,,,0,0,0,17,116,1133.8823529411766,90.0
20266,1.0,255,2026-01-02T18:30,SIN_DEMANDA,0,,,,,,,0,0,0,17,116,1133.8823529411766,90.0
20266,1.0,256,2026-01-02T18:40,COMPLETA,2266.2695,108.0,108.0,70.0,165.0,1,0.25,1,0,1,17,116,1133.8823529411766,90.0
20266,1.0,257,2026-01-02T18:50,SIN_DEMANDA,0,,,,,,,0,0,0,17,116,1133.8823529411766,90.0
20266,1.0,258,2026-01-02T19:00,SIN_DEMANDA,0,,,,,,,0,0,0,17,116,1133.8823529411766,90.0
20266,1.0,259,2026-01-02T19:10,SIN_DEMANDA,0,,,,,,,0,0,0,18,122,1176.0555555555557,90.0
20266,1.0,260,2026-01-02T19:20,SIN_DEMANDA,0,,,,,,,0,0,0,18,122,1176.0555555555557,90.0
20266,1.0,261,2026-01-02T19:30,SIN_DEMANDA,0,,,,,,,0,0,0,18,122,1176.0555555555557,90.0
20266,1.0,262,2026-01-02T19:40,SIN_DEMANDA,0,,,,,,,0,0,0,19,130,1117.8157894736842,69.5
20266,1.0,263,2026-01-02T19:50,SIN_DEMANDA,0,,,,,,,0,0,0,20,139,1082.725,69.5
20266,1.0,264,2026-01-02T20:00,SIN_DEMANDA,0,,,,,,,0,0,0,20,139,1082.725,69.5
20266,1.0,265,2026-01-02T20:10,SIN_DEMANDA,0,,,,,,,0,0,0,20,139,1082.725,69.5
20266,1.0,266,2026-01-02T20:20,SIN_DEMANDA,0,,,,,,,0,0,0,20,139,1082.725,69.5
20266,1.0,267,2026-01-02T20:30,SIN_DEMANDA,0,,,,,,,0,0,0,20,139,1082.725,69.5
20266,1.0,268,2026-01-02T20:40,SIN_DEMANDA,0,,,,,,,0,0,0,20,139,1082.725,69.5
20266,1.0,269,2026-01-02T20:50,SIN_DEMANDA,0,,,,,,,0,0,0,21,145,1036.3095238095239,69.5
20266,1.0,270,2026-01-02T21:00,SIN_DEMANDA,0,,,,,,,0,0,0,21,145,1036.3095238095239,69.5
20266,1.0,271,2026-01-02T21:10,SIN_DEMANDA,0,,,,,,,0,0,0,21,145,1036.3095238095239,69.5
20266,1.0,272,2026-01-02T21:20,SIN_DEMANDA,0,,,,,,,0,0,0,21,145,1036.3095238095239,69.5
20266,1.0,273,2026-01-02T21:30,SIN_DEMANDA,0,,,,,,,0,0,0,21,145,1036.3095238095239,69.5
20266,1.0,274,2026-01-02T21:40,SIN_DEMANDA,0,,,,,,,0,0,0,21,145,1036.3095238095239,69.5
20266,1.0,275,2026-01-02T21:50,COMPLETA,2586.5549,1894.0,1894.0,94.0,261.0,1,0.2916666666666667,1,0,0,21,145,1036.3095238095239,69.5
20266,1.0,276,2026-01-02T22:00,COMPLETA,2593.4649,1894.0,1894.0,94.0,261.0,1,0.2916666666666667,1,0,0,21,145,1036.3095238095239,69.5
20266,1.0,277,2026-01-02T22:10,COMPLETA,3693.2307,997.25,100.5,124.0,426.0,2,0.1875,2,0,0,21,145,1036.3095238095239,69.5
20266,1.0,278,2026-01-02T22:20,COMPLETA,3315.745,997.25,100.5,124.0,426.0,2,0.1875,2,0,0,21,145,1036.3095238095239,69.5
20266,1.0,279,2026-01-02T22:30,COMPLETA,2639.1572,997.25,100.5,124.0,426.0,2,0.1875,2,0,0,21,145,1036.3095238095239,69.5
20266,1.0,280,2026-01-02T22:40,COMPLETA,2649.0146,997.25,100.5,124.0,426.0,2,0.1875,2,0,0,21,145,1036.3095238095239,69.5
20266,1.0,281,2026-01-02T22:50,COMPLETA,2655.2697,997.25,100.5,124.0,426.0,2,0.1875,2,0,0,21,145,1036.3095238095239,69.5
20266,1.0,282,2026-01-02T23:00,COMPLETA,2782.3097,997.25,100.5,124.0,426.0,2,0.1875,2,0,2,21,145,1036.3095238095239,69.5
20266,1.0,283,2026-01-02T23:10,SIN_DEMANDA,0,,,,,,,0,0,0,21,145,1036.3095238095239,69.5
20266,1.0,284,2026-01-02T23:20,SIN_DEMANDA,0,,,,,,,0,0,0,21,145,1036.3095238095239,69.5
20266,1.0,285,2026-01-02T23:30,SIN_DEMANDA,0,,,,,,,0,0,0,21,145,1036.3095238095239,69.5
20266,1.0,286,2026-01-02T23:40,COMPLETA,2568.1791,465.5,465.5,98.0,267.0,1,0.375,1,0,0,21,145,1036.3095238095239,69.5
20266,1.0,287,2026-01-02T23:50,COMPLETA,2799.7504,465.5,465.5,98.0,267.0,1,0.375,1,0,0,21,145,1036.3095238095239,69.5
20266,1.0,288,2026-01-03T00:00,COMPLETA,2693.6428,465.5,465.5,98.0,267.0,1,0.375,1,0,0,21,145,1036.3095238095239,69.5
20266,1.0,289,2026-01-03T00:10,COMPLETA,2796.8777,465.5,465.5,98.0,267.0,1,0.375,1,0,0,21,145,1036.3095238095239,69.5
20266,1.0,290,2026-01-03T00:20,COMPLETA,2635.9238,465.5,465.5,98.0,267.0,1,0.375,1,0,0,21,145,1036.3095238095239,69.5
20266,1.0,291,2026-01-03T00:30,COMPLETA,2623.9467,465.5,465.5,98.0,267.0,1,0.375,1,0,0,22,147,993.7727272727273,69.5
20266,1.0,292,2026-01-03T00:40,COMPLETA,2639.3486,465.5,465.5,98.0,267.0,1,0.375,1,0,0,22,147,993.7727272727273,69.5
20266,1.0,293,2026-01-03T00:50,COMPLETA,2575.941,465.5,465.5,98.0,267.0,1,0.375,1,0,0,22,147,993.7727272727273,69.5
20266,1.0,294,2026-01-03T01:00,COMPLETA,2518.7736,465.5,465.5,98.0,267.0,1,0.375,1,0,0,22,147,993.7727272727273,69.5
20266,1.0,295,2026-01-03T01:10,COMPLETA,2644.0032,465.5,465.5,98.0,267.0,1,0.375,1,0,0,22,147,993.7727272727273,69.5
20266,1.0,296,2026-01-03T01:20,COMPLETA,3486.6086,439.5,413.5,168.0,432.0,1,0.7916666666666666,2,0,0,22,147,993.7727272727273,69.5
20266,1.0,297,2026-01-03T01:30,COMPLETA,3576.5968,439.5,413.5,168.0,432.0,1,0.7916666666666666,2,0,0,22,147,993.7727272727273,69.5
20266,1.0,298,2026-01-03T01:40,COMPLETA,3563.4631,439.5,413.5,168.0,432.0,1,0.7916666666666666,2,0,0,22,147,993.7727272727273,69.5
20266,1.0,299,2026-01-03T01:50,COMPLETA,3451.2594,439.5,413.5,168.0,432.0,1,0.7916666666666666,2,0,0,22,147,993.7727272727273,69.5
20266,1.0,300,2026-01-03T02:00,COMPLETA,4183.7643,439.5,413.5,168.0,432.0,1,0.7916666666666666,2,0,0,22,147,993.7727272727273,69.5
20266,1.0,301,2026-01-03T02:10,COMPLETA,3640.0561,439.5,413.5,168.0,432.0,1,0.7916666666666666,2,0,0,23,154,1032.9130434782608,69.5
20266,1.0,302,2026-01-03T02:20,COMPLETA,4393.3671,439.5,413.5,168.0,432.0,1,0.7916666666666666,2,0,0,23,154,1032.9130434782608,69.5
20266,1.0,303,2026-01-03T02:30,COMPLETA,4461.8662,439.5,413.5,168.0,432.0,1,0.7916666666666666,2,0,0,23,154,1032.9130434782608,69.5
20266,1.0,304,2026-01-03T02:40,COMPLETA,4025.5857,439.5,413.5,168.0,432.0,1,0.7916666666666666,2,0,0,23,154,1032.9130434782608,69.5
20266,1.0,305,2026-01-03T02:50,COMPLETA,3673.7314,439.5,413.5,168.0,432.0,1,0.7916666666666666,2,0,0,23,154,1032.9130434782608,69.5
20266,1.0,306,2026-01-03T03:00,COMPLETA,3722.1361,439.5,413.5,168.0,432.0,1,0.7916666666666666,2,0,0,23,154,1032.9130434782608,69.5
20266,1.0,307,2026-01-03T03:10,COMPLETA,3761.0945,776.0,701.5,322.0,723.0,4,0.19791666666666666,2,0,3,23,154,1032.9130434782608,69.5
20266,1.0,308,2026-01-03T03:20,COMPLETA,1265.3109,745.5,745.5,58.0,147.0,1,0.041666666666666664,1,0,1,23,154,1032.9130434782608,69.5
20266,1.0,309,2026-01-03T03:30,SIN_DEMANDA,0,,,,,,,0,0,0,23,154,1032.9130434782608,69.5
20266,1.0,310,2026-01-03T03:40,SIN_DEMANDA,0,,,,,,,0,0,0,23,154,1032.9130434782608,69.5
20266,1.0,311,2026-01-03T03:50,SIN_DEMANDA,0,,,,,,,0,0,0,23,154,1032.9130434782608,69.5
20266,1.0,312,2026-01-03T04:00,SIN_DEMANDA,0,,,,,,,0,0,0,23,154,1032.9130434782608,69.5
20266,1.0,313,2026-01-03T04:10,SIN_DEMANDA,0,,,,,,,0,0,0,23,154,1032.9130434782608,69.5
20266,1.0,314,2026-01-03T04:20,COMPLETA,2783.4343,227.5,227.5,88.0,367.0,1,0.2916666666666667,1,0,0,23,154,1032.9130434782608,69.5
20266,1.0,315,2026-01-03T04:30,COMPLETA,2564.7588,227.5,227.5,88.0,367.0,1,0.2916666666666667,1,0,0,23,154,1032.9130434782608,69.5
20266,1.0,316,2026-01-03T04:40,COMPLETA,2700.969,227.5,227.5,88.0,367.0,1,0.2916666666666667,1,0,0,23,154,1032.9130434782608,69.5
20266,1.0,317,2026-01-03T04:50,COMPLETA,2517.4743,227.5,227.5,88.0,367.0,1,0.2916666666666667,1,0,0,23,154,1032.9130434782608,69.5
20266,1.0,318,2026-01-03T05:00,COMPLETA,2272.3828,227.5,227.5,88.0,367.0,1,0.2916666666666667,1,0,0,23,154,1032.9130434782608,69.5
20266,1.0,319,2026-01-03T05:10,COMPLETA,2510.0142,227.5,227.5,88.0,367.0,1,0.2916666666666667,1,0,0,24,164,1025.3125,69.5
20266,1.0,320,2026-01-03T05:20,COMPLETA,2512.6334,227.5,227.5,88.0,367.0,1,0.2916666666666667,1,0,0,24,165,1025.3125,69.5
20266,1.0,321,2026-01-03T05:30,COMPLETA,2513.9305,227.5,227.5,88.0,367.0,1,0.2916666666666667,1,0,0,24,165,1025.3125,69.5
20266,1.0,322,2026-01-03T05:40,COMPLETA,2621.6317,227.5,227.5,88.0,367.0,1,0.2916666666666667,1,0,0,24,165,1025.3125,69.5
20266,1.0,323,2026-01-03T05:50,COMPLETA,2358.8155,227.5,227.5,88.0,367.0,1,0.2916666666666667,1,0,0,24,165,1025.3125,69.5
20266,1.0,324,2026-01-03T06:00,COMPLETA,2403.8026,227.5,227.5,88.0,367.0,1,0.2916666666666667,1,0,0,25,173,1012.36,69.5
20266,1.0,325,2026-01-03T06:10,COMPLETA,2286.9922,227.5,227.5,88.0,367.0,1,0.2916666666666667,1,0,0,25,173,1012.36,69.5
20266,1.0,326,2026-01-03T06:20,COMPLETA,2566.061,227.5,227.5,88.0,367.0,1,0.2916666666666667,1,0,0,25,173,1012.36,69.5
20266,1.0,327,2026-01-03T06:30,COMPLETA,2636.1807,227.5,227.5,88.0,367.0,1,0.2916666666666667,1,0,0,25,173,1012.36,69.5
20266,1.0,328,2026-01-03T06:40,COMPLETA,2429.0049,227.5,227.5,88.0,367.0,1,0.2916666666666667,1,0,0,25,173,1012.36,69.5
20266,1.0,329,2026-01-03T06:50,COMPLETA,2378.4115,227.5,227.5,88.0,367.0,1,0.2916666666666667,1,0,0,25,173,1012.36,69.5
20266,1.0,330,2026-01-03T07:00,COMPLETA,2760.0594,227.5,227.5,88.0,367.0,1,0.2916666666666667,1,0,1,25,173,1012.36,69.5
20266,1.0,331,2026-01-03T07:10,SIN_DEMANDA,0,,,,,,,0,0,0,25,173,1012.36,69.5
20266,1.0,332,2026-01-03T07:20,SIN_DEMANDA,0,,,,,,,0,0,0,25,173,1012.36,69.5
20266,1.0,333,2026-01-03T07:30,SIN_DEMANDA,0,,,,,,,0,0,0,25,173,1012.36,69.5
20266,1.0,334,2026-01-03T07:40,SIN_DEMANDA,0,,,,,,,0,0,0,25,173,1012.36,69.5
20266,1.0,335,2026-01-03T07:50,SIN_DEMANDA,0,,,,,,,0,0,0,25,173,1012.36,69.5
20266,1.0,336,2026-01-03T08:00,SIN_DEMANDA,0,,,,,,,0,0,0,25,173,1012.36,69.5
20266,1.0,337,2026-01-03T08:10,SIN_DEMANDA,0,,,,,,,0,0,0,25,173,1012.36,69.5
20266,1.0,338,2026-01-03T08:20,SIN_DEMANDA,0,,,,,,,0,0,0,25,173,1012.36,69.5
20266,1.0,339,2026-01-03T08:30,SIN_DEMANDA,0,,,,,,,0,0,0,25,173,1012.36,69.5
20266,1.0,340,2026-01-03T08:40,COMPLETA,1530.5809,2019.5,2019.5,64.0,223.5,1,0.125,1,0,1,25,173,1012.36,69.5
20266,1.0,341,2026-01-03T08:50,SIN_DEMANDA,0,,,,,,,0,0,0,25,173,1012.36,69.5
20266,1.0,342,2026-01-03T09:00,SIN_DEMANDA,0,,,,,,,0,0,0,25,173,1012.36,69.5
20266,1.0,343,2026-01-03T09:10,SIN_DEMANDA,0,,,,,,,0,0,0,25,173,1012.36,69.5
20266,1.0,344,2026-01-03T09:20,SIN_DEMANDA,0,,,,,,,0,0,0,25,173,1012.36,69.5
20266,1.0,345,2026-01-03T09:30,SIN_DEMANDA,0,,,,,,,0,0,0,25,173,1012.36,69.5
20266,1.0,346,2026-01-03T09:40,SIN_DEMANDA,0,,,,,,,0,0,0,25,173,1012.36,69.5
20266,1.0,347,2026-01-03T09:50,SIN_DEMANDA,0,,,,,,,0,0,0,25,173,1012.36,69.5
20266,1.0,348,2026-01-03T10:00,SIN_DEMANDA,0,,,,,,,0,0,0,25,173,1012.36,69.5
20266,1.0,349,2026-01-03T10:10,COMPLETA,1781.9613,989.5,989.5,38.0,117.0,1,0.125,1,0,1,25,173,1012.36,69.5
20266,1.0,350,2026-01-03T10:20,SIN_DEMANDA,0,,,,,,,0,0,0,25,173,1012.36,69.5
20266,1.0,351,2026-01-03T10:30,SIN_DEMANDA,0,,,,,,,0,0,0,25,173,1012.36,69.5
20266,1.0,352,2026-01-03T10:40,SIN_DEMANDA,0,,,,,,,0,0,0,25,173,1012.36,69.5
20266,1.0,353,2026-01-03T10:50,SIN_DEMANDA,0,,,,,,,0,0,0,25,173,1012.36,69.5
20266,1.0,354,2026-01-03T11:00,COMPLETA,4272.7738,1019.5,225.0,118.0,357.0,1,0.7083333333333334,2,0,0,26,176,1051.0961538461538,69.5
20266,1.0,355,2026-01-03T11:10,COMPLETA,4152.1432,850.8333333333334,225.0,190.0,525.0,2,0.5208333333333334,3,0,0,26,176,1051.0961538461538,69.5
20266,1.0,356,2026-01-03T11:20,COMPLETA,3803.9562,850.8333333333334,225.0,190.0,525.0,2,0.5208333333333334,3,0,0,26,176,1051.0961538461538,69.5
20266,1.0,357,2026-01-03T11:30,COMPLETA,4117.061,850.8333333333334,225.0,190.0,525.0,2,0.5208333333333334,3,0,0,26,176,1051.0961538461538,69.5
20266,1.0,358,2026-01-03T11:40,COMPLETA,3845.687,850.8333333333334,225.0,190.0,525.0,2,0.5208333333333334,3,0,0,27,179,1048.8148148148148,69.5
20266,1.0,359,2026-01-03T11:50,COMPLETA,3990.0025,850.8333333333334,225.0,190.0,525.0,2,0.5208333333333334,3,0,0,27,179,1048.8148148148148,69.5
20266,1.0,360,2026-01-03T12:00,COMPLETA,3805.7351,850.8333333333334,225.0,190.0,525.0,2,0.5208333333333334,3,0,1,27,179,1048.8148148148148,69.5
20266,1.0,361,2026-01-03T12:10,COMPLETA,3445.2454,1019.5,225.0,118.0,357.0,1,0.7083333333333334,2,0,0,27,179,1048.8148148148148,69.5
20266,1.0,362,2026-01-03T12:20,COMPLETA,3311.458,1019.5,225.0,118.0,357.0,1,0.7083333333333334,2,0,0,27,179,1048.8148148148148,69.5
20266,1.0,363,2026-01-03T12:30,COMPLETA,3235.0575,1019.5,225.0,118.0,357.0,1,0.7083333333333334,2,0,0,27,179,1048.8148148148148,69.5
20266,1.0,364,2026-01-03T12:40,COMPLETA,3490.7366,1019.5,225.0,118.0,357.0,1,0.7083333333333334,2,0,0,28,186,1019.4821428571429,69.5
20266,1.0,365,2026-01-03T12:50,COMPLETA,3366.9294,1019.5,225.0,118.0,357.0,1,0.7083333333333334,2,0,0,28,186,1019.4821428571429,69.5
20266,1.0,366,2026-01-03T13:00,COMPLETA,3173.007,1019.5,225.0,118.0,357.0,1,0.7083333333333334,2,0,0,28,186,1019.4821428571429,69.5
20266,1.0,367,2026-01-03T13:10,COMPLETA,3557.0556,1019.5,225.0,118.0,357.0,1,0.7083333333333334,2,0,0,28,186,1019.4821428571429,69.5
20266,1.0,368,2026-01-03T13:20,COMPLETA,3453.5661,1019.5,225.0,118.0,357.0,1,0.7083333333333334,2,0,0,28,186,1019.4821428571429,69.5
20266,1.0,369,2026-01-03T13:30,COMPLETA,3220.7015,1019.5,225.0,118.0,357.0,1,0.7083333333333334,2,0,0,28,186,1019.4821428571429,69.5
20266,1.0,370,2026-01-03T13:40,COMPLETA,3635.4723,1019.5,225.0,118.0,357.0,1,0.7083333333333334,2,0,0,28,186,1019.4821428571429,69.5
20266,1.0,371,2026-01-03T13:50,COMPLETA,4556.7515,1019.5,225.0,118.0,357.0,1,0.7083333333333334,2,0,0,28,186,1019.4821428571429,69.5
20266,1.0,372,2026-01-03T14:00,COMPLETA,4344.52,791.6666666666666,225.0,142.0,541.5,2,0.375,3,0,0,28,186,1019.4821428571429,69.5
20266,1.0,373,2026-01-03T14:10,COMPLETA,4283.6983,1091.875,225.0,212.0,766.5,3,0.2777777777777778,4,0,0,28,186,1019.4821428571429,69.5
20266,1.0,374,2026-01-03T14:20,COMPLETA,4690.7257,1091.875,225.0,212.0,766.5,3,0.2777777777777778,4,0,0,28,186,1019.4821428571429,69.5
20266,1.0,375,2026-01-03T14:30,COMPLETA,4283.3492,1091.875,225.0,212.0,766.5,3,0.2777777777777778,4,0,0,29,194,1002.0344827586207,69.5
20266,1.0,376,2026-01-03T14:40,COMPLETA,4524.6934,1091.875,225.0,212.0,766.5,3,0.2777777777777778,4,0,0,29,194,1002.0344827586207,69.5
20266,1.0,377,2026-01-03T14:50,COMPLETA,4258.5853,1091.875,225.0,212.0,766.5,3,0.2777777777777778,4,0,0,29,194,1002.0344827586207,69.5
20266,1.0,378,2026-01-03T15:00,COMPLETA,4571.8637,1091.875,225.0,212.0,766.5,3,0.2777777777777778,4,0,3,29,194,1002.0344827586207,69.5
20266,1.0,379,2026-01-03T15:10,SIN_DEMANDA,0,,,,,,,0,0,0,29,194,1002.0344827586207,69.5
20266,1.0,380,2026-01-03T15:20,SIN_DEMANDA,0,,,,,,,0,0,0,29,194,1002.0344827586207,69.5
20266,1.0,381,2026-01-03T15:30,SIN_DEMANDA,0,,,,,,,0,0,0,29,194,1002.0344827586207,69.5
20266,1.0,382,2026-01-03T15:40,SIN_DEMANDA,0,,,,,,,0,0,0,29,194,1002.0344827586207,69.5
20266,1.0,383,2026-01-03T15:50,SIN_DEMANDA,0,,,,,,,0,0,0,29,194,1002.0344827586207,69.5
20266,1.0,384,2026-01-03T16:00,SIN_DEMANDA,0,,,,,,,0,0,0,29,194,1002.0344827586207,69.5
20266,1.0,385,2026-01-03T16:10,SIN_DEMANDA,0,,,,,,,0,0,0,29,194,1002.0344827586207,69.5
20266,1.0,386,2026-01-03T16:20,COMPLETA,2204.3016,520.5,520.5,102.0,273.0,1,0.25,1,0,0,30,195,979.8333333333334,69.5
20266,1.0,387,2026-01-03T16:30,COMPLETA,2423.6525,520.5,520.5,102.0,273.0,1,0.25,1,0,0,30,195,979.8333333333334,69.5
20266,1.0,388,2026-01-03T16:40,COMPLETA,2314.7108,520.5,520.5,102.0,273.0,1,0.25,1,0,0,30,195,979.8333333333334,69.5
20266,1.0,389,2026-01-03T16:50,COMPLETA,3409.491,456.5,392.5,136.0,444.0,2,0.14583333333333334,2,0,1,31,202,1006.741935483871,69.5
20266,1.0,390,2026-01-03T17:00,COMPLETA,2809.3809,520.5,520.5,102.0,273.0,1,0.25,1,0,0,32,204,1037.546875,69.5
20266,1.0,391,2026-01-03T17:10,COMPLETA,2495.1746,520.5,520.5,102.0,273.0,1,0.25,1,0,0,32,204,1037.546875,69.5
20266,1.0,392,2026-01-03T17:20,COMPLETA,2688.874,520.5,520.5,102.0,273.0,1,0.25,1,0,0,32,204,1037.546875,69.5
20266,1.0,393,2026-01-03T17:30,COMPLETA,2625.8425,520.5,520.5,102.0,273.0,1,0.25,1,0,0,32,204,1037.546875,69.5
20266,1.0,394,2026-01-03T17:40,COMPLETA,2803.7474,520.5,520.5,102.0,273.0,1,0.25,1,0,0,32,204,1037.546875,69.5
20266,1.0,395,2026-01-03T17:50,COMPLETA,2846.2876,520.5,520.5,102.0,273.0,1,0.25,1,0,0,32,204,1037.546875,69.5
20266,1.0,396,2026-01-03T18:00,COMPLETA,2037.8818,520.5,520.5,102.0,273.0,1,0.25,1,0,0,32,204,1037.546875,69.5
20266,1.0,397,2026-01-03T18:10,COMPLETA,2049.7627,520.5,520.5,102.0,273.0,1,0.25,1,0,0,32,204,1037.546875,69.5
20266,1.0,398,2026-01-03T18:20,COMPLETA,3743.1249,268.25,16.0,196.0,534.0,2,0.2916666666666667,2,0,0,33,205,1018.0,69.5
20266,1.0,399,2026-01-03T18:30,COMPLETA,3435.5515,268.25,16.0,196.0,534.0,2,0.2916666666666667,2,0,0,33,205,1018.0,69.5
20266,1.0,400,2026-01-03T18:40,COMPLETA,3789.6737,393.5,16.0,208.0,612.0,3,0.2361111111111111,3,0,1,33,205,1018.0,69.5
20266,1.0,401,2026-01-03T18:50,COMPLETA,3390.4021,268.25,16.0,196.0,534.0,2,0.2916666666666667,2,0,0,33,205,1018.0,69.5
20266,1.0,402,2026-01-03T19:00,COMPLETA,3400.2896,268.25,16.0,196.0,534.0,2,0.2916666666666667,2,0,0,33,205,1018.0,69.5
20266,1.0,403,2026-01-03T19:10,COMPLETA,3699.1612,864.8333333333334,16.0,244.0,666.0,3,0.2361111111111111,3,0,1,33,205,1018.0,69.5
20266,1.0,404,2026-01-03T19:20,COMPLETA,3420.5279,372.25,224.0,190.0,465.0,2,0.2916666666666667,2,0,0,34,215,994.6764705882352,69.5
20266,1.0,405,2026-01-03T19:30,COMPLETA,3411.6138,372.25,224.0,190.0,465.0,2,0.2916666666666667,2,0,0,34,215,994.6764705882352,69.5
20266,1.0,406,2026-01-03T19:40,COMPLETA,3490.2946,372.25,224.0,190.0,465.0,2,0.2916666666666667,2,0,1,34,215,994.6764705882352,69.5
20266,1.0,407,2026-01-03T19:50,COMPLETA,2182.3378,520.5,520.5,102.0,273.0,1,0.25,1,0,0,35,218,984.6571428571428,69.5
20266,1.0,408,2026-01-03T20:00,COMPLETA,1887.5233,520.5,520.5,102.0,273.0,1,0.25,1,0,0,35,218,984.6571428571428,69.5
20266,1.0,409,2026-01-03T20:10,COMPLETA,1948.0315,520.5,520.5,102.0,273.0,1,0.25,1,0,0,35,218,984.6571428571428,69.5
20266,1.0,410,2026-01-03T20:20,COMPLETA,1969.6328,520.5,520.5,102.0,273.0,1,0.25,1,0,0,35,218,984.6571428571428,69.5
20266,1.0,411,2026-01-03T20:30,COMPLETA,1930.391,520.5,520.5,102.0,273.0,1,0.25,1,0,0,35,218,984.6571428571428,69.5
20266,1.0,412,2026-01-03T20:40,COMPLETA,2123.2094,520.5,520.5,102.0,273.0,1,0.25,1,0,0,35,218,984.6571428571428,69.5
20266,1.0,413,2026-01-03T20:50,COMPLETA,2561.7323,520.5,520.5,102.0,273.0,1,0.25,1,0,0,36,221,1014.4722222222222,69.5
20266,1.0,414,2026-01-03T21:00,COMPLETA,2591.9131,520.5,520.5,102.0,273.0,1,0.25,1,0,0,36,221,1014.4722222222222,69.5
20266,1.0,415,2026-01-03T21:10,COMPLETA,2815.7558,520.5,520.5,102.0,273.0,1,0.25,1,0,0,36,221,1014.4722222222222,69.5
20266,1.0,416,2026-01-03T21:20,COMPLETA,2839.9452,520.5,520.5,102.0,273.0,1,0.25,1,0,0,36,221,1014.4722222222222,69.5
20266,1.0,417,2026-01-03T21:30,COMPLETA,2705.7347,520.5,520.5,102.0,273.0,1,0.25,1,0,0,36,221,1014.4722222222222,69.5
20266,1.0,418,2026-01-03T21:40,COMPLETA,2572.5223,520.5,520.5,102.0,273.0,1,0.25,1,0,0,36,221,1014.4722222222222,69.5
20266,1.0,419,2026-01-03T21:50,COMPLETA,2691.2626,520.5,520.5,102.0,273.0,1,0.25,1,0,0,36,221,1014.4722222222222,69.5
20266,1.0,420,2026-01-03T22:00,COMPLETA,2008.8583,520.5,520.5,102.0,273.0,1,0.25,1,0,0,36,221,1014.4722222222222,69.5
20266,1.0,421,2026-01-03T22:10,COMPLETA,3709.3323,1161.0,520.5,128.0,372.0,1,0.5833333333333334,2,0,0,36,221,1014.4722222222222,69.5
20266,1.0,422,2026-01-03T22:20,COMPLETA,3819.4586,1445.6666666666667,520.5,182.0,573.0,2,0.375,3,0,0,36,221,1014.4722222222222,69.5
20266,1.0,423,2026-01-03T22:30,COMPLETA,4271.9117,1445.6666666666667,520.5,182.0,573.0,2,0.375,3,0,0,36,221,1014.4722222222222,69.5
20266,1.0,424,2026-01-03T22:40,COMPLETA,3867.1782,1445.6666666666667,520.5,182.0,573.0,2,0.375,3,0,0,37,229,993.1081081081081,69.5
20266,1.0,425,2026-01-03T22:50,COMPLETA,3815.0298,1445.6666666666667,520.5,182.0,573.0,2,0.375,3,0,0,37,229,993.1081081081081,69.5
20266,1.0,426,2026-01-03T23:00,COMPLETA,3694.8323,1445.6666666666667,520.5,182.0,573.0,2,0.375,3,0,2,37,229,993.1081081081081,69.5
20266,1.0,427,2026-01-03T23:10,SIN_DEMANDA,0,,,,,,,0,0,0,37,229,993.1081081081081,69.5
20266,1.0,428,2026-01-03T23:20,SIN_DEMANDA,0,,,,,,,0,0,0,37,229,993.1081081081081,69.5
20266,1.0,429,2026-01-03T23:30,SIN_DEMANDA,0,,,,,,,0,0,0,37,229,993.1081081081081,69.5
20266,1.0,430,2026-01-03T23:40,SIN_DEMANDA,0,,,,,,,0,0,0,37,229,993.1081081081081,69.5
20266,1.0,431,2026-01-03T23:50,SIN_DEMANDA,0,,,,,,,0,0,0,37,229,993.1081081081081,69.5
20266,1.0,432,2026-01-04T00:00,SIN_DEMANDA,0,,,,,,,0,0,0,37,229,993.1081081081081,69.5
20266,1.0,433,2026-01-04T00:10,SIN_DEMANDA,0,,,,,,,0,0,0,37,229,993.1081081081081,69.5
20266,1.0,434,2026-01-04T00:20,SIN_DEMANDA,0,,,,,,,0,0,0,37,229,993.1081081081081,69.5
20266,1.0,435,2026-01-04T00:30,SIN_DEMANDA,0,,,,,,,0,0,0,37,229,993.1081081081081,69.5
20266,1.0,436,2026-01-04T00:40,SIN_DEMANDA,0,,,,,,,0,0,0,37,229,993.1081081081081,69.5
20266,1.0,437,2026-01-04T00:50,SIN_DEMANDA,0,,,,,,,0,0,0,38,233,1020.0,69.5
20266,1.0,438,2026-01-04T01:00,SIN_DEMANDA,0,,,,,,,0,0,0,38,233,1020.0,69.5
20266,1.0,439,2026-01-04T01:10,SIN_DEMANDA,0,,,,,,,0,0,0,38,233,1020.0,69.5
20266,1.0,440,2026-01-04T01:20,COMPLETA,1998.8905,559.0,559.0,114.0,291.0,1,0.3333333333333333,1,0,0,38,233,1020.0,69.5
20266,1.0,441,2026-01-04T01:30,COMPLETA,1904.5654,559.0,559.0,114.0,291.0,1,0.3333333333333333,1,0,0,38,233,1020.0,69.5
20266,1.0,442,2026-01-04T01:40,COMPLETA,1943.6565,559.0,559.0,114.0,291.0,1,0.3333333333333333,1,0,0,39,239,1007.1923076923077,69.5
20266,1.0,443,2026-01-04T01:50,COMPLETA,1884.308,559.0,559.0,114.0,291.0,1,0.3333333333333333,1,0,0,39,239,1007.1923076923077,69.5
20266,1.0,444,2026-01-04T02:00,COMPLETA,2727.4689,779.25,559.0,140.0,390.0,2,0.20833333333333334,2,0,1,39,239,1007.1923076923077,69.5
20266,1.0,445,2026-01-04T02:10,COMPLETA,1782.1608,559.0,559.0,114.0,291.0,1,0.3333333333333333,1,0,0,39,239,1007.1923076923077,69.5
20266,1.0,446,2026-01-04T02:20,COMPLETA,1900.8733,559.0,559.0,114.0,291.0,1,0.3333333333333333,1,0,0,39,239,1007.1923076923077,69.5
20266,1.0,447,2026-01-04T02:30,COMPLETA,3118.6618,323.75,88.5,170.0,435.0,2,0.3125,2,0,1,39,239,1007.1923076923077,69.5
20266,1.0,448,2026-01-04T02:40,COMPLETA,1678.5553,559.0,559.0,114.0,291.0,1,0.3333333333333333,1,0,0,39,239,1007.1923076923077,69.5
20266,1.0,449,2026-01-04T02:50,COMPLETA,2141.7131,559.0,559.0,114.0,291.0,1,0.3333333333333333,1,0,0,39,239,1007.1923076923077,69.5
20266,1.0,450,2026-01-04T03:00,COMPLETA,1882.2774,559.0,559.0,114.0,291.0,1,0.3333333333333333,1,0,0,39,239,1007.1923076923077,69.5
20266,1.0,451,2026-01-04T03:10,COMPLETA,1834.2857,559.0,559.0,114.0,291.0,1,0.3333333333333333,1,0,0,39,239,1007.1923076923077,69.5
20266,1.0,452,2026-01-04T03:20,COMPLETA,1867.3072,559.0,559.0,114.0,291.0,1,0.3333333333333333,1,0,0,40,241,1007.0,69.5
20266,1.0,453,2026-01-04T03:30,COMPLETA,2409.9374,559.0,559.0,114.0,291.0,1,0.3333333333333333,1,0,0,40,241,1007.0,69.5
20266,1.0,454,2026-01-04T03:40,COMPLETA,2601.1526,559.0,559.0,114.0,291.0,1,0.3333333333333333,1,0,0,40,241,1007.0,69.5
20266,1.0,455,2026-01-04T03:50,COMPLETA,2257.1526,559.0,559.0,114.0,291.0,1,0.3333333333333333,1,0,0,40,241,1007.0,69.5
20266,1.0,456,2026-01-04T04:00,COMPLETA,2404.8464,559.0,559.0,114.0,291.0,1,0.3333333333333333,1,0,0,40,241,1007.0,69.5
20266,1.0,457,2026-01-04T04:10,COMPLETA,2405.2927,559.0,559.0,114.0,291.0,1,0.3333333333333333,1,0,0,41,249,1026.378048780488,69.5
20266,1.0,458,2026-01-04T04:20,COMPLETA,2425.5024,559.0,559.0,114.0,291.0,1,0.3333333333333333,1,0,0,41,249,1026.378048780488,69.5
20266,1.0,459,2026-01-04T04:30,COMPLETA,2741.2625,559.0,559.0,114.0,291.0,1,0.3333333333333333,1,0,0,41,249,1026.378048780488,69.5
20266,1.0,460,2026-01-04T04:40,COMPLETA,4343.0147,345.25,131.5,148.0,402.0,2,0.3125,2,0,0,41,249,1026.378048780488,69.5
20266,1.0,461,2026-01-04T04:50,COMPLETA,4187.86,345.25,131.5,148.0,402.0,2,0.3125,2,0,1,41,249,1026.378048780488,69.5
20266,1.0,462,2026-01-04T05:00,COMPLETA,2172.7173,559.0,559.0,114.0,291.0,1,0.3333333333333333,1,0,0,42,256,1004.047619047619,69.5
20266,1.0,463,2026-01-04T05:10,COMPLETA,2231.778,559.0,559.0,114.0,291.0,1,0.3333333333333333,1,0,0,42,256,1004.047619047619,69.5
20266,1.0,464,2026-01-04T05:20,COMPLETA,2431.5919,559.0,559.0,114.0,291.0,1,0.3333333333333333,1,0,0,42,256,1004.047619047619,69.5
20266,1.0,465,2026-01-04T05:30,COMPLETA,2246.3946,559.0,559.0,114.0,291.0,1,0.3333333333333333,1,0,0,42,256,1004.047619047619,69.5
20266,1.0,466,2026-01-04T05:40,COMPLETA,2415.0545,559.0,559.0,114.0,291.0,1,0.3333333333333333,1,0,0,42,256,1004.047619047619,69.5
20266,1.0,467,2026-01-04T05:50,COMPLETA,2611.8357,559.0,559.0,114.0,291.0,1,0.3333333333333333,1,0,0,42,256,1004.047619047619,69.5
20266,1.0,468,2026-01-04T06:00,COMPLETA,2405.1664,559.0,559.0,114.0,291.0,1,0.3333333333333333,1,0,0,42,256,1004.047619047619,69.5
20266,1.0,469,2026-01-04T06:10,COMPLETA,1811.3527,559.0,559.0,114.0,291.0,1,0.3333333333333333,1,0,0,42,256,1004.047619047619,69.5
20266,1.0,470,2026-01-04T06:20,COMPLETA,3384.0595,1192.25,559.0,116.0,354.0,1,0.5833333333333334,2,0,0,43,263,983.7558139534884,69.5
20266,1.0,471,2026-01-04T06:30,COMPLETA,3502.424,1192.25,559.0,116.0,354.0,1,0.5833333333333334,2,0,0,43,263,983.7558139534884,69.5
20266,1.0,472,2026-01-04T06:40,COMPLETA,4150.5605,1456.0,559.0,202.0,603.0,2,0.4791666666666667,3,0,0,43,263,983.7558139534884,69.5
20266,1.0,473,2026-01-04T06:50,COMPLETA,4118.5998,1456.0,559.0,202.0,603.0,2,0.4791666666666667,3,0,0,43,263,983.7558139534884,69.5
20266,1.0,474,2026-01-04T07:00,COMPLETA,4244.0403,1456.0,559.0,202.0,603.0,2,0.4791666666666667,3,0,2,43,263,983.7558139534884,69.5
20266,1.0,475,2026-01-04T07:10,SIN_DEMANDA,0,,,,,,,0,0,0,43,263,983.7558139534884,69.5
20266,1.0,476,2026-01-04T07:20,SIN_DEMANDA,0,,,,,,,0,0,0,43,263,983.7558139534884,69.5
20266,1.0,477,2026-01-04T07:30,SIN_DEMANDA,0,,,,,,,0,0,0,43,263,983.7558139534884,69.5
20266,1.0,478,2026-01-04T07:40,SIN_DEMANDA,0,,,,,,,0,0,0,43,263,983.7558139534884,69.5
20266,1.0,479,2026-01-04T07:50,SIN_DEMANDA,0,,,,,,,0,0,0,43,263,983.7558139534884,69.5
20266,1.0,480,2026-01-04T08:00,SIN_DEMANDA,0,,,,,,,0,0,0,43,263,983.7558139534884,69.5
20266,1.0,481,2026-01-04T08:10,SIN_DEMANDA,0,,,,,,,0,0,0,43,263,983.7558139534884,69.5
20266,1.0,482,2026-01-04T08:20,SIN_DEMANDA,0,,,,,,,0,0,0,43,263,983.7558139534884,69.5
20266,1.0,483,2026-01-04T08:30,SIN_DEMANDA,0,,,,,,,0,0,0,43,263,983.7558139534884,69.5
20266,1.0,484,2026-01-04T08:40,SIN_DEMANDA,0,,,,,,,0,0,0,43,263,983.7558139534884,69.5
20266,1.0,485,2026-01-04T08:50,SIN_DEMANDA,0,,,,,,,0,0,0,43,263,983.7558139534884,69.5
20266,1.0,486,2026-01-04T09:00,SIN_DEMANDA,0,,,,,,,0,0,0,43,263,983.7558139534884,69.5
20266,1.0,487,2026-01-04T09:10,COMPLETA,1925.6079,1569.5,1569.5,108.0,339.5,1,0.25,1,0,0,43,263,983.7558139534884,69.5
20266,1.0,488,2026-01-04T09:20,COMPLETA,2232.5468,1569.5,1569.5,108.0,339.5,1,0.25,1,0,0,43,263,983.7558139534884,69.5
20266,1.0,489,2026-01-04T09:30,COMPLETA,2217.0495,1569.5,1569.5,108.0,339.5,1,0.25,1,0,0,43,263,983.7558139534884,69.5
20266,1.0,490,2026-01-04T09:40,COMPLETA,2099.3791,1569.5,1569.5,108.0,339.5,1,0.25,1,0,0,44,272,1006.4772727272727,69.5
20266,1.0,491,2026-01-04T09:50,COMPLETA,2003.4222,1569.5,1569.5,108.0,339.5,1,0.25,1,0,0,44,272,1006.4772727272727,69.5
20266,1.0,492,2026-01-04T10:00,COMPLETA,1926.5644,1569.5,1569.5,108.0,339.5,1,0.25,1,0,0,45,280,996.5333333333333,69.5
20266,1.0,493,2026-01-04T10:10,COMPLETA,1836.4581,1569.5,1569.5,108.0,339.5,1,0.25,1,0,0,45,280,996.5333333333333,69.5
20266,1.0,494,2026-01-04T10:20,COMPLETA,2921.9069,1816.75,1569.5,144.0,453.5,2,0.1875,2,0,1,45,280,996.5333333333333,69.5
20266,1.0,495,2026-01-04T10:30,COMPLETA,2214.1066,1569.5,1569.5,108.0,339.5,1,0.25,1,0,0,45,280,996.5333333333333,69.5
20266,1.0,496,2026-01-04T10:40,COMPLETA,2092.9865,1569.5,1569.5,108.0,339.5,1,0.25,1,0,0,45,280,996.5333333333333,69.5
20266,1.0,497,2026-01-04T10:50,COMPLETA,1841.8907,1569.5,1569.5,108.0,339.5,1,0.25,1,0,0,45,280,996.5333333333333,69.5
20266,1.0,498,2026-01-04T11:00,COMPLETA,2779.5364,1788.5,1569.5,192.0,525.5,2,0.20833333333333334,2,0,1,45,280,996.5333333333333,69.5
20266,1.0,499,2026-01-04T11:10,COMPLETA,1944.549,1569.5,1569.5,108.0,339.5,1,0.25,1,0,0,45,280,996.5333333333333,69.5
20266,1.0,500,2026-01-04T11:20,COMPLETA,1911.0766,1569.5,1569.5,108.0,339.5,1,0.25,1,0,0,45,280,996.5333333333333,69.5
20266,1.0,501,2026-01-04T11:30,COMPLETA,1803.9507,1569.5,1569.5,108.0,339.5,1,0.25,1,0,0,45,280,996.5333333333333,69.5
20266,1.0,502,2026-01-04T11:40,COMPLETA,1949.4161,1569.5,1569.5,108.0,339.5,1,0.25,1,0,0,45,280,996.5333333333333,69.5
20266,1.0,503,2026-01-04T11:50,COMPLETA,2133.9926,1569.5,1569.5,108.0,339.5,1,0.25,1,0,0,47,289,1036.8829787234042,69.5
20266,1.0,504,2026-01-04T12:00,COMPLETA,2599.3557,1823.25,1569.5,136.0,441.5,2,0.1875,2,0,1,47,289,1036.8829787234042,69.5
20266,1.0,505,2026-01-04T12:10,COMPLETA,2024.2985,1569.5,1569.5,108.0,339.5,1,0.25,1,0,0,47,289,1036.8829787234042,69.5
20266,1.0,506,2026-01-04T12:20,COMPLETA,2043.6309,1569.5,1569.5,108.0,339.5,1,0.25,1,0,0,47,289,1036.8829787234042,69.5
20266,1.0,507,2026-01-04T12:30,COMPLETA,2379.238,1569.5,1569.5,108.0,339.5,1,0.25,1,0,0,47,289,1036.8829787234042,69.5
20266,1.0,508,2026-01-04T12:40,COMPLETA,2287.6543,1569.5,1569.5,108.0,339.5,1,0.25,1,0,0,47,289,1036.8829787234042,69.5
20266,1.0,509,2026-01-04T12:50,COMPLETA,2479.4745,1569.5,1569.5,108.0,339.5,1,0.25,1,0,0,47,289,1036.8829787234042,69.5
20266,1.0,510,2026-01-04T13:00,COMPLETA,2435.3521,1569.5,1569.5,108.0,339.5,1,0.25,1,0,0,47,289,1036.8829787234042,69.5
20266,1.0,511,2026-01-04T13:10,COMPLETA,2440.964,1569.5,1569.5,108.0,339.5,1,0.25,1,0,0,47,289,1036.8829787234042,69.5
20266,1.0,512,2026-01-04T13:20,COMPLETA,2183.307,1569.5,1569.5,108.0,339.5,1,0.25,1,0,0,47,289,1036.8829787234042,69.5
20266,1.0,513,2026-01-04T13:30,COMPLETA,2567.5742,1569.5,1569.5,108.0,339.5,1,0.25,1,0,0,49,296,1077.9183673469388,69.5
20266,1.0,514,2026-01-04T13:40,COMPLETA,3498.7994,956.0,303.0,80.0,300.0,1,0.2916666666666667,2,0,0,49,296,1077.9183673469388,69.5
20266,1.0,515,2026-01-04T13:50,COMPLETA,3523.3297,956.0,303.0,80.0,300.0,1,0.2916666666666667,2,0,0,49,296,1077.9183673469388,69.5
20266,1.0,516,2026-01-04T14:00,COMPLETA,3361.5141,956.0,303.0,80.0,300.0,1,0.2916666666666667,2,0,0,49,296,1077.9183673469388,69.5
20266,1.0,517,2026-01-04T14:10,COMPLETA,2736.6276,956.0,303.0,80.0,300.0,1,0.2916666666666667,2,0,0,49,296,1077.9183673469388,69.5
20266,1.0,518,2026-01-04T14:20,COMPLETA,2726.0582,956.0,303.0,80.0,300.0,1,0.2916666666666667,2,0,0,49,296,1077.9183673469388,69.5
20266,1.0,519,2026-01-04T14:30,COMPLETA,2841.3773,956.0,303.0,80.0,300.0,1,0.2916666666666667,2,0,0,49,296,1077.9183673469388,69.5
20266,1.0,520,2026-01-04T14:40,COMPLETA,3136.3143,956.0,303.0,80.0,300.0,1,0.2916666666666667,2,0,0,49,296,1077.9183673469388,69.5
20266,1.0,521,2026-01-04T14:50,COMPLETA,3516.9865,956.0,303.0,80.0,300.0,1,0.2916666666666667,2,0,0,49,296,1077.9183673469388,69.5
20266,1.0,522,2026-01-04T15:00,COMPLETA,3106.7875,956.0,303.0,80.0,300.0,1,0.2916666666666667,2,0,1,49,296,1077.9183673469388,69.5
20266,1.0,523,2026-01-04T15:10,SIN_DEMANDA,0,,,,,,,0,0,0,49,296,1077.9183673469388,69.5
20266,1.0,524,2026-01-04T15:20,SIN_DEMANDA,0,,,,,,,0,0,0,49,296,1077.9183673469388,69.5
20266,1.0,525,2026-01-04T15:30,SIN_DEMANDA,0,,,,,,,0,0,0,49,296,1077.9183673469388,69.5
20266,1.0,526,2026-01-04T15:40,COMPLETA,2292.7946,65.0,65.0,42.0,262.0,1,0.20833333333333334,1,0,1,49,296,1077.9183673469388,69.5
20266,1.0,527,2026-01-04T15:50,SIN_DEMANDA,0,,,,,,,0,0,0,49,296,1077.9183673469388,69.5
20266,1.0,528,2026-01-04T16:00,COMPLETA,2615.6521,1514.5,1514.5,132.0,318.0,1,0.3333333333333333,1,0,0,49,296,1077.9183673469388,69.5
20266,1.0,529,2026-01-04T16:10,COMPLETA,2766.0334,1514.5,1514.5,132.0,318.0,1,0.3333333333333333,1,0,0,49,296,1077.9183673469388,69.5
20266,1.0,530,2026-01-04T16:20,COMPLETA,2651.7039,1514.5,1514.5,132.0,318.0,1,0.3333333333333333,1,0,0,49,296,1077.9183673469388,69.5
20266,1.0,531,2026-01-04T16:30,COMPLETA,2563.3032,1514.5,1514.5,132.0,318.0,1,0.3333333333333333,1,0,0,49,296,1077.9183673469388,69.5
20266,1.0,532,2026-01-04T16:40,COMPLETA,3418.4867,952.5,390.5,142.0,472.0,2,0.22916666666666666,2,0,1,50,297,1062.42,69.5
20266,1.0,533,2026-01-04T16:50,COMPLETA,2512.2179,1514.5,1514.5,132.0,318.0,1,0.3333333333333333,1,0,0,50,297,1062.42,69.5
20266,1.0,534,2026-01-04T17:00,COMPLETA,2717.0165,1514.5,1514.5,132.0,318.0,1,0.3333333333333333,1,0,0,50,297,1062.42,69.5
20266,1.0,535,2026-01-04T17:10,COMPLETA,2668.5973,1514.5,1514.5,132.0,318.0,1,0.3333333333333333,1,0,0,50,297,1062.42,69.5
20266,1.0,536,2026-01-04T17:20,COMPLETA,2694.208,1514.5,1514.5,132.0,318.0,1,0.3333333333333333,1,0,0,50,297,1062.42,69.5
20266,1.0,537,2026-01-04T17:30,COMPLETA,2503.0559,1514.5,1514.5,132.0,318.0,1,0.3333333333333333,1,0,0,50,297,1062.42,69.5
20266,1.0,538,2026-01-04T17:40,COMPLETA,2238.9013,1514.5,1514.5,132.0,318.0,1,0.3333333333333333,1,0,0,50,297,1062.42,69.5
20266,1.0,539,2026-01-04T17:50,COMPLETA,2557.2761,1514.5,1514.5,132.0,318.0,1,0.3333333333333333,1,0,0,50,297,1062.42,69.5
20266,1.0,540,2026-01-04T18:00,COMPLETA,3670.4443,1789.25,1514.5,194.0,471.0,2,0.25,2,0,1,50,297,1062.42,69.5
20266,1.0,541,2026-01-04T18:10,COMPLETA,2439.6889,1514.5,1514.5,132.0,318.0,1,0.3333333333333333,1,0,0,51,300,1049.2450980392157,69.5
20266,1.0,542,2026-01-04T18:20,COMPLETA,2666.6294,1514.5,1514.5,132.0,318.0,1,0.3333333333333333,1,0,0,52,306,1060.0096153846155,69.5
20266,1.0,543,2026-01-04T18:30,COMPLETA,2149.049,1514.5,1514.5,132.0,318.0,1,0.3333333333333333,1,0,0,52,306,1060.0096153846155,69.5
20266,1.0,544,2026-01-04T18:40,COMPLETA,2324.5118,1514.5,1514.5,132.0,318.0,1,0.3333333333333333,1,0,0,53,311,1041.2358490566037,65.0
20266,1.0,545,2026-01-04T18:50,COMPLETA,2308.784,1514.5,1514.5,132.0,318.0,1,0.3333333333333333,1,0,0,53,311,1041.2358490566037,65.0
20266,1.0,546,2026-01-04T19:00,COMPLETA,2292.5357,1514.5,1514.5,132.0,318.0,1,0.3333333333333333,1,0,0,53,311,1041.2358490566037,65.0
20266,1.0,547,2026-01-04T19:10,COMPLETA,2106.2226,1514.5,1514.5,132.0,318.0,1,0.3333333333333333,1,0,0,53,311,1041.2358490566037,65.0
20266,1.0,548,2026-01-04T19:20,COMPLETA,2138.0852,1514.5,1514.5,132.0,318.0,1,0.3333333333333333,1,0,0,53,311,1041.2358490566037,65.0
20266,1.0,549,2026-01-04T19:30,COMPLETA,2296.3047,1514.5,1514.5,132.0,318.0,1,0.3333333333333333,1,0,0,54,315,1060.1759259259259,65.0
20266,1.0,550,2026-01-04T19:40,COMPLETA,2116.9291,1514.5,1514.5,132.0,318.0,1,0.3333333333333333,1,0,0,54,315,1060.1759259259259,65.0
20266,1.0,551,2026-01-04T19:50,COMPLETA,3441.7565,1253.25,992.0,164.0,426.0,2,0.1875,2,0,1,54,315,1060.1759259259259,65.0
20266,1.0,552,2026-01-04T20:00,COMPLETA,2110.1677,1514.5,1514.5,132.0,318.0,1,0.3333333333333333,1,0,0,54,315,1060.1759259259259,65.0
20266,1.0,553,2026-01-04T20:10,COMPLETA,2547.3527,1514.5,1514.5,132.0,318.0,1,0.3333333333333333,1,0,0,54,315,1060.1759259259259,65.0
20266,1.0,554,2026-01-04T20:20,COMPLETA,2561.0966,1514.5,1514.5,132.0,318.0,1,0.3333333333333333,1,0,0,54,315,1060.1759259259259,65.0
20266,1.0,555,2026-01-04T20:30,COMPLETA,2626.5803,1514.5,1514.5,132.0,318.0,1,0.3333333333333333,1,0,0,54,315,1060.1759259259259,65.0
20266,1.0,556,2026-01-04T20:40,COMPLETA,2370.5359,1514.5,1514.5,132.0,318.0,1,0.3333333333333333,1,0,0,54,315,1060.1759259259259,65.0
20266,1.0,557,2026-01-04T20:50,COMPLETA,2456.8538,1514.5,1514.5,132.0,318.0,1,0.3333333333333333,1,0,0,54,315,1060.1759259259259,65.0
20266,1.0,558,2026-01-04T21:00,COMPLETA,2443.818,1514.5,1514.5,132.0,318.0,1,0.3333333333333333,1,0,0,54,315,1060.1759259259259,65.0
20266,1.0,559,2026-01-04T21:10,COMPLETA,2472.043,1514.5,1514.5,132.0,318.0,1,0.3333333333333333,1,0,0,54,315,1060.1759259259259,65.0
20266,1.0,560,2026-01-04T21:20,COMPLETA,2623.8258,1514.5,1514.5,132.0,318.0,1,0.3333333333333333,1,0,0,55,316,1058.9363636363637,65.0
20266,1.0,561,2026-01-04T21:30,COMPLETA,2608.5335,1514.5,1514.5,132.0,318.0,1,0.3333333333333333,1,0,0,55,316,1058.9363636363637,65.0
20266,1.0,562,2026-01-04T21:40,COMPLETA,2574.9059,1514.5,1514.5,132.0,318.0,1,0.3333333333333333,1,0,0,55,316,1058.9363636363637,65.0
20266,1.0,563,2026-01-04T21:50,COMPLETA,2667.9965,1514.5,1514.5,132.0,318.0,1,0.3333333333333333,1,0,0,55,316,1058.9363636363637,65.0
20266,1.0,564,2026-01-04T22:00,COMPLETA,4551.2722,956.0,457.5,132.0,378.0,1,0.7083333333333334,2,0,0,55,316,1058.9363636363637,65.0
20266,1.0,565,2026-01-04T22:10,COMPLETA,4687.0625,956.0,457.5,132.0,378.0,1,0.7083333333333334,2,0,0,55,316,1058.9363636363637,65.0
20266,1.0,566,2026-01-04T22:20,COMPLETA,3982.3401,956.0,457.5,132.0,378.0,1,0.7083333333333334,2,0,0,55,316,1058.9363636363637,65.0
20266,1.0,567,2026-01-04T22:30,COMPLETA,3783.4657,956.0,457.5,132.0,378.0,1,0.7083333333333334,2,0,0,55,316,1058.9363636363637,65.0
20266,1.0,568,2026-01-04T22:40,COMPLETA,4241.5268,956.0,457.5,132.0,378.0,1,0.7083333333333334,2,0,0,55,316,1058.9363636363637,65.0
20266,1.0,569,2026-01-04T22:50,COMPLETA,4224.8019,956.0,457.5,132.0,378.0,1,0.7083333333333334,2,0,0,55,316,1058.9363636363637,65.0
20266,1.0,570,2026-01-04T23:00,COMPLETA,4550.1703,956.0,457.5,132.0,378.0,1,0.7083333333333334,2,0,1,55,316,1058.9363636363637,65.0
20266,1.0,571,2026-01-04T23:10,SIN_DEMANDA,0,,,,,,,0,0,0,55,316,1058.9363636363637,65.0
20266,1.0,572,2026-01-04T23:20,SIN_DEMANDA,0,,,,,,,0,0,0,55,316,1058.9363636363637,65.0
20266,1.0,573,2026-01-04T23:30,SIN_DEMANDA,0,,,,,,,0,0,0,55,316,1058.9363636363637,65.0
20266,1.0,574,2026-01-04T23:40,SIN_DEMANDA,0,,,,,,,0,0,0,55,316,1058.9363636363637,65.0
20266,1.0,575,2026-01-04T23:50,SIN_DEMANDA,0,,,,,,,0,0,0,55,316,1058.9363636363637,65.0
20266,1.0,576,2026-01-05T00:00,SIN_DEMANDA,0,,,,,,,0,0,0,55,316,1058.9363636363637,65.0
20266,1.0,577,2026-01-05T00:10,SIN_DEMANDA,0,,,,,,,0,0,0,55,316,1058.9363636363637,65.0
20266,1.0,578,2026-01-05T00:20,SIN_DEMANDA,0,,,,,,,0,0,0,55,316,1058.9363636363637,65.0
20266,1.0,579,2026-01-05T00:30,COMPLETA,2447.9972,1225.5,396.0,88.0,372.0,2,0.10416666666666667,2,0,2,55,316,1058.9363636363637,65.0
20266,1.0,580,2026-01-05T00:40,SIN_DEMANDA,0,,,,,,,0,0,0,55,316,1058.9363636363637,65.0
20266,1.0,581,2026-01-05T00:50,SIN_DEMANDA,0,,,,,,,0,0,0,55,316,1058.9363636363637,65.0
20266,1.0,582,2026-01-05T01:00,SIN_DEMANDA,0,,,,,,,0,0,0,55,316,1058.9363636363637,65.0
20266,1.0,583,2026-01-05T01:10,SIN_DEMANDA,0,,,,,,,0,0,0,55,316,1058.9363636363637,65.0
20266,1.0,584,2026-01-05T01:20,SIN_DEMANDA,0,,,,,,,0,0,0,55,316,1058.9363636363637,65.0
20266,1.0,585,2026-01-05T01:30,SIN_DEMANDA,0,,,,,,,0,0,0,55,316,1058.9363636363637,65.0
20266,1.0,586,2026-01-05T01:40,SIN_DEMANDA,0,,,,,,,0,0,0,55,316,1058.9363636363637,65.0
20266,1.0,587,2026-01-05T01:50,SIN_DEMANDA,0,,,,,,,0,0,0,55,316,1058.9363636363637,65.0
20266,1.0,588,2026-01-05T02:00,SIN_DEMANDA,0,,,,,,,0,0,0,56,317,1047.0982142857142,65.0
20266,1.0,589,2026-01-05T02:10,SIN_DEMANDA,0,,,,,,,0,0,0,56,317,1047.0982142857142,65.0
20266,1.0,590,2026-01-05T02:20,SIN_DEMANDA,0,,,,,,,0,0,0,58,330,1054.3103448275863,65.0
20266,1.0,591,2026-01-05T02:30,SIN_DEMANDA,0,,,,,,,0,0,0,58,330,1054.3103448275863,65.0
20266,1.0,592,2026-01-05T02:40,SIN_DEMANDA,0,,,,,,,0,0,0,58,330,1054.3103448275863,65.0
20266,1.0,593,2026-01-05T02:50,SIN_DEMANDA,0,,,,,,,0,0,0,58,330,1054.3103448275863,65.0
20266,1.0,594,2026-01-05T03:00,SIN_DEMANDA,0,,,,,,,0,0,0,58,330,1054.3103448275863,65.0
20266,1.0,595,2026-01-05T03:10,COMPLETA,3025.8155,1742.0,1742.0,98.0,267.0,1,0.2916666666666667,1,0,0,58,330,1054.3103448275863,65.0
20266,1.0,596,2026-01-05T03:20,COMPLETA,2650.8381,1742.0,1742.0,98.0,267.0,1,0.2916666666666667,1,0,0,58,330,1054.3103448275863,65.0
20266,1.0,597,2026-01-05T03:30,COMPLETA,2569.4267,1742.0,1742.0,98.0,267.0,1,0.2916666666666667,1,0,0,58,330,1054.3103448275863,65.0
20266,1.0,598,2026-01-05T03:40,COMPLETA,2599.8536,1742.0,1742.0,98.0,267.0,1,0.2916666666666667,1,0,0,59,338,1061.093220338983,65.0
20266,1.0,599,2026-01-05T03:50,COMPLETA,2265.2234,1742.0,1742.0,98.0,267.0,1,0.2916666666666667,1,0,0,59,338,1061.093220338983,65.0
20266,1.0,600,2026-01-05T04:00,COMPLETA,2129.8244,1742.0,1742.0,98.0,267.0,1,0.2916666666666667,1,0,0,59,338,1061.093220338983,65.0
20266,1.0,601,2026-01-05T04:10,COMPLETA,2260.7444,1742.0,1742.0,98.0,267.0,1,0.2916666666666667,1,0,0,59,338,1061.093220338983,65.0
20266,1.0,602,2026-01-05T04:20,COMPLETA,4383.9698,1196.0,767.0,136.0,384.0,1,0.6666666666666666,2,0,0,59,338,1061.093220338983,65.0
20266,1.0,603,2026-01-05T04:30,COMPLETA,5001.5478,1196.0,767.0,136.0,384.0,1,0.6666666666666666,2,0,0,59,338,1061.093220338983,65.0
20266,1.0,604,2026-01-05T04:40,COMPLETA,5143.4894,1196.0,767.0,136.0,384.0,1,0.6666666666666666,2,0,0,59,338,1061.093220338983,65.0
20266,1.0,605,2026-01-05T04:50,COMPLETA,4556.6013,1196.0,767.0,136.0,384.0,1,0.6666666666666666,2,0,0,59,338,1061.093220338983,65.0
20266,1.0,606,2026-01-05T05:00,COMPLETA,4577.0459,1196.0,767.0,136.0,384.0,1,0.6666666666666666,2,0,0,59,338,1061.093220338983,65.0
20266,1.0,607,2026-01-05T05:10,COMPLETA,4656.2417,1196.0,767.0,136.0,384.0,1,0.6666666666666666,2,0,0,59,338,1061.093220338983,65.0
20266,1.0,608,2026-01-05T05:20,COMPLETA,4768.523,1196.0,767.0,136.0,384.0,1,0.6666666666666666,2,0,0,59,338,1061.093220338983,65.0
20266,1.0,609,2026-01-05T05:30,COMPLETA,4580.5862,1196.0,767.0,136.0,384.0,1,0.6666666666666666,2,0,0,59,338,1061.093220338983,65.0
20266,1.0,610,2026-01-05T05:40,COMPLETA,4797.0791,1196.0,767.0,136.0,384.0,1,0.6666666666666666,2,0,0,59,338,1061.093220338983,65.0
20266,1.0,611,2026-01-05T05:50,COMPLETA,4597.698,1468.1666666666667,767.0,158.0,537.0,2,0.4166666666666667,3,0,0,59,338,1061.093220338983,65.0
20266,1.0,612,2026-01-05T06:00,COMPLETA,5365.0802,1468.1666666666667,767.0,158.0,537.0,2,0.4166666666666667,3,0,0,59,338,1061.093220338983,65.0
20266,1.0,613,2026-01-05T06:10,COMPLETA,5032.0453,1468.1666666666667,767.0,158.0,537.0,2,0.4166666666666667,3,0,0,59,338,1061.093220338983,65.0
20266,1.0,614,2026-01-05T06:20,COMPLETA,4644.8993,1468.1666666666667,767.0,158.0,537.0,2,0.4166666666666667,3,0,0,59,338,1061.093220338983,65.0
20266,1.0,615,2026-01-05T06:30,COMPLETA,4686.1036,1468.1666666666667,767.0,158.0,537.0,2,0.4166666666666667,3,0,0,59,338,1061.093220338983,65.0
20266,1.0,616,2026-01-05T06:40,COMPLETA,4722.7195,1468.1666666666667,767.0,158.0,537.0,2,0.4166666666666667,3,0,0,59,338,1061.093220338983,65.0
20266,1.0,617,2026-01-05T06:50,COMPLETA,4844.3818,1468.1666666666667,767.0,158.0,537.0,2,0.4166666666666667,3,0,0,59,338,1061.093220338983,65.0
20266,1.0,618,2026-01-05T07:00,COMPLETA,5111.6232,1468.1666666666667,767.0,158.0,537.0,2,0.4166666666666667,3,0,2,59,338,1061.093220338983,65.0
20266,1.0,619,2026-01-05T07:10,SIN_DEMANDA,0,,,,,,,0,0,0,59,338,1061.093220338983,65.0
20266,1.0,620,2026-01-05T07:20,SIN_DEMANDA,0,,,,,,,0,0,0,59,338,1061.093220338983,65.0
20266,1.0,621,2026-01-05T07:30,SIN_DEMANDA,0,,,,,,,0,0,0,59,338,1061.093220338983,65.0
20266,1.0,622,2026-01-05T07:40,SIN_DEMANDA,0,,,,,,,0,0,0,59,338,1061.093220338983,65.0
20266,1.0,623,2026-01-05T07:50,SIN_DEMANDA,0,,,,,,,0,0,0,59,338,1061.093220338983,65.0
20266,1.0,624,2026-01-05T08:00,SIN_DEMANDA,0,,,,,,,0,0,0,59,338,1061.093220338983,65.0
20266,1.0,625,2026-01-05T08:10,SIN_DEMANDA,0,,,,,,,0,0,0,59,338,1061.093220338983,65.0
20266,1.0,626,2026-01-05T08:20,COMPLETA,1487.859,371.0,371.0,60.0,210.0,1,0.041666666666666664,1,0,1,60,342,1076.95,65.0
20266,1.0,627,2026-01-05T08:30,SIN_DEMANDA,0,,,,,,,0,0,0,60,342,1076.95,65.0
20266,1.0,628,2026-01-05T08:40,COMPLETA,2200.3637,288.0,288.0,60.0,223.0,1,0.20833333333333334,1,0,0,60,342,1076.95,65.0
20266,1.0,629,2026-01-05T08:50,COMPLETA,2636.3014,288.0,288.0,60.0,223.0,1,0.20833333333333334,1,0,0,60,342,1076.95,65.0
20266,1.0,630,2026-01-05T09:00,COMPLETA,2729.8694,288.0,288.0,60.0,223.0,1,0.20833333333333334,1,0,0,60,342,1076.95,65.0
20266,1.0,631,2026-01-05T09:10,COMPLETA,2543.5087,288.0,288.0,60.0,223.0,1,0.20833333333333334,1,0,0,60,342,1076.95,65.0
20266,1.0,632,2026-01-05T09:20,COMPLETA,2517.2679,288.0,288.0,80.0,180.0,1,0.20833333333333334,1,0,0,60,342,1076.95,65.0
20266,1.0,633,2026-01-05T09:30,COMPLETA,2292.0836,288.0,288.0,80.0,180.0,1,0.20833333333333334,1,0,1,61,351,1071.8688524590164,65.0
20266,1.0,634,2026-01-05T09:40,COMPLETA,2916.7058,551.0,551.0,104.0,276.0,1,0.4166666666666667,1,0,0,61,351,1071.8688524590164,65.0
20266,1.0,635,2026-01-05T09:50,COMPLETA,3328.0556,551.0,551.0,104.0,276.0,1,0.4166666666666667,1,0,0,61,351,1071.8688524590164,65.0
20266,1.0,636,2026-01-05T10:00,COMPLETA,3539.6388,551.0,551.0,104.0,276.0,1,0.4166666666666667,1,0,0,61,351,1071.8688524590164,65.0
20266,1.0,637,2026-01-05T10:10,COMPLETA,3374.8049,551.0,551.0,104.0,276.0,1,0.4166666666666667,1,0,0,62,352,1060.5645161290322,65.0
20266,1.0,638,2026-01-05T10:20,COMPLETA,3291.3162,551.0,551.0,104.0,276.0,1,0.4166666666666667,1,0,0,62,352,1060.5645161290322,65.0
20266,1.0,639,2026-01-05T10:30,COMPLETA,3709.1849,551.0,551.0,104.0,276.0,1,0.4166666666666667,1,0,0,62,352,1060.5645161290322,65.0
20266,1.0,640,2026-01-05T10:40,COMPLETA,3472.83,551.0,551.0,104.0,276.0,1,0.4166666666666667,1,0,0,62,352,1060.5645161290322,65.0
20266,1.0,641,2026-01-05T10:50,COMPLETA,4680.5198,1560.1666666666667,551.0,186.0,519.0,3,0.20833333333333334,3,0,2,62,352,1060.5645161290322,65.0
20266,1.0,642,2026-01-05T11:00,COMPLETA,3290.5982,551.0,551.0,104.0,276.0,1,0.4166666666666667,1,0,0,62,352,1060.5645161290322,65.0
20266,1.0,643,2026-01-05T11:10,COMPLETA,3455.6676,551.0,551.0,104.0,276.0,1,0.4166666666666667,1,0,0,62,352,1060.5645161290322,65.0
20266,1.0,644,2026-01-05T11:20,COMPLETA,3438.0014,551.0,551.0,104.0,276.0,1,0.4166666666666667,1,0,0,62,352,1060.5645161290322,65.0
20266,1.0,645,2026-01-05T11:30,COMPLETA,3234.1854,551.0,551.0,104.0,276.0,1,0.4166666666666667,1,0,0,62,352,1060.5645161290322,65.0
20266,1.0,646,2026-01-05T11:40,COMPLETA,2963.7303,551.0,551.0,104.0,276.0,1,0.4166666666666667,1,0,0,62,352,1060.5645161290322,65.0
20266,1.0,647,2026-01-05T11:50,COMPLETA,2619.6107,551.0,551.0,104.0,276.0,1,0.4166666666666667,1,0,0,63,357,1048.3015873015872,65.0
20266,1.0,648,2026-01-05T12:00,COMPLETA,2700.3163,551.0,551.0,104.0,276.0,1,0.4166666666666667,1,0,0,65,368,1073.1153846153845,65.0
20266,1.0,649,2026-01-05T12:10,COMPLETA,2733.992,551.0,551.0,104.0,276.0,1,0.4166666666666667,1,0,0,65,368,1073.1153846153845,65.0
20266,1.0,650,2026-01-05T12:20,COMPLETA,2769.9734,551.0,551.0,104.0,276.0,1,0.4166666666666667,1,0,0,65,368,1073.1153846153845,65.0
20266,1.0,651,2026-01-05T12:30,COMPLETA,2602.5418,551.0,551.0,104.0,276.0,1,0.4166666666666667,1,0,0,65,368,1073.1153846153845,65.0
20266,1.0,652,2026-01-05T12:40,COMPLETA,2601.6862,551.0,551.0,104.0,276.0,1,0.4166666666666667,1,0,0,65,368,1073.1153846153845,65.0
20266,1.0,653,2026-01-05T12:50,COMPLETA,2622.0243,551.0,551.0,104.0,276.0,1,0.4166666666666667,1,0,0,66,369,1087.840909090909,65.0
20266,1.0,654,2026-01-05T13:00,COMPLETA,2720.0045,551.0,551.0,104.0,276.0,1,0.4166666666666667,1,0,0,66,369,1087.840909090909,65.0
20266,1.0,655,2026-01-05T13:10,COMPLETA,2409.7598,551.0,551.0,104.0,276.0,1,0.4166666666666667,1,0,0,66,369,1087.840909090909,65.0
20266,1.0,656,2026-01-05T13:20,COMPLETA,2657.6278,551.0,551.0,104.0,276.0,1,0.4166666666666667,1,0,0,66,369,1087.840909090909,65.0
20266,1.0,657,2026-01-05T13:30,COMPLETA,2562.2129,551.0,551.0,104.0,276.0,1,0.4166666666666667,1,0,0,66,369,1087.840909090909,65.0
20266,1.0,658,2026-01-05T13:40,COMPLETA,2633.3578,551.0,551.0,104.0,276.0,1,0.4166666666666667,1,0,0,66,369,1087.840909090909,65.0
20266,1.0,659,2026-01-05T13:50,COMPLETA,2908.5565,551.0,551.0,104.0,276.0,1,0.4166666666666667,1,0,0,66,369,1087.840909090909,65.0
20266,1.0,660,2026-01-05T14:00,COMPLETA,3582.5526,551.0,551.0,104.0,276.0,1,0.4166666666666667,1,0,0,66,369,1087.840909090909,65.0
20266,1.0,661,2026-01-05T14:10,COMPLETA,3814.0528,551.0,551.0,104.0,276.0,1,0.4166666666666667,1,0,0,66,369,1087.840909090909,65.0
20266,1.0,662,2026-01-05T14:20,COMPLETA,3347.016,551.0,551.0,104.0,276.0,1,0.4166666666666667,1,0,0,66,369,1087.840909090909,65.0
20266,1.0,663,2026-01-05T14:30,COMPLETA,3577.4626,551.0,551.0,104.0,276.0,1,0.4166666666666667,1,0,0,66,369,1087.840909090909,65.0
20266,1.0,664,2026-01-05T14:40,COMPLETA,3454.8213,551.0,551.0,104.0,276.0,1,0.4166666666666667,1,0,0,66,369,1087.840909090909,65.0
20266,1.0,665,2026-01-05T14:50,COMPLETA,3360.9237,551.0,551.0,104.0,276.0,1,0.4166666666666667,1,0,0,66,369,1087.840909090909,65.0
20266,1.0,666,2026-01-05T15:00,COMPLETA,3286.6221,551.0,551.0,104.0,276.0,1,0.4166666666666667,1,0,1,66,369,1087.840909090909,65.0
20266,1.0,667,2026-01-05T15:10,SIN_DEMANDA,0,,,,,,,0,0,0,66,369,1087.840909090909,65.0
20266,1.0,668,2026-01-05T15:20,SIN_DEMANDA,0,,,,,,,0,0,0,66,369,1087.840909090909,65.0
20266,1.0,669,2026-01-05T15:30,COMPLETA,1479.6955,2062.0,2062.0,36.0,174.0,1,0.08333333333333333,1,0,1,66,369,1087.840909090909,65.0
20266,1.0,670,2026-01-05T15:40,SIN_DEMANDA,0,,,,,,,0,0,0,66,369,1087.840909090909,65.0
20266,1.0,671,2026-01-05T15:50,COMPLETA,3078.7627,365.0,365.0,50.0,195.0,1,0.4166666666666667,1,0,0,66,369,1087.840909090909,65.0
20266,1.0,672,2026-01-05T16:00,COMPLETA,3138.0063,365.0,365.0,50.0,195.0,1,0.4166666666666667,1,0,0,66,369,1087.840909090909,65.0
20266,1.0,673,2026-01-05T16:10,COMPLETA,3023.3316,365.0,365.0,50.0,195.0,1,0.4166666666666667,1,0,0,66,369,1087.840909090909,65.0
20266,1.0,674,2026-01-05T16:20,COMPLETA,2994.6567,365.0,365.0,50.0,195.0,1,0.4166666666666667,1,0,0,66,369,1087.840909090909,65.0
20266,1.0,675,2026-01-05T16:30,COMPLETA,3073.3341,365.0,365.0,50.0,195.0,1,0.4166666666666667,1,0,0,66,369,1087.840909090909,65.0
20266,1.0,676,2026-01-05T16:40,COMPLETA,3044.2058,365.0,365.0,50.0,195.0,1,0.4166666666666667,1,0,0,66,369,1087.840909090909,65.0
20266,1.0,677,2026-01-05T16:50,COMPLETA,3382.9144,365.0,365.0,50.0,195.0,1,0.4166666666666667,1,0,0,66,369,1087.840909090909,65.0
20266,1.0,678,2026-01-05T17:00,COMPLETA,4159.355,653.75,365.0,116.0,354.0,2,0.3125,2,0,1,67,371,1102.3805970149253,65.0
20266,1.0,679,2026-01-05T17:10,COMPLETA,3222.6611,365.0,365.0,50.0,195.0,1,0.4166666666666667,1,0,0,67,371,1102.3805970149253,65.0
20266,1.0,680,2026-01-05T17:20,COMPLETA,3151.3641,365.0,365.0,50.0,195.0,1,0.4166666666666667,1,0,0,67,371,1102.3805970149253,65.0
20266,1.0,681,2026-01-05T17:30,COMPLETA,3116.3731,365.0,365.0,50.0,195.0,1,0.4166666666666667,1,0,0,67,371,1102.3805970149253,65.0
20266,1.0,682,2026-01-05T17:40,COMPLETA,3230.4563,365.0,365.0,50.0,195.0,1,0.4166666666666667,1,0,0,67,371,1102.3805970149253,65.0
20266,1.0,683,2026-01-05T17:50,COMPLETA,3179.4735,365.0,365.0,50.0,195.0,1,0.4166666666666667,1,0,0,67,371,1102.3805970149253,65.0
20266,1.0,684,2026-01-05T18:00,COMPLETA,3433.8813,365.0,365.0,50.0,195.0,1,0.4166666666666667,1,0,0,67,371,1102.3805970149253,65.0
20266,1.0,685,2026-01-05T18:10,COMPLETA,3277.5885,365.0,365.0,50.0,195.0,1,0.4166666666666667,1,0,0,67,371,1102.3805970149253,65.0
20266,1.0,686,2026-01-05T18:20,COMPLETA,3308.5496,365.0,365.0,50.0,195.0,1,0.4166666666666667,1,0,0,67,371,1102.3805970149253,65.0
20266,1.0,687,2026-01-05T18:30,COMPLETA,3587.1912,365.0,365.0,50.0,195.0,1,0.4166666666666667,1,0,0,68,381,1094.2720588235295,65.0
20266,1.0,688,2026-01-05T18:40,COMPLETA,2766.7909,365.0,365.0,50.0,195.0,1,0.4166666666666667,1,0,0,68,381,1094.2720588235295,65.0
20266,1.0,689,2026-01-05T18:50,COMPLETA,3453.2332,365.0,365.0,50.0,195.0,1,0.4166666666666667,1,0,0,68,381,1094.2720588235295,65.0
20266,1.0,690,2026-01-05T19:00,COMPLETA,3194.0663,365.0,365.0,50.0,195.0,1,0.4166666666666667,1,0,0,68,381,1094.2720588235295,65.0
20266,1.0,691,2026-01-05T19:10,COMPLETA,3775.7144,253.75,142.5,100.0,330.0,2,0.2708333333333333,2,0,1,68,381,1094.2720588235295,65.0
20266,1.0,692,2026-01-05T19:20,COMPLETA,3634.6506,536.0,365.0,148.0,522.0,3,0.2361111111111111,2,0,0,69,386,1092.072463768116,65.0
20266,1.0,693,2026-01-05T19:30,COMPLETA,3609.6222,536.0,365.0,148.0,462.0,3,0.2361111111111111,2,0,2,69,386,1092.072463768116,65.0
20266,1.0,694,2026-01-05T19:40,COMPLETA,1375.474,970.0,970.0,28.0,102.0,1,0.125,1,0,1,69,386,1092.072463768116,65.0
20266,1.0,695,2026-01-05T19:50,SIN_DEMANDA,0,,,,,,,0,0,0,69,386,1092.072463768116,65.0
20266,1.0,696,2026-01-05T20:00,SIN_DEMANDA,0,,,,,,,0,0,0,69,386,1092.072463768116,65.0
20266,1.0,697,2026-01-05T20:10,SIN_DEMANDA,0,,,,,,,0,0,0,69,386,1092.072463768116,65.0
20266,1.0,698,2026-01-05T20:20,COMPLETA,1267.5568,392.0,392.0,32.0,108.0,1,0.125,1,0,1,69,386,1092.072463768116,65.0
20266,1.0,699,2026-01-05T20:30,SIN_DEMANDA,0,,,,,,,0,0,0,69,386,1092.072463768116,65.0
20266,1.0,700,2026-01-05T20:40,SIN_DEMANDA,0,,,,,,,0,0,0,69,386,1092.072463768116,65.0
20266,1.0,701,2026-01-05T20:50,COMPLETA,2100.7711,279.0,279.0,8.0,132.0,1,0.25,1,0,0,70,389,1078.5071428571428,65.0
20266,1.0,702,2026-01-05T21:00,COMPLETA,3293.7944,220.25,161.5,30.0,225.0,2,0.20833333333333334,2,0,1,70,393,1078.5071428571428,65.0
20266,1.0,703,2026-01-05T21:10,COMPLETA,2550.8459,279.0,279.0,8.0,132.0,1,0.25,1,0,0,71,396,1076.9788732394366,65.0
20266,1.0,704,2026-01-05T21:20,COMPLETA,2473.1021,279.0,279.0,8.0,132.0,1,0.25,1,0,0,71,396,1076.9788732394366,65.0
20266,1.0,705,2026-01-05T21:30,COMPLETA,2703.0765,279.0,279.0,8.0,132.0,1,0.25,1,0,0,71,396,1076.9788732394366,65.0
20266,1.0,706,2026-01-05T21:40,COMPLETA,2644.3436,279.0,279.0,8.0,132.0,1,0.25,1,0,0,71,396,1076.9788732394366,65.0
20266,1.0,707,2026-01-05T21:50,COMPLETA,2416.5285,279.0,279.0,8.0,132.0,1,0.25,1,0,0,73,409,1057.8424657534247,65.0
20266,1.0,708,2026-01-05T22:00,COMPLETA,2550.5792,279.0,279.0,8.0,132.0,1,0.25,1,0,0,73,409,1057.8424657534247,65.0
20266,1.0,709,2026-01-05T22:10,COMPLETA,2712.0475,279.0,279.0,8.0,132.0,1,0.25,1,0,0,73,409,1057.8424657534247,65.0
20266,1.0,710,2026-01-05T22:20,COMPLETA,2628.126,279.0,279.0,8.0,132.0,1,0.25,1,0,0,74,413,1045.7297297297298,65.0
20266,1.0,711,2026-01-05T22:30,COMPLETA,2622.4037,279.0,279.0,8.0,132.0,1,0.25,1,0,0,74,413,1045.7297297297298,65.0
20266,1.0,712,2026-01-05T22:40,COMPLETA,3857.9012,1168.25,279.0,26.0,279.0,2,0.14583333333333334,2,0,0,74,413,1045.7297297297298,65.0
20266,1.0,713,2026-01-05T22:50,COMPLETA,3812.196,1168.25,279.0,26.0,279.0,2,0.14583333333333334,2,0,0,74,413,1045.7297297297298,65.0
20266,1.0,714,2026-01-05T23:00,COMPLETA,3589.9764,1168.25,279.0,26.0,279.0,2,0.14583333333333334,2,0,2,74,413,1045.7297297297298,65.0
20266,1.0,715,2026-01-05T23:10,SIN_DEMANDA,0,,,,,,,0,0,0,74,413,1045.7297297297298,65.0
20266,1.0,716,2026-01-05T23:20,SIN_DEMANDA,0,,,,,,,0,0,0,74,413,1045.7297297297298,65.0
20266,1.0,717,2026-01-05T23:30,SIN_DEMANDA,0,,,,,,,0,0,0,74,413,1045.7297297297298,65.0
20266,1.0,718,2026-01-05T23:40,SIN_DEMANDA,0,,,,,,,0,0,0,74,413,1045.7297297297298,65.0
20266,1.0,719,2026-01-05T23:50,SIN_DEMANDA,0,,,,,,,0,0,0,74,413,1045.7297297297298,65.0
20266,1.0,720,2026-01-06T00:00,SIN_DEMANDA,0,,,,,,,0,0,0,74,413,1045.7297297297298,65.0
20266,1.0,721,2026-01-06T00:10,SIN_DEMANDA,0,,,,,,,0,0,0,75,419,1035.5066666666667,65.0
20266,1.0,722,2026-01-06T00:20,SIN_DEMANDA,0,,,,,,,0,0,0,76,420,1048.953947368421,65.0
20266,1.0,723,2026-01-06T00:30,SIN_DEMANDA,0,,,,,,,0,0,0,76,420,1048.953947368421,65.0
20266,1.0,724,2026-01-06T00:40,SIN_DEMANDA,0,,,,,,,0,0,0,76,420,1048.953947368421,65.0
20266,1.0,725,2026-01-06T00:50,COMPLETA,1625.1924,149.0,149.0,32.0,168.0,1,0.041666666666666664,1,0,1,76,420,1048.953947368421,65.0
20266,1.0,726,2026-01-06T01:00,SIN_DEMANDA,0,,,,,,,0,0,0,76,420,1048.953947368421,65.0
20266,1.0,727,2026-01-06T01:10,COMPLETA,2509.9131,339.5,339.5,72.0,168.0,1,0.20833333333333334,1,0,1,76,420,1048.953947368421,65.0
20266,1.0,728,2026-01-06T01:20,SIN_DEMANDA,0,,,,,,,0,0,0,76,420,1048.953947368421,65.0
20266,1.0,729,2026-01-06T01:30,SIN_DEMANDA,0,,,,,,,0,0,0,76,420,1048.953947368421,65.0
20266,1.0,730,2026-01-06T01:40,SIN_DEMANDA,0,,,,,,,0,0,0,76,420,1048.953947368421,65.0
20266,1.0,731,2026-01-06T01:50,SIN_DEMANDA,0,,,,,,,0,0,0,76,420,1048.953947368421,65.0
20266,1.0,732,2026-01-06T02:00,SIN_DEMANDA,0,,,,,,,0,0,0,76,420,1048.953947368421,65.0
20266,1.0,733,2026-01-06T02:10,SIN_DEMANDA,0,,,,,,,0,0,0,76,420,1048.953947368421,65.0
20266,1.0,734,2026-01-06T02:20,SIN_DEMANDA,0,,,,,,,0,0,0,77,421,1037.2662337662337,65.0
20266,1.0,735,2026-01-06T02:30,SIN_DEMANDA,0,,,,,,,0,0,0,77,421,1037.2662337662337,65.0
20266,1.0,736,2026-01-06T02:40,COMPLETA,1362.0312,2052.5,2052.5,54.0,141.0,1,0.16666666666666666,1,0,1,77,421,1037.2662337662337,65.0
20266,1.0,737,2026-01-06T02:50,SIN_DEMANDA,0,,,,,,,0,0,0,77,421,1037.2662337662337,65.0
20266,1.0,738,2026-01-06T03:00,SIN_DEMANDA,0,,,,,,,0,0,0,77,421,1037.2662337662337,65.0
20266,1.0,739,2026-01-06T03:10,SIN_DEMANDA,0,,,,,,,0,0,0,77,421,1037.2662337662337,65.0
20266,1.0,740,2026-01-06T03:20,SIN_DEMANDA,0,,,,,,,0,0,0,77,421,1037.2662337662337,65.0
20266,1.0,741,2026-01-06T03:30,COMPLETA,3565.9368,1756.0,1756.0,100.0,270.0,1,0.375,1,0,0,78,426,1028.320512820513,65.0
20266,1.0,742,2026-01-06T03:40,COMPLETA,3271.4722,1756.0,1756.0,100.0,270.0,1,0.375,1,0,0,78,426,1028.320512820513,65.0
20266,1.0,743,2026-01-06T03:50,COMPLETA,3294.046,1756.0,1756.0,100.0,270.0,1,0.375,1,0,0,78,426,1028.320512820513,65.0
20266,1.0,744,2026-01-06T04:00,COMPLETA,3020.0363,1756.0,1756.0,100.0,270.0,1,0.375,1,0,0,78,426,1028.320512820513,65.0
20266,1.0,745,2026-01-06T04:10,COMPLETA,3438.7481,1756.0,1756.0,100.0,270.0,1,0.375,1,0,0,78,426,1028.320512820513,65.0
20266,1.0,746,2026-01-06T04:20,COMPLETA,3281.1934,1756.0,1756.0,100.0,270.0,1,0.375,1,0,0,78,426,1028.320512820513,65.0
20266,1.0,747,2026-01-06T04:30,COMPLETA,4024.0695,1824.5,1756.0,176.0,504.0,2,0.20833333333333334,2,0,0,79,430,1041.2848101265822,65.0
20266,1.0,748,2026-01-06T04:40,COMPLETA,4097.678,1824.5,1756.0,176.0,504.0,2,0.20833333333333334,2,0,0,79,430,1041.2848101265822,65.0
20266,1.0,749,2026-01-06T04:50,COMPLETA,4480.7364,1790.5,1722.5,222.0,633.0,2,0.3333333333333333,3,0,0,79,430,1041.2848101265822,65.0
20266,1.0,750,2026-01-06T05:00,COMPLETA,4541.0115,1790.5,1722.5,222.0,633.0,2,0.3333333333333333,3,0,0,79,430,1041.2848101265822,65.0
20266,1.0,751,2026-01-06T05:10,COMPLETA,4452.5764,1790.5,1722.5,222.0,633.0,2,0.3333333333333333,3,0,0,79,430,1041.2848101265822,65.0
20266,1.0,752,2026-01-06T05:20,COMPLETA,4525.0859,1790.5,1722.5,222.0,633.0,2,0.3333333333333333,3,0,0,79,430,1041.2848101265822,65.0
20266,1.0,753,2026-01-06T05:30,COMPLETA,4663.6889,1790.5,1722.5,222.0,633.0,2,0.3333333333333333,3,0,0,79,430,1041.2848101265822,65.0
20266,1.0,754,2026-01-06T05:40,COMPLETA,4734.647,1790.5,1722.5,222.0,633.0,2,0.3333333333333333,3,0,0,79,430,1041.2848101265822,65.0
20266,1.0,755,2026-01-06T05:50,COMPLETA,4886.9235,1790.5,1722.5,222.0,633.0,2,0.3333333333333333,3,0,0,79,430,1041.2848101265822,65.0
20266,1.0,756,2026-01-06T06:00,COMPLETA,4361.1614,1790.5,1722.5,222.0,633.0,2,0.3333333333333333,3,0,0,79,430,1041.2848101265822,65.0
20266,1.0,757,2026-01-06T06:10,COMPLETA,4577.9533,1790.5,1722.5,222.0,633.0,2,0.3333333333333333,3,0,0,79,430,1041.2848101265822,65.0
20266,1.0,758,2026-01-06T06:20,COMPLETA,4608.6762,1790.5,1722.5,222.0,633.0,2,0.3333333333333333,3,0,0,79,430,1041.2848101265822,65.0
20266,1.0,759,2026-01-06T06:30,COMPLETA,4316.673,1790.5,1722.5,222.0,633.0,2,0.3333333333333333,3,0,0,79,430,1041.2848101265822,65.0
20266,1.0,760,2026-01-06T06:40,COMPLETA,4473.3174,1790.5,1722.5,222.0,633.0,2,0.3333333333333333,3,0,0,79,430,1041.2848101265822,65.0
20266,1.0,761,2026-01-06T06:50,COMPLETA,4887.2527,1790.5,1722.5,222.0,633.0,2,0.3333333333333333,3,0,0,79,430,1041.2848101265822,65.0
20266,1.0,762,2026-01-06T07:00,COMPLETA,4421.8986,1790.5,1722.5,222.0,633.0,2,0.3333333333333333,3,0,2,79,430,1041.2848101265822,65.0
20266,1.0,763,2026-01-06T07:10,SIN_DEMANDA,0,,,,,,,0,0,0,79,430,1041.2848101265822,65.0
20266,1.0,764,2026-01-06T07:20,SIN_DEMANDA,0,,,,,,,0,0,0,79,430,1041.2848101265822,65.0
20266,1.0,765,2026-01-06T07:30,COMPLETA,1500.0181,2067.5,2067.5,42.0,183.0,1,0.125,1,0,1,79,430,1041.2848101265822,65.0
20266,1.0,766,2026-01-06T07:40,SIN_DEMANDA,0,,,,,,,0,0,0,79,430,1041.2848101265822,65.0
20266,1.0,767,2026-01-06T07:50,SIN_DEMANDA,0,,,,,,,0,0,0,79,430,1041.2848101265822,65.0
20266,1.0,768,2026-01-06T08:00,SIN_DEMANDA,0,,,,,,,0,0,0,79,430,1041.2848101265822,65.0
20266,1.0,769,2026-01-06T08:10,SIN_DEMANDA,0,,,,,,,0,0,0,79,430,1041.2848101265822,65.0
20266,1.0,770,2026-01-06T08:20,COMPLETA,1385.9841,2079.0,2079.0,28.0,162.0,1,0.041666666666666664,1,0,1,79,430,1041.2848101265822,65.0
20266,1.0,771,2026-01-06T08:30,SIN_DEMANDA,0,,,,,,,0,0,0,79,430,1041.2848101265822,65.0
20266,1.0,772,2026-01-06T08:40,SIN_DEMANDA,0,,,,,,,0,0,0,79,430,1041.2848101265822,65.0
20266,1.0,773,2026-01-06T08:50,SIN_DEMANDA,0,,,,,,,0,0,0,79,430,1041.2848101265822,65.0
20266,1.0,774,2026-01-06T09:00,COMPLETA,2127.8957,127.5,127.5,58.0,147.0,1,0.25,1,0,1,80,431,1051.93125,65.0
20266,1.0,775,2026-01-06T09:10,SIN_DEMANDA,0,,,,,,,0,0,0,81,434,1064.469135802469,65.0
20266,1.0,776,2026-01-06T09:20,COMPLETA,3096.3742,50.0,50.0,28.0,162.0,1,0.375,1,0,0,81,434,1064.469135802469,65.0
20266,1.0,777,2026-01-06T09:30,COMPLETA,3336.1011,50.0,50.0,28.0,162.0,1,0.375,1,0,0,81,434,1064.469135802469,65.0
20266,1.0,778,2026-01-06T09:40,COMPLETA,3708.7734,50.0,50.0,28.0,162.0,1,0.375,1,0,0,81,434,1064.469135802469,65.0
20266,1.0,779,2026-01-06T09:50,COMPLETA,3078.4286,50.0,50.0,28.0,162.0,1,0.375,1,0,0,82,435,1076.841463414634,65.0
20266,1.0,780,2026-01-06T10:00,COMPLETA,2997.453,50.0,50.0,28.0,162.0,1,0.375,1,0,0,82,435,1076.841463414634,65.0
20266,1.0,781,2026-01-06T10:10,COMPLETA,3018.6319,50.0,50.0,28.0,162.0,1,0.375,1,0,0,83,444,1085.0240963855422,65.0
20266,1.0,782,2026-01-06T10:20,COMPLETA,2899.1471,50.0,50.0,28.0,162.0,1,0.375,1,0,0,83,444,1085.0240963855422,65.0
20266,1.0,783,2026-01-06T10:30,COMPLETA,3251.0985,50.0,50.0,28.0,162.0,1,0.375,1,0,0,83,444,1085.0240963855422,65.0
20266,1.0,784,2026-01-06T10:40,COMPLETA,3091.2332,50.0,50.0,28.0,162.0,1,0.375,1,0,0,83,444,1085.0240963855422,65.0
20266,1.0,785,2026-01-06T10:50,COMPLETA,3084.8207,50.0,50.0,28.0,162.0,1,0.375,1,0,0,84,450,1073.625,65.0
20266,1.0,786,2026-01-06T11:00,COMPLETA,4641.815,216.5,50.0,76.0,294.0,2,0.25,2,0,1,84,450,1073.625,65.0
20266,1.0,787,2026-01-06T11:10,COMPLETA,3159.1929,50.0,50.0,28.0,162.0,1,0.375,1,0,0,84,450,1073.625,65.0
20266,1.0,788,2026-01-06T11:20,COMPLETA,2915.9181,50.0,50.0,28.0,162.0,1,0.375,1,0,0,84,450,1073.625,65.0
20266,1.0,789,2026-01-06T11:30,COMPLETA,3074.2732,50.0,50.0,28.0,162.0,1,0.375,1,0,0,84,450,1073.625,65.0
20266,1.0,790,2026-01-06T11:40,COMPLETA,3282.8807,50.0,50.0,28.0,162.0,1,0.375,1,0,0,84,450,1073.625,65.0
20266,1.0,791,2026-01-06T11:50,COMPLETA,3420.1767,50.0,50.0,28.0,162.0,1,0.375,1,0,0,84,450,1073.625,65.0
20266,1.0,792,2026-01-06T12:00,COMPLETA,2836.4692,50.0,50.0,28.0,162.0,1,0.375,1,0,0,84,450,1073.625,65.0
20266,1.0,793,2026-01-06T12:10,COMPLETA,3507.3795,50.0,50.0,28.0,162.0,1,0.375,1,0,0,85,456,1081.2588235294118,65.0
20266,1.0,794,2026-01-06T12:20,COMPLETA,3218.6392,50.0,50.0,28.0,162.0,1,0.375,1,0,0,85,456,1081.2588235294118,65.0
20266,1.0,795,2026-01-06T12:30,COMPLETA,3356.2675,50.0,50.0,28.0,162.0,1,0.375,1,0,0,85,456,1081.2588235294118,65.0
20266,1.0,796,2026-01-06T12:40,COMPLETA,4550.6422,981.25,50.0,86.0,369.0,2,0.22916666666666666,2,0,0,86,459,1073.139534883721,65.0
20266,1.0,797,2026-01-06T12:50,COMPLETA,4562.6533,705.5,50.0,114.0,471.0,3,0.16666666666666666,3,0,1,86,459,1073.139534883721,65.0
20266,1.0,798,2026-01-06T13:00,COMPLETA,4101.8326,981.25,50.0,86.0,369.0,2,0.22916666666666666,2,0,0,86,459,1073.139534883721,65.0
20266,1.0,799,2026-01-06T13:10,COMPLETA,3860.9237,981.25,50.0,86.0,369.0,2,0.22916666666666666,2,0,0,86,459,1073.139534883721,65.0
20266,1.0,800,2026-01-06T13:20,COMPLETA,4244.0989,981.25,50.0,86.0,369.0,2,0.22916666666666666,2,0,0,86,459,1073.139534883721,65.0
20266,1.0,801,2026-01-06T13:30,COMPLETA,4166.0632,981.25,50.0,86.0,369.0,2,0.22916666666666666,2,0,0,86,459,1073.139534883721,65.0
20266,1.0,802,2026-01-06T13:40,COMPLETA,4566.0483,981.25,50.0,86.0,369.0,2,0.22916666666666666,2,0,0,86,459,1073.139534883721,65.0
20266,1.0,803,2026-01-06T13:50,COMPLETA,4575.9362,981.25,50.0,86.0,369.0,2,0.22916666666666666,2,0,0,86,459,1073.139534883721,65.0
20266,1.0,804,2026-01-06T14:00,COMPLETA,4420.8039,981.25,50.0,86.0,369.0,2,0.22916666666666666,2,0,0,86,459,1073.139534883721,65.0
20266,1.0,805,2026-01-06T14:10,COMPLETA,4343.5544,981.25,50.0,86.0,369.0,2,0.22916666666666666,2,0,0,86,459,1073.139534883721,65.0
20266,1.0,806,2026-01-06T14:20,COMPLETA,4461.1449,981.25,50.0,86.0,369.0,2,0.22916666666666666,2,0,0,87,460,1062.5747126436781,65.0
20266,1.0,807,2026-01-06T14:30,COMPLETA,4978.3985,778.6666666666666,50.0,100.0,595.5,3,0.16666666666666666,3,0,0,87,460,1062.5747126436781,65.0
20266,1.0,808,2026-01-06T14:40,COMPLETA,4973.7374,615.0,50.0,144.0,781.5,4,0.20833333333333334,4,0,0,87,460,1062.5747126436781,65.0
20266,1.0,809,2026-01-06T14:50,COMPLETA,4873.4927,615.0,50.0,144.0,781.5,4,0.20833333333333334,4,0,0,87,460,1062.5747126436781,65.0
20266,1.0,810,2026-01-06T15:00,COMPLETA,5224.4232,615.0,50.0,144.0,781.5,4,0.20833333333333334,4,0,4,87,460,1062.5747126436781,65.0
20266,1.0,811,2026-01-06T15:10,SIN_DEMANDA,0,,,,,,,0,0,0,87,460,1062.5747126436781,65.0
20266,1.0,812,2026-01-06T15:20,SIN_DEMANDA,0,,,,,,,0,0,0,87,460,1062.5747126436781,65.0
20266,1.0,813,2026-01-06T15:30,SIN_DEMANDA,0,,,,,,,0,0,0,87,460,1062.5747126436781,65.0
20266,1.0,814,2026-01-06T15:40,SIN_DEMANDA,0,,,,,,,0,0,0,87,460,1062.5747126436781,65.0
20266,1.0,815,2026-01-06T15:50,COMPLETA,1807.783,405.0,405.0,20.0,150.0,1,0.125,1,0,1,87,460,1062.5747126436781,65.0
20266,1.0,816,2026-01-06T16:00,SIN_DEMANDA,0,,,,,,,0,0,0,87,460,1062.5747126436781,65.0
20266,1.0,817,2026-01-06T16:10,SIN_DEMANDA,0,,,,,,,0,0,0,87,460,1062.5747126436781,65.0
20266,1.0,818,2026-01-06T16:20,SIN_DEMANDA,0,,,,,,,0,0,0,88,461,1054.7443181818182,65.0
20266,1.0,819,2026-01-06T16:30,SIN_DEMANDA,0,,,,,,,0,0,0,89,470,1043.4550561797753,50.0
20266,1.0,820,2026-01-06T16:40,COMPLETA,3163.7496,230.0,230.0,86.0,275.5,1,0.4166666666666667,1,0,0,90,478,1033.2388888888888,50.0
20266,1.0,821,2026-01-06T16:50,COMPLETA,3277.5207,230.0,230.0,86.0,275.5,1,0.4166666666666667,1,0,0,91,480,1042.901098901099,50.0
20266,1.0,822,2026-01-06T17:00,COMPLETA,3141.596,230.0,230.0,86.0,275.5,1,0.4166666666666667,1,0,0,91,480,1042.901098901099,50.0
20266,1.0,823,2026-01-06T17:10,COMPLETA,3230.2432,230.0,230.0,86.0,275.5,1,0.4166666666666667,1,0,0,92,483,1035.9673913043478,50.0
20266,1.0,824,2026-01-06T17:20,COMPLETA,3200.475,230.0,230.0,86.0,275.5,1,0.4166666666666667,1,0,0,92,483,1035.9673913043478,50.0
20266,1.0,825,2026-01-06T17:30,COMPLETA,3466.1745,230.0,230.0,86.0,275.5,1,0.4166666666666667,1,0,0,92,483,1035.9673913043478,50.0
20266,1.0,826,2026-01-06T17:40,COMPLETA,3463.1873,230.0,230.0,86.0,189.0,1,0.4166666666666667,1,0,0,92,483,1035.9673913043478,50.0
20266,1.0,827,2026-01-06T17:50,COMPLETA,3225.2792,230.0,230.0,86.0,189.0,1,0.4166666666666667,1,0,0,92,483,1035.9673913043478,50.0
20266,1.0,828,2026-01-06T18:00,COMPLETA,4531.2768,179.75,129.5,152.0,348.0,2,0.25,2,0,2,92,483,1035.9673913043478,50.0
20266,1.0,829,2026-01-06T18:10,SIN_DEMANDA,0,,,,,,,0,0,0,92,483,1035.9673913043478,50.0
20266,1.0,830,2026-01-06T18:20,SIN_DEMANDA,0,,,,,,,0,0,0,92,483,1035.9673913043478,50.0
20266,1.0,831,2026-01-06T18:30,SIN_DEMANDA,0,,,,,,,0,0,0,92,483,1035.9673913043478,50.0
20266,1.0,832,2026-01-06T18:40,SIN_DEMANDA,0,,,,,,,0,0,0,92,483,1035.9673913043478,50.0
20266,1.0,833,2026-01-06T18:50,SIN_DEMANDA,0,,,,,,,0,0,0,92,483,1035.9673913043478,50.0
20266,1.0,834,2026-01-06T19:00,SIN_DEMANDA,0,,,,,,,0,0,0,92,483,1035.9673913043478,50.0
20266,1.0,835,2026-01-06T19:10,SIN_DEMANDA,0,,,,,,,0,0,0,92,483,1035.9673913043478,50.0
20266,1.0,836,2026-01-06T19:20,SIN_DEMANDA,0,,,,,,,0,0,0,92,483,1035.9673913043478,50.0
20266,1.0,837,2026-01-06T19:30,SIN_DEMANDA,0,,,,,,,0,0,0,92,483,1035.9673913043478,50.0
20266,1.0,838,2026-01-06T19:40,SIN_DEMANDA,0,,,,,,,0,0,0,92,483,1035.9673913043478,50.0
20266,1.0,839,2026-01-06T19:50,COMPLETA,3147.7683,179.0,179.0,42.0,183.0,1,0.375,1,0,0,93,485,1026.220430107527,50.0
20266,1.0,840,2026-01-06T20:00,COMPLETA,2973.7633,179.0,179.0,42.0,183.0,1,0.375,1,0,0,93,485,1026.220430107527,50.0
20266,1.0,841,2026-01-06T20:10,COMPLETA,3467.8325,179.0,179.0,42.0,183.0,1,0.375,1,0,0,93,485,1026.220430107527,50.0
20266,1.0,842,2026-01-06T20:20,COMPLETA,3312.8693,179.0,179.0,42.0,183.0,1,0.375,1,0,0,93,485,1026.220430107527,50.0
20266,1.0,843,2026-01-06T20:30,COMPLETA,3355.4956,179.0,179.0,42.0,183.0,1,0.375,1,0,0,93,485,1026.220430107527,50.0
20266,1.0,844,2026-01-06T20:40,COMPLETA,3331.355,179.0,179.0,42.0,183.0,1,0.375,1,0,0,93,485,1026.220430107527,50.0
20266,1.0,845,2026-01-06T20:50,COMPLETA,3470.2402,179.0,179.0,42.0,183.0,1,0.375,1,0,0,94,495,1017.75,50.0
20266,1.0,846,2026-01-06T21:00,COMPLETA,3240.4942,179.0,179.0,42.0,183.0,1,0.375,1,0,0,94,495,1017.75,50.0
20266,1.0,847,2026-01-06T21:10,COMPLETA,3350.5085,179.0,179.0,42.0,183.0,1,0.375,1,0,0,94,495,1017.75,50.0
20266,1.0,848,2026-01-06T21:20,COMPLETA,4306.0027,343.25,179.0,100.0,390.0,2,0.20833333333333334,2,0,0,94,495,1017.75,50.0
20266,1.0,849,2026-01-06T21:30,COMPLETA,4492.6477,343.25,179.0,100.0,390.0,2,0.20833333333333334,2,0,0,94,495,1017.75,50.0
20266,1.0,850,2026-01-06T21:40,COMPLETA,4863.5158,343.25,179.0,100.0,390.0,2,0.20833333333333334,2,0,0,94,495,1017.75,50.0
20266,1.0,851,2026-01-06T21:50,COMPLETA,4897.8479,343.25,179.0,100.0,390.0,2,0.20833333333333334,2,0,0,94,495,1017.75,50.0
20266,1.0,852,2026-01-06T22:00,COMPLETA,5085.8039,343.25,179.0,100.0,390.0,2,0.20833333333333334,2,0,0,94,495,1017.75,50.0
20266,1.0,853,2026-01-06T22:10,COMPLETA,5118.1189,343.25,179.0,100.0,390.0,2,0.20833333333333334,2,0,0,94,495,1017.75,50.0
20266,1.0,854,2026-01-06T22:20,COMPLETA,5566.2231,343.25,179.0,100.0,390.0,2,0.20833333333333334,2,0,0,94,495,1017.75,50.0
20266,1.0,855,2026-01-06T22:30,COMPLETA,5707.5094,343.25,179.0,100.0,390.0,2,0.20833333333333334,2,0,0,94,495,1017.75,50.0
20266,1.0,856,2026-01-06T22:40,COMPLETA,5804.0798,357.1666666666667,179.0,116.0,534.0,3,0.18055555555555555,3,0,0,94,495,1017.75,50.0
20266,1.0,857,2026-01-06T22:50,COMPLETA,4946.9614,357.1666666666667,179.0,116.0,534.0,3,0.18055555555555555,3,0,0,94,495,1017.75,50.0
20266,1.0,858,2026-01-06T23:00,COMPLETA,4702.451,357.1666666666667,179.0,116.0,534.0,3,0.18055555555555555,3,0,3,94,495,1017.75,50.0
20266,1.0,859,2026-01-06T23:10,SIN_DEMANDA,0,,,,,,,0,0,0,94,495,1017.75,50.0
20266,1.0,860,2026-01-06T23:20,SIN_DEMANDA,0,,,,,,,0,0,0,94,495,1017.75,50.0
20266,1.0,861,2026-01-06T23:30,SIN_DEMANDA,0,,,,,,,0,0,0,94,495,1017.75,50.0
20266,1.0,862,2026-01-06T23:40,SIN_DEMANDA,0,,,,,,,0,0,0,94,495,1017.75,50.0
20266,1.0,863,2026-01-06T23:50,SIN_DEMANDA,0,,,,,,,0,0,0,94,495,1017.75,50.0
20266,1.0,864,2026-01-07T00:00,SIN_DEMANDA,0,,,,,,,0,0,0,94,495,1017.75,50.0
20266,1.0,865,2026-01-07T00:10,SIN_DEMANDA,0,,,,,,,0,0,0,94,495,1017.75,50.0
20266,1.0,866,2026-01-07T00:20,SIN_DEMANDA,0,,,,,,,0,0,0,95,498,1011.0894736842105,50.0
20266,1.0,867,2026-01-07T00:30,SIN_DEMANDA,0,,,,,,,0,0,0,95,498,1011.0894736842105,50.0
20266,1.0,868,2026-01-07T00:40,SIN_DEMANDA,0,,,,,,,0,0,0,95,498,1011.0894736842105,50.0
20266,1.0,869,2026-01-07T00:50,COMPLETA,1512.6315,601.5,601.5,78.0,237.0,1,0.16666666666666666,1,0,1,97,508,997.319587628866,50.0
20266,1.0,870,2026-01-07T01:00,COMPLETA,2515.7374,247.5,247.5,94.0,261.0,1,0.25,1,0,0,97,508,997.319587628866,50.0
20266,1.0,871,2026-01-07T01:10,COMPLETA,2647.756,247.5,247.5,94.0,261.0,1,0.25,1,0,0,97,508,997.319587628866,50.0
20266,1.0,872,2026-01-07T01:20,COMPLETA,2470.7523,247.5,247.5,94.0,261.0,1,0.25,1,0,0,97,508,997.319587628866,50.0
20266,1.0,873,2026-01-07T01:30,COMPLETA,2424.9818,247.5,247.5,94.0,261.0,1,0.25,1,0,0,97,508,997.319587628866,50.0
20266,1.0,874,2026-01-07T01:40,COMPLETA,2321.6255,247.5,247.5,94.0,261.0,1,0.25,1,0,0,97,508,997.319587628866,50.0
20266,1.0,875,2026-01-07T01:50,COMPLETA,2392.3485,247.5,247.5,94.0,201.0,1,0.25,1,0,0,97,508,997.319587628866,50.0
20266,1.0,876,2026-01-07T02:00,COMPLETA,2386.3911,247.5,247.5,94.0,201.0,1,0.25,1,0,1,97,508,997.319587628866,50.0
20266,1.0,877,2026-01-07T02:10,SIN_DEMANDA,0,,,,,,,0,0,0,97,508,997.319587628866,50.0
20266,1.0,878,2026-01-07T02:20,SIN_DEMANDA,0,,,,,,,0,0,0,97,508,997.319587628866,50.0
20266,1.0,879,2026-01-07T02:30,SIN_DEMANDA,0,,,,,,,0,0,0,97,508,997.319587628866,50.0
20266,1.0,880,2026-01-07T02:40,COMPLETA,2332.317,20.5,20.5,122.0,303.0,1,0.20833333333333334,1,0,0,97,508,997.319587628866,50.0
20266,1.0,881,2026-01-07T02:50,COMPLETA,2256.2621,20.5,20.5,122.0,303.0,1,0.20833333333333334,1,0,0,98,512,993.280612244898,50.0
20266,1.0,882,2026-01-07T03:00,COMPLETA,2351.4377,20.5,20.5,122.0,303.0,1,0.20833333333333334,1,0,0,98,512,993.280612244898,50.0
20266,1.0,883,2026-01-07T03:10,COMPLETA,2354.288,20.5,20.5,122.0,303.0,1,0.20833333333333334,1,0,0,98,512,993.280612244898,50.0
20266,1.0,884,2026-01-07T03:20,COMPLETA,2712.8143,20.5,20.5,122.0,303.0,1,0.20833333333333334,1,0,0,98,512,993.280612244898,50.0
20266,1.0,885,2026-01-07T03:30,COMPLETA,2101.7818,20.5,20.5,122.0,303.0,1,0.20833333333333334,1,0,0,98,512,993.280612244898,50.0
20266,1.0,886,2026-01-07T03:40,COMPLETA,1873.6574,20.5,20.5,122.0,303.0,1,0.20833333333333334,1,0,0,98,512,993.280612244898,50.0
20266,1.0,887,2026-01-07T03:50,COMPLETA,2122.7324,20.5,20.5,122.0,303.0,1,0.20833333333333334,1,0,0,98,512,993.280612244898,50.0
20266,1.0,888,2026-01-07T04:00,COMPLETA,2032.153,20.5,20.5,122.0,303.0,1,0.20833333333333334,1,0,0,98,512,993.280612244898,50.0
20266,1.0,889,2026-01-07T04:10,COMPLETA,2816.4839,1055.0,20.5,136.0,384.0,2,0.1875,2,0,1,98,512,993.280612244898,50.0
20266,1.0,890,2026-01-07T04:20,COMPLETA,2044.711,20.5,20.5,122.0,303.0,1,0.20833333333333334,1,0,0,98,512,993.280612244898,50.0
20266,1.0,891,2026-01-07T04:30,COMPLETA,1987.4739,20.5,20.5,122.0,303.0,1,0.20833333333333334,1,0,0,98,512,993.280612244898,50.0
20266,1.0,892,2026-01-07T04:40,COMPLETA,2714.1871,326.0,20.5,148.0,402.0,2,0.16666666666666666,2,0,1,98,512,993.280612244898,50.0
20266,1.0,893,2026-01-07T04:50,COMPLETA,1920.2755,20.5,20.5,122.0,303.0,1,0.20833333333333334,1,0,0,98,512,993.280612244898,50.0
20266,1.0,894,2026-01-07T05:00,COMPLETA,1993.2609,20.5,20.5,122.0,303.0,1,0.20833333333333334,1,0,0,99,518,985.7474747474747,50.0
20266,1.0,895,2026-01-07T05:10,COMPLETA,1925.3711,20.5,20.5,122.0,303.0,1,0.20833333333333334,1,0,0,99,518,985.7474747474747,50.0
20266,1.0,896,2026-01-07T05:20,COMPLETA,2004.8815,20.5,20.5,122.0,303.0,1,0.20833333333333334,1,0,0,99,518,985.7474747474747,50.0
20266,1.0,897,2026-01-07T05:30,COMPLETA,1947.5518,20.5,20.5,122.0,303.0,1,0.20833333333333334,1,0,0,100,522,996.785,50.0
20266,1.0,898,2026-01-07T05:40,COMPLETA,2109.2459,20.5,20.5,122.0,303.0,1,0.20833333333333334,1,0,0,100,522,996.785,50.0
20266,1.0,899,2026-01-07T05:50,COMPLETA,1800.1057,20.5,20.5,122.0,303.0,1,0.20833333333333334,1,0,0,100,522,996.785,50.0
20266,1.0,900,2026-01-07T06:00,COMPLETA,1948.8947,20.5,20.5,122.0,303.0,1,0.20833333333333334,1,0,0,101,525,993.1683168316831,50.0
20266,1.0,901,2026-01-07T06:10,COMPLETA,1926.1673,20.5,20.5,122.0,303.0,1,0.20833333333333334,1,0,0,101,525,993.1683168316831,50.0
20266,1.0,902,2026-01-07T06:20,COMPLETA,1904.288,20.5,20.5,122.0,303.0,1,0.20833333333333334,1,0,0,101,525,993.1683168316831,50.0
20266,1.0,903,2026-01-07T06:30,COMPLETA,1989.0215,20.5,20.5,122.0,303.0,1,0.20833333333333334,1,0,0,101,525,993.1683168316831,50.0
20266,1.0,904,2026-01-07T06:40,COMPLETA,1710.9967,20.5,20.5,122.0,303.0,1,0.20833333333333334,1,0,0,101,525,993.1683168316831,50.0
20266,1.0,905,2026-01-07T06:50,COMPLETA,2130.1234,20.5,20.5,122.0,303.0,1,0.20833333333333334,1,0,0,101,525,993.1683168316831,50.0
20266,1.0,906,2026-01-07T07:00,COMPLETA,1951.8625,20.5,20.5,122.0,303.0,1,0.20833333333333334,1,0,1,101,525,993.1683168316831,50.0
20266,1.0,907,2026-01-07T07:10,SIN_DEMANDA,0,,,,,,,0,0,0,101,525,993.1683168316831,50.0
20266,1.0,908,2026-01-07T07:20,SIN_DEMANDA,0,,,,,,,0,0,0,101,525,993.1683168316831,50.0
20266,1.0,909,2026-01-07T07:30,SIN_DEMANDA,0,,,,,,,0,0,0,101,525,993.1683168316831,50.0
20266,1.0,910,2026-01-07T07:40,SIN_DEMANDA,0,,,,,,,0,0,0,101,525,993.1683168316831,50.0
20266,1.0,911,2026-01-07T07:50,SIN_DEMANDA,0,,,,,,,0,0,0,101,525,993.1683168316831,50.0
20266,1.0,912,2026-01-07T08:00,COMPLETA,1970.4846,1590.5,1590.5,68.0,222.0,1,0.25,1,0,0,101,525,993.1683168316831,50.0
20266,1.0,913,2026-01-07T08:10,COMPLETA,2037.6575,1590.5,1590.5,68.0,222.0,1,0.25,1,0,0,101,525,993.1683168316831,50.0
20266,1.0,914,2026-01-07T08:20,COMPLETA,1787.9737,1590.5,1590.5,68.0,222.0,1,0.25,1,0,0,101,525,993.1683168316831,50.0
20266,1.0,915,2026-01-07T08:30,COMPLETA,1975.3551,1590.5,1590.5,68.0,222.0,1,0.25,1,0,0,101,525,993.1683168316831,50.0
20266,1.0,916,2026-01-07T08:40,COMPLETA,4281.8422,1557.75,1525.0,108.0,342.0,1,0.4583333333333333,2,0,0,101,525,993.1683168316831,50.0
20266,1.0,917,2026-01-07T08:50,COMPLETA,4747.2433,1557.75,1525.0,108.0,342.0,1,0.4583333333333333,2,0,0,101,525,993.1683168316831,50.0
20266,1.0,918,2026-01-07T09:00,COMPLETA,4695.6201,1557.75,1525.0,108.0,342.0,1,0.4583333333333333,2,0,0,101,525,993.1683168316831,50.0
20266,1.0,919,2026-01-07T09:10,COMPLETA,4529.43,1557.75,1525.0,108.0,342.0,1,0.4583333333333333,2,0,0,101,525,993.1683168316831,50.0
20266,1.0,920,2026-01-07T09:20,COMPLETA,5183.8426,1729.5,1525.0,146.0,459.0,2,0.2708333333333333,3,0,1,101,525,993.1683168316831,50.0
20266,1.0,921,2026-01-07T09:30,COMPLETA,5169.2495,1557.75,1525.0,108.0,342.0,1,0.4583333333333333,2,0,0,101,525,993.1683168316831,50.0
20266,1.0,922,2026-01-07T09:40,COMPLETA,5496.4974,1557.75,1525.0,108.0,342.0,1,0.4583333333333333,2,0,0,101,525,993.1683168316831,50.0
20266,1.0,923,2026-01-07T09:50,COMPLETA,5152.0903,1557.75,1525.0,108.0,342.0,1,0.4583333333333333,2,0,0,101,525,993.1683168316831,50.0
20266,1.0,924,2026-01-07T10:00,COMPLETA,4909.9024,1557.75,1525.0,108.0,342.0,1,0.4583333333333333,2,0,0,101,525,993.1683168316831,50.0
20266,1.0,925,2026-01-07T10:10,COMPLETA,4920.3882,1557.75,1525.0,108.0,342.0,1,0.4583333333333333,2,0,0,101,525,993.1683168316831,50.0
20266,1.0,926,2026-01-07T10:20,COMPLETA,5280.8771,1557.75,1525.0,108.0,342.0,1,0.4583333333333333,2,0,0,102,530,983.6323529411765,20.5
20266,1.0,927,2026-01-07T10:30,COMPLETA,4917.1749,1557.75,1525.0,108.0,342.0,1,0.4583333333333333,2,0,0,102,530,983.6323529411765,20.5
20266,1.0,928,2026-01-07T10:40,COMPLETA,4826.7219,1557.75,1525.0,108.0,342.0,1,0.4583333333333333,2,0,0,102,530,983.6323529411765,20.5
20266,1.0,929,2026-01-07T10:50,COMPLETA,5295.6803,1704.1666666666667,1624.0,180.0,510.0,2,0.3333333333333333,3,0,1,103,532,994.2087378640776,20.5
20266,1.0,930,2026-01-07T11:00,COMPLETA,4751.8602,1636.0,1624.0,112.0,348.0,1,0.4166666666666667,2,0,0,103,532,994.2087378640776,20.5
20266,1.0,931,2026-01-07T11:10,COMPLETA,4490.0712,1636.0,1624.0,112.0,348.0,1,0.4166666666666667,2,0,0,103,532,994.2087378640776,20.5
20266,1.0,932,2026-01-07T11:20,COMPLETA,4807.6974,1636.0,1624.0,112.0,348.0,1,0.4166666666666667,2,0,0,103,532,994.2087378640776,20.5
20266,1.0,933,2026-01-07T11:30,COMPLETA,4498.9128,1636.0,1624.0,112.0,348.0,1,0.4166666666666667,2,0,0,103,532,994.2087378640776,20.5
20266,1.0,934,2026-01-07T11:40,COMPLETA,4236.0982,1783.6666666666667,1624.0,128.0,432.0,2,0.2916666666666667,3,0,1,103,532,994.2087378640776,20.5
20266,1.0,935,2026-01-07T11:50,COMPLETA,4134.7552,1636.0,1624.0,112.0,348.0,1,0.4166666666666667,2,0,0,103,532,994.2087378640776,20.5
20266,1.0,936,2026-01-07T12:00,COMPLETA,4029.0924,1636.0,1624.0,112.0,348.0,1,0.4166666666666667,2,0,0,103,532,994.2087378640776,20.5
20266,1.0,937,2026-01-07T12:10,COMPLETA,4311.7615,1636.0,1624.0,112.0,348.0,1,0.4166666666666667,2,0,0,103,532,994.2087378640776,20.5
20266,1.0,938,2026-01-07T12:20,COMPLETA,4232.4392,1636.0,1624.0,112.0,348.0,1,0.4166666666666667,2,0,0,103,532,994.2087378640776,20.5
20266,1.0,939,2026-01-07T12:30,COMPLETA,4174.0411,1636.0,1624.0,112.0,348.0,1,0.4166666666666667,2,0,0,103,532,994.2087378640776,20.5
20266,1.0,940,2026-01-07T12:40,COMPLETA,4430.3074,1711.8333333333333,1618.0,172.0,558.0,2,0.3958333333333333,3,0,0,103,532,994.2087378640776,20.5
20266,1.0,941,2026-01-07T12:50,COMPLETA,4038.0484,1711.8333333333333,1618.0,172.0,558.0,2,0.3958333333333333,3,0,0,103,532,994.2087378640776,20.5
20266,1.0,942,2026-01-07T13:00,COMPLETA,4325.8196,1711.8333333333333,1618.0,172.0,558.0,2,0.3958333333333333,3,0,0,104,536,1004.6394230769231,20.5
20266,1.0,943,2026-01-07T13:10,COMPLETA,4254.6062,1711.8333333333333,1618.0,172.0,558.0,2,0.3958333333333333,3,0,0,104,536,1004.6394230769231,20.5
20266,1.0,944,2026-01-07T13:20,COMPLETA,3926.5231,1711.8333333333333,1618.0,172.0,558.0,2,0.3958333333333333,3,0,0,105,542,1012.6,20.5
20266,1.0,945,2026-01-07T13:30,COMPLETA,3710.387,1711.8333333333333,1618.0,172.0,558.0,2,0.3958333333333333,3,0,0,105,542,1012.6,20.5
20266,1.0,946,2026-01-07T13:40,COMPLETA,4179.7215,1711.8333333333333,1618.0,172.0,558.0,2,0.3958333333333333,3,0,0,105,542,1012.6,20.5
20266,1.0,947,2026-01-07T13:50,COMPLETA,4549.8716,1711.8333333333333,1618.0,172.0,558.0,2,0.3958333333333333,3,0,0,105,542,1012.6,20.5
20266,1.0,948,2026-01-07T14:00,COMPLETA,4599.9314,1711.8333333333333,1618.0,172.0,558.0,2,0.3958333333333333,3,0,0,105,542,1012.6,20.5
20266,1.0,949,2026-01-07T14:10,COMPLETA,4859.9671,1711.8333333333333,1618.0,172.0,558.0,2,0.3958333333333333,3,0,0,105,542,1012.6,20.5
20266,1.0,950,2026-01-07T14:20,COMPLETA,4498.0922,1711.8333333333333,1618.0,172.0,558.0,2,0.3958333333333333,3,0,0,105,542,1012.6,20.5
20266,1.0,951,2026-01-07T14:30,COMPLETA,4095.6948,1315.5,126.5,194.0,711.0,3,0.2916666666666667,4,0,0,105,542,1012.6,20.5
20266,1.0,952,2026-01-07T14:40,COMPLETA,4082.9884,1315.5,126.5,194.0,711.0,3,0.2916666666666667,4,0,0,105,542,1012.6,20.5
20266,1.0,953,2026-01-07T14:50,COMPLETA,4596.2808,1076.2,119.0,236.0,894.0,4,0.3229166666666667,5,0,0,105,542,1012.6,20.5
20266,1.0,954,2026-01-07T15:00,COMPLETA,4407.2714,1076.2,119.0,236.0,894.0,4,0.3229166666666667,5,0,4,105,542,1012.6,20.5
20266,1.0,955,2026-01-07T15:10,SIN_DEMANDA,0,,,,,,,0,0,0,105,542,1012.6,20.5
20266,1.0,956,2026-01-07T15:20,SIN_DEMANDA,0,,,,,,,0,0,0,105,542,1012.6,20.5
20266,1.0,957,2026-01-07T15:30,SIN_DEMANDA,0,,,,,,,0,0,0,105,542,1012.6,20.5
20266,1.0,958,2026-01-07T15:40,SIN_DEMANDA,0,,,,,,,0,0,0,105,542,1012.6,20.5
20266,1.0,959,2026-01-07T15:50,SIN_DEMANDA,0,,,,,,,0,0,0,105,542,1012.6,20.5
20266,1.0,960,2026-01-07T16:00,SIN_DEMANDA,0,,,,,,,0,0,0,105,542,1012.6,20.5
20266,1.0,961,2026-01-07T16:10,SIN_DEMANDA,0,,,,,,,0,0,0,105,542,1012.6,20.5
20266,1.0,962,2026-01-07T16:20,SIN_DEMANDA,0,,,,,,,0,0,0,106,544,1004.2405660377359,20.5
20266,1.0,963,2026-01-07T16:30,SIN_DEMANDA,0,,,,,,,0,0,0,107,549,1010.6214953271028,20.5
20266,1.0,964,2026-01-07T16:40,SIN_DEMANDA,0,,,,,,,0,0,0,107,549,1010.6214953271028,20.5
20266,1.0,965,2026-01-07T16:50,SIN_DEMANDA,0,,,,,,,0,0,0,107,549,1010.6214953271028,20.5
20266,1.0,966,2026-01-07T17:00,SIN_DEMANDA,0,,,,,,,0,0,0,108,559,1002.3657407407408,20.5
20266,1.0,967,2026-01-07T17:10,SIN_DEMANDA,0,,,,,,,0,0,0,108,559,1002.3657407407408,20.5
20266,1.0,968,2026-01-07T17:20,SIN_DEMANDA,0,,,,,,,0,0,0,108,559,1002.3657407407408,20.5
20266,1.0,969,2026-01-07T17:30,SIN_DEMANDA,0,,,,,,,0,0,0,108,559,1002.3657407407408,20.5
20266,1.0,970,2026-01-07T17:40,SIN_DEMANDA,0,,,,,,,0,0,0,108,559,1002.3657407407408,20.5
20266,1.0,971,2026-01-07T17:50,SIN_DEMANDA,0,,,,,,,0,0,0,108,559,1002.3657407407408,20.5
20266,1.0,972,2026-01-07T18:00,SIN_DEMANDA,0,,,,,,,0,0,0,108,559,1002.3657407407408,20.5
20266,1.0,973,2026-01-07T18:10,SIN_DEMANDA,0,,,,,,,0,0,0,109,568,1009.9633027522935,20.5
20266,1.0,974,2026-01-07T18:20,COMPLETA,2041.2755,628.5,628.5,82.0,246.5,1,0.3333333333333333,1,0,0,109,568,1009.9633027522935,20.5
20266,1.0,975,2026-01-07T18:30,COMPLETA,1971.0637,628.5,628.5,82.0,246.5,1,0.3333333333333333,1,0,0,109,568,1009.9633027522935,20.5
20266,1.0,976,2026-01-07T18:40,COMPLETA,1956.5801,628.5,628.5,82.0,246.5,1,0.3333333333333333,1,0,0,109,568,1009.9633027522935,20.5
20266,1.0,977,2026-01-07T18:50,COMPLETA,2193.7665,628.5,628.5,82.0,246.5,1,0.3333333333333333,1,0,0,109,568,1009.9633027522935,20.5
20266,1.0,978,2026-01-07T19:00,COMPLETA,1909.918,628.5,628.5,82.0,246.5,1,0.3333333333333333,1,0,0,109,568,1009.9633027522935,20.5
20266,1.0,979,2026-01-07T19:10,COMPLETA,2077.276,628.5,628.5,82.0,246.5,1,0.3333333333333333,1,0,0,109,568,1009.9633027522935,20.5
20266,1.0,980,2026-01-07T19:20,COMPLETA,2033.5838,628.5,628.5,82.0,246.5,1,0.3333333333333333,1,0,0,109,568,1009.9633027522935,20.5
20266,1.0,981,2026-01-07T19:30,COMPLETA,2006.2301,628.5,628.5,82.0,246.5,1,0.3333333333333333,1,0,0,109,568,1009.9633027522935,20.5
20266,1.0,982,2026-01-07T19:40,COMPLETA,1962.5033,628.5,628.5,82.0,246.5,1,0.3333333333333333,1,0,0,109,568,1009.9633027522935,20.5
20266,1.0,983,2026-01-07T19:50,COMPLETA,3791.2698,1177.25,550.5,94.0,324.5,1,0.7083333333333334,2,0,0,109,568,1009.9633027522935,20.5
20266,1.0,984,2026-01-07T20:00,COMPLETA,3893.067,1177.25,550.5,94.0,324.5,1,0.7083333333333334,2,0,0,110,573,1015.4909090909091,20.5
20266,1.0,985,2026-01-07T20:10,COMPLETA,3804.8507,836.5,155.0,126.0,432.5,2,0.375,3,0,1,110,573,1015.4909090909091,20.5
20266,1.0,986,2026-01-07T20:20,COMPLETA,3720.768,1475.0,550.5,128.0,435.5,2,0.4375,3,0,1,110,573,1015.4909090909091,20.5
20266,1.0,987,2026-01-07T20:30,COMPLETA,3627.0095,1177.25,550.5,94.0,324.5,1,0.7083333333333334,2,0,0,110,573,1015.4909090909091,20.5
20266,1.0,988,2026-01-07T20:40,COMPLETA,3666.4274,1177.25,550.5,94.0,324.5,1,0.7083333333333334,2,0,0,110,573,1015.4909090909091,20.5
20266,1.0,989,2026-01-07T20:50,COMPLETA,3500.105,1177.25,550.5,94.0,324.5,1,0.7083333333333334,2,0,0,110,573,1015.4909090909091,20.5
20266,1.0,990,2026-01-07T21:00,COMPLETA,3536.9625,1177.25,550.5,94.0,324.5,1,0.7083333333333334,2,0,0,110,573,1015.4909090909091,20.5
20266,1.0,991,2026-01-07T21:10,COMPLETA,3545.4183,1177.25,550.5,94.0,324.5,1,0.7083333333333334,2,0,0,110,573,1015.4909090909091,20.5
20266,1.0,992,2026-01-07T21:20,COMPLETA,3576.457,1177.25,550.5,94.0,324.5,1,0.7083333333333334,2,0,0,110,573,1015.4909090909091,20.5
20266,1.0,993,2026-01-07T21:30,COMPLETA,3780.9924,1177.25,550.5,94.0,324.5,1,0.7083333333333334,2,0,0,110,573,1015.4909090909091,20.5
20266,1.0,994,2026-01-07T21:40,COMPLETA,4566.7311,1177.25,550.5,94.0,324.5,1,0.7083333333333334,2,0,0,111,574,1007.7387387387388,20.5
20266,1.0,995,2026-01-07T21:50,COMPLETA,4142.9632,804.3333333333334,58.5,142.0,516.5,2,0.4166666666666667,3,0,0,112,578,1017.2276785714286,20.5
20266,1.0,996,2026-01-07T22:00,COMPLETA,3978.9098,804.3333333333334,58.5,142.0,516.5,2,0.4166666666666667,3,0,0,112,578,1017.2276785714286,20.5
20266,1.0,997,2026-01-07T22:10,COMPLETA,3670.4703,804.3333333333334,58.5,142.0,516.5,2,0.4166666666666667,3,0,0,112,578,1017.2276785714286,20.5
20266,1.0,998,2026-01-07T22:20,COMPLETA,3734.3767,804.3333333333334,58.5,142.0,516.5,2,0.4166666666666667,3,0,0,112,578,1017.2276785714286,20.5
20266,1.0,999,2026-01-07T22:30,COMPLETA,3701.1909,804.3333333333334,58.5,142.0,516.5,2,0.4166666666666667,3,0,0,112,578,1017.2276785714286,20.5
20266,1.0,1000,2026-01-07T22:40,COMPLETA,3715.8667,804.3333333333334,58.5,142.0,516.5,2,0.4166666666666667,3,0,0,112,578,1017.2276785714286,20.5
20266,1.0,1001,2026-01-07T22:50,COMPLETA,3928.2253,804.3333333333334,58.5,142.0,516.5,2,0.4166666666666667,3,0,0,112,578,1017.2276785714286,20.5
20266,1.0,1002,2026-01-07T23:00,COMPLETA,4316.6002,804.3333333333334,58.5,142.0,516.5,2,0.4166666666666667,3,0,2,112,578,1017.2276785714286,20.5
20266,1.0,1003,2026-01-07T23:10,COMPLETA,1750.387,2036.5,2036.5,70.0,225.0,1,0.041666666666666664,1,0,1,112,578,1017.2276785714286,20.5
20266,1.0,1004,2026-01-07T23:20,SIN_DEMANDA,0,,,,,,,0,0,0,112,578,1017.2276785714286,20.5
20266,1.0,1005,2026-01-07T23:30,SIN_DEMANDA,0,,,,,,,0,0,0,112,578,1017.2276785714286,20.5
20266,1.0,1006,2026-01-07T23:40,SIN_DEMANDA,0,,,,,,,0,0,0,112,578,1017.2276785714286,20.5
20266,1.0,1007,2026-01-07T23:50,SIN_DEMANDA,0,,,,,,,0,0,0,112,578,1017.2276785714286,20.5
20266,1.0,1008,2026-01-08T00:00,SIN_DEMANDA,0,,,,,,,0,0,0,112,578,1017.2276785714286,20.5
20266,1.0,1009,2026-01-08T00:10,SIN_DEMANDA,0,,,,,,,0,0,0,112,578,1017.2276785714286,20.5
20266,1.0,1010,2026-01-08T00:20,SIN_DEMANDA,0,,,,,,,0,0,0,112,578,1017.2276785714286,20.5
20266,1.0,1011,2026-01-08T00:30,SIN_DEMANDA,0,,,,,,,0,0,0,112,578,1017.2276785714286,20.5
20266,1.0,1012,2026-01-08T00:40,SIN_DEMANDA,0,,,,,,,0,0,0,112,578,1017.2276785714286,20.5
20266,1.0,1013,2026-01-08T00:50,SIN_DEMANDA,0,,,,,,,0,0,0,113,581,1008.7433628318585,20.5
20266,1.0,1014,2026-01-08T01:00,SIN_DEMANDA,0,,,,,,,0,0,0,113,581,1008.7433628318585,20.5
20266,1.0,1015,2026-01-08T01:10,SIN_DEMANDA,0,,,,,,,0,0,0,114,582,1017.7587719298245,20.5
20266,1.0,1016,2026-01-08T01:20,SIN_DEMANDA,0,,,,,,,0,0,0,114,582,1017.7587719298245,20.5
20266,1.0,1017,2026-01-08T01:30,SIN_DEMANDA,0,,,,,,,0,0,0,114,582,1017.7587719298245,20.5
20266,1.0,1018,2026-01-08T01:40,SIN_DEMANDA,0,,,,,,,0,0,0,115,591,1024.595652173913,20.5
20266,1.0,1019,2026-01-08T01:50,SIN_DEMANDA,0,,,,,,,0,0,0,115,591,1024.595652173913,20.5
20266,1.0,1020,2026-01-08T02:00,COMPLETA,2506.7471,343.5,343.5,76.0,174.0,1,0.2916666666666667,1,0,1,115,591,1024.595652173913,20.5
20266,1.0,1021,2026-01-08T02:10,SIN_DEMANDA,0,,,,,,,0,0,0,115,591,1024.595652173913,20.5
20266,1.0,1022,2026-01-08T02:20,SIN_DEMANDA,0,,,,,,,0,0,0,115,591,1024.595652173913,20.5
20266,1.0,1023,2026-01-08T02:30,SIN_DEMANDA,0,,,,,,,0,0,0,115,591,1024.595652173913,20.5
20266,1.0,1024,2026-01-08T02:40,SIN_DEMANDA,0,,,,,,,0,0,0,115,591,1024.595652173913,20.5
20266,1.0,1025,2026-01-08T02:50,SIN_DEMANDA,0,,,,,,,0,0,0,115,591,1024.595652173913,20.5
20266,1.0,1026,2026-01-08T03:00,SIN_DEMANDA,0,,,,,,,0,0,0,115,591,1024.595652173913,20.5
20266,1.0,1027,2026-01-08T03:10,SIN_DEMANDA,0,,,,,,,0,0,0,116,599,1020.5086206896551,20.5
20266,1.0,1028,2026-01-08T03:20,SIN_DEMANDA,0,,,,,,,0,0,0,116,599,1020.5086206896551,20.5
20266,1.0,1029,2026-01-08T03:30,SIN_DEMANDA,0,,,,,,,0,0,0,116,599,1020.5086206896551,20.5
20266,1.0,1030,2026-01-08T03:40,SIN_DEMANDA,0,,,,,,,0,0,0,116,599,1020.5086206896551,20.5
20266,1.0,1031,2026-01-08T03:50,SIN_DEMANDA,0,,,,,,,0,0,0,116,599,1020.5086206896551,20.5
20266,1.0,1032,2026-01-08T04:00,SIN_DEMANDA,0,,,,,,,0,0,0,116,599,1020.5086206896551,20.5
20266,1.0,1033,2026-01-08T04:10,SIN_DEMANDA,0,,,,,,,0,0,0,116,599,1020.5086206896551,20.5
20266,1.0,1034,2026-01-08T04:20,SIN_DEMANDA,0,,,,,,,0,0,0,117,606,1014.7222222222222,20.5
20266,1.0,1035,2026-01-08T04:30,SIN_DEMANDA,0,,,,,,,0,0,0,117,606,1014.7222222222222,20.5
20266,1.0,1036,2026-01-08T04:40,SIN_DEMANDA,0,,,,,,,0,0,0,117,606,1014.7222222222222,20.5
20266,1.0,1037,2026-01-08T04:50,SIN_DEMANDA,0,,,,,,,0,0,0,117,606,1014.7222222222222,20.5
20266,1.0,1038,2026-01-08T05:00,SIN_DEMANDA,0,,,,,,,0,0,0,117,606,1014.7222222222222,20.5
20266,1.0,1039,2026-01-08T05:10,SIN_DEMANDA,0,,,,,,,0,0,0,117,606,1014.7222222222222,20.5
20266,1.0,1040,2026-01-08T05:20,SIN_DEMANDA,0,,,,,,,0,0,0,117,606,1014.7222222222222,20.5
20266,1.0,1041,2026-01-08T05:30,SIN_DEMANDA,0,,,,,,,0,0,0,117,606,1014.7222222222222,20.5
20266,1.0,1042,2026-01-08T05:40,COMPLETA,3170.3381,64.0,64.0,36.0,174.0,1,0.375,1,0,0,117,606,1014.7222222222222,20.5
20266,1.0,1043,2026-01-08T05:50,COMPLETA,2757.4285,64.0,64.0,36.0,174.0,1,0.375,1,0,0,117,606,1014.7222222222222,20.5
20266,1.0,1044,2026-01-08T06:00,COMPLETA,3780.794,64.0,64.0,36.0,174.0,1,0.375,1,0,0,117,606,1014.7222222222222,20.5
20266,1.0,1045,2026-01-08T06:10,COMPLETA,3652.0775,64.0,64.0,36.0,174.0,1,0.375,1,0,0,117,606,1014.7222222222222,20.5
20266,1.0,1046,2026-01-08T06:20,COMPLETA,3256.2374,64.0,64.0,36.0,174.0,1,0.375,1,0,0,117,606,1014.7222222222222,20.5
20266,1.0,1047,2026-01-08T06:30,COMPLETA,3330.6145,64.0,64.0,36.0,174.0,1,0.375,1,0,0,117,606,1014.7222222222222,20.5
20266,1.0,1048,2026-01-08T06:40,COMPLETA,4475.3218,1042.75,64.0,106.0,399.0,2,0.20833333333333334,2,0,0,117,606,1014.7222222222222,20.5
20266,1.0,1049,2026-01-08T06:50,COMPLETA,4663.4801,1042.75,64.0,106.0,399.0,2,0.20833333333333334,2,0,0,117,606,1014.7222222222222,20.5
20266,1.0,1050,2026-01-08T07:00,COMPLETA,4665.1154,1042.75,64.0,106.0,399.0,2,0.20833333333333334,2,0,2,117,606,1014.7222222222222,20.5
20266,1.0,1051,2026-01-08T07:10,COMPLETA,2474.4196,1823.0,1823.0,80.0,240.0,1,0.3333333333333333,1,0,0,117,606,1014.7222222222222,20.5
20266,1.0,1052,2026-01-08T07:20,COMPLETA,2320.0415,1823.0,1823.0,80.0,240.0,1,0.3333333333333333,1,0,0,117,606,1014.7222222222222,20.5
20266,1.0,1053,2026-01-08T07:30,COMPLETA,2623.9226,1823.0,1823.0,80.0,240.0,1,0.3333333333333333,1,0,0,117,606,1014.7222222222222,20.5
20266,1.0,1054,2026-01-08T07:40,COMPLETA,2527.7936,1823.0,1823.0,80.0,240.0,1,0.3333333333333333,1,0,0,117,606,1014.7222222222222,20.5
20266,1.0,1055,2026-01-08T07:50,COMPLETA,2560.0261,1823.0,1823.0,80.0,240.0,1,0.3333333333333333,1,0,0,117,606,1014.7222222222222,20.5
20266,1.0,1056,2026-01-08T08:00,COMPLETA,2358.4943,1823.0,1823.0,80.0,240.0,1,0.3333333333333333,1,0,0,117,606,1014.7222222222222,20.5
20266,1.0,1057,2026-01-08T08:10,COMPLETA,2522.931,1823.0,1823.0,80.0,240.0,1,0.3333333333333333,1,0,0,117,606,1014.7222222222222,20.5
20266,1.0,1058,2026-01-08T08:20,COMPLETA,2703.765,1823.0,1823.0,80.0,240.0,1,0.3333333333333333,1,0,0,117,606,1014.7222222222222,20.5
20266,1.0,1059,2026-01-08T08:30,COMPLETA,2872.4473,1823.0,1823.0,80.0,240.0,1,0.3333333333333333,1,0,0,118,615,1006.6652542372881,20.5
20266,1.0,1060,2026-01-08T08:40,COMPLETA,2502.5089,1823.0,1823.0,80.0,240.0,1,0.3333333333333333,1,0,0,118,615,1006.6652542372881,20.5
20266,1.0,1061,2026-01-08T08:50,COMPLETA,2603.0603,1823.0,1823.0,80.0,240.0,1,0.3333333333333333,1,0,0,118,615,1006.6652542372881,20.5
20266,1.0,1062,2026-01-08T09:00,COMPLETA,2773.0598,1823.0,1823.0,80.0,240.0,1,0.3333333333333333,1,0,0,119,616,1015.1932773109244,20.5
20266,1.0,1063,2026-01-08T09:10,COMPLETA,2763.5057,1823.0,1823.0,80.0,240.0,1,0.3333333333333333,1,0,0,119,616,1015.1932773109244,20.5
20266,1.0,1064,2026-01-08T09:20,COMPLETA,3532.9738,1095.25,367.5,150.0,405.0,2,0.1875,2,0,1,119,616,1015.1932773109244,20.5
20266,1.0,1065,2026-01-08T09:30,COMPLETA,2651.9603,1823.0,1823.0,80.0,180.0,1,0.3333333333333333,1,0,0,119,616,1015.1932773109244,20.5
20266,1.0,1066,2026-01-08T09:40,COMPLETA,2499.0763,1823.0,1823.0,80.0,180.0,1,0.3333333333333333,1,0,0,119,616,1015.1932773109244,20.5
20266,1.0,1067,2026-01-08T09:50,COMPLETA,4628.3752,1866.5,1763.0,174.0,441.0,2,0.3125,2,0,1,119,616,1015.1932773109244,20.5
20266,1.0,1068,2026-01-08T10:00,COMPLETA,2680.2744,1517.0,1517.0,80.0,240.0,1,0.3333333333333333,1,0,0,119,616,1015.1932773109244,20.5
20266,1.0,1069,2026-01-08T10:10,COMPLETA,2493.1606,1517.0,1517.0,80.0,240.0,1,0.3333333333333333,1,0,0,119,616,1015.1932773109244,20.5
20266,1.0,1070,2026-01-08T10:20,COMPLETA,2177.4527,1517.0,1517.0,80.0,240.0,1,0.3333333333333333,1,0,0,119,616,1015.1932773109244,20.5
20266,1.0,1071,2026-01-08T10:30,COMPLETA,2673.8008,1517.0,1517.0,80.0,240.0,1,0.3333333333333333,1,0,0,119,616,1015.1932773109244,20.5
20266,1.0,1072,2026-01-08T10:40,COMPLETA,2490.8638,1517.0,1517.0,80.0,240.0,1,0.3333333333333333,1,0,0,119,616,1015.1932773109244,20.5
20266,1.0,1073,2026-01-08T10:50,COMPLETA,2633.2325,1517.0,1517.0,80.0,240.0,1,0.3333333333333333,1,0,0,119,616,1015.1932773109244,20.5
20266,1.0,1074,2026-01-08T11:00,COMPLETA,2287.2061,1517.0,1517.0,80.0,240.0,1,0.3333333333333333,1,0,0,119,616,1015.1932773109244,20.5
20266,1.0,1075,2026-01-08T11:10,COMPLETA,4279.9233,922.25,327.5,160.0,420.0,2,0.2916666666666667,2,0,1,119,616,1015.1932773109244,20.5
20266,1.0,1076,2026-01-08T11:20,COMPLETA,2669.1737,1517.0,1517.0,80.0,240.0,1,0.3333333333333333,1,0,0,120,617,1009.7958333333333,20.5
20266,1.0,1077,2026-01-08T11:30,COMPLETA,2667.4723,1517.0,1517.0,80.0,240.0,1,0.3333333333333333,1,0,0,120,617,1009.7958333333333,20.5
20266,1.0,1078,2026-01-08T11:40,COMPLETA,4877.092,1598.75,1403.0,140.0,390.0,1,0.5416666666666666,2,0,0,120,617,1009.7958333333333,20.5
20266,1.0,1079,2026-01-08T11:50,COMPLETA,4666.5473,1598.75,1403.0,140.0,390.0,1,0.5416666666666666,2,0,0,120,617,1009.7958333333333,20.5
20266,1.0,1080,2026-01-08T12:00,COMPLETA,4246.0836,1598.75,1403.0,140.0,390.0,1,0.5416666666666666,2,0,0,120,617,1009.7958333333333,20.5
20266,1.0,1081,2026-01-08T12:10,COMPLETA,4627.4732,1598.75,1403.0,140.0,390.0,1,0.5416666666666666,2,0,0,120,617,1009.7958333333333,20.5
20266,1.0,1082,2026-01-08T12:20,COMPLETA,4717.3156,1598.75,1403.0,140.0,390.0,1,0.5416666666666666,2,0,0,120,617,1009.7958333333333,20.5
20266,1.0,1083,2026-01-08T12:30,COMPLETA,5083.0309,1598.75,1403.0,140.0,390.0,1,0.5416666666666666,2,0,0,120,617,1009.7958333333333,20.5
20266,1.0,1084,2026-01-08T12:40,COMPLETA,4665.2944,1598.75,1403.0,140.0,390.0,1,0.5416666666666666,2,0,0,120,617,1009.7958333333333,20.5
20266,1.0,1085,2026-01-08T12:50,COMPLETA,4749.3486,1598.75,1403.0,140.0,390.0,1,0.5416666666666666,2,0,0,120,617,1009.7958333333333,20.5
20266,1.0,1086,2026-01-08T13:00,COMPLETA,4951.5813,1598.75,1403.0,140.0,390.0,1,0.5416666666666666,2,0,0,121,624,1017.7314049586777,20.5
20266,1.0,1087,2026-01-08T13:10,COMPLETA,5134.9912,1598.75,1403.0,140.0,390.0,1,0.5416666666666666,2,0,0,121,624,1017.7314049586777,20.5
20266,1.0,1088,2026-01-08T13:20,COMPLETA,4487.2809,1598.75,1403.0,140.0,390.0,1,0.5416666666666666,2,0,0,121,624,1017.7314049586777,20.5
20266,1.0,1089,2026-01-08T13:30,COMPLETA,4561.0493,1598.75,1403.0,140.0,390.0,1,0.5416666666666666,2,0,0,121,624,1017.7314049586777,20.5
20266,1.0,1090,2026-01-08T13:40,COMPLETA,4399.4591,1598.75,1403.0,140.0,390.0,1,0.5416666666666666,2,0,0,121,624,1017.7314049586777,20.5
20266,1.0,1091,2026-01-08T13:50,COMPLETA,4626.1845,1598.75,1403.0,140.0,390.0,1,0.5416666666666666,2,0,0,122,630,1012.0737704918033,20.5
20266,1.0,1092,2026-01-08T14:00,COMPLETA,4375.8263,1598.75,1403.0,140.0,390.0,1,0.5416666666666666,2,0,0,122,630,1012.0737704918033,20.5
20266,1.0,1093,2026-01-08T14:10,COMPLETA,4758.3114,1598.75,1403.0,140.0,390.0,1,0.5416666666666666,2,0,0,122,630,1012.0737704918033,20.5
20266,1.0,1094,2026-01-08T14:20,COMPLETA,4555.2143,1598.75,1403.0,140.0,390.0,1,0.5416666666666666,2,0,0,122,630,1012.0737704918033,20.5
20266,1.0,1095,2026-01-08T14:30,COMPLETA,5823.8214,1089.8333333333333,72.0,222.0,633.0,2,0.4166666666666667,3,0,0,122,630,1012.0737704918033,20.5
20266,1.0,1096,2026-01-08T14:40,COMPLETA,5053.8049,1089.8333333333333,72.0,222.0,633.0,2,0.4166666666666667,3,0,0,122,630,1012.0737704918033,20.5
20266,1.0,1097,2026-01-08T14:50,COMPLETA,4751.6915,1089.8333333333333,72.0,222.0,633.0,2,0.4166666666666667,3,0,0,122,630,1012.0737704918033,20.5
20266,1.0,1098,2026-01-08T15:00,COMPLETA,5061.9021,1089.8333333333333,72.0,222.0,633.0,2,0.4166666666666667,3,0,2,122,630,1012.0737704918033,20.5
20266,1.0,1099,2026-01-08T15:10,SIN_DEMANDA,0,,,,,,,0,0,0,122,630,1012.0737704918033,20.5
20266,1.0,1100,2026-01-08T15:20,SIN_DEMANDA,0,,,,,,,0,0,0,122,630,1012.0737704918033,20.5
20266,1.0,1101,2026-01-08T15:30,SIN_DEMANDA,0,,,,,,,0,0,0,122,630,1012.0737704918033,20.5
20266,1.0,1102,2026-01-08T15:40,SIN_DEMANDA,0,,,,,,,0,0,0,122,630,1012.0737704918033,20.5
20266,1.0,1103,2026-01-08T15:50,SIN_DEMANDA,0,,,,,,,0,0,0,122,630,1012.0737704918033,20.5
20266,1.0,1104,2026-01-08T16:00,SIN_DEMANDA,0,,,,,,,0,0,0,122,630,1012.0737704918033,20.5
20266,1.0,1105,2026-01-08T16:10,COMPLETA,4985.1479,391.25,226.5,68.0,404.5,2,0.25,2,0,0,122,630,1012.0737704918033,20.5
20266,1.0,1106,2026-01-08T16:20,COMPLETA,4742.6131,391.25,226.5,68.0,404.5,2,0.25,2,0,0,122,630,1012.0737704918033,20.5
20266,1.0,1107,2026-01-08T16:30,COMPLETA,4664.4626,391.25,226.5,68.0,404.5,2,0.25,2,0,0,122,630,1012.0737704918033,20.5
20266,1.0,1108,2026-01-08T16:40,COMPLETA,4033.5978,391.25,226.5,68.0,404.5,2,0.25,2,0,0,122,630,1012.0737704918033,20.5
20266,1.0,1109,2026-01-08T16:50,COMPLETA,3889.5077,391.25,226.5,68.0,404.5,2,0.25,2,0,0,122,630,1012.0737704918033,20.5
20266,1.0,1110,2026-01-08T17:00,COMPLETA,3843.5612,391.25,226.5,68.0,404.5,2,0.25,2,0,0,122,630,1012.0737704918033,20.5
20266,1.0,1111,2026-01-08T17:10,COMPLETA,3578.0383,391.25,226.5,68.0,404.5,2,0.25,2,0,0,122,630,1012.0737704918033,20.5
20266,1.0,1112,2026-01-08T17:20,COMPLETA,3677.395,391.25,226.5,68.0,404.5,2,0.25,2,0,0,123,637,1004.430894308943,20.5
20266,1.0,1113,2026-01-08T17:30,COMPLETA,3628.4211,391.25,226.5,68.0,404.5,2,0.25,2,0,0,123,637,1004.430894308943,20.5
20266,1.0,1114,2026-01-08T17:40,COMPLETA,4084.0956,376.0,226.5,78.0,542.5,3,0.2777777777777778,3,0,1,123,637,1004.430894308943,20.5
20266,1.0,1115,2026-01-08T17:50,COMPLETA,4150.094,389.1666666666667,226.5,144.0,578.5,3,0.19444444444444445,3,0,1,124,642,1010.8024193548387,20.5
20266,1.0,1116,2026-01-08T18:00,COMPLETA,3762.1336,391.25,226.5,68.0,404.5,2,0.25,2,0,0,124,642,1010.8024193548387,20.5
20266,1.0,1117,2026-01-08T18:10,COMPLETA,3739.7524,391.25,226.5,68.0,404.5,2,0.25,2,0,0,124,642,1010.8024193548387,20.5
20266,1.0,1118,2026-01-08T18:20,COMPLETA,3457.2812,326.75,97.5,154.0,411.0,2,0.25,2,0,0,124,642,1010.8024193548387,20.5
20266,1.0,1119,2026-01-08T18:30,COMPLETA,3696.0528,326.75,97.5,154.0,411.0,2,0.25,2,0,0,124,642,1010.8024193548387,20.5
20266,1.0,1120,2026-01-08T18:40,COMPLETA,3879.6719,326.75,97.5,154.0,411.0,2,0.25,2,0,0,124,642,1010.8024193548387,20.5
20266,1.0,1121,2026-01-08T18:50,COMPLETA,3612.8701,326.75,97.5,154.0,411.0,2,0.25,2,0,0,124,642,1010.8024193548387,20.5
20266,1.0,1122,2026-01-08T19:00,COMPLETA,3930.1001,326.75,97.5,154.0,411.0,2,0.25,2,0,1,124,642,1010.8024193548387,20.5
20266,1.0,1123,2026-01-08T19:10,COMPLETA,2407.054,556.0,556.0,42.0,183.0,1,0.20833333333333334,1,0,0,124,642,1010.8024193548387,20.5
20266,1.0,1124,2026-01-08T19:20,COMPLETA,4668.2052,1138.25,433.0,84.0,306.0,1,0.4583333333333333,2,0,0,124,642,1010.8024193548387,20.5
20266,1.0,1125,2026-01-08T19:30,COMPLETA,5088.2428,1138.25,433.0,84.0,306.0,1,0.4583333333333333,2,0,0,125,644,1005.796,20.5
20266,1.0,1126,2026-01-08T19:40,COMPLETA,5412.0043,1292.3333333333333,301.0,132.0,438.0,1,0.6666666666666666,3,0,0,126,652,1008.9484126984127,20.5
20266,1.0,1127,2026-01-08T19:50,COMPLETA,4662.1387,1292.3333333333333,301.0,132.0,438.0,1,0.6666666666666666,3,0,0,126,652,1008.9484126984127,20.5
20266,1.0,1128,2026-01-08T20:00,COMPLETA,4179.0478,1292.3333333333333,301.0,132.0,438.0,1,0.6666666666666666,3,0,0,127,660,1003.7244094488188,20.5
20266,1.0,1129,2026-01-08T20:10,COMPLETA,4048.7794,1292.3333333333333,301.0,132.0,438.0,1,0.6666666666666666,3,0,0,127,660,1003.7244094488188,20.5
20266,1.0,1130,2026-01-08T20:20,COMPLETA,4158.9141,1292.3333333333333,301.0,132.0,438.0,1,0.6666666666666666,3,0,0,127,660,1003.7244094488188,20.5
20266,1.0,1131,2026-01-08T20:30,COMPLETA,4789.477,1292.3333333333333,301.0,132.0,438.0,1,0.6666666666666666,3,0,0,127,660,1003.7244094488188,20.5
20266,1.0,1132,2026-01-08T20:40,COMPLETA,5360.4192,1292.3333333333333,301.0,132.0,438.0,1,0.6666666666666666,3,0,0,127,660,1003.7244094488188,20.5
20266,1.0,1133,2026-01-08T20:50,COMPLETA,5027.67,1292.3333333333333,301.0,132.0,438.0,1,0.6666666666666666,3,0,0,127,660,1003.7244094488188,20.5
20266,1.0,1134,2026-01-08T21:00,COMPLETA,4932.3411,1292.3333333333333,301.0,132.0,438.0,1,0.6666666666666666,3,0,0,127,660,1003.7244094488188,20.5
20266,1.0,1135,2026-01-08T21:10,COMPLETA,4953.1773,1292.3333333333333,301.0,132.0,438.0,1,0.6666666666666666,3,0,0,127,660,1003.7244094488188,20.5
20266,1.0,1136,2026-01-08T21:20,COMPLETA,4973.2649,1292.3333333333333,301.0,132.0,438.0,1,0.6666666666666666,3,0,0,127,660,1003.7244094488188,20.5
20266,1.0,1137,2026-01-08T21:30,COMPLETA,5383.6974,1292.3333333333333,301.0,132.0,438.0,1,0.6666666666666666,3,0,0,127,660,1003.7244094488188,20.5
20266,1.0,1138,2026-01-08T21:40,COMPLETA,5409.6886,1292.3333333333333,301.0,132.0,438.0,1,0.6666666666666666,3,0,0,127,660,1003.7244094488188,20.5
20266,1.0,1139,2026-01-08T21:50,COMPLETA,4704.3016,1292.3333333333333,301.0,132.0,438.0,1,0.6666666666666666,3,0,0,127,660,1003.7244094488188,20.5
20266,1.0,1140,2026-01-08T22:00,COMPLETA,5103.4766,1292.3333333333333,301.0,132.0,438.0,1,0.6666666666666666,3,0,0,127,660,1003.7244094488188,20.5
20266,1.0,1141,2026-01-08T22:10,COMPLETA,5304.1433,1292.3333333333333,301.0,132.0,438.0,1,0.6666666666666666,3,0,0,127,660,1003.7244094488188,20.5
20266,1.0,1142,2026-01-08T22:20,COMPLETA,5273.6623,1089.375,336.5,234.0,783.0,3,0.2777777777777778,4,0,0,127,660,1003.7244094488188,20.5
20266,1.0,1143,2026-01-08T22:30,COMPLETA,5760.1395,1089.375,336.5,234.0,783.0,3,0.2777777777777778,4,0,0,127,660,1003.7244094488188,20.5
20266,1.0,1144,2026-01-08T22:40,COMPLETA,6350.3082,990.4,336.5,276.0,979.5,4,0.25,5,0,0,128,667,996.64453125,20.5
20266,1.0,1145,2026-01-08T22:50,COMPLETA,5755.7941,990.4,336.5,276.0,979.5,4,0.25,5,0,0,128,667,996.64453125,20.5
20266,1.0,1146,2026-01-08T23:00,COMPLETA,4978.9893,990.4,336.5,276.0,979.5,4,0.25,5,0,4,128,667,996.64453125,20.5
20266,1.0,1147,2026-01-08T23:10,SIN_DEMANDA,0,,,,,,,0,0,0,128,667,996.64453125,20.5
20266,1.0,1148,2026-01-08T23:20,SIN_DEMANDA,0,,,,,,,0,0,0,128,667,996.64453125,20.5
20266,1.0,1149,2026-01-08T23:30,SIN_DEMANDA,0,,,,,,,0,0,0,128,667,996.64453125,20.5
20266,1.0,1150,2026-01-08T23:40,SIN_DEMANDA,0,,,,,,,0,0,0,128,667,996.64453125,20.5
20266,1.0,1151,2026-01-08T23:50,SIN_DEMANDA,0,,,,,,,0,0,0,128,667,996.64453125,20.5
20266,1.0,1152,2026-01-09T00:00,SIN_DEMANDA,0,,,,,,,0,0,0,128,667,996.64453125,20.5
20266,1.0,1153,2026-01-09T00:10,COMPLETA,3330.3534,121.0,121.0,90.0,255.0,1,0.375,1,0,0,128,667,996.64453125,20.5
20266,1.0,1154,2026-01-09T00:20,COMPLETA,3489.9005,121.0,121.0,90.0,255.0,1,0.375,1,0,0,128,667,996.64453125,20.5
20266,1.0,1155,2026-01-09T00:30,COMPLETA,4892.8147,520.25,121.0,186.0,519.0,2,0.22916666666666666,2,0,1,128,667,996.64453125,20.5
20266,1.0,1156,2026-01-09T00:40,COMPLETA,3513.7872,121.0,121.0,90.0,255.0,1,0.375,1,0,0,128,667,996.64453125,20.5
20266,1.0,1157,2026-01-09T00:50,COMPLETA,3410.9334,121.0,121.0,90.0,255.0,1,0.375,1,0,0,130,675,988.473076923077,20.5
20266,1.0,1158,2026-01-09T01:00,COMPLETA,4530.4504,840.5,19.0,118.0,357.0,1,0.6666666666666666,2,0,0,131,680,985.1717557251908,20.5
20266,1.0,1159,2026-01-09T01:10,COMPLETA,4353.2573,840.5,19.0,118.0,357.0,1,0.6666666666666666,2,0,0,131,680,985.1717557251908,20.5
20266,1.0,1160,2026-01-09T01:20,COMPLETA,4257.8842,840.5,19.0,118.0,357.0,1,0.6666666666666666,2,0,0,131,680,985.1717557251908,20.5
20266,1.0,1161,2026-01-09T01:30,COMPLETA,4345.3967,840.5,19.0,118.0,357.0,1,0.6666666666666666,2,0,0,131,680,985.1717557251908,20.5
20266,1.0,1162,2026-01-09T01:40,COMPLETA,4535.76,840.5,19.0,118.0,357.0,1,0.6666666666666666,2,0,0,132,686,991.1969696969697,20.5
20266,1.0,1163,2026-01-09T01:50,COMPLETA,4434.8607,840.5,19.0,118.0,357.0,1,0.6666666666666666,2,0,0,132,686,991.1969696969697,20.5
20266,1.0,1164,2026-01-09T02:00,COMPLETA,4582.9208,840.5,19.0,118.0,357.0,1,0.6666666666666666,2,0,0,132,686,991.1969696969697,20.5
20266,1.0,1165,2026-01-09T02:10,COMPLETA,4503.4111,840.5,19.0,118.0,357.0,1,0.6666666666666666,2,0,0,132,686,991.1969696969697,20.5
20266,1.0,1166,2026-01-09T02:20,COMPLETA,4535.8027,840.5,19.0,118.0,357.0,1,0.6666666666666666,2,0,0,132,686,991.1969696969697,20.5
20266,1.0,1167,2026-01-09T02:30,COMPLETA,4957.5218,662.0,20.0,142.0,513.0,2,0.4791666666666667,3,0,0,132,686,991.1969696969697,20.5
20266,1.0,1168,2026-01-09T02:40,COMPLETA,5203.0512,662.0,20.0,142.0,458.0,2,0.4791666666666667,3,0,0,132,686,991.1969696969697,20.5
20266,1.0,1169,2026-01-09T02:50,COMPLETA,5117.5114,662.0,20.0,142.0,458.0,2,0.4791666666666667,3,0,0,132,686,991.1969696969697,20.5
20266,1.0,1170,2026-01-09T03:00,COMPLETA,4926.1574,662.0,20.0,142.0,458.0,2,0.4791666666666667,3,0,0,132,686,991.1969696969697,20.5
20266,1.0,1171,2026-01-09T03:10,COMPLETA,4777.9101,662.0,20.0,142.0,458.0,2,0.4791666666666667,3,0,1,133,688,990.6578947368421,20.5
20266,1.0,1172,2026-01-09T03:20,COMPLETA,4265.7027,97.5,74.0,154.0,471.0,2,0.3333333333333333,2,0,0,133,688,990.6578947368421,20.5
20266,1.0,1173,2026-01-09T03:30,COMPLETA,4590.7304,97.5,74.0,154.0,471.0,2,0.3333333333333333,2,0,0,133,688,990.6578947368421,20.5
20266,1.0,1174,2026-01-09T03:40,COMPLETA,4403.1336,97.5,74.0,154.0,471.0,2,0.3333333333333333,2,0,0,134,693,995.8358208955224,20.5
20266,1.0,1175,2026-01-09T03:50,COMPLETA,4336.6735,97.5,74.0,154.0,471.0,2,0.3333333333333333,2,0,0,134,693,995.8358208955224,20.5
20266,1.0,1176,2026-01-09T04:00,COMPLETA,4258.0717,97.5,74.0,154.0,471.0,2,0.3333333333333333,2,0,0,134,693,995.8358208955224,20.5
20266,1.0,1177,2026-01-09T04:10,COMPLETA,4345.666,97.5,74.0,154.0,471.0,2,0.3333333333333333,2,0,0,134,693,995.8358208955224,20.5
20266,1.0,1178,2026-01-09T04:20,COMPLETA,4338.4757,97.5,74.0,154.0,471.0,2,0.3333333333333333,2,0,0,134,693,995.8358208955224,20.5
20266,1.0,1179,2026-01-09T04:30,COMPLETA,4350.6251,97.5,74.0,154.0,471.0,2,0.3333333333333333,2,0,0,134,693,995.8358208955224,20.5
20266,1.0,1180,2026-01-09T04:40,COMPLETA,4089.1997,97.5,74.0,154.0,471.0,2,0.3333333333333333,2,0,0,134,693,995.8358208955224,20.5
20266,1.0,1181,2026-01-09T04:50,COMPLETA,4679.7251,97.5,74.0,154.0,471.0,2,0.3333333333333333,2,0,0,134,693,995.8358208955224,20.5
20266,1.0,1182,2026-01-09T05:00,COMPLETA,4802.2956,92.5,6.0,228.0,762.0,4,0.20833333333333334,4,0,1,135,700,1002.6814814814815,20.5
20266,1.0,1183,2026-01-09T05:10,COMPLETA,4290.0843,67.0,6.0,216.0,684.0,3,0.2638888888888889,3,0,0,135,700,1002.6814814814815,20.5
20266,1.0,1184,2026-01-09T05:20,COMPLETA,4622.202,67.0,6.0,216.0,684.0,3,0.2638888888888889,3,0,0,135,700,1002.6814814814815,20.5
20266,1.0,1185,2026-01-09T05:30,COMPLETA,4438.1265,67.0,6.0,216.0,684.0,3,0.2638888888888889,3,0,0,135,700,1002.6814814814815,20.5
20266,1.0,1186,2026-01-09T05:40,COMPLETA,5104.3013,67.0,6.0,216.0,684.0,3,0.2638888888888889,3,0,0,135,700,1002.6814814814815,20.5
20266,1.0,1187,2026-01-09T05:50,COMPLETA,4424.4948,67.0,6.0,216.0,684.0,3,0.2638888888888889,3,0,0,135,700,1002.6814814814815,20.5
20266,1.0,1188,2026-01-09T06:00,COMPLETA,4531.6468,67.0,6.0,216.0,684.0,3,0.2638888888888889,3,0,0,135,700,1002.6814814814815,20.5
20266,1.0,1189,2026-01-09T06:10,COMPLETA,4640.7724,67.0,6.0,216.0,684.0,3,0.2638888888888889,3,0,0,136,701,996.5514705882352,20.5
20266,1.0,1190,2026-01-09T06:20,COMPLETA,4245.8516,67.0,6.0,216.0,684.0,3,0.2638888888888889,3,0,0,136,701,996.5514705882352,20.5
20266,1.0,1191,2026-01-09T06:30,COMPLETA,4559.2179,67.0,6.0,216.0,684.0,3,0.2638888888888889,3,0,0,136,701,996.5514705882352,20.5
20266,1.0,1192,2026-01-09T06:40,COMPLETA,4397.0433,67.0,6.0,216.0,684.0,3,0.2638888888888889,3,0,0,136,701,996.5514705882352,20.5
20266,1.0,1193,2026-01-09T06:50,COMPLETA,4459.2622,67.0,6.0,216.0,684.0,3,0.2638888888888889,3,0,0,136,701,996.5514705882352,20.5
20266,1.0,1194,2026-01-09T07:00,COMPLETA,4736.9648,67.0,6.0,216.0,684.0,3,0.2638888888888889,3,0,3,136,701,996.5514705882352,20.5
20266,1.0,1195,2026-01-09T07:10,SIN_DEMANDA,0,,,,,,,0,0,0,136,701,996.5514705882352,20.5
20266,1.0,1196,2026-01-09T07:20,SIN_DEMANDA,0,,,,,,,0,0,0,136,701,996.5514705882352,20.5
20266,1.0,1197,2026-01-09T07:30,SIN_DEMANDA,0,,,,,,,0,0,0,136,701,996.5514705882352,20.5
20266,1.0,1198,2026-01-09T07:40,COMPLETA,3603.0448,1565.5,1565.5,82.0,243.0,1,0.4166666666666667,1,0,0,136,701,996.5514705882352,20.5
20266,1.0,1199,2026-01-09T07:50,COMPLETA,3744.6669,1565.5,1565.5,82.0,243.0,1,0.4166666666666667,1,0,0,136,701,996.5514705882352,20.5
20266,1.0,1200,2026-01-09T08:00,COMPLETA,3705.8267,1565.5,1565.5,82.0,243.0,1,0.4166666666666667,1,0,0,136,701,996.5514705882352,20.5
20266,1.0,1201,2026-01-09T08:10,COMPLETA,3626.8212,1565.5,1565.5,82.0,243.0,1,0.4166666666666667,1,0,0,136,701,996.5514705882352,20.5
20266,1.0,1202,2026-01-09T08:20,COMPLETA,4791.9291,1140.75,452.0,218.0,567.0,2,0.3125,2,0,0,136,701,996.5514705882352,20.5
20266,1.0,1203,2026-01-09T08:30,COMPLETA,4610.3026,1140.75,452.0,218.0,567.0,2,0.3125,2,0,0,136,701,996.5514705882352,20.5
20266,1.0,1204,2026-01-09T08:40,COMPLETA,4620.5673,1140.75,452.0,218.0,567.0,2,0.3125,2,0,0,136,701,996.5514705882352,20.5
20266,1.0,1205,2026-01-09T08:50,COMPLETA,4927.3076,1140.75,452.0,218.0,567.0,2,0.3125,2,0,0,137,704,989.3211678832117,6.0
20266,1.0,1206,2026-01-09T09:00,COMPLETA,4735.7542,1140.75,452.0,218.0,567.0,2,0.3125,2,0,0,137,704,989.3211678832117,6.0
20266,1.0,1207,2026-01-09T09:10,COMPLETA,4471.9523,1140.75,452.0,218.0,567.0,2,0.3125,2,0,0,138,711,982.6884057971015,6.0
20266,1.0,1208,2026-01-09T09:20,COMPLETA,6284.6048,1140.75,452.0,218.0,567.0,2,0.3125,2,0,0,138,711,982.6884057971015,6.0
20266,1.0,1209,2026-01-09T09:30,COMPLETA,6273.1795,1140.75,452.0,218.0,567.0,2,0.3125,2,0,0,138,711,982.6884057971015,6.0
20266,1.0,1210,2026-01-09T09:40,COMPLETA,5063.3971,1140.75,452.0,218.0,567.0,2,0.3125,2,0,0,138,711,982.6884057971015,6.0
20266,1.0,1211,2026-01-09T09:50,COMPLETA,5761.4846,1140.75,452.0,218.0,567.0,2,0.3125,2,0,0,138,711,982.6884057971015,6.0
20266,1.0,1212,2026-01-09T10:00,COMPLETA,5011.092,1140.75,452.0,218.0,567.0,2,0.3125,2,0,0,138,711,982.6884057971015,6.0
20266,1.0,1213,2026-01-09T10:10,COMPLETA,5136.1361,1140.75,452.0,218.0,507.0,2,0.3125,2,0,0,139,720,976.4892086330935,6.0
20266,1.0,1214,2026-01-09T10:20,COMPLETA,5162.5545,1140.75,452.0,218.0,507.0,2,0.3125,2,0,0,139,720,976.4892086330935,6.0
20266,1.0,1215,2026-01-09T10:30,COMPLETA,4725.8238,1140.75,452.0,218.0,507.0,2,0.3125,2,0,1,139,720,976.4892086330935,6.0
20266,1.0,1216,2026-01-09T10:40,COMPLETA,4594.1817,1034.25,365.0,154.0,411.0,1,0.5,2,0,0,139,720,976.4892086330935,6.0
20266,1.0,1217,2026-01-09T10:50,COMPLETA,4626.5199,1034.25,365.0,154.0,411.0,1,0.5,2,0,0,139,720,976.4892086330935,6.0
20266,1.0,1218,2026-01-09T11:00,COMPLETA,4594.1263,1034.25,365.0,154.0,411.0,1,0.5,2,0,0,139,720,976.4892086330935,6.0
20266,1.0,1219,2026-01-09T11:10,COMPLETA,4260.6482,1034.25,365.0,154.0,411.0,1,0.5,2,0,0,139,720,976.4892086330935,6.0
20266,1.0,1220,2026-01-09T11:20,COMPLETA,4581.8329,1034.25,365.0,154.0,411.0,1,0.5,2,0,0,139,720,976.4892086330935,6.0
20266,1.0,1221,2026-01-09T11:30,COMPLETA,5477.7183,1368.5,374.0,220.0,570.0,2,0.4375,3,0,1,139,720,976.4892086330935,6.0
20266,1.0,1222,2026-01-09T11:40,COMPLETA,4492.8454,1043.25,374.0,148.0,402.0,1,0.5,2,0,0,139,720,976.4892086330935,6.0
20266,1.0,1223,2026-01-09T11:50,COMPLETA,4618.4477,1043.25,374.0,148.0,402.0,1,0.5,2,0,0,139,720,976.4892086330935,6.0
20266,1.0,1224,2026-01-09T12:00,COMPLETA,4361.912,1043.25,374.0,148.0,402.0,1,0.5,2,0,0,139,720,976.4892086330935,6.0
20266,1.0,1225,2026-01-09T12:10,COMPLETA,4642.0937,1043.25,374.0,148.0,402.0,1,0.5,2,0,0,139,720,976.4892086330935,6.0
20266,1.0,1226,2026-01-09T12:20,COMPLETA,4509.0222,1043.25,374.0,148.0,402.0,1,0.5,2,0,0,139,720,976.4892086330935,6.0
20266,1.0,1227,2026-01-09T12:30,COMPLETA,4311.2026,1043.25,374.0,148.0,402.0,1,0.5,2,0,0,139,720,976.4892086330935,6.0
20266,1.0,1228,2026-01-09T12:40,COMPLETA,4477.8966,1043.25,374.0,148.0,402.0,1,0.5,2,0,0,139,720,976.4892086330935,6.0
20266,1.0,1229,2026-01-09T12:50,COMPLETA,4337.7444,1043.25,374.0,148.0,402.0,1,0.5,2,0,0,139,720,976.4892086330935,6.0
20266,1.0,1230,2026-01-09T13:00,COMPLETA,4432.2046,1043.25,374.0,148.0,402.0,1,0.5,2,0,0,139,720,976.4892086330935,6.0
20266,1.0,1231,2026-01-09T13:10,COMPLETA,4537.1758,1043.25,374.0,148.0,402.0,1,0.5,2,0,0,139,720,976.4892086330935,6.0
20266,1.0,1232,2026-01-09T13:20,COMPLETA,4351.2405,871.3333333333334,374.0,186.0,579.0,2,0.3333333333333333,3,0,0,140,730,982.5821428571429,6.0
20266,1.0,1233,2026-01-09T13:30,COMPLETA,4445.8859,871.3333333333334,374.0,186.0,579.0,2,0.3333333333333333,3,0,0,140,730,982.5821428571429,6.0
20266,1.0,1234,2026-01-09T13:40,COMPLETA,4561.033,871.3333333333334,374.0,186.0,579.0,2,0.3333333333333333,3,0,0,140,730,982.5821428571429,6.0
20266,1.0,1235,2026-01-09T13:50,COMPLETA,4964.8416,871.3333333333334,374.0,186.0,579.0,2,0.3333333333333333,3,0,0,141,739,989.9326241134752,6.0
20266,1.0,1236,2026-01-09T14:00,COMPLETA,4544.5154,871.3333333333334,374.0,186.0,579.0,2,0.3333333333333333,3,0,0,141,739,989.9326241134752,6.0
20266,1.0,1237,2026-01-09T14:10,COMPLETA,4878.4196,1150.25,401.0,280.0,840.0,3,0.3472222222222222,4,0,0,141,739,989.9326241134752,6.0
20266,1.0,1238,2026-01-09T14:20,COMPLETA,5047.9248,1150.25,401.0,280.0,840.0,3,0.3472222222222222,4,0,0,141,739,989.9326241134752,6.0
20266,1.0,1239,2026-01-09T14:30,COMPLETA,4959.9049,1150.25,401.0,280.0,840.0,3,0.3472222222222222,4,0,0,141,739,989.9326241134752,6.0
20266,1.0,1240,2026-01-09T14:40,COMPLETA,4932.1119,1150.25,401.0,280.0,840.0,3,0.3472222222222222,4,0,0,141,739,989.9326241134752,6.0
20266,1.0,1241,2026-01-09T14:50,COMPLETA,5051.7772,1150.25,401.0,280.0,840.0,3,0.3472222222222222,4,0,0,141,739,989.9326241134752,6.0
20266,1.0,1242,2026-01-09T15:00,COMPLETA,5022.7681,1150.25,401.0,280.0,840.0,3,0.3472222222222222,4,0,3,141,739,989.9326241134752,6.0
20266,1.0,1243,2026-01-09T15:10,SIN_DEMANDA,0,,,,,,,0,0,0,141,739,989.9326241134752,6.0
20266,1.0,1244,2026-01-09T15:20,COMPLETA,1527.0978,391.5,391.5,30.0,165.0,1,0.125,1,0,1,141,739,989.9326241134752,6.0
20266,1.0,1245,2026-01-09T15:30,SIN_DEMANDA,0,,,,,,,0,0,0,141,739,989.9326241134752,6.0
20266,1.0,1246,2026-01-09T15:40,COMPLETA,1529.4122,2074.0,2074.0,28.0,162.0,1,0.041666666666666664,1,0,1,141,739,989.9326241134752,6.0
20266,1.0,1247,2026-01-09T15:50,SIN_DEMANDA,0,,,,,,,0,0,0,141,739,989.9326241134752,6.0
20266,1.0,1248,2026-01-09T16:00,SIN_DEMANDA,0,,,,,,,0,0,0,141,739,989.9326241134752,6.0
20266,1.0,1249,2026-01-09T16:10,SIN_DEMANDA,0,,,,,,,0,0,0,141,739,989.9326241134752,6.0
20266,1.0,1250,2026-01-09T16:20,SIN_DEMANDA,0,,,,,,,0,0,0,141,739,989.9326241134752,6.0
20266,1.0,1251,2026-01-09T16:30,SIN_DEMANDA,0,,,,,,,0,0,0,142,743,986.6760563380282,6.0
20266,1.0,1252,2026-01-09T16:40,SIN_DEMANDA,0,,,,,,,0,0,0,142,743,986.6760563380282,6.0
20266,1.0,1253,2026-01-09T16:50,COMPLETA,4022.5781,3.5,3.5,76.0,234.0,1,0.4166666666666667,1,0,0,143,746,982.513986013986,6.0
20266,1.0,1254,2026-01-09T17:00,COMPLETA,3676.9121,3.5,3.5,76.0,234.0,1,0.4166666666666667,1,0,0,143,746,982.513986013986,6.0
20266,1.0,1255,2026-01-09T17:10,COMPLETA,3528.7721,3.5,3.5,76.0,234.0,1,0.4166666666666667,1,0,0,144,747,990.09375,6.0
20266,1.0,1256,2026-01-09T17:20,COMPLETA,3673.1828,3.5,3.5,76.0,234.0,1,0.4166666666666667,1,0,0,144,747,990.09375,6.0
20266,1.0,1257,2026-01-09T17:30,COMPLETA,3494.2497,3.5,3.5,76.0,234.0,1,0.4166666666666667,1,0,0,145,756,996.7827586206896,6.0
20266,1.0,1258,2026-01-09T17:40,COMPLETA,3957.9201,3.5,3.5,76.0,234.0,1,0.4166666666666667,1,0,0,145,756,996.7827586206896,6.0
20266,1.0,1259,2026-01-09T17:50,COMPLETA,3323.7474,3.5,3.5,76.0,234.0,1,0.4166666666666667,1,0,0,145,756,996.7827586206896,6.0
20266,1.0,1260,2026-01-09T18:00,COMPLETA,3835.3048,3.5,3.5,76.0,234.0,1,0.4166666666666667,1,0,0,145,756,996.7827586206896,6.0
20266,1.0,1261,2026-01-09T18:10,COMPLETA,4175.3159,3.5,3.5,68.0,162.0,1,0.4166666666666667,1,0,0,146,763,1001.6849315068494,6.0
20266,1.0,1262,2026-01-09T18:20,COMPLETA,3702.206,3.5,3.5,68.0,162.0,1,0.4166666666666667,1,0,1,146,763,1001.6849315068494,6.0
20266,1.0,1263,2026-01-09T18:30,SIN_DEMANDA,0,,,,,,,0,0,0,146,763,1001.6849315068494,6.0
20266,1.0,1264,2026-01-09T18:40,SIN_DEMANDA,0,,,,,,,0,0,0,146,763,1001.6849315068494,6.0
20266,1.0,1265,2026-01-09T18:50,SIN_DEMANDA,0,,,,,,,0,0,0,146,763,1001.6849315068494,6.0
20266,1.0,1266,2026-01-09T19:00,SIN_DEMANDA,0,,,,,,,0,0,0,146,763,1001.6849315068494,6.0
20266,1.0,1267,2026-01-09T19:10,SIN_DEMANDA,0,,,,,,,0,0,0,146,763,1001.6849315068494,6.0
20266,1.0,1268,2026-01-09T19:20,SIN_DEMANDA,0,,,,,,,0,0,0,146,763,1001.6849315068494,6.0
20266,1.0,1269,2026-01-09T19:30,SIN_DEMANDA,0,,,,,,,0,0,0,146,763,1001.6849315068494,6.0
20266,1.0,1270,2026-01-09T19:40,SIN_DEMANDA,0,,,,,,,0,0,0,147,768,997.5986394557823,6.0
20266,1.0,1271,2026-01-09T19:50,SIN_DEMANDA,0,,,,,,,0,0,0,147,768,997.5986394557823,6.0
20266,1.0,1272,2026-01-09T20:00,COMPLETA,2422.3267,638.5,638.5,22.0,93.0,1,0.08333333333333333,1,0,1,147,768,997.5986394557823,6.0
20266,1.0,1273,2026-01-09T20:10,SIN_DEMANDA,0,,,,,,,0,0,0,147,768,997.5986394557823,6.0
20266,1.0,1274,2026-01-09T20:20,SIN_DEMANDA,0,,,,,,,0,0,0,147,768,997.5986394557823,6.0
20266,1.0,1275,2026-01-09T20:30,SIN_DEMANDA,0,,,,,,,0,0,0,147,768,997.5986394557823,6.0
20266,1.0,1276,2026-01-09T20:40,SIN_DEMANDA,0,,,,,,,0,0,0,147,768,997.5986394557823,6.0
20266,1.0,1277,2026-01-09T20:50,COMPLETA,2872.3051,1863.0,1863.0,78.0,237.0,1,0.25,1,0,0,148,778,990.8817567567568,3.5
20266,1.0,1278,2026-01-09T21:00,COMPLETA,2701.6934,1863.0,1863.0,78.0,237.0,1,0.25,1,0,0,148,778,990.8817567567568,3.5
20266,1.0,1279,2026-01-09T21:10,COMPLETA,2651.8884,1863.0,1863.0,78.0,237.0,1,0.25,1,0,0,148,778,990.8817567567568,3.5
20266,1.0,1280,2026-01-09T21:20,COMPLETA,2878.8175,1863.0,1863.0,78.0,237.0,1,0.25,1,0,0,149,780,988.51677852349,3.5
20266,1.0,1281,2026-01-09T21:30,COMPLETA,2710.018,1863.0,1863.0,78.0,237.0,1,0.25,1,0,0,149,780,988.51677852349,3.5
20266,1.0,1282,2026-01-09T21:40,COMPLETA,2832.7648,1863.0,1863.0,78.0,237.0,1,0.25,1,0,0,149,780,988.51677852349,3.5
20266,1.0,1283,2026-01-09T21:50,COMPLETA,2712.6343,1863.0,1863.0,78.0,237.0,1,0.25,1,0,0,149,780,988.51677852349,3.5
20266,1.0,1284,2026-01-09T22:00,COMPLETA,2808.6954,1863.0,1863.0,78.0,237.0,1,0.25,1,0,0,149,780,988.51677852349,3.5
20266,1.0,1285,2026-01-09T22:10,COMPLETA,2521.0286,1863.0,1863.0,78.0,237.0,1,0.25,1,0,0,149,780,988.51677852349,3.5
20266,1.0,1286,2026-01-09T22:20,COMPLETA,2697.8917,1863.0,1863.0,78.0,237.0,1,0.25,1,0,0,149,780,988.51677852349,3.5
20266,1.0,1287,2026-01-09T22:30,COMPLETA,3195.2606,1863.0,1863.0,78.0,237.0,1,0.25,1,0,0,149,780,988.51677852349,3.5
20266,1.0,1288,2026-01-09T22:40,COMPLETA,2670.6821,1863.0,1863.0,78.0,237.0,1,0.25,1,0,0,149,780,988.51677852349,3.5
20266,1.0,1289,2026-01-09T22:50,COMPLETA,2918.8227,1863.0,1863.0,78.0,237.0,1,0.25,1,0,0,149,780,988.51677852349,3.5
20266,1.0,1290,2026-01-09T23:00,COMPLETA,2553.2735,1863.0,1863.0,78.0,237.0,1,0.25,1,0,1,149,780,988.51677852349,3.5
20266,1.0,1291,2026-01-09T23:10,SIN_DEMANDA,0,,,,,,,0,0,0,149,780,988.51677852349,3.5
20266,1.0,1292,2026-01-09T23:20,SIN_DEMANDA,0,,,,,,,0,0,0,149,780,988.51677852349,3.5
20266,1.0,1293,2026-01-09T23:30,SIN_DEMANDA,0,,,,,,,0,0,0,149,780,988.51677852349,3.5
20266,1.0,1294,2026-01-09T23:40,SIN_DEMANDA,0,,,,,,,0,0,0,149,780,988.51677852349,3.5
20266,1.0,1295,2026-01-09T23:50,SIN_DEMANDA,0,,,,,,,0,0,0,149,780,988.51677852349,3.5
20266,1.0,1296,2026-01-10T00:00,SIN_DEMANDA,0,,,,,,,0,0,0,149,780,988.51677852349,3.5
20266,1.0,1297,2026-01-10T00:10,SIN_DEMANDA,0,,,,,,,0,0,0,149,780,988.51677852349,3.5
20266,1.0,1298,2026-01-10T00:20,SIN_DEMANDA,0,,,,,,,0,0,0,149,780,988.51677852349,3.5
20266,1.0,1299,2026-01-10T00:30,SIN_DEMANDA,0,,,,,,,0,0,0,149,780,988.51677852349,3.5
20266,1.0,1300,2026-01-10T00:40,SIN_DEMANDA,0,,,,,,,0,0,0,149,780,988.51677852349,3.5
20266,1.0,1301,2026-01-10T00:50,SIN_DEMANDA,0,,,,,,,0,0,0,149,780,988.51677852349,3.5
20266,1.0,1302,2026-01-10T01:00,SIN_DEMANDA,0,,,,,,,0,0,0,149,780,988.51677852349,3.5
20266,1.0,1303,2026-01-10T01:10,SIN_DEMANDA,0,,,,,,,0,0,0,149,780,988.51677852349,3.5
20266,1.0,1304,2026-01-10T01:20,SIN_DEMANDA,0,,,,,,,0,0,0,149,780,988.51677852349,3.5
20266,1.0,1305,2026-01-10T01:30,SIN_DEMANDA,0,,,,,,,0,0,0,149,780,988.51677852349,3.5
20266,1.0,1306,2026-01-10T01:40,SIN_DEMANDA,0,,,,,,,0,0,0,150,786,994.3466666666667,3.5
20266,1.0,1307,2026-01-10T01:50,SIN_DEMANDA,0,,,,,,,0,0,0,150,786,994.3466666666667,3.5
20266,1.0,1308,2026-01-10T02:00,SIN_DEMANDA,0,,,,,,,0,0,0,150,786,994.3466666666667,3.5
20266,1.0,1309,2026-01-10T02:10,SIN_DEMANDA,0,,,,,,,0,0,0,150,786,994.3466666666667,3.5
20266,1.0,1310,2026-01-10T02:20,SIN_DEMANDA,0,,,,,,,0,0,0,150,786,994.3466666666667,3.5
20266,1.0,1311,2026-01-10T02:30,SIN_DEMANDA,0,,,,,,,0,0,0,150,786,994.3466666666667,3.5
20266,1.0,1312,2026-01-10T02:40,SIN_DEMANDA,0,,,,,,,0,0,0,150,786,994.3466666666667,3.5
20266,1.0,1313,2026-01-10T02:50,SIN_DEMANDA,0,,,,,,,0,0,0,150,786,994.3466666666667,3.5
20266,1.0,1314,2026-01-10T03:00,SIN_DEMANDA,0,,,,,,,0,0,0,150,786,994.3466666666667,3.5
20266,1.0,1315,2026-01-10T03:10,SIN_DEMANDA,0,,,,,,,0,0,0,150,786,994.3466666666667,3.5
20266,1.0,1316,2026-01-10T03:20,SIN_DEMANDA,0,,,,,,,0,0,0,150,786,994.3466666666667,3.5
20266,1.0,1317,2026-01-10T03:30,SIN_DEMANDA,0,,,,,,,0,0,0,150,786,994.3466666666667,3.5
20266,1.0,1318,2026-01-10T03:40,SIN_DEMANDA,0,,,,,,,0,0,0,150,786,994.3466666666667,3.5
20266,1.0,1319,2026-01-10T03:50,SIN_DEMANDA,0,,,,,,,0,0,0,150,786,994.3466666666667,3.5
20266,1.0,1320,2026-01-10T04:00,SIN_DEMANDA,0,,,,,,,0,0,0,150,786,994.3466666666667,3.5
20266,1.0,1321,2026-01-10T04:10,COMPLETA,1668.4058,2081.5,2081.5,18.0,87.0,1,0.041666666666666664,1,0,1,150,786,994.3466666666667,3.5
20266,1.0,1322,2026-01-10T04:20,SIN_DEMANDA,0,,,,,,,0,0,0,150,786,994.3466666666667,3.5
20266,1.0,1323,2026-01-10T04:30,SIN_DEMANDA,0,,,,,,,0,0,0,150,786,994.3466666666667,3.5
20266,1.0,1324,2026-01-10T04:40,SIN_DEMANDA,0,,,,,,,0,0,0,150,786,994.3466666666667,3.5
20266,1.0,1325,2026-01-10T04:50,SIN_DEMANDA,0,,,,,,,0,0,0,150,786,994.3466666666667,3.5
20266,1.0,1326,2026-01-10T05:00,SIN_DEMANDA,0,,,,,,,0,0,0,150,786,994.3466666666667,3.5
20266,1.0,1327,2026-01-10T05:10,SIN_DEMANDA,0,,,,,,,0,0,0,150,786,994.3466666666667,3.5
20266,1.0,1328,2026-01-10T05:20,COMPLETA,2693.9316,239.0,239.0,64.0,216.0,1,0.25,1,0,0,150,786,994.3466666666667,3.5
20266,1.0,1329,2026-01-10T05:30,COMPLETA,2581.4317,239.0,239.0,64.0,216.0,1,0.25,1,0,0,151,787,1001.5463576158941,3.5
20266,1.0,1330,2026-01-10T05:40,COMPLETA,2727.4179,239.0,239.0,64.0,216.0,1,0.25,1,0,0,151,787,1001.5463576158941,3.5
20266,1.0,1331,2026-01-10T05:50,COMPLETA,2332.9964,239.0,239.0,64.0,216.0,1,0.25,1,0,0,151,787,1001.5463576158941,3.5
20266,1.0,1332,2026-01-10T06:00,COMPLETA,2684.9696,239.0,239.0,64.0,216.0,1,0.25,1,0,0,151,787,1001.5463576158941,3.5
20266,1.0,1333,2026-01-10T06:10,COMPLETA,2502.5805,239.0,239.0,64.0,216.0,1,0.25,1,0,0,151,787,1001.5463576158941,3.5
20266,1.0,1334,2026-01-10T06:20,COMPLETA,2617.1956,239.0,239.0,64.0,216.0,1,0.25,1,0,0,151,787,1001.5463576158941,3.5
20266,1.0,1335,2026-01-10T06:30,COMPLETA,4622.9055,529.75,230.0,194.0,531.0,2,0.2916666666666667,2,0,0,151,787,1001.5463576158941,3.5
20266,1.0,1336,2026-01-10T06:40,COMPLETA,4454.8119,529.75,230.0,194.0,531.0,2,0.2916666666666667,2,0,0,151,787,1001.5463576158941,3.5
20266,1.0,1337,2026-01-10T06:50,COMPLETA,4940.8522,529.75,230.0,194.0,531.0,2,0.2916666666666667,2,0,0,151,787,1001.5463576158941,3.5
20266,1.0,1338,2026-01-10T07:00,COMPLETA,4857.7913,529.75,230.0,194.0,531.0,2,0.2916666666666667,2,0,2,151,787,1001.5463576158941,3.5
20266,1.0,1339,2026-01-10T07:10,SIN_DEMANDA,0,,,,,,,0,0,0,151,787,1001.5463576158941,3.5
20266,1.0,1340,2026-01-10T07:20,SIN_DEMANDA,0,,,,,,,0,0,0,151,787,1001.5463576158941,3.5
20266,1.0,1341,2026-01-10T07:30,SIN_DEMANDA,0,,,,,,,0,0,0,151,787,1001.5463576158941,3.5
20266,1.0,1342,2026-01-10T07:40,SIN_DEMANDA,0,,,,,,,0,0,0,151,787,1001.5463576158941,3.5
20266,1.0,1343,2026-01-10T07:50,COMPLETA,2541.3565,1584.5,1584.5,72.0,228.0,1,0.3333333333333333,1,0,0,151,787,1001.5463576158941,3.5
20266,1.0,1344,2026-01-10T08:00,COMPLETA,2519.0599,1584.5,1584.5,72.0,228.0,1,0.3333333333333333,1,0,0,151,787,1001.5463576158941,3.5
20266,1.0,1345,2026-01-10T08:10,COMPLETA,2528.8393,1584.5,1584.5,72.0,228.0,1,0.3333333333333333,1,0,0,151,787,1001.5463576158941,3.5
20266,1.0,1346,2026-01-10T08:20,COMPLETA,2440.7599,1584.5,1584.5,72.0,228.0,1,0.3333333333333333,1,0,0,151,787,1001.5463576158941,3.5
20266,1.0,1347,2026-01-10T08:30,COMPLETA,2516.9062,1584.5,1584.5,72.0,228.0,1,0.3333333333333333,1,0,0,151,787,1001.5463576158941,3.5
20266,1.0,1348,2026-01-10T08:40,COMPLETA,3614.7284,1816.0,1584.5,134.0,441.0,2,0.1875,2,0,1,151,787,1001.5463576158941,3.5
20266,1.0,1349,2026-01-10T08:50,COMPLETA,2757.8383,1584.5,1584.5,72.0,228.0,1,0.3333333333333333,1,0,0,151,787,1001.5463576158941,3.5
20266,1.0,1350,2026-01-10T09:00,COMPLETA,3397.6678,982.25,380.0,116.0,354.0,2,0.22916666666666666,2,0,1,151,787,1001.5463576158941,3.5
20266,1.0,1351,2026-01-10T09:10,COMPLETA,2561.6994,1584.5,1584.5,72.0,228.0,1,0.3333333333333333,1,0,0,151,787,1001.5463576158941,3.5
20266,1.0,1352,2026-01-10T09:20,COMPLETA,2598.9173,1584.5,1584.5,72.0,228.0,1,0.3333333333333333,1,0,0,151,787,1001.5463576158941,3.5
20266,1.0,1353,2026-01-10T09:30,COMPLETA,2423.95,1584.5,1584.5,72.0,228.0,1,0.3333333333333333,1,0,0,152,793,996.4703947368421,3.5
20266,1.0,1354,2026-01-10T09:40,COMPLETA,2649.7184,1584.5,1584.5,72.0,228.0,1,0.3333333333333333,1,0,0,152,793,996.4703947368421,3.5
20266,1.0,1355,2026-01-10T09:50,COMPLETA,2716.632,1584.5,1584.5,72.0,228.0,1,0.3333333333333333,1,0,0,152,793,996.4703947368421,3.5
20266,1.0,1356,2026-01-10T10:00,COMPLETA,2666.0167,1584.5,1584.5,72.0,228.0,1,0.3333333333333333,1,0,0,152,793,996.4703947368421,3.5
20266,1.0,1357,2026-01-10T10:10,COMPLETA,3561.0112,1109.0,633.5,106.0,339.0,2,0.20833333333333334,2,0,1,152,793,996.4703947368421,3.5
20266,1.0,1358,2026-01-10T10:20,COMPLETA,7277.3385,1597.75,1584.5,126.0,369.0,1,0.75,2,0,0,152,793,996.4703947368421,3.5
20266,1.0,1359,2026-01-10T10:30,COMPLETA,5189.61,1597.75,1584.5,126.0,369.0,1,0.75,2,0,0,153,794,1003.3398692810457,3.5
20266,1.0,1360,2026-01-10T10:40,COMPLETA,5234.227,1597.75,1584.5,126.0,369.0,1,0.75,2,0,0,155,805,998.1967741935484,3.5
20266,1.0,1361,2026-01-10T10:50,COMPLETA,5062.349,1597.75,1584.5,126.0,369.0,1,0.75,2,0,0,155,805,998.1967741935484,3.5
20266,1.0,1362,2026-01-10T11:00,COMPLETA,5257.9681,1395.1666666666667,990.0,154.0,471.0,2,0.4583333333333333,3,0,1,155,805,998.1967741935484,3.5
20266,1.0,1363,2026-01-10T11:10,COMPLETA,5254.8627,1597.75,1584.5,126.0,369.0,1,0.75,2,0,0,155,805,998.1967741935484,3.5
20266,1.0,1364,2026-01-10T11:20,COMPLETA,5368.8941,1726.3333333333333,1584.5,164.0,486.0,2,0.5416666666666666,3,0,0,155,805,998.1967741935484,3.5
20266,1.0,1365,2026-01-10T11:30,COMPLETA,5388.0917,1726.3333333333333,1584.5,164.0,486.0,2,0.5416666666666666,3,0,0,155,805,998.1967741935484,3.5
20266,1.0,1366,2026-01-10T11:40,COMPLETA,5670.333,1888.0,1758.5,188.0,462.0,3,0.3611111111111111,3,0,0,156,807,995.8589743589744,3.5
20266,1.0,1367,2026-01-10T11:50,COMPLETA,6443.9867,1558.0,552.0,318.0,777.0,5,0.275,4,0,1,156,807,995.8589743589744,3.5
20266,1.0,1368,2026-01-10T12:00,COMPLETA,5240.463,1440.8333333333333,552.0,188.0,522.0,4,0.2604166666666667,3,0,2,156,807,995.8589743589744,3.5
20266,1.0,1369,2026-01-10T12:10,COMPLETA,2711.8628,385.0,385.0,70.0,225.0,1,0.2916666666666667,1,0,0,156,807,995.8589743589744,3.5
20266,1.0,1370,2026-01-10T12:20,COMPLETA,2677.0878,385.0,385.0,70.0,225.0,1,0.2916666666666667,1,0,0,156,807,995.8589743589744,3.5
20266,1.0,1371,2026-01-10T12:30,COMPLETA,2797.0086,385.0,385.0,70.0,225.0,1,0.2916666666666667,1,0,0,157,811,995.8216560509554,3.5
20266,1.0,1372,2026-01-10T12:40,COMPLETA,2605.3741,385.0,385.0,70.0,225.0,1,0.2916666666666667,1,0,0,157,811,995.8216560509554,3.5
20266,1.0,1373,2026-01-10T12:50,COMPLETA,2659.9642,385.0,385.0,70.0,225.0,1,0.2916666666666667,1,0,0,157,811,995.8216560509554,3.5
20266,1.0,1374,2026-01-10T13:00,COMPLETA,2687.2293,385.0,385.0,70.0,225.0,1,0.2916666666666667,1,0,0,157,811,995.8216560509554,3.5
20266,1.0,1375,2026-01-10T13:10,COMPLETA,2614.0862,385.0,385.0,70.0,225.0,1,0.2916666666666667,1,0,0,157,811,995.8216560509554,3.5
20266,1.0,1376,2026-01-10T13:20,COMPLETA,2752.64,385.0,385.0,70.0,225.0,1,0.2916666666666667,1,0,0,157,811,995.8216560509554,3.5
20266,1.0,1377,2026-01-10T13:30,COMPLETA,2759.0298,385.0,385.0,70.0,225.0,1,0.2916666666666667,1,0,0,158,819,1001.0791139240506,3.5
20266,1.0,1378,2026-01-10T13:40,COMPLETA,2558.6865,385.0,385.0,70.0,225.0,1,0.2916666666666667,1,0,0,158,819,1001.0791139240506,3.5
20266,1.0,1379,2026-01-10T13:50,COMPLETA,2623.1058,385.0,385.0,70.0,225.0,1,0.2916666666666667,1,0,0,158,819,1001.0791139240506,3.5
20266,1.0,1380,2026-01-10T14:00,COMPLETA,2788.9698,385.0,385.0,70.0,225.0,1,0.2916666666666667,1,0,0,159,829,1007.0094339622641,3.5
20266,1.0,1381,2026-01-10T14:10,COMPLETA,2593.6193,385.0,385.0,70.0,225.0,1,0.2916666666666667,1,0,0,159,829,1007.0094339622641,3.5
20266,1.0,1382,2026-01-10T14:20,COMPLETA,2627.6508,385.0,385.0,70.0,225.0,1,0.2916666666666667,1,0,0,159,829,1007.0094339622641,3.5
20266,1.0,1383,2026-01-10T14:30,COMPLETA,2798.3213,385.0,385.0,70.0,225.0,1,0.2916666666666667,1,0,0,160,837,1013.04375,3.5
20266,1.0,1384,2026-01-10T14:40,COMPLETA,2597.6803,385.0,385.0,70.0,225.0,1,0.2916666666666667,1,0,0,160,837,1013.04375,3.5
20266,1.0,1385,2026-01-10T14:50,COMPLETA,2755.07,385.0,385.0,70.0,225.0,1,0.2916666666666667,1,0,0,160,837,1013.04375,3.5
20266,1.0,1386,2026-01-10T15:00,COMPLETA,3913.2099,494.5,385.0,134.0,441.0,2,0.1875,2,0,2,160,837,1013.04375,3.5
20266,1.0,1387,2026-01-10T15:10,SIN_DEMANDA,0,,,,,,,0,0,0,160,837,1013.04375,3.5
20266,1.0,1388,2026-01-10T15:20,SIN_DEMANDA,0,,,,,,,0,0,0,160,837,1013.04375,3.5
20266,1.0,1389,2026-01-10T15:30,SIN_DEMANDA,0,,,,,,,0,0,0,160,837,1013.04375,3.5
20266,1.0,1390,2026-01-10T15:40,COMPLETA,2629.7391,267.5,267.5,36.0,427.5,1,0.25,1,0,1,160,837,1013.04375,3.5
20266,1.0,1391,2026-01-10T15:50,SIN_DEMANDA,0,,,,,,,0,0,0,160,837,1013.04375,3.5
20266,1.0,1392,2026-01-10T16:00,SIN_DEMANDA,0,,,,,,,0,0,0,160,837,1013.04375,3.5
20266,1.0,1393,2026-01-10T16:10,SIN_DEMANDA,0,,,,,,,0,0,0,160,837,1013.04375,3.5
20266,1.0,1394,2026-01-10T16:20,SIN_DEMANDA,0,,,,,,,0,0,0,160,837,1013.04375,3.5
20266,1.0,1395,2026-01-10T16:30,SIN_DEMANDA,0,,,,,,,0,0,0,160,837,1013.04375,3.5
20266,1.0,1396,2026-01-10T16:40,SIN_DEMANDA,0,,,,,,,0,0,0,160,837,1013.04375,3.5
20266,1.0,1397,2026-01-10T16:50,SIN_DEMANDA,0,,,,,,,0,0,0,161,839,1010.5031055900621,3.5
20266,1.0,1398,2026-01-10T17:00,SIN_DEMANDA,0,,,,,,,0,0,0,161,839,1010.5031055900621,3.5
20266,1.0,1399,2026-01-10T17:10,SIN_DEMANDA,0,,,,,,,0,0,0,161,839,1010.5031055900621,3.5
20266,1.0,1400,2026-01-10T17:20,SIN_DEMANDA,0,,,,,,,0,0,0,161,839,1010.5031055900621,3.5
20266,1.0,1401,2026-01-10T17:30,SIN_DEMANDA,0,,,,,,,0,0,0,162,846,1006.641975308642,3.5
20266,1.0,1402,2026-01-10T17:40,SIN_DEMANDA,0,,,,,,,0,0,0,162,846,1006.641975308642,3.5
20266,1.0,1403,2026-01-10T17:50,SIN_DEMANDA,0,,,,,,,0,0,0,162,846,1006.641975308642,3.5
20266,1.0,1404,2026-01-10T18:00,SIN_DEMANDA,0,,,,,,,0,0,0,162,846,1006.641975308642,3.5
20266,1.0,1405,2026-01-10T18:10,SIN_DEMANDA,0,,,,,,,0,0,0,162,846,1006.641975308642,3.5
20266,1.0,1406,2026-01-10T18:20,SIN_DEMANDA,0,,,,,,,0,0,0,162,846,1006.641975308642,3.5
20266,1.0,1407,2026-01-10T18:30,SIN_DEMANDA,0,,,,,,,0,0,0,162,846,1006.641975308642,3.5
20266,1.0,1408,2026-01-10T18:40,SIN_DEMANDA,0,,,,,,,0,0,0,162,846,1006.641975308642,3.5
20266,1.0,1409,2026-01-10T18:50,SIN_DEMANDA,0,,,,,,,0,0,0,162,846,1006.641975308642,3.5
20266,1.0,1410,2026-01-10T19:00,SIN_DEMANDA,0,,,,,,,0,0,0,162,846,1006.641975308642,3.5
20266,1.0,1411,2026-01-10T19:10,SIN_DEMANDA,0,,,,,,,0,0,0,163,852,1002.1073619631902,3.5
20266,1.0,1412,2026-01-10T19:20,SIN_DEMANDA,0,,,,,,,0,0,0,163,852,1002.1073619631902,3.5
20266,1.0,1413,2026-01-10T19:30,SIN_DEMANDA,0,,,,,,,0,0,0,163,852,1002.1073619631902,3.5
20266,1.0,1414,2026-01-10T19:40,SIN_DEMANDA,0,,,,,,,0,0,0,163,852,1002.1073619631902,3.5
20266,1.0,1415,2026-01-10T19:50,SIN_DEMANDA,0,,,,,,,0,0,0,163,852,1002.1073619631902,3.5
20266,1.0,1416,2026-01-10T20:00,SIN_DEMANDA,0,,,,,,,0,0,0,163,852,1002.1073619631902,3.5
20266,1.0,1417,2026-01-10T20:10,SIN_DEMANDA,0,,,,,,,0,0,0,163,852,1002.1073619631902,3.5
20266,1.0,1418,2026-01-10T20:20,SIN_DEMANDA,0,,,,,,,0,0,0,163,852,1002.1073619631902,3.5
20266,1.0,1419,2026-01-10T20:30,SIN_DEMANDA,0,,,,,,,0,0,0,163,852,1002.1073619631902,3.5
20266,1.0,1420,2026-01-10T20:40,SIN_DEMANDA,0,,,,,,,0,0,0,163,852,1002.1073619631902,3.5
20266,1.0,1421,2026-01-10T20:50,SIN_DEMANDA,0,,,,,,,0,0,0,163,852,1002.1073619631902,3.5
20266,1.0,1422,2026-01-10T21:00,SIN_DEMANDA,0,,,,,,,0,0,0,163,852,1002.1073619631902,3.5
20266,1.0,1423,2026-01-10T21:10,SIN_DEMANDA,0,,,,,,,0,0,0,163,852,1002.1073619631902,3.5
20266,1.0,1424,2026-01-10T21:20,SIN_DEMANDA,0,,,,,,,0,0,0,163,852,1002.1073619631902,3.5
20266,1.0,1425,2026-01-10T21:30,SIN_DEMANDA,0,,,,,,,0,0,0,163,852,1002.1073619631902,3.5
20266,1.0,1426,2026-01-10T21:40,COMPLETA,2608.7306,298.5,298.5,44.0,186.0,1,0.25,1,0,0,163,852,1002.1073619631902,3.5
20266,1.0,1427,2026-01-10T21:50,COMPLETA,2825.1068,298.5,298.5,44.0,186.0,1,0.25,1,0,0,163,852,1002.1073619631902,3.5
20266,1.0,1428,2026-01-10T22:00,COMPLETA,2704.5409,298.5,298.5,44.0,186.0,1,0.25,1,0,0,163,852,1002.1073619631902,3.5
20266,1.0,1429,2026-01-10T22:10,COMPLETA,2587.9045,298.5,298.5,44.0,186.0,1,0.25,1,0,0,163,852,1002.1073619631902,3.5
20266,1.0,1430,2026-01-10T22:20,COMPLETA,2343.85,298.5,298.5,44.0,186.0,1,0.25,1,0,0,163,852,1002.1073619631902,3.5
20266,1.0,1431,2026-01-10T22:30,COMPLETA,2516.2121,298.5,298.5,44.0,186.0,1,0.25,1,0,0,163,852,1002.1073619631902,3.5
20266,1.0,1432,2026-01-10T22:40,COMPLETA,2782.5868,298.5,298.5,44.0,186.0,1,0.25,1,0,0,163,852,1002.1073619631902,3.5
20266,1.0,1433,2026-01-10T22:50,COMPLETA,5457.52,1455.1666666666667,238.5,58.0,387.0,2,0.2916666666666667,3,0,0,163,852,1002.1073619631902,3.5
20266,1.0,1434,2026-01-10T23:00,COMPLETA,4764.1089,1455.1666666666667,238.5,58.0,387.0,2,0.2916666666666667,3,0,2,163,852,1002.1073619631902,3.5
20266,1.0,1435,2026-01-10T23:10,COMPLETA,2768.4869,112.5,112.5,70.0,225.0,1,0.2916666666666667,1,0,1,163,852,1002.1073619631902,3.5
20266,1.0,1436,2026-01-10T23:20,SIN_DEMANDA,0,,,,,,,0,0,0,163,852,1002.1073619631902,3.5
20266,1.0,1437,2026-01-10T23:30,SIN_DEMANDA,0,,,,,,,0,0,0,163,852,1002.1073619631902,3.5
20266,1.0,1438,2026-01-10T23:40,COMPLETA,3936.562,65.5,65.5,116.0,294.0,1,0.4166666666666667,1,0,0,163,852,1002.1073619631902,3.5
20266,1.0,1439,2026-01-10T23:50,COMPLETA,3837.7979,65.5,65.5,116.0,294.0,1,0.4166666666666667,1,0,0,163,852,1002.1073619631902,3.5
20266,1.0,1440,2026-01-11T00:00,COMPLETA,3794.3704,65.5,65.5,116.0,294.0,1,0.4166666666666667,1,0,0,163,852,1002.1073619631902,3.5
20266,1.0,1441,2026-01-11T00:10,COMPLETA,4788.5926,525.25,65.5,156.0,474.0,2,0.22916666666666666,2,0,1,163,852,1002.1073619631902,3.5
20266,1.0,1442,2026-01-11T00:20,COMPLETA,3749.3771,65.5,65.5,116.0,294.0,1,0.4166666666666667,1,0,0,164,853,1008.6768292682926,3.5
20266,1.0,1443,2026-01-11T00:30,COMPLETA,4784.5349,113.0,65.5,138.0,447.0,2,0.2708333333333333,2,0,1,164,853,1008.6768292682926,3.5
20266,1.0,1444,2026-01-11T00:40,COMPLETA,3858.8177,65.5,65.5,116.0,294.0,1,0.4166666666666667,1,0,0,165,860,1014.9727272727273,3.5
20266,1.0,1445,2026-01-11T00:50,COMPLETA,3547.3161,65.5,65.5,116.0,294.0,1,0.4166666666666667,1,0,0,165,860,1014.9727272727273,3.5
20266,1.0,1446,2026-01-11T01:00,COMPLETA,4155.6609,65.5,65.5,116.0,294.0,1,0.4166666666666667,1,0,0,165,860,1014.9727272727273,3.5
20266,1.0,1447,2026-01-11T01:10,COMPLETA,4005.9486,65.5,65.5,116.0,294.0,1,0.4166666666666667,1,0,0,165,860,1014.9727272727273,3.5
20266,1.0,1448,2026-01-11T01:20,COMPLETA,3732.8825,65.5,65.5,116.0,294.0,1,0.4166666666666667,1,0,0,166,867,1009.5361445783133,3.5
20266,1.0,1449,2026-01-11T01:30,COMPLETA,4116.9277,65.5,65.5,116.0,294.0,1,0.4166666666666667,1,0,0,166,867,1009.5361445783133,3.5
20266,1.0,1450,2026-01-11T01:40,COMPLETA,3932.5196,65.5,65.5,116.0,294.0,1,0.4166666666666667,1,0,0,167,868,1009.3892215568862,3.5
20266,1.0,1451,2026-01-11T01:50,COMPLETA,3477.5086,65.5,65.5,116.0,294.0,1,0.4166666666666667,1,0,0,169,877,999.8047337278107,3.5
20266,1.0,1452,2026-01-11T02:00,COMPLETA,3683.4135,65.5,65.5,116.0,294.0,1,0.4166666666666667,1,0,0,169,877,999.8047337278107,3.5
20266,1.0,1453,2026-01-11T02:10,COMPLETA,3776.8203,65.5,65.5,116.0,294.0,1,0.4166666666666667,1,0,0,169,877,999.8047337278107,3.5
20266,1.0,1454,2026-01-11T02:20,COMPLETA,3653.3727,65.5,65.5,116.0,294.0,1,0.4166666666666667,1,0,0,169,877,999.8047337278107,3.5
20266,1.0,1455,2026-01-11T02:30,COMPLETA,3736.6232,65.5,65.5,116.0,294.0,1,0.4166666666666667,1,0,0,169,877,999.8047337278107,3.5
20266,1.0,1456,2026-01-11T02:40,COMPLETA,3679.0562,65.5,65.5,116.0,294.0,1,0.4166666666666667,1,0,0,169,877,999.8047337278107,3.5
20266,1.0,1457,2026-01-11T02:50,COMPLETA,3604.7068,299.5,299.5,116.0,234.0,1,0.4166666666666667,1,0,0,169,877,999.8047337278107,3.5
20266,1.0,1458,2026-01-11T03:00,COMPLETA,4932.3468,463.75,299.5,152.0,348.0,2,0.2708333333333333,2,0,2,169,877,999.8047337278107,3.5
20266,1.0,1459,2026-01-11T03:10,COMPLETA,2866.7479,707.0,707.0,84.0,246.0,1,0.3333333333333333,1,0,0,169,877,999.8047337278107,3.5
20266,1.0,1460,2026-01-11T03:20,COMPLETA,2898.7329,707.0,707.0,84.0,246.0,1,0.3333333333333333,1,0,0,169,877,999.8047337278107,3.5
20266,1.0,1461,2026-01-11T03:30,COMPLETA,2885.4368,707.0,707.0,84.0,246.0,1,0.3333333333333333,1,0,0,169,877,999.8047337278107,3.5
20266,1.0,1462,2026-01-11T03:40,COMPLETA,5392.2066,471.25,235.5,162.0,423.0,1,0.75,2,0,0,169,877,999.8047337278107,3.5
20266,1.0,1463,2026-01-11T03:50,COMPLETA,5270.5504,471.25,235.5,162.0,423.0,1,0.75,2,0,0,169,877,999.8047337278107,3.5
20266,1.0,1464,2026-01-11T04:00,COMPLETA,5363.1268,471.25,235.5,162.0,423.0,1,0.75,2,0,0,169,877,999.8047337278107,3.5
20266,1.0,1465,2026-01-11T04:10,COMPLETA,5217.1477,471.25,235.5,162.0,423.0,1,0.75,2,0,0,169,877,999.8047337278107,3.5
20266,1.0,1466,2026-01-11T04:20,COMPLETA,5223.3094,471.25,235.5,162.0,423.0,1,0.75,2,0,0,169,877,999.8047337278107,3.5
20266,1.0,1467,2026-01-11T04:30,COMPLETA,5377.4721,471.25,235.5,162.0,423.0,1,0.75,2,0,0,170,880,997.6176470588235,3.5
20266,1.0,1468,2026-01-11T04:40,COMPLETA,5300.078,471.25,235.5,162.0,423.0,1,0.75,2,0,0,170,880,997.6176470588235,3.5
20266,1.0,1469,2026-01-11T04:50,COMPLETA,5243.4273,471.25,235.5,162.0,423.0,1,0.75,2,0,0,170,880,997.6176470588235,3.5
20266,1.0,1470,2026-01-11T05:00,COMPLETA,5076.593,471.25,235.5,162.0,423.0,1,0.75,2,0,0,170,880,997.6176470588235,3.5
20266,1.0,1471,2026-01-11T05:10,COMPLETA,5521.6207,471.25,235.5,162.0,423.0,1,0.75,2,0,0,170,880,997.6176470588235,3.5
20266,1.0,1472,2026-01-11T05:20,COMPLETA,5007.8103,471.25,235.5,162.0,423.0,1,0.75,2,0,0,170,880,997.6176470588235,3.5
20266,1.0,1473,2026-01-11T05:30,COMPLETA,5261.2985,471.25,235.5,162.0,423.0,1,0.75,2,0,0,170,880,997.6176470588235,3.5
20266,1.0,1474,2026-01-11T05:40,COMPLETA,5153.9697,471.25,235.5,162.0,423.0,1,0.75,2,0,0,170,880,997.6176470588235,3.5
20266,1.0,1475,2026-01-11T05:50,COMPLETA,5431.0587,471.25,235.5,162.0,423.0,1,0.75,2,0,0,170,880,997.6176470588235,3.5
20266,1.0,1476,2026-01-11T06:00,COMPLETA,5306.7269,471.25,235.5,162.0,423.0,1,0.75,2,0,0,170,880,997.6176470588235,3.5
20266,1.0,1477,2026-01-11T06:10,COMPLETA,5139.9321,471.25,235.5,162.0,423.0,1,0.75,2,0,0,170,880,997.6176470588235,3.5
20266,1.0,1478,2026-01-11T06:20,COMPLETA,5377.0638,993.8333333333334,235.5,222.0,633.0,2,0.4375,3,0,0,170,880,997.6176470588235,3.5
20266,1.0,1479,2026-01-11T06:30,COMPLETA,5466.488,993.8333333333334,235.5,222.0,633.0,2,0.4375,3,0,0,170,880,997.6176470588235,3.5
20266,1.0,1480,2026-01-11T06:40,COMPLETA,5726.0,993.8333333333334,235.5,222.0,633.0,2,0.4375,3,0,0,171,890,993.5350877192982,3.5
20266,1.0,1481,2026-01-11T06:50,COMPLETA,5332.2694,993.8333333333334,235.5,222.0,633.0,2,0.4375,3,0,0,171,890,993.5350877192982,3.5
20266,1.0,1482,2026-01-11T07:00,COMPLETA,5407.7586,993.8333333333334,235.5,222.0,633.0,2,0.4375,3,0,2,171,890,993.5350877192982,3.5
20266,1.0,1483,2026-01-11T07:10,SIN_DEMANDA,0,,,,,,,0,0,0,171,890,993.5350877192982,3.5
20266,1.0,1484,2026-01-11T07:20,SIN_DEMANDA,0,,,,,,,0,0,0,171,890,993.5350877192982,3.5
20266,1.0,1485,2026-01-11T07:30,SIN_DEMANDA,0,,,,,,,0,0,0,171,890,993.5350877192982,3.5
20266,1.0,1486,2026-01-11T07:40,SIN_DEMANDA,0,,,,,,,0,0,0,171,890,993.5350877192982,3.5
20266,1.0,1487,2026-01-11T07:50,SIN_DEMANDA,0,,,,,,,0,0,0,171,890,993.5350877192982,3.5
20266,1.0,1488,2026-01-11T08:00,SIN_DEMANDA,0,,,,,,,0,0,0,171,890,993.5350877192982,3.5
20266,1.0,1489,2026-01-11T08:10,SIN_DEMANDA,0,,,,,,,0,0,0,171,890,993.5350877192982,3.5
20266,1.0,1490,2026-01-11T08:20,SIN_DEMANDA,0,,,,,,,0,0,0,171,890,993.5350877192982,3.5
20266,1.0,1491,2026-01-11T08:30,SIN_DEMANDA,0,,,,,,,0,0,0,172,893,999.6133720930233,3.5
20266,1.0,1492,2026-01-11T08:40,SIN_DEMANDA,0,,,,,,,0,0,0,172,893,999.6133720930233,3.5
20266,1.0,1493,2026-01-11T08:50,SIN_DEMANDA,0,,,,,,,0,0,0,172,893,999.6133720930233,3.5
20266,1.0,1494,2026-01-11T09:00,SIN_DEMANDA,0,,,,,,,0,0,0,172,893,999.6133720930233,3.5
20266,1.0,1495,2026-01-11T09:10,SIN_DEMANDA,0,,,,,,,0,0,0,172,893,999.6133720930233,3.5
20266,1.0,1496,2026-01-11T09:20,SIN_DEMANDA,0,,,,,,,0,0,0,173,901,997.9219653179191,3.5
20266,1.0,1497,2026-01-11T09:30,SIN_DEMANDA,0,,,,,,,0,0,0,173,901,997.9219653179191,3.5
20266,1.0,1498,2026-01-11T09:40,COMPLETA,2787.9345,384.5,384.5,44.0,374.5,1,0.2916666666666667,1,0,0,173,901,997.9219653179191,3.5
20266,1.0,1499,2026-01-11T09:50,COMPLETA,5287.5552,1129.75,823.5,214.0,1108.5,3,0.2222222222222222,2,0,1,173,901,997.9219653179191,3.5
20266,1.0,1500,2026-01-11T10:00,COMPLETA,4024.299,1436.0,1436.0,82.0,431.5,1,0.375,1,0,0,173,901,997.9219653179191,3.5
20266,1.0,1501,2026-01-11T10:10,COMPLETA,4039.9534,1436.0,1436.0,82.0,431.5,1,0.375,1,0,0,173,901,997.9219653179191,3.5
20266,1.0,1502,2026-01-11T10:20,COMPLETA,4069.8905,1436.0,1436.0,82.0,431.5,1,0.375,1,0,0,173,901,997.9219653179191,3.5
20266,1.0,1503,2026-01-11T10:30,COMPLETA,3941.9733,1436.0,1436.0,82.0,431.5,1,0.375,1,0,0,173,901,997.9219653179191,3.5
20266,1.0,1504,2026-01-11T10:40,COMPLETA,3999.6689,1436.0,1436.0,82.0,431.5,1,0.375,1,0,0,173,901,997.9219653179191,3.5
20266,1.0,1505,2026-01-11T10:50,COMPLETA,4130.3991,1436.0,1436.0,82.0,431.5,1,0.375,1,0,0,173,901,997.9219653179191,3.5
20266,1.0,1506,2026-01-11T11:00,COMPLETA,3869.0428,1436.0,1436.0,82.0,431.5,1,0.375,1,0,0,173,901,997.9219653179191,3.5
20266,1.0,1507,2026-01-11T11:10,COMPLETA,3769.0789,1436.0,1436.0,82.0,431.5,1,0.375,1,0,0,173,901,997.9219653179191,3.5
20266,1.0,1508,2026-01-11T11:20,COMPLETA,3902.8413,1436.0,1436.0,82.0,431.5,1,0.375,1,0,0,173,901,997.9219653179191,3.5
20266,1.0,1509,2026-01-11T11:30,COMPLETA,4000.5207,1436.0,1436.0,82.0,431.5,1,0.375,1,0,0,173,901,997.9219653179191,3.5
20266,1.0,1510,2026-01-11T11:40,COMPLETA,3866.5331,1436.0,1436.0,82.0,431.5,1,0.375,1,0,0,173,901,997.9219653179191,3.5
20266,1.0,1511,2026-01-11T11:50,COMPLETA,4027.1719,1436.0,1436.0,82.0,431.5,1,0.375,1,0,0,174,911,993.5402298850574,3.5
20266,1.0,1512,2026-01-11T12:00,COMPLETA,4051.6342,1436.0,1436.0,82.0,431.5,1,0.375,1,0,0,174,911,993.5402298850574,3.5
20266,1.0,1513,2026-01-11T12:10,COMPLETA,3867.6879,1436.0,1436.0,82.0,431.5,1,0.375,1,0,0,174,911,993.5402298850574,3.5
20266,1.0,1514,2026-01-11T12:20,COMPLETA,3905.1799,1436.0,1436.0,82.0,431.5,1,0.375,1,0,0,174,911,993.5402298850574,3.5
20266,1.0,1515,2026-01-11T12:30,COMPLETA,3921.5821,1436.0,1436.0,82.0,431.5,1,0.375,1,0,0,174,911,993.5402298850574,3.5
20266,1.0,1516,2026-01-11T12:40,COMPLETA,3968.0043,1436.0,1436.0,82.0,431.5,1,0.375,1,0,0,174,911,993.5402298850574,3.5
20266,1.0,1517,2026-01-11T12:50,COMPLETA,4904.4365,922.25,408.5,96.0,512.5,2,0.22916666666666666,2,0,1,174,911,993.5402298850574,3.5
20266,1.0,1518,2026-01-11T13:00,COMPLETA,3907.6442,1436.0,1436.0,82.0,431.5,1,0.375,1,0,0,174,911,993.5402298850574,3.5
20266,1.0,1519,2026-01-11T13:10,COMPLETA,3926.6441,1436.0,1436.0,82.0,431.5,1,0.375,1,0,0,174,911,993.5402298850574,3.5
20266,1.0,1520,2026-01-11T13:20,COMPLETA,3867.7243,1436.0,1436.0,82.0,431.5,1,0.375,1,0,0,174,911,993.5402298850574,3.5
20266,1.0,1521,2026-01-11T13:30,COMPLETA,5333.9416,934.0,264.5,96.0,324.0,1,0.7916666666666666,2,0,0,174,911,993.5402298850574,3.5
20266,1.0,1522,2026-01-11T13:40,COMPLETA,5154.1923,934.0,264.5,96.0,324.0,1,0.7916666666666666,2,0,0,174,911,993.5402298850574,3.5
20266,1.0,1523,2026-01-11T13:50,COMPLETA,5551.2494,934.0,264.5,96.0,324.0,1,0.7916666666666666,2,0,0,175,918,992.5685714285714,3.5
20266,1.0,1524,2026-01-11T14:00,COMPLETA,5081.5928,934.0,264.5,96.0,324.0,1,0.7916666666666666,2,0,0,175,918,992.5685714285714,3.5
20266,1.0,1525,2026-01-11T14:10,COMPLETA,5101.2,934.0,264.5,96.0,324.0,1,0.7916666666666666,2,0,0,176,920,989.25,3.5
20266,1.0,1526,2026-01-11T14:20,COMPLETA,5181.4136,934.0,264.5,96.0,324.0,1,0.7916666666666666,2,0,0,176,920,989.25,3.5
20266,1.0,1527,2026-01-11T14:30,COMPLETA,5180.1312,934.0,264.5,96.0,324.0,1,0.7916666666666666,2,0,0,176,920,989.25,3.5
20266,1.0,1528,2026-01-11T14:40,COMPLETA,5146.3896,934.0,264.5,96.0,324.0,1,0.7916666666666666,2,0,0,176,920,989.25,3.5
20266,1.0,1529,2026-01-11T14:50,COMPLETA,5307.1237,657.0,103.0,166.0,550.5,2,0.5833333333333334,3,0,0,176,920,989.25,3.5
20266,1.0,1530,2026-01-11T15:00,COMPLETA,5562.8406,657.0,103.0,166.0,550.5,2,0.5833333333333334,3,0,2,176,920,989.25,3.5
20266,1.0,1531,2026-01-11T15:10,SIN_DEMANDA,0,,,,,,,0,0,0,176,920,989.25,3.5
20266,1.0,1532,2026-01-11T15:20,SIN_DEMANDA,0,,,,,,,0,0,0,176,920,989.25,3.5
20266,1.0,1533,2026-01-11T15:30,SIN_DEMANDA,0,,,,,,,0,0,0,176,920,989.25,3.5
20266,1.0,1534,2026-01-11T15:40,SIN_DEMANDA,0,,,,,,,0,0,0,176,920,989.25,3.5
20266,1.0,1535,2026-01-11T15:50,SIN_DEMANDA,0,,,,,,,0,0,0,176,920,989.25,3.5
20266,1.0,1536,2026-01-11T16:00,SIN_DEMANDA,0,,,,,,,0,0,0,176,920,989.25,3.5
20266,1.0,1537,2026-01-11T16:10,COMPLETA,1948.6468,2033.0,2033.0,56.0,232.5,1,0.16666666666666666,1,0,1,176,920,989.25,3.5
20266,1.0,1538,2026-01-11T16:20,SIN_DEMANDA,0,,,,,,,0,0,0,176,920,989.25,3.5
20266,1.0,1539,2026-01-11T16:30,SIN_DEMANDA,0,,,,,,,0,0,0,176,920,989.25,3.5
20266,1.0,1540,2026-01-11T16:40,SIN_DEMANDA,0,,,,,,,0,0,0,176,920,989.25,3.5
20266,1.0,1541,2026-01-11T16:50,SIN_DEMANDA,0,,,,,,,0,0,0,176,920,989.25,3.5
20266,1.0,1542,2026-01-11T17:00,SIN_DEMANDA,0,,,,,,,0,0,0,177,930,985.1553672316384,3.5
20266,1.0,1543,2026-01-11T17:10,SIN_DEMANDA,0,,,,,,,0,0,0,178,939,980.1994382022472,3.5
20266,1.0,1544,2026-01-11T17:20,SIN_DEMANDA,0,,,,,,,0,0,0,178,939,980.1994382022472,3.5
20266,1.0,1545,2026-01-11T17:30,COMPLETA,1949.6092,2086.0,2086.0,16.0,84.0,1,0.16666666666666666,1,0,1,178,939,980.1994382022472,3.5
20266,1.0,1546,2026-01-11T17:40,SIN_DEMANDA,0,,,,,,,0,0,0,178,939,980.1994382022472,3.5
20266,1.0,1547,2026-01-11T17:50,COMPLETA,3983.7219,1672.5,1672.5,94.0,261.0,1,0.4166666666666667,1,0,0,178,939,980.1994382022472,3.5
20266,1.0,1548,2026-01-11T18:00,COMPLETA,3986.4635,1672.5,1672.5,94.0,261.0,1,0.4166666666666667,1,0,0,178,939,980.1994382022472,3.5
20266,1.0,1549,2026-01-11T18:10,COMPLETA,3961.461,1672.5,1672.5,94.0,261.0,1,0.4166666666666667,1,0,0,178,939,980.1994382022472,3.5
20266,1.0,1550,2026-01-11T18:20,COMPLETA,4060.5667,1672.5,1672.5,94.0,261.0,1,0.4166666666666667,1,0,0,179,943,986.0810055865921,3.5
20266,1.0,1551,2026-01-11T18:30,COMPLETA,3721.5096,1672.5,1672.5,94.0,261.0,1,0.4166666666666667,1,0,0,179,943,986.0810055865921,3.5
20266,1.0,1552,2026-01-11T18:40,COMPLETA,3959.7216,1672.5,1672.5,94.0,261.0,1,0.4166666666666667,1,0,0,179,943,986.0810055865921,3.5
20266,1.0,1553,2026-01-11T18:50,COMPLETA,3799.6494,1672.5,1672.5,94.0,261.0,1,0.4166666666666667,1,0,0,180,947,992.1916666666667,3.5
20266,1.0,1554,2026-01-11T19:00,COMPLETA,3823.3228,1672.5,1672.5,94.0,261.0,1,0.4166666666666667,1,0,0,181,956,995.5690607734807,3.5
20266,1.0,1555,2026-01-11T19:10,COMPLETA,3665.1002,1672.5,1672.5,94.0,261.0,1,0.4166666666666667,1,0,0,181,956,995.5690607734807,3.5
20266,1.0,1556,2026-01-11T19:20,COMPLETA,3929.6389,1672.5,1672.5,94.0,261.0,1,0.4166666666666667,1,0,0,181,956,995.5690607734807,3.5
20266,1.0,1557,2026-01-11T19:30,COMPLETA,3666.88,1672.5,1672.5,94.0,261.0,1,0.4166666666666667,1,0,0,181,956,995.5690607734807,3.5
20266,1.0,1558,2026-01-11T19:40,COMPLETA,3689.4596,1672.5,1672.5,94.0,261.0,1,0.4166666666666667,1,0,0,181,956,995.5690607734807,3.5
20266,1.0,1559,2026-01-11T19:50,COMPLETA,3957.8682,1672.5,1672.5,94.0,261.0,1,0.4166666666666667,1,0,0,181,956,995.5690607734807,3.5
20266,1.0,1560,2026-01-11T20:00,COMPLETA,3649.8496,1672.5,1672.5,94.0,261.0,1,0.4166666666666667,1,0,0,181,956,995.5690607734807,3.5
20266,1.0,1561,2026-01-11T20:10,COMPLETA,3963.8071,1672.5,1672.5,94.0,261.0,1,0.4166666666666667,1,0,0,181,956,995.5690607734807,3.5
20266,1.0,1562,2026-01-11T20:20,COMPLETA,3901.5133,1672.5,1672.5,94.0,261.0,1,0.4166666666666667,1,0,0,181,956,995.5690607734807,3.5
20266,1.0,1563,2026-01-11T20:30,COMPLETA,3894.9041,1672.5,1672.5,94.0,261.0,1,0.4166666666666667,1,0,0,181,956,995.5690607734807,3.5
20266,1.0,1564,2026-01-11T20:40,COMPLETA,3869.2053,1672.5,1672.5,94.0,261.0,1,0.4166666666666667,1,0,0,181,956,995.5690607734807,3.5
20266,1.0,1565,2026-01-11T20:50,COMPLETA,3855.9263,1672.5,1672.5,94.0,261.0,1,0.4166666666666667,1,0,0,181,956,995.5690607734807,3.5
20266,1.0,1566,2026-01-11T21:00,COMPLETA,4122.7874,1672.5,1672.5,94.0,261.0,1,0.4166666666666667,1,0,0,181,956,995.5690607734807,3.5
20266,1.0,1567,2026-01-11T21:10,COMPLETA,5144.3315,1808.0,1672.5,144.0,456.0,2,0.25,2,0,0,181,956,995.5690607734807,3.5
20266,1.0,1568,2026-01-11T21:20,COMPLETA,5314.8379,1808.0,1672.5,144.0,456.0,2,0.25,2,0,0,181,956,995.5690607734807,3.5
20266,1.0,1569,2026-01-11T21:30,COMPLETA,5451.3102,1808.0,1672.5,144.0,456.0,2,0.25,2,0,0,181,956,995.5690607734807,3.5
20266,1.0,1570,2026-01-11T21:40,COMPLETA,5120.0051,1808.0,1672.5,144.0,456.0,2,0.25,2,0,0,181,956,995.5690607734807,3.5
20266,1.0,1571,2026-01-11T21:50,COMPLETA,4893.8135,1808.0,1672.5,144.0,456.0,2,0.25,2,0,0,181,956,995.5690607734807,3.5
20266,1.0,1572,2026-01-11T22:00,COMPLETA,5117.4463,1808.0,1672.5,144.0,456.0,2,0.25,2,0,0,181,956,995.5690607734807,3.5
20266,1.0,1573,2026-01-11T22:10,COMPLETA,5647.348,1270.8333333333333,271.5,154.0,531.0,2,0.4375,3,0,0,181,956,995.5690607734807,3.5
20266,1.0,1574,2026-01-11T22:20,COMPLETA,5559.7832,1270.8333333333333,271.5,154.0,531.0,2,0.4375,3,0,0,181,956,995.5690607734807,3.5
20266,1.0,1575,2026-01-11T22:30,COMPLETA,5642.4044,1270.8333333333333,271.5,154.0,531.0,2,0.4375,3,0,0,181,956,995.5690607734807,3.5
20266,1.0,1576,2026-01-11T22:40,COMPLETA,5435.8652,1270.8333333333333,271.5,154.0,531.0,2,0.4375,3,0,0,181,956,995.5690607734807,3.5
20266,1.0,1577,2026-01-11T22:50,COMPLETA,5650.3698,1270.8333333333333,271.5,154.0,531.0,2,0.4375,3,0,0,181,956,995.5690607734807,3.5
20266,1.0,1578,2026-01-11T23:00,COMPLETA,5631.7083,1270.8333333333333,271.5,154.0,531.0,2,0.4375,3,0,2,181,956,995.5690607734807,3.5
20266,1.0,1579,2026-01-11T23:10,SIN_DEMANDA,0,,,,,,,0,0,0,181,956,995.5690607734807,3.5
20266,1.0,1580,2026-01-11T23:20,COMPLETA,2881.464,437.5,437.5,102.0,273.0,1,0.25,1,0,0,181,956,995.5690607734807,3.5
20266,1.0,1581,2026-01-11T23:30,COMPLETA,3040.7331,437.5,437.5,102.0,273.0,1,0.25,1,0,0,181,956,995.5690607734807,3.5
20266,1.0,1582,2026-01-11T23:40,COMPLETA,2829.5577,437.5,437.5,102.0,273.0,1,0.25,1,0,0,181,956,995.5690607734807,3.5
20266,1.0,1583,2026-01-11T23:50,COMPLETA,2936.4235,437.5,437.5,102.0,273.0,1,0.25,1,0,0,181,956,995.5690607734807,3.5
20266,1.0,1584,2026-01-12T00:00,COMPLETA,2789.413,437.5,437.5,102.0,273.0,1,0.25,1,0,0,181,956,995.5690607734807,3.5
20266,1.0,1585,2026-01-12T00:10,COMPLETA,2598.7459,437.5,437.5,102.0,273.0,1,0.25,1,0,0,181,956,995.5690607734807,3.5
20266,1.0,1586,2026-01-12T00:20,COMPLETA,2813.2244,437.5,437.5,102.0,273.0,1,0.25,1,0,0,181,956,995.5690607734807,3.5
20266,1.0,1587,2026-01-12T00:30,COMPLETA,2757.9475,437.5,437.5,102.0,273.0,1,0.25,1,0,0,181,956,995.5690607734807,3.5
20266,1.0,1588,2026-01-12T00:40,COMPLETA,2661.9903,437.5,437.5,102.0,273.0,1,0.25,1,0,0,182,958,1000.7774725274726,3.5
20266,1.0,1589,2026-01-12T00:50,COMPLETA,2748.6362,437.5,437.5,102.0,273.0,1,0.25,1,0,0,182,958,1000.7774725274726,3.5
20266,1.0,1590,2026-01-12T01:00,COMPLETA,3998.9452,524.5,437.5,156.0,414.0,2,0.1875,2,0,1,182,958,1000.7774725274726,3.5
20266,1.0,1591,2026-01-12T01:10,COMPLETA,5223.735,973.0,437.5,132.0,378.0,1,0.4583333333333333,2,0,0,182,958,1000.7774725274726,3.5
20266,1.0,1592,2026-01-12T01:20,COMPLETA,5100.8206,973.0,437.5,132.0,378.0,1,0.4583333333333333,2,0,0,182,958,1000.7774725274726,3.5
20266,1.0,1593,2026-01-12T01:30,COMPLETA,4913.3934,973.0,437.5,132.0,378.0,1,0.4583333333333333,2,0,0,182,958,1000.7774725274726,3.5
20266,1.0,1594,2026-01-12T01:40,COMPLETA,5158.8473,973.0,437.5,132.0,378.0,1,0.4583333333333333,2,0,0,183,967,996.7923497267759,3.5
20266,1.0,1595,2026-01-12T01:50,COMPLETA,5179.0235,973.0,437.5,132.0,378.0,1,0.4583333333333333,2,0,0,183,967,996.7923497267759,3.5
20266,1.0,1596,2026-01-12T02:00,COMPLETA,5097.4359,973.0,437.5,132.0,378.0,1,0.4583333333333333,2,0,0,183,967,996.7923497267759,3.5
20266,1.0,1597,2026-01-12T02:10,COMPLETA,5360.6156,701.5,158.5,150.0,465.0,2,0.2708333333333333,3,0,1,183,967,996.7923497267759,3.5
20266,1.0,1598,2026-01-12T02:20,COMPLETA,5055.9469,973.0,437.5,132.0,378.0,1,0.4583333333333333,2,0,0,183,967,996.7923497267759,3.5
20266,1.0,1599,2026-01-12T02:30,COMPLETA,5082.8439,973.0,437.5,132.0,378.0,1,0.4583333333333333,2,0,0,183,967,996.7923497267759,3.5
20266,1.0,1600,2026-01-12T02:40,COMPLETA,5797.9596,829.125,382.5,226.0,639.0,3,0.2916666666666667,4,0,1,183,967,996.7923497267759,3.5
20266,1.0,1601,2026-01-12T02:50,COMPLETA,5546.5114,978.0,679.0,174.0,501.0,2,0.3958333333333333,3,0,0,184,970,994.6983695652174,3.5
20266,1.0,1602,2026-01-12T03:00,COMPLETA,5716.4879,978.0,679.0,174.0,501.0,2,0.3958333333333333,3,0,0,184,970,994.6983695652174,3.5
20266,1.0,1603,2026-01-12T03:10,COMPLETA,5566.6852,978.0,679.0,174.0,501.0,2,0.3958333333333333,3,0,0,184,970,994.6983695652174,3.5
20266,1.0,1604,2026-01-12T03:20,COMPLETA,5969.567,1248.5,679.0,218.0,627.0,3,0.3194444444444444,4,0,2,185,980,997.9567567567567,3.5
20266,1.0,1605,2026-01-12T03:30,COMPLETA,5105.1193,1107.25,679.0,114.0,351.0,1,0.5416666666666666,2,0,0,186,982,993.4435483870968,3.5
20266,1.0,1606,2026-01-12T03:40,COMPLETA,5354.1763,1107.25,679.0,114.0,351.0,1,0.5416666666666666,2,0,0,186,982,993.4435483870968,3.5
20266,1.0,1607,2026-01-12T03:50,COMPLETA,5043.9185,1107.25,679.0,114.0,351.0,1,0.5416666666666666,2,0,0,186,982,993.4435483870968,3.5
20266,1.0,1608,2026-01-12T04:00,COMPLETA,5202.8884,1107.25,679.0,114.0,351.0,1,0.5416666666666666,2,0,0,186,982,993.4435483870968,3.5
20266,1.0,1609,2026-01-12T04:10,COMPLETA,5156.7831,1107.25,679.0,114.0,351.0,1,0.5416666666666666,2,0,0,186,982,993.4435483870968,3.5
20266,1.0,1610,2026-01-12T04:20,COMPLETA,5211.8127,1107.25,679.0,114.0,351.0,1,0.5416666666666666,2,0,0,187,984,990.1764705882352,3.5
20266,1.0,1611,2026-01-12T04:30,COMPLETA,5067.4033,1107.25,679.0,114.0,351.0,1,0.5416666666666666,2,0,0,187,984,990.1764705882352,3.5
20266,1.0,1612,2026-01-12T04:40,COMPLETA,5731.5176,1107.25,679.0,114.0,351.0,1,0.5416666666666666,2,0,0,187,984,990.1764705882352,3.5
20266,1.0,1613,2026-01-12T04:50,COMPLETA,5689.3183,1379.1666666666667,679.0,172.0,558.0,2,0.3125,3,0,0,187,984,990.1764705882352,3.5
20266,1.0,1614,2026-01-12T05:00,COMPLETA,5805.5355,1379.1666666666667,679.0,172.0,558.0,2,0.3125,3,0,0,188,988,995.8670212765958,3.5
20266,1.0,1615,2026-01-12T05:10,COMPLETA,5753.8908,1379.1666666666667,679.0,172.0,558.0,2,0.3125,3,0,0,188,988,995.8670212765958,3.5
20266,1.0,1616,2026-01-12T05:20,COMPLETA,5472.0804,1379.1666666666667,679.0,172.0,558.0,2,0.3125,3,0,0,189,994,994.4047619047619,3.5
20266,1.0,1617,2026-01-12T05:30,COMPLETA,6212.1393,1379.1666666666667,679.0,172.0,558.0,2,0.3125,3,0,0,189,994,994.4047619047619,3.5
20266,1.0,1618,2026-01-12T05:40,COMPLETA,6165.7077,1526.125,679.0,240.0,780.0,3,0.2222222222222222,4,0,0,189,994,994.4047619047619,3.5
20266,1.0,1619,2026-01-12T05:50,COMPLETA,6454.4075,1526.125,679.0,240.0,780.0,3,0.2222222222222222,4,0,0,189,994,994.4047619047619,3.5
20266,1.0,1620,2026-01-12T06:00,COMPLETA,6247.6102,1526.125,679.0,240.0,780.0,3,0.2222222222222222,4,0,0,189,994,994.4047619047619,3.5
20266,1.0,1621,2026-01-12T06:10,COMPLETA,6341.3557,1526.125,679.0,240.0,780.0,3,0.2222222222222222,4,0,0,189,994,994.4047619047619,3.5
20266,1.0,1622,2026-01-12T06:20,COMPLETA,6280.8979,1526.125,679.0,240.0,780.0,3,0.2222222222222222,4,0,0,189,994,994.4047619047619,3.5
20266,1.0,1623,2026-01-12T06:30,COMPLETA,6458.2692,1526.125,679.0,240.0,780.0,3,0.2222222222222222,4,0,0,189,994,994.4047619047619,3.5
20266,1.0,1624,2026-01-12T06:40,COMPLETA,6120.4874,1526.125,679.0,240.0,780.0,3,0.2222222222222222,4,0,0,189,994,994.4047619047619,3.5
20266,1.0,1625,2026-01-12T06:50,COMPLETA,6876.373,1526.125,679.0,240.0,780.0,3,0.2222222222222222,4,0,0,189,994,994.4047619047619,3.5
20266,1.0,1626,2026-01-12T07:00,COMPLETA,7026.1943,1526.125,679.0,240.0,780.0,3,0.2222222222222222,4,0,3,189,994,994.4047619047619,3.5
20266,1.0,1627,2026-01-12T07:10,SIN_DEMANDA,0,,,,,,,0,0,0,189,994,994.4047619047619,3.5
20266,1.0,1628,2026-01-12T07:20,SIN_DEMANDA,0,,,,,,,0,0,0,189,994,994.4047619047619,3.5
20266,1.0,1629,2026-01-12T07:30,SIN_DEMANDA,0,,,,,,,0,0,0,189,994,994.4047619047619,3.5
20266,1.0,1630,2026-01-12T07:40,SIN_DEMANDA,0,,,,,,,0,0,0,189,994,994.4047619047619,3.5
20266,1.0,1631,2026-01-12T07:50,SIN_DEMANDA,0,,,,,,,0,0,0,189,994,994.4047619047619,3.5
20266,1.0,1632,2026-01-12T08:00,SIN_DEMANDA,0,,,,,,,0,0,0,189,994,994.4047619047619,3.5
20266,1.0,1633,2026-01-12T08:10,SIN_DEMANDA,0,,,,,,,0,0,0,189,994,994.4047619047619,3.5
20266,1.0,1634,2026-01-12T08:20,SIN_DEMANDA,0,,,,,,,0,0,0,189,994,994.4047619047619,3.5
20266,1.0,1635,2026-01-12T08:30,SIN_DEMANDA,0,,,,,,,0,0,0,189,994,994.4047619047619,3.5
20266,1.0,1636,2026-01-12T08:40,SIN_DEMANDA,0,,,,,,,0,0,0,190,996,999.2921052631579,3.5
20266,1.0,1637,2026-01-12T08:50,SIN_DEMANDA,0,,,,,,,0,0,0,190,996,999.2921052631579,3.5
20266,1.0,1638,2026-01-12T09:00,SIN_DEMANDA,0,,,,,,,0,0,0,191,997,1004.3586387434555,3.5
20266,1.0,1639,2026-01-12T09:10,SIN_DEMANDA,0,,,,,,,0,0,0,191,997,1004.3586387434555,3.5
20266,1.0,1640,2026-01-12T09:20,SIN_DEMANDA,0,,,,,,,0,0,0,192,1005,1002.6640625,3.5
20266,1.0,1641,2026-01-12T09:30,SIN_DEMANDA,0,,,,,,,0,0,0,192,1005,1002.6640625,3.5
20266,1.0,1642,2026-01-12T09:40,SIN_DEMANDA,0,,,,,,,0,0,0,192,1005,1002.6640625,3.5
20266,1.0,1643,2026-01-12T09:50,SIN_DEMANDA,0,,,,,,,0,0,0,192,1005,1002.6640625,3.5
20266,1.0,1644,2026-01-12T10:00,SIN_DEMANDA,0,,,,,,,0,0,0,192,1005,1002.6640625,3.5
20266,1.0,1645,2026-01-12T10:10,SIN_DEMANDA,0,,,,,,,0,0,0,192,1005,1002.6640625,3.5
20266,1.0,1646,2026-01-12T10:20,SIN_DEMANDA,0,,,,,,,0,0,0,192,1005,1002.6640625,3.5
20266,1.0,1647,2026-01-12T10:30,SIN_DEMANDA,0,,,,,,,0,0,0,192,1005,1002.6640625,3.5
20266,1.0,1648,2026-01-12T10:40,SIN_DEMANDA,0,,,,,,,0,0,0,192,1005,1002.6640625,3.5
20266,1.0,1649,2026-01-12T10:50,SIN_DEMANDA,0,,,,,,,0,0,0,192,1005,1002.6640625,3.5
20266,1.0,1650,2026-01-12T11:00,SIN_DEMANDA,0,,,,,,,0,0,0,192,1005,1002.6640625,3.5
20266,1.0,1651,2026-01-12T11:10,SIN_DEMANDA,0,,,,,,,0,0,0,192,1005,1002.6640625,3.5
20266,1.0,1652,2026-01-12T11:20,SIN_DEMANDA,0,,,,,,,0,0,0,192,1005,1002.6640625,3.5
20266,1.0,1653,2026-01-12T11:30,SIN_DEMANDA,0,,,,,,,0,0,0,193,1010,1005.4248704663213,3.5
20266,1.0,1654,2026-01-12T11:40,COMPLETA,3189.1449,1804.5,1804.5,84.0,246.0,1,0.20833333333333334,1,0,0,193,1010,1005.4248704663213,3.5
20266,1.0,1655,2026-01-12T11:50,COMPLETA,3209.6426,1804.5,1804.5,84.0,246.0,1,0.20833333333333334,1,0,0,193,1010,1005.4248704663213,3.5
20266,1.0,1656,2026-01-12T12:00,COMPLETA,3101.2206,1804.5,1804.5,84.0,246.0,1,0.20833333333333334,1,0,0,193,1010,1005.4248704663213,3.5
20266,1.0,1657,2026-01-12T12:10,COMPLETA,3279.6662,1804.5,1804.5,84.0,246.0,1,0.20833333333333334,1,0,0,193,1010,1005.4248704663213,3.5
20266,1.0,1658,2026-01-12T12:20,COMPLETA,3044.7168,1804.5,1804.5,84.0,246.0,1,0.20833333333333334,1,0,0,193,1010,1005.4248704663213,3.5
20266,1.0,1659,2026-01-12T12:30,COMPLETA,3160.9441,1804.5,1804.5,84.0,246.0,1,0.20833333333333334,1,0,0,193,1010,1005.4248704663213,3.5
20266,1.0,1660,2026-01-12T12:40,COMPLETA,3071.3793,1804.5,1804.5,84.0,246.0,1,0.20833333333333334,1,0,0,193,1010,1005.4248704663213,3.5
20266,1.0,1661,2026-01-12T12:50,COMPLETA,3179.6436,1804.5,1804.5,84.0,246.0,1,0.20833333333333334,1,0,0,193,1010,1005.4248704663213,3.5
20266,1.0,1662,2026-01-12T13:00,COMPLETA,4169.8562,984.5,164.5,102.0,333.0,2,0.16666666666666666,2,0,1,193,1010,1005.4248704663213,3.5
20266,1.0,1663,2026-01-12T13:10,COMPLETA,2953.8661,1804.5,1804.5,84.0,246.0,1,0.20833333333333334,1,0,0,193,1010,1005.4248704663213,3.5
20266,1.0,1664,2026-01-12T13:20,COMPLETA,2894.9394,1804.5,1804.5,84.0,246.0,1,0.20833333333333334,1,0,0,193,1010,1005.4248704663213,3.5
20266,1.0,1665,2026-01-12T13:30,COMPLETA,3017.9783,1804.5,1804.5,84.0,246.0,1,0.20833333333333334,1,0,0,193,1010,1005.4248704663213,3.5
20266,1.0,1666,2026-01-12T13:40,COMPLETA,3007.7864,1804.5,1804.5,84.0,246.0,1,0.20833333333333334,1,0,0,193,1010,1005.4248704663213,3.5
20266,1.0,1667,2026-01-12T13:50,COMPLETA,3182.5813,1804.5,1804.5,84.0,246.0,1,0.20833333333333334,1,0,0,193,1010,1005.4248704663213,3.5
20266,1.0,1668,2026-01-12T14:00,COMPLETA,3051.8495,1804.5,1804.5,84.0,246.0,1,0.20833333333333334,1,0,0,193,1010,1005.4248704663213,3.5
20266,1.0,1669,2026-01-12T14:10,COMPLETA,2745.4115,1804.5,1804.5,84.0,246.0,1,0.20833333333333334,1,0,0,193,1010,1005.4248704663213,3.5
20266,1.0,1670,2026-01-12T14:20,COMPLETA,3141.6199,1804.5,1804.5,84.0,246.0,1,0.20833333333333334,1,0,0,194,1013,1001.090206185567,3.5
20266,1.0,1671,2026-01-12T14:30,COMPLETA,5278.5069,931.0,57.5,160.0,480.0,2,0.20833333333333334,2,0,0,194,1013,1001.090206185567,3.5
20266,1.0,1672,2026-01-12T14:40,COMPLETA,5509.6866,931.0,57.5,160.0,480.0,2,0.20833333333333334,2,0,0,194,1013,1001.090206185567,3.5
20266,1.0,1673,2026-01-12T14:50,COMPLETA,5867.6019,931.0,57.5,160.0,480.0,2,0.20833333333333334,2,0,0,194,1013,1001.090206185567,3.5
20266,1.0,1674,2026-01-12T15:00,COMPLETA,5699.4654,931.0,57.5,160.0,480.0,2,0.20833333333333334,2,0,2,194,1013,1001.090206185567,3.5
20266,1.0,1675,2026-01-12T15:10,SIN_DEMANDA,0,,,,,,,0,0,0,194,1013,1001.090206185567,3.5
20266,1.0,1676,2026-01-12T15:20,SIN_DEMANDA,0,,,,,,,0,0,0,194,1013,1001.090206185567,3.5
20266,1.0,1677,2026-01-12T15:30,COMPLETA,3132.8605,1537.5,1537.5,100.0,270.0,1,0.3333333333333333,1,0,0,194,1013,1001.090206185567,3.5
20266,1.0,1678,2026-01-12T15:40,COMPLETA,3177.799,1537.5,1537.5,100.0,270.0,1,0.3333333333333333,1,0,0,194,1013,1001.090206185567,3.5
20266,1.0,1679,2026-01-12T15:50,COMPLETA,2961.2576,1537.5,1537.5,100.0,270.0,1,0.3333333333333333,1,0,0,194,1013,1001.090206185567,3.5
20266,1.0,1680,2026-01-12T16:00,COMPLETA,3419.2427,1537.5,1537.5,100.0,270.0,1,0.3333333333333333,1,0,0,194,1013,1001.090206185567,3.5
20266,1.0,1681,2026-01-12T16:10,COMPLETA,3475.6014,1537.5,1537.5,100.0,270.0,1,0.3333333333333333,1,0,0,194,1013,1001.090206185567,3.5
20266,1.0,1682,2026-01-12T16:20,COMPLETA,6424.104,1044.0,550.5,292.0,798.0,3,0.25,2,0,1,194,1013,1001.090206185567,3.5
20266,1.0,1683,2026-01-12T16:30,COMPLETA,3399.9349,1537.5,1537.5,100.0,270.0,1,0.3333333333333333,1,0,0,194,1013,1001.090206185567,3.5
20266,1.0,1684,2026-01-12T16:40,COMPLETA,3669.6156,1537.5,1537.5,100.0,270.0,1,0.3333333333333333,1,0,0,194,1013,1001.090206185567,3.5
20266,1.0,1685,2026-01-12T16:50,COMPLETA,3550.4406,1537.5,1537.5,100.0,270.0,1,0.3333333333333333,1,0,0,194,1013,1001.090206185567,3.5
20266,1.0,1686,2026-01-12T17:00,COMPLETA,3274.3522,1537.5,1537.5,100.0,270.0,1,0.3333333333333333,1,0,0,194,1013,1001.090206185567,3.5
20266,1.0,1687,2026-01-12T17:10,COMPLETA,5034.1548,1242.0,946.5,198.0,477.0,2,0.20833333333333334,2,0,1,194,1013,1001.090206185567,3.5
20266,1.0,1688,2026-01-12T17:20,COMPLETA,3413.9701,1537.5,1537.5,100.0,270.0,1,0.3333333333333333,1,0,0,194,1013,1001.090206185567,3.5
20266,1.0,1689,2026-01-12T17:30,COMPLETA,5787.7655,1021.75,506.0,160.0,480.0,2,0.2708333333333333,2,0,0,195,1018,996.251282051282,3.5
20266,1.0,1690,2026-01-12T17:40,COMPLETA,6072.407,1371.3,506.0,178.0,583.2,3,0.2857142857142857,3,0,1,196,1023,1000.375,3.5
20266,1.0,1691,2026-01-12T17:50,COMPLETA,5794.0153,1021.75,506.0,160.0,480.0,2,0.2708333333333333,2,0,0,196,1023,1000.375,3.5
20266,1.0,1692,2026-01-12T18:00,COMPLETA,5700.1536,1021.75,506.0,160.0,480.0,2,0.2708333333333333,2,0,0,196,1023,1000.375,3.5
20266,1.0,1693,2026-01-12T18:10,COMPLETA,5413.2051,1021.75,506.0,160.0,480.0,2,0.2708333333333333,2,0,0,196,1023,1000.375,3.5
20266,1.0,1694,2026-01-12T18:20,COMPLETA,5633.6389,1021.75,506.0,160.0,480.0,2,0.2708333333333333,2,0,0,196,1023,1000.375,3.5
20266,1.0,1695,2026-01-12T18:30,COMPLETA,5425.5219,1144.75,506.0,160.0,420.0,2,0.2708333333333333,2,0,0,196,1023,1000.375,3.5
20266,1.0,1696,2026-01-12T18:40,COMPLETA,5537.0054,1144.75,506.0,160.0,360.0,2,0.2708333333333333,2,0,0,196,1023,1000.375,3.5
20266,1.0,1697,2026-01-12T18:50,COMPLETA,5538.2997,1144.75,506.0,160.0,360.0,2,0.2708333333333333,2,0,1,196,1023,1000.375,3.5
20266,1.0,1698,2026-01-12T19:00,COMPLETA,4283.3837,762.25,506.0,62.0,213.0,2,0.14583333333333334,2,0,2,196,1023,1000.375,3.5
20266,1.0,1699,2026-01-12T19:10,SIN_DEMANDA,0,,,,,,,0,0,0,198,1036,1003.5070707070706,3.5
20266,1.0,1700,2026-01-12T19:20,COMPLETA,2193.4563,398.8,398.8,16.0,183.2,1,0.375,1,0,1,198,1036,1003.5070707070706,3.5
20266,1.0,1701,2026-01-12T19:30,SIN_DEMANDA,0,,,,,,,0,0,0,199,1038,1003.2206030150753,3.5
20266,1.0,1702,2026-01-12T19:40,COLAPSO_PLANIFICACION,6543.8984,,,98.0,267.0,1,0.375,2,6,0,199,1038,1003.2206030150753,3.5
