semilla,factor_carga,ciclo,instante,estado,Ta_ms,holgura_plan_promedio_min,holgura_plan_minima_min,distancia_plan_km,tiempo_plan_rutas_min,vehiculos_plan,utilizacion_capacidad_plan,pedidos_plan,paquetes_sin_plan,rutas_despachadas,pedidos_entregados_acum,paquetes_entregados_acum,holgura_real_promedio_min,holgura_real_minima_min
20266,1.0,0,2026-01-01T00:00,SIN_DEMANDA,0,,,,,,,0,0,0,0,0,,
20266,1.0,1,2026-01-01T00:10,SIN_DEMANDA,0,,,,,,,0,0,0,0,0,,
20266,1.0,2,2026-01-01T00:20,SIN_DEMANDA,0,,,,,,,0,0,0,0,0,,
20266,1.0,3,2026-01-01T00:30,SIN_DEMANDA,0,,,,,,,0,0,0,0,0,,
20266,1.0,4,2026-01-01T00:40,SIN_DEMANDA,0,,,,,,,0,0,0,0,0,,
20266,1.0,5,2026-01-01T00:50,SIN_DEMANDA,0,,,,,,,0,0,0,0,0,,
20266,1.0,6,2026-01-01T01:00,SIN_DEMANDA,0,,,,,,,0,0,0,0,0,,
20266,1.0,7,2026-01-01T01:10,SIN_DEMANDA,0,,,,,,,0,0,0,0,0,,
20266,1.0,8,2026-01-01T01:20,SIN_DEMANDA,0,,,,,,,0,0,0,0,0,,
20266,1.0,9,2026-01-01T01:30,COMPLETA,1919.3566,2031.0,2031.0,50.0,135.0,1,0.08333333333333333,1,0,1,0,0,,
20266,1.0,10,2026-01-01T01:40,SIN_DEMANDA,0,,,,,,,0,0,0,0,0,,
20266,1.0,11,2026-01-01T01:50,SIN_DEMANDA,0,,,,,,,0,0,0,0,0,,
20266,1.0,12,2026-01-01T02:00,SIN_DEMANDA,0,,,,,,,0,0,0,0,0,,
20266,1.0,13,2026-01-01T02:10,SIN_DEMANDA,0,,,,,,,0,0,0,0,0,,
20266,1.0,14,2026-01-01T02:20,SIN_DEMANDA,0,,,,,,,0,0,0,0,0,,
20266,1.0,15,2026-01-01T02:30,SIN_DEMANDA,0,,,,,,,0,0,0,0,0,,
20266,1.0,16,2026-01-01T02:40,SIN_DEMANDA,0,,,,,,,0,0,0,0,0,,
20266,1.0,17,2026-01-01T02:50,SIN_DEMANDA,0,,,,,,,0,0,0,0,0,,
20266,1.0,18,2026-01-01T03:00,SIN_DEMANDA,0,,,,,,,0,0,0,0,0,,
20266,1.0,19,2026-01-01T03:10,SIN_DEMANDA,0,,,,,,,0,0,0,0,0,,
20266,1.0,20,2026-01-01T03:20,SIN_DEMANDA,0,,,,,,,0,0,0,0,0,,
20266,1.0,21,2026-01-01T03:30,SIN_DEMANDA,0,,,,,,,0,0,0,0,0,,
20266,1.0,22,2026-01-01T03:40,SIN_DEMANDA,0,,,,,,,0,0,0,1,2,2031.0,2031.0
20266,1.0,23,2026-01-01T03:50,SIN_DEMANDA,0,,,,,,,0,0,0,1,2,2031.0,2031.0
20266,1.0,24,2026-01-01T04:00,SIN_DEMANDA,0,,,,,,,0,0,0,1,2,2031.0,2031.0
20266,1.0,25,2026-01-01T04:10,SIN_DEMANDA,0,,,,,,,0,0,0,1,2,2031.0,2031.0
20266,1.0,26,2026-01-01T04:20,SIN_DEMANDA,0,,,,,,,0,0,0,1,2,2031.0,2031.0
20266,1.0,27,2026-01-01T04:30,SIN_DEMANDA,0,,,,,,,0,0,0,1,2,2031.0,2031.0
20266,1.0,28,2026-01-01T04:40,SIN_DEMANDA,0,,,,,,,0,0,0,1,2,2031.0,2031.0
20266,1.0,29,2026-01-01T04:50,SIN_DEMANDA,0,,,,,,,0,0,0,1,2,2031.0,2031.0
20266,1.0,30,2026-01-01T05:00,COMPLETA,2843.0873,868.0,868.0,72.0,348.0,2,0.125,1,0,0,1,2,2031.0,2031.0
20266,1.0,31,2026-01-01T05:10,COMPLETA,3240.8062,868.0,868.0,72.0,348.0,2,0.125,1,0,0,1,2,2031.0,2031.0
20266,1.0,32,2026-01-01T05:20,COMPLETA,3180.1246,868.0,868.0,72.0,348.0,2,0.125,1,0,0,1,2,2031.0,2031.0
20266,1.0,33,2026-01-01T05:30,COMPLETA,2914.971,868.0,868.0,72.0,348.0,2,0.125,1,0,0,1,2,2031.0,2031.0
20266,1.0,34,2026-01-01T05:40,COMPLETA,2473.8052,868.0,868.0,72.0,348.0,2,0.125,1,0,0,1,2,2031.0,2031.0
20266,1.0,35,2026-01-01T05:50,COMPLETA,2563.7656,868.0,868.0,72.0,348.0,2,0.125,1,0,0,1,2,2031.0,2031.0
20266,1.0,36,2026-01-01T06:00,COMPLETA,2382.5784,868.0,868.0,72.0,348.0,2,0.125,1,0,0,1,2,2031.0,2031.0
20266,1.0,37,2026-01-01T06:10,COMPLETA,2341.7403,868.0,868.0,72.0,348.0,2,0.125,1,0,0,1,2,2031.0,2031.0
20266,1.0,38,2026-01-01T06:20,COMPLETA,2422.697,868.0,868.0,72.0,348.0,2,0.125,1,0,0,1,2,2031.0,2031.0
20266,1.0,39,2026-01-01T06:30,COMPLETA,2171.5201,868.0,868.0,72.0,348.0,2,0.125,1,0,0,1,2,2031.0,2031.0
20266,1.0,40,2026-01-01T06:40,COMPLETA,2562.7616,868.0,868.0,72.0,348.0,2,0.125,1,0,0,1,2,2031.0,2031.0
20266,1.0,41,2026-01-01T06:50,COMPLETA,2587.4408,868.0,868.0,72.0,348.0,2,0.125,1,0,0,1,2,2031.0,2031.0
20266,1.0,42,2026-01-01T07:00,COMPLETA,2335.9516,868.0,868.0,72.0,348.0,2,0.125,1,0,2,1,2,2031.0,2031.0
20266,1.0,43,2026-01-01T07:10,SIN_DEMANDA,0,,,,,,,0,0,0,1,2,2031.0,2031.0
20266,1.0,44,2026-01-01T07:20,SIN_DEMANDA,0,,,,,,,0,0,0,1,2,2031.0,2031.0
20266,1.0,45,2026-01-01T07:30,SIN_DEMANDA,0,,,,,,,0,0,0,1,2,2031.0,2031.0
20266,1.0,46,2026-01-01T07:40,SIN_DEMANDA,0,,,,,,,0,0,0,1,2,2031.0,2031.0
20266,1.0,47,2026-01-01T07:50,SIN_DEMANDA,0,,,,,,,0,0,0,1,2,2031.0,2031.0
20266,1.0,48,2026-01-01T08:00,SIN_DEMANDA,0,,,,,,,0,0,0,1,2,2031.0,2031.0
20266,1.0,49,2026-01-01T08:10,SIN_DEMANDA,0,,,,,,,0,0,0,1,2,2031.0,2031.0
20266,1.0,50,2026-01-01T08:20,SIN_DEMANDA,0,,,,,,,0,0,0,1,2,2031.0,2031.0
20266,1.0,51,2026-01-01T08:30,SIN_DEMANDA,0,,,,,,,0,0,0,2,8,1449.5,868.0
20266,1.0,52,2026-01-01T08:40,SIN_DEMANDA,0,,,,,,,0,0,0,2,8,1449.5,868.0
20266,1.0,53,2026-01-01T08:50,SIN_DEMANDA,0,,,,,,,0,0,0,2,8,1449.5,868.0
20266,1.0,54,2026-01-01T09:00,COMPLETA,2738.4305,154.0,154.0,24.0,96.0,1,0.375,1,0,1,2,8,1449.5,868.0
20266,1.0,55,2026-01-01T09:10,SIN_DEMANDA,0,,,,,,,0,0,0,2,8,1449.5,868.0
20266,1.0,56,2026-01-01T09:20,SIN_DEMANDA,0,,,,,,,0,0,0,2,8,1449.5,868.0
20266,1.0,57,2026-01-01T09:30,SIN_DEMANDA,0,,,,,,,0,0,0,2,8,1449.5,868.0
20266,1.0,58,2026-01-01T09:40,SIN_DEMANDA,0,,,,,,,0,0,0,2,8,1449.5,868.0
20266,1.0,59,2026-01-01T09:50,SIN_DEMANDA,0,,,,,,,0,0,0,2,8,1449.5,868.0
20266,1.0,60,2026-01-01T10:00,SIN_DEMANDA,0,,,,,,,0,0,0,2,8,1449.5,868.0
20266,1.0,61,2026-01-01T10:10,SIN_DEMANDA,0,,,,,,,0,0,0,2,8,1449.5,868.0
20266,1.0,62,2026-01-01T10:20,COMPLETA,2905.5206,1125.5,171.5,36.0,174.0,2,0.25,2,0,2,3,17,1017.6666666666666,154.0
20266,1.0,63,2026-01-01T10:30,SIN_DEMANDA,0,,,,,,,0,0,0,3,17,1017.6666666666666,154.0
20266,1.0,64,2026-01-01T10:40,SIN_DEMANDA,0,,,,,,,0,0,0,3,17,1017.6666666666666,154.0
20266,1.0,65,2026-01-01T10:50,SIN_DEMANDA,0,,,,,,,0,0,0,3,17,1017.6666666666666,154.0
20266,1.0,66,2026-01-01T11:00,SIN_DEMANDA,0,,,,,,,0,0,0,3,17,1017.6666666666666,154.0
20266,1.0,67,2026-01-01T11:10,SIN_DEMANDA,0,,,,,,,0,0,0,3,17,1017.6666666666666,154.0
20266,1.0,68,2026-01-01T11:20,SIN_DEMANDA,0,,,,,,,0,0,0,3,17,1017.6666666666666,154.0
20266,1.0,69,2026-01-01T11:30,SIN_DEMANDA,0,,,,,,,0,0,0,4,19,806.125,154.0
20266,1.0,70,2026-01-01T11:40,SIN_DEMANDA,0,,,,,,,0,0,0,5,29,1060.8,154.0
20266,1.0,71,2026-01-01T11:50,SIN_DEMANDA,0,,,,,,,0,0,0,5,29,1060.8,154.0
20266,1.0,72,2026-01-01T12:00,SIN_DEMANDA,0,,,,,,,0,0,0,5,29,1060.8,154.0
20266,1.0,73,2026-01-01T12:10,SIN_DEMANDA,0,,,,,,,0,0,0,5,29,1060.8,154.0
20266,1.0,74,2026-01-01T12:20,SIN_DEMANDA,0,,,,,,,0,0,0,5,29,1060.8,154.0
20266,1.0,75,2026-01-01T12:30,SIN_DEMANDA,0,,,,,,,0,0,0,5,29,1060.8,154.0
20266,1.0,76,2026-01-01T12:40,SIN_DEMANDA,0,,,,,,,0,0,0,5,29,1060.8,154.0
20266,1.0,77,2026-01-01T12:50,SIN_DEMANDA,0,,,,,,,0,0,0,5,29,1060.8,154.0
20266,1.0,78,2026-01-01T13:00,COMPLETA,2625.7215,390.0,390.0,40.0,120.0,1,0.4166666666666667,1,0,1,5,29,1060.8,154.0
20266,1.0,79,2026-01-01T13:10,SIN_DEMANDA,0,,,,,,,0,0,0,5,29,1060.8,154.0
20266,1.0,80,2026-01-01T13:20,SIN_DEMANDA,0,,,,,,,0,0,0,5,29,1060.8,154.0
20266,1.0,81,2026-01-01T13:30,SIN_DEMANDA,0,,,,,,,0,0,0,5,29,1060.8,154.0
20266,1.0,82,2026-01-01T13:40,SIN_DEMANDA,0,,,,,,,0,0,0,5,29,1060.8,154.0
20266,1.0,83,2026-01-01T13:50,SIN_DEMANDA,0,,,,,,,0,0,0,5,29,1060.8,154.0
20266,1.0,84,2026-01-01T14:00,SIN_DEMANDA,0,,,,,,,0,0,0,5,29,1060.8,154.0
20266,1.0,85,2026-01-01T14:10,SIN_DEMANDA,0,,,,,,,0,0,0,5,29,1060.8,154.0
20266,1.0,86,2026-01-01T14:20,SIN_DEMANDA,0,,,,,,,0,0,0,5,29,1060.8,154.0
20266,1.0,87,2026-01-01T14:30,SIN_DEMANDA,0,,,,,,,0,0,0,6,39,949.0,154.0
20266,1.0,88,2026-01-01T14:40,SIN_DEMANDA,0,,,,,,,0,0,0,6,39,949.0,154.0
20266,1.0,89,2026-01-01T14:50,SIN_DEMANDA,0,,,,,,,0,0,0,6,39,949.0,154.0
20266,1.0,90,2026-01-01T15:00,COMPLETA,2883.2676,1006.5,1006.5,36.0,294.0,2,0.16666666666666666,1,0,2,6,39,949.0,154.0
20266,1.0,91,2026-01-01T15:10,SIN_DEMANDA,0,,,,,,,0,0,0,6,39,949.0,154.0
20266,1.0,92,2026-01-01T15:20,SIN_DEMANDA,0,,,,,,,0,0,0,6,39,949.0,154.0
20266,1.0,93,2026-01-01T15:30,SIN_DEMANDA,0,,,,,,,0,0,0,6,39,949.0,154.0
20266,1.0,94,2026-01-01T15:40,SIN_DEMANDA,0,,,,,,,0,0,0,6,39,949.0,154.0
20266,1.0,95,2026-01-01T15:50,SIN_DEMANDA,0,,,,,,,0,0,0,6,39,949.0,154.0
20266,1.0,96,2026-01-01T16:00,SIN_DEMANDA,0,,,,,,,0,0,0,6,39,949.0,154.0
20266,1.0,97,2026-01-01T16:10,SIN_DEMANDA,0,,,,,,,0,0,0,6,39,949.0,154.0
20266,1.0,98,2026-01-01T16:20,SIN_DEMANDA,0,,,,,,,0,0,0,7,47,957.2142857142857,154.0
20266,1.0,99,2026-01-01T16:30,COMPLETA,1545.8782,368.5,368.5,62.0,213.0,1,0.16666666666666666,1,0,1,7,47,957.2142857142857,154.0
20266,1.0,100,2026-01-01T16:40,SIN_DEMANDA,0,,,,,,,0,0,0,7,47,957.2142857142857,154.0
20266,1.0,101,2026-01-01T16:50,SIN_DEMANDA,0,,,,,,,0,0,0,7,47,957.2142857142857,154.0
20266,1.0,102,2026-01-01T17:00,SIN_DEMANDA,0,,,,,,,0,0,0,7,47,957.2142857142857,154.0
20266,1.0,103,2026-01-01T17:10,SIN_DEMANDA,0,,,,,,,0,0,0,7,47,957.2142857142857,154.0
20266,1.0,104,2026-01-01T17:20,SIN_DEMANDA,0,,,,,,,0,0,0,7,47,957.2142857142857,154.0
20266,1.0,105,2026-01-01T17:30,SIN_DEMANDA,0,,,,,,,0,0,0,7,47,957.2142857142857,154.0
20266,1.0,106,2026-01-01T17:40,SIN_DEMANDA,0,,,,,,,0,0,0,7,47,957.2142857142857,154.0
20266,1.0,107,2026-01-01T17:50,SIN_DEMANDA,0,,,,,,,0,0,0,7,47,957.2142857142857,154.0
20266,1.0,108,2026-01-01T18:00,SIN_DEMANDA,0,,,,,,,0,0,0,7,47,957.2142857142857,154.0
20266,1.0,109,2026-01-01T18:10,SIN_DEMANDA,0,,,,,,,0,0,0,7,47,957.2142857142857,154.0
20266,1.0,110,2026-01-01T18:20,COMPLETA,2608.4258,2061.0,2061.0,100.0,270.0,2,0.20833333333333334,1,0,2,8,51,883.625,154.0
20266,1.0,111,2026-01-01T18:30,SIN_DEMANDA,0,,,,,,,0,0,0,8,51,883.625,154.0
20266,1.0,112,2026-01-01T18:40,SIN_DEMANDA,0,,,,,,,0,0,0,8,51,883.625,154.0
20266,1.0,113,2026-01-01T18:50,SIN_DEMANDA,0,,,,,,,0,0,0,8,51,883.625,154.0
20266,1.0,114,2026-01-01T19:00,SIN_DEMANDA,0,,,,,,,0,0,0,8,51,883.625,154.0
20266,1.0,115,2026-01-01T19:10,SIN_DEMANDA,0,,,,,,,0,0,0,8,51,883.625,154.0
20266,1.0,116,2026-01-01T19:20,SIN_DEMANDA,0,,,,,,,0,0,0,8,51,883.625,154.0
20266,1.0,117,2026-01-01T19:30,SIN_DEMANDA,0,,,,,,,0,0,0,8,51,883.625,154.0
20266,1.0,118,2026-01-01T19:40,SIN_DEMANDA,0,,,,,,,0,0,0,8,51,883.625,154.0
20266,1.0,119,2026-01-01T19:50,SIN_DEMANDA,0,,,,,,,0,0,0,9,61,1014.4444444444445,154.0
20266,1.0,120,2026-01-01T20:00,COMPLETA,2578.6058,2046.5,2046.5,116.0,294.0,2,0.16666666666666666,1,0,2,9,61,1014.4444444444445,154.0
20266,1.0,121,2026-01-01T20:10,SIN_DEMANDA,0,,,,,,,0,0,0,9,61,1014.4444444444445,154.0
20266,1.0,122,2026-01-01T20:20,SIN_DEMANDA,0,,,,,,,0,0,0,9,61,1014.4444444444445,154.0
20266,1.0,123,2026-01-01T20:30,SIN_DEMANDA,0,,,,,,,0,0,0,9,61,1014.4444444444445,154.0
20266,1.0,124,2026-01-01T20:40,SIN_DEMANDA,0,,,,,,,0,0,0,9,61,1014.4444444444445,154.0
20266,1.0,125,2026-01-01T20:50,SIN_DEMANDA,0,,,,,,,0,0,0,9,61,1014.4444444444445,154.0
20266,1.0,126,2026-01-01T21:00,SIN_DEMANDA,0,,,,,,,0,0,0,9,61,1014.4444444444445,154.0
20266,1.0,127,2026-01-01T21:10,SIN_DEMANDA,0,,,,,,,0,0,0,9,61,1014.4444444444445,154.0
20266,1.0,128,2026-01-01T21:20,SIN_DEMANDA,0,,,,,,,0,0,0,9,61,1014.4444444444445,154.0
20266,1.0,129,2026-01-01T21:30,SIN_DEMANDA,0,,,,,,,0,0,0,9,61,1014.4444444444445,154.0
20266,1.0,130,2026-01-01T21:40,SIN_DEMANDA,0,,,,,,,0,0,0,9,61,1014.4444444444445,154.0
20266,1.0,131,2026-01-01T21:50,COMPLETA,2402.0828,547.5,547.5,80.0,360.0,2,0.16666666666666666,1,0,0,10,69,1117.65,154.0
20266,1.0,132,2026-01-01T22:00,COMPLETA,2306.9298,547.5,547.5,80.0,360.0,2,0.16666666666666666,1,0,0,10,69,1117.65,154.0
20266,1.0,133,2026-01-01T22:10,COMPLETA,2482.2125,547.5,547.5,80.0,360.0,2,0.16666666666666666,1,0,0,10,69,1117.65,154.0
20266,1.0,134,2026-01-01T22:20,COMPLETA,2351.8703,547.5,547.5,80.0,360.0,2,0.16666666666666666,1,0,0,10,69,1117.65,154.0
20266,1.0,135,2026-01-01T22:30,COMPLETA,2276.6384,547.5,547.5,80.0,360.0,2,0.16666666666666666,1,0,0,10,69,1117.65,154.0
20266,1.0,136,2026-01-01T22:40,COMPLETA,2284.6862,547.5,547.5,80.0,360.0,2,0.16666666666666666,1,0,0,10,69,1117.65,154.0
20266,1.0,137,2026-01-01T22:50,COMPLETA,2057.7691,547.5,547.5,80.0,360.0,2,0.16666666666666666,1,0,0,10,69,1117.65,154.0
20266,1.0,138,2026-01-01T23:00,COMPLETA,2282.9389,547.5,547.5,80.0,360.0,2,0.16666666666666666,1,0,2,10,69,1117.65,154.0
20266,1.0,139,2026-01-01T23:10,COMPLETA,1353.1764,2088.0,2088.0,12.0,138.0,1,0.16666666666666666,1,0,1,10,69,1117.65,154.0
20266,1.0,140,2026-01-01T23:20,SIN_DEMANDA,0,,,,,,,0,0,0,10,69,1117.65,154.0
20266,1.0,141,2026-01-01T23:30,SIN_DEMANDA,0,,,,,,,0,0,0,10,69,1117.65,154.0
20266,1.0,142,2026-01-01T23:40,SIN_DEMANDA,0,,,,,,,0,0,0,10,69,1117.65,154.0
20266,1.0,143,2026-01-01T23:50,SIN_DEMANDA,0,,,,,,,0,0,0,10,69,1117.65,154.0
20266,1.0,144,2026-01-02T00:00,SIN_DEMANDA,0,,,,,,,0,0,0,10,69,1117.65,154.0
20266,1.0,145,2026-01-02T00:10,SIN_DEMANDA,0,,,,,,,0,0,0,10,69,1117.65,154.0
20266,1.0,146,2026-01-02T00:20,SIN_DEMANDA,0,,,,,,,0,0,0,11,73,1205.8636363636363,154.0
20266,1.0,147,2026-01-02T00:30,SIN_DEMANDA,0,,,,,,,0,0,0,11,73,1205.8636363636363,154.0
20266,1.0,148,2026-01-02T00:40,SIN_DEMANDA,0,,,,,,,0,0,0,11,73,1205.8636363636363,154.0
20266,1.0,149,2026-01-02T00:50,SIN_DEMANDA,0,,,,,,,0,0,0,12,81,1151.0,154.0
20266,1.0,150,2026-01-02T01:00,SIN_DEMANDA,0,,,,,,,0,0,0,12,81,1151.0,154.0
20266,1.0,151,2026-01-02T01:10,SIN_DEMANDA,0,,,,,,,0,0,0,12,81,1151.0,154.0
20266,1.0,152,2026-01-02T01:20,SIN_DEMANDA,0,,,,,,,0,0,0,12,81,1151.0,154.0
20266,1.0,153,2026-01-02T01:30,COMPLETA,2255.1595,960.0,960.0,120.0,320.0,2,0.14583333333333334,1,0,2,12,81,1151.0,154.0
20266,1.0,154,2026-01-02T01:40,SIN_DEMANDA,0,,,,,,,0,0,0,12,81,1151.0,154.0
20266,1.0,155,2026-01-02T01:50,SIN_DEMANDA,0,,,,,,,0,0,0,12,81,1151.0,154.0
20266,1.0,156,2026-01-02T02:00,SIN_DEMANDA,0,,,,,,,0,0,0,12,81,1151.0,154.0
20266,1.0,157,2026-01-02T02:10,SIN_DEMANDA,0,,,,,,,0,0,0,12,81,1151.0,154.0
20266,1.0,158,2026-01-02T02:20,SIN_DEMANDA,0,,,,,,,0,0,0,12,81,1151.0,154.0
20266,1.0,159,2026-01-02T02:30,SIN_DEMANDA,0,,,,,,,0,0,0,12,81,1151.0,154.0
20266,1.0,160,2026-01-02T02:40,SIN_DEMANDA,0,,,,,,,0,0,0,12,81,1151.0,154.0
20266,1.0,161,2026-01-02T02:50,SIN_DEMANDA,0,,,,,,,0,0,0,12,81,1151.0,154.0
20266,1.0,162,2026-01-02T03:00,SIN_DEMANDA,0,,,,,,,0,0,0,12,81,1151.0,154.0
20266,1.0,163,2026-01-02T03:10,SIN_DEMANDA,0,,,,,,,0,0,0,12,81,1151.0,154.0
20266,1.0,164,2026-01-02T03:20,SIN_DEMANDA,0,,,,,,,0,0,0,12,81,1151.0,154.0
20266,1.0,165,2026-01-02T03:30,SIN_DEMANDA,0,,,,,,,0,0,0,13,88,1136.3076923076924,154.0
20266,1.0,166,2026-01-02T03:40,SIN_DEMANDA,0,,,,,,,0,0,0,13,88,1136.3076923076924,154.0
20266,1.0,167,2026-01-02T03:50,SIN_DEMANDA,0,,,,,,,0,0,0,13,88,1136.3076923076924,154.0
20266,1.0,168,2026-01-02T04:00,SIN_DEMANDA,0,,,,,,,0,0,0,13,88,1136.3076923076924,154.0
20266,1.0,169,2026-01-02T04:10,SIN_DEMANDA,0,,,,,,,0,0,0,13,88,1136.3076923076924,154.0
20266,1.0,170,2026-01-02T04:20,SIN_DEMANDA,0,,,,,,,0,0,0,13,88,1136.3076923076924,154.0
20266,1.0,171,2026-01-02T04:30,SIN_DEMANDA,0,,,,,,,0,0,0,13,88,1136.3076923076924,154.0
20266,1.0,172,2026-01-02T04:40,SIN_DEMANDA,0,,,,,,,0,0,0,13,88,1136.3076923076924,154.0
20266,1.0,173,2026-01-02T04:50,SIN_DEMANDA,0,,,,,,,0,0,0,13,88,1136.3076923076924,154.0
20266,1.0,174,2026-01-02T05:00,SIN_DEMANDA,0,,,,,,,0,0,0,13,88,1136.3076923076924,154.0
20266,1.0,175,2026-01-02T05:10,COMPLETA,2411.9642,1961.5,1961.5,76.0,354.0,2,0.125,1,0,0,13,88,1136.3076923076924,154.0
20266,1.0,176,2026-01-02T05:20,COMPLETA,2616.6972,1961.5,1961.5,76.0,354.0,2,0.125,1,0,0,13,88,1136.3076923076924,154.0
20266,1.0,177,2026-01-02T05:30,COMPLETA,2482.1835,1961.5,1961.5,76.0,354.0,2,0.125,1,0,0,13,88,1136.3076923076924,154.0
20266,1.0,178,2026-01-02T05:40,COMPLETA,2282.9684,1961.5,1961.5,76.0,354.0,2,0.125,1,0,0,13,88,1136.3076923076924,154.0
20266,1.0,179,2026-01-02T05:50,COMPLETA,2384.6573,1961.5,1961.5,76.0,354.0,2,0.125,1,0,0,13,88,1136.3076923076924,154.0
20266,1.0,180,2026-01-02T06:00,COMPLETA,2403.2283,1961.5,1961.5,76.0,354.0,2,0.125,1,0,0,13,88,1136.3076923076924,154.0
20266,1.0,181,2026-01-02T06:10,COMPLETA,2461.1279,1961.5,1961.5,76.0,354.0,2,0.125,1,0,0,13,88,1136.3076923076924,154.0
20266,1.0,182,2026-01-02T06:20,COMPLETA,2207.5022,1961.5,1961.5,76.0,354.0,2,0.125,1,0,0,13,88,1136.3076923076924,154.0
20266,1.0,183,2026-01-02T06:30,COMPLETA,2344.0861,1961.5,1961.5,76.0,354.0,2,0.125,1,0,0,13,88,1136.3076923076924,154.0
20266,1.0,184,2026-01-02T06:40,COMPLETA,2469.1216,1961.5,1961.5,76.0,354.0,2,0.125,1,0,0,13,88,1136.3076923076924,154.0
20266,1.0,185,2026-01-02T06:50,COMPLETA,2436.5605,1961.5,1961.5,76.0,354.0,2,0.125,1,0,0,13,88,1136.3076923076924,154.0
20266,1.0,186,2026-01-02T07:00,COMPLETA,2003.5373,1961.5,1961.5,76.0,354.0,2,0.125,1,0,2,13,88,1136.3076923076924,154.0
20266,1.0,187,2026-01-02T07:10,SIN_DEMANDA,0,,,,,,,0,0,0,13,88,1136.3076923076924,154.0
20266,1.0,188,2026-01-02T07:20,SIN_DEMANDA,0,,,,,,,0,0,0,13,88,1136.3076923076924,154.0
20266,1.0,189,2026-01-02T07:30,SIN_DEMANDA,0,,,,,,,0,0,0,13,88,1136.3076923076924,154.0
20266,1.0,190,2026-01-02T07:40,SIN_DEMANDA,0,,,,,,,0,0,0,13,88,1136.3076923076924,154.0
20266,1.0,191,2026-01-02T07:50,SIN_DEMANDA,0,,,,,,,0,0,0,13,88,1136.3076923076924,154.0
20266,1.0,192,2026-01-02T08:00,SIN_DEMANDA,0,,,,,,,0,0,0,13,88,1136.3076923076924,154.0
20266,1.0,193,2026-01-02T08:10,SIN_DEMANDA,0,,,,,,,0,0,0,13,88,1136.3076923076924,154.0
20266,1.0,194,2026-01-02T08:20,SIN_DEMANDA,0,,,,,,,0,0,0,13,88,1136.3076923076924,154.0
20266,1.0,195,2026-01-02T08:30,SIN_DEMANDA,0,,,,,,,0,0,0,14,94,1195.25,154.0
20266,1.0,196,2026-01-02T08:40,SIN_DEMANDA,0,,,,,,,0,0,0,14,94,1195.25,154.0
20266,1.0,197,2026-01-02T08:50,SIN_DEMANDA,0,,,,,,,0,0,0,14,94,1195.25,154.0
20266,1.0,198,2026-01-02T09:00,SIN_DEMANDA,0,,,,,,,0,0,0,14,94,1195.25,154.0
20266,1.0,199,2026-01-02T09:10,SIN_DEMANDA,0,,,,,,,0,0,0,14,94,1195.25,154.0
20266,1.0,200,2026-01-02T09:20,SIN_DEMANDA,0,,,,,,,0,0,0,14,94,1195.25,154.0
20266,1.0,201,2026-01-02T09:30,SIN_DEMANDA,0,,,,,,,0,0,0,14,94,1195.25,154.0
20266,1.0,202,2026-01-02T09:40,SIN_DEMANDA,0,,,,,,,0,0,0,14,94,1195.25,154.0
20266,1.0,203,2026-01-02T09:50,SIN_DEMANDA,0,,,,,,,0,0,0,14,94,1195.25,154.0
20266,1.0,204,2026-01-02T10:00,SIN_DEMANDA,0,,,,,,,0,0,0,14,94,1195.25,154.0
20266,1.0,205,2026-01-02T10:10,SIN_DEMANDA,0,,,,,,,0,0,0,14,94,1195.25,154.0
20266,1.0,206,2026-01-02T10:20,SIN_DEMANDA,0,,,,,,,0,0,0,14,94,1195.25,154.0
20266,1.0,207,2026-01-02T10:30,SIN_DEMANDA,0,,,,,,,0,0,0,14,94,1195.25,154.0
20266,1.0,208,2026-01-02T10:40,SIN_DEMANDA,0,,,,,,,0,0,0,14,94,1195.25,154.0
20266,1.0,209,2026-01-02T10:50,SIN_DEMANDA,0,,,,,,,0,0,0,14,94,1195.25,154.0
20266,1.0,210,2026-01-02T11:00,SIN_DEMANDA,0,,,,,,,0,0,0,14,94,1195.25,154.0
20266,1.0,211,2026-01-02T11:10,SIN_DEMANDA,0,,,,,,,0,0,0,14,94,1195.25,154.0
20266,1.0,212,2026-01-02T11:20,SIN_DEMANDA,0,,,,,,,0,0,0,14,94,1195.25,154.0
20266,1.0,213,2026-01-02T11:30,SIN_DEMANDA,0,,,,,,,0,0,0,14,94,1195.25,154.0
20266,1.0,214,2026-01-02T11:40,SIN_DEMANDA,0,,,,,,,0,0,0,14,94,1195.25,154.0
20266,1.0,215,2026-01-02T11:50,SIN_DEMANDA,0,,,,,,,0,0,0,14,94,1195.25,154.0
20266,1.0,216,2026-01-02T12:00,SIN_DEMANDA,0,,,,,,,0,0,0,14,94,1195.25,154.0
20266,1.0,217,2026-01-02T12:10,SIN_DEMANDA,0,,,,,,,0,0,0,14,94,1195.25,154.0
20266,1.0,218,2026-01-02T12:20,SIN_DEMANDA,0,,,,,,,0,0,0,14,94,1195.25,154.0
20266,1.0,219,2026-01-02T12:30,SIN_DEMANDA,0,,,,,,,0,0,0,14,94,1195.25,154.0
20266,1.0,220,2026-01-02T12:40,SIN_DEMANDA,0,,,,,,,0,0,0,14,94,1195.25,154.0
20266,1.0,221,2026-01-02T12:50,SIN_DEMANDA,0,,,,,,,0,0,0,14,94,1195.25,154.0
20266,1.0,222,2026-01-02T13:00,SIN_DEMANDA,0,,,,,,,0,0,0,14,94,1195.25,154.0
20266,1.0,223,2026-01-02T13:10,SIN_DEMANDA,0,,,,,,,0,0,0,14,94,1195.25,154.0
20266,1.0,224,2026-01-02T13:20,SIN_DEMANDA,0,,,,,,,0,0,0,14,94,1195.25,154.0
20266,1.0,225,2026-01-02T13:30,SIN_DEMANDA,0,,,,,,,0,0,0,14,94,1195.25,154.0
20266,1.0,226,2026-01-02T13:40,SIN_DEMANDA,0,,,,,,,0,0,0,14,94,1195.25,154.0
20266,1.0,227,2026-01-02T13:50,SIN_DEMANDA,0,,,,,,,0,0,0,14,94,1195.25,154.0
20266,1.0,228,2026-01-02T14:00,COMPLETA,2813.3347,1991.5,1991.5,124.0,426.0,2,0.10416666666666667,1,0,0,14,94,1195.25,154.0
20266,1.0,229,2026-01-02T14:10,COMPLETA,2687.8057,1993.0,1991.5,248.0,852.0,4,0.15625,2,0,0,14,94,1195.25,154.0
20266,1.0,230,2026-01-02T14:20,COMPLETA,2625.8968,1993.0,1991.5,248.0,852.0,4,0.15625,2,0,0,14,94,1195.25,154.0
20266,1.0,231,2026-01-02T14:30,COMPLETA,2730.1202,1993.0,1991.5,248.0,852.0,4,0.15625,2,0,0,14,94,1195.25,154.0
20266,1.0,232,2026-01-02T14:40,COMPLETA,2710.9558,1532.3333333333333,611.0,222.0,813.0,4,0.25,3,0,0,14,94,1195.25,154.0
20266,1.0,233,2026-01-02T14:50,COMPLETA,3394.7764,1647.25,542.0,388.0,1526.4,7,0.22058823529411764,4,0,0,14,94,1195.25,154.0
20266,1.0,234,2026-01-02T15:00,COMPLETA,3862.0773,1530.1,611.0,338.0,1347.0,7,0.22023809523809523,5,0,7,14,94,1195.25,154.0
20266,1.0,235,2026-01-02T15:10,SIN_DEMANDA,0,,,,,,,0,0,0,14,94,1195.25,154.0
20266,1.0,236,2026-01-02T15:20,SIN_DEMANDA,0,,,,,,,0,0,0,14,94,1195.25,154.0
20266,1.0,237,2026-01-02T15:30,SIN_DEMANDA,0,,,,,,,0,0,0,14,94,1195.25,154.0
20266,1.0,238,2026-01-02T15:40,SIN_DEMANDA,0,,,,,,,0,0,0,14,94,1195.25,154.0
20266,1.0,239,2026-01-02T15:50,SIN_DEMANDA,0,,,,,,,0,0,0,14,94,1195.25,154.0
20266,1.0,240,2026-01-02T16:00,SIN_DEMANDA,0,,,,,,,0,0,0,14,94,1195.25,154.0
20266,1.0,241,2026-01-02T16:10,SIN_DEMANDA,0,,,,,,,0,0,0,14,94,1195.25,154.0
20266,1.0,242,2026-01-02T16:20,SIN_DEMANDA,0,,,,,,,0,0,0,15,101,1181.7333333333333,154.0
20266,1.0,243,2026-01-02T16:30,SIN_DEMANDA,0,,,,,,,0,0,0,17,116,1199.8823529411766,154.0
20266,1.0,244,2026-01-02T16:40,SIN_DEMANDA,0,,,,,,,0,0,0,17,116,1199.8823529411766,154.0
20266,1.0,245,2026-01-02T16:50,COMPLETA,2254.7636,123.5,123.5,116.0,414.0,2,0.16666666666666666,1,0,2,19,131,1283.3684210526317,154.0
20266,1.0,246,2026-01-02T17:00,SIN_DEMANDA,0,,,,,,,0,0,0,19,131,1283.3684210526317,154.0
20266,1.0,247,2026-01-02T17:10,SIN_DEMANDA,0,,,,,,,0,0,0,19,131,1283.3684210526317,154.0
20266,1.0,248,2026-01-02T17:20,SIN_DEMANDA,0,,,,,,,0,0,0,19,131,1283.3684210526317,154.0
20266,1.0,249,2026-01-02T17:30,SIN_DEMANDA,0,,,,,,,0,0,0,19,131,1283.3684210526317,154.0
20266,1.0,250,2026-01-02T17:40,SIN_DEMANDA,0,,,,,,,0,0,0,19,131,1283.3684210526317,154.0
20266,1.0,251,2026-01-02T17:50,SIN_DEMANDA,0,,,,,,,0,0,0,19,131,1283.3684210526317,154.0
20266,1.0,252,2026-01-02T18:00,SIN_DEMANDA,0,,,,,,,0,0,0,19,131,1283.3684210526317,154.0
20266,1.0,253,2026-01-02T18:10,SIN_DEMANDA,0,,,,,,,0,0,0,19,131,1283.3684210526317,154.0
20266,1.0,254,2026-01-02T18:20,SIN_DEMANDA,0,,,,,,,0,0,0,19,131,1283.3684210526317,154.0
20266,1.0,255,2026-01-02T18:30,SIN_DEMANDA,0,,,,,,,0,0,0,19,131,1283.3684210526317,154.0
20266,1.0,256,2026-01-02T18:40,COMPLETA,2131.6764,120.0,120.0,124.0,306.0,2,0.125,1,0,2,19,131,1283.3684210526317,154.0
20266,1.0,257,2026-01-02T18:50,SIN_DEMANDA,0,,,,,,,0,0,0,20,139,1225.375,123.5
20266,1.0,258,2026-01-02T19:00,SIN_DEMANDA,0,,,,,,,0,0,0,20,139,1225.375,123.5
20266,1.0,259,2026-01-02T19:10,SIN_DEMANDA,0,,,,,,,0,0,0,20,139,1225.375,123.5
20266,1.0,260,2026-01-02T19:20,SIN_DEMANDA,0,,,,,,,0,0,0,20,139,1225.375,123.5
20266,1.0,261,2026-01-02T19:30,SIN_DEMANDA,0,,,,,,,0,0,0,20,139,1225.375,123.5
20266,1.0,262,2026-01-02T19:40,SIN_DEMANDA,0,,,,,,,0,0,0,20,139,1225.375,123.5
20266,1.0,263,2026-01-02T19:50,SIN_DEMANDA,0,,,,,,,0,0,0,20,139,1225.375,123.5
20266,1.0,264,2026-01-02T20:00,SIN_DEMANDA,0,,,,,,,0,0,0,20,139,1225.375,123.5
20266,1.0,265,2026-01-02T20:10,SIN_DEMANDA,0,,,,,,,0,0,0,20,139,1225.375,123.5
20266,1.0,266,2026-01-02T20:20,SIN_DEMANDA,0,,,,,,,0,0,0,20,139,1225.375,123.5
20266,1.0,267,2026-01-02T20:30,SIN_DEMANDA,0,,,,,,,0,0,0,20,139,1225.375,123.5
20266,1.0,268,2026-01-02T20:40,SIN_DEMANDA,0,,,,,,,0,0,0,21,145,1172.7380952380952,120.0
20266,1.0,269,2026-01-02T20:50,SIN_DEMANDA,0,,,,,,,0,0,0,21,145,1172.7380952380952,120.0
20266,1.0,270,2026-01-02T21:00,SIN_DEMANDA,0,,,,,,,0,0,0,21,145,1172.7380952380952,120.0
20266,1.0,271,2026-01-02T21:10,SIN_DEMANDA,0,,,,,,,0,0,0,21,145,1172.7380952380952,120.0
20266,1.0,272,2026-01-02T21:20,SIN_DEMANDA,0,,,,,,,0,0,0,21,145,1172.7380952380952,120.0
20266,1.0,273,2026-01-02T21:30,SIN_DEMANDA,0,,,,,,,0,0,0,21,145,1172.7380952380952,120.0
20266,1.0,274,2026-01-02T21:40,SIN_DEMANDA,0,,,,,,,0,0,0,21,145,1172.7380952380952,120.0
20266,1.0,275,2026-01-02T21:50,COMPLETA,2233.0372,2002.0,2002.0,32.0,306.0,2,0.14583333333333334,1,0,0,21,145,1172.7380952380952,120.0
20266,1.0,276,2026-01-02T22:00,COMPLETA,2377.0504,2002.0,2002.0,32.0,306.0,2,0.14583333333333334,1,0,0,21,145,1172.7380952380952,120.0
20266,1.0,277,2026-01-02T22:10,COMPLETA,2320.7892,1051.25,100.5,62.0,471.0,3,0.125,2,0,0,21,145,1172.7380952380952,120.0
20266,1.0,278,2026-01-02T22:20,COMPLETA,2266.2211,1051.25,100.5,62.0,471.0,3,0.125,2,0,0,21,145,1172.7380952380952,120.0
20266,1.0,279,2026-01-02T22:30,COMPLETA,2460.5981,1051.25,100.5,62.0,471.0,3,0.125,2,0,0,21,145,1172.7380952380952,120.0
20266,1.0,280,2026-01-02T22:40,COMPLETA,2454.6677,1051.25,100.5,62.0,471.0,3,0.125,2,0,0,21,145,1172.7380952380952,120.0
20266,1.0,281,2026-01-02T22:50,COMPLETA,2412.3305,1051.25,100.5,62.0,471.0,3,0.125,2,0,0,21,145,1172.7380952380952,120.0
20266,1.0,282,2026-01-02T23:00,COMPLETA,2427.5809,1051.25,100.5,62.0,471.0,3,0.125,2,0,3,21,145,1172.7380952380952,120.0
20266,1.0,283,2026-01-02T23:10,SIN_DEMANDA,0,,,,,,,0,0,0,21,145,1172.7380952380952,120.0
20266,1.0,284,2026-01-02T23:20,SIN_DEMANDA,0,,,,,,,0,0,0,21,145,1172.7380952380952,120.0
20266,1.0,285,2026-01-02T23:30,SIN_DEMANDA,0,,,,,,,0,0,0,21,145,1172.7380952380952,120.0
20266,1.0,286,2026-01-02T23:40,COMPLETA,2423.1749,983.5,983.5,46.0,189.0,1,0.375,1,0,1,21,145,1172.7380952380952,120.0
20266,1.0,287,2026-01-02T23:50,SIN_DEMANDA,0,,,,,,,0,0,0,21,145,1172.7380952380952,120.0
20266,1.0,288,2026-01-03T00:00,SIN_DEMANDA,0,,,,,,,0,0,0,21,145,1172.7380952380952,120.0
20266,1.0,289,2026-01-03T00:10,SIN_DEMANDA,0,,,,,,,0,0,0,21,145,1172.7380952380952,120.0
20266,1.0,290,2026-01-03T00:20,SIN_DEMANDA,0,,,,,,,0,0,0,21,145,1172.7380952380952,120.0
20266,1.0,291,2026-01-03T00:30,SIN_DEMANDA,0,,,,,,,0,0,0,23,154,1162.1739130434783,100.5
20266,1.0,292,2026-01-03T00:40,SIN_DEMANDA,0,,,,,,,0,0,0,23,154,1162.1739130434783,100.5
20266,1.0,293,2026-01-03T00:50,SIN_DEMANDA,0,,,,,,,0,0,0,23,154,1162.1739130434783,100.5
20266,1.0,294,2026-01-03T01:00,SIN_DEMANDA,0,,,,,,,0,0,0,23,154,1162.1739130434783,100.5
20266,1.0,295,2026-01-03T01:10,SIN_DEMANDA,0,,,,,,,0,0,0,23,154,1162.1739130434783,100.5
20266,1.0,296,2026-01-03T01:20,COMPLETA,2363.9474,960.5,960.5,140.0,330.0,2,0.20833333333333334,1,0,2,24,163,1154.7291666666667,100.5
20266,1.0,297,2026-01-03T01:30,SIN_DEMANDA,0,,,,,,,0,0,0,24,163,1154.7291666666667,100.5
20266,1.0,298,2026-01-03T01:40,SIN_DEMANDA,0,,,,,,,0,0,0,24,163,1154.7291666666667,100.5
20266,1.0,299,2026-01-03T01:50,SIN_DEMANDA,0,,,,,,,0,0,0,24,163,1154.7291666666667,100.5
20266,1.0,300,2026-01-03T02:00,SIN_DEMANDA,0,,,,,,,0,0,0,24,163,1154.7291666666667,100.5
20266,1.0,301,2026-01-03T02:10,SIN_DEMANDA,0,,,,,,,0,0,0,24,163,1154.7291666666667,100.5
20266,1.0,302,2026-01-03T02:20,SIN_DEMANDA,0,,,,,,,0,0,0,24,163,1154.7291666666667,100.5
20266,1.0,303,2026-01-03T02:30,SIN_DEMANDA,0,,,,,,,0,0,0,24,163,1154.7291666666667,100.5
20266,1.0,304,2026-01-03T02:40,SIN_DEMANDA,0,,,,,,,0,0,0,24,163,1154.7291666666667,100.5
20266,1.0,305,2026-01-03T02:50,SIN_DEMANDA,0,,,,,,,0,0,0,24,163,1154.7291666666667,100.5
20266,1.0,306,2026-01-03T03:00,SIN_DEMANDA,0,,,,,,,0,0,0,24,163,1154.7291666666667,100.5
20266,1.0,307,2026-01-03T03:10,SIN_DEMANDA,0,,,,,,,0,0,0,24,163,1154.7291666666667,100.5
20266,1.0,308,2026-01-03T03:20,SIN_DEMANDA,0,,,,,,,0,0,0,25,173,1146.96,100.5
20266,1.0,309,2026-01-03T03:30,SIN_DEMANDA,0,,,,,,,0,0,0,25,173,1146.96,100.5
20266,1.0,310,2026-01-03T03:40,SIN_DEMANDA,0,,,,,,,0,0,0,25,173,1146.96,100.5
20266,1.0,311,2026-01-03T03:50,SIN_DEMANDA,0,,,,,,,0,0,0,25,173,1146.96,100.5
20266,1.0,312,2026-01-03T04:00,SIN_DEMANDA,0,,,,,,,0,0,0,25,173,1146.96,100.5
20266,1.0,313,2026-01-03T04:10,SIN_DEMANDA,0,,,,,,,0,0,0,25,173,1146.96,100.5
20266,1.0,314,2026-01-03T04:20,COMPLETA,2431.3107,625.5,625.5,92.0,258.0,2,0.14583333333333334,1,0,2,25,173,1146.96,100.5
20266,1.0,315,2026-01-03T04:30,SIN_DEMANDA,0,,,,,,,0,0,0,25,173,1146.96,100.5
20266,1.0,316,2026-01-03T04:40,SIN_DEMANDA,0,,,,,,,0,0,0,25,173,1146.96,100.5
20266,1.0,317,2026-01-03T04:50,SIN_DEMANDA,0,,,,,,,0,0,0,25,173,1146.96,100.5
20266,1.0,318,2026-01-03T05:00,SIN_DEMANDA,0,,,,,,,0,0,0,25,173,1146.96,100.5
20266,1.0,319,2026-01-03T05:10,SIN_DEMANDA,0,,,,,,,0,0,0,25,173,1146.96,100.5
20266,1.0,320,2026-01-03T05:20,SIN_DEMANDA,0,,,,,,,0,0,0,25,173,1146.96,100.5
20266,1.0,321,2026-01-03T05:30,SIN_DEMANDA,0,,,,,,,0,0,0,25,173,1146.96,100.5
20266,1.0,322,2026-01-03T05:40,SIN_DEMANDA,0,,,,,,,0,0,0,25,173,1146.96,100.5
20266,1.0,323,2026-01-03T05:50,SIN_DEMANDA,0,,,,,,,0,0,0,25,173,1146.96,100.5
20266,1.0,324,2026-01-03T06:00,SIN_DEMANDA,0,,,,,,,0,0,0,26,180,1126.9038461538462,100.5
20266,1.0,325,2026-01-03T06:10,SIN_DEMANDA,0,,,,,,,0,0,0,26,180,1126.9038461538462,100.5
20266,1.0,326,2026-01-03T06:20,SIN_DEMANDA,0,,,,,,,0,0,0,26,180,1126.9038461538462,100.5
20266,1.0,327,2026-01-03T06:30,SIN_DEMANDA,0,,,,,,,0,0,0,26,180,1126.9038461538462,100.5
20266,1.0,328,2026-01-03T06:40,SIN_DEMANDA,0,,,,,,,0,0,0,26,180,1126.9038461538462,100.5
20266,1.0,329,2026-01-03T06:50,SIN_DEMANDA,0,,,,,,,0,0,0,26,180,1126.9038461538462,100.5
20266,1.0,330,2026-01-03T07:00,SIN_DEMANDA,0,,,,,,,0,0,0,26,180,1126.9038461538462,100.5
20266,1.0,331,2026-01-03T07:10,SIN_DEMANDA,0,,,,,,,0,0,0,26,180,1126.9038461538462,100.5
20266,1.0,332,2026-01-03T07:20,SIN_DEMANDA,0,,,,,,,0,0,0,26,180,1126.9038461538462,100.5
20266,1.0,333,2026-01-03T07:30,SIN_DEMANDA,0,,,,,,,0,0,0,26,180,1126.9038461538462,100.5
20266,1.0,334,2026-01-03T07:40,SIN_DEMANDA,0,,,,,,,0,0,0,26,180,1126.9038461538462,100.5
20266,1.0,335,2026-01-03T07:50,SIN_DEMANDA,0,,,,,,,0,0,0,26,180,1126.9038461538462,100.5
20266,1.0,336,2026-01-03T08:00,SIN_DEMANDA,0,,,,,,,0,0,0,26,180,1126.9038461538462,100.5
20266,1.0,337,2026-01-03T08:10,SIN_DEMANDA,0,,,,,,,0,0,0,26,180,1126.9038461538462,100.5
20266,1.0,338,2026-01-03T08:20,SIN_DEMANDA,0,,,,,,,0,0,0,26,180,1126.9038461538462,100.5
20266,1.0,339,2026-01-03T08:30,SIN_DEMANDA,0,,,,,,,0,0,0,26,180,1126.9038461538462,100.5
20266,1.0,340,2026-01-03T08:40,COMPLETA,1796.0993,2019.5,2019.5,32.0,223.5,1,0.125,1,0,1,26,180,1126.9038461538462,100.5
20266,1.0,341,2026-01-03T08:50,SIN_DEMANDA,0,,,,,,,0,0,0,26,180,1126.9038461538462,100.5
20266,1.0,342,2026-01-03T09:00,SIN_DEMANDA,0,,,,,,,0,0,0,26,180,1126.9038461538462,100.5
20266,1.0,343,2026-01-03T09:10,SIN_DEMANDA,0,,,,,,,0,0,0,26,180,1126.9038461538462,100.5
20266,1.0,344,2026-01-03T09:20,SIN_DEMANDA,0,,,,,,,0,0,0,26,180,1126.9038461538462,100.5
20266,1.0,345,2026-01-03T09:30,SIN_DEMANDA,0,,,,,,,0,0,0,26,180,1126.9038461538462,100.5
20266,1.0,346,2026-01-03T09:40,SIN_DEMANDA,0,,,,,,,0,0,0,26,180,1126.9038461538462,100.5
20266,1.0,347,2026-01-03T09:50,SIN_DEMANDA,0,,,,,,,0,0,0,26,180,1126.9038461538462,100.5
20266,1.0,348,2026-01-03T10:00,SIN_DEMANDA,0,,,,,,,0,0,0,26,180,1126.9038461538462,100.5
20266,1.0,349,2026-01-03T10:10,COMPLETA,1558.0205,989.5,989.5,38.0,117.0,1,0.125,1,0,1,26,180,1126.9038461538462,100.5
20266,1.0,350,2026-01-03T10:20,SIN_DEMANDA,0,,,,,,,0,0,0,26,180,1126.9038461538462,100.5
20266,1.0,351,2026-01-03T10:30,SIN_DEMANDA,0,,,,,,,0,0,0,26,180,1126.9038461538462,100.5
20266,1.0,352,2026-01-03T10:40,SIN_DEMANDA,0,,,,,,,0,0,0,26,180,1126.9038461538462,100.5
20266,1.0,353,2026-01-03T10:50,SIN_DEMANDA,0,,,,,,,0,0,0,26,180,1126.9038461538462,100.5
20266,1.0,354,2026-01-03T11:00,COMPLETA,2418.0637,1336.0,612.0,168.0,432.0,3,0.2361111111111111,2,0,3,27,183,1159.962962962963,100.5
20266,1.0,355,2026-01-03T11:10,COMPLETA,2044.9172,624.5,624.5,72.0,228.0,2,0.16666666666666666,1,0,2,27,183,1159.962962962963,100.5
20266,1.0,356,2026-01-03T11:20,SIN_DEMANDA,0,,,,,,,0,0,0,27,183,1159.962962962963,100.5
20266,1.0,357,2026-01-03T11:30,SIN_DEMANDA,0,,,,,,,0,0,0,27,183,1159.962962962963,100.5
20266,1.0,358,2026-01-03T11:40,SIN_DEMANDA,0,,,,,,,0,0,0,28,186,1153.875,100.5
20266,1.0,359,2026-01-03T11:50,SIN_DEMANDA,0,,,,,,,0,0,0,28,186,1153.875,100.5
20266,1.0,360,2026-01-03T12:00,SIN_DEMANDA,0,,,,,,,0,0,0,28,186,1153.875,100.5
20266,1.0,361,2026-01-03T12:10,SIN_DEMANDA,0,,,,,,,0,0,0,28,186,1153.875,100.5
20266,1.0,362,2026-01-03T12:20,SIN_DEMANDA,0,,,,,,,0,0,0,28,186,1153.875,100.5
20266,1.0,363,2026-01-03T12:30,SIN_DEMANDA,0,,,,,,,0,0,0,28,186,1153.875,100.5
20266,1.0,364,2026-01-03T12:40,SIN_DEMANDA,0,,,,,,,0,0,0,30,201,1166.4333333333334,100.5
20266,1.0,365,2026-01-03T12:50,SIN_DEMANDA,0,,,,,,,0,0,0,31,211,1148.5483870967741,100.5
20266,1.0,366,2026-01-03T13:00,SIN_DEMANDA,0,,,,,,,0,0,0,31,211,1148.5483870967741,100.5
20266,1.0,367,2026-01-03T13:10,SIN_DEMANDA,0,,,,,,,0,0,0,31,211,1148.5483870967741,100.5
20266,1.0,368,2026-01-03T13:20,SIN_DEMANDA,0,,,,,,,0,0,0,31,211,1148.5483870967741,100.5
20266,1.0,369,2026-01-03T13:30,SIN_DEMANDA,0,,,,,,,0,0,0,31,211,1148.5483870967741,100.5
20266,1.0,370,2026-01-03T13:40,SIN_DEMANDA,0,,,,,,,0,0,0,31,211,1148.5483870967741,100.5
20266,1.0,371,2026-01-03T13:50,SIN_DEMANDA,0,,,,,,,0,0,0,31,211,1148.5483870967741,100.5
20266,1.0,372,2026-01-03T14:00,COMPLETA,1586.0422,336.0,336.0,24.0,184.5,1,0.041666666666666664,1,0,0,31,211,1148.5483870967741,100.5
20266,1.0,373,2026-01-03T14:10,COMPLETA,2620.5249,1164.25,336.0,94.0,409.5,2,0.0625,2,0,0,31,211,1148.5483870967741,100.5
20266,1.0,374,2026-01-03T14:20,COMPLETA,2364.3358,1164.25,336.0,94.0,409.5,2,0.0625,2,0,0,31,211,1148.5483870967741,100.5
20266,1.0,375,2026-01-03T14:30,COMPLETA,2335.7666,1164.25,336.0,94.0,409.5,2,0.0625,2,0,0,31,211,1148.5483870967741,100.5
20266,1.0,376,2026-01-03T14:40,COMPLETA,2580.9112,1164.25,336.0,94.0,409.5,2,0.0625,2,0,0,31,211,1148.5483870967741,100.5
20266,1.0,377,2026-01-03T14:50,COMPLETA,2405.709,1164.25,336.0,94.0,409.5,2,0.0625,2,0,0,31,211,1148.5483870967741,100.5
20266,1.0,378,2026-01-03T15:00,COMPLETA,2472.283,1164.25,336.0,94.0,409.5,2,0.0625,2,0,2,31,211,1148.5483870967741,100.5
20266,1.0,379,2026-01-03T15:10,SIN_DEMANDA,0,,,,,,,0,0,0,31,211,1148.5483870967741,100.5
20266,1.0,380,2026-01-03T15:20,SIN_DEMANDA,0,,,,,,,0,0,0,31,211,1148.5483870967741,100.5
20266,1.0,381,2026-01-03T15:30,SIN_DEMANDA,0,,,,,,,0,0,0,31,211,1148.5483870967741,100.5
20266,1.0,382,2026-01-03T15:40,SIN_DEMANDA,0,,,,,,,0,0,0,31,211,1148.5483870967741,100.5
20266,1.0,383,2026-01-03T15:50,SIN_DEMANDA,0,,,,,,,0,0,0,31,211,1148.5483870967741,100.5
20266,1.0,384,2026-01-03T16:00,SIN_DEMANDA,0,,,,,,,0,0,0,31,211,1148.5483870967741,100.5
20266,1.0,385,2026-01-03T16:10,SIN_DEMANDA,0,,,,,,,0,0,0,31,211,1148.5483870967741,100.5
20266,1.0,386,2026-01-03T16:20,COMPLETA,2343.7006,983.5,983.5,84.0,366.0,2,0.125,1,0,2,32,212,1123.15625,100.5
20266,1.0,387,2026-01-03T16:30,SIN_DEMANDA,0,,,,,,,0,0,0,32,212,1123.15625,100.5
20266,1.0,388,2026-01-03T16:40,SIN_DEMANDA,0,,,,,,,0,0,0,32,212,1123.15625,100.5
20266,1.0,389,2026-01-03T16:50,COMPLETA,1707.6141,392.5,392.5,34.0,171.0,1,0.041666666666666664,1,0,1,32,212,1123.15625,100.5
20266,1.0,390,2026-01-03T17:00,SIN_DEMANDA,0,,,,,,,0,0,0,33,214,1149.5,100.5
20266,1.0,391,2026-01-03T17:10,SIN_DEMANDA,0,,,,,,,0,0,0,33,214,1149.5,100.5
20266,1.0,392,2026-01-03T17:20,SIN_DEMANDA,0,,,,,,,0,0,0,33,214,1149.5,100.5
20266,1.0,393,2026-01-03T17:30,SIN_DEMANDA,0,,,,,,,0,0,0,33,214,1149.5,100.5
20266,1.0,394,2026-01-03T17:40,SIN_DEMANDA,0,,,,,,,0,0,0,33,214,1149.5,100.5
20266,1.0,395,2026-01-03T17:50,SIN_DEMANDA,0,,,,,,,0,0,0,33,214,1149.5,100.5
20266,1.0,396,2026-01-03T18:00,SIN_DEMANDA,0,,,,,,,0,0,0,34,220,1144.6176470588234,100.5
20266,1.0,397,2026-01-03T18:10,SIN_DEMANDA,0,,,,,,,0,0,0,34,220,1144.6176470588234,100.5
20266,1.0,398,2026-01-03T18:20,COMPLETA,2419.5669,401.0,401.0,24.0,96.0,1,0.3333333333333333,1,0,1,35,221,1123.1285714285714,100.5
20266,1.0,399,2026-01-03T18:30,SIN_DEMANDA,0,,,,,,,0,0,0,35,221,1123.1285714285714,100.5
20266,1.0,400,2026-01-03T18:40,COMPLETA,1754.6241,644.0,644.0,12.0,78.0,1,0.125,1,0,1,35,221,1123.1285714285714,100.5
20266,1.0,401,2026-01-03T18:50,SIN_DEMANDA,0,,,,,,,0,0,0,35,221,1123.1285714285714,100.5
20266,1.0,402,2026-01-03T19:00,SIN_DEMANDA,0,,,,,,,0,0,0,35,221,1123.1285714285714,100.5
20266,1.0,403,2026-01-03T19:10,COMPLETA,1791.7054,2058.0,2058.0,48.0,132.0,1,0.125,1,0,1,35,221,1123.1285714285714,100.5
20266,1.0,404,2026-01-03T19:20,SIN_DEMANDA,0,,,,,,,0,0,0,35,221,1123.1285714285714,100.5
20266,1.0,405,2026-01-03T19:30,SIN_DEMANDA,0,,,,,,,0,0,0,35,221,1123.1285714285714,100.5
20266,1.0,406,2026-01-03T19:40,SIN_DEMANDA,0,,,,,,,0,0,0,36,229,1103.0694444444443,100.5
20266,1.0,407,2026-01-03T19:50,SIN_DEMANDA,0,,,,,,,0,0,0,37,232,1090.662162162162,100.5
20266,1.0,408,2026-01-03T20:00,SIN_DEMANDA,0,,,,,,,0,0,0,37,232,1090.662162162162,100.5
20266,1.0,409,2026-01-03T20:10,SIN_DEMANDA,0,,,,,,,0,0,0,37,232,1090.662162162162,100.5
20266,1.0,410,2026-01-03T20:20,SIN_DEMANDA,0,,,,,,,0,0,0,37,232,1090.662162162162,100.5
20266,1.0,411,2026-01-03T20:30,SIN_DEMANDA,0,,,,,,,0,0,0,37,232,1090.662162162162,100.5
20266,1.0,412,2026-01-03T20:40,SIN_DEMANDA,0,,,,,,,0,0,0,37,232,1090.662162162162,100.5
20266,1.0,413,2026-01-03T20:50,SIN_DEMANDA,0,,,,,,,0,0,0,38,235,1116.1184210526317,100.5
20266,1.0,414,2026-01-03T21:00,SIN_DEMANDA,0,,,,,,,0,0,0,38,235,1116.1184210526317,100.5
20266,1.0,415,2026-01-03T21:10,SIN_DEMANDA,0,,,,,,,0,0,0,38,235,1116.1184210526317,100.5
20266,1.0,416,2026-01-03T21:20,SIN_DEMANDA,0,,,,,,,0,0,0,38,235,1116.1184210526317,100.5
20266,1.0,417,2026-01-03T21:30,SIN_DEMANDA,0,,,,,,,0,0,0,38,235,1116.1184210526317,100.5
20266,1.0,418,2026-01-03T21:40,SIN_DEMANDA,0,,,,,,,0,0,0,38,235,1116.1184210526317,100.5
20266,1.0,419,2026-01-03T21:50,SIN_DEMANDA,0,,,,,,,0,0,0,38,235,1116.1184210526317,100.5
20266,1.0,420,2026-01-03T22:00,SIN_DEMANDA,0,,,,,,,0,0,0,38,235,1116.1184210526317,100.5
20266,1.0,421,2026-01-03T22:10,COMPLETA,2365.3767,2032.5,2032.5,28.0,282.0,2,0.16666666666666666,1,0,0,38,235,1116.1184210526317,100.5
20266,1.0,422,2026-01-03T22:20,COMPLETA,2794.0435,2023.75,2015.0,82.0,483.0,3,0.16666666666666666,2,0,0,38,235,1116.1184210526317,100.5
20266,1.0,423,2026-01-03T22:30,COMPLETA,3086.8299,2023.75,2015.0,82.0,483.0,3,0.16666666666666666,2,0,0,38,235,1116.1184210526317,100.5
20266,1.0,424,2026-01-03T22:40,COMPLETA,2263.8811,2023.75,2015.0,82.0,483.0,3,0.16666666666666666,2,0,0,38,235,1116.1184210526317,100.5
20266,1.0,425,2026-01-03T22:50,COMPLETA,1922.2973,2023.75,2015.0,82.0,483.0,3,0.16666666666666666,2,0,0,38,235,1116.1184210526317,100.5
20266,1.0,426,2026-01-03T23:00,COMPLETA,2084.828,2023.75,2015.0,82.0,483.0,3,0.16666666666666666,2,0,3,38,235,1116.1184210526317,100.5
20266,1.0,427,2026-01-03T23:10,SIN_DEMANDA,0,,,,,,,0,0,0,38,235,1116.1184210526317,100.5
20266,1.0,428,2026-01-03T23:20,SIN_DEMANDA,0,,,,,,,0,0,0,38,235,1116.1184210526317,100.5
20266,1.0,429,2026-01-03T23:30,SIN_DEMANDA,0,,,,,,,0,0,0,38,235,1116.1184210526317,100.5
20266,1.0,430,2026-01-03T23:40,SIN_DEMANDA,0,,,,,,,0,0,0,38,235,1116.1184210526317,100.5
20266,1.0,431,2026-01-03T23:50,SIN_DEMANDA,0,,,,,,,0,0,0,38,235,1116.1184210526317,100.5
20266,1.0,432,2026-01-04T00:00,SIN_DEMANDA,0,,,,,,,0,0,0,38,235,1116.1184210526317,100.5
20266,1.0,433,2026-01-04T00:10,SIN_DEMANDA,0,,,,,,,0,0,0,38,235,1116.1184210526317,100.5
20266,1.0,434,2026-01-04T00:20,SIN_DEMANDA,0,,,,,,,0,0,0,39,243,1139.6153846153845,100.5
20266,1.0,435,2026-01-04T00:30,SIN_DEMANDA,0,,,,,,,0,0,0,39,243,1139.6153846153845,100.5
20266,1.0,436,2026-01-04T00:40,SIN_DEMANDA,0,,,,,,,0,0,0,39,243,1139.6153846153845,100.5
20266,1.0,437,2026-01-04T00:50,SIN_DEMANDA,0,,,,,,,0,0,0,40,247,1161.5,100.5
20266,1.0,438,2026-01-04T01:00,SIN_DEMANDA,0,,,,,,,0,0,0,40,247,1161.5,100.5
20266,1.0,439,2026-01-04T01:10,SIN_DEMANDA,0,,,,,,,0,0,0,40,247,1161.5,100.5
20266,1.0,440,2026-01-04T01:20,COMPLETA,1770.1353,967.0,967.0,136.0,324.0,2,0.16666666666666666,1,0,2,40,247,1161.5,100.5
20266,1.0,441,2026-01-04T01:30,SIN_DEMANDA,0,,,,,,,0,0,0,40,247,1161.5,100.5
20266,1.0,442,2026-01-04T01:40,SIN_DEMANDA,0,,,,,,,0,0,0,40,247,1161.5,100.5
20266,1.0,443,2026-01-04T01:50,SIN_DEMANDA,0,,,,,,,0,0,0,40,247,1161.5,100.5
20266,1.0,444,2026-01-04T02:00,COMPLETA,1256.1448,999.5,999.5,26.0,99.0,1,0.08333333333333333,1,0,1,40,247,1161.5,100.5
20266,1.0,445,2026-01-04T02:10,SIN_DEMANDA,0,,,,,,,0,0,0,40,247,1161.5,100.5
20266,1.0,446,2026-01-04T02:20,SIN_DEMANDA,0,,,,,,,0,0,0,40,247,1161.5,100.5
20266,1.0,447,2026-01-04T02:30,COMPLETA,1679.9205,169.5,169.5,2.0,63.0,1,0.2916666666666667,1,0,1,40,247,1161.5,100.5
20266,1.0,448,2026-01-04T02:40,SIN_DEMANDA,0,,,,,,,0,0,0,40,247,1161.5,100.5
20266,1.0,449,2026-01-04T02:50,SIN_DEMANDA,0,,,,,,,0,0,0,40,247,1161.5,100.5
20266,1.0,450,2026-01-04T03:00,SIN_DEMANDA,0,,,,,,,0,0,0,40,247,1161.5,100.5
20266,1.0,451,2026-01-04T03:10,SIN_DEMANDA,0,,,,,,,0,0,0,40,247,1161.5,100.5
20266,1.0,452,2026-01-04T03:20,SIN_DEMANDA,0,,,,,,,0,0,0,42,257,1153.0119047619048,100.5
20266,1.0,453,2026-01-04T03:30,SIN_DEMANDA,0,,,,,,,0,0,0,42,257,1153.0119047619048,100.5
20266,1.0,454,2026-01-04T03:40,SIN_DEMANDA,0,,,,,,,0,0,0,43,264,1130.139534883721,100.5
20266,1.0,455,2026-01-04T03:50,SIN_DEMANDA,0,,,,,,,0,0,0,43,264,1130.139534883721,100.5
20266,1.0,456,2026-01-04T04:00,SIN_DEMANDA,0,,,,,,,0,0,0,43,264,1130.139534883721,100.5
20266,1.0,457,2026-01-04T04:10,SIN_DEMANDA,0,,,,,,,0,0,0,43,264,1130.139534883721,100.5
20266,1.0,458,2026-01-04T04:20,SIN_DEMANDA,0,,,,,,,0,0,0,43,264,1130.139534883721,100.5
20266,1.0,459,2026-01-04T04:30,SIN_DEMANDA,0,,,,,,,0,0,0,43,264,1130.139534883721,100.5
20266,1.0,460,2026-01-04T04:40,COMPLETA,1186.6455,145.5,145.5,34.0,111.0,1,0.2916666666666667,1,0,1,43,264,1130.139534883721,100.5
20266,1.0,461,2026-01-04T04:50,SIN_DEMANDA,0,,,,,,,0,0,0,43,264,1130.139534883721,100.5
20266,1.0,462,2026-01-04T05:00,SIN_DEMANDA,0,,,,,,,0,0,0,43,264,1130.139534883721,100.5
20266,1.0,463,2026-01-04T05:10,SIN_DEMANDA,0,,,,,,,0,0,0,43,264,1130.139534883721,100.5
20266,1.0,464,2026-01-04T05:20,SIN_DEMANDA,0,,,,,,,0,0,0,43,264,1130.139534883721,100.5
20266,1.0,465,2026-01-04T05:30,SIN_DEMANDA,0,,,,,,,0,0,0,43,264,1130.139534883721,100.5
20266,1.0,466,2026-01-04T05:40,SIN_DEMANDA,0,,,,,,,0,0,0,43,264,1130.139534883721,100.5
20266,1.0,467,2026-01-04T05:50,SIN_DEMANDA,0,,,,,,,0,0,0,43,264,1130.139534883721,100.5
20266,1.0,468,2026-01-04T06:00,SIN_DEMANDA,0,,,,,,,0,0,0,43,264,1130.139534883721,100.5
20266,1.0,469,2026-01-04T06:10,SIN_DEMANDA,0,,,,,,,0,0,0,44,271,1107.7613636363637,100.5
20266,1.0,470,2026-01-04T06:20,COMPLETA,1849.5935,2044.5,2044.5,20.0,270.0,2,0.125,1,0,0,44,271,1107.7613636363637,100.5
20266,1.0,471,2026-01-04T06:30,COMPLETA,1902.8471,2044.5,2044.5,20.0,270.0,2,0.125,1,0,0,44,271,1107.7613636363637,100.5
20266,1.0,472,2026-01-04T06:40,COMPLETA,2290.4278,2032.0,2019.5,82.0,483.0,3,0.20833333333333334,2,0,0,44,271,1107.7613636363637,100.5
20266,1.0,473,2026-01-04T06:50,COMPLETA,2358.7952,2032.0,2019.5,82.0,483.0,3,0.20833333333333334,2,0,0,44,271,1107.7613636363637,100.5
20266,1.0,474,2026-01-04T07:00,COMPLETA,2045.0296,2032.0,2019.5,82.0,483.0,3,0.20833333333333334,2,0,3,44,271,1107.7613636363637,100.5
20266,1.0,475,2026-01-04T07:10,SIN_DEMANDA,0,,,,,,,0,0,0,44,271,1107.7613636363637,100.5
20266,1.0,476,2026-01-04T07:20,SIN_DEMANDA,0,,,,,,,0,0,0,44,271,1107.7613636363637,100.5
20266,1.0,477,2026-01-04T07:30,SIN_DEMANDA,0,,,,,,,0,0,0,44,271,1107.7613636363637,100.5
20266,1.0,478,2026-01-04T07:40,SIN_DEMANDA,0,,,,,,,0,0,0,44,271,1107.7613636363637,100.5
20266,1.0,479,2026-01-04T07:50,SIN_DEMANDA,0,,,,,,,0,0,0,44,271,1107.7613636363637,100.5
20266,1.0,480,2026-01-04T08:00,SIN_DEMANDA,0,,,,,,,0,0,0,44,271,1107.7613636363637,100.5
20266,1.0,481,2026-01-04T08:10,SIN_DEMANDA,0,,,,,,,0,0,0,45,277,1128.5777777777778,100.5
20266,1.0,482,2026-01-04T08:20,SIN_DEMANDA,0,,,,,,,0,0,0,45,277,1128.5777777777778,100.5
20266,1.0,483,2026-01-04T08:30,SIN_DEMANDA,0,,,,,,,0,0,0,45,277,1128.5777777777778,100.5
20266,1.0,484,2026-01-04T08:40,SIN_DEMANDA,0,,,,,,,0,0,0,45,277,1128.5777777777778,100.5
20266,1.0,485,2026-01-04T08:50,SIN_DEMANDA,0,,,,,,,0,0,0,45,277,1128.5777777777778,100.5
20266,1.0,486,2026-01-04T09:00,SIN_DEMANDA,0,,,,,,,0,0,0,46,286,1147.945652173913,100.5
20266,1.0,487,2026-01-04T09:10,COMPLETA,1824.4879,2055.0,2055.0,56.0,144.0,1,0.25,1,0,1,46,286,1147.945652173913,100.5
20266,1.0,488,2026-01-04T09:20,SIN_DEMANDA,0,,,,,,,0,0,0,46,286,1147.945652173913,100.5
20266,1.0,489,2026-01-04T09:30,SIN_DEMANDA,0,,,,,,,0,0,0,46,286,1147.945652173913,100.5
20266,1.0,490,2026-01-04T09:40,SIN_DEMANDA,0,,,,,,,0,0,0,46,286,1147.945652173913,100.5
20266,1.0,491,2026-01-04T09:50,SIN_DEMANDA,0,,,,,,,0,0,0,46,286,1147.945652173913,100.5
20266,1.0,492,2026-01-04T10:00,SIN_DEMANDA,0,,,,,,,0,0,0,46,286,1147.945652173913,100.5
20266,1.0,493,2026-01-04T10:10,SIN_DEMANDA,0,,,,,,,0,0,0,46,286,1147.945652173913,100.5
20266,1.0,494,2026-01-04T10:20,COMPLETA,1203.0729,2064.0,2064.0,36.0,114.0,1,0.125,1,0,1,46,286,1147.945652173913,100.5
20266,1.0,495,2026-01-04T10:30,SIN_DEMANDA,0,,,,,,,0,0,0,46,286,1147.945652173913,100.5
20266,1.0,496,2026-01-04T10:40,SIN_DEMANDA,0,,,,,,,0,0,0,46,286,1147.945652173913,100.5
20266,1.0,497,2026-01-04T10:50,SIN_DEMANDA,0,,,,,,,0,0,0,46,286,1147.945652173913,100.5
20266,1.0,498,2026-01-04T11:00,COMPLETA,1205.5783,2052.5,2052.5,54.0,141.0,1,0.16666666666666666,1,0,1,47,292,1167.2446808510638,100.5
20266,1.0,499,2026-01-04T11:10,SIN_DEMANDA,0,,,,,,,0,0,0,47,292,1167.2446808510638,100.5
20266,1.0,500,2026-01-04T11:20,SIN_DEMANDA,0,,,,,,,0,0,0,47,292,1167.2446808510638,100.5
20266,1.0,501,2026-01-04T11:30,SIN_DEMANDA,0,,,,,,,0,0,0,47,292,1167.2446808510638,100.5
20266,1.0,502,2026-01-04T11:40,SIN_DEMANDA,0,,,,,,,0,0,0,47,292,1167.2446808510638,100.5
20266,1.0,503,2026-01-04T11:50,SIN_DEMANDA,0,,,,,,,0,0,0,48,295,1185.9270833333333,100.5
20266,1.0,504,2026-01-04T12:00,COMPLETA,1285.1036,2077.0,2077.0,28.0,102.0,1,0.125,1,0,1,48,295,1185.9270833333333,100.5
20266,1.0,505,2026-01-04T12:10,SIN_DEMANDA,0,,,,,,,0,0,0,48,295,1185.9270833333333,100.5
20266,1.0,506,2026-01-04T12:20,SIN_DEMANDA,0,,,,,,,0,0,0,48,295,1185.9270833333333,100.5
20266,1.0,507,2026-01-04T12:30,SIN_DEMANDA,0,,,,,,,0,0,0,48,295,1185.9270833333333,100.5
20266,1.0,508,2026-01-04T12:40,SIN_DEMANDA,0,,,,,,,0,0,0,48,295,1185.9270833333333,100.5
20266,1.0,509,2026-01-04T12:50,SIN_DEMANDA,0,,,,,,,0,0,0,49,299,1203.6122448979593,100.5
20266,1.0,510,2026-01-04T13:00,SIN_DEMANDA,0,,,,,,,0,0,0,49,299,1203.6122448979593,100.5
20266,1.0,511,2026-01-04T13:10,SIN_DEMANDA,0,,,,,,,0,0,0,49,299,1203.6122448979593,100.5
20266,1.0,512,2026-01-04T13:20,SIN_DEMANDA,0,,,,,,,0,0,0,49,299,1203.6122448979593,100.5
20266,1.0,513,2026-01-04T13:30,SIN_DEMANDA,0,,,,,,,0,0,0,50,302,1221.08,100.5
20266,1.0,514,2026-01-04T13:40,COMPLETA,1186.6455,303.0,303.0,44.0,186.0,1,0.041666666666666664,1,0,0,50,302,1221.08,100.5
20266,1.0,515,2026-01-04T13:50,COMPLETA,1032.039,303.0,303.0,44.0,186.0,1,0.041666666666666664,1,0,0,50,302,1221.08,100.5
20266,1.0,516,2026-01-04T14:00,COMPLETA,1270.0268,303.0,303.0,44.0,186.0,1,0.041666666666666664,1,0,0,50,302,1221.08,100.5
20266,1.0,517,2026-01-04T14:10,COMPLETA,1137.0219,303.0,303.0,44.0,186.0,1,0.041666666666666664,1,0,0,50,302,1221.08,100.5
20266,1.0,518,2026-01-04T14:20,COMPLETA,1185.7152,303.0,303.0,44.0,186.0,1,0.041666666666666664,1,0,0,50,302,1221.08,100.5
20266,1.0,519,2026-01-04T14:30,COMPLETA,1128.9577,303.0,303.0,44.0,186.0,1,0.041666666666666664,1,0,0,50,302,1221.08,100.5
20266,1.0,520,2026-01-04T14:40,COMPLETA,1176.5648,303.0,303.0,44.0,186.0,1,0.041666666666666664,1,0,0,50,302,1221.08,100.5
20266,1.0,521,2026-01-04T14:50,COMPLETA,1129.7933,303.0,303.0,44.0,186.0,1,0.041666666666666664,1,0,0,50,302,1221.08,100.5
20266,1.0,522,2026-01-04T15:00,COMPLETA,1044.4771,303.0,303.0,44.0,186.0,1,0.041666666666666664,1,0,1,50,302,1221.08,100.5
20266,1.0,523,2026-01-04T15:10,SIN_DEMANDA,0,,,,,,,0,0,0,50,302,1221.08,100.5
20266,1.0,524,2026-01-04T15:20,SIN_DEMANDA,0,,,,,,,0,0,0,50,302,1221.08,100.5
20266,1.0,525,2026-01-04T15:30,SIN_DEMANDA,0,,,,,,,0,0,0,50,302,1221.08,100.5
20266,1.0,526,2026-01-04T15:40,COMPLETA,1760.4578,153.0,153.0,36.0,174.0,1,0.20833333333333334,1,0,1,50,302,1221.08,100.5
20266,1.0,527,2026-01-04T15:50,SIN_DEMANDA,0,,,,,,,0,0,0,50,302,1221.08,100.5
20266,1.0,528,2026-01-04T16:00,COMPLETA,1877.5769,2051.5,2051.5,108.0,402.0,2,0.16666666666666666,1,0,2,50,302,1221.08,100.5
20266,1.0,529,2026-01-04T16:10,SIN_DEMANDA,0,,,,,,,0,0,0,50,302,1221.08,100.5
20266,1.0,530,2026-01-04T16:20,SIN_DEMANDA,0,,,,,,,0,0,0,50,302,1221.08,100.5
20266,1.0,531,2026-01-04T16:30,SIN_DEMANDA,0,,,,,,,0,0,0,50,302,1221.08,100.5
20266,1.0,532,2026-01-04T16:40,COMPLETA,1139.2814,390.5,390.5,10.0,154.0,1,0.125,1,0,1,51,303,1203.078431372549,100.5
20266,1.0,533,2026-01-04T16:50,SIN_DEMANDA,0,,,,,,,0,0,0,51,303,1203.078431372549,100.5
20266,1.0,534,2026-01-04T17:00,SIN_DEMANDA,0,,,,,,,0,0,0,51,303,1203.078431372549,100.5
20266,1.0,535,2026-01-04T17:10,SIN_DEMANDA,0,,,,,,,0,0,0,52,308,1182.8846153846155,100.5
20266,1.0,536,2026-01-04T17:20,SIN_DEMANDA,0,,,,,,,0,0,0,52,308,1182.8846153846155,100.5
20266,1.0,537,2026-01-04T17:30,SIN_DEMANDA,0,,,,,,,0,0,0,52,308,1182.8846153846155,100.5
20266,1.0,538,2026-01-04T17:40,SIN_DEMANDA,0,,,,,,,0,0,0,52,308,1182.8846153846155,100.5
20266,1.0,539,2026-01-04T17:50,SIN_DEMANDA,0,,,,,,,0,0,0,53,316,1199.2735849056603,100.5
20266,1.0,540,2026-01-04T18:00,COMPLETA,1305.6277,2064.0,2064.0,62.0,153.0,1,0.16666666666666666,1,0,1,53,316,1199.2735849056603,100.5
20266,1.0,541,2026-01-04T18:10,SIN_DEMANDA,0,,,,,,,0,0,0,54,319,1184.2962962962963,100.5
20266,1.0,542,2026-01-04T18:20,SIN_DEMANDA,0,,,,,,,0,0,0,54,319,1184.2962962962963,100.5
20266,1.0,543,2026-01-04T18:30,SIN_DEMANDA,0,,,,,,,0,0,0,54,319,1184.2962962962963,100.5
20266,1.0,544,2026-01-04T18:40,SIN_DEMANDA,0,,,,,,,0,0,0,54,319,1184.2962962962963,100.5
20266,1.0,545,2026-01-04T18:50,SIN_DEMANDA,0,,,,,,,0,0,0,54,319,1184.2962962962963,100.5
20266,1.0,546,2026-01-04T19:00,SIN_DEMANDA,0,,,,,,,0,0,0,54,319,1184.2962962962963,100.5
20266,1.0,547,2026-01-04T19:10,SIN_DEMANDA,0,,,,,,,0,0,0,54,319,1184.2962962962963,100.5
20266,1.0,548,2026-01-04T19:20,SIN_DEMANDA,0,,,,,,,0,0,0,54,319,1184.2962962962963,100.5
20266,1.0,549,2026-01-04T19:30,SIN_DEMANDA,0,,,,,,,0,0,0,55,323,1200.290909090909,100.5
20266,1.0,550,2026-01-04T19:40,SIN_DEMANDA,0,,,,,,,0,0,0,55,323,1200.290909090909,100.5
20266,1.0,551,2026-01-04T19:50,COMPLETA,1291.4496,992.0,992.0,32.0,108.0,1,0.041666666666666664,1,0,1,55,323,1200.290909090909,100.5
20266,1.0,552,2026-01-04T20:00,SIN_DEMANDA,0,,,,,,,0,0,0,55,323,1200.290909090909,100.5
20266,1.0,553,2026-01-04T20:10,SIN_DEMANDA,0,,,,,,,0,0,0,55,323,1200.290909090909,100.5
20266,1.0,554,2026-01-04T20:20,SIN_DEMANDA,0,,,,,,,0,0,0,55,323,1200.290909090909,100.5
20266,1.0,555,2026-01-04T20:30,SIN_DEMANDA,0,,,,,,,0,0,0,55,323,1200.290909090909,100.5
20266,1.0,556,2026-01-04T20:40,SIN_DEMANDA,0,,,,,,,0,0,0,55,323,1200.290909090909,100.5
20266,1.0,557,2026-01-04T20:50,SIN_DEMANDA,0,,,,,,,0,0,0,55,323,1200.290909090909,100.5
20266,1.0,558,2026-01-04T21:00,SIN_DEMANDA,0,,,,,,,0,0,0,55,323,1200.290909090909,100.5
20266,1.0,559,2026-01-04T21:10,SIN_DEMANDA,0,,,,,,,0,0,0,55,323,1200.290909090909,100.5
20266,1.0,560,2026-01-04T21:20,SIN_DEMANDA,0,,,,,,,0,0,0,56,324,1196.5714285714287,100.5
20266,1.0,561,2026-01-04T21:30,SIN_DEMANDA,0,,,,,,,0,0,0,56,324,1196.5714285714287,100.5
20266,1.0,562,2026-01-04T21:40,SIN_DEMANDA,0,,,,,,,0,0,0,56,324,1196.5714285714287,100.5
20266,1.0,563,2026-01-04T21:50,SIN_DEMANDA,0,,,,,,,0,0,0,56,324,1196.5714285714287,100.5
20266,1.0,564,2026-01-04T22:00,COMPLETA,1856.657,574.5,574.5,52.0,318.0,2,0.1875,1,0,0,56,324,1196.5714285714287,100.5
20266,1.0,565,2026-01-04T22:10,COMPLETA,1711.3127,574.5,574.5,52.0,318.0,2,0.1875,1,0,0,56,324,1196.5714285714287,100.5
20266,1.0,566,2026-01-04T22:20,COMPLETA,1649.7176,574.5,574.5,52.0,318.0,2,0.1875,1,0,0,56,324,1196.5714285714287,100.5
20266,1.0,567,2026-01-04T22:30,COMPLETA,1824.3665,574.5,574.5,52.0,318.0,2,0.1875,1,0,0,56,324,1196.5714285714287,100.5
20266,1.0,568,2026-01-04T22:40,COMPLETA,1712.6809,574.5,574.5,52.0,318.0,2,0.1875,1,0,0,56,324,1196.5714285714287,100.5
20266,1.0,569,2026-01-04T22:50,COMPLETA,1796.0936,574.5,574.5,52.0,318.0,2,0.1875,1,0,0,56,324,1196.5714285714287,100.5
20266,1.0,570,2026-01-04T23:00,COMPLETA,1714.1352,574.5,574.5,52.0,318.0,2,0.1875,1,0,2,56,324,1196.5714285714287,100.5
20266,1.0,571,2026-01-04T23:10,SIN_DEMANDA,0,,,,,,,0,0,0,56,324,1196.5714285714287,100.5
20266,1.0,572,2026-01-04T23:20,SIN_DEMANDA,0,,,,,,,0,0,0,56,324,1196.5714285714287,100.5
20266,1.0,573,2026-01-04T23:30,SIN_DEMANDA,0,,,,,,,0,0,0,56,324,1196.5714285714287,100.5
20266,1.0,574,2026-01-04T23:40,SIN_DEMANDA,0,,,,,,,0,0,0,56,324,1196.5714285714287,100.5
20266,1.0,575,2026-01-04T23:50,SIN_DEMANDA,0,,,,,,,0,0,0,56,324,1196.5714285714287,100.5
20266,1.0,576,2026-01-05T00:00,SIN_DEMANDA,0,,,,,,,0,0,0,56,324,1196.5714285714287,100.5
20266,1.0,577,2026-01-05T00:10,SIN_DEMANDA,0,,,,,,,0,0,0,56,324,1196.5714285714287,100.5
20266,1.0,578,2026-01-05T00:20,SIN_DEMANDA,0,,,,,,,0,0,0,57,333,1185.657894736842,100.5
20266,1.0,579,2026-01-05T00:30,COMPLETA,1623.1614,1225.5,396.0,88.0,372.0,2,0.10416666666666667,2,0,2,57,333,1185.657894736842,100.5
20266,1.0,580,2026-01-05T00:40,SIN_DEMANDA,0,,,,,,,0,0,0,57,333,1185.657894736842,100.5
20266,1.0,581,2026-01-05T00:50,SIN_DEMANDA,0,,,,,,,0,0,0,57,333,1185.657894736842,100.5
20266,1.0,582,2026-01-05T01:00,SIN_DEMANDA,0,,,,,,,0,0,0,57,333,1185.657894736842,100.5
20266,1.0,583,2026-01-05T01:10,SIN_DEMANDA,0,,,,,,,0,0,0,57,333,1185.657894736842,100.5
20266,1.0,584,2026-01-05T01:20,SIN_DEMANDA,0,,,,,,,0,0,0,57,333,1185.657894736842,100.5
20266,1.0,585,2026-01-05T01:30,SIN_DEMANDA,0,,,,,,,0,0,0,57,333,1185.657894736842,100.5
20266,1.0,586,2026-01-05T01:40,SIN_DEMANDA,0,,,,,,,0,0,0,57,333,1185.657894736842,100.5
20266,1.0,587,2026-01-05T01:50,SIN_DEMANDA,0,,,,,,,0,0,0,57,333,1185.657894736842,100.5
20266,1.0,588,2026-01-05T02:00,SIN_DEMANDA,0,,,,,,,0,0,0,58,334,1172.0431034482758,100.5
20266,1.0,589,2026-01-05T02:10,SIN_DEMANDA,0,,,,,,,0,0,0,58,334,1172.0431034482758,100.5
20266,1.0,590,2026-01-05T02:20,SIN_DEMANDA,0,,,,,,,0,0,0,59,338,1187.0084745762713,100.5
20266,1.0,591,2026-01-05T02:30,SIN_DEMANDA,0,,,,,,,0,0,0,59,338,1187.0084745762713,100.5
20266,1.0,592,2026-01-05T02:40,SIN_DEMANDA,0,,,,,,,0,0,0,59,338,1187.0084745762713,100.5
20266,1.0,593,2026-01-05T02:50,SIN_DEMANDA,0,,,,,,,0,0,0,59,338,1187.0084745762713,100.5
20266,1.0,594,2026-01-05T03:00,SIN_DEMANDA,0,,,,,,,0,0,0,59,338,1187.0084745762713,100.5
20266,1.0,595,2026-01-05T03:10,COMPLETA,1916.7873,2065.0,2065.0,72.0,228.0,2,0.14583333333333334,1,0,2,59,338,1187.0084745762713,100.5
20266,1.0,596,2026-01-05T03:20,SIN_DEMANDA,0,,,,,,,0,0,0,59,338,1187.0084745762713,100.5
20266,1.0,597,2026-01-05T03:30,SIN_DEMANDA,0,,,,,,,0,0,0,59,338,1187.0084745762713,100.5
20266,1.0,598,2026-01-05T03:40,SIN_DEMANDA,0,,,,,,,0,0,0,59,338,1187.0084745762713,100.5
20266,1.0,599,2026-01-05T03:50,SIN_DEMANDA,0,,,,,,,0,0,0,59,338,1187.0084745762713,100.5
20266,1.0,600,2026-01-05T04:00,SIN_DEMANDA,0,,,,,,,0,0,0,59,338,1187.0084745762713,100.5
20266,1.0,601,2026-01-05T04:10,SIN_DEMANDA,0,,,,,,,0,0,0,59,338,1187.0084745762713,100.5
20266,1.0,602,2026-01-05T04:20,COMPLETA,1768.6761,990.0,990.0,84.0,306.0,3,0.125,1,0,3,59,338,1187.0084745762713,100.5
20266,1.0,603,2026-01-05T04:30,SIN_DEMANDA,0,,,,,,,0,0,0,59,338,1187.0084745762713,100.5
20266,1.0,604,2026-01-05T04:40,SIN_DEMANDA,0,,,,,,,0,0,0,60,345,1201.6416666666667,100.5
20266,1.0,605,2026-01-05T04:50,SIN_DEMANDA,0,,,,,,,0,0,0,60,345,1201.6416666666667,100.5
20266,1.0,606,2026-01-05T05:00,SIN_DEMANDA,0,,,,,,,0,0,0,60,345,1201.6416666666667,100.5
20266,1.0,607,2026-01-05T05:10,SIN_DEMANDA,0,,,,,,,0,0,0,60,345,1201.6416666666667,100.5
20266,1.0,608,2026-01-05T05:20,SIN_DEMANDA,0,,,,,,,0,0,0,60,345,1201.6416666666667,100.5
20266,1.0,609,2026-01-05T05:30,SIN_DEMANDA,0,,,,,,,0,0,0,60,345,1201.6416666666667,100.5
20266,1.0,610,2026-01-05T05:40,SIN_DEMANDA,0,,,,,,,0,0,0,60,345,1201.6416666666667,100.5
20266,1.0,611,2026-01-05T05:50,COMPLETA,1064.894,2012.5,2012.5,22.0,153.0,1,0.16666666666666666,1,0,0,61,354,1198.172131147541,100.5
20266,1.0,612,2026-01-05T06:00,COMPLETA,1199.7085,2012.5,2012.5,22.0,153.0,1,0.16666666666666666,1,0,0,61,354,1198.172131147541,100.5
20266,1.0,613,2026-01-05T06:10,COMPLETA,1152.8918,2012.5,2012.5,22.0,153.0,1,0.16666666666666666,1,0,0,61,354,1198.172131147541,100.5
20266,1.0,614,2026-01-05T06:20,COMPLETA,1314.5055,2012.5,2012.5,22.0,153.0,1,0.16666666666666666,1,0,0,61,354,1198.172131147541,100.5
20266,1.0,615,2026-01-05T06:30,COMPLETA,1261.9781,2012.5,2012.5,22.0,153.0,1,0.16666666666666666,1,0,0,61,354,1198.172131147541,100.5
20266,1.0,616,2026-01-05T06:40,COMPLETA,1319.551,2012.5,2012.5,22.0,153.0,1,0.16666666666666666,1,0,0,61,354,1198.172131147541,100.5
20266,1.0,617,2026-01-05T06:50,COMPLETA,1264.6267,2012.5,2012.5,22.0,153.0,1,0.16666666666666666,1,0,0,61,354,1198.172131147541,100.5
20266,1.0,618,2026-01-05T07:00,COMPLETA,1439.1575,2012.5,2012.5,22.0,153.0,1,0.16666666666666666,1,0,1,61,354,1198.172131147541,100.5
20266,1.0,619,2026-01-05T07:10,SIN_DEMANDA,0,,,,,,,0,0,0,61,354,1198.172131147541,100.5
20266,1.0,620,2026-01-05T07:20,SIN_DEMANDA,0,,,,,,,0,0,0,61,354,1198.172131147541,100.5
20266,1.0,621,2026-01-05T07:30,SIN_DEMANDA,0,,,,,,,0,0,0,61,354,1198.172131147541,100.5
20266,1.0,622,2026-01-05T07:40,SIN_DEMANDA,0,,,,,,,0,0,0,61,354,1198.172131147541,100.5
20266,1.0,623,2026-01-05T07:50,SIN_DEMANDA,0,,,,,,,0,0,0,61,354,1198.172131147541,100.5
20266,1.0,624,2026-01-05T08:00,SIN_DEMANDA,0,,,,,,,0,0,0,61,354,1198.172131147541,100.5
20266,1.0,625,2026-01-05T08:10,SIN_DEMANDA,0,,,,,,,0,0,0,61,354,1198.172131147541,100.5
20266,1.0,626,2026-01-05T08:20,COMPLETA,1169.4345,371.0,371.0,60.0,210.0,1,0.041666666666666664,1,0,1,62,358,1211.3064516129032,100.5
20266,1.0,627,2026-01-05T08:30,SIN_DEMANDA,0,,,,,,,0,0,0,62,358,1211.3064516129032,100.5
20266,1.0,628,2026-01-05T08:40,COMPLETA,1706.8442,395.0,395.0,48.0,312.0,2,0.10416666666666667,1,0,2,62,358,1211.3064516129032,100.5
20266,1.0,629,2026-01-05T08:50,SIN_DEMANDA,0,,,,,,,0,0,0,62,358,1211.3064516129032,100.5
20266,1.0,630,2026-01-05T09:00,SIN_DEMANDA,0,,,,,,,0,0,0,62,358,1211.3064516129032,100.5
20266,1.0,631,2026-01-05T09:10,SIN_DEMANDA,0,,,,,,,0,0,0,62,358,1211.3064516129032,100.5
20266,1.0,632,2026-01-05T09:20,SIN_DEMANDA,0,,,,,,,0,0,0,62,358,1211.3064516129032,100.5
20266,1.0,633,2026-01-05T09:30,SIN_DEMANDA,0,,,,,,,0,0,0,62,358,1211.3064516129032,100.5
20266,1.0,634,2026-01-05T09:40,COMPLETA,1877.5162,997.0,997.0,40.0,180.0,2,0.20833333333333334,1,0,2,62,358,1211.3064516129032,100.5
20266,1.0,635,2026-01-05T09:50,SIN_DEMANDA,0,,,,,,,0,0,0,62,358,1211.3064516129032,100.5
20266,1.0,636,2026-01-05T10:00,SIN_DEMANDA,0,,,,,,,0,0,0,63,363,1198.3492063492063,100.5
20266,1.0,637,2026-01-05T10:10,SIN_DEMANDA,0,,,,,,,0,0,0,64,364,1185.421875,100.5
20266,1.0,638,2026-01-05T10:20,SIN_DEMANDA,0,,,,,,,0,0,0,64,364,1185.421875,100.5
20266,1.0,639,2026-01-05T10:30,SIN_DEMANDA,0,,,,,,,0,0,0,64,364,1185.421875,100.5
20266,1.0,640,2026-01-05T10:40,SIN_DEMANDA,0,,,,,,,0,0,0,64,364,1185.421875,100.5
20266,1.0,641,2026-01-05T10:50,COMPLETA,1911.0723,2054.75,2025.0,82.0,243.0,2,0.10416666666666667,2,0,1,64,364,1185.421875,100.5
20266,1.0,642,2026-01-05T11:00,COMPLETA,1441.6673,2025.0,2025.0,72.0,168.0,1,0.041666666666666664,1,0,0,65,374,1182.5230769230768,100.5
20266,1.0,643,2026-01-05T11:10,COMPLETA,1186.7992,2025.0,2025.0,72.0,168.0,1,0.041666666666666664,1,0,1,65,374,1182.5230769230768,100.5
20266,1.0,644,2026-01-05T11:20,SIN_DEMANDA,0,,,,,,,0,0,0,65,374,1182.5230769230768,100.5
20266,1.0,645,2026-01-05T11:30,SIN_DEMANDA,0,,,,,,,0,0,0,65,374,1182.5230769230768,100.5
20266,1.0,646,2026-01-05T11:40,SIN_DEMANDA,0,,,,,,,0,0,0,65,374,1182.5230769230768,100.5
20266,1.0,647,2026-01-05T11:50,SIN_DEMANDA,0,,,,,,,0,0,0,65,374,1182.5230769230768,100.5
20266,1.0,648,2026-01-05T12:00,SIN_DEMANDA,0,,,,,,,0,0,0,66,378,1196.189393939394,100.5
20266,1.0,649,2026-01-05T12:10,SIN_DEMANDA,0,,,,,,,0,0,0,66,378,1196.189393939394,100.5
20266,1.0,650,2026-01-05T12:20,SIN_DEMANDA,0,,,,,,,0,0,0,66,378,1196.189393939394,100.5
20266,1.0,651,2026-01-05T12:30,SIN_DEMANDA,0,,,,,,,0,0,0,66,378,1196.189393939394,100.5
20266,1.0,652,2026-01-05T12:40,SIN_DEMANDA,0,,,,,,,0,0,0,66,378,1196.189393939394,100.5
20266,1.0,653,2026-01-05T12:50,SIN_DEMANDA,0,,,,,,,0,0,0,66,378,1196.189393939394,100.5
20266,1.0,654,2026-01-05T13:00,SIN_DEMANDA,0,,,,,,,0,0,0,66,378,1196.189393939394,100.5
20266,1.0,655,2026-01-05T13:10,SIN_DEMANDA,0,,,,,,,0,0,0,67,379,1208.5597014925372,100.5
20266,1.0,656,2026-01-05T13:20,SIN_DEMANDA,0,,,,,,,0,0,0,67,379,1208.5597014925372,100.5
20266,1.0,657,2026-01-05T13:30,SIN_DEMANDA,0,,,,,,,0,0,0,67,379,1208.5597014925372,100.5
20266,1.0,658,2026-01-05T13:40,SIN_DEMANDA,0,,,,,,,0,0,0,67,379,1208.5597014925372,100.5
20266,1.0,659,2026-01-05T13:50,SIN_DEMANDA,0,,,,,,,0,0,0,67,379,1208.5597014925372,100.5
20266,1.0,660,2026-01-05T14:00,SIN_DEMANDA,0,,,,,,,0,0,0,67,379,1208.5597014925372,100.5
20266,1.0,661,2026-01-05T14:10,SIN_DEMANDA,0,,,,,,,0,0,0,67,379,1208.5597014925372,100.5
20266,1.0,662,2026-01-05T14:20,SIN_DEMANDA,0,,,,,,,0,0,0,67,379,1208.5597014925372,100.5
20266,1.0,663,2026-01-05T14:30,SIN_DEMANDA,0,,,,,,,0,0,0,67,379,1208.5597014925372,100.5
20266,1.0,664,2026-01-05T14:40,SIN_DEMANDA,0,,,,,,,0,0,0,67,379,1208.5597014925372,100.5
20266,1.0,665,2026-01-05T14:50,SIN_DEMANDA,0,,,,,,,0,0,0,67,379,1208.5597014925372,100.5
20266,1.0,666,2026-01-05T15:00,SIN_DEMANDA,0,,,,,,,0,0,0,67,379,1208.5597014925372,100.5
20266,1.0,667,2026-01-05T15:10,SIN_DEMANDA,0,,,,,,,0,0,0,67,379,1208.5597014925372,100.5
20266,1.0,668,2026-01-05T15:20,SIN_DEMANDA,0,,,,,,,0,0,0,67,379,1208.5597014925372,100.5
20266,1.0,669,2026-01-05T15:30,COMPLETA,1332.5521,2062.0,2062.0,36.0,174.0,1,0.08333333333333333,1,0,1,67,379,1208.5597014925372,100.5
20266,1.0,670,2026-01-05T15:40,SIN_DEMANDA,0,,,,,,,0,0,0,67,379,1208.5597014925372,100.5
20266,1.0,671,2026-01-05T15:50,COMPLETA,1723.1757,654.0,654.0,24.0,396.0,3,0.1388888888888889,1,0,3,67,379,1208.5597014925372,100.5
20266,1.0,672,2026-01-05T16:00,SIN_DEMANDA,0,,,,,,,0,0,0,67,379,1208.5597014925372,100.5
20266,1.0,673,2026-01-05T16:10,SIN_DEMANDA,0,,,,,,,0,0,0,67,379,1208.5597014925372,100.5
20266,1.0,674,2026-01-05T16:20,SIN_DEMANDA,0,,,,,,,0,0,0,67,379,1208.5597014925372,100.5
20266,1.0,675,2026-01-05T16:30,SIN_DEMANDA,0,,,,,,,0,0,0,67,379,1208.5597014925372,100.5
20266,1.0,676,2026-01-05T16:40,SIN_DEMANDA,0,,,,,,,0,0,0,67,379,1208.5597014925372,100.5
20266,1.0,677,2026-01-05T16:50,SIN_DEMANDA,0,,,,,,,0,0,0,67,379,1208.5597014925372,100.5
20266,1.0,678,2026-01-05T17:00,COMPLETA,1704.0225,996.5,996.5,60.0,210.0,2,0.10416666666666667,1,0,2,69,391,1212.891304347826,100.5
20266,1.0,679,2026-01-05T17:10,SIN_DEMANDA,0,,,,,,,0,0,0,69,391,1212.891304347826,100.5
20266,1.0,680,2026-01-05T17:20,SIN_DEMANDA,0,,,,,,,0,0,0,69,391,1212.891304347826,100.5
20266,1.0,681,2026-01-05T17:30,SIN_DEMANDA,0,,,,,,,0,0,0,69,391,1212.891304347826,100.5
20266,1.0,682,2026-01-05T17:40,SIN_DEMANDA,0,,,,,,,0,0,0,69,391,1212.891304347826,100.5
20266,1.0,683,2026-01-05T17:50,SIN_DEMANDA,0,,,,,,,0,0,0,69,391,1212.891304347826,100.5
20266,1.0,684,2026-01-05T18:00,SIN_DEMANDA,0,,,,,,,0,0,0,69,391,1212.891304347826,100.5
20266,1.0,685,2026-01-05T18:10,SIN_DEMANDA,0,,,,,,,0,0,0,69,391,1212.891304347826,100.5
20266,1.0,686,2026-01-05T18:20,SIN_DEMANDA,0,,,,,,,0,0,0,69,391,1212.891304347826,100.5
20266,1.0,687,2026-01-05T18:30,SIN_DEMANDA,0,,,,,,,0,0,0,70,396,1209.8,100.5
20266,1.0,688,2026-01-05T18:40,SIN_DEMANDA,0,,,,,,,0,0,0,70,396,1209.8,100.5
20266,1.0,689,2026-01-05T18:50,SIN_DEMANDA,0,,,,,,,0,0,0,70,396,1209.8,100.5
20266,1.0,690,2026-01-05T19:00,SIN_DEMANDA,0,,,,,,,0,0,0,70,396,1209.8,100.5
20266,1.0,691,2026-01-05T19:10,COMPLETA,1096.4237,142.5,142.5,50.0,135.0,1,0.125,1,0,1,70,396,1209.8,100.5
20266,1.0,692,2026-01-05T19:20,COMPLETA,1796.3179,990.0,990.0,56.0,204.0,2,0.14583333333333334,1,0,2,70,396,1209.8,100.5
20266,1.0,693,2026-01-05T19:30,SIN_DEMANDA,0,,,,,,,0,0,0,70,396,1209.8,100.5
20266,1.0,694,2026-01-05T19:40,SIN_DEMANDA,0,,,,,,,0,0,0,70,396,1209.8,100.5
20266,1.0,695,2026-01-05T19:50,SIN_DEMANDA,0,,,,,,,0,0,0,70,396,1209.8,100.5
20266,1.0,696,2026-01-05T20:00,SIN_DEMANDA,0,,,,,,,0,0,0,70,396,1209.8,100.5
20266,1.0,697,2026-01-05T20:10,SIN_DEMANDA,0,,,,,,,0,0,0,70,396,1209.8,100.5
20266,1.0,698,2026-01-05T20:20,COMPLETA,1127.8667,392.0,392.0,32.0,108.0,1,0.125,1,0,1,70,396,1209.8,100.5
20266,1.0,699,2026-01-05T20:30,SIN_DEMANDA,0,,,,,,,0,0,0,70,396,1209.8,100.5
20266,1.0,700,2026-01-05T20:40,SIN_DEMANDA,0,,,,,,,0,0,0,70,396,1209.8,100.5
20266,1.0,701,2026-01-05T20:50,COMPLETA,1801.9372,409.0,409.0,16.0,144.0,2,0.125,1,0,2,72,406,1191.923611111111,100.5
20266,1.0,702,2026-01-05T21:00,COMPLETA,1120.9766,161.5,161.5,22.0,93.0,1,0.16666666666666666,1,0,1,72,406,1191.923611111111,100.5
20266,1.0,703,2026-01-05T21:10,SIN_DEMANDA,0,,,,,,,0,0,0,72,406,1191.923611111111,100.5
20266,1.0,704,2026-01-05T21:20,SIN_DEMANDA,0,,,,,,,0,0,0,72,406,1191.923611111111,100.5
20266,1.0,705,2026-01-05T21:30,SIN_DEMANDA,0,,,,,,,0,0,0,72,406,1191.923611111111,100.5
20266,1.0,706,2026-01-05T21:40,SIN_DEMANDA,0,,,,,,,0,0,0,72,406,1191.923611111111,100.5
20266,1.0,707,2026-01-05T21:50,SIN_DEMANDA,0,,,,,,,0,0,0,73,409,1180.9657534246576,100.5
20266,1.0,708,2026-01-05T22:00,SIN_DEMANDA,0,,,,,,,0,0,0,74,415,1170.5337837837837,100.5
20266,1.0,709,2026-01-05T22:10,SIN_DEMANDA,0,,,,,,,0,0,0,74,415,1170.5337837837837,100.5
20266,1.0,710,2026-01-05T22:20,SIN_DEMANDA,0,,,,,,,0,0,0,75,419,1157.08,100.5
20266,1.0,711,2026-01-05T22:30,SIN_DEMANDA,0,,,,,,,0,0,0,75,419,1157.08,100.5
20266,1.0,712,2026-01-05T22:40,COMPLETA,1183.3839,2057.5,2057.5,18.0,147.0,1,0.041666666666666664,1,0,0,75,419,1157.08,100.5
20266,1.0,713,2026-01-05T22:50,COMPLETA,1245.2271,2057.5,2057.5,18.0,147.0,1,0.041666666666666664,1,0,0,75,419,1157.08,100.5
20266,1.0,714,2026-01-05T23:00,COMPLETA,1095.3177,2057.5,2057.5,18.0,147.0,1,0.041666666666666664,1,0,1,75,419,1157.08,100.5
20266,1.0,715,2026-01-05T23:10,SIN_DEMANDA,0,,,,,,,0,0,0,75,419,1157.08,100.5
20266,1.0,716,2026-01-05T23:20,SIN_DEMANDA,0,,,,,,,0,0,0,75,419,1157.08,100.5
20266,1.0,717,2026-01-05T23:30,SIN_DEMANDA,0,,,,,,,0,0,0,75,419,1157.08,100.5
20266,1.0,718,2026-01-05T23:40,SIN_DEMANDA,0,,,,,,,0,0,0,75,419,1157.08,100.5
20266,1.0,719,2026-01-05T23:50,SIN_DEMANDA,0,,,,,,,0,0,0,75,419,1157.08,100.5
20266,1.0,720,2026-01-06T00:00,SIN_DEMANDA,0,,,,,,,0,0,0,75,419,1157.08,100.5
20266,1.0,721,2026-01-06T00:10,SIN_DEMANDA,0,,,,,,,0,0,0,75,419,1157.08,100.5
20266,1.0,722,2026-01-06T00:20,SIN_DEMANDA,0,,,,,,,0,0,0,76,420,1168.9276315789473,100.5
20266,1.0,723,2026-01-06T00:30,SIN_DEMANDA,0,,,,,,,0,0,0,76,420,1168.9276315789473,100.5
20266,1.0,724,2026-01-06T00:40,SIN_DEMANDA,0,,,,,,,0,0,0,76,420,1168.9276315789473,100.5
20266,1.0,725,2026-01-06T00:50,COMPLETA,1264.4124,149.0,149.0,32.0,168.0,1,0.041666666666666664,1,0,1,76,420,1168.9276315789473,100.5
20266,1.0,726,2026-01-06T01:00,SIN_DEMANDA,0,,,,,,,0,0,0,76,420,1168.9276315789473,100.5
20266,1.0,727,2026-01-06T01:10,COMPLETA,2269.7778,380.5,380.5,46.0,129.0,1,0.20833333333333334,1,0,1,76,420,1168.9276315789473,100.5
20266,1.0,728,2026-01-06T01:20,SIN_DEMANDA,0,,,,,,,0,0,0,76,420,1168.9276315789473,100.5
20266,1.0,729,2026-01-06T01:30,SIN_DEMANDA,0,,,,,,,0,0,0,76,420,1168.9276315789473,100.5
20266,1.0,730,2026-01-06T01:40,SIN_DEMANDA,0,,,,,,,0,0,0,76,420,1168.9276315789473,100.5
20266,1.0,731,2026-01-06T01:50,SIN_DEMANDA,0,,,,,,,0,0,0,76,420,1168.9276315789473,100.5
20266,1.0,732,2026-01-06T02:00,SIN_DEMANDA,0,,,,,,,0,0,0,76,420,1168.9276315789473,100.5
20266,1.0,733,2026-01-06T02:10,SIN_DEMANDA,0,,,,,,,0,0,0,76,420,1168.9276315789473,100.5
20266,1.0,734,2026-01-06T02:20,SIN_DEMANDA,0,,,,,,,0,0,0,77,421,1155.6818181818182,100.5
20266,1.0,735,2026-01-06T02:30,SIN_DEMANDA,0,,,,,,,0,0,0,77,421,1155.6818181818182,100.5
20266,1.0,736,2026-01-06T02:40,COMPLETA,1408.1355,2052.5,2052.5,54.0,141.0,1,0.16666666666666666,1,0,1,77,421,1155.6818181818182,100.5
20266,1.0,737,2026-01-06T02:50,SIN_DEMANDA,0,,,,,,,0,0,0,78,426,1145.7435897435898,100.5
20266,1.0,738,2026-01-06T03:00,SIN_DEMANDA,0,,,,,,,0,0,0,78,426,1145.7435897435898,100.5
20266,1.0,739,2026-01-06T03:10,SIN_DEMANDA,0,,,,,,,0,0,0,78,426,1145.7435897435898,100.5
20266,1.0,740,2026-01-06T03:20,SIN_DEMANDA,0,,,,,,,0,0,0,78,426,1145.7435897435898,100.5
20266,1.0,741,2026-01-06T03:30,COMPLETA,2394.8995,2068.0,2068.0,32.0,108.0,1,0.375,1,0,1,78,426,1145.7435897435898,100.5
20266,1.0,742,2026-01-06T03:40,SIN_DEMANDA,0,,,,,,,0,0,0,78,426,1145.7435897435898,100.5
20266,1.0,743,2026-01-06T03:50,SIN_DEMANDA,0,,,,,,,0,0,0,78,426,1145.7435897435898,100.5
20266,1.0,744,2026-01-06T04:00,SIN_DEMANDA,0,,,,,,,0,0,0,78,426,1145.7435897435898,100.5
20266,1.0,745,2026-01-06T04:10,SIN_DEMANDA,0,,,,,,,0,0,0,78,426,1145.7435897435898,100.5
20266,1.0,746,2026-01-06T04:20,SIN_DEMANDA,0,,,,,,,0,0,0,78,426,1145.7435897435898,100.5
20266,1.0,747,2026-01-06T04:30,COMPLETA,1532.6604,1893.0,1893.0,76.0,234.0,1,0.041666666666666664,1,0,0,79,430,1157.2215189873418,100.5
20266,1.0,748,2026-01-06T04:40,COMPLETA,1541.2327,1893.0,1893.0,76.0,234.0,1,0.041666666666666664,1,0,0,79,430,1157.2215189873418,100.5
20266,1.0,749,2026-01-06T04:50,COMPLETA,2290.5509,1977.75,1893.0,122.0,363.0,2,0.14583333333333334,2,0,1,79,430,1157.2215189873418,100.5
20266,1.0,750,2026-01-06T05:00,COMPLETA,1334.2264,1893.0,1893.0,76.0,234.0,1,0.041666666666666664,1,0,0,80,439,1168.60625,100.5
20266,1.0,751,2026-01-06T05:10,COMPLETA,1234.4495,1893.0,1893.0,76.0,234.0,1,0.041666666666666664,1,0,0,80,439,1168.60625,100.5
20266,1.0,752,2026-01-06T05:20,COMPLETA,1050.5657,1893.0,1893.0,76.0,234.0,1,0.041666666666666664,1,0,0,80,439,1168.60625,100.5
20266,1.0,753,2026-01-06T05:30,COMPLETA,1398.6405,1893.0,1893.0,76.0,234.0,1,0.041666666666666664,1,0,0,80,439,1168.60625,100.5
20266,1.0,754,2026-01-06T05:40,COMPLETA,1695.2873,1893.0,1893.0,76.0,234.0,1,0.041666666666666664,1,0,0,80,439,1168.60625,100.5
20266,1.0,755,2026-01-06T05:50,COMPLETA,1660.5979,1893.0,1893.0,76.0,234.0,1,0.041666666666666664,1,0,0,80,439,1168.60625,100.5
20266,1.0,756,2026-01-06T06:00,COMPLETA,1236.6629,1893.0,1893.0,76.0,234.0,1,0.041666666666666664,1,0,0,80,439,1168.60625,100.5
20266,1.0,757,2026-01-06T06:10,COMPLETA,1394.2946,1893.0,1893.0,76.0,234.0,1,0.041666666666666664,1,0,0,80,439,1168.60625,100.5
20266,1.0,758,2026-01-06T06:20,COMPLETA,1336.245,1893.0,1893.0,76.0,234.0,1,0.041666666666666664,1,0,0,80,439,1168.60625,100.5
20266,1.0,759,2026-01-06T06:30,COMPLETA,1315.6633,1893.0,1893.0,76.0,234.0,1,0.041666666666666664,1,0,0,81,445,1179.641975308642,100.5
20266,1.0,760,2026-01-06T06:40,COMPLETA,1023.0466,1893.0,1893.0,76.0,234.0,1,0.041666666666666664,1,0,0,81,445,1179.641975308642,100.5
20266,1.0,761,2026-01-06T06:50,COMPLETA,1033.0847,1893.0,1893.0,76.0,234.0,1,0.041666666666666664,1,0,0,81,445,1179.641975308642,100.5
20266,1.0,762,2026-01-06T07:00,COMPLETA,1063.3,1893.0,1893.0,76.0,234.0,1,0.041666666666666664,1,0,1,81,445,1179.641975308642,100.5
20266,1.0,763,2026-01-06T07:10,SIN_DEMANDA,0,,,,,,,0,0,0,81,445,1179.641975308642,100.5
20266,1.0,764,2026-01-06T07:20,SIN_DEMANDA,0,,,,,,,0,0,0,81,445,1179.641975308642,100.5
20266,1.0,765,2026-01-06T07:30,COMPLETA,1122.6607,2067.5,2067.5,42.0,183.0,1,0.125,1,0,1,81,445,1179.641975308642,100.5
20266,1.0,766,2026-01-06T07:40,SIN_DEMANDA,0,,,,,,,0,0,0,81,445,1179.641975308642,100.5
20266,1.0,767,2026-01-06T07:50,SIN_DEMANDA,0,,,,,,,0,0,0,81,445,1179.641975308642,100.5
20266,1.0,768,2026-01-06T08:00,SIN_DEMANDA,0,,,,,,,0,0,0,81,445,1179.641975308642,100.5
20266,1.0,769,2026-01-06T08:10,SIN_DEMANDA,0,,,,,,,0,0,0,81,445,1179.641975308642,100.5
20266,1.0,770,2026-01-06T08:20,COMPLETA,1217.862,2079.0,2079.0,28.0,162.0,1,0.041666666666666664,1,0,1,81,445,1179.641975308642,100.5
20266,1.0,771,2026-01-06T08:30,SIN_DEMANDA,0,,,,,,,0,0,0,81,445,1179.641975308642,100.5
20266,1.0,772,2026-01-06T08:40,SIN_DEMANDA,0,,,,,,,0,0,0,81,445,1179.641975308642,100.5
20266,1.0,773,2026-01-06T08:50,SIN_DEMANDA,0,,,,,,,0,0,0,81,445,1179.641975308642,100.5
20266,1.0,774,2026-01-06T09:00,COMPLETA,1685.4367,127.5,127.5,58.0,147.0,1,0.25,1,0,1,82,446,1188.341463414634,100.5
20266,1.0,775,2026-01-06T09:10,SIN_DEMANDA,0,,,,,,,0,0,0,83,449,1198.933734939759,100.5
20266,1.0,776,2026-01-06T09:20,COMPLETA,1730.2965,390.0,390.0,28.0,102.0,1,0.375,1,0,1,83,449,1198.933734939759,100.5
20266,1.0,777,2026-01-06T09:30,SIN_DEMANDA,0,,,,,,,0,0,0,83,449,1198.933734939759,100.5
20266,1.0,778,2026-01-06T09:40,SIN_DEMANDA,0,,,,,,,0,0,0,83,449,1198.933734939759,100.5
20266,1.0,779,2026-01-06T09:50,SIN_DEMANDA,0,,,,,,,0,0,0,84,450,1209.4107142857142,100.5
20266,1.0,780,2026-01-06T10:00,SIN_DEMANDA,0,,,,,,,0,0,0,84,450,1209.4107142857142,100.5
20266,1.0,781,2026-01-06T10:10,SIN_DEMANDA,0,,,,,,,0,0,0,84,450,1209.4107142857142,100.5
20266,1.0,782,2026-01-06T10:20,SIN_DEMANDA,0,,,,,,,0,0,0,84,450,1209.4107142857142,100.5
20266,1.0,783,2026-01-06T10:30,SIN_DEMANDA,0,,,,,,,0,0,0,84,450,1209.4107142857142,100.5
20266,1.0,784,2026-01-06T10:40,SIN_DEMANDA,0,,,,,,,0,0,0,84,450,1209.4107142857142,100.5
20266,1.0,785,2026-01-06T10:50,SIN_DEMANDA,0,,,,,,,0,0,0,86,465,1187.3023255813953,100.5
20266,1.0,786,2026-01-06T11:00,COMPLETA,1241.1271,383.0,383.0,48.0,132.0,1,0.125,1,0,1,86,465,1187.3023255813953,100.5
20266,1.0,787,2026-01-06T11:10,SIN_DEMANDA,0,,,,,,,0,0,0,86,465,1187.3023255813953,100.5
20266,1.0,788,2026-01-06T11:20,SIN_DEMANDA,0,,,,,,,0,0,0,86,465,1187.3023255813953,100.5
20266,1.0,789,2026-01-06T11:30,SIN_DEMANDA,0,,,,,,,0,0,0,86,465,1187.3023255813953,100.5
20266,1.0,790,2026-01-06T11:40,SIN_DEMANDA,0,,,,,,,0,0,0,86,465,1187.3023255813953,100.5
20266,1.0,791,2026-01-06T11:50,SIN_DEMANDA,0,,,,,,,0,0,0,86,465,1187.3023255813953,100.5
20266,1.0,792,2026-01-06T12:00,SIN_DEMANDA,0,,,,,,,0,0,0,86,465,1187.3023255813953,100.5
20266,1.0,793,2026-01-06T12:10,SIN_DEMANDA,0,,,,,,,0,0,0,86,465,1187.3023255813953,100.5
20266,1.0,794,2026-01-06T12:20,SIN_DEMANDA,0,,,,,,,0,0,0,86,465,1187.3023255813953,100.5
20266,1.0,795,2026-01-06T12:30,SIN_DEMANDA,0,,,,,,,0,0,0,86,465,1187.3023255813953,100.5
20266,1.0,796,2026-01-06T12:40,COMPLETA,1256.2075,1912.5,1912.5,58.0,207.0,1,0.08333333333333333,1,0,0,87,468,1178.057471264368,100.5
20266,1.0,797,2026-01-06T12:50,COMPLETA,1756.7744,1033.25,154.0,86.0,309.0,2,0.0625,2,0,1,87,468,1178.057471264368,100.5
20266,1.0,798,2026-01-06T13:00,COMPLETA,1310.8715,1912.5,1912.5,58.0,207.0,1,0.08333333333333333,1,0,0,87,468,1178.057471264368,100.5
20266,1.0,799,2026-01-06T13:10,COMPLETA,1244.2244,1912.5,1912.5,58.0,207.0,1,0.08333333333333333,1,0,0,87,468,1178.057471264368,100.5
20266,1.0,800,2026-01-06T13:20,COMPLETA,992.6301,1912.5,1912.5,58.0,207.0,1,0.08333333333333333,1,0,0,87,468,1178.057471264368,100.5
20266,1.0,801,2026-01-06T13:30,COMPLETA,1181.9556,1912.5,1912.5,58.0,207.0,1,0.08333333333333333,1,0,0,87,468,1178.057471264368,100.5
20266,1.0,802,2026-01-06T13:40,COMPLETA,1191.3776,1912.5,1912.5,58.0,207.0,1,0.08333333333333333,1,0,0,87,468,1178.057471264368,100.5
20266,1.0,803,2026-01-06T13:50,COMPLETA,1209.0956,1912.5,1912.5,58.0,207.0,1,0.08333333333333333,1,0,0,87,468,1178.057471264368,100.5
20266,1.0,804,2026-01-06T14:00,COMPLETA,1215.9532,1912.5,1912.5,58.0,207.0,1,0.08333333333333333,1,0,0,87,468,1178.057471264368,100.5
20266,1.0,805,2026-01-06T14:10,COMPLETA,1058.4417,1912.5,1912.5,58.0,207.0,1,0.08333333333333333,1,0,0,87,468,1178.057471264368,100.5
20266,1.0,806,2026-01-06T14:20,COMPLETA,1133.2444,1912.5,1912.5,58.0,207.0,1,0.08333333333333333,1,0,0,88,469,1166.4204545454545,100.5
20266,1.0,807,2026-01-06T14:30,COMPLETA,1798.6473,1143.0,373.5,72.0,433.5,2,0.0625,2,0,0,88,469,1166.4204545454545,100.5
20266,1.0,808,2026-01-06T14:40,COMPLETA,1913.2211,803.3333333333334,124.0,116.0,619.5,3,0.1527777777777778,3,0,0,88,469,1166.4204545454545,100.5
20266,1.0,809,2026-01-06T14:50,COMPLETA,1843.644,803.3333333333334,124.0,116.0,619.5,3,0.1527777777777778,3,0,0,88,469,1166.4204545454545,100.5
20266,1.0,810,2026-01-06T15:00,COMPLETA,1881.5687,803.3333333333334,124.0,116.0,619.5,3,0.1527777777777778,3,0,3,88,469,1166.4204545454545,100.5
20266,1.0,811,2026-01-06T15:10,SIN_DEMANDA,0,,,,,,,0,0,0,88,469,1166.4204545454545,100.5
20266,1.0,812,2026-01-06T15:20,SIN_DEMANDA,0,,,,,,,0,0,0,88,469,1166.4204545454545,100.5
20266,1.0,813,2026-01-06T15:30,SIN_DEMANDA,0,,,,,,,0,0,0,88,469,1166.4204545454545,100.5
20266,1.0,814,2026-01-06T15:40,SIN_DEMANDA,0,,,,,,,0,0,0,88,469,1166.4204545454545,100.5
20266,1.0,815,2026-01-06T15:50,COMPLETA,1057.5542,405.0,405.0,20.0,150.0,1,0.125,1,0,1,88,469,1166.4204545454545,100.5
20266,1.0,816,2026-01-06T16:00,SIN_DEMANDA,0,,,,,,,0,0,0,88,469,1166.4204545454545,100.5
20266,1.0,817,2026-01-06T16:10,SIN_DEMANDA,0,,,,,,,0,0,0,88,469,1166.4204545454545,100.5
20266,1.0,818,2026-01-06T16:20,SIN_DEMANDA,0,,,,,,,0,0,0,89,470,1157.5112359550562,100.5
20266,1.0,819,2026-01-06T16:30,SIN_DEMANDA,0,,,,,,,0,0,0,89,470,1157.5112359550562,100.5
20266,1.0,820,2026-01-06T16:40,COMPLETA,1959.4281,379.0,379.0,132.0,558.0,3,0.1388888888888889,1,0,3,90,478,1146.0277777777778,100.5
20266,1.0,821,2026-01-06T16:50,SIN_DEMANDA,0,,,,,,,0,0,0,91,480,1154.4505494505495,100.5
20266,1.0,822,2026-01-06T17:00,SIN_DEMANDA,0,,,,,,,0,0,0,91,480,1154.4505494505495,100.5
20266,1.0,823,2026-01-06T17:10,SIN_DEMANDA,0,,,,,,,0,0,0,92,483,1146.304347826087,100.5
20266,1.0,824,2026-01-06T17:20,SIN_DEMANDA,0,,,,,,,0,0,0,92,483,1146.304347826087,100.5
20266,1.0,825,2026-01-06T17:30,SIN_DEMANDA,0,,,,,,,0,0,0,92,483,1146.304347826087,100.5
20266,1.0,826,2026-01-06T17:40,SIN_DEMANDA,0,,,,,,,0,0,0,92,483,1146.304347826087,100.5
20266,1.0,827,2026-01-06T17:50,SIN_DEMANDA,0,,,,,,,0,0,0,92,483,1146.304347826087,100.5
20266,1.0,828,2026-01-06T18:00,COMPLETA,594.9286,123.5,123.5,66.0,159.0,1,0.08333333333333333,1,0,1,92,483,1146.304347826087,100.5
20266,1.0,829,2026-01-06T18:10,SIN_DEMANDA,0,,,,,,,0,0,0,92,483,1146.304347826087,100.5
20266,1.0,830,2026-01-06T18:20,SIN_DEMANDA,0,,,,,,,0,0,0,93,493,1138.0537634408602,100.5
20266,1.0,831,2026-01-06T18:30,SIN_DEMANDA,0,,,,,,,0,0,0,93,493,1138.0537634408602,100.5
20266,1.0,832,2026-01-06T18:40,SIN_DEMANDA,0,,,,,,,0,0,0,93,493,1138.0537634408602,100.5
20266,1.0,833,2026-01-06T18:50,SIN_DEMANDA,0,,,,,,,0,0,0,93,493,1138.0537634408602,100.5
20266,1.0,834,2026-01-06T19:00,SIN_DEMANDA,0,,,,,,,0,0,0,93,493,1138.0537634408602,100.5
20266,1.0,835,2026-01-06T19:10,SIN_DEMANDA,0,,,,,,,0,0,0,93,493,1138.0537634408602,100.5
20266,1.0,836,2026-01-06T19:20,SIN_DEMANDA,0,,,,,,,0,0,0,93,493,1138.0537634408602,100.5
20266,1.0,837,2026-01-06T19:30,SIN_DEMANDA,0,,,,,,,0,0,0,93,493,1138.0537634408602,100.5
20266,1.0,838,2026-01-06T19:40,SIN_DEMANDA,0,,,,,,,0,0,0,93,493,1138.0537634408602,100.5
20266,1.0,839,2026-01-06T19:50,COMPLETA,1808.8328,396.0,396.0,24.0,96.0,1,0.375,1,0,1,93,493,1138.0537634408602,100.5
20266,1.0,840,2026-01-06T20:00,SIN_DEMANDA,0,,,,,,,0,0,0,94,495,1127.2606382978724,100.5
20266,1.0,841,2026-01-06T20:10,SIN_DEMANDA,0,,,,,,,0,0,0,94,495,1127.2606382978724,100.5
20266,1.0,842,2026-01-06T20:20,SIN_DEMANDA,0,,,,,,,0,0,0,94,495,1127.2606382978724,100.5
20266,1.0,843,2026-01-06T20:30,SIN_DEMANDA,0,,,,,,,0,0,0,94,495,1127.2606382978724,100.5
20266,1.0,844,2026-01-06T20:40,SIN_DEMANDA,0,,,,,,,0,0,0,94,495,1127.2606382978724,100.5
20266,1.0,845,2026-01-06T20:50,SIN_DEMANDA,0,,,,,,,0,0,0,94,495,1127.2606382978724,100.5
20266,1.0,846,2026-01-06T21:00,SIN_DEMANDA,0,,,,,,,0,0,0,94,495,1127.2606382978724,100.5
20266,1.0,847,2026-01-06T21:10,SIN_DEMANDA,0,,,,,,,0,0,0,95,504,1119.5631578947368,100.5
20266,1.0,848,2026-01-06T21:20,COMPLETA,1238.5516,507.5,507.5,58.0,207.0,1,0.041666666666666664,1,0,0,95,504,1119.5631578947368,100.5
20266,1.0,849,2026-01-06T21:30,COMPLETA,1195.7458,507.5,507.5,58.0,207.0,1,0.041666666666666664,1,0,0,95,504,1119.5631578947368,100.5
20266,1.0,850,2026-01-06T21:40,COMPLETA,1253.1192,507.5,507.5,58.0,207.0,1,0.041666666666666664,1,0,0,95,504,1119.5631578947368,100.5
20266,1.0,851,2026-01-06T21:50,COMPLETA,1339.2101,507.5,507.5,58.0,207.0,1,0.041666666666666664,1,0,0,95,504,1119.5631578947368,100.5
20266,1.0,852,2026-01-06T22:00,COMPLETA,1366.7826,507.5,507.5,58.0,207.0,1,0.041666666666666664,1,0,0,95,504,1119.5631578947368,100.5
20266,1.0,853,2026-01-06T22:10,COMPLETA,1274.9895,507.5,507.5,58.0,207.0,1,0.041666666666666664,1,0,0,95,504,1119.5631578947368,100.5
20266,1.0,854,2026-01-06T22:20,COMPLETA,1091.552,507.5,507.5,58.0,207.0,1,0.041666666666666664,1,0,0,95,504,1119.5631578947368,100.5
20266,1.0,855,2026-01-06T22:30,COMPLETA,1321.103,507.5,507.5,58.0,207.0,1,0.041666666666666664,1,0,0,95,504,1119.5631578947368,100.5
20266,1.0,856,2026-01-06T22:40,COMPLETA,1701.9091,446.25,385.0,74.0,351.0,2,0.08333333333333333,2,0,0,95,504,1119.5631578947368,100.5
20266,1.0,857,2026-01-06T22:50,COMPLETA,1764.5566,446.25,385.0,74.0,351.0,2,0.08333333333333333,2,0,0,95,504,1119.5631578947368,100.5
20266,1.0,858,2026-01-06T23:00,COMPLETA,1770.2854,446.25,385.0,74.0,351.0,2,0.08333333333333333,2,0,2,95,504,1119.5631578947368,100.5
20266,1.0,859,2026-01-06T23:10,SIN_DEMANDA,0,,,,,,,0,0,0,95,504,1119.5631578947368,100.5
20266,1.0,860,2026-01-06T23:20,SIN_DEMANDA,0,,,,,,,0,0,0,95,504,1119.5631578947368,100.5
20266,1.0,861,2026-01-06T23:30,SIN_DEMANDA,0,,,,,,,0,0,0,95,504,1119.5631578947368,100.5
20266,1.0,862,2026-01-06T23:40,SIN_DEMANDA,0,,,,,,,0,0,0,95,504,1119.5631578947368,100.5
20266,1.0,863,2026-01-06T23:50,SIN_DEMANDA,0,,,,,,,0,0,0,95,504,1119.5631578947368,100.5
20266,1.0,864,2026-01-07T00:00,SIN_DEMANDA,0,,,,,,,0,0,0,95,504,1119.5631578947368,100.5
20266,1.0,865,2026-01-07T00:10,SIN_DEMANDA,0,,,,,,,0,0,0,95,504,1119.5631578947368,100.5
20266,1.0,866,2026-01-07T00:20,SIN_DEMANDA,0,,,,,,,0,0,0,96,507,1111.9114583333333,100.5
20266,1.0,867,2026-01-07T00:30,SIN_DEMANDA,0,,,,,,,0,0,0,96,507,1111.9114583333333,100.5
20266,1.0,868,2026-01-07T00:40,SIN_DEMANDA,0,,,,,,,0,0,0,96,507,1111.9114583333333,100.5
20266,1.0,869,2026-01-07T00:50,COMPLETA,1180.5464,601.5,601.5,78.0,237.0,1,0.16666666666666666,1,0,1,97,508,1105.680412371134,100.5
20266,1.0,870,2026-01-07T01:00,COMPLETA,2124.7304,388.5,388.5,42.0,123.0,1,0.25,1,0,1,97,508,1105.680412371134,100.5
20266,1.0,871,2026-01-07T01:10,SIN_DEMANDA,0,,,,,,,0,0,0,97,508,1105.680412371134,100.5
20266,1.0,872,2026-01-07T01:20,SIN_DEMANDA,0,,,,,,,0,0,0,97,508,1105.680412371134,100.5
20266,1.0,873,2026-01-07T01:30,SIN_DEMANDA,0,,,,,,,0,0,0,97,508,1105.680412371134,100.5
20266,1.0,874,2026-01-07T01:40,SIN_DEMANDA,0,,,,,,,0,0,0,97,508,1105.680412371134,100.5
20266,1.0,875,2026-01-07T01:50,SIN_DEMANDA,0,,,,,,,0,0,0,97,508,1105.680412371134,100.5
20266,1.0,876,2026-01-07T02:00,SIN_DEMANDA,0,,,,,,,0,0,0,97,508,1105.680412371134,100.5
20266,1.0,877,2026-01-07T02:10,SIN_DEMANDA,0,,,,,,,0,0,0,97,508,1105.680412371134,100.5
20266,1.0,878,2026-01-07T02:20,SIN_DEMANDA,0,,,,,,,0,0,0,97,508,1105.680412371134,100.5
20266,1.0,879,2026-01-07T02:30,SIN_DEMANDA,0,,,,,,,0,0,0,97,508,1105.680412371134,100.5
20266,1.0,880,2026-01-07T02:40,COMPLETA,2419.8264,370.5,370.5,62.0,153.0,1,0.20833333333333334,1,0,1,98,514,1098.3622448979593,100.5
20266,1.0,881,2026-01-07T02:50,SIN_DEMANDA,0,,,,,,,0,0,0,99,518,1093.3434343434344,100.5
20266,1.0,882,2026-01-07T03:00,SIN_DEMANDA,0,,,,,,,0,0,0,99,518,1093.3434343434344,100.5
20266,1.0,883,2026-01-07T03:10,SIN_DEMANDA,0,,,,,,,0,0,0,99,518,1093.3434343434344,100.5
20266,1.0,884,2026-01-07T03:20,SIN_DEMANDA,0,,,,,,,0,0,0,99,518,1093.3434343434344,100.5
20266,1.0,885,2026-01-07T03:30,SIN_DEMANDA,0,,,,,,,0,0,0,99,518,1093.3434343434344,100.5
20266,1.0,886,2026-01-07T03:40,SIN_DEMANDA,0,,,,,,,0,0,0,99,518,1093.3434343434344,100.5
20266,1.0,887,2026-01-07T03:50,SIN_DEMANDA,0,,,,,,,0,0,0,99,518,1093.3434343434344,100.5
20266,1.0,888,2026-01-07T04:00,SIN_DEMANDA,0,,,,,,,0,0,0,99,518,1093.3434343434344,100.5
20266,1.0,889,2026-01-07T04:10,COMPLETA,1975.7634,2089.5,2089.5,14.0,81.0,1,0.16666666666666666,1,0,1,99,518,1093.3434343434344,100.5
20266,1.0,890,2026-01-07T04:20,SIN_DEMANDA,0,,,,,,,0,0,0,99,518,1093.3434343434344,100.5
20266,1.0,891,2026-01-07T04:30,SIN_DEMANDA,0,,,,,,,0,0,0,100,523,1086.115,100.5
20266,1.0,892,2026-01-07T04:40,COMPLETA,1854.415,624.5,624.5,26.0,99.0,1,0.125,1,0,1,100,523,1086.115,100.5
20266,1.0,893,2026-01-07T04:50,SIN_DEMANDA,0,,,,,,,0,0,0,100,523,1086.115,100.5
20266,1.0,894,2026-01-07T05:00,SIN_DEMANDA,0,,,,,,,0,0,0,100,523,1086.115,100.5
20266,1.0,895,2026-01-07T05:10,SIN_DEMANDA,0,,,,,,,0,0,0,100,523,1086.115,100.5
20266,1.0,896,2026-01-07T05:20,SIN_DEMANDA,0,,,,,,,0,0,0,100,523,1086.115,100.5
20266,1.0,897,2026-01-07T05:30,SIN_DEMANDA,0,,,,,,,0,0,0,101,527,1096.049504950495,100.5
20266,1.0,898,2026-01-07T05:40,SIN_DEMANDA,0,,,,,,,0,0,0,101,527,1096.049504950495,100.5
20266,1.0,899,2026-01-07T05:50,SIN_DEMANDA,0,,,,,,,0,0,0,101,527,1096.049504950495,100.5
20266,1.0,900,2026-01-07T06:00,SIN_DEMANDA,0,,,,,,,0,0,0,101,527,1096.049504950495,100.5
20266,1.0,901,2026-01-07T06:10,SIN_DEMANDA,0,,,,,,,0,0,0,102,530,1091.4264705882354,100.5
20266,1.0,902,2026-01-07T06:20,SIN_DEMANDA,0,,,,,,,0,0,0,102,530,1091.4264705882354,100.5
20266,1.0,903,2026-01-07T06:30,SIN_DEMANDA,0,,,,,,,0,0,0,102,530,1091.4264705882354,100.5
20266,1.0,904,2026-01-07T06:40,SIN_DEMANDA,0,,,,,,,0,0,0,102,530,1091.4264705882354,100.5
20266,1.0,905,2026-01-07T06:50,SIN_DEMANDA,0,,,,,,,0,0,0,102,530,1091.4264705882354,100.5
20266,1.0,906,2026-01-07T07:00,SIN_DEMANDA,0,,,,,,,0,0,0,102,530,1091.4264705882354,100.5
20266,1.0,907,2026-01-07T07:10,SIN_DEMANDA,0,,,,,,,0,0,0,102,530,1091.4264705882354,100.5
20266,1.0,908,2026-01-07T07:20,SIN_DEMANDA,0,,,,,,,0,0,0,102,530,1091.4264705882354,100.5
20266,1.0,909,2026-01-07T07:30,SIN_DEMANDA,0,,,,,,,0,0,0,102,530,1091.4264705882354,100.5
20266,1.0,910,2026-01-07T07:40,SIN_DEMANDA,0,,,,,,,0,0,0,102,530,1091.4264705882354,100.5
20266,1.0,911,2026-01-07T07:50,SIN_DEMANDA,0,,,,,,,0,0,0,102,530,1091.4264705882354,100.5
20266,1.0,912,2026-01-07T08:00,COMPLETA,2900.2155,2073.5,2073.5,52.0,318.0,2,0.125,1,0,2,102,530,1091.4264705882354,100.5
20266,1.0,913,2026-01-07T08:10,SIN_DEMANDA,0,,,,,,,0,0,0,102,530,1091.4264705882354,100.5
20266,1.0,914,2026-01-07T08:20,SIN_DEMANDA,0,,,,,,,0,0,0,102,530,1091.4264705882354,100.5
20266,1.0,915,2026-01-07T08:30,SIN_DEMANDA,0,,,,,,,0,0,0,102,530,1091.4264705882354,100.5
20266,1.0,916,2026-01-07T08:40,COMPLETA,2606.2204,2067.0,2067.0,96.0,384.0,2,0.10416666666666667,1,0,2,102,530,1091.4264705882354,100.5
20266,1.0,917,2026-01-07T08:50,SIN_DEMANDA,0,,,,,,,0,0,0,102,530,1091.4264705882354,100.5
20266,1.0,918,2026-01-07T09:00,SIN_DEMANDA,0,,,,,,,0,0,0,102,530,1091.4264705882354,100.5
20266,1.0,919,2026-01-07T09:10,SIN_DEMANDA,0,,,,,,,0,0,0,102,530,1091.4264705882354,100.5
20266,1.0,920,2026-01-07T09:20,COMPLETA,1674.2525,2073.0,2073.0,38.0,117.0,1,0.08333333333333333,1,0,1,103,536,1100.9611650485438,100.5
20266,1.0,921,2026-01-07T09:30,SIN_DEMANDA,0,,,,,,,0,0,0,103,536,1100.9611650485438,100.5
20266,1.0,922,2026-01-07T09:40,SIN_DEMANDA,0,,,,,,,0,0,0,103,536,1100.9611650485438,100.5
20266,1.0,923,2026-01-07T09:50,SIN_DEMANDA,0,,,,,,,0,0,0,103,536,1100.9611650485438,100.5
20266,1.0,924,2026-01-07T10:00,SIN_DEMANDA,0,,,,,,,0,0,0,103,536,1100.9611650485438,100.5
20266,1.0,925,2026-01-07T10:10,SIN_DEMANDA,0,,,,,,,0,0,0,104,541,1110.25,100.5
20266,1.0,926,2026-01-07T10:20,SIN_DEMANDA,0,,,,,,,0,0,0,104,541,1110.25,100.5
20266,1.0,927,2026-01-07T10:30,SIN_DEMANDA,0,,,,,,,0,0,0,104,541,1110.25,100.5
20266,1.0,928,2026-01-07T10:40,SIN_DEMANDA,0,,,,,,,0,0,0,104,541,1110.25,100.5
20266,1.0,929,2026-01-07T10:50,COMPLETA,2069.0733,2072.0,2072.0,72.0,228.0,2,0.10416666666666667,1,0,2,105,543,1119.4190476190477,100.5
20266,1.0,930,2026-01-07T11:00,SIN_DEMANDA,0,,,,,,,0,0,0,105,543,1119.4190476190477,100.5
20266,1.0,931,2026-01-07T11:10,SIN_DEMANDA,0,,,,,,,0,0,0,105,543,1119.4190476190477,100.5
20266,1.0,932,2026-01-07T11:20,SIN_DEMANDA,0,,,,,,,0,0,0,105,543,1119.4190476190477,100.5
20266,1.0,933,2026-01-07T11:30,SIN_DEMANDA,0,,,,,,,0,0,0,105,543,1119.4190476190477,100.5
20266,1.0,934,2026-01-07T11:40,COMPLETA,1245.9462,2040.0,2040.0,42.0,123.0,1,0.16666666666666666,1,0,1,105,543,1119.4190476190477,100.5
20266,1.0,935,2026-01-07T11:50,SIN_DEMANDA,0,,,,,,,0,0,0,105,543,1119.4190476190477,100.5
20266,1.0,936,2026-01-07T12:00,SIN_DEMANDA,0,,,,,,,0,0,0,105,543,1119.4190476190477,100.5
20266,1.0,937,2026-01-07T12:10,SIN_DEMANDA,0,,,,,,,0,0,0,105,543,1119.4190476190477,100.5
20266,1.0,938,2026-01-07T12:20,SIN_DEMANDA,0,,,,,,,0,0,0,106,548,1128.4056603773586,100.5
20266,1.0,939,2026-01-07T12:30,SIN_DEMANDA,0,,,,,,,0,0,0,106,548,1128.4056603773586,100.5
20266,1.0,940,2026-01-07T12:40,COMPLETA,2107.0152,2077.5,2077.5,44.0,186.0,2,0.1875,1,0,2,106,548,1128.4056603773586,100.5
20266,1.0,941,2026-01-07T12:50,SIN_DEMANDA,0,,,,,,,0,0,0,106,548,1128.4056603773586,100.5
20266,1.0,942,2026-01-07T13:00,SIN_DEMANDA,0,,,,,,,0,0,0,106,548,1128.4056603773586,100.5
20266,1.0,943,2026-01-07T13:10,SIN_DEMANDA,0,,,,,,,0,0,0,106,548,1128.4056603773586,100.5
20266,1.0,944,2026-01-07T13:20,SIN_DEMANDA,0,,,,,,,0,0,0,106,548,1128.4056603773586,100.5
20266,1.0,945,2026-01-07T13:30,SIN_DEMANDA,0,,,,,,,0,0,0,106,548,1128.4056603773586,100.5
20266,1.0,946,2026-01-07T13:40,SIN_DEMANDA,0,,,,,,,0,0,0,107,552,1136.9252336448599,100.5
20266,1.0,947,2026-01-07T13:50,SIN_DEMANDA,0,,,,,,,0,0,0,107,552,1136.9252336448599,100.5
20266,1.0,948,2026-01-07T14:00,SIN_DEMANDA,0,,,,,,,0,0,0,107,552,1136.9252336448599,100.5
20266,1.0,949,2026-01-07T14:10,SIN_DEMANDA,0,,,,,,,0,0,0,108,561,1145.6342592592594,100.5
20266,1.0,950,2026-01-07T14:20,SIN_DEMANDA,0,,,,,,,0,0,0,108,561,1145.6342592592594,100.5
20266,1.0,951,2026-01-07T14:30,COMPLETA,1271.6255,126.5,126.5,22.0,153.0,1,0.08333333333333333,1,0,0,108,561,1145.6342592592594,100.5
20266,1.0,952,2026-01-07T14:40,COMPLETA,1369.7415,126.5,126.5,22.0,153.0,1,0.08333333333333333,1,0,0,108,561,1145.6342592592594,100.5
20266,1.0,953,2026-01-07T14:50,COMPLETA,2090.8529,142.25,126.5,54.0,441.0,3,0.16666666666666666,2,0,0,108,561,1145.6342592592594,100.5
20266,1.0,954,2026-01-07T15:00,COMPLETA,2161.6072,142.25,126.5,54.0,441.0,3,0.16666666666666666,2,0,3,108,561,1145.6342592592594,100.5
20266,1.0,955,2026-01-07T15:10,SIN_DEMANDA,0,,,,,,,0,0,0,108,561,1145.6342592592594,100.5
20266,1.0,956,2026-01-07T15:20,SIN_DEMANDA,0,,,,,,,0,0,0,108,561,1145.6342592592594,100.5
20266,1.0,957,2026-01-07T15:30,SIN_DEMANDA,0,,,,,,,0,0,0,108,561,1145.6342592592594,100.5
20266,1.0,958,2026-01-07T15:40,SIN_DEMANDA,0,,,,,,,0,0,0,108,561,1145.6342592592594,100.5
20266,1.0,959,2026-01-07T15:50,SIN_DEMANDA,0,,,,,,,0,0,0,108,561,1145.6342592592594,100.5
20266,1.0,960,2026-01-07T16:00,SIN_DEMANDA,0,,,,,,,0,0,0,108,561,1145.6342592592594,100.5
20266,1.0,961,2026-01-07T16:10,SIN_DEMANDA,0,,,,,,,0,0,0,108,561,1145.6342592592594,100.5
20266,1.0,962,2026-01-07T16:20,SIN_DEMANDA,0,,,,,,,0,0,0,110,573,1127.3909090909092,100.5
20266,1.0,963,2026-01-07T16:30,SIN_DEMANDA,0,,,,,,,0,0,0,110,573,1127.3909090909092,100.5
20266,1.0,964,2026-01-07T16:40,SIN_DEMANDA,0,,,,,,,0,0,0,110,573,1127.3909090909092,100.5
20266,1.0,965,2026-01-07T16:50,SIN_DEMANDA,0,,,,,,,0,0,0,110,573,1127.3909090909092,100.5
20266,1.0,966,2026-01-07T17:00,SIN_DEMANDA,0,,,,,,,0,0,0,110,573,1127.3909090909092,100.5
20266,1.0,967,2026-01-07T17:10,SIN_DEMANDA,0,,,,,,,0,0,0,110,573,1127.3909090909092,100.5
20266,1.0,968,2026-01-07T17:20,SIN_DEMANDA,0,,,,,,,0,0,0,110,573,1127.3909090909092,100.5
20266,1.0,969,2026-01-07T17:30,SIN_DEMANDA,0,,,,,,,0,0,0,110,573,1127.3909090909092,100.5
20266,1.0,970,2026-01-07T17:40,SIN_DEMANDA,0,,,,,,,0,0,0,110,573,1127.3909090909092,100.5
20266,1.0,971,2026-01-07T17:50,SIN_DEMANDA,0,,,,,,,0,0,0,110,573,1127.3909090909092,100.5
20266,1.0,972,2026-01-07T18:00,SIN_DEMANDA,0,,,,,,,0,0,0,110,573,1127.3909090909092,100.5
20266,1.0,973,2026-01-07T18:10,SIN_DEMANDA,0,,,,,,,0,0,0,110,573,1127.3909090909092,100.5
20266,1.0,974,2026-01-07T18:20,COMPLETA,1982.2895,987.0,987.0,64.0,216.0,2,0.16666666666666666,1,0,2,110,573,1127.3909090909092,100.5
20266,1.0,975,2026-01-07T18:30,SIN_DEMANDA,0,,,,,,,0,0,0,110,573,1127.3909090909092,100.5
20266,1.0,976,2026-01-07T18:40,SIN_DEMANDA,0,,,,,,,0,0,0,110,573,1127.3909090909092,100.5
20266,1.0,977,2026-01-07T18:50,SIN_DEMANDA,0,,,,,,,0,0,0,110,573,1127.3909090909092,100.5
20266,1.0,978,2026-01-07T19:00,SIN_DEMANDA,0,,,,,,,0,0,0,110,573,1127.3909090909092,100.5
20266,1.0,979,2026-01-07T19:10,SIN_DEMANDA,0,,,,,,,0,0,0,110,573,1127.3909090909092,100.5
20266,1.0,980,2026-01-07T19:20,SIN_DEMANDA,0,,,,,,,0,0,0,110,573,1127.3909090909092,100.5
20266,1.0,981,2026-01-07T19:30,SIN_DEMANDA,0,,,,,,,0,0,0,110,573,1127.3909090909092,100.5
20266,1.0,982,2026-01-07T19:40,SIN_DEMANDA,0,,,,,,,0,0,0,110,573,1127.3909090909092,100.5
20266,1.0,983,2026-01-07T19:50,COMPLETA,1921.9432,2060.5,2060.5,126.0,369.0,3,0.125,1,0,3,111,581,1126.126126126126,100.5
20266,1.0,984,2026-01-07T20:00,SIN_DEMANDA,0,,,,,,,0,0,0,111,581,1126.126126126126,100.5
20266,1.0,985,2026-01-07T20:10,COMPLETA,596.0102,155.0,155.0,32.0,108.0,1,0.041666666666666664,1,0,1,111,581,1126.126126126126,100.5
20266,1.0,986,2026-01-07T20:20,COMPLETA,1198.8718,2070.5,2070.5,34.0,111.0,1,0.16666666666666666,1,0,1,111,581,1126.126126126126,100.5
20266,1.0,987,2026-01-07T20:30,SIN_DEMANDA,0,,,,,,,0,0,0,111,581,1126.126126126126,100.5
20266,1.0,988,2026-01-07T20:40,SIN_DEMANDA,0,,,,,,,0,0,0,111,581,1126.126126126126,100.5
20266,1.0,989,2026-01-07T20:50,SIN_DEMANDA,0,,,,,,,0,0,0,111,581,1126.126126126126,100.5
20266,1.0,990,2026-01-07T21:00,SIN_DEMANDA,0,,,,,,,0,0,0,111,581,1126.126126126126,100.5
20266,1.0,991,2026-01-07T21:10,SIN_DEMANDA,0,,,,,,,0,0,0,111,581,1126.126126126126,100.5
20266,1.0,992,2026-01-07T21:20,SIN_DEMANDA,0,,,,,,,0,0,0,111,581,1126.126126126126,100.5
20266,1.0,993,2026-01-07T21:30,SIN_DEMANDA,0,,,,,,,0,0,0,112,590,1134.46875,100.5
20266,1.0,994,2026-01-07T21:40,SIN_DEMANDA,0,,,,,,,0,0,0,113,591,1125.8008849557523,100.5
20266,1.0,995,2026-01-07T21:50,COMPLETA,1350.3999,58.5,58.5,48.0,192.0,1,0.125,1,0,0,114,595,1134.0877192982457,100.5
20266,1.0,996,2026-01-07T22:00,COMPLETA,1294.0723,58.5,58.5,48.0,192.0,1,0.125,1,0,0,114,595,1134.0877192982457,100.5
20266,1.0,997,2026-01-07T22:10,COMPLETA,1302.8879,58.5,58.5,48.0,192.0,1,0.125,1,0,0,114,595,1134.0877192982457,100.5
20266,1.0,998,2026-01-07T22:20,COMPLETA,1199.5404,58.5,58.5,48.0,192.0,1,0.125,1,0,0,114,595,1134.0877192982457,100.5
20266,1.0,999,2026-01-07T22:30,COMPLETA,1013.9978,58.5,58.5,48.0,192.0,1,0.125,1,0,0,114,595,1134.0877192982457,100.5
20266,1.0,1000,2026-01-07T22:40,COMPLETA,1210.3992,58.5,58.5,48.0,192.0,1,0.125,1,0,0,114,595,1134.0877192982457,100.5
20266,1.0,1001,2026-01-07T22:50,COMPLETA,1192.5513,58.5,58.5,48.0,192.0,1,0.125,1,0,0,114,595,1134.0877192982457,100.5
20266,1.0,1002,2026-01-07T23:00,COMPLETA,1223.9463,58.5,58.5,48.0,192.0,1,0.125,1,0,1,114,595,1134.0877192982457,100.5
20266,1.0,1003,2026-01-07T23:10,COMPLETA,1229.6779,2036.5,2036.5,70.0,225.0,1,0.041666666666666664,1,0,1,114,595,1134.0877192982457,100.5
20266,1.0,1004,2026-01-07T23:20,SIN_DEMANDA,0,,,,,,,0,0,0,114,595,1134.0877192982457,100.5
20266,1.0,1005,2026-01-07T23:30,SIN_DEMANDA,0,,,,,,,0,0,0,114,595,1134.0877192982457,100.5
20266,1.0,1006,2026-01-07T23:40,SIN_DEMANDA,0,,,,,,,0,0,0,114,595,1134.0877192982457,100.5
20266,1.0,1007,2026-01-07T23:50,SIN_DEMANDA,0,,,,,,,0,0,0,114,595,1134.0877192982457,100.5
20266,1.0,1008,2026-01-08T00:00,SIN_DEMANDA,0,,,,,,,0,0,0,114,595,1134.0877192982457,100.5
20266,1.0,1009,2026-01-08T00:10,SIN_DEMANDA,0,,,,,,,0,0,0,114,595,1134.0877192982457,100.5
20266,1.0,1010,2026-01-08T00:20,SIN_DEMANDA,0,,,,,,,0,0,0,114,595,1134.0877192982457,100.5
20266,1.0,1011,2026-01-08T00:30,SIN_DEMANDA,0,,,,,,,0,0,0,114,595,1134.0877192982457,100.5
20266,1.0,1012,2026-01-08T00:40,SIN_DEMANDA,0,,,,,,,0,0,0,114,595,1134.0877192982457,100.5
20266,1.0,1013,2026-01-08T00:50,SIN_DEMANDA,0,,,,,,,0,0,0,115,598,1124.7347826086957,58.5
20266,1.0,1014,2026-01-08T01:00,SIN_DEMANDA,0,,,,,,,0,0,0,115,598,1124.7347826086957,58.5
20266,1.0,1015,2026-01-08T01:10,SIN_DEMANDA,0,,,,,,,0,0,0,116,599,1132.594827586207,58.5
20266,1.0,1016,2026-01-08T01:20,SIN_DEMANDA,0,,,,,,,0,0,0,116,599,1132.594827586207,58.5
20266,1.0,1017,2026-01-08T01:30,SIN_DEMANDA,0,,,,,,,0,0,0,116,599,1132.594827586207,58.5
20266,1.0,1018,2026-01-08T01:40,SIN_DEMANDA,0,,,,,,,0,0,0,116,599,1132.594827586207,58.5
20266,1.0,1019,2026-01-08T01:50,SIN_DEMANDA,0,,,,,,,0,0,0,116,599,1132.594827586207,58.5
20266,1.0,1020,2026-01-08T02:00,COMPLETA,2079.0296,370.5,370.5,116.0,294.0,2,0.14583333333333334,1,0,2,116,599,1132.594827586207,58.5
20266,1.0,1021,2026-01-08T02:10,SIN_DEMANDA,0,,,,,,,0,0,0,116,599,1132.594827586207,58.5
20266,1.0,1022,2026-01-08T02:20,SIN_DEMANDA,0,,,,,,,0,0,0,116,599,1132.594827586207,58.5
20266,1.0,1023,2026-01-08T02:30,SIN_DEMANDA,0,,,,,,,0,0,0,116,599,1132.594827586207,58.5
20266,1.0,1024,2026-01-08T02:40,SIN_DEMANDA,0,,,,,,,0,0,0,116,599,1132.594827586207,58.5
20266,1.0,1025,2026-01-08T02:50,SIN_DEMANDA,0,,,,,,,0,0,0,116,599,1132.594827586207,58.5
20266,1.0,1026,2026-01-08T03:00,SIN_DEMANDA,0,,,,,,,0,0,0,116,599,1132.594827586207,58.5
20266,1.0,1027,2026-01-08T03:10,SIN_DEMANDA,0,,,,,,,0,0,0,116,599,1132.594827586207,58.5
20266,1.0,1028,2026-01-08T03:20,SIN_DEMANDA,0,,,,,,,0,0,0,116,599,1132.594827586207,58.5
20266,1.0,1029,2026-01-08T03:30,SIN_DEMANDA,0,,,,,,,0,0,0,116,599,1132.594827586207,58.5
20266,1.0,1030,2026-01-08T03:40,SIN_DEMANDA,0,,,,,,,0,0,0,116,599,1132.594827586207,58.5
20266,1.0,1031,2026-01-08T03:50,SIN_DEMANDA,0,,,,,,,0,0,0,117,606,1126.0811965811965,58.5
20266,1.0,1032,2026-01-08T04:00,SIN_DEMANDA,0,,,,,,,0,0,0,117,606,1126.0811965811965,58.5
20266,1.0,1033,2026-01-08T04:10,SIN_DEMANDA,0,,,,,,,0,0,0,117,606,1126.0811965811965,58.5
20266,1.0,1034,2026-01-08T04:20,SIN_DEMANDA,0,,,,,,,0,0,0,117,606,1126.0811965811965,58.5
20266,1.0,1035,2026-01-08T04:30,SIN_DEMANDA,0,,,,,,,0,0,0,117,606,1126.0811965811965,58.5
20266,1.0,1036,2026-01-08T04:40,SIN_DEMANDA,0,,,,,,,0,0,0,117,606,1126.0811965811965,58.5
20266,1.0,1037,2026-01-08T04:50,SIN_DEMANDA,0,,,,,,,0,0,0,117,606,1126.0811965811965,58.5
20266,1.0,1038,2026-01-08T05:00,SIN_DEMANDA,0,,,,,,,0,0,0,117,606,1126.0811965811965,58.5
20266,1.0,1039,2026-01-08T05:10,SIN_DEMANDA,0,,,,,,,0,0,0,117,606,1126.0811965811965,58.5
20266,1.0,1040,2026-01-08T05:20,SIN_DEMANDA,0,,,,,,,0,0,0,117,606,1126.0811965811965,58.5
20266,1.0,1041,2026-01-08T05:30,SIN_DEMANDA,0,,,,,,,0,0,0,117,606,1126.0811965811965,58.5
20266,1.0,1042,2026-01-08T05:40,COMPLETA,2148.3951,64.0,64.0,36.0,174.0,1,0.375,1,0,0,117,606,1126.0811965811965,58.5
20266,1.0,1043,2026-01-08T05:50,COMPLETA,1826.4937,64.0,64.0,36.0,174.0,1,0.375,1,0,0,117,606,1126.0811965811965,58.5
20266,1.0,1044,2026-01-08T06:00,COMPLETA,2021.2681,64.0,64.0,36.0,174.0,1,0.375,1,0,0,117,606,1126.0811965811965,58.5
20266,1.0,1045,2026-01-08T06:10,COMPLETA,1999.7387,64.0,64.0,36.0,174.0,1,0.375,1,0,0,117,606,1126.0811965811965,58.5
20266,1.0,1046,2026-01-08T06:20,COMPLETA,1948.6116,64.0,64.0,36.0,174.0,1,0.375,1,0,0,117,606,1126.0811965811965,58.5
20266,1.0,1047,2026-01-08T06:30,COMPLETA,1978.0693,64.0,64.0,36.0,174.0,1,0.375,1,0,0,117,606,1126.0811965811965,58.5
20266,1.0,1048,2026-01-08T06:40,COMPLETA,2477.3444,1042.75,64.0,106.0,399.0,2,0.20833333333333334,2,0,0,117,606,1126.0811965811965,58.5
20266,1.0,1049,2026-01-08T06:50,COMPLETA,2191.138,1042.75,64.0,106.0,399.0,2,0.20833333333333334,2,0,0,117,606,1126.0811965811965,58.5
20266,1.0,1050,2026-01-08T07:00,COMPLETA,2052.1432,1042.75,64.0,106.0,399.0,2,0.20833333333333334,2,0,2,117,606,1126.0811965811965,58.5
20266,1.0,1051,2026-01-08T07:10,COMPLETA,2002.1732,2077.0,2077.0,20.0,150.0,1,0.3333333333333333,1,0,1,117,606,1126.0811965811965,58.5
20266,1.0,1052,2026-01-08T07:20,SIN_DEMANDA,0,,,,,,,0,0,0,117,606,1126.0811965811965,58.5
20266,1.0,1053,2026-01-08T07:30,SIN_DEMANDA,0,,,,,,,0,0,0,117,606,1126.0811965811965,58.5
20266,1.0,1054,2026-01-08T07:40,SIN_DEMANDA,0,,,,,,,0,0,0,117,606,1126.0811965811965,58.5
20266,1.0,1055,2026-01-08T07:50,SIN_DEMANDA,0,,,,,,,0,0,0,117,606,1126.0811965811965,58.5
20266,1.0,1056,2026-01-08T08:00,SIN_DEMANDA,0,,,,,,,0,0,0,117,606,1126.0811965811965,58.5
20266,1.0,1057,2026-01-08T08:10,SIN_DEMANDA,0,,,,,,,0,0,0,117,606,1126.0811965811965,58.5
20266,1.0,1058,2026-01-08T08:20,SIN_DEMANDA,0,,,,,,,0,0,0,117,606,1126.0811965811965,58.5
20266,1.0,1059,2026-01-08T08:30,SIN_DEMANDA,0,,,,,,,0,0,0,119,623,1125.1470588235295,58.5
20266,1.0,1060,2026-01-08T08:40,SIN_DEMANDA,0,,,,,,,0,0,0,119,623,1125.1470588235295,58.5
20266,1.0,1061,2026-01-08T08:50,SIN_DEMANDA,0,,,,,,,0,0,0,119,623,1125.1470588235295,58.5
20266,1.0,1062,2026-01-08T09:00,SIN_DEMANDA,0,,,,,,,0,0,0,120,624,1132.6166666666666,58.5
20266,1.0,1063,2026-01-08T09:10,SIN_DEMANDA,0,,,,,,,0,0,0,120,624,1132.6166666666666,58.5
20266,1.0,1064,2026-01-08T09:20,COMPLETA,1227.0073,352.5,352.5,80.0,180.0,1,0.041666666666666664,1,0,1,120,624,1132.6166666666666,58.5
20266,1.0,1065,2026-01-08T09:30,SIN_DEMANDA,0,,,,,,,0,0,0,120,624,1132.6166666666666,58.5
20266,1.0,1066,2026-01-08T09:40,SIN_DEMANDA,0,,,,,,,0,0,0,120,624,1132.6166666666666,58.5
20266,1.0,1067,2026-01-08T09:50,COMPLETA,1921.8735,2078.0,2078.0,16.0,84.0,1,0.2916666666666667,1,0,1,120,624,1132.6166666666666,58.5
20266,1.0,1068,2026-01-08T10:00,SIN_DEMANDA,0,,,,,,,0,0,0,120,624,1132.6166666666666,58.5
20266,1.0,1069,2026-01-08T10:10,SIN_DEMANDA,0,,,,,,,0,0,0,120,624,1132.6166666666666,58.5
20266,1.0,1070,2026-01-08T10:20,SIN_DEMANDA,0,,,,,,,0,0,0,120,624,1132.6166666666666,58.5
20266,1.0,1071,2026-01-08T10:30,SIN_DEMANDA,0,,,,,,,0,0,0,120,624,1132.6166666666666,58.5
20266,1.0,1072,2026-01-08T10:40,SIN_DEMANDA,0,,,,,,,0,0,0,120,624,1132.6166666666666,58.5
20266,1.0,1073,2026-01-08T10:50,SIN_DEMANDA,0,,,,,,,0,0,0,120,624,1132.6166666666666,58.5
20266,1.0,1074,2026-01-08T11:00,SIN_DEMANDA,0,,,,,,,0,0,0,120,624,1132.6166666666666,58.5
20266,1.0,1075,2026-01-08T11:10,COMPLETA,1993.0365,390.5,390.5,76.0,234.0,2,0.125,1,0,2,121,631,1140.4297520661157,58.5
20266,1.0,1076,2026-01-08T11:20,SIN_DEMANDA,0,,,,,,,0,0,0,121,631,1140.4297520661157,58.5
20266,1.0,1077,2026-01-08T11:30,SIN_DEMANDA,0,,,,,,,0,0,0,122,632,1133.97131147541,58.5
20266,1.0,1078,2026-01-08T11:40,COMPLETA,1966.3105,2075.5,2075.5,26.0,99.0,1,0.20833333333333334,1,0,1,122,632,1133.97131147541,58.5
20266,1.0,1079,2026-01-08T11:50,SIN_DEMANDA,0,,,,,,,0,0,0,122,632,1133.97131147541,58.5
20266,1.0,1080,2026-01-08T12:00,SIN_DEMANDA,0,,,,,,,0,0,0,122,632,1133.97131147541,58.5
20266,1.0,1081,2026-01-08T12:10,SIN_DEMANDA,0,,,,,,,0,0,0,122,632,1133.97131147541,58.5
20266,1.0,1082,2026-01-08T12:20,SIN_DEMANDA,0,,,,,,,0,0,0,122,632,1133.97131147541,58.5
20266,1.0,1083,2026-01-08T12:30,SIN_DEMANDA,0,,,,,,,0,0,0,122,632,1133.97131147541,58.5
20266,1.0,1084,2026-01-08T12:40,SIN_DEMANDA,0,,,,,,,0,0,0,123,638,1127.9268292682927,58.5
20266,1.0,1085,2026-01-08T12:50,SIN_DEMANDA,0,,,,,,,0,0,0,123,638,1127.9268292682927,58.5
20266,1.0,1086,2026-01-08T13:00,SIN_DEMANDA,0,,,,,,,0,0,0,124,643,1135.5685483870968,58.5
20266,1.0,1087,2026-01-08T13:10,SIN_DEMANDA,0,,,,,,,0,0,0,124,643,1135.5685483870968,58.5
20266,1.0,1088,2026-01-08T13:20,SIN_DEMANDA,0,,,,,,,0,0,0,124,643,1135.5685483870968,58.5
20266,1.0,1089,2026-01-08T13:30,SIN_DEMANDA,0,,,,,,,0,0,0,124,643,1135.5685483870968,58.5
20266,1.0,1090,2026-01-08T13:40,SIN_DEMANDA,0,,,,,,,0,0,0,124,643,1135.5685483870968,58.5
20266,1.0,1091,2026-01-08T13:50,SIN_DEMANDA,0,,,,,,,0,0,0,124,643,1135.5685483870968,58.5
20266,1.0,1092,2026-01-08T14:00,SIN_DEMANDA,0,,,,,,,0,0,0,124,643,1135.5685483870968,58.5
20266,1.0,1093,2026-01-08T14:10,SIN_DEMANDA,0,,,,,,,0,0,0,124,643,1135.5685483870968,58.5
20266,1.0,1094,2026-01-08T14:20,SIN_DEMANDA,0,,,,,,,0,0,0,124,643,1135.5685483870968,58.5
20266,1.0,1095,2026-01-08T14:30,COMPLETA,2124.7566,93.0,93.0,136.0,444.0,2,0.14583333333333334,1,0,0,124,643,1135.5685483870968,58.5
20266,1.0,1096,2026-01-08T14:40,COMPLETA,1927.6262,93.0,93.0,136.0,444.0,2,0.14583333333333334,1,0,0,124,643,1135.5685483870968,58.5
20266,1.0,1097,2026-01-08T14:50,COMPLETA,1779.3306,93.0,93.0,136.0,444.0,2,0.14583333333333334,1,0,0,124,643,1135.5685483870968,58.5
20266,1.0,1098,2026-01-08T15:00,COMPLETA,1742.639,93.0,93.0,136.0,444.0,2,0.14583333333333334,1,0,2,124,643,1135.5685483870968,58.5
20266,1.0,1099,2026-01-08T15:10,SIN_DEMANDA,0,,,,,,,0,0,0,124,643,1135.5685483870968,58.5
20266,1.0,1100,2026-01-08T15:20,SIN_DEMANDA,0,,,,,,,0,0,0,124,643,1135.5685483870968,58.5
20266,1.0,1101,2026-01-08T15:30,SIN_DEMANDA,0,,,,,,,0,0,0,124,643,1135.5685483870968,58.5
20266,1.0,1102,2026-01-08T15:40,SIN_DEMANDA,0,,,,,,,0,0,0,124,643,1135.5685483870968,58.5
20266,1.0,1103,2026-01-08T15:50,SIN_DEMANDA,0,,,,,,,0,0,0,124,643,1135.5685483870968,58.5
20266,1.0,1104,2026-01-08T16:00,SIN_DEMANDA,0,,,,,,,0,0,0,124,643,1135.5685483870968,58.5
20266,1.0,1105,2026-01-08T16:10,COMPLETA,2035.6412,631.75,318.5,210.0,555.0,2,0.25,2,0,2,124,643,1135.5685483870968,58.5
20266,1.0,1106,2026-01-08T16:20,SIN_DEMANDA,0,,,,,,,0,0,0,124,643,1135.5685483870968,58.5
20266,1.0,1107,2026-01-08T16:30,SIN_DEMANDA,0,,,,,,,0,0,0,124,643,1135.5685483870968,58.5
20266,1.0,1108,2026-01-08T16:40,SIN_DEMANDA,0,,,,,,,0,0,0,124,643,1135.5685483870968,58.5
20266,1.0,1109,2026-01-08T16:50,SIN_DEMANDA,0,,,,,,,0,0,0,124,643,1135.5685483870968,58.5
20266,1.0,1110,2026-01-08T17:00,SIN_DEMANDA,0,,,,,,,0,0,0,125,650,1127.228,58.5
20266,1.0,1111,2026-01-08T17:10,SIN_DEMANDA,0,,,,,,,0,0,0,125,650,1127.228,58.5
20266,1.0,1112,2026-01-08T17:20,SIN_DEMANDA,0,,,,,,,0,0,0,125,650,1127.228,58.5
20266,1.0,1113,2026-01-08T17:30,SIN_DEMANDA,0,,,,,,,0,0,0,125,650,1127.228,58.5
20266,1.0,1114,2026-01-08T17:40,COMPLETA,1745.4477,345.5,345.5,20.0,276.0,2,0.16666666666666666,1,0,2,125,650,1127.228,58.5
20266,1.0,1115,2026-01-08T17:50,COMPLETA,1175.0175,333.0,333.0,76.0,234.0,1,0.08333333333333333,1,0,0,125,650,1127.228,58.5
20266,1.0,1116,2026-01-08T18:00,COMPLETA,1130.1717,333.0,333.0,76.0,174.0,1,0.08333333333333333,1,0,0,125,650,1127.228,58.5
20266,1.0,1117,2026-01-08T18:10,COMPLETA,1184.1116,333.0,333.0,76.0,174.0,1,0.08333333333333333,1,0,0,125,650,1127.228,58.5
20266,1.0,1118,2026-01-08T18:20,COMPLETA,1185.9522,333.0,333.0,76.0,174.0,1,0.08333333333333333,1,0,0,125,650,1127.228,58.5
20266,1.0,1119,2026-01-08T18:30,COMPLETA,1191.199,333.0,333.0,76.0,174.0,1,0.08333333333333333,1,0,0,126,655,1125.781746031746,58.5
20266,1.0,1120,2026-01-08T18:40,COMPLETA,1204.305,333.0,333.0,76.0,174.0,1,0.08333333333333333,1,0,1,126,655,1125.781746031746,58.5
20266,1.0,1121,2026-01-08T18:50,SIN_DEMANDA,0,,,,,,,0,0,0,126,655,1125.781746031746,58.5
20266,1.0,1122,2026-01-08T19:00,SIN_DEMANDA,0,,,,,,,0,0,0,127,662,1119.4251968503936,58.5
20266,1.0,1123,2026-01-08T19:10,SIN_DEMANDA,0,,,,,,,0,0,0,127,662,1119.4251968503936,58.5
20266,1.0,1124,2026-01-08T19:20,COMPLETA,1816.6296,2054.5,2054.5,96.0,268.0,2,0.125,1,0,2,127,662,1119.4251968503936,58.5
20266,1.0,1125,2026-01-08T19:30,SIN_DEMANDA,0,,,,,,,0,0,0,127,662,1119.4251968503936,58.5
20266,1.0,1126,2026-01-08T19:40,COMPLETA,1738.345,2031.5,2031.5,50.0,135.0,1,0.20833333333333334,1,0,1,127,662,1119.4251968503936,58.5
20266,1.0,1127,2026-01-08T19:50,SIN_DEMANDA,0,,,,,,,0,0,0,127,662,1119.4251968503936,58.5
20266,1.0,1128,2026-01-08T20:00,SIN_DEMANDA,0,,,,,,,0,0,0,128,670,1113.37890625,58.5
20266,1.0,1129,2026-01-08T20:10,SIN_DEMANDA,0,,,,,,,0,0,0,128,670,1113.37890625,58.5
20266,1.0,1130,2026-01-08T20:20,SIN_DEMANDA,0,,,,,,,0,0,0,129,672,1107.3294573643411,58.5
20266,1.0,1131,2026-01-08T20:30,SIN_DEMANDA,0,,,,,,,0,0,0,129,672,1107.3294573643411,58.5
20266,1.0,1132,2026-01-08T20:40,SIN_DEMANDA,0,,,,,,,0,0,0,129,672,1107.3294573643411,58.5
20266,1.0,1133,2026-01-08T20:50,SIN_DEMANDA,0,,,,,,,0,0,0,129,672,1107.3294573643411,58.5
20266,1.0,1134,2026-01-08T21:00,SIN_DEMANDA,0,,,,,,,0,0,0,129,672,1107.3294573643411,58.5
20266,1.0,1135,2026-01-08T21:10,SIN_DEMANDA,0,,,,,,,0,0,0,130,678,1114.6153846153845,58.5
20266,1.0,1136,2026-01-08T21:20,SIN_DEMANDA,0,,,,,,,0,0,0,130,678,1114.6153846153845,58.5
20266,1.0,1137,2026-01-08T21:30,SIN_DEMANDA,0,,,,,,,0,0,0,130,678,1114.6153846153845,58.5
20266,1.0,1138,2026-01-08T21:40,SIN_DEMANDA,0,,,,,,,0,0,0,130,678,1114.6153846153845,58.5
20266,1.0,1139,2026-01-08T21:50,SIN_DEMANDA,0,,,,,,,0,0,0,131,683,1121.6145038167938,58.5
20266,1.0,1140,2026-01-08T22:00,SIN_DEMANDA,0,,,,,,,0,0,0,131,683,1121.6145038167938,58.5
20266,1.0,1141,2026-01-08T22:10,SIN_DEMANDA,0,,,,,,,0,0,0,131,683,1121.6145038167938,58.5
20266,1.0,1142,2026-01-08T22:20,COMPLETA,1228.2459,357.5,357.5,30.0,165.0,1,0.16666666666666666,1,0,0,131,683,1121.6145038167938,58.5
20266,1.0,1143,2026-01-08T22:30,COMPLETA,1220.2207,357.5,357.5,30.0,165.0,1,0.16666666666666666,1,0,0,131,683,1121.6145038167938,58.5
20266,1.0,1144,2026-01-08T22:40,COMPLETA,1949.5477,476.0,357.5,72.0,361.5,2,0.16666666666666666,2,0,0,131,683,1121.6145038167938,58.5
20266,1.0,1145,2026-01-08T22:50,COMPLETA,2282.1748,476.0,357.5,72.0,361.5,2,0.16666666666666666,2,0,0,131,683,1121.6145038167938,58.5
20266,1.0,1146,2026-01-08T23:00,COMPLETA,2578.5757,476.0,357.5,72.0,361.5,2,0.16666666666666666,2,0,2,131,683,1121.6145038167938,58.5
20266,1.0,1147,2026-01-08T23:10,SIN_DEMANDA,0,,,,,,,0,0,0,131,683,1121.6145038167938,58.5
20266,1.0,1148,2026-01-08T23:20,SIN_DEMANDA,0,,,,,,,0,0,0,131,683,1121.6145038167938,58.5
20266,1.0,1149,2026-01-08T23:30,SIN_DEMANDA,0,,,,,,,0,0,0,131,683,1121.6145038167938,58.5
20266,1.0,1150,2026-01-08T23:40,SIN_DEMANDA,0,,,,,,,0,0,0,131,683,1121.6145038167938,58.5
20266,1.0,1151,2026-01-08T23:50,SIN_DEMANDA,0,,,,,,,0,0,0,131,683,1121.6145038167938,58.5
20266,1.0,1152,2026-01-09T00:00,SIN_DEMANDA,0,,,,,,,0,0,0,131,683,1121.6145038167938,58.5
20266,1.0,1153,2026-01-09T00:10,COMPLETA,2391.9086,567.0,567.0,66.0,219.0,1,0.375,1,0,1,131,683,1121.6145038167938,58.5
20266,1.0,1154,2026-01-09T00:20,SIN_DEMANDA,0,,,,,,,0,0,0,131,683,1121.6145038167938,58.5
20266,1.0,1155,2026-01-09T00:30,COMPLETA,1790.9991,895.5,895.5,62.0,213.0,1,0.08333333333333333,1,0,0,132,687,1115.8257575757575,58.5
20266,1.0,1156,2026-01-09T00:40,COMPLETA,1435.9355,895.5,895.5,62.0,213.0,1,0.08333333333333333,1,0,0,132,687,1115.8257575757575,58.5
20266,1.0,1157,2026-01-09T00:50,COMPLETA,1733.2337,895.5,895.5,62.0,213.0,1,0.08333333333333333,1,0,0,133,691,1111.906015037594,58.5
20266,1.0,1158,2026-01-09T01:00,COMPLETA,2177.6461,1416.75,895.5,174.0,735.0,3,0.125,2,0,2,133,691,1111.906015037594,58.5
20266,1.0,1159,2026-01-09T01:10,COMPLETA,1558.6957,895.5,895.5,62.0,213.0,1,0.08333333333333333,1,0,0,133,691,1111.906015037594,58.5
20266,1.0,1160,2026-01-09T01:20,COMPLETA,1506.9646,895.5,895.5,62.0,213.0,1,0.08333333333333333,1,0,0,133,691,1111.906015037594,58.5
20266,1.0,1161,2026-01-09T01:30,COMPLETA,1571.5841,895.5,895.5,62.0,153.0,1,0.08333333333333333,1,0,0,133,691,1111.906015037594,58.5
20266,1.0,1162,2026-01-09T01:40,COMPLETA,1466.8181,895.5,895.5,62.0,153.0,1,0.08333333333333333,1,0,1,133,691,1111.906015037594,58.5
20266,1.0,1163,2026-01-09T01:50,SIN_DEMANDA,0,,,,,,,0,0,0,133,691,1111.906015037594,58.5
20266,1.0,1164,2026-01-09T02:00,SIN_DEMANDA,0,,,,,,,0,0,0,133,691,1111.906015037594,58.5
20266,1.0,1165,2026-01-09T02:10,SIN_DEMANDA,0,,,,,,,0,0,0,133,691,1111.906015037594,58.5
20266,1.0,1166,2026-01-09T02:20,SIN_DEMANDA,0,,,,,,,0,0,0,133,691,1111.906015037594,58.5
20266,1.0,1167,2026-01-09T02:30,COMPLETA,2365.912,386.0,386.0,36.0,114.0,1,0.2916666666666667,1,0,1,133,691,1111.906015037594,58.5
20266,1.0,1168,2026-01-09T02:40,SIN_DEMANDA,0,,,,,,,0,0,0,134,700,1107.839552238806,58.5
20266,1.0,1169,2026-01-09T02:50,SIN_DEMANDA,0,,,,,,,0,0,0,134,700,1107.839552238806,58.5
20266,1.0,1170,2026-01-09T03:00,SIN_DEMANDA,0,,,,,,,0,0,0,134,700,1107.839552238806,58.5
20266,1.0,1171,2026-01-09T03:10,SIN_DEMANDA,0,,,,,,,0,0,0,134,700,1107.839552238806,58.5
20266,1.0,1172,2026-01-09T03:20,SIN_DEMANDA,0,,,,,,,0,0,0,134,700,1107.839552238806,58.5
20266,1.0,1173,2026-01-09T03:30,SIN_DEMANDA,0,,,,,,,0,0,0,134,700,1107.839552238806,58.5
20266,1.0,1174,2026-01-09T03:40,SIN_DEMANDA,0,,,,,,,0,0,0,135,702,1106.2666666666667,58.5
20266,1.0,1175,2026-01-09T03:50,SIN_DEMANDA,0,,,,,,,0,0,0,135,702,1106.2666666666667,58.5
20266,1.0,1176,2026-01-09T04:00,SIN_DEMANDA,0,,,,,,,0,0,0,136,709,1100.9705882352941,58.5
20266,1.0,1177,2026-01-09T04:10,SIN_DEMANDA,0,,,,,,,0,0,0,136,709,1100.9705882352941,58.5
20266,1.0,1178,2026-01-09T04:20,SIN_DEMANDA,0,,,,,,,0,0,0,136,709,1100.9705882352941,58.5
20266,1.0,1179,2026-01-09T04:30,SIN_DEMANDA,0,,,,,,,0,0,0,136,709,1100.9705882352941,58.5
20266,1.0,1180,2026-01-09T04:40,SIN_DEMANDA,0,,,,,,,0,0,0,137,716,1107.0802919708028,58.5
20266,1.0,1181,2026-01-09T04:50,SIN_DEMANDA,0,,,,,,,0,0,0,137,716,1107.0802919708028,58.5
20266,1.0,1182,2026-01-09T05:00,COMPLETA,518.8854,87.5,6.0,74.0,291.0,2,0.08333333333333333,2,0,1,137,716,1107.0802919708028,58.5
20266,1.0,1183,2026-01-09T05:10,COMPLETA,608.3458,6.0,6.0,62.0,213.0,1,0.125,1,0,0,137,716,1107.0802919708028,58.5
20266,1.0,1184,2026-01-09T05:20,COMPLETA,625.1658,6.0,6.0,62.0,213.0,1,0.125,1,0,0,137,716,1107.0802919708028,58.5
20266,1.0,1185,2026-01-09T05:30,COMPLETA,654.64,6.0,6.0,62.0,213.0,1,0.125,1,0,0,137,716,1107.0802919708028,58.5
20266,1.0,1186,2026-01-09T05:40,COMPLETA,1008.5194,6.0,6.0,62.0,213.0,1,0.125,1,0,0,137,716,1107.0802919708028,58.5
20266,1.0,1187,2026-01-09T05:50,COMPLETA,633.5936,6.0,6.0,62.0,213.0,1,0.125,1,0,0,137,716,1107.0802919708028,58.5
20266,1.0,1188,2026-01-09T06:00,COMPLETA,726.9977,6.0,6.0,62.0,213.0,1,0.125,1,0,0,137,716,1107.0802919708028,58.5
20266,1.0,1189,2026-01-09T06:10,COMPLETA,688.7082,6.0,6.0,62.0,213.0,1,0.125,1,0,0,138,717,1100.2826086956522,58.5
20266,1.0,1190,2026-01-09T06:20,COMPLETA,621.7762,6.0,6.0,62.0,213.0,1,0.125,1,0,0,138,717,1100.2826086956522,58.5
20266,1.0,1191,2026-01-09T06:30,COMPLETA,626.1851,6.0,6.0,62.0,213.0,1,0.125,1,0,0,138,717,1100.2826086956522,58.5
20266,1.0,1192,2026-01-09T06:40,COMPLETA,596.0737,6.0,6.0,62.0,213.0,1,0.125,1,0,0,138,717,1100.2826086956522,58.5
20266,1.0,1193,2026-01-09T06:50,COMPLETA,695.1352,6.0,6.0,62.0,213.0,1,0.125,1,0,0,138,717,1100.2826086956522,58.5
20266,1.0,1194,2026-01-09T07:00,COMPLETA,441.8581,6.0,6.0,62.0,213.0,1,0.125,1,0,1,138,717,1100.2826086956522,58.5
20266,1.0,1195,2026-01-09T07:10,SIN_DEMANDA,0,,,,,,,0,0,0,138,717,1100.2826086956522,58.5
20266,1.0,1196,2026-01-09T07:20,SIN_DEMANDA,0,,,,,,,0,0,0,138,717,1100.2826086956522,58.5
20266,1.0,1197,2026-01-09T07:30,SIN_DEMANDA,0,,,,,,,0,0,0,138,717,1100.2826086956522,58.5
20266,1.0,1198,2026-01-09T07:40,COMPLETA,2221.8942,2068.5,2068.5,120.0,540.0,3,0.1388888888888889,1,0,3,138,717,1100.2826086956522,58.5
20266,1.0,1199,2026-01-09T07:50,SIN_DEMANDA,0,,,,,,,0,0,0,138,717,1100.2826086956522,58.5
20266,1.0,1200,2026-01-09T08:00,SIN_DEMANDA,0,,,,,,,0,0,0,138,717,1100.2826086956522,58.5
20266,1.0,1201,2026-01-09T08:10,SIN_DEMANDA,0,,,,,,,0,0,0,138,717,1100.2826086956522,58.5
20266,1.0,1202,2026-01-09T08:20,COMPLETA,2657.2737,978.0,978.0,52.0,198.0,1,0.20833333333333334,1,0,1,138,717,1100.2826086956522,58.5
20266,1.0,1203,2026-01-09T08:30,SIN_DEMANDA,0,,,,,,,0,0,0,138,717,1100.2826086956522,58.5
20266,1.0,1204,2026-01-09T08:40,SIN_DEMANDA,0,,,,,,,0,0,0,138,717,1100.2826086956522,58.5
20266,1.0,1205,2026-01-09T08:50,SIN_DEMANDA,0,,,,,,,0,0,0,139,720,1092.410071942446,6.0
20266,1.0,1206,2026-01-09T09:00,SIN_DEMANDA,0,,,,,,,0,0,0,139,720,1092.410071942446,6.0
20266,1.0,1207,2026-01-09T09:10,SIN_DEMANDA,0,,,,,,,0,0,0,139,720,1092.410071942446,6.0
20266,1.0,1208,2026-01-09T09:20,SIN_DEMANDA,0,,,,,,,0,0,0,140,730,1099.3821428571428,6.0
20266,1.0,1209,2026-01-09T09:30,SIN_DEMANDA,0,,,,,,,0,0,0,140,730,1099.3821428571428,6.0
20266,1.0,1210,2026-01-09T09:40,SIN_DEMANDA,0,,,,,,,0,0,0,140,730,1099.3821428571428,6.0
20266,1.0,1211,2026-01-09T09:50,SIN_DEMANDA,0,,,,,,,0,0,0,140,730,1099.3821428571428,6.0
20266,1.0,1212,2026-01-09T10:00,SIN_DEMANDA,0,,,,,,,0,0,0,141,735,1098.5212765957447,6.0
20266,1.0,1213,2026-01-09T10:10,SIN_DEMANDA,0,,,,,,,0,0,0,141,735,1098.5212765957447,6.0
20266,1.0,1214,2026-01-09T10:20,SIN_DEMANDA,0,,,,,,,0,0,0,141,735,1098.5212765957447,6.0
20266,1.0,1215,2026-01-09T10:30,SIN_DEMANDA,0,,,,,,,0,0,0,141,735,1098.5212765957447,6.0
20266,1.0,1216,2026-01-09T10:40,COMPLETA,2611.1627,2053.5,2053.5,58.0,147.0,1,0.2916666666666667,1,0,1,141,735,1098.5212765957447,6.0
20266,1.0,1217,2026-01-09T10:50,SIN_DEMANDA,0,,,,,,,0,0,0,141,735,1098.5212765957447,6.0
20266,1.0,1218,2026-01-09T11:00,SIN_DEMANDA,0,,,,,,,0,0,0,141,735,1098.5212765957447,6.0
20266,1.0,1219,2026-01-09T11:10,SIN_DEMANDA,0,,,,,,,0,0,0,141,735,1098.5212765957447,6.0
20266,1.0,1220,2026-01-09T11:20,SIN_DEMANDA,0,,,,,,,0,0,0,141,735,1098.5212765957447,6.0
20266,1.0,1221,2026-01-09T11:30,COMPLETA,2492.6863,2067.0,2067.0,80.0,240.0,2,0.1875,1,0,2,141,735,1098.5212765957447,6.0
20266,1.0,1222,2026-01-09T11:40,SIN_DEMANDA,0,,,,,,,0,0,0,141,735,1098.5212765957447,6.0
20266,1.0,1223,2026-01-09T11:50,SIN_DEMANDA,0,,,,,,,0,0,0,141,735,1098.5212765957447,6.0
20266,1.0,1224,2026-01-09T12:00,SIN_DEMANDA,0,,,,,,,0,0,0,141,735,1098.5212765957447,6.0
20266,1.0,1225,2026-01-09T12:10,SIN_DEMANDA,0,,,,,,,0,0,0,141,735,1098.5212765957447,6.0
20266,1.0,1226,2026-01-09T12:20,SIN_DEMANDA,0,,,,,,,0,0,0,141,735,1098.5212765957447,6.0
20266,1.0,1227,2026-01-09T12:30,SIN_DEMANDA,0,,,,,,,0,0,0,142,742,1105.2464788732395,6.0
20266,1.0,1228,2026-01-09T12:40,SIN_DEMANDA,0,,,,,,,0,0,0,142,742,1105.2464788732395,6.0
20266,1.0,1229,2026-01-09T12:50,SIN_DEMANDA,0,,,,,,,0,0,0,142,742,1105.2464788732395,6.0
20266,1.0,1230,2026-01-09T13:00,SIN_DEMANDA,0,,,,,,,0,0,0,143,751,1111.972027972028,6.0
20266,1.0,1231,2026-01-09T13:10,SIN_DEMANDA,0,,,,,,,0,0,0,143,751,1111.972027972028,6.0
20266,1.0,1232,2026-01-09T13:20,COMPLETA,1669.9874,527.5,527.5,38.0,177.0,1,0.16666666666666666,1,0,0,143,751,1111.972027972028,6.0
20266,1.0,1233,2026-01-09T13:30,COMPLETA,1712.7905,527.5,527.5,38.0,177.0,1,0.16666666666666666,1,0,0,143,751,1111.972027972028,6.0
20266,1.0,1234,2026-01-09T13:40,COMPLETA,1423.0699,527.5,527.5,38.0,177.0,1,0.16666666666666666,1,0,0,143,751,1111.972027972028,6.0
20266,1.0,1235,2026-01-09T13:50,COMPLETA,1459.4568,527.5,527.5,38.0,177.0,1,0.16666666666666666,1,0,0,143,751,1111.972027972028,6.0
20266,1.0,1236,2026-01-09T14:00,COMPLETA,1166.4365,527.5,527.5,38.0,177.0,1,0.16666666666666666,1,0,0,143,751,1111.972027972028,6.0
20266,1.0,1237,2026-01-09T14:10,COMPLETA,1980.5766,1275.25,527.5,74.0,351.0,2,0.2708333333333333,2,0,0,143,751,1111.972027972028,6.0
20266,1.0,1238,2026-01-09T14:20,COMPLETA,2492.1778,1275.25,527.5,74.0,351.0,2,0.2708333333333333,2,0,0,143,751,1111.972027972028,6.0
20266,1.0,1239,2026-01-09T14:30,COMPLETA,2449.7245,1275.25,527.5,74.0,351.0,2,0.2708333333333333,2,0,0,143,751,1111.972027972028,6.0
20266,1.0,1240,2026-01-09T14:40,COMPLETA,2511.2802,1275.25,527.5,74.0,351.0,2,0.2708333333333333,2,0,0,143,751,1111.972027972028,6.0
20266,1.0,1241,2026-01-09T14:50,COMPLETA,2261.7515,1275.25,527.5,74.0,351.0,2,0.2708333333333333,2,0,0,143,751,1111.972027972028,6.0
20266,1.0,1242,2026-01-09T15:00,COMPLETA,2289.4606,1275.25,527.5,74.0,351.0,2,0.2708333333333333,2,0,2,143,751,1111.972027972028,6.0
20266,1.0,1243,2026-01-09T15:10,SIN_DEMANDA,0,,,,,,,0,0,0,143,751,1111.972027972028,6.0
20266,1.0,1244,2026-01-09T15:20,COMPLETA,1583.4275,391.5,391.5,30.0,165.0,1,0.125,1,0,1,143,751,1111.972027972028,6.0
20266,1.0,1245,2026-01-09T15:30,SIN_DEMANDA,0,,,,,,,0,0,0,143,751,1111.972027972028,6.0
20266,1.0,1246,2026-01-09T15:40,COMPLETA,1536.2951,2074.0,2074.0,28.0,162.0,1,0.041666666666666664,1,0,1,143,751,1111.972027972028,6.0
20266,1.0,1247,2026-01-09T15:50,SIN_DEMANDA,0,,,,,,,0,0,0,143,751,1111.972027972028,6.0
20266,1.0,1248,2026-01-09T16:00,SIN_DEMANDA,0,,,,,,,0,0,0,143,751,1111.972027972028,6.0
20266,1.0,1249,2026-01-09T16:10,SIN_DEMANDA,0,,,,,,,0,0,0,143,751,1111.972027972028,6.0
20266,1.0,1250,2026-01-09T16:20,SIN_DEMANDA,0,,,,,,,0,0,0,143,751,1111.972027972028,6.0
20266,1.0,1251,2026-01-09T16:30,SIN_DEMANDA,0,,,,,,,0,0,0,145,764,1114.2241379310344,6.0
20266,1.0,1252,2026-01-09T16:40,SIN_DEMANDA,0,,,,,,,0,0,0,145,764,1114.2241379310344,6.0
20266,1.0,1253,2026-01-09T16:50,COMPLETA,2268.3217,158.5,158.5,52.0,318.0,2,0.20833333333333334,1,0,2,146,767,1109.2739726027398,6.0
20266,1.0,1254,2026-01-09T17:00,SIN_DEMANDA,0,,,,,,,0,0,0,146,767,1109.2739726027398,6.0
20266,1.0,1255,2026-01-09T17:10,SIN_DEMANDA,0,,,,,,,0,0,0,147,768,1115.8367346938776,6.0
20266,1.0,1256,2026-01-09T17:20,SIN_DEMANDA,0,,,,,,,0,0,0,147,768,1115.8367346938776,6.0
20266,1.0,1257,2026-01-09T17:30,SIN_DEMANDA,0,,,,,,,0,0,0,147,768,1115.8367346938776,6.0
20266,1.0,1258,2026-01-09T17:40,SIN_DEMANDA,0,,,,,,,0,0,0,147,768,1115.8367346938776,6.0
20266,1.0,1259,2026-01-09T17:50,SIN_DEMANDA,0,,,,,,,0,0,0,147,768,1115.8367346938776,6.0
20266,1.0,1260,2026-01-09T18:00,SIN_DEMANDA,0,,,,,,,0,0,0,147,768,1115.8367346938776,6.0
20266,1.0,1261,2026-01-09T18:10,SIN_DEMANDA,0,,,,,,,0,0,0,148,778,1109.3682432432433,6.0
20266,1.0,1262,2026-01-09T18:20,SIN_DEMANDA,0,,,,,,,0,0,0,148,778,1109.3682432432433,6.0
20266,1.0,1263,2026-01-09T18:30,SIN_DEMANDA,0,,,,,,,0,0,0,148,778,1109.3682432432433,6.0
20266,1.0,1264,2026-01-09T18:40,SIN_DEMANDA,0,,,,,,,0,0,0,148,778,1109.3682432432433,6.0
20266,1.0,1265,2026-01-09T18:50,SIN_DEMANDA,0,,,,,,,0,0,0,148,778,1109.3682432432433,6.0
20266,1.0,1266,2026-01-09T19:00,SIN_DEMANDA,0,,,,,,,0,0,0,148,778,1109.3682432432433,6.0
20266,1.0,1267,2026-01-09T19:10,SIN_DEMANDA,0,,,,,,,0,0,0,148,778,1109.3682432432433,6.0
20266,1.0,1268,2026-01-09T19:20,SIN_DEMANDA,0,,,,,,,0,0,0,148,778,1109.3682432432433,6.0
20266,1.0,1269,2026-01-09T19:30,SIN_DEMANDA,0,,,,,,,0,0,0,148,778,1109.3682432432433,6.0
20266,1.0,1270,2026-01-09T19:40,SIN_DEMANDA,0,,,,,,,0,0,0,148,778,1109.3682432432433,6.0
20266,1.0,1271,2026-01-09T19:50,SIN_DEMANDA,0,,,,,,,0,0,0,148,778,1109.3682432432433,6.0
20266,1.0,1272,2026-01-09T20:00,COMPLETA,1597.7675,638.5,638.5,22.0,93.0,1,0.08333333333333333,1,0,1,148,778,1109.3682432432433,6.0
20266,1.0,1273,2026-01-09T20:10,SIN_DEMANDA,0,,,,,,,0,0,0,148,778,1109.3682432432433,6.0
20266,1.0,1274,2026-01-09T20:20,SIN_DEMANDA,0,,,,,,,0,0,0,148,778,1109.3682432432433,6.0
20266,1.0,1275,2026-01-09T20:30,SIN_DEMANDA,0,,,,,,,0,0,0,148,778,1109.3682432432433,6.0
20266,1.0,1276,2026-01-09T20:40,SIN_DEMANDA,0,,,,,,,0,0,0,148,778,1109.3682432432433,6.0
20266,1.0,1277,2026-01-09T20:50,COMPLETA,2259.9008,2074.0,2074.0,48.0,192.0,2,0.125,1,0,2,148,778,1109.3682432432433,6.0
20266,1.0,1278,2026-01-09T21:00,SIN_DEMANDA,0,,,,,,,0,0,0,148,778,1109.3682432432433,6.0
20266,1.0,1279,2026-01-09T21:10,SIN_DEMANDA,0,,,,,,,0,0,0,148,778,1109.3682432432433,6.0
20266,1.0,1280,2026-01-09T21:20,SIN_DEMANDA,0,,,,,,,0,0,0,149,780,1106.2080536912752,6.0
20266,1.0,1281,2026-01-09T21:30,SIN_DEMANDA,0,,,,,,,0,0,0,149,780,1106.2080536912752,6.0
20266,1.0,1282,2026-01-09T21:40,SIN_DEMANDA,0,,,,,,,0,0,0,149,780,1106.2080536912752,6.0
20266,1.0,1283,2026-01-09T21:50,SIN_DEMANDA,0,,,,,,,0,0,0,149,780,1106.2080536912752,6.0
20266,1.0,1284,2026-01-09T22:00,SIN_DEMANDA,0,,,,,,,0,0,0,149,780,1106.2080536912752,6.0
20266,1.0,1285,2026-01-09T22:10,SIN_DEMANDA,0,,,,,,,0,0,0,150,786,1112.66,6.0
20266,1.0,1286,2026-01-09T22:20,SIN_DEMANDA,0,,,,,,,0,0,0,150,786,1112.66,6.0
20266,1.0,1287,2026-01-09T22:30,SIN_DEMANDA,0,,,,,,,0,0,0,150,786,1112.66,6.0
20266,1.0,1288,2026-01-09T22:40,SIN_DEMANDA,0,,,,,,,0,0,0,150,786,1112.66,6.0
20266,1.0,1289,2026-01-09T22:50,SIN_DEMANDA,0,,,,,,,0,0,0,150,786,1112.66,6.0
20266,1.0,1290,2026-01-09T23:00,SIN_DEMANDA,0,,,,,,,0,0,0,150,786,1112.66,6.0
20266,1.0,1291,2026-01-09T23:10,SIN_DEMANDA,0,,,,,,,0,0,0,150,786,1112.66,6.0
20266,1.0,1292,2026-01-09T23:20,SIN_DEMANDA,0,,,,,,,0,0,0,150,786,1112.66,6.0
20266,1.0,1293,2026-01-09T23:30,SIN_DEMANDA,0,,,,,,,0,0,0,150,786,1112.66,6.0
20266,1.0,1294,2026-01-09T23:40,SIN_DEMANDA,0,,,,,,,0,0,0,150,786,1112.66,6.0
20266,1.0,1295,2026-01-09T23:50,SIN_DEMANDA,0,,,,,,,0,0,0,150,786,1112.66,6.0
20266,1.0,1296,2026-01-10T00:00,SIN_DEMANDA,0,,,,,,,0,0,0,150,786,1112.66,6.0
20266,1.0,1297,2026-01-10T00:10,SIN_DEMANDA,0,,,,,,,0,0,0,150,786,1112.66,6.0
20266,1.0,1298,2026-01-10T00:20,SIN_DEMANDA,0,,,,,,,0,0,0,150,786,1112.66,6.0
20266,1.0,1299,2026-01-10T00:30,SIN_DEMANDA,0,,,,,,,0,0,0,150,786,1112.66,6.0
20266,1.0,1300,2026-01-10T00:40,SIN_DEMANDA,0,,,,,,,0,0,0,150,786,1112.66,6.0
20266,1.0,1301,2026-01-10T00:50,SIN_DEMANDA,0,,,,,,,0,0,0,150,786,1112.66,6.0
20266,1.0,1302,2026-01-10T01:00,SIN_DEMANDA,0,,,,,,,0,0,0,150,786,1112.66,6.0
20266,1.0,1303,2026-01-10T01:10,SIN_DEMANDA,0,,,,,,,0,0,0,150,786,1112.66,6.0
20266,1.0,1304,2026-01-10T01:20,SIN_DEMANDA,0,,,,,,,0,0,0,150,786,1112.66,6.0
20266,1.0,1305,2026-01-10T01:30,SIN_DEMANDA,0,,,,,,,0,0,0,150,786,1112.66,6.0
20266,1.0,1306,2026-01-10T01:40,SIN_DEMANDA,0,,,,,,,0,0,0,150,786,1112.66,6.0
20266,1.0,1307,2026-01-10T01:50,SIN_DEMANDA,0,,,,,,,0,0,0,150,786,1112.66,6.0
20266,1.0,1308,2026-01-10T02:00,SIN_DEMANDA,0,,,,,,,0,0,0,150,786,1112.66,6.0
20266,1.0,1309,2026-01-10T02:10,SIN_DEMANDA,0,,,,,,,0,0,0,150,786,1112.66,6.0
20266,1.0,1310,2026-01-10T02:20,SIN_DEMANDA,0,,,,,,,0,0,0,150,786,1112.66,6.0
20266,1.0,1311,2026-01-10T02:30,SIN_DEMANDA,0,,,,,,,0,0,0,150,786,1112.66,6.0
20266,1.0,1312,2026-01-10T02:40,SIN_DEMANDA,0,,,,,,,0,0,0,150,786,1112.66,6.0
20266,1.0,1313,2026-01-10T02:50,SIN_DEMANDA,0,,,,,,,0,0,0,150,786,1112.66,6.0
20266,1.0,1314,2026-01-10T03:00,SIN_DEMANDA,0,,,,,,,0,0,0,150,786,1112.66,6.0
20266,1.0,1315,2026-01-10T03:10,SIN_DEMANDA,0,,,,,,,0,0,0,150,786,1112.66,6.0
20266,1.0,1316,2026-01-10T03:20,SIN_DEMANDA,0,,,,,,,0,0,0,150,786,1112.66,6.0
20266,1.0,1317,2026-01-10T03:30,SIN_DEMANDA,0,,,,,,,0,0,0,150,786,1112.66,6.0
20266,1.0,1318,2026-01-10T03:40,SIN_DEMANDA,0,,,,,,,0,0,0,150,786,1112.66,6.0
20266,1.0,1319,2026-01-10T03:50,SIN_DEMANDA,0,,,,,,,0,0,0,150,786,1112.66,6.0
20266,1.0,1320,2026-01-10T04:00,SIN_DEMANDA,0,,,,,,,0,0,0,150,786,1112.66,6.0
20266,1.0,1321,2026-01-10T04:10,COMPLETA,1718.0356,2081.5,2081.5,18.0,87.0,1,0.041666666666666664,1,0,1,150,786,1112.66,6.0
20266,1.0,1322,2026-01-10T04:20,SIN_DEMANDA,0,,,,,,,0,0,0,150,786,1112.66,6.0
20266,1.0,1323,2026-01-10T04:30,SIN_DEMANDA,0,,,,,,,0,0,0,150,786,1112.66,6.0
20266,1.0,1324,2026-01-10T04:40,SIN_DEMANDA,0,,,,,,,0,0,0,150,786,1112.66,6.0
20266,1.0,1325,2026-01-10T04:50,SIN_DEMANDA,0,,,,,,,0,0,0,150,786,1112.66,6.0
20266,1.0,1326,2026-01-10T05:00,SIN_DEMANDA,0,,,,,,,0,0,0,150,786,1112.66,6.0
20266,1.0,1327,2026-01-10T05:10,SIN_DEMANDA,0,,,,,,,0,0,0,150,786,1112.66,6.0
20266,1.0,1328,2026-01-10T05:20,COMPLETA,2416.9492,293.0,293.0,56.0,324.0,2,0.125,1,0,0,150,786,1112.66,6.0
20266,1.0,1329,2026-01-10T05:30,COMPLETA,2360.7716,293.0,293.0,56.0,324.0,2,0.125,1,0,0,151,787,1119.0761589403974,6.0
20266,1.0,1330,2026-01-10T05:40,COMPLETA,2352.3516,293.0,293.0,56.0,324.0,2,0.125,1,0,0,151,787,1119.0761589403974,6.0
20266,1.0,1331,2026-01-10T05:50,COMPLETA,2183.2695,293.0,293.0,56.0,324.0,2,0.125,1,0,0,151,787,1119.0761589403974,6.0
20266,1.0,1332,2026-01-10T06:00,COMPLETA,2151.1063,293.0,293.0,56.0,324.0,2,0.125,1,0,0,151,787,1119.0761589403974,6.0
20266,1.0,1333,2026-01-10T06:10,COMPLETA,2202.4864,293.0,293.0,56.0,324.0,2,0.125,1,0,0,151,787,1119.0761589403974,6.0
20266,1.0,1334,2026-01-10T06:20,COMPLETA,2393.2792,293.0,293.0,56.0,324.0,2,0.125,1,0,0,151,787,1119.0761589403974,6.0
20266,1.0,1335,2026-01-10T06:30,COMPLETA,2509.0164,619.75,293.0,148.0,702.0,4,0.14583333333333334,2,0,0,151,787,1119.0761589403974,6.0
20266,1.0,1336,2026-01-10T06:40,COMPLETA,2270.4098,619.75,293.0,148.0,702.0,4,0.14583333333333334,2,0,0,151,787,1119.0761589403974,6.0
20266,1.0,1337,2026-01-10T06:50,COMPLETA,2478.6729,619.75,293.0,148.0,702.0,4,0.14583333333333334,2,0,0,151,787,1119.0761589403974,6.0
20266,1.0,1338,2026-01-10T07:00,COMPLETA,2504.7822,619.75,293.0,148.0,702.0,4,0.14583333333333334,2,0,4,151,787,1119.0761589403974,6.0
20266,1.0,1339,2026-01-10T07:10,SIN_DEMANDA,0,,,,,,,0,0,0,151,787,1119.0761589403974,6.0
20266,1.0,1340,2026-01-10T07:20,SIN_DEMANDA,0,,,,,,,0,0,0,151,787,1119.0761589403974,6.0
20266,1.0,1341,2026-01-10T07:30,SIN_DEMANDA,0,,,,,,,0,0,0,151,787,1119.0761589403974,6.0
20266,1.0,1342,2026-01-10T07:40,SIN_DEMANDA,0,,,,,,,0,0,0,151,787,1119.0761589403974,6.0
20266,1.0,1343,2026-01-10T07:50,COMPLETA,2401.0095,2062.5,2062.5,40.0,180.0,1,0.3333333333333333,1,0,1,151,787,1119.0761589403974,6.0
20266,1.0,1344,2026-01-10T08:00,SIN_DEMANDA,0,,,,,,,0,0,0,151,787,1119.0761589403974,6.0
20266,1.0,1345,2026-01-10T08:10,SIN_DEMANDA,0,,,,,,,0,0,0,151,787,1119.0761589403974,6.0
20266,1.0,1346,2026-01-10T08:20,SIN_DEMANDA,0,,,,,,,0,0,0,151,787,1119.0761589403974,6.0
20266,1.0,1347,2026-01-10T08:30,SIN_DEMANDA,0,,,,,,,0,0,0,152,793,1113.641447368421,6.0
20266,1.0,1348,2026-01-10T08:40,COMPLETA,1539.9017,2047.5,2047.5,62.0,213.0,1,0.041666666666666664,1,0,1,153,801,1112.549019607843,6.0
20266,1.0,1349,2026-01-10T08:50,SIN_DEMANDA,0,,,,,,,0,0,0,153,801,1112.549019607843,6.0
20266,1.0,1350,2026-01-10T09:00,COMPLETA,1469.6871,380.0,380.0,44.0,126.0,1,0.125,1,0,1,153,801,1112.549019607843,6.0
20266,1.0,1351,2026-01-10T09:10,SIN_DEMANDA,0,,,,,,,0,0,0,153,801,1112.549019607843,6.0
20266,1.0,1352,2026-01-10T09:20,SIN_DEMANDA,0,,,,,,,0,0,0,153,801,1112.549019607843,6.0
20266,1.0,1353,2026-01-10T09:30,SIN_DEMANDA,0,,,,,,,0,0,0,154,809,1118.7175324675325,6.0
20266,1.0,1354,2026-01-10T09:40,SIN_DEMANDA,0,,,,,,,0,0,0,154,809,1118.7175324675325,6.0
20266,1.0,1355,2026-01-10T09:50,SIN_DEMANDA,0,,,,,,,0,0,0,154,809,1118.7175324675325,6.0
20266,1.0,1356,2026-01-10T10:00,SIN_DEMANDA,0,,,,,,,0,0,0,154,809,1118.7175324675325,6.0
20266,1.0,1357,2026-01-10T10:10,COMPLETA,1583.7292,633.5,633.5,34.0,111.0,1,0.08333333333333333,1,0,1,154,809,1118.7175324675325,6.0
20266,1.0,1358,2026-01-10T10:20,COMPLETA,2388.3764,2050.0,2050.0,120.0,300.0,2,0.20833333333333334,1,0,2,154,809,1118.7175324675325,6.0
20266,1.0,1359,2026-01-10T10:30,SIN_DEMANDA,0,,,,,,,0,0,0,155,810,1124.7096774193549,6.0
20266,1.0,1360,2026-01-10T10:40,SIN_DEMANDA,0,,,,,,,0,0,0,156,813,1119.9358974358975,6.0
20266,1.0,1361,2026-01-10T10:50,SIN_DEMANDA,0,,,,,,,0,0,0,156,813,1119.9358974358975,6.0
20266,1.0,1362,2026-01-10T11:00,COMPLETA,1530.0934,990.0,990.0,28.0,102.0,1,0.16666666666666666,1,0,1,156,813,1119.9358974358975,6.0
20266,1.0,1363,2026-01-10T11:10,SIN_DEMANDA,0,,,,,,,0,0,0,156,813,1119.9358974358975,6.0
20266,1.0,1364,2026-01-10T11:20,COMPLETA,2484.1072,2077.5,2077.5,60.0,210.0,2,0.16666666666666666,1,0,2,156,813,1119.9358974358975,6.0
20266,1.0,1365,2026-01-10T11:30,SIN_DEMANDA,0,,,,,,,0,0,0,156,813,1119.9358974358975,6.0
20266,1.0,1366,2026-01-10T11:40,SIN_DEMANDA,0,,,,,,,0,0,0,157,815,1116.8375796178343,6.0
20266,1.0,1367,2026-01-10T11:50,COMPLETA,2323.9123,638.0,638.0,28.0,102.0,1,0.2916666666666667,1,0,1,157,815,1116.8375796178343,6.0
20266,1.0,1368,2026-01-10T12:00,SIN_DEMANDA,0,,,,,,,0,0,0,157,815,1116.8375796178343,6.0
20266,1.0,1369,2026-01-10T12:10,SIN_DEMANDA,0,,,,,,,0,0,0,158,825,1122.743670886076,6.0
20266,1.0,1370,2026-01-10T12:20,SIN_DEMANDA,0,,,,,,,0,0,0,158,825,1122.743670886076,6.0
20266,1.0,1371,2026-01-10T12:30,SIN_DEMANDA,0,,,,,,,0,0,0,159,829,1121.9088050314465,6.0
20266,1.0,1372,2026-01-10T12:40,SIN_DEMANDA,0,,,,,,,0,0,0,159,829,1121.9088050314465,6.0
20266,1.0,1373,2026-01-10T12:50,SIN_DEMANDA,0,,,,,,,0,0,0,160,837,1127.88125,6.0
20266,1.0,1374,2026-01-10T13:00,SIN_DEMANDA,0,,,,,,,0,0,0,160,837,1127.88125,6.0
20266,1.0,1375,2026-01-10T13:10,SIN_DEMANDA,0,,,,,,,0,0,0,160,837,1127.88125,6.0
20266,1.0,1376,2026-01-10T13:20,SIN_DEMANDA,0,,,,,,,0,0,0,161,844,1124.8385093167701,6.0
20266,1.0,1377,2026-01-10T13:30,SIN_DEMANDA,0,,,,,,,0,0,0,161,844,1124.8385093167701,6.0
20266,1.0,1378,2026-01-10T13:40,SIN_DEMANDA,0,,,,,,,0,0,0,161,844,1124.8385093167701,6.0
20266,1.0,1379,2026-01-10T13:50,SIN_DEMANDA,0,,,,,,,0,0,0,161,844,1124.8385093167701,6.0
20266,1.0,1380,2026-01-10T14:00,SIN_DEMANDA,0,,,,,,,0,0,0,161,844,1124.8385093167701,6.0
20266,1.0,1381,2026-01-10T14:10,SIN_DEMANDA,0,,,,,,,0,0,0,161,844,1124.8385093167701,6.0
20266,1.0,1382,2026-01-10T14:20,SIN_DEMANDA,0,,,,,,,0,0,0,161,844,1124.8385093167701,6.0
20266,1.0,1383,2026-01-10T14:30,SIN_DEMANDA,0,,,,,,,0,0,0,161,844,1124.8385093167701,6.0
20266,1.0,1384,2026-01-10T14:40,SIN_DEMANDA,0,,,,,,,0,0,0,161,844,1124.8385093167701,6.0
20266,1.0,1385,2026-01-10T14:50,SIN_DEMANDA,0,,,,,,,0,0,0,161,844,1124.8385093167701,6.0
20266,1.0,1386,2026-01-10T15:00,COMPLETA,1626.3245,604.0,604.0,64.0,216.0,1,0.08333333333333333,1,0,1,161,844,1124.8385093167701,6.0
20266,1.0,1387,2026-01-10T15:10,SIN_DEMANDA,0,,,,,,,0,0,0,161,844,1124.8385093167701,6.0
20266,1.0,1388,2026-01-10T15:20,SIN_DEMANDA,0,,,,,,,0,0,0,161,844,1124.8385093167701,6.0
20266,1.0,1389,2026-01-10T15:30,SIN_DEMANDA,0,,,,,,,0,0,0,161,844,1124.8385093167701,6.0
20266,1.0,1390,2026-01-10T15:40,COMPLETA,2330.9562,267.5,267.5,36.0,427.5,1,0.25,1,0,1,161,844,1124.8385093167701,6.0
20266,1.0,1391,2026-01-10T15:50,SIN_DEMANDA,0,,,,,,,0,0,0,161,844,1124.8385093167701,6.0
20266,1.0,1392,2026-01-10T16:00,SIN_DEMANDA,0,,,,,,,0,0,0,161,844,1124.8385093167701,6.0
20266,1.0,1393,2026-01-10T16:10,SIN_DEMANDA,0,,,,,,,0,0,0,161,844,1124.8385093167701,6.0
20266,1.0,1394,2026-01-10T16:20,SIN_DEMANDA,0,,,,,,,0,0,0,161,844,1124.8385093167701,6.0
20266,1.0,1395,2026-01-10T16:30,SIN_DEMANDA,0,,,,,,,0,0,0,161,844,1124.8385093167701,6.0
20266,1.0,1396,2026-01-10T16:40,SIN_DEMANDA,0,,,,,,,0,0,0,161,844,1124.8385093167701,6.0
20266,1.0,1397,2026-01-10T16:50,SIN_DEMANDA,0,,,,,,,0,0,0,162,846,1121.6234567901236,6.0
20266,1.0,1398,2026-01-10T17:00,SIN_DEMANDA,0,,,,,,,0,0,0,162,846,1121.6234567901236,6.0
20266,1.0,1399,2026-01-10T17:10,SIN_DEMANDA,0,,,,,,,0,0,0,162,846,1121.6234567901236,6.0
20266,1.0,1400,2026-01-10T17:20,SIN_DEMANDA,0,,,,,,,0,0,0,162,846,1121.6234567901236,6.0
20266,1.0,1401,2026-01-10T17:30,SIN_DEMANDA,0,,,,,,,0,0,0,162,846,1121.6234567901236,6.0
20266,1.0,1402,2026-01-10T17:40,SIN_DEMANDA,0,,,,,,,0,0,0,162,846,1121.6234567901236,6.0
20266,1.0,1403,2026-01-10T17:50,SIN_DEMANDA,0,,,,,,,0,0,0,162,846,1121.6234567901236,6.0
20266,1.0,1404,2026-01-10T18:00,SIN_DEMANDA,0,,,,,,,0,0,0,162,846,1121.6234567901236,6.0
20266,1.0,1405,2026-01-10T18:10,SIN_DEMANDA,0,,,,,,,0,0,0,162,846,1121.6234567901236,6.0
20266,1.0,1406,2026-01-10T18:20,SIN_DEMANDA,0,,,,,,,0,0,0,162,846,1121.6234567901236,6.0
20266,1.0,1407,2026-01-10T18:30,SIN_DEMANDA,0,,,,,,,0,0,0,162,846,1121.6234567901236,6.0
20266,1.0,1408,2026-01-10T18:40,SIN_DEMANDA,0,,,,,,,0,0,0,162,846,1121.6234567901236,6.0
20266,1.0,1409,2026-01-10T18:50,SIN_DEMANDA,0,,,,,,,0,0,0,162,846,1121.6234567901236,6.0
20266,1.0,1410,2026-01-10T19:00,SIN_DEMANDA,0,,,,,,,0,0,0,162,846,1121.6234567901236,6.0
20266,1.0,1411,2026-01-10T19:10,SIN_DEMANDA,0,,,,,,,0,0,0,163,852,1116.3834355828221,6.0
20266,1.0,1412,2026-01-10T19:20,SIN_DEMANDA,0,,,,,,,0,0,0,163,852,1116.3834355828221,6.0
20266,1.0,1413,2026-01-10T19:30,SIN_DEMANDA,0,,,,,,,0,0,0,163,852,1116.3834355828221,6.0
20266,1.0,1414,2026-01-10T19:40,SIN_DEMANDA,0,,,,,,,0,0,0,163,852,1116.3834355828221,6.0
20266,1.0,1415,2026-01-10T19:50,SIN_DEMANDA,0,,,,,,,0,0,0,163,852,1116.3834355828221,6.0
20266,1.0,1416,2026-01-10T20:00,SIN_DEMANDA,0,,,,,,,0,0,0,163,852,1116.3834355828221,6.0
20266,1.0,1417,2026-01-10T20:10,SIN_DEMANDA,0,,,,,,,0,0,0,163,852,1116.3834355828221,6.0
20266,1.0,1418,2026-01-10T20:20,SIN_DEMANDA,0,,,,,,,0,0,0,163,852,1116.3834355828221,6.0
20266,1.0,1419,2026-01-10T20:30,SIN_DEMANDA,0,,,,,,,0,0,0,163,852,1116.3834355828221,6.0
20266,1.0,1420,2026-01-10T20:40,SIN_DEMANDA,0,,,,,,,0,0,0,163,852,1116.3834355828221,6.0
20266,1.0,1421,2026-01-10T20:50,SIN_DEMANDA,0,,,,,,,0,0,0,163,852,1116.3834355828221,6.0
20266,1.0,1422,2026-01-10T21:00,SIN_DEMANDA,0,,,,,,,0,0,0,163,852,1116.3834355828221,6.0
20266,1.0,1423,2026-01-10T21:10,SIN_DEMANDA,0,,,,,,,0,0,0,163,852,1116.3834355828221,6.0
20266,1.0,1424,2026-01-10T21:20,SIN_DEMANDA,0,,,,,,,0,0,0,163,852,1116.3834355828221,6.0
20266,1.0,1425,2026-01-10T21:30,SIN_DEMANDA,0,,,,,,,0,0,0,163,852,1116.3834355828221,6.0
20266,1.0,1426,2026-01-10T21:40,COMPLETA,2352.7853,313.5,313.5,68.0,342.0,2,0.125,1,0,0,163,852,1116.3834355828221,6.0
20266,1.0,1427,2026-01-10T21:50,COMPLETA,2501.8691,313.5,313.5,68.0,342.0,2,0.125,1,0,0,163,852,1116.3834355828221,6.0
20266,1.0,1428,2026-01-10T22:00,COMPLETA,2378.9566,313.5,313.5,68.0,342.0,2,0.125,1,0,0,163,852,1116.3834355828221,6.0
20266,1.0,1429,2026-01-10T22:10,COMPLETA,2286.5342,313.5,313.5,68.0,342.0,2,0.125,1,0,0,163,852,1116.3834355828221,6.0
20266,1.0,1430,2026-01-10T22:20,COMPLETA,2294.8363,313.5,313.5,68.0,342.0,2,0.125,1,0,0,163,852,1116.3834355828221,6.0
20266,1.0,1431,2026-01-10T22:30,COMPLETA,2428.1108,313.5,313.5,68.0,342.0,2,0.125,1,0,0,163,852,1116.3834355828221,6.0
20266,1.0,1432,2026-01-10T22:40,COMPLETA,2379.1486,313.5,313.5,68.0,342.0,2,0.125,1,0,0,163,852,1116.3834355828221,6.0
20266,1.0,1433,2026-01-10T22:50,COMPLETA,2554.0457,1481.1666666666667,313.5,124.0,666.0,4,0.14583333333333334,3,0,0,163,852,1116.3834355828221,6.0
20266,1.0,1434,2026-01-10T23:00,COMPLETA,2739.3404,1481.1666666666667,313.5,124.0,666.0,4,0.14583333333333334,3,0,4,163,852,1116.3834355828221,6.0
20266,1.0,1435,2026-01-10T23:10,COMPLETA,2253.9677,142.5,142.5,50.0,195.0,1,0.2916666666666667,1,0,1,163,852,1116.3834355828221,6.0
20266,1.0,1436,2026-01-10T23:20,SIN_DEMANDA,0,,,,,,,0,0,0,163,852,1116.3834355828221,6.0
20266,1.0,1437,2026-01-10T23:30,SIN_DEMANDA,0,,,,,,,0,0,0,163,852,1116.3834355828221,6.0
20266,1.0,1438,2026-01-10T23:40,COMPLETA,2342.3335,622.5,622.5,76.0,354.0,2,0.20833333333333334,1,0,2,163,852,1116.3834355828221,6.0
20266,1.0,1439,2026-01-10T23:50,SIN_DEMANDA,0,,,,,,,0,0,0,163,852,1116.3834355828221,6.0
20266,1.0,1440,2026-01-11T00:00,SIN_DEMANDA,0,,,,,,,0,0,0,163,852,1116.3834355828221,6.0
20266,1.0,1441,2026-01-11T00:10,COMPLETA,1561.1538,922.0,922.0,82.0,243.0,1,0.041666666666666664,1,0,1,163,852,1116.3834355828221,6.0
20266,1.0,1442,2026-01-11T00:20,SIN_DEMANDA,0,,,,,,,0,0,0,164,853,1122.2560975609756,6.0
20266,1.0,1443,2026-01-11T00:30,COMPLETA,1563.1396,130.5,130.5,42.0,183.0,1,0.125,1,0,1,165,859,1117.3545454545454,6.0
20266,1.0,1444,2026-01-11T00:40,SIN_DEMANDA,0,,,,,,,0,0,0,166,866,1122.9759036144578,6.0
20266,1.0,1445,2026-01-11T00:50,SIN_DEMANDA,0,,,,,,,0,0,0,167,873,1117.1047904191616,6.0
20266,1.0,1446,2026-01-11T01:00,SIN_DEMANDA,0,,,,,,,0,0,0,167,873,1117.1047904191616,6.0
20266,1.0,1447,2026-01-11T01:10,SIN_DEMANDA,0,,,,,,,0,0,0,168,883,1114.1607142857142,6.0
20266,1.0,1448,2026-01-11T01:20,SIN_DEMANDA,0,,,,,,,0,0,0,168,883,1114.1607142857142,6.0
20266,1.0,1449,2026-01-11T01:30,SIN_DEMANDA,0,,,,,,,0,0,0,168,883,1114.1607142857142,6.0
20266,1.0,1450,2026-01-11T01:40,SIN_DEMANDA,0,,,,,,,0,0,0,168,883,1114.1607142857142,6.0
20266,1.0,1451,2026-01-11T01:50,SIN_DEMANDA,0,,,,,,,0,0,0,168,883,1114.1607142857142,6.0
20266,1.0,1452,2026-01-11T02:00,SIN_DEMANDA,0,,,,,,,0,0,0,168,883,1114.1607142857142,6.0
20266,1.0,1453,2026-01-11T02:10,SIN_DEMANDA,0,,,,,,,0,0,0,168,883,1114.1607142857142,6.0
20266,1.0,1454,2026-01-11T02:20,SIN_DEMANDA,0,,,,,,,0,0,0,169,886,1108.3402366863904,6.0
20266,1.0,1455,2026-01-11T02:30,SIN_DEMANDA,0,,,,,,,0,0,0,169,886,1108.3402366863904,6.0
20266,1.0,1456,2026-01-11T02:40,SIN_DEMANDA,0,,,,,,,0,0,0,169,886,1108.3402366863904,6.0
20266,1.0,1457,2026-01-11T02:50,SIN_DEMANDA,0,,,,,,,0,0,0,170,887,1107.2441176470588,6.0
20266,1.0,1458,2026-01-11T03:00,COMPLETA,1478.4334,628.0,628.0,36.0,114.0,1,0.125,1,0,1,170,887,1107.2441176470588,6.0
20266,1.0,1459,2026-01-11T03:10,COMPLETA,2269.2159,992.8,992.8,32.0,196.8,2,0.5,1,0,2,170,887,1107.2441176470588,6.0
20266,1.0,1460,2026-01-11T03:20,SIN_DEMANDA,0,,,,,,,0,0,0,170,887,1107.2441176470588,6.0
20266,1.0,1461,2026-01-11T03:30,SIN_DEMANDA,0,,,,,,,0,0,0,170,887,1107.2441176470588,6.0
20266,1.0,1462,2026-01-11T03:40,COMPLETA,2465.8843,621.5,621.5,92.0,258.0,2,0.20833333333333334,1,0,2,170,887,1107.2441176470588,6.0
20266,1.0,1463,2026-01-11T03:50,SIN_DEMANDA,0,,,,,,,0,0,0,170,887,1107.2441176470588,6.0
20266,1.0,1464,2026-01-11T04:00,SIN_DEMANDA,0,,,,,,,0,0,0,170,887,1107.2441176470588,6.0
20266,1.0,1465,2026-01-11T04:10,SIN_DEMANDA,0,,,,,,,0,0,0,170,887,1107.2441176470588,6.0
20266,1.0,1466,2026-01-11T04:20,SIN_DEMANDA,0,,,,,,,0,0,0,170,887,1107.2441176470588,6.0
20266,1.0,1467,2026-01-11T04:30,SIN_DEMANDA,0,,,,,,,0,0,0,172,898,1103.792441860465,6.0
20266,1.0,1468,2026-01-11T04:40,SIN_DEMANDA,0,,,,,,,0,0,0,172,898,1103.792441860465,6.0
20266,1.0,1469,2026-01-11T04:50,SIN_DEMANDA,0,,,,,,,0,0,0,172,898,1103.792441860465,6.0
20266,1.0,1470,2026-01-11T05:00,SIN_DEMANDA,0,,,,,,,0,0,0,172,898,1103.792441860465,6.0
20266,1.0,1471,2026-01-11T05:10,SIN_DEMANDA,0,,,,,,,0,0,0,172,898,1103.792441860465,6.0
20266,1.0,1472,2026-01-11T05:20,SIN_DEMANDA,0,,,,,,,0,0,0,173,908,1101.0046242774565,6.0
20266,1.0,1473,2026-01-11T05:30,SIN_DEMANDA,0,,,,,,,0,0,0,173,908,1101.0046242774565,6.0
20266,1.0,1474,2026-01-11T05:40,SIN_DEMANDA,0,,,,,,,0,0,0,173,908,1101.0046242774565,6.0
20266,1.0,1475,2026-01-11T05:50,SIN_DEMANDA,0,,,,,,,0,0,0,173,908,1101.0046242774565,6.0
20266,1.0,1476,2026-01-11T06:00,SIN_DEMANDA,0,,,,,,,0,0,0,173,908,1101.0046242774565,6.0
20266,1.0,1477,2026-01-11T06:10,SIN_DEMANDA,0,,,,,,,0,0,0,173,908,1101.0046242774565,6.0
20266,1.0,1478,2026-01-11T06:20,COMPLETA,1716.1722,2039.0,2039.0,60.0,210.0,1,0.125,1,0,0,173,908,1101.0046242774565,6.0
20266,1.0,1479,2026-01-11T06:30,COMPLETA,1571.0638,2039.0,2039.0,60.0,210.0,1,0.125,1,0,0,173,908,1101.0046242774565,6.0
20266,1.0,1480,2026-01-11T06:40,COMPLETA,1868.9977,2039.0,2039.0,60.0,210.0,1,0.125,1,0,0,173,908,1101.0046242774565,6.0
20266,1.0,1481,2026-01-11T06:50,COMPLETA,1779.694,2039.0,2039.0,60.0,210.0,1,0.125,1,0,0,173,908,1101.0046242774565,6.0
20266,1.0,1482,2026-01-11T07:00,COMPLETA,1806.9667,2039.0,2039.0,60.0,210.0,1,0.125,1,0,1,173,908,1101.0046242774565,6.0
20266,1.0,1483,2026-01-11T07:10,SIN_DEMANDA,0,,,,,,,0,0,0,173,908,1101.0046242774565,6.0
20266,1.0,1484,2026-01-11T07:20,SIN_DEMANDA,0,,,,,,,0,0,0,173,908,1101.0046242774565,6.0
20266,1.0,1485,2026-01-11T07:30,SIN_DEMANDA,0,,,,,,,0,0,0,173,908,1101.0046242774565,6.0
20266,1.0,1486,2026-01-11T07:40,SIN_DEMANDA,0,,,,,,,0,0,0,173,908,1101.0046242774565,6.0
20266,1.0,1487,2026-01-11T07:50,SIN_DEMANDA,0,,,,,,,0,0,0,173,908,1101.0046242774565,6.0
20266,1.0,1488,2026-01-11T08:00,SIN_DEMANDA,0,,,,,,,0,0,0,173,908,1101.0046242774565,6.0
20266,1.0,1489,2026-01-11T08:10,SIN_DEMANDA,0,,,,,,,0,0,0,173,908,1101.0046242774565,6.0
20266,1.0,1490,2026-01-11T08:20,SIN_DEMANDA,0,,,,,,,0,0,0,173,908,1101.0046242774565,6.0
20266,1.0,1491,2026-01-11T08:30,SIN_DEMANDA,0,,,,,,,0,0,0,174,911,1106.3954022988505,6.0
20266,1.0,1492,2026-01-11T08:40,SIN_DEMANDA,0,,,,,,,0,0,0,174,911,1106.3954022988505,6.0
20266,1.0,1493,2026-01-11T08:50,SIN_DEMANDA,0,,,,,,,0,0,0,174,911,1106.3954022988505,6.0
20266,1.0,1494,2026-01-11T09:00,SIN_DEMANDA,0,,,,,,,0,0,0,174,911,1106.3954022988505,6.0
20266,1.0,1495,2026-01-11T09:10,SIN_DEMANDA,0,,,,,,,0,0,0,174,911,1106.3954022988505,6.0
20266,1.0,1496,2026-01-11T09:20,SIN_DEMANDA,0,,,,,,,0,0,0,174,911,1106.3954022988505,6.0
20266,1.0,1497,2026-01-11T09:30,SIN_DEMANDA,0,,,,,,,0,0,0,174,911,1106.3954022988505,6.0
20266,1.0,1498,2026-01-11T09:40,COMPLETA,2452.6636,823.5,823.5,50.0,255.5,1,0.2916666666666667,1,0,1,174,911,1106.3954022988505,6.0
20266,1.0,1499,2026-01-11T09:50,COMPLETA,2463.5067,2066.5,2066.5,68.0,222.0,2,0.1875,1,0,2,174,911,1106.3954022988505,6.0
20266,1.0,1500,2026-01-11T10:00,SIN_DEMANDA,0,,,,,,,0,0,0,174,911,1106.3954022988505,6.0
20266,1.0,1501,2026-01-11T10:10,SIN_DEMANDA,0,,,,,,,0,0,0,174,911,1106.3954022988505,6.0
20266,1.0,1502,2026-01-11T10:20,SIN_DEMANDA,0,,,,,,,0,0,0,174,911,1106.3954022988505,6.0
20266,1.0,1503,2026-01-11T10:30,SIN_DEMANDA,0,,,,,,,0,0,0,174,911,1106.3954022988505,6.0
20266,1.0,1504,2026-01-11T10:40,SIN_DEMANDA,0,,,,,,,0,0,0,174,911,1106.3954022988505,6.0
20266,1.0,1505,2026-01-11T10:50,SIN_DEMANDA,0,,,,,,,0,0,0,174,911,1106.3954022988505,6.0
20266,1.0,1506,2026-01-11T11:00,SIN_DEMANDA,0,,,,,,,0,0,0,174,911,1106.3954022988505,6.0
20266,1.0,1507,2026-01-11T11:10,SIN_DEMANDA,0,,,,,,,0,0,0,174,911,1106.3954022988505,6.0
20266,1.0,1508,2026-01-11T11:20,SIN_DEMANDA,0,,,,,,,0,0,0,175,920,1111.8817142857142,6.0
20266,1.0,1509,2026-01-11T11:30,SIN_DEMANDA,0,,,,,,,0,0,0,175,920,1111.8817142857142,6.0
20266,1.0,1510,2026-01-11T11:40,SIN_DEMANDA,0,,,,,,,0,0,0,175,920,1111.8817142857142,6.0
20266,1.0,1511,2026-01-11T11:50,SIN_DEMANDA,0,,,,,,,0,0,0,175,920,1111.8817142857142,6.0
20266,1.0,1512,2026-01-11T12:00,SIN_DEMANDA,0,,,,,,,0,0,0,175,920,1111.8817142857142,6.0
20266,1.0,1513,2026-01-11T12:10,SIN_DEMANDA,0,,,,,,,0,0,0,175,920,1111.8817142857142,6.0
20266,1.0,1514,2026-01-11T12:20,SIN_DEMANDA,0,,,,,,,0,0,0,175,920,1111.8817142857142,6.0
20266,1.0,1515,2026-01-11T12:30,SIN_DEMANDA,0,,,,,,,0,0,0,175,920,1111.8817142857142,6.0
20266,1.0,1516,2026-01-11T12:40,SIN_DEMANDA,0,,,,,,,0,0,0,175,920,1111.8817142857142,6.0
20266,1.0,1517,2026-01-11T12:50,COMPLETA,1768.1979,408.5,408.5,14.0,81.0,1,0.08333333333333333,1,0,1,175,920,1111.8817142857142,6.0
20266,1.0,1518,2026-01-11T13:00,SIN_DEMANDA,0,,,,,,,0,0,0,175,920,1111.8817142857142,6.0
20266,1.0,1519,2026-01-11T13:10,SIN_DEMANDA,0,,,,,,,0,0,0,175,920,1111.8817142857142,6.0
20266,1.0,1520,2026-01-11T13:20,SIN_DEMANDA,0,,,,,,,0,0,0,175,920,1111.8817142857142,6.0
20266,1.0,1521,2026-01-11T13:30,COMPLETA,2282.9841,291.5,291.5,120.0,420.0,2,0.20833333333333334,1,0,0,175,920,1111.8817142857142,6.0
20266,1.0,1522,2026-01-11T13:40,COMPLETA,2345.9558,291.5,291.5,120.0,420.0,2,0.20833333333333334,1,0,0,175,920,1111.8817142857142,6.0
20266,1.0,1523,2026-01-11T13:50,COMPLETA,2369.4161,291.5,291.5,120.0,420.0,2,0.20833333333333334,1,0,0,176,927,1110.2431818181817,6.0
20266,1.0,1524,2026-01-11T14:00,COMPLETA,2332.3332,291.5,291.5,120.0,420.0,2,0.20833333333333334,1,0,0,176,927,1110.2431818181817,6.0
20266,1.0,1525,2026-01-11T14:10,COMPLETA,2184.0818,291.5,291.5,120.0,420.0,2,0.20833333333333334,1,0,0,177,929,1106.2785310734462,6.0
20266,1.0,1526,2026-01-11T14:20,COMPLETA,2365.6816,291.5,291.5,120.0,420.0,2,0.20833333333333334,1,0,0,177,929,1106.2785310734462,6.0
20266,1.0,1527,2026-01-11T14:30,COMPLETA,2202.5622,291.5,291.5,120.0,420.0,2,0.20833333333333334,1,0,0,177,929,1106.2785310734462,6.0
20266,1.0,1528,2026-01-11T14:40,COMPLETA,2167.8142,291.5,291.5,120.0,420.0,2,0.20833333333333334,1,0,0,177,929,1106.2785310734462,6.0
20266,1.0,1529,2026-01-11T14:50,COMPLETA,2404.9743,210.75,130.0,164.0,663.0,3,0.2638888888888889,2,0,0,177,929,1106.2785310734462,6.0
20266,1.0,1530,2026-01-11T15:00,COMPLETA,2776.7737,210.75,130.0,164.0,663.0,3,0.2638888888888889,2,0,3,177,929,1106.2785310734462,6.0
20266,1.0,1531,2026-01-11T15:10,SIN_DEMANDA,0,,,,,,,0,0,0,177,929,1106.2785310734462,6.0
20266,1.0,1532,2026-01-11T15:20,SIN_DEMANDA,0,,,,,,,0,0,0,177,929,1106.2785310734462,6.0
20266,1.0,1533,2026-01-11T15:30,SIN_DEMANDA,0,,,,,,,0,0,0,177,929,1106.2785310734462,6.0
20266,1.0,1534,2026-01-11T15:40,SIN_DEMANDA,0,,,,,,,0,0,0,177,929,1106.2785310734462,6.0
20266,1.0,1535,2026-01-11T15:50,SIN_DEMANDA,0,,,,,,,0,0,0,177,929,1106.2785310734462,6.0
20266,1.0,1536,2026-01-11T16:00,SIN_DEMANDA,0,,,,,,,0,0,0,177,929,1106.2785310734462,6.0
20266,1.0,1537,2026-01-11T16:10,COMPLETA,1939.6297,2033.0,2033.0,56.0,232.5,1,0.16666666666666666,1,0,1,177,929,1106.2785310734462,6.0
20266,1.0,1538,2026-01-11T16:20,SIN_DEMANDA,0,,,,,,,0,0,0,177,929,1106.2785310734462,6.0
20266,1.0,1539,2026-01-11T16:30,SIN_DEMANDA,0,,,,,,,0,0,0,177,929,1106.2785310734462,6.0
20266,1.0,1540,2026-01-11T16:40,SIN_DEMANDA,0,,,,,,,0,0,0,179,948,1096.272625698324,6.0
20266,1.0,1541,2026-01-11T16:50,SIN_DEMANDA,0,,,,,,,0,0,0,179,948,1096.272625698324,6.0
20266,1.0,1542,2026-01-11T17:00,SIN_DEMANDA,0,,,,,,,0,0,0,179,948,1096.272625698324,6.0
20266,1.0,1543,2026-01-11T17:10,SIN_DEMANDA,0,,,,,,,0,0,0,179,948,1096.272625698324,6.0
20266,1.0,1544,2026-01-11T17:20,SIN_DEMANDA,0,,,,,,,0,0,0,179,948,1096.272625698324,6.0
20266,1.0,1545,2026-01-11T17:30,COMPLETA,1869.0107,2086.0,2086.0,16.0,84.0,1,0.16666666666666666,1,0,1,179,948,1096.272625698324,6.0
20266,1.0,1546,2026-01-11T17:40,SIN_DEMANDA,0,,,,,,,0,0,0,179,948,1096.272625698324,6.0
20266,1.0,1547,2026-01-11T17:50,COMPLETA,2721.4585,2017.5,2017.5,34.0,166.0,1,0.4166666666666667,1,0,1,179,948,1096.272625698324,6.0
20266,1.0,1548,2026-01-11T18:00,SIN_DEMANDA,0,,,,,,,0,0,0,179,948,1096.272625698324,6.0
20266,1.0,1549,2026-01-11T18:10,SIN_DEMANDA,0,,,,,,,0,0,0,179,948,1096.272625698324,6.0
20266,1.0,1550,2026-01-11T18:20,SIN_DEMANDA,0,,,,,,,0,0,0,180,952,1101.4766666666667,6.0
20266,1.0,1551,2026-01-11T18:30,SIN_DEMANDA,0,,,,,,,0,0,0,180,952,1101.4766666666667,6.0
20266,1.0,1552,2026-01-11T18:40,SIN_DEMANDA,0,,,,,,,0,0,0,180,952,1101.4766666666667,6.0
20266,1.0,1553,2026-01-11T18:50,SIN_DEMANDA,0,,,,,,,0,0,0,181,956,1106.9160220994474,6.0
20266,1.0,1554,2026-01-11T19:00,SIN_DEMANDA,0,,,,,,,0,0,0,181,956,1106.9160220994474,6.0
20266,1.0,1555,2026-01-11T19:10,SIN_DEMANDA,0,,,,,,,0,0,0,181,956,1106.9160220994474,6.0
20266,1.0,1556,2026-01-11T19:20,SIN_DEMANDA,0,,,,,,,0,0,0,181,956,1106.9160220994474,6.0
20266,1.0,1557,2026-01-11T19:30,SIN_DEMANDA,0,,,,,,,0,0,0,181,956,1106.9160220994474,6.0
20266,1.0,1558,2026-01-11T19:40,SIN_DEMANDA,0,,,,,,,0,0,0,181,956,1106.9160220994474,6.0
20266,1.0,1559,2026-01-11T19:50,SIN_DEMANDA,0,,,,,,,0,0,0,181,956,1106.9160220994474,6.0
20266,1.0,1560,2026-01-11T20:00,SIN_DEMANDA,0,,,,,,,0,0,0,181,956,1106.9160220994474,6.0
20266,1.0,1561,2026-01-11T20:10,SIN_DEMANDA,0,,,,,,,0,0,0,181,956,1106.9160220994474,6.0
20266,1.0,1562,2026-01-11T20:20,SIN_DEMANDA,0,,,,,,,0,0,0,182,966,1111.9192307692308,6.0
20266,1.0,1563,2026-01-11T20:30,SIN_DEMANDA,0,,,,,,,0,0,0,182,966,1111.9192307692308,6.0
20266,1.0,1564,2026-01-11T20:40,SIN_DEMANDA,0,,,,,,,0,0,0,182,966,1111.9192307692308,6.0
20266,1.0,1565,2026-01-11T20:50,SIN_DEMANDA,0,,,,,,,0,0,0,182,966,1111.9192307692308,6.0
20266,1.0,1566,2026-01-11T21:00,SIN_DEMANDA,0,,,,,,,0,0,0,182,966,1111.9192307692308,6.0
20266,1.0,1567,2026-01-11T21:10,COMPLETA,1758.1184,1943.5,1943.5,50.0,195.0,1,0.08333333333333333,1,0,0,182,966,1111.9192307692308,6.0
20266,1.0,1568,2026-01-11T21:20,COMPLETA,1786.0669,1943.5,1943.5,50.0,195.0,1,0.08333333333333333,1,0,0,182,966,1111.9192307692308,6.0
20266,1.0,1569,2026-01-11T21:30,COMPLETA,1722.7102,1943.5,1943.5,50.0,195.0,1,0.08333333333333333,1,0,0,182,966,1111.9192307692308,6.0
20266,1.0,1570,2026-01-11T21:40,COMPLETA,1621.4726,1943.5,1943.5,50.0,195.0,1,0.08333333333333333,1,0,0,182,966,1111.9192307692308,6.0
20266,1.0,1571,2026-01-11T21:50,COMPLETA,1319.4416,1943.5,1943.5,50.0,195.0,1,0.08333333333333333,1,0,0,182,966,1111.9192307692308,6.0
20266,1.0,1572,2026-01-11T22:00,COMPLETA,1630.7965,1943.5,1943.5,50.0,195.0,1,0.08333333333333333,1,0,0,182,966,1111.9192307692308,6.0
20266,1.0,1573,2026-01-11T22:10,COMPLETA,2641.0029,1142.0,340.5,88.0,372.0,2,0.22916666666666666,2,0,0,182,966,1111.9192307692308,6.0
20266,1.0,1574,2026-01-11T22:20,COMPLETA,2628.7098,1142.0,340.5,88.0,372.0,2,0.22916666666666666,2,0,0,182,966,1111.9192307692308,6.0
20266,1.0,1575,2026-01-11T22:30,COMPLETA,2614.8638,1142.0,340.5,88.0,372.0,2,0.22916666666666666,2,0,0,182,966,1111.9192307692308,6.0
20266,1.0,1576,2026-01-11T22:40,COMPLETA,2603.3963,1142.0,340.5,88.0,372.0,2,0.22916666666666666,2,0,0,182,966,1111.9192307692308,6.0
20266,1.0,1577,2026-01-11T22:50,COMPLETA,2541.4933,1142.0,340.5,88.0,372.0,2,0.22916666666666666,2,0,0,182,966,1111.9192307692308,6.0
20266,1.0,1578,2026-01-11T23:00,COMPLETA,2517.9436,1142.0,340.5,88.0,372.0,2,0.22916666666666666,2,0,2,182,966,1111.9192307692308,6.0
20266,1.0,1579,2026-01-11T23:10,SIN_DEMANDA,0,,,,,,,0,0,0,182,966,1111.9192307692308,6.0
20266,1.0,1580,2026-01-11T23:20,COMPLETA,2508.9115,981.5,981.5,46.0,189.0,1,0.25,1,0,1,182,966,1111.9192307692308,6.0
20266,1.0,1581,2026-01-11T23:30,SIN_DEMANDA,0,,,,,,,0,0,0,182,966,1111.9192307692308,6.0
20266,1.0,1582,2026-01-11T23:40,SIN_DEMANDA,0,,,,,,,0,0,0,182,966,1111.9192307692308,6.0
20266,1.0,1583,2026-01-11T23:50,SIN_DEMANDA,0,,,,,,,0,0,0,182,966,1111.9192307692308,6.0
20266,1.0,1584,2026-01-12T00:00,SIN_DEMANDA,0,,,,,,,0,0,0,182,966,1111.9192307692308,6.0
20266,1.0,1585,2026-01-12T00:10,SIN_DEMANDA,0,,,,,,,0,0,0,182,966,1111.9192307692308,6.0
20266,1.0,1586,2026-01-12T00:20,SIN_DEMANDA,0,,,,,,,0,0,0,182,966,1111.9192307692308,6.0
20266,1.0,1587,2026-01-12T00:30,SIN_DEMANDA,0,,,,,,,0,0,0,183,975,1107.703825136612,6.0
20266,1.0,1588,2026-01-12T00:40,SIN_DEMANDA,0,,,,,,,0,0,0,184,977,1112.2461956521738,6.0
20266,1.0,1589,2026-01-12T00:50,SIN_DEMANDA,0,,,,,,,0,0,0,184,977,1112.2461956521738,6.0
20266,1.0,1590,2026-01-12T01:00,COMPLETA,1796.8271,611.5,611.5,54.0,141.0,1,0.125,1,0,1,185,983,1111.5394594594593,6.0
20266,1.0,1591,2026-01-12T01:10,COMPLETA,2417.3979,1978.5,1978.5,118.0,409.0,2,0.10416666666666667,1,0,1,185,983,1111.5394594594593,6.0
20266,1.0,1592,2026-01-12T01:20,COMPLETA,1779.8348,1978.5,1978.5,52.0,188.0,1,0.041666666666666664,1,0,1,185,983,1111.5394594594593,6.0
20266,1.0,1593,2026-01-12T01:30,SIN_DEMANDA,0,,,,,,,0,0,0,185,983,1111.5394594594593,6.0
20266,1.0,1594,2026-01-12T01:40,SIN_DEMANDA,0,,,,,,,0,0,0,185,983,1111.5394594594593,6.0
20266,1.0,1595,2026-01-12T01:50,SIN_DEMANDA,0,,,,,,,0,0,0,185,983,1111.5394594594593,6.0
20266,1.0,1596,2026-01-12T02:00,SIN_DEMANDA,0,,,,,,,0,0,0,185,983,1111.5394594594593,6.0
20266,1.0,1597,2026-01-12T02:10,COMPLETA,1638.4063,150.4,150.4,54.0,189.6,1,0.25,1,0,1,185,983,1111.5394594594593,6.0
20266,1.0,1598,2026-01-12T02:20,SIN_DEMANDA,0,,,,,,,0,0,0,185,983,1111.5394594594593,6.0
20266,1.0,1599,2026-01-12T02:30,SIN_DEMANDA,0,,,,,,,0,0,0,185,983,1111.5394594594593,6.0
20266,1.0,1600,2026-01-12T02:40,COMPLETA,2837.5881,680.25,367.5,100.0,304.2,2,0.3125,2,0,2,185,983,1111.5394594594593,6.0
20266,1.0,1601,2026-01-12T02:50,SIN_DEMANDA,0,,,,,,,0,0,0,186,986,1108.851075268817,6.0
20266,1.0,1602,2026-01-12T03:00,SIN_DEMANDA,0,,,,,,,0,0,0,186,986,1108.851075268817,6.0
20266,1.0,1603,2026-01-12T03:10,SIN_DEMANDA,0,,,,,,,0,0,0,186,986,1108.851075268817,6.0
20266,1.0,1604,2026-01-12T03:20,COMPLETA,1675.0052,2060.0,2060.0,44.0,126.0,1,0.16666666666666666,1,0,1,186,986,1108.851075268817,6.0
20266,1.0,1605,2026-01-12T03:30,SIN_DEMANDA,0,,,,,,,0,0,0,186,986,1108.851075268817,6.0
20266,1.0,1606,2026-01-12T03:40,SIN_DEMANDA,0,,,,,,,0,0,0,187,988,1103.7256684491977,6.0
20266,1.0,1607,2026-01-12T03:50,SIN_DEMANDA,0,,,,,,,0,0,0,187,988,1103.7256684491977,6.0
20266,1.0,1608,2026-01-12T04:00,SIN_DEMANDA,0,,,,,,,0,0,0,187,988,1103.7256684491977,6.0
20266,1.0,1609,2026-01-12T04:10,SIN_DEMANDA,0,,,,,,,0,0,0,189,1001,1107.768253968254,6.0
20266,1.0,1610,2026-01-12T04:20,SIN_DEMANDA,0,,,,,,,0,0,0,189,1001,1107.768253968254,6.0
20266,1.0,1611,2026-01-12T04:30,SIN_DEMANDA,0,,,,,,,0,0,0,190,1003,1103.872105263158,6.0
20266,1.0,1612,2026-01-12T04:40,SIN_DEMANDA,0,,,,,,,0,0,0,190,1003,1103.872105263158,6.0
20266,1.0,1613,2026-01-12T04:50,COMPLETA,1608.244,1923.0,1923.0,58.0,207.0,1,0.08333333333333333,1,0,0,190,1003,1103.872105263158,6.0
20266,1.0,1614,2026-01-12T05:00,COMPLETA,1555.5259,1923.0,1923.0,58.0,207.0,1,0.08333333333333333,1,0,0,191,1007,1108.878010471204,6.0
20266,1.0,1615,2026-01-12T05:10,COMPLETA,1991.1688,1923.0,1923.0,58.0,207.0,1,0.08333333333333333,1,0,0,191,1007,1108.878010471204,6.0
20266,1.0,1616,2026-01-12T05:20,COMPLETA,1996.3013,1923.0,1923.0,58.0,207.0,1,0.08333333333333333,1,0,0,191,1007,1108.878010471204,6.0
20266,1.0,1617,2026-01-12T05:30,COMPLETA,1962.0185,1923.0,1923.0,58.0,207.0,1,0.08333333333333333,1,0,0,191,1007,1108.878010471204,6.0
20266,1.0,1618,2026-01-12T05:40,COMPLETA,3034.8229,1945.0,1923.0,126.0,429.0,2,0.0625,2,0,0,191,1007,1108.878010471204,6.0
20266,1.0,1619,2026-01-12T05:50,COMPLETA,3026.3207,1945.0,1923.0,126.0,429.0,2,0.0625,2,0,0,191,1007,1108.878010471204,6.0
20266,1.0,1620,2026-01-12T06:00,COMPLETA,2961.3811,1945.0,1923.0,126.0,429.0,2,0.0625,2,0,0,191,1007,1108.878010471204,6.0
20266,1.0,1621,2026-01-12T06:10,COMPLETA,3020.7226,1945.0,1923.0,126.0,429.0,2,0.0625,2,0,0,191,1007,1108.878010471204,6.0
20266,1.0,1622,2026-01-12T06:20,COMPLETA,2317.5482,1945.0,1923.0,126.0,429.0,2,0.0625,2,0,0,191,1007,1108.878010471204,6.0
20266,1.0,1623,2026-01-12T06:30,COMPLETA,1977.4749,1945.0,1923.0,126.0,429.0,2,0.0625,2,0,0,191,1007,1108.878010471204,6.0
20266,1.0,1624,2026-01-12T06:40,COMPLETA,3044.8755,1945.0,1923.0,126.0,429.0,2,0.0625,2,0,0,191,1007,1108.878010471204,6.0
20266,1.0,1625,2026-01-12T06:50,COMPLETA,3037.285,1945.0,1923.0,126.0,429.0,2,0.0625,2,0,0,191,1007,1108.878010471204,6.0
20266,1.0,1626,2026-01-12T07:00,COMPLETA,2905.8221,1945.0,1923.0,126.0,429.0,2,0.0625,2,0,2,191,1007,1108.878010471204,6.0
20266,1.0,1627,2026-01-12T07:10,SIN_DEMANDA,0,,,,,,,0,0,0,191,1007,1108.878010471204,6.0
20266,1.0,1628,2026-01-12T07:20,SIN_DEMANDA,0,,,,,,,0,0,0,191,1007,1108.878010471204,6.0
20266,1.0,1629,2026-01-12T07:30,SIN_DEMANDA,0,,,,,,,0,0,0,191,1007,1108.878010471204,6.0
20266,1.0,1630,2026-01-12T07:40,SIN_DEMANDA,0,,,,,,,0,0,0,191,1007,1108.878010471204,6.0
20266,1.0,1631,2026-01-12T07:50,SIN_DEMANDA,0,,,,,,,0,0,0,191,1007,1108.878010471204,6.0
20266,1.0,1632,2026-01-12T08:00,SIN_DEMANDA,0,,,,,,,0,0,0,191,1007,1108.878010471204,6.0
20266,1.0,1633,2026-01-12T08:10,SIN_DEMANDA,0,,,,,,,0,0,0,191,1007,1108.878010471204,6.0
20266,1.0,1634,2026-01-12T08:20,SIN_DEMANDA,0,,,,,,,0,0,0,191,1007,1108.878010471204,6.0
20266,1.0,1635,2026-01-12T08:30,SIN_DEMANDA,0,,,,,,,0,0,0,191,1007,1108.878010471204,6.0
20266,1.0,1636,2026-01-12T08:40,SIN_DEMANDA,0,,,,,,,0,0,0,192,1009,1113.1182291666667,6.0
20266,1.0,1637,2026-01-12T08:50,SIN_DEMANDA,0,,,,,,,0,0,0,192,1009,1113.1182291666667,6.0
20266,1.0,1638,2026-01-12T09:00,SIN_DEMANDA,0,,,,,,,0,0,0,193,1010,1117.542487046632,6.0
20266,1.0,1639,2026-01-12T09:10,SIN_DEMANDA,0,,,,,,,0,0,0,193,1010,1117.542487046632,6.0
20266,1.0,1640,2026-01-12T09:20,SIN_DEMANDA,0,,,,,,,0,0,0,193,1010,1117.542487046632,6.0
20266,1.0,1641,2026-01-12T09:30,SIN_DEMANDA,0,,,,,,,0,0,0,193,1010,1117.542487046632,6.0
20266,1.0,1642,2026-01-12T09:40,SIN_DEMANDA,0,,,,,,,0,0,0,193,1010,1117.542487046632,6.0
20266,1.0,1643,2026-01-12T09:50,SIN_DEMANDA,0,,,,,,,0,0,0,193,1010,1117.542487046632,6.0
20266,1.0,1644,2026-01-12T10:00,SIN_DEMANDA,0,,,,,,,0,0,0,193,1010,1117.542487046632,6.0
20266,1.0,1645,2026-01-12T10:10,SIN_DEMANDA,0,,,,,,,0,0,0,193,1010,1117.542487046632,6.0
20266,1.0,1646,2026-01-12T10:20,SIN_DEMANDA,0,,,,,,,0,0,0,193,1010,1117.542487046632,6.0
20266,1.0,1647,2026-01-12T10:30,SIN_DEMANDA,0,,,,,,,0,0,0,193,1010,1117.542487046632,6.0
20266,1.0,1648,2026-01-12T10:40,SIN_DEMANDA,0,,,,,,,0,0,0,193,1010,1117.542487046632,6.0
20266,1.0,1649,2026-01-12T10:50,SIN_DEMANDA,0,,,,,,,0,0,0,193,1010,1117.542487046632,6.0
20266,1.0,1650,2026-01-12T11:00,SIN_DEMANDA,0,,,,,,,0,0,0,193,1010,1117.542487046632,6.0
20266,1.0,1651,2026-01-12T11:10,SIN_DEMANDA,0,,,,,,,0,0,0,193,1010,1117.542487046632,6.0
20266,1.0,1652,2026-01-12T11:20,SIN_DEMANDA,0,,,,,,,0,0,0,193,1010,1117.542487046632,6.0
20266,1.0,1653,2026-01-12T11:30,SIN_DEMANDA,0,,,,,,,0,0,0,193,1010,1117.542487046632,6.0
20266,1.0,1654,2026-01-12T11:40,COMPLETA,2444.1883,2040.5,2040.5,120.0,300.0,2,0.10416666666666667,1,0,2,193,1010,1117.542487046632,6.0
20266,1.0,1655,2026-01-12T11:50,SIN_DEMANDA,0,,,,,,,0,0,0,193,1010,1117.542487046632,6.0
20266,1.0,1656,2026-01-12T12:00,SIN_DEMANDA,0,,,,,,,0,0,0,193,1010,1117.542487046632,6.0
20266,1.0,1657,2026-01-12T12:10,SIN_DEMANDA,0,,,,,,,0,0,0,193,1010,1117.542487046632,6.0
20266,1.0,1658,2026-01-12T12:20,SIN_DEMANDA,0,,,,,,,0,0,0,193,1010,1117.542487046632,6.0
20266,1.0,1659,2026-01-12T12:30,SIN_DEMANDA,0,,,,,,,0,0,0,193,1010,1117.542487046632,6.0
20266,1.0,1660,2026-01-12T12:40,SIN_DEMANDA,0,,,,,,,0,0,0,193,1010,1117.542487046632,6.0
20266,1.0,1661,2026-01-12T12:50,SIN_DEMANDA,0,,,,,,,0,0,0,193,1010,1117.542487046632,6.0
20266,1.0,1662,2026-01-12T13:00,COMPLETA,1503.1574,164.5,164.5,18.0,87.0,1,0.125,1,0,1,193,1010,1117.542487046632,6.0
20266,1.0,1663,2026-01-12T13:10,SIN_DEMANDA,0,,,,,,,0,0,0,193,1010,1117.542487046632,6.0
20266,1.0,1664,2026-01-12T13:20,SIN_DEMANDA,0,,,,,,,0,0,0,193,1010,1117.542487046632,6.0
20266,1.0,1665,2026-01-12T13:30,SIN_DEMANDA,0,,,,,,,0,0,0,193,1010,1117.542487046632,6.0
20266,1.0,1666,2026-01-12T13:40,SIN_DEMANDA,0,,,,,,,0,0,0,194,1015,1122.3,6.0
20266,1.0,1667,2026-01-12T13:50,SIN_DEMANDA,0,,,,,,,0,0,0,194,1015,1122.3,6.0
20266,1.0,1668,2026-01-12T14:00,SIN_DEMANDA,0,,,,,,,0,0,0,194,1015,1122.3,6.0
20266,1.0,1669,2026-01-12T14:10,SIN_DEMANDA,0,,,,,,,0,0,0,194,1015,1122.3,6.0
20266,1.0,1670,2026-01-12T14:20,SIN_DEMANDA,0,,,,,,,0,0,0,195,1018,1117.388205128205,6.0
20266,1.0,1671,2026-01-12T14:30,COMPLETA,2168.6061,120.5,120.5,68.0,342.0,2,0.10416666666666667,1,0,0,195,1018,1117.388205128205,6.0
20266,1.0,1672,2026-01-12T14:40,COMPLETA,2491.1587,120.5,120.5,68.0,342.0,2,0.10416666666666667,1,0,0,195,1018,1117.388205128205,6.0
20266,1.0,1673,2026-01-12T14:50,COMPLETA,2392.8065,120.5,120.5,68.0,342.0,2,0.10416666666666667,1,0,0,195,1018,1117.388205128205,6.0
20266,1.0,1674,2026-01-12T15:00,COMPLETA,2514.209,120.5,120.5,68.0,342.0,2,0.10416666666666667,1,0,2,195,1018,1117.388205128205,6.0
20266,1.0,1675,2026-01-12T15:10,SIN_DEMANDA,0,,,,,,,0,0,0,195,1018,1117.388205128205,6.0
20266,1.0,1676,2026-01-12T15:20,SIN_DEMANDA,0,,,,,,,0,0,0,195,1018,1117.388205128205,6.0
20266,1.0,1677,2026-01-12T15:30,COMPLETA,2571.4359,2050.5,2050.5,180.0,510.0,2,0.16666666666666666,1,0,2,195,1018,1117.388205128205,6.0
20266,1.0,1678,2026-01-12T15:40,SIN_DEMANDA,0,,,,,,,0,0,0,195,1018,1117.388205128205,6.0
20266,1.0,1679,2026-01-12T15:50,SIN_DEMANDA,0,,,,,,,0,0,0,195,1018,1117.388205128205,6.0
20266,1.0,1680,2026-01-12T16:00,SIN_DEMANDA,0,,,,,,,0,0,0,195,1018,1117.388205128205,6.0
20266,1.0,1681,2026-01-12T16:10,SIN_DEMANDA,0,,,,,,,0,0,0,195,1018,1117.388205128205,6.0
20266,1.0,1682,2026-01-12T16:20,COMPLETA,2365.0653,598.5,598.5,180.0,630.0,3,0.1388888888888889,1,0,3,195,1018,1117.388205128205,6.0
20266,1.0,1683,2026-01-12T16:30,SIN_DEMANDA,0,,,,,,,0,0,0,196,1023,1112.3020408163266,6.0
20266,1.0,1684,2026-01-12T16:40,SIN_DEMANDA,0,,,,,,,0,0,0,196,1023,1112.3020408163266,6.0
20266,1.0,1685,2026-01-12T16:50,SIN_DEMANDA,0,,,,,,,0,0,0,196,1023,1112.3020408163266,6.0
20266,1.0,1686,2026-01-12T17:00,SIN_DEMANDA,0,,,,,,,0,0,0,196,1023,1112.3020408163266,6.0
20266,1.0,1687,2026-01-12T17:10,COMPLETA,1661.4663,905.5,905.5,80.0,240.0,1,0.08333333333333333,1,0,0,196,1023,1112.3020408163266,6.0
20266,1.0,1688,2026-01-12T17:20,COMPLETA,1697.694,905.5,905.5,80.0,240.0,1,0.08333333333333333,1,0,0,197,1031,1117.064467005076,6.0
20266,1.0,1689,2026-01-12T17:30,COMPLETA,2686.542,743.25,581.0,152.0,348.5,2,0.14583333333333334,2,0,0,197,1031,1117.064467005076,6.0
20266,1.0,1690,2026-01-12T17:40,COMPLETA,2813.9955,1185.6333333333334,581.0,170.0,451.7,3,0.17857142857142858,3,0,1,197,1031,1117.064467005076,6.0
20266,1.0,1691,2026-01-12T17:50,COMPLETA,2643.3038,743.25,581.0,152.0,348.5,2,0.14583333333333334,2,0,2,197,1031,1117.064467005076,6.0
20266,1.0,1692,2026-01-12T18:00,SIN_DEMANDA,0,,,,,,,0,0,0,197,1031,1117.064467005076,6.0
20266,1.0,1693,2026-01-12T18:10,SIN_DEMANDA,0,,,,,,,0,0,0,197,1031,1117.064467005076,6.0
20266,1.0,1694,2026-01-12T18:20,SIN_DEMANDA,0,,,,,,,0,0,0,198,1041,1114.4454545454544,6.0
20266,1.0,1695,2026-01-12T18:30,SIN_DEMANDA,0,,,,,,,0,0,0,198,1041,1114.4454545454544,6.0
20266,1.0,1696,2026-01-12T18:40,SIN_DEMANDA,0,,,,,,,0,0,0,198,1041,1114.4454545454544,6.0
20266,1.0,1697,2026-01-12T18:50,SIN_DEMANDA,0,,,,,,,0,0,0,198,1041,1114.4454545454544,6.0
20266,1.0,1698,2026-01-12T19:00,COMPLETA,1332.4708,1018.5,1018.5,2.0,63.0,1,0.08333333333333333,1,0,1,198,1041,1114.4454545454544,6.0
20266,1.0,1699,2026-01-12T19:10,SIN_DEMANDA,0,,,,,,,0,0,0,199,1044,1119.2492462311557,6.0
20266,1.0,1700,2026-01-12T19:20,COMPLETA,1682.1852,398.8,398.8,16.0,183.2,1,0.375,1,0,1,199,1044,1119.2492462311557,6.0
20266,1.0,1701,2026-01-12T19:30,SIN_DEMANDA,0,,,,,,,0,0,0,199,1044,1119.2492462311557,6.0
20266,1.0,1702,2026-01-12T19:40,COLAPSO_PLANIFICACION,1035.1672,,,46.0,129.0,1,0.375,2,6,0,199,1044,1119.2492462311557,6.0
