semilla,factor_carga,ciclo,instante,estado,Ta_ms,holgura_plan_promedio_min,holgura_plan_minima_min,distancia_plan_km,tiempo_plan_rutas_min,vehiculos_plan,utilizacion_capacidad_plan,pedidos_plan,paquetes_sin_plan,rutas_despachadas,pedidos_entregados_acum,paquetes_entregados_acum,holgura_real_promedio_min,holgura_real_minima_min
20264,1.0,0,2026-02-01T00:00,SIN_DEMANDA,0,,,,,,,0,0,0,0,0,,
20264,1.0,1,2026-02-01T00:10,SIN_DEMANDA,0,,,,,,,0,0,0,0,0,,
20264,1.0,2,2026-02-01T00:20,COMPLETA,1378.9369,629.0,629.0,40.0,180.0,1,0.3333333333333333,1,0,1,0,0,,
20264,1.0,3,2026-02-01T00:30,SIN_DEMANDA,0,,,,,,,0,0,0,0,0,,
20264,1.0,4,2026-02-01T00:40,SIN_DEMANDA,0,,,,,,,0,0,0,0,0,,
20264,1.0,5,2026-02-01T00:50,COMPLETA,669.3829,118.0,118.0,43.0,184.5,1,0.125,1,0,1,0,0,,
20264,1.0,6,2026-02-01T01:00,SIN_DEMANDA,0,,,,,,,0,0,0,0,0,,
20264,1.0,7,2026-02-01T01:10,SIN_DEMANDA,0,,,,,,,0,0,0,0,0,,
20264,1.0,8,2026-02-01T01:20,SIN_DEMANDA,0,,,,,,,0,0,0,0,0,,
20264,1.0,9,2026-02-01T01:30,SIN_DEMANDA,0,,,,,,,0,0,0,0,0,,
20264,1.0,10,2026-02-01T01:40,COMPLETA,1226.985,1927.5,1927.5,49.0,503.0,1,0.20833333333333334,1,0,0,0,0,,
20264,1.0,11,2026-02-01T01:50,COMPLETA,950.9389,1927.5,1927.5,49.0,503.0,1,0.20833333333333334,1,0,0,1,8,629.0,629.0
20264,1.0,12,2026-02-01T02:00,COMPLETA,730.8531,1927.5,1927.5,49.0,503.0,1,0.20833333333333334,1,0,0,1,8,629.0,629.0
20264,1.0,13,2026-02-01T02:10,COMPLETA,579.4382,1927.5,1927.5,49.0,503.0,1,0.20833333333333334,1,0,0,1,8,629.0,629.0
20264,1.0,14,2026-02-01T02:20,COMPLETA,511.6754,1927.5,1927.5,49.0,503.0,1,0.20833333333333334,1,0,0,1,8,629.0,629.0
20264,1.0,15,2026-02-01T02:30,COMPLETA,608.6579,1927.5,1927.5,49.0,503.0,1,0.20833333333333334,1,0,0,1,8,629.0,629.0
20264,1.0,16,2026-02-01T02:40,COMPLETA,535.5752,1024.5,121.5,112.0,657.5,2,0.16666666666666666,2,0,1,1,8,629.0,629.0
20264,1.0,17,2026-02-01T02:50,COMPLETA,509.1219,1927.5,1927.5,49.0,133.5,1,0.20833333333333334,1,0,0,2,11,373.5,118.0
20264,1.0,18,2026-02-01T03:00,COMPLETA,518.4862,1927.5,1927.5,49.0,133.5,1,0.20833333333333334,1,0,0,2,11,373.5,118.0
20264,1.0,19,2026-02-01T03:10,COMPLETA,575.9477,1927.5,1927.5,49.0,133.5,1,0.20833333333333334,1,0,0,2,11,373.5,118.0
20264,1.0,20,2026-02-01T03:20,COMPLETA,677.9234,1927.5,1927.5,49.0,133.5,1,0.20833333333333334,1,0,1,2,11,373.5,118.0
20264,1.0,21,2026-02-01T03:30,SIN_DEMANDA,0,,,,,,,0,0,0,2,11,373.5,118.0
20264,1.0,22,2026-02-01T03:40,SIN_DEMANDA,0,,,,,,,0,0,0,2,11,373.5,118.0
20264,1.0,23,2026-02-01T03:50,SIN_DEMANDA,0,,,,,,,0,0,0,2,11,373.5,118.0
20264,1.0,24,2026-02-01T04:00,SIN_DEMANDA,0,,,,,,,0,0,0,2,11,373.5,118.0
20264,1.0,25,2026-02-01T04:10,SIN_DEMANDA,0,,,,,,,0,0,0,2,11,373.5,118.0
20264,1.0,26,2026-02-01T04:20,COMPLETA,734.1619,764.5,764.5,82.0,243.0,1,0.2916666666666667,1,0,0,2,11,373.5,118.0
20264,1.0,27,2026-02-01T04:30,COMPLETA,709.1649,764.5,764.5,82.0,243.0,1,0.2916666666666667,1,0,0,2,11,373.5,118.0
20264,1.0,28,2026-02-01T04:40,COMPLETA,805.6853,764.5,764.5,82.0,243.0,1,0.2916666666666667,1,0,0,3,14,289.5,118.0
20264,1.0,29,2026-02-01T04:50,COMPLETA,811.1014,1425.0,764.5,96.0,324.0,2,0.22916666666666666,2,0,1,3,14,289.5,118.0
20264,1.0,30,2026-02-01T05:00,COMPLETA,749.5894,1403.5,764.5,125.0,367.5,2,0.1875,2,0,1,3,14,289.5,118.0
20264,1.0,31,2026-02-01T05:10,COMPLETA,538.7799,417.5,40.5,100.0,390.0,2,0.3125,2,0,0,3,14,289.5,118.0
20264,1.0,32,2026-02-01T05:20,COMPLETA,787.1484,417.5,40.5,100.0,390.0,2,0.3125,2,0,0,3,14,289.5,118.0
20264,1.0,33,2026-02-01T05:30,COMPLETA,815.5555,446.6666666666667,10.5,156.0,594.0,3,0.2638888888888889,3,0,0,4,19,699.0,118.0
20264,1.0,34,2026-02-01T05:40,COMPLETA,691.6233,446.6666666666667,10.5,156.0,594.0,3,0.2638888888888889,3,0,0,4,19,699.0,118.0
20264,1.0,35,2026-02-01T05:50,COMPLETA,623.5145,446.6666666666667,10.5,156.0,594.0,3,0.2638888888888889,3,0,0,4,19,699.0,118.0
20264,1.0,36,2026-02-01T06:00,COMPLETA,724.185,357.5,10.5,186.0,759.0,4,0.21875,4,0,0,4,19,699.0,118.0
20264,1.0,37,2026-02-01T06:10,COMPLETA,931.9149,357.5,10.5,186.0,759.0,4,0.21875,4,0,0,5,23,976.3,118.0
20264,1.0,38,2026-02-01T06:20,COMPLETA,804.8459,357.5,10.5,186.0,759.0,4,0.21875,4,0,0,5,23,976.3,118.0
20264,1.0,39,2026-02-01T06:30,COMPLETA,779.8128,357.5,10.5,186.0,759.0,4,0.21875,4,0,0,5,23,976.3,118.0
20264,1.0,40,2026-02-01T06:40,COMPLETA,1066.8295,357.5,10.5,186.0,759.0,4,0.21875,4,0,0,5,23,976.3,118.0
20264,1.0,41,2026-02-01T06:50,COMPLETA,844.2682,357.5,10.5,186.0,759.0,4,0.21875,4,0,0,5,23,976.3,118.0
20264,1.0,42,2026-02-01T07:00,COMPLETA,688.7671,357.5,10.5,186.0,759.0,4,0.21875,4,0,4,6,25,1154.0,118.0
20264,1.0,43,2026-02-01T07:10,SIN_DEMANDA,0,,,,,,,0,0,0,6,25,1154.0,118.0
20264,1.0,44,2026-02-01T07:20,SIN_DEMANDA,0,,,,,,,0,0,0,6,25,1154.0,118.0
20264,1.0,45,2026-02-01T07:30,SIN_DEMANDA,0,,,,,,,0,0,0,6,25,1154.0,118.0
20264,1.0,46,2026-02-01T07:40,SIN_DEMANDA,0,,,,,,,0,0,0,6,25,1154.0,118.0
20264,1.0,47,2026-02-01T07:50,COMPLETA,483.3962,340.0,340.0,65.0,217.5,1,0.041666666666666664,1,0,1,6,25,1154.0,118.0
20264,1.0,48,2026-02-01T08:00,SIN_DEMANDA,0,,,,,,,0,0,0,6,25,1154.0,118.0
20264,1.0,49,2026-02-01T08:10,COMPLETA,537.0184,75.0,75.0,12.0,138.0,1,0.3333333333333333,1,0,0,6,25,1154.0,118.0
20264,1.0,50,2026-02-01T08:20,COMPLETA,537.5391,1038.25,75.0,99.0,388.5,2,0.22916666666666666,2,0,1,6,25,1154.0,118.0
20264,1.0,51,2026-02-01T08:30,COMPLETA,663.4464,75.0,75.0,12.0,138.0,1,0.3333333333333333,1,0,0,7,27,1002.6428571428571,94.5
20264,1.0,52,2026-02-01T08:40,COMPLETA,511.7352,75.0,75.0,12.0,138.0,1,0.3333333333333333,1,0,0,8,31,943.625,94.5
20264,1.0,53,2026-02-01T08:50,COMPLETA,480.0,75.0,75.0,12.0,138.0,1,0.3333333333333333,1,0,0,8,31,943.625,94.5
20264,1.0,54,2026-02-01T09:00,COMPLETA,553.9776,1077.25,75.0,30.0,225.0,2,0.20833333333333334,2,0,1,10,46,835.4,10.5
20264,1.0,55,2026-02-01T09:10,COMPLETA,564.0082,443.75,75.0,100.0,391.0,2,0.2708333333333333,2,0,0,10,46,835.4,10.5
20264,1.0,56,2026-02-01T09:20,COMPLETA,563.7147,443.75,75.0,100.0,391.0,2,0.2708333333333333,2,0,0,10,46,835.4,10.5
20264,1.0,57,2026-02-01T09:30,COMPLETA,606.7985,443.75,75.0,100.0,331.0,2,0.2708333333333333,2,0,0,10,46,835.4,10.5
20264,1.0,58,2026-02-01T09:40,COMPLETA,546.2088,443.75,75.0,100.0,331.0,2,0.2708333333333333,2,0,1,10,46,835.4,10.5
20264,1.0,59,2026-02-01T09:50,COMPLETA,623.2554,812.5,812.5,88.0,253.0,1,0.20833333333333334,1,0,0,10,46,835.4,10.5
20264,1.0,60,2026-02-01T10:00,COMPLETA,566.0567,812.5,812.5,88.0,193.0,1,0.20833333333333334,1,0,0,10,46,835.4,10.5
20264,1.0,61,2026-02-01T10:10,COMPLETA,559.5618,812.5,812.5,88.0,193.0,1,0.20833333333333334,1,0,0,11,47,790.3636363636364,10.5
20264,1.0,62,2026-02-01T10:20,COMPLETA,636.3405,1411.25,812.5,164.0,367.0,2,0.1875,2,0,1,12,49,897.7916666666666,10.5
20264,1.0,63,2026-02-01T10:30,COMPLETA,653.9906,812.5,812.5,88.0,193.0,1,0.20833333333333334,1,0,1,12,49,897.7916666666666,10.5
20264,1.0,64,2026-02-01T10:40,SIN_DEMANDA,0,,,,,,,0,0,0,12,49,897.7916666666666,10.5
20264,1.0,65,2026-02-01T10:50,SIN_DEMANDA,0,,,,,,,0,0,0,12,49,897.7916666666666,10.5
20264,1.0,66,2026-02-01T11:00,SIN_DEMANDA,0,,,,,,,0,0,0,14,60,917.8571428571429,10.5
20264,1.0,67,2026-02-01T11:10,COMPLETA,353.6119,409.0,409.0,12.0,78.0,1,0.125,1,0,1,14,60,917.8571428571429,10.5
20264,1.0,68,2026-02-01T11:20,SIN_DEMANDA,0,,,,,,,0,0,0,14,60,917.8571428571429,10.5
20264,1.0,69,2026-02-01T11:30,COMPLETA,689.5508,742.0,742.0,41.0,181.5,1,0.375,1,0,0,14,60,917.8571428571429,10.5
20264,1.0,70,2026-02-01T11:40,COMPLETA,495.5803,742.0,742.0,41.0,181.5,1,0.375,1,0,0,14,60,917.8571428571429,10.5
20264,1.0,71,2026-02-01T11:50,COMPLETA,517.5806,742.0,742.0,41.0,181.5,1,0.375,1,0,0,14,60,917.8571428571429,10.5
20264,1.0,72,2026-02-01T12:00,COMPLETA,575.3027,742.0,742.0,41.0,181.5,1,0.375,1,0,0,14,60,917.8571428571429,10.5
20264,1.0,73,2026-02-01T12:10,COMPLETA,568.3174,742.0,742.0,41.0,181.5,1,0.375,1,0,0,14,60,917.8571428571429,10.5
20264,1.0,74,2026-02-01T12:20,COMPLETA,514.6311,742.0,742.0,41.0,181.5,1,0.375,1,0,0,15,63,883.9333333333333,10.5
20264,1.0,75,2026-02-01T12:30,COMPLETA,494.6819,742.0,742.0,41.0,181.5,1,0.375,1,0,0,15,63,883.9333333333333,10.5
20264,1.0,76,2026-02-01T12:40,COMPLETA,507.3442,742.0,742.0,41.0,181.5,1,0.375,1,0,0,15,63,883.9333333333333,10.5
20264,1.0,77,2026-02-01T12:50,COMPLETA,455.8823,742.0,742.0,41.0,181.5,1,0.375,1,0,0,16,67,954.3125,10.5
20264,1.0,78,2026-02-01T13:00,COMPLETA,508.3772,742.0,742.0,41.0,181.5,1,0.375,1,0,0,16,67,954.3125,10.5
20264,1.0,79,2026-02-01T13:10,COMPLETA,530.7869,742.0,742.0,41.0,181.5,1,0.375,1,0,0,16,67,954.3125,10.5
20264,1.0,80,2026-02-01T13:20,COMPLETA,562.2656,742.0,742.0,41.0,181.5,1,0.375,1,0,0,16,67,954.3125,10.5
20264,1.0,81,2026-02-01T13:30,COMPLETA,500.7548,570.5,399.0,92.0,318.0,1,0.6666666666666666,2,0,0,16,67,954.3125,10.5
20264,1.0,82,2026-02-01T13:40,COMPLETA,562.9455,570.5,399.0,92.0,318.0,1,0.6666666666666666,2,0,0,17,72,945.9705882352941,10.5
20264,1.0,83,2026-02-01T13:50,COMPLETA,533.9208,570.5,399.0,92.0,318.0,1,0.6666666666666666,2,0,0,17,72,945.9705882352941,10.5
20264,1.0,84,2026-02-01T14:00,COMPLETA,583.4877,567.8333333333334,399.0,130.0,495.0,2,0.3541666666666667,3,0,0,17,72,945.9705882352941,10.5
20264,1.0,85,2026-02-01T14:10,COMPLETA,646.2931,567.8333333333334,399.0,130.0,495.0,2,0.3541666666666667,3,0,0,17,72,945.9705882352941,10.5
20264,1.0,86,2026-02-01T14:20,COMPLETA,590.2131,567.8333333333334,399.0,130.0,495.0,2,0.3541666666666667,3,0,0,17,72,945.9705882352941,10.5
20264,1.0,87,2026-02-01T14:30,COMPLETA,576.5954,567.8333333333334,399.0,130.0,495.0,2,0.3541666666666667,3,0,0,17,72,945.9705882352941,10.5
20264,1.0,88,2026-02-01T14:40,COMPLETA,579.9195,567.8333333333334,399.0,130.0,495.0,2,0.3541666666666667,3,0,0,17,72,945.9705882352941,10.5
20264,1.0,89,2026-02-01T14:50,COMPLETA,636.9434,567.8333333333334,399.0,130.0,495.0,2,0.3541666666666667,3,0,0,17,72,945.9705882352941,10.5
20264,1.0,90,2026-02-01T15:00,COMPLETA,575.3425,567.8333333333334,399.0,130.0,495.0,2,0.3541666666666667,3,0,2,17,72,945.9705882352941,10.5
20264,1.0,91,2026-02-01T15:10,SIN_DEMANDA,0,,,,,,,0,0,0,17,72,945.9705882352941,10.5
20264,1.0,92,2026-02-01T15:20,COMPLETA,598.3908,60.5,38.5,183.0,514.5,2,0.3125,2,0,2,17,72,945.9705882352941,10.5
20264,1.0,93,2026-02-01T15:30,SIN_DEMANDA,0,,,,,,,0,0,0,17,72,945.9705882352941,10.5
20264,1.0,94,2026-02-01T15:40,SIN_DEMANDA,0,,,,,,,0,0,0,17,72,945.9705882352941,10.5
20264,1.0,95,2026-02-01T15:50,SIN_DEMANDA,0,,,,,,,0,0,0,17,72,945.9705882352941,10.5
20264,1.0,96,2026-02-01T16:00,SIN_DEMANDA,0,,,,,,,0,0,0,17,72,945.9705882352941,10.5
20264,1.0,97,2026-02-01T16:10,SIN_DEMANDA,0,,,,,,,0,0,0,17,72,945.9705882352941,10.5
20264,1.0,98,2026-02-01T16:20,SIN_DEMANDA,0,,,,,,,0,0,0,17,72,945.9705882352941,10.5
20264,1.0,99,2026-02-01T16:30,COMPLETA,672.0715,547.0,547.0,71.0,226.5,1,0.20833333333333334,1,0,0,18,73,924.6666666666666,10.5
20264,1.0,100,2026-02-01T16:40,COMPLETA,560.3629,547.0,547.0,71.0,226.5,1,0.20833333333333334,1,0,0,18,73,924.6666666666666,10.5
20264,1.0,101,2026-02-01T16:50,COMPLETA,570.237,547.0,547.0,71.0,226.5,1,0.20833333333333334,1,0,0,18,73,924.6666666666666,10.5
20264,1.0,102,2026-02-01T17:00,COMPLETA,565.6705,547.0,547.0,71.0,226.5,1,0.20833333333333334,1,0,0,19,82,915.0526315789474,10.5
20264,1.0,103,2026-02-01T17:10,COMPLETA,679.0508,1038.75,547.0,126.0,369.0,1,0.4583333333333333,2,0,0,19,82,915.0526315789474,10.5
20264,1.0,104,2026-02-01T17:20,COMPLETA,646.8075,1038.75,547.0,126.0,369.0,1,0.4583333333333333,2,0,0,19,82,915.0526315789474,10.5
20264,1.0,105,2026-02-01T17:30,COMPLETA,580.8023,1038.75,547.0,126.0,369.0,1,0.4583333333333333,2,0,0,19,82,915.0526315789474,10.5
20264,1.0,106,2026-02-01T17:40,COMPLETA,768.2768,1303.8333333333333,743.0,207.0,610.5,2,0.3958333333333333,3,0,0,19,82,915.0526315789474,10.5
20264,1.0,107,2026-02-01T17:50,COMPLETA,711.3147,1303.8333333333333,743.0,207.0,610.5,2,0.3958333333333333,3,0,0,19,82,915.0526315789474,10.5
20264,1.0,108,2026-02-01T18:00,COMPLETA,800.1129,1303.8333333333333,743.0,207.0,610.5,2,0.3958333333333333,3,0,0,20,90,873.425,10.5
20264,1.0,109,2026-02-01T18:10,COMPLETA,698.0876,1303.8333333333333,743.0,207.0,610.5,2,0.3958333333333333,3,0,0,20,90,873.425,10.5
20264,1.0,110,2026-02-01T18:20,COMPLETA,735.5513,1303.8333333333333,743.0,207.0,610.5,2,0.3958333333333333,3,0,0,20,90,873.425,10.5
20264,1.0,111,2026-02-01T18:30,COMPLETA,736.7653,1303.8333333333333,743.0,207.0,610.5,2,0.3958333333333333,3,0,0,20,90,873.425,10.5
20264,1.0,112,2026-02-01T18:40,COMPLETA,784.1912,1303.8333333333333,743.0,207.0,610.5,2,0.3958333333333333,3,0,0,21,97,833.6666666666666,10.5
20264,1.0,113,2026-02-01T18:50,COMPLETA,786.9092,1303.8333333333333,743.0,207.0,610.5,2,0.3958333333333333,3,0,0,22,104,813.9090909090909,10.5
20264,1.0,114,2026-02-01T19:00,COMPLETA,760.5782,1303.8333333333333,743.0,207.0,610.5,2,0.3958333333333333,3,0,0,22,104,813.9090909090909,10.5
20264,1.0,115,2026-02-01T19:10,COMPLETA,816.4395,1078.375,402.0,219.0,796.5,3,0.3055555555555556,4,0,1,22,104,813.9090909090909,10.5
20264,1.0,116,2026-02-01T19:20,COMPLETA,913.2319,1117.0,294.5,281.0,781.5,3,0.3472222222222222,4,0,0,22,104,813.9090909090909,10.5
20264,1.0,117,2026-02-01T19:30,COMPLETA,884.4905,1117.0,294.5,281.0,781.5,3,0.3472222222222222,4,0,1,22,104,813.9090909090909,10.5
20264,1.0,118,2026-02-01T19:40,COMPLETA,669.0176,849.0,294.5,201.0,541.5,2,0.3541666666666667,3,0,1,22,104,813.9090909090909,10.5
20264,1.0,119,2026-02-01T19:50,COMPLETA,542.2422,902.0,294.5,140.0,390.0,1,0.5,2,0,0,22,104,813.9090909090909,10.5
20264,1.0,120,2026-02-01T20:00,COMPLETA,581.2398,738.5,294.5,209.0,613.5,2,0.3541666666666667,3,0,0,22,104,813.9090909090909,10.5
20264,1.0,121,2026-02-01T20:10,COMPLETA,702.7657,738.5,294.5,209.0,613.5,2,0.3541666666666667,3,0,0,22,104,813.9090909090909,10.5
20264,1.0,122,2026-02-01T20:20,COMPLETA,559.7259,738.5,294.5,209.0,613.5,2,0.3541666666666667,3,0,0,23,107,796.0,10.5
20264,1.0,123,2026-02-01T20:30,COMPLETA,575.3935,738.5,294.5,209.0,613.5,2,0.3541666666666667,3,0,0,23,107,796.0,10.5
20264,1.0,124,2026-02-01T20:40,COMPLETA,547.5551,738.5,294.5,209.0,613.5,2,0.3541666666666667,3,0,0,23,107,796.0,10.5
20264,1.0,125,2026-02-01T20:50,COMPLETA,551.2427,738.5,294.5,209.0,613.5,2,0.3541666666666667,3,0,0,23,107,796.0,10.5
20264,1.0,126,2026-02-01T21:00,COMPLETA,535.2704,738.5,294.5,209.0,613.5,2,0.3541666666666667,3,0,0,23,107,796.0,10.5
20264,1.0,127,2026-02-01T21:10,COMPLETA,629.3835,738.5,294.5,209.0,613.5,2,0.3541666666666667,3,0,0,23,107,796.0,10.5
20264,1.0,128,2026-02-01T21:20,COMPLETA,525.7029,738.5,294.5,209.0,613.5,2,0.3541666666666667,3,0,0,23,107,796.0,10.5
20264,1.0,129,2026-02-01T21:30,COMPLETA,595.3672,593.125,178.0,231.0,706.5,2,0.5208333333333334,4,0,0,23,107,796.0,10.5
20264,1.0,130,2026-02-01T21:40,COMPLETA,679.194,870.1,83.5,284.0,906.0,3,0.3888888888888889,5,0,0,24,115,842.875,10.5
20264,1.0,131,2026-02-01T21:50,COMPLETA,697.7516,870.1,83.5,284.0,906.0,3,0.3888888888888889,5,0,0,24,115,842.875,10.5
20264,1.0,132,2026-02-01T22:00,COMPLETA,773.7001,870.1,83.5,284.0,906.0,3,0.3888888888888889,5,0,0,25,120,838.88,10.5
20264,1.0,133,2026-02-01T22:10,COMPLETA,671.3104,870.1,83.5,284.0,906.0,3,0.3888888888888889,5,0,0,25,120,838.88,10.5
20264,1.0,134,2026-02-01T22:20,COMPLETA,702.4234,870.1,83.5,284.0,906.0,3,0.3888888888888889,5,0,0,25,120,838.88,10.5
20264,1.0,135,2026-02-01T22:30,COMPLETA,697.9699,870.1,83.5,284.0,906.0,3,0.3888888888888889,5,0,0,25,120,838.88,10.5
20264,1.0,136,2026-02-01T22:40,COMPLETA,717.918,870.1,83.5,284.0,906.0,3,0.3888888888888889,5,0,0,25,120,838.88,10.5
20264,1.0,137,2026-02-01T22:50,COMPLETA,700.6173,870.1,83.5,284.0,906.0,3,0.3888888888888889,5,0,0,25,120,838.88,10.5
20264,1.0,138,2026-02-01T23:00,COMPLETA,691.8968,870.1,83.5,284.0,906.0,3,0.3888888888888889,5,0,3,25,120,838.88,10.5
20264,1.0,139,2026-02-01T23:10,SIN_DEMANDA,0,,,,,,,0,0,0,25,120,838.88,10.5
20264,1.0,140,2026-02-01T23:20,SIN_DEMANDA,0,,,,,,,0,0,0,25,120,838.88,10.5
20264,1.0,141,2026-02-01T23:30,SIN_DEMANDA,0,,,,,,,0,0,0,25,120,838.88,10.5
20264,1.0,142,2026-02-01T23:40,COMPLETA,403.2482,2053.0,2053.0,57.0,205.5,1,0.16666666666666666,1,0,1,25,120,838.88,10.5
20264,1.0,143,2026-02-01T23:50,SIN_DEMANDA,0,,,,,,,0,0,0,25,120,838.88,10.5
20264,1.0,144,2026-02-02T00:00,COMPLETA,327.6047,2065.0,2065.0,40.0,180.0,1,0.125,1,0,1,25,120,838.88,10.5
20264,1.0,145,2026-02-02T00:10,SIN_DEMANDA,0,,,,,,,0,0,0,25,120,838.88,10.5
20264,1.0,146,2026-02-02T00:20,COMPLETA,522.1032,1581.5,1581.5,88.0,252.0,1,0.4166666666666667,1,0,0,25,120,838.88,10.5
20264,1.0,147,2026-02-02T00:30,COMPLETA,545.9265,1581.5,1581.5,88.0,252.0,1,0.4166666666666667,1,0,0,26,123,883.2692307692307,10.5
20264,1.0,148,2026-02-02T00:40,COMPLETA,546.369,1581.5,1581.5,88.0,252.0,1,0.4166666666666667,1,0,0,26,123,883.2692307692307,10.5
20264,1.0,149,2026-02-02T00:50,COMPLETA,625.3731,842.0,183.5,102.0,333.0,1,0.7916666666666666,2,0,0,26,123,883.2692307692307,10.5
20264,1.0,150,2026-02-02T01:00,COMPLETA,537.1084,842.0,183.5,102.0,333.0,1,0.7916666666666666,2,0,0,26,123,883.2692307692307,10.5
20264,1.0,151,2026-02-02T01:10,COMPLETA,708.614,763.8333333333334,183.5,164.0,486.0,2,0.4375,3,0,1,26,123,883.2692307692307,10.5
20264,1.0,152,2026-02-02T01:20,COMPLETA,731.926,842.0,183.5,102.0,333.0,1,0.7916666666666666,2,0,0,28,133,906.1071428571429,10.5
20264,1.0,153,2026-02-02T01:30,COMPLETA,729.6525,842.0,183.5,102.0,333.0,1,0.7916666666666666,2,0,0,29,136,946.0689655172414,10.5
20264,1.0,154,2026-02-02T01:40,COMPLETA,710.8774,842.0,183.5,102.0,333.0,1,0.7916666666666666,2,0,0,29,136,946.0689655172414,10.5
20264,1.0,155,2026-02-02T01:50,COMPLETA,627.3857,842.0,183.5,102.0,333.0,1,0.7916666666666666,2,0,0,29,136,946.0689655172414,10.5
20264,1.0,156,2026-02-02T02:00,COMPLETA,765.2488,842.0,183.5,102.0,333.0,1,0.7916666666666666,2,0,0,29,136,946.0689655172414,10.5
20264,1.0,157,2026-02-02T02:10,COMPLETA,639.9411,842.0,183.5,102.0,333.0,1,0.7916666666666666,2,0,0,30,141,926.3,10.5
20264,1.0,158,2026-02-02T02:20,COMPLETA,852.5449,842.0,183.5,102.0,333.0,1,0.7916666666666666,2,0,0,30,141,926.3,10.5
20264,1.0,159,2026-02-02T02:30,COMPLETA,611.8143,842.0,183.5,102.0,333.0,1,0.7916666666666666,2,0,0,30,141,926.3,10.5
20264,1.0,160,2026-02-02T02:40,COMPLETA,675.2896,842.0,183.5,102.0,333.0,1,0.7916666666666666,2,0,0,30,141,926.3,10.5
20264,1.0,161,2026-02-02T02:50,COMPLETA,619.4065,842.0,183.5,102.0,333.0,1,0.7916666666666666,2,0,0,30,141,926.3,10.5
20264,1.0,162,2026-02-02T03:00,COMPLETA,658.8104,842.0,183.5,102.0,333.0,1,0.7916666666666666,2,0,0,32,149,936.390625,10.5
20264,1.0,163,2026-02-02T03:10,COMPLETA,969.2612,842.0,183.5,102.0,333.0,1,0.7916666666666666,2,0,0,32,149,936.390625,10.5
20264,1.0,164,2026-02-02T03:20,COMPLETA,815.5889,842.0,183.5,102.0,333.0,1,0.7916666666666666,2,0,0,32,149,936.390625,10.5
20264,1.0,165,2026-02-02T03:30,COMPLETA,927.1106,1090.6666666666667,183.5,138.0,447.0,1,1.0,3,0,0,32,149,936.390625,10.5
20264,1.0,166,2026-02-02T03:40,COMPLETA,1049.6111,1090.6666666666667,183.5,138.0,447.0,1,1.0,3,0,0,32,149,936.390625,10.5
20264,1.0,167,2026-02-02T03:50,COMPLETA,1347.5833,1090.6666666666667,183.5,138.0,447.0,1,1.0,3,0,0,32,149,936.390625,10.5
20264,1.0,168,2026-02-02T04:00,COMPLETA,795.0607,1090.6666666666667,183.5,138.0,447.0,1,1.0,3,0,0,32,149,936.390625,10.5
20264,1.0,169,2026-02-02T04:10,COMPLETA,1695.5587,1090.6666666666667,183.5,138.0,447.0,1,1.0,3,0,0,33,157,910.5454545454545,10.5
20264,1.0,170,2026-02-02T04:20,COMPLETA,1002.1316,1090.6666666666667,183.5,138.0,447.0,1,1.0,3,0,0,33,157,910.5454545454545,10.5
20264,1.0,171,2026-02-02T04:30,COMPLETA,568.5977,1090.6666666666667,183.5,138.0,447.0,1,1.0,3,0,0,33,157,910.5454545454545,10.5
20264,1.0,172,2026-02-02T04:40,COMPLETA,543.6474,1090.6666666666667,183.5,138.0,447.0,1,1.0,3,0,0,33,157,910.5454545454545,10.5
20264,1.0,173,2026-02-02T04:50,COMPLETA,571.0075,1090.6666666666667,183.5,138.0,447.0,1,1.0,3,0,0,33,157,910.5454545454545,10.5
20264,1.0,174,2026-02-02T05:00,COMPLETA,687.782,725.9,44.0,308.0,882.0,3,0.5,5,0,1,33,157,910.5454545454545,10.5
20264,1.0,175,2026-02-02T05:10,COMPLETA,647.8618,877.0,44.0,269.0,763.5,2,0.6041666666666666,4,0,0,33,157,910.5454545454545,10.5
20264,1.0,176,2026-02-02T05:20,COMPLETA,603.9627,877.0,44.0,269.0,763.5,2,0.6041666666666666,4,0,0,33,157,910.5454545454545,10.5
20264,1.0,177,2026-02-02T05:30,COMPLETA,651.6356,1082.2,179.0,353.0,1009.5,3,0.4861111111111111,5,0,0,33,157,910.5454545454545,10.5
20264,1.0,178,2026-02-02T05:40,COMPLETA,638.2618,1082.2,179.0,353.0,1009.5,3,0.4861111111111111,5,0,0,33,157,910.5454545454545,10.5
20264,1.0,179,2026-02-02T05:50,COMPLETA,650.5941,1082.2,179.0,353.0,1009.5,3,0.4861111111111111,5,0,0,33,157,910.5454545454545,10.5
20264,1.0,180,2026-02-02T06:00,COMPLETA,803.5857,1082.2,179.0,353.0,1009.5,3,0.4861111111111111,5,0,0,33,157,910.5454545454545,10.5
20264,1.0,181,2026-02-02T06:10,COMPLETA,613.1278,1082.2,179.0,353.0,1009.5,3,0.4861111111111111,5,0,0,33,157,910.5454545454545,10.5
20264,1.0,182,2026-02-02T06:20,COMPLETA,642.8609,1082.2,179.0,353.0,1009.5,3,0.4861111111111111,5,0,0,33,157,910.5454545454545,10.5
20264,1.0,183,2026-02-02T06:30,COMPLETA,629.9731,1006.9166666666666,53.0,269.0,943.5,3,0.5138888888888888,6,0,0,33,157,910.5454545454545,10.5
20264,1.0,184,2026-02-02T06:40,COMPLETA,593.5118,1006.9166666666666,53.0,269.0,943.5,3,0.5138888888888888,6,0,0,33,157,910.5454545454545,10.5
20264,1.0,185,2026-02-02T06:50,COMPLETA,696.8874,1006.9166666666666,53.0,269.0,943.5,3,0.5138888888888888,6,0,0,33,157,910.5454545454545,10.5
20264,1.0,186,2026-02-02T07:00,COMPLETA,622.2842,1006.9166666666666,53.0,269.0,943.5,3,0.5138888888888888,6,0,3,34,164,887.3382352941177,10.5
20264,1.0,187,2026-02-02T07:10,SIN_DEMANDA,0,,,,,,,0,0,0,34,164,887.3382352941177,10.5
20264,1.0,188,2026-02-02T07:20,SIN_DEMANDA,0,,,,,,,0,0,0,34,164,887.3382352941177,10.5
20264,1.0,189,2026-02-02T07:30,SIN_DEMANDA,0,,,,,,,0,0,0,34,164,887.3382352941177,10.5
20264,1.0,190,2026-02-02T07:40,SIN_DEMANDA,0,,,,,,,0,0,0,34,164,887.3382352941177,10.5
20264,1.0,191,2026-02-02T07:50,SIN_DEMANDA,0,,,,,,,0,0,0,34,164,887.3382352941177,10.5
20264,1.0,192,2026-02-02T08:00,SIN_DEMANDA,0,,,,,,,0,0,0,34,164,887.3382352941177,10.5
20264,1.0,193,2026-02-02T08:10,SIN_DEMANDA,0,,,,,,,0,0,0,34,164,887.3382352941177,10.5
20264,1.0,194,2026-02-02T08:20,SIN_DEMANDA,0,,,,,,,0,0,0,34,164,887.3382352941177,10.5
20264,1.0,195,2026-02-02T08:30,SIN_DEMANDA,0,,,,,,,0,0,0,34,164,887.3382352941177,10.5
20264,1.0,196,2026-02-02T08:40,SIN_DEMANDA,0,,,,,,,0,0,0,36,171,905.9166666666666,10.5
20264,1.0,197,2026-02-02T08:50,SIN_DEMANDA,0,,,,,,,0,0,0,36,171,905.9166666666666,10.5
20264,1.0,198,2026-02-02T09:00,SIN_DEMANDA,0,,,,,,,0,0,0,36,171,905.9166666666666,10.5
20264,1.0,199,2026-02-02T09:10,SIN_DEMANDA,0,,,,,,,0,0,0,36,171,905.9166666666666,10.5
20264,1.0,200,2026-02-02T09:20,SIN_DEMANDA,0,,,,,,,0,0,0,36,171,905.9166666666666,10.5
20264,1.0,201,2026-02-02T09:30,SIN_DEMANDA,0,,,,,,,0,0,0,36,171,905.9166666666666,10.5
20264,1.0,202,2026-02-02T09:40,SIN_DEMANDA,0,,,,,,,0,0,0,37,180,886.3918918918919,10.5
20264,1.0,203,2026-02-02T09:50,SIN_DEMANDA,0,,,,,,,0,0,0,37,180,886.3918918918919,10.5
20264,1.0,204,2026-02-02T10:00,SIN_DEMANDA,0,,,,,,,0,0,0,37,180,886.3918918918919,10.5
20264,1.0,205,2026-02-02T10:10,SIN_DEMANDA,0,,,,,,,0,0,0,37,180,886.3918918918919,10.5
20264,1.0,206,2026-02-02T10:20,COMPLETA,471.7002,35.0,35.0,102.0,273.0,1,0.3333333333333333,1,0,0,37,180,886.3918918918919,10.5
20264,1.0,207,2026-02-02T10:30,COMPLETA,474.2812,35.0,35.0,102.0,273.0,1,0.3333333333333333,1,0,0,38,186,912.0394736842105,10.5
20264,1.0,208,2026-02-02T10:40,COMPLETA,437.8886,35.0,35.0,102.0,273.0,1,0.3333333333333333,1,0,0,38,186,912.0394736842105,10.5
20264,1.0,209,2026-02-02T10:50,COMPLETA,511.7128,454.25,21.5,139.0,448.5,2,0.3541666666666667,2,0,0,38,186,912.0394736842105,10.5
20264,1.0,210,2026-02-02T11:00,COMPLETA,761.6487,974.0,197.0,202.0,603.0,3,0.3472222222222222,3,0,1,38,186,912.0394736842105,10.5
20264,1.0,211,2026-02-02T11:10,COMPLETA,633.7143,1168.25,665.0,91.0,316.5,1,0.7083333333333334,2,0,0,38,186,912.0394736842105,10.5
20264,1.0,212,2026-02-02T11:20,COMPLETA,595.1744,1168.25,665.0,91.0,316.5,1,0.7083333333333334,2,0,0,39,196,927.1282051282051,10.5
20264,1.0,213,2026-02-02T11:30,COMPLETA,603.416,1168.25,665.0,91.0,316.5,1,0.7083333333333334,2,0,0,39,196,927.1282051282051,10.5
20264,1.0,214,2026-02-02T11:40,COMPLETA,874.8451,1056.6666666666667,584.0,112.0,468.0,2,0.5416666666666666,3,0,0,39,196,927.1282051282051,10.5
20264,1.0,215,2026-02-02T11:50,COMPLETA,731.7116,1056.6666666666667,584.0,112.0,468.0,2,0.5416666666666666,3,0,0,39,196,927.1282051282051,10.5
20264,1.0,216,2026-02-02T12:00,COMPLETA,704.5707,1056.6666666666667,584.0,112.0,468.0,2,0.5416666666666666,3,0,0,39,196,927.1282051282051,10.5
20264,1.0,217,2026-02-02T12:10,COMPLETA,841.0056,1056.6666666666667,584.0,112.0,468.0,2,0.5416666666666666,3,0,0,40,201,905.275,10.5
20264,1.0,218,2026-02-02T12:20,COMPLETA,876.4579,1056.6666666666667,584.0,112.0,468.0,2,0.5416666666666666,3,0,0,40,201,905.275,10.5
20264,1.0,219,2026-02-02T12:30,COMPLETA,693.5402,1056.6666666666667,584.0,112.0,468.0,2,0.5416666666666666,3,0,0,40,201,905.275,10.5
20264,1.0,220,2026-02-02T12:40,COMPLETA,654.9125,1056.6666666666667,584.0,112.0,468.0,2,0.5416666666666666,3,0,0,40,201,905.275,10.5
20264,1.0,221,2026-02-02T12:50,COMPLETA,672.9058,1056.6666666666667,584.0,112.0,468.0,2,0.5416666666666666,3,0,0,40,201,905.275,10.5
20264,1.0,222,2026-02-02T13:00,COMPLETA,794.2622,1056.6666666666667,584.0,112.0,468.0,2,0.5416666666666666,3,0,0,40,201,905.275,10.5
20264,1.0,223,2026-02-02T13:10,COMPLETA,821.199,1056.6666666666667,584.0,112.0,468.0,2,0.5416666666666666,3,0,0,40,201,905.275,10.5
20264,1.0,224,2026-02-02T13:20,COMPLETA,792.213,1056.6666666666667,584.0,112.0,468.0,2,0.5416666666666666,3,0,0,40,201,905.275,10.5
20264,1.0,225,2026-02-02T13:30,COMPLETA,653.1467,1056.6666666666667,584.0,112.0,468.0,2,0.5416666666666666,3,0,0,40,201,905.275,10.5
20264,1.0,226,2026-02-02T13:40,COMPLETA,628.5921,1056.6666666666667,584.0,112.0,468.0,2,0.5416666666666666,3,0,0,40,201,905.275,10.5
20264,1.0,227,2026-02-02T13:50,COMPLETA,582.6718,1056.6666666666667,584.0,112.0,468.0,2,0.5416666666666666,3,0,0,40,201,905.275,10.5
20264,1.0,228,2026-02-02T14:00,COMPLETA,719.7212,1056.6666666666667,584.0,112.0,468.0,2,0.5416666666666666,3,0,0,40,201,905.275,10.5
20264,1.0,229,2026-02-02T14:10,COMPLETA,882.65,1240.875,613.0,179.0,628.5,2,0.75,4,0,0,40,201,905.275,10.5
20264,1.0,230,2026-02-02T14:20,COMPLETA,1028.9789,1240.875,613.0,179.0,628.5,2,0.75,4,0,0,40,201,905.275,10.5
20264,1.0,231,2026-02-02T14:30,COMPLETA,1247.0385,1240.875,613.0,179.0,628.5,2,0.75,4,0,0,40,201,905.275,10.5
20264,1.0,232,2026-02-02T14:40,COMPLETA,1134.7567,1240.875,613.0,179.0,628.5,2,0.75,4,0,0,40,201,905.275,10.5
20264,1.0,233,2026-02-02T14:50,COMPLETA,1090.9346,1240.875,613.0,179.0,628.5,2,0.75,4,0,0,40,201,905.275,10.5
20264,1.0,234,2026-02-02T15:00,COMPLETA,1091.1562,1407.7,613.0,207.0,790.5,3,0.5277777777777778,5,0,3,41,209,888.0,10.5
20264,1.0,235,2026-02-02T15:10,SIN_DEMANDA,0,,,,,,,0,0,0,41,209,888.0,10.5
20264,1.0,236,2026-02-02T15:20,SIN_DEMANDA,0,,,,,,,0,0,0,41,209,888.0,10.5
20264,1.0,237,2026-02-02T15:30,SIN_DEMANDA,0,,,,,,,0,0,0,41,209,888.0,10.5
20264,1.0,238,2026-02-02T15:40,SIN_DEMANDA,0,,,,,,,0,0,0,41,209,888.0,10.5
20264,1.0,239,2026-02-02T15:50,SIN_DEMANDA,0,,,,,,,0,0,0,41,209,888.0,10.5
20264,1.0,240,2026-02-02T16:00,SIN_DEMANDA,0,,,,,,,0,0,0,41,209,888.0,10.5
20264,1.0,241,2026-02-02T16:10,SIN_DEMANDA,0,,,,,,,0,0,0,41,209,888.0,10.5
20264,1.0,242,2026-02-02T16:20,COMPLETA,784.4473,135.5,135.5,32.0,168.0,1,0.4166666666666667,1,0,0,41,209,888.0,10.5
20264,1.0,243,2026-02-02T16:30,COMPLETA,558.3606,135.5,135.5,32.0,168.0,1,0.4166666666666667,1,0,0,42,211,916.2619047619048,10.5
20264,1.0,244,2026-02-02T16:40,COMPLETA,574.8704,135.5,135.5,32.0,168.0,1,0.4166666666666667,1,0,0,42,211,916.2619047619048,10.5
20264,1.0,245,2026-02-02T16:50,COMPLETA,730.1145,135.5,135.5,32.0,168.0,1,0.4166666666666667,1,0,0,42,211,916.2619047619048,10.5
20264,1.0,246,2026-02-02T17:00,COMPLETA,680.6732,135.5,135.5,32.0,168.0,1,0.4166666666666667,1,0,0,43,221,941.2674418604652,10.5
20264,1.0,247,2026-02-02T17:10,COMPLETA,810.6631,305.0,135.5,58.0,327.0,2,0.375,2,0,0,43,221,941.2674418604652,10.5
20264,1.0,248,2026-02-02T17:20,COMPLETA,641.6705,305.0,135.5,58.0,327.0,2,0.375,2,0,0,43,221,941.2674418604652,10.5
20264,1.0,249,2026-02-02T17:30,COMPLETA,664.6272,305.0,135.5,58.0,327.0,2,0.375,2,0,0,43,221,941.2674418604652,10.5
20264,1.0,250,2026-02-02T17:40,COMPLETA,758.3941,305.0,135.5,58.0,327.0,2,0.375,2,0,0,44,230,934.9886363636364,10.5
20264,1.0,251,2026-02-02T17:50,COMPLETA,564.9128,305.0,135.5,58.0,327.0,2,0.375,2,0,0,44,230,934.9886363636364,10.5
20264,1.0,252,2026-02-02T18:00,COMPLETA,621.9634,305.0,135.5,58.0,327.0,2,0.375,2,0,0,44,230,934.9886363636364,10.5
20264,1.0,253,2026-02-02T18:10,COMPLETA,528.5378,305.0,135.5,58.0,327.0,2,0.375,2,0,0,44,230,934.9886363636364,10.5
20264,1.0,254,2026-02-02T18:20,COMPLETA,553.6396,305.0,135.5,58.0,327.0,2,0.375,2,0,0,44,230,934.9886363636364,10.5
20264,1.0,255,2026-02-02T18:30,COMPLETA,591.8677,863.6666666666666,135.5,161.0,541.5,3,0.3472222222222222,3,0,1,44,230,934.9886363636364,10.5
20264,1.0,256,2026-02-02T18:40,COMPLETA,527.7581,305.0,135.5,58.0,327.0,2,0.375,2,0,0,45,238,951.8555555555556,10.5
20264,1.0,257,2026-02-02T18:50,COMPLETA,496.9062,305.0,135.5,58.0,327.0,2,0.375,2,0,0,45,238,951.8555555555556,10.5
20264,1.0,258,2026-02-02T19:00,COMPLETA,602.353,305.0,135.5,58.0,327.0,2,0.375,2,0,0,45,238,951.8555555555556,10.5
20264,1.0,259,2026-02-02T19:10,COMPLETA,540.2878,305.0,135.5,58.0,327.0,2,0.375,2,0,0,45,238,951.8555555555556,10.5
20264,1.0,260,2026-02-02T19:20,COMPLETA,526.9425,305.0,135.5,58.0,327.0,2,0.375,2,0,0,45,238,951.8555555555556,10.5
20264,1.0,261,2026-02-02T19:30,COMPLETA,491.0349,305.0,135.5,58.0,327.0,2,0.375,2,0,0,46,247,944.4891304347826,10.5
20264,1.0,262,2026-02-02T19:40,COMPLETA,548.316,305.0,135.5,58.0,267.0,2,0.375,2,0,0,46,247,944.4891304347826,10.5
20264,1.0,263,2026-02-02T19:50,COMPLETA,542.4235,305.0,135.5,58.0,267.0,2,0.375,2,0,1,46,247,944.4891304347826,10.5
20264,1.0,264,2026-02-02T20:00,COMPLETA,499.0943,260.0,135.5,70.0,285.0,2,0.25,2,0,1,46,247,944.4891304347826,10.5
20264,1.0,265,2026-02-02T20:10,COMPLETA,492.9611,135.5,135.5,32.0,168.0,1,0.4166666666666667,1,0,0,46,247,944.4891304347826,10.5
20264,1.0,266,2026-02-02T20:20,COMPLETA,484.9829,135.5,135.5,32.0,168.0,1,0.4166666666666667,1,0,0,46,247,944.4891304347826,10.5
20264,1.0,267,2026-02-02T20:30,COMPLETA,564.5354,1005.25,135.5,103.0,334.5,2,0.375,2,0,1,46,247,944.4891304347826,10.5
20264,1.0,268,2026-02-02T20:40,COMPLETA,486.8627,1875.0,1875.0,71.0,226.5,1,0.3333333333333333,1,0,0,46,247,944.4891304347826,10.5
20264,1.0,269,2026-02-02T20:50,COMPLETA,470.8841,1875.0,1875.0,71.0,226.5,1,0.3333333333333333,1,0,0,46,247,944.4891304347826,10.5
20264,1.0,270,2026-02-02T21:00,COMPLETA,521.1807,1875.0,1875.0,71.0,226.5,1,0.3333333333333333,1,0,0,46,247,944.4891304347826,10.5
20264,1.0,271,2026-02-02T21:10,COMPLETA,522.3,1432.75,990.5,109.0,343.5,2,0.20833333333333334,2,0,1,46,247,944.4891304347826,10.5
20264,1.0,272,2026-02-02T21:20,COMPLETA,472.9494,1875.0,1875.0,71.0,226.5,1,0.3333333333333333,1,0,0,47,255,934.4893617021277,10.5
20264,1.0,273,2026-02-02T21:30,COMPLETA,486.2117,980.25,232.5,129.0,373.5,1,0.7083333333333334,2,0,0,49,264,944.6224489795918,10.5
20264,1.0,274,2026-02-02T21:40,COMPLETA,524.4402,980.25,232.5,129.0,373.5,1,0.7083333333333334,2,0,0,49,264,944.6224489795918,10.5
20264,1.0,275,2026-02-02T21:50,COMPLETA,527.6752,980.25,232.5,129.0,373.5,1,0.7083333333333334,2,0,0,49,264,944.6224489795918,10.5
20264,1.0,276,2026-02-02T22:00,COMPLETA,518.646,980.25,232.5,129.0,373.5,1,0.7083333333333334,2,0,0,50,274,928.44,10.5
20264,1.0,277,2026-02-02T22:10,COMPLETA,547.8317,980.25,232.5,129.0,373.5,1,0.7083333333333334,2,0,0,50,274,928.44,10.5
20264,1.0,278,2026-02-02T22:20,COMPLETA,541.1572,980.25,232.5,129.0,373.5,1,0.7083333333333334,2,0,0,50,274,928.44,10.5
20264,1.0,279,2026-02-02T22:30,COMPLETA,493.5416,980.25,232.5,129.0,373.5,1,0.7083333333333334,2,0,0,50,274,928.44,10.5
20264,1.0,280,2026-02-02T22:40,COMPLETA,514.166,980.25,232.5,129.0,373.5,1,0.7083333333333334,2,0,0,51,276,929.656862745098,10.5
20264,1.0,281,2026-02-02T22:50,COMPLETA,526.1527,980.25,232.5,129.0,373.5,1,0.7083333333333334,2,0,0,51,276,929.656862745098,10.5
20264,1.0,282,2026-02-02T23:00,COMPLETA,472.3757,980.25,232.5,129.0,373.5,1,0.7083333333333334,2,0,1,51,276,929.656862745098,10.5
20264,1.0,283,2026-02-02T23:10,SIN_DEMANDA,0,,,,,,,0,0,0,51,276,929.656862745098,10.5
20264,1.0,284,2026-02-02T23:20,COMPLETA,569.2807,130.5,130.5,41.0,181.5,1,0.4166666666666667,1,0,1,51,276,929.656862745098,10.5
20264,1.0,285,2026-02-02T23:30,SIN_DEMANDA,0,,,,,,,0,0,0,51,276,929.656862745098,10.5
20264,1.0,286,2026-02-02T23:40,SIN_DEMANDA,0,,,,,,,0,0,0,51,276,929.656862745098,10.5
20264,1.0,287,2026-02-02T23:50,SIN_DEMANDA,0,,,,,,,0,0,0,51,276,929.656862745098,10.5
20264,1.0,288,2026-02-03T00:00,SIN_DEMANDA,0,,,,,,,0,0,0,51,276,929.656862745098,10.5
20264,1.0,289,2026-02-03T00:10,SIN_DEMANDA,0,,,,,,,0,0,0,51,276,929.656862745098,10.5
20264,1.0,290,2026-02-03T00:20,SIN_DEMANDA,0,,,,,,,0,0,0,51,276,929.656862745098,10.5
20264,1.0,291,2026-02-03T00:30,SIN_DEMANDA,0,,,,,,,0,0,0,51,276,929.656862745098,10.5
20264,1.0,292,2026-02-03T00:40,SIN_DEMANDA,0,,,,,,,0,0,0,51,276,929.656862745098,10.5
20264,1.0,293,2026-02-03T00:50,SIN_DEMANDA,0,,,,,,,0,0,0,51,276,929.656862745098,10.5
20264,1.0,294,2026-02-03T01:00,SIN_DEMANDA,0,,,,,,,0,0,0,51,276,929.656862745098,10.5
20264,1.0,295,2026-02-03T01:10,COMPLETA,355.9066,996.0,996.0,28.0,102.0,1,0.125,1,0,1,52,286,914.2884615384615,10.5
20264,1.0,296,2026-02-03T01:20,SIN_DEMANDA,0,,,,,,,0,0,0,52,286,914.2884615384615,10.5
20264,1.0,297,2026-02-03T01:30,SIN_DEMANDA,0,,,,,,,0,0,0,52,286,914.2884615384615,10.5
20264,1.0,298,2026-02-03T01:40,SIN_DEMANDA,0,,,,,,,0,0,0,53,295,901.4245283018868,10.5
20264,1.0,299,2026-02-03T01:50,SIN_DEMANDA,0,,,,,,,0,0,0,53,295,901.4245283018868,10.5
20264,1.0,300,2026-02-03T02:00,SIN_DEMANDA,0,,,,,,,0,0,0,53,295,901.4245283018868,10.5
20264,1.0,301,2026-02-03T02:10,SIN_DEMANDA,0,,,,,,,0,0,0,53,295,901.4245283018868,10.5
20264,1.0,302,2026-02-03T02:20,SIN_DEMANDA,0,,,,,,,0,0,0,53,295,901.4245283018868,10.5
20264,1.0,303,2026-02-03T02:30,SIN_DEMANDA,0,,,,,,,0,0,0,53,295,901.4245283018868,10.5
20264,1.0,304,2026-02-03T02:40,SIN_DEMANDA,0,,,,,,,0,0,0,54,298,903.175925925926,10.5
20264,1.0,305,2026-02-03T02:50,COMPLETA,453.0225,1753.0,1753.0,77.0,235.5,1,0.2916666666666667,1,0,0,54,298,903.175925925926,10.5
20264,1.0,306,2026-02-03T03:00,COMPLETA,482.0312,1753.0,1753.0,77.0,235.5,1,0.2916666666666667,1,0,0,54,298,903.175925925926,10.5
20264,1.0,307,2026-02-03T03:10,COMPLETA,519.9599,1753.0,1753.0,77.0,235.5,1,0.2916666666666667,1,0,0,54,298,903.175925925926,10.5
20264,1.0,308,2026-02-03T03:20,COMPLETA,492.9086,1753.0,1753.0,77.0,235.5,1,0.2916666666666667,1,0,0,54,298,903.175925925926,10.5
20264,1.0,309,2026-02-03T03:30,COMPLETA,496.3197,1753.0,1753.0,77.0,235.5,1,0.2916666666666667,1,0,0,54,298,903.175925925926,10.5
20264,1.0,310,2026-02-03T03:40,COMPLETA,590.8873,1753.0,1753.0,77.0,235.5,1,0.2916666666666667,1,0,0,55,306,918.1727272727272,10.5
20264,1.0,311,2026-02-03T03:50,COMPLETA,516.5596,1753.0,1753.0,77.0,235.5,1,0.2916666666666667,1,0,0,55,306,918.1727272727272,10.5
20264,1.0,312,2026-02-03T04:00,COMPLETA,600.1398,1380.3333333333333,625.5,121.0,421.5,2,0.3333333333333333,3,0,1,55,306,918.1727272727272,10.5
20264,1.0,313,2026-02-03T04:10,COMPLETA,738.5745,1338.5,258.0,195.0,532.5,2,0.4791666666666667,3,0,1,55,306,918.1727272727272,10.5
20264,1.0,314,2026-02-03T04:20,COMPLETA,554.5975,1005.5,258.0,120.0,360.0,1,0.625,2,0,0,55,306,918.1727272727272,10.5
20264,1.0,315,2026-02-03T04:30,COMPLETA,605.6936,1005.5,258.0,120.0,360.0,1,0.625,2,0,0,55,306,918.1727272727272,10.5
20264,1.0,316,2026-02-03T04:40,COMPLETA,626.4029,1005.5,258.0,120.0,360.0,1,0.625,2,0,0,55,306,918.1727272727272,10.5
20264,1.0,317,2026-02-03T04:50,COMPLETA,605.2177,1005.5,258.0,120.0,360.0,1,0.625,2,0,0,55,306,918.1727272727272,10.5
20264,1.0,318,2026-02-03T05:00,COMPLETA,675.8158,699.8333333333334,140.5,230.0,645.0,2,0.5208333333333334,3,0,0,55,306,918.1727272727272,10.5
20264,1.0,319,2026-02-03T05:10,COMPLETA,682.6036,699.8333333333334,140.5,230.0,645.0,2,0.5208333333333334,3,0,0,55,306,918.1727272727272,10.5
20264,1.0,320,2026-02-03T05:20,COMPLETA,699.0235,699.8333333333334,140.5,230.0,645.0,2,0.5208333333333334,3,0,0,55,306,918.1727272727272,10.5
20264,1.0,321,2026-02-03T05:30,COMPLETA,669.4138,699.8333333333334,140.5,230.0,645.0,2,0.5208333333333334,3,0,0,56,307,912.9464285714286,10.5
20264,1.0,322,2026-02-03T05:40,COMPLETA,699.5166,699.8333333333334,140.5,230.0,645.0,2,0.5208333333333334,3,0,0,56,307,912.9464285714286,10.5
20264,1.0,323,2026-02-03T05:50,COMPLETA,673.2344,699.8333333333334,140.5,230.0,645.0,2,0.5208333333333334,3,0,0,56,307,912.9464285714286,10.5
20264,1.0,324,2026-02-03T06:00,COMPLETA,643.2166,699.8333333333334,140.5,230.0,645.0,2,0.5208333333333334,3,0,0,56,307,912.9464285714286,10.5
20264,1.0,325,2026-02-03T06:10,COMPLETA,651.2084,699.8333333333334,140.5,230.0,645.0,2,0.5208333333333334,3,0,0,56,307,912.9464285714286,10.5
20264,1.0,326,2026-02-03T06:20,COMPLETA,622.3138,699.8333333333334,140.5,230.0,645.0,2,0.5208333333333334,3,0,0,56,307,912.9464285714286,10.5
20264,1.0,327,2026-02-03T06:30,COMPLETA,640.1524,699.8333333333334,140.5,230.0,645.0,2,0.5208333333333334,3,0,0,56,307,912.9464285714286,10.5
20264,1.0,328,2026-02-03T06:40,COMPLETA,648.0658,699.8333333333334,140.5,230.0,645.0,2,0.5208333333333334,3,0,0,57,315,932.0964912280701,10.5
20264,1.0,329,2026-02-03T06:50,COMPLETA,635.426,699.8333333333334,140.5,230.0,645.0,2,0.5208333333333334,3,0,0,57,315,932.0964912280701,10.5
20264,1.0,330,2026-02-03T07:00,COMPLETA,642.4539,699.8333333333334,140.5,230.0,645.0,2,0.5208333333333334,3,0,2,57,315,932.0964912280701,10.5
20264,1.0,331,2026-02-03T07:10,COMPLETA,361.1939,2067.0,2067.0,32.0,168.0,1,0.041666666666666664,1,0,1,57,315,932.0964912280701,10.5
20264,1.0,332,2026-02-03T07:20,SIN_DEMANDA,0,,,,,,,0,0,0,57,315,932.0964912280701,10.5
20264,1.0,333,2026-02-03T07:30,SIN_DEMANDA,0,,,,,,,0,0,0,57,315,932.0964912280701,10.5
20264,1.0,334,2026-02-03T07:40,SIN_DEMANDA,0,,,,,,,0,0,0,57,315,932.0964912280701,10.5
20264,1.0,335,2026-02-03T07:50,SIN_DEMANDA,0,,,,,,,0,0,0,57,315,932.0964912280701,10.5
20264,1.0,336,2026-02-03T08:00,SIN_DEMANDA,0,,,,,,,0,0,0,57,315,932.0964912280701,10.5
20264,1.0,337,2026-02-03T08:10,COMPLETA,389.589,399.0,399.0,28.0,162.0,1,0.041666666666666664,1,0,1,57,315,932.0964912280701,10.5
20264,1.0,338,2026-02-03T08:20,SIN_DEMANDA,0,,,,,,,0,0,0,57,315,932.0964912280701,10.5
20264,1.0,339,2026-02-03T08:30,SIN_DEMANDA,0,,,,,,,0,0,0,58,322,947.3189655172414,10.5
20264,1.0,340,2026-02-03T08:40,SIN_DEMANDA,0,,,,,,,0,0,0,59,323,966.2966101694915,10.5
20264,1.0,341,2026-02-03T08:50,SIN_DEMANDA,0,,,,,,,0,0,0,59,323,966.2966101694915,10.5
20264,1.0,342,2026-02-03T09:00,SIN_DEMANDA,0,,,,,,,0,0,0,59,323,966.2966101694915,10.5
20264,1.0,343,2026-02-03T09:10,SIN_DEMANDA,0,,,,,,,0,0,0,59,323,966.2966101694915,10.5
20264,1.0,344,2026-02-03T09:20,COMPLETA,544.1026,410.75,200.5,152.0,408.0,2,0.125,2,0,1,59,323,966.2966101694915,10.5
20264,1.0,345,2026-02-03T09:30,COMPLETA,584.3813,873.75,92.5,136.0,384.0,1,0.625,2,0,0,59,323,966.2966101694915,10.5
20264,1.0,346,2026-02-03T09:40,COMPLETA,667.1576,706.6666666666666,98.5,184.0,516.0,2,0.4583333333333333,3,0,0,60,324,956.8416666666667,10.5
20264,1.0,347,2026-02-03T09:50,COMPLETA,663.7948,706.6666666666666,98.5,184.0,516.0,2,0.4583333333333333,3,0,1,60,324,956.8416666666667,10.5
20264,1.0,348,2026-02-03T10:00,COMPLETA,640.9559,873.75,92.5,136.0,384.0,1,0.625,2,0,0,60,324,956.8416666666667,10.5
20264,1.0,349,2026-02-03T10:10,COMPLETA,605.4451,873.75,92.5,136.0,384.0,1,0.625,2,0,0,60,324,956.8416666666667,10.5
20264,1.0,350,2026-02-03T10:20,COMPLETA,587.0753,873.75,92.5,136.0,384.0,1,0.625,2,0,0,60,324,956.8416666666667,10.5
20264,1.0,351,2026-02-03T10:30,COMPLETA,677.3463,1222.3333333333333,92.5,219.0,568.5,2,0.4791666666666667,3,0,0,60,324,956.8416666666667,10.5
20264,1.0,352,2026-02-03T10:40,COMPLETA,689.7902,1222.3333333333333,92.5,219.0,568.5,2,0.4791666666666667,3,0,0,61,334,943.4590163934427,10.5
20264,1.0,353,2026-02-03T10:50,COMPLETA,635.2785,1222.3333333333333,92.5,219.0,568.5,2,0.4791666666666667,3,0,0,61,334,943.4590163934427,10.5
20264,1.0,354,2026-02-03T11:00,COMPLETA,650.4595,1222.3333333333333,92.5,219.0,568.5,2,0.4791666666666667,3,0,0,62,335,938.258064516129,10.5
20264,1.0,355,2026-02-03T11:10,COMPLETA,675.5839,1222.3333333333333,92.5,219.0,568.5,2,0.4791666666666667,3,0,0,62,335,938.258064516129,10.5
20264,1.0,356,2026-02-03T11:20,COMPLETA,704.073,1222.3333333333333,92.5,219.0,568.5,2,0.4791666666666667,3,0,0,62,335,938.258064516129,10.5
20264,1.0,357,2026-02-03T11:30,COMPLETA,858.3185,1076.625,92.5,241.0,661.5,3,0.3333333333333333,4,0,1,62,335,938.258064516129,10.5
20264,1.0,358,2026-02-03T11:40,COMPLETA,686.4845,1222.3333333333333,92.5,219.0,568.5,2,0.4791666666666667,3,0,0,63,342,929.0873015873016,10.5
20264,1.0,359,2026-02-03T11:50,COMPLETA,823.3883,1162.0,92.5,267.0,700.5,3,0.375,4,0,1,63,342,929.0873015873016,10.5
20264,1.0,360,2026-02-03T12:00,COMPLETA,750.3594,1222.3333333333333,92.5,219.0,568.5,2,0.4791666666666667,3,0,0,63,342,929.0873015873016,10.5
20264,1.0,361,2026-02-03T12:10,COMPLETA,890.5796,1379.0,92.5,298.0,807.0,3,0.3888888888888889,4,0,1,63,342,929.0873015873016,10.5
20264,1.0,362,2026-02-03T12:20,COMPLETA,779.0161,1172.0,92.5,258.0,687.0,2,0.4166666666666667,3,0,0,63,342,929.0873015873016,10.5
20264,1.0,363,2026-02-03T12:30,COMPLETA,820.0564,1172.0,92.5,258.0,687.0,2,0.4166666666666667,3,0,0,63,342,929.0873015873016,10.5
20264,1.0,364,2026-02-03T12:40,COMPLETA,755.3246,1172.0,92.5,258.0,687.0,2,0.4166666666666667,3,0,0,63,342,929.0873015873016,10.5
20264,1.0,365,2026-02-03T12:50,COMPLETA,812.0698,1172.0,92.5,258.0,687.0,2,0.4166666666666667,3,0,0,64,343,924.5625,10.5
20264,1.0,366,2026-02-03T13:00,COMPLETA,895.502,1126.75,92.5,294.0,801.0,3,0.3055555555555556,4,0,1,64,343,924.5625,10.5
20264,1.0,367,2026-02-03T13:10,COMPLETA,787.2477,1172.0,92.5,258.0,687.0,2,0.4166666666666667,3,0,0,64,343,924.5625,10.5
20264,1.0,368,2026-02-03T13:20,COMPLETA,779.0966,1172.0,92.5,258.0,687.0,2,0.4166666666666667,3,0,0,64,343,924.5625,10.5
20264,1.0,369,2026-02-03T13:30,COMPLETA,835.4017,1172.0,92.5,258.0,687.0,2,0.4166666666666667,3,0,0,65,347,925.4307692307692,10.5
20264,1.0,370,2026-02-03T13:40,COMPLETA,741.5573,1172.0,92.5,258.0,687.0,2,0.4166666666666667,3,0,0,65,347,925.4307692307692,10.5
20264,1.0,371,2026-02-03T13:50,COMPLETA,809.4944,1172.0,92.5,258.0,687.0,2,0.4166666666666667,3,0,0,66,355,913.5909090909091,10.5
20264,1.0,372,2026-02-03T14:00,COMPLETA,961.9593,960.875,92.5,296.0,864.0,3,0.3333333333333333,4,0,0,66,355,913.5909090909091,10.5
20264,1.0,373,2026-02-03T14:10,COMPLETA,953.8968,960.875,92.5,296.0,864.0,3,0.3333333333333333,4,0,0,66,355,913.5909090909091,10.5
20264,1.0,374,2026-02-03T14:20,COMPLETA,935.6595,960.875,92.5,296.0,864.0,3,0.3333333333333333,4,0,0,66,355,913.5909090909091,10.5
20264,1.0,375,2026-02-03T14:30,COMPLETA,885.5803,960.875,92.5,296.0,864.0,3,0.3333333333333333,4,0,0,68,365,929.5220588235294,10.5
20264,1.0,376,2026-02-03T14:40,COMPLETA,868.2838,960.875,92.5,296.0,864.0,3,0.3333333333333333,4,0,0,68,365,929.5220588235294,10.5
20264,1.0,377,2026-02-03T14:50,COMPLETA,993.3857,960.875,92.5,296.0,864.0,3,0.3333333333333333,4,0,0,68,365,929.5220588235294,10.5
20264,1.0,378,2026-02-03T15:00,COMPLETA,916.7893,960.875,92.5,296.0,864.0,3,0.3333333333333333,4,0,2,68,365,929.5220588235294,10.5
20264,1.0,379,2026-02-03T15:10,COMPLETA,531.5562,1310.5,1310.5,118.0,297.0,1,0.20833333333333334,1,0,0,68,365,929.5220588235294,10.5
20264,1.0,380,2026-02-03T15:20,COMPLETA,542.1325,681.0,111.5,118.0,357.0,1,0.5833333333333334,2,0,0,68,365,929.5220588235294,10.5
20264,1.0,381,2026-02-03T15:30,COMPLETA,692.6466,1145.1666666666667,111.5,152.0,528.0,2,0.375,3,0,1,68,365,929.5220588235294,10.5
20264,1.0,382,2026-02-03T15:40,COMPLETA,697.0261,545.8333333333334,111.5,220.0,642.0,2,0.4583333333333333,3,0,1,68,365,929.5220588235294,10.5
20264,1.0,383,2026-02-03T15:50,COMPLETA,619.6242,681.0,111.5,118.0,357.0,1,0.5833333333333334,2,0,0,68,365,929.5220588235294,10.5
20264,1.0,384,2026-02-03T16:00,COMPLETA,637.6826,681.0,111.5,118.0,357.0,1,0.5833333333333334,2,0,0,68,365,929.5220588235294,10.5
20264,1.0,385,2026-02-03T16:10,COMPLETA,587.68,681.0,111.5,118.0,357.0,1,0.5833333333333334,2,0,0,68,365,929.5220588235294,10.5
20264,1.0,386,2026-02-03T16:20,COMPLETA,639.9362,681.0,111.5,118.0,357.0,1,0.5833333333333334,2,0,0,68,365,929.5220588235294,10.5
20264,1.0,387,2026-02-03T16:30,COMPLETA,670.208,1138.8333333333333,111.5,158.0,537.0,2,0.3333333333333333,3,0,1,69,369,920.7971014492754,10.5
20264,1.0,388,2026-02-03T16:40,COMPLETA,618.8404,681.0,111.5,118.0,357.0,1,0.5833333333333334,2,0,0,69,369,920.7971014492754,10.5
20264,1.0,389,2026-02-03T16:50,COMPLETA,581.4965,681.0,111.5,118.0,357.0,1,0.5833333333333334,2,0,0,69,369,920.7971014492754,10.5
20264,1.0,390,2026-02-03T17:00,COMPLETA,604.5303,681.0,111.5,118.0,357.0,1,0.5833333333333334,2,0,0,70,373,937.2642857142857,10.5
20264,1.0,391,2026-02-03T17:10,COMPLETA,607.3486,681.0,111.5,118.0,357.0,1,0.5833333333333334,2,0,0,70,373,937.2642857142857,10.5
20264,1.0,392,2026-02-03T17:20,COMPLETA,595.925,681.0,111.5,118.0,357.0,1,0.5833333333333334,2,0,0,70,373,937.2642857142857,10.5
20264,1.0,393,2026-02-03T17:30,COMPLETA,632.5499,545.1666666666666,141.5,138.0,507.0,2,0.4583333333333333,3,0,0,70,373,937.2642857142857,10.5
20264,1.0,394,2026-02-03T17:40,COMPLETA,637.0477,545.1666666666666,141.5,138.0,507.0,2,0.4583333333333333,3,0,0,70,373,937.2642857142857,10.5
20264,1.0,395,2026-02-03T17:50,COMPLETA,683.5024,849.125,141.5,204.0,726.0,3,0.375,4,0,0,71,383,947.3732394366198,10.5
20264,1.0,396,2026-02-03T18:00,COMPLETA,697.9009,849.125,141.5,204.0,726.0,3,0.375,4,0,0,71,383,947.3732394366198,10.5
20264,1.0,397,2026-02-03T18:10,COMPLETA,750.0296,849.125,141.5,204.0,726.0,3,0.375,4,0,0,72,385,962.75,10.5
20264,1.0,398,2026-02-03T18:20,COMPLETA,695.2016,849.125,141.5,204.0,726.0,3,0.375,4,0,0,72,385,962.75,10.5
20264,1.0,399,2026-02-03T18:30,COMPLETA,761.7402,849.125,141.5,204.0,726.0,3,0.375,4,0,0,72,385,962.75,10.5
20264,1.0,400,2026-02-03T18:40,COMPLETA,726.4058,849.125,141.5,204.0,726.0,3,0.375,4,0,0,72,385,962.75,10.5
20264,1.0,401,2026-02-03T18:50,COMPLETA,789.4687,849.125,141.5,204.0,726.0,3,0.375,4,0,0,72,385,962.75,10.5
20264,1.0,402,2026-02-03T19:00,COMPLETA,740.0784,706.0,133.5,254.0,861.0,4,0.3020833333333333,5,0,1,73,393,953.3356164383562,10.5
20264,1.0,403,2026-02-03T19:10,COMPLETA,719.6632,849.125,141.5,206.0,669.0,3,0.375,4,0,0,73,393,953.3356164383562,10.5
20264,1.0,404,2026-02-03T19:20,COMPLETA,641.6968,849.125,141.5,206.0,669.0,3,0.375,4,0,0,73,393,953.3356164383562,10.5
20264,1.0,405,2026-02-03T19:30,COMPLETA,635.9832,849.125,141.5,206.0,669.0,3,0.375,4,0,1,73,393,953.3356164383562,10.5
20264,1.0,406,2026-02-03T19:40,COMPLETA,630.6976,946.1666666666666,111.5,166.0,489.0,1,0.7916666666666666,3,0,0,73,393,953.3356164383562,10.5
20264,1.0,407,2026-02-03T19:50,COMPLETA,664.1477,946.1666666666666,111.5,166.0,489.0,1,0.7916666666666666,3,0,0,74,398,941.7027027027027,10.5
20264,1.0,408,2026-02-03T20:00,COMPLETA,688.5916,946.1666666666666,111.5,166.0,489.0,1,0.7916666666666666,3,0,0,74,398,941.7027027027027,10.5
20264,1.0,409,2026-02-03T20:10,COMPLETA,849.156,946.1666666666666,111.5,166.0,489.0,1,0.7916666666666666,3,0,0,74,398,941.7027027027027,10.5
20264,1.0,410,2026-02-03T20:20,COMPLETA,736.7106,946.1666666666666,111.5,166.0,489.0,1,0.7916666666666666,3,0,0,74,398,941.7027027027027,10.5
20264,1.0,411,2026-02-03T20:30,COMPLETA,660.3626,946.1666666666666,111.5,166.0,489.0,1,0.7916666666666666,3,0,0,74,398,941.7027027027027,10.5
20264,1.0,412,2026-02-03T20:40,COMPLETA,651.9896,958.75,111.5,196.0,594.0,2,0.4791666666666667,4,0,1,75,400,930.9266666666666,10.5
20264,1.0,413,2026-02-03T20:50,COMPLETA,592.2413,946.1666666666666,111.5,166.0,489.0,1,0.7916666666666666,3,0,0,75,400,930.9266666666666,10.5
20264,1.0,414,2026-02-03T21:00,COMPLETA,620.2994,946.1666666666666,111.5,166.0,489.0,1,0.7916666666666666,3,0,0,75,400,930.9266666666666,10.5
20264,1.0,415,2026-02-03T21:10,COMPLETA,659.1792,946.1666666666666,111.5,166.0,489.0,1,0.7916666666666666,3,0,0,76,408,922.1513157894736,10.5
20264,1.0,416,2026-02-03T21:20,COMPLETA,700.5949,946.1666666666666,111.5,166.0,489.0,1,0.7916666666666666,3,0,0,76,408,922.1513157894736,10.5
20264,1.0,417,2026-02-03T21:30,COMPLETA,587.895,946.1666666666666,111.5,166.0,489.0,1,0.7916666666666666,3,0,0,76,408,922.1513157894736,10.5
20264,1.0,418,2026-02-03T21:40,COMPLETA,645.1983,946.1666666666666,111.5,166.0,489.0,1,0.7916666666666666,3,0,0,76,408,922.1513157894736,10.5
20264,1.0,419,2026-02-03T21:50,COMPLETA,718.0962,1189.125,111.5,263.0,754.5,2,0.5625,4,0,0,76,408,922.1513157894736,10.5
20264,1.0,420,2026-02-03T22:00,COMPLETA,870.5415,1308.1,111.5,312.0,888.0,2,0.6875,5,0,0,76,408,922.1513157894736,10.5
20264,1.0,421,2026-02-03T22:10,COMPLETA,744.916,1308.1,111.5,312.0,888.0,2,0.6875,5,0,0,77,412,923.1168831168832,10.5
20264,1.0,422,2026-02-03T22:20,COMPLETA,796.7331,1308.1,111.5,312.0,888.0,2,0.6875,5,0,0,77,412,923.1168831168832,10.5
20264,1.0,423,2026-02-03T22:30,COMPLETA,948.7463,1430.0833333333333,111.5,344.0,1056.0,3,0.5138888888888888,6,0,0,77,412,923.1168831168832,10.5
20264,1.0,424,2026-02-03T22:40,COMPLETA,973.9908,1430.0833333333333,111.5,344.0,1056.0,3,0.5138888888888888,6,0,0,77,412,923.1168831168832,10.5
20264,1.0,425,2026-02-03T22:50,COMPLETA,960.2636,1430.0833333333333,111.5,344.0,1056.0,3,0.5138888888888888,6,0,0,77,412,923.1168831168832,10.5
20264,1.0,426,2026-02-03T23:00,COMPLETA,1145.675,1279.9285714285713,111.5,385.0,1237.5,4,0.3958333333333333,7,0,4,77,412,923.1168831168832,10.5
20264,1.0,427,2026-02-03T23:10,SIN_DEMANDA,0,,,,,,,0,0,0,77,412,923.1168831168832,10.5
20264,1.0,428,2026-02-03T23:20,SIN_DEMANDA,0,,,,,,,0,0,0,77,412,923.1168831168832,10.5
20264,1.0,429,2026-02-03T23:30,SIN_DEMANDA,0,,,,,,,0,0,0,77,412,923.1168831168832,10.5
20264,1.0,430,2026-02-03T23:40,SIN_DEMANDA,0,,,,,,,0,0,0,77,412,923.1168831168832,10.5
20264,1.0,431,2026-02-03T23:50,SIN_DEMANDA,0,,,,,,,0,0,0,77,412,923.1168831168832,10.5
20264,1.0,432,2026-02-04T00:00,COMPLETA,476.7578,304.0,304.0,96.0,264.0,1,0.3333333333333333,1,0,1,77,412,923.1168831168832,10.5
20264,1.0,433,2026-02-04T00:10,SIN_DEMANDA,0,,,,,,,0,0,0,77,412,923.1168831168832,10.5
20264,1.0,434,2026-02-04T00:20,SIN_DEMANDA,0,,,,,,,0,0,0,77,412,923.1168831168832,10.5
20264,1.0,435,2026-02-04T00:30,SIN_DEMANDA,0,,,,,,,0,0,0,78,413,916.275641025641,10.5
20264,1.0,436,2026-02-04T00:40,SIN_DEMANDA,0,,,,,,,0,0,0,79,417,930.367088607595,10.5
20264,1.0,437,2026-02-04T00:50,SIN_DEMANDA,0,,,,,,,0,0,0,79,417,930.367088607595,10.5
20264,1.0,438,2026-02-04T01:00,SIN_DEMANDA,0,,,,,,,0,0,0,79,417,930.367088607595,10.5
20264,1.0,439,2026-02-04T01:10,SIN_DEMANDA,0,,,,,,,0,0,0,79,417,930.367088607595,10.5
20264,1.0,440,2026-02-04T01:20,SIN_DEMANDA,0,,,,,,,0,0,0,79,417,930.367088607595,10.5
20264,1.0,441,2026-02-04T01:30,COMPLETA,576.5645,354.25,72.0,34.0,231.0,2,0.25,2,0,1,80,426,920.13125,10.5
20264,1.0,442,2026-02-04T01:40,COMPLETA,468.1947,72.0,72.0,12.0,138.0,1,0.4166666666666667,1,0,0,80,426,920.13125,10.5
20264,1.0,443,2026-02-04T01:50,COMPLETA,450.3533,227.75,72.0,50.0,255.0,2,0.25,2,0,1,81,434,932.4506172839506,10.5
20264,1.0,444,2026-02-04T02:00,COMPLETA,474.1262,72.0,72.0,12.0,138.0,1,0.4166666666666667,1,0,0,81,434,932.4506172839506,10.5
20264,1.0,445,2026-02-04T02:10,COMPLETA,486.195,72.0,72.0,12.0,138.0,1,0.4166666666666667,1,0,0,81,434,932.4506172839506,10.5
20264,1.0,446,2026-02-04T02:20,COMPLETA,483.7856,72.0,72.0,12.0,138.0,1,0.4166666666666667,1,0,0,81,434,932.4506172839506,10.5
20264,1.0,447,2026-02-04T02:30,COMPLETA,429.301,72.0,72.0,12.0,138.0,1,0.4166666666666667,1,0,0,81,434,932.4506172839506,10.5
20264,1.0,448,2026-02-04T02:40,COMPLETA,552.1488,46.25,20.5,51.0,256.5,1,0.7083333333333334,2,0,0,81,434,932.4506172839506,10.5
20264,1.0,449,2026-02-04T02:50,COMPLETA,476.0562,46.25,20.5,51.0,256.5,1,0.7083333333333334,2,0,0,82,436,928.8414634146342,10.5
20264,1.0,450,2026-02-04T03:00,COMPLETA,483.6396,46.25,20.5,51.0,256.5,1,0.7083333333333334,2,0,0,83,444,921.3132530120482,10.5
20264,1.0,451,2026-02-04T03:10,COMPLETA,482.3184,46.25,20.5,51.0,256.5,1,0.7083333333333334,2,0,0,84,449,929.4940476190476,10.5
20264,1.0,452,2026-02-04T03:20,COMPLETA,460.4694,719.0,20.5,93.0,379.5,2,0.4166666666666667,3,0,1,85,451,923.0705882352942,10.5
20264,1.0,453,2026-02-04T03:30,COMPLETA,488.941,46.25,20.5,51.0,256.5,1,0.7083333333333334,2,0,0,85,451,923.0705882352942,10.5
20264,1.0,454,2026-02-04T03:40,COMPLETA,496.2933,46.25,20.5,51.0,256.5,1,0.7083333333333334,2,0,0,85,451,923.0705882352942,10.5
20264,1.0,455,2026-02-04T03:50,COMPLETA,540.4205,46.25,20.5,51.0,256.5,1,0.7083333333333334,2,0,0,85,451,923.0705882352942,10.5
20264,1.0,456,2026-02-04T04:00,COMPLETA,439.7886,46.25,20.5,51.0,256.5,1,0.7083333333333334,2,0,0,85,451,923.0705882352942,10.5
20264,1.0,457,2026-02-04T04:10,COMPLETA,497.3923,46.25,20.5,51.0,256.5,1,0.7083333333333334,2,0,0,85,451,923.0705882352942,10.5
20264,1.0,458,2026-02-04T04:20,COMPLETA,616.0642,46.25,20.5,51.0,256.5,1,0.7083333333333334,2,0,0,86,457,933.0813953488372,10.5
20264,1.0,459,2026-02-04T04:30,COMPLETA,682.7902,659.5,71.5,103.0,454.5,2,0.4791666666666667,3,0,0,86,457,933.0813953488372,10.5
20264,1.0,460,2026-02-04T04:40,COMPLETA,591.5162,659.5,71.5,103.0,454.5,2,0.4791666666666667,3,0,0,86,457,933.0813953488372,10.5
20264,1.0,461,2026-02-04T04:50,COMPLETA,680.8745,659.5,71.5,103.0,454.5,2,0.4791666666666667,3,0,0,86,457,933.0813953488372,10.5
20264,1.0,462,2026-02-04T05:00,COMPLETA,590.3034,659.5,71.5,103.0,454.5,2,0.4791666666666667,3,0,0,87,460,946.0862068965517,10.5
20264,1.0,463,2026-02-04T05:10,COMPLETA,556.8083,659.5,71.5,103.0,454.5,2,0.4791666666666667,3,0,0,87,460,946.0862068965517,10.5
20264,1.0,464,2026-02-04T05:20,COMPLETA,656.7812,659.5,71.5,103.0,454.5,2,0.4791666666666667,3,0,0,87,460,946.0862068965517,10.5
20264,1.0,465,2026-02-04T05:30,COMPLETA,682.3422,659.5,71.5,103.0,454.5,2,0.4791666666666667,3,0,0,88,465,948.0454545454545,10.5
20264,1.0,466,2026-02-04T05:40,COMPLETA,613.6547,659.5,71.5,103.0,454.5,2,0.4791666666666667,3,0,0,88,465,948.0454545454545,10.5
20264,1.0,467,2026-02-04T05:50,COMPLETA,601.0784,659.5,71.5,103.0,454.5,2,0.4791666666666667,3,0,0,88,465,948.0454545454545,10.5
20264,1.0,468,2026-02-04T06:00,COMPLETA,674.6208,659.5,71.5,103.0,454.5,2,0.4791666666666667,3,0,0,88,465,948.0454545454545,10.5
20264,1.0,469,2026-02-04T06:10,COMPLETA,691.6694,980.0,71.5,189.0,703.5,3,0.4166666666666667,4,0,0,88,465,948.0454545454545,10.5
20264,1.0,470,2026-02-04T06:20,COMPLETA,658.91,980.0,71.5,189.0,703.5,3,0.4166666666666667,4,0,0,88,465,948.0454545454545,10.5
20264,1.0,471,2026-02-04T06:30,COMPLETA,816.9918,975.9,71.5,227.0,880.5,4,0.34375,5,0,0,88,465,948.0454545454545,10.5
20264,1.0,472,2026-02-04T06:40,COMPLETA,717.0408,975.9,71.5,227.0,880.5,4,0.34375,5,0,0,88,465,948.0454545454545,10.5
20264,1.0,473,2026-02-04T06:50,COMPLETA,723.7662,975.9,71.5,227.0,880.5,4,0.34375,5,0,0,88,465,948.0454545454545,10.5
20264,1.0,474,2026-02-04T07:00,COMPLETA,770.4769,975.9,71.5,227.0,880.5,4,0.34375,5,0,4,88,465,948.0454545454545,10.5
20264,1.0,475,2026-02-04T07:10,SIN_DEMANDA,0,,,,,,,0,0,0,88,465,948.0454545454545,10.5
20264,1.0,476,2026-02-04T07:20,SIN_DEMANDA,0,,,,,,,0,0,0,88,465,948.0454545454545,10.5
20264,1.0,477,2026-02-04T07:30,SIN_DEMANDA,0,,,,,,,0,0,0,88,465,948.0454545454545,10.5
20264,1.0,478,2026-02-04T07:40,COMPLETA,572.5872,341.5,341.5,94.0,261.0,1,0.375,1,0,0,88,465,948.0454545454545,10.5
20264,1.0,479,2026-02-04T07:50,COMPLETA,562.964,341.5,341.5,94.0,261.0,1,0.375,1,0,0,88,465,948.0454545454545,10.5
20264,1.0,480,2026-02-04T08:00,COMPLETA,657.5297,341.5,341.5,94.0,261.0,1,0.375,1,0,0,88,465,948.0454545454545,10.5
20264,1.0,481,2026-02-04T08:10,COMPLETA,660.9707,341.5,341.5,94.0,261.0,1,0.375,1,0,0,88,465,948.0454545454545,10.5
20264,1.0,482,2026-02-04T08:20,COMPLETA,601.0404,210.0,78.5,242.0,603.0,2,0.3333333333333333,2,0,0,89,475,938.2022471910112,10.5
20264,1.0,483,2026-02-04T08:30,COMPLETA,763.3942,210.0,78.5,242.0,603.0,2,0.3333333333333333,2,0,0,90,478,938.4388888888889,10.5
20264,1.0,484,2026-02-04T08:40,COMPLETA,642.0287,210.0,78.5,242.0,603.0,2,0.3333333333333333,2,0,0,90,478,938.4388888888889,10.5
20264,1.0,485,2026-02-04T08:50,COMPLETA,732.9604,210.0,78.5,242.0,603.0,2,0.3333333333333333,2,0,0,90,478,938.4388888888889,10.5
20264,1.0,486,2026-02-04T09:00,COMPLETA,689.0056,210.0,78.5,242.0,603.0,2,0.3333333333333333,2,0,0,90,478,938.4388888888889,10.5
20264,1.0,487,2026-02-04T09:10,COMPLETA,726.2093,800.6666666666666,78.5,280.0,780.0,3,0.3055555555555556,3,0,0,90,478,938.4388888888889,10.5
20264,1.0,488,2026-02-04T09:20,COMPLETA,812.7099,800.6666666666666,78.5,280.0,780.0,3,0.3055555555555556,3,0,0,91,485,928.9120879120879,10.5
20264,1.0,489,2026-02-04T09:30,COMPLETA,821.683,800.6666666666666,78.5,280.0,780.0,3,0.3055555555555556,3,0,0,91,485,928.9120879120879,10.5
20264,1.0,490,2026-02-04T09:40,COMPLETA,677.816,800.6666666666666,78.5,280.0,780.0,3,0.3055555555555556,3,0,0,91,485,928.9120879120879,10.5
20264,1.0,491,2026-02-04T09:50,COMPLETA,799.0669,800.6666666666666,78.5,280.0,780.0,3,0.3055555555555556,3,0,0,93,498,949.5430107526881,10.5
20264,1.0,492,2026-02-04T10:00,COMPLETA,851.4138,800.6666666666666,78.5,280.0,780.0,3,0.3055555555555556,3,0,0,93,498,949.5430107526881,10.5
20264,1.0,493,2026-02-04T10:10,COMPLETA,709.2651,800.6666666666666,78.5,280.0,780.0,3,0.3055555555555556,3,0,0,93,498,949.5430107526881,10.5
20264,1.0,494,2026-02-04T10:20,COMPLETA,769.5274,800.6666666666666,78.5,280.0,720.0,3,0.3055555555555556,3,0,0,93,498,949.5430107526881,10.5
20264,1.0,495,2026-02-04T10:30,COMPLETA,728.4629,800.6666666666666,78.5,280.0,720.0,3,0.3055555555555556,3,0,1,93,498,949.5430107526881,10.5
20264,1.0,496,2026-02-04T10:40,COMPLETA,735.4084,210.0,78.5,242.0,603.0,2,0.3333333333333333,2,0,0,93,498,949.5430107526881,10.5
20264,1.0,497,2026-02-04T10:50,COMPLETA,619.8303,210.0,78.5,242.0,543.0,2,0.3333333333333333,2,0,0,93,498,949.5430107526881,10.5
20264,1.0,498,2026-02-04T11:00,COMPLETA,699.9951,210.0,78.5,242.0,543.0,2,0.3333333333333333,2,0,1,93,498,949.5430107526881,10.5
20264,1.0,499,2026-02-04T11:10,COMPLETA,525.009,78.5,78.5,148.0,342.0,1,0.2916666666666667,1,0,0,93,498,949.5430107526881,10.5
20264,1.0,500,2026-02-04T11:20,COMPLETA,619.122,78.5,78.5,148.0,342.0,1,0.2916666666666667,1,0,0,93,498,949.5430107526881,10.5
20264,1.0,501,2026-02-04T11:30,COMPLETA,635.8145,78.5,78.5,148.0,342.0,1,0.2916666666666667,1,0,0,93,498,949.5430107526881,10.5
20264,1.0,502,2026-02-04T11:40,COMPLETA,620.2654,78.5,78.5,148.0,342.0,1,0.2916666666666667,1,0,0,93,498,949.5430107526881,10.5
20264,1.0,503,2026-02-04T11:50,COMPLETA,589.8339,78.5,78.5,148.0,342.0,1,0.2916666666666667,1,0,0,93,498,949.5430107526881,10.5
20264,1.0,504,2026-02-04T12:00,COMPLETA,658.2639,78.5,78.5,148.0,342.0,1,0.2916666666666667,1,0,0,93,498,949.5430107526881,10.5
20264,1.0,505,2026-02-04T12:10,COMPLETA,704.5234,78.5,78.5,148.0,342.0,1,0.2916666666666667,1,0,0,94,504,960.5265957446809,10.5
20264,1.0,506,2026-02-04T12:20,COMPLETA,711.725,78.5,78.5,148.0,342.0,1,0.2916666666666667,1,0,0,94,504,960.5265957446809,10.5
20264,1.0,507,2026-02-04T12:30,COMPLETA,651.7917,78.5,78.5,148.0,342.0,1,0.2916666666666667,1,0,0,94,504,960.5265957446809,10.5
20264,1.0,508,2026-02-04T12:40,COMPLETA,746.3253,927.0,18.5,148.0,402.0,1,0.5,2,0,0,94,504,960.5265957446809,10.5
20264,1.0,509,2026-02-04T12:50,COMPLETA,721.5085,927.0,18.5,148.0,402.0,1,0.5,2,0,0,94,504,960.5265957446809,10.5
20264,1.0,510,2026-02-04T13:00,COMPLETA,724.4314,927.0,18.5,148.0,402.0,1,0.5,2,0,0,94,504,960.5265957446809,10.5
20264,1.0,511,2026-02-04T13:10,COMPLETA,692.0634,927.0,18.5,148.0,402.0,1,0.5,2,0,0,94,504,960.5265957446809,10.5
20264,1.0,512,2026-02-04T13:20,COMPLETA,687.3138,927.0,18.5,148.0,402.0,1,0.5,2,0,0,94,504,960.5265957446809,10.5
20264,1.0,513,2026-02-04T13:30,COMPLETA,836.7276,1277.1666666666667,18.5,190.0,585.0,2,0.2708333333333333,3,0,0,94,504,960.5265957446809,10.5
20264,1.0,514,2026-02-04T13:40,COMPLETA,742.4828,1277.1666666666667,18.5,190.0,585.0,2,0.2708333333333333,3,0,0,94,504,960.5265957446809,10.5
20264,1.0,515,2026-02-04T13:50,COMPLETA,726.3844,1277.1666666666667,18.5,190.0,585.0,2,0.2708333333333333,3,0,0,94,504,960.5265957446809,10.5
20264,1.0,516,2026-02-04T14:00,COMPLETA,916.1599,1277.1666666666667,18.5,190.0,585.0,2,0.2708333333333333,3,0,0,95,513,954.0105263157894,10.5
20264,1.0,517,2026-02-04T14:10,COMPLETA,824.7384,1086.375,18.5,263.0,814.5,3,0.2638888888888889,4,0,0,95,513,954.0105263157894,10.5
20264,1.0,518,2026-02-04T14:20,COMPLETA,739.5887,1086.375,18.5,263.0,814.5,3,0.2638888888888889,4,0,0,95,513,954.0105263157894,10.5
20264,1.0,519,2026-02-04T14:30,COMPLETA,859.676,1086.375,18.5,263.0,814.5,3,0.2638888888888889,4,0,0,95,513,954.0105263157894,10.5
20264,1.0,520,2026-02-04T14:40,COMPLETA,873.799,1086.375,18.5,263.0,814.5,3,0.2638888888888889,4,0,0,95,513,954.0105263157894,10.5
20264,1.0,521,2026-02-04T14:50,COMPLETA,837.6169,1086.375,18.5,263.0,814.5,3,0.2638888888888889,4,0,0,95,513,954.0105263157894,10.5
20264,1.0,522,2026-02-04T15:00,COMPLETA,864.6782,1086.375,18.5,263.0,814.5,3,0.2638888888888889,4,0,3,95,513,954.0105263157894,10.5
20264,1.0,523,2026-02-04T15:10,SIN_DEMANDA,0,,,,,,,0,0,0,95,513,954.0105263157894,10.5
20264,1.0,524,2026-02-04T15:20,SIN_DEMANDA,0,,,,,,,0,0,0,95,513,954.0105263157894,10.5
20264,1.0,525,2026-02-04T15:30,SIN_DEMANDA,0,,,,,,,0,0,0,95,513,954.0105263157894,10.5
20264,1.0,526,2026-02-04T15:40,SIN_DEMANDA,0,,,,,,,0,0,0,95,513,954.0105263157894,10.5
20264,1.0,527,2026-02-04T15:50,SIN_DEMANDA,0,,,,,,,0,0,0,95,513,954.0105263157894,10.5
20264,1.0,528,2026-02-04T16:00,SIN_DEMANDA,0,,,,,,,0,0,0,95,513,954.0105263157894,10.5
20264,1.0,529,2026-02-04T16:10,COMPLETA,450.6976,2090.5,2090.5,10.0,135.0,1,0.125,1,0,1,95,513,954.0105263157894,10.5
20264,1.0,530,2026-02-04T16:20,SIN_DEMANDA,0,,,,,,,0,0,0,95,513,954.0105263157894,10.5
20264,1.0,531,2026-02-04T16:30,SIN_DEMANDA,0,,,,,,,0,0,0,95,513,954.0105263157894,10.5
20264,1.0,532,2026-02-04T16:40,COMPLETA,579.2231,390.5,390.5,30.0,165.0,1,0.16666666666666666,1,0,1,96,514,964.671875,10.5
20264,1.0,533,2026-02-04T16:50,SIN_DEMANDA,0,,,,,,,0,0,0,96,514,964.671875,10.5
20264,1.0,534,2026-02-04T17:00,SIN_DEMANDA,0,,,,,,,0,0,0,96,514,964.671875,10.5
20264,1.0,535,2026-02-04T17:10,SIN_DEMANDA,0,,,,,,,0,0,0,96,514,964.671875,10.5
20264,1.0,536,2026-02-04T17:20,SIN_DEMANDA,0,,,,,,,0,0,0,97,517,976.2783505154639,10.5
20264,1.0,537,2026-02-04T17:30,COMPLETA,499.2651,2072.5,2072.5,34.0,111.0,1,0.041666666666666664,1,0,1,98,523,971.5612244897959,10.5
20264,1.0,538,2026-02-04T17:40,SIN_DEMANDA,0,,,,,,,0,0,0,98,523,971.5612244897959,10.5
20264,1.0,539,2026-02-04T17:50,SIN_DEMANDA,0,,,,,,,0,0,0,98,523,971.5612244897959,10.5
20264,1.0,540,2026-02-04T18:00,SIN_DEMANDA,0,,,,,,,0,0,0,98,523,971.5612244897959,10.5
20264,1.0,541,2026-02-04T18:10,COMPLETA,763.6563,1149.75,625.0,154.0,411.0,2,0.14583333333333334,2,0,1,100,532,974.39,10.5
20264,1.0,542,2026-02-04T18:20,COMPLETA,677.861,1674.5,1674.5,118.0,297.0,1,0.20833333333333334,1,0,0,100,532,974.39,10.5
20264,1.0,543,2026-02-04T18:30,COMPLETA,670.0464,1674.5,1674.5,118.0,297.0,1,0.20833333333333334,1,0,0,100,532,974.39,10.5
20264,1.0,544,2026-02-04T18:40,COMPLETA,739.362,891.5,108.5,161.0,481.5,2,0.20833333333333334,2,0,0,100,532,974.39,10.5
20264,1.0,545,2026-02-04T18:50,COMPLETA,783.6833,891.5,108.5,161.0,481.5,2,0.20833333333333334,2,0,0,100,532,974.39,10.5
20264,1.0,546,2026-02-04T19:00,COMPLETA,744.3742,891.5,108.5,161.0,481.5,2,0.20833333333333334,2,0,0,101,533,985.2623762376238,10.5
20264,1.0,547,2026-02-04T19:10,COMPLETA,669.0434,891.5,108.5,161.0,481.5,2,0.20833333333333334,2,0,0,101,533,985.2623762376238,10.5
20264,1.0,548,2026-02-04T19:20,COMPLETA,804.0485,891.5,108.5,161.0,481.5,2,0.20833333333333334,2,0,0,101,533,985.2623762376238,10.5
20264,1.0,549,2026-02-04T19:30,COMPLETA,701.7886,891.5,108.5,161.0,481.5,2,0.20833333333333334,2,0,0,101,533,985.2623762376238,10.5
20264,1.0,550,2026-02-04T19:40,COMPLETA,918.1859,1480.625,108.5,219.0,688.5,4,0.13541666666666666,4,0,2,102,535,981.7303921568628,10.5
20264,1.0,551,2026-02-04T19:50,COMPLETA,769.8231,891.5,108.5,161.0,481.5,2,0.20833333333333334,2,0,0,102,535,981.7303921568628,10.5
20264,1.0,552,2026-02-04T20:00,COMPLETA,660.9031,891.5,108.5,161.0,481.5,2,0.20833333333333334,2,0,0,103,542,972.3786407766991,10.5
20264,1.0,553,2026-02-04T20:10,COMPLETA,785.5119,891.5,108.5,161.0,481.5,2,0.20833333333333334,2,0,0,103,542,972.3786407766991,10.5
20264,1.0,554,2026-02-04T20:20,COMPLETA,686.0563,701.25,50.0,328.0,852.0,4,0.3020833333333333,4,0,2,103,542,972.3786407766991,10.5
20264,1.0,555,2026-02-04T20:30,COMPLETA,665.0974,588.0,43.5,212.0,618.0,3,0.2361111111111111,3,0,0,103,542,972.3786407766991,10.5
20264,1.0,556,2026-02-04T20:40,COMPLETA,765.1014,470.875,31.5,322.0,903.0,4,0.28125,4,0,0,103,542,972.3786407766991,10.5
20264,1.0,557,2026-02-04T20:50,COMPLETA,849.2223,470.875,31.5,322.0,903.0,4,0.28125,4,0,1,104,544,983.0721153846154,10.5
20264,1.0,558,2026-02-04T21:00,COMPLETA,615.933,302.3333333333333,31.5,300.0,810.0,3,0.3333333333333333,3,0,0,104,544,983.0721153846154,10.5
20264,1.0,559,2026-02-04T21:10,COMPLETA,659.7046,302.3333333333333,31.5,300.0,810.0,3,0.3333333333333333,3,0,0,104,544,983.0721153846154,10.5
20264,1.0,560,2026-02-04T21:20,COMPLETA,691.5976,302.3333333333333,31.5,300.0,810.0,3,0.3333333333333333,3,0,0,105,545,993.2809523809524,10.5
20264,1.0,561,2026-02-04T21:30,COMPLETA,748.397,302.3333333333333,31.5,300.0,810.0,3,0.3333333333333333,3,0,0,105,545,993.2809523809524,10.5
20264,1.0,562,2026-02-04T21:40,COMPLETA,802.2959,302.3333333333333,31.5,300.0,810.0,3,0.3333333333333333,3,0,0,105,545,993.2809523809524,10.5
20264,1.0,563,2026-02-04T21:50,COMPLETA,645.6812,302.3333333333333,31.5,300.0,810.0,3,0.3333333333333333,3,0,0,105,545,993.2809523809524,10.5
20264,1.0,564,2026-02-04T22:00,COMPLETA,750.3801,732.5,31.5,320.0,960.0,4,0.2604166666666667,4,0,0,105,545,993.2809523809524,10.5
20264,1.0,565,2026-02-04T22:10,COMPLETA,771.1249,732.5,31.5,320.0,960.0,4,0.2604166666666667,4,0,0,105,545,993.2809523809524,10.5
20264,1.0,566,2026-02-04T22:20,COMPLETA,829.8759,732.5,31.5,320.0,960.0,4,0.2604166666666667,4,0,0,106,548,993.122641509434,10.5
20264,1.0,567,2026-02-04T22:30,COMPLETA,893.2244,952.5,31.5,345.0,1057.5,4,0.3645833333333333,5,0,0,108,563,993.3518518518518,10.5
20264,1.0,568,2026-02-04T22:40,COMPLETA,1098.049,1120.5833333333333,50.0,454.0,1341.0,5,0.36666666666666664,6,0,0,108,563,993.3518518518518,10.5
20264,1.0,569,2026-02-04T22:50,COMPLETA,1142.0259,1120.5833333333333,50.0,454.0,1341.0,5,0.36666666666666664,6,0,0,108,563,993.3518518518518,10.5
20264,1.0,570,2026-02-04T23:00,COMPLETA,1171.9242,1120.5833333333333,50.0,454.0,1341.0,5,0.36666666666666664,6,0,4,108,563,993.3518518518518,10.5
20264,1.0,571,2026-02-04T23:10,COMPLETA,622.5052,1475.0,1475.0,113.0,289.5,1,0.375,1,0,0,108,563,993.3518518518518,10.5
20264,1.0,572,2026-02-04T23:20,COMPLETA,571.1479,1475.0,1475.0,113.0,289.5,1,0.375,1,0,0,108,563,993.3518518518518,10.5
20264,1.0,573,2026-02-04T23:30,COMPLETA,554.7418,1475.0,1475.0,113.0,289.5,1,0.375,1,0,0,108,563,993.3518518518518,10.5
20264,1.0,574,2026-02-04T23:40,COMPLETA,612.7885,1475.0,1475.0,113.0,289.5,1,0.375,1,0,0,108,563,993.3518518518518,10.5
20264,1.0,575,2026-02-04T23:50,COMPLETA,541.1912,1475.0,1475.0,113.0,289.5,1,0.375,1,0,0,108,563,993.3518518518518,10.5
20264,1.0,576,2026-02-05T00:00,COMPLETA,566.6056,1475.0,1475.0,113.0,289.5,1,0.375,1,0,0,108,563,993.3518518518518,10.5
20264,1.0,577,2026-02-05T00:10,COMPLETA,536.0395,1475.0,1475.0,113.0,289.5,1,0.375,1,0,0,108,563,993.3518518518518,10.5
20264,1.0,578,2026-02-05T00:20,COMPLETA,572.9756,1475.0,1475.0,113.0,289.5,1,0.375,1,0,0,109,564,1002.7981651376147,10.5
20264,1.0,579,2026-02-05T00:30,COMPLETA,541.4952,1475.0,1475.0,113.0,289.5,1,0.375,1,0,0,109,564,1002.7981651376147,10.5
20264,1.0,580,2026-02-05T00:40,COMPLETA,754.8255,1450.25,1425.5,178.0,447.0,1,0.75,2,0,0,109,564,1002.7981651376147,10.5
20264,1.0,581,2026-02-05T00:50,COMPLETA,707.5748,1450.25,1425.5,178.0,447.0,1,0.75,2,0,0,109,564,1002.7981651376147,10.5
20264,1.0,582,2026-02-05T01:00,COMPLETA,795.7965,1298.8333333333333,996.0,202.0,543.0,2,0.4583333333333333,3,0,1,109,564,1002.7981651376147,10.5
20264,1.0,583,2026-02-05T01:10,COMPLETA,700.3779,1450.25,1425.5,178.0,447.0,1,0.75,2,0,0,109,564,1002.7981651376147,10.5
20264,1.0,584,2026-02-05T01:20,COMPLETA,850.5474,1158.3333333333333,445.5,182.0,573.0,2,0.5,3,0,0,109,564,1002.7981651376147,10.5
20264,1.0,585,2026-02-05T01:30,COMPLETA,856.23,1158.3333333333333,445.5,182.0,573.0,2,0.5,3,0,0,109,564,1002.7981651376147,10.5
20264,1.0,586,2026-02-05T01:40,COMPLETA,954.3502,1226.75,445.5,296.0,865.5,3,0.4722222222222222,4,0,0,109,564,1002.7981651376147,10.5
20264,1.0,587,2026-02-05T01:50,COMPLETA,1078.0747,1391.0,445.5,356.0,1015.5,4,0.3854166666666667,5,0,1,110,569,994.1363636363636,10.5
20264,1.0,588,2026-02-05T02:00,COMPLETA,983.9801,1226.75,445.5,296.0,865.5,3,0.4722222222222222,4,0,0,111,578,991.8783783783783,10.5
20264,1.0,589,2026-02-05T02:10,COMPLETA,954.4763,1226.75,445.5,296.0,865.5,3,0.4722222222222222,4,0,0,111,578,991.8783783783783,10.5
20264,1.0,590,2026-02-05T02:20,COMPLETA,945.0266,1226.75,445.5,296.0,865.5,3,0.4722222222222222,4,0,0,112,582,991.9151785714286,10.5
20264,1.0,591,2026-02-05T02:30,COMPLETA,993.7012,1226.75,445.5,296.0,865.5,3,0.4722222222222222,4,0,1,113,592,984.3053097345132,10.5
20264,1.0,592,2026-02-05T02:40,COMPLETA,917.6217,1226.75,445.5,207.0,672.0,2,0.625,4,0,0,113,592,984.3053097345132,10.5
20264,1.0,593,2026-02-05T02:50,COMPLETA,959.5798,1226.75,445.5,207.0,672.0,2,0.625,4,0,0,113,592,984.3053097345132,10.5
20264,1.0,594,2026-02-05T03:00,COMPLETA,1038.5521,1226.75,445.5,207.0,672.0,2,0.625,4,0,0,113,592,984.3053097345132,10.5
20264,1.0,595,2026-02-05T03:10,COMPLETA,990.8507,1226.75,445.5,207.0,672.0,2,0.625,4,0,0,113,592,984.3053097345132,10.5
20264,1.0,596,2026-02-05T03:20,COMPLETA,951.7692,1226.75,445.5,207.0,672.0,2,0.625,4,0,0,113,592,984.3053097345132,10.5
20264,1.0,597,2026-02-05T03:30,COMPLETA,1033.0759,1226.75,445.5,207.0,612.0,2,0.625,4,0,0,113,592,984.3053097345132,10.5
20264,1.0,598,2026-02-05T03:40,COMPLETA,1016.4631,1226.75,445.5,207.0,612.0,2,0.625,4,0,1,114,595,993.6359649122807,10.5
20264,1.0,599,2026-02-05T03:50,COMPLETA,827.0963,1487.1666666666667,1432.0,160.0,481.5,1,1.0,3,0,0,115,605,1000.9304347826087,10.5
20264,1.0,600,2026-02-05T04:00,COMPLETA,865.9229,1487.1666666666667,1432.0,160.0,481.5,1,1.0,3,0,0,115,605,1000.9304347826087,10.5
20264,1.0,601,2026-02-05T04:10,COMPLETA,904.3168,1270.625,621.0,204.0,607.5,2,0.5416666666666666,4,0,1,115,605,1000.9304347826087,10.5
20264,1.0,602,2026-02-05T04:20,COMPLETA,791.06,1487.1666666666667,1432.0,160.0,481.5,1,1.0,3,0,0,115,605,1000.9304347826087,10.5
20264,1.0,603,2026-02-05T04:30,COMPLETA,874.4757,1487.1666666666667,1432.0,160.0,481.5,1,1.0,3,0,0,115,605,1000.9304347826087,10.5
20264,1.0,604,2026-02-05T04:40,COMPLETA,865.075,1487.1666666666667,1432.0,160.0,481.5,1,1.0,3,0,0,115,605,1000.9304347826087,10.5
20264,1.0,605,2026-02-05T04:50,COMPLETA,948.3325,1487.1666666666667,1432.0,160.0,481.5,1,1.0,3,0,0,115,605,1000.9304347826087,10.5
20264,1.0,606,2026-02-05T05:00,COMPLETA,860.3607,1487.1666666666667,1432.0,160.0,481.5,1,1.0,3,0,0,115,605,1000.9304347826087,10.5
20264,1.0,607,2026-02-05T05:10,COMPLETA,915.8467,1358.0,970.5,207.0,612.0,2,0.5833333333333334,4,0,1,115,605,1000.9304347826087,10.5
20264,1.0,608,2026-02-05T05:20,COMPLETA,839.3627,1487.1666666666667,1432.0,160.0,481.5,1,1.0,3,0,0,115,609,1000.9304347826087,10.5
20264,1.0,609,2026-02-05T05:30,COMPLETA,934.7815,1487.1666666666667,1432.0,160.0,481.5,1,1.0,3,0,0,115,609,1000.9304347826087,10.5
20264,1.0,610,2026-02-05T05:40,COMPLETA,861.6779,1487.1666666666667,1432.0,160.0,481.5,1,1.0,3,0,0,115,609,1000.9304347826087,10.5
20264,1.0,611,2026-02-05T05:50,COMPLETA,823.5847,1487.1666666666667,1432.0,160.0,481.5,1,1.0,3,0,0,116,611,997.6551724137931,10.5
20264,1.0,612,2026-02-05T06:00,COMPLETA,864.1922,1487.1666666666667,1432.0,160.0,481.5,1,1.0,3,0,0,117,617,992.9358974358975,10.5
20264,1.0,613,2026-02-05T06:10,COMPLETA,1082.3849,1487.1666666666667,1432.0,160.0,481.5,1,1.0,3,0,0,117,617,992.9358974358975,10.5
20264,1.0,614,2026-02-05T06:20,COMPLETA,1111.5305,1380.5,954.0,203.0,664.5,2,0.625,4,0,0,117,617,992.9358974358975,10.5
20264,1.0,615,2026-02-05T06:30,COMPLETA,1004.3686,1380.5,954.0,203.0,664.5,2,0.625,4,0,0,117,617,992.9358974358975,10.5
20264,1.0,616,2026-02-05T06:40,COMPLETA,1068.7599,1380.5,954.0,203.0,664.5,2,0.625,4,0,0,117,617,992.9358974358975,10.5
20264,1.0,617,2026-02-05T06:50,COMPLETA,1113.7247,1184.7,296.5,271.0,826.5,2,0.7708333333333334,5,0,0,117,617,992.9358974358975,10.5
20264,1.0,618,2026-02-05T07:00,COMPLETA,1313.0764,1288.0,344.5,269.0,883.5,2,0.875,6,0,2,118,621,992.7457627118644,10.5
20264,1.0,619,2026-02-05T07:10,SIN_DEMANDA,0,,,,,,,0,0,0,118,621,992.7457627118644,10.5
20264,1.0,620,2026-02-05T07:20,SIN_DEMANDA,0,,,,,,,0,0,0,118,621,992.7457627118644,10.5
20264,1.0,621,2026-02-05T07:30,SIN_DEMANDA,0,,,,,,,0,0,0,118,621,992.7457627118644,10.5
20264,1.0,622,2026-02-05T07:40,SIN_DEMANDA,0,,,,,,,0,0,0,118,621,992.7457627118644,10.5
20264,1.0,623,2026-02-05T07:50,SIN_DEMANDA,0,,,,,,,0,0,0,118,621,992.7457627118644,10.5
20264,1.0,624,2026-02-05T08:00,SIN_DEMANDA,0,,,,,,,0,0,0,118,621,992.7457627118644,10.5
20264,1.0,625,2026-02-05T08:10,SIN_DEMANDA,0,,,,,,,0,0,0,118,621,992.7457627118644,10.5
20264,1.0,626,2026-02-05T08:20,SIN_DEMANDA,0,,,,,,,0,0,0,118,621,992.7457627118644,10.5
20264,1.0,627,2026-02-05T08:30,SIN_DEMANDA,0,,,,,,,0,0,0,118,621,992.7457627118644,10.5
20264,1.0,628,2026-02-05T08:40,COMPLETA,558.158,143.0,143.0,120.0,300.0,1,0.2916666666666667,1,0,0,118,621,992.7457627118644,10.5
20264,1.0,629,2026-02-05T08:50,COMPLETA,518.9451,143.0,143.0,120.0,300.0,1,0.2916666666666667,1,0,0,118,621,992.7457627118644,10.5
20264,1.0,630,2026-02-05T09:00,COMPLETA,427.4659,143.0,143.0,120.0,300.0,1,0.2916666666666667,1,0,0,119,630,997.3403361344538,10.5
20264,1.0,631,2026-02-05T09:10,COMPLETA,494.5316,143.0,143.0,120.0,300.0,1,0.2916666666666667,1,0,0,120,639,1002.7458333333333,10.5
20264,1.0,632,2026-02-05T09:20,COMPLETA,474.6737,143.0,143.0,120.0,300.0,1,0.2916666666666667,1,0,0,120,639,1002.7458333333333,10.5
20264,1.0,633,2026-02-05T09:30,COMPLETA,512.8831,143.0,143.0,120.0,300.0,1,0.2916666666666667,1,0,0,120,639,1002.7458333333333,10.5
20264,1.0,634,2026-02-05T09:40,COMPLETA,542.7914,143.0,143.0,120.0,300.0,1,0.2916666666666667,1,0,0,120,639,1002.7458333333333,10.5
20264,1.0,635,2026-02-05T09:50,COMPLETA,528.914,143.0,143.0,120.0,300.0,1,0.2916666666666667,1,0,0,120,639,1002.7458333333333,10.5
20264,1.0,636,2026-02-05T10:00,COMPLETA,558.2791,111.25,79.5,165.0,487.5,2,0.2708333333333333,2,0,0,120,639,1002.7458333333333,10.5
20264,1.0,637,2026-02-05T10:10,COMPLETA,536.6781,111.25,79.5,165.0,487.5,2,0.2708333333333333,2,0,0,120,639,1002.7458333333333,10.5
20264,1.0,638,2026-02-05T10:20,COMPLETA,473.7161,111.25,79.5,165.0,487.5,2,0.2708333333333333,2,0,0,120,639,1002.7458333333333,10.5
20264,1.0,639,2026-02-05T10:30,COMPLETA,492.3386,111.25,79.5,165.0,487.5,2,0.2708333333333333,2,0,0,120,639,1002.7458333333333,10.5
20264,1.0,640,2026-02-05T10:40,COMPLETA,518.3438,111.25,79.5,165.0,487.5,2,0.2708333333333333,2,0,0,120,639,1002.7458333333333,10.5
20264,1.0,641,2026-02-05T10:50,COMPLETA,540.9486,111.25,79.5,165.0,487.5,2,0.2708333333333333,2,0,0,120,639,1002.7458333333333,10.5
20264,1.0,642,2026-02-05T11:00,COMPLETA,575.7728,199.0,70.0,216.0,624.0,3,0.25,3,0,1,121,645,1007.6446280991736,10.5
20264,1.0,643,2026-02-05T11:10,COMPLETA,518.0487,138.75,134.5,171.0,496.5,2,0.25,2,0,0,122,651,1005.8524590163935,10.5
20264,1.0,644,2026-02-05T11:20,COMPLETA,532.722,138.75,134.5,171.0,496.5,2,0.25,2,0,0,122,651,1005.8524590163935,10.5
20264,1.0,645,2026-02-05T11:30,COMPLETA,480.3643,138.75,134.5,171.0,496.5,2,0.25,2,0,0,122,651,1005.8524590163935,10.5
20264,1.0,646,2026-02-05T11:40,COMPLETA,531.1661,138.75,134.5,171.0,496.5,2,0.25,2,0,0,122,651,1005.8524590163935,10.5
20264,1.0,647,2026-02-05T11:50,COMPLETA,557.6126,138.75,134.5,171.0,496.5,2,0.25,2,0,0,122,651,1005.8524590163935,10.5
20264,1.0,648,2026-02-05T12:00,COMPLETA,535.8905,138.75,134.5,171.0,496.5,2,0.25,2,0,0,122,651,1005.8524590163935,10.5
20264,1.0,649,2026-02-05T12:10,COMPLETA,520.183,138.75,134.5,171.0,496.5,2,0.25,2,0,0,122,651,1005.8524590163935,10.5
20264,1.0,650,2026-02-05T12:20,COMPLETA,533.4689,138.75,134.5,171.0,496.5,2,0.25,2,0,0,122,651,1005.8524590163935,10.5
20264,1.0,651,2026-02-05T12:30,COMPLETA,576.2694,147.16666666666666,70.0,264.0,756.0,3,0.2916666666666667,3,0,0,122,651,1005.8524590163935,10.5
20264,1.0,652,2026-02-05T12:40,COMPLETA,602.4845,147.16666666666666,70.0,264.0,756.0,3,0.2916666666666667,3,0,0,124,662,1006.8306451612904,10.5
20264,1.0,653,2026-02-05T12:50,COMPLETA,613.2212,147.16666666666666,70.0,264.0,756.0,3,0.2916666666666667,3,0,0,124,662,1006.8306451612904,10.5
20264,1.0,654,2026-02-05T13:00,COMPLETA,576.9141,147.16666666666666,70.0,264.0,756.0,3,0.2916666666666667,3,0,0,125,669,1001.532,10.5
20264,1.0,655,2026-02-05T13:10,COMPLETA,669.977,147.16666666666666,70.0,264.0,756.0,3,0.2916666666666667,3,0,0,125,669,1001.532,10.5
20264,1.0,656,2026-02-05T13:20,COMPLETA,833.1632,147.16666666666666,70.0,264.0,756.0,3,0.2916666666666667,3,0,0,125,669,1001.532,10.5
20264,1.0,657,2026-02-05T13:30,COMPLETA,578.4249,147.16666666666666,70.0,264.0,756.0,3,0.2916666666666667,3,0,0,125,669,1001.532,10.5
20264,1.0,658,2026-02-05T13:40,COMPLETA,569.1631,147.16666666666666,70.0,264.0,756.0,3,0.2916666666666667,3,0,0,125,669,1001.532,10.5
20264,1.0,659,2026-02-05T13:50,COMPLETA,591.2983,147.16666666666666,70.0,264.0,756.0,3,0.2916666666666667,3,0,0,125,669,1001.532,10.5
20264,1.0,660,2026-02-05T14:00,COMPLETA,579.8138,147.16666666666666,70.0,264.0,756.0,3,0.2916666666666667,3,0,0,125,669,1001.532,10.5
20264,1.0,661,2026-02-05T14:10,COMPLETA,534.5952,147.16666666666666,70.0,264.0,756.0,3,0.2916666666666667,3,0,0,125,669,1001.532,10.5
20264,1.0,662,2026-02-05T14:20,COMPLETA,613.4955,587.875,70.0,264.0,816.0,3,0.375,4,0,0,125,669,1001.532,10.5
20264,1.0,663,2026-02-05T14:30,COMPLETA,696.0751,587.875,70.0,264.0,816.0,3,0.375,4,0,0,125,669,1001.532,10.5
20264,1.0,664,2026-02-05T14:40,COMPLETA,589.2341,587.875,70.0,264.0,816.0,3,0.375,4,0,0,125,669,1001.532,10.5
20264,1.0,665,2026-02-05T14:50,COMPLETA,646.3196,587.875,70.0,264.0,816.0,3,0.375,4,0,0,125,669,1001.532,10.5
20264,1.0,666,2026-02-05T15:00,COMPLETA,595.2295,587.875,70.0,264.0,816.0,3,0.375,4,0,3,125,669,1001.532,10.5
20264,1.0,667,2026-02-05T15:10,SIN_DEMANDA,0,,,,,,,0,0,0,125,669,1001.532,10.5
20264,1.0,668,2026-02-05T15:20,SIN_DEMANDA,0,,,,,,,0,0,0,125,669,1001.532,10.5
20264,1.0,669,2026-02-05T15:30,SIN_DEMANDA,0,,,,,,,0,0,0,125,669,1001.532,10.5
20264,1.0,670,2026-02-05T15:40,SIN_DEMANDA,0,,,,,,,0,0,0,125,669,1001.532,10.5
20264,1.0,671,2026-02-05T15:50,COMPLETA,533.6092,1866.0,1866.0,26.0,159.0,1,0.2916666666666667,1,0,0,125,669,1001.532,10.5
20264,1.0,672,2026-02-05T16:00,COMPLETA,577.738,1866.0,1866.0,26.0,159.0,1,0.2916666666666667,1,0,0,125,669,1001.532,10.5
20264,1.0,673,2026-02-05T16:10,COMPLETA,576.0785,1866.0,1866.0,26.0,159.0,1,0.2916666666666667,1,0,0,125,669,1001.532,10.5
20264,1.0,674,2026-02-05T16:20,COMPLETA,533.5792,1866.0,1866.0,26.0,159.0,1,0.2916666666666667,1,0,0,125,669,1001.532,10.5
20264,1.0,675,2026-02-05T16:30,COMPLETA,510.0515,1866.0,1866.0,26.0,159.0,1,0.2916666666666667,1,0,0,125,669,1001.532,10.5
20264,1.0,676,2026-02-05T16:40,COMPLETA,600.5226,1866.0,1866.0,26.0,159.0,1,0.2916666666666667,1,0,0,125,669,1001.532,10.5
20264,1.0,677,2026-02-05T16:50,COMPLETA,547.4682,1866.0,1866.0,26.0,159.0,1,0.2916666666666667,1,0,0,125,669,1001.532,10.5
20264,1.0,678,2026-02-05T17:00,COMPLETA,628.0391,1325.75,860.5,36.0,234.0,1,0.625,2,0,0,125,669,1001.532,10.5
20264,1.0,679,2026-02-05T17:10,COMPLETA,631.2629,1095.8333333333333,636.0,68.0,342.0,2,0.3333333333333333,3,0,1,126,676,995.2301587301587,10.5
20264,1.0,680,2026-02-05T17:20,COMPLETA,592.5434,1325.75,860.5,36.0,234.0,1,0.625,2,0,0,126,676,995.2301587301587,10.5
20264,1.0,681,2026-02-05T17:30,COMPLETA,546.979,1325.75,860.5,36.0,234.0,1,0.625,2,0,0,126,676,995.2301587301587,10.5
20264,1.0,682,2026-02-05T17:40,COMPLETA,616.1599,888.6666666666666,293.5,99.0,448.5,2,0.5,3,0,0,126,676,995.2301587301587,10.5
20264,1.0,683,2026-02-05T17:50,COMPLETA,629.8625,787.75,272.0,121.0,601.5,3,0.4722222222222222,4,0,0,128,690,981.5078125,10.5
20264,1.0,684,2026-02-05T18:00,COMPLETA,699.0589,1043.1,272.0,160.0,720.0,4,0.375,5,0,1,128,690,981.5078125,10.5
20264,1.0,685,2026-02-05T18:10,COMPLETA,664.4088,787.75,272.0,121.0,601.5,3,0.4722222222222222,4,0,0,128,690,981.5078125,10.5
20264,1.0,686,2026-02-05T18:20,COMPLETA,661.8185,787.75,272.0,121.0,601.5,3,0.4722222222222222,4,0,0,128,690,981.5078125,10.5
20264,1.0,687,2026-02-05T18:30,COMPLETA,664.1731,787.75,272.0,121.0,601.5,3,0.4722222222222222,4,0,0,129,696,988.7054263565891,10.5
20264,1.0,688,2026-02-05T18:40,COMPLETA,656.3482,787.75,272.0,121.0,601.5,3,0.4722222222222222,4,0,0,130,697,985.9923076923077,10.5
20264,1.0,689,2026-02-05T18:50,COMPLETA,714.9873,640.375,174.5,142.0,513.0,2,0.7083333333333334,4,0,0,130,697,985.9923076923077,10.5
20264,1.0,690,2026-02-05T19:00,COMPLETA,673.789,640.375,174.5,142.0,513.0,2,0.7083333333333334,4,0,0,130,697,985.9923076923077,10.5
20264,1.0,691,2026-02-05T19:10,COMPLETA,674.3932,640.375,174.5,142.0,513.0,2,0.7083333333333334,4,0,1,130,697,985.9923076923077,10.5
20264,1.0,692,2026-02-05T19:20,COMPLETA,596.3131,1046.75,581.5,75.0,292.5,1,0.625,2,0,0,130,697,985.9923076923077,10.5
20264,1.0,693,2026-02-05T19:30,COMPLETA,578.4182,1046.75,581.5,75.0,292.5,1,0.625,2,0,0,130,697,985.9923076923077,10.5
20264,1.0,694,2026-02-05T19:40,COMPLETA,645.683,1046.75,581.5,75.0,292.5,1,0.625,2,0,0,131,699,994.2251908396946,10.5
20264,1.0,695,2026-02-05T19:50,COMPLETA,559.1732,1046.75,581.5,75.0,292.5,1,0.625,2,0,0,131,699,994.2251908396946,10.5
20264,1.0,696,2026-02-05T20:00,COMPLETA,612.6334,1046.75,581.5,75.0,292.5,1,0.625,2,0,0,131,699,994.2251908396946,10.5
20264,1.0,697,2026-02-05T20:10,COMPLETA,605.9622,1046.75,581.5,75.0,292.5,1,0.625,2,0,0,131,699,994.2251908396946,10.5
20264,1.0,698,2026-02-05T20:20,COMPLETA,615.8348,1046.75,581.5,75.0,292.5,1,0.625,2,0,0,131,699,994.2251908396946,10.5
20264,1.0,699,2026-02-05T20:30,COMPLETA,796.4966,1377.3333333333333,581.5,145.0,457.5,2,0.3958333333333333,3,0,1,131,699,994.2251908396946,10.5
20264,1.0,700,2026-02-05T20:40,COMPLETA,812.9116,1265.1666666666667,503.5,106.0,399.0,1,0.9583333333333334,3,0,0,132,708,988.9166666666666,10.5
20264,1.0,701,2026-02-05T20:50,COMPLETA,853.8162,1265.1666666666667,503.5,106.0,399.0,1,0.9583333333333334,3,0,0,132,708,988.9166666666666,10.5
20264,1.0,702,2026-02-05T21:00,COMPLETA,883.0633,1265.1666666666667,503.5,106.0,399.0,1,0.9583333333333334,3,0,0,132,708,988.9166666666666,10.5
20264,1.0,703,2026-02-05T21:10,COMPLETA,1234.8768,1421.125,503.5,188.0,642.0,2,0.6666666666666666,4,0,0,132,708,988.9166666666666,10.5
20264,1.0,704,2026-02-05T21:20,COMPLETA,1154.674,1421.125,503.5,188.0,642.0,2,0.6666666666666666,4,0,0,132,708,988.9166666666666,10.5
20264,1.0,705,2026-02-05T21:30,COMPLETA,1237.8438,1421.125,503.5,188.0,642.0,2,0.6666666666666666,4,0,0,132,708,988.9166666666666,10.5
20264,1.0,706,2026-02-05T21:40,COMPLETA,1411.24,1317.1,503.5,232.0,828.0,3,0.4861111111111111,5,0,0,132,708,988.9166666666666,10.5
20264,1.0,707,2026-02-05T21:50,COMPLETA,1383.904,1317.1,503.5,232.0,828.0,3,0.4861111111111111,5,0,0,132,708,988.9166666666666,10.5
20264,1.0,708,2026-02-05T22:00,COMPLETA,1685.9913,1392.25,503.5,298.0,987.0,3,0.625,6,0,0,132,708,988.9166666666666,10.5
20264,1.0,709,2026-02-05T22:10,COMPLETA,1596.2579,1392.25,503.5,298.0,987.0,3,0.625,6,0,0,132,708,988.9166666666666,10.5
20264,1.0,710,2026-02-05T22:20,COMPLETA,1634.7395,1392.25,503.5,298.0,987.0,3,0.625,6,0,0,132,708,988.9166666666666,10.5
20264,1.0,711,2026-02-05T22:30,COMPLETA,1626.586,1392.25,503.5,298.0,987.0,3,0.625,6,0,0,133,712,996.8082706766917,10.5
20264,1.0,712,2026-02-05T22:40,COMPLETA,1645.8218,1392.25,503.5,298.0,987.0,3,0.625,6,0,0,133,712,996.8082706766917,10.5
20264,1.0,713,2026-02-05T22:50,COMPLETA,1583.8496,1392.25,503.5,298.0,987.0,3,0.625,6,0,0,134,722,990.6716417910447,10.5
20264,1.0,714,2026-02-05T23:00,COMPLETA,1615.0377,1392.25,503.5,298.0,987.0,3,0.625,6,0,3,134,722,990.6716417910447,10.5
20264,1.0,715,2026-02-05T23:10,SIN_DEMANDA,0,,,,,,,0,0,0,134,722,990.6716417910447,10.5
20264,1.0,716,2026-02-05T23:20,SIN_DEMANDA,0,,,,,,,0,0,0,134,722,990.6716417910447,10.5
20264,1.0,717,2026-02-05T23:30,SIN_DEMANDA,0,,,,,,,0,0,0,134,722,990.6716417910447,10.5
20264,1.0,718,2026-02-05T23:40,SIN_DEMANDA,0,,,,,,,0,0,0,134,722,990.6716417910447,10.5
20264,1.0,719,2026-02-05T23:50,SIN_DEMANDA,0,,,,,,,0,0,0,134,722,990.6716417910447,10.5
20264,1.0,720,2026-02-06T00:00,SIN_DEMANDA,0,,,,,,,0,0,0,134,722,990.6716417910447,10.5
20264,1.0,721,2026-02-06T00:10,SIN_DEMANDA,0,,,,,,,0,0,0,134,722,990.6716417910447,10.5
20264,1.0,722,2026-02-06T00:20,SIN_DEMANDA,0,,,,,,,0,0,0,134,722,990.6716417910447,10.5
20264,1.0,723,2026-02-06T00:30,SIN_DEMANDA,0,,,,,,,0,0,0,134,722,990.6716417910447,10.5
20264,1.0,724,2026-02-06T00:40,SIN_DEMANDA,0,,,,,,,0,0,0,135,725,990.0074074074074,10.5
20264,1.0,725,2026-02-06T00:50,SIN_DEMANDA,0,,,,,,,0,0,0,135,725,990.0074074074074,10.5
20264,1.0,726,2026-02-06T01:00,SIN_DEMANDA,0,,,,,,,0,0,0,135,725,990.0074074074074,10.5
20264,1.0,727,2026-02-06T01:10,SIN_DEMANDA,0,,,,,,,0,0,0,135,725,990.0074074074074,10.5
20264,1.0,728,2026-02-06T01:20,SIN_DEMANDA,0,,,,,,,0,0,0,136,732,994.3970588235294,10.5
20264,1.0,729,2026-02-06T01:30,COMPLETA,509.2837,1682.5,1682.5,75.0,232.5,1,0.3333333333333333,1,0,0,136,732,994.3970588235294,10.5
20264,1.0,730,2026-02-06T01:40,COMPLETA,529.9855,1682.5,1682.5,75.0,232.5,1,0.3333333333333333,1,0,0,137,741,1000.92700729927,10.5
20264,1.0,731,2026-02-06T01:50,COMPLETA,532.1741,1682.5,1682.5,75.0,232.5,1,0.3333333333333333,1,0,0,137,741,1000.92700729927,10.5
20264,1.0,732,2026-02-06T02:00,COMPLETA,531.6339,1682.5,1682.5,75.0,232.5,1,0.3333333333333333,1,0,0,137,741,1000.92700729927,10.5
20264,1.0,733,2026-02-06T02:10,COMPLETA,470.9481,1682.5,1682.5,75.0,232.5,1,0.3333333333333333,1,0,0,137,741,1000.92700729927,10.5
20264,1.0,734,2026-02-06T02:20,COMPLETA,485.607,1682.5,1682.5,75.0,232.5,1,0.3333333333333333,1,0,0,137,741,1000.92700729927,10.5
20264,1.0,735,2026-02-06T02:30,COMPLETA,472.25,1682.5,1682.5,75.0,232.5,1,0.3333333333333333,1,0,0,137,741,1000.92700729927,10.5
20264,1.0,736,2026-02-06T02:40,COMPLETA,498.7503,1682.5,1682.5,75.0,232.5,1,0.3333333333333333,1,0,0,138,749,997.322463768116,10.5
20264,1.0,737,2026-02-06T02:50,COMPLETA,512.3647,857.0,31.5,197.0,535.5,2,0.2916666666666667,2,0,0,138,749,997.322463768116,10.5
20264,1.0,738,2026-02-06T03:00,COMPLETA,556.0747,857.0,31.5,197.0,535.5,2,0.2916666666666667,2,0,0,138,749,997.322463768116,10.5
20264,1.0,739,2026-02-06T03:10,COMPLETA,699.368,654.8333333333334,31.5,211.0,616.5,2,0.5,3,0,0,138,749,997.322463768116,10.5
20264,1.0,740,2026-02-06T03:20,COMPLETA,612.4394,654.8333333333334,31.5,211.0,616.5,2,0.5,3,0,0,138,749,997.322463768116,10.5
20264,1.0,741,2026-02-06T03:30,COMPLETA,666.2267,654.8333333333334,31.5,211.0,616.5,2,0.5,3,0,0,138,749,997.322463768116,10.5
20264,1.0,742,2026-02-06T03:40,COMPLETA,735.8643,654.8333333333334,31.5,211.0,616.5,2,0.5,3,0,0,138,749,997.322463768116,10.5
20264,1.0,743,2026-02-06T03:50,COMPLETA,993.0657,622.125,31.5,307.0,820.5,3,0.4444444444444444,4,0,1,138,749,997.322463768116,10.5
20264,1.0,744,2026-02-06T04:00,COMPLETA,979.8126,618.625,90.0,293.0,859.5,3,0.4444444444444444,4,0,0,138,749,997.322463768116,10.5
20264,1.0,745,2026-02-06T04:10,COMPLETA,800.8106,618.625,90.0,293.0,859.5,3,0.4444444444444444,4,0,0,139,757,1002.4136690647482,10.5
20264,1.0,746,2026-02-06T04:20,COMPLETA,921.1437,618.625,90.0,293.0,859.5,3,0.4444444444444444,4,0,0,139,757,1002.4136690647482,10.5
20264,1.0,747,2026-02-06T04:30,COMPLETA,896.9754,618.625,90.0,293.0,859.5,3,0.4444444444444444,4,0,0,140,767,1007.8821428571429,10.5
20264,1.0,748,2026-02-06T04:40,COMPLETA,825.1993,618.625,90.0,293.0,859.5,3,0.4444444444444444,4,0,0,140,767,1007.8821428571429,10.5
20264,1.0,749,2026-02-06T04:50,COMPLETA,881.4945,618.625,90.0,293.0,859.5,3,0.4444444444444444,4,0,0,140,767,1007.8821428571429,10.5
20264,1.0,750,2026-02-06T05:00,COMPLETA,855.8123,618.625,90.0,293.0,859.5,3,0.4444444444444444,4,0,0,140,767,1007.8821428571429,10.5
20264,1.0,751,2026-02-06T05:10,COMPLETA,922.9681,618.625,90.0,293.0,859.5,3,0.4444444444444444,4,0,0,140,767,1007.8821428571429,10.5
20264,1.0,752,2026-02-06T05:20,COMPLETA,1192.3394,633.3,90.0,339.0,1066.5,3,0.5277777777777778,5,0,0,140,767,1007.8821428571429,10.5
20264,1.0,753,2026-02-06T05:30,COMPLETA,1164.9621,633.3,90.0,339.0,1066.5,3,0.5277777777777778,5,0,0,140,767,1007.8821428571429,10.5
20264,1.0,754,2026-02-06T05:40,COMPLETA,1210.0748,633.3,90.0,339.0,1066.5,3,0.5277777777777778,5,0,0,140,767,1007.8821428571429,10.5
20264,1.0,755,2026-02-06T05:50,COMPLETA,1108.5742,633.3,90.0,339.0,1066.5,3,0.5277777777777778,5,0,0,140,767,1007.8821428571429,10.5
20264,1.0,756,2026-02-06T06:00,COMPLETA,1124.7218,633.3,90.0,339.0,1066.5,3,0.5277777777777778,5,0,0,140,767,1007.8821428571429,10.5
20264,1.0,757,2026-02-06T06:10,COMPLETA,1131.1217,633.3,90.0,339.0,1066.5,3,0.5277777777777778,5,0,0,140,767,1007.8821428571429,10.5
20264,1.0,758,2026-02-06T06:20,COMPLETA,1115.1081,633.3,90.0,339.0,1066.5,3,0.5277777777777778,5,0,0,140,767,1007.8821428571429,10.5
20264,1.0,759,2026-02-06T06:30,COMPLETA,1073.4047,633.3,90.0,339.0,1066.5,3,0.5277777777777778,5,0,0,141,775,1013.950354609929,10.5
20264,1.0,760,2026-02-06T06:40,COMPLETA,1141.9708,633.3,90.0,339.0,1066.5,3,0.5277777777777778,5,0,0,141,775,1013.950354609929,10.5
20264,1.0,761,2026-02-06T06:50,COMPLETA,1311.6142,701.25,31.5,391.0,1186.5,4,0.46875,6,0,0,141,775,1013.950354609929,10.5
20264,1.0,762,2026-02-06T07:00,COMPLETA,1380.437,701.25,31.5,391.0,1186.5,4,0.46875,6,0,4,141,775,1013.950354609929,10.5
20264,1.0,763,2026-02-06T07:10,SIN_DEMANDA,0,,,,,,,0,0,0,141,775,1013.950354609929,10.5
20264,1.0,764,2026-02-06T07:20,SIN_DEMANDA,0,,,,,,,0,0,0,141,775,1013.950354609929,10.5
20264,1.0,765,2026-02-06T07:30,SIN_DEMANDA,0,,,,,,,0,0,0,141,775,1013.950354609929,10.5
20264,1.0,766,2026-02-06T07:40,COMPLETA,482.8256,403.5,403.5,10.0,135.0,1,0.125,1,0,1,141,775,1013.950354609929,10.5
20264,1.0,767,2026-02-06T07:50,COMPLETA,571.2234,144.0,144.0,68.0,222.0,1,0.3333333333333333,1,0,0,141,775,1013.950354609929,10.5
20264,1.0,768,2026-02-06T08:00,COMPLETA,565.6808,144.0,144.0,68.0,222.0,1,0.3333333333333333,1,0,0,141,775,1013.950354609929,10.5
20264,1.0,769,2026-02-06T08:10,COMPLETA,576.6287,144.0,144.0,68.0,222.0,1,0.3333333333333333,1,0,0,141,775,1013.950354609929,10.5
20264,1.0,770,2026-02-06T08:20,COMPLETA,525.2165,144.0,144.0,68.0,222.0,1,0.3333333333333333,1,0,0,141,775,1013.950354609929,10.5
20264,1.0,771,2026-02-06T08:30,COMPLETA,592.9265,144.0,144.0,68.0,222.0,1,0.3333333333333333,1,0,0,142,782,1013.6971830985915,10.5
20264,1.0,772,2026-02-06T08:40,COMPLETA,644.2191,326.75,144.0,158.0,477.0,2,0.2708333333333333,2,0,0,142,782,1013.6971830985915,10.5
20264,1.0,773,2026-02-06T08:50,COMPLETA,608.9489,326.75,144.0,158.0,477.0,2,0.2708333333333333,2,0,0,143,785,1009.43006993007,10.5
20264,1.0,774,2026-02-06T09:00,COMPLETA,618.5765,326.75,144.0,158.0,477.0,2,0.2708333333333333,2,0,0,143,785,1009.43006993007,10.5
20264,1.0,775,2026-02-06T09:10,COMPLETA,603.2453,220.0,6.5,202.0,663.0,3,0.3055555555555556,3,0,0,143,785,1009.43006993007,10.5
20264,1.0,776,2026-02-06T09:20,COMPLETA,699.4356,220.0,6.5,202.0,663.0,3,0.3055555555555556,3,0,0,143,785,1009.43006993007,10.5
20264,1.0,777,2026-02-06T09:30,COMPLETA,733.1696,246.625,6.5,191.0,766.5,4,0.28125,4,0,0,143,785,1009.43006993007,10.5
20264,1.0,778,2026-02-06T09:40,COMPLETA,712.3817,246.625,6.5,191.0,766.5,4,0.28125,4,0,0,145,801,1003.4551724137931,10.5
20264,1.0,779,2026-02-06T09:50,COMPLETA,724.4726,246.625,6.5,191.0,766.5,4,0.28125,4,0,0,145,801,1003.4551724137931,10.5
20264,1.0,780,2026-02-06T10:00,COMPLETA,734.6708,246.625,6.5,191.0,766.5,4,0.28125,4,0,0,145,801,1003.4551724137931,10.5
20264,1.0,781,2026-02-06T10:10,COMPLETA,894.8686,321.9,6.5,211.0,856.5,4,0.34375,5,0,0,145,801,1003.4551724137931,10.5
20264,1.0,782,2026-02-06T10:20,COMPLETA,874.8656,321.9,6.5,211.0,856.5,4,0.34375,5,0,0,147,815,992.2585034013606,10.5
20264,1.0,783,2026-02-06T10:30,COMPLETA,886.5826,321.9,6.5,211.0,856.5,4,0.34375,5,0,0,147,815,992.2585034013606,10.5
20264,1.0,784,2026-02-06T10:40,COMPLETA,806.9564,307.5,6.5,259.0,868.5,4,0.34375,5,0,0,147,815,992.2585034013606,10.5
20264,1.0,785,2026-02-06T10:50,COMPLETA,833.433,307.5,6.5,259.0,868.5,4,0.34375,5,0,0,147,815,992.2585034013606,10.5
20264,1.0,786,2026-02-06T11:00,COMPLETA,840.1688,307.5,6.5,259.0,868.5,4,0.34375,5,0,0,147,815,992.2585034013606,10.5
20264,1.0,787,2026-02-06T11:10,COMPLETA,846.6584,307.5,6.5,259.0,868.5,4,0.34375,5,0,0,147,815,992.2585034013606,10.5
20264,1.0,788,2026-02-06T11:20,COMPLETA,850.4717,294.3,6.5,303.0,814.5,4,0.34375,5,0,2,148,823,997.1486486486486,10.5
20264,1.0,789,2026-02-06T11:30,COMPLETA,701.4381,422.3333333333333,26.5,99.0,448.5,2,0.3333333333333333,3,0,0,148,823,997.1486486486486,10.5
20264,1.0,790,2026-02-06T11:40,COMPLETA,710.1621,422.3333333333333,26.5,99.0,448.5,2,0.3333333333333333,3,0,0,148,823,997.1486486486486,10.5
20264,1.0,791,2026-02-06T11:50,COMPLETA,682.3628,422.3333333333333,26.5,99.0,448.5,2,0.3333333333333333,3,0,0,148,823,997.1486486486486,10.5
20264,1.0,792,2026-02-06T12:00,COMPLETA,725.0811,422.3333333333333,26.5,99.0,448.5,2,0.3333333333333333,3,0,0,148,823,997.1486486486486,10.5
20264,1.0,793,2026-02-06T12:10,COMPLETA,732.4722,422.3333333333333,26.5,99.0,448.5,2,0.3333333333333333,3,0,0,148,823,997.1486486486486,10.5
20264,1.0,794,2026-02-06T12:20,COMPLETA,676.3977,460.3333333333333,41.5,165.0,547.5,3,0.2222222222222222,3,0,0,148,823,997.1486486486486,10.5
20264,1.0,795,2026-02-06T12:30,COMPLETA,714.3044,460.3333333333333,41.5,165.0,547.5,3,0.2222222222222222,3,0,0,148,823,997.1486486486486,10.5
20264,1.0,796,2026-02-06T12:40,COMPLETA,723.8716,460.3333333333333,41.5,165.0,547.5,3,0.2222222222222222,3,0,0,148,823,997.1486486486486,10.5
20264,1.0,797,2026-02-06T12:50,COMPLETA,717.5984,460.3333333333333,41.5,165.0,547.5,3,0.2222222222222222,3,0,1,148,823,997.1486486486486,10.5
20264,1.0,798,2026-02-06T13:00,COMPLETA,613.9167,365.25,26.5,85.0,367.5,2,0.22916666666666666,2,0,0,148,823,997.1486486486486,10.5
20264,1.0,799,2026-02-06T13:10,COMPLETA,577.2294,365.25,26.5,85.0,367.5,2,0.22916666666666666,2,0,0,149,832,990.5,6.5
20264,1.0,800,2026-02-06T13:20,COMPLETA,708.8073,936.0,26.5,111.0,466.5,3,0.19444444444444445,3,0,1,149,832,990.5,6.5
20264,1.0,801,2026-02-06T13:30,COMPLETA,688.2352,508.3333333333333,26.5,126.0,489.0,2,0.3333333333333333,3,0,0,149,832,990.5,6.5
20264,1.0,802,2026-02-06T13:40,COMPLETA,701.7619,508.3333333333333,26.5,126.0,489.0,2,0.3333333333333333,3,0,0,149,832,990.5,6.5
20264,1.0,803,2026-02-06T13:50,COMPLETA,666.1329,508.3333333333333,26.5,126.0,489.0,2,0.3333333333333333,3,0,0,149,832,990.5,6.5
20264,1.0,804,2026-02-06T14:00,COMPLETA,610.0538,508.3333333333333,26.5,126.0,489.0,2,0.3333333333333333,3,0,0,149,832,990.5,6.5
20264,1.0,805,2026-02-06T14:10,COMPLETA,615.4308,508.3333333333333,26.5,126.0,489.0,2,0.3333333333333333,3,0,0,150,837,988.8533333333334,6.5
20264,1.0,806,2026-02-06T14:20,COMPLETA,584.7186,508.3333333333333,26.5,126.0,489.0,2,0.3333333333333333,3,0,0,150,837,988.8533333333334,6.5
20264,1.0,807,2026-02-06T14:30,COMPLETA,630.7713,508.3333333333333,26.5,126.0,489.0,2,0.3333333333333333,3,0,0,151,845,982.7814569536424,6.5
20264,1.0,808,2026-02-06T14:40,COMPLETA,630.224,508.3333333333333,26.5,126.0,489.0,2,0.3333333333333333,3,0,0,152,848,989.983552631579,6.5
20264,1.0,809,2026-02-06T14:50,COMPLETA,627.2988,508.3333333333333,26.5,126.0,489.0,2,0.3333333333333333,3,0,0,152,848,989.983552631579,6.5
20264,1.0,810,2026-02-06T15:00,COMPLETA,644.3792,508.3333333333333,26.5,126.0,489.0,2,0.3333333333333333,3,0,1,152,848,989.983552631579,6.5
20264,1.0,811,2026-02-06T15:10,COMPLETA,463.3016,26.5,26.5,61.0,211.5,1,0.20833333333333334,1,0,1,152,848,989.983552631579,6.5
20264,1.0,812,2026-02-06T15:20,COMPLETA,493.6596,1784.5,1784.5,55.0,202.5,1,0.2916666666666667,1,0,0,152,848,989.983552631579,6.5
20264,1.0,813,2026-02-06T15:30,COMPLETA,677.3806,1287.5,3.5,229.0,703.5,3,0.2222222222222222,3,0,2,152,848,989.983552631579,6.5
20264,1.0,814,2026-02-06T15:40,COMPLETA,574.4343,1784.5,1784.5,55.0,202.5,1,0.2916666666666667,1,0,0,152,848,989.983552631579,6.5
20264,1.0,815,2026-02-06T15:50,COMPLETA,485.5143,1784.5,1784.5,55.0,202.5,1,0.2916666666666667,1,0,0,152,848,989.983552631579,6.5
20264,1.0,816,2026-02-06T16:00,COMPLETA,528.954,1784.5,1784.5,55.0,202.5,1,0.2916666666666667,1,0,0,152,848,989.983552631579,6.5
20264,1.0,817,2026-02-06T16:10,COMPLETA,617.2398,1819.0,1784.5,128.0,432.0,2,0.25,2,0,0,152,848,989.983552631579,6.5
20264,1.0,818,2026-02-06T16:20,COMPLETA,639.3656,1819.0,1784.5,128.0,432.0,2,0.25,2,0,0,153,854,988.1143790849674,6.5
20264,1.0,819,2026-02-06T16:30,COMPLETA,695.2508,1819.0,1784.5,128.0,432.0,2,0.25,2,0,0,153,854,988.1143790849674,6.5
20264,1.0,820,2026-02-06T16:40,COMPLETA,764.7316,1357.5,701.5,214.0,710.5,3,0.2916666666666667,3,0,0,153,854,988.1143790849674,6.5
20264,1.0,821,2026-02-06T16:50,COMPLETA,791.2023,1357.5,701.5,214.0,710.5,3,0.2916666666666667,3,0,0,153,854,988.1143790849674,6.5
20264,1.0,822,2026-02-06T17:00,COMPLETA,807.693,1357.5,701.5,214.0,710.5,3,0.2916666666666667,3,0,0,154,855,995.1688311688312,6.5
20264,1.0,823,2026-02-06T17:10,COMPLETA,883.9419,1054.25,144.5,260.0,839.5,4,0.23958333333333334,4,0,1,155,860,988.9193548387096,6.5
20264,1.0,824,2026-02-06T17:20,COMPLETA,793.6,1357.5,701.5,214.0,710.5,3,0.2916666666666667,3,0,0,155,860,988.9193548387096,6.5
20264,1.0,825,2026-02-06T17:30,COMPLETA,855.4722,1357.5,701.5,214.0,710.5,3,0.2916666666666667,3,0,0,155,860,988.9193548387096,6.5
20264,1.0,826,2026-02-06T17:40,COMPLETA,798.2188,1357.5,701.5,214.0,710.5,3,0.2916666666666667,3,0,0,155,860,988.9193548387096,6.5
20264,1.0,827,2026-02-06T17:50,COMPLETA,834.7831,1357.5,701.5,214.0,710.5,3,0.2916666666666667,3,0,0,155,860,988.9193548387096,6.5
20264,1.0,828,2026-02-06T18:00,COMPLETA,792.1031,1357.5,701.5,214.0,710.5,3,0.2916666666666667,3,0,0,155,860,988.9193548387096,6.5
20264,1.0,829,2026-02-06T18:10,COMPLETA,784.3794,1357.5,701.5,214.0,650.5,3,0.2916666666666667,3,0,0,155,860,988.9193548387096,6.5
20264,1.0,830,2026-02-06T18:20,COMPLETA,799.0287,1357.5,701.5,214.0,650.5,3,0.2916666666666667,3,0,0,156,865,987.6730769230769,6.5
20264,1.0,831,2026-02-06T18:30,COMPLETA,838.4266,1357.5,701.5,214.0,650.5,3,0.2916666666666667,3,0,0,156,865,987.6730769230769,6.5
20264,1.0,832,2026-02-06T18:40,COMPLETA,812.1092,1357.5,701.5,214.0,650.5,3,0.2916666666666667,3,0,1,156,865,987.6730769230769,6.5
20264,1.0,833,2026-02-06T18:50,COMPLETA,655.0605,1121.5,701.5,155.0,502.0,2,0.2916666666666667,2,0,0,157,867,982.3025477707006,6.5
20264,1.0,834,2026-02-06T19:00,COMPLETA,633.9087,1121.5,701.5,155.0,502.0,2,0.2916666666666667,2,0,0,157,867,982.3025477707006,6.5
20264,1.0,835,2026-02-06T19:10,COMPLETA,801.2908,779.8333333333334,211.0,81.0,361.5,1,0.875,3,0,0,157,867,982.3025477707006,6.5
20264,1.0,836,2026-02-06T19:20,COMPLETA,850.2386,790.75,530.0,245.0,667.5,3,0.3333333333333333,4,0,1,158,875,976.1075949367089,3.5
20264,1.0,837,2026-02-06T19:30,COMPLETA,746.3469,850.3333333333334,530.0,189.0,523.5,2,0.4375,3,0,1,158,875,976.1075949367089,3.5
20264,1.0,838,2026-02-06T19:40,COMPLETA,640.0564,999.75,524.0,116.0,354.0,1,0.5833333333333334,2,0,0,158,875,976.1075949367089,3.5
20264,1.0,839,2026-02-06T19:50,COMPLETA,631.5855,999.75,524.0,116.0,354.0,1,0.5833333333333334,2,0,0,158,875,976.1075949367089,3.5
20264,1.0,840,2026-02-06T20:00,COMPLETA,636.4469,999.75,524.0,116.0,354.0,1,0.5833333333333334,2,0,0,158,875,976.1075949367089,3.5
20264,1.0,841,2026-02-06T20:10,COMPLETA,623.2554,999.75,524.0,116.0,354.0,1,0.5833333333333334,2,0,0,158,875,976.1075949367089,3.5
20264,1.0,842,2026-02-06T20:20,COMPLETA,610.2145,999.75,524.0,116.0,354.0,1,0.5833333333333334,2,0,0,158,875,976.1075949367089,3.5
20264,1.0,843,2026-02-06T20:30,COMPLETA,627.8189,999.75,524.0,116.0,354.0,1,0.5833333333333334,2,0,0,158,875,976.1075949367089,3.5
20264,1.0,844,2026-02-06T20:40,COMPLETA,602.9403,999.75,524.0,116.0,354.0,1,0.5833333333333334,2,0,0,158,875,976.1075949367089,3.5
20264,1.0,845,2026-02-06T20:50,COMPLETA,674.6901,999.75,524.0,116.0,354.0,1,0.5833333333333334,2,0,0,159,882,981.5125786163522,3.5
20264,1.0,846,2026-02-06T21:00,COMPLETA,632.9858,999.75,524.0,116.0,354.0,1,0.5833333333333334,2,0,0,159,882,981.5125786163522,3.5
20264,1.0,847,2026-02-06T21:10,COMPLETA,644.9411,999.75,524.0,116.0,354.0,1,0.5833333333333334,2,0,0,160,885,979.203125,3.5
20264,1.0,848,2026-02-06T21:20,COMPLETA,579.6997,999.75,524.0,116.0,354.0,1,0.5833333333333334,2,0,0,160,885,979.203125,3.5
20264,1.0,849,2026-02-06T21:30,COMPLETA,615.6779,999.75,524.0,116.0,354.0,1,0.5833333333333334,2,0,0,160,885,979.203125,3.5
20264,1.0,850,2026-02-06T21:40,COMPLETA,646.0182,999.75,524.0,116.0,354.0,1,0.5833333333333334,2,0,0,160,885,979.203125,3.5
20264,1.0,851,2026-02-06T21:50,COMPLETA,644.9104,999.75,524.0,116.0,354.0,1,0.5833333333333334,2,0,0,160,885,979.203125,3.5
20264,1.0,852,2026-02-06T22:00,COMPLETA,749.8356,679.625,277.5,158.0,597.0,2,0.4166666666666667,4,0,0,160,885,979.203125,3.5
20264,1.0,853,2026-02-06T22:10,COMPLETA,755.0677,679.625,277.5,158.0,597.0,2,0.4166666666666667,4,0,0,161,892,976.472049689441,3.5
20264,1.0,854,2026-02-06T22:20,COMPLETA,859.8801,595.4,228.5,264.0,876.0,3,0.3472222222222222,5,0,0,161,892,976.472049689441,3.5
20264,1.0,855,2026-02-06T22:30,COMPLETA,1085.1883,534.6666666666666,129.0,274.0,951.0,3,0.4305555555555556,6,0,0,161,892,976.472049689441,3.5
20264,1.0,856,2026-02-06T22:40,COMPLETA,1059.944,534.6666666666666,129.0,274.0,951.0,3,0.4305555555555556,6,0,0,161,892,976.472049689441,3.5
20264,1.0,857,2026-02-06T22:50,COMPLETA,1051.6168,534.6666666666666,129.0,274.0,951.0,3,0.4305555555555556,6,0,0,161,892,976.472049689441,3.5
20264,1.0,858,2026-02-06T23:00,COMPLETA,1077.3678,534.6666666666666,129.0,274.0,951.0,3,0.4305555555555556,6,0,3,161,892,976.472049689441,3.5
20264,1.0,859,2026-02-06T23:10,COMPLETA,522.0392,55.0,55.0,90.0,255.0,1,0.2916666666666667,1,0,1,161,892,976.472049689441,3.5
20264,1.0,860,2026-02-06T23:20,COMPLETA,481.7523,2065.5,2065.5,38.0,177.0,1,0.08333333333333333,1,0,1,161,892,976.472049689441,3.5
20264,1.0,861,2026-02-06T23:30,SIN_DEMANDA,0,,,,,,,0,0,0,161,892,976.472049689441,3.5
20264,1.0,862,2026-02-06T23:40,SIN_DEMANDA,0,,,,,,,0,0,0,161,892,976.472049689441,3.5
20264,1.0,863,2026-02-06T23:50,SIN_DEMANDA,0,,,,,,,0,0,0,161,892,976.472049689441,3.5
20264,1.0,864,2026-02-07T00:00,SIN_DEMANDA,0,,,,,,,0,0,0,161,892,976.472049689441,3.5
20264,1.0,865,2026-02-07T00:10,SIN_DEMANDA,0,,,,,,,0,0,0,161,892,976.472049689441,3.5
20264,1.0,866,2026-02-07T00:20,SIN_DEMANDA,0,,,,,,,0,0,0,161,892,976.472049689441,3.5
20264,1.0,867,2026-02-07T00:30,SIN_DEMANDA,0,,,,,,,0,0,0,161,892,976.472049689441,3.5
20264,1.0,868,2026-02-07T00:40,COMPLETA,629.335,114.75,66.0,128.0,372.0,1,0.5833333333333334,2,0,0,162,893,973.9104938271605,3.5
20264,1.0,869,2026-02-07T00:50,COMPLETA,669.7816,114.75,66.0,128.0,372.0,1,0.5833333333333334,2,0,0,163,895,980.6073619631902,3.5
20264,1.0,870,2026-02-07T01:00,COMPLETA,690.2133,114.75,66.0,128.0,372.0,1,0.5833333333333334,2,0,0,163,895,980.6073619631902,3.5
20264,1.0,871,2026-02-07T01:10,COMPLETA,647.5105,114.75,66.0,128.0,372.0,1,0.5833333333333334,2,0,0,163,895,980.6073619631902,3.5
20264,1.0,872,2026-02-07T01:20,COMPLETA,618.5215,114.75,66.0,128.0,372.0,1,0.5833333333333334,2,0,0,164,900,976.4969512195122,3.5
20264,1.0,873,2026-02-07T01:30,COMPLETA,665.8633,114.75,66.0,128.0,372.0,1,0.5833333333333334,2,0,0,164,900,976.4969512195122,3.5
20264,1.0,874,2026-02-07T01:40,COMPLETA,737.0993,768.0,66.0,158.0,477.0,2,0.3125,3,0,1,164,900,976.4969512195122,3.5
20264,1.0,875,2026-02-07T01:50,COMPLETA,753.2637,123.66666666666667,66.0,174.0,501.0,2,0.3125,3,0,1,165,909,973.790909090909,3.5
20264,1.0,876,2026-02-07T02:00,COMPLETA,628.457,114.75,66.0,128.0,372.0,1,0.5833333333333334,2,0,0,165,909,973.790909090909,3.5
20264,1.0,877,2026-02-07T02:10,COMPLETA,611.173,114.75,66.0,128.0,372.0,1,0.5833333333333334,2,0,0,165,909,973.790909090909,3.5
20264,1.0,878,2026-02-07T02:20,COMPLETA,593.8279,114.75,66.0,128.0,372.0,1,0.5833333333333334,2,0,0,166,916,968.2560240963855,3.5
20264,1.0,879,2026-02-07T02:30,COMPLETA,589.281,114.75,66.0,128.0,372.0,1,0.5833333333333334,2,0,0,166,916,968.2560240963855,3.5
20264,1.0,880,2026-02-07T02:40,COMPLETA,731.4822,114.75,66.0,128.0,372.0,1,0.5833333333333334,2,0,0,167,921,963.6526946107784,3.5
20264,1.0,881,2026-02-07T02:50,COMPLETA,547.5469,114.75,66.0,128.0,372.0,1,0.5833333333333334,2,0,0,167,921,963.6526946107784,3.5
20264,1.0,882,2026-02-07T03:00,COMPLETA,616.5691,114.75,66.0,128.0,372.0,1,0.5833333333333334,2,0,0,167,921,963.6526946107784,3.5
20264,1.0,883,2026-02-07T03:10,COMPLETA,706.093,114.75,66.0,128.0,372.0,1,0.5833333333333334,2,0,0,168,922,970.264880952381,3.5
20264,1.0,884,2026-02-07T03:20,COMPLETA,621.6969,114.75,66.0,128.0,372.0,1,0.5833333333333334,2,0,0,168,922,970.264880952381,3.5
20264,1.0,885,2026-02-07T03:30,COMPLETA,685.7813,114.75,66.0,128.0,372.0,1,0.5833333333333334,2,0,0,170,928,968.3970588235294,3.5
20264,1.0,886,2026-02-07T03:40,COMPLETA,541.7681,114.75,66.0,128.0,372.0,1,0.5833333333333334,2,0,0,170,928,968.3970588235294,3.5
20264,1.0,887,2026-02-07T03:50,COMPLETA,598.6772,114.75,66.0,128.0,372.0,1,0.5833333333333334,2,0,0,170,928,968.3970588235294,3.5
20264,1.0,888,2026-02-07T04:00,COMPLETA,608.7819,114.75,66.0,128.0,372.0,1,0.5833333333333334,2,0,0,170,928,968.3970588235294,3.5
20264,1.0,889,2026-02-07T04:10,COMPLETA,542.8236,114.75,66.0,128.0,372.0,1,0.5833333333333334,2,0,0,170,928,968.3970588235294,3.5
20264,1.0,890,2026-02-07T04:20,COMPLETA,658.52,114.75,66.0,128.0,372.0,1,0.5833333333333334,2,0,0,171,934,963.4883040935673,3.5
20264,1.0,891,2026-02-07T04:30,COMPLETA,736.8473,114.75,66.0,128.0,372.0,1,0.5833333333333334,2,0,0,171,934,963.4883040935673,3.5
20264,1.0,892,2026-02-07T04:40,COMPLETA,536.0937,114.75,66.0,128.0,372.0,1,0.5833333333333334,2,0,0,171,934,963.4883040935673,3.5
20264,1.0,893,2026-02-07T04:50,COMPLETA,625.9902,114.75,66.0,128.0,372.0,1,0.5833333333333334,2,0,0,171,934,963.4883040935673,3.5
20264,1.0,894,2026-02-07T05:00,COMPLETA,653.701,114.75,66.0,128.0,372.0,1,0.5833333333333334,2,0,0,171,934,963.4883040935673,3.5
20264,1.0,895,2026-02-07T05:10,COMPLETA,729.6814,114.75,66.0,128.0,372.0,1,0.5833333333333334,2,0,0,171,934,963.4883040935673,3.5
20264,1.0,896,2026-02-07T05:20,COMPLETA,730.2058,145.33333333333334,66.0,227.0,640.5,2,0.4583333333333333,3,0,0,171,934,963.4883040935673,3.5
20264,1.0,897,2026-02-07T05:30,COMPLETA,801.834,145.33333333333334,66.0,227.0,640.5,2,0.4583333333333333,3,0,0,171,934,963.4883040935673,3.5
20264,1.0,898,2026-02-07T05:40,COMPLETA,713.2222,145.33333333333334,66.0,227.0,640.5,2,0.4583333333333333,3,0,0,171,934,963.4883040935673,3.5
20264,1.0,899,2026-02-07T05:50,COMPLETA,704.4783,145.33333333333334,66.0,227.0,640.5,2,0.4583333333333333,3,0,0,171,934,963.4883040935673,3.5
20264,1.0,900,2026-02-07T06:00,COMPLETA,856.9164,145.33333333333334,66.0,227.0,640.5,2,0.4583333333333333,3,0,0,171,934,963.4883040935673,3.5
20264,1.0,901,2026-02-07T06:10,COMPLETA,695.799,145.33333333333334,66.0,227.0,640.5,2,0.4583333333333333,3,0,0,171,934,963.4883040935673,3.5
20264,1.0,902,2026-02-07T06:20,COMPLETA,642.132,145.33333333333334,66.0,227.0,640.5,2,0.4583333333333333,3,0,0,171,934,963.4883040935673,3.5
20264,1.0,903,2026-02-07T06:30,COMPLETA,678.1235,145.33333333333334,66.0,227.0,640.5,2,0.4583333333333333,3,0,0,171,934,963.4883040935673,3.5
20264,1.0,904,2026-02-07T06:40,COMPLETA,988.6579,91.625,12.0,266.0,759.0,2,0.6458333333333334,4,0,0,171,934,963.4883040935673,3.5
20264,1.0,905,2026-02-07T06:50,COMPLETA,726.6879,91.625,12.0,266.0,759.0,2,0.6458333333333334,4,0,0,171,934,963.4883040935673,3.5
20264,1.0,906,2026-02-07T07:00,COMPLETA,733.483,91.625,12.0,266.0,759.0,2,0.6458333333333334,4,0,2,171,934,963.4883040935673,3.5
20264,1.0,907,2026-02-07T07:10,SIN_DEMANDA,0,,,,,,,0,0,0,171,934,963.4883040935673,3.5
20264,1.0,908,2026-02-07T07:20,SIN_DEMANDA,0,,,,,,,0,0,0,171,934,963.4883040935673,3.5
20264,1.0,909,2026-02-07T07:30,COMPLETA,400.8996,1005.0,1005.0,16.0,144.0,1,0.125,1,0,1,171,934,963.4883040935673,3.5
20264,1.0,910,2026-02-07T07:40,COMPLETA,382.9416,372.0,372.0,60.0,210.0,1,0.16666666666666666,1,0,1,171,934,963.4883040935673,3.5
20264,1.0,911,2026-02-07T07:50,COMPLETA,596.1377,1552.5,1552.5,106.0,279.0,1,0.25,1,0,0,171,934,963.4883040935673,3.5
20264,1.0,912,2026-02-07T08:00,COMPLETA,674.4749,1552.5,1552.5,106.0,279.0,1,0.25,1,0,0,171,934,963.4883040935673,3.5
20264,1.0,913,2026-02-07T08:10,COMPLETA,528.5492,1552.5,1552.5,106.0,279.0,1,0.25,1,0,0,171,934,963.4883040935673,3.5
20264,1.0,914,2026-02-07T08:20,COMPLETA,536.796,1552.5,1552.5,106.0,279.0,1,0.25,1,0,0,171,934,963.4883040935673,3.5
20264,1.0,915,2026-02-07T08:30,COMPLETA,727.8173,1552.5,1552.5,106.0,279.0,1,0.25,1,0,0,171,934,963.4883040935673,3.5
20264,1.0,916,2026-02-07T08:40,COMPLETA,625.072,1552.5,1552.5,106.0,279.0,1,0.25,1,0,0,171,934,963.4883040935673,3.5
20264,1.0,917,2026-02-07T08:50,COMPLETA,622.7589,904.75,257.0,193.0,529.5,2,0.2708333333333333,2,0,0,172,937,963.7296511627907,3.5
20264,1.0,918,2026-02-07T09:00,COMPLETA,637.0899,619.6666666666666,4.5,295.0,742.5,3,0.3055555555555556,3,0,1,172,937,963.7296511627907,3.5
20264,1.0,919,2026-02-07T09:10,COMPLETA,583.9464,778.5,4.5,202.0,543.0,2,0.3125,2,0,0,172,937,963.7296511627907,3.5
20264,1.0,920,2026-02-07T09:20,COMPLETA,533.187,778.5,4.5,202.0,543.0,2,0.3125,2,0,0,173,946,958.6242774566474,3.5
20264,1.0,921,2026-02-07T09:30,COMPLETA,673.0917,634.3333333333334,4.5,300.0,750.0,2,0.5208333333333334,3,0,0,174,950,955.2528735632184,3.5
20264,1.0,922,2026-02-07T09:40,COMPLETA,646.9184,634.3333333333334,4.5,300.0,750.0,2,0.5208333333333334,3,0,0,174,950,955.2528735632184,3.5
20264,1.0,923,2026-02-07T09:50,COMPLETA,680.216,634.3333333333334,4.5,300.0,690.0,2,0.5208333333333334,3,0,1,175,958,950.9742857142858,3.5
20264,1.0,924,2026-02-07T10:00,COMPLETA,627.3715,949.25,553.0,204.0,486.0,1,0.6666666666666666,2,0,0,175,958,950.9742857142858,3.5
20264,1.0,925,2026-02-07T10:10,COMPLETA,560.6846,949.25,553.0,204.0,486.0,1,0.6666666666666666,2,0,0,175,958,950.9742857142858,3.5
20264,1.0,926,2026-02-07T10:20,COMPLETA,584.2135,949.25,553.0,204.0,486.0,1,0.6666666666666666,2,0,0,175,958,950.9742857142858,3.5
20264,1.0,927,2026-02-07T10:30,COMPLETA,672.8446,949.25,553.0,204.0,486.0,1,0.6666666666666666,2,0,0,175,958,950.9742857142858,3.5
20264,1.0,928,2026-02-07T10:40,COMPLETA,654.9328,760.6666666666666,383.5,246.0,609.0,2,0.375,3,0,1,175,958,950.9742857142858,3.5
20264,1.0,929,2026-02-07T10:50,COMPLETA,582.4591,949.25,553.0,204.0,486.0,1,0.6666666666666666,2,0,0,175,958,950.9742857142858,3.5
20264,1.0,930,2026-02-07T11:00,COMPLETA,575.8404,949.25,553.0,204.0,486.0,1,0.6666666666666666,2,0,0,175,958,950.9742857142858,3.5
20264,1.0,931,2026-02-07T11:10,COMPLETA,659.0736,1316.8333333333333,553.0,268.0,642.0,2,0.3541666666666667,3,0,1,175,958,950.9742857142858,3.5
20264,1.0,932,2026-02-07T11:20,COMPLETA,582.9946,949.25,553.0,204.0,486.0,1,0.6666666666666666,2,0,0,175,958,950.9742857142858,3.5
20264,1.0,933,2026-02-07T11:30,COMPLETA,632.3988,949.25,553.0,204.0,486.0,1,0.6666666666666666,2,0,0,176,966,945.9545454545455,3.5
20264,1.0,934,2026-02-07T11:40,COMPLETA,535.4166,949.25,553.0,204.0,486.0,1,0.6666666666666666,2,0,0,177,973,942.3163841807909,3.5
20264,1.0,935,2026-02-07T11:50,COMPLETA,569.9285,949.25,553.0,204.0,486.0,1,0.6666666666666666,2,0,0,177,973,942.3163841807909,3.5
20264,1.0,936,2026-02-07T12:00,COMPLETA,640.373,1318.3333333333333,553.0,254.0,621.0,2,0.3541666666666667,3,0,1,177,973,942.3163841807909,3.5
20264,1.0,937,2026-02-07T12:10,COMPLETA,519.9834,949.25,553.0,204.0,486.0,1,0.6666666666666666,2,0,0,177,973,942.3163841807909,3.5
20264,1.0,938,2026-02-07T12:20,COMPLETA,536.6831,681.8333333333334,147.0,240.0,600.0,2,0.375,3,0,1,178,975,939.1769662921348,3.5
20264,1.0,939,2026-02-07T12:30,COMPLETA,605.794,949.25,553.0,204.0,486.0,1,0.6666666666666666,2,0,0,179,981,933.9972067039106,3.5
20264,1.0,940,2026-02-07T12:40,COMPLETA,634.1779,1256.8333333333333,553.0,277.0,715.5,2,0.5208333333333334,3,0,0,179,981,933.9972067039106,3.5
20264,1.0,941,2026-02-07T12:50,COMPLETA,590.1123,1256.8333333333333,553.0,277.0,715.5,2,0.5208333333333334,3,0,0,180,990,928.8333333333334,3.5
20264,1.0,942,2026-02-07T13:00,COMPLETA,591.6831,1256.8333333333333,553.0,277.0,715.5,2,0.5208333333333334,3,0,0,181,991,935.0386740331492,3.5
20264,1.0,943,2026-02-07T13:10,COMPLETA,556.068,1162.375,553.0,317.0,895.5,3,0.4027777777777778,4,0,0,181,991,935.0386740331492,3.5
20264,1.0,944,2026-02-07T13:20,COMPLETA,661.7175,1162.375,553.0,317.0,895.5,3,0.4027777777777778,4,0,0,181,991,935.0386740331492,3.5
20264,1.0,945,2026-02-07T13:30,COMPLETA,823.8892,1398.5833333333333,553.0,409.0,1213.5,4,0.4375,6,0,0,181,991,935.0386740331492,3.5
20264,1.0,946,2026-02-07T13:40,COMPLETA,742.4334,1398.5833333333333,553.0,409.0,1213.5,4,0.4375,6,0,0,182,992,941.2005494505495,3.5
20264,1.0,947,2026-02-07T13:50,COMPLETA,789.5061,1398.5833333333333,553.0,409.0,1213.5,4,0.4375,6,0,0,183,994,936.860655737705,3.5
20264,1.0,948,2026-02-07T14:00,COMPLETA,806.6225,1398.5833333333333,553.0,409.0,1213.5,4,0.4375,6,0,0,183,994,936.860655737705,3.5
20264,1.0,949,2026-02-07T14:10,COMPLETA,786.1205,1398.5833333333333,553.0,409.0,1213.5,4,0.4375,6,0,0,183,994,936.860655737705,3.5
20264,1.0,950,2026-02-07T14:20,COMPLETA,804.4629,1398.5833333333333,553.0,409.0,1213.5,4,0.4375,6,0,0,183,994,936.860655737705,3.5
20264,1.0,951,2026-02-07T14:30,COMPLETA,795.7232,1398.5833333333333,553.0,409.0,1213.5,4,0.4375,6,0,0,183,994,936.860655737705,3.5
20264,1.0,952,2026-02-07T14:40,COMPLETA,818.7026,1398.5833333333333,553.0,409.0,1213.5,4,0.4375,6,0,0,183,994,936.860655737705,3.5
20264,1.0,953,2026-02-07T14:50,COMPLETA,818.5915,1398.5833333333333,553.0,409.0,1213.5,4,0.4375,6,0,0,183,994,936.860655737705,3.5
20264,1.0,954,2026-02-07T15:00,COMPLETA,818.0368,1398.5833333333333,553.0,409.0,1213.5,4,0.4375,6,0,4,183,994,936.860655737705,3.5
20264,1.0,955,2026-02-07T15:10,SIN_DEMANDA,0,,,,,,,0,0,0,183,994,936.860655737705,3.5
20264,1.0,956,2026-02-07T15:20,SIN_DEMANDA,0,,,,,,,0,0,0,183,994,936.860655737705,3.5
20264,1.0,957,2026-02-07T15:30,SIN_DEMANDA,0,,,,,,,0,0,0,183,994,936.860655737705,3.5
20264,1.0,958,2026-02-07T15:40,SIN_DEMANDA,0,,,,,,,0,0,0,183,994,936.860655737705,3.5
20264,1.0,959,2026-02-07T15:50,COMPLETA,453.3194,327.5,327.5,75.0,232.5,1,0.2916666666666667,1,0,1,183,994,936.860655737705,3.5
20264,1.0,960,2026-02-07T16:00,SIN_DEMANDA,0,,,,,,,0,0,0,183,994,936.860655737705,3.5
20264,1.0,961,2026-02-07T16:10,SIN_DEMANDA,0,,,,,,,0,0,0,183,994,936.860655737705,3.5
20264,1.0,962,2026-02-07T16:20,SIN_DEMANDA,0,,,,,,,0,0,0,184,997,942.5951086956521,3.5
20264,1.0,963,2026-02-07T16:30,COMPLETA,522.5187,193.5,193.5,40.0,180.0,1,0.25,1,0,0,184,997,942.5951086956521,3.5
20264,1.0,964,2026-02-07T16:40,COMPLETA,435.2356,193.5,193.5,40.0,180.0,1,0.25,1,0,0,184,997,942.5951086956521,3.5
20264,1.0,965,2026-02-07T16:50,COMPLETA,509.7166,193.5,193.5,40.0,180.0,1,0.25,1,0,0,184,997,942.5951086956521,3.5
20264,1.0,966,2026-02-07T17:00,COMPLETA,486.4734,193.5,193.5,40.0,180.0,1,0.25,1,0,0,185,1001,942.1135135135136,3.5
20264,1.0,967,2026-02-07T17:10,COMPLETA,498.3833,193.5,193.5,40.0,180.0,1,0.25,1,0,0,185,1001,942.1135135135136,3.5
20264,1.0,968,2026-02-07T17:20,COMPLETA,483.986,193.5,193.5,40.0,180.0,1,0.25,1,0,0,185,1001,942.1135135135136,3.5
20264,1.0,969,2026-02-07T17:30,COMPLETA,531.4088,908.0,193.5,162.0,483.0,2,0.22916666666666666,2,0,0,186,1010,947.1129032258065,3.5
20264,1.0,970,2026-02-07T17:40,COMPLETA,535.6958,908.0,193.5,162.0,483.0,2,0.22916666666666666,2,0,0,186,1010,947.1129032258065,3.5
20264,1.0,971,2026-02-07T17:50,COMPLETA,535.1563,908.0,193.5,162.0,483.0,2,0.22916666666666666,2,0,0,186,1010,947.1129032258065,3.5
20264,1.0,972,2026-02-07T18:00,COMPLETA,578.3805,908.0,193.5,162.0,483.0,2,0.22916666666666666,2,0,0,186,1010,947.1129032258065,3.5
20264,1.0,973,2026-02-07T18:10,COMPLETA,565.1318,908.0,193.5,162.0,483.0,2,0.22916666666666666,2,0,0,186,1010,947.1129032258065,3.5
20264,1.0,974,2026-02-07T18:20,COMPLETA,542.7132,908.0,193.5,162.0,483.0,2,0.22916666666666666,2,0,0,188,1027,941.7207446808511,3.5
20264,1.0,975,2026-02-07T18:30,COMPLETA,552.8473,908.0,193.5,162.0,483.0,2,0.22916666666666666,2,0,0,188,1027,941.7207446808511,3.5
20264,1.0,976,2026-02-07T18:40,COMPLETA,517.5524,908.0,193.5,162.0,483.0,2,0.22916666666666666,2,0,0,188,1027,941.7207446808511,3.5
20264,1.0,977,2026-02-07T18:50,COMPLETA,704.5621,598.375,193.5,222.0,693.0,3,0.2777777777777778,4,0,1,188,1027,941.7207446808511,3.5
20264,1.0,978,2026-02-07T19:00,COMPLETA,624.3411,673.0,193.5,164.0,546.0,2,0.3333333333333333,3,0,0,188,1027,941.7207446808511,3.5
20264,1.0,979,2026-02-07T19:10,COMPLETA,568.1676,673.0,193.5,164.0,546.0,2,0.3333333333333333,3,0,0,188,1027,941.7207446808511,3.5
20264,1.0,980,2026-02-07T19:20,COMPLETA,632.3257,673.0,193.5,164.0,486.0,2,0.3333333333333333,3,0,0,188,1027,941.7207446808511,3.5
20264,1.0,981,2026-02-07T19:30,COMPLETA,698.0468,950.125,182.0,290.0,795.0,3,0.3333333333333333,4,0,0,188,1027,941.7207446808511,3.5
20264,1.0,982,2026-02-07T19:40,COMPLETA,699.2752,950.125,182.0,290.0,795.0,3,0.3333333333333333,4,0,1,188,1027,941.7207446808511,3.5
20264,1.0,983,2026-02-07T19:50,COMPLETA,653.0616,1202.3333333333333,182.0,250.0,675.0,2,0.375,3,0,0,189,1037,946.1322751322751,3.5
20264,1.0,984,2026-02-07T20:00,COMPLETA,660.4617,1202.3333333333333,182.0,250.0,675.0,2,0.375,3,0,0,189,1037,946.1322751322751,3.5
20264,1.0,985,2026-02-07T20:10,COMPLETA,619.8131,1202.3333333333333,182.0,250.0,675.0,2,0.375,3,0,0,189,1037,946.1322751322751,3.5
20264,1.0,986,2026-02-07T20:20,COMPLETA,690.9893,1202.3333333333333,182.0,250.0,675.0,2,0.375,3,0,0,189,1037,946.1322751322751,3.5
20264,1.0,987,2026-02-07T20:30,COMPLETA,699.4816,1202.3333333333333,182.0,250.0,675.0,2,0.375,3,0,0,189,1037,946.1322751322751,3.5
20264,1.0,988,2026-02-07T20:40,COMPLETA,698.563,1202.3333333333333,182.0,250.0,675.0,2,0.375,3,0,0,190,1041,943.1236842105263,3.5
20264,1.0,989,2026-02-07T20:50,COMPLETA,664.6576,1202.3333333333333,182.0,250.0,675.0,2,0.375,3,0,0,190,1041,943.1236842105263,3.5
20264,1.0,990,2026-02-07T21:00,COMPLETA,677.022,1202.3333333333333,182.0,250.0,675.0,2,0.375,3,0,0,190,1041,943.1236842105263,3.5
20264,1.0,991,2026-02-07T21:10,COMPLETA,739.3847,1069.75,107.0,260.0,750.0,2,0.5,4,0,0,190,1041,943.1236842105263,3.5
20264,1.0,992,2026-02-07T21:20,COMPLETA,932.7513,1007.8333333333334,20.5,373.0,1099.5,3,0.5833333333333334,6,0,0,191,1047,939.1989528795812,3.5
20264,1.0,993,2026-02-07T21:30,COMPLETA,878.418,878.9285714285714,20.5,422.0,1233.0,4,0.46875,7,0,1,192,1053,941.3151041666666,3.5
20264,1.0,994,2026-02-07T21:40,COMPLETA,903.8221,1001.8333333333334,20.5,373.0,1099.5,3,0.5833333333333334,6,0,0,192,1053,941.3151041666666,3.5
20264,1.0,995,2026-02-07T21:50,COMPLETA,966.383,1001.8333333333334,20.5,373.0,1099.5,3,0.5833333333333334,6,0,0,192,1053,941.3151041666666,3.5
20264,1.0,996,2026-02-07T22:00,COMPLETA,919.4633,1001.8333333333334,20.5,373.0,1099.5,3,0.5833333333333334,6,0,0,192,1053,941.3151041666666,3.5
20264,1.0,997,2026-02-07T22:10,COMPLETA,872.6313,1001.8333333333334,20.5,373.0,1099.5,3,0.5833333333333334,6,0,0,192,1053,941.3151041666666,3.5
20264,1.0,998,2026-02-07T22:20,COMPLETA,950.7187,945.7142857142857,20.5,381.0,1231.5,4,0.46875,7,0,0,192,1053,941.3151041666666,3.5
20264,1.0,999,2026-02-07T22:30,COMPLETA,952.3508,945.7142857142857,20.5,381.0,1231.5,4,0.46875,7,0,0,192,1053,941.3151041666666,3.5
20264,1.0,1000,2026-02-07T22:40,COMPLETA,923.739,945.7142857142857,20.5,381.0,1231.5,4,0.46875,7,0,0,192,1053,941.3151041666666,3.5
20264,1.0,1001,2026-02-07T22:50,COMPLETA,905.3451,945.7142857142857,20.5,381.0,1231.5,4,0.46875,7,0,0,192,1053,941.3151041666666,3.5
20264,1.0,1002,2026-02-07T23:00,COMPLETA,960.4479,945.7142857142857,20.5,381.0,1231.5,4,0.46875,7,0,3,193,1056,937.240932642487,3.5
20264,1.0,1003,2026-02-07T23:10,COMPLETA,573.3556,1175.5,1046.5,138.0,387.0,1,0.5416666666666666,2,0,0,193,1056,937.240932642487,3.5
20264,1.0,1004,2026-02-07T23:20,COMPLETA,641.9498,1111.1666666666667,982.5,180.0,570.0,2,0.3541666666666667,3,0,1,193,1056,937.240932642487,3.5
20264,1.0,1005,2026-02-07T23:30,COMPLETA,543.5512,1175.5,1046.5,138.0,387.0,1,0.5416666666666666,2,0,0,193,1056,937.240932642487,3.5
20264,1.0,1006,2026-02-07T23:40,COMPLETA,564.8691,1175.5,1046.5,138.0,387.0,1,0.5416666666666666,2,0,0,193,1056,937.240932642487,3.5
20264,1.0,1007,2026-02-07T23:50,COMPLETA,501.4494,1175.5,1046.5,138.0,387.0,1,0.5416666666666666,2,0,0,193,1056,937.240932642487,3.5
20264,1.0,1008,2026-02-08T00:00,COMPLETA,588.5349,1175.5,1046.5,138.0,387.0,1,0.5416666666666666,2,0,0,193,1056,937.240932642487,3.5
20264,1.0,1009,2026-02-08T00:10,COMPLETA,586.0711,1443.1666666666667,1046.5,230.0,645.0,2,0.4791666666666667,3,0,1,194,1059,935.5489690721649,3.5
20264,1.0,1010,2026-02-08T00:20,COMPLETA,505.506,1175.5,1046.5,138.0,387.0,1,0.5416666666666666,2,0,0,194,1059,935.5489690721649,3.5
20264,1.0,1011,2026-02-08T00:30,COMPLETA,546.0005,1175.5,1046.5,138.0,387.0,1,0.5416666666666666,2,0,0,194,1059,935.5489690721649,3.5
20264,1.0,1012,2026-02-08T00:40,COMPLETA,533.8153,1175.5,1046.5,138.0,387.0,1,0.5416666666666666,2,0,0,194,1059,935.5489690721649,3.5
20264,1.0,1013,2026-02-08T00:50,COMPLETA,544.7861,1175.5,1046.5,138.0,387.0,1,0.5416666666666666,2,0,0,194,1059,935.5489690721649,3.5
20264,1.0,1014,2026-02-08T01:00,COMPLETA,566.2957,1175.5,1046.5,138.0,387.0,1,0.5416666666666666,2,0,0,196,1073,931.1198979591836,3.5
20264,1.0,1015,2026-02-08T01:10,COMPLETA,538.5529,1175.5,1046.5,138.0,387.0,1,0.5416666666666666,2,0,0,196,1073,931.1198979591836,3.5
20264,1.0,1016,2026-02-08T01:20,COMPLETA,487.9374,1175.5,1046.5,138.0,387.0,1,0.5416666666666666,2,0,0,197,1081,936.1167512690355,3.5
20264,1.0,1017,2026-02-08T01:30,COMPLETA,536.8112,1175.5,1046.5,138.0,387.0,1,0.5416666666666666,2,0,0,197,1081,936.1167512690355,3.5
20264,1.0,1018,2026-02-08T01:40,COMPLETA,536.9061,915.0,394.0,170.0,495.0,2,0.2916666666666667,3,0,1,197,1081,936.1167512690355,3.5
20264,1.0,1019,2026-02-08T01:50,COMPLETA,483.0148,1175.5,1046.5,138.0,387.0,1,0.5416666666666666,2,0,0,197,1081,936.1167512690355,3.5
20264,1.0,1020,2026-02-08T02:00,COMPLETA,503.0082,1175.5,1046.5,138.0,387.0,1,0.5416666666666666,2,0,0,197,1081,936.1167512690355,3.5
20264,1.0,1021,2026-02-08T02:10,COMPLETA,570.7211,1175.5,1046.5,138.0,387.0,1,0.5416666666666666,2,0,0,197,1081,936.1167512690355,3.5
20264,1.0,1022,2026-02-08T02:20,COMPLETA,662.0898,1175.5,1046.5,138.0,387.0,1,0.5416666666666666,2,0,0,197,1081,936.1167512690355,3.5
20264,1.0,1023,2026-02-08T02:30,COMPLETA,565.1211,1175.5,1046.5,138.0,387.0,1,0.5416666666666666,2,0,0,197,1081,936.1167512690355,3.5
20264,1.0,1024,2026-02-08T02:40,COMPLETA,679.7524,1175.5,1046.5,138.0,387.0,1,0.5416666666666666,2,0,0,197,1081,936.1167512690355,3.5
20264,1.0,1025,2026-02-08T02:50,COMPLETA,817.8771,1357.0,1046.5,236.0,654.0,2,0.3958333333333333,3,0,0,197,1081,936.1167512690355,3.5
20264,1.0,1026,2026-02-08T03:00,COMPLETA,618.2803,1357.0,1046.5,236.0,654.0,2,0.3958333333333333,3,0,0,197,1081,936.1167512690355,3.5
20264,1.0,1027,2026-02-08T03:10,COMPLETA,605.9894,1357.0,1046.5,236.0,654.0,2,0.3958333333333333,3,0,0,198,1082,933.3787878787879,3.5
20264,1.0,1028,2026-02-08T03:20,COMPLETA,580.1946,1357.0,1046.5,236.0,654.0,2,0.3958333333333333,3,0,0,199,1092,938.6306532663317,3.5
20264,1.0,1029,2026-02-08T03:30,COMPLETA,616.818,1357.0,1046.5,236.0,654.0,2,0.3958333333333333,3,0,0,200,1098,937.4475,3.5
20264,1.0,1030,2026-02-08T03:40,COMPLETA,601.7653,1357.0,1046.5,236.0,654.0,2,0.3958333333333333,3,0,0,200,1098,937.4475,3.5
20264,1.0,1031,2026-02-08T03:50,COMPLETA,617.3726,1357.0,1046.5,236.0,654.0,2,0.3958333333333333,3,0,0,200,1098,937.4475,3.5
20264,1.0,1032,2026-02-08T04:00,COMPLETA,611.5163,1357.0,1046.5,236.0,654.0,2,0.3958333333333333,3,0,0,200,1098,937.4475,3.5
20264,1.0,1033,2026-02-08T04:10,COMPLETA,539.0098,1357.0,1046.5,236.0,654.0,2,0.3958333333333333,3,0,0,200,1098,937.4475,3.5
20264,1.0,1034,2026-02-08T04:20,COMPLETA,582.8137,1357.0,1046.5,236.0,654.0,2,0.3958333333333333,3,0,0,200,1098,937.4475,3.5
20264,1.0,1035,2026-02-08T04:30,COMPLETA,561.7882,1357.0,1046.5,236.0,654.0,2,0.3958333333333333,3,0,0,200,1098,937.4475,3.5
20264,1.0,1036,2026-02-08T04:40,COMPLETA,597.1464,1357.0,1046.5,236.0,654.0,2,0.3958333333333333,3,0,0,200,1098,937.4475,3.5
20264,1.0,1037,2026-02-08T04:50,COMPLETA,616.6249,1357.0,1046.5,236.0,654.0,2,0.3958333333333333,3,0,0,200,1098,937.4475,3.5
20264,1.0,1038,2026-02-08T05:00,COMPLETA,598.2651,1357.0,1046.5,236.0,654.0,2,0.3958333333333333,3,0,0,200,1098,937.4475,3.5
20264,1.0,1039,2026-02-08T05:10,COMPLETA,600.9691,1357.0,1046.5,236.0,654.0,2,0.3958333333333333,3,0,0,200,1098,937.4475,3.5
20264,1.0,1040,2026-02-08T05:20,COMPLETA,629.2599,1357.0,1046.5,236.0,654.0,2,0.3958333333333333,3,0,0,200,1098,937.4475,3.5
20264,1.0,1041,2026-02-08T05:30,COMPLETA,592.5816,1357.0,1046.5,236.0,654.0,2,0.3958333333333333,3,0,0,200,1098,937.4475,3.5
20264,1.0,1042,2026-02-08T05:40,COMPLETA,633.2136,1357.0,1046.5,236.0,654.0,2,0.3958333333333333,3,0,0,201,1103,933.092039800995,3.5
20264,1.0,1043,2026-02-08T05:50,COMPLETA,622.2699,1357.0,1046.5,236.0,654.0,2,0.3958333333333333,3,0,0,201,1103,933.092039800995,3.5
20264,1.0,1044,2026-02-08T06:00,COMPLETA,576.0459,1357.0,1046.5,236.0,654.0,2,0.3958333333333333,3,0,0,201,1103,933.092039800995,3.5
20264,1.0,1045,2026-02-08T06:10,COMPLETA,613.3127,1357.0,1046.5,236.0,654.0,2,0.3958333333333333,3,0,0,201,1103,933.092039800995,3.5
20264,1.0,1046,2026-02-08T06:20,COMPLETA,578.4601,1357.0,1046.5,236.0,654.0,2,0.3958333333333333,3,0,0,201,1103,933.092039800995,3.5
20264,1.0,1047,2026-02-08T06:30,COMPLETA,720.9588,1528.875,1046.5,258.0,807.0,3,0.2916666666666667,4,0,0,201,1103,933.092039800995,3.5
20264,1.0,1048,2026-02-08T06:40,COMPLETA,655.0368,1528.875,1046.5,258.0,807.0,3,0.2916666666666667,4,0,0,201,1103,933.092039800995,3.5
20264,1.0,1049,2026-02-08T06:50,COMPLETA,652.0128,1528.875,1046.5,258.0,807.0,3,0.2916666666666667,4,0,0,201,1103,933.092039800995,3.5
20264,1.0,1050,2026-02-08T07:00,COMPLETA,640.3564,1528.875,1046.5,258.0,807.0,3,0.2916666666666667,4,0,2,201,1103,933.092039800995,3.5
20264,1.0,1051,2026-02-08T07:10,COMPLETA,486.0964,1175.5,1046.5,138.0,387.0,1,0.5416666666666666,2,0,1,201,1103,933.092039800995,3.5
20264,1.0,1052,2026-02-08T07:20,COMPLETA,392.9924,2059.5,2059.5,50.0,195.0,1,0.125,1,0,1,201,1103,933.092039800995,3.5
20264,1.0,1053,2026-02-08T07:30,SIN_DEMANDA,0,,,,,,,0,0,0,201,1103,933.092039800995,3.5
20264,1.0,1054,2026-02-08T07:40,SIN_DEMANDA,0,,,,,,,0,0,0,201,1103,933.092039800995,3.5
20264,1.0,1055,2026-02-08T07:50,SIN_DEMANDA,0,,,,,,,0,0,0,201,1103,933.092039800995,3.5
20264,1.0,1056,2026-02-08T08:00,SIN_DEMANDA,0,,,,,,,0,0,0,201,1103,933.092039800995,3.5
20264,1.0,1057,2026-02-08T08:10,COMPLETA,528.4421,1590.0,1590.0,85.0,247.5,1,0.20833333333333334,1,0,0,201,1103,933.092039800995,3.5
20264,1.0,1058,2026-02-08T08:20,COMPLETA,446.8257,1590.0,1590.0,85.0,247.5,1,0.20833333333333334,1,0,0,202,1105,938.5940594059406,3.5
20264,1.0,1059,2026-02-08T08:30,COMPLETA,454.2401,1590.0,1590.0,85.0,247.5,1,0.20833333333333334,1,0,0,202,1105,938.5940594059406,3.5
20264,1.0,1060,2026-02-08T08:40,COMPLETA,539.4292,1535.5,1481.0,124.0,366.0,1,0.5416666666666666,2,0,0,202,1105,938.5940594059406,3.5
20264,1.0,1061,2026-02-08T08:50,COMPLETA,539.5892,1535.5,1481.0,124.0,366.0,1,0.5416666666666666,2,0,0,202,1105,938.5940594059406,3.5
20264,1.0,1062,2026-02-08T09:00,COMPLETA,499.0153,1535.5,1481.0,124.0,366.0,1,0.5416666666666666,2,0,0,203,1108,944.115763546798,3.5
20264,1.0,1063,2026-02-08T09:10,COMPLETA,526.9508,1535.5,1481.0,124.0,366.0,1,0.5416666666666666,2,0,0,203,1108,944.115763546798,3.5
20264,1.0,1064,2026-02-08T09:20,COMPLETA,609.1364,1293.8333333333333,810.5,191.0,586.5,2,0.4166666666666667,3,0,0,203,1108,944.115763546798,3.5
20264,1.0,1065,2026-02-08T09:30,COMPLETA,539.1514,1293.8333333333333,810.5,191.0,586.5,2,0.4166666666666667,3,0,0,203,1108,944.115763546798,3.5
20264,1.0,1066,2026-02-08T09:40,COMPLETA,559.8605,1293.8333333333333,810.5,191.0,586.5,2,0.4166666666666667,3,0,0,204,1116,945.8823529411765,3.5
20264,1.0,1067,2026-02-08T09:50,COMPLETA,537.2774,1293.8333333333333,810.5,191.0,586.5,2,0.4166666666666667,3,0,0,204,1116,945.8823529411765,3.5
20264,1.0,1068,2026-02-08T10:00,COMPLETA,583.1892,1470.75,897.5,271.0,766.5,3,0.3611111111111111,4,0,1,204,1116,945.8823529411765,3.5
20264,1.0,1069,2026-02-08T10:10,COMPLETA,617.6381,1661.8333333333333,1481.0,204.0,606.0,2,0.3958333333333333,3,0,0,205,1122,949.6585365853658,3.5
20264,1.0,1070,2026-02-08T10:20,COMPLETA,584.5806,1661.8333333333333,1481.0,204.0,606.0,2,0.3958333333333333,3,0,0,205,1122,949.6585365853658,3.5
20264,1.0,1071,2026-02-08T10:30,COMPLETA,580.4584,1661.8333333333333,1481.0,204.0,606.0,2,0.3958333333333333,3,0,0,205,1122,949.6585365853658,3.5
20264,1.0,1072,2026-02-08T10:40,COMPLETA,591.6922,1661.8333333333333,1481.0,204.0,606.0,2,0.3958333333333333,3,0,0,205,1122,949.6585365853658,3.5
20264,1.0,1073,2026-02-08T10:50,COMPLETA,610.9416,1661.8333333333333,1481.0,204.0,606.0,2,0.3958333333333333,3,0,0,205,1122,949.6585365853658,3.5
20264,1.0,1074,2026-02-08T11:00,COMPLETA,778.7042,1733.0,1619.5,271.0,766.5,3,0.3333333333333333,4,0,0,205,1122,949.6585365853658,3.5
20264,1.0,1075,2026-02-08T11:10,COMPLETA,814.0955,1665.6666666666667,992.0,340.0,930.0,5,0.25833333333333336,6,0,2,205,1122,949.6585365853658,3.5
20264,1.0,1076,2026-02-08T11:20,COMPLETA,670.6534,1733.75,1481.0,268.0,702.0,3,0.3333333333333333,4,0,1,205,1122,949.6585365853658,3.5
20264,1.0,1077,2026-02-08T11:30,COMPLETA,617.2978,1607.5,1481.0,227.0,640.5,2,0.375,3,0,0,205,1122,949.6585365853658,3.5
20264,1.0,1078,2026-02-08T11:40,COMPLETA,611.2527,1607.5,1481.0,227.0,640.5,2,0.375,3,0,0,205,1122,949.6585365853658,3.5
20264,1.0,1079,2026-02-08T11:50,COMPLETA,663.794,1607.5,1481.0,227.0,640.5,2,0.375,3,0,0,205,1122,949.6585365853658,3.5
20264,1.0,1080,2026-02-08T12:00,COMPLETA,600.3704,1607.5,1481.0,227.0,640.5,2,0.375,3,0,0,206,1127,950.1286407766991,3.5
20264,1.0,1081,2026-02-08T12:10,COMPLETA,611.9196,1607.5,1481.0,227.0,640.5,2,0.375,3,0,0,206,1127,950.1286407766991,3.5
20264,1.0,1082,2026-02-08T12:20,COMPLETA,639.3303,1233.5,111.5,291.0,796.5,3,0.3888888888888889,4,0,0,207,1134,949.8743961352657,3.5
20264,1.0,1083,2026-02-08T12:30,COMPLETA,708.9603,1233.5,111.5,291.0,796.5,3,0.3888888888888889,4,0,0,207,1134,949.8743961352657,3.5
20264,1.0,1084,2026-02-08T12:40,COMPLETA,678.2138,1233.5,111.5,291.0,796.5,3,0.3888888888888889,4,0,1,209,1141,955.421052631579,3.5
20264,1.0,1085,2026-02-08T12:50,COMPLETA,656.1712,1607.5,1481.0,227.0,640.5,2,0.375,3,0,0,209,1141,955.421052631579,3.5
20264,1.0,1086,2026-02-08T13:00,COMPLETA,646.7302,1607.5,1481.0,227.0,640.5,2,0.375,3,0,0,209,1141,955.421052631579,3.5
20264,1.0,1087,2026-02-08T13:10,COMPLETA,742.4636,1607.5,1481.0,227.0,640.5,2,0.375,3,0,0,209,1141,955.421052631579,3.5
20264,1.0,1088,2026-02-08T13:20,COMPLETA,613.1317,1607.5,1481.0,227.0,640.5,2,0.375,3,0,0,209,1141,955.421052631579,3.5
20264,1.0,1089,2026-02-08T13:30,COMPLETA,847.6598,1668.25,1596.0,237.0,715.5,2,0.5416666666666666,4,0,0,209,1141,955.421052631579,3.5
20264,1.0,1090,2026-02-08T13:40,COMPLETA,823.0977,1668.25,1596.0,237.0,715.5,2,0.5416666666666666,4,0,0,209,1141,955.421052631579,3.5
20264,1.0,1091,2026-02-08T13:50,COMPLETA,824.1874,1668.25,1596.0,237.0,715.5,2,0.5416666666666666,4,0,0,209,1141,955.421052631579,3.5
20264,1.0,1092,2026-02-08T14:00,COMPLETA,825.9254,1668.25,1596.0,237.0,715.5,2,0.5416666666666666,4,0,0,210,1147,959.9880952380952,3.5
20264,1.0,1093,2026-02-08T14:10,COMPLETA,816.8529,1668.25,1596.0,237.0,715.5,2,0.5416666666666666,4,0,0,210,1147,959.9880952380952,3.5
20264,1.0,1094,2026-02-08T14:20,COMPLETA,1049.4267,1578.8333333333333,846.0,380.0,1170.0,4,0.3958333333333333,6,0,0,210,1147,959.9880952380952,3.5
20264,1.0,1095,2026-02-08T14:30,COMPLETA,1118.8635,1578.8333333333333,846.0,380.0,1170.0,4,0.3958333333333333,6,0,0,211,1157,955.9668246445498,3.5
20264,1.0,1096,2026-02-08T14:40,COMPLETA,1143.8769,1578.8333333333333,846.0,380.0,1170.0,4,0.3958333333333333,6,0,0,211,1157,955.9668246445498,3.5
20264,1.0,1097,2026-02-08T14:50,COMPLETA,1101.1879,1578.8333333333333,846.0,380.0,1170.0,4,0.3958333333333333,6,0,0,211,1157,955.9668246445498,3.5
20264,1.0,1098,2026-02-08T15:00,COMPLETA,1065.7562,1578.8333333333333,846.0,380.0,1170.0,4,0.3958333333333333,6,0,3,211,1157,955.9668246445498,3.5
20264,1.0,1099,2026-02-08T15:10,COMPLETA,551.7677,1188.5,1188.5,39.0,178.5,1,0.3333333333333333,1,0,0,211,1157,955.9668246445498,3.5
20264,1.0,1100,2026-02-08T15:20,COMPLETA,580.2668,1188.5,1188.5,39.0,178.5,1,0.3333333333333333,1,0,0,211,1157,955.9668246445498,3.5
20264,1.0,1101,2026-02-08T15:30,COMPLETA,507.2169,1188.5,1188.5,39.0,178.5,1,0.3333333333333333,1,0,0,211,1157,955.9668246445498,3.5
20264,1.0,1102,2026-02-08T15:40,COMPLETA,576.5449,1188.5,1188.5,39.0,178.5,1,0.3333333333333333,1,0,0,211,1157,955.9668246445498,3.5
20264,1.0,1103,2026-02-08T15:50,COMPLETA,523.1699,1188.5,1188.5,39.0,178.5,1,0.3333333333333333,1,0,0,211,1157,955.9668246445498,3.5
20264,1.0,1104,2026-02-08T16:00,COMPLETA,564.447,610.5,182.5,99.0,328.5,1,0.7083333333333334,2,0,0,211,1157,955.9668246445498,3.5
20264,1.0,1105,2026-02-08T16:10,COMPLETA,583.3711,610.5,182.5,99.0,328.5,1,0.7083333333333334,2,0,0,212,1160,961.127358490566,3.5
20264,1.0,1106,2026-02-08T16:20,COMPLETA,588.4014,610.5,182.5,99.0,328.5,1,0.7083333333333334,2,0,0,212,1160,961.127358490566,3.5
20264,1.0,1107,2026-02-08T16:30,COMPLETA,583.529,610.5,182.5,99.0,328.5,1,0.7083333333333334,2,0,0,212,1160,961.127358490566,3.5
20264,1.0,1108,2026-02-08T16:40,COMPLETA,550.7158,610.5,182.5,99.0,328.5,1,0.7083333333333334,2,0,0,212,1160,961.127358490566,3.5
20264,1.0,1109,2026-02-08T16:50,COMPLETA,575.2419,610.5,182.5,99.0,328.5,1,0.7083333333333334,2,0,0,212,1160,961.127358490566,3.5
20264,1.0,1110,2026-02-08T17:00,COMPLETA,519.7089,610.5,182.5,99.0,328.5,1,0.7083333333333334,2,0,0,212,1160,961.127358490566,3.5
20264,1.0,1111,2026-02-08T17:10,COMPLETA,600.5802,610.5,182.5,99.0,328.5,1,0.7083333333333334,2,0,0,212,1160,961.127358490566,3.5
20264,1.0,1112,2026-02-08T17:20,COMPLETA,505.2584,610.5,182.5,99.0,328.5,1,0.7083333333333334,2,0,0,212,1160,961.127358490566,3.5
20264,1.0,1113,2026-02-08T17:30,COMPLETA,547.6099,610.5,182.5,99.0,328.5,1,0.7083333333333334,2,0,0,213,1165,964.1079812206573,3.5
20264,1.0,1114,2026-02-08T17:40,COMPLETA,608.1079,447.0,180.0,99.0,388.5,1,0.9583333333333334,3,0,0,213,1165,964.1079812206573,3.5
20264,1.0,1115,2026-02-08T17:50,COMPLETA,576.7113,447.0,180.0,99.0,388.5,1,0.9583333333333334,3,0,0,213,1165,964.1079812206573,3.5
20264,1.0,1116,2026-02-08T18:00,COMPLETA,600.1353,373.125,151.5,129.0,493.5,2,0.5208333333333334,4,0,1,213,1165,964.1079812206573,3.5
20264,1.0,1117,2026-02-08T18:10,COMPLETA,638.0553,447.0,180.0,99.0,388.5,1,0.9583333333333334,3,0,0,213,1165,964.1079812206573,3.5
20264,1.0,1118,2026-02-08T18:20,COMPLETA,603.4395,447.0,180.0,99.0,388.5,1,0.9583333333333334,3,0,0,214,1174,963.5560747663551,3.5
20264,1.0,1119,2026-02-08T18:30,COMPLETA,600.4615,447.0,180.0,99.0,388.5,1,0.9583333333333334,3,0,0,214,1174,963.5560747663551,3.5
20264,1.0,1120,2026-02-08T18:40,COMPLETA,518.636,447.0,180.0,99.0,388.5,1,0.9583333333333334,3,0,0,214,1174,963.5560747663551,3.5
20264,1.0,1121,2026-02-08T18:50,COMPLETA,598.5264,447.0,180.0,99.0,388.5,1,0.9583333333333334,3,0,0,214,1174,963.5560747663551,3.5
20264,1.0,1122,2026-02-08T19:00,COMPLETA,533.7073,447.0,180.0,99.0,388.5,1,0.9583333333333334,3,0,0,214,1174,963.5560747663551,3.5
20264,1.0,1123,2026-02-08T19:10,COMPLETA,658.8481,447.0,180.0,99.0,388.5,1,0.9583333333333334,3,0,0,214,1174,963.5560747663551,3.5
20264,1.0,1124,2026-02-08T19:20,COMPLETA,574.5698,447.0,180.0,99.0,388.5,1,0.9583333333333334,3,0,0,214,1174,963.5560747663551,3.5
20264,1.0,1125,2026-02-08T19:30,COMPLETA,586.834,447.0,180.0,99.0,388.5,1,0.9583333333333334,3,0,0,215,1176,959.7790697674419,3.5
20264,1.0,1126,2026-02-08T19:40,COMPLETA,659.7705,774.0,180.0,205.0,667.5,2,0.5833333333333334,4,0,0,215,1176,959.7790697674419,3.5
20264,1.0,1127,2026-02-08T19:50,COMPLETA,671.1408,774.0,180.0,205.0,667.5,2,0.5833333333333334,4,0,0,215,1176,959.7790697674419,3.5
20264,1.0,1128,2026-02-08T20:00,COMPLETA,774.6855,774.0,180.0,205.0,667.5,2,0.5833333333333334,4,0,0,216,1184,963.5138888888889,3.5
20264,1.0,1129,2026-02-08T20:10,COMPLETA,696.1769,774.0,180.0,205.0,667.5,2,0.5833333333333334,4,0,0,216,1184,963.5138888888889,3.5
20264,1.0,1130,2026-02-08T20:20,COMPLETA,669.4634,774.0,180.0,205.0,667.5,2,0.5833333333333334,4,0,0,216,1184,963.5138888888889,3.5
20264,1.0,1131,2026-02-08T20:30,COMPLETA,671.8722,774.0,180.0,205.0,667.5,2,0.5833333333333334,4,0,0,216,1184,963.5138888888889,3.5
20264,1.0,1132,2026-02-08T20:40,COMPLETA,653.2168,774.0,180.0,205.0,667.5,2,0.5833333333333334,4,0,0,216,1184,963.5138888888889,3.5
20264,1.0,1133,2026-02-08T20:50,COMPLETA,1033.7215,626.5,70.0,366.0,1149.0,4,0.4583333333333333,6,0,0,216,1184,963.5138888888889,3.5
20264,1.0,1134,2026-02-08T21:00,COMPLETA,988.8251,626.5,70.0,366.0,1149.0,4,0.4583333333333333,6,0,0,217,1189,966.2741935483871,3.5
20264,1.0,1135,2026-02-08T21:10,COMPLETA,989.1847,626.5,70.0,366.0,1149.0,4,0.4583333333333333,6,0,0,217,1189,966.2741935483871,3.5
20264,1.0,1136,2026-02-08T21:20,COMPLETA,1006.51,626.5,70.0,366.0,1149.0,4,0.4583333333333333,6,0,0,217,1189,966.2741935483871,3.5
20264,1.0,1137,2026-02-08T21:30,COMPLETA,951.8863,626.5,70.0,366.0,1149.0,4,0.4583333333333333,6,0,0,217,1189,966.2741935483871,3.5
20264,1.0,1138,2026-02-08T21:40,COMPLETA,932.4174,626.5,70.0,366.0,1149.0,4,0.4583333333333333,6,0,0,217,1189,966.2741935483871,3.5
20264,1.0,1139,2026-02-08T21:50,COMPLETA,1006.7564,626.5,70.0,366.0,1149.0,4,0.4583333333333333,6,0,0,217,1189,966.2741935483871,3.5
20264,1.0,1140,2026-02-08T22:00,COMPLETA,1137.3105,668.4285714285714,70.0,424.0,1356.0,5,0.4,7,0,0,217,1189,966.2741935483871,3.5
20264,1.0,1141,2026-02-08T22:10,COMPLETA,1060.7249,668.4285714285714,70.0,424.0,1356.0,5,0.4,7,0,0,217,1189,966.2741935483871,3.5
20264,1.0,1142,2026-02-08T22:20,COMPLETA,1167.8336,668.4285714285714,70.0,424.0,1356.0,5,0.4,7,0,0,217,1189,966.2741935483871,3.5
20264,1.0,1143,2026-02-08T22:30,COMPLETA,1246.4543,798.1875,1.0,496.0,1584.0,5,0.48333333333333334,8,0,0,217,1189,966.2741935483871,3.5
20264,1.0,1144,2026-02-08T22:40,COMPLETA,1396.4138,926.7777777777778,70.0,488.0,1572.0,5,0.5583333333333333,9,0,0,217,1189,966.2741935483871,3.5
20264,1.0,1145,2026-02-08T22:50,COMPLETA,1597.6521,847.4090909090909,4.0,538.0,1887.0,6,0.5555555555555556,11,0,0,217,1189,966.2741935483871,3.5
20264,1.0,1146,2026-02-08T23:00,COMPLETA,1559.6877,847.4090909090909,4.0,538.0,1887.0,6,0.5555555555555556,11,0,6,217,1189,966.2741935483871,3.5
20264,1.0,1147,2026-02-08T23:10,SIN_DEMANDA,0,,,,,,,0,0,0,217,1189,966.2741935483871,3.5
20264,1.0,1148,2026-02-08T23:20,SIN_DEMANDA,0,,,,,,,0,0,0,217,1189,966.2741935483871,3.5
20264,1.0,1149,2026-02-08T23:30,SIN_DEMANDA,0,,,,,,,0,0,0,217,1189,966.2741935483871,3.5
20264,1.0,1150,2026-02-08T23:40,SIN_DEMANDA,0,,,,,,,0,0,0,217,1189,966.2741935483871,3.5
20264,1.0,1151,2026-02-08T23:50,SIN_DEMANDA,0,,,,,,,0,0,0,217,1189,966.2741935483871,3.5
20264,1.0,1152,2026-02-09T00:00,SIN_DEMANDA,0,,,,,,,0,0,0,217,1189,966.2741935483871,3.5
20264,1.0,1153,2026-02-09T00:10,SIN_DEMANDA,0,,,,,,,0,0,0,217,1189,966.2741935483871,3.5
20264,1.0,1154,2026-02-09T00:20,SIN_DEMANDA,0,,,,,,,0,0,0,218,1193,966.1720183486239,3.5
20264,1.0,1155,2026-02-09T00:30,SIN_DEMANDA,0,,,,,,,0,0,0,218,1193,966.1720183486239,3.5
20264,1.0,1156,2026-02-09T00:40,SIN_DEMANDA,0,,,,,,,0,0,0,218,1193,966.1720183486239,3.5
20264,1.0,1157,2026-02-09T00:50,SIN_DEMANDA,0,,,,,,,0,0,0,218,1193,966.1720183486239,3.5
20264,1.0,1158,2026-02-09T01:00,COMPLETA,501.9035,1621.5,1621.5,84.0,246.0,1,0.3333333333333333,1,0,0,220,1210,960.3681818181818,3.5
20264,1.0,1159,2026-02-09T01:10,COMPLETA,532.1358,1621.5,1621.5,84.0,246.0,1,0.3333333333333333,1,0,0,220,1210,960.3681818181818,3.5
20264,1.0,1160,2026-02-09T01:20,COMPLETA,565.5428,1621.5,1621.5,84.0,246.0,1,0.3333333333333333,1,0,0,220,1210,960.3681818181818,3.5
20264,1.0,1161,2026-02-09T01:30,COMPLETA,500.5381,1621.5,1621.5,84.0,246.0,1,0.3333333333333333,1,0,0,220,1210,960.3681818181818,3.5
20264,1.0,1162,2026-02-09T01:40,COMPLETA,485.0249,1621.5,1621.5,84.0,246.0,1,0.3333333333333333,1,0,0,220,1210,960.3681818181818,3.5
20264,1.0,1163,2026-02-09T01:50,COMPLETA,511.7706,1621.5,1621.5,84.0,246.0,1,0.3333333333333333,1,0,0,222,1229,961.6193693693693,3.5
20264,1.0,1164,2026-02-09T02:00,COMPLETA,665.8519,1096.5,571.5,155.0,412.5,2,0.1875,2,0,1,222,1229,961.6193693693693,3.5
20264,1.0,1165,2026-02-09T02:10,COMPLETA,604.3224,1621.5,1621.5,84.0,246.0,1,0.3333333333333333,1,0,0,222,1229,961.6193693693693,3.5
20264,1.0,1166,2026-02-09T02:20,COMPLETA,578.8611,824.75,28.0,176.0,504.0,2,0.375,2,0,0,222,1229,961.6193693693693,3.5
20264,1.0,1167,2026-02-09T02:30,COMPLETA,503.4656,824.75,28.0,176.0,504.0,2,0.375,2,0,0,222,1229,961.6193693693693,3.5
20264,1.0,1168,2026-02-09T02:40,COMPLETA,509.6154,824.75,28.0,176.0,504.0,2,0.375,2,0,0,222,1229,961.6193693693693,3.5
20264,1.0,1169,2026-02-09T02:50,COMPLETA,492.0088,824.75,28.0,176.0,444.0,2,0.375,2,0,0,223,1236,961.0358744394618,3.5
20264,1.0,1170,2026-02-09T03:00,COMPLETA,554.2155,824.75,28.0,176.0,444.0,2,0.375,2,0,1,224,1242,957.7790178571429,3.5
20264,1.0,1171,2026-02-09T03:10,COMPLETA,515.8844,1621.5,1621.5,84.0,246.0,1,0.3333333333333333,1,0,0,224,1242,957.7790178571429,3.5
20264,1.0,1172,2026-02-09T03:20,COMPLETA,486.3437,1621.5,1621.5,84.0,246.0,1,0.3333333333333333,1,0,0,224,1242,957.7790178571429,3.5
20264,1.0,1173,2026-02-09T03:30,COMPLETA,517.6548,1845.75,1621.5,124.0,366.0,2,0.20833333333333334,2,0,1,225,1248,961.7666666666667,3.5
20264,1.0,1174,2026-02-09T03:40,COMPLETA,439.5449,1621.5,1621.5,84.0,246.0,1,0.3333333333333333,1,0,0,225,1248,961.7666666666667,3.5
20264,1.0,1175,2026-02-09T03:50,COMPLETA,441.3031,1621.5,1621.5,84.0,246.0,1,0.3333333333333333,1,0,0,225,1248,961.7666666666667,3.5
20264,1.0,1176,2026-02-09T04:00,COMPLETA,457.4691,1621.5,1621.5,84.0,246.0,1,0.3333333333333333,1,0,0,225,1248,961.7666666666667,3.5
20264,1.0,1177,2026-02-09T04:10,COMPLETA,462.3983,1621.5,1621.5,84.0,246.0,1,0.3333333333333333,1,0,0,225,1248,961.7666666666667,3.5
20264,1.0,1178,2026-02-09T04:20,COMPLETA,447.507,1621.5,1621.5,84.0,246.0,1,0.3333333333333333,1,0,0,226,1256,961.8672566371681,3.5
20264,1.0,1179,2026-02-09T04:30,COMPLETA,517.6483,1848.75,1621.5,108.0,342.0,2,0.20833333333333334,2,0,1,227,1257,960.147577092511,3.5
20264,1.0,1180,2026-02-09T04:40,COMPLETA,445.5768,1621.5,1621.5,84.0,246.0,1,0.3333333333333333,1,0,0,228,1262,963.0285087719299,3.5
20264,1.0,1181,2026-02-09T04:50,COMPLETA,460.9544,875.5,201.5,92.0,318.0,1,0.75,2,0,0,229,1270,958.8406113537118,3.5
20264,1.0,1182,2026-02-09T05:00,COMPLETA,490.7282,875.5,201.5,92.0,318.0,1,0.75,2,0,0,230,1272,963.6717391304347,3.5
20264,1.0,1183,2026-02-09T05:10,COMPLETA,497.474,836.6666666666666,201.5,214.0,621.0,2,0.5416666666666666,3,0,0,230,1272,963.6717391304347,3.5
20264,1.0,1184,2026-02-09T05:20,COMPLETA,636.1851,836.6666666666666,201.5,214.0,621.0,2,0.5416666666666666,3,0,0,230,1272,963.6717391304347,3.5
20264,1.0,1185,2026-02-09T05:30,COMPLETA,549.5867,721.125,201.5,218.0,747.0,3,0.4166666666666667,4,0,0,230,1272,963.6717391304347,3.5
20264,1.0,1186,2026-02-09T05:40,COMPLETA,557.7337,721.125,201.5,218.0,747.0,3,0.4166666666666667,4,0,0,230,1272,963.6717391304347,3.5
20264,1.0,1187,2026-02-09T05:50,COMPLETA,549.7923,721.125,201.5,218.0,747.0,3,0.4166666666666667,4,0,0,231,1274,968.487012987013,3.5
20264,1.0,1188,2026-02-09T06:00,COMPLETA,512.6795,721.125,201.5,218.0,747.0,3,0.4166666666666667,4,0,0,232,1284,964.4331896551724,3.5
20264,1.0,1189,2026-02-09T06:10,COMPLETA,516.2874,721.125,201.5,218.0,747.0,3,0.4166666666666667,4,0,0,232,1284,964.4331896551724,3.5
20264,1.0,1190,2026-02-09T06:20,COMPLETA,537.7053,721.125,201.5,218.0,747.0,3,0.4166666666666667,4,0,0,232,1284,964.4331896551724,3.5
20264,1.0,1191,2026-02-09T06:30,COMPLETA,552.9295,985.0,201.5,254.0,921.0,4,0.3229166666666667,5,0,0,232,1284,964.4331896551724,3.5
20264,1.0,1192,2026-02-09T06:40,COMPLETA,553.1631,985.0,201.5,254.0,921.0,4,0.3229166666666667,5,0,0,232,1284,964.4331896551724,3.5
20264,1.0,1193,2026-02-09T06:50,COMPLETA,520.0807,963.0833333333334,201.5,390.0,1245.0,5,0.2916666666666667,6,0,0,232,1284,964.4331896551724,3.5
20264,1.0,1194,2026-02-09T07:00,COMPLETA,527.3495,963.0833333333334,201.5,390.0,1245.0,5,0.2916666666666667,6,0,5,232,1284,964.4331896551724,3.5
20264,1.0,1195,2026-02-09T07:10,SIN_DEMANDA,0,,,,,,,0,0,0,232,1284,964.4331896551724,3.5
20264,1.0,1196,2026-02-09T07:20,SIN_DEMANDA,0,,,,,,,0,0,0,232,1284,964.4331896551724,3.5
20264,1.0,1197,2026-02-09T07:30,SIN_DEMANDA,0,,,,,,,0,0,0,232,1284,964.4331896551724,3.5
20264,1.0,1198,2026-02-09T07:40,SIN_DEMANDA,0,,,,,,,0,0,0,232,1284,964.4331896551724,3.5
20264,1.0,1199,2026-02-09T07:50,SIN_DEMANDA,0,,,,,,,0,0,0,232,1284,964.4331896551724,3.5
20264,1.0,1200,2026-02-09T08:00,SIN_DEMANDA,0,,,,,,,0,0,0,232,1284,964.4331896551724,3.5
20264,1.0,1201,2026-02-09T08:10,SIN_DEMANDA,0,,,,,,,0,0,0,232,1284,964.4331896551724,3.5
20264,1.0,1202,2026-02-09T08:20,SIN_DEMANDA,0,,,,,,,0,0,0,232,1284,964.4331896551724,3.5
20264,1.0,1203,2026-02-09T08:30,SIN_DEMANDA,0,,,,,,,0,0,0,232,1284,964.4331896551724,3.5
20264,1.0,1204,2026-02-09T08:40,SIN_DEMANDA,0,,,,,,,0,0,0,233,1285,969.0257510729614,3.5
20264,1.0,1205,2026-02-09T08:50,SIN_DEMANDA,0,,,,,,,0,0,0,234,1289,968.9807692307693,3.5
20264,1.0,1206,2026-02-09T09:00,COMPLETA,341.4888,645.5,645.5,10.0,75.0,1,0.16666666666666666,1,0,1,235,1293,966.0297872340426,3.5
20264,1.0,1207,2026-02-09T09:10,SIN_DEMANDA,0,,,,,,,0,0,0,235,1293,966.0297872340426,3.5
20264,1.0,1208,2026-02-09T09:20,SIN_DEMANDA,0,,,,,,,0,0,0,235,1293,966.0297872340426,3.5
20264,1.0,1209,2026-02-09T09:30,SIN_DEMANDA,0,,,,,,,0,0,0,236,1303,962.7902542372881,3.5
20264,1.0,1210,2026-02-09T09:40,COMPLETA,469.2082,73.0,73.0,12.0,138.0,1,0.20833333333333334,1,0,0,236,1303,962.7902542372881,3.5
20264,1.0,1211,2026-02-09T09:50,COMPLETA,480.1657,73.0,73.0,12.0,138.0,1,0.20833333333333334,1,0,0,236,1303,962.7902542372881,3.5
20264,1.0,1212,2026-02-09T10:00,COMPLETA,445.3407,73.0,73.0,12.0,138.0,1,0.20833333333333334,1,0,0,237,1311,965.5443037974684,3.5
20264,1.0,1213,2026-02-09T10:10,COMPLETA,427.6209,73.0,73.0,12.0,138.0,1,0.20833333333333334,1,0,0,238,1315,964.1995798319327,3.5
20264,1.0,1214,2026-02-09T10:20,COMPLETA,416.5323,73.0,73.0,12.0,138.0,1,0.20833333333333334,1,0,0,238,1315,964.1995798319327,3.5
20264,1.0,1215,2026-02-09T10:30,COMPLETA,404.1761,73.0,73.0,12.0,138.0,1,0.20833333333333334,1,0,0,238,1315,964.1995798319327,3.5
20264,1.0,1216,2026-02-09T10:40,COMPLETA,456.3883,73.0,73.0,12.0,138.0,1,0.20833333333333334,1,0,0,238,1315,964.1995798319327,3.5
20264,1.0,1217,2026-02-09T10:50,COMPLETA,440.2817,73.0,73.0,12.0,138.0,1,0.20833333333333334,1,0,0,238,1315,964.1995798319327,3.5
20264,1.0,1218,2026-02-09T11:00,COMPLETA,537.4878,73.0,73.0,12.0,78.0,1,0.20833333333333334,1,0,0,238,1315,964.1995798319327,3.5
20264,1.0,1219,2026-02-09T11:10,COMPLETA,474.0901,339.5,73.0,72.0,228.0,2,0.1875,2,0,2,238,1315,964.1995798319327,3.5
20264,1.0,1220,2026-02-09T11:20,SIN_DEMANDA,0,,,,,,,0,0,0,238,1315,964.1995798319327,3.5
20264,1.0,1221,2026-02-09T11:30,COMPLETA,489.0022,1789.0,1789.0,85.0,247.5,1,0.375,1,0,0,239,1323,963.0648535564853,3.5
20264,1.0,1222,2026-02-09T11:40,COMPLETA,525.8695,1789.0,1789.0,85.0,247.5,1,0.375,1,0,0,239,1323,963.0648535564853,3.5
20264,1.0,1223,2026-02-09T11:50,COMPLETA,499.2864,1789.0,1789.0,85.0,247.5,1,0.375,1,0,0,239,1323,963.0648535564853,3.5
20264,1.0,1224,2026-02-09T12:00,COMPLETA,479.263,1789.0,1789.0,85.0,247.5,1,0.375,1,0,0,239,1323,963.0648535564853,3.5
20264,1.0,1225,2026-02-09T12:10,COMPLETA,486.7578,1789.0,1789.0,85.0,247.5,1,0.375,1,0,0,239,1323,963.0648535564853,3.5
20264,1.0,1226,2026-02-09T12:20,COMPLETA,578.9468,1939.0,1789.0,97.0,325.5,2,0.20833333333333334,2,0,1,239,1323,963.0648535564853,3.5
20264,1.0,1227,2026-02-09T12:30,COMPLETA,511.2052,943.25,97.5,131.0,376.5,2,0.3125,2,0,0,240,1328,959.35625,3.5
20264,1.0,1228,2026-02-09T12:40,COMPLETA,526.065,960.1666666666666,97.5,159.0,478.5,3,0.2638888888888889,3,0,1,240,1328,959.35625,3.5
20264,1.0,1229,2026-02-09T12:50,COMPLETA,521.0609,943.25,97.5,131.0,376.5,2,0.3125,2,0,0,240,1328,959.35625,3.5
20264,1.0,1230,2026-02-09T13:00,COMPLETA,508.883,876.1666666666666,97.5,135.0,442.5,2,0.5208333333333334,3,0,1,241,1332,957.8900414937759,3.5
20264,1.0,1231,2026-02-09T13:10,COMPLETA,513.1762,1247.5,790.0,89.0,313.5,1,0.7916666666666666,2,0,0,241,1332,957.8900414937759,3.5
20264,1.0,1232,2026-02-09T13:20,COMPLETA,619.3997,1247.5,790.0,89.0,313.5,1,0.7916666666666666,2,0,0,241,1332,957.8900414937759,3.5
20264,1.0,1233,2026-02-09T13:30,COMPLETA,553.5788,1247.5,790.0,89.0,313.5,1,0.7916666666666666,2,0,0,242,1333,962.5640495867768,3.5
20264,1.0,1234,2026-02-09T13:40,COMPLETA,543.6137,1247.5,790.0,89.0,313.5,1,0.7916666666666666,2,0,0,242,1333,962.5640495867768,3.5
20264,1.0,1235,2026-02-09T13:50,COMPLETA,509.387,1247.5,790.0,89.0,313.5,1,0.7916666666666666,2,0,0,242,1333,962.5640495867768,3.5
20264,1.0,1236,2026-02-09T14:00,COMPLETA,523.644,1247.5,790.0,89.0,313.5,1,0.7916666666666666,2,0,0,242,1333,962.5640495867768,3.5
20264,1.0,1237,2026-02-09T14:10,COMPLETA,612.277,1027.0,586.0,125.0,487.5,2,0.4791666666666667,3,0,0,243,1337,962.6934156378601,3.5
20264,1.0,1238,2026-02-09T14:20,COMPLETA,738.2464,1027.0,586.0,125.0,487.5,2,0.4791666666666667,3,0,0,243,1337,962.6934156378601,3.5
20264,1.0,1239,2026-02-09T14:30,COMPLETA,694.5678,1009.125,586.0,163.0,664.5,3,0.3611111111111111,4,0,0,243,1337,962.6934156378601,3.5
20264,1.0,1240,2026-02-09T14:40,COMPLETA,808.0418,1009.125,586.0,163.0,664.5,3,0.3611111111111111,4,0,0,243,1337,962.6934156378601,3.5
20264,1.0,1241,2026-02-09T14:50,COMPLETA,852.0741,1220.0,586.0,189.0,823.5,4,0.28125,5,0,0,244,1343,959.1475409836065,3.5
20264,1.0,1242,2026-02-09T15:00,COMPLETA,766.139,1220.0,586.0,189.0,823.5,4,0.28125,5,0,3,244,1343,959.1475409836065,3.5
20264,1.0,1243,2026-02-09T15:10,COMPLETA,642.9412,1165.1666666666667,790.0,107.0,460.5,2,0.4375,3,0,2,244,1343,959.1475409836065,3.5
20264,1.0,1244,2026-02-09T15:20,SIN_DEMANDA,0,,,,,,,0,0,0,244,1343,959.1475409836065,3.5
20264,1.0,1245,2026-02-09T15:30,SIN_DEMANDA,0,,,,,,,0,0,0,244,1343,959.1475409836065,3.5
20264,1.0,1246,2026-02-09T15:40,SIN_DEMANDA,0,,,,,,,0,0,0,244,1343,959.1475409836065,3.5
20264,1.0,1247,2026-02-09T15:50,SIN_DEMANDA,0,,,,,,,0,0,0,244,1343,959.1475409836065,3.5
20264,1.0,1248,2026-02-09T16:00,SIN_DEMANDA,0,,,,,,,0,0,0,244,1343,959.1475409836065,3.5
20264,1.0,1249,2026-02-09T16:10,SIN_DEMANDA,0,,,,,,,0,0,0,244,1343,959.1475409836065,3.5
20264,1.0,1250,2026-02-09T16:20,COMPLETA,460.0192,1.5,1.5,63.0,214.5,1,0.4166666666666667,1,0,0,246,1348,962.119918699187,3.5
20264,1.0,1251,2026-02-09T16:30,COMPLETA,447.4538,1.5,1.5,63.0,214.5,1,0.4166666666666667,1,0,0,248,1353,962.2479838709677,3.5
20264,1.0,1252,2026-02-09T16:40,COMPLETA,445.2286,1.5,1.5,63.0,214.5,1,0.4166666666666667,1,0,0,248,1353,962.2479838709677,3.5
20264,1.0,1253,2026-02-09T16:50,COMPLETA,422.0722,1.5,1.5,63.0,214.5,1,0.4166666666666667,1,0,0,248,1353,962.2479838709677,3.5
20264,1.0,1254,2026-02-09T17:00,COMPLETA,546.4526,502.5,1.5,81.0,301.5,2,0.2916666666666667,2,0,1,248,1353,962.2479838709677,3.5
20264,1.0,1255,2026-02-09T17:10,COMPLETA,485.3261,129.0,1.5,169.0,493.5,2,0.3333333333333333,2,0,0,248,1353,962.2479838709677,3.5
20264,1.0,1256,2026-02-09T17:20,COMPLETA,504.0528,73.5,1.5,130.0,315.0,1,0.6666666666666666,2,0,0,248,1353,962.2479838709677,3.5
20264,1.0,1257,2026-02-09T17:30,COMPLETA,482.5084,73.5,1.5,130.0,315.0,1,0.6666666666666666,2,0,0,248,1353,962.2479838709677,3.5
20264,1.0,1258,2026-02-09T17:40,COMPLETA,501.0818,73.5,1.5,130.0,315.0,1,0.6666666666666666,2,0,0,248,1353,962.2479838709677,3.5
20264,1.0,1259,2026-02-09T17:50,COMPLETA,566.5748,73.5,1.5,130.0,315.0,1,0.6666666666666666,2,0,1,249,1363,961.5562248995984,3.5
20264,1.0,1260,2026-02-09T18:00,SIN_DEMANDA,0,,,,,,,0,0,0,249,1363,961.5562248995984,3.5
20264,1.0,1261,2026-02-09T18:10,SIN_DEMANDA,0,,,,,,,0,0,0,249,1363,961.5562248995984,3.5
20264,1.0,1262,2026-02-09T18:20,SIN_DEMANDA,0,,,,,,,0,0,0,250,1367,961.724,3.5
20264,1.0,1263,2026-02-09T18:30,COMPLETA,589.9407,1748.5,1748.5,63.0,214.5,1,0.4166666666666667,1,0,0,250,1367,961.724,3.5
20264,1.0,1264,2026-02-09T18:40,COMPLETA,527.73,1748.5,1748.5,63.0,214.5,1,0.4166666666666667,1,0,0,250,1367,961.724,3.5
20264,1.0,1265,2026-02-09T18:50,COMPLETA,520.9497,1748.5,1748.5,63.0,214.5,1,0.4166666666666667,1,0,0,250,1367,961.724,3.5
20264,1.0,1266,2026-02-09T19:00,COMPLETA,528.024,1748.5,1748.5,63.0,214.5,1,0.4166666666666667,1,0,0,251,1376,964.6852589641434,3.5
20264,1.0,1267,2026-02-09T19:10,COMPLETA,519.683,1748.5,1748.5,63.0,214.5,1,0.4166666666666667,1,0,0,251,1376,964.6852589641434,3.5
20264,1.0,1268,2026-02-09T19:20,COMPLETA,548.8925,1748.5,1748.5,63.0,214.5,1,0.4166666666666667,1,0,0,251,1376,964.6852589641434,3.5
20264,1.0,1269,2026-02-09T19:30,COMPLETA,529.9249,1748.5,1748.5,63.0,214.5,1,0.4166666666666667,1,0,0,251,1376,964.6852589641434,3.5
20264,1.0,1270,2026-02-09T19:40,COMPLETA,648.5269,913.0,77.5,150.0,405.0,2,0.3541666666666667,2,0,1,251,1376,964.6852589641434,3.5
20264,1.0,1271,2026-02-09T19:50,COMPLETA,572.2091,1296.1666666666667,162.5,121.0,421.5,2,0.4375,3,0,1,251,1376,964.6852589641434,3.5
20264,1.0,1272,2026-02-09T20:00,COMPLETA,577.5736,993.0,311.0,169.0,433.5,2,0.375,2,0,0,251,1376,964.6852589641434,3.5
20264,1.0,1273,2026-02-09T20:10,COMPLETA,579.7668,993.0,311.0,169.0,433.5,2,0.375,2,0,0,251,1376,964.6852589641434,3.5
20264,1.0,1274,2026-02-09T20:20,COMPLETA,574.2556,993.0,311.0,169.0,433.5,2,0.375,2,0,0,252,1386,960.8630952380952,1.5
20264,1.0,1275,2026-02-09T20:30,COMPLETA,594.5793,993.0,311.0,169.0,433.5,2,0.375,2,0,1,252,1386,960.8630952380952,1.5
20264,1.0,1276,2026-02-09T20:40,COMPLETA,493.8692,1684.0,1684.0,102.0,273.0,1,0.4166666666666667,1,0,0,252,1386,960.8630952380952,1.5
20264,1.0,1277,2026-02-09T20:50,COMPLETA,522.0506,1684.0,1684.0,102.0,273.0,1,0.4166666666666667,1,0,0,252,1386,960.8630952380952,1.5
20264,1.0,1278,2026-02-09T21:00,COMPLETA,503.9003,1684.0,1684.0,102.0,273.0,1,0.4166666666666667,1,0,0,252,1386,960.8630952380952,1.5
20264,1.0,1279,2026-02-09T21:10,COMPLETA,540.5911,1684.0,1684.0,102.0,273.0,1,0.4166666666666667,1,0,0,252,1386,960.8630952380952,1.5
20264,1.0,1280,2026-02-09T21:20,COMPLETA,528.1177,1684.0,1684.0,102.0,273.0,1,0.4166666666666667,1,0,0,253,1389,965.2608695652174,1.5
20264,1.0,1281,2026-02-09T21:30,COMPLETA,576.9643,1684.0,1684.0,102.0,273.0,1,0.4166666666666667,1,0,0,253,1389,965.2608695652174,1.5
20264,1.0,1282,2026-02-09T21:40,COMPLETA,603.9832,1717.0,1684.0,158.0,417.0,1,0.6666666666666666,2,0,0,253,1389,965.2608695652174,1.5
20264,1.0,1283,2026-02-09T21:50,COMPLETA,536.1566,1717.0,1684.0,158.0,417.0,1,0.6666666666666666,2,0,0,253,1389,965.2608695652174,1.5
20264,1.0,1284,2026-02-09T22:00,COMPLETA,602.9651,1717.0,1684.0,158.0,417.0,1,0.6666666666666666,2,0,0,253,1389,965.2608695652174,1.5
20264,1.0,1285,2026-02-09T22:10,COMPLETA,665.4395,1462.3333333333333,953.0,170.0,555.0,2,0.375,3,0,0,253,1389,965.2608695652174,1.5
20264,1.0,1286,2026-02-09T22:20,COMPLETA,699.7177,1462.3333333333333,953.0,170.0,555.0,2,0.375,3,0,0,254,1396,961.7657480314961,1.5
20264,1.0,1287,2026-02-09T22:30,COMPLETA,799.338,1338.0,905.0,230.0,765.0,3,0.3888888888888889,4,0,0,255,1404,959.2137254901961,1.5
20264,1.0,1288,2026-02-09T22:40,COMPLETA,748.8531,1338.0,905.0,230.0,765.0,3,0.3888888888888889,4,0,0,256,1410,956.03515625,1.5
20264,1.0,1289,2026-02-09T22:50,COMPLETA,752.0495,1338.0,905.0,230.0,765.0,3,0.3888888888888889,4,0,0,256,1410,956.03515625,1.5
20264,1.0,1290,2026-02-09T23:00,COMPLETA,727.4399,1338.0,905.0,230.0,765.0,3,0.3888888888888889,4,0,3,256,1410,956.03515625,1.5
20264,1.0,1291,2026-02-09T23:10,COMPLETA,644.9295,571.0,155.5,72.0,348.0,2,0.16666666666666666,2,0,2,256,1410,956.03515625,1.5
20264,1.0,1292,2026-02-09T23:20,SIN_DEMANDA,0,,,,,,,0,0,0,256,1410,956.03515625,1.5
20264,1.0,1293,2026-02-09T23:30,SIN_DEMANDA,0,,,,,,,0,0,0,256,1410,956.03515625,1.5
20264,1.0,1294,2026-02-09T23:40,SIN_DEMANDA,0,,,,,,,0,0,0,256,1410,956.03515625,1.5
20264,1.0,1295,2026-02-09T23:50,SIN_DEMANDA,0,,,,,,,0,0,0,256,1410,956.03515625,1.5
20264,1.0,1296,2026-02-10T00:00,SIN_DEMANDA,0,,,,,,,0,0,0,256,1410,956.03515625,1.5
20264,1.0,1297,2026-02-10T00:10,SIN_DEMANDA,0,,,,,,,0,0,0,257,1412,956.023346303502,1.5
20264,1.0,1298,2026-02-10T00:20,COMPLETA,530.9056,1611.0,1611.0,77.0,235.5,1,0.20833333333333334,1,0,0,257,1412,956.023346303502,1.5
20264,1.0,1299,2026-02-10T00:30,COMPLETA,560.0777,1611.0,1611.0,77.0,235.5,1,0.20833333333333334,1,0,0,257,1412,956.023346303502,1.5
20264,1.0,1300,2026-02-10T00:40,COMPLETA,642.85,1550.0,1489.0,128.0,372.0,1,0.5833333333333334,2,0,0,258,1416,952.9205426356589,1.5
20264,1.0,1301,2026-02-10T00:50,COMPLETA,644.4346,1550.0,1489.0,128.0,372.0,1,0.5833333333333334,2,0,0,259,1420,953.050193050193,1.5
20264,1.0,1302,2026-02-10T01:00,COMPLETA,646.4756,1550.0,1489.0,128.0,372.0,1,0.5833333333333334,2,0,0,259,1420,953.050193050193,1.5
20264,1.0,1303,2026-02-10T01:10,COMPLETA,589.9521,1550.0,1489.0,128.0,372.0,1,0.5833333333333334,2,0,0,259,1420,953.050193050193,1.5
20264,1.0,1304,2026-02-10T01:20,COMPLETA,602.4458,1550.0,1489.0,128.0,372.0,1,0.5833333333333334,2,0,0,259,1420,953.050193050193,1.5
20264,1.0,1305,2026-02-10T01:30,COMPLETA,602.2115,1550.0,1489.0,128.0,372.0,1,0.5833333333333334,2,0,0,260,1430,952.8653846153846,1.5
20264,1.0,1306,2026-02-10T01:40,COMPLETA,574.1698,1550.0,1489.0,128.0,372.0,1,0.5833333333333334,2,0,0,260,1430,952.8653846153846,1.5
20264,1.0,1307,2026-02-10T01:50,COMPLETA,628.8561,1550.0,1489.0,128.0,372.0,1,0.5833333333333334,2,0,0,260,1430,952.8653846153846,1.5
20264,1.0,1308,2026-02-10T02:00,COMPLETA,610.7528,1550.0,1489.0,128.0,372.0,1,0.5833333333333334,2,0,0,261,1436,956.5172413793103,1.5
20264,1.0,1309,2026-02-10T02:10,COMPLETA,557.5589,1550.0,1489.0,128.0,372.0,1,0.5833333333333334,2,0,0,261,1436,956.5172413793103,1.5
20264,1.0,1310,2026-02-10T02:20,COMPLETA,721.2353,1679.0,1603.0,181.0,571.5,2,0.4791666666666667,3,0,0,261,1436,956.5172413793103,1.5
20264,1.0,1311,2026-02-10T02:30,COMPLETA,678.9927,1679.0,1603.0,181.0,571.5,2,0.4791666666666667,3,0,0,261,1436,956.5172413793103,1.5
20264,1.0,1312,2026-02-10T02:40,COMPLETA,707.9679,1679.0,1603.0,181.0,571.5,2,0.4791666666666667,3,0,0,261,1436,956.5172413793103,1.5
20264,1.0,1313,2026-02-10T02:50,COMPLETA,754.775,1679.0,1603.0,181.0,571.5,2,0.4791666666666667,3,0,0,261,1436,956.5172413793103,1.5
20264,1.0,1314,2026-02-10T03:00,COMPLETA,682.0907,1679.0,1603.0,181.0,511.5,2,0.4791666666666667,3,0,0,261,1436,956.5172413793103,1.5
20264,1.0,1315,2026-02-10T03:10,COMPLETA,810.0344,1422.125,294.0,332.0,798.0,4,0.3229166666666667,4,0,2,261,1436,956.5172413793103,1.5
20264,1.0,1316,2026-02-10T03:20,COMPLETA,544.7121,1550.0,1489.0,128.0,372.0,1,0.5833333333333334,2,0,0,261,1436,956.5172413793103,1.5
20264,1.0,1317,2026-02-10T03:30,COMPLETA,567.7918,1550.0,1489.0,128.0,372.0,1,0.5833333333333334,2,0,0,261,1436,956.5172413793103,1.5
20264,1.0,1318,2026-02-10T03:40,COMPLETA,666.7963,1550.0,1489.0,128.0,372.0,1,0.5833333333333334,2,0,0,261,1436,956.5172413793103,1.5
20264,1.0,1319,2026-02-10T03:50,COMPLETA,763.4396,1554.6666666666667,1489.0,147.0,460.5,1,0.8333333333333334,3,0,0,261,1436,956.5172413793103,1.5
20264,1.0,1320,2026-02-10T04:00,COMPLETA,724.0077,1554.6666666666667,1489.0,147.0,460.5,1,0.8333333333333334,3,0,0,262,1446,958.9274809160305,1.5
20264,1.0,1321,2026-02-10T04:10,COMPLETA,760.2474,1266.125,5.5,196.0,654.0,3,0.3472222222222222,4,0,1,262,1446,958.9274809160305,1.5
20264,1.0,1322,2026-02-10T04:20,COMPLETA,607.3431,1019.1666666666666,5.5,151.0,526.5,2,0.3958333333333333,3,0,0,262,1446,958.9274809160305,1.5
20264,1.0,1323,2026-02-10T04:30,COMPLETA,600.2448,1019.1666666666666,5.5,151.0,526.5,2,0.3958333333333333,3,0,0,262,1446,958.9274809160305,1.5
20264,1.0,1324,2026-02-10T04:40,COMPLETA,588.901,1019.1666666666666,5.5,151.0,526.5,2,0.3958333333333333,3,0,0,262,1446,958.9274809160305,1.5
20264,1.0,1325,2026-02-10T04:50,COMPLETA,634.643,1013.875,5.5,179.0,628.5,3,0.2916666666666667,4,0,1,262,1446,958.9274809160305,1.5
20264,1.0,1326,2026-02-10T05:00,COMPLETA,589.7624,1109.1666666666667,110.5,95.0,382.5,2,0.3958333333333333,3,0,0,262,1446,958.9274809160305,1.5
20264,1.0,1327,2026-02-10T05:10,COMPLETA,626.0794,1109.1666666666667,110.5,95.0,382.5,2,0.3958333333333333,3,0,1,262,1446,958.9274809160305,1.5
20264,1.0,1328,2026-02-10T05:20,COMPLETA,666.5583,1362.1666666666667,986.5,162.0,483.0,2,0.375,3,0,1,262,1446,958.9274809160305,1.5
20264,1.0,1329,2026-02-10T05:30,COMPLETA,576.4956,1550.0,1489.0,128.0,372.0,1,0.5833333333333334,2,0,0,263,1455,962.7851711026616,1.5
20264,1.0,1330,2026-02-10T05:40,COMPLETA,622.909,1052.1666666666667,248.5,152.0,468.0,1,1.0,3,0,0,263,1455,962.7851711026616,1.5
20264,1.0,1331,2026-02-10T05:50,COMPLETA,660.7661,892.375,152.0,215.0,682.5,2,0.7083333333333334,4,0,0,263,1455,962.7851711026616,1.5
20264,1.0,1332,2026-02-10T06:00,COMPLETA,938.1509,1116.4,152.0,249.0,853.5,3,0.5,5,0,0,263,1455,962.7851711026616,1.5
20264,1.0,1333,2026-02-10T06:10,COMPLETA,885.1046,1116.4,152.0,249.0,853.5,3,0.5,5,0,0,264,1463,960.251893939394,1.5
20264,1.0,1334,2026-02-10T06:20,COMPLETA,879.2465,1116.4,152.0,249.0,853.5,3,0.5,5,0,0,267,1476,961.1310861423221,1.5
20264,1.0,1335,2026-02-10T06:30,COMPLETA,886.9157,1116.4,152.0,249.0,853.5,3,0.5,5,0,0,267,1476,961.1310861423221,1.5
20264,1.0,1336,2026-02-10T06:40,COMPLETA,936.0669,1116.4,152.0,249.0,853.5,3,0.5,5,0,0,267,1476,961.1310861423221,1.5
20264,1.0,1337,2026-02-10T06:50,COMPLETA,885.4633,1116.4,152.0,249.0,853.5,3,0.5,5,0,0,268,1480,961.2257462686567,1.5
20264,1.0,1338,2026-02-10T07:00,COMPLETA,889.1593,1116.4,152.0,249.0,853.5,3,0.5,5,0,3,268,1480,961.2257462686567,1.5
20264,1.0,1339,2026-02-10T07:10,COMPLETA,470.0039,15.0,15.0,134.0,321.0,1,0.4166666666666667,1,0,1,268,1480,961.2257462686567,1.5
20264,1.0,1340,2026-02-10T07:20,COMPLETA,527.3661,125.5,125.5,112.0,288.0,1,0.4166666666666667,1,0,0,268,1480,961.2257462686567,1.5
20264,1.0,1341,2026-02-10T07:30,COMPLETA,593.836,125.5,125.5,112.0,288.0,1,0.4166666666666667,1,0,0,268,1480,961.2257462686567,1.5
20264,1.0,1342,2026-02-10T07:40,COMPLETA,743.8632,125.5,125.5,112.0,288.0,1,0.4166666666666667,1,0,0,268,1480,961.2257462686567,1.5
20264,1.0,1343,2026-02-10T07:50,COMPLETA,617.856,125.5,125.5,112.0,288.0,1,0.4166666666666667,1,0,0,268,1480,961.2257462686567,1.5
20264,1.0,1344,2026-02-10T08:00,COMPLETA,582.5975,125.5,125.5,112.0,288.0,1,0.4166666666666667,1,0,0,268,1480,961.2257462686567,1.5
20264,1.0,1345,2026-02-10T08:10,COMPLETA,704.2227,125.5,125.5,112.0,288.0,1,0.4166666666666667,1,0,0,268,1480,961.2257462686567,1.5
20264,1.0,1346,2026-02-10T08:20,COMPLETA,649.7694,125.5,125.5,112.0,288.0,1,0.4166666666666667,1,0,0,268,1480,961.2257462686567,1.5
20264,1.0,1347,2026-02-10T08:30,COMPLETA,749.8495,562.75,125.5,132.0,438.0,2,0.25,2,0,1,269,1482,965.1338289962825,1.5
20264,1.0,1348,2026-02-10T08:40,COMPLETA,685.3021,564.75,125.5,132.0,438.0,2,0.2708333333333333,2,0,1,269,1482,965.1338289962825,1.5
20264,1.0,1349,2026-02-10T08:50,COMPLETA,664.9589,125.5,125.5,112.0,288.0,1,0.4166666666666667,1,0,0,269,1482,965.1338289962825,1.5
20264,1.0,1350,2026-02-10T09:00,COMPLETA,673.5221,125.5,125.5,112.0,288.0,1,0.4166666666666667,1,0,0,270,1491,967.7129629629629,1.5
20264,1.0,1351,2026-02-10T09:10,COMPLETA,726.5903,125.5,125.5,112.0,288.0,1,0.4166666666666667,1,0,0,270,1491,967.7129629629629,1.5
20264,1.0,1352,2026-02-10T09:20,COMPLETA,577.7122,125.5,125.5,112.0,288.0,1,0.4166666666666667,1,0,0,270,1491,967.7129629629629,1.5
20264,1.0,1353,2026-02-10T09:30,COMPLETA,637.0475,125.5,125.5,112.0,228.0,1,0.4166666666666667,1,0,0,271,1501,965.0590405904059,1.5
20264,1.0,1354,2026-02-10T09:40,COMPLETA,552.6938,125.5,125.5,112.0,228.0,1,0.4166666666666667,1,0,0,271,1501,965.0590405904059,1.5
20264,1.0,1355,2026-02-10T09:50,COMPLETA,533.1185,125.5,125.5,112.0,228.0,1,0.4166666666666667,1,0,1,272,1503,965.1875,1.5
20264,1.0,1356,2026-02-10T10:00,SIN_DEMANDA,0,,,,,,,0,0,0,273,1506,965.3296703296703,1.5
20264,1.0,1357,2026-02-10T10:10,SIN_DEMANDA,0,,,,,,,0,0,0,273,1506,965.3296703296703,1.5
20264,1.0,1358,2026-02-10T10:20,SIN_DEMANDA,0,,,,,,,0,0,0,273,1506,965.3296703296703,1.5
20264,1.0,1359,2026-02-10T10:30,SIN_DEMANDA,0,,,,,,,0,0,0,273,1506,965.3296703296703,1.5
20264,1.0,1360,2026-02-10T10:40,SIN_DEMANDA,0,,,,,,,0,0,0,273,1506,965.3296703296703,1.5
20264,1.0,1361,2026-02-10T10:50,SIN_DEMANDA,0,,,,,,,0,0,0,273,1506,965.3296703296703,1.5
20264,1.0,1362,2026-02-10T11:00,SIN_DEMANDA,0,,,,,,,0,0,0,274,1516,961.8613138686131,1.5
20264,1.0,1363,2026-02-10T11:10,SIN_DEMANDA,0,,,,,,,0,0,0,275,1526,958.9163636363636,1.5
20264,1.0,1364,2026-02-10T11:20,SIN_DEMANDA,0,,,,,,,0,0,0,276,1531,960.9039855072464,1.5
20264,1.0,1365,2026-02-10T11:30,SIN_DEMANDA,0,,,,,,,0,0,0,276,1531,960.9039855072464,1.5
20264,1.0,1366,2026-02-10T11:40,SIN_DEMANDA,0,,,,,,,0,0,0,276,1531,960.9039855072464,1.5
20264,1.0,1367,2026-02-10T11:50,SIN_DEMANDA,0,,,,,,,0,0,0,276,1531,960.9039855072464,1.5
20264,1.0,1368,2026-02-10T12:00,SIN_DEMANDA,0,,,,,,,0,0,0,276,1531,960.9039855072464,1.5
20264,1.0,1369,2026-02-10T12:10,SIN_DEMANDA,0,,,,,,,0,0,0,276,1531,960.9039855072464,1.5
20264,1.0,1370,2026-02-10T12:20,SIN_DEMANDA,0,,,,,,,0,0,0,276,1531,960.9039855072464,1.5
20264,1.0,1371,2026-02-10T12:30,COMPLETA,732.7687,963.5,963.5,39.0,118.5,1,0.375,1,0,0,276,1531,960.9039855072464,1.5
20264,1.0,1372,2026-02-10T12:40,COMPLETA,610.4702,684.0,404.5,57.0,205.5,2,0.20833333333333334,2,0,2,276,1531,960.9039855072464,1.5
20264,1.0,1373,2026-02-10T12:50,SIN_DEMANDA,0,,,,,,,0,0,0,276,1531,960.9039855072464,1.5
20264,1.0,1374,2026-02-10T13:00,SIN_DEMANDA,0,,,,,,,0,0,0,276,1531,960.9039855072464,1.5
20264,1.0,1375,2026-02-10T13:10,SIN_DEMANDA,0,,,,,,,0,0,0,276,1531,960.9039855072464,1.5
20264,1.0,1376,2026-02-10T13:20,SIN_DEMANDA,0,,,,,,,0,0,0,277,1541,957.8880866425993,1.5
20264,1.0,1377,2026-02-10T13:30,COMPLETA,506.1834,1893.0,1893.0,104.0,276.0,1,0.25,1,0,0,277,1541,957.8880866425993,1.5
20264,1.0,1378,2026-02-10T13:40,COMPLETA,510.2872,1893.0,1893.0,104.0,276.0,1,0.25,1,0,0,277,1541,957.8880866425993,1.5
20264,1.0,1379,2026-02-10T13:50,COMPLETA,500.0635,1893.0,1893.0,104.0,276.0,1,0.25,1,0,0,277,1541,957.8880866425993,1.5
20264,1.0,1380,2026-02-10T14:00,COMPLETA,513.5572,1893.0,1893.0,104.0,276.0,1,0.25,1,0,0,278,1542,955.8974820143885,1.5
20264,1.0,1381,2026-02-10T14:10,COMPLETA,537.0704,1893.0,1893.0,104.0,276.0,1,0.25,1,0,0,278,1542,955.8974820143885,1.5
20264,1.0,1382,2026-02-10T14:20,COMPLETA,508.461,1893.0,1893.0,104.0,276.0,1,0.25,1,0,0,278,1542,955.8974820143885,1.5
20264,1.0,1383,2026-02-10T14:30,COMPLETA,507.2658,1893.0,1893.0,104.0,276.0,1,0.25,1,0,0,279,1551,955.9247311827957,1.5
20264,1.0,1384,2026-02-10T14:40,COMPLETA,633.9501,1893.0,1893.0,104.0,276.0,1,0.25,1,0,0,279,1551,955.9247311827957,1.5
20264,1.0,1385,2026-02-10T14:50,COMPLETA,547.268,1070.0,328.0,118.0,357.0,1,0.5833333333333334,2,0,0,279,1551,955.9247311827957,1.5
20264,1.0,1386,2026-02-10T15:00,COMPLETA,612.7966,921.1666666666666,328.0,156.0,534.0,2,0.375,3,0,2,279,1551,955.9247311827957,1.5
20264,1.0,1387,2026-02-10T15:10,SIN_DEMANDA,0,,,,,,,0,0,0,279,1551,955.9247311827957,1.5
20264,1.0,1388,2026-02-10T15:20,SIN_DEMANDA,0,,,,,,,0,0,0,279,1551,955.9247311827957,1.5
20264,1.0,1389,2026-02-10T15:30,SIN_DEMANDA,0,,,,,,,0,0,0,279,1551,955.9247311827957,1.5
20264,1.0,1390,2026-02-10T15:40,SIN_DEMANDA,0,,,,,,,0,0,0,279,1551,955.9247311827957,1.5
20264,1.0,1391,2026-02-10T15:50,COMPLETA,581.798,90.0,90.0,79.0,238.5,1,0.2916666666666667,1,0,1,279,1551,955.9247311827957,1.5
20264,1.0,1392,2026-02-10T16:00,SIN_DEMANDA,0,,,,,,,0,0,0,279,1551,955.9247311827957,1.5
20264,1.0,1393,2026-02-10T16:10,COMPLETA,380.3644,2047.5,2047.5,62.0,213.0,1,0.125,1,0,1,279,1551,955.9247311827957,1.5
20264,1.0,1394,2026-02-10T16:20,SIN_DEMANDA,0,,,,,,,0,0,0,279,1551,955.9247311827957,1.5
20264,1.0,1395,2026-02-10T16:30,SIN_DEMANDA,0,,,,,,,0,0,0,280,1555,954.7375,1.5
20264,1.0,1396,2026-02-10T16:40,SIN_DEMANDA,0,,,,,,,0,0,0,280,1555,954.7375,1.5
20264,1.0,1397,2026-02-10T16:50,SIN_DEMANDA,0,,,,,,,0,0,0,280,1555,954.7375,1.5
20264,1.0,1398,2026-02-10T17:00,SIN_DEMANDA,0,,,,,,,0,0,0,280,1555,954.7375,1.5
20264,1.0,1399,2026-02-10T17:10,SIN_DEMANDA,0,,,,,,,0,0,0,280,1555,954.7375,1.5
20264,1.0,1400,2026-02-10T17:20,COMPLETA,518.3577,1614.0,1614.0,112.0,288.0,1,0.3333333333333333,1,0,0,281,1563,952.5071174377224,1.5
20264,1.0,1401,2026-02-10T17:30,COMPLETA,878.2598,1913.5,1614.0,190.0,525.0,3,0.2222222222222222,3,0,2,281,1563,952.5071174377224,1.5
20264,1.0,1402,2026-02-10T17:40,COMPLETA,649.5432,1614.0,1614.0,112.0,288.0,1,0.3333333333333333,1,0,0,281,1563,952.5071174377224,1.5
20264,1.0,1403,2026-02-10T17:50,COMPLETA,562.8946,1614.0,1614.0,112.0,288.0,1,0.3333333333333333,1,0,0,281,1563,952.5071174377224,1.5
20264,1.0,1404,2026-02-10T18:00,COMPLETA,697.37,1614.0,1614.0,112.0,288.0,1,0.3333333333333333,1,0,0,282,1566,956.3900709219859,1.5
20264,1.0,1405,2026-02-10T18:10,COMPLETA,600.7622,1836.75,1614.0,155.0,412.5,2,0.20833333333333334,2,0,1,282,1566,956.3900709219859,1.5
20264,1.0,1406,2026-02-10T18:20,COMPLETA,543.6528,1614.0,1614.0,112.0,288.0,1,0.3333333333333333,1,0,0,283,1573,953.3286219081272,1.5
20264,1.0,1407,2026-02-10T18:30,COMPLETA,555.2276,1614.0,1614.0,112.0,288.0,1,0.3333333333333333,1,0,0,283,1573,953.3286219081272,1.5
20264,1.0,1408,2026-02-10T18:40,COMPLETA,539.0088,1614.0,1614.0,112.0,288.0,1,0.3333333333333333,1,0,0,283,1573,953.3286219081272,1.5
20264,1.0,1409,2026-02-10T18:50,COMPLETA,586.1984,1614.0,1614.0,112.0,288.0,1,0.3333333333333333,1,0,0,284,1577,957.2869718309859,1.5
20264,1.0,1410,2026-02-10T19:00,COMPLETA,564.3134,1614.0,1614.0,112.0,288.0,1,0.3333333333333333,1,0,0,284,1577,957.2869718309859,1.5
20264,1.0,1411,2026-02-10T19:10,COMPLETA,510.0758,1614.0,1614.0,112.0,288.0,1,0.3333333333333333,1,0,0,284,1577,957.2869718309859,1.5
20264,1.0,1412,2026-02-10T19:20,COMPLETA,525.071,1614.0,1614.0,112.0,288.0,1,0.3333333333333333,1,0,0,286,1587,964.0926573426574,1.5
20264,1.0,1413,2026-02-10T19:30,COMPLETA,522.6368,1614.0,1614.0,112.0,288.0,1,0.3333333333333333,1,0,0,286,1587,964.0926573426574,1.5
20264,1.0,1414,2026-02-10T19:40,COMPLETA,544.2495,1614.0,1614.0,112.0,288.0,1,0.3333333333333333,1,0,0,286,1587,964.0926573426574,1.5
20264,1.0,1415,2026-02-10T19:50,COMPLETA,636.4149,1614.0,1614.0,112.0,288.0,1,0.3333333333333333,1,0,0,286,1587,964.0926573426574,1.5
20264,1.0,1416,2026-02-10T20:00,COMPLETA,597.7103,1614.0,1614.0,112.0,288.0,1,0.3333333333333333,1,0,0,287,1589,967.9094076655052,1.5
20264,1.0,1417,2026-02-10T20:10,COMPLETA,540.1052,1614.0,1614.0,112.0,288.0,1,0.3333333333333333,1,0,0,287,1589,967.9094076655052,1.5
20264,1.0,1418,2026-02-10T20:20,COMPLETA,569.9612,1614.0,1614.0,112.0,288.0,1,0.3333333333333333,1,0,0,287,1589,967.9094076655052,1.5
20264,1.0,1419,2026-02-10T20:30,COMPLETA,570.5625,1614.0,1614.0,112.0,288.0,1,0.3333333333333333,1,0,0,287,1589,967.9094076655052,1.5
20264,1.0,1420,2026-02-10T20:40,COMPLETA,554.9703,1614.0,1614.0,112.0,288.0,1,0.3333333333333333,1,0,0,287,1589,967.9094076655052,1.5
20264,1.0,1421,2026-02-10T20:50,COMPLETA,611.1993,1614.0,1614.0,112.0,288.0,1,0.3333333333333333,1,0,0,287,1589,967.9094076655052,1.5
20264,1.0,1422,2026-02-10T21:00,COMPLETA,546.465,1614.0,1614.0,112.0,288.0,1,0.3333333333333333,1,0,0,287,1589,967.9094076655052,1.5
20264,1.0,1423,2026-02-10T21:10,COMPLETA,568.27,1614.0,1614.0,112.0,288.0,1,0.3333333333333333,1,0,0,287,1589,967.9094076655052,1.5
20264,1.0,1424,2026-02-10T21:20,COMPLETA,539.4706,1614.0,1614.0,112.0,288.0,1,0.3333333333333333,1,0,0,287,1589,967.9094076655052,1.5
20264,1.0,1425,2026-02-10T21:30,COMPLETA,571.5592,1614.0,1614.0,112.0,288.0,1,0.3333333333333333,1,0,0,287,1589,967.9094076655052,1.5
20264,1.0,1426,2026-02-10T21:40,COMPLETA,467.8733,1614.0,1614.0,112.0,288.0,1,0.3333333333333333,1,0,0,287,1589,967.9094076655052,1.5
20264,1.0,1427,2026-02-10T21:50,COMPLETA,607.1246,1614.0,1614.0,112.0,288.0,1,0.3333333333333333,1,0,0,287,1589,967.9094076655052,1.5
20264,1.0,1428,2026-02-10T22:00,COMPLETA,508.6186,1614.0,1614.0,112.0,288.0,1,0.3333333333333333,1,0,0,287,1589,967.9094076655052,1.5
20264,1.0,1429,2026-02-10T22:10,COMPLETA,479.4205,1614.0,1614.0,112.0,288.0,1,0.3333333333333333,1,0,0,287,1589,967.9094076655052,1.5
20264,1.0,1430,2026-02-10T22:20,COMPLETA,487.3251,1614.0,1614.0,112.0,288.0,1,0.3333333333333333,1,0,0,287,1589,967.9094076655052,1.5
20264,1.0,1431,2026-02-10T22:30,COMPLETA,489.3568,1614.0,1614.0,112.0,288.0,1,0.3333333333333333,1,0,0,287,1589,967.9094076655052,1.5
20264,1.0,1432,2026-02-10T22:40,COMPLETA,536.6737,875.25,286.5,172.0,438.0,1,0.5416666666666666,2,0,0,287,1589,967.9094076655052,1.5
20264,1.0,1433,2026-02-10T22:50,COMPLETA,541.8651,875.25,286.5,172.0,438.0,1,0.5416666666666666,2,0,0,287,1589,967.9094076655052,1.5
20264,1.0,1434,2026-02-10T23:00,COMPLETA,613.8187,875.25,286.5,172.0,438.0,1,0.5416666666666666,2,0,1,287,1589,967.9094076655052,1.5
20264,1.0,1435,2026-02-10T23:10,COMPLETA,362.5993,153.5,153.5,34.0,171.0,1,0.16666666666666666,1,0,1,287,1589,967.9094076655052,1.5
20264,1.0,1436,2026-02-10T23:20,SIN_DEMANDA,0,,,,,,,0,0,0,287,1589,967.9094076655052,1.5
20264,1.0,1437,2026-02-10T23:30,SIN_DEMANDA,0,,,,,,,0,0,0,287,1589,967.9094076655052,1.5
20264,1.0,1438,2026-02-10T23:40,COMPLETA,578.0811,1578.0,1578.0,57.0,205.5,1,0.3333333333333333,1,0,0,287,1589,967.9094076655052,1.5
20264,1.0,1439,2026-02-10T23:50,COMPLETA,524.1326,1578.0,1578.0,57.0,205.5,1,0.3333333333333333,1,0,0,287,1589,967.9094076655052,1.5
20264,1.0,1440,2026-02-11T00:00,COMPLETA,519.2655,1578.0,1578.0,57.0,205.5,1,0.3333333333333333,1,0,0,287,1589,967.9094076655052,1.5
20264,1.0,1441,2026-02-11T00:10,COMPLETA,534.393,1101.25,624.5,95.0,382.5,2,0.22916666666666666,2,0,1,287,1589,967.9094076655052,1.5
20264,1.0,1442,2026-02-11T00:20,COMPLETA,643.5798,1578.0,1578.0,57.0,205.5,1,0.3333333333333333,1,0,0,287,1589,967.9094076655052,1.5
20264,1.0,1443,2026-02-11T00:30,COMPLETA,629.0878,1544.75,1511.5,100.0,330.0,1,0.7083333333333334,2,0,0,287,1589,967.9094076655052,1.5
20264,1.0,1444,2026-02-11T00:40,COMPLETA,659.0159,1544.75,1511.5,100.0,330.0,1,0.7083333333333334,2,0,0,288,1593,965.0815972222222,1.5
20264,1.0,1445,2026-02-11T00:50,COMPLETA,607.3897,1544.75,1511.5,100.0,330.0,1,0.7083333333333334,2,0,0,288,1593,965.0815972222222,1.5
20264,1.0,1446,2026-02-11T01:00,COMPLETA,855.0434,1670.1666666666667,1486.0,296.0,744.0,2,0.5416666666666666,3,0,1,288,1593,965.0815972222222,1.5
20264,1.0,1447,2026-02-11T01:10,COMPLETA,658.1354,1533.25,1486.0,162.0,423.0,1,0.5833333333333334,2,0,0,288,1593,965.0815972222222,1.5
20264,1.0,1448,2026-02-11T01:20,COMPLETA,664.6038,1533.25,1486.0,162.0,423.0,1,0.5833333333333334,2,0,0,288,1593,965.0815972222222,1.5
20264,1.0,1449,2026-02-11T01:30,COMPLETA,688.0961,1533.25,1486.0,162.0,423.0,1,0.5833333333333334,2,0,0,288,1593,965.0815972222222,1.5
20264,1.0,1450,2026-02-11T01:40,COMPLETA,596.641,1533.25,1486.0,162.0,423.0,1,0.5833333333333334,2,0,0,289,1596,963.9031141868512,1.5
20264,1.0,1451,2026-02-11T01:50,COMPLETA,681.3015,1071.0,146.5,196.0,534.0,2,0.3125,3,0,1,290,1601,961.5672413793103,1.5
20264,1.0,1452,2026-02-11T02:00,COMPLETA,857.6316,1714.3333333333333,1486.0,188.0,522.0,2,0.3125,3,0,1,290,1601,961.5672413793103,1.5
20264,1.0,1453,2026-02-11T02:10,COMPLETA,716.2921,1713.3333333333333,1486.0,196.0,534.0,2,0.3333333333333333,3,0,1,290,1601,961.5672413793103,1.5
20264,1.0,1454,2026-02-11T02:20,COMPLETA,665.3758,1533.25,1486.0,162.0,423.0,1,0.5833333333333334,2,0,0,290,1601,961.5672413793103,1.5
20264,1.0,1455,2026-02-11T02:30,COMPLETA,712.1309,1533.25,1486.0,162.0,423.0,1,0.5833333333333334,2,0,0,290,1601,961.5672413793103,1.5
20264,1.0,1456,2026-02-11T02:40,COMPLETA,788.511,1533.25,1486.0,162.0,423.0,1,0.5833333333333334,2,0,0,290,1601,961.5672413793103,1.5
20264,1.0,1457,2026-02-11T02:50,COMPLETA,695.223,1533.25,1486.0,162.0,423.0,1,0.5833333333333334,2,0,0,290,1601,961.5672413793103,1.5
20264,1.0,1458,2026-02-11T03:00,COMPLETA,1033.9589,1533.25,1486.0,162.0,423.0,1,0.5833333333333334,2,0,0,290,1601,961.5672413793103,1.5
20264,1.0,1459,2026-02-11T03:10,COMPLETA,889.0027,1533.25,1486.0,162.0,423.0,1,0.5833333333333334,2,0,0,291,1609,964.9432989690722,1.5
20264,1.0,1460,2026-02-11T03:20,COMPLETA,784.6531,1533.25,1486.0,162.0,423.0,1,0.5833333333333334,2,0,0,293,1611,965.9436860068259,1.5
20264,1.0,1461,2026-02-11T03:30,COMPLETA,741.088,1533.25,1486.0,162.0,423.0,1,0.5833333333333334,2,0,0,293,1611,965.9436860068259,1.5
20264,1.0,1462,2026-02-11T03:40,COMPLETA,628.5036,1533.25,1486.0,162.0,423.0,1,0.5833333333333334,2,0,0,294,1613,969.7108843537414,1.5
20264,1.0,1463,2026-02-11T03:50,COMPLETA,768.1892,1061.8333333333333,14.0,232.0,648.0,2,0.4166666666666667,3,0,0,294,1613,969.7108843537414,1.5
20264,1.0,1464,2026-02-11T04:00,COMPLETA,759.4265,1061.8333333333333,14.0,232.0,648.0,2,0.4166666666666667,3,0,0,294,1613,969.7108843537414,1.5
20264,1.0,1465,2026-02-11T04:10,COMPLETA,914.6425,1061.8333333333333,14.0,232.0,648.0,2,0.4166666666666667,3,0,0,294,1613,969.7108843537414,1.5
20264,1.0,1466,2026-02-11T04:20,COMPLETA,757.0084,1061.8333333333333,14.0,232.0,648.0,2,0.4166666666666667,3,0,0,294,1613,969.7108843537414,1.5
20264,1.0,1467,2026-02-11T04:30,COMPLETA,735.5894,1061.8333333333333,14.0,232.0,648.0,2,0.4166666666666667,3,0,0,294,1613,969.7108843537414,1.5
20264,1.0,1468,2026-02-11T04:40,COMPLETA,750.2228,1061.8333333333333,14.0,232.0,648.0,2,0.4166666666666667,3,0,0,294,1613,969.7108843537414,1.5
20264,1.0,1469,2026-02-11T04:50,COMPLETA,1007.8388,1316.625,14.0,256.0,744.0,3,0.3055555555555556,4,0,1,295,1621,971.3864406779661,1.5
20264,1.0,1470,2026-02-11T05:00,COMPLETA,749.6368,1061.8333333333333,14.0,232.0,648.0,2,0.4166666666666667,3,0,0,295,1621,971.3864406779661,1.5
20264,1.0,1471,2026-02-11T05:10,COMPLETA,763.9978,1061.8333333333333,14.0,232.0,648.0,2,0.4166666666666667,3,0,0,295,1621,971.3864406779661,1.5
20264,1.0,1472,2026-02-11T05:20,COMPLETA,729.9369,1061.8333333333333,14.0,232.0,648.0,2,0.4166666666666667,3,0,0,295,1621,971.3864406779661,1.5
20264,1.0,1473,2026-02-11T05:30,COMPLETA,804.7679,1061.8333333333333,14.0,232.0,648.0,2,0.4166666666666667,3,0,0,295,1625,971.3864406779661,1.5
20264,1.0,1474,2026-02-11T05:40,COMPLETA,783.8306,1061.8333333333333,14.0,232.0,648.0,2,0.4166666666666667,3,0,0,295,1625,971.3864406779661,1.5
20264,1.0,1475,2026-02-11T05:50,COMPLETA,742.7096,1061.8333333333333,14.0,232.0,648.0,2,0.4166666666666667,3,0,0,295,1625,971.3864406779661,1.5
20264,1.0,1476,2026-02-11T06:00,COMPLETA,751.0567,846.25,17.0,138.0,567.0,2,0.4791666666666667,4,0,0,295,1625,971.3864406779661,1.5
20264,1.0,1477,2026-02-11T06:10,COMPLETA,852.7696,846.25,17.0,138.0,567.0,2,0.4791666666666667,4,0,0,296,1627,975.1351351351351,1.5
20264,1.0,1478,2026-02-11T06:20,COMPLETA,744.1188,846.25,17.0,138.0,567.0,2,0.4791666666666667,4,0,0,296,1627,975.1351351351351,1.5
20264,1.0,1479,2026-02-11T06:30,COMPLETA,750.6207,846.25,17.0,138.0,567.0,2,0.4791666666666667,4,0,0,296,1627,975.1351351351351,1.5
20264,1.0,1480,2026-02-11T06:40,COMPLETA,715.8791,846.25,17.0,138.0,567.0,2,0.4791666666666667,4,0,0,296,1627,975.1351351351351,1.5
20264,1.0,1481,2026-02-11T06:50,COMPLETA,748.5719,724.4,85.5,288.0,912.0,3,0.4444444444444444,5,0,0,296,1627,975.1351351351351,1.5
20264,1.0,1482,2026-02-11T07:00,COMPLETA,939.9325,724.4,85.5,288.0,912.0,3,0.4444444444444444,5,0,3,296,1627,975.1351351351351,1.5
20264,1.0,1483,2026-02-11T07:10,SIN_DEMANDA,0,,,,,,,0,0,0,296,1627,975.1351351351351,1.5
20264,1.0,1484,2026-02-11T07:20,SIN_DEMANDA,0,,,,,,,0,0,0,296,1627,975.1351351351351,1.5
20264,1.0,1485,2026-02-11T07:30,SIN_DEMANDA,0,,,,,,,0,0,0,296,1627,975.1351351351351,1.5
20264,1.0,1486,2026-02-11T07:40,SIN_DEMANDA,0,,,,,,,0,0,0,296,1627,975.1351351351351,1.5
20264,1.0,1487,2026-02-11T07:50,SIN_DEMANDA,0,,,,,,,0,0,0,296,1627,975.1351351351351,1.5
20264,1.0,1488,2026-02-11T08:00,SIN_DEMANDA,0,,,,,,,0,0,0,296,1627,975.1351351351351,1.5
20264,1.0,1489,2026-02-11T08:10,SIN_DEMANDA,0,,,,,,,0,0,0,296,1627,975.1351351351351,1.5
20264,1.0,1490,2026-02-11T08:20,COMPLETA,776.1945,1294.5,994.5,124.0,426.0,2,0.16666666666666666,2,0,1,296,1627,975.1351351351351,1.5
20264,1.0,1491,2026-02-11T08:30,COMPLETA,539.8785,1594.5,1594.5,94.0,261.0,1,0.20833333333333334,1,0,0,296,1627,975.1351351351351,1.5
20264,1.0,1492,2026-02-11T08:40,COMPLETA,595.9797,1594.5,1594.5,94.0,261.0,1,0.20833333333333334,1,0,0,298,1639,970.1057046979865,1.5
20264,1.0,1493,2026-02-11T08:50,COMPLETA,700.9753,1594.5,1594.5,94.0,261.0,1,0.20833333333333334,1,0,0,298,1639,970.1057046979865,1.5
20264,1.0,1494,2026-02-11T09:00,COMPLETA,623.0184,1594.5,1594.5,94.0,261.0,1,0.20833333333333334,1,0,0,298,1639,970.1057046979865,1.5
20264,1.0,1495,2026-02-11T09:10,COMPLETA,620.5292,1594.5,1594.5,94.0,261.0,1,0.20833333333333334,1,0,0,298,1639,970.1057046979865,1.5
20264,1.0,1496,2026-02-11T09:20,COMPLETA,612.0728,1594.5,1594.5,94.0,261.0,1,0.20833333333333334,1,0,0,298,1639,970.1057046979865,1.5
20264,1.0,1497,2026-02-11T09:30,COMPLETA,577.648,1594.5,1594.5,94.0,261.0,1,0.20833333333333334,1,0,0,298,1639,970.1057046979865,1.5
20264,1.0,1498,2026-02-11T09:40,COMPLETA,570.1639,1594.5,1594.5,94.0,261.0,1,0.20833333333333334,1,0,0,298,1639,970.1057046979865,1.5
20264,1.0,1499,2026-02-11T09:50,COMPLETA,624.4208,1594.5,1594.5,94.0,261.0,1,0.20833333333333334,1,0,0,299,1642,970.1872909698997,1.5
20264,1.0,1500,2026-02-11T10:00,COMPLETA,598.3533,1594.5,1594.5,94.0,261.0,1,0.20833333333333334,1,0,0,300,1651,972.2516666666667,1.5
20264,1.0,1501,2026-02-11T10:10,COMPLETA,670.3609,847.25,229.0,140.0,390.0,1,0.625,2,0,0,300,1651,972.2516666666667,1.5
20264,1.0,1502,2026-02-11T10:20,COMPLETA,779.8718,592.8333333333334,144.0,140.0,450.0,1,1.0,3,0,0,300,1651,972.2516666666667,1.5
20264,1.0,1503,2026-02-11T10:30,COMPLETA,860.016,464.125,78.0,211.0,616.5,2,0.625,4,0,1,301,1657,969.3073089700997,1.5
20264,1.0,1504,2026-02-11T10:40,COMPLETA,870.4266,592.8333333333334,144.0,140.0,450.0,1,1.0,3,0,0,301,1657,969.3073089700997,1.5
20264,1.0,1505,2026-02-11T10:50,COMPLETA,807.6478,592.8333333333334,144.0,140.0,450.0,1,1.0,3,0,0,301,1657,969.3073089700997,1.5
20264,1.0,1506,2026-02-11T11:00,COMPLETA,796.2371,592.8333333333334,144.0,140.0,450.0,1,1.0,3,0,0,301,1657,969.3073089700997,1.5
20264,1.0,1507,2026-02-11T11:10,COMPLETA,746.0024,592.8333333333334,144.0,140.0,450.0,1,1.0,3,0,0,301,1657,969.3073089700997,1.5
20264,1.0,1508,2026-02-11T11:20,COMPLETA,841.3823,592.8333333333334,144.0,140.0,450.0,1,1.0,3,0,0,301,1657,969.3073089700997,1.5
20264,1.0,1509,2026-02-11T11:30,COMPLETA,798.7643,592.8333333333334,144.0,140.0,450.0,1,1.0,3,0,0,301,1657,969.3073089700997,1.5
20264,1.0,1510,2026-02-11T11:40,COMPLETA,833.9355,592.8333333333334,144.0,140.0,450.0,1,1.0,3,0,0,301,1657,969.3073089700997,1.5
20264,1.0,1511,2026-02-11T11:50,COMPLETA,802.2329,592.8333333333334,144.0,140.0,450.0,1,1.0,3,0,0,301,1657,969.3073089700997,1.5
20264,1.0,1512,2026-02-11T12:00,COMPLETA,954.35,592.8333333333334,144.0,140.0,450.0,1,1.0,3,0,0,301,1657,969.3073089700997,1.5
20264,1.0,1513,2026-02-11T12:10,COMPLETA,750.8271,592.8333333333334,144.0,140.0,450.0,1,1.0,3,0,0,302,1662,971.0480132450331,1.5
20264,1.0,1514,2026-02-11T12:20,COMPLETA,711.1228,592.8333333333334,144.0,140.0,450.0,1,1.0,3,0,0,302,1662,971.0480132450331,1.5
20264,1.0,1515,2026-02-11T12:30,COMPLETA,764.3879,592.8333333333334,144.0,140.0,450.0,1,1.0,3,0,0,302,1662,971.0480132450331,1.5
20264,1.0,1516,2026-02-11T12:40,COMPLETA,849.7044,592.8333333333334,144.0,140.0,450.0,1,1.0,3,0,0,302,1662,971.0480132450331,1.5
20264,1.0,1517,2026-02-11T12:50,COMPLETA,725.3166,592.8333333333334,144.0,140.0,450.0,1,1.0,3,0,0,302,1662,971.0480132450331,1.5
20264,1.0,1518,2026-02-11T13:00,COMPLETA,798.6693,958.125,144.0,200.0,600.0,2,0.5416666666666666,4,0,1,302,1662,971.0480132450331,1.5
20264,1.0,1519,2026-02-11T13:10,COMPLETA,1106.6,966.0,144.0,158.0,537.0,2,0.5208333333333334,4,0,1,303,1668,968.1006600660066,1.5
20264,1.0,1520,2026-02-11T13:20,COMPLETA,892.2644,959.75,144.0,182.0,573.0,2,0.5416666666666666,4,0,1,303,1668,968.1006600660066,1.5
20264,1.0,1521,2026-02-11T13:30,COMPLETA,772.3501,592.8333333333334,144.0,140.0,450.0,1,1.0,3,0,0,303,1668,968.1006600660066,1.5
20264,1.0,1522,2026-02-11T13:40,COMPLETA,1130.1549,914.1,144.0,346.0,999.0,3,0.5833333333333334,5,0,0,303,1668,968.1006600660066,1.5
20264,1.0,1523,2026-02-11T13:50,COMPLETA,1201.4513,914.1,144.0,346.0,999.0,3,0.5833333333333334,5,0,0,303,1668,968.1006600660066,1.5
20264,1.0,1524,2026-02-11T14:00,COMPLETA,1147.7155,914.1,144.0,346.0,999.0,3,0.5833333333333334,5,0,0,303,1668,968.1006600660066,1.5
20264,1.0,1525,2026-02-11T14:10,COMPLETA,1249.1069,893.1666666666666,144.0,380.0,1110.0,3,0.6805555555555556,6,0,0,303,1668,968.1006600660066,1.5
20264,1.0,1526,2026-02-11T14:20,COMPLETA,1258.2757,893.1666666666666,144.0,380.0,1110.0,3,0.6805555555555556,6,0,0,303,1668,968.1006600660066,1.5
20264,1.0,1527,2026-02-11T14:30,COMPLETA,1232.7427,893.1666666666666,144.0,380.0,1110.0,3,0.6805555555555556,6,0,0,304,1669,971.7763157894736,1.5
20264,1.0,1528,2026-02-11T14:40,COMPLETA,1265.8591,893.1666666666666,144.0,380.0,1110.0,3,0.6805555555555556,6,0,0,304,1669,971.7763157894736,1.5
20264,1.0,1529,2026-02-11T14:50,COMPLETA,1383.5952,893.1666666666666,144.0,380.0,1110.0,3,0.6805555555555556,6,0,0,305,1671,975.3245901639344,1.5
20264,1.0,1530,2026-02-11T15:00,COMPLETA,1158.352,893.1666666666666,144.0,380.0,1110.0,3,0.6805555555555556,6,0,2,306,1673,978.8709150326797,1.5
20264,1.0,1531,2026-02-11T15:10,COMPLETA,566.8833,676.75,233.0,141.0,391.5,1,0.5416666666666666,2,0,0,306,1673,978.8709150326797,1.5
20264,1.0,1532,2026-02-11T15:20,COMPLETA,879.8085,676.75,233.0,141.0,391.5,1,0.5416666666666666,2,0,0,306,1673,978.8709150326797,1.5
20264,1.0,1533,2026-02-11T15:30,COMPLETA,854.1144,676.75,233.0,141.0,391.5,1,0.5416666666666666,2,0,0,306,1673,978.8709150326797,1.5
20264,1.0,1534,2026-02-11T15:40,COMPLETA,722.3519,676.75,233.0,141.0,391.5,1,0.5416666666666666,2,0,0,306,1673,978.8709150326797,1.5
20264,1.0,1535,2026-02-11T15:50,COMPLETA,577.6201,676.75,233.0,141.0,391.5,1,0.5416666666666666,2,0,0,306,1673,978.8709150326797,1.5
20264,1.0,1536,2026-02-11T16:00,COMPLETA,772.5841,676.75,233.0,141.0,391.5,1,0.5416666666666666,2,0,0,306,1673,978.8709150326797,1.5
20264,1.0,1537,2026-02-11T16:10,COMPLETA,686.6047,676.75,233.0,141.0,391.5,1,0.5416666666666666,2,0,0,306,1673,978.8709150326797,1.5
20264,1.0,1538,2026-02-11T16:20,COMPLETA,896.7402,676.75,233.0,141.0,391.5,1,0.5416666666666666,2,0,0,306,1673,978.8709150326797,1.5
20264,1.0,1539,2026-02-11T16:30,COMPLETA,770.1086,676.75,233.0,141.0,391.5,1,0.5416666666666666,2,0,0,306,1673,978.8709150326797,1.5
20264,1.0,1540,2026-02-11T16:40,COMPLETA,656.6263,676.75,233.0,141.0,391.5,1,0.5416666666666666,2,0,0,306,1673,978.8709150326797,1.5
20264,1.0,1541,2026-02-11T16:50,COMPLETA,753.596,744.0,353.0,238.0,657.0,2,0.3958333333333333,3,0,1,306,1673,978.8709150326797,1.5
20264,1.0,1542,2026-02-11T17:00,COMPLETA,626.117,373.75,353.0,144.0,396.0,1,0.5833333333333334,2,0,0,306,1673,978.8709150326797,1.5
20264,1.0,1543,2026-02-11T17:10,COMPLETA,588.3816,373.75,353.0,144.0,396.0,1,0.5833333333333334,2,0,0,307,1683,982.0081433224756,1.5
20264,1.0,1544,2026-02-11T17:20,COMPLETA,742.4193,799.5,353.0,242.0,663.0,2,0.4791666666666667,3,0,0,307,1683,982.0081433224756,1.5
20264,1.0,1545,2026-02-11T17:30,COMPLETA,795.3449,799.5,353.0,242.0,663.0,2,0.4791666666666667,3,0,0,307,1683,982.0081433224756,1.5
20264,1.0,1546,2026-02-11T17:40,COMPLETA,755.7228,799.5,353.0,242.0,663.0,2,0.4791666666666667,3,0,0,307,1683,982.0081433224756,1.5
20264,1.0,1547,2026-02-11T17:50,COMPLETA,732.3688,799.5,353.0,242.0,663.0,2,0.4791666666666667,3,0,0,307,1683,982.0081433224756,1.5
20264,1.0,1548,2026-02-11T18:00,COMPLETA,731.4592,799.5,353.0,242.0,663.0,2,0.4791666666666667,3,0,0,307,1683,982.0081433224756,1.5
20264,1.0,1549,2026-02-11T18:10,COMPLETA,887.5248,710.0,224.0,313.0,829.5,2,0.6875,4,0,0,307,1683,982.0081433224756,1.5
20264,1.0,1550,2026-02-11T18:20,COMPLETA,1211.9917,913.5833333333334,200.0,472.0,1248.0,4,0.4375,6,0,1,308,1693,979.5633116883117,1.5
20264,1.0,1551,2026-02-11T18:30,COMPLETA,1020.8067,910.9,224.0,404.0,1086.0,3,0.5416666666666666,5,0,0,308,1693,979.5633116883117,1.5
20264,1.0,1552,2026-02-11T18:40,COMPLETA,1012.5931,910.9,224.0,404.0,1086.0,3,0.5416666666666666,5,0,0,308,1693,979.5633116883117,1.5
20264,1.0,1553,2026-02-11T18:50,COMPLETA,1243.5628,851.0,200.0,494.0,1281.0,4,0.4270833333333333,6,0,1,308,1693,979.5633116883117,1.5
20264,1.0,1554,2026-02-11T19:00,COMPLETA,1060.0404,910.9,224.0,404.0,1086.0,3,0.5416666666666666,5,0,0,308,1693,979.5633116883117,1.5
20264,1.0,1555,2026-02-11T19:10,COMPLETA,1071.5825,910.9,224.0,404.0,1086.0,3,0.5416666666666666,5,0,0,309,1700,978.9449838187702,1.5
20264,1.0,1556,2026-02-11T19:20,COMPLETA,1098.3819,910.9,224.0,404.0,1086.0,3,0.5416666666666666,5,0,0,309,1700,978.9449838187702,1.5
20264,1.0,1557,2026-02-11T19:30,COMPLETA,1054.3436,910.9,224.0,404.0,1086.0,3,0.5416666666666666,5,0,0,309,1700,978.9449838187702,1.5
20264,1.0,1558,2026-02-11T19:40,COMPLETA,1021.321,910.9,224.0,404.0,1086.0,3,0.5416666666666666,5,0,0,311,1708,980.6157556270097,1.5
20264,1.0,1559,2026-02-11T19:50,COMPLETA,1104.8206,910.9,224.0,404.0,1086.0,3,0.5416666666666666,5,0,0,312,1717,977.9342948717949,1.5
20264,1.0,1560,2026-02-11T20:00,COMPLETA,1147.4156,1091.9166666666667,200.0,496.0,1284.0,4,0.4479166666666667,6,0,1,312,1717,977.9342948717949,1.5
20264,1.0,1561,2026-02-11T20:10,COMPLETA,978.6636,910.9,224.0,404.0,1086.0,3,0.5416666666666666,5,0,0,312,1717,977.9342948717949,1.5
20264,1.0,1562,2026-02-11T20:20,COMPLETA,1065.9429,910.9,224.0,404.0,1086.0,3,0.5416666666666666,5,0,0,312,1717,977.9342948717949,1.5
20264,1.0,1563,2026-02-11T20:30,COMPLETA,976.622,910.9,224.0,404.0,1086.0,3,0.5416666666666666,5,0,0,313,1719,976.7827476038339,1.5
20264,1.0,1564,2026-02-11T20:40,COMPLETA,1064.7988,910.9,224.0,404.0,1086.0,3,0.5416666666666666,5,0,0,313,1719,976.7827476038339,1.5
20264,1.0,1565,2026-02-11T20:50,COMPLETA,1076.7619,910.9,224.0,404.0,1086.0,3,0.5416666666666666,5,0,0,313,1719,976.7827476038339,1.5
20264,1.0,1566,2026-02-11T21:00,COMPLETA,1012.8049,774.7833333333333,160.2,462.0,1245.6,4,0.5375,6,0,1,313,1719,976.7827476038339,1.5
20264,1.0,1567,2026-02-11T21:10,COMPLETA,1001.4576,910.9,224.0,404.0,1086.0,3,0.5416666666666666,5,0,0,313,1719,976.7827476038339,1.5
20264,1.0,1568,2026-02-11T21:20,COMPLETA,1146.454,916.5833333333334,200.0,464.0,1236.0,4,0.4375,6,0,1,313,1719,976.7827476038339,1.5
20264,1.0,1569,2026-02-11T21:30,COMPLETA,961.826,910.9,224.0,404.0,1086.0,3,0.5416666666666666,5,0,0,313,1719,976.7827476038339,1.5
20264,1.0,1570,2026-02-11T21:40,COMPLETA,1000.869,910.9,224.0,404.0,1086.0,3,0.5416666666666666,5,0,0,314,1723,980.2420382165606,1.5
20264,1.0,1571,2026-02-11T21:50,COMPLETA,1045.8858,910.9,224.0,404.0,1086.0,3,0.5416666666666666,5,0,0,314,1723,980.2420382165606,1.5
20264,1.0,1572,2026-02-11T22:00,COMPLETA,969.6229,910.9,224.0,404.0,1086.0,3,0.5416666666666666,5,0,0,314,1723,980.2420382165606,1.5
20264,1.0,1573,2026-02-11T22:10,COMPLETA,1291.2076,1045.9285714285713,230.0,473.0,1369.5,4,0.5104166666666666,7,0,0,314,1723,980.2420382165606,1.5
20264,1.0,1574,2026-02-11T22:20,COMPLETA,1724.8247,964.125,124.5,483.0,1564.5,6,0.3611111111111111,8,0,0,315,1727,977.6387301587301,1.5
20264,1.0,1575,2026-02-11T22:30,COMPLETA,1712.8806,964.125,124.5,483.0,1564.5,6,0.3611111111111111,8,0,0,315,1727,977.6387301587301,1.5
20264,1.0,1576,2026-02-11T22:40,COMPLETA,1804.104,964.125,124.5,483.0,1564.5,6,0.3611111111111111,8,0,0,316,1730,977.7253164556962,1.5
20264,1.0,1577,2026-02-11T22:50,COMPLETA,1619.3783,964.125,124.5,483.0,1564.5,6,0.3611111111111111,8,0,0,316,1730,977.7253164556962,1.5
20264,1.0,1578,2026-02-11T23:00,COMPLETA,1735.1064,964.125,124.5,483.0,1564.5,6,0.3611111111111111,8,0,6,316,1730,977.7253164556962,1.5
20264,1.0,1579,2026-02-11T23:10,SIN_DEMANDA,0,,,,,,,0,0,0,316,1730,977.7253164556962,1.5
20264,1.0,1580,2026-02-11T23:20,SIN_DEMANDA,0,,,,,,,0,0,0,316,1730,977.7253164556962,1.5
20264,1.0,1581,2026-02-11T23:30,SIN_DEMANDA,0,,,,,,,0,0,0,316,1730,977.7253164556962,1.5
20264,1.0,1582,2026-02-11T23:40,SIN_DEMANDA,0,,,,,,,0,0,0,316,1730,977.7253164556962,1.5
20264,1.0,1583,2026-02-11T23:50,SIN_DEMANDA,0,,,,,,,0,0,0,316,1730,977.7253164556962,1.5
20264,1.0,1584,2026-02-12T00:00,SIN_DEMANDA,0,,,,,,,0,0,0,316,1730,977.7253164556962,1.5
20264,1.0,1585,2026-02-12T00:10,SIN_DEMANDA,0,,,,,,,0,0,0,316,1730,977.7253164556962,1.5
20264,1.0,1586,2026-02-12T00:20,SIN_DEMANDA,0,,,,,,,0,0,0,318,1736,978.3465408805032,1.5
20264,1.0,1587,2026-02-12T00:30,COMPLETA,546.5548,186.0,186.0,68.0,222.0,1,0.375,1,0,0,318,1736,978.3465408805032,1.5
20264,1.0,1588,2026-02-12T00:40,COMPLETA,530.7582,186.0,186.0,68.0,222.0,1,0.375,1,0,0,318,1736,978.3465408805032,1.5
20264,1.0,1589,2026-02-12T00:50,COMPLETA,580.3834,186.0,186.0,68.0,222.0,1,0.375,1,0,0,319,1742,980.8235109717868,1.5
20264,1.0,1590,2026-02-12T01:00,COMPLETA,598.7918,186.0,186.0,68.0,222.0,1,0.375,1,0,0,319,1742,980.8235109717868,1.5
20264,1.0,1591,2026-02-12T01:10,COMPLETA,574.7499,186.0,186.0,68.0,222.0,1,0.375,1,0,0,319,1742,980.8235109717868,1.5
20264,1.0,1592,2026-02-12T01:20,COMPLETA,468.9664,186.0,186.0,68.0,222.0,1,0.375,1,0,0,319,1742,980.8235109717868,1.5
20264,1.0,1593,2026-02-12T01:30,COMPLETA,491.2194,186.0,186.0,68.0,222.0,1,0.375,1,0,0,319,1742,980.8235109717868,1.5
20264,1.0,1594,2026-02-12T01:40,COMPLETA,565.8064,413.0,186.0,92.0,318.0,2,0.20833333333333334,2,0,1,319,1742,980.8235109717868,1.5
20264,1.0,1595,2026-02-12T01:50,COMPLETA,577.8885,1129.0,186.0,104.0,336.0,2,0.2708333333333333,2,0,1,320,1751,982.9178125000001,1.5
20264,1.0,1596,2026-02-12T02:00,COMPLETA,534.5991,186.0,186.0,68.0,222.0,1,0.375,1,0,0,320,1751,982.9178125000001,1.5
20264,1.0,1597,2026-02-12T02:10,COMPLETA,575.8193,186.0,186.0,68.0,222.0,1,0.375,1,0,0,321,1761,981.7358255451713,1.5
20264,1.0,1598,2026-02-12T02:20,COMPLETA,540.5209,186.0,186.0,68.0,222.0,1,0.375,1,0,0,322,1768,981.2599378881988,1.5
20264,1.0,1599,2026-02-12T02:30,COMPLETA,534.5566,186.0,186.0,68.0,222.0,1,0.375,1,0,0,322,1768,981.2599378881988,1.5
20264,1.0,1600,2026-02-12T02:40,COMPLETA,562.1819,186.0,186.0,68.0,222.0,1,0.375,1,0,0,322,1768,981.2599378881988,1.5
20264,1.0,1601,2026-02-12T02:50,COMPLETA,532.5434,114.0,114.0,116.0,234.0,1,0.375,1,0,0,323,1774,979.7219814241487,1.5
20264,1.0,1602,2026-02-12T03:00,COMPLETA,519.2327,114.0,114.0,116.0,234.0,1,0.375,1,0,0,324,1775,978.6734567901235,1.5
20264,1.0,1603,2026-02-12T03:10,COMPLETA,528.4576,114.0,114.0,116.0,234.0,1,0.375,1,0,0,324,1775,978.6734567901235,1.5
20264,1.0,1604,2026-02-12T03:20,COMPLETA,688.4395,961.0,114.0,169.0,433.5,2,0.2916666666666667,2,0,1,325,1779,982.0375384615385,1.5
20264,1.0,1605,2026-02-12T03:30,COMPLETA,842.2997,1808.0,1808.0,53.0,199.5,1,0.20833333333333334,1,0,0,325,1779,982.0375384615385,1.5
20264,1.0,1606,2026-02-12T03:40,COMPLETA,624.1749,1808.0,1808.0,53.0,199.5,1,0.20833333333333334,1,0,0,325,1779,982.0375384615385,1.5
20264,1.0,1607,2026-02-12T03:50,COMPLETA,631.0986,1808.0,1808.0,53.0,199.5,1,0.20833333333333334,1,0,0,325,1779,982.0375384615385,1.5
20264,1.0,1608,2026-02-12T04:00,COMPLETA,652.798,1808.0,1808.0,53.0,199.5,1,0.20833333333333334,1,0,0,326,1787,979.7122699386504,1.5
20264,1.0,1609,2026-02-12T04:10,COMPLETA,759.51,988.25,228.5,53.0,259.5,1,0.625,2,0,0,326,1787,979.7122699386504,1.5
20264,1.0,1610,2026-02-12T04:20,COMPLETA,771.2931,708.0,147.5,95.0,382.5,2,0.375,3,0,1,326,1787,979.7122699386504,1.5
20264,1.0,1611,2026-02-12T04:30,COMPLETA,789.1797,1211.8333333333333,228.5,121.0,421.5,1,0.8333333333333334,3,0,0,326,1787,979.7122699386504,1.5
20264,1.0,1612,2026-02-12T04:40,COMPLETA,902.0797,946.875,152.0,157.0,535.5,2,0.5,4,0,1,326,1787,979.7122699386504,1.5
20264,1.0,1613,2026-02-12T04:50,COMPLETA,886.0339,942.375,134.0,173.0,559.5,2,0.625,4,0,1,326,1787,979.7122699386504,1.5
20264,1.0,1614,2026-02-12T05:00,COMPLETA,946.1234,1219.3333333333333,308.0,188.0,522.0,2,0.4166666666666667,3,0,0,326,1787,979.7122699386504,1.5
20264,1.0,1615,2026-02-12T05:10,COMPLETA,1436.771,1394.875,308.0,258.0,747.0,3,0.375,4,0,0,326,1787,979.7122699386504,1.5
20264,1.0,1616,2026-02-12T05:20,COMPLETA,1369.7258,1394.875,308.0,258.0,747.0,3,0.375,4,0,0,326,1787,979.7122699386504,1.5
20264,1.0,1617,2026-02-12T05:30,COMPLETA,1417.1415,1394.875,308.0,258.0,747.0,3,0.375,4,0,0,326,1787,979.7122699386504,1.5
20264,1.0,1618,2026-02-12T05:40,COMPLETA,1655.5368,1394.875,308.0,258.0,747.0,3,0.375,4,0,1,326,1787,979.7122699386504,1.5
20264,1.0,1619,2026-02-12T05:50,COMPLETA,1289.0115,1776.8333333333333,1605.5,99.0,388.5,1,0.7083333333333334,3,0,0,326,1787,979.7122699386504,1.5
20264,1.0,1620,2026-02-12T06:00,COMPLETA,1256.092,1776.8333333333333,1605.5,99.0,388.5,1,0.7083333333333334,3,0,0,327,1790,977.1672782874618,1.5
20264,1.0,1621,2026-02-12T06:10,COMPLETA,1054.4981,1776.8333333333333,1605.5,99.0,388.5,1,0.7083333333333334,3,0,0,328,1794,974.6515243902439,1.5
20264,1.0,1622,2026-02-12T06:20,COMPLETA,1239.2594,1369.25,80.5,251.0,796.5,3,0.3472222222222222,4,0,0,328,1794,974.6515243902439,1.5
20264,1.0,1623,2026-02-12T06:30,COMPLETA,2154.9394,1369.25,80.5,251.0,796.5,3,0.3472222222222222,4,0,0,330,1813,969.4960606060606,1.5
20264,1.0,1624,2026-02-12T06:40,COMPLETA,1763.5719,1369.25,80.5,251.0,796.5,3,0.3472222222222222,4,0,0,330,1813,969.4960606060606,1.5
20264,1.0,1625,2026-02-12T06:50,COMPLETA,1548.3976,1369.25,80.5,251.0,796.5,3,0.3472222222222222,4,0,0,330,1813,969.4960606060606,1.5
20264,1.0,1626,2026-02-12T07:00,COMPLETA,1562.2084,1369.25,80.5,251.0,796.5,3,0.3472222222222222,4,0,1,331,1823,967.4975830815711,1.5
20264,1.0,1627,2026-02-12T07:10,COMPLETA,1131.4861,1776.8333333333333,1605.5,99.0,388.5,1,0.7083333333333334,3,0,1,331,1823,967.4975830815711,1.5
20264,1.0,1628,2026-02-12T07:20,SIN_DEMANDA,0,,,,,,,0,0,0,331,1823,967.4975830815711,1.5
20264,1.0,1629,2026-02-12T07:30,COMPLETA,745.0538,253.75,121.5,107.0,400.5,2,0.2708333333333333,2,0,1,331,1823,967.4975830815711,1.5
20264,1.0,1630,2026-02-12T07:40,COMPLETA,572.4188,121.5,121.5,71.0,226.5,1,0.4166666666666667,1,0,0,331,1823,967.4975830815711,1.5
20264,1.0,1631,2026-02-12T07:50,COMPLETA,798.3694,787.25,121.5,128.0,372.0,1,0.75,2,0,0,331,1823,967.4975830815711,1.5
20264,1.0,1632,2026-02-12T08:00,COMPLETA,662.4214,787.25,121.5,128.0,372.0,1,0.75,2,0,0,331,1823,967.4975830815711,1.5
20264,1.0,1633,2026-02-12T08:10,COMPLETA,690.8579,787.25,121.5,128.0,372.0,1,0.75,2,0,0,331,1823,967.4975830815711,1.5
20264,1.0,1634,2026-02-12T08:20,COMPLETA,791.9762,787.25,121.5,128.0,372.0,1,0.75,2,0,0,331,1823,967.4975830815711,1.5
20264,1.0,1635,2026-02-12T08:30,COMPLETA,726.4775,787.25,121.5,128.0,372.0,1,0.75,2,0,0,331,1823,967.4975830815711,1.5
20264,1.0,1636,2026-02-12T08:40,COMPLETA,899.527,851.6666666666666,121.5,167.0,550.5,2,0.4375,3,0,1,331,1823,967.4975830815711,1.5
20264,1.0,1637,2026-02-12T08:50,COMPLETA,691.5027,787.25,121.5,128.0,372.0,1,0.75,2,0,0,331,1823,967.4975830815711,1.5
20264,1.0,1638,2026-02-12T09:00,COMPLETA,713.1852,571.3333333333334,121.5,182.0,513.0,2,0.4583333333333333,3,0,1,334,1839,965.8404191616767,1.5
20264,1.0,1639,2026-02-12T09:10,COMPLETA,652.1596,787.25,121.5,128.0,372.0,1,0.75,2,0,0,334,1839,965.8404191616767,1.5
20264,1.0,1640,2026-02-12T09:20,COMPLETA,740.4087,615.6666666666666,139.0,212.0,621.5,2,0.5,3,0,0,334,1839,965.8404191616767,1.5
20264,1.0,1641,2026-02-12T09:30,COMPLETA,786.8919,470.625,52.5,272.0,831.5,3,0.4305555555555556,4,0,0,334,1839,965.8404191616767,1.5
20264,1.0,1642,2026-02-12T09:40,COMPLETA,763.4583,470.625,52.5,272.0,831.5,3,0.4305555555555556,4,0,0,334,1839,965.8404191616767,1.5
20264,1.0,1643,2026-02-12T09:50,COMPLETA,730.1033,470.625,52.5,272.0,831.5,3,0.4305555555555556,4,0,0,334,1839,965.8404191616767,1.5
20264,1.0,1644,2026-02-12T10:00,COMPLETA,765.6739,507.375,104.5,174.0,564.5,3,0.4305555555555556,4,0,0,334,1839,965.8404191616767,1.5
20264,1.0,1645,2026-02-12T10:10,COMPLETA,791.6483,507.375,104.5,174.0,564.5,3,0.4305555555555556,4,0,0,334,1839,965.8404191616767,1.5
20264,1.0,1646,2026-02-12T10:20,COMPLETA,746.8138,507.375,104.5,174.0,564.5,3,0.4305555555555556,4,0,1,335,1842,965.8841791044777,1.5
20264,1.0,1647,2026-02-12T10:30,COMPLETA,650.6933,559.6666666666666,104.5,142.0,453.0,2,0.5208333333333334,3,0,1,336,1849,968.4931547619047,1.5
20264,1.0,1648,2026-02-12T10:40,COMPLETA,834.6298,1098.6666666666667,121.5,224.0,636.0,2,0.5625,3,0,0,336,1849,968.4931547619047,1.5
20264,1.0,1649,2026-02-12T10:50,COMPLETA,960.6471,828.875,17.0,336.0,939.5,3,0.4583333333333333,4,0,0,337,1853,966.033234421365,1.5
20264,1.0,1650,2026-02-12T11:00,COMPLETA,912.7221,828.875,17.0,336.0,939.5,3,0.4583333333333333,4,0,0,337,1853,966.033234421365,1.5
20264,1.0,1651,2026-02-12T11:10,COMPLETA,927.1032,828.875,17.0,336.0,939.5,3,0.4583333333333333,4,0,0,337,1853,966.033234421365,1.5
20264,1.0,1652,2026-02-12T11:20,COMPLETA,902.5672,828.875,17.0,336.0,939.5,3,0.4583333333333333,4,0,0,337,1853,966.033234421365,1.5
20264,1.0,1653,2026-02-12T11:30,COMPLETA,864.4335,828.875,17.0,336.0,939.5,3,0.4583333333333333,4,0,0,337,1853,966.033234421365,1.5
20264,1.0,1654,2026-02-12T11:40,COMPLETA,882.4662,828.875,17.0,336.0,939.5,3,0.4583333333333333,4,0,0,337,1853,966.033234421365,1.5
20264,1.0,1655,2026-02-12T11:50,COMPLETA,895.3439,828.875,17.0,336.0,939.5,3,0.4583333333333333,4,0,0,338,1860,963.4843195266272,1.5
20264,1.0,1656,2026-02-12T12:00,COMPLETA,914.4087,828.875,17.0,336.0,939.5,3,0.4583333333333333,4,0,0,339,1866,961.5728613569322,1.5
20264,1.0,1657,2026-02-12T12:10,COMPLETA,960.1602,813.5,75.5,398.0,972.5,5,0.3333333333333333,5,0,3,339,1866,961.5728613569322,1.5
20264,1.0,1658,2026-02-12T12:20,COMPLETA,580.8184,809.0,75.5,160.0,435.5,2,0.3125,2,0,0,339,1866,961.5728613569322,1.5
20264,1.0,1659,2026-02-12T12:30,COMPLETA,541.6332,809.0,75.5,160.0,435.5,2,0.3125,2,0,1,339,1866,961.5728613569322,1.5
20264,1.0,1660,2026-02-12T12:40,COMPLETA,516.9902,1542.5,1542.5,98.0,282.5,1,0.3333333333333333,1,0,0,340,1871,963.4667647058824,1.5
20264,1.0,1661,2026-02-12T12:50,COMPLETA,638.1915,1542.5,1542.5,98.0,282.5,1,0.3333333333333333,1,0,0,340,1871,963.4667647058824,1.5
20264,1.0,1662,2026-02-12T13:00,COMPLETA,673.6588,1091.25,640.0,114.0,366.5,2,0.1875,2,0,1,340,1871,963.4667647058824,1.5
20264,1.0,1663,2026-02-12T13:10,COMPLETA,533.0703,1542.5,1542.5,98.0,282.5,1,0.3333333333333333,1,0,0,340,1871,963.4667647058824,1.5
20264,1.0,1664,2026-02-12T13:20,COMPLETA,544.2522,1542.5,1542.5,98.0,282.5,1,0.3333333333333333,1,0,0,340,1871,963.4667647058824,1.5
20264,1.0,1665,2026-02-12T13:30,COMPLETA,545.7288,1542.5,1542.5,98.0,282.5,1,0.3333333333333333,1,0,0,340,1871,963.4667647058824,1.5
20264,1.0,1666,2026-02-12T13:40,COMPLETA,554.6384,1542.5,1542.5,98.0,282.5,1,0.3333333333333333,1,0,0,340,1871,963.4667647058824,1.5
20264,1.0,1667,2026-02-12T13:50,COMPLETA,533.2994,1542.5,1542.5,98.0,282.5,1,0.3333333333333333,1,0,0,340,1871,963.4667647058824,1.5
20264,1.0,1668,2026-02-12T14:00,COMPLETA,505.6737,1542.5,1542.5,98.0,282.5,1,0.3333333333333333,1,0,0,340,1871,963.4667647058824,1.5
20264,1.0,1669,2026-02-12T14:10,COMPLETA,548.8834,1783.75,1542.5,130.0,450.5,2,0.25,2,0,0,340,1871,963.4667647058824,1.5
20264,1.0,1670,2026-02-12T14:20,COMPLETA,788.3812,1784.0,1542.5,184.0,591.5,2,0.4375,3,0,0,342,1878,960.5005847953216,1.5
20264,1.0,1671,2026-02-12T14:30,COMPLETA,776.1213,1784.0,1542.5,184.0,591.5,2,0.4375,3,0,0,342,1878,960.5005847953216,1.5
20264,1.0,1672,2026-02-12T14:40,COMPLETA,817.2983,1784.0,1542.5,184.0,591.5,2,0.4375,3,0,0,343,1888,958.5326530612246,1.5
20264,1.0,1673,2026-02-12T14:50,COMPLETA,752.4338,1784.0,1542.5,184.0,591.5,2,0.4375,3,0,0,343,1888,958.5326530612246,1.5
20264,1.0,1674,2026-02-12T15:00,COMPLETA,833.1472,1784.0,1542.5,184.0,591.5,2,0.4375,3,0,2,345,1904,958.6773913043479,1.5
20264,1.0,1675,2026-02-12T15:10,SIN_DEMANDA,0,,,,,,,0,0,0,345,1904,958.6773913043479,1.5
20264,1.0,1676,2026-02-12T15:20,SIN_DEMANDA,0,,,,,,,0,0,0,345,1904,958.6773913043479,1.5
20264,1.0,1677,2026-02-12T15:30,SIN_DEMANDA,0,,,,,,,0,0,0,345,1904,958.6773913043479,1.5
20264,1.0,1678,2026-02-12T15:40,SIN_DEMANDA,0,,,,,,,0,0,0,345,1904,958.6773913043479,1.5
20264,1.0,1679,2026-02-12T15:50,SIN_DEMANDA,0,,,,,,,0,0,0,345,1904,958.6773913043479,1.5
20264,1.0,1680,2026-02-12T16:00,SIN_DEMANDA,0,,,,,,,0,0,0,345,1904,958.6773913043479,1.5
20264,1.0,1681,2026-02-12T16:10,SIN_DEMANDA,0,,,,,,,0,0,0,345,1904,958.6773913043479,1.5
20264,1.0,1682,2026-02-12T16:20,SIN_DEMANDA,0,,,,,,,0,0,0,345,1904,958.6773913043479,1.5
20264,1.0,1683,2026-02-12T16:30,SIN_DEMANDA,0,,,,,,,0,0,0,346,1908,961.7592485549134,1.5
20264,1.0,1684,2026-02-12T16:40,SIN_DEMANDA,0,,,,,,,0,0,0,346,1908,961.7592485549134,1.5
20264,1.0,1685,2026-02-12T16:50,SIN_DEMANDA,0,,,,,,,0,0,0,346,1908,961.7592485549134,1.5
20264,1.0,1686,2026-02-12T17:00,SIN_DEMANDA,0,,,,,,,0,0,0,346,1908,961.7592485549134,1.5
20264,1.0,1687,2026-02-12T17:10,SIN_DEMANDA,0,,,,,,,0,0,0,346,1908,961.7592485549134,1.5
20264,1.0,1688,2026-02-12T17:20,SIN_DEMANDA,0,,,,,,,0,0,0,346,1908,961.7592485549134,1.5
20264,1.0,1689,2026-02-12T17:30,SIN_DEMANDA,0,,,,,,,0,0,0,346,1908,961.7592485549134,1.5
20264,1.0,1690,2026-02-12T17:40,SIN_DEMANDA,0,,,,,,,0,0,0,346,1908,961.7592485549134,1.5
20264,1.0,1691,2026-02-12T17:50,SIN_DEMANDA,0,,,,,,,0,0,0,346,1908,961.7592485549134,1.5
20264,1.0,1692,2026-02-12T18:00,SIN_DEMANDA,0,,,,,,,0,0,0,346,1908,961.7592485549134,1.5
20264,1.0,1693,2026-02-12T18:10,SIN_DEMANDA,0,,,,,,,0,0,0,347,1916,963.4328530259367,1.5
20264,1.0,1694,2026-02-12T18:20,SIN_DEMANDA,0,,,,,,,0,0,0,347,1916,963.4328530259367,1.5
20264,1.0,1695,2026-02-12T18:30,COMPLETA,285.9311,141.0,141.0,52.0,138.0,1,0.125,1,0,1,347,1916,963.4328530259367,1.5
20264,1.0,1696,2026-02-12T18:40,SIN_DEMANDA,0,,,,,,,0,0,0,347,1916,963.4328530259367,1.5
20264,1.0,1697,2026-02-12T18:50,SIN_DEMANDA,0,,,,,,,0,0,0,347,1916,963.4328530259367,1.5
20264,1.0,1698,2026-02-12T19:00,COMPLETA,533.3092,1699.5,1699.5,116.0,294.0,1,0.25,1,0,0,347,1916,963.4328530259367,1.5
20264,1.0,1699,2026-02-12T19:10,COMPLETA,584.9934,1699.5,1699.5,116.0,294.0,1,0.25,1,0,0,347,1916,963.4328530259367,1.5
20264,1.0,1700,2026-02-12T19:20,COMPLETA,580.7973,911.25,123.0,180.0,450.0,2,0.16666666666666666,2,0,1,347,1916,963.4328530259367,1.5
20264,1.0,1701,2026-02-12T19:30,COMPLETA,632.9467,1699.5,1699.5,116.0,294.0,1,0.25,1,0,0,347,1916,963.4328530259367,1.5
20264,1.0,1702,2026-02-12T19:40,COMPLETA,527.8899,1699.5,1699.5,116.0,294.0,1,0.25,1,0,0,347,1916,963.4328530259367,1.5
20264,1.0,1703,2026-02-12T19:50,COMPLETA,497.7244,1699.5,1699.5,116.0,294.0,1,0.25,1,0,0,347,1916,963.4328530259367,1.5
20264,1.0,1704,2026-02-12T20:00,COMPLETA,671.7264,901.6666666666666,356.5,206.0,549.0,3,0.1388888888888889,3,0,2,347,1916,963.4328530259367,1.5
20264,1.0,1705,2026-02-12T20:10,COMPLETA,775.5111,1320.6666666666667,634.5,214.0,561.0,2,0.3958333333333333,3,0,1,348,1919,961.0695402298851,1.5
20264,1.0,1706,2026-02-12T20:20,COMPLETA,704.3119,1663.75,1531.5,188.0,462.0,1,0.6666666666666666,2,0,0,348,1919,961.0695402298851,1.5
20264,1.0,1707,2026-02-12T20:30,COMPLETA,654.0844,1663.75,1531.5,188.0,462.0,1,0.6666666666666666,2,0,0,349,1928,963.4289398280803,1.5
20264,1.0,1708,2026-02-12T20:40,COMPLETA,686.0224,1663.75,1531.5,188.0,462.0,1,0.6666666666666666,2,0,0,349,1928,963.4289398280803,1.5
20264,1.0,1709,2026-02-12T20:50,COMPLETA,685.406,1663.75,1531.5,188.0,462.0,1,0.6666666666666666,2,0,0,349,1928,963.4289398280803,1.5
20264,1.0,1710,2026-02-12T21:00,COMPLETA,688.3357,1663.75,1531.5,188.0,462.0,1,0.6666666666666666,2,0,0,349,1928,963.4289398280803,1.5
20264,1.0,1711,2026-02-12T21:10,COMPLETA,702.8418,1663.75,1531.5,188.0,462.0,1,0.6666666666666666,2,0,0,351,1932,960.1387464387465,1.5
20264,1.0,1712,2026-02-12T21:20,COMPLETA,636.5635,1663.75,1531.5,188.0,462.0,1,0.6666666666666666,2,0,0,351,1932,960.1387464387465,1.5
20264,1.0,1713,2026-02-12T21:30,COMPLETA,691.7241,1663.75,1531.5,188.0,462.0,1,0.6666666666666666,2,0,0,352,1935,959.2136363636364,1.5
20264,1.0,1714,2026-02-12T21:40,COMPLETA,777.4889,1663.75,1531.5,188.0,462.0,1,0.6666666666666666,2,0,0,352,1935,959.2136363636364,1.5
20264,1.0,1715,2026-02-12T21:50,COMPLETA,774.3725,1663.75,1531.5,188.0,462.0,1,0.6666666666666666,2,0,0,352,1935,959.2136363636364,1.5
20264,1.0,1716,2026-02-12T22:00,COMPLETA,666.0349,1663.75,1531.5,188.0,462.0,1,0.6666666666666666,2,0,0,353,1937,957.5062322946176,1.5
20264,1.0,1717,2026-02-12T22:10,COMPLETA,611.1405,1663.75,1531.5,188.0,462.0,1,0.6666666666666666,2,0,0,353,1937,957.5062322946176,1.5
20264,1.0,1718,2026-02-12T22:20,COMPLETA,699.8761,1663.75,1531.5,188.0,462.0,1,0.6666666666666666,2,0,0,353,1937,957.5062322946176,1.5
20264,1.0,1719,2026-02-12T22:30,COMPLETA,642.698,1663.75,1531.5,188.0,462.0,1,0.6666666666666666,2,0,0,353,1937,957.5062322946176,1.5
20264,1.0,1720,2026-02-12T22:40,COMPLETA,657.6833,1663.75,1531.5,188.0,462.0,1,0.6666666666666666,2,0,0,353,1937,957.5062322946176,1.5
20264,1.0,1721,2026-02-12T22:50,COMPLETA,708.3287,1663.75,1531.5,188.0,462.0,1,0.6666666666666666,2,0,0,353,1937,957.5062322946176,1.5
20264,1.0,1722,2026-02-12T23:00,COMPLETA,672.908,1663.75,1531.5,188.0,462.0,1,0.6666666666666666,2,0,1,353,1937,957.5062322946176,1.5
20264,1.0,1723,2026-02-12T23:10,SIN_DEMANDA,0,,,,,,,0,0,0,353,1937,957.5062322946176,1.5
20264,1.0,1724,2026-02-12T23:20,SIN_DEMANDA,0,,,,,,,0,0,0,353,1937,957.5062322946176,1.5
20264,1.0,1725,2026-02-12T23:30,COMPLETA,428.9866,633.5,633.5,26.0,159.0,1,0.041666666666666664,1,0,1,353,1937,957.5062322946176,1.5
20264,1.0,1726,2026-02-12T23:40,SIN_DEMANDA,0,,,,,,,0,0,0,353,1937,957.5062322946176,1.5
20264,1.0,1727,2026-02-12T23:50,SIN_DEMANDA,0,,,,,,,0,0,0,353,1937,957.5062322946176,1.5
20264,1.0,1728,2026-02-13T00:00,SIN_DEMANDA,0,,,,,,,0,0,0,353,1937,957.5062322946176,1.5
20264,1.0,1729,2026-02-13T00:10,SIN_DEMANDA,0,,,,,,,0,0,0,353,1937,957.5062322946176,1.5
20264,1.0,1730,2026-02-13T00:20,SIN_DEMANDA,0,,,,,,,0,0,0,353,1937,957.5062322946176,1.5
20264,1.0,1731,2026-02-13T00:30,SIN_DEMANDA,0,,,,,,,0,0,0,353,1937,957.5062322946176,1.5
20264,1.0,1732,2026-02-13T00:40,COMPLETA,439.1215,2078.0,2078.0,24.0,156.0,1,0.08333333333333333,1,0,1,353,1937,957.5062322946176,1.5
20264,1.0,1733,2026-02-13T00:50,COMPLETA,352.1801,993.5,993.5,34.0,171.0,1,0.08333333333333333,1,0,1,354,1938,956.5909604519775,1.5
20264,1.0,1734,2026-02-13T01:00,SIN_DEMANDA,0,,,,,,,0,0,0,354,1938,956.5909604519775,1.5
20264,1.0,1735,2026-02-13T01:10,SIN_DEMANDA,0,,,,,,,0,0,0,354,1938,956.5909604519775,1.5
20264,1.0,1736,2026-02-13T01:20,SIN_DEMANDA,0,,,,,,,0,0,0,354,1938,956.5909604519775,1.5
20264,1.0,1737,2026-02-13T01:30,SIN_DEMANDA,0,,,,,,,0,0,0,354,1938,956.5909604519775,1.5
20264,1.0,1738,2026-02-13T01:40,COMPLETA,413.4137,606.0,606.0,68.0,162.0,1,0.16666666666666666,1,0,1,354,1938,956.5909604519775,1.5
20264,1.0,1739,2026-02-13T01:50,SIN_DEMANDA,0,,,,,,,0,0,0,354,1938,956.5909604519775,1.5
20264,1.0,1740,2026-02-13T02:00,SIN_DEMANDA,0,,,,,,,0,0,0,355,1940,959.7498591549296,1.5
20264,1.0,1741,2026-02-13T02:10,SIN_DEMANDA,0,,,,,,,0,0,0,356,1950,962.0988764044944,1.5
20264,1.0,1742,2026-02-13T02:20,SIN_DEMANDA,0,,,,,,,0,0,0,357,1952,962.1868347338935,1.5
20264,1.0,1743,2026-02-13T02:30,SIN_DEMANDA,0,,,,,,,0,0,0,357,1952,962.1868347338935,1.5
20264,1.0,1744,2026-02-13T02:40,SIN_DEMANDA,0,,,,,,,0,0,0,357,1952,962.1868347338935,1.5
20264,1.0,1745,2026-02-13T02:50,SIN_DEMANDA,0,,,,,,,0,0,0,357,1952,962.1868347338935,1.5
20264,1.0,1746,2026-02-13T03:00,SIN_DEMANDA,0,,,,,,,0,0,0,357,1952,962.1868347338935,1.5
20264,1.0,1747,2026-02-13T03:10,SIN_DEMANDA,0,,,,,,,0,0,0,357,1952,962.1868347338935,1.5
20264,1.0,1748,2026-02-13T03:20,SIN_DEMANDA,0,,,,,,,0,0,0,357,1952,962.1868347338935,1.5
20264,1.0,1749,2026-02-13T03:30,SIN_DEMANDA,0,,,,,,,0,0,0,357,1952,962.1868347338935,1.5
20264,1.0,1750,2026-02-13T03:40,SIN_DEMANDA,0,,,,,,,0,0,0,358,1956,961.1918994413409,1.5
20264,1.0,1751,2026-02-13T03:50,SIN_DEMANDA,0,,,,,,,0,0,0,358,1956,961.1918994413409,1.5
20264,1.0,1752,2026-02-13T04:00,SIN_DEMANDA,0,,,,,,,0,0,0,358,1956,961.1918994413409,1.5
20264,1.0,1753,2026-02-13T04:10,SIN_DEMANDA,0,,,,,,,0,0,0,358,1956,961.1918994413409,1.5
20264,1.0,1754,2026-02-13T04:20,SIN_DEMANDA,0,,,,,,,0,0,0,358,1956,961.1918994413409,1.5
20264,1.0,1755,2026-02-13T04:30,SIN_DEMANDA,0,,,,,,,0,0,0,358,1956,961.1918994413409,1.5
20264,1.0,1756,2026-02-13T04:40,SIN_DEMANDA,0,,,,,,,0,0,0,358,1956,961.1918994413409,1.5
20264,1.0,1757,2026-02-13T04:50,SIN_DEMANDA,0,,,,,,,0,0,0,358,1956,961.1918994413409,1.5
20264,1.0,1758,2026-02-13T05:00,COMPLETA,533.8273,774.0,774.0,116.0,294.0,1,0.20833333333333334,1,0,0,358,1956,961.1918994413409,1.5
20264,1.0,1759,2026-02-13T05:10,COMPLETA,581.4003,774.0,774.0,116.0,294.0,1,0.20833333333333334,1,0,0,358,1956,961.1918994413409,1.5
20264,1.0,1760,2026-02-13T05:20,COMPLETA,611.0493,774.0,774.0,116.0,294.0,1,0.20833333333333334,1,0,0,359,1962,962.7805013927577,1.5
20264,1.0,1761,2026-02-13T05:30,COMPLETA,634.9817,774.0,774.0,116.0,294.0,1,0.20833333333333334,1,0,0,359,1962,962.7805013927577,1.5
20264,1.0,1762,2026-02-13T05:40,COMPLETA,649.8264,425.75,212.5,166.0,429.0,1,0.5416666666666666,2,0,0,359,1962,962.7805013927577,1.5
20264,1.0,1763,2026-02-13T05:50,COMPLETA,660.802,425.75,212.5,166.0,429.0,1,0.5416666666666666,2,0,0,359,1962,962.7805013927577,1.5
20264,1.0,1764,2026-02-13T06:00,COMPLETA,683.3524,425.75,212.5,166.0,429.0,1,0.5416666666666666,2,0,0,359,1962,962.7805013927577,1.5
20264,1.0,1765,2026-02-13T06:10,COMPLETA,640.7464,425.75,212.5,166.0,429.0,1,0.5416666666666666,2,0,0,359,1962,962.7805013927577,1.5
20264,1.0,1766,2026-02-13T06:20,COMPLETA,666.2401,425.75,212.5,166.0,429.0,1,0.5416666666666666,2,0,0,359,1962,962.7805013927577,1.5
20264,1.0,1767,2026-02-13T06:30,COMPLETA,784.9656,425.75,212.5,166.0,429.0,1,0.5416666666666666,2,0,0,359,1962,962.7805013927577,1.5
20264,1.0,1768,2026-02-13T06:40,COMPLETA,672.5631,425.75,212.5,166.0,429.0,1,0.5416666666666666,2,0,0,359,1962,962.7805013927577,1.5
20264,1.0,1769,2026-02-13T06:50,COMPLETA,701.5467,413.0,212.5,196.0,594.0,2,0.3333333333333333,3,0,0,359,1962,962.7805013927577,1.5
20264,1.0,1770,2026-02-13T07:00,COMPLETA,723.7278,413.0,212.5,196.0,594.0,2,0.3333333333333333,3,0,2,359,1962,962.7805013927577,1.5
20264,1.0,1771,2026-02-13T07:10,SIN_DEMANDA,0,,,,,,,0,0,0,359,1962,962.7805013927577,1.5
20264,1.0,1772,2026-02-13T07:20,COMPLETA,453.8352,2053.0,2053.0,42.0,192.0,1,0.16666666666666666,1,0,1,359,1962,962.7805013927577,1.5
20264,1.0,1773,2026-02-13T07:30,SIN_DEMANDA,0,,,,,,,0,0,0,359,1962,962.7805013927577,1.5
20264,1.0,1774,2026-02-13T07:40,SIN_DEMANDA,0,,,,,,,0,0,0,359,1962,962.7805013927577,1.5
20264,1.0,1775,2026-02-13T07:50,SIN_DEMANDA,0,,,,,,,0,0,0,359,1962,962.7805013927577,1.5
20264,1.0,1776,2026-02-13T08:00,SIN_DEMANDA,0,,,,,,,0,0,0,359,1962,962.7805013927577,1.5
20264,1.0,1777,2026-02-13T08:10,SIN_DEMANDA,0,,,,,,,0,0,0,359,1962,962.7805013927577,1.5
20264,1.0,1778,2026-02-13T08:20,COMPLETA,536.866,526.5,526.5,75.0,232.5,1,0.4166666666666667,1,0,0,359,1962,962.7805013927577,1.5
20264,1.0,1779,2026-02-13T08:30,COMPLETA,532.4499,526.5,526.5,75.0,232.5,1,0.4166666666666667,1,0,0,360,1965,961.1825,1.5
20264,1.0,1780,2026-02-13T08:40,COMPLETA,472.2379,526.5,526.5,75.0,232.5,1,0.4166666666666667,1,0,0,360,1965,961.1825,1.5
20264,1.0,1781,2026-02-13T08:50,COMPLETA,609.1562,414.0,301.5,161.0,481.5,2,0.3958333333333333,2,0,1,360,1965,961.1825,1.5
20264,1.0,1782,2026-02-13T09:00,COMPLETA,892.9105,1183.8333333333333,526.5,184.0,516.0,3,0.19444444444444445,3,0,2,361,1969,964.2069252077563,1.5
20264,1.0,1783,2026-02-13T09:10,COMPLETA,981.3576,746.8333333333334,191.0,233.0,649.5,2,0.5208333333333334,3,0,0,361,1969,964.2069252077563,1.5
20264,1.0,1784,2026-02-13T09:20,COMPLETA,848.0025,746.8333333333334,191.0,233.0,649.5,2,0.5208333333333334,3,0,0,361,1969,964.2069252077563,1.5
20264,1.0,1785,2026-02-13T09:30,COMPLETA,776.3838,746.8333333333334,191.0,233.0,649.5,2,0.5208333333333334,3,0,0,361,1969,964.2069252077563,1.5
20264,1.0,1786,2026-02-13T09:40,COMPLETA,848.0476,746.8333333333334,191.0,233.0,649.5,2,0.5208333333333334,3,0,0,361,1969,964.2069252077563,1.5
20264,1.0,1787,2026-02-13T09:50,COMPLETA,772.94,746.8333333333334,191.0,233.0,649.5,2,0.5208333333333334,3,0,0,361,1969,964.2069252077563,1.5
20264,1.0,1788,2026-02-13T10:00,COMPLETA,773.1864,746.8333333333334,191.0,233.0,649.5,2,0.5208333333333334,3,0,0,362,1977,962.1303867403316,1.5
20264,1.0,1789,2026-02-13T10:10,COMPLETA,746.3503,746.8333333333334,191.0,233.0,649.5,2,0.5208333333333334,3,0,0,362,1977,962.1303867403316,1.5
20264,1.0,1790,2026-02-13T10:20,COMPLETA,771.6016,746.8333333333334,191.0,233.0,649.5,2,0.5208333333333334,3,0,0,362,1977,962.1303867403316,1.5
20264,1.0,1791,2026-02-13T10:30,COMPLETA,766.9425,746.8333333333334,191.0,233.0,649.5,2,0.5208333333333334,3,0,0,362,1977,962.1303867403316,1.5
20264,1.0,1792,2026-02-13T10:40,COMPLETA,818.2936,1160.75,515.5,218.0,627.0,3,0.4027777777777778,4,0,2,363,1979,965.167217630854,1.5
20264,1.0,1793,2026-02-13T10:50,COMPLETA,854.2217,1376.6666666666667,526.5,150.0,465.0,2,0.3958333333333333,3,0,1,363,1979,965.167217630854,1.5
20264,1.0,1794,2026-02-13T11:00,COMPLETA,774.0209,1366.1666666666667,526.5,180.0,510.0,2,0.4166666666666667,3,0,1,364,1981,965.1543956043956,1.5
20264,1.0,1795,2026-02-13T11:10,COMPLETA,960.4915,716.8333333333334,101.0,197.0,595.5,2,0.4583333333333333,3,0,0,364,1981,965.1543956043956,1.5
20264,1.0,1796,2026-02-13T11:20,COMPLETA,1044.6531,716.8333333333334,101.0,197.0,595.5,2,0.4583333333333333,3,0,0,364,1981,965.1543956043956,1.5
20264,1.0,1797,2026-02-13T11:30,COMPLETA,808.3399,716.8333333333334,101.0,197.0,595.5,2,0.4583333333333333,3,0,0,364,1981,965.1543956043956,1.5
20264,1.0,1798,2026-02-13T11:40,COMPLETA,807.0093,716.8333333333334,101.0,197.0,595.5,2,0.4583333333333333,3,0,0,364,1981,965.1543956043956,1.5
20264,1.0,1799,2026-02-13T11:50,COMPLETA,825.8612,716.8333333333334,101.0,197.0,595.5,2,0.4583333333333333,3,0,0,365,1990,963.3361643835617,1.5
20264,1.0,1800,2026-02-13T12:00,COMPLETA,737.7806,716.8333333333334,101.0,197.0,595.5,2,0.4583333333333333,3,0,0,365,1990,963.3361643835617,1.5
20264,1.0,1801,2026-02-13T12:10,COMPLETA,756.4578,716.8333333333334,101.0,197.0,595.5,2,0.4583333333333333,3,0,0,367,1996,969.4174386920981,1.5
20264,1.0,1802,2026-02-13T12:20,COMPLETA,834.6056,716.8333333333334,101.0,197.0,595.5,2,0.4583333333333333,3,0,0,367,1996,969.4174386920981,1.5
20264,1.0,1803,2026-02-13T12:30,COMPLETA,771.5836,716.8333333333334,101.0,197.0,595.5,2,0.4583333333333333,3,0,0,369,2009,967.2918699186993,1.5
20264,1.0,1804,2026-02-13T12:40,COMPLETA,808.2723,1059.0,101.0,215.0,682.5,3,0.3472222222222222,4,0,1,369,2009,967.2918699186993,1.5
20264,1.0,1805,2026-02-13T12:50,COMPLETA,936.3814,1053.875,101.0,241.0,721.5,3,0.3194444444444444,4,0,1,370,2012,970.2154054054055,1.5
20264,1.0,1806,2026-02-13T13:00,COMPLETA,790.608,716.8333333333334,101.0,197.0,595.5,2,0.4583333333333333,3,0,0,370,2012,970.2154054054055,1.5
20264,1.0,1807,2026-02-13T13:10,COMPLETA,731.1387,716.8333333333334,101.0,197.0,595.5,2,0.4583333333333333,3,0,0,370,2012,970.2154054054055,1.5
20264,1.0,1808,2026-02-13T13:20,COMPLETA,742.7621,826.75,265.5,190.0,585.0,3,0.3611111111111111,4,0,2,370,2012,970.2154054054055,1.5
20264,1.0,1809,2026-02-13T13:30,COMPLETA,811.329,815.3333333333334,382.5,237.0,655.5,2,0.5416666666666666,3,0,0,370,2012,970.2154054054055,1.5
20264,1.0,1810,2026-02-13T13:40,COMPLETA,805.7954,815.3333333333334,382.5,237.0,655.5,2,0.5416666666666666,3,0,0,370,2012,970.2154054054055,1.5
20264,1.0,1811,2026-02-13T13:50,COMPLETA,827.5157,815.3333333333334,382.5,237.0,655.5,2,0.5416666666666666,3,0,0,370,2012,970.2154054054055,1.5
20264,1.0,1812,2026-02-13T14:00,COMPLETA,796.1223,815.3333333333334,382.5,237.0,655.5,2,0.5416666666666666,3,0,0,371,2015,973.2215633423181,1.5
20264,1.0,1813,2026-02-13T14:10,COMPLETA,795.2526,815.3333333333334,382.5,237.0,655.5,2,0.5416666666666666,3,0,0,371,2015,973.2215633423181,1.5
20264,1.0,1814,2026-02-13T14:20,COMPLETA,793.334,815.3333333333334,382.5,237.0,655.5,2,0.5416666666666666,3,0,0,371,2015,973.2215633423181,1.5
20264,1.0,1815,2026-02-13T14:30,COMPLETA,776.8919,815.3333333333334,382.5,237.0,655.5,2,0.5416666666666666,3,0,0,372,2016,976.1564516129033,1.5
20264,1.0,1816,2026-02-13T14:40,COMPLETA,899.9205,1117.5,382.5,309.0,883.5,3,0.375,4,0,0,372,2016,976.1564516129033,1.5
20264,1.0,1817,2026-02-13T14:50,COMPLETA,903.4048,1117.5,382.5,309.0,883.5,3,0.375,4,0,0,374,2025,974.2986631016043,1.5
20264,1.0,1818,2026-02-13T15:00,COMPLETA,996.611,1117.5,382.5,309.0,883.5,3,0.375,4,0,2,374,2025,974.2986631016043,1.5
20264,1.0,1819,2026-02-13T15:10,COMPLETA,593.6632,1197.5,1197.5,61.0,211.5,1,0.2916666666666667,1,0,0,374,2025,974.2986631016043,1.5
20264,1.0,1820,2026-02-13T15:20,COMPLETA,577.0092,1197.5,1197.5,61.0,211.5,1,0.2916666666666667,1,0,0,374,2025,974.2986631016043,1.5
20264,1.0,1821,2026-02-13T15:30,COMPLETA,601.5541,1197.5,1197.5,61.0,211.5,1,0.2916666666666667,1,0,0,374,2025,974.2986631016043,1.5
20264,1.0,1822,2026-02-13T15:40,COMPLETA,630.7542,767.0,336.5,120.0,420.0,2,0.2916666666666667,2,0,1,374,2025,974.2986631016043,1.5
20264,1.0,1823,2026-02-13T15:50,COMPLETA,576.9085,1197.5,1197.5,61.0,211.5,1,0.2916666666666667,1,0,0,374,2025,974.2986631016043,1.5
20264,1.0,1824,2026-02-13T16:00,COMPLETA,614.1695,1197.5,1197.5,61.0,211.5,1,0.2916666666666667,1,0,0,374,2025,974.2986631016043,1.5
20264,1.0,1825,2026-02-13T16:10,COMPLETA,542.9484,1197.5,1197.5,61.0,211.5,1,0.2916666666666667,1,0,0,374,2025,974.2986631016043,1.5
20264,1.0,1826,2026-02-13T16:20,COMPLETA,525.6287,1197.5,1197.5,61.0,211.5,1,0.2916666666666667,1,0,0,374,2025,974.2986631016043,1.5
20264,1.0,1827,2026-02-13T16:30,COMPLETA,518.9358,1197.5,1197.5,61.0,211.5,1,0.2916666666666667,1,0,0,374,2025,974.2986631016043,1.5
20264,1.0,1828,2026-02-13T16:40,COMPLETA,552.2951,1197.5,1197.5,61.0,211.5,1,0.2916666666666667,1,0,0,374,2025,974.2986631016043,1.5
20264,1.0,1829,2026-02-13T16:50,COMPLETA,630.9628,837.5,594.5,99.0,328.5,1,0.7083333333333334,2,0,0,374,2025,974.2986631016043,1.5
20264,1.0,1830,2026-02-13T17:00,COMPLETA,545.6964,837.5,594.5,99.0,328.5,1,0.7083333333333334,2,0,0,375,2026,977.0978666666667,1.5
20264,1.0,1831,2026-02-13T17:10,COMPLETA,684.7327,1246.3333333333333,594.5,147.0,460.5,2,0.4166666666666667,3,0,1,375,2026,977.0978666666667,1.5
20264,1.0,1832,2026-02-13T17:20,COMPLETA,597.4124,837.5,594.5,99.0,328.5,1,0.7083333333333334,2,0,0,375,2026,977.0978666666667,1.5
20264,1.0,1833,2026-02-13T17:30,COMPLETA,554.1371,837.5,594.5,99.0,328.5,1,0.7083333333333334,2,0,0,375,2026,977.0978666666667,1.5
20264,1.0,1834,2026-02-13T17:40,COMPLETA,608.3833,837.5,594.5,99.0,328.5,1,0.7083333333333334,2,0,0,375,2026,977.0978666666667,1.5
20264,1.0,1835,2026-02-13T17:50,COMPLETA,649.8964,837.5,594.5,99.0,328.5,1,0.7083333333333334,2,0,0,376,2035,975.7425531914894,1.5
20264,1.0,1836,2026-02-13T18:00,COMPLETA,560.7903,837.5,594.5,99.0,328.5,1,0.7083333333333334,2,0,0,377,2042,974.046949602122,1.5
20264,1.0,1837,2026-02-13T18:10,COMPLETA,577.3814,837.5,594.5,99.0,328.5,1,0.7083333333333334,2,0,0,377,2042,974.046949602122,1.5
20264,1.0,1838,2026-02-13T18:20,COMPLETA,595.7842,837.5,594.5,99.0,328.5,1,0.7083333333333334,2,0,0,377,2042,974.046949602122,1.5
20264,1.0,1839,2026-02-13T18:30,COMPLETA,610.237,686.8333333333334,385.5,204.0,666.0,3,0.3472222222222222,3,0,1,377,2042,974.046949602122,1.5
20264,1.0,1840,2026-02-13T18:40,COMPLETA,621.4607,837.5,594.5,99.0,328.5,1,0.7083333333333334,2,0,0,377,2042,974.046949602122,1.5
20264,1.0,1841,2026-02-13T18:50,COMPLETA,624.9683,837.5,594.5,99.0,328.5,1,0.7083333333333334,2,0,0,378,2045,976.9304232804233,1.5
20264,1.0,1842,2026-02-13T19:00,COMPLETA,640.6678,625.8333333333334,400.5,125.0,427.5,1,1.0,3,0,0,378,2045,976.9304232804233,1.5
20264,1.0,1843,2026-02-13T19:10,COMPLETA,672.6482,625.8333333333334,400.5,125.0,427.5,1,1.0,3,0,0,378,2045,976.9304232804233,1.5
20264,1.0,1844,2026-02-13T19:20,COMPLETA,648.9074,625.8333333333334,400.5,125.0,427.5,1,1.0,3,0,0,378,2045,976.9304232804233,1.5
20264,1.0,1845,2026-02-13T19:30,COMPLETA,651.4735,625.8333333333334,400.5,125.0,427.5,1,1.0,3,0,0,378,2045,976.9304232804233,1.5
20264,1.0,1846,2026-02-13T19:40,COMPLETA,645.3426,625.8333333333334,400.5,125.0,427.5,1,1.0,3,0,0,378,2045,976.9304232804233,1.5
20264,1.0,1847,2026-02-13T19:50,COMPLETA,680.5117,625.8333333333334,400.5,125.0,427.5,1,1.0,3,0,0,379,2055,975.3620052770449,1.5
20264,1.0,1848,2026-02-13T20:00,COMPLETA,690.4161,986.5,400.5,159.0,538.5,2,0.5416666666666666,4,0,1,379,2055,975.3620052770449,1.5
20264,1.0,1849,2026-02-13T20:10,COMPLETA,651.4891,504.125,139.0,173.0,559.5,2,0.6458333333333334,4,0,1,380,2063,973.8097368421053,1.5
20264,1.0,1850,2026-02-13T20:20,COMPLETA,789.5419,625.8333333333334,400.5,125.0,427.5,1,1.0,3,0,0,380,2063,973.8097368421053,1.5
20264,1.0,1851,2026-02-13T20:30,COMPLETA,652.1682,625.8333333333334,400.5,125.0,427.5,1,1.0,3,0,0,380,2063,973.8097368421053,1.5
20264,1.0,1852,2026-02-13T20:40,COMPLETA,711.9536,986.875,400.5,161.0,541.5,2,0.5416666666666666,4,0,1,380,2063,973.8097368421053,1.5
20264,1.0,1853,2026-02-13T20:50,COMPLETA,642.6708,576.25,126.0,164.0,546.0,3,0.4583333333333333,4,0,1,380,2063,973.8097368421053,1.5
20264,1.0,1854,2026-02-13T21:00,COMPLETA,765.1716,696.75,504.0,185.0,577.5,3,0.3888888888888889,4,0,1,380,2063,973.8097368421053,1.5
20264,1.0,1855,2026-02-13T21:10,COMPLETA,661.2647,726.3333333333334,504.0,125.0,427.5,2,0.5,3,0,1,380,2063,973.8097368421053,1.5
20264,1.0,1856,2026-02-13T21:20,COMPLETA,575.6886,837.5,594.5,99.0,328.5,1,0.7083333333333334,2,0,0,380,2063,973.8097368421053,1.5
20264,1.0,1857,2026-02-13T21:30,COMPLETA,709.9536,1214.1666666666667,594.5,149.0,523.5,2,0.3958333333333333,3,0,0,381,2065,976.682939632546,1.5
20264,1.0,1858,2026-02-13T21:40,COMPLETA,815.1339,1045.75,423.5,184.0,696.0,3,0.375,4,0,0,381,2065,976.682939632546,1.5
20264,1.0,1859,2026-02-13T21:50,COMPLETA,863.3971,1045.75,423.5,184.0,696.0,3,0.375,4,0,0,382,2072,974.490052356021,1.5
20264,1.0,1860,2026-02-13T22:00,COMPLETA,839.3345,1045.75,423.5,184.0,696.0,3,0.375,4,0,0,382,2072,974.490052356021,1.5
20264,1.0,1861,2026-02-13T22:10,COMPLETA,909.9933,845.5,110.5,188.0,762.0,3,0.5,5,0,0,383,2074,977.3503916449087,1.5
20264,1.0,1862,2026-02-13T22:20,COMPLETA,901.9374,845.5,110.5,188.0,762.0,3,0.5,5,0,0,383,2074,977.3503916449087,1.5
20264,1.0,1863,2026-02-13T22:30,COMPLETA,987.321,1019.5833333333334,16.0,294.0,1161.0,5,0.35,6,0,0,383,2074,977.3503916449087,1.5
20264,1.0,1864,2026-02-13T22:40,COMPLETA,1032.2935,1019.5833333333334,16.0,294.0,1161.0,5,0.35,6,0,0,385,2090,973.9096103896104,1.5
20264,1.0,1865,2026-02-13T22:50,COMPLETA,1059.0451,1019.5833333333334,16.0,294.0,1161.0,5,0.35,6,0,0,386,2094,972.9616580310881,1.5
20264,1.0,1866,2026-02-13T23:00,COMPLETA,1042.5697,1019.5833333333334,16.0,294.0,1161.0,5,0.35,6,0,4,386,2094,972.9616580310881,1.5
20264,1.0,1867,2026-02-13T23:10,COMPLETA,488.757,16.0,16.0,61.0,211.5,1,0.20833333333333334,1,0,0,386,2094,972.9616580310881,1.5
20264,1.0,1868,2026-02-13T23:20,COMPLETA,489.8073,16.0,16.0,61.0,211.5,1,0.20833333333333334,1,0,0,386,2094,972.9616580310881,1.5
20264,1.0,1869,2026-02-13T23:30,COMPLETA,467.3674,16.0,16.0,61.0,211.5,1,0.20833333333333334,1,0,1,386,2094,972.9616580310881,1.5
20264,1.0,1870,2026-02-13T23:40,SIN_DEMANDA,0,,,,,,,0,0,0,386,2094,972.9616580310881,1.5
20264,1.0,1871,2026-02-13T23:50,SIN_DEMANDA,0,,,,,,,0,0,0,386,2094,972.9616580310881,1.5
20264,1.0,1872,2026-02-14T00:00,SIN_DEMANDA,0,,,,,,,0,0,0,386,2094,972.9616580310881,1.5
20264,1.0,1873,2026-02-14T00:10,COMPLETA,555.0942,211.0,211.0,40.0,180.0,1,0.2916666666666667,1,0,0,386,2094,972.9616580310881,1.5
20264,1.0,1874,2026-02-14T00:20,COMPLETA,593.133,211.0,211.0,40.0,180.0,1,0.2916666666666667,1,0,0,386,2098,972.9616580310881,1.5
20264,1.0,1875,2026-02-14T00:30,COMPLETA,632.5365,211.0,211.0,40.0,180.0,1,0.2916666666666667,1,0,0,386,2098,972.9616580310881,1.5
20264,1.0,1876,2026-02-14T00:40,COMPLETA,526.5729,211.0,211.0,40.0,180.0,1,0.2916666666666667,1,0,0,387,2100,975.5315245478037,1.5
20264,1.0,1877,2026-02-14T00:50,COMPLETA,693.3995,1137.5,211.0,76.0,354.0,2,0.22916666666666666,2,0,1,388,2106,978.2247422680413,1.5
20264,1.0,1878,2026-02-14T01:00,COMPLETA,634.0762,183.5,156.0,60.0,270.0,2,0.16666666666666666,2,0,1,388,2106,978.2247422680413,1.5
20264,1.0,1879,2026-02-14T01:10,COMPLETA,533.0259,211.0,211.0,40.0,180.0,1,0.2916666666666667,1,0,0,389,2114,977.006940874036,1.5
20264,1.0,1880,2026-02-14T01:20,COMPLETA,574.9427,211.0,211.0,40.0,180.0,1,0.2916666666666667,1,0,0,389,2114,977.006940874036,1.5
20264,1.0,1881,2026-02-14T01:30,COMPLETA,598.4428,211.0,211.0,40.0,180.0,1,0.2916666666666667,1,0,0,389,2114,977.006940874036,1.5
20264,1.0,1882,2026-02-14T01:40,COMPLETA,546.9468,211.0,211.0,40.0,180.0,1,0.2916666666666667,1,0,0,389,2114,977.006940874036,1.5
20264,1.0,1883,2026-02-14T01:50,COMPLETA,519.208,211.0,211.0,40.0,180.0,1,0.2916666666666667,1,0,0,390,2119,974.5428205128205,1.5
20264,1.0,1884,2026-02-14T02:00,COMPLETA,530.4941,211.0,211.0,40.0,180.0,1,0.2916666666666667,1,0,0,390,2119,974.5428205128205,1.5
20264,1.0,1885,2026-02-14T02:10,COMPLETA,568.2027,211.0,211.0,40.0,180.0,1,0.2916666666666667,1,0,0,390,2119,974.5428205128205,1.5
20264,1.0,1886,2026-02-14T02:20,COMPLETA,572.4047,211.0,211.0,40.0,180.0,1,0.2916666666666667,1,0,0,393,2131,975.6468193384225,1.5
20264,1.0,1887,2026-02-14T02:30,COMPLETA,626.0721,125.75,40.5,109.0,403.5,2,0.3125,2,0,0,393,2131,975.6468193384225,1.5
20264,1.0,1888,2026-02-14T02:40,COMPLETA,614.431,125.75,40.5,109.0,403.5,2,0.3125,2,0,0,393,2131,975.6468193384225,1.5
20264,1.0,1889,2026-02-14T02:50,COMPLETA,612.0356,125.75,40.5,109.0,403.5,2,0.3125,2,0,0,394,2141,974.3672588832487,1.5
20264,1.0,1890,2026-02-14T03:00,COMPLETA,559.6799,125.75,40.5,109.0,403.5,2,0.3125,2,0,0,394,2141,974.3672588832487,1.5
20264,1.0,1891,2026-02-14T03:10,COMPLETA,665.6833,302.3333333333333,40.5,137.0,505.5,2,0.4375,3,0,0,394,2141,974.3672588832487,1.5
20264,1.0,1892,2026-02-14T03:20,COMPLETA,691.3085,297.3333333333333,25.5,147.0,460.5,2,0.4375,3,0,0,394,2141,974.3672588832487,1.5
20264,1.0,1893,2026-02-14T03:30,COMPLETA,705.9741,294.375,25.5,157.0,535.5,2,0.6041666666666666,4,0,1,394,2141,974.3672588832487,1.5
20264,1.0,1894,2026-02-14T03:40,COMPLETA,787.8821,534.875,309.0,173.0,624.0,3,0.375,4,0,1,394,2141,974.3672588832487,1.5
20264,1.0,1895,2026-02-14T03:50,COMPLETA,526.4245,465.75,367.0,115.0,352.5,2,0.2916666666666667,2,0,0,394,2141,974.3672588832487,1.5
20264,1.0,1896,2026-02-14T04:00,COMPLETA,625.9328,279.1666666666667,107.0,134.0,441.0,2,0.3958333333333333,3,0,0,394,2141,974.3672588832487,1.5
20264,1.0,1897,2026-02-14T04:10,COMPLETA,700.0787,279.1666666666667,107.0,134.0,441.0,2,0.3958333333333333,3,0,0,394,2141,974.3672588832487,1.5
20264,1.0,1898,2026-02-14T04:20,COMPLETA,578.6914,279.1666666666667,107.0,134.0,441.0,2,0.3958333333333333,3,0,0,394,2141,974.3672588832487,1.5
20264,1.0,1899,2026-02-14T04:30,COMPLETA,617.7558,279.1666666666667,107.0,134.0,441.0,2,0.3958333333333333,3,0,1,394,2141,974.3672588832487,1.5
20264,1.0,1900,2026-02-14T04:40,COMPLETA,711.4208,304.3333333333333,169.0,174.0,561.0,2,0.3958333333333333,3,0,0,394,2141,974.3672588832487,1.5
20264,1.0,1901,2026-02-14T04:50,COMPLETA,730.9368,304.3333333333333,169.0,174.0,561.0,2,0.3958333333333333,3,0,0,394,2141,974.3672588832487,1.5
20264,1.0,1902,2026-02-14T05:00,COMPLETA,842.3023,221.625,17.0,182.0,693.0,3,0.3333333333333333,4,0,0,394,2141,974.3672588832487,1.5
20264,1.0,1903,2026-02-14T05:10,COMPLETA,714.904,221.625,17.0,182.0,693.0,3,0.3333333333333333,4,0,0,394,2141,974.3672588832487,1.5
20264,1.0,1904,2026-02-14T05:20,COMPLETA,810.5594,221.625,17.0,182.0,693.0,3,0.3333333333333333,4,0,0,395,2147,974.3017721518987,1.5
20264,1.0,1905,2026-02-14T05:30,COMPLETA,1029.509,556.8,17.0,202.0,783.0,3,0.4027777777777778,5,0,0,395,2147,974.3017721518987,1.5
20264,1.0,1906,2026-02-14T05:40,COMPLETA,1100.1039,765.75,17.0,210.0,855.0,3,0.4722222222222222,6,0,0,395,2147,974.3017721518987,1.5
20264,1.0,1907,2026-02-14T05:50,COMPLETA,1168.3379,796.9285714285714,10.5,298.0,1167.0,5,0.30833333333333335,7,0,0,395,2147,974.3017721518987,1.5
20264,1.0,1908,2026-02-14T06:00,COMPLETA,1369.2451,952.5625,10.5,365.0,1387.5,6,0.2847222222222222,8,0,0,395,2147,974.3017721518987,1.5
20264,1.0,1909,2026-02-14T06:10,COMPLETA,1428.4449,952.5625,10.5,365.0,1387.5,6,0.2847222222222222,8,0,0,397,2160,969.7272040302267,1.5
20264,1.0,1910,2026-02-14T06:20,COMPLETA,1610.1305,923.8333333333334,10.5,389.0,1483.5,6,0.3541666666666667,9,0,0,397,2160,969.7272040302267,1.5
20264,1.0,1911,2026-02-14T06:30,COMPLETA,1638.2279,923.8333333333334,10.5,389.0,1483.5,6,0.3541666666666667,9,0,0,397,2160,969.7272040302267,1.5
20264,1.0,1912,2026-02-14T06:40,COMPLETA,1710.4225,878.15,10.5,534.0,1821.0,7,0.3392857142857143,10,0,0,397,2160,969.7272040302267,1.5
20264,1.0,1913,2026-02-14T06:50,COMPLETA,1729.1938,878.15,10.5,534.0,1821.0,7,0.3392857142857143,10,0,0,397,2160,969.7272040302267,1.5
20264,1.0,1914,2026-02-14T07:00,COMPLETA,1957.6877,977.3181818181819,10.5,513.0,1890.0,7,0.35714285714285715,11,0,6,398,2167,968.0670854271357,1.5
20264,1.0,1915,2026-02-14T07:10,COMPLETA,633.7039,813.75,231.0,142.0,453.0,2,0.20833333333333334,2,0,0,398,2167,968.0670854271357,1.5
20264,1.0,1916,2026-02-14T07:20,COMPLETA,600.8474,813.75,231.0,142.0,453.0,2,0.20833333333333334,2,0,1,398,2167,968.0670854271357,1.5
20264,1.0,1917,2026-02-14T07:30,COMPLETA,494.2314,1396.5,1396.5,110.0,285.0,1,0.20833333333333334,1,0,0,398,2167,968.0670854271357,1.5
20264,1.0,1918,2026-02-14T07:40,COMPLETA,679.4985,1320.375,321.0,218.0,774.0,3,0.3392857142857143,4,0,2,398,2167,968.0670854271357,1.5
20264,1.0,1919,2026-02-14T07:50,COMPLETA,647.4087,1449.75,1333.5,112.0,348.0,1,0.625,2,0,0,398,2167,968.0670854271357,1.5
20264,1.0,1920,2026-02-14T08:00,COMPLETA,562.486,1449.75,1333.5,112.0,348.0,1,0.625,2,0,0,398,2167,968.0670854271357,1.5
20264,1.0,1921,2026-02-14T08:10,COMPLETA,600.3746,979.3333333333334,38.5,138.0,507.0,2,0.5208333333333334,3,0,0,398,2167,968.0670854271357,1.5
20264,1.0,1922,2026-02-14T08:20,COMPLETA,559.9084,979.3333333333334,38.5,138.0,507.0,2,0.5208333333333334,3,0,0,398,2167,968.0670854271357,1.5
20264,1.0,1923,2026-02-14T08:30,COMPLETA,620.9927,979.3333333333334,38.5,138.0,507.0,2,0.5208333333333334,3,0,0,400,2180,967.9205000000001,1.5
20264,1.0,1924,2026-02-14T08:40,COMPLETA,596.5734,979.3333333333334,38.5,138.0,507.0,2,0.5208333333333334,3,0,0,401,2184,970.486783042394,1.5
20264,1.0,1925,2026-02-14T08:50,COMPLETA,779.5069,782.6,38.5,334.0,1047.5,4,0.375,5,0,1,403,2194,966.2697270471464,1.5
20264,1.0,1926,2026-02-14T09:00,COMPLETA,706.2631,750.625,38.5,252.0,804.5,3,0.4444444444444444,4,0,0,403,2194,966.2697270471464,1.5
20264,1.0,1927,2026-02-14T09:10,COMPLETA,709.9197,750.625,38.5,252.0,804.5,3,0.4444444444444444,4,0,0,403,2194,966.2697270471464,1.5
20264,1.0,1928,2026-02-14T09:20,COMPLETA,786.1874,1006.2,38.5,291.0,983.0,4,0.3541666666666667,5,0,0,404,2195,968.9794554455445,1.5
20264,1.0,1929,2026-02-14T09:30,COMPLETA,810.1286,1006.2,38.5,291.0,923.0,4,0.3541666666666667,5,0,0,404,2195,968.9794554455445,1.5
20264,1.0,1930,2026-02-14T09:40,COMPLETA,819.5577,1183.0,38.5,331.0,1043.0,5,0.2916666666666667,6,0,2,404,2195,968.9794554455445,1.5
20264,1.0,1931,2026-02-14T09:50,COMPLETA,716.325,750.625,38.5,252.0,744.5,3,0.4444444444444444,4,0,0,405,2198,971.4967901234568,1.5
20264,1.0,1932,2026-02-14T10:00,COMPLETA,688.6064,750.625,38.5,252.0,744.5,3,0.4444444444444444,4,0,0,406,2206,969.9179802955665,1.5
20264,1.0,1933,2026-02-14T10:10,COMPLETA,746.9007,750.625,38.5,252.0,744.5,3,0.4444444444444444,4,0,1,407,2212,968.7916461916462,1.5
20264,1.0,1934,2026-02-14T10:20,COMPLETA,623.4099,988.0,64.5,226.0,645.5,2,0.4583333333333333,3,0,0,408,2215,967.2039215686275,1.5
20264,1.0,1935,2026-02-14T10:30,COMPLETA,725.5011,892.625,64.5,262.0,756.5,2,0.6458333333333334,4,0,0,408,2215,967.2039215686275,1.5
20264,1.0,1936,2026-02-14T10:40,COMPLETA,728.1133,892.625,64.5,262.0,756.5,2,0.6458333333333334,4,0,0,408,2215,967.2039215686275,1.5
20264,1.0,1937,2026-02-14T10:50,COMPLETA,718.9226,892.625,64.5,262.0,756.5,2,0.6458333333333334,4,0,0,408,2215,967.2039215686275,1.5
20264,1.0,1938,2026-02-14T11:00,COMPLETA,743.6998,892.625,64.5,262.0,756.5,2,0.6458333333333334,4,0,0,408,2215,967.2039215686275,1.5
20264,1.0,1939,2026-02-14T11:10,COMPLETA,767.0182,1125.4,64.5,288.0,915.5,3,0.4722222222222222,5,0,0,409,2216,969.8929095354523,1.5
20264,1.0,1940,2026-02-14T11:20,COMPLETA,799.9542,1125.4,64.5,288.0,855.5,3,0.4722222222222222,5,0,0,410,2221,971.9248780487806,1.5
20264,1.0,1941,2026-02-14T11:30,COMPLETA,809.0865,1125.4,64.5,288.0,855.5,3,0.4722222222222222,5,0,1,411,2231,969.6537712895378,1.5
20264,1.0,1942,2026-02-14T11:40,COMPLETA,774.4508,892.625,64.5,262.0,756.5,2,0.6458333333333334,4,0,0,413,2237,972.0743341404359,1.5
20264,1.0,1943,2026-02-14T11:50,COMPLETA,666.6322,892.625,64.5,262.0,756.5,2,0.6458333333333334,4,0,0,413,2237,972.0743341404359,1.5
20264,1.0,1944,2026-02-14T12:00,COMPLETA,720.4211,892.625,64.5,262.0,756.5,2,0.6458333333333334,4,0,0,413,2237,972.0743341404359,1.5
20264,1.0,1945,2026-02-14T12:10,COMPLETA,722.0753,892.625,64.5,262.0,756.5,2,0.6458333333333334,4,0,0,413,2237,972.0743341404359,1.5
20264,1.0,1946,2026-02-14T12:20,COMPLETA,739.1291,892.625,64.5,262.0,756.5,2,0.6458333333333334,4,0,0,413,2237,972.0743341404359,1.5
20264,1.0,1947,2026-02-14T12:30,COMPLETA,843.5885,719.0833333333334,180.0,362.0,1023.0,4,0.46875,6,0,2,414,2243,970.1852657004831,1.5
20264,1.0,1948,2026-02-14T12:40,COMPLETA,641.2813,879.5,180.0,235.0,712.5,2,0.7083333333333334,4,0,0,414,2243,970.1852657004831,1.5
20264,1.0,1949,2026-02-14T12:50,COMPLETA,699.3305,877.7,180.0,301.0,931.5,3,0.5694444444444444,5,0,0,414,2243,970.1852657004831,1.5
20264,1.0,1950,2026-02-14T13:00,COMPLETA,720.5717,877.7,180.0,301.0,931.5,3,0.5694444444444444,5,0,0,415,2246,972.8028915662651,1.5
20264,1.0,1951,2026-02-14T13:10,COMPLETA,788.5402,877.7,180.0,301.0,931.5,3,0.5694444444444444,5,0,0,415,2246,972.8028915662651,1.5
20264,1.0,1952,2026-02-14T13:20,COMPLETA,741.5321,877.7,180.0,301.0,931.5,3,0.5694444444444444,5,0,0,415,2246,972.8028915662651,1.5
20264,1.0,1953,2026-02-14T13:30,COMPLETA,748.5557,877.7,180.0,301.0,931.5,3,0.5694444444444444,5,0,0,415,2246,972.8028915662651,1.5
20264,1.0,1954,2026-02-14T13:40,COMPLETA,725.4607,877.7,180.0,301.0,931.5,3,0.5694444444444444,5,0,0,415,2246,972.8028915662651,1.5
20264,1.0,1955,2026-02-14T13:50,COMPLETA,831.4532,877.7,180.0,301.0,931.5,3,0.5694444444444444,5,0,0,415,2246,972.8028915662651,1.5
20264,1.0,1956,2026-02-14T14:00,COMPLETA,763.6458,877.7,180.0,301.0,931.5,3,0.5694444444444444,5,0,0,415,2246,972.8028915662651,1.5
20264,1.0,1957,2026-02-14T14:10,COMPLETA,738.7199,877.7,180.0,301.0,931.5,3,0.5694444444444444,5,0,0,416,2250,971.3899038461539,1.5
20264,1.0,1958,2026-02-14T14:20,COMPLETA,689.994,877.7,180.0,301.0,931.5,3,0.5694444444444444,5,0,0,416,2250,971.3899038461539,1.5
20264,1.0,1959,2026-02-14T14:30,COMPLETA,737.6857,769.0833333333334,180.0,245.0,907.5,3,0.5972222222222222,6,0,0,416,2250,971.3899038461539,1.5
20264,1.0,1960,2026-02-14T14:40,COMPLETA,836.1291,769.0833333333334,180.0,245.0,907.5,3,0.5972222222222222,6,0,0,416,2250,971.3899038461539,1.5
20264,1.0,1961,2026-02-14T14:50,COMPLETA,758.8079,769.0833333333334,180.0,245.0,907.5,3,0.5972222222222222,6,0,0,416,2250,971.3899038461539,1.5
20264,1.0,1962,2026-02-14T15:00,COMPLETA,790.9528,769.0833333333334,180.0,245.0,907.5,3,0.5972222222222222,6,0,3,417,2257,969.8889688249401,1.5
20264,1.0,1963,2026-02-14T15:10,COMPLETA,435.5991,382.0,382.0,48.0,192.0,1,0.125,1,0,1,417,2257,969.8889688249401,1.5
20264,1.0,1964,2026-02-14T15:20,COMPLETA,354.9627,394.0,394.0,32.0,168.0,1,0.041666666666666664,1,0,1,417,2257,969.8889688249401,1.5
20264,1.0,1965,2026-02-14T15:30,SIN_DEMANDA,0,,,,,,,0,0,0,417,2257,969.8889688249401,1.5
20264,1.0,1966,2026-02-14T15:40,SIN_DEMANDA,0,,,,,,,0,0,0,417,2257,969.8889688249401,1.5
20264,1.0,1967,2026-02-14T15:50,SIN_DEMANDA,0,,,,,,,0,0,0,417,2257,969.8889688249401,1.5
20264,1.0,1968,2026-02-14T16:00,SIN_DEMANDA,0,,,,,,,0,0,0,417,2257,969.8889688249401,1.5
20264,1.0,1969,2026-02-14T16:10,SIN_DEMANDA,0,,,,,,,0,0,0,417,2257,969.8889688249401,1.5
20264,1.0,1970,2026-02-14T16:20,SIN_DEMANDA,0,,,,,,,0,0,0,417,2257,969.8889688249401,1.5
20264,1.0,1971,2026-02-14T16:30,SIN_DEMANDA,0,,,,,,,0,0,0,418,2259,968.4215311004785,1.5
20264,1.0,1972,2026-02-14T16:40,SIN_DEMANDA,0,,,,,,,0,0,0,418,2259,968.4215311004785,1.5
20264,1.0,1973,2026-02-14T16:50,COMPLETA,495.0734,2056.5,2056.5,54.0,201.0,1,0.041666666666666664,1,0,1,420,2263,965.657619047619,1.5
20264,1.0,1974,2026-02-14T17:00,SIN_DEMANDA,0,,,,,,,0,0,0,420,2263,965.657619047619,1.5
20264,1.0,1975,2026-02-14T17:10,SIN_DEMANDA,0,,,,,,,0,0,0,420,2263,965.657619047619,1.5
20264,1.0,1976,2026-02-14T17:20,SIN_DEMANDA,0,,,,,,,0,0,0,420,2263,965.657619047619,1.5
20264,1.0,1977,2026-02-14T17:30,SIN_DEMANDA,0,,,,,,,0,0,0,422,2283,965.2184834123223,1.5
20264,1.0,1978,2026-02-14T17:40,SIN_DEMANDA,0,,,,,,,0,0,0,422,2283,965.2184834123223,1.5
20264,1.0,1979,2026-02-14T17:50,SIN_DEMANDA,0,,,,,,,0,0,0,422,2283,965.2184834123223,1.5
20264,1.0,1980,2026-02-14T18:00,SIN_DEMANDA,0,,,,,,,0,0,0,422,2283,965.2184834123223,1.5
20264,1.0,1981,2026-02-14T18:10,SIN_DEMANDA,0,,,,,,,0,0,0,422,2283,965.2184834123223,1.5
20264,1.0,1982,2026-02-14T18:20,SIN_DEMANDA,0,,,,,,,0,0,0,422,2283,965.2184834123223,1.5
20264,1.0,1983,2026-02-14T18:30,SIN_DEMANDA,0,,,,,,,0,0,0,422,2283,965.2184834123223,1.5
20264,1.0,1984,2026-02-14T18:40,SIN_DEMANDA,0,,,,,,,0,0,0,423,2284,967.7983451536643,1.5
20264,1.0,1985,2026-02-14T18:50,SIN_DEMANDA,0,,,,,,,0,0,0,423,2284,967.7983451536643,1.5
20264,1.0,1986,2026-02-14T19:00,SIN_DEMANDA,0,,,,,,,0,0,0,424,2293,966.8683962264151,1.5
20264,1.0,1987,2026-02-14T19:10,SIN_DEMANDA,0,,,,,,,0,0,0,424,2293,966.8683962264151,1.5
20264,1.0,1988,2026-02-14T19:20,SIN_DEMANDA,0,,,,,,,0,0,0,424,2293,966.8683962264151,1.5
20264,1.0,1989,2026-02-14T19:30,COMPLETA,353.8221,981.0,981.0,44.0,126.0,1,0.08333333333333333,1,0,1,425,2298,967.7310588235295,1.5
20264,1.0,1990,2026-02-14T19:40,SIN_DEMANDA,0,,,,,,,0,0,0,425,2298,967.7310588235295,1.5
20264,1.0,1991,2026-02-14T19:50,SIN_DEMANDA,0,,,,,,,0,0,0,425,2298,967.7310588235295,1.5
20264,1.0,1992,2026-02-14T20:00,SIN_DEMANDA,0,,,,,,,0,0,0,425,2298,967.7310588235295,1.5
20264,1.0,1993,2026-02-14T20:10,SIN_DEMANDA,0,,,,,,,0,0,0,425,2298,967.7310588235295,1.5
20264,1.0,1994,2026-02-14T20:20,SIN_DEMANDA,0,,,,,,,0,0,0,425,2298,967.7310588235295,1.5
20264,1.0,1995,2026-02-14T20:30,SIN_DEMANDA,0,,,,,,,0,0,0,425,2298,967.7310588235295,1.5
20264,1.0,1996,2026-02-14T20:40,SIN_DEMANDA,0,,,,,,,0,0,0,426,2305,966.8795774647888,1.5
20264,1.0,1997,2026-02-14T20:50,COMPLETA,412.9204,2076.0,2076.0,32.0,108.0,1,0.041666666666666664,1,0,1,426,2305,966.8795774647888,1.5
20264,1.0,1998,2026-02-14T21:00,SIN_DEMANDA,0,,,,,,,0,0,0,426,2305,966.8795774647888,1.5
20264,1.0,1999,2026-02-14T21:10,SIN_DEMANDA,0,,,,,,,0,0,0,427,2307,966.9126463700235,1.5
20264,1.0,2000,2026-02-14T21:20,SIN_DEMANDA,0,,,,,,,0,0,0,427,2307,966.9126463700235,1.5
20264,1.0,2001,2026-02-14T21:30,SIN_DEMANDA,0,,,,,,,0,0,0,427,2307,966.9126463700235,1.5
20264,1.0,2002,2026-02-14T21:40,SIN_DEMANDA,0,,,,,,,0,0,0,427,2307,966.9126463700235,1.5
20264,1.0,2003,2026-02-14T21:50,SIN_DEMANDA,0,,,,,,,0,0,0,427,2307,966.9126463700235,1.5
20264,1.0,2004,2026-02-14T22:00,COMPLETA,423.1899,314.5,314.5,54.0,201.0,1,0.041666666666666664,1,0,0,427,2307,966.9126463700235,1.5
20264,1.0,2005,2026-02-14T22:10,COMPLETA,431.6039,314.5,314.5,54.0,201.0,1,0.041666666666666664,1,0,0,427,2307,966.9126463700235,1.5
20264,1.0,2006,2026-02-14T22:20,COMPLETA,420.6571,314.5,314.5,54.0,201.0,1,0.041666666666666664,1,0,0,428,2308,969.5039719626169,1.5
20264,1.0,2007,2026-02-14T22:30,COMPLETA,441.5773,314.5,314.5,54.0,201.0,1,0.041666666666666664,1,0,0,428,2308,969.5039719626169,1.5
20264,1.0,2008,2026-02-14T22:40,COMPLETA,733.3592,1172.0,314.5,99.0,388.5,2,0.20833333333333334,2,0,0,428,2308,969.5039719626169,1.5
20264,1.0,2009,2026-02-14T22:50,COMPLETA,781.3247,856.3333333333334,314.5,151.0,526.5,2,0.3333333333333333,3,0,0,428,2308,969.5039719626169,1.5
20264,1.0,2010,2026-02-14T23:00,COMPLETA,784.0139,856.3333333333334,314.5,151.0,526.5,2,0.3333333333333333,3,0,2,428,2308,969.5039719626169,1.5
20264,1.0,2011,2026-02-14T23:10,SIN_DEMANDA,0,,,,,,,0,0,0,428,2308,969.5039719626169,1.5
20264,1.0,2012,2026-02-14T23:20,SIN_DEMANDA,0,,,,,,,0,0,0,428,2308,969.5039719626169,1.5
20264,1.0,2013,2026-02-14T23:30,SIN_DEMANDA,0,,,,,,,0,0,0,428,2308,969.5039719626169,1.5
20264,1.0,2014,2026-02-14T23:40,COMPLETA,478.2801,2050.0,2050.0,59.0,208.5,1,0.16666666666666666,1,0,1,428,2308,969.5039719626169,1.5
20264,1.0,2015,2026-02-14T23:50,SIN_DEMANDA,0,,,,,,,0,0,0,428,2308,969.5039719626169,1.5
20264,1.0,2016,2026-02-15T00:00,SIN_DEMANDA,0,,,,,,,0,0,0,428,2308,969.5039719626169,1.5
20264,1.0,2017,2026-02-15T00:10,SIN_DEMANDA,0,,,,,,,0,0,0,428,2308,969.5039719626169,1.5
20264,1.0,2018,2026-02-15T00:20,SIN_DEMANDA,0,,,,,,,0,0,0,428,2308,969.5039719626169,1.5
20264,1.0,2019,2026-02-15T00:30,COMPLETA,440.7921,396.5,396.5,22.0,153.0,1,0.125,1,0,1,428,2308,969.5039719626169,1.5
20264,1.0,2020,2026-02-15T00:40,COMPLETA,558.1061,1622.0,1622.0,81.0,241.5,1,0.2916666666666667,1,0,0,429,2314,968.0902097902098,1.5
20264,1.0,2021,2026-02-15T00:50,COMPLETA,712.895,961.0,507.0,179.0,448.5,1,0.7083333333333334,2,0,0,430,2315,966.5702325581395,1.5
20264,1.0,2022,2026-02-15T01:00,COMPLETA,676.3393,961.0,507.0,179.0,448.5,1,0.7083333333333334,2,0,0,430,2315,966.5702325581395,1.5
20264,1.0,2023,2026-02-15T01:10,COMPLETA,626.593,961.0,507.0,179.0,448.5,1,0.7083333333333334,2,0,0,430,2315,966.5702325581395,1.5
20264,1.0,2024,2026-02-15T01:20,COMPLETA,606.1678,961.0,507.0,179.0,448.5,1,0.7083333333333334,2,0,0,430,2315,966.5702325581395,1.5
20264,1.0,2025,2026-02-15T01:30,COMPLETA,644.5196,961.0,507.0,179.0,448.5,1,0.7083333333333334,2,0,0,431,2319,969.0839907192576,1.5
20264,1.0,2026,2026-02-15T01:40,COMPLETA,605.117,961.0,507.0,179.0,448.5,1,0.7083333333333334,2,0,0,431,2319,969.0839907192576,1.5
20264,1.0,2027,2026-02-15T01:50,COMPLETA,627.8568,961.0,507.0,179.0,448.5,1,0.7083333333333334,2,0,0,432,2322,967.7585648148148,1.5
20264,1.0,2028,2026-02-15T02:00,COMPLETA,593.593,961.0,507.0,179.0,448.5,1,0.7083333333333334,2,0,0,432,2322,967.7585648148148,1.5
20264,1.0,2029,2026-02-15T02:10,COMPLETA,639.0081,961.0,507.0,179.0,448.5,1,0.7083333333333334,2,0,0,432,2322,967.7585648148148,1.5
20264,1.0,2030,2026-02-15T02:20,COMPLETA,579.198,961.0,507.0,179.0,448.5,1,0.7083333333333334,2,0,0,432,2322,967.7585648148148,1.5
20264,1.0,2031,2026-02-15T02:30,COMPLETA,657.2073,961.0,507.0,179.0,448.5,1,0.7083333333333334,2,0,0,432,2322,967.7585648148148,1.5
20264,1.0,2032,2026-02-15T02:40,COMPLETA,634.8716,764.1666666666666,370.5,245.0,607.5,2,0.375,3,0,1,432,2322,967.7585648148148,1.5
20264,1.0,2033,2026-02-15T02:50,COMPLETA,653.0463,648.8333333333334,24.5,287.0,730.5,2,0.5,3,0,0,432,2322,967.7585648148148,1.5
20264,1.0,2034,2026-02-15T03:00,COMPLETA,700.5544,648.8333333333334,24.5,287.0,730.5,2,0.5,3,0,0,432,2322,967.7585648148148,1.5
20264,1.0,2035,2026-02-15T03:10,COMPLETA,703.3584,1000.125,24.5,326.0,852.0,3,0.3888888888888889,4,0,1,433,2331,969.8919168591224,1.5
20264,1.0,2036,2026-02-15T03:20,COMPLETA,731.4426,648.8333333333334,24.5,287.0,730.5,2,0.5,3,0,0,433,2331,969.8919168591224,1.5
20264,1.0,2037,2026-02-15T03:30,COMPLETA,704.3994,714.25,234.5,382.0,933.0,3,0.4166666666666667,4,0,1,433,2331,969.8919168591224,1.5
20264,1.0,2038,2026-02-15T03:40,COMPLETA,804.0727,920.4,487.5,332.0,918.0,4,0.2604166666666667,5,0,2,433,2331,969.8919168591224,1.5
20264,1.0,2039,2026-02-15T03:50,COMPLETA,651.2678,870.1666666666666,487.5,282.0,723.0,2,0.4791666666666667,3,0,0,433,2331,969.8919168591224,1.5
20264,1.0,2040,2026-02-15T04:00,COMPLETA,752.3324,870.1666666666666,487.5,282.0,723.0,2,0.4791666666666667,3,0,0,433,2331,969.8919168591224,1.5
20264,1.0,2041,2026-02-15T04:10,COMPLETA,808.4398,1086.0,487.5,307.0,820.5,2,0.6458333333333334,4,0,0,433,2331,969.8919168591224,1.5
20264,1.0,2042,2026-02-15T04:20,COMPLETA,810.3368,1086.0,487.5,307.0,820.5,2,0.6458333333333334,4,0,0,433,2331,969.8919168591224,1.5
20264,1.0,2043,2026-02-15T04:30,COMPLETA,813.2753,1086.0,487.5,307.0,820.5,2,0.6458333333333334,4,0,0,434,2332,968.5108294930876,1.5
20264,1.0,2044,2026-02-15T04:40,COMPLETA,842.6046,1086.0,487.5,307.0,820.5,2,0.6458333333333334,4,0,0,434,2332,968.5108294930876,1.5
20264,1.0,2045,2026-02-15T04:50,COMPLETA,906.3344,990.5,487.5,365.0,967.5,3,0.4722222222222222,5,0,1,436,2337,971.0772935779817,1.5
20264,1.0,2046,2026-02-15T05:00,COMPLETA,763.4556,1086.0,487.5,307.0,820.5,2,0.6458333333333334,4,0,0,436,2337,971.0772935779817,1.5
20264,1.0,2047,2026-02-15T05:10,COMPLETA,772.7538,1086.0,487.5,307.0,820.5,2,0.6458333333333334,4,0,0,437,2338,971.1194508009154,1.5
20264,1.0,2048,2026-02-15T05:20,COMPLETA,915.2209,946.8,402.0,323.0,904.5,3,0.4583333333333333,5,0,1,437,2338,971.1194508009154,1.5
20264,1.0,2049,2026-02-15T05:30,COMPLETA,787.2098,1086.0,487.5,307.0,820.5,2,0.6458333333333334,4,0,0,437,2338,971.1194508009154,1.5
20264,1.0,2050,2026-02-15T05:40,COMPLETA,770.5747,1086.0,487.5,307.0,820.5,2,0.6458333333333334,4,0,0,437,2338,971.1194508009154,1.5
20264,1.0,2051,2026-02-15T05:50,COMPLETA,858.548,949.9,396.0,268.0,822.0,2,0.8541666666666666,5,0,0,437,2338,971.1194508009154,1.5
20264,1.0,2052,2026-02-15T06:00,COMPLETA,910.876,949.9,396.0,268.0,822.0,2,0.8541666666666666,5,0,0,437,2338,971.1194508009154,1.5
20264,1.0,2053,2026-02-15T06:10,COMPLETA,815.2376,949.9,396.0,268.0,822.0,2,0.8541666666666666,5,0,0,437,2338,971.1194508009154,1.5
20264,1.0,2054,2026-02-15T06:20,COMPLETA,819.9198,949.9,396.0,268.0,822.0,2,0.8541666666666666,5,0,0,437,2338,971.1194508009154,1.5
20264,1.0,2055,2026-02-15T06:30,COMPLETA,841.581,949.9,396.0,268.0,822.0,2,0.8541666666666666,5,0,0,437,2338,971.1194508009154,1.5
20264,1.0,2056,2026-02-15T06:40,COMPLETA,865.4169,949.9,396.0,268.0,822.0,2,0.8541666666666666,5,0,0,439,2343,968.9970387243736,1.5
20264,1.0,2057,2026-02-15T06:50,COMPLETA,847.2757,949.9,396.0,268.0,822.0,2,0.8541666666666666,5,0,0,439,2343,968.9970387243736,1.5
20264,1.0,2058,2026-02-15T07:00,COMPLETA,800.0857,949.9,396.0,268.0,822.0,2,0.8541666666666666,5,0,2,440,2350,967.3277272727273,1.5
20264,1.0,2059,2026-02-15T07:10,SIN_DEMANDA,0,,,,,,,0,0,0,440,2350,967.3277272727273,1.5
20264,1.0,2060,2026-02-15T07:20,SIN_DEMANDA,0,,,,,,,0,0,0,440,2350,967.3277272727273,1.5
20264,1.0,2061,2026-02-15T07:30,SIN_DEMANDA,0,,,,,,,0,0,0,440,2350,967.3277272727273,1.5
20264,1.0,2062,2026-02-15T07:40,SIN_DEMANDA,0,,,,,,,0,0,0,440,2350,967.3277272727273,1.5
20264,1.0,2063,2026-02-15T07:50,COMPLETA,381.0942,2070.5,2070.5,38.0,177.0,1,0.16666666666666666,1,0,1,440,2350,967.3277272727273,1.5
20264,1.0,2064,2026-02-15T08:00,SIN_DEMANDA,0,,,,,,,0,0,0,440,2350,967.3277272727273,1.5
20264,1.0,2065,2026-02-15T08:10,COMPLETA,467.868,55.0,55.0,94.0,261.0,1,0.25,1,0,1,440,2350,967.3277272727273,1.5
20264,1.0,2066,2026-02-15T08:20,SIN_DEMANDA,0,,,,,,,0,0,0,440,2350,967.3277272727273,1.5
20264,1.0,2067,2026-02-15T08:30,SIN_DEMANDA,0,,,,,,,0,0,0,440,2350,967.3277272727273,1.5
20264,1.0,2068,2026-02-15T08:40,SIN_DEMANDA,0,,,,,,,0,0,0,440,2350,967.3277272727273,1.5
20264,1.0,2069,2026-02-15T08:50,SIN_DEMANDA,0,,,,,,,0,0,0,440,2350,967.3277272727273,1.5
20264,1.0,2070,2026-02-15T09:00,SIN_DEMANDA,0,,,,,,,0,0,0,440,2350,967.3277272727273,1.5
20264,1.0,2071,2026-02-15T09:10,SIN_DEMANDA,0,,,,,,,0,0,0,440,2350,967.3277272727273,1.5
20264,1.0,2072,2026-02-15T09:20,SIN_DEMANDA,0,,,,,,,0,0,0,441,2354,969.8292517006803,1.5
20264,1.0,2073,2026-02-15T09:30,SIN_DEMANDA,0,,,,,,,0,0,0,441,2354,969.8292517006803,1.5
20264,1.0,2074,2026-02-15T09:40,SIN_DEMANDA,0,,,,,,,0,0,0,442,2361,971.2911764705883,1.5
20264,1.0,2075,2026-02-15T09:50,SIN_DEMANDA,0,,,,,,,0,0,0,442,2361,971.2911764705883,1.5
20264,1.0,2076,2026-02-15T10:00,SIN_DEMANDA,0,,,,,,,0,0,0,443,2371,970.1426636568849,1.5
20264,1.0,2077,2026-02-15T10:10,SIN_DEMANDA,0,,,,,,,0,0,0,443,2371,970.1426636568849,1.5
20264,1.0,2078,2026-02-15T10:20,COMPLETA,567.8641,196.5,196.5,116.0,324.0,1,0.25,1,0,0,443,2371,970.1426636568849,1.5
20264,1.0,2079,2026-02-15T10:30,COMPLETA,706.7682,763.3333333333334,36.5,279.0,748.5,3,0.20833333333333334,3,0,1,443,2371,970.1426636568849,1.5
20264,1.0,2080,2026-02-15T10:40,COMPLETA,711.4375,639.8333333333334,36.5,349.0,913.5,3,0.3055555555555556,3,0,0,443,2371,970.1426636568849,1.5
20264,1.0,2081,2026-02-15T10:50,COMPLETA,695.1152,639.8333333333334,36.5,349.0,913.5,3,0.3055555555555556,3,0,0,443,2371,970.1426636568849,1.5
20264,1.0,2082,2026-02-15T11:00,COMPLETA,664.5956,639.8333333333334,36.5,349.0,913.5,3,0.3055555555555556,3,0,0,444,2377,969.3731981981982,1.5
20264,1.0,2083,2026-02-15T11:10,COMPLETA,757.2804,639.8333333333334,36.5,349.0,913.5,3,0.3055555555555556,3,0,0,444,2377,969.3731981981982,1.5
20264,1.0,2084,2026-02-15T11:20,COMPLETA,719.8646,639.8333333333334,36.5,349.0,913.5,3,0.3055555555555556,3,0,0,445,2383,967.3184269662921,1.5
20264,1.0,2085,2026-02-15T11:30,COMPLETA,700.6997,639.8333333333334,36.5,349.0,913.5,3,0.3055555555555556,3,0,0,445,2383,967.3184269662921,1.5
20264,1.0,2086,2026-02-15T11:40,COMPLETA,669.4707,639.8333333333334,36.5,349.0,913.5,3,0.3055555555555556,3,0,0,445,2383,967.3184269662921,1.5
20264,1.0,2087,2026-02-15T11:50,COMPLETA,731.22,513.375,36.5,405.0,1057.5,4,0.2604166666666667,4,0,1,445,2383,967.3184269662921,1.5
20264,1.0,2088,2026-02-15T12:00,COMPLETA,816.6986,538.875,36.5,373.0,1009.5,3,0.375,4,0,0,445,2383,967.3184269662921,1.5
20264,1.0,2089,2026-02-15T12:10,COMPLETA,978.8506,870.2,196.5,372.0,1068.0,4,0.3125,5,0,0,446,2393,966.0374439461883,1.5
20264,1.0,2090,2026-02-15T12:20,COMPLETA,897.6641,870.2,196.5,372.0,1008.0,4,0.3125,5,0,0,447,2395,968.4780760626398,1.5
20264,1.0,2091,2026-02-15T12:30,COMPLETA,1063.2361,793.5,196.5,384.0,1086.0,5,0.26666666666666666,6,0,2,447,2395,968.4780760626398,1.5
20264,1.0,2092,2026-02-15T12:40,COMPLETA,792.9057,538.875,36.5,373.0,1009.5,3,0.375,4,0,0,447,2395,968.4780760626398,1.5
20264,1.0,2093,2026-02-15T12:50,COMPLETA,766.8355,538.875,36.5,373.0,1009.5,3,0.375,4,0,0,448,2403,969.9915178571429,1.5
20264,1.0,2094,2026-02-15T13:00,COMPLETA,799.1027,538.875,36.5,373.0,1009.5,3,0.375,4,0,0,448,2403,969.9915178571429,1.5
20264,1.0,2095,2026-02-15T13:10,COMPLETA,1044.2172,636.3,164.5,448.0,1154.0,4,0.3333333333333333,5,0,1,448,2403,969.9915178571429,1.5
20264,1.0,2096,2026-02-15T13:20,COMPLETA,831.638,708.375,155.5,232.0,710.0,2,0.5208333333333334,4,0,0,448,2403,969.9915178571429,1.5
20264,1.0,2097,2026-02-15T13:30,COMPLETA,860.993,708.375,155.5,232.0,710.0,2,0.5208333333333334,4,0,0,448,2403,969.9915178571429,1.5
20264,1.0,2098,2026-02-15T13:40,COMPLETA,780.0886,708.375,155.5,232.0,710.0,2,0.5208333333333334,4,0,0,450,2408,966.8893333333334,1.5
20264,1.0,2099,2026-02-15T13:50,COMPLETA,932.8705,653.1,155.5,240.0,782.0,2,0.6875,5,0,0,451,2411,969.3042128603105,1.5
20264,1.0,2100,2026-02-15T14:00,COMPLETA,922.3153,653.1,155.5,240.0,782.0,2,0.6875,5,0,0,451,2411,969.3042128603105,1.5
20264,1.0,2101,2026-02-15T14:10,COMPLETA,833.0945,653.1,155.5,240.0,782.0,2,0.6875,5,0,0,451,2411,969.3042128603105,1.5
20264,1.0,2102,2026-02-15T14:20,COMPLETA,972.9538,653.1,155.5,240.0,782.0,2,0.6875,5,0,0,451,2411,969.3042128603105,1.5
20264,1.0,2103,2026-02-15T14:30,COMPLETA,888.2003,653.1,155.5,240.0,782.0,2,0.6875,5,0,0,451,2411,969.3042128603105,1.5
20264,1.0,2104,2026-02-15T14:40,COMPLETA,857.3025,653.1,155.5,240.0,782.0,2,0.6875,5,0,0,451,2411,969.3042128603105,1.5
20264,1.0,2105,2026-02-15T14:50,COMPLETA,880.95,653.1,155.5,240.0,782.0,2,0.6875,5,0,0,451,2411,969.3042128603105,1.5
20264,1.0,2106,2026-02-15T15:00,COMPLETA,927.2977,653.1,155.5,240.0,782.0,2,0.6875,5,0,2,452,2418,967.6265486725664,1.5
20264,1.0,2107,2026-02-15T15:10,SIN_DEMANDA,0,,,,,,,0,0,0,452,2418,967.6265486725664,1.5
20264,1.0,2108,2026-02-15T15:20,SIN_DEMANDA,0,,,,,,,0,0,0,452,2418,967.6265486725664,1.5
20264,1.0,2109,2026-02-15T15:30,SIN_DEMANDA,0,,,,,,,0,0,0,452,2418,967.6265486725664,1.5
20264,1.0,2110,2026-02-15T15:40,SIN_DEMANDA,0,,,,,,,0,0,0,452,2418,967.6265486725664,1.5
20264,1.0,2111,2026-02-15T15:50,COMPLETA,490.6526,1556.0,1556.0,97.0,265.5,1,0.2916666666666667,1,0,0,452,2418,967.6265486725664,1.5
20264,1.0,2112,2026-02-15T16:00,COMPLETA,514.539,1556.0,1556.0,97.0,265.5,1,0.2916666666666667,1,0,0,452,2418,967.6265486725664,1.5
20264,1.0,2113,2026-02-15T16:10,COMPLETA,571.6849,1556.0,1556.0,97.0,265.5,1,0.2916666666666667,1,0,0,452,2418,967.6265486725664,1.5
20264,1.0,2114,2026-02-15T16:20,COMPLETA,542.1882,1556.0,1556.0,97.0,265.5,1,0.2916666666666667,1,0,0,452,2418,967.6265486725664,1.5
20264,1.0,2115,2026-02-15T16:30,COMPLETA,562.7776,1556.0,1556.0,97.0,265.5,1,0.2916666666666667,1,0,0,452,2418,967.6265486725664,1.5
20264,1.0,2116,2026-02-15T16:40,COMPLETA,504.1658,1556.0,1556.0,97.0,265.5,1,0.2916666666666667,1,0,0,452,2418,967.6265486725664,1.5
20264,1.0,2117,2026-02-15T16:50,COMPLETA,528.2549,1556.0,1556.0,97.0,265.5,1,0.2916666666666667,1,0,0,452,2418,967.6265486725664,1.5
20264,1.0,2118,2026-02-15T17:00,COMPLETA,505.7931,1556.0,1556.0,97.0,265.5,1,0.2916666666666667,1,0,0,452,2418,967.6265486725664,1.5
20264,1.0,2119,2026-02-15T17:10,COMPLETA,521.1497,1556.0,1556.0,97.0,265.5,1,0.2916666666666667,1,0,0,452,2418,967.6265486725664,1.5
20264,1.0,2120,2026-02-15T17:20,COMPLETA,521.2333,1556.0,1556.0,97.0,265.5,1,0.2916666666666667,1,0,0,452,2418,967.6265486725664,1.5
20264,1.0,2121,2026-02-15T17:30,COMPLETA,536.7475,1556.0,1556.0,97.0,265.5,1,0.2916666666666667,1,0,0,453,2426,966.6030905077263,1.5
20264,1.0,2122,2026-02-15T17:40,COMPLETA,545.3393,1556.0,1556.0,97.0,265.5,1,0.2916666666666667,1,0,0,453,2426,966.6030905077263,1.5
20264,1.0,2123,2026-02-15T17:50,COMPLETA,500.9855,1556.0,1556.0,97.0,265.5,1,0.2916666666666667,1,0,0,453,2426,966.6030905077263,1.5
20264,1.0,2124,2026-02-15T18:00,COMPLETA,525.3075,1556.0,1556.0,97.0,265.5,1,0.2916666666666667,1,0,0,453,2426,966.6030905077263,1.5
20264,1.0,2125,2026-02-15T18:10,COMPLETA,529.3302,1556.0,1556.0,97.0,265.5,1,0.2916666666666667,1,0,0,453,2426,966.6030905077263,1.5
20264,1.0,2126,2026-02-15T18:20,COMPLETA,547.8546,1556.0,1556.0,97.0,265.5,1,0.2916666666666667,1,0,0,453,2426,966.6030905077263,1.5
20264,1.0,2127,2026-02-15T18:30,COMPLETA,477.6673,1556.0,1556.0,97.0,265.5,1,0.2916666666666667,1,0,0,454,2435,968.197577092511,1.5
20264,1.0,2128,2026-02-15T18:40,COMPLETA,558.0609,1556.0,1556.0,97.0,265.5,1,0.2916666666666667,1,0,0,454,2435,968.197577092511,1.5
20264,1.0,2129,2026-02-15T18:50,COMPLETA,756.6919,1733.3333333333333,1556.0,206.0,549.0,2,0.3333333333333333,3,0,1,454,2435,968.197577092511,1.5
20264,1.0,2130,2026-02-15T19:00,COMPLETA,970.1654,1611.5,1556.0,324.0,846.0,2,0.5416666666666666,4,0,0,455,2440,967.6861538461538,1.5
20264,1.0,2131,2026-02-15T19:10,COMPLETA,1017.4693,1611.5,1556.0,324.0,846.0,2,0.5416666666666666,4,0,0,455,2440,967.6861538461538,1.5
20264,1.0,2132,2026-02-15T19:20,COMPLETA,1049.6157,1611.5,1556.0,324.0,846.0,2,0.5416666666666666,4,0,0,455,2440,967.6861538461538,1.5
20264,1.0,2133,2026-02-15T19:30,COMPLETA,1096.2592,1488.6,997.0,348.0,942.0,3,0.3888888888888889,5,0,1,455,2440,967.6861538461538,1.5
20264,1.0,2134,2026-02-15T19:40,COMPLETA,972.9843,1611.5,1556.0,324.0,846.0,2,0.5416666666666666,4,0,0,456,2446,965.9050438596491,1.5
20264,1.0,2135,2026-02-15T19:50,COMPLETA,1086.0031,1611.5,1556.0,324.0,846.0,2,0.5416666666666666,4,0,0,456,2446,965.9050438596491,1.5
20264,1.0,2136,2026-02-15T20:00,COMPLETA,1092.7732,1357.7,204.5,426.0,1119.0,3,0.4444444444444444,5,0,0,456,2446,965.9050438596491,1.5
20264,1.0,2137,2026-02-15T20:10,COMPLETA,1100.0355,1357.7,204.5,426.0,1119.0,3,0.4444444444444444,5,0,0,456,2446,965.9050438596491,1.5
20264,1.0,2138,2026-02-15T20:20,COMPLETA,1378.846,1236.9166666666667,204.5,440.0,1200.0,3,0.5138888888888888,6,0,0,457,2450,968.3100656455142,1.5
20264,1.0,2139,2026-02-15T20:30,COMPLETA,1282.5869,1236.9166666666667,204.5,440.0,1200.0,3,0.5138888888888888,6,0,0,457,2450,968.3100656455142,1.5
20264,1.0,2140,2026-02-15T20:40,COMPLETA,1288.9133,1236.9166666666667,204.5,440.0,1200.0,3,0.5138888888888888,6,0,0,457,2450,968.3100656455142,1.5
20264,1.0,2141,2026-02-15T20:50,COMPLETA,1284.6607,1236.9166666666667,204.5,440.0,1200.0,3,0.5138888888888888,6,0,0,458,2452,968.3727074235808,1.5
20264,1.0,2142,2026-02-15T21:00,COMPLETA,1371.2098,1304.2857142857142,345.5,428.0,1242.0,3,0.625,7,0,0,459,2457,966.6551198257081,1.5
20264,1.0,2143,2026-02-15T21:10,COMPLETA,1457.928,1304.2857142857142,345.5,428.0,1242.0,3,0.625,7,0,0,459,2457,966.6551198257081,1.5
20264,1.0,2144,2026-02-15T21:20,COMPLETA,1358.9465,1304.2857142857142,345.5,428.0,1242.0,3,0.625,7,0,0,459,2457,966.6551198257081,1.5
20264,1.0,2145,2026-02-15T21:30,COMPLETA,1936.354,1431.125,243.5,506.0,1479.0,5,0.39166666666666666,8,0,1,459,2457,966.6551198257081,1.5
20264,1.0,2146,2026-02-15T21:40,COMPLETA,1381.1202,1304.2857142857142,345.5,428.0,1242.0,3,0.625,7,0,0,459,2457,966.6551198257081,1.5
20264,1.0,2147,2026-02-15T21:50,COMPLETA,1741.6319,1304.2857142857142,345.5,428.0,1242.0,3,0.625,7,0,0,459,2457,966.6551198257081,1.5
20264,1.0,2148,2026-02-15T22:00,COMPLETA,1571.9971,1304.2857142857142,345.5,428.0,1242.0,3,0.625,7,0,0,459,2457,966.6551198257081,1.5
20264,1.0,2149,2026-02-15T22:10,COMPLETA,1482.4856,1304.2857142857142,345.5,428.0,1242.0,3,0.625,7,0,0,459,2457,966.6551198257081,1.5
20264,1.0,2150,2026-02-15T22:20,COMPLETA,1364.4268,1304.2857142857142,345.5,428.0,1242.0,3,0.625,7,0,0,459,2457,966.6551198257081,1.5
20264,1.0,2151,2026-02-15T22:30,COMPLETA,1841.2042,1304.2857142857142,345.5,428.0,1242.0,3,0.625,7,0,0,459,2457,966.6551198257081,1.5
20264,1.0,2152,2026-02-15T22:40,COMPLETA,2159.9592,1304.2857142857142,345.5,428.0,1242.0,3,0.625,7,0,0,459,2457,966.6551198257081,1.5
20264,1.0,2153,2026-02-15T22:50,COMPLETA,2802.5997,1304.2857142857142,345.5,428.0,1242.0,3,0.625,7,0,0,459,2457,966.6551198257081,1.5
20264,1.0,2154,2026-02-15T23:00,COMPLETA,2616.6567,1304.2857142857142,345.5,428.0,1242.0,3,0.625,7,0,3,460,2459,969.0439130434783,1.5
20264,1.0,2155,2026-02-15T23:10,SIN_DEMANDA,0,,,,,,,0,0,0,460,2459,969.0439130434783,1.5
20264,1.0,2156,2026-02-15T23:20,SIN_DEMANDA,0,,,,,,,0,0,0,460,2459,969.0439130434783,1.5
20264,1.0,2157,2026-02-15T23:30,SIN_DEMANDA,0,,,,,,,0,0,0,460,2459,969.0439130434783,1.5
20264,1.0,2158,2026-02-15T23:40,SIN_DEMANDA,0,,,,,,,0,0,0,460,2459,969.0439130434783,1.5
20264,1.0,2159,2026-02-15T23:50,COMPLETA,541.2201,122.5,122.5,63.0,214.5,1,0.4166666666666667,1,0,1,460,2459,969.0439130434783,1.5
20264,1.0,2160,2026-02-16T00:00,SIN_DEMANDA,0,,,,,,,0,0,0,460,2459,969.0439130434783,1.5
20264,1.0,2161,2026-02-16T00:10,SIN_DEMANDA,0,,,,,,,0,0,0,460,2459,969.0439130434783,1.5
20264,1.0,2162,2026-02-16T00:20,SIN_DEMANDA,0,,,,,,,0,0,0,460,2459,969.0439130434783,1.5
20264,1.0,2163,2026-02-16T00:30,SIN_DEMANDA,0,,,,,,,0,0,0,460,2459,969.0439130434783,1.5
20264,1.0,2164,2026-02-16T00:40,SIN_DEMANDA,0,,,,,,,0,0,0,460,2459,969.0439130434783,1.5
20264,1.0,2165,2026-02-16T00:50,SIN_DEMANDA,0,,,,,,,0,0,0,460,2459,969.0439130434783,1.5
20264,1.0,2166,2026-02-16T01:00,SIN_DEMANDA,0,,,,,,,0,0,0,460,2459,969.0439130434783,1.5
20264,1.0,2167,2026-02-16T01:10,SIN_DEMANDA,0,,,,,,,0,0,0,460,2459,969.0439130434783,1.5
20264,1.0,2168,2026-02-16T01:20,COMPLETA,524.3102,111.0,111.0,80.0,180.0,1,0.375,1,0,1,460,2459,969.0439130434783,1.5
20264,1.0,2169,2026-02-16T01:30,SIN_DEMANDA,0,,,,,,,0,0,0,460,2459,969.0439130434783,1.5
20264,1.0,2170,2026-02-16T01:40,SIN_DEMANDA,0,,,,,,,0,0,0,460,2459,969.0439130434783,1.5
20264,1.0,2171,2026-02-16T01:50,SIN_DEMANDA,0,,,,,,,0,0,0,462,2476,968.4820346320347,1.5
20264,1.0,2172,2026-02-16T02:00,SIN_DEMANDA,0,,,,,,,0,0,0,463,2485,970.1397408207343,1.5
20264,1.0,2173,2026-02-16T02:10,COMPLETA,614.5379,1674.5,1674.5,88.0,252.0,1,0.3333333333333333,1,0,0,464,2491,968.7935344827587,1.5
20264,1.0,2174,2026-02-16T02:20,COMPLETA,687.5599,1674.5,1674.5,88.0,252.0,1,0.3333333333333333,1,0,0,464,2491,968.7935344827587,1.5
20264,1.0,2175,2026-02-16T02:30,COMPLETA,713.7264,1674.5,1674.5,88.0,252.0,1,0.3333333333333333,1,0,0,464,2491,968.7935344827587,1.5
20264,1.0,2176,2026-02-16T02:40,COMPLETA,607.5479,1674.5,1674.5,88.0,252.0,1,0.3333333333333333,1,0,0,464,2491,968.7935344827587,1.5
20264,1.0,2177,2026-02-16T02:50,COMPLETA,567.471,1674.5,1674.5,88.0,252.0,1,0.3333333333333333,1,0,0,464,2491,968.7935344827587,1.5
20264,1.0,2178,2026-02-16T03:00,COMPLETA,602.5911,1674.5,1674.5,88.0,252.0,1,0.3333333333333333,1,0,0,464,2491,968.7935344827587,1.5
20264,1.0,2179,2026-02-16T03:10,COMPLETA,591.3564,1674.5,1674.5,88.0,252.0,1,0.3333333333333333,1,0,0,464,2491,968.7935344827587,1.5
20264,1.0,2180,2026-02-16T03:20,COMPLETA,653.8571,1674.5,1674.5,88.0,252.0,1,0.3333333333333333,1,0,0,465,2500,966.9488172043011,1.5
20264,1.0,2181,2026-02-16T03:30,COMPLETA,763.514,1680.25,1569.5,118.0,357.0,1,0.625,2,0,0,465,2500,966.9488172043011,1.5
20264,1.0,2182,2026-02-16T03:40,COMPLETA,760.936,1680.25,1569.5,118.0,357.0,1,0.625,2,0,0,466,2508,968.6495708154507,1.5
20264,1.0,2183,2026-02-16T03:50,COMPLETA,771.9382,1680.25,1569.5,118.0,357.0,1,0.625,2,0,0,467,2513,967.9308351177731,1.5
20264,1.0,2184,2026-02-16T04:00,COMPLETA,814.1783,1680.25,1569.5,118.0,357.0,1,0.625,2,0,0,467,2513,967.9308351177731,1.5
20264,1.0,2185,2026-02-16T04:10,COMPLETA,703.8444,1680.25,1569.5,118.0,357.0,1,0.625,2,0,0,467,2513,967.9308351177731,1.5
20264,1.0,2186,2026-02-16T04:20,COMPLETA,953.2279,1807.1666666666667,1569.5,162.0,483.0,2,0.375,3,0,1,467,2513,967.9308351177731,1.5
20264,1.0,2187,2026-02-16T04:30,COMPLETA,784.6918,1168.1666666666667,144.0,158.0,477.0,2,0.4583333333333333,3,0,1,467,2513,967.9308351177731,1.5
20264,1.0,2188,2026-02-16T04:40,COMPLETA,849.9878,1680.25,1569.5,118.0,357.0,1,0.625,2,0,0,468,2518,969.2279914529914,1.5
20264,1.0,2189,2026-02-16T04:50,COMPLETA,745.2742,1680.25,1569.5,118.0,357.0,1,0.625,2,0,0,468,2518,969.2279914529914,1.5
20264,1.0,2190,2026-02-16T05:00,COMPLETA,739.0281,1680.25,1569.5,118.0,357.0,1,0.625,2,0,0,468,2518,969.2279914529914,1.5
20264,1.0,2191,2026-02-16T05:10,COMPLETA,700.3013,1680.25,1569.5,118.0,357.0,1,0.625,2,0,0,468,2518,969.2279914529914,1.5
20264,1.0,2192,2026-02-16T05:20,COMPLETA,730.0156,1680.25,1569.5,118.0,357.0,1,0.625,2,0,0,468,2518,969.2279914529914,1.5
20264,1.0,2193,2026-02-16T05:30,COMPLETA,770.9867,1680.25,1569.5,118.0,357.0,1,0.625,2,0,0,469,2523,970.4130063965885,1.5
20264,1.0,2194,2026-02-16T05:40,COMPLETA,816.9384,1275.0,449.5,183.0,574.5,2,0.4166666666666667,3,0,0,469,2523,970.4130063965885,1.5
20264,1.0,2195,2026-02-16T05:50,COMPLETA,768.2672,1275.0,449.5,183.0,574.5,2,0.4166666666666667,3,0,0,469,2523,970.4130063965885,1.5
20264,1.0,2196,2026-02-16T06:00,COMPLETA,811.3016,1275.0,449.5,183.0,574.5,2,0.4166666666666667,3,0,0,471,2533,970.9738853503185,1.5
20264,1.0,2197,2026-02-16T06:10,COMPLETA,849.8842,1275.0,449.5,183.0,574.5,2,0.4166666666666667,3,0,0,471,2533,970.9738853503185,1.5
20264,1.0,2198,2026-02-16T06:20,COMPLETA,936.0074,1197.5,449.5,195.0,712.5,3,0.3055555555555556,4,0,0,471,2533,970.9738853503185,1.5
20264,1.0,2199,2026-02-16T06:30,COMPLETA,1048.0251,976.5,92.5,251.0,916.5,4,0.3020833333333333,5,0,0,471,2533,970.9738853503185,1.5
20264,1.0,2200,2026-02-16T06:40,COMPLETA,1166.5096,976.5,92.5,251.0,916.5,4,0.3020833333333333,5,0,0,471,2533,970.9738853503185,1.5
20264,1.0,2201,2026-02-16T06:50,COMPLETA,1572.0884,1129.0,92.5,292.0,1038.0,4,0.3541666666666667,6,0,0,471,2533,970.9738853503185,1.5
20264,1.0,2202,2026-02-16T07:00,COMPLETA,1675.593,1129.0,92.5,292.0,1038.0,4,0.3541666666666667,6,0,4,471,2533,970.9738853503185,1.5
20264,1.0,2203,2026-02-16T07:10,SIN_DEMANDA,0,,,,,,,0,0,0,471,2533,970.9738853503185,1.5
20264,1.0,2204,2026-02-16T07:20,SIN_DEMANDA,0,,,,,,,0,0,0,471,2533,970.9738853503185,1.5
20264,1.0,2205,2026-02-16T07:30,SIN_DEMANDA,0,,,,,,,0,0,0,471,2533,970.9738853503185,1.5
20264,1.0,2206,2026-02-16T07:40,COMPLETA,726.4854,989.0,989.0,36.0,174.0,1,0.041666666666666664,1,0,1,471,2533,970.9738853503185,1.5
20264,1.0,2207,2026-02-16T07:50,SIN_DEMANDA,0,,,,,,,0,0,0,471,2533,970.9738853503185,1.5
20264,1.0,2208,2026-02-16T08:00,SIN_DEMANDA,0,,,,,,,0,0,0,471,2533,970.9738853503185,1.5
20264,1.0,2209,2026-02-16T08:10,COMPLETA,608.9518,2088.0,2088.0,12.0,138.0,1,0.08333333333333333,1,0,1,472,2535,970.9612288135594,1.5
20264,1.0,2210,2026-02-16T08:20,SIN_DEMANDA,0,,,,,,,0,0,0,472,2535,970.9612288135594,1.5
20264,1.0,2211,2026-02-16T08:30,SIN_DEMANDA,0,,,,,,,0,0,0,472,2535,970.9612288135594,1.5
20264,1.0,2212,2026-02-16T08:40,SIN_DEMANDA,0,,,,,,,0,0,0,472,2535,970.9612288135594,1.5
20264,1.0,2213,2026-02-16T08:50,SIN_DEMANDA,0,,,,,,,0,0,0,472,2535,970.9612288135594,1.5
20264,1.0,2214,2026-02-16T09:00,SIN_DEMANDA,0,,,,,,,0,0,0,473,2542,969.1040169133192,1.5
20264,1.0,2215,2026-02-16T09:10,COMPLETA,523.3117,599.5,599.5,57.0,145.5,1,0.16666666666666666,1,0,1,474,2543,969.1459915611814,1.5
20264,1.0,2216,2026-02-16T09:20,SIN_DEMANDA,0,,,,,,,0,0,0,475,2545,971.5014736842105,1.5
20264,1.0,2217,2026-02-16T09:30,SIN_DEMANDA,0,,,,,,,0,0,0,476,2552,973.2294117647059,1.5
20264,1.0,2218,2026-02-16T09:40,COMPLETA,689.8385,1697.5,1697.5,71.0,226.5,1,0.2916666666666667,1,0,0,476,2552,973.2294117647059,1.5
20264,1.0,2219,2026-02-16T09:50,COMPLETA,727.4768,1697.5,1697.5,71.0,226.5,1,0.2916666666666667,1,0,0,476,2552,973.2294117647059,1.5
20264,1.0,2220,2026-02-16T10:00,COMPLETA,613.9656,1697.5,1697.5,71.0,226.5,1,0.2916666666666667,1,0,0,476,2552,973.2294117647059,1.5
20264,1.0,2221,2026-02-16T10:10,COMPLETA,753.0789,1658.0,1618.5,103.0,334.5,1,0.5,2,0,0,477,2557,972.1314465408806,1.5
20264,1.0,2222,2026-02-16T10:20,COMPLETA,676.3606,1658.0,1618.5,103.0,334.5,1,0.5,2,0,0,477,2557,972.1314465408806,1.5
20264,1.0,2223,2026-02-16T10:30,COMPLETA,589.221,1658.0,1618.5,103.0,334.5,1,0.5,2,0,0,477,2557,972.1314465408806,1.5
20264,1.0,2224,2026-02-16T10:40,COMPLETA,768.5032,1658.0,1618.5,103.0,334.5,1,0.5,2,0,0,477,2557,972.1314465408806,1.5
20264,1.0,2225,2026-02-16T10:50,COMPLETA,964.4596,1235.5,390.5,133.0,439.5,2,0.3125,3,0,1,477,2557,972.1314465408806,1.5
20264,1.0,2226,2026-02-16T11:00,COMPLETA,782.5598,1658.0,1618.5,103.0,334.5,1,0.5,2,0,0,477,2557,972.1314465408806,1.5
20264,1.0,2227,2026-02-16T11:10,COMPLETA,702.1083,1658.0,1618.5,103.0,334.5,1,0.5,2,0,0,478,2561,971.3518828451884,1.5
20264,1.0,2228,2026-02-16T11:20,COMPLETA,817.8988,1658.0,1618.5,103.0,334.5,1,0.5,2,0,0,479,2566,973.272860125261,1.5
20264,1.0,2229,2026-02-16T11:30,COMPLETA,1100.902,1209.8333333333333,211.5,195.0,592.5,2,0.4166666666666667,3,0,0,479,2566,973.272860125261,1.5
20264,1.0,2230,2026-02-16T11:40,COMPLETA,1113.9156,1209.8333333333333,211.5,195.0,592.5,2,0.4166666666666667,3,0,0,479,2566,973.272860125261,1.5
20264,1.0,2231,2026-02-16T11:50,COMPLETA,976.8446,1209.8333333333333,211.5,195.0,592.5,2,0.4166666666666667,3,0,0,480,2574,974.5400000000001,1.5
20264,1.0,2232,2026-02-16T12:00,COMPLETA,1123.035,1209.8333333333333,211.5,195.0,592.5,2,0.4166666666666667,3,0,0,480,2574,974.5400000000001,1.5
20264,1.0,2233,2026-02-16T12:10,COMPLETA,1000.7185,1209.8333333333333,211.5,195.0,592.5,2,0.4166666666666667,3,0,0,480,2574,974.5400000000001,1.5
20264,1.0,2234,2026-02-16T12:20,COMPLETA,910.1126,1209.8333333333333,211.5,195.0,592.5,2,0.4166666666666667,3,0,0,481,2577,973.3257796257797,1.5
20264,1.0,2235,2026-02-16T12:30,COMPLETA,1027.6712,928.875,86.0,276.0,774.0,3,0.4166666666666667,4,0,1,481,2577,973.3257796257797,1.5
20264,1.0,2236,2026-02-16T12:40,COMPLETA,945.572,1209.8333333333333,211.5,195.0,592.5,2,0.4166666666666667,3,0,0,481,2577,973.3257796257797,1.5
20264,1.0,2237,2026-02-16T12:50,COMPLETA,860.2878,1209.8333333333333,211.5,195.0,592.5,2,0.4166666666666667,3,0,0,481,2577,973.3257796257797,1.5
20264,1.0,2238,2026-02-16T13:00,COMPLETA,980.6753,1209.8333333333333,211.5,195.0,592.5,2,0.4166666666666667,3,0,0,481,2577,973.3257796257797,1.5
20264,1.0,2239,2026-02-16T13:10,COMPLETA,1016.1291,1058.125,136.5,277.0,775.5,2,0.5625,4,0,0,481,2577,973.3257796257797,1.5
20264,1.0,2240,2026-02-16T13:20,COMPLETA,1030.4623,1058.125,136.5,277.0,775.5,2,0.5625,4,0,0,481,2577,973.3257796257797,1.5
20264,1.0,2241,2026-02-16T13:30,COMPLETA,1170.1308,1058.125,136.5,277.0,775.5,2,0.5625,4,0,0,481,2577,973.3257796257797,1.5
20264,1.0,2242,2026-02-16T13:40,COMPLETA,1047.3255,1058.125,136.5,277.0,775.5,2,0.5625,4,0,0,481,2577,973.3257796257797,1.5
20264,1.0,2243,2026-02-16T13:50,COMPLETA,1211.3156,1058.125,136.5,277.0,775.5,2,0.5625,4,0,0,481,2577,973.3257796257797,1.5
20264,1.0,2244,2026-02-16T14:00,COMPLETA,1535.9743,1058.125,136.5,277.0,775.5,2,0.5625,4,0,0,481,2577,973.3257796257797,1.5
20264,1.0,2245,2026-02-16T14:10,COMPLETA,1348.5941,1058.125,136.5,277.0,775.5,2,0.5625,4,0,0,481,2577,973.3257796257797,1.5
20264,1.0,2246,2026-02-16T14:20,COMPLETA,1178.004,1058.125,136.5,277.0,775.5,2,0.5625,4,0,0,481,2577,973.3257796257797,1.5
20264,1.0,2247,2026-02-16T14:30,COMPLETA,1073.3366,1058.125,136.5,277.0,775.5,2,0.5625,4,0,0,481,2577,973.3257796257797,1.5
20264,1.0,2248,2026-02-16T14:40,COMPLETA,1063.4063,1058.125,136.5,277.0,775.5,2,0.5625,4,0,0,481,2577,973.3257796257797,1.5
20264,1.0,2249,2026-02-16T14:50,COMPLETA,1213.5175,1058.125,136.5,277.0,775.5,2,0.5625,4,0,0,481,2577,973.3257796257797,1.5
20264,1.0,2250,2026-02-16T15:00,COMPLETA,1047.216,1058.125,136.5,277.0,775.5,2,0.5625,4,0,2,482,2587,971.4848547717843,1.5
20264,1.0,2251,2026-02-16T15:10,SIN_DEMANDA,0,,,,,,,0,0,0,482,2587,971.4848547717843,1.5
20264,1.0,2252,2026-02-16T15:20,COMPLETA,358.4997,138.5,138.5,54.0,201.0,1,0.041666666666666664,1,0,1,482,2587,971.4848547717843,1.5
20264,1.0,2253,2026-02-16T15:30,SIN_DEMANDA,0,,,,,,,0,0,0,482,2587,971.4848547717843,1.5
20264,1.0,2254,2026-02-16T15:40,SIN_DEMANDA,0,,,,,,,0,0,0,482,2587,971.4848547717843,1.5
20264,1.0,2255,2026-02-16T15:50,SIN_DEMANDA,0,,,,,,,0,0,0,482,2587,971.4848547717843,1.5
20264,1.0,2256,2026-02-16T16:00,SIN_DEMANDA,0,,,,,,,0,0,0,482,2587,971.4848547717843,1.5
20264,1.0,2257,2026-02-16T16:10,SIN_DEMANDA,0,,,,,,,0,0,0,482,2587,971.4848547717843,1.5
20264,1.0,2258,2026-02-16T16:20,SIN_DEMANDA,0,,,,,,,0,0,0,482,2587,971.4848547717843,1.5
20264,1.0,2259,2026-02-16T16:30,SIN_DEMANDA,0,,,,,,,0,0,0,482,2587,971.4848547717843,1.5
20264,1.0,2260,2026-02-16T16:40,SIN_DEMANDA,0,,,,,,,0,0,0,482,2587,971.4848547717843,1.5
20264,1.0,2261,2026-02-16T16:50,SIN_DEMANDA,0,,,,,,,0,0,0,482,2587,971.4848547717843,1.5
20264,1.0,2262,2026-02-16T17:00,SIN_DEMANDA,0,,,,,,,0,0,0,482,2587,971.4848547717843,1.5
20264,1.0,2263,2026-02-16T17:10,SIN_DEMANDA,0,,,,,,,0,0,0,483,2588,969.760248447205,1.5
20264,1.0,2264,2026-02-16T17:20,SIN_DEMANDA,0,,,,,,,0,0,0,483,2588,969.760248447205,1.5
20264,1.0,2265,2026-02-16T17:30,SIN_DEMANDA,0,,,,,,,0,0,0,484,2593,971.3113636363637,1.5
20264,1.0,2266,2026-02-16T17:40,SIN_DEMANDA,0,,,,,,,0,0,0,484,2593,971.3113636363637,1.5
20264,1.0,2267,2026-02-16T17:50,SIN_DEMANDA,0,,,,,,,0,0,0,484,2593,971.3113636363637,1.5
20264,1.0,2268,2026-02-16T18:00,SIN_DEMANDA,0,,,,,,,0,0,0,485,2600,970.9416494845361,1.5
20264,1.0,2269,2026-02-16T18:10,SIN_DEMANDA,0,,,,,,,0,0,0,485,2600,970.9416494845361,1.5
20264,1.0,2270,2026-02-16T18:20,SIN_DEMANDA,0,,,,,,,0,0,0,485,2600,970.9416494845361,1.5
20264,1.0,2271,2026-02-16T18:30,COMPLETA,538.1147,36.0,36.0,111.0,286.5,1,0.375,1,0,0,485,2600,970.9416494845361,1.5
20264,1.0,2272,2026-02-16T18:40,COMPLETA,574.0442,1049.5,36.0,159.0,418.5,2,0.2708333333333333,2,0,1,485,2600,970.9416494845361,1.5
20264,1.0,2273,2026-02-16T18:50,COMPLETA,535.5084,36.0,36.0,111.0,286.5,1,0.375,1,0,0,485,2600,970.9416494845361,1.5
20264,1.0,2274,2026-02-16T19:00,COMPLETA,552.7061,36.0,36.0,111.0,286.5,1,0.375,1,0,0,485,2600,970.9416494845361,1.5
20264,1.0,2275,2026-02-16T19:10,COMPLETA,539.9379,36.0,36.0,111.0,286.5,1,0.375,1,0,0,485,2600,970.9416494845361,1.5
20264,1.0,2276,2026-02-16T19:20,COMPLETA,575.9461,36.0,36.0,111.0,286.5,1,0.375,1,0,0,486,2607,972.2020576131688,1.5
20264,1.0,2277,2026-02-16T19:30,COMPLETA,503.2893,36.0,36.0,111.0,286.5,1,0.375,1,0,0,486,2607,972.2020576131688,1.5
20264,1.0,2278,2026-02-16T19:40,COMPLETA,552.4016,36.0,36.0,111.0,286.5,1,0.375,1,0,0,486,2607,972.2020576131688,1.5
20264,1.0,2279,2026-02-16T19:50,COMPLETA,679.6165,1060.25,36.0,129.0,373.5,2,0.20833333333333334,2,0,1,486,2607,972.2020576131688,1.5
20264,1.0,2280,2026-02-16T20:00,COMPLETA,630.2399,36.0,36.0,111.0,286.5,1,0.375,1,0,0,486,2607,972.2020576131688,1.5
20264,1.0,2281,2026-02-16T20:10,COMPLETA,574.9047,53.5,36.0,206.0,489.0,2,0.3333333333333333,2,0,1,486,2607,972.2020576131688,1.5
20264,1.0,2282,2026-02-16T20:20,COMPLETA,530.1818,36.0,36.0,111.0,286.5,1,0.375,1,0,0,487,2611,974.4418891170432,1.5
20264,1.0,2283,2026-02-16T20:30,COMPLETA,497.2706,36.0,36.0,111.0,286.5,1,0.375,1,0,0,487,2611,974.4418891170432,1.5
20264,1.0,2284,2026-02-16T20:40,COMPLETA,532.8067,36.0,36.0,111.0,286.5,1,0.375,1,0,0,487,2611,974.4418891170432,1.5
20264,1.0,2285,2026-02-16T20:50,COMPLETA,942.2298,210.0,36.0,299.0,814.0,3,0.375,4,0,1,487,2611,974.4418891170432,1.5
20264,1.0,2286,2026-02-16T21:00,COMPLETA,801.2142,243.16666666666666,36.0,233.0,658.5,2,0.4375,3,0,0,487,2611,974.4418891170432,1.5
20264,1.0,2287,2026-02-16T21:10,COMPLETA,954.4867,618.125,36.0,299.0,808.5,2,0.6458333333333334,4,0,0,489,2620,974.99836400818,1.5
20264,1.0,2288,2026-02-16T21:20,COMPLETA,1114.5162,649.7,36.0,384.0,1056.0,3,0.5277777777777778,5,0,0,489,2620,974.99836400818,1.5
20264,1.0,2289,2026-02-16T21:30,COMPLETA,1120.4218,649.7,36.0,384.0,1056.0,3,0.5277777777777778,5,0,0,489,2620,974.99836400818,1.5
20264,1.0,2290,2026-02-16T21:40,COMPLETA,1184.2637,649.7,36.0,384.0,1056.0,3,0.5277777777777778,5,0,0,489,2620,974.99836400818,1.5
20264,1.0,2291,2026-02-16T21:50,COMPLETA,1593.7054,1011.0714285714286,36.0,463.0,1354.5,4,0.5416666666666666,7,0,0,489,2620,974.99836400818,1.5
20264,1.0,2292,2026-02-16T22:00,COMPLETA,1483.7352,1011.0714285714286,36.0,463.0,1354.5,4,0.5416666666666666,7,0,0,489,2620,974.99836400818,1.5
20264,1.0,2293,2026-02-16T22:10,COMPLETA,1496.235,1011.0714285714286,36.0,463.0,1354.5,4,0.5416666666666666,7,0,0,489,2620,974.99836400818,1.5
20264,1.0,2294,2026-02-16T22:20,COMPLETA,1430.3433,1011.0714285714286,36.0,463.0,1354.5,4,0.5416666666666666,7,0,0,489,2620,974.99836400818,1.5
20264,1.0,2295,2026-02-16T22:30,COMPLETA,1470.9274,1011.0714285714286,36.0,463.0,1354.5,4,0.5416666666666666,7,0,0,489,2620,974.99836400818,1.5
20264,1.0,2296,2026-02-16T22:40,COMPLETA,1542.911,1011.0714285714286,36.0,463.0,1354.5,4,0.5416666666666666,7,0,0,489,2620,974.99836400818,1.5
20264,1.0,2297,2026-02-16T22:50,COMPLETA,1382.0976,1011.0714285714286,36.0,463.0,1354.5,4,0.5416666666666666,7,0,0,489,2620,974.99836400818,1.5
20264,1.0,2298,2026-02-16T23:00,COMPLETA,1494.5665,1011.0714285714286,36.0,463.0,1354.5,4,0.5416666666666666,7,0,2,491,2633,971.3965376782078,1.5
20264,1.0,2299,2026-02-16T23:10,COMPLETA,1270.4025,1204.9,261.0,248.0,852.0,3,0.5694444444444444,5,0,0,491,2633,971.3965376782078,1.5
20264,1.0,2300,2026-02-16T23:20,COMPLETA,1375.1744,1204.9,261.0,248.0,852.0,3,0.5694444444444444,5,0,1,491,2633,971.3965376782078,1.5
20264,1.0,2301,2026-02-16T23:30,COMPLETA,703.8553,1342.5,1307.5,194.0,471.0,1,0.7916666666666666,2,0,0,491,2633,971.3965376782078,1.5
20264,1.0,2302,2026-02-16T23:40,COMPLETA,665.8887,1342.5,1307.5,194.0,471.0,1,0.7916666666666666,2,0,0,491,2633,971.3965376782078,1.5
20264,1.0,2303,2026-02-16T23:50,COMPLETA,679.3092,1342.5,1307.5,194.0,471.0,1,0.7916666666666666,2,0,0,491,2633,971.3965376782078,1.5
20264,1.0,2304,2026-02-17T00:00,COMPLETA,678.1257,1342.5,1307.5,194.0,471.0,1,0.7916666666666666,2,0,0,491,2633,971.3965376782078,1.5
20264,1.0,2305,2026-02-17T00:10,COMPLETA,785.1697,1342.5,1307.5,194.0,471.0,1,0.7916666666666666,2,0,0,491,2633,971.3965376782078,1.5
20264,1.0,2306,2026-02-17T00:20,COMPLETA,705.9648,1342.5,1307.5,194.0,471.0,1,0.7916666666666666,2,0,0,491,2633,971.3965376782078,1.5
20264,1.0,2307,2026-02-17T00:30,COMPLETA,669.0883,1342.5,1307.5,194.0,471.0,1,0.7916666666666666,2,0,0,491,2633,971.3965376782078,1.5
20264,1.0,2308,2026-02-17T00:40,COMPLETA,669.0222,1342.5,1307.5,194.0,471.0,1,0.7916666666666666,2,0,0,491,2633,971.3965376782078,1.5
20264,1.0,2309,2026-02-17T00:50,COMPLETA,672.1342,1342.5,1307.5,194.0,471.0,1,0.7916666666666666,2,0,0,491,2633,971.3965376782078,1.5
20264,1.0,2310,2026-02-17T01:00,COMPLETA,701.3488,1342.5,1307.5,194.0,471.0,1,0.7916666666666666,2,0,0,491,2633,971.3965376782078,1.5
20264,1.0,2311,2026-02-17T01:10,COMPLETA,654.0838,1342.5,1307.5,194.0,471.0,1,0.7916666666666666,2,0,0,492,2643,973.4008130081301,1.5
20264,1.0,2312,2026-02-17T01:20,COMPLETA,600.9991,1342.5,1307.5,194.0,471.0,1,0.7916666666666666,2,0,0,492,2643,973.4008130081301,1.5
20264,1.0,2313,2026-02-17T01:30,COMPLETA,645.8418,1342.5,1307.5,194.0,471.0,1,0.7916666666666666,2,0,0,493,2647,975.3634888438135,1.5
20264,1.0,2314,2026-02-17T01:40,COMPLETA,670.4124,1342.5,1307.5,194.0,471.0,1,0.7916666666666666,2,0,0,493,2647,975.3634888438135,1.5
20264,1.0,2315,2026-02-17T01:50,COMPLETA,681.8276,1342.5,1307.5,194.0,471.0,1,0.7916666666666666,2,0,0,494,2656,973.461943319838,1.5
20264,1.0,2316,2026-02-17T02:00,COMPLETA,678.5884,1342.5,1307.5,194.0,471.0,1,0.7916666666666666,2,0,0,494,2656,973.461943319838,1.5
20264,1.0,2317,2026-02-17T02:10,COMPLETA,661.4924,1342.5,1307.5,194.0,471.0,1,0.7916666666666666,2,0,0,494,2656,973.461943319838,1.5
20264,1.0,2318,2026-02-17T02:20,COMPLETA,646.356,1342.5,1307.5,194.0,471.0,1,0.7916666666666666,2,0,0,494,2656,973.461943319838,1.5
20264,1.0,2319,2026-02-17T02:30,COMPLETA,630.8362,1342.5,1307.5,194.0,471.0,1,0.7916666666666666,2,0,0,495,2662,972.2711111111112,1.5
20264,1.0,2320,2026-02-17T02:40,COMPLETA,775.873,1342.5,1307.5,194.0,471.0,1,0.7916666666666666,2,0,0,495,2662,972.2711111111112,1.5
20264,1.0,2321,2026-02-17T02:50,COMPLETA,632.9404,1342.5,1307.5,194.0,471.0,1,0.7916666666666666,2,0,0,495,2662,972.2711111111112,1.5
20264,1.0,2322,2026-02-17T03:00,COMPLETA,635.9979,1342.5,1307.5,194.0,471.0,1,0.7916666666666666,2,0,0,495,2662,972.2711111111112,1.5
20264,1.0,2323,2026-02-17T03:10,COMPLETA,613.8681,1342.5,1307.5,194.0,471.0,1,0.7916666666666666,2,0,0,495,2662,972.2711111111112,1.5
20264,1.0,2324,2026-02-17T03:20,COMPLETA,718.5592,1342.5,1307.5,194.0,471.0,1,0.7916666666666666,2,0,0,495,2662,972.2711111111112,1.5
20264,1.0,2325,2026-02-17T03:30,COMPLETA,694.4502,1342.5,1307.5,194.0,471.0,1,0.7916666666666666,2,0,0,495,2662,972.2711111111112,1.5
20264,1.0,2326,2026-02-17T03:40,COMPLETA,668.3079,1342.5,1307.5,194.0,471.0,1,0.7916666666666666,2,0,0,495,2662,972.2711111111112,1.5
20264,1.0,2327,2026-02-17T03:50,COMPLETA,630.8046,1342.5,1307.5,194.0,471.0,1,0.7916666666666666,2,0,0,495,2662,972.2711111111112,1.5
20264,1.0,2328,2026-02-17T04:00,COMPLETA,690.4435,1342.5,1307.5,194.0,471.0,1,0.7916666666666666,2,0,0,495,2662,972.2711111111112,1.5
20264,1.0,2329,2026-02-17T04:10,COMPLETA,814.2835,1342.5,1307.5,194.0,471.0,1,0.7916666666666666,2,0,0,495,2662,972.2711111111112,1.5
20264,1.0,2330,2026-02-17T04:20,COMPLETA,722.8887,1342.5,1307.5,194.0,471.0,1,0.7916666666666666,2,0,0,495,2662,972.2711111111112,1.5
20264,1.0,2331,2026-02-17T04:30,COMPLETA,738.1797,946.8333333333334,155.5,224.0,576.0,2,0.4791666666666667,3,0,1,496,2668,970.8370967741936,1.5
20264,1.0,2332,2026-02-17T04:40,COMPLETA,700.2971,1342.5,1307.5,194.0,471.0,1,0.7916666666666666,2,0,0,496,2668,970.8370967741936,1.5
20264,1.0,2333,2026-02-17T04:50,COMPLETA,736.5147,1342.5,1307.5,194.0,471.0,1,0.7916666666666666,2,0,0,496,2668,970.8370967741936,1.5
20264,1.0,2334,2026-02-17T05:00,COMPLETA,730.9434,1342.5,1307.5,194.0,471.0,1,0.7916666666666666,2,0,0,497,2675,970.1271629778672,1.5
20264,1.0,2335,2026-02-17T05:10,COMPLETA,741.5156,1342.5,1307.5,194.0,471.0,1,0.7916666666666666,2,0,0,497,2675,970.1271629778672,1.5
20264,1.0,2336,2026-02-17T05:20,COMPLETA,701.6292,1342.5,1307.5,194.0,471.0,1,0.7916666666666666,2,0,0,497,2675,970.1271629778672,1.5
20264,1.0,2337,2026-02-17T05:30,COMPLETA,842.2831,1532.3333333333333,1307.5,271.0,706.5,2,0.5625,3,0,0,497,2675,970.1271629778672,1.5
20264,1.0,2338,2026-02-17T05:40,COMPLETA,833.086,1532.3333333333333,1307.5,271.0,706.5,2,0.5625,3,0,0,497,2675,970.1271629778672,1.5
20264,1.0,2339,2026-02-17T05:50,COMPLETA,800.5547,1532.3333333333333,1307.5,271.0,706.5,2,0.5625,3,0,0,497,2675,970.1271629778672,1.5
20264,1.0,2340,2026-02-17T06:00,COMPLETA,849.725,1532.3333333333333,1307.5,271.0,706.5,2,0.5625,3,0,0,498,2679,968.4913654618474,1.5
20264,1.0,2341,2026-02-17T06:10,COMPLETA,844.0986,1532.3333333333333,1307.5,271.0,706.5,2,0.5625,3,0,0,498,2679,968.4913654618474,1.5
20264,1.0,2342,2026-02-17T06:20,COMPLETA,837.5997,1532.3333333333333,1307.5,271.0,706.5,2,0.5625,3,0,0,498,2679,968.4913654618474,1.5
20264,1.0,2343,2026-02-17T06:30,COMPLETA,801.0883,1532.3333333333333,1307.5,271.0,706.5,2,0.5625,3,0,0,498,2679,968.4913654618474,1.5
20264,1.0,2344,2026-02-17T06:40,COMPLETA,820.5481,1532.3333333333333,1307.5,271.0,706.5,2,0.5625,3,0,0,498,2679,968.4913654618474,1.5
20264,1.0,2345,2026-02-17T06:50,COMPLETA,923.7626,1532.3333333333333,1307.5,271.0,706.5,2,0.5625,3,0,0,498,2679,968.4913654618474,1.5
20264,1.0,2346,2026-02-17T07:00,COMPLETA,857.1168,1532.3333333333333,1307.5,271.0,706.5,2,0.5625,3,0,2,498,2679,968.4913654618474,1.5
20264,1.0,2347,2026-02-17T07:10,COMPLETA,702.2838,234.25,53.0,118.0,417.0,2,0.3333333333333333,2,0,0,498,2679,968.4913654618474,1.5
20264,1.0,2348,2026-02-17T07:20,COMPLETA,680.1821,234.25,53.0,118.0,417.0,2,0.3333333333333333,2,0,0,498,2679,968.4913654618474,1.5
20264,1.0,2349,2026-02-17T07:30,COMPLETA,781.1832,194.66666666666666,53.0,130.0,495.0,2,0.5208333333333334,3,0,0,498,2679,968.4913654618474,1.5
20264,1.0,2350,2026-02-17T07:40,COMPLETA,816.3675,194.66666666666666,53.0,130.0,495.0,2,0.5208333333333334,3,0,0,498,2679,968.4913654618474,1.5
20264,1.0,2351,2026-02-17T07:50,COMPLETA,1159.0091,935.0,193.5,225.0,877.5,4,0.3958333333333333,5,0,2,498,2679,968.4913654618474,1.5
20264,1.0,2352,2026-02-17T08:00,COMPLETA,887.4342,585.1666666666666,106.5,126.0,489.0,2,0.5833333333333334,3,0,0,498,2679,968.4913654618474,1.5
20264,1.0,2353,2026-02-17T08:10,COMPLETA,792.6005,585.1666666666666,106.5,126.0,489.0,2,0.5833333333333334,3,0,0,498,2679,968.4913654618474,1.5
20264,1.0,2354,2026-02-17T08:20,COMPLETA,1132.0052,795.4,106.5,188.0,822.0,4,0.3333333333333333,5,0,2,498,2679,968.4913654618474,1.5
20264,1.0,2355,2026-02-17T08:30,COMPLETA,898.1889,585.1666666666666,106.5,126.0,489.0,2,0.5833333333333334,3,0,0,498,2679,968.4913654618474,1.5
20264,1.0,2356,2026-02-17T08:40,COMPLETA,910.9091,585.1666666666666,106.5,126.0,489.0,2,0.5833333333333334,3,0,0,498,2679,968.4913654618474,1.5
20264,1.0,2357,2026-02-17T08:50,COMPLETA,999.1173,585.1666666666666,106.5,126.0,489.0,2,0.5833333333333334,3,0,0,498,2679,968.4913654618474,1.5
20264,1.0,2358,2026-02-17T09:00,COMPLETA,1114.451,668.8,106.5,232.0,768.0,4,0.3125,5,0,2,498,2679,968.4913654618474,1.5
20264,1.0,2359,2026-02-17T09:10,COMPLETA,847.0638,585.1666666666666,106.5,126.0,489.0,2,0.5833333333333334,3,0,0,498,2679,968.4913654618474,1.5
20264,1.0,2360,2026-02-17T09:20,COMPLETA,866.0508,585.1666666666666,106.5,126.0,489.0,2,0.5833333333333334,3,0,0,498,2679,968.4913654618474,1.5
20264,1.0,2361,2026-02-17T09:30,COMPLETA,885.2827,585.1666666666666,106.5,126.0,489.0,2,0.5833333333333334,3,0,0,500,2691,972.5554000000001,1.5
20264,1.0,2362,2026-02-17T09:40,COMPLETA,847.8901,585.1666666666666,106.5,126.0,489.0,2,0.5833333333333334,3,0,0,501,2694,974.7688622754491,1.5
20264,1.0,2363,2026-02-17T09:50,COMPLETA,845.0516,422.5,25.0,250.0,795.0,3,0.5138888888888888,4,0,0,501,2694,974.7688622754491,1.5
20264,1.0,2364,2026-02-17T10:00,COMPLETA,1120.968,746.5,25.0,313.0,949.5,4,0.4270833333333333,5,0,1,503,2701,972.2598409542744,1.5
20264,1.0,2365,2026-02-17T10:10,COMPLETA,938.6957,422.5,25.0,250.0,795.0,3,0.5138888888888888,4,0,0,504,2711,973.0638888888889,1.5
20264,1.0,2366,2026-02-17T10:20,COMPLETA,934.1798,422.5,25.0,250.0,795.0,3,0.5138888888888888,4,0,0,504,2711,973.0638888888889,1.5
20264,1.0,2367,2026-02-17T10:30,COMPLETA,985.4999,422.5,25.0,250.0,735.0,3,0.5138888888888888,4,0,0,505,2712,972.3904950495049,1.5
20264,1.0,2368,2026-02-17T10:40,COMPLETA,893.0209,422.5,25.0,250.0,735.0,3,0.5138888888888888,4,0,0,505,2712,972.3904950495049,1.5
20264,1.0,2369,2026-02-17T10:50,COMPLETA,873.785,422.5,25.0,250.0,735.0,3,0.5138888888888888,4,0,1,505,2712,972.3904950495049,1.5
20264,1.0,2370,2026-02-17T11:00,COMPLETA,788.0991,555.0,103.0,171.0,496.5,2,0.5833333333333334,3,0,0,506,2713,972.3571146245059,1.5
20264,1.0,2371,2026-02-17T11:10,COMPLETA,714.4961,555.0,103.0,171.0,496.5,2,0.5833333333333334,3,0,1,506,2713,972.3571146245059,1.5
20264,1.0,2372,2026-02-17T11:20,COMPLETA,689.0892,781.0,106.5,106.0,339.0,1,0.7916666666666666,2,0,0,506,2713,972.3571146245059,1.5
20264,1.0,2373,2026-02-17T11:30,COMPLETA,698.1093,781.0,106.5,106.0,339.0,1,0.7916666666666666,2,0,0,506,2713,972.3571146245059,1.5
20264,1.0,2374,2026-02-17T11:40,COMPLETA,781.932,755.3333333333334,106.5,210.0,615.0,2,0.5416666666666666,3,0,0,506,2713,972.3571146245059,1.5
20264,1.0,2375,2026-02-17T11:50,COMPLETA,804.311,755.3333333333334,106.5,210.0,615.0,2,0.5416666666666666,3,0,0,506,2713,972.3571146245059,1.5
20264,1.0,2376,2026-02-17T12:00,COMPLETA,822.9959,755.3333333333334,106.5,210.0,615.0,2,0.5416666666666666,3,0,0,507,2717,974.4678500986194,1.5
20264,1.0,2377,2026-02-17T12:10,COMPLETA,770.4692,755.3333333333334,106.5,210.0,615.0,2,0.5416666666666666,3,0,0,507,2717,974.4678500986194,1.5
20264,1.0,2378,2026-02-17T12:20,COMPLETA,803.7961,755.3333333333334,106.5,210.0,615.0,2,0.5416666666666666,3,0,0,507,2717,974.4678500986194,1.5
20264,1.0,2379,2026-02-17T12:30,COMPLETA,813.77,755.3333333333334,106.5,210.0,615.0,2,0.5416666666666666,3,0,0,507,2717,974.4678500986194,1.5
20264,1.0,2380,2026-02-17T12:40,COMPLETA,873.1709,755.3333333333334,106.5,210.0,615.0,2,0.5416666666666666,3,0,0,507,2717,974.4678500986194,1.5
20264,1.0,2381,2026-02-17T12:50,COMPLETA,775.2634,755.3333333333334,106.5,210.0,615.0,2,0.5416666666666666,3,0,0,507,2717,974.4678500986194,1.5
20264,1.0,2382,2026-02-17T13:00,COMPLETA,796.9245,755.3333333333334,106.5,210.0,615.0,2,0.5416666666666666,3,0,0,507,2717,974.4678500986194,1.5
20264,1.0,2383,2026-02-17T13:10,COMPLETA,941.1421,1087.0,106.5,222.0,693.0,3,0.4166666666666667,4,0,1,507,2717,974.4678500986194,1.5
20264,1.0,2384,2026-02-17T13:20,COMPLETA,949.0838,987.375,106.5,224.0,696.0,2,0.6666666666666666,4,0,0,509,2735,973.2567779960707,1.5
20264,1.0,2385,2026-02-17T13:30,COMPLETA,899.0315,987.375,106.5,224.0,696.0,2,0.6666666666666666,4,0,0,509,2735,973.2567779960707,1.5
20264,1.0,2386,2026-02-17T13:40,COMPLETA,1139.8434,987.375,106.5,224.0,696.0,2,0.6666666666666666,4,0,0,509,2735,973.2567779960707,1.5
20264,1.0,2387,2026-02-17T13:50,COMPLETA,1240.2589,987.375,106.5,224.0,696.0,2,0.6666666666666666,4,0,0,510,2744,971.5503921568628,1.5
20264,1.0,2388,2026-02-17T14:00,COMPLETA,958.9205,987.375,106.5,224.0,696.0,2,0.6666666666666666,4,0,0,510,2744,971.5503921568628,1.5
20264,1.0,2389,2026-02-17T14:10,COMPLETA,1070.055,985.2,106.5,240.0,840.0,3,0.4861111111111111,5,0,0,510,2744,971.5503921568628,1.5
20264,1.0,2390,2026-02-17T14:20,COMPLETA,1169.6161,985.2,106.5,240.0,840.0,3,0.4861111111111111,5,0,0,511,2748,973.7234833659492,1.5
20264,1.0,2391,2026-02-17T14:30,COMPLETA,1041.0927,985.2,106.5,240.0,840.0,3,0.4861111111111111,5,0,0,511,2748,973.7234833659492,1.5
20264,1.0,2392,2026-02-17T14:40,COMPLETA,1047.3473,985.2,106.5,240.0,840.0,3,0.4861111111111111,5,0,0,511,2748,973.7234833659492,1.5
20264,1.0,2393,2026-02-17T14:50,COMPLETA,1118.77,985.2,106.5,240.0,840.0,3,0.4861111111111111,5,0,0,511,2748,973.7234833659492,1.5
20264,1.0,2394,2026-02-17T15:00,COMPLETA,1056.7576,985.2,106.5,240.0,840.0,3,0.4861111111111111,5,0,3,511,2748,973.7234833659492,1.5
20264,1.0,2395,2026-02-17T15:10,SIN_DEMANDA,0,,,,,,,0,0,0,511,2748,973.7234833659492,1.5
20264,1.0,2396,2026-02-17T15:20,SIN_DEMANDA,0,,,,,,,0,0,0,511,2748,973.7234833659492,1.5
20264,1.0,2397,2026-02-17T15:30,COMPLETA,637.237,1483.0,1425.0,128.0,372.0,1,0.6666666666666666,2,0,0,511,2748,973.7234833659492,1.5
20264,1.0,2398,2026-02-17T15:40,COMPLETA,760.842,1587.1666666666667,1425.0,222.0,633.0,2,0.4583333333333333,3,0,0,511,2748,973.7234833659492,1.5
20264,1.0,2399,2026-02-17T15:50,COMPLETA,844.5406,1587.1666666666667,1425.0,222.0,633.0,2,0.4583333333333333,3,0,0,511,2748,973.7234833659492,1.5
20264,1.0,2400,2026-02-17T16:00,COMPLETA,759.6231,1587.1666666666667,1425.0,222.0,633.0,2,0.4583333333333333,3,0,0,511,2748,973.7234833659492,1.5
20264,1.0,2401,2026-02-17T16:10,COMPLETA,751.3383,1587.1666666666667,1425.0,222.0,633.0,2,0.4583333333333333,3,0,0,511,2748,973.7234833659492,1.5
20264,1.0,2402,2026-02-17T16:20,COMPLETA,767.4504,1587.1666666666667,1425.0,222.0,633.0,2,0.4583333333333333,3,0,0,511,2748,973.7234833659492,1.5
20264,1.0,2403,2026-02-17T16:30,COMPLETA,813.2351,1587.1666666666667,1425.0,222.0,633.0,2,0.4583333333333333,3,0,0,511,2748,973.7234833659492,1.5
20264,1.0,2404,2026-02-17T16:40,COMPLETA,786.0404,1587.1666666666667,1425.0,222.0,633.0,2,0.4583333333333333,3,0,0,512,2751,973.652734375,1.5
20264,1.0,2405,2026-02-17T16:50,COMPLETA,781.35,1587.1666666666667,1425.0,222.0,633.0,2,0.4583333333333333,3,0,0,512,2751,973.652734375,1.5
20264,1.0,2406,2026-02-17T17:00,COMPLETA,750.9706,1587.1666666666667,1425.0,222.0,633.0,2,0.4583333333333333,3,0,0,512,2751,973.652734375,1.5
20264,1.0,2407,2026-02-17T17:10,COMPLETA,810.9369,1587.1666666666667,1425.0,222.0,633.0,2,0.4583333333333333,3,0,0,512,2751,973.652734375,1.5
20264,1.0,2408,2026-02-17T17:20,COMPLETA,780.5128,1587.1666666666667,1425.0,222.0,633.0,2,0.4583333333333333,3,0,0,513,2761,971.9623781676413,1.5
20264,1.0,2409,2026-02-17T17:30,COMPLETA,745.1373,1587.1666666666667,1425.0,222.0,633.0,2,0.4583333333333333,3,0,0,514,2770,973.1424124513619,1.5
20264,1.0,2410,2026-02-17T17:40,COMPLETA,732.6624,1587.1666666666667,1425.0,222.0,633.0,2,0.4583333333333333,3,0,0,514,2770,973.1424124513619,1.5
20264,1.0,2411,2026-02-17T17:50,COMPLETA,762.7168,1587.1666666666667,1425.0,222.0,633.0,2,0.4583333333333333,3,0,0,514,2770,973.1424124513619,1.5
20264,1.0,2412,2026-02-17T18:00,COMPLETA,830.1352,1587.1666666666667,1425.0,222.0,633.0,2,0.4583333333333333,3,0,0,514,2770,973.1424124513619,1.5
20264,1.0,2413,2026-02-17T18:10,COMPLETA,805.6994,1705.375,1425.0,274.0,771.0,3,0.3611111111111111,4,0,1,514,2770,973.1424124513619,1.5
20264,1.0,2414,2026-02-17T18:20,COMPLETA,892.347,1341.625,295.5,335.0,862.5,4,0.28125,4,0,1,514,2770,973.1424124513619,1.5
20264,1.0,2415,2026-02-17T18:30,COMPLETA,819.0863,1587.1666666666667,1425.0,222.0,573.0,2,0.4583333333333333,3,0,1,514,2770,973.1424124513619,1.5
20264,1.0,2416,2026-02-17T18:40,COMPLETA,843.979,1555.8333333333333,1425.0,250.0,675.0,2,0.4583333333333333,3,0,0,514,2770,973.1424124513619,1.5
20264,1.0,2417,2026-02-17T18:50,COMPLETA,783.6271,1555.8333333333333,1425.0,250.0,675.0,2,0.4583333333333333,3,0,0,514,2770,973.1424124513619,1.5
20264,1.0,2418,2026-02-17T19:00,COMPLETA,860.521,1239.875,292.0,304.0,816.0,3,0.3888888888888889,4,0,0,514,2770,973.1424124513619,1.5
20264,1.0,2419,2026-02-17T19:10,COMPLETA,877.9723,1239.875,292.0,304.0,816.0,3,0.3888888888888889,4,0,0,514,2770,973.1424124513619,1.5
20264,1.0,2420,2026-02-17T19:20,COMPLETA,958.1644,992.8,64.5,304.0,876.0,3,0.5277777777777778,5,0,0,515,2777,972.4566990291262,1.5
20264,1.0,2421,2026-02-17T19:30,COMPLETA,1165.0927,860.9166666666666,64.5,469.0,1243.5,4,0.4895833333333333,6,0,0,515,2777,972.4566990291262,1.5
20264,1.0,2422,2026-02-17T19:40,COMPLETA,1150.5266,860.9166666666666,64.5,469.0,1243.5,4,0.4895833333333333,6,0,0,515,2777,972.4566990291262,1.5
20264,1.0,2423,2026-02-17T19:50,COMPLETA,1321.1512,1028.857142857143,64.5,512.0,1368.0,5,0.4083333333333333,7,0,1,516,2781,974.5643410852714,1.5
20264,1.0,2424,2026-02-17T20:00,COMPLETA,1195.5454,860.9166666666666,64.5,469.0,1243.5,4,0.4895833333333333,6,0,0,516,2781,974.5643410852714,1.5
20264,1.0,2425,2026-02-17T20:10,COMPLETA,1220.4033,860.9166666666666,64.5,469.0,1243.5,4,0.4895833333333333,6,0,0,516,2781,974.5643410852714,1.5
20264,1.0,2426,2026-02-17T20:20,COMPLETA,1195.4029,860.9166666666666,64.5,469.0,1243.5,4,0.4895833333333333,6,0,1,516,2781,974.5643410852714,1.5
20264,1.0,2427,2026-02-17T20:30,COMPLETA,987.4417,910.9166666666666,64.5,457.0,1285.5,4,0.4583333333333333,6,0,1,516,2781,974.5643410852714,1.5
20264,1.0,2428,2026-02-17T20:40,COMPLETA,917.3103,686.9,64.5,402.0,1083.0,3,0.5694444444444444,5,0,0,516,2781,974.5643410852714,1.5
20264,1.0,2429,2026-02-17T20:50,COMPLETA,876.6836,686.9,64.5,402.0,1083.0,3,0.5694444444444444,5,0,0,516,2781,974.5643410852714,1.5
20264,1.0,2430,2026-02-17T21:00,COMPLETA,867.5536,686.9,64.5,402.0,1083.0,3,0.5694444444444444,5,0,0,516,2781,974.5643410852714,1.5
20264,1.0,2431,2026-02-17T21:10,COMPLETA,889.0988,686.9,64.5,402.0,1083.0,3,0.5694444444444444,5,0,0,516,2781,974.5643410852714,1.5
20264,1.0,2432,2026-02-17T21:20,COMPLETA,966.6526,737.3333333333334,64.5,432.0,1248.0,4,0.4479166666666667,6,0,1,518,2792,974.6220077220078,1.5
20264,1.0,2433,2026-02-17T21:30,COMPLETA,1059.4097,723.5,64.5,448.0,1272.0,4,0.5,6,0,0,518,2792,974.6220077220078,1.5
20264,1.0,2434,2026-02-17T21:40,COMPLETA,998.5537,723.5,64.5,448.0,1272.0,4,0.5,6,0,0,518,2792,974.6220077220078,1.5
20264,1.0,2435,2026-02-17T21:50,COMPLETA,1043.5391,723.5,64.5,448.0,1272.0,4,0.5,6,0,0,520,2800,978.2426923076923,1.5
20264,1.0,2436,2026-02-17T22:00,COMPLETA,970.448,723.5,64.5,448.0,1272.0,4,0.5,6,0,0,520,2800,978.2426923076923,1.5
20264,1.0,2437,2026-02-17T22:10,COMPLETA,901.8145,723.5,64.5,448.0,1272.0,4,0.5,6,0,0,520,2800,978.2426923076923,1.5
20264,1.0,2438,2026-02-17T22:20,COMPLETA,1218.9165,870.6428571428571,64.5,499.0,1468.5,4,0.5729166666666666,7,0,0,520,2800,978.2426923076923,1.5
20264,1.0,2439,2026-02-17T22:30,COMPLETA,1138.4777,870.6428571428571,64.5,499.0,1468.5,4,0.5729166666666666,7,0,0,520,2800,978.2426923076923,1.5
20264,1.0,2440,2026-02-17T22:40,COMPLETA,1490.6153,1018.5625,64.5,560.0,1620.0,5,0.49166666666666664,8,0,0,522,2809,981.7082375478927,1.5
20264,1.0,2441,2026-02-17T22:50,COMPLETA,1576.7115,1018.5625,64.5,560.0,1620.0,5,0.49166666666666664,8,0,0,523,2811,981.7231357552581,1.5
20264,1.0,2442,2026-02-17T23:00,COMPLETA,1814.8169,1146.2222222222222,64.5,645.0,1927.5,7,0.36904761904761907,9,0,7,523,2811,981.7231357552581,1.5
20264,1.0,2443,2026-02-17T23:10,COMPLETA,562.6864,76.5,76.5,91.0,256.5,1,0.20833333333333334,1,0,1,523,2811,981.7231357552581,1.5
20264,1.0,2444,2026-02-17T23:20,SIN_DEMANDA,0,,,,,,,0,0,0,523,2811,981.7231357552581,1.5
20264,1.0,2445,2026-02-17T23:30,SIN_DEMANDA,0,,,,,,,0,0,0,523,2811,981.7231357552581,1.5
20264,1.0,2446,2026-02-17T23:40,SIN_DEMANDA,0,,,,,,,0,0,0,523,2811,981.7231357552581,1.5
20264,1.0,2447,2026-02-17T23:50,SIN_DEMANDA,0,,,,,,,0,0,0,523,2811,981.7231357552581,1.5
20264,1.0,2448,2026-02-18T00:00,SIN_DEMANDA,0,,,,,,,0,0,0,523,2811,981.7231357552581,1.5
20264,1.0,2449,2026-02-18T00:10,SIN_DEMANDA,0,,,,,,,0,0,0,523,2811,981.7231357552581,1.5
20264,1.0,2450,2026-02-18T00:20,SIN_DEMANDA,0,,,,,,,0,0,0,524,2815,983.7751908396947,1.5
20264,1.0,2451,2026-02-18T00:30,COMPLETA,517.945,207.0,207.0,67.0,220.5,1,0.375,1,0,0,524,2815,983.7751908396947,1.5
20264,1.0,2452,2026-02-18T00:40,COMPLETA,492.2035,207.0,207.0,67.0,220.5,1,0.375,1,0,0,524,2815,983.7751908396947,1.5
20264,1.0,2453,2026-02-18T00:50,COMPLETA,497.2619,207.0,207.0,67.0,220.5,1,0.375,1,0,0,525,2818,985.8022857142857,1.5
20264,1.0,2454,2026-02-18T01:00,COMPLETA,521.4108,207.0,207.0,67.0,220.5,1,0.375,1,0,0,525,2818,985.8022857142857,1.5
20264,1.0,2455,2026-02-18T01:10,COMPLETA,469.7361,207.0,207.0,67.0,220.5,1,0.375,1,0,0,525,2818,985.8022857142857,1.5
20264,1.0,2456,2026-02-18T01:20,COMPLETA,478.5458,207.0,207.0,67.0,220.5,1,0.375,1,0,0,526,2825,985.5422053231939,1.5
20264,1.0,2457,2026-02-18T01:30,COMPLETA,546.8156,207.0,207.0,67.0,220.5,1,0.375,1,0,0,526,2825,985.5422053231939,1.5
20264,1.0,2458,2026-02-18T01:40,COMPLETA,508.5074,168.5,130.0,131.0,376.5,2,0.22916666666666666,2,0,1,526,2825,985.5422053231939,1.5
20264,1.0,2459,2026-02-18T01:50,COMPLETA,493.6049,207.0,207.0,67.0,220.5,1,0.375,1,0,0,528,2841,984.8554924242425,1.5
20264,1.0,2460,2026-02-18T02:00,COMPLETA,452.7642,207.0,207.0,67.0,220.5,1,0.375,1,0,0,529,2846,983.1383742911154,1.5
20264,1.0,2461,2026-02-18T02:10,COMPLETA,474.3183,207.0,207.0,67.0,220.5,1,0.375,1,0,0,529,2846,983.1383742911154,1.5
20264,1.0,2462,2026-02-18T02:20,COMPLETA,558.0908,1136.25,207.0,101.0,331.5,2,0.2708333333333333,2,0,1,531,2862,982.7612052730697,1.5
20264,1.0,2463,2026-02-18T02:30,COMPLETA,515.9665,207.0,207.0,67.0,220.5,1,0.375,1,0,0,531,2862,982.7612052730697,1.5
20264,1.0,2464,2026-02-18T02:40,COMPLETA,514.026,207.75,207.0,107.0,340.5,1,0.7916666666666666,2,0,0,531,2862,982.7612052730697,1.5
20264,1.0,2465,2026-02-18T02:50,COMPLETA,546.2952,207.75,207.0,107.0,340.5,1,0.7916666666666666,2,0,0,531,2862,982.7612052730697,1.5
20264,1.0,2466,2026-02-18T03:00,COMPLETA,611.6957,820.1666666666666,207.0,164.0,486.0,2,0.4583333333333333,3,0,1,531,2862,982.7612052730697,1.5
20264,1.0,2467,2026-02-18T03:10,COMPLETA,538.5532,207.75,207.0,107.0,340.5,1,0.7916666666666666,2,0,0,531,2862,982.7612052730697,1.5
20264,1.0,2468,2026-02-18T03:20,COMPLETA,546.0623,207.75,207.0,107.0,340.5,1,0.7916666666666666,2,0,0,531,2862,982.7612052730697,1.5
20264,1.0,2469,2026-02-18T03:30,COMPLETA,638.5414,214.75,145.5,277.0,775.5,3,0.3888888888888889,4,0,1,532,2864,981.1582706766917,1.5
20264,1.0,2470,2026-02-18T03:40,COMPLETA,611.5492,237.83333333333334,207.0,243.0,664.5,2,0.5416666666666666,3,0,0,532,2864,981.1582706766917,1.5
20264,1.0,2471,2026-02-18T03:50,COMPLETA,614.8957,237.83333333333334,207.0,243.0,664.5,2,0.5416666666666666,3,0,0,533,2868,983.1926829268293,1.5
20264,1.0,2472,2026-02-18T04:00,COMPLETA,572.8622,237.83333333333334,207.0,243.0,664.5,2,0.5416666666666666,3,0,0,533,2868,983.1926829268293,1.5
20264,1.0,2473,2026-02-18T04:10,COMPLETA,607.1641,237.83333333333334,207.0,243.0,664.5,2,0.5416666666666666,3,0,0,533,2868,983.1926829268293,1.5
20264,1.0,2474,2026-02-18T04:20,COMPLETA,578.5744,237.83333333333334,207.0,243.0,664.5,2,0.5416666666666666,3,0,0,534,2877,981.7176029962548,1.5
20264,1.0,2475,2026-02-18T04:30,COMPLETA,751.3958,693.5,207.0,289.0,793.5,3,0.4166666666666667,4,0,1,535,2884,983.2321495327102,1.5
20264,1.0,2476,2026-02-18T04:40,COMPLETA,601.8296,237.83333333333334,207.0,243.0,664.5,2,0.5416666666666666,3,0,0,535,2884,983.2321495327102,1.5
20264,1.0,2477,2026-02-18T04:50,COMPLETA,575.0489,237.83333333333334,207.0,243.0,664.5,2,0.5416666666666666,3,0,0,536,2887,985.2130597014924,1.5
20264,1.0,2478,2026-02-18T05:00,COMPLETA,620.6702,237.83333333333334,207.0,243.0,664.5,2,0.5416666666666666,3,0,0,537,2889,983.6493482309124,1.5
20264,1.0,2479,2026-02-18T05:10,COMPLETA,594.4209,237.83333333333334,207.0,243.0,664.5,2,0.5416666666666666,3,0,0,537,2889,983.6493482309124,1.5
20264,1.0,2480,2026-02-18T05:20,COMPLETA,652.0781,237.83333333333334,207.0,243.0,664.5,2,0.5416666666666666,3,0,0,537,2889,983.6493482309124,1.5
20264,1.0,2481,2026-02-18T05:30,COMPLETA,624.3808,237.83333333333334,207.0,243.0,664.5,2,0.5416666666666666,3,0,0,537,2889,983.6493482309124,1.5
20264,1.0,2482,2026-02-18T05:40,COMPLETA,584.1259,237.83333333333334,207.0,243.0,664.5,2,0.5416666666666666,3,0,0,537,2889,983.6493482309124,1.5
20264,1.0,2483,2026-02-18T05:50,COMPLETA,676.4234,638.125,207.0,243.0,724.5,2,0.7291666666666666,4,0,0,537,2889,983.6493482309124,1.5
20264,1.0,2484,2026-02-18T06:00,COMPLETA,691.674,638.125,207.0,243.0,724.5,2,0.7291666666666666,4,0,0,537,2889,983.6493482309124,1.5
20264,1.0,2485,2026-02-18T06:10,COMPLETA,819.5518,763.3333333333334,83.0,366.0,1149.0,4,0.46875,6,0,0,538,2893,985.6509293680297,1.5
20264,1.0,2486,2026-02-18T06:20,COMPLETA,807.1311,763.3333333333334,83.0,366.0,1149.0,4,0.46875,6,0,0,538,2893,985.6509293680297,1.5
20264,1.0,2487,2026-02-18T06:30,COMPLETA,774.5729,763.3333333333334,83.0,366.0,1149.0,4,0.46875,6,0,0,538,2893,985.6509293680297,1.5
20264,1.0,2488,2026-02-18T06:40,COMPLETA,797.118,763.3333333333334,83.0,366.0,1149.0,4,0.46875,6,0,0,538,2893,985.6509293680297,1.5
20264,1.0,2489,2026-02-18T06:50,COMPLETA,857.9448,763.3333333333334,83.0,366.0,1149.0,4,0.46875,6,0,0,538,2893,985.6509293680297,1.5
20264,1.0,2490,2026-02-18T07:00,COMPLETA,1065.7651,950.8571428571429,83.0,386.0,1299.0,5,0.38333333333333336,7,0,5,538,2893,985.6509293680297,1.5
20264,1.0,2491,2026-02-18T07:10,SIN_DEMANDA,0,,,,,,,0,0,0,538,2893,985.6509293680297,1.5
20264,1.0,2492,2026-02-18T07:20,COMPLETA,800.6881,1527.5,1527.5,84.0,246.0,1,0.375,1,0,0,538,2893,985.6509293680297,1.5
20264,1.0,2493,2026-02-18T07:30,COMPLETA,802.9134,1527.5,1527.5,84.0,246.0,1,0.375,1,0,0,538,2893,985.6509293680297,1.5
20264,1.0,2494,2026-02-18T07:40,COMPLETA,784.746,1527.5,1527.5,84.0,246.0,1,0.375,1,0,0,538,2893,985.6509293680297,1.5
20264,1.0,2495,2026-02-18T07:50,COMPLETA,591.9245,1527.5,1527.5,84.0,246.0,1,0.375,1,0,0,538,2893,985.6509293680297,1.5
20264,1.0,2496,2026-02-18T08:00,COMPLETA,541.6441,1527.5,1527.5,84.0,246.0,1,0.375,1,0,0,538,2893,985.6509293680297,1.5
20264,1.0,2497,2026-02-18T08:10,COMPLETA,565.9185,1527.5,1527.5,84.0,246.0,1,0.375,1,0,0,538,2893,985.6509293680297,1.5
20264,1.0,2498,2026-02-18T08:20,COMPLETA,585.2561,841.25,155.0,112.0,408.0,2,0.25,2,0,1,539,2894,987.673840445269,1.5
20264,1.0,2499,2026-02-18T08:30,COMPLETA,754.0818,1260.0,992.5,110.0,405.0,2,0.20833333333333334,2,0,1,539,2894,987.673840445269,1.5
20264,1.0,2500,2026-02-18T08:40,COMPLETA,562.0649,1527.5,1527.5,84.0,246.0,1,0.375,1,0,0,540,2899,985.9985185185184,1.5
20264,1.0,2501,2026-02-18T08:50,COMPLETA,540.2752,1527.5,1527.5,84.0,246.0,1,0.375,1,0,0,540,2899,985.9985185185184,1.5
20264,1.0,2502,2026-02-18T09:00,COMPLETA,686.7618,1079.6666666666667,212.5,208.0,612.0,2,0.4375,3,0,0,541,2908,984.5585951940849,1.5
20264,1.0,2503,2026-02-18T09:10,COMPLETA,693.2752,1079.6666666666667,212.5,208.0,612.0,2,0.4375,3,0,0,541,2908,984.5585951940849,1.5
20264,1.0,2504,2026-02-18T09:20,COMPLETA,834.6728,1195.375,212.5,257.0,745.5,2,0.6041666666666666,4,0,0,541,2908,984.5585951940849,1.5
20264,1.0,2505,2026-02-18T09:30,COMPLETA,801.0439,1195.375,212.5,257.0,745.5,2,0.6041666666666666,4,0,0,541,2908,984.5585951940849,1.5
20264,1.0,2506,2026-02-18T09:40,COMPLETA,835.8512,1195.375,212.5,257.0,745.5,2,0.6041666666666666,4,0,0,542,2913,986.3297047970478,1.5
20264,1.0,2507,2026-02-18T09:50,COMPLETA,1139.492,1322.4,446.5,362.0,1023.0,3,0.4722222222222222,5,0,0,544,2917,984.8128676470587,1.5
20264,1.0,2508,2026-02-18T10:00,COMPLETA,1153.7653,1322.4,446.5,362.0,1023.0,3,0.4722222222222222,5,0,0,544,2917,984.8128676470587,1.5
20264,1.0,2509,2026-02-18T10:10,COMPLETA,1078.2412,1322.4,446.5,362.0,1023.0,3,0.4722222222222222,5,0,0,545,2926,986.4902752293577,1.5
20264,1.0,2510,2026-02-18T10:20,COMPLETA,1105.5294,1322.4,446.5,362.0,1023.0,3,0.4722222222222222,5,0,0,545,2926,986.4902752293577,1.5
20264,1.0,2511,2026-02-18T10:30,COMPLETA,1450.7169,1439.5,479.5,429.0,1183.5,4,0.4375,6,0,1,545,2926,986.4902752293577,1.5
20264,1.0,2512,2026-02-18T10:40,COMPLETA,1280.3278,1540.3,1436.0,291.0,856.5,2,0.7708333333333334,5,0,0,545,2926,986.4902752293577,1.5
20264,1.0,2513,2026-02-18T10:50,COMPLETA,1331.0739,1540.3,1436.0,291.0,856.5,2,0.7708333333333334,5,0,0,545,2926,986.4902752293577,1.5
20264,1.0,2514,2026-02-18T11:00,COMPLETA,1681.215,1500.8333333333333,841.5,385.0,1057.5,3,0.5833333333333334,6,0,1,545,2926,986.4902752293577,1.5
20264,1.0,2515,2026-02-18T11:10,COMPLETA,1024.5109,1541.375,1494.5,289.0,793.5,2,0.6041666666666666,4,0,0,546,2936,985.0653846153846,1.5
20264,1.0,2516,2026-02-18T11:20,COMPLETA,981.6417,1541.375,1494.5,289.0,793.5,2,0.6041666666666666,4,0,0,546,2936,985.0653846153846,1.5
20264,1.0,2517,2026-02-18T11:30,COMPLETA,1170.3761,1273.0,136.5,309.0,943.5,3,0.5416666666666666,5,0,0,547,2943,983.699634369287,1.5
20264,1.0,2518,2026-02-18T11:40,COMPLETA,1194.9136,1273.0,136.5,309.0,943.5,3,0.5416666666666666,5,0,0,547,2943,983.699634369287,1.5
20264,1.0,2519,2026-02-18T11:50,COMPLETA,1152.7112,1082.857142857143,136.5,386.0,1179.0,4,0.46875,7,0,1,547,2943,983.699634369287,1.5
20264,1.0,2520,2026-02-18T12:00,COMPLETA,1103.2581,1157.6666666666667,136.5,362.0,1083.0,3,0.6111111111111112,6,0,0,547,2943,983.699634369287,1.5
20264,1.0,2521,2026-02-18T12:10,COMPLETA,1292.3935,1189.6666666666667,276.0,387.0,1120.5,4,0.4583333333333333,6,0,0,547,2943,983.699634369287,1.5
20264,1.0,2522,2026-02-18T12:20,COMPLETA,1352.2727,1291.5,276.0,494.0,1341.0,5,0.45,7,0,0,547,2943,983.699634369287,1.5
20264,1.0,2523,2026-02-18T12:30,COMPLETA,1292.301,1291.5,276.0,494.0,1341.0,5,0.45,7,0,0,547,2943,983.699634369287,1.5
20264,1.0,2524,2026-02-18T12:40,COMPLETA,1476.9115,1291.5,276.0,494.0,1341.0,5,0.45,7,0,1,547,2943,983.699634369287,1.5
20264,1.0,2525,2026-02-18T12:50,COMPLETA,1136.0751,1454.0,702.5,341.0,1051.5,3,0.6111111111111112,6,0,0,547,2943,983.699634369287,1.5
20264,1.0,2526,2026-02-18T13:00,COMPLETA,1417.9658,1543.2857142857142,702.5,369.0,1153.5,4,0.4791666666666667,7,0,1,548,2948,982.7795620437955,1.5
20264,1.0,2527,2026-02-18T13:10,COMPLETA,1134.7501,1454.0,702.5,341.0,1051.5,3,0.6111111111111112,6,0,0,549,2949,982.1442622950818,1.5
20264,1.0,2528,2026-02-18T13:20,COMPLETA,1161.5831,1454.0,702.5,341.0,1051.5,3,0.6111111111111112,6,0,0,550,2957,983.9803636363636,1.5
20264,1.0,2529,2026-02-18T13:30,COMPLETA,1152.5723,1454.0,702.5,341.0,1051.5,3,0.6111111111111112,6,0,0,550,2957,983.9803636363636,1.5
20264,1.0,2530,2026-02-18T13:40,COMPLETA,1135.4741,1454.0,702.5,341.0,1051.5,3,0.6111111111111112,6,0,0,550,2957,983.9803636363636,1.5
20264,1.0,2531,2026-02-18T13:50,COMPLETA,1126.7289,1454.0,702.5,341.0,1051.5,3,0.6111111111111112,6,0,0,550,2957,983.9803636363636,1.5
20264,1.0,2532,2026-02-18T14:00,COMPLETA,1121.4506,1454.0,702.5,341.0,1051.5,3,0.6111111111111112,6,0,0,550,2957,983.9803636363636,1.5
20264,1.0,2533,2026-02-18T14:10,COMPLETA,1086.9337,1454.0,702.5,341.0,1051.5,3,0.6111111111111112,6,0,0,550,2957,983.9803636363636,1.5
20264,1.0,2534,2026-02-18T14:20,COMPLETA,1082.0887,1454.0,702.5,341.0,1051.5,3,0.6111111111111112,6,0,0,550,2957,983.9803636363636,1.5
20264,1.0,2535,2026-02-18T14:30,COMPLETA,1116.4089,1454.0,702.5,341.0,1051.5,3,0.6111111111111112,6,0,0,551,2959,985.9676950998185,1.5
20264,1.0,2536,2026-02-18T14:40,COMPLETA,1127.0698,1454.0,702.5,341.0,1051.5,3,0.6111111111111112,6,0,0,551,2959,985.9676950998185,1.5
20264,1.0,2537,2026-02-18T14:50,COMPLETA,1089.3638,1454.0,702.5,341.0,1051.5,3,0.6111111111111112,6,0,0,552,2969,984.6815217391304,1.5
20264,1.0,2538,2026-02-18T15:00,COMPLETA,1160.9676,1454.0,702.5,341.0,1051.5,3,0.6111111111111112,6,0,2,553,2974,984.4226039783001,1.5
20264,1.0,2539,2026-02-18T15:10,COMPLETA,507.5665,908.0,384.5,76.0,354.0,2,0.25,2,0,1,553,2974,984.4226039783001,1.5
20264,1.0,2540,2026-02-18T15:20,COMPLETA,516.9887,1431.5,1431.5,38.0,177.0,1,0.4166666666666667,1,0,0,553,2974,984.4226039783001,1.5
20264,1.0,2541,2026-02-18T15:30,COMPLETA,549.5254,923.0,414.5,93.0,470.0,1,0.625,2,0,0,553,2974,984.4226039783001,1.5
20264,1.0,2542,2026-02-18T15:40,COMPLETA,569.4641,923.0,414.5,93.0,470.0,1,0.625,2,0,0,553,2974,984.4226039783001,1.5
20264,1.0,2543,2026-02-18T15:50,COMPLETA,632.1485,923.0,414.5,93.0,470.0,1,0.625,2,0,0,553,2974,984.4226039783001,1.5
20264,1.0,2544,2026-02-18T16:00,COMPLETA,562.8915,631.5,48.5,211.0,767.0,2,0.4791666666666667,3,0,1,553,2974,984.4226039783001,1.5
20264,1.0,2545,2026-02-18T16:10,COMPLETA,636.1384,1305.8333333333333,414.5,131.0,647.0,2,0.3333333333333333,3,0,1,553,2974,984.4226039783001,1.5
20264,1.0,2546,2026-02-18T16:20,COMPLETA,556.2801,923.0,414.5,93.0,470.0,1,0.625,2,0,0,553,2974,984.4226039783001,1.5
20264,1.0,2547,2026-02-18T16:30,COMPLETA,520.9492,923.0,414.5,93.0,470.0,1,0.625,2,0,0,553,2974,984.4226039783001,1.5
20264,1.0,2548,2026-02-18T16:40,COMPLETA,633.0272,923.0,414.5,93.0,470.0,1,0.625,2,0,0,554,2976,983.3397111913357,1.5
20264,1.0,2549,2026-02-18T16:50,COMPLETA,571.5708,923.0,414.5,93.0,470.0,1,0.625,2,0,0,555,2985,984.4255855855855,1.5
20264,1.0,2550,2026-02-18T17:00,COMPLETA,550.2871,923.0,414.5,93.0,470.0,1,0.625,2,0,0,555,2985,984.4255855855855,1.5
20264,1.0,2551,2026-02-18T17:10,COMPLETA,557.3666,923.0,414.5,93.0,470.0,1,0.625,2,0,0,555,2985,984.4255855855855,1.5
20264,1.0,2552,2026-02-18T17:20,COMPLETA,578.904,1308.5,414.5,119.0,569.0,2,0.3958333333333333,3,0,1,555,2985,984.4255855855855,1.5
20264,1.0,2553,2026-02-18T17:30,COMPLETA,548.6895,923.0,414.5,93.0,470.0,1,0.625,2,0,0,555,2985,984.4255855855855,1.5
20264,1.0,2554,2026-02-18T17:40,COMPLETA,582.7819,923.0,414.5,93.0,470.0,1,0.625,2,0,0,556,2986,986.3807553956834,1.5
20264,1.0,2555,2026-02-18T17:50,COMPLETA,553.8044,923.0,414.5,93.0,470.0,1,0.625,2,0,0,556,2986,986.3807553956834,1.5
20264,1.0,2556,2026-02-18T18:00,COMPLETA,552.8182,923.0,414.5,93.0,470.0,1,0.625,2,0,0,557,2991,985.8710951526032,1.5
20264,1.0,2557,2026-02-18T18:10,COMPLETA,572.6981,923.0,414.5,93.0,470.0,1,0.625,2,0,0,557,2991,985.8710951526032,1.5
20264,1.0,2558,2026-02-18T18:20,COMPLETA,733.7741,923.0,414.5,93.0,470.0,1,0.625,2,0,0,558,2996,987.0514336917562,1.5
20264,1.0,2559,2026-02-18T18:30,COMPLETA,771.1984,923.0,414.5,93.0,470.0,1,0.625,2,0,0,558,2996,987.0514336917562,1.5
20264,1.0,2560,2026-02-18T18:40,COMPLETA,719.29,923.0,414.5,93.0,470.0,1,0.625,2,0,0,559,3000,989.00572450805,1.5
20264,1.0,2561,2026-02-18T18:50,COMPLETA,707.9264,635.6666666666666,44.5,262.0,753.0,3,0.2777777777777778,3,0,0,559,3000,989.00572450805,1.5
20264,1.0,2562,2026-02-18T19:00,COMPLETA,584.0149,635.6666666666666,44.5,262.0,753.0,3,0.2777777777777778,3,0,0,559,3000,989.00572450805,1.5
20264,1.0,2563,2026-02-18T19:10,COMPLETA,684.0458,460.5,44.5,346.0,1106.0,3,0.4027777777777778,4,0,0,560,3008,987.32625,1.5
20264,1.0,2564,2026-02-18T19:20,COMPLETA,753.5335,460.5,44.5,346.0,1106.0,3,0.4027777777777778,4,0,0,560,3008,987.32625,1.5
20264,1.0,2565,2026-02-18T19:30,COMPLETA,708.9718,460.5,44.5,346.0,1106.0,3,0.4027777777777778,4,0,0,560,3008,987.32625,1.5
20264,1.0,2566,2026-02-18T19:40,COMPLETA,693.1143,460.5,44.5,346.0,1106.0,3,0.4027777777777778,4,0,0,560,3008,987.32625,1.5
20264,1.0,2567,2026-02-18T19:50,COMPLETA,704.8625,460.5,44.5,346.0,1106.0,3,0.4027777777777778,4,0,0,560,3008,987.32625,1.5
20264,1.0,2568,2026-02-18T20:00,COMPLETA,729.5235,460.5,44.5,346.0,1106.0,3,0.4027777777777778,4,0,0,560,3008,987.32625,1.5
20264,1.0,2569,2026-02-18T20:10,COMPLETA,786.6017,460.5,44.5,346.0,1106.0,3,0.4027777777777778,4,0,0,560,3008,987.32625,1.5
20264,1.0,2570,2026-02-18T20:20,COMPLETA,701.7248,460.5,44.5,346.0,1106.0,3,0.4027777777777778,4,0,0,560,3008,987.32625,1.5
20264,1.0,2571,2026-02-18T20:30,COMPLETA,801.7474,778.1,44.5,404.0,1253.0,4,0.3229166666666667,5,0,1,562,3023,989.0991103202846,1.5
20264,1.0,2572,2026-02-18T20:40,COMPLETA,695.1286,460.5,44.5,346.0,1106.0,3,0.4027777777777778,4,0,0,562,3023,989.0991103202846,1.5
20264,1.0,2573,2026-02-18T20:50,COMPLETA,769.7105,460.5,44.5,346.0,1106.0,3,0.4027777777777778,4,0,0,562,3023,989.0991103202846,1.5
20264,1.0,2574,2026-02-18T21:00,COMPLETA,880.6623,524.75,103.0,391.0,1293.5,5,0.2833333333333333,6,0,2,562,3023,989.0991103202846,1.5
20264,1.0,2575,2026-02-18T21:10,COMPLETA,697.1683,453.75,17.5,346.0,1106.0,3,0.4027777777777778,4,0,0,562,3023,989.0991103202846,1.5
20264,1.0,2576,2026-02-18T21:20,COMPLETA,689.6781,453.75,17.5,346.0,1106.0,3,0.4027777777777778,4,0,0,562,3023,989.0991103202846,1.5
20264,1.0,2577,2026-02-18T21:30,COMPLETA,717.7706,453.75,17.5,346.0,1106.0,3,0.4027777777777778,4,0,0,562,3023,989.0991103202846,1.5
20264,1.0,2578,2026-02-18T21:40,COMPLETA,772.5546,453.75,17.5,346.0,1106.0,3,0.4027777777777778,4,0,0,562,3023,989.0991103202846,1.5
20264,1.0,2579,2026-02-18T21:50,COMPLETA,718.9262,453.75,17.5,346.0,1106.0,3,0.4027777777777778,4,0,0,562,3023,989.0991103202846,1.5
20264,1.0,2580,2026-02-18T22:00,COMPLETA,701.3126,453.75,17.5,346.0,1106.0,3,0.4027777777777778,4,0,0,562,3023,989.0991103202846,1.5
20264,1.0,2581,2026-02-18T22:10,COMPLETA,680.1122,453.75,17.5,346.0,1106.0,3,0.4027777777777778,4,0,0,562,3023,989.0991103202846,1.5
20264,1.0,2582,2026-02-18T22:20,COMPLETA,880.8088,765.4,17.5,395.0,1132.5,4,0.375,5,0,0,564,3026,990.3523049645389,1.5
20264,1.0,2583,2026-02-18T22:30,COMPLETA,817.459,765.4,17.5,395.0,1132.5,4,0.375,5,0,0,564,3026,990.3523049645389,1.5
20264,1.0,2584,2026-02-18T22:40,COMPLETA,780.3288,765.4,17.5,395.0,1132.5,4,0.375,5,0,0,564,3026,990.3523049645389,1.5
20264,1.0,2585,2026-02-18T22:50,COMPLETA,807.8756,765.4,17.5,395.0,1132.5,4,0.375,5,0,0,565,3030,989.6817699115044,1.5
20264,1.0,2586,2026-02-18T23:00,COMPLETA,869.039,765.4,17.5,395.0,1132.5,4,0.375,5,0,3,565,3030,989.6817699115044,1.5
20264,1.0,2587,2026-02-18T23:10,COMPLETA,428.101,17.5,17.5,102.0,273.0,1,0.20833333333333334,1,0,0,565,3030,989.6817699115044,1.5
20264,1.0,2588,2026-02-18T23:20,COMPLETA,456.6395,17.5,17.5,102.0,273.0,1,0.20833333333333334,1,0,1,565,3030,989.6817699115044,1.5
20264,1.0,2589,2026-02-18T23:30,COMPLETA,528.117,141.5,141.5,73.0,229.5,1,0.20833333333333334,1,0,0,565,3030,989.6817699115044,1.5
20264,1.0,2590,2026-02-18T23:40,COMPLETA,513.8546,141.5,141.5,73.0,229.5,1,0.20833333333333334,1,0,0,565,3030,989.6817699115044,1.5
20264,1.0,2591,2026-02-18T23:50,COMPLETA,481.4438,141.5,141.5,73.0,229.5,1,0.20833333333333334,1,0,0,565,3030,989.6817699115044,1.5
20264,1.0,2592,2026-02-19T00:00,COMPLETA,549.3124,141.5,141.5,73.0,229.5,1,0.20833333333333334,1,0,0,565,3030,989.6817699115044,1.5
20264,1.0,2593,2026-02-19T00:10,COMPLETA,549.4963,141.5,141.5,73.0,229.5,1,0.20833333333333334,1,0,0,565,3030,989.6817699115044,1.5
20264,1.0,2594,2026-02-19T00:20,COMPLETA,480.9611,141.5,141.5,73.0,229.5,1,0.20833333333333334,1,0,0,565,3030,989.6817699115044,1.5
20264,1.0,2595,2026-02-19T00:30,COMPLETA,533.2056,152.25,81.5,73.0,289.5,1,0.4166666666666667,2,0,0,565,3030,989.6817699115044,1.5
20264,1.0,2596,2026-02-19T00:40,COMPLETA,596.7654,229.16666666666666,141.5,208.0,672.0,3,0.25,3,0,0,565,3030,989.6817699115044,1.5
20264,1.0,2597,2026-02-19T00:50,COMPLETA,594.6962,229.16666666666666,141.5,208.0,672.0,3,0.25,3,0,0,565,3030,989.6817699115044,1.5
20264,1.0,2598,2026-02-19T01:00,COMPLETA,657.0504,229.16666666666666,141.5,208.0,672.0,3,0.25,3,0,0,565,3030,989.6817699115044,1.5
20264,1.0,2599,2026-02-19T01:10,COMPLETA,801.4375,270.5,141.5,242.0,783.0,4,0.20833333333333334,4,0,1,567,3044,987.2781305114638,1.5
20264,1.0,2600,2026-02-19T01:20,COMPLETA,584.7833,229.16666666666666,141.5,208.0,672.0,3,0.25,3,0,0,567,3044,987.2781305114638,1.5
20264,1.0,2601,2026-02-19T01:30,COMPLETA,593.3158,229.16666666666666,141.5,208.0,672.0,3,0.25,3,0,0,567,3044,987.2781305114638,1.5
20264,1.0,2602,2026-02-19T01:40,COMPLETA,646.6332,229.16666666666666,141.5,208.0,672.0,3,0.25,3,0,0,567,3044,987.2781305114638,1.5
20264,1.0,2603,2026-02-19T01:50,COMPLETA,589.5531,229.16666666666666,141.5,208.0,672.0,3,0.25,3,0,0,568,3051,988.9686619718309,1.5
20264,1.0,2604,2026-02-19T02:00,COMPLETA,646.1127,229.16666666666666,141.5,208.0,672.0,3,0.25,3,0,0,568,3051,988.9686619718309,1.5
20264,1.0,2605,2026-02-19T02:10,COMPLETA,607.4723,129.0,23.5,210.0,675.0,3,0.3611111111111111,4,0,0,568,3051,988.9686619718309,1.5
20264,1.0,2606,2026-02-19T02:20,COMPLETA,692.4666,213.3,23.5,335.0,982.5,5,0.275,5,0,1,568,3051,988.9686619718309,1.5
20264,1.0,2607,2026-02-19T02:30,COMPLETA,888.9898,499.4166666666667,23.5,451.0,1216.5,6,0.2638888888888889,6,0,1,569,3056,987.2613356766255,1.5
20264,1.0,2608,2026-02-19T02:40,COMPLETA,868.7165,191.3,23.5,379.0,1048.5,5,0.2833333333333333,5,0,0,570,3058,986.2214035087718,1.5
20264,1.0,2609,2026-02-19T02:50,COMPLETA,758.8103,191.3,23.5,379.0,988.5,5,0.2833333333333333,5,0,1,570,3058,986.2214035087718,1.5
20264,1.0,2610,2026-02-19T03:00,COMPLETA,695.2169,139.125,23.5,289.0,793.5,4,0.3020833333333333,4,0,0,570,3058,986.2214035087718,1.5
20264,1.0,2611,2026-02-19T03:10,COMPLETA,714.0128,139.125,23.5,289.0,793.5,4,0.3020833333333333,4,0,1,570,3058,986.2214035087718,1.5
20264,1.0,2612,2026-02-19T03:20,COMPLETA,947.0889,573.0,77.0,270.0,825.0,3,0.4027777777777778,4,0,0,570,3058,986.2214035087718,1.5
20264,1.0,2613,2026-02-19T03:30,COMPLETA,846.1852,564.75,77.0,292.0,798.0,3,0.4027777777777778,4,0,0,570,3058,986.2214035087718,1.5
20264,1.0,2614,2026-02-19T03:40,COMPLETA,835.6036,564.75,77.0,292.0,798.0,3,0.4027777777777778,4,0,0,571,3068,986.6754816112083,1.5
20264,1.0,2615,2026-02-19T03:50,COMPLETA,832.9668,564.75,77.0,292.0,798.0,3,0.4027777777777778,4,0,0,571,3068,986.6754816112083,1.5
20264,1.0,2616,2026-02-19T04:00,COMPLETA,867.5937,564.75,77.0,292.0,798.0,3,0.4027777777777778,4,0,1,571,3068,986.6754816112083,1.5
20264,1.0,2617,2026-02-19T04:10,COMPLETA,774.2027,710.8333333333334,77.0,221.0,631.5,2,0.4375,3,0,0,571,3068,986.6754816112083,1.5
20264,1.0,2618,2026-02-19T04:20,COMPLETA,769.694,710.8333333333334,77.0,221.0,631.5,2,0.4375,3,0,0,571,3068,986.6754816112083,1.5
20264,1.0,2619,2026-02-19T04:30,COMPLETA,1019.2702,562.125,5.0,229.0,703.5,2,0.6041666666666666,4,0,0,572,3072,988.516958041958,1.5
20264,1.0,2620,2026-02-19T04:40,COMPLETA,1468.7187,868.3,83.0,330.0,975.0,4,0.3854166666666667,5,0,0,573,3079,987.3886561954624,1.5
20264,1.0,2621,2026-02-19T04:50,COMPLETA,1596.5601,764.1666666666666,69.5,281.0,1183.0,3,0.5972222222222222,6,0,0,573,3079,987.3886561954624,1.5
20264,1.0,2622,2026-02-19T05:00,COMPLETA,1603.0157,764.1666666666666,69.5,281.0,1183.0,3,0.5972222222222222,6,0,0,573,3079,987.3886561954624,1.5
20264,1.0,2623,2026-02-19T05:10,COMPLETA,1534.5619,764.1666666666666,69.5,281.0,1183.0,3,0.5972222222222222,6,0,0,573,3079,987.3886561954624,1.5
20264,1.0,2624,2026-02-19T05:20,COMPLETA,1865.9588,906.2142857142857,69.5,312.0,1068.0,3,0.7083333333333334,7,0,0,573,3079,987.3886561954624,1.5
20264,1.0,2625,2026-02-19T05:30,COMPLETA,1819.6161,906.2142857142857,69.5,312.0,1068.0,3,0.7083333333333334,7,0,0,573,3079,987.3886561954624,1.5
20264,1.0,2626,2026-02-19T05:40,COMPLETA,1910.9427,906.2142857142857,69.5,312.0,1068.0,3,0.7083333333333334,7,0,0,573,3079,987.3886561954624,1.5
20264,1.0,2627,2026-02-19T05:50,COMPLETA,1935.5885,906.2142857142857,69.5,312.0,1068.0,3,0.7083333333333334,7,0,0,575,3092,984.6907826086956,1.5
20264,1.0,2628,2026-02-19T06:00,COMPLETA,2227.5361,841.0625,78.5,419.0,1408.5,5,0.5,8,0,0,575,3092,984.6907826086956,1.5
20264,1.0,2629,2026-02-19T06:10,COMPLETA,2232.4085,841.0625,78.5,419.0,1408.5,5,0.5,8,0,0,575,3092,984.6907826086956,1.5
20264,1.0,2630,2026-02-19T06:20,COMPLETA,2276.5582,841.0625,78.5,419.0,1408.5,5,0.5,8,0,0,575,3092,984.6907826086956,1.5
20264,1.0,2631,2026-02-19T06:30,COMPLETA,2239.2054,841.0625,78.5,419.0,1408.5,5,0.5,8,0,0,576,3100,983.2008680555555,1.5
20264,1.0,2632,2026-02-19T06:40,COMPLETA,2243.27,841.0625,78.5,419.0,1408.5,5,0.5,8,0,0,576,3100,983.2008680555555,1.5
20264,1.0,2633,2026-02-19T06:50,COMPLETA,2197.4754,841.0625,78.5,419.0,1408.5,5,0.5,8,0,0,576,3100,983.2008680555555,1.5
20264,1.0,2634,2026-02-19T07:00,COMPLETA,2104.7672,841.0625,78.5,419.0,1408.5,5,0.5,8,0,5,576,3100,983.2008680555555,1.5
20264,1.0,2635,2026-02-19T07:10,SIN_DEMANDA,0,,,,,,,0,0,0,576,3100,983.2008680555555,1.5
20264,1.0,2636,2026-02-19T07:20,COMPLETA,446.8789,393.0,393.0,36.0,174.0,1,0.16666666666666666,1,0,1,576,3100,983.2008680555555,1.5
20264,1.0,2637,2026-02-19T07:30,SIN_DEMANDA,0,,,,,,,0,0,0,576,3100,983.2008680555555,1.5
20264,1.0,2638,2026-02-19T07:40,COMPLETA,629.0095,1823.0,1823.0,39.0,178.5,1,0.2916666666666667,1,0,0,576,3100,983.2008680555555,1.5
20264,1.0,2639,2026-02-19T07:50,COMPLETA,671.2624,975.25,393.0,130.0,435.0,2,0.2708333333333333,2,0,0,576,3100,983.2008680555555,1.5
20264,1.0,2640,2026-02-19T08:00,COMPLETA,805.6791,964.6666666666666,393.0,194.0,651.0,3,0.20833333333333334,3,0,1,576,3100,983.2008680555555,1.5
20264,1.0,2641,2026-02-19T08:10,COMPLETA,729.8155,766.5,349.0,183.0,634.5,3,0.20833333333333334,3,0,1,576,3100,983.2008680555555,1.5
20264,1.0,2642,2026-02-19T08:20,COMPLETA,883.1904,684.1666666666666,162.0,130.0,495.0,2,0.4583333333333333,3,0,0,576,3100,983.2008680555555,1.5
20264,1.0,2643,2026-02-19T08:30,COMPLETA,771.3772,684.1666666666666,162.0,130.0,495.0,2,0.4583333333333333,3,0,0,577,3108,984.838301559792,1.5
20264,1.0,2644,2026-02-19T08:40,COMPLETA,781.7868,684.1666666666666,162.0,130.0,495.0,2,0.4583333333333333,3,0,0,577,3108,984.838301559792,1.5
20264,1.0,2645,2026-02-19T08:50,COMPLETA,775.6647,684.1666666666666,162.0,130.0,495.0,2,0.4583333333333333,3,0,0,579,3121,982.6531951640759,1.5
20264,1.0,2646,2026-02-19T09:00,COMPLETA,762.8821,684.1666666666666,162.0,130.0,495.0,2,0.4583333333333333,3,0,0,579,3121,982.6531951640759,1.5
20264,1.0,2647,2026-02-19T09:10,COMPLETA,804.0024,684.1666666666666,162.0,130.0,495.0,2,0.4583333333333333,3,0,0,579,3121,982.6531951640759,1.5
20264,1.0,2648,2026-02-19T09:20,COMPLETA,751.6125,684.1666666666666,162.0,130.0,495.0,2,0.4583333333333333,3,0,0,579,3121,982.6531951640759,1.5
20264,1.0,2649,2026-02-19T09:30,COMPLETA,757.5168,684.1666666666666,162.0,130.0,495.0,2,0.4583333333333333,3,0,0,581,3137,985.6234079173837,1.5
20264,1.0,2650,2026-02-19T09:40,COMPLETA,816.191,519.125,24.0,152.0,648.0,3,0.4166666666666667,4,0,0,582,3143,984.6756013745704,1.5
20264,1.0,2651,2026-02-19T09:50,COMPLETA,827.1096,519.125,24.0,152.0,648.0,3,0.4166666666666667,4,0,0,582,3143,984.6756013745704,1.5
20264,1.0,2652,2026-02-19T10:00,COMPLETA,790.5582,519.125,24.0,152.0,648.0,3,0.4166666666666667,4,0,0,582,3143,984.6756013745704,1.5
20264,1.0,2653,2026-02-19T10:10,COMPLETA,815.9641,519.125,24.0,152.0,648.0,3,0.4166666666666667,4,0,0,583,3148,983.1212692967409,1.5
20264,1.0,2654,2026-02-19T10:20,COMPLETA,790.2598,519.125,24.0,152.0,648.0,3,0.4166666666666667,4,0,0,585,3152,981.9695726495726,1.5
20264,1.0,2655,2026-02-19T10:30,COMPLETA,754.6636,519.125,24.0,152.0,648.0,3,0.4166666666666667,4,0,0,586,3160,980.4892491467576,1.5
20264,1.0,2656,2026-02-19T10:40,COMPLETA,752.9606,519.125,24.0,152.0,648.0,3,0.4166666666666667,4,0,0,586,3160,980.4892491467576,1.5
20264,1.0,2657,2026-02-19T10:50,COMPLETA,754.1885,519.125,24.0,152.0,648.0,3,0.4166666666666667,4,0,0,586,3160,980.4892491467576,1.5
20264,1.0,2658,2026-02-19T11:00,COMPLETA,918.6923,727.9,24.0,192.0,768.0,3,0.5,5,0,0,586,3160,980.4892491467576,1.5
20264,1.0,2659,2026-02-19T11:10,COMPLETA,1007.5219,666.75,24.0,264.0,876.0,4,0.3958333333333333,6,0,1,586,3160,980.4892491467576,1.5
20264,1.0,2660,2026-02-19T11:20,COMPLETA,971.7329,768.6666666666666,24.0,246.0,849.0,4,0.3958333333333333,6,0,1,586,3160,980.4892491467576,1.5
20264,1.0,2661,2026-02-19T11:30,COMPLETA,933.5957,789.5,24.0,202.0,665.5,3,0.5,5,0,1,586,3160,980.4892491467576,1.5
20264,1.0,2662,2026-02-19T11:40,COMPLETA,956.38,907.0,24.0,199.0,658.5,3,0.3888888888888889,4,0,0,587,3168,979.1102214650766,1.5
20264,1.0,2663,2026-02-19T11:50,COMPLETA,937.5815,907.0,24.0,199.0,658.5,3,0.3888888888888889,4,0,1,587,3168,979.1102214650766,1.5
20264,1.0,2664,2026-02-19T12:00,COMPLETA,845.3917,1201.3333333333333,272.0,177.0,565.5,2,0.4166666666666667,3,0,0,587,3168,979.1102214650766,1.5
20264,1.0,2665,2026-02-19T12:10,COMPLETA,931.477,1201.3333333333333,272.0,177.0,565.5,2,0.4166666666666667,3,0,0,587,3168,979.1102214650766,1.5
20264,1.0,2666,2026-02-19T12:20,COMPLETA,947.4841,1201.3333333333333,272.0,177.0,565.5,2,0.4166666666666667,3,0,0,587,3168,979.1102214650766,1.5
20264,1.0,2667,2026-02-19T12:30,COMPLETA,895.1982,1201.3333333333333,272.0,177.0,565.5,2,0.4166666666666667,3,0,0,587,3168,979.1102214650766,1.5
20264,1.0,2668,2026-02-19T12:40,COMPLETA,887.0983,1201.3333333333333,272.0,177.0,565.5,2,0.4166666666666667,3,0,0,587,3168,979.1102214650766,1.5
20264,1.0,2669,2026-02-19T12:50,COMPLETA,978.8376,1201.3333333333333,272.0,177.0,565.5,2,0.4166666666666667,3,0,0,587,3168,979.1102214650766,1.5
20264,1.0,2670,2026-02-19T13:00,COMPLETA,835.7626,901.75,231.0,223.0,694.5,2,0.6041666666666666,4,0,0,587,3168,979.1102214650766,1.5
20264,1.0,2671,2026-02-19T13:10,COMPLETA,982.1478,803.0,200.0,207.0,733.0,2,0.7083333333333334,5,0,0,591,3189,975.50372250423,1.5
20264,1.0,2672,2026-02-19T13:20,COMPLETA,973.1218,803.0,200.0,207.0,733.0,2,0.7083333333333334,5,0,0,591,3189,975.50372250423,1.5
20264,1.0,2673,2026-02-19T13:30,COMPLETA,1021.5926,803.0,200.0,207.0,733.0,2,0.7083333333333334,5,0,0,591,3189,975.50372250423,1.5
20264,1.0,2674,2026-02-19T13:40,COMPLETA,943.3854,803.0,200.0,207.0,733.0,2,0.7083333333333334,5,0,0,591,3189,975.50372250423,1.5
20264,1.0,2675,2026-02-19T13:50,COMPLETA,925.7441,803.0,200.0,207.0,733.0,2,0.7083333333333334,5,0,0,591,3189,975.50372250423,1.5
20264,1.0,2676,2026-02-19T14:00,COMPLETA,1025.9527,694.9166666666666,71.0,347.0,1120.5,4,0.4166666666666667,6,0,0,591,3189,975.50372250423,1.5
20264,1.0,2677,2026-02-19T14:10,COMPLETA,996.5581,694.9166666666666,71.0,347.0,1120.5,4,0.4166666666666667,6,0,0,591,3189,975.50372250423,1.5
20264,1.0,2678,2026-02-19T14:20,COMPLETA,957.5302,694.9166666666666,71.0,347.0,1120.5,4,0.4166666666666667,6,0,0,591,3189,975.50372250423,1.5
20264,1.0,2679,2026-02-19T14:30,COMPLETA,1020.409,694.9166666666666,71.0,347.0,1120.5,4,0.4166666666666667,6,0,0,591,3189,975.50372250423,1.5
20264,1.0,2680,2026-02-19T14:40,COMPLETA,1006.8402,694.9166666666666,71.0,347.0,1120.5,4,0.4166666666666667,6,0,0,592,3195,974.3778716216216,1.5
20264,1.0,2681,2026-02-19T14:50,COMPLETA,1018.3856,694.9166666666666,71.0,347.0,1120.5,4,0.4166666666666667,6,0,0,592,3195,974.3778716216216,1.5
20264,1.0,2682,2026-02-19T15:00,COMPLETA,983.4329,694.9166666666666,71.0,347.0,1120.5,4,0.4166666666666667,6,0,3,592,3195,974.3778716216216,1.5
20264,1.0,2683,2026-02-19T15:10,COMPLETA,737.7624,276.0,200.0,91.0,376.5,1,0.875,3,0,1,592,3195,974.3778716216216,1.5
20264,1.0,2684,2026-02-19T15:20,SIN_DEMANDA,0,,,,,,,0,0,0,592,3195,974.3778716216216,1.5
20264,1.0,2685,2026-02-19T15:30,SIN_DEMANDA,0,,,,,,,0,0,0,592,3195,974.3778716216216,1.5
20264,1.0,2686,2026-02-19T15:40,SIN_DEMANDA,0,,,,,,,0,0,0,592,3195,974.3778716216216,1.5
20264,1.0,2687,2026-02-19T15:50,SIN_DEMANDA,0,,,,,,,0,0,0,592,3195,974.3778716216216,1.5
20264,1.0,2688,2026-02-19T16:00,SIN_DEMANDA,0,,,,,,,0,0,0,592,3195,974.3778716216216,1.5
20264,1.0,2689,2026-02-19T16:10,COMPLETA,416.9516,2078.0,2078.0,24.0,156.0,1,0.08333333333333333,1,0,1,592,3195,974.3778716216216,1.5
20264,1.0,2690,2026-02-19T16:20,SIN_DEMANDA,0,,,,,,,0,0,0,592,3195,974.3778716216216,1.5
20264,1.0,2691,2026-02-19T16:30,SIN_DEMANDA,0,,,,,,,0,0,0,592,3195,974.3778716216216,1.5
20264,1.0,2692,2026-02-19T16:40,SIN_DEMANDA,0,,,,,,,0,0,0,592,3195,974.3778716216216,1.5
20264,1.0,2693,2026-02-19T16:50,SIN_DEMANDA,0,,,,,,,0,0,0,593,3201,972.8544688026981,1.5
20264,1.0,2694,2026-02-19T17:00,SIN_DEMANDA,0,,,,,,,0,0,0,593,3201,972.8544688026981,1.5
20264,1.0,2695,2026-02-19T17:10,SIN_DEMANDA,0,,,,,,,0,0,0,594,3210,971.6055555555555,1.5
20264,1.0,2696,2026-02-19T17:20,SIN_DEMANDA,0,,,,,,,0,0,0,594,3210,971.6055555555555,1.5
20264,1.0,2697,2026-02-19T17:30,SIN_DEMANDA,0,,,,,,,0,0,0,595,3212,973.4650420168066,1.5
20264,1.0,2698,2026-02-19T17:40,SIN_DEMANDA,0,,,,,,,0,0,0,596,3219,974.4449664429529,1.5
20264,1.0,2699,2026-02-19T17:50,SIN_DEMANDA,0,,,,,,,0,0,0,596,3219,974.4449664429529,1.5
20264,1.0,2700,2026-02-19T18:00,SIN_DEMANDA,0,,,,,,,0,0,0,596,3219,974.4449664429529,1.5
20264,1.0,2701,2026-02-19T18:10,COMPLETA,375.7863,2067.0,2067.0,40.0,120.0,1,0.041666666666666664,1,0,1,597,3225,975.7021775544388,1.5
20264,1.0,2702,2026-02-19T18:20,SIN_DEMANDA,0,,,,,,,0,0,0,597,3225,975.7021775544388,1.5
20264,1.0,2703,2026-02-19T18:30,COMPLETA,361.5935,614.5,614.5,54.0,141.0,1,0.08333333333333333,1,0,1,597,3225,975.7021775544388,1.5
20264,1.0,2704,2026-02-19T18:40,SIN_DEMANDA,0,,,,,,,0,0,0,598,3230,974.7344481605351,1.5
20264,1.0,2705,2026-02-19T18:50,SIN_DEMANDA,0,,,,,,,0,0,0,598,3230,974.7344481605351,1.5
20264,1.0,2706,2026-02-19T19:00,SIN_DEMANDA,0,,,,,,,0,0,0,598,3230,974.7344481605351,1.5
20264,1.0,2707,2026-02-19T19:10,SIN_DEMANDA,0,,,,,,,0,0,0,598,3230,974.7344481605351,1.5
20264,1.0,2708,2026-02-19T19:20,SIN_DEMANDA,0,,,,,,,0,0,0,598,3230,974.7344481605351,1.5
20264,1.0,2709,2026-02-19T19:30,COMPLETA,499.2829,48.5,48.5,86.0,189.0,1,0.20833333333333334,1,0,1,598,3230,974.7344481605351,1.5
20264,1.0,2710,2026-02-19T19:40,COMPLETA,381.0843,618.0,618.0,56.0,144.0,1,0.16666666666666666,1,0,1,599,3231,976.5579298831385,1.5
20264,1.0,2711,2026-02-19T19:50,SIN_DEMANDA,0,,,,,,,0,0,0,599,3231,976.5579298831385,1.5
20264,1.0,2712,2026-02-19T20:00,SIN_DEMANDA,0,,,,,,,0,0,0,599,3231,976.5579298831385,1.5
20264,1.0,2713,2026-02-19T20:10,SIN_DEMANDA,0,,,,,,,0,0,0,599,3231,976.5579298831385,1.5
20264,1.0,2714,2026-02-19T20:20,SIN_DEMANDA,0,,,,,,,0,0,0,601,3240,974.663394342762,1.5
20264,1.0,2715,2026-02-19T20:30,SIN_DEMANDA,0,,,,,,,0,0,0,601,3240,974.663394342762,1.5
20264,1.0,2716,2026-02-19T20:40,SIN_DEMANDA,0,,,,,,,0,0,0,601,3240,974.663394342762,1.5
20264,1.0,2717,2026-02-19T20:50,SIN_DEMANDA,0,,,,,,,0,0,0,601,3240,974.663394342762,1.5
20264,1.0,2718,2026-02-19T21:00,SIN_DEMANDA,0,,,,,,,0,0,0,601,3240,974.663394342762,1.5
20264,1.0,2719,2026-02-19T21:10,SIN_DEMANDA,0,,,,,,,0,0,0,601,3240,974.663394342762,1.5
20264,1.0,2720,2026-02-19T21:20,SIN_DEMANDA,0,,,,,,,0,0,0,601,3240,974.663394342762,1.5
20264,1.0,2721,2026-02-19T21:30,COMPLETA,390.0582,395.5,395.5,30.0,105.0,1,0.041666666666666664,1,0,1,602,3244,974.0709302325581,1.5
20264,1.0,2722,2026-02-19T21:40,SIN_DEMANDA,0,,,,,,,0,0,0,602,3244,974.0709302325581,1.5
20264,1.0,2723,2026-02-19T21:50,SIN_DEMANDA,0,,,,,,,0,0,0,602,3244,974.0709302325581,1.5
20264,1.0,2724,2026-02-19T22:00,SIN_DEMANDA,0,,,,,,,0,0,0,602,3244,974.0709302325581,1.5
20264,1.0,2725,2026-02-19T22:10,COMPLETA,703.9032,876.5,876.5,96.0,264.0,1,0.25,1,0,0,602,3244,974.0709302325581,1.5
20264,1.0,2726,2026-02-19T22:20,COMPLETA,580.8118,876.5,876.5,96.0,264.0,1,0.25,1,0,0,602,3244,974.0709302325581,1.5
20264,1.0,2727,2026-02-19T22:30,COMPLETA,612.297,876.5,876.5,96.0,264.0,1,0.25,1,0,0,602,3244,974.0709302325581,1.5
20264,1.0,2728,2026-02-19T22:40,COMPLETA,872.0485,962.8333333333334,43.0,256.0,744.0,3,0.2638888888888889,3,0,0,603,3249,972.5359867330016,1.5
20264,1.0,2729,2026-02-19T22:50,COMPLETA,791.6574,962.8333333333334,43.0,256.0,744.0,3,0.2638888888888889,3,0,0,603,3249,972.5359867330016,1.5
20264,1.0,2730,2026-02-19T23:00,COMPLETA,1108.865,826.125,43.0,270.0,885.0,4,0.20833333333333334,4,0,4,604,3250,971.5806291390728,1.5
20264,1.0,2731,2026-02-19T23:10,SIN_DEMANDA,0,,,,,,,0,0,0,604,3250,971.5806291390728,1.5
20264,1.0,2732,2026-02-19T23:20,SIN_DEMANDA,0,,,,,,,0,0,0,604,3250,971.5806291390728,1.5
20264,1.0,2733,2026-02-19T23:30,SIN_DEMANDA,0,,,,,,,0,0,0,604,3250,971.5806291390728,1.5
20264,1.0,2734,2026-02-19T23:40,SIN_DEMANDA,0,,,,,,,0,0,0,604,3250,971.5806291390728,1.5
20264,1.0,2735,2026-02-19T23:50,SIN_DEMANDA,0,,,,,,,0,0,0,604,3250,971.5806291390728,1.5
20264,1.0,2736,2026-02-20T00:00,SIN_DEMANDA,0,,,,,,,0,0,0,604,3250,971.5806291390728,1.5
20264,1.0,2737,2026-02-20T00:10,SIN_DEMANDA,0,,,,,,,0,0,0,604,3250,971.5806291390728,1.5
20264,1.0,2738,2026-02-20T00:20,SIN_DEMANDA,0,,,,,,,0,0,0,604,3250,971.5806291390728,1.5
20264,1.0,2739,2026-02-20T00:30,SIN_DEMANDA,0,,,,,,,0,0,0,605,3251,970.6276033057851,1.5
20264,1.0,2740,2026-02-20T00:40,COMPLETA,544.8718,215.0,215.0,67.0,220.5,1,0.4166666666666667,1,0,0,605,3251,970.6276033057851,1.5
20264,1.0,2741,2026-02-20T00:50,COMPLETA,516.7607,215.0,215.0,67.0,220.5,1,0.4166666666666667,1,0,0,605,3251,970.6276033057851,1.5
20264,1.0,2742,2026-02-20T01:00,COMPLETA,518.1903,215.0,215.0,67.0,220.5,1,0.4166666666666667,1,0,0,606,3257,970.5168316831682,1.5
20264,1.0,2743,2026-02-20T01:10,COMPLETA,549.7457,215.0,215.0,67.0,220.5,1,0.4166666666666667,1,0,0,606,3257,970.5168316831682,1.5
20264,1.0,2744,2026-02-20T01:20,COMPLETA,572.185,215.0,215.0,67.0,220.5,1,0.4166666666666667,1,0,0,606,3257,970.5168316831682,1.5
20264,1.0,2745,2026-02-20T01:30,COMPLETA,508.7017,215.0,215.0,67.0,220.5,1,0.4166666666666667,1,0,0,606,3257,970.5168316831682,1.5
20264,1.0,2746,2026-02-20T01:40,COMPLETA,499.28,215.0,215.0,67.0,220.5,1,0.4166666666666667,1,0,0,606,3257,970.5168316831682,1.5
20264,1.0,2747,2026-02-20T01:50,COMPLETA,647.0751,949.75,215.0,163.0,484.5,2,0.3958333333333333,2,0,0,606,3257,970.5168316831682,1.5
20264,1.0,2748,2026-02-20T02:00,COMPLETA,615.0905,1044.25,215.0,202.0,483.0,2,0.3958333333333333,2,0,0,608,3270,970.6236842105262,1.5
20264,1.0,2749,2026-02-20T02:10,COMPLETA,629.7069,1044.25,215.0,202.0,483.0,2,0.3958333333333333,2,0,0,608,3270,970.6236842105262,1.5
20264,1.0,2750,2026-02-20T02:20,COMPLETA,649.7471,1044.25,215.0,202.0,483.0,2,0.3958333333333333,2,0,0,608,3270,970.6236842105262,1.5
20264,1.0,2751,2026-02-20T02:30,COMPLETA,599.0887,1044.25,215.0,202.0,483.0,2,0.3958333333333333,2,0,0,608,3270,970.6236842105262,1.5
20264,1.0,2752,2026-02-20T02:40,COMPLETA,846.1968,1044.25,215.0,202.0,483.0,2,0.3958333333333333,2,0,0,608,3270,970.6236842105262,1.5
20264,1.0,2753,2026-02-20T02:50,COMPLETA,869.3435,1529.5,215.0,345.0,877.5,4,0.3125,4,0,3,608,3270,970.6236842105262,1.5
20264,1.0,2754,2026-02-20T03:00,COMPLETA,555.2904,152.0,152.0,109.0,223.5,1,0.4166666666666667,1,0,1,608,3270,970.6236842105262,1.5
20264,1.0,2755,2026-02-20T03:10,SIN_DEMANDA,0,,,,,,,0,0,0,608,3270,970.6236842105262,1.5
20264,1.0,2756,2026-02-20T03:20,SIN_DEMANDA,0,,,,,,,0,0,0,608,3270,970.6236842105262,1.5
20264,1.0,2757,2026-02-20T03:30,SIN_DEMANDA,0,,,,,,,0,0,0,608,3270,970.6236842105262,1.5
20264,1.0,2758,2026-02-20T03:40,SIN_DEMANDA,0,,,,,,,0,0,0,608,3270,970.6236842105262,1.5
20264,1.0,2759,2026-02-20T03:50,SIN_DEMANDA,0,,,,,,,0,0,0,608,3270,970.6236842105262,1.5
20264,1.0,2760,2026-02-20T04:00,COMPLETA,376.7322,396.0,396.0,24.0,96.0,1,0.08333333333333333,1,0,1,608,3270,970.6236842105262,1.5
20264,1.0,2761,2026-02-20T04:10,SIN_DEMANDA,0,,,,,,,0,0,0,608,3270,970.6236842105262,1.5
20264,1.0,2762,2026-02-20T04:20,SIN_DEMANDA,0,,,,,,,0,0,0,608,3270,970.6236842105262,1.5
20264,1.0,2763,2026-02-20T04:30,SIN_DEMANDA,0,,,,,,,0,0,0,609,3273,972.4067323481116,1.5
20264,1.0,2764,2026-02-20T04:40,SIN_DEMANDA,0,,,,,,,0,0,0,609,3273,972.4067323481116,1.5
20264,1.0,2765,2026-02-20T04:50,COMPLETA,387.2153,134.5,134.5,50.0,135.0,1,0.041666666666666664,1,0,1,609,3273,972.4067323481116,1.5
20264,1.0,2766,2026-02-20T05:00,SIN_DEMANDA,0,,,,,,,0,0,0,609,3273,972.4067323481116,1.5
20264,1.0,2767,2026-02-20T05:10,SIN_DEMANDA,0,,,,,,,0,0,0,609,3273,972.4067323481116,1.5
20264,1.0,2768,2026-02-20T05:20,COMPLETA,557.563,1952.5,1952.5,43.0,184.5,1,0.20833333333333334,1,0,0,610,3275,971.4618032786884,1.5
20264,1.0,2769,2026-02-20T05:30,COMPLETA,629.7729,1051.0,149.5,81.0,301.5,2,0.125,2,0,1,610,3275,971.4618032786884,1.5
20264,1.0,2770,2026-02-20T05:40,COMPLETA,548.0948,1952.5,1952.5,43.0,184.5,1,0.20833333333333334,1,0,0,610,3275,971.4618032786884,1.5
20264,1.0,2771,2026-02-20T05:50,COMPLETA,565.5927,1952.5,1952.5,43.0,184.5,1,0.20833333333333334,1,0,0,610,3275,971.4618032786884,1.5
20264,1.0,2772,2026-02-20T06:00,COMPLETA,671.1588,1985.0,1952.5,61.0,441.0,2,0.125,2,0,0,611,3283,973.1009819967265,1.5
20264,1.0,2773,2026-02-20T06:10,COMPLETA,720.4187,1955.8333333333333,1897.5,89.0,543.0,2,0.22916666666666666,3,0,0,612,3293,971.7593137254901,1.5
20264,1.0,2774,2026-02-20T06:20,COMPLETA,823.5957,1955.8333333333333,1897.5,89.0,543.0,2,0.22916666666666666,3,0,0,612,3293,971.7593137254901,1.5
20264,1.0,2775,2026-02-20T06:30,COMPLETA,805.6587,1955.8333333333333,1897.5,89.0,543.0,2,0.22916666666666666,3,0,0,613,3294,970.3934747145187,1.5
20264,1.0,2776,2026-02-20T06:40,COMPLETA,854.1873,1955.8333333333333,1897.5,89.0,543.0,2,0.22916666666666666,3,0,0,614,3303,971.864332247557,1.5
20264,1.0,2777,2026-02-20T06:50,COMPLETA,784.6717,1955.8333333333333,1897.5,89.0,543.0,2,0.22916666666666666,3,0,0,614,3303,971.864332247557,1.5
20264,1.0,2778,2026-02-20T07:00,COMPLETA,733.3884,1955.8333333333333,1897.5,89.0,543.0,2,0.22916666666666666,3,0,2,615,3304,970.5271544715447,1.5
20264,1.0,2779,2026-02-20T07:10,SIN_DEMANDA,0,,,,,,,0,0,0,615,3304,970.5271544715447,1.5
20264,1.0,2780,2026-02-20T07:20,SIN_DEMANDA,0,,,,,,,0,0,0,615,3304,970.5271544715447,1.5
20264,1.0,2781,2026-02-20T07:30,SIN_DEMANDA,0,,,,,,,0,0,0,615,3304,970.5271544715447,1.5
20264,1.0,2782,2026-02-20T07:40,COMPLETA,484.2093,480.5,480.5,82.0,243.0,1,0.2916666666666667,1,0,0,615,3304,970.5271544715447,1.5
20264,1.0,2783,2026-02-20T07:50,COMPLETA,490.2974,480.5,480.5,82.0,243.0,1,0.2916666666666667,1,0,0,615,3304,970.5271544715447,1.5
20264,1.0,2784,2026-02-20T08:00,COMPLETA,550.8386,480.5,480.5,82.0,243.0,1,0.2916666666666667,1,0,0,615,3304,970.5271544715447,1.5
20264,1.0,2785,2026-02-20T08:10,COMPLETA,656.9977,716.6666666666666,167.0,114.0,471.0,2,0.3541666666666667,3,0,1,615,3304,970.5271544715447,1.5
20264,1.0,2786,2026-02-20T08:20,COMPLETA,588.2175,991.5,480.5,102.0,333.0,1,0.5833333333333334,2,0,0,616,3305,972.2267857142856,1.5
20264,1.0,2787,2026-02-20T08:30,COMPLETA,592.7276,991.5,480.5,102.0,333.0,1,0.5833333333333334,2,0,0,616,3305,972.2267857142856,1.5
20264,1.0,2788,2026-02-20T08:40,COMPLETA,603.973,991.5,480.5,102.0,333.0,1,0.5833333333333334,2,0,0,616,3305,972.2267857142856,1.5
20264,1.0,2789,2026-02-20T08:50,COMPLETA,655.8512,991.5,480.5,102.0,333.0,1,0.5833333333333334,2,0,0,617,3310,973.8155591572122,1.5
20264,1.0,2790,2026-02-20T09:00,COMPLETA,644.2243,1356.8333333333333,480.5,112.0,408.0,2,0.3125,3,0,1,617,3310,973.8155591572122,1.5
20264,1.0,2791,2026-02-20T09:10,COMPLETA,609.8008,991.5,480.5,102.0,333.0,1,0.5833333333333334,2,0,0,617,3310,973.8155591572122,1.5
20264,1.0,2792,2026-02-20T09:20,COMPLETA,603.8331,991.5,480.5,102.0,333.0,1,0.5833333333333334,2,0,0,618,3313,972.5100323624595,1.5
20264,1.0,2793,2026-02-20T09:30,COMPLETA,566.6468,991.5,480.5,102.0,333.0,1,0.5833333333333334,2,0,0,618,3313,972.5100323624595,1.5
20264,1.0,2794,2026-02-20T09:40,COMPLETA,629.3959,991.5,480.5,102.0,333.0,1,0.5833333333333334,2,0,0,618,3313,972.5100323624595,1.5
20264,1.0,2795,2026-02-20T09:50,COMPLETA,550.2444,991.5,480.5,102.0,333.0,1,0.5833333333333334,2,0,0,618,3313,972.5100323624595,1.5
20264,1.0,2796,2026-02-20T10:00,COMPLETA,710.2078,800.8333333333334,419.5,132.0,438.0,1,0.8333333333333334,3,0,0,618,3313,972.5100323624595,1.5
20264,1.0,2797,2026-02-20T10:10,COMPLETA,671.2158,800.8333333333334,419.5,132.0,438.0,1,0.8333333333333334,3,0,0,619,3314,974.311308562197,1.5
20264,1.0,2798,2026-02-20T10:20,COMPLETA,751.6432,1115.25,419.5,186.0,579.0,2,0.5416666666666666,4,0,1,619,3314,974.311308562197,1.5
20264,1.0,2799,2026-02-20T10:30,COMPLETA,772.1556,800.8333333333334,419.5,132.0,438.0,1,0.8333333333333334,3,0,0,620,3319,975.8003225806451,1.5
20264,1.0,2800,2026-02-20T10:40,COMPLETA,689.2944,800.8333333333334,419.5,132.0,438.0,1,0.8333333333333334,3,0,0,620,3319,975.8003225806451,1.5
20264,1.0,2801,2026-02-20T10:50,COMPLETA,654.4475,800.8333333333334,419.5,132.0,438.0,1,0.8333333333333334,3,0,0,620,3319,975.8003225806451,1.5
20264,1.0,2802,2026-02-20T11:00,COMPLETA,678.8963,800.8333333333334,419.5,132.0,438.0,1,0.8333333333333334,3,0,0,620,3319,975.8003225806451,1.5
20264,1.0,2803,2026-02-20T11:10,COMPLETA,692.3917,800.8333333333334,419.5,132.0,438.0,1,0.8333333333333334,3,0,0,620,3319,975.8003225806451,1.5
20264,1.0,2804,2026-02-20T11:20,COMPLETA,992.2268,1284.1,419.5,213.0,679.5,3,0.375,5,0,1,620,3319,975.8003225806451,1.5
20264,1.0,2805,2026-02-20T11:30,COMPLETA,1085.8676,1128.5,309.0,254.0,681.0,4,0.3333333333333333,5,0,2,620,3319,975.8003225806451,1.5
20264,1.0,2806,2026-02-20T11:40,COMPLETA,698.9805,1031.0,299.0,156.0,354.0,2,0.2916666666666667,2,0,1,620,3319,975.8003225806451,1.5
20264,1.0,2807,2026-02-20T11:50,COMPLETA,588.6009,1618.0,1618.0,59.0,208.5,1,0.2916666666666667,1,0,0,620,3319,975.8003225806451,1.5
20264,1.0,2808,2026-02-20T12:00,COMPLETA,568.9958,1618.0,1618.0,59.0,208.5,1,0.2916666666666667,1,0,0,620,3319,975.8003225806451,1.5
20264,1.0,2809,2026-02-20T12:10,COMPLETA,527.1809,1618.0,1618.0,59.0,208.5,1,0.2916666666666667,1,0,0,621,3325,977.5438003220611,1.5
20264,1.0,2810,2026-02-20T12:20,COMPLETA,557.7256,1618.0,1618.0,59.0,208.5,1,0.2916666666666667,1,0,0,621,3325,977.5438003220611,1.5
20264,1.0,2811,2026-02-20T12:30,COMPLETA,544.1877,1618.0,1618.0,59.0,208.5,1,0.2916666666666667,1,0,0,621,3325,977.5438003220611,1.5
20264,1.0,2812,2026-02-20T12:40,COMPLETA,530.3058,1618.0,1618.0,59.0,208.5,1,0.2916666666666667,1,0,0,621,3325,977.5438003220611,1.5
20264,1.0,2813,2026-02-20T12:50,COMPLETA,594.5353,1618.0,1618.0,59.0,208.5,1,0.2916666666666667,1,0,0,622,3327,979.2977491961414,1.5
20264,1.0,2814,2026-02-20T13:00,COMPLETA,574.4024,1618.0,1618.0,59.0,208.5,1,0.2916666666666667,1,0,0,623,3334,978.9377207062599,1.5
20264,1.0,2815,2026-02-20T13:10,COMPLETA,601.0515,890.0,162.0,79.0,298.5,2,0.3125,2,0,1,623,3334,978.9377207062599,1.5
20264,1.0,2816,2026-02-20T13:20,COMPLETA,500.5989,1618.0,1618.0,59.0,208.5,1,0.2916666666666667,1,0,0,624,3340,978.7791666666666,1.5
20264,1.0,2817,2026-02-20T13:30,COMPLETA,551.5425,1618.0,1618.0,59.0,208.5,1,0.2916666666666667,1,0,0,624,3340,978.7791666666666,1.5
20264,1.0,2818,2026-02-20T13:40,COMPLETA,598.565,1006.0,394.0,85.0,307.5,1,0.5833333333333334,2,0,0,624,3340,978.7791666666666,1.5
20264,1.0,2819,2026-02-20T13:50,COMPLETA,623.0042,1006.0,394.0,85.0,307.5,1,0.5833333333333334,2,0,0,624,3340,978.7791666666666,1.5
20264,1.0,2820,2026-02-20T14:00,COMPLETA,667.8634,1006.0,394.0,85.0,307.5,1,0.5833333333333334,2,0,0,624,3340,978.7791666666666,1.5
20264,1.0,2821,2026-02-20T14:10,COMPLETA,615.4136,707.5,110.5,107.0,460.5,2,0.3541666666666667,3,0,0,624,3340,978.7791666666666,1.5
20264,1.0,2822,2026-02-20T14:20,COMPLETA,767.1517,1038.875,110.5,143.0,634.5,3,0.25,4,0,0,624,3340,978.7791666666666,1.5
20264,1.0,2823,2026-02-20T14:30,COMPLETA,753.7953,1038.875,110.5,143.0,634.5,3,0.25,4,0,0,626,3355,976.3884984025558,1.5
20264,1.0,2824,2026-02-20T14:40,COMPLETA,901.4232,1239.4,110.5,185.0,817.5,4,0.20833333333333334,5,0,0,626,3355,976.3884984025558,1.5
20264,1.0,2825,2026-02-20T14:50,COMPLETA,1025.6713,1025.7857142857142,110.5,285.0,1150.0,5,0.2833333333333333,7,0,0,627,3360,977.9341307814991,1.5
20264,1.0,2826,2026-02-20T15:00,COMPLETA,1026.922,1025.7857142857142,110.5,285.0,1150.0,5,0.2833333333333333,7,0,5,627,3360,977.9341307814991,1.5
20264,1.0,2827,2026-02-20T15:10,SIN_DEMANDA,0,,,,,,,0,0,0,627,3360,977.9341307814991,1.5
20264,1.0,2828,2026-02-20T15:20,SIN_DEMANDA,0,,,,,,,0,0,0,627,3360,977.9341307814991,1.5
20264,1.0,2829,2026-02-20T15:30,SIN_DEMANDA,0,,,,,,,0,0,0,627,3360,977.9341307814991,1.5
20264,1.0,2830,2026-02-20T15:40,COMPLETA,599.3286,56.5,56.5,100.0,270.0,1,0.25,1,0,0,627,3360,977.9341307814991,1.5
20264,1.0,2831,2026-02-20T15:50,COMPLETA,638.4104,56.5,56.5,100.0,270.0,1,0.25,1,0,0,627,3360,977.9341307814991,1.5
20264,1.0,2832,2026-02-20T16:00,COMPLETA,634.5836,228.0,56.5,122.0,423.0,2,0.14583333333333334,2,0,1,627,3360,977.9341307814991,1.5
20264,1.0,2833,2026-02-20T16:10,COMPLETA,520.9613,56.5,56.5,100.0,270.0,1,0.25,1,0,0,627,3360,977.9341307814991,1.5
20264,1.0,2834,2026-02-20T16:20,COMPLETA,768.6282,818.1666666666666,56.5,214.0,681.0,3,0.1388888888888889,3,0,2,629,3367,976.5798092209856,1.5
20264,1.0,2835,2026-02-20T16:30,COMPLETA,699.6463,971.0,366.0,146.0,459.0,2,0.2916666666666667,2,0,0,630,3368,978.2566666666665,1.5
20264,1.0,2836,2026-02-20T16:40,COMPLETA,802.9925,971.0,366.0,146.0,459.0,2,0.2916666666666667,2,0,0,631,3370,979.941679873217,1.5
20264,1.0,2837,2026-02-20T16:50,COMPLETA,720.2889,971.0,366.0,146.0,459.0,2,0.2916666666666667,2,0,0,631,3370,979.941679873217,1.5
20264,1.0,2838,2026-02-20T17:00,COMPLETA,761.5321,1327.1666666666667,366.0,172.0,618.0,3,0.25,3,0,0,631,3370,979.941679873217,1.5
20264,1.0,2839,2026-02-20T17:10,COMPLETA,754.0221,1019.0,112.0,247.0,790.5,4,0.21875,4,0,1,631,3370,979.941679873217,1.5
20264,1.0,2840,2026-02-20T17:20,COMPLETA,788.1781,684.6666666666666,112.0,194.0,591.0,3,0.2361111111111111,3,0,0,632,3371,979.0232594936708,1.5
20264,1.0,2841,2026-02-20T17:30,COMPLETA,747.6931,684.6666666666666,112.0,194.0,591.0,3,0.2361111111111111,3,0,1,633,3378,978.2507109004739,1.5
20264,1.0,2842,2026-02-20T17:40,COMPLETA,668.2266,971.0,366.0,146.0,459.0,2,0.2916666666666667,2,0,0,633,3378,978.2507109004739,1.5
20264,1.0,2843,2026-02-20T17:50,COMPLETA,770.8753,981.6666666666666,366.0,162.0,543.0,3,0.20833333333333334,3,0,1,634,3380,979.9719242902207,1.5
20264,1.0,2844,2026-02-20T18:00,COMPLETA,631.6045,971.0,366.0,146.0,459.0,2,0.2916666666666667,2,0,0,634,3380,979.9719242902207,1.5
20264,1.0,2845,2026-02-20T18:10,COMPLETA,757.7424,971.0,366.0,146.0,459.0,2,0.2916666666666667,2,0,0,634,3380,979.9719242902207,1.5
20264,1.0,2846,2026-02-20T18:20,COMPLETA,675.2702,971.0,366.0,146.0,459.0,2,0.2916666666666667,2,0,0,634,3380,979.9719242902207,1.5
20264,1.0,2847,2026-02-20T18:30,COMPLETA,624.2349,971.0,366.0,146.0,459.0,2,0.2916666666666667,2,0,0,634,3380,979.9719242902207,1.5
20264,1.0,2848,2026-02-20T18:40,COMPLETA,795.6268,1333.0,366.0,158.0,537.0,3,0.2361111111111111,3,0,0,634,3380,979.9719242902207,1.5
20264,1.0,2849,2026-02-20T18:50,COMPLETA,797.5397,1333.0,366.0,158.0,477.0,3,0.2361111111111111,3,0,0,635,3382,978.9459842519684,1.5
20264,1.0,2850,2026-02-20T19:00,COMPLETA,772.1713,1333.0,366.0,158.0,477.0,3,0.2361111111111111,3,0,0,635,3382,978.9459842519684,1.5
20264,1.0,2851,2026-02-20T19:10,COMPLETA,739.1533,1333.0,366.0,158.0,477.0,3,0.2361111111111111,3,0,2,638,3390,979.2597178683385,1.5
20264,1.0,2852,2026-02-20T19:20,COMPLETA,518.8149,1576.0,1576.0,85.0,247.5,1,0.3333333333333333,1,0,0,638,3390,979.2597178683385,1.5
20264,1.0,2853,2026-02-20T19:30,COMPLETA,544.4493,1576.0,1576.0,85.0,247.5,1,0.3333333333333333,1,0,0,638,3390,979.2597178683385,1.5
20264,1.0,2854,2026-02-20T19:40,COMPLETA,618.5282,1576.0,1576.0,85.0,247.5,1,0.3333333333333333,1,0,0,638,3390,979.2597178683385,1.5
20264,1.0,2855,2026-02-20T19:50,COMPLETA,563.114,1576.0,1576.0,85.0,247.5,1,0.3333333333333333,1,0,0,639,3400,978.006572769953,1.5
20264,1.0,2856,2026-02-20T20:00,COMPLETA,532.3857,1576.0,1576.0,85.0,247.5,1,0.3333333333333333,1,0,0,639,3400,978.006572769953,1.5
20264,1.0,2857,2026-02-20T20:10,COMPLETA,575.4704,1576.0,1576.0,85.0,247.5,1,0.3333333333333333,1,0,0,639,3400,978.006572769953,1.5
20264,1.0,2858,2026-02-20T20:20,COMPLETA,548.9404,1576.0,1576.0,85.0,247.5,1,0.3333333333333333,1,0,0,639,3400,978.006572769953,1.5
20264,1.0,2859,2026-02-20T20:30,COMPLETA,520.7539,1576.0,1576.0,85.0,247.5,1,0.3333333333333333,1,0,0,640,3403,979.6924999999999,1.5
20264,1.0,2860,2026-02-20T20:40,COMPLETA,613.362,1576.0,1576.0,85.0,247.5,1,0.3333333333333333,1,0,0,640,3403,979.6924999999999,1.5
20264,1.0,2861,2026-02-20T20:50,COMPLETA,570.0207,1576.0,1576.0,85.0,247.5,1,0.3333333333333333,1,0,0,640,3403,979.6924999999999,1.5
20264,1.0,2862,2026-02-20T21:00,COMPLETA,678.5405,1642.5,1576.0,142.0,393.0,1,0.5833333333333334,2,0,0,640,3403,979.6924999999999,1.5
20264,1.0,2863,2026-02-20T21:10,COMPLETA,720.3685,1138.6666666666667,131.0,202.0,543.0,2,0.3125,3,0,1,640,3403,979.6924999999999,1.5
20264,1.0,2864,2026-02-20T21:20,COMPLETA,640.7662,1642.5,1576.0,142.0,393.0,1,0.5833333333333334,2,0,0,640,3403,979.6924999999999,1.5
20264,1.0,2865,2026-02-20T21:30,COMPLETA,803.8748,1166.0,206.0,237.0,655.5,2,0.5,3,0,0,641,3409,978.7351014040561,1.5
20264,1.0,2866,2026-02-20T21:40,COMPLETA,787.8998,1166.0,206.0,237.0,655.5,2,0.5,3,0,0,641,3409,978.7351014040561,1.5
20264,1.0,2867,2026-02-20T21:50,COMPLETA,764.0848,1166.0,206.0,237.0,655.5,2,0.5,3,0,0,641,3409,978.7351014040561,1.5
20264,1.0,2868,2026-02-20T22:00,COMPLETA,810.2027,1166.0,206.0,237.0,655.5,2,0.5,3,0,0,642,3416,979.2876947040497,1.5
20264,1.0,2869,2026-02-20T22:10,COMPLETA,833.9226,1166.0,206.0,237.0,655.5,2,0.5,3,0,0,642,3416,979.2876947040497,1.5
20264,1.0,2870,2026-02-20T22:20,COMPLETA,839.3587,1056.25,206.0,217.0,697.5,2,0.625,4,0,0,642,3416,979.2876947040497,1.5
20264,1.0,2871,2026-02-20T22:30,COMPLETA,855.9649,1056.25,206.0,217.0,697.5,2,0.625,4,0,0,642,3416,979.2876947040497,1.5
20264,1.0,2872,2026-02-20T22:40,COMPLETA,838.4143,1056.25,206.0,217.0,697.5,2,0.625,4,0,0,642,3416,979.2876947040497,1.5
20264,1.0,2873,2026-02-20T22:50,COMPLETA,898.0924,1056.25,206.0,217.0,697.5,2,0.625,4,0,0,642,3416,979.2876947040497,1.5
20264,1.0,2874,2026-02-20T23:00,COMPLETA,851.0343,1056.25,206.0,217.0,697.5,2,0.625,4,0,1,643,3417,977.968429237947,1.5
20264,1.0,2875,2026-02-20T23:10,COMPLETA,882.1452,647.5,70.5,276.0,847.5,3,0.4722222222222222,4,0,1,643,3417,977.968429237947,1.5
20264,1.0,2876,2026-02-20T23:20,COMPLETA,750.1665,843.75,206.0,145.0,589.5,2,0.5208333333333334,4,0,2,643,3417,977.968429237947,1.5
20264,1.0,2877,2026-02-20T23:30,COMPLETA,513.3307,1595.5,1595.5,55.0,202.5,1,0.25,1,0,0,643,3417,977.968429237947,1.5
20264,1.0,2878,2026-02-20T23:40,COMPLETA,550.0833,1595.5,1595.5,55.0,202.5,1,0.25,1,0,0,643,3417,977.968429237947,1.5
20264,1.0,2879,2026-02-20T23:50,COMPLETA,563.6024,1595.5,1595.5,55.0,202.5,1,0.25,1,0,0,643,3417,977.968429237947,1.5
20264,1.0,2880,2026-02-21T00:00,COMPLETA,537.9956,1595.5,1595.5,55.0,202.5,1,0.25,1,0,0,643,3417,977.968429237947,1.5
20264,1.0,2881,2026-02-21T00:10,COMPLETA,629.7889,1538.5,1481.5,99.0,328.5,1,0.4583333333333333,2,0,0,643,3417,977.968429237947,1.5
20264,1.0,2882,2026-02-21T00:20,COMPLETA,634.3193,1538.5,1481.5,99.0,328.5,1,0.4583333333333333,2,0,0,643,3417,977.968429237947,1.5
20264,1.0,2883,2026-02-21T00:30,COMPLETA,699.6918,1538.5,1481.5,99.0,328.5,1,0.4583333333333333,2,0,0,643,3417,977.968429237947,1.5
20264,1.0,2884,2026-02-21T00:40,COMPLETA,647.9976,1538.5,1481.5,99.0,328.5,1,0.4583333333333333,2,0,0,643,3417,977.968429237947,1.5
20264,1.0,2885,2026-02-21T00:50,COMPLETA,602.5088,1538.5,1481.5,99.0,328.5,1,0.4583333333333333,2,0,0,643,3417,977.968429237947,1.5
20264,1.0,2886,2026-02-21T01:00,COMPLETA,627.5134,1538.5,1481.5,99.0,328.5,1,0.4583333333333333,2,0,0,644,3418,977.9715838509316,1.5
20264,1.0,2887,2026-02-21T01:10,COMPLETA,595.998,1538.5,1481.5,99.0,328.5,1,0.4583333333333333,2,0,0,644,3418,977.9715838509316,1.5
20264,1.0,2888,2026-02-21T01:20,COMPLETA,640.6988,1538.5,1481.5,99.0,328.5,1,0.4583333333333333,2,0,0,644,3418,977.9715838509316,1.5
20264,1.0,2889,2026-02-21T01:30,COMPLETA,638.6115,1163.5,635.5,133.0,439.5,1,0.875,3,0,0,644,3418,977.9715838509316,1.5
20264,1.0,2890,2026-02-21T01:40,COMPLETA,641.3946,1163.5,635.5,133.0,439.5,1,0.875,3,0,0,644,3418,977.9715838509316,1.5
20264,1.0,2891,2026-02-21T01:50,COMPLETA,644.3214,1163.5,635.5,133.0,439.5,1,0.875,3,0,0,644,3418,977.9715838509316,1.5
20264,1.0,2892,2026-02-21T02:00,COMPLETA,661.7314,1163.5,635.5,133.0,439.5,1,0.875,3,0,0,645,3428,976.5646511627906,1.5
20264,1.0,2893,2026-02-21T02:10,COMPLETA,823.2133,1286.0,635.5,253.0,739.5,2,0.5833333333333334,4,0,0,646,3438,975.3718266253869,1.5
20264,1.0,2894,2026-02-21T02:20,COMPLETA,758.5298,1286.0,635.5,253.0,739.5,2,0.5833333333333334,4,0,0,646,3438,975.3718266253869,1.5
20264,1.0,2895,2026-02-21T02:30,COMPLETA,747.3376,1286.0,635.5,253.0,739.5,2,0.5833333333333334,4,0,0,647,3444,976.6927357032457,1.5
20264,1.0,2896,2026-02-21T02:40,COMPLETA,836.8036,1099.5,353.5,314.0,891.0,3,0.4027777777777778,5,0,1,647,3444,976.6927357032457,1.5
20264,1.0,2897,2026-02-21T02:50,COMPLETA,852.4489,1286.0,635.5,253.0,739.5,2,0.5833333333333334,4,0,0,647,3444,976.6927357032457,1.5
20264,1.0,2898,2026-02-21T03:00,COMPLETA,756.7662,1286.0,635.5,253.0,739.5,2,0.5833333333333334,4,0,0,647,3444,976.6927357032457,1.5
20264,1.0,2899,2026-02-21T03:10,COMPLETA,746.9737,1286.0,635.5,253.0,739.5,2,0.5833333333333334,4,0,0,647,3444,976.6927357032457,1.5
20264,1.0,2900,2026-02-21T03:20,COMPLETA,743.0204,1286.0,635.5,253.0,739.5,2,0.5833333333333334,4,0,0,647,3444,976.6927357032457,1.5
20264,1.0,2901,2026-02-21T03:30,COMPLETA,974.6492,1467.3,635.5,329.0,853.5,3,0.4583333333333333,5,0,1,647,3444,976.6927357032457,1.5
20264,1.0,2902,2026-02-21T03:40,COMPLETA,754.1376,1364.5,635.5,219.0,628.5,2,0.5416666666666666,4,0,0,648,3452,977.4833333333332,1.5
20264,1.0,2903,2026-02-21T03:50,COMPLETA,713.1801,1364.5,635.5,219.0,628.5,2,0.5416666666666666,4,0,1,648,3452,977.4833333333332,1.5
20264,1.0,2904,2026-02-21T04:00,COMPLETA,607.3983,1163.5,635.5,133.0,439.5,1,0.875,3,0,0,648,3452,977.4833333333332,1.5
20264,1.0,2905,2026-02-21T04:10,COMPLETA,762.8723,901.125,207.0,273.0,769.5,2,0.625,4,0,0,648,3452,977.4833333333332,1.5
20264,1.0,2906,2026-02-21T04:20,COMPLETA,812.582,901.125,207.0,273.0,769.5,2,0.625,4,0,0,648,3452,977.4833333333332,1.5
20264,1.0,2907,2026-02-21T04:30,COMPLETA,702.9978,901.125,207.0,273.0,769.5,2,0.625,4,0,0,648,3452,977.4833333333332,1.5
20264,1.0,2908,2026-02-21T04:40,COMPLETA,697.8163,901.125,207.0,273.0,769.5,2,0.625,4,0,0,649,3458,977.0557781201849,1.5
20264,1.0,2909,2026-02-21T04:50,COMPLETA,756.6922,901.125,207.0,273.0,769.5,2,0.625,4,0,0,650,3459,976.0964615384614,1.5
20264,1.0,2910,2026-02-21T05:00,COMPLETA,751.7609,901.125,207.0,273.0,769.5,2,0.625,4,0,0,650,3459,976.0964615384614,1.5
20264,1.0,2911,2026-02-21T05:10,COMPLETA,864.9031,852.4,207.0,335.0,1224.0,3,0.5277777777777778,5,0,0,650,3459,976.0964615384614,1.5
20264,1.0,2912,2026-02-21T05:20,COMPLETA,867.3834,852.4,207.0,335.0,1224.0,3,0.5277777777777778,5,0,0,650,3459,976.0964615384614,1.5
20264,1.0,2913,2026-02-21T05:30,COMPLETA,871.6741,852.4,207.0,335.0,1224.0,3,0.5277777777777778,5,0,0,650,3459,976.0964615384614,1.5
20264,1.0,2914,2026-02-21T05:40,COMPLETA,900.6999,852.4,207.0,335.0,1224.0,3,0.5277777777777778,5,0,0,650,3459,976.0964615384614,1.5
20264,1.0,2915,2026-02-21T05:50,COMPLETA,947.7499,852.4,207.0,335.0,1224.0,3,0.5277777777777778,5,0,0,650,3459,976.0964615384614,1.5
20264,1.0,2916,2026-02-21T06:00,COMPLETA,1443.7712,796.0,148.5,429.0,1423.5,5,0.39166666666666666,6,0,0,650,3459,976.0964615384614,1.5
20264,1.0,2917,2026-02-21T06:10,COMPLETA,1477.8082,698.5,207.0,399.0,1348.5,4,0.5729166666666666,7,0,0,650,3459,976.0964615384614,1.5
20264,1.0,2918,2026-02-21T06:20,COMPLETA,1433.6368,698.5,207.0,399.0,1348.5,4,0.5729166666666666,7,0,0,650,3459,976.0964615384614,1.5
20264,1.0,2919,2026-02-21T06:30,COMPLETA,1291.8341,698.5,207.0,399.0,1348.5,4,0.5729166666666666,7,0,0,650,3459,976.0964615384614,1.5
20264,1.0,2920,2026-02-21T06:40,COMPLETA,1162.135,698.5,207.0,399.0,1348.5,4,0.5729166666666666,7,0,0,650,3459,976.0964615384614,1.5
20264,1.0,2921,2026-02-21T06:50,COMPLETA,1109.3121,698.5,207.0,399.0,1348.5,4,0.5729166666666666,7,0,0,652,3471,979.0010736196318,1.5
20264,1.0,2922,2026-02-21T07:00,COMPLETA,1274.8886,698.5,207.0,399.0,1348.5,4,0.5729166666666666,7,0,3,652,3471,979.0010736196318,1.5
20264,1.0,2923,2026-02-21T07:10,COMPLETA,681.3322,1367.1666666666667,965.5,175.0,622.5,3,0.1527777777777778,3,0,2,652,3471,979.0010736196318,1.5
20264,1.0,2924,2026-02-21T07:20,COMPLETA,534.0839,1051.0,1051.0,98.0,267.0,1,0.25,1,0,0,652,3471,979.0010736196318,1.5
20264,1.0,2925,2026-02-21T07:30,COMPLETA,516.1724,1051.0,1051.0,98.0,267.0,1,0.25,1,0,0,652,3471,979.0010736196318,1.5
20264,1.0,2926,2026-02-21T07:40,COMPLETA,518.7999,1051.0,1051.0,98.0,267.0,1,0.25,1,0,0,652,3471,979.0010736196318,1.5
20264,1.0,2927,2026-02-21T07:50,COMPLETA,605.9137,1051.0,1051.0,98.0,267.0,1,0.25,1,0,0,652,3471,979.0010736196318,1.5
20264,1.0,2928,2026-02-21T08:00,COMPLETA,654.357,1546.75,1051.0,164.0,486.0,2,0.14583333333333334,2,0,1,652,3471,979.0010736196318,1.5
20264,1.0,2929,2026-02-21T08:10,COMPLETA,597.0405,1051.0,1051.0,98.0,267.0,1,0.25,1,0,0,652,3471,979.0010736196318,1.5
20264,1.0,2930,2026-02-21T08:20,COMPLETA,570.6244,1051.0,1051.0,98.0,267.0,1,0.25,1,0,0,652,3471,979.0010736196318,1.5
20264,1.0,2931,2026-02-21T08:30,COMPLETA,531.3892,1051.0,1051.0,98.0,267.0,1,0.25,1,0,0,653,3473,980.6947932618682,1.5
20264,1.0,2932,2026-02-21T08:40,COMPLETA,567.8625,1051.0,1051.0,98.0,267.0,1,0.25,1,0,0,653,3473,980.6947932618682,1.5
20264,1.0,2933,2026-02-21T08:50,COMPLETA,596.6079,1051.0,1051.0,98.0,267.0,1,0.25,1,0,0,654,3482,979.5117737003058,1.5
20264,1.0,2934,2026-02-21T09:00,COMPLETA,663.0186,1158.6666666666667,384.0,203.0,544.5,3,0.125,3,0,2,655,3485,979.4903816793892,1.5
20264,1.0,2935,2026-02-21T09:10,COMPLETA,551.0081,1051.0,1051.0,98.0,267.0,1,0.25,1,0,0,655,3485,979.4903816793892,1.5
20264,1.0,2936,2026-02-21T09:20,COMPLETA,547.056,1051.0,1051.0,98.0,267.0,1,0.25,1,0,0,655,3485,979.4903816793892,1.5
20264,1.0,2937,2026-02-21T09:30,COMPLETA,634.199,533.25,51.5,82.0,303.0,1,0.625,2,0,0,655,3485,979.4903816793892,1.5
20264,1.0,2938,2026-02-21T09:40,COMPLETA,632.4126,533.25,51.5,82.0,303.0,1,0.625,2,0,0,655,3485,979.4903816793892,1.5
20264,1.0,2939,2026-02-21T09:50,COMPLETA,605.5823,533.25,51.5,82.0,303.0,1,0.625,2,0,0,657,3494,980.0140030441399,1.5
20264,1.0,2940,2026-02-21T10:00,COMPLETA,714.7605,932.3333333333334,15.5,156.0,534.0,2,0.5208333333333334,3,0,0,658,3504,979.3878419452886,1.5
20264,1.0,2941,2026-02-21T10:10,COMPLETA,667.8642,932.3333333333334,15.5,156.0,534.0,2,0.5208333333333334,3,0,0,658,3504,979.3878419452886,1.5
20264,1.0,2942,2026-02-21T10:20,COMPLETA,760.5657,1207.125,51.5,200.0,660.0,3,0.4027777777777778,4,0,1,658,3504,979.3878419452886,1.5
20264,1.0,2943,2026-02-21T10:30,COMPLETA,805.059,932.3333333333334,15.5,156.0,534.0,2,0.5208333333333334,3,0,0,659,3513,978.2241274658572,1.5
20264,1.0,2944,2026-02-21T10:40,COMPLETA,690.7662,932.3333333333334,15.5,156.0,534.0,2,0.5208333333333334,3,0,0,660,3515,977.3237878787878,1.5
20264,1.0,2945,2026-02-21T10:50,COMPLETA,676.8628,932.3333333333334,15.5,156.0,534.0,2,0.5208333333333334,3,0,0,660,3515,977.3237878787878,1.5
20264,1.0,2946,2026-02-21T11:00,COMPLETA,718.9142,932.3333333333334,15.5,156.0,534.0,2,0.5208333333333334,3,0,0,661,3516,978.932980332829,1.5
20264,1.0,2947,2026-02-21T11:10,COMPLETA,664.0341,932.3333333333334,15.5,156.0,534.0,2,0.5208333333333334,3,0,0,662,3524,978.5358006042295,1.5
20264,1.0,2948,2026-02-21T11:20,COMPLETA,687.3534,932.3333333333334,15.5,156.0,534.0,2,0.5208333333333334,3,0,0,662,3524,978.5358006042295,1.5
20264,1.0,2949,2026-02-21T11:30,COMPLETA,685.8889,932.3333333333334,15.5,156.0,534.0,2,0.5208333333333334,3,0,0,662,3524,978.5358006042295,1.5
20264,1.0,2950,2026-02-21T11:40,COMPLETA,802.0651,1089.625,51.5,248.0,792.0,3,0.4722222222222222,4,0,1,662,3524,978.5358006042295,1.5
20264,1.0,2951,2026-02-21T11:50,COMPLETA,878.2946,1196.6,51.5,304.0,876.0,2,0.875,5,0,0,662,3524,978.5358006042295,1.5
20264,1.0,2952,2026-02-21T12:00,COMPLETA,993.9034,1196.6,51.5,304.0,876.0,2,0.875,5,0,0,663,3528,980.1737556561085,1.5
20264,1.0,2953,2026-02-21T12:10,COMPLETA,845.1616,1196.6,51.5,304.0,876.0,2,0.875,5,0,0,663,3528,980.1737556561085,1.5
20264,1.0,2954,2026-02-21T12:20,COMPLETA,884.7572,1196.6,51.5,304.0,876.0,2,0.875,5,0,0,663,3528,980.1737556561085,1.5
20264,1.0,2955,2026-02-21T12:30,COMPLETA,1087.1528,1305.9166666666667,51.5,391.0,1126.5,3,0.6805555555555556,6,0,0,663,3528,980.1737556561085,1.5
20264,1.0,2956,2026-02-21T12:40,COMPLETA,1546.0375,1153.857142857143,51.5,452.0,1398.0,4,0.5625,7,0,0,664,3533,980.8203313253011,1.5
20264,1.0,2957,2026-02-21T12:50,COMPLETA,1575.7525,1153.857142857143,51.5,452.0,1398.0,4,0.5625,7,0,0,664,3533,980.8203313253011,1.5
20264,1.0,2958,2026-02-21T13:00,COMPLETA,1640.8803,1153.857142857143,51.5,452.0,1398.0,4,0.5625,7,0,0,664,3535,980.8203313253011,1.5
20264,1.0,2959,2026-02-21T13:10,COMPLETA,1614.5727,1153.857142857143,51.5,452.0,1398.0,4,0.5625,7,0,0,664,3535,980.8203313253011,1.5
20264,1.0,2960,2026-02-21T13:20,COMPLETA,1744.8235,1153.857142857143,51.5,452.0,1398.0,4,0.5625,7,0,0,664,3535,980.8203313253011,1.5
20264,1.0,2961,2026-02-21T13:30,COMPLETA,1546.6779,1153.857142857143,51.5,452.0,1398.0,4,0.5625,7,0,0,664,3535,980.8203313253011,1.5
20264,1.0,2962,2026-02-21T13:40,COMPLETA,1809.1398,1044.4375,51.5,528.0,1512.0,4,0.65625,8,0,0,664,3535,980.8203313253011,1.5
20264,1.0,2963,2026-02-21T13:50,COMPLETA,1801.1439,1044.4375,51.5,528.0,1512.0,4,0.65625,8,0,0,664,3535,980.8203313253011,1.5
20264,1.0,2964,2026-02-21T14:00,COMPLETA,1707.4835,1044.4375,51.5,528.0,1512.0,4,0.65625,8,0,0,664,3535,980.8203313253011,1.5
20264,1.0,2965,2026-02-21T14:10,COMPLETA,1789.8431,1044.4375,51.5,528.0,1512.0,4,0.65625,8,0,0,664,3535,980.8203313253011,1.5
20264,1.0,2966,2026-02-21T14:20,COMPLETA,1678.3924,1044.4375,51.5,528.0,1512.0,4,0.65625,8,0,0,664,3535,980.8203313253011,1.5
20264,1.0,2967,2026-02-21T14:30,COMPLETA,2109.6755,984.5,51.5,616.0,1884.0,6,0.4513888888888889,9,0,0,664,3535,980.8203313253011,1.5
20264,1.0,2968,2026-02-21T14:40,COMPLETA,2063.8703,984.5,51.5,616.0,1884.0,6,0.4513888888888889,9,0,0,664,3535,980.8203313253011,1.5
20264,1.0,2969,2026-02-21T14:50,COMPLETA,2150.1754,984.5,51.5,616.0,1884.0,6,0.4513888888888889,9,0,0,664,3535,980.8203313253011,1.5
20264,1.0,2970,2026-02-21T15:00,COMPLETA,2203.2073,984.5,51.5,616.0,1884.0,6,0.4513888888888889,9,0,6,664,3535,980.8203313253011,1.5
20264,1.0,2971,2026-02-21T15:10,SIN_DEMANDA,0,,,,,,,0,0,0,664,3535,980.8203313253011,1.5
20264,1.0,2972,2026-02-21T15:20,SIN_DEMANDA,0,,,,,,,0,0,0,664,3535,980.8203313253011,1.5
20264,1.0,2973,2026-02-21T15:30,SIN_DEMANDA,0,,,,,,,0,0,0,664,3535,980.8203313253011,1.5
20264,1.0,2974,2026-02-21T15:40,COMPLETA,396.3845,2079.0,2079.0,28.0,162.0,1,0.16666666666666666,1,0,1,664,3535,980.8203313253011,1.5
20264,1.0,2975,2026-02-21T15:50,SIN_DEMANDA,0,,,,,,,0,0,0,664,3535,980.8203313253011,1.5
20264,1.0,2976,2026-02-21T16:00,COMPLETA,490.2088,77.0,12.0,91.0,376.5,2,0.22916666666666666,2,0,1,664,3535,980.8203313253011,1.5
20264,1.0,2977,2026-02-21T16:10,COMPLETA,485.9413,12.0,12.0,43.0,184.5,1,0.20833333333333334,1,0,0,664,3535,980.8203313253011,1.5
20264,1.0,2978,2026-02-21T16:20,COMPLETA,488.7044,45.75,12.0,185.0,517.5,2,0.2708333333333333,2,0,0,664,3535,980.8203313253011,1.5
20264,1.0,2979,2026-02-21T16:30,COMPLETA,548.2024,45.75,12.0,185.0,517.5,2,0.2708333333333333,2,0,0,664,3535,980.8203313253011,1.5
20264,1.0,2980,2026-02-21T16:40,COMPLETA,633.8678,45.75,12.0,185.0,517.5,2,0.2708333333333333,2,0,0,666,3546,978.4785285285285,1.5
20264,1.0,2981,2026-02-21T16:50,COMPLETA,532.1323,45.75,12.0,185.0,517.5,2,0.2708333333333333,2,0,0,666,3546,978.4785285285285,1.5
20264,1.0,2982,2026-02-21T17:00,COMPLETA,512.961,45.75,12.0,185.0,517.5,2,0.2708333333333333,2,0,0,666,3546,978.4785285285285,1.5
20264,1.0,2983,2026-02-21T17:10,COMPLETA,513.7364,45.75,12.0,185.0,517.5,2,0.2708333333333333,2,0,0,667,3550,980.1284857571213,1.5
20264,1.0,2984,2026-02-21T17:20,COMPLETA,543.4724,45.75,12.0,185.0,517.5,2,0.2708333333333333,2,0,0,667,3550,980.1284857571213,1.5
20264,1.0,2985,2026-02-21T17:30,COMPLETA,623.1564,588.1666666666666,12.0,260.0,750.0,3,0.3194444444444444,3,0,0,668,3558,981.2270958083832,1.5
20264,1.0,2986,2026-02-21T17:40,COMPLETA,739.307,588.1666666666666,12.0,260.0,690.0,3,0.3194444444444444,3,0,0,670,3571,981.2749253731342,1.5
20264,1.0,2987,2026-02-21T17:50,COMPLETA,637.1536,588.1666666666666,12.0,260.0,690.0,3,0.3194444444444444,3,0,0,671,3576,980.0695976154992,1.5
20264,1.0,2988,2026-02-21T18:00,COMPLETA,620.6229,588.1666666666666,12.0,260.0,690.0,3,0.3194444444444444,3,0,1,671,3576,980.0695976154992,1.5
20264,1.0,2989,2026-02-21T18:10,COMPLETA,644.8282,876.25,79.5,217.0,565.5,2,0.375,2,0,0,672,3585,981.2473214285714,1.5
20264,1.0,2990,2026-02-21T18:20,COMPLETA,630.821,876.25,79.5,217.0,565.5,2,0.375,2,0,0,672,3585,981.2473214285714,1.5
20264,1.0,2991,2026-02-21T18:30,COMPLETA,691.3951,876.25,79.5,217.0,565.5,2,0.375,2,0,0,672,3585,981.2473214285714,1.5
20264,1.0,2992,2026-02-21T18:40,COMPLETA,622.7984,876.25,79.5,217.0,565.5,2,0.375,2,0,0,672,3585,981.2473214285714,1.5
20264,1.0,2993,2026-02-21T18:50,COMPLETA,622.9708,876.25,79.5,217.0,565.5,2,0.375,2,0,0,673,3594,980.4081723625557,1.5
20264,1.0,2994,2026-02-21T19:00,COMPLETA,582.3661,876.25,79.5,217.0,565.5,2,0.375,2,0,0,673,3594,980.4081723625557,1.5
20264,1.0,2995,2026-02-21T19:10,COMPLETA,717.4523,1277.0,79.5,235.0,652.5,3,0.2638888888888889,3,0,1,673,3594,980.4081723625557,1.5
20264,1.0,2996,2026-02-21T19:20,COMPLETA,699.5085,876.25,79.5,217.0,565.5,2,0.375,2,0,0,673,3594,980.4081723625557,1.5
20264,1.0,2997,2026-02-21T19:30,COMPLETA,600.1509,876.25,79.5,217.0,565.5,2,0.375,2,0,0,673,3594,980.4081723625557,1.5
20264,1.0,2998,2026-02-21T19:40,COMPLETA,617.8597,876.25,79.5,217.0,565.5,2,0.375,2,0,0,673,3594,980.4081723625557,1.5
20264,1.0,2999,2026-02-21T19:50,COMPLETA,598.3067,876.25,79.5,217.0,565.5,2,0.375,2,0,0,674,3603,978.9713649851632,1.5
20264,1.0,3000,2026-02-21T20:00,COMPLETA,765.1609,1275.5,327.0,249.0,673.5,3,0.3888888888888889,3,0,1,674,3603,978.9713649851632,1.5
20264,1.0,3001,2026-02-21T20:10,COMPLETA,784.4473,1716.75,1673.0,81.0,301.5,1,0.8333333333333334,2,0,0,674,3603,978.9713649851632,1.5
20264,1.0,3002,2026-02-21T20:20,COMPLETA,689.9775,1716.75,1673.0,81.0,301.5,1,0.8333333333333334,2,0,0,675,3609,979.9543703703703,1.5
20264,1.0,3003,2026-02-21T20:30,COMPLETA,780.8132,1716.75,1673.0,81.0,301.5,1,0.8333333333333334,2,0,0,676,3610,981.5794378698224,1.5
20264,1.0,3004,2026-02-21T20:40,COMPLETA,1036.1145,1755.8333333333333,1673.0,179.0,568.5,2,0.625,3,0,0,677,3616,981.4426883308714,1.5
20264,1.0,3005,2026-02-21T20:50,COMPLETA,959.1556,1755.8333333333333,1673.0,179.0,568.5,2,0.625,3,0,0,677,3616,981.4426883308714,1.5
20264,1.0,3006,2026-02-21T21:00,COMPLETA,1004.7737,1755.8333333333333,1673.0,179.0,568.5,2,0.625,3,0,0,677,3616,981.4426883308714,1.5
20264,1.0,3007,2026-02-21T21:10,COMPLETA,968.6414,1755.8333333333333,1673.0,179.0,568.5,2,0.625,3,0,0,677,3616,981.4426883308714,1.5
20264,1.0,3008,2026-02-21T21:20,COMPLETA,1218.1687,1802.875,1673.0,247.0,790.5,3,0.4583333333333333,4,0,0,677,3616,981.4426883308714,1.5
20264,1.0,3009,2026-02-21T21:30,COMPLETA,1068.3122,1802.875,1673.0,247.0,790.5,3,0.4583333333333333,4,0,0,677,3616,981.4426883308714,1.5
20264,1.0,3010,2026-02-21T21:40,COMPLETA,1168.0812,1543.7,792.0,374.0,1041.0,3,0.5972222222222222,5,0,0,677,3616,981.4426883308714,1.5
20264,1.0,3011,2026-02-21T21:50,COMPLETA,1223.5047,1543.7,792.0,374.0,1041.0,3,0.5972222222222222,5,0,0,677,3616,981.4426883308714,1.5
20264,1.0,3012,2026-02-21T22:00,COMPLETA,1210.3354,1543.7,792.0,374.0,1041.0,3,0.5972222222222222,5,0,0,677,3616,981.4426883308714,1.5
20264,1.0,3013,2026-02-21T22:10,COMPLETA,1164.6959,1543.7,792.0,374.0,1041.0,3,0.5972222222222222,5,0,0,677,3616,981.4426883308714,1.5
20264,1.0,3014,2026-02-21T22:20,COMPLETA,1305.6315,1386.1666666666667,598.5,400.0,1200.0,4,0.4791666666666667,6,0,0,677,3616,981.4426883308714,1.5
20264,1.0,3015,2026-02-21T22:30,COMPLETA,1246.1427,1386.1666666666667,598.5,400.0,1200.0,4,0.4791666666666667,6,0,0,677,3616,981.4426883308714,1.5
20264,1.0,3016,2026-02-21T22:40,COMPLETA,1320.2053,1386.1666666666667,598.5,400.0,1200.0,4,0.4791666666666667,6,0,0,677,3616,981.4426883308714,1.5
20264,1.0,3017,2026-02-21T22:50,COMPLETA,1247.0285,1386.1666666666667,598.5,400.0,1200.0,4,0.4791666666666667,6,0,0,678,3624,980.4774336283185,1.5
20264,1.0,3018,2026-02-21T23:00,COMPLETA,1263.8111,1386.1666666666667,598.5,400.0,1200.0,4,0.4791666666666667,6,0,4,678,3624,980.4774336283185,1.5
20264,1.0,3019,2026-02-21T23:10,SIN_DEMANDA,0,,,,,,,0,0,0,678,3624,980.4774336283185,1.5
20264,1.0,3020,2026-02-21T23:20,SIN_DEMANDA,0,,,,,,,0,0,0,678,3624,980.4774336283185,1.5
20264,1.0,3021,2026-02-21T23:30,SIN_DEMANDA,0,,,,,,,0,0,0,678,3624,980.4774336283185,1.5
20264,1.0,3022,2026-02-21T23:40,SIN_DEMANDA,0,,,,,,,0,0,0,678,3624,980.4774336283185,1.5
20264,1.0,3023,2026-02-21T23:50,SIN_DEMANDA,0,,,,,,,0,0,0,678,3624,980.4774336283185,1.5
20264,1.0,3024,2026-02-22T00:00,SIN_DEMANDA,0,,,,,,,0,0,0,678,3624,980.4774336283185,1.5
20264,1.0,3025,2026-02-22T00:10,COMPLETA,459.3425,2074.5,2074.5,34.0,171.0,1,0.125,1,0,1,678,3624,980.4774336283185,1.5
20264,1.0,3026,2026-02-22T00:20,SIN_DEMANDA,0,,,,,,,0,0,0,679,3627,979.9148748159057,1.5
20264,1.0,3027,2026-02-22T00:30,COMPLETA,422.5183,613.5,613.5,50.0,195.0,1,0.125,1,0,1,679,3627,979.9148748159057,1.5
20264,1.0,3028,2026-02-22T00:40,SIN_DEMANDA,0,,,,,,,0,0,0,679,3627,979.9148748159057,1.5
20264,1.0,3029,2026-02-22T00:50,SIN_DEMANDA,0,,,,,,,0,0,0,679,3627,979.9148748159057,1.5
20264,1.0,3030,2026-02-22T01:00,SIN_DEMANDA,0,,,,,,,0,0,0,680,3630,981.3326470588235,1.5
20264,1.0,3031,2026-02-22T01:10,SIN_DEMANDA,0,,,,,,,0,0,0,680,3630,981.3326470588235,1.5
20264,1.0,3032,2026-02-22T01:20,SIN_DEMANDA,0,,,,,,,0,0,0,680,3630,981.3326470588235,1.5
20264,1.0,3033,2026-02-22T01:30,COMPLETA,664.0783,1672.0,1672.0,81.0,241.5,1,0.4166666666666667,1,0,0,680,3630,981.3326470588235,1.5
20264,1.0,3034,2026-02-22T01:40,COMPLETA,674.7797,932.75,280.5,99.0,328.5,1,0.75,2,0,0,681,3633,982.937885462555,1.5
20264,1.0,3035,2026-02-22T01:50,COMPLETA,636.4377,932.75,280.5,99.0,328.5,1,0.75,2,0,0,681,3633,982.937885462555,1.5
20264,1.0,3036,2026-02-22T02:00,COMPLETA,611.2457,932.75,280.5,99.0,328.5,1,0.75,2,0,0,682,3643,984.1857771260997,1.5
20264,1.0,3037,2026-02-22T02:10,COMPLETA,773.7177,932.75,280.5,99.0,328.5,1,0.75,2,0,0,683,3646,983.6430453879941,1.5
20264,1.0,3038,2026-02-22T02:20,COMPLETA,783.5187,1206.6666666666667,280.5,166.0,549.0,2,0.5416666666666666,3,0,0,683,3646,983.6430453879941,1.5
20264,1.0,3039,2026-02-22T02:30,COMPLETA,705.3493,1206.6666666666667,280.5,166.0,549.0,2,0.5416666666666666,3,0,0,684,3656,983.362865497076,1.5
20264,1.0,3040,2026-02-22T02:40,COMPLETA,749.8266,1206.6666666666667,280.5,166.0,549.0,2,0.5416666666666666,3,0,0,684,3656,983.362865497076,1.5
20264,1.0,3041,2026-02-22T02:50,COMPLETA,811.2057,1206.6666666666667,280.5,166.0,549.0,2,0.5416666666666666,3,0,0,684,3656,983.362865497076,1.5
20264,1.0,3042,2026-02-22T03:00,COMPLETA,730.845,1206.6666666666667,280.5,166.0,549.0,2,0.5416666666666666,3,0,0,684,3656,983.362865497076,1.5
20264,1.0,3043,2026-02-22T03:10,COMPLETA,649.8743,1206.6666666666667,280.5,166.0,549.0,2,0.5416666666666666,3,0,0,684,3656,983.362865497076,1.5
20264,1.0,3044,2026-02-22T03:20,COMPLETA,704.7653,1206.6666666666667,280.5,166.0,549.0,2,0.5416666666666666,3,0,0,684,3656,983.362865497076,1.5
20264,1.0,3045,2026-02-22T03:30,COMPLETA,703.2616,1206.6666666666667,280.5,166.0,549.0,2,0.5416666666666666,3,0,0,684,3656,983.362865497076,1.5
20264,1.0,3046,2026-02-22T03:40,COMPLETA,933.4799,1206.6666666666667,280.5,166.0,549.0,2,0.5416666666666666,3,0,0,684,3656,983.362865497076,1.5
20264,1.0,3047,2026-02-22T03:50,COMPLETA,825.5692,1372.5,280.5,296.0,804.0,3,0.4305555555555556,4,0,1,684,3656,983.362865497076,1.5
20264,1.0,3048,2026-02-22T04:00,COMPLETA,728.809,924.125,86.5,265.0,757.5,3,0.4305555555555556,4,0,1,684,3656,983.362865497076,1.5
20264,1.0,3049,2026-02-22T04:10,COMPLETA,755.8672,925.625,92.5,277.0,775.5,3,0.4027777777777778,4,0,1,684,3656,983.362865497076,1.5
20264,1.0,3050,2026-02-22T04:20,COMPLETA,741.0076,1203.3333333333333,280.5,186.0,579.0,2,0.4791666666666667,3,0,0,685,3666,984.361605839416,1.5
20264,1.0,3051,2026-02-22T04:30,COMPLETA,704.5792,1203.3333333333333,280.5,186.0,579.0,2,0.4791666666666667,3,0,0,685,3666,984.361605839416,1.5
20264,1.0,3052,2026-02-22T04:40,COMPLETA,706.0211,1203.3333333333333,280.5,186.0,579.0,2,0.4791666666666667,3,0,0,685,3666,984.361605839416,1.5
20264,1.0,3053,2026-02-22T04:50,COMPLETA,715.6243,1418.0,280.5,230.0,705.0,3,0.3472222222222222,4,0,1,686,3676,985.0855685131195,1.5
20264,1.0,3054,2026-02-22T05:00,COMPLETA,665.4901,1203.3333333333333,280.5,186.0,579.0,2,0.4791666666666667,3,0,0,686,3676,985.0855685131195,1.5
20264,1.0,3055,2026-02-22T05:10,COMPLETA,790.7945,1203.3333333333333,280.5,186.0,579.0,2,0.4791666666666667,3,0,0,686,3676,985.0855685131195,1.5
20264,1.0,3056,2026-02-22T05:20,COMPLETA,706.8567,1203.3333333333333,280.5,186.0,579.0,2,0.4791666666666667,3,0,0,686,3676,985.0855685131195,1.5
20264,1.0,3057,2026-02-22T05:30,COMPLETA,674.7893,1203.3333333333333,280.5,186.0,579.0,2,0.4791666666666667,3,0,0,686,3676,985.0855685131195,1.5
20264,1.0,3058,2026-02-22T05:40,COMPLETA,679.0444,1203.3333333333333,280.5,186.0,579.0,2,0.4791666666666667,3,0,0,686,3676,985.0855685131195,1.5
20264,1.0,3059,2026-02-22T05:50,COMPLETA,775.4904,1374.25,196.5,202.0,724.5,2,0.5833333333333334,4,0,0,686,3676,985.0855685131195,1.5
20264,1.0,3060,2026-02-22T06:00,COMPLETA,796.3625,1456.4,280.5,246.0,789.0,2,0.6875,5,0,0,686,3676,985.0855685131195,1.5
20264,1.0,3061,2026-02-22T06:10,COMPLETA,780.0049,1456.4,280.5,246.0,789.0,2,0.6875,5,0,0,686,3676,985.0855685131195,1.5
20264,1.0,3062,2026-02-22T06:20,COMPLETA,771.3718,1456.4,280.5,246.0,789.0,2,0.6875,5,0,0,686,3676,985.0855685131195,1.5
20264,1.0,3063,2026-02-22T06:30,COMPLETA,770.6661,1456.4,280.5,246.0,789.0,2,0.6875,5,0,0,688,3686,985.3447674418604,1.5
20264,1.0,3064,2026-02-22T06:40,COMPLETA,978.8979,1357.7142857142858,181.0,394.0,1297.0,4,0.4479166666666667,7,0,0,689,3692,984.0489114658925,1.5
20264,1.0,3065,2026-02-22T06:50,COMPLETA,954.9619,1357.7142857142858,181.0,394.0,1297.0,4,0.4479166666666667,7,0,0,689,3692,984.0489114658925,1.5
20264,1.0,3066,2026-02-22T07:00,COMPLETA,1000.158,1451.375,181.0,398.0,1423.0,5,0.36666666666666664,8,0,4,690,3700,985.3473913043478,1.5
20264,1.0,3067,2026-02-22T07:10,COMPLETA,590.5609,181.0,181.0,86.0,295.0,1,0.3333333333333333,1,0,0,690,3700,985.3473913043478,1.5
20264,1.0,3068,2026-02-22T07:20,COMPLETA,585.5498,117.25,1.0,166.0,429.0,1,0.6666666666666666,2,0,0,690,3700,985.3473913043478,1.5
20264,1.0,3069,2026-02-22T07:30,COMPLETA,586.8158,117.25,1.0,166.0,429.0,1,0.6666666666666666,2,0,1,690,3700,985.3473913043478,1.5
20264,1.0,3070,2026-02-22T07:40,COMPLETA,339.1981,128.5,128.5,58.0,207.0,1,0.041666666666666664,1,0,1,690,3700,985.3473913043478,1.5
20264,1.0,3071,2026-02-22T07:50,SIN_DEMANDA,0,,,,,,,0,0,0,690,3700,985.3473913043478,1.5
20264,1.0,3072,2026-02-22T08:00,SIN_DEMANDA,0,,,,,,,0,0,0,690,3700,985.3473913043478,1.5
20264,1.0,3073,2026-02-22T08:10,COMPLETA,397.9941,1005.0,1005.0,16.0,144.0,1,0.16666666666666666,1,0,1,691,3701,986.9532561505065,1.5
20264,1.0,3074,2026-02-22T08:20,COMPLETA,442.9215,327.0,327.0,43.0,184.5,1,0.25,1,0,0,691,3701,986.9532561505065,1.5
20264,1.0,3075,2026-02-22T08:30,COMPLETA,475.9382,327.0,327.0,43.0,184.5,1,0.25,1,0,0,692,3702,986.0537572254335,1.5
20264,1.0,3076,2026-02-22T08:40,COMPLETA,563.1603,327.0,327.0,43.0,184.5,1,0.25,1,0,0,692,3702,986.0537572254335,1.5
20264,1.0,3077,2026-02-22T08:50,COMPLETA,500.2955,327.0,327.0,43.0,184.5,1,0.25,1,0,0,692,3702,986.0537572254335,1.5
20264,1.0,3078,2026-02-22T09:00,COMPLETA,467.0105,327.0,327.0,43.0,184.5,1,0.25,1,0,1,693,3707,987.475036075036,1.5
20264,1.0,3079,2026-02-22T09:10,SIN_DEMANDA,0,,,,,,,0,0,0,693,3707,987.475036075036,1.5
20264,1.0,3080,2026-02-22T09:20,COMPLETA,530.0301,37.0,37.0,52.0,198.0,1,0.375,1,0,0,693,3707,987.475036075036,1.5
20264,1.0,3081,2026-02-22T09:30,COMPLETA,510.4811,37.0,37.0,52.0,198.0,1,0.375,1,0,0,695,3712,986.2643165467625,1.5
20264,1.0,3082,2026-02-22T09:40,COMPLETA,518.985,37.0,37.0,52.0,198.0,1,0.375,1,0,0,696,3722,987.2495689655171,1.5
20264,1.0,3083,2026-02-22T09:50,COMPLETA,648.5627,1060.5,37.0,64.0,276.0,2,0.25,2,0,1,696,3722,987.2495689655171,1.5
20264,1.0,3084,2026-02-22T10:00,COMPLETA,535.5068,865.5,37.0,144.0,456.0,2,0.375,2,0,0,696,3722,987.2495689655171,1.5
20264,1.0,3085,2026-02-22T10:10,COMPLETA,550.5149,865.5,37.0,144.0,456.0,2,0.375,2,0,0,696,3722,987.2495689655171,1.5
20264,1.0,3086,2026-02-22T10:20,COMPLETA,557.911,865.5,37.0,144.0,456.0,2,0.375,2,0,0,696,3722,987.2495689655171,1.5
20264,1.0,3087,2026-02-22T10:30,COMPLETA,708.9048,865.5,37.0,144.0,456.0,2,0.375,2,0,0,696,3722,987.2495689655171,1.5
20264,1.0,3088,2026-02-22T10:40,COMPLETA,511.1563,865.5,37.0,144.0,456.0,2,0.375,2,0,0,696,3722,987.2495689655171,1.5
20264,1.0,3089,2026-02-22T10:50,COMPLETA,650.2289,865.5,37.0,144.0,456.0,2,0.375,2,0,0,698,3733,987.5755014326647,1.5
20264,1.0,3090,2026-02-22T11:00,COMPLETA,559.2512,865.5,37.0,144.0,456.0,2,0.375,2,0,0,699,3736,989.1440629470671,1.5
20264,1.0,3091,2026-02-22T11:10,COMPLETA,522.4698,865.5,37.0,144.0,456.0,2,0.375,2,0,0,699,3736,989.1440629470671,1.5
20264,1.0,3092,2026-02-22T11:20,COMPLETA,541.6845,865.5,37.0,144.0,456.0,2,0.375,2,0,0,700,3744,988.0645714285714,1.5
20264,1.0,3093,2026-02-22T11:30,COMPLETA,570.9048,865.5,37.0,144.0,456.0,2,0.375,2,0,0,700,3744,988.0645714285714,1.5
20264,1.0,3094,2026-02-22T11:40,COMPLETA,572.5158,865.5,37.0,144.0,456.0,2,0.375,2,0,0,700,3744,988.0645714285714,1.5
20264,1.0,3095,2026-02-22T11:50,COMPLETA,610.7963,906.5,37.0,174.0,561.0,3,0.2916666666666667,3,0,1,700,3744,988.0645714285714,1.5
20264,1.0,3096,2026-02-22T12:00,COMPLETA,669.2056,865.5,37.0,144.0,456.0,2,0.375,2,0,0,700,3744,988.0645714285714,1.5
20264,1.0,3097,2026-02-22T12:10,COMPLETA,559.5254,865.5,37.0,144.0,456.0,2,0.375,2,0,0,700,3744,988.0645714285714,1.5
20264,1.0,3098,2026-02-22T12:20,COMPLETA,603.3543,708.0,37.0,168.0,552.0,3,0.2916666666666667,3,0,1,701,3749,989.0195435092724,1.5
20264,1.0,3099,2026-02-22T12:30,COMPLETA,573.2314,865.5,37.0,144.0,456.0,2,0.375,2,0,0,701,3749,989.0195435092724,1.5
20264,1.0,3100,2026-02-22T12:40,COMPLETA,622.8084,865.5,37.0,144.0,456.0,2,0.375,2,0,0,702,3758,990.1676638176638,1.5
20264,1.0,3101,2026-02-22T12:50,COMPLETA,537.6151,865.5,37.0,144.0,456.0,2,0.375,2,0,0,702,3758,990.1676638176638,1.5
20264,1.0,3102,2026-02-22T13:00,COMPLETA,564.5863,865.5,37.0,144.0,456.0,2,0.375,2,0,0,702,3758,990.1676638176638,1.5
20264,1.0,3103,2026-02-22T13:10,COMPLETA,589.712,865.5,37.0,144.0,456.0,2,0.375,2,0,0,702,3758,990.1676638176638,1.5
20264,1.0,3104,2026-02-22T13:20,COMPLETA,571.4174,628.6666666666666,55.0,168.0,552.0,3,0.3472222222222222,3,0,1,703,3761,990.1652916073969,1.5
20264,1.0,3105,2026-02-22T13:30,COMPLETA,569.3338,874.5,55.0,116.0,414.0,2,0.3333333333333333,2,0,0,703,3761,990.1652916073969,1.5
20264,1.0,3106,2026-02-22T13:40,COMPLETA,744.0273,1178.8333333333333,55.0,172.0,558.0,2,0.4375,3,0,0,705,3772,987.9151773049645,1.0
20264,1.0,3107,2026-02-22T13:50,COMPLETA,615.2856,1178.8333333333333,55.0,172.0,558.0,2,0.4375,3,0,0,705,3772,987.9151773049645,1.0
20264,1.0,3108,2026-02-22T14:00,COMPLETA,889.0768,1309.3,17.0,206.0,849.0,4,0.3229166666666667,5,0,0,705,3772,987.9151773049645,1.0
20264,1.0,3109,2026-02-22T14:10,COMPLETA,832.8731,1309.3,17.0,206.0,849.0,4,0.3229166666666667,5,0,0,705,3772,987.9151773049645,1.0
20264,1.0,3110,2026-02-22T14:20,COMPLETA,974.3913,1309.3,17.0,206.0,849.0,4,0.3229166666666667,5,0,0,705,3772,987.9151773049645,1.0
20264,1.0,3111,2026-02-22T14:30,COMPLETA,887.8651,1309.3,17.0,206.0,849.0,4,0.3229166666666667,5,0,0,705,3772,987.9151773049645,1.0
20264,1.0,3112,2026-02-22T14:40,COMPLETA,872.5879,1309.3,17.0,206.0,849.0,4,0.3229166666666667,5,0,0,705,3772,987.9151773049645,1.0
20264,1.0,3113,2026-02-22T14:50,COMPLETA,834.3338,1309.3,17.0,206.0,849.0,4,0.3229166666666667,5,0,0,705,3772,987.9151773049645,1.0
20264,1.0,3114,2026-02-22T15:00,COMPLETA,947.8328,1309.3,17.0,206.0,849.0,4,0.3229166666666667,5,0,3,706,3781,986.7099150141643,1.0
20264,1.0,3115,2026-02-22T15:10,COMPLETA,502.2342,17.0,17.0,24.0,156.0,1,0.2916666666666667,1,0,0,706,3781,986.7099150141643,1.0
20264,1.0,3116,2026-02-22T15:20,COMPLETA,510.5047,17.0,17.0,24.0,156.0,1,0.2916666666666667,1,0,0,706,3781,986.7099150141643,1.0
20264,1.0,3117,2026-02-22T15:30,COMPLETA,502.0393,17.0,17.0,24.0,156.0,1,0.2916666666666667,1,0,1,706,3781,986.7099150141643,1.0
20264,1.0,3118,2026-02-22T15:40,SIN_DEMANDA,0,,,,,,,0,0,0,706,3781,986.7099150141643,1.0
20264,1.0,3119,2026-02-22T15:50,SIN_DEMANDA,0,,,,,,,0,0,0,706,3781,986.7099150141643,1.0
20264,1.0,3120,2026-02-22T16:00,SIN_DEMANDA,0,,,,,,,0,0,0,706,3781,986.7099150141643,1.0
20264,1.0,3121,2026-02-22T16:10,SIN_DEMANDA,0,,,,,,,0,0,0,706,3781,986.7099150141643,1.0
20264,1.0,3122,2026-02-22T16:20,SIN_DEMANDA,0,,,,,,,0,0,0,707,3785,986.6403111739745,1.0
20264,1.0,3123,2026-02-22T16:30,SIN_DEMANDA,0,,,,,,,0,0,0,707,3785,986.6403111739745,1.0
20264,1.0,3124,2026-02-22T16:40,SIN_DEMANDA,0,,,,,,,0,0,0,708,3794,987.7411016949152,1.0
20264,1.0,3125,2026-02-22T16:50,SIN_DEMANDA,0,,,,,,,0,0,0,708,3794,987.7411016949152,1.0
20264,1.0,3126,2026-02-22T17:00,SIN_DEMANDA,0,,,,,,,0,0,0,709,3801,986.3719322990127,1.0
20264,1.0,3127,2026-02-22T17:10,SIN_DEMANDA,0,,,,,,,0,0,0,710,3807,987.7523943661971,1.0
20264,1.0,3128,2026-02-22T17:20,SIN_DEMANDA,0,,,,,,,0,0,0,710,3807,987.7523943661971,1.0
20264,1.0,3129,2026-02-22T17:30,COMPLETA,518.5876,1628.0,1628.0,128.0,312.0,1,0.4166666666666667,1,0,0,710,3807,987.7523943661971,1.0
20264,1.0,3130,2026-02-22T17:40,COMPLETA,514.9112,1628.0,1628.0,128.0,312.0,1,0.4166666666666667,1,0,0,710,3807,987.7523943661971,1.0
20264,1.0,3131,2026-02-22T17:50,COMPLETA,583.9295,1628.0,1628.0,128.0,312.0,1,0.4166666666666667,1,0,0,710,3807,987.7523943661971,1.0
20264,1.0,3132,2026-02-22T18:00,COMPLETA,556.2144,1135.75,643.5,138.0,387.0,2,0.22916666666666666,2,0,1,710,3807,987.7523943661971,1.0
20264,1.0,3133,2026-02-22T18:10,COMPLETA,579.1905,1628.0,1628.0,128.0,312.0,1,0.4166666666666667,1,0,0,710,3807,987.7523943661971,1.0
20264,1.0,3134,2026-02-22T18:20,COMPLETA,507.5581,1628.0,1628.0,128.0,312.0,1,0.4166666666666667,1,0,0,710,3807,987.7523943661971,1.0
20264,1.0,3135,2026-02-22T18:30,COMPLETA,528.2184,1628.0,1628.0,128.0,312.0,1,0.4166666666666667,1,0,0,710,3807,987.7523943661971,1.0
20264,1.0,3136,2026-02-22T18:40,COMPLETA,456.6868,1628.0,1628.0,128.0,312.0,1,0.4166666666666667,1,0,0,710,3807,987.7523943661971,1.0
20264,1.0,3137,2026-02-22T18:50,COMPLETA,671.2013,1120.3333333333333,160.0,171.0,496.5,2,0.4791666666666667,3,0,1,711,3812,988.9784810126581,1.0
20264,1.0,3138,2026-02-22T19:00,COMPLETA,619.5876,1600.5,1573.0,155.0,412.5,1,0.8333333333333334,2,0,0,711,3812,988.9784810126581,1.0
20264,1.0,3139,2026-02-22T19:10,COMPLETA,545.0188,1600.5,1573.0,155.0,412.5,1,0.8333333333333334,2,0,0,712,3813,988.4932584269662,1.0
20264,1.0,3140,2026-02-22T19:20,COMPLETA,612.9667,1600.5,1573.0,155.0,412.5,1,0.8333333333333334,2,0,0,712,3813,988.4932584269662,1.0
20264,1.0,3141,2026-02-22T19:30,COMPLETA,581.2464,1115.8333333333333,146.5,193.0,529.5,2,0.4375,3,0,1,712,3813,988.4932584269662,1.0
20264,1.0,3142,2026-02-22T19:40,COMPLETA,674.852,1600.5,1573.0,155.0,412.5,1,0.8333333333333334,2,0,0,712,3813,988.4932584269662,1.0
20264,1.0,3143,2026-02-22T19:50,COMPLETA,596.7629,1600.5,1573.0,155.0,412.5,1,0.8333333333333334,2,0,0,712,3813,988.4932584269662,1.0
20264,1.0,3144,2026-02-22T20:00,COMPLETA,543.8391,1600.5,1573.0,155.0,412.5,1,0.8333333333333334,2,0,0,712,3813,988.4932584269662,1.0
20264,1.0,3145,2026-02-22T20:10,COMPLETA,594.2859,1600.5,1573.0,155.0,412.5,1,0.8333333333333334,2,0,0,713,3816,987.3312762973352,1.0
20264,1.0,3146,2026-02-22T20:20,COMPLETA,585.3421,1600.5,1573.0,155.0,412.5,1,0.8333333333333334,2,0,0,713,3816,987.3312762973352,1.0
20264,1.0,3147,2026-02-22T20:30,COMPLETA,589.4681,1600.5,1573.0,155.0,412.5,1,0.8333333333333334,2,0,0,713,3816,987.3312762973352,1.0
20264,1.0,3148,2026-02-22T20:40,COMPLETA,726.0371,1260.3333333333333,161.0,157.0,475.5,3,0.3611111111111111,3,0,2,713,3816,987.3312762973352,1.0
20264,1.0,3149,2026-02-22T20:50,COMPLETA,480.0229,1734.0,1734.0,73.0,229.5,1,0.4166666666666667,1,0,0,713,3816,987.3312762973352,1.0
20264,1.0,3150,2026-02-22T21:00,COMPLETA,591.0067,1720.75,1707.5,140.0,390.0,1,0.8333333333333334,2,0,0,714,3817,986.1536414565826,1.0
20264,1.0,3151,2026-02-22T21:10,COMPLETA,581.2871,1720.75,1707.5,140.0,390.0,1,0.8333333333333334,2,0,0,714,3817,986.1536414565826,1.0
20264,1.0,3152,2026-02-22T21:20,COMPLETA,582.7265,1720.75,1707.5,140.0,390.0,1,0.8333333333333334,2,0,0,714,3817,986.1536414565826,1.0
20264,1.0,3153,2026-02-22T21:30,COMPLETA,655.3528,1720.75,1707.5,140.0,390.0,1,0.8333333333333334,2,0,0,714,3817,986.1536414565826,1.0
20264,1.0,3154,2026-02-22T21:40,COMPLETA,555.9781,1720.75,1707.5,140.0,390.0,1,0.8333333333333334,2,0,0,714,3817,986.1536414565826,1.0
20264,1.0,3155,2026-02-22T21:50,COMPLETA,687.2527,1433.0,739.5,219.0,628.5,2,0.5416666666666666,3,0,0,714,3817,986.1536414565826,1.0
20264,1.0,3156,2026-02-22T22:00,COMPLETA,702.8788,1433.0,739.5,219.0,628.5,2,0.5416666666666666,3,0,0,715,3823,984.9995804195804,1.0
20264,1.0,3157,2026-02-22T22:10,COMPLETA,666.0681,1433.0,739.5,219.0,628.5,2,0.5416666666666666,3,0,0,715,3823,984.9995804195804,1.0
20264,1.0,3158,2026-02-22T22:20,COMPLETA,714.6001,1433.0,739.5,219.0,628.5,2,0.5416666666666666,3,0,0,715,3823,984.9995804195804,1.0
20264,1.0,3159,2026-02-22T22:30,COMPLETA,674.2939,1258.25,617.0,153.0,649.5,3,0.4027777777777778,4,0,0,715,3823,984.9995804195804,1.0
20264,1.0,3160,2026-02-22T22:40,COMPLETA,716.8675,1258.25,617.0,153.0,649.5,3,0.4027777777777778,4,0,0,716,3833,986.2188547486032,1.0
20264,1.0,3161,2026-02-22T22:50,COMPLETA,720.9284,1258.25,617.0,153.0,649.5,3,0.4027777777777778,4,0,0,716,3833,986.2188547486032,1.0
20264,1.0,3162,2026-02-22T23:00,COMPLETA,706.614,1258.25,617.0,153.0,649.5,3,0.4027777777777778,4,0,2,716,3833,986.2188547486032,1.0
20264,1.0,3163,2026-02-22T23:10,COMPLETA,555.405,1236.75,739.5,103.0,334.5,1,0.6666666666666666,2,0,0,716,3833,986.2188547486032,1.0
20264,1.0,3164,2026-02-22T23:20,COMPLETA,564.6282,1236.75,739.5,103.0,334.5,1,0.6666666666666666,2,0,1,716,3833,986.2188547486032,1.0
20264,1.0,3165,2026-02-22T23:30,SIN_DEMANDA,0,,,,,,,0,0,0,716,3833,986.2188547486032,1.0
20264,1.0,3166,2026-02-22T23:40,SIN_DEMANDA,0,,,,,,,0,0,0,716,3833,986.2188547486032,1.0
20264,1.0,3167,2026-02-22T23:50,COMPLETA,478.8773,0.0,0.0,59.0,208.5,1,0.4166666666666667,1,0,0,716,3833,986.2188547486032,1.0
20264,1.0,3168,2026-02-23T00:00,COMPLETA,472.882,0.0,0.0,59.0,208.5,1,0.4166666666666667,1,0,0,716,3833,986.2188547486032,1.0
20264,1.0,3169,2026-02-23T00:10,COMPLETA,470.1788,0.0,0.0,59.0,208.5,1,0.4166666666666667,1,0,0,717,3836,985.7039051603905,1.0
20264,1.0,3170,2026-02-23T00:20,COMPLETA,482.5584,0.0,0.0,59.0,208.5,1,0.4166666666666667,1,0,0,717,3836,985.7039051603905,1.0
20264,1.0,3171,2026-02-23T00:30,COMPLETA,484.6032,0.0,0.0,59.0,208.5,1,0.4166666666666667,1,0,0,718,3846,987.0364902506963,1.0
20264,1.0,3172,2026-02-23T00:40,COMPLETA,562.2001,1037.5,0.0,83.0,364.5,2,0.2916666666666667,2,0,1,718,3846,987.0364902506963,1.0
20264,1.0,3173,2026-02-23T00:50,COMPLETA,492.8707,1022.25,0.0,124.0,426.0,2,0.22916666666666666,2,0,1,718,3846,987.0364902506963,1.0
20264,1.0,3174,2026-02-23T01:00,COMPLETA,477.8094,0.0,0.0,59.0,208.5,1,0.4166666666666667,1,0,0,718,3846,987.0364902506963,1.0
20264,1.0,3175,2026-02-23T01:10,COMPLETA,456.3896,0.0,0.0,59.0,208.5,1,0.4166666666666667,1,0,0,718,3846,987.0364902506963,1.0
20264,1.0,3176,2026-02-23T01:20,COMPLETA,518.4908,1036.25,0.0,89.0,313.5,2,0.22916666666666666,2,0,1,718,3846,987.0364902506963,1.0
20264,1.0,3177,2026-02-23T01:30,COMPLETA,544.5834,316.25,0.0,110.0,345.0,2,0.3958333333333333,2,0,0,718,3846,987.0364902506963,1.0
20264,1.0,3178,2026-02-23T01:40,COMPLETA,649.1405,909.1666666666666,0.0,114.0,411.0,3,0.2777777777777778,3,0,1,718,3846,987.0364902506963,1.0
20264,1.0,3179,2026-02-23T01:50,COMPLETA,468.977,316.25,0.0,110.0,345.0,2,0.3958333333333333,2,0,1,719,3856,988.0753824756606,1.0
20264,1.0,3180,2026-02-23T02:00,COMPLETA,517.995,427.25,222.0,112.0,348.0,2,0.3541666666666667,2,0,0,720,3860,989.5849999999999,1.0
20264,1.0,3181,2026-02-23T02:10,COMPLETA,535.8327,427.25,222.0,112.0,348.0,2,0.3541666666666667,2,0,0,720,3860,989.5849999999999,1.0
20264,1.0,3182,2026-02-23T02:20,COMPLETA,548.1376,427.25,222.0,112.0,348.0,2,0.3541666666666667,2,0,0,720,3860,989.5849999999999,1.0
20264,1.0,3183,2026-02-23T02:30,COMPLETA,561.8739,427.25,222.0,112.0,348.0,2,0.3541666666666667,2,0,0,720,3860,989.5849999999999,1.0
20264,1.0,3184,2026-02-23T02:40,COMPLETA,617.5529,427.25,222.0,112.0,348.0,2,0.3541666666666667,2,0,0,720,3860,989.5849999999999,1.0
20264,1.0,3185,2026-02-23T02:50,COMPLETA,543.1501,427.25,222.0,112.0,348.0,2,0.3541666666666667,2,0,0,723,3863,994.0708160442599,1.0
20264,1.0,3186,2026-02-23T03:00,COMPLETA,545.8962,427.25,222.0,112.0,348.0,2,0.3541666666666667,2,0,0,723,3863,994.0708160442599,1.0
20264,1.0,3187,2026-02-23T03:10,COMPLETA,623.5322,867.8333333333334,239.0,250.0,675.0,3,0.375,3,0,1,723,3863,994.0708160442599,1.0
20264,1.0,3188,2026-02-23T03:20,COMPLETA,545.8495,1182.25,632.5,79.0,298.5,1,0.7916666666666666,2,0,0,723,3863,994.0708160442599,1.0
20264,1.0,3189,2026-02-23T03:30,COMPLETA,689.501,1443.8333333333333,632.5,158.0,477.0,2,0.6041666666666666,3,0,0,724,3869,993.7191988950276,1.0
20264,1.0,3190,2026-02-23T03:40,COMPLETA,756.2092,1443.8333333333333,632.5,158.0,477.0,2,0.6041666666666666,3,0,0,724,3869,993.7191988950276,1.0
20264,1.0,3191,2026-02-23T03:50,COMPLETA,795.4508,1249.875,563.5,351.0,1006.5,4,0.40625,4,0,1,725,3879,992.3485517241379,0.0
20264,1.0,3192,2026-02-23T04:00,COMPLETA,686.91,1224.375,566.0,293.0,859.5,3,0.4861111111111111,4,0,0,725,3879,992.3485517241379,0.0
20264,1.0,3193,2026-02-23T04:10,COMPLETA,746.3159,1224.375,566.0,293.0,859.5,3,0.4861111111111111,4,0,0,725,3879,992.3485517241379,0.0
20264,1.0,3194,2026-02-23T04:20,COMPLETA,817.8274,1224.375,566.0,293.0,859.5,3,0.4861111111111111,4,0,1,725,3879,992.3485517241379,0.0
20264,1.0,3195,2026-02-23T04:30,COMPLETA,715.893,1037.0,714.5,175.0,502.5,2,0.5208333333333334,3,0,0,725,3879,992.3485517241379,0.0
20264,1.0,3196,2026-02-23T04:40,COMPLETA,667.5835,1037.0,714.5,175.0,502.5,2,0.5208333333333334,3,0,0,725,3879,992.3485517241379,0.0
20264,1.0,3197,2026-02-23T04:50,COMPLETA,822.5389,1248.125,714.5,250.0,735.0,3,0.4166666666666667,4,0,1,725,3879,992.3485517241379,0.0
20264,1.0,3198,2026-02-23T05:00,COMPLETA,613.8327,1409.5,725.5,203.0,604.5,2,0.4375,3,0,0,725,3879,992.3485517241379,0.0
20264,1.0,3199,2026-02-23T05:10,COMPLETA,670.8804,1409.5,725.5,203.0,604.5,2,0.4375,3,0,0,725,3879,992.3485517241379,0.0
20264,1.0,3200,2026-02-23T05:20,COMPLETA,640.3888,1151.625,378.0,247.0,730.5,3,0.3472222222222222,4,0,1,725,3879,992.3485517241379,0.0
20264,1.0,3201,2026-02-23T05:30,COMPLETA,783.7259,896.9,182.0,336.0,984.0,3,0.5138888888888888,5,0,0,725,3879,992.3485517241379,0.0
20264,1.0,3202,2026-02-23T05:40,COMPLETA,887.0058,777.0833333333334,182.0,413.0,1219.5,4,0.3958333333333333,6,0,0,725,3879,992.3485517241379,0.0
20264,1.0,3203,2026-02-23T05:50,COMPLETA,1000.9878,777.0833333333334,182.0,413.0,1219.5,4,0.3958333333333333,6,0,0,725,3879,992.3485517241379,0.0
20264,1.0,3204,2026-02-23T06:00,COMPLETA,818.253,777.0833333333334,182.0,413.0,1219.5,4,0.3958333333333333,6,0,0,725,3879,992.3485517241379,0.0
20264,1.0,3205,2026-02-23T06:10,COMPLETA,852.7912,777.0833333333334,182.0,413.0,1219.5,4,0.3958333333333333,6,0,0,726,3887,991.3108815426997,0.0
20264,1.0,3206,2026-02-23T06:20,COMPLETA,862.439,777.0833333333334,182.0,413.0,1219.5,4,0.3958333333333333,6,0,0,726,3891,991.3108815426997,0.0
20264,1.0,3207,2026-02-23T06:30,COMPLETA,875.8959,777.0833333333334,182.0,413.0,1219.5,4,0.3958333333333333,6,0,0,726,3891,991.3108815426997,0.0
20264,1.0,3208,2026-02-23T06:40,COMPLETA,796.2744,777.0833333333334,182.0,413.0,1219.5,4,0.3958333333333333,6,0,0,727,3901,992.6529573590095,0.0
20264,1.0,3209,2026-02-23T06:50,COMPLETA,857.9558,777.0833333333334,182.0,413.0,1219.5,4,0.3958333333333333,6,0,0,728,3910,992.3278846153845,0.0
20264,1.0,3210,2026-02-23T07:00,COMPLETA,910.3984,777.0833333333334,182.0,413.0,1219.5,4,0.3958333333333333,6,0,2,729,3914,991.4851851851852,0.0
20264,1.0,3211,2026-02-23T07:10,COMPLETA,822.7,1189.2,182.0,337.0,985.5,3,0.5,5,0,1,729,3914,991.4851851851852,0.0
20264,1.0,3212,2026-02-23T07:20,COMPLETA,685.1821,1507.5,1268.0,236.0,654.0,2,0.4375,3,0,1,729,3914,991.4851851851852,0.0
20264,1.0,3213,2026-02-23T07:30,COMPLETA,612.0084,912.6666666666666,146.0,160.0,540.0,2,0.375,3,0,1,729,3914,991.4851851851852,0.0
20264,1.0,3214,2026-02-23T07:40,COMPLETA,576.3118,1296.0,1268.0,124.0,366.0,1,0.625,2,0,0,729,3914,991.4851851851852,0.0
20264,1.0,3215,2026-02-23T07:50,COMPLETA,554.7608,1296.0,1268.0,124.0,366.0,1,0.625,2,0,0,729,3914,991.4851851851852,0.0
20264,1.0,3216,2026-02-23T08:00,COMPLETA,679.7102,1296.0,1268.0,124.0,366.0,1,0.625,2,0,0,729,3914,991.4851851851852,0.0
20264,1.0,3217,2026-02-23T08:10,COMPLETA,583.2661,1296.0,1268.0,124.0,366.0,1,0.625,2,0,0,729,3914,991.4851851851852,0.0
20264,1.0,3218,2026-02-23T08:20,COMPLETA,612.8912,1296.0,1268.0,124.0,366.0,1,0.625,2,0,0,729,3914,991.4851851851852,0.0
20264,1.0,3219,2026-02-23T08:30,COMPLETA,572.4212,1296.0,1268.0,124.0,366.0,1,0.625,2,0,0,729,3914,991.4851851851852,0.0
20264,1.0,3220,2026-02-23T08:40,COMPLETA,594.5731,1296.0,1268.0,124.0,366.0,1,0.625,2,0,0,730,3915,990.535205479452,0.0
20264,1.0,3221,2026-02-23T08:50,COMPLETA,718.286,916.1666666666666,29.0,220.0,630.0,2,0.4791666666666667,3,0,0,730,3915,990.535205479452,0.0
20264,1.0,3222,2026-02-23T09:00,COMPLETA,542.5498,916.1666666666666,29.0,220.0,630.0,2,0.4791666666666667,3,0,0,731,3918,989.3798905608754,0.0
20264,1.0,3223,2026-02-23T09:10,COMPLETA,606.2576,916.1666666666666,29.0,220.0,630.0,2,0.4791666666666667,3,0,0,731,3918,989.3798905608754,0.0
20264,1.0,3224,2026-02-23T09:20,COMPLETA,586.151,916.1666666666666,29.0,220.0,630.0,2,0.4791666666666667,3,0,0,731,3918,989.3798905608754,0.0
20264,1.0,3225,2026-02-23T09:30,COMPLETA,596.8882,916.1666666666666,29.0,220.0,630.0,2,0.4791666666666667,3,0,0,731,3918,989.3798905608754,0.0
20264,1.0,3226,2026-02-23T09:40,COMPLETA,665.946,1098.5,29.0,224.0,696.0,2,0.625,4,0,0,732,3925,988.3452185792349,0.0
20264,1.0,3227,2026-02-23T09:50,COMPLETA,670.0889,1098.5,29.0,224.0,696.0,2,0.625,4,0,0,732,3925,988.3452185792349,0.0
20264,1.0,3228,2026-02-23T10:00,COMPLETA,656.2014,1098.5,29.0,224.0,696.0,2,0.625,4,0,0,732,3925,988.3452185792349,0.0
20264,1.0,3229,2026-02-23T10:10,COMPLETA,674.6599,1098.5,29.0,224.0,696.0,2,0.625,4,0,0,732,3925,988.3452185792349,0.0
20264,1.0,3230,2026-02-23T10:20,COMPLETA,630.074,1098.5,29.0,224.0,696.0,2,0.625,4,0,0,732,3925,988.3452185792349,0.0
20264,1.0,3231,2026-02-23T10:30,COMPLETA,721.9717,1098.5,29.0,224.0,696.0,2,0.625,4,0,0,733,3934,987.2451568894952,0.0
20264,1.0,3232,2026-02-23T10:40,COMPLETA,646.6249,1098.5,29.0,224.0,696.0,2,0.625,4,0,0,733,3934,987.2451568894952,0.0
20264,1.0,3233,2026-02-23T10:50,COMPLETA,663.4258,1098.5,29.0,224.0,696.0,2,0.625,4,0,0,733,3934,987.2451568894952,0.0
20264,1.0,3234,2026-02-23T11:00,COMPLETA,657.4537,1098.5,29.0,224.0,696.0,2,0.625,4,0,0,734,3940,988.5302452316075,0.0
20264,1.0,3235,2026-02-23T11:10,COMPLETA,667.8528,1098.5,29.0,224.0,696.0,2,0.625,4,0,0,734,3940,988.5302452316075,0.0
20264,1.0,3236,2026-02-23T11:20,COMPLETA,761.5077,1098.5,29.0,224.0,696.0,2,0.625,4,0,0,734,3940,988.5302452316075,0.0
20264,1.0,3237,2026-02-23T11:30,COMPLETA,723.4349,1098.5,29.0,224.0,696.0,2,0.625,4,0,0,734,3940,988.5302452316075,0.0
20264,1.0,3238,2026-02-23T11:40,COMPLETA,766.1771,851.0,153.0,261.0,871.5,3,0.5138888888888888,6,0,1,734,3940,988.5302452316075,0.0
20264,1.0,3239,2026-02-23T11:50,COMPLETA,694.4243,1113.875,416.0,219.0,688.5,2,0.5625,4,0,0,734,3940,988.5302452316075,0.0
20264,1.0,3240,2026-02-23T12:00,COMPLETA,711.8984,1155.875,416.0,219.0,628.5,2,0.5625,4,0,0,734,3940,988.5302452316075,0.0
20264,1.0,3241,2026-02-23T12:10,COMPLETA,937.6566,1001.6,224.5,264.0,816.0,3,0.5138888888888888,5,0,1,734,3940,988.5302452316075,0.0
20264,1.0,3242,2026-02-23T12:20,COMPLETA,725.4235,868.375,148.0,183.0,694.5,3,0.4444444444444444,4,0,1,734,3940,988.5302452316075,0.0
20264,1.0,3243,2026-02-23T12:30,COMPLETA,669.156,868.375,148.0,157.0,595.5,2,0.5833333333333334,4,0,0,734,3940,988.5302452316075,0.0
20264,1.0,3244,2026-02-23T12:40,COMPLETA,696.172,868.375,148.0,157.0,595.5,2,0.5833333333333334,4,0,0,734,3940,988.5302452316075,0.0
20264,1.0,3245,2026-02-23T12:50,COMPLETA,793.9922,868.375,148.0,157.0,595.5,2,0.5833333333333334,4,0,0,735,3946,987.9193197278911,0.0
20264,1.0,3246,2026-02-23T13:00,COMPLETA,733.6803,868.375,148.0,157.0,595.5,2,0.5833333333333334,4,0,0,735,3946,987.9193197278911,0.0
20264,1.0,3247,2026-02-23T13:10,COMPLETA,760.2665,868.375,148.0,157.0,595.5,2,0.5833333333333334,4,0,0,736,3948,986.7849184782608,0.0
20264,1.0,3248,2026-02-23T13:20,COMPLETA,771.0147,868.375,148.0,157.0,595.5,2,0.5833333333333334,4,0,0,736,3948,986.7849184782608,0.0
20264,1.0,3249,2026-02-23T13:30,COMPLETA,948.9365,868.375,148.0,157.0,595.5,2,0.5833333333333334,4,0,0,736,3948,986.7849184782608,0.0
20264,1.0,3250,2026-02-23T13:40,COMPLETA,990.6801,1076.0,79.0,155.0,652.5,2,0.7916666666666666,5,0,0,736,3952,986.7849184782608,0.0
20264,1.0,3251,2026-02-23T13:50,COMPLETA,969.7345,1076.0,79.0,155.0,652.5,2,0.7916666666666666,5,0,0,736,3952,986.7849184782608,0.0
20264,1.0,3252,2026-02-23T14:00,COMPLETA,942.4674,1076.0,79.0,155.0,652.5,2,0.7916666666666666,5,0,0,736,3952,986.7849184782608,0.0
20264,1.0,3253,2026-02-23T14:10,COMPLETA,1046.3012,1076.0,79.0,155.0,652.5,2,0.7916666666666666,5,0,0,736,3952,986.7849184782608,0.0
20264,1.0,3254,2026-02-23T14:20,COMPLETA,1061.7707,1208.5833333333333,157.5,344.0,1116.0,3,0.6666666666666666,6,0,0,736,3952,986.7849184782608,0.0
20264,1.0,3255,2026-02-23T14:30,COMPLETA,1071.332,1208.5833333333333,157.5,344.0,1116.0,3,0.6666666666666666,6,0,0,736,3952,986.7849184782608,0.0
20264,1.0,3256,2026-02-23T14:40,COMPLETA,1180.988,1208.5833333333333,157.5,344.0,1116.0,3,0.6666666666666666,6,0,0,736,3952,986.7849184782608,0.0
20264,1.0,3257,2026-02-23T14:50,COMPLETA,1378.8434,1335.5714285714287,157.5,378.0,1287.0,4,0.5104166666666666,7,0,0,737,3957,987.567435549525,0.0
20264,1.0,3258,2026-02-23T15:00,COMPLETA,1455.1574,1335.5714285714287,157.5,378.0,1287.0,4,0.5104166666666666,7,0,3,738,3965,986.7062330623305,0.0
20264,1.0,3259,2026-02-23T15:10,COMPLETA,773.0289,1312.6666666666667,1231.5,129.0,433.5,1,0.9583333333333334,3,0,0,738,3965,986.7062330623305,0.0
20264,1.0,3260,2026-02-23T15:20,COMPLETA,782.0421,1312.6666666666667,1231.5,129.0,433.5,1,0.9583333333333334,3,0,0,738,3965,986.7062330623305,0.0
20264,1.0,3261,2026-02-23T15:30,COMPLETA,980.0788,1063.1,397.5,211.0,807.5,3,0.375,5,0,2,738,3965,986.7062330623305,0.0
20264,1.0,3262,2026-02-23T15:40,COMPLETA,881.8228,1312.6666666666667,1231.5,129.0,433.5,1,0.9583333333333334,3,0,0,738,3965,986.7062330623305,0.0
20264,1.0,3263,2026-02-23T15:50,COMPLETA,808.4688,1312.6666666666667,1231.5,129.0,433.5,1,0.9583333333333334,3,0,0,738,3965,986.7062330623305,0.0
20264,1.0,3264,2026-02-23T16:00,COMPLETA,747.2475,1312.6666666666667,1231.5,129.0,433.5,1,0.9583333333333334,3,0,0,738,3965,986.7062330623305,0.0
20264,1.0,3265,2026-02-23T16:10,COMPLETA,727.7632,1312.6666666666667,1231.5,129.0,433.5,1,0.9583333333333334,3,0,0,738,3965,986.7062330623305,0.0
20264,1.0,3266,2026-02-23T16:20,COMPLETA,797.3748,1312.6666666666667,1231.5,129.0,433.5,1,0.9583333333333334,3,0,0,738,3965,986.7062330623305,0.0
20264,1.0,3267,2026-02-23T16:30,COMPLETA,757.2359,1312.6666666666667,1231.5,129.0,433.5,1,0.9583333333333334,3,0,0,738,3965,986.7062330623305,0.0
20264,1.0,3268,2026-02-23T16:40,COMPLETA,767.8751,1312.6666666666667,1231.5,129.0,433.5,1,0.9583333333333334,3,0,0,739,3966,988.1443843031122,0.0
20264,1.0,3269,2026-02-23T16:50,COMPLETA,868.1666,1312.6666666666667,1231.5,129.0,433.5,1,0.9583333333333334,3,0,0,740,3971,987.3712162162161,0.0
20264,1.0,3270,2026-02-23T17:00,COMPLETA,829.9274,1312.6666666666667,1231.5,129.0,433.5,1,0.9583333333333334,3,0,0,741,3973,986.5751686909581,0.0
20264,1.0,3271,2026-02-23T17:10,COMPLETA,761.48,1312.6666666666667,1231.5,129.0,433.5,1,0.9583333333333334,3,0,0,742,3975,986.566307277628,0.0
20264,1.0,3272,2026-02-23T17:20,COMPLETA,781.8403,1312.6666666666667,1231.5,129.0,433.5,1,0.9583333333333334,3,0,0,742,3975,986.566307277628,0.0
20264,1.0,3273,2026-02-23T17:30,COMPLETA,781.7204,1114.625,68.0,185.0,637.5,2,0.6041666666666666,4,0,0,743,3981,985.450471063257,0.0
20264,1.0,3274,2026-02-23T17:40,COMPLETA,897.7038,1114.625,68.0,185.0,637.5,2,0.6041666666666666,4,0,0,743,3981,985.450471063257,0.0
20264,1.0,3275,2026-02-23T17:50,COMPLETA,925.998,1235.2,68.0,246.0,849.0,3,0.5,5,0,0,743,3981,985.450471063257,0.0
20264,1.0,3276,2026-02-23T18:00,COMPLETA,928.3669,1268.4,68.0,208.0,672.0,2,0.75,5,0,0,743,3981,985.450471063257,0.0
20264,1.0,3277,2026-02-23T18:10,COMPLETA,956.4102,1268.4,68.0,208.0,672.0,2,0.75,5,0,0,743,3981,985.450471063257,0.0
20264,1.0,3278,2026-02-23T18:20,COMPLETA,1445.655,1145.1666666666667,240.0,284.0,906.0,3,0.5694444444444444,6,0,0,743,3981,985.450471063257,0.0
20264,1.0,3279,2026-02-23T18:30,COMPLETA,1381.74,1145.1666666666667,240.0,284.0,906.0,3,0.5694444444444444,6,0,1,743,3981,985.450471063257,0.0
20264,1.0,3280,2026-02-23T18:40,COMPLETA,974.684,1029.3333333333333,177.0,175.0,562.5,2,0.3958333333333333,3,0,0,743,3981,985.450471063257,0.0
20264,1.0,3281,2026-02-23T18:50,COMPLETA,845.632,1029.3333333333333,177.0,175.0,562.5,2,0.3958333333333333,3,0,0,743,3981,985.450471063257,0.0
20264,1.0,3282,2026-02-23T19:00,COMPLETA,1000.7439,869.75,177.0,203.0,664.5,3,0.2777777777777778,4,0,1,743,3981,985.450471063257,0.0
20264,1.0,3283,2026-02-23T19:10,COMPLETA,890.5298,1029.3333333333333,177.0,175.0,562.5,2,0.3958333333333333,3,0,0,743,3981,985.450471063257,0.0
20264,1.0,3284,2026-02-23T19:20,COMPLETA,968.5638,1029.3333333333333,177.0,175.0,562.5,2,0.3958333333333333,3,0,0,744,3991,985.7280913978494,0.0
20264,1.0,3285,2026-02-23T19:30,COMPLETA,1188.387,1210.625,174.0,160.0,600.0,2,0.5,4,0,0,744,3991,985.7280913978494,0.0
20264,1.0,3286,2026-02-23T19:40,COMPLETA,1216.0431,1210.625,174.0,160.0,600.0,2,0.5,4,0,0,744,3995,985.7280913978494,0.0
20264,1.0,3287,2026-02-23T19:50,COMPLETA,1146.8485,935.5,60.0,255.0,802.5,2,0.7083333333333334,5,0,0,744,3995,985.7280913978494,0.0
20264,1.0,3288,2026-02-23T20:00,COMPLETA,1137.0664,935.5,60.0,255.0,802.5,2,0.7083333333333334,5,0,0,745,4005,986.798255033557,0.0
20264,1.0,3289,2026-02-23T20:10,COMPLETA,1129.3809,935.5,60.0,255.0,802.5,2,0.7083333333333334,5,0,0,745,4005,986.798255033557,0.0
20264,1.0,3290,2026-02-23T20:20,COMPLETA,1274.7398,935.5,60.0,255.0,802.5,2,0.7083333333333334,5,0,0,745,4005,986.798255033557,0.0
20264,1.0,3291,2026-02-23T20:30,COMPLETA,1138.8589,935.5,60.0,255.0,802.5,2,0.7083333333333334,5,0,0,746,4006,985.9995978552279,0.0
20264,1.0,3292,2026-02-23T20:40,COMPLETA,1150.7671,935.5,60.0,255.0,802.5,2,0.7083333333333334,5,0,0,746,4006,985.9995978552279,0.0
20264,1.0,3293,2026-02-23T20:50,COMPLETA,1132.889,935.5,60.0,255.0,802.5,2,0.7083333333333334,5,0,0,746,4006,985.9995978552279,0.0
20264,1.0,3294,2026-02-23T21:00,COMPLETA,1112.2518,935.5,60.0,255.0,802.5,2,0.7083333333333334,5,0,0,746,4006,985.9995978552279,0.0
20264,1.0,3295,2026-02-23T21:10,COMPLETA,1515.6124,1120.5833333333333,60.0,295.0,922.5,3,0.5694444444444444,6,0,1,746,4006,985.9995978552279,0.0
20264,1.0,3296,2026-02-23T21:20,COMPLETA,1263.8916,952.8,60.0,253.0,799.5,2,0.75,5,0,0,746,4006,985.9995978552279,0.0
20264,1.0,3297,2026-02-23T21:30,COMPLETA,1668.4714,934.4166666666666,42.0,269.0,943.5,3,0.625,6,0,0,746,4006,985.9995978552279,0.0
20264,1.0,3298,2026-02-23T21:40,COMPLETA,1716.0872,934.4166666666666,42.0,269.0,943.5,3,0.625,6,0,0,746,4006,985.9995978552279,0.0
20264,1.0,3299,2026-02-23T21:50,COMPLETA,1774.6532,934.4166666666666,42.0,269.0,943.5,3,0.625,6,0,0,746,4006,985.9995978552279,0.0
20264,1.0,3300,2026-02-23T22:00,COMPLETA,1994.4161,848.9285714285714,42.0,293.0,1099.5,4,0.4895833333333333,7,0,0,747,4012,986.9668005354752,0.0
20264,1.0,3301,2026-02-23T22:10,COMPLETA,2111.4924,754.4375,39.0,335.0,1222.5,4,0.5833333333333334,8,0,0,747,4012,986.9668005354752,0.0
20264,1.0,3302,2026-02-23T22:20,COMPLETA,2088.2501,754.4375,39.0,335.0,1222.5,4,0.5833333333333334,8,0,0,747,4012,986.9668005354752,0.0
20264,1.0,3303,2026-02-23T22:30,COMPLETA,2103.2096,754.4375,39.0,335.0,1222.5,4,0.5833333333333334,8,0,0,747,4012,986.9668005354752,0.0
20264,1.0,3304,2026-02-23T22:40,COMPLETA,2106.0061,754.4375,39.0,335.0,1222.5,4,0.5833333333333334,8,0,0,747,4012,986.9668005354752,0.0
20264,1.0,3305,2026-02-23T22:50,COMPLETA,1929.8198,754.4375,39.0,335.0,1222.5,4,0.5833333333333334,8,0,0,747,4012,986.9668005354752,0.0
20264,1.0,3306,2026-02-23T23:00,COMPLETA,2122.802,754.4375,39.0,335.0,1222.5,4,0.5833333333333334,8,0,2,749,4023,987.4742323097463,0.0
20264,1.0,3307,2026-02-23T23:10,COMPLETA,1296.2961,802.4,130.5,253.0,859.5,3,0.4444444444444444,5,0,1,749,4023,987.4742323097463,0.0
20264,1.0,3308,2026-02-23T23:20,COMPLETA,1246.1277,970.375,350.0,187.0,640.5,2,0.625,4,0,0,749,4023,987.4742323097463,0.0
20264,1.0,3309,2026-02-23T23:30,COMPLETA,1131.2199,970.375,350.0,187.0,640.5,2,0.625,4,0,1,749,4023,987.4742323097463,0.0
20264,1.0,3310,2026-02-23T23:40,COMPLETA,967.0469,659.1666666666666,350.0,138.0,447.0,1,0.9583333333333334,3,0,0,749,4023,987.4742323097463,0.0
20264,1.0,3311,2026-02-23T23:50,COMPLETA,1030.4027,659.1666666666666,350.0,138.0,447.0,1,0.9583333333333334,3,0,0,749,4023,987.4742323097463,0.0
20264,1.0,3312,2026-02-24T00:00,COMPLETA,786.789,659.1666666666666,350.0,138.0,447.0,1,0.9583333333333334,3,0,0,749,4023,987.4742323097463,0.0
20264,1.0,3313,2026-02-24T00:10,COMPLETA,834.8157,659.1666666666666,350.0,138.0,447.0,1,0.9583333333333334,3,0,0,749,4023,987.4742323097463,0.0
20264,1.0,3314,2026-02-24T00:20,COMPLETA,854.4037,659.1666666666666,350.0,138.0,447.0,1,0.9583333333333334,3,0,0,750,4025,986.6056,0.0
20264,1.0,3315,2026-02-24T00:30,COMPLETA,988.8404,659.1666666666666,350.0,138.0,447.0,1,0.9583333333333334,3,0,0,750,4025,986.6056,0.0
20264,1.0,3316,2026-02-24T00:40,COMPLETA,851.9899,659.1666666666666,350.0,138.0,447.0,1,0.9583333333333334,3,0,0,750,4025,986.6056,0.0
20264,1.0,3317,2026-02-24T00:50,COMPLETA,841.4909,659.1666666666666,350.0,138.0,447.0,1,0.9583333333333334,3,0,0,750,4025,986.6056,0.0
20264,1.0,3318,2026-02-24T01:00,COMPLETA,761.0551,659.1666666666666,350.0,138.0,447.0,1,0.9583333333333334,3,0,0,751,4027,985.4656458055924,0.0
20264,1.0,3319,2026-02-24T01:10,COMPLETA,815.6993,659.1666666666666,350.0,138.0,447.0,1,0.9583333333333334,3,0,0,751,4027,985.4656458055924,0.0
20264,1.0,3320,2026-02-24T01:20,COMPLETA,922.1868,733.25,239.0,142.0,573.0,3,0.4583333333333333,4,0,1,752,4034,986.6871010638297,0.0
20264,1.0,3321,2026-02-24T01:30,COMPLETA,811.106,592.3333333333334,239.0,138.0,507.0,2,0.5416666666666666,3,0,0,752,4034,986.6871010638297,0.0
20264,1.0,3322,2026-02-24T01:40,COMPLETA,786.3439,592.3333333333334,239.0,138.0,507.0,2,0.5416666666666666,3,0,0,753,4044,985.5440903054448,0.0
20264,1.0,3323,2026-02-24T01:50,COMPLETA,947.6012,795.125,59.5,249.0,806.0,3,0.4444444444444444,4,0,0,753,4044,985.5440903054448,0.0
20264,1.0,3324,2026-02-24T02:00,COMPLETA,797.009,795.125,59.5,249.0,806.0,3,0.4444444444444444,4,0,0,753,4044,985.5440903054448,0.0
20264,1.0,3325,2026-02-24T02:10,COMPLETA,788.744,795.125,59.5,249.0,806.0,3,0.4444444444444444,4,0,0,753,4044,985.5440903054448,0.0
20264,1.0,3326,2026-02-24T02:20,COMPLETA,1083.8467,842.4,188.0,260.0,750.0,3,0.5416666666666666,5,0,1,753,4044,985.5440903054448,0.0
20264,1.0,3327,2026-02-24T02:30,COMPLETA,749.0544,636.8333333333334,142.0,230.0,585.0,2,0.4791666666666667,3,0,0,754,4051,985.7701591511935,0.0
20264,1.0,3328,2026-02-24T02:40,COMPLETA,779.8765,636.8333333333334,142.0,230.0,585.0,2,0.4791666666666667,3,0,0,754,4051,985.7701591511935,0.0
20264,1.0,3329,2026-02-24T02:50,COMPLETA,854.6182,515.9,55.0,359.0,958.5,4,0.3645833333333333,5,0,2,754,4051,985.7701591511935,0.0
20264,1.0,3330,2026-02-24T03:00,COMPLETA,704.8423,176.33333333333334,55.0,225.0,637.5,2,0.5208333333333334,3,0,0,754,4051,985.7701591511935,0.0
20264,1.0,3331,2026-02-24T03:10,COMPLETA,735.9601,176.33333333333334,55.0,225.0,637.5,2,0.5208333333333334,3,0,0,754,4051,985.7701591511935,0.0
20264,1.0,3332,2026-02-24T03:20,COMPLETA,897.1792,176.33333333333334,55.0,225.0,637.5,2,0.5208333333333334,3,0,0,754,4051,985.7701591511935,0.0
20264,1.0,3333,2026-02-24T03:30,COMPLETA,946.8622,582.0,55.0,298.0,867.0,3,0.4861111111111111,4,0,0,754,4051,985.7701591511935,0.0
20264,1.0,3334,2026-02-24T03:40,COMPLETA,857.7713,582.0,55.0,298.0,867.0,3,0.4861111111111111,4,0,0,754,4051,985.7701591511935,0.0
20264,1.0,3335,2026-02-24T03:50,COMPLETA,754.1805,582.0,55.0,298.0,867.0,3,0.4861111111111111,4,0,0,754,4051,985.7701591511935,0.0
20264,1.0,3336,2026-02-24T04:00,COMPLETA,709.4803,582.0,55.0,298.0,867.0,3,0.4861111111111111,4,0,0,755,4060,984.6360264900661,0.0
20264,1.0,3337,2026-02-24T04:10,COMPLETA,719.9314,582.0,55.0,298.0,867.0,3,0.4861111111111111,4,0,0,755,4060,984.6360264900661,0.0
20264,1.0,3338,2026-02-24T04:20,COMPLETA,702.0337,582.0,55.0,298.0,867.0,3,0.4861111111111111,4,0,0,756,4063,984.1695767195766,0.0
20264,1.0,3339,2026-02-24T04:30,COMPLETA,744.6826,582.0,55.0,298.0,867.0,3,0.4861111111111111,4,0,0,756,4063,984.1695767195766,0.0
20264,1.0,3340,2026-02-24T04:40,COMPLETA,774.8471,643.7,55.0,287.0,850.5,3,0.5416666666666666,5,0,1,756,4063,984.1695767195766,0.0
20264,1.0,3341,2026-02-24T04:50,COMPLETA,734.3023,582.0,55.0,298.0,867.0,3,0.4861111111111111,4,0,0,757,4069,985.4870541611624,0.0
20264,1.0,3342,2026-02-24T05:00,COMPLETA,737.1047,582.0,55.0,298.0,867.0,3,0.4861111111111111,4,0,0,757,4069,985.4870541611624,0.0
20264,1.0,3343,2026-02-24T05:10,COMPLETA,780.7606,582.0,55.0,298.0,867.0,3,0.4861111111111111,4,0,0,757,4069,985.4870541611624,0.0
20264,1.0,3344,2026-02-24T05:20,COMPLETA,699.5567,582.0,55.0,298.0,867.0,3,0.4861111111111111,4,0,0,757,4069,985.4870541611624,0.0
20264,1.0,3345,2026-02-24T05:30,COMPLETA,759.2675,582.0,55.0,298.0,867.0,3,0.4861111111111111,4,0,0,757,4069,985.4870541611624,0.0
20264,1.0,3346,2026-02-24T05:40,COMPLETA,821.1509,582.0,55.0,298.0,867.0,3,0.4861111111111111,4,0,0,758,4074,984.2383905013191,0.0
20264,1.0,3347,2026-02-24T05:50,COMPLETA,694.285,582.0,55.0,298.0,867.0,3,0.4861111111111111,4,0,0,758,4074,984.2383905013191,0.0
20264,1.0,3348,2026-02-24T06:00,COMPLETA,800.0478,582.0,55.0,298.0,867.0,3,0.4861111111111111,4,0,0,758,4074,984.2383905013191,0.0
20264,1.0,3349,2026-02-24T06:10,COMPLETA,692.3088,582.0,55.0,298.0,867.0,3,0.4861111111111111,4,0,0,760,4091,983.7621052631579,0.0
20264,1.0,3350,2026-02-24T06:20,COMPLETA,669.7402,582.0,55.0,298.0,867.0,3,0.4861111111111111,4,0,0,761,4095,983.7578186596583,0.0
20264,1.0,3351,2026-02-24T06:30,COMPLETA,696.7151,582.0,55.0,298.0,867.0,3,0.4861111111111111,4,0,0,761,4095,983.7578186596583,0.0
20264,1.0,3352,2026-02-24T06:40,COMPLETA,779.3581,582.0,55.0,298.0,867.0,3,0.4861111111111111,4,0,0,761,4095,983.7578186596583,0.0
20264,1.0,3353,2026-02-24T06:50,COMPLETA,902.1755,838.2,55.0,330.0,1035.0,3,0.5,5,0,0,761,4095,983.7578186596583,0.0
20264,1.0,3354,2026-02-24T07:00,COMPLETA,1243.3314,1041.0,55.0,389.0,1303.5,4,0.4479166666666667,6,0,4,761,4095,983.7578186596583,0.0
20264,1.0,3355,2026-02-24T07:10,COMPLETA,445.5176,495.0,495.0,43.0,184.5,1,0.3333333333333333,1,0,0,761,4095,983.7578186596583,0.0
20264,1.0,3356,2026-02-24T07:20,COMPLETA,492.6099,495.0,495.0,43.0,184.5,1,0.3333333333333333,1,0,0,761,4095,983.7578186596583,0.0
20264,1.0,3357,2026-02-24T07:30,COMPLETA,545.5835,495.0,495.0,43.0,184.5,1,0.3333333333333333,1,0,0,761,4095,983.7578186596583,0.0
20264,1.0,3358,2026-02-24T07:40,COMPLETA,483.7886,495.0,495.0,43.0,184.5,1,0.3333333333333333,1,0,0,761,4095,983.7578186596583,0.0
20264,1.0,3359,2026-02-24T07:50,COMPLETA,486.8242,495.0,495.0,43.0,184.5,1,0.3333333333333333,1,0,0,761,4095,983.7578186596583,0.0
20264,1.0,3360,2026-02-24T08:00,COMPLETA,484.68,495.0,495.0,43.0,184.5,1,0.3333333333333333,1,0,0,761,4095,983.7578186596583,0.0
20264,1.0,3361,2026-02-24T08:10,COMPLETA,463.8206,495.0,495.0,43.0,184.5,1,0.3333333333333333,1,0,0,761,4095,983.7578186596583,0.0
20264,1.0,3362,2026-02-24T08:20,COMPLETA,448.3136,495.0,495.0,43.0,184.5,1,0.3333333333333333,1,0,0,761,4095,983.7578186596583,0.0
20264,1.0,3363,2026-02-24T08:30,COMPLETA,532.8705,495.0,495.0,43.0,184.5,1,0.3333333333333333,1,0,0,762,4102,982.9248031496062,0.0
20264,1.0,3364,2026-02-24T08:40,COMPLETA,497.7255,495.0,495.0,43.0,184.5,1,0.3333333333333333,1,0,0,762,4102,982.9248031496062,0.0
20264,1.0,3365,2026-02-24T08:50,COMPLETA,740.403,746.0,224.5,158.0,537.0,2,0.5,3,0,0,763,4103,984.3102228047181,0.0
20264,1.0,3366,2026-02-24T09:00,COMPLETA,717.7884,746.0,224.5,158.0,537.0,2,0.5,3,0,0,763,4103,984.3102228047181,0.0
20264,1.0,3367,2026-02-24T09:10,COMPLETA,677.0302,746.0,224.5,158.0,537.0,2,0.5,3,0,0,763,4103,984.3102228047181,0.0
20264,1.0,3368,2026-02-24T09:20,COMPLETA,705.4859,746.0,224.5,158.0,537.0,2,0.5,3,0,0,763,4103,984.3102228047181,0.0
20264,1.0,3369,2026-02-24T09:30,COMPLETA,710.619,746.0,224.5,158.0,537.0,2,0.5,3,0,0,763,4103,984.3102228047181,0.0
20264,1.0,3370,2026-02-24T09:40,COMPLETA,713.3056,652.125,224.5,212.0,678.0,3,0.375,4,0,1,763,4103,984.3102228047181,0.0
20264,1.0,3371,2026-02-24T09:50,COMPLETA,730.479,746.0,224.5,158.0,537.0,2,0.5,3,0,0,763,4103,984.3102228047181,0.0
20264,1.0,3372,2026-02-24T10:00,COMPLETA,871.2558,975.375,143.5,172.0,618.0,2,0.6666666666666666,4,0,0,764,4112,983.0938481675392,0.0
20264,1.0,3373,2026-02-24T10:10,COMPLETA,1000.7724,975.375,143.5,172.0,618.0,2,0.6666666666666666,4,0,0,764,4112,983.0938481675392,0.0
20264,1.0,3374,2026-02-24T10:20,COMPLETA,872.4358,975.375,143.5,172.0,618.0,2,0.6666666666666666,4,0,0,764,4112,983.0938481675392,0.0
20264,1.0,3375,2026-02-24T10:30,COMPLETA,847.0154,975.375,143.5,172.0,618.0,2,0.6666666666666666,4,0,0,765,4123,984.3656209150327,0.0
20264,1.0,3376,2026-02-24T10:40,COMPLETA,955.375,975.375,143.5,172.0,618.0,2,0.6666666666666666,4,0,0,765,4123,984.3656209150327,0.0
20264,1.0,3377,2026-02-24T10:50,COMPLETA,863.6258,751.1666666666666,102.5,296.0,984.0,4,0.5208333333333334,6,0,1,765,4123,984.3656209150327,0.0
20264,1.0,3378,2026-02-24T11:00,COMPLETA,667.5768,723.4,102.5,289.0,973.5,3,0.6111111111111112,5,0,0,765,4123,984.3656209150327,0.0
20264,1.0,3379,2026-02-24T11:10,COMPLETA,683.5621,723.4,102.5,289.0,973.5,3,0.6111111111111112,5,0,0,765,4123,984.3656209150327,0.0
20264,1.0,3380,2026-02-24T11:20,COMPLETA,687.2596,723.4,102.5,289.0,973.5,3,0.6111111111111112,5,0,0,766,4129,985.2920365535248,0.0
20264,1.0,3381,2026-02-24T11:30,COMPLETA,1228.2886,1061.4285714285713,102.5,407.0,1270.5,4,0.6041666666666666,7,0,0,767,4132,984.4904823989569,0.0
20264,1.0,3382,2026-02-24T11:40,COMPLETA,1154.1636,1061.4285714285713,102.5,407.0,1270.5,4,0.6041666666666666,7,0,1,767,4132,984.4904823989569,0.0
20264,1.0,3383,2026-02-24T11:50,COMPLETA,919.4424,903.5833333333334,102.5,332.0,1098.0,3,0.7222222222222222,6,0,0,767,4132,984.4904823989569,0.0
20264,1.0,3384,2026-02-24T12:00,COMPLETA,985.9001,903.5833333333334,102.5,332.0,1098.0,3,0.7222222222222222,6,0,0,767,4132,984.4904823989569,0.0
20264,1.0,3385,2026-02-24T12:10,COMPLETA,884.8364,795.5,102.5,376.0,1224.0,4,0.5729166666666666,7,0,1,767,4132,984.4904823989569,0.0
20264,1.0,3386,2026-02-24T12:20,COMPLETA,916.892,903.5833333333334,102.5,332.0,1098.0,3,0.7222222222222222,6,0,0,767,4133,984.4904823989569,0.0
20264,1.0,3387,2026-02-24T12:30,COMPLETA,929.2856,903.5833333333334,102.5,332.0,1098.0,3,0.7222222222222222,6,0,0,767,4133,984.4904823989569,0.0
20264,1.0,3388,2026-02-24T12:40,COMPLETA,913.376,903.5833333333334,102.5,332.0,1098.0,3,0.7222222222222222,6,0,0,767,4133,984.4904823989569,0.0
20264,1.0,3389,2026-02-24T12:50,COMPLETA,907.6924,903.5833333333334,102.5,332.0,1098.0,3,0.7222222222222222,6,0,0,767,4133,984.4904823989569,0.0
20264,1.0,3390,2026-02-24T13:00,COMPLETA,896.0309,903.5833333333334,102.5,332.0,1098.0,3,0.7222222222222222,6,0,0,769,4147,982.7408322496749,0.0
20264,1.0,3391,2026-02-24T13:10,COMPLETA,976.0469,1069.5,102.5,372.0,1218.0,4,0.5833333333333334,7,0,1,769,4147,982.7408322496749,0.0
20264,1.0,3392,2026-02-24T13:20,COMPLETA,907.8765,903.5833333333334,102.5,332.0,1098.0,3,0.7222222222222222,6,0,0,769,4147,982.7408322496749,0.0
20264,1.0,3393,2026-02-24T13:30,COMPLETA,943.5843,903.5833333333334,102.5,332.0,1098.0,3,0.7222222222222222,6,0,0,769,4147,982.7408322496749,0.0
20264,1.0,3394,2026-02-24T13:40,COMPLETA,960.507,903.5833333333334,102.5,332.0,1098.0,3,0.7222222222222222,6,0,0,769,4147,982.7408322496749,0.0
20264,1.0,3395,2026-02-24T13:50,COMPLETA,950.9436,903.5833333333334,102.5,332.0,1098.0,3,0.7222222222222222,6,0,0,770,4150,981.6554545454545,0.0
20264,1.0,3396,2026-02-24T14:00,COMPLETA,939.2818,903.5833333333334,102.5,332.0,1098.0,3,0.7222222222222222,6,0,0,771,4156,982.9795071335926,0.0
20264,1.0,3397,2026-02-24T14:10,COMPLETA,937.0926,860.0714285714286,102.5,336.0,1224.0,4,0.5729166666666666,7,0,0,771,4156,982.9795071335926,0.0
20264,1.0,3398,2026-02-24T14:20,COMPLETA,1077.4224,860.0714285714286,102.5,336.0,1224.0,4,0.5729166666666666,7,0,0,771,4156,982.9795071335926,0.0
20264,1.0,3399,2026-02-24T14:30,COMPLETA,949.3522,860.0714285714286,102.5,336.0,1224.0,4,0.5729166666666666,7,0,0,771,4156,982.9795071335926,0.0
20264,1.0,3400,2026-02-24T14:40,COMPLETA,1030.999,860.0714285714286,102.5,336.0,1224.0,4,0.5729166666666666,7,0,0,772,4160,984.3810880829014,0.0
20264,1.0,3401,2026-02-24T14:50,COMPLETA,1026.5836,860.0714285714286,102.5,336.0,1224.0,4,0.5729166666666666,7,0,0,772,4160,984.3810880829014,0.0
20264,1.0,3402,2026-02-24T15:00,COMPLETA,917.3194,860.0714285714286,102.5,336.0,1224.0,4,0.5729166666666666,7,0,4,772,4160,984.3810880829014,0.0
20264,1.0,3403,2026-02-24T15:10,SIN_DEMANDA,0,,,,,,,0,0,0,772,4160,984.3810880829014,0.0
20264,1.0,3404,2026-02-24T15:20,SIN_DEMANDA,0,,,,,,,0,0,0,772,4160,984.3810880829014,0.0
20264,1.0,3405,2026-02-24T15:30,COMPLETA,563.9061,69.5,11.5,106.0,339.0,1,0.625,2,0,0,772,4160,984.3810880829014,0.0
20264,1.0,3406,2026-02-24T15:40,COMPLETA,569.3312,69.5,11.5,106.0,339.0,1,0.625,2,0,0,772,4160,984.3810880829014,0.0
20264,1.0,3407,2026-02-24T15:50,COMPLETA,545.6272,69.5,11.5,106.0,339.0,1,0.625,2,0,0,772,4160,984.3810880829014,0.0
20264,1.0,3408,2026-02-24T16:00,COMPLETA,655.7497,69.5,11.5,106.0,339.0,1,0.625,2,0,0,772,4160,984.3810880829014,0.0
20264,1.0,3409,2026-02-24T16:10,COMPLETA,547.7162,69.5,11.5,106.0,339.0,1,0.625,2,0,0,773,4163,983.8825355756791,0.0
20264,1.0,3410,2026-02-24T16:20,COMPLETA,577.0295,69.5,11.5,106.0,339.0,1,0.625,2,0,0,773,4163,983.8825355756791,0.0
20264,1.0,3411,2026-02-24T16:30,COMPLETA,573.7139,69.5,11.5,106.0,339.0,1,0.625,2,0,0,773,4163,983.8825355756791,0.0
20264,1.0,3412,2026-02-24T16:40,COMPLETA,604.7613,69.5,11.5,106.0,339.0,1,0.625,2,0,0,773,4163,983.8825355756791,0.0
20264,1.0,3413,2026-02-24T16:50,COMPLETA,635.4723,69.5,11.5,106.0,339.0,1,0.625,2,0,0,773,4163,983.8825355756791,0.0
20264,1.0,3414,2026-02-24T17:00,COMPLETA,566.4661,69.5,11.5,106.0,339.0,1,0.625,2,0,1,774,4172,982.754134366925,0.0
20264,1.0,3415,2026-02-24T17:10,SIN_DEMANDA,0,,,,,,,0,0,0,775,4181,981.6183225806451,0.0
20264,1.0,3416,2026-02-24T17:20,SIN_DEMANDA,0,,,,,,,0,0,0,775,4181,981.6183225806451,0.0
20264,1.0,3417,2026-02-24T17:30,SIN_DEMANDA,0,,,,,,,0,0,0,776,4189,982.678737113402,0.0
20264,1.0,3418,2026-02-24T17:40,SIN_DEMANDA,0,,,,,,,0,0,0,776,4189,982.678737113402,0.0
20264,1.0,3419,2026-02-24T17:50,SIN_DEMANDA,0,,,,,,,0,0,0,776,4189,982.678737113402,0.0
20264,1.0,3420,2026-02-24T18:00,SIN_DEMANDA,0,,,,,,,0,0,0,776,4189,982.678737113402,0.0
20264,1.0,3421,2026-02-24T18:10,SIN_DEMANDA,0,,,,,,,0,0,0,776,4189,982.678737113402,0.0
20264,1.0,3422,2026-02-24T18:20,SIN_DEMANDA,0,,,,,,,0,0,0,776,4189,982.678737113402,0.0
20264,1.0,3423,2026-02-24T18:30,COMPLETA,515.6973,1747.0,1747.0,69.0,223.5,1,0.375,1,0,0,777,4197,981.9236808236808,0.0
20264,1.0,3424,2026-02-24T18:40,COMPLETA,564.5622,912.0,59.0,155.0,472.5,2,0.3333333333333333,2,0,0,777,4197,981.9236808236808,0.0
20264,1.0,3425,2026-02-24T18:50,COMPLETA,566.6053,731.3333333333334,59.0,211.0,616.5,3,0.2361111111111111,3,0,1,777,4197,981.9236808236808,0.0
20264,1.0,3426,2026-02-24T19:00,COMPLETA,581.3807,912.0,59.0,155.0,472.5,2,0.3333333333333333,2,0,0,777,4197,981.9236808236808,0.0
20264,1.0,3427,2026-02-24T19:10,COMPLETA,676.4597,912.0,59.0,155.0,472.5,2,0.3333333333333333,2,0,0,777,4201,981.9236808236808,0.0
20264,1.0,3428,2026-02-24T19:20,COMPLETA,572.6817,643.3333333333334,59.0,167.0,610.5,3,0.2916666666666667,3,0,0,778,4211,980.6763496143958,0.0
20264,1.0,3429,2026-02-24T19:30,COMPLETA,613.8596,643.3333333333334,59.0,167.0,610.5,3,0.2916666666666667,3,0,0,778,4211,980.6763496143958,0.0
20264,1.0,3430,2026-02-24T19:40,COMPLETA,579.6499,643.3333333333334,59.0,167.0,610.5,3,0.2916666666666667,3,0,0,778,4211,980.6763496143958,0.0
20264,1.0,3431,2026-02-24T19:50,COMPLETA,575.9836,643.3333333333334,59.0,167.0,610.5,3,0.2916666666666667,3,0,0,778,4211,980.6763496143958,0.0
20264,1.0,3432,2026-02-24T20:00,COMPLETA,636.0497,643.3333333333334,59.0,167.0,610.5,3,0.2916666666666667,3,0,0,779,4219,981.4296534017972,0.0
20264,1.0,3433,2026-02-24T20:10,COMPLETA,645.9604,643.3333333333334,59.0,167.0,550.5,3,0.2916666666666667,3,0,0,779,4219,981.4296534017972,0.0
20264,1.0,3434,2026-02-24T20:20,COMPLETA,612.7714,482.75,1.0,191.0,706.5,4,0.2916666666666667,4,0,1,779,4219,981.4296534017972,0.0
20264,1.0,3435,2026-02-24T20:30,COMPLETA,591.2735,608.3333333333334,1.0,179.0,628.5,3,0.3194444444444444,3,0,0,779,4219,981.4296534017972,0.0
20264,1.0,3436,2026-02-24T20:40,COMPLETA,710.1862,512.1,1.0,266.0,879.0,5,0.275,5,0,2,780,4220,980.6457692307691,0.0
20264,1.0,3437,2026-02-24T20:50,COMPLETA,630.7308,608.3333333333334,1.0,179.0,628.5,3,0.3194444444444444,3,0,0,781,4226,981.23457106274,0.0
20264,1.0,3438,2026-02-24T21:00,COMPLETA,695.2826,522.75,1.0,207.0,790.5,4,0.3125,4,0,0,781,4226,981.23457106274,0.0
20264,1.0,3439,2026-02-24T21:10,COMPLETA,667.7722,522.75,1.0,207.0,790.5,4,0.3125,4,0,0,781,4226,981.23457106274,0.0
20264,1.0,3440,2026-02-24T21:20,COMPLETA,659.7203,522.75,1.0,207.0,790.5,4,0.3125,4,0,0,782,4231,980.1428388746803,0.0
20264,1.0,3441,2026-02-24T21:30,COMPLETA,609.5511,522.75,1.0,207.0,790.5,4,0.3125,4,0,0,783,4236,979.0264367816092,0.0
20264,1.0,3442,2026-02-24T21:40,COMPLETA,620.4531,522.75,1.0,207.0,790.5,4,0.3125,4,0,0,783,4236,979.0264367816092,0.0
20264,1.0,3443,2026-02-24T21:50,COMPLETA,753.8557,522.75,1.0,207.0,790.5,4,0.3125,4,0,0,783,4236,979.0264367816092,0.0
20264,1.0,3444,2026-02-24T22:00,COMPLETA,607.2707,522.75,1.0,207.0,790.5,4,0.3125,4,0,0,783,4236,979.0264367816092,0.0
20264,1.0,3445,2026-02-24T22:10,COMPLETA,602.6446,472.2,1.0,306.0,1119.0,5,0.2833333333333333,5,0,0,784,4237,978.5838010204081,0.0
20264,1.0,3446,2026-02-24T22:20,COMPLETA,543.7056,472.2,1.0,306.0,1119.0,5,0.2833333333333333,5,0,0,784,4237,978.5838010204081,0.0
20264,1.0,3447,2026-02-24T22:30,COMPLETA,610.9542,472.2,1.0,306.0,1119.0,5,0.2833333333333333,5,0,0,784,4237,978.5838010204081,0.0
20264,1.0,3448,2026-02-24T22:40,COMPLETA,681.2655,472.2,1.0,306.0,1119.0,5,0.2833333333333333,5,0,0,784,4237,978.5838010204081,0.0
20264,1.0,3449,2026-02-24T22:50,COMPLETA,542.7759,472.2,1.0,306.0,1119.0,5,0.2833333333333333,5,0,0,785,4246,977.4690445859871,0.0
20264,1.0,3450,2026-02-24T23:00,COMPLETA,742.1916,459.3333333333333,1.0,330.0,1275.0,6,0.25,6,0,6,785,4246,977.4690445859871,0.0
20264,1.0,3451,2026-02-24T23:10,SIN_DEMANDA,0,,,,,,,0,0,0,785,4246,977.4690445859871,0.0
20264,1.0,3452,2026-02-24T23:20,SIN_DEMANDA,0,,,,,,,0,0,0,785,4246,977.4690445859871,0.0
20264,1.0,3453,2026-02-24T23:30,SIN_DEMANDA,0,,,,,,,0,0,0,785,4246,977.4690445859871,0.0
20264,1.0,3454,2026-02-24T23:40,SIN_DEMANDA,0,,,,,,,0,0,0,785,4246,977.4690445859871,0.0
20264,1.0,3455,2026-02-24T23:50,SIN_DEMANDA,0,,,,,,,0,0,0,785,4246,977.4690445859871,0.0
20264,1.0,3456,2026-02-25T00:00,SIN_DEMANDA,0,,,,,,,0,0,0,785,4246,977.4690445859871,0.0
20264,1.0,3457,2026-02-25T00:10,SIN_DEMANDA,0,,,,,,,0,0,0,785,4246,977.4690445859871,0.0
20264,1.0,3458,2026-02-25T00:20,SIN_DEMANDA,0,,,,,,,0,0,0,788,4262,974.6106598984771,0.0
20264,1.0,3459,2026-02-25T00:30,SIN_DEMANDA,0,,,,,,,0,0,0,788,4262,974.6106598984771,0.0
20264,1.0,3460,2026-02-25T00:40,SIN_DEMANDA,0,,,,,,,0,0,0,788,4262,974.6106598984771,0.0
20264,1.0,3461,2026-02-25T00:50,SIN_DEMANDA,0,,,,,,,0,0,0,789,4266,973.7822560202787,0.0
20264,1.0,3462,2026-02-25T01:00,SIN_DEMANDA,0,,,,,,,0,0,0,789,4266,973.7822560202787,0.0
20264,1.0,3463,2026-02-25T01:10,SIN_DEMANDA,0,,,,,,,0,0,0,789,4267,973.7822560202787,0.0
20264,1.0,3464,2026-02-25T01:20,COMPLETA,355.9684,2045.0,2045.0,64.0,156.0,1,0.125,1,0,1,789,4267,973.7822560202787,0.0
20264,1.0,3465,2026-02-25T01:30,SIN_DEMANDA,0,,,,,,,0,0,0,789,4267,973.7822560202787,0.0
20264,1.0,3466,2026-02-25T01:40,SIN_DEMANDA,0,,,,,,,0,0,0,790,4274,972.6243037974683,0.0
20264,1.0,3467,2026-02-25T01:50,COMPLETA,537.545,1935.5,1935.5,67.0,220.5,1,0.2916666666666667,1,0,0,790,4274,972.6243037974683,0.0
20264,1.0,3468,2026-02-25T02:00,COMPLETA,517.6653,1935.5,1935.5,67.0,220.5,1,0.2916666666666667,1,0,0,790,4274,972.6243037974683,0.0
20264,1.0,3469,2026-02-25T02:10,COMPLETA,599.7661,1935.5,1935.5,67.0,220.5,1,0.2916666666666667,1,0,0,790,4274,972.6243037974683,0.0
20264,1.0,3470,2026-02-25T02:20,COMPLETA,591.1659,1135.25,266.0,130.0,375.0,2,0.3541666666666667,2,0,1,791,4282,973.538811630847,0.0
20264,1.0,3471,2026-02-25T02:30,COMPLETA,481.5799,266.0,266.0,63.0,214.5,1,0.4166666666666667,1,0,0,791,4282,973.538811630847,0.0
20264,1.0,3472,2026-02-25T02:40,COMPLETA,524.0712,266.0,266.0,63.0,214.5,1,0.4166666666666667,1,0,0,791,4282,973.538811630847,0.0
20264,1.0,3473,2026-02-25T02:50,COMPLETA,547.4065,327.0,266.0,99.0,328.5,2,0.22916666666666666,2,0,1,791,4282,973.538811630847,0.0
20264,1.0,3474,2026-02-25T03:00,COMPLETA,560.3403,162.0,91.0,81.0,301.5,2,0.4166666666666667,2,0,0,791,4282,973.538811630847,0.0
20264,1.0,3475,2026-02-25T03:10,COMPLETA,618.1742,162.0,91.0,81.0,301.5,2,0.4166666666666667,2,0,0,791,4282,973.538811630847,0.0
20264,1.0,3476,2026-02-25T03:20,COMPLETA,567.1042,162.0,91.0,81.0,241.5,2,0.4166666666666667,2,0,0,792,4285,974.8916666666667,0.0
20264,1.0,3477,2026-02-25T03:30,COMPLETA,541.4911,162.0,91.0,81.0,241.5,2,0.4166666666666667,2,0,1,792,4285,974.8916666666667,0.0
20264,1.0,3478,2026-02-25T03:40,COMPLETA,561.6685,214.75,35.0,102.0,333.0,2,0.25,2,0,1,792,4285,974.8916666666667,0.0
20264,1.0,3479,2026-02-25T03:50,COMPLETA,635.843,320.5,35.0,148.0,402.0,2,0.2708333333333333,2,0,1,792,4285,974.8916666666667,0.0
20264,1.0,3480,2026-02-25T04:00,COMPLETA,536.9384,35.0,35.0,80.0,240.0,1,0.4166666666666667,1,0,0,792,4285,974.8916666666667,0.0
20264,1.0,3481,2026-02-25T04:10,COMPLETA,725.6735,35.0,35.0,80.0,240.0,1,0.4166666666666667,1,0,0,792,4285,974.8916666666667,0.0
20264,1.0,3482,2026-02-25T04:20,COMPLETA,599.2591,884.0,35.0,116.0,354.0,1,0.625,2,0,0,793,4286,974.1515762925599,0.0
20264,1.0,3483,2026-02-25T04:30,COMPLETA,573.8173,884.0,35.0,116.0,354.0,1,0.625,2,0,0,794,4293,975.4492443324937,0.0
20264,1.0,3484,2026-02-25T04:40,COMPLETA,632.0051,884.0,35.0,116.0,354.0,1,0.625,2,0,0,794,4293,975.4492443324937,0.0
20264,1.0,3485,2026-02-25T04:50,COMPLETA,625.7821,884.0,35.0,116.0,354.0,1,0.625,2,0,0,794,4293,975.4492443324937,0.0
20264,1.0,3486,2026-02-25T05:00,COMPLETA,690.0626,884.0,35.0,116.0,354.0,1,0.625,2,0,0,795,4295,974.7184905660376,0.0
20264,1.0,3487,2026-02-25T05:10,COMPLETA,628.4048,884.0,35.0,116.0,354.0,1,0.625,2,0,0,795,4295,974.7184905660376,0.0
20264,1.0,3488,2026-02-25T05:20,COMPLETA,613.5609,884.0,35.0,116.0,354.0,1,0.625,2,0,0,795,4295,974.7184905660376,0.0
20264,1.0,3489,2026-02-25T05:30,COMPLETA,650.6098,1215.8333333333333,35.0,230.0,645.0,2,0.4583333333333333,3,0,0,796,4305,973.6082914572863,0.0
20264,1.0,3490,2026-02-25T05:40,COMPLETA,631.3787,1215.8333333333333,35.0,230.0,645.0,2,0.4583333333333333,3,0,0,796,4305,973.6082914572863,0.0
20264,1.0,3491,2026-02-25T05:50,COMPLETA,754.1445,1215.8333333333333,35.0,230.0,645.0,2,0.4583333333333333,3,0,0,797,4308,973.1470514429109,0.0
20264,1.0,3492,2026-02-25T06:00,COMPLETA,787.956,1056.25,35.0,262.0,813.0,3,0.3472222222222222,4,0,0,797,4308,973.1470514429109,0.0
20264,1.0,3493,2026-02-25T06:10,COMPLETA,749.9862,1056.25,35.0,262.0,813.0,3,0.3472222222222222,4,0,0,797,4308,973.1470514429109,0.0
20264,1.0,3494,2026-02-25T06:20,COMPLETA,722.1159,1056.25,35.0,262.0,813.0,3,0.3472222222222222,4,0,0,797,4308,973.1470514429109,0.0
20264,1.0,3495,2026-02-25T06:30,COMPLETA,843.021,1195.1,35.0,297.0,925.5,3,0.4166666666666667,5,0,0,797,4308,973.1470514429109,0.0
20264,1.0,3496,2026-02-25T06:40,COMPLETA,861.9524,1195.1,35.0,297.0,925.5,3,0.4166666666666667,5,0,0,797,4308,973.1470514429109,0.0
20264,1.0,3497,2026-02-25T06:50,COMPLETA,827.0547,1195.1,35.0,297.0,925.5,3,0.4166666666666667,5,0,0,797,4308,973.1470514429109,0.0
20264,1.0,3498,2026-02-25T07:00,COMPLETA,836.375,1195.1,35.0,297.0,925.5,3,0.4166666666666667,5,0,3,797,4308,973.1470514429109,0.0
20264,1.0,3499,2026-02-25T07:10,SIN_DEMANDA,0,,,,,,,0,0,0,797,4308,973.1470514429109,0.0
20264,1.0,3500,2026-02-25T07:20,SIN_DEMANDA,0,,,,,,,0,0,0,797,4308,973.1470514429109,0.0
20264,1.0,3501,2026-02-25T07:30,COMPLETA,583.3592,1600.5,1600.5,49.0,193.5,1,0.375,1,0,0,797,4308,973.1470514429109,0.0
20264,1.0,3502,2026-02-25T07:40,COMPLETA,644.0658,1600.5,1600.5,49.0,193.5,1,0.375,1,0,0,797,4308,973.1470514429109,0.0
20264,1.0,3503,2026-02-25T07:50,COMPLETA,604.705,1600.5,1600.5,49.0,193.5,1,0.375,1,0,0,797,4308,973.1470514429109,0.0
20264,1.0,3504,2026-02-25T08:00,COMPLETA,542.8831,1600.5,1600.5,49.0,193.5,1,0.375,1,0,0,797,4308,973.1470514429109,0.0
20264,1.0,3505,2026-02-25T08:10,COMPLETA,567.6621,1600.5,1600.5,49.0,193.5,1,0.375,1,0,0,797,4308,973.1470514429109,0.0
20264,1.0,3506,2026-02-25T08:20,COMPLETA,559.6338,1600.5,1600.5,49.0,193.5,1,0.375,1,0,0,797,4308,973.1470514429109,0.0
20264,1.0,3507,2026-02-25T08:30,COMPLETA,563.1641,1600.5,1600.5,49.0,193.5,1,0.375,1,0,0,798,4311,972.6399749373433,0.0
20264,1.0,3508,2026-02-25T08:40,COMPLETA,590.629,1600.5,1600.5,49.0,193.5,1,0.375,1,0,0,798,4311,972.6399749373433,0.0
20264,1.0,3509,2026-02-25T08:50,COMPLETA,579.4904,1600.5,1600.5,49.0,193.5,1,0.375,1,0,0,798,4311,972.6399749373433,0.0
20264,1.0,3510,2026-02-25T09:00,COMPLETA,518.708,1600.5,1600.5,49.0,193.5,1,0.375,1,0,0,798,4311,972.6399749373433,0.0
20264,1.0,3511,2026-02-25T09:10,COMPLETA,538.6192,1600.5,1600.5,49.0,193.5,1,0.375,1,0,0,798,4311,972.6399749373433,0.0
20264,1.0,3512,2026-02-25T09:20,COMPLETA,577.4392,1600.5,1600.5,49.0,193.5,1,0.375,1,0,0,798,4311,972.6399749373433,0.0
20264,1.0,3513,2026-02-25T09:30,COMPLETA,657.9659,1600.5,1600.5,49.0,193.5,1,0.375,1,0,0,798,4311,972.6399749373433,0.0
20264,1.0,3514,2026-02-25T09:40,COMPLETA,534.3069,1600.5,1600.5,49.0,193.5,1,0.375,1,0,0,798,4311,972.6399749373433,0.0
20264,1.0,3515,2026-02-25T09:50,COMPLETA,557.6142,1600.5,1600.5,49.0,193.5,1,0.375,1,0,0,799,4321,971.4664580725906,0.0
20264,1.0,3516,2026-02-25T10:00,COMPLETA,637.8028,1301.8333333333333,238.0,150.0,525.0,3,0.2777777777777778,3,0,1,799,4321,971.4664580725906,0.0
20264,1.0,3517,2026-02-25T10:10,COMPLETA,645.6407,1302.5,238.0,150.0,525.0,3,0.2777777777777778,3,0,1,800,4328,972.6127499999999,0.0
20264,1.0,3518,2026-02-25T10:20,COMPLETA,632.9515,739.1666666666666,238.0,152.0,528.0,3,0.2916666666666667,3,0,1,800,4328,972.6127499999999,0.0
20264,1.0,3519,2026-02-25T10:30,COMPLETA,573.5952,919.25,238.0,110.0,405.0,2,0.3541666666666667,2,0,0,800,4328,972.6127499999999,0.0
20264,1.0,3520,2026-02-25T10:40,COMPLETA,616.5949,919.25,238.0,110.0,405.0,2,0.3541666666666667,2,0,0,800,4328,972.6127499999999,0.0
20264,1.0,3521,2026-02-25T10:50,COMPLETA,603.296,640.0,99.5,144.0,516.0,3,0.375,3,0,0,800,4328,972.6127499999999,0.0
20264,1.0,3522,2026-02-25T11:00,COMPLETA,642.2555,571.75,99.5,207.0,670.5,4,0.3020833333333333,4,0,1,800,4328,972.6127499999999,0.0
20264,1.0,3523,2026-02-25T11:10,COMPLETA,600.9643,640.0,99.5,144.0,456.0,3,0.375,3,0,0,800,4328,972.6127499999999,0.0
20264,1.0,3524,2026-02-25T11:20,COMPLETA,692.8649,640.0,99.5,144.0,456.0,3,0.375,3,0,0,800,4328,972.6127499999999,0.0
20264,1.0,3525,2026-02-25T11:30,COMPLETA,642.7601,640.0,99.5,144.0,456.0,3,0.375,3,0,0,802,4336,974.9254364089775,0.0
20264,1.0,3526,2026-02-25T11:40,COMPLETA,693.2946,989.875,99.5,174.0,561.0,4,0.2916666666666667,4,0,1,803,4339,976.2879202988792,0.0
20264,1.0,3527,2026-02-25T11:50,COMPLETA,702.8662,1230.0,40.0,140.0,510.0,3,0.25,3,0,0,803,4339,976.2879202988792,0.0
20264,1.0,3528,2026-02-25T12:00,COMPLETA,747.3011,1230.0,40.0,140.0,510.0,3,0.25,3,0,1,804,4343,975.5450248756218,0.0
20264,1.0,3529,2026-02-25T12:10,COMPLETA,772.6895,820.25,40.0,110.0,405.0,2,0.3541666666666667,2,0,0,804,4343,975.5450248756218,0.0
20264,1.0,3530,2026-02-25T12:20,COMPLETA,628.3091,820.25,40.0,110.0,405.0,2,0.3541666666666667,2,0,0,804,4343,975.5450248756218,0.0
20264,1.0,3531,2026-02-25T12:30,COMPLETA,600.3234,820.25,40.0,110.0,405.0,2,0.3541666666666667,2,0,0,804,4343,975.5450248756218,0.0
20264,1.0,3532,2026-02-25T12:40,COMPLETA,894.3255,635.5,40.0,234.0,771.0,3,0.4444444444444444,4,0,0,804,4343,975.5450248756218,0.0
20264,1.0,3533,2026-02-25T12:50,COMPLETA,946.746,635.5,40.0,234.0,771.0,3,0.4444444444444444,4,0,0,804,4343,975.5450248756218,0.0
20264,1.0,3534,2026-02-25T13:00,COMPLETA,1092.6494,650.0,40.0,264.0,876.0,3,0.5277777777777778,5,0,0,805,4345,974.7890683229813,0.0
20264,1.0,3535,2026-02-25T13:10,COMPLETA,1106.2146,650.0,40.0,264.0,876.0,3,0.5277777777777778,5,0,0,806,4355,973.7031017369726,0.0
20264,1.0,3536,2026-02-25T13:20,COMPLETA,1163.3791,650.0,40.0,264.0,876.0,3,0.5277777777777778,5,0,0,807,4360,974.6656753407682,0.0
20264,1.0,3537,2026-02-25T13:30,COMPLETA,1095.6812,650.0,40.0,264.0,876.0,3,0.5277777777777778,5,0,0,808,4361,975.9959158415841,0.0
20264,1.0,3538,2026-02-25T13:40,COMPLETA,1050.5657,650.0,40.0,264.0,876.0,3,0.5277777777777778,5,0,0,808,4361,975.9959158415841,0.0
20264,1.0,3539,2026-02-25T13:50,COMPLETA,1123.2779,650.0,40.0,264.0,876.0,3,0.5277777777777778,5,0,0,808,4361,975.9959158415841,0.0
20264,1.0,3540,2026-02-25T14:00,COMPLETA,1068.1265,650.0,40.0,264.0,876.0,3,0.5277777777777778,5,0,0,808,4361,975.9959158415841,0.0
20264,1.0,3541,2026-02-25T14:10,COMPLETA,1284.8583,545.3333333333334,40.0,372.0,1278.0,5,0.3416666666666667,6,0,0,808,4361,975.9959158415841,0.0
20264,1.0,3542,2026-02-25T14:20,COMPLETA,1349.5328,497.07142857142856,40.0,326.0,1209.0,5,0.375,7,0,0,808,4361,975.9959158415841,0.0
20264,1.0,3543,2026-02-25T14:30,COMPLETA,1215.7028,497.07142857142856,40.0,326.0,1209.0,5,0.375,7,0,0,808,4361,975.9959158415841,0.0
20264,1.0,3544,2026-02-25T14:40,COMPLETA,1607.7486,681.8125,40.0,415.0,1462.5,6,0.3541666666666667,8,0,0,808,4361,975.9959158415841,0.0
20264,1.0,3545,2026-02-25T14:50,COMPLETA,1518.8654,681.8125,40.0,415.0,1462.5,6,0.3541666666666667,8,0,0,808,4361,975.9959158415841,0.0
20264,1.0,3546,2026-02-25T15:00,COMPLETA,1641.3462,681.8125,40.0,415.0,1462.5,6,0.3541666666666667,8,0,6,808,4361,975.9959158415841,0.0
20264,1.0,3547,2026-02-25T15:10,SIN_DEMANDA,0,,,,,,,0,0,0,808,4361,975.9959158415841,0.0
20264,1.0,3548,2026-02-25T15:20,SIN_DEMANDA,0,,,,,,,0,0,0,808,4361,975.9959158415841,0.0
20264,1.0,3549,2026-02-25T15:30,SIN_DEMANDA,0,,,,,,,0,0,0,808,4361,975.9959158415841,0.0
20264,1.0,3550,2026-02-25T15:40,SIN_DEMANDA,0,,,,,,,0,0,0,808,4361,975.9959158415841,0.0
20264,1.0,3551,2026-02-25T15:50,COMPLETA,598.3254,485.5,485.5,91.0,256.5,1,0.2916666666666667,1,0,0,808,4361,975.9959158415841,0.0
20264,1.0,3552,2026-02-25T16:00,COMPLETA,514.7047,485.5,485.5,91.0,256.5,1,0.2916666666666667,1,0,0,808,4361,975.9959158415841,0.0
20264,1.0,3553,2026-02-25T16:10,COMPLETA,581.2644,485.5,485.5,91.0,256.5,1,0.2916666666666667,1,0,0,808,4361,975.9959158415841,0.0
20264,1.0,3554,2026-02-25T16:20,COMPLETA,627.7533,485.5,485.5,91.0,256.5,1,0.2916666666666667,1,0,0,809,4364,974.9297898640297,0.0
20264,1.0,3555,2026-02-25T16:30,COMPLETA,540.4516,485.5,485.5,91.0,256.5,1,0.2916666666666667,1,0,0,810,4368,973.8693827160494,0.0
20264,1.0,3556,2026-02-25T16:40,COMPLETA,618.178,485.5,485.5,91.0,256.5,1,0.2916666666666667,1,0,0,810,4368,973.8693827160494,0.0
20264,1.0,3557,2026-02-25T16:50,COMPLETA,568.9441,485.5,485.5,91.0,256.5,1,0.2916666666666667,1,0,0,811,4373,972.9577065351417,0.0
20264,1.0,3558,2026-02-25T17:00,COMPLETA,619.9099,1271.75,485.5,147.0,400.5,2,0.16666666666666666,2,0,1,811,4373,972.9577065351417,0.0
20264,1.0,3559,2026-02-25T17:10,COMPLETA,692.8226,690.6666666666666,14.0,163.0,544.5,2,0.4166666666666667,3,0,0,811,4373,972.9577065351417,0.0
20264,1.0,3560,2026-02-25T17:20,COMPLETA,739.7182,557.75,14.0,187.0,640.5,3,0.2916666666666667,4,0,1,812,4381,971.8087438423645,0.0
20264,1.0,3561,2026-02-25T17:30,COMPLETA,770.191,690.6666666666666,14.0,163.0,544.5,2,0.4166666666666667,3,0,0,813,4387,971.6134071340713,0.0
20264,1.0,3562,2026-02-25T17:40,COMPLETA,709.1799,690.6666666666666,14.0,163.0,544.5,2,0.4166666666666667,3,0,0,814,4393,972.8460687960687,0.0
20264,1.0,3563,2026-02-25T17:50,COMPLETA,752.9172,503.75,14.0,213.0,679.5,2,0.625,4,0,0,814,4393,972.8460687960687,0.0
20264,1.0,3564,2026-02-25T18:00,COMPLETA,754.0165,503.75,14.0,213.0,679.5,2,0.625,4,0,0,814,4393,972.8460687960687,0.0
20264,1.0,3565,2026-02-25T18:10,COMPLETA,904.2643,601.3,14.0,247.0,790.5,3,0.4583333333333333,5,0,1,814,4393,972.8460687960687,0.0
20264,1.0,3566,2026-02-25T18:20,COMPLETA,836.4285,503.75,14.0,213.0,679.5,2,0.625,4,0,0,814,4393,972.8460687960687,0.0
20264,1.0,3567,2026-02-25T18:30,COMPLETA,796.0116,503.75,14.0,213.0,679.5,2,0.625,4,0,0,815,4403,972.5499386503067,0.0
20264,1.0,3568,2026-02-25T18:40,COMPLETA,745.3857,503.75,14.0,213.0,619.5,2,0.625,4,0,0,816,4404,971.5529411764705,0.0
20264,1.0,3569,2026-02-25T18:50,COMPLETA,936.1543,753.3,14.0,299.0,868.5,3,0.5416666666666666,5,0,0,817,4405,972.882741738066,0.0
20264,1.0,3570,2026-02-25T19:00,COMPLETA,827.1575,753.3,14.0,299.0,868.5,3,0.5416666666666666,5,0,0,817,4405,972.882741738066,0.0
20264,1.0,3571,2026-02-25T19:10,COMPLETA,827.0429,753.3,14.0,299.0,868.5,3,0.5416666666666666,5,0,1,817,4405,972.882741738066,0.0
20264,1.0,3572,2026-02-25T19:20,COMPLETA,843.8464,938.125,237.0,245.0,727.5,2,0.6875,4,0,0,817,4405,972.882741738066,0.0
20264,1.0,3573,2026-02-25T19:30,COMPLETA,1005.9707,996.25,290.5,231.0,646.5,2,0.6875,4,0,0,817,4405,972.882741738066,0.0
20264,1.0,3574,2026-02-25T19:40,COMPLETA,918.8154,996.25,290.5,231.0,646.5,2,0.6875,4,0,0,819,4417,973.4648351648351,0.0
20264,1.0,3575,2026-02-25T19:50,COMPLETA,918.7668,996.25,290.5,231.0,646.5,2,0.6875,4,0,0,819,4417,973.4648351648351,0.0
20264,1.0,3576,2026-02-25T20:00,COMPLETA,917.6135,996.25,290.5,231.0,646.5,2,0.6875,4,0,1,819,4417,973.4648351648351,0.0
20264,1.0,3577,2026-02-25T20:10,COMPLETA,820.821,1241.8333333333333,337.0,222.0,633.0,2,0.4791666666666667,3,0,0,819,4417,973.4648351648351,0.0
20264,1.0,3578,2026-02-25T20:20,COMPLETA,761.9087,1241.8333333333333,337.0,222.0,633.0,2,0.4791666666666667,3,0,0,819,4417,973.4648351648351,0.0
20264,1.0,3579,2026-02-25T20:30,COMPLETA,726.3064,1241.8333333333333,337.0,222.0,633.0,2,0.4791666666666667,3,0,0,819,4417,973.4648351648351,0.0
20264,1.0,3580,2026-02-25T20:40,COMPLETA,1223.4333,1362.875,337.0,258.0,747.0,2,0.5833333333333334,4,0,0,819,4417,973.4648351648351,0.0
20264,1.0,3581,2026-02-25T20:50,COMPLETA,1282.2845,1362.875,337.0,258.0,747.0,2,0.5833333333333334,4,0,0,819,4417,973.4648351648351,0.0
20264,1.0,3582,2026-02-25T21:00,COMPLETA,1274.7956,1362.875,337.0,258.0,747.0,2,0.5833333333333334,4,0,0,820,4423,972.2947560975609,0.0
20264,1.0,3583,2026-02-25T21:10,COMPLETA,1208.1363,1362.875,337.0,258.0,747.0,2,0.5833333333333334,4,0,0,820,4423,972.2947560975609,0.0
20264,1.0,3584,2026-02-25T21:20,COMPLETA,1066.8494,1362.875,337.0,258.0,747.0,2,0.5833333333333334,4,0,0,820,4423,972.2947560975609,0.0
20264,1.0,3585,2026-02-25T21:30,COMPLETA,1139.491,1362.875,337.0,258.0,747.0,2,0.5833333333333334,4,0,0,820,4423,972.2947560975609,0.0
20264,1.0,3586,2026-02-25T21:40,COMPLETA,1186.0493,1362.875,337.0,258.0,747.0,2,0.5833333333333334,4,0,0,820,4423,972.2947560975609,0.0
20264,1.0,3587,2026-02-25T21:50,COMPLETA,1208.7701,1362.875,337.0,258.0,747.0,2,0.5833333333333334,4,0,0,820,4423,972.2947560975609,0.0
20264,1.0,3588,2026-02-25T22:00,COMPLETA,1216.0353,1362.875,337.0,258.0,747.0,2,0.5833333333333334,4,0,0,820,4423,972.2947560975609,0.0
20264,1.0,3589,2026-02-25T22:10,COMPLETA,1389.4463,1219.2,337.0,306.0,939.0,2,0.7916666666666666,5,0,0,820,4423,972.2947560975609,0.0
20264,1.0,3590,2026-02-25T22:20,COMPLETA,1429.5656,1219.2,337.0,306.0,939.0,2,0.7916666666666666,5,0,0,820,4423,972.2947560975609,0.0
20264,1.0,3591,2026-02-25T22:30,COMPLETA,1325.907,1219.2,337.0,306.0,939.0,2,0.7916666666666666,5,0,0,820,4423,972.2947560975609,0.0
20264,1.0,3592,2026-02-25T22:40,COMPLETA,1483.0276,1219.2,337.0,306.0,939.0,2,0.7916666666666666,5,0,0,820,4423,972.2947560975609,0.0
20264,1.0,3593,2026-02-25T22:50,COMPLETA,1361.0488,1219.2,337.0,306.0,939.0,2,0.7916666666666666,5,0,0,821,4433,971.6165651644336,0.0
20264,1.0,3594,2026-02-25T23:00,COMPLETA,1686.5627,1360.8333333333333,277.0,336.0,1044.0,3,0.625,6,0,2,821,4433,971.6165651644336,0.0
20264,1.0,3595,2026-02-25T23:10,COMPLETA,1163.0274,877.8333333333334,277.0,139.0,448.5,1,1.0,3,0,1,821,4433,971.6165651644336,0.0
20264,1.0,3596,2026-02-25T23:20,SIN_DEMANDA,0,,,,,,,0,0,0,821,4433,971.6165651644336,0.0
20264,1.0,3597,2026-02-25T23:30,SIN_DEMANDA,0,,,,,,,0,0,0,821,4433,971.6165651644336,0.0
20264,1.0,3598,2026-02-25T23:40,SIN_DEMANDA,0,,,,,,,0,0,0,821,4433,971.6165651644336,0.0
20264,1.0,3599,2026-02-25T23:50,SIN_DEMANDA,0,,,,,,,0,0,0,821,4433,971.6165651644336,0.0
20264,1.0,3600,2026-02-26T00:00,COMPLETA,765.27,204.25,188.0,128.0,432.0,2,0.3333333333333333,2,0,0,821,4433,971.6165651644336,0.0
20264,1.0,3601,2026-02-26T00:10,COMPLETA,712.5631,204.25,188.0,128.0,432.0,2,0.3333333333333333,2,0,0,821,4433,971.6165651644336,0.0
20264,1.0,3602,2026-02-26T00:20,COMPLETA,921.071,638.0,188.0,170.0,555.0,2,0.4583333333333333,3,0,0,821,4433,971.6165651644336,0.0
20264,1.0,3603,2026-02-26T00:30,COMPLETA,971.102,638.0,188.0,170.0,555.0,2,0.4583333333333333,3,0,0,821,4433,971.6165651644336,0.0
20264,1.0,3604,2026-02-26T00:40,COMPLETA,918.3455,638.0,188.0,170.0,555.0,2,0.4583333333333333,3,0,0,822,4440,972.9479318734792,0.0
20264,1.0,3605,2026-02-26T00:50,COMPLETA,982.9467,517.0,154.0,198.0,717.0,3,0.3333333333333333,4,0,1,822,4440,972.9479318734792,0.0
20264,1.0,3606,2026-02-26T01:00,COMPLETA,915.8872,638.0,188.0,170.0,555.0,2,0.4583333333333333,3,0,0,822,4440,972.9479318734792,0.0
20264,1.0,3607,2026-02-26T01:10,COMPLETA,923.5165,638.0,188.0,170.0,555.0,2,0.4583333333333333,3,0,0,822,4440,972.9479318734792,0.0
20264,1.0,3608,2026-02-26T01:20,COMPLETA,899.5539,638.0,188.0,170.0,555.0,2,0.4583333333333333,3,0,0,822,4440,972.9479318734792,0.0
20264,1.0,3609,2026-02-26T01:30,COMPLETA,979.5189,638.0,188.0,170.0,555.0,2,0.4583333333333333,3,0,0,822,4440,972.9479318734792,0.0
20264,1.0,3610,2026-02-26T01:40,COMPLETA,851.7796,638.0,188.0,170.0,495.0,2,0.4583333333333333,3,0,0,823,4449,973.8939246658566,0.0
20264,1.0,3611,2026-02-26T01:50,COMPLETA,766.1417,638.0,188.0,170.0,495.0,2,0.4583333333333333,3,0,0,823,4449,973.8939246658566,0.0
20264,1.0,3612,2026-02-26T02:00,COMPLETA,741.4678,638.0,188.0,170.0,495.0,2,0.4583333333333333,3,0,1,824,4459,973.7344660194174,0.0
20264,1.0,3613,2026-02-26T02:10,COMPLETA,683.7523,846.75,188.0,89.0,313.5,1,0.5833333333333334,2,0,0,824,4459,973.7344660194174,0.0
20264,1.0,3614,2026-02-26T02:20,COMPLETA,905.5258,846.75,188.0,89.0,313.5,1,0.5833333333333334,2,0,0,825,4461,972.7408484848485,0.0
20264,1.0,3615,2026-02-26T02:30,COMPLETA,854.8515,846.75,188.0,89.0,313.5,1,0.5833333333333334,2,0,0,825,4461,972.7408484848485,0.0
20264,1.0,3616,2026-02-26T02:40,COMPLETA,635.7854,1162.0,188.0,134.0,501.0,2,0.4583333333333333,3,0,0,825,4461,972.7408484848485,0.0
20264,1.0,3617,2026-02-26T02:50,COMPLETA,633.0512,1162.0,188.0,134.0,501.0,2,0.4583333333333333,3,0,0,825,4461,972.7408484848485,0.0
20264,1.0,3618,2026-02-26T03:00,COMPLETA,635.2879,1162.0,188.0,134.0,501.0,2,0.4583333333333333,3,0,0,825,4461,972.7408484848485,0.0
20264,1.0,3619,2026-02-26T03:10,COMPLETA,708.9375,902.25,123.0,187.0,640.5,3,0.4305555555555556,4,0,1,825,4461,972.7408484848485,0.0
20264,1.0,3620,2026-02-26T03:20,COMPLETA,729.6056,1162.0,188.0,134.0,501.0,2,0.4583333333333333,3,0,0,825,4461,972.7408484848485,0.0
20264,1.0,3621,2026-02-26T03:30,COMPLETA,636.481,1162.0,188.0,134.0,501.0,2,0.4583333333333333,3,0,0,825,4461,972.7408484848485,0.0
20264,1.0,3622,2026-02-26T03:40,COMPLETA,633.1658,1162.0,188.0,134.0,501.0,2,0.4583333333333333,3,0,0,825,4461,972.7408484848485,0.0
20264,1.0,3623,2026-02-26T03:50,COMPLETA,728.3107,752.3,128.5,232.0,768.0,4,0.25,5,0,2,825,4461,972.7408484848485,0.0
20264,1.0,3624,2026-02-26T04:00,COMPLETA,762.5189,1162.0,188.0,134.0,501.0,2,0.4583333333333333,3,0,0,827,4473,974.2916565900846,0.0
20264,1.0,3625,2026-02-26T04:10,COMPLETA,894.1532,1379.125,188.0,215.0,682.5,3,0.3611111111111111,4,0,1,827,4473,974.2916565900846,0.0
20264,1.0,3626,2026-02-26T04:20,COMPLETA,794.1444,1318.0,120.5,248.0,792.0,3,0.4027777777777778,4,0,0,828,4481,973.3812801932366,0.0
20264,1.0,3627,2026-02-26T04:30,COMPLETA,820.7375,1037.8333333333333,120.5,268.0,977.0,4,0.4375,6,0,1,828,4481,973.3812801932366,0.0
20264,1.0,3628,2026-02-26T04:40,COMPLETA,881.7651,1133.4,120.5,250.0,855.0,3,0.5277777777777778,5,0,0,828,4481,973.3812801932366,0.0
20264,1.0,3629,2026-02-26T04:50,COMPLETA,842.1402,1133.4,120.5,250.0,855.0,3,0.5277777777777778,5,0,0,828,4481,973.3812801932366,0.0
20264,1.0,3630,2026-02-26T05:00,COMPLETA,800.5723,1133.4,120.5,250.0,855.0,3,0.5277777777777778,5,0,0,828,4481,973.3812801932366,0.0
20264,1.0,3631,2026-02-26T05:10,COMPLETA,813.9339,1133.4,120.5,250.0,855.0,3,0.5277777777777778,5,0,0,830,4497,971.5177108433735,0.0
20264,1.0,3632,2026-02-26T05:20,COMPLETA,878.8644,1133.4,120.5,250.0,855.0,3,0.5277777777777778,5,0,0,831,4498,970.5255114320096,0.0
20264,1.0,3633,2026-02-26T05:30,COMPLETA,875.5473,1133.4,120.5,250.0,855.0,3,0.5277777777777778,5,0,0,831,4498,970.5255114320096,0.0
20264,1.0,3634,2026-02-26T05:40,COMPLETA,954.4471,1133.4,120.5,250.0,855.0,3,0.5277777777777778,5,0,0,832,4499,969.5134615384615,0.0
20264,1.0,3635,2026-02-26T05:50,COMPLETA,745.3243,1133.4,120.5,250.0,855.0,3,0.5277777777777778,5,0,0,833,4503,969.1250900360144,0.0
20264,1.0,3636,2026-02-26T06:00,COMPLETA,792.5649,1133.4,120.5,250.0,855.0,3,0.5277777777777778,5,0,0,833,4503,969.1250900360144,0.0
20264,1.0,3637,2026-02-26T06:10,COMPLETA,738.0744,1011.0833333333334,56.0,180.0,870.0,3,0.6527777777777778,6,0,0,833,4503,969.1250900360144,0.0
20264,1.0,3638,2026-02-26T06:20,COMPLETA,814.4961,1011.0833333333334,56.0,180.0,870.0,3,0.6527777777777778,6,0,0,834,4507,970.3977218225419,0.0
20264,1.0,3639,2026-02-26T06:30,COMPLETA,752.568,1011.0833333333334,56.0,180.0,870.0,3,0.6527777777777778,6,0,0,834,4507,970.3977218225419,0.0
20264,1.0,3640,2026-02-26T06:40,COMPLETA,841.302,867.7142857142857,102.5,338.0,1236.5,4,0.5833333333333334,7,0,0,834,4507,970.3977218225419,0.0
20264,1.0,3641,2026-02-26T06:50,COMPLETA,893.0209,1014.75,102.5,340.0,1299.5,4,0.6145833333333334,8,0,0,834,4507,970.3977218225419,0.0
20264,1.0,3642,2026-02-26T07:00,COMPLETA,949.5446,1014.75,102.5,340.0,1299.5,4,0.6145833333333334,8,0,4,834,4507,970.3977218225419,0.0
20264,1.0,3643,2026-02-26T07:10,COMPLETA,412.1891,1008.5,1008.5,6.0,129.0,1,0.041666666666666664,1,0,1,834,4507,970.3977218225419,0.0
20264,1.0,3644,2026-02-26T07:20,SIN_DEMANDA,0,,,,,,,0,0,0,834,4507,970.3977218225419,0.0
20264,1.0,3645,2026-02-26T07:30,SIN_DEMANDA,0,,,,,,,0,0,0,834,4507,970.3977218225419,0.0
20264,1.0,3646,2026-02-26T07:40,SIN_DEMANDA,0,,,,,,,0,0,0,834,4507,970.3977218225419,0.0
20264,1.0,3647,2026-02-26T07:50,COMPLETA,471.2212,137.0,137.0,89.0,253.5,1,0.3333333333333333,1,0,0,834,4507,970.3977218225419,0.0
20264,1.0,3648,2026-02-26T08:00,COMPLETA,612.6244,137.0,137.0,89.0,253.5,1,0.3333333333333333,1,0,0,834,4507,970.3977218225419,0.0
20264,1.0,3649,2026-02-26T08:10,COMPLETA,509.9057,137.0,137.0,89.0,253.5,1,0.3333333333333333,1,0,0,834,4507,970.3977218225419,0.0
20264,1.0,3650,2026-02-26T08:20,COMPLETA,654.8119,1261.3333333333333,41.0,153.0,529.5,2,0.375,3,0,1,835,4508,970.4433532934131,0.0
20264,1.0,3651,2026-02-26T08:30,COMPLETA,684.1311,1113.8333333333333,72.5,183.0,574.5,2,0.4583333333333333,3,0,0,836,4517,969.9811004784689,0.0
20264,1.0,3652,2026-02-26T08:40,COMPLETA,657.3049,1113.8333333333333,72.5,183.0,574.5,2,0.4583333333333333,3,0,0,836,4517,969.9811004784689,0.0
20264,1.0,3653,2026-02-26T08:50,COMPLETA,812.6876,1113.8333333333333,72.5,183.0,574.5,2,0.4583333333333333,3,0,0,838,4529,970.2275656324582,0.0
20264,1.0,3654,2026-02-26T09:00,COMPLETA,686.6844,1113.8333333333333,72.5,183.0,574.5,2,0.4583333333333333,3,0,0,838,4529,970.2275656324582,0.0
20264,1.0,3655,2026-02-26T09:10,COMPLETA,606.4303,1113.8333333333333,72.5,183.0,574.5,2,0.4583333333333333,3,0,0,838,4529,970.2275656324582,0.0
20264,1.0,3656,2026-02-26T09:20,COMPLETA,699.5123,1113.8333333333333,72.5,183.0,574.5,2,0.4583333333333333,3,0,0,838,4529,970.2275656324582,0.0
20264,1.0,3657,2026-02-26T09:30,COMPLETA,674.939,1113.8333333333333,72.5,183.0,574.5,2,0.4583333333333333,3,0,0,838,4529,970.2275656324582,0.0
20264,1.0,3658,2026-02-26T09:40,COMPLETA,762.5254,1113.8333333333333,72.5,183.0,574.5,2,0.4583333333333333,3,0,0,838,4529,970.2275656324582,0.0
20264,1.0,3659,2026-02-26T09:50,COMPLETA,661.2793,1113.8333333333333,72.5,183.0,574.5,2,0.4583333333333333,3,0,0,839,4533,971.5276519666269,0.0
20264,1.0,3660,2026-02-26T10:00,COMPLETA,877.0954,841.125,23.0,268.0,822.0,3,0.4027777777777778,4,0,0,839,4533,971.5276519666269,0.0
20264,1.0,3661,2026-02-26T10:10,COMPLETA,887.4742,841.125,23.0,268.0,822.0,3,0.4027777777777778,4,0,0,840,4541,970.5020238095237,0.0
20264,1.0,3662,2026-02-26T10:20,COMPLETA,965.2656,841.125,23.0,268.0,822.0,3,0.4027777777777778,4,0,0,841,4547,971.2023781212841,0.0
20264,1.0,3663,2026-02-26T10:30,COMPLETA,865.1812,841.125,23.0,268.0,822.0,3,0.4027777777777778,4,0,0,842,4558,972.183729216152,0.0
20264,1.0,3664,2026-02-26T10:40,COMPLETA,811.1585,841.125,23.0,268.0,822.0,3,0.4027777777777778,4,0,0,842,4558,972.183729216152,0.0
20264,1.0,3665,2026-02-26T10:50,COMPLETA,814.3631,841.125,23.0,268.0,822.0,3,0.4027777777777778,4,0,0,842,4558,972.183729216152,0.0
20264,1.0,3666,2026-02-26T11:00,COMPLETA,1077.6501,743.0,23.0,337.0,1045.5,4,0.3541666666666667,5,0,0,842,4558,972.183729216152,0.0
20264,1.0,3667,2026-02-26T11:10,COMPLETA,1018.3256,743.0,23.0,337.0,1045.5,4,0.3541666666666667,5,0,0,842,4558,972.183729216152,0.0
20264,1.0,3668,2026-02-26T11:20,COMPLETA,966.3279,743.0,23.0,337.0,1045.5,4,0.3541666666666667,5,0,0,842,4558,972.183729216152,0.0
20264,1.0,3669,2026-02-26T11:30,COMPLETA,1033.3609,779.9,23.0,337.0,985.5,4,0.3541666666666667,5,0,0,843,4563,971.3887307236062,0.0
20264,1.0,3670,2026-02-26T11:40,COMPLETA,969.2671,779.9,23.0,337.0,985.5,4,0.3541666666666667,5,0,0,843,4563,971.3887307236062,0.0
20264,1.0,3671,2026-02-26T11:50,COMPLETA,935.5628,779.9,23.0,337.0,985.5,4,0.3541666666666667,5,0,1,844,4571,972.1554502369668,0.0
20264,1.0,3672,2026-02-26T12:00,COMPLETA,865.3851,894.5,23.0,248.0,792.0,3,0.3611111111111111,4,0,0,844,4571,972.1554502369668,0.0
20264,1.0,3673,2026-02-26T12:10,COMPLETA,1243.1462,1088.4,23.0,269.0,823.5,3,0.4444444444444444,5,0,1,844,4571,972.1554502369668,0.0
20264,1.0,3674,2026-02-26T12:20,COMPLETA,878.6314,901.75,52.0,205.0,730.5,3,0.3611111111111111,4,0,0,844,4571,972.1554502369668,0.0
20264,1.0,3675,2026-02-26T12:30,COMPLETA,913.2667,926.75,78.5,203.0,664.5,3,0.3611111111111111,4,0,0,844,4571,972.1554502369668,0.0
20264,1.0,3676,2026-02-26T12:40,COMPLETA,963.0387,926.75,78.5,203.0,664.5,3,0.3611111111111111,4,0,0,844,4571,972.1554502369668,0.0
20264,1.0,3677,2026-02-26T12:50,COMPLETA,1083.9643,1060.7,52.0,257.0,868.5,3,0.4305555555555556,5,0,0,844,4571,972.1554502369668,0.0
20264,1.0,3678,2026-02-26T13:00,COMPLETA,1130.0351,1060.7,52.0,257.0,868.5,3,0.4305555555555556,5,0,0,844,4571,972.1554502369668,0.0
20264,1.0,3679,2026-02-26T13:10,COMPLETA,1257.0246,1060.7,52.0,257.0,868.5,3,0.4305555555555556,5,0,0,844,4571,972.1554502369668,0.0
20264,1.0,3680,2026-02-26T13:20,COMPLETA,1068.9099,1060.7,52.0,257.0,868.5,3,0.4305555555555556,5,0,0,844,4571,972.1554502369668,0.0
20264,1.0,3681,2026-02-26T13:30,COMPLETA,1277.6126,930.5,52.0,234.0,894.0,3,0.5277777777777778,6,0,0,844,4571,972.1554502369668,0.0
20264,1.0,3682,2026-02-26T13:40,COMPLETA,1312.623,930.5,52.0,234.0,894.0,3,0.5277777777777778,6,0,0,844,4571,972.1554502369668,0.0
20264,1.0,3683,2026-02-26T13:50,COMPLETA,1294.8411,930.5,52.0,234.0,894.0,3,0.5277777777777778,6,0,0,844,4571,972.1554502369668,0.0
20264,1.0,3684,2026-02-26T14:00,COMPLETA,1446.5705,797.8571428571429,23.0,394.0,1334.0,5,0.3416666666666667,7,0,0,844,4571,972.1554502369668,0.0
20264,1.0,3685,2026-02-26T14:10,COMPLETA,1296.6792,797.8571428571429,23.0,394.0,1334.0,5,0.3416666666666667,7,0,0,844,4571,972.1554502369668,0.0
20264,1.0,3686,2026-02-26T14:20,COMPLETA,1248.3369,797.8571428571429,23.0,394.0,1334.0,5,0.3416666666666667,7,0,0,844,4571,972.1554502369668,0.0
20264,1.0,3687,2026-02-26T14:30,COMPLETA,1780.3219,808.8125,14.0,404.0,1418.0,5,0.4083333333333333,8,0,0,845,4579,971.3854437869821,0.0
20264,1.0,3688,2026-02-26T14:40,COMPLETA,1609.7464,808.8125,14.0,404.0,1418.0,5,0.4083333333333333,8,0,0,845,4579,971.3854437869821,0.0
20264,1.0,3689,2026-02-26T14:50,COMPLETA,1780.7807,808.8125,14.0,404.0,1418.0,5,0.4083333333333333,8,0,0,845,4579,971.3854437869821,0.0
20264,1.0,3690,2026-02-26T15:00,COMPLETA,1658.1764,808.8125,14.0,404.0,1418.0,5,0.4083333333333333,8,0,4,846,4585,972.5947990543734,0.0
20264,1.0,3691,2026-02-26T15:10,COMPLETA,687.8799,1377.0,1377.0,109.0,283.5,1,0.20833333333333334,1,0,0,846,4585,972.5947990543734,0.0
20264,1.0,3692,2026-02-26T15:20,COMPLETA,657.3616,1377.0,1377.0,109.0,283.5,1,0.20833333333333334,1,0,0,846,4585,972.5947990543734,0.0
20264,1.0,3693,2026-02-26T15:30,COMPLETA,626.5189,1377.0,1377.0,109.0,283.5,1,0.20833333333333334,1,0,0,846,4585,972.5947990543734,0.0
20264,1.0,3694,2026-02-26T15:40,COMPLETA,552.2115,1377.0,1377.0,109.0,283.5,1,0.20833333333333334,1,0,0,846,4585,972.5947990543734,0.0
20264,1.0,3695,2026-02-26T15:50,COMPLETA,609.0224,1377.0,1377.0,109.0,283.5,1,0.20833333333333334,1,0,0,846,4585,972.5947990543734,0.0
20264,1.0,3696,2026-02-26T16:00,COMPLETA,570.7931,1377.0,1377.0,109.0,283.5,1,0.20833333333333334,1,0,0,846,4585,972.5947990543734,0.0
20264,1.0,3697,2026-02-26T16:10,COMPLETA,560.1468,1377.0,1377.0,109.0,283.5,1,0.20833333333333334,1,0,0,846,4585,972.5947990543734,0.0
20264,1.0,3698,2026-02-26T16:20,COMPLETA,545.6772,1377.0,1377.0,109.0,283.5,1,0.20833333333333334,1,0,0,847,4592,971.8136953955135,0.0
20264,1.0,3699,2026-02-26T16:30,COMPLETA,597.3303,1709.25,1377.0,179.0,508.5,2,0.16666666666666666,2,0,1,847,4592,971.8136953955135,0.0
20264,1.0,3700,2026-02-26T16:40,COMPLETA,587.731,1377.0,1377.0,109.0,283.5,1,0.20833333333333334,1,0,0,847,4592,971.8136953955135,0.0
20264,1.0,3701,2026-02-26T16:50,COMPLETA,564.4288,1377.0,1377.0,109.0,283.5,1,0.20833333333333334,1,0,0,847,4592,971.8136953955135,0.0
20264,1.0,3702,2026-02-26T17:00,COMPLETA,595.7264,1377.0,1377.0,109.0,283.5,1,0.20833333333333334,1,0,0,847,4592,971.8136953955135,0.0
20264,1.0,3703,2026-02-26T17:10,COMPLETA,553.3083,1377.0,1377.0,109.0,283.5,1,0.20833333333333334,1,0,0,847,4592,971.8136953955135,0.0
20264,1.0,3704,2026-02-26T17:20,COMPLETA,522.5887,1377.0,1377.0,109.0,283.5,1,0.20833333333333334,1,0,0,848,4595,970.7178066037735,0.0
20264,1.0,3705,2026-02-26T17:30,COMPLETA,590.4442,1377.0,1377.0,109.0,283.5,1,0.20833333333333334,1,0,0,849,4601,971.4796230859835,0.0
20264,1.0,3706,2026-02-26T17:40,COMPLETA,557.6157,1377.0,1377.0,109.0,283.5,1,0.20833333333333334,1,0,0,849,4601,971.4796230859835,0.0
20264,1.0,3707,2026-02-26T17:50,COMPLETA,655.8888,1377.0,1377.0,109.0,283.5,1,0.20833333333333334,1,0,0,850,4608,970.3531764705882,0.0
20264,1.0,3708,2026-02-26T18:00,COMPLETA,527.2475,1377.0,1377.0,109.0,283.5,1,0.20833333333333334,1,0,0,851,4616,971.0848413631022,0.0
20264,1.0,3709,2026-02-26T18:10,COMPLETA,650.5909,1452.75,1377.0,174.0,441.0,1,0.625,2,0,0,851,4616,971.0848413631022,0.0
20264,1.0,3710,2026-02-26T18:20,COMPLETA,623.7023,1452.75,1377.0,174.0,441.0,1,0.625,2,0,0,851,4616,971.0848413631022,0.0
20264,1.0,3711,2026-02-26T18:30,COMPLETA,615.6069,1452.75,1377.0,174.0,441.0,1,0.625,2,0,0,852,4619,972.3411971830985,0.0
20264,1.0,3712,2026-02-26T18:40,COMPLETA,642.5564,1452.75,1377.0,174.0,441.0,1,0.625,2,0,0,852,4619,972.3411971830985,0.0
20264,1.0,3713,2026-02-26T18:50,COMPLETA,719.3064,1452.75,1377.0,174.0,441.0,1,0.625,2,0,0,852,4619,972.3411971830985,0.0
20264,1.0,3714,2026-02-26T19:00,COMPLETA,651.0972,1452.75,1377.0,174.0,441.0,1,0.625,2,0,0,852,4619,972.3411971830985,0.0
20264,1.0,3715,2026-02-26T19:10,COMPLETA,632.9211,1452.75,1377.0,174.0,441.0,1,0.625,2,0,0,852,4619,972.3411971830985,0.0
20264,1.0,3716,2026-02-26T19:20,COMPLETA,604.6915,1018.3333333333334,149.5,204.0,546.0,2,0.5,3,0,1,854,4632,971.2461358313817,0.0
20264,1.0,3717,2026-02-26T19:30,COMPLETA,893.1133,1228.1666666666667,705.5,234.0,651.0,2,0.4583333333333333,3,0,0,854,4632,971.2461358313817,0.0
20264,1.0,3718,2026-02-26T19:40,COMPLETA,726.1785,1228.1666666666667,705.5,234.0,651.0,2,0.4583333333333333,3,0,0,854,4632,971.2461358313817,0.0
20264,1.0,3719,2026-02-26T19:50,COMPLETA,711.3289,1228.1666666666667,705.5,234.0,651.0,2,0.4583333333333333,3,0,0,854,4632,971.2461358313817,0.0
20264,1.0,3720,2026-02-26T20:00,COMPLETA,768.7799,1437.25,705.5,272.0,768.0,3,0.3333333333333333,4,0,1,854,4632,971.2461358313817,0.0
20264,1.0,3721,2026-02-26T20:10,COMPLETA,746.9563,1228.1666666666667,705.5,234.0,651.0,2,0.4583333333333333,3,0,0,854,4632,971.2461358313817,0.0
20264,1.0,3722,2026-02-26T20:20,COMPLETA,1238.1071,1242.7,411.0,274.0,771.0,4,0.34375,5,0,1,854,4632,971.2461358313817,0.0
20264,1.0,3723,2026-02-26T20:30,COMPLETA,1003.4941,1450.625,879.0,262.0,693.0,3,0.4166666666666667,4,0,0,854,4632,971.2461358313817,0.0
20264,1.0,3724,2026-02-26T20:40,COMPLETA,924.5019,1450.625,879.0,262.0,693.0,3,0.4166666666666667,4,0,0,854,4632,971.2461358313817,0.0
20264,1.0,3725,2026-02-26T20:50,COMPLETA,867.4067,1450.625,879.0,262.0,693.0,3,0.4166666666666667,4,0,0,855,4641,970.285029239766,0.0
20264,1.0,3726,2026-02-26T21:00,COMPLETA,835.6838,1450.625,879.0,262.0,693.0,3,0.4166666666666667,4,0,2,855,4641,970.285029239766,0.0
20264,1.0,3727,2026-02-26T21:10,COMPLETA,803.8254,1464.625,803.0,278.0,777.0,3,0.3194444444444444,4,0,1,855,4641,970.285029239766,0.0
20264,1.0,3728,2026-02-26T21:20,COMPLETA,1009.623,1414.5,861.5,236.0,714.0,2,0.6041666666666666,4,0,0,855,4641,970.285029239766,0.0
20264,1.0,3729,2026-02-26T21:30,COMPLETA,1184.9162,1414.5,861.5,236.0,714.0,2,0.6041666666666666,4,0,0,857,4646,970.9092182030338,0.0
20264,1.0,3730,2026-02-26T21:40,COMPLETA,1155.3833,1414.5,861.5,236.0,714.0,2,0.6041666666666666,4,0,0,857,4646,970.9092182030338,0.0
20264,1.0,3731,2026-02-26T21:50,COMPLETA,1247.139,1414.5,861.5,236.0,714.0,2,0.6041666666666666,4,0,0,857,4646,970.9092182030338,0.0
20264,1.0,3732,2026-02-26T22:00,COMPLETA,1238.8247,1128.3,85.5,344.0,996.0,3,0.4305555555555556,5,0,0,857,4646,970.9092182030338,0.0
20264,1.0,3733,2026-02-26T22:10,COMPLETA,1254.2075,1128.3,85.5,344.0,996.0,3,0.4305555555555556,5,0,0,857,4646,970.9092182030338,0.0
20264,1.0,3734,2026-02-26T22:20,COMPLETA,2131.1897,1275.6666666666667,85.5,381.0,1171.5,4,0.4166666666666667,6,0,0,857,4646,970.9092182030338,0.0
20264,1.0,3735,2026-02-26T22:30,COMPLETA,3216.1804,1275.6666666666667,85.5,381.0,1171.5,4,0.4166666666666667,6,0,0,858,4654,972.1400932400932,0.0
20264,1.0,3736,2026-02-26T22:40,COMPLETA,3013.1958,1275.6666666666667,85.5,381.0,1171.5,4,0.4166666666666667,6,0,0,858,4654,972.1400932400932,0.0
20264,1.0,3737,2026-02-26T22:50,COMPLETA,1942.0812,1275.6666666666667,85.5,381.0,1171.5,4,0.4166666666666667,6,0,0,859,4661,972.031664726426,0.0
20264,1.0,3738,2026-02-26T23:00,COMPLETA,1862.3765,1216.0714285714287,85.5,392.0,1248.0,4,0.4479166666666667,7,0,4,860,4662,973.291511627907,0.0
20264,1.0,3739,2026-02-26T23:10,SIN_DEMANDA,0,,,,,,,0,0,0,860,4662,973.291511627907,0.0
20264,1.0,3740,2026-02-26T23:20,SIN_DEMANDA,0,,,,,,,0,0,0,860,4662,973.291511627907,0.0
20264,1.0,3741,2026-02-26T23:30,SIN_DEMANDA,0,,,,,,,0,0,0,860,4662,973.291511627907,0.0
20264,1.0,3742,2026-02-26T23:40,SIN_DEMANDA,0,,,,,,,0,0,0,860,4662,973.291511627907,0.0
20264,1.0,3743,2026-02-26T23:50,SIN_DEMANDA,0,,,,,,,0,0,0,860,4662,973.291511627907,0.0
20264,1.0,3744,2026-02-27T00:00,SIN_DEMANDA,0,,,,,,,0,0,0,860,4662,973.291511627907,0.0
20264,1.0,3745,2026-02-27T00:10,COMPLETA,360.7031,999.0,999.0,24.0,156.0,1,0.041666666666666664,1,0,1,860,4662,973.291511627907,0.0
20264,1.0,3746,2026-02-27T00:20,SIN_DEMANDA,0,,,,,,,0,0,0,860,4662,973.291511627907,0.0
20264,1.0,3747,2026-02-27T00:30,SIN_DEMANDA,0,,,,,,,0,0,0,860,4662,973.291511627907,0.0
20264,1.0,3748,2026-02-27T00:40,SIN_DEMANDA,0,,,,,,,0,0,0,862,4673,973.4764501160092,0.0
20264,1.0,3749,2026-02-27T00:50,SIN_DEMANDA,0,,,,,,,0,0,0,862,4673,973.4764501160092,0.0
20264,1.0,3750,2026-02-27T01:00,SIN_DEMANDA,0,,,,,,,0,0,0,863,4676,973.455619930475,0.0
20264,1.0,3751,2026-02-27T01:10,SIN_DEMANDA,0,,,,,,,0,0,0,863,4676,973.455619930475,0.0
20264,1.0,3752,2026-02-27T01:20,SIN_DEMANDA,0,,,,,,,0,0,0,863,4676,973.455619930475,0.0
20264,1.0,3753,2026-02-27T01:30,SIN_DEMANDA,0,,,,,,,0,0,0,864,4677,973.4851851851852,0.0
20264,1.0,3754,2026-02-27T01:40,COMPLETA,506.9208,14.5,14.5,64.0,216.0,1,0.2916666666666667,1,0,0,864,4677,973.4851851851852,0.0
20264,1.0,3755,2026-02-27T01:50,COMPLETA,474.0041,14.5,14.5,64.0,216.0,1,0.2916666666666667,1,0,0,865,4684,973.2880924855491,0.0
20264,1.0,3756,2026-02-27T02:00,COMPLETA,580.1874,38.75,14.5,173.0,439.5,2,0.3333333333333333,2,0,1,865,4684,973.2880924855491,0.0
20264,1.0,3757,2026-02-27T02:10,COMPLETA,515.6075,14.5,14.5,64.0,216.0,1,0.2916666666666667,1,0,0,866,4691,974.3304849884526,0.0
20264,1.0,3758,2026-02-27T02:20,COMPLETA,528.0098,79.5,14.5,110.0,345.0,2,0.20833333333333334,2,0,1,866,4691,974.3304849884526,0.0
20264,1.0,3759,2026-02-27T02:30,COMPLETA,447.0501,14.5,14.5,64.0,216.0,1,0.2916666666666667,1,0,0,866,4691,974.3304849884526,0.0
20264,1.0,3760,2026-02-27T02:40,COMPLETA,494.6046,14.5,14.5,64.0,216.0,1,0.2916666666666667,1,0,0,866,4691,974.3304849884526,0.0
20264,1.0,3761,2026-02-27T02:50,COMPLETA,563.9785,489.5,14.5,126.0,369.0,2,0.1875,2,0,1,866,4691,974.3304849884526,0.0
20264,1.0,3762,2026-02-27T03:00,COMPLETA,583.1894,26.0,14.5,126.0,369.0,2,0.3125,2,0,0,866,4691,974.3304849884526,0.0
20264,1.0,3763,2026-02-27T03:10,COMPLETA,637.8717,26.0,14.5,126.0,369.0,2,0.3125,2,0,0,866,4691,974.3304849884526,0.0
20264,1.0,3764,2026-02-27T03:20,COMPLETA,715.4069,26.0,14.5,126.0,369.0,2,0.3125,2,0,0,866,4691,974.3304849884526,0.0
20264,1.0,3765,2026-02-27T03:30,COMPLETA,740.0695,33.333333333333336,14.5,146.0,459.0,3,0.2916666666666667,3,0,0,866,4691,974.3304849884526,0.0
20264,1.0,3766,2026-02-27T03:40,COMPLETA,794.9142,125.25,14.5,162.0,543.0,4,0.23958333333333334,4,0,1,866,4691,974.3304849884526,0.0
20264,1.0,3767,2026-02-27T03:50,COMPLETA,920.937,53.625,14.5,195.0,592.5,4,0.28125,4,0,1,866,4691,974.3304849884526,0.0
20264,1.0,3768,2026-02-27T04:00,COMPLETA,592.8688,33.333333333333336,14.5,146.0,459.0,3,0.2916666666666667,3,0,0,867,4694,973.3733564013841,0.0
20264,1.0,3769,2026-02-27T04:10,COMPLETA,567.9866,33.333333333333336,14.5,146.0,459.0,3,0.2916666666666667,3,0,0,868,4704,974.0543778801842,0.0
20264,1.0,3770,2026-02-27T04:20,COMPLETA,534.7182,33.333333333333336,14.5,146.0,459.0,3,0.2916666666666667,3,0,1,868,4704,974.0543778801842,0.0
20264,1.0,3771,2026-02-27T04:30,COMPLETA,595.737,285.8333333333333,40.0,146.0,519.0,3,0.25,3,0,0,868,4704,974.0543778801842,0.0
20264,1.0,3772,2026-02-27T04:40,COMPLETA,683.8722,671.0,40.0,166.0,609.0,3,0.3888888888888889,4,0,0,869,4706,974.0433831990794,0.0
20264,1.0,3773,2026-02-27T04:50,COMPLETA,870.5727,928.9,40.0,176.0,744.0,4,0.375,5,0,0,870,4711,974.311724137931,0.0
20264,1.0,3774,2026-02-27T05:00,COMPLETA,752.0101,928.9,40.0,176.0,744.0,4,0.375,5,0,0,872,4722,972.6091743119266,0.0
20264,1.0,3775,2026-02-27T05:10,COMPLETA,861.1187,941.3,14.5,193.0,709.5,4,0.375,5,0,0,872,4722,972.6091743119266,0.0
20264,1.0,3776,2026-02-27T05:20,COMPLETA,1039.1671,1089.5833333333333,12.5,301.0,991.5,5,0.38333333333333336,6,0,0,872,4722,972.6091743119266,0.0
20264,1.0,3777,2026-02-27T05:30,COMPLETA,1115.7132,1239.2142857142858,12.5,304.0,1056.0,6,0.3263888888888889,7,0,1,872,4722,972.6091743119266,0.0
20264,1.0,3778,2026-02-27T05:40,COMPLETA,1001.134,1089.5833333333333,12.5,301.0,991.5,5,0.38333333333333336,6,0,2,872,4722,972.6091743119266,0.0
20264,1.0,3779,2026-02-27T05:50,COMPLETA,1069.7244,1212.6666666666667,14.5,344.0,1176.0,5,0.31666666666666665,6,0,0,872,4722,972.6091743119266,0.0
20264,1.0,3780,2026-02-27T06:00,COMPLETA,1099.894,1212.6666666666667,14.5,344.0,1176.0,5,0.31666666666666665,6,0,0,873,4728,971.6262313860251,0.0
20264,1.0,3781,2026-02-27T06:10,COMPLETA,1043.3531,1212.6666666666667,14.5,344.0,1176.0,5,0.31666666666666665,6,0,0,873,4728,971.6262313860251,0.0
20264,1.0,3782,2026-02-27T06:20,COMPLETA,967.6892,1212.6666666666667,14.5,344.0,1176.0,5,0.31666666666666665,6,0,0,874,4736,970.5574370709381,0.0
20264,1.0,3783,2026-02-27T06:30,COMPLETA,1111.8064,1212.6666666666667,14.5,344.0,1176.0,5,0.31666666666666665,6,0,0,874,4736,970.5574370709381,0.0
20264,1.0,3784,2026-02-27T06:40,COMPLETA,1217.0203,1167.4285714285713,14.5,346.0,1239.0,5,0.375,7,0,0,875,4737,971.8356571428571,0.0
20264,1.0,3785,2026-02-27T06:50,COMPLETA,1266.6003,1167.4285714285713,14.5,346.0,1239.0,5,0.375,7,0,0,875,4737,971.8356571428571,0.0
20264,1.0,3786,2026-02-27T07:00,COMPLETA,1240.4604,1167.4285714285713,14.5,346.0,1239.0,5,0.375,7,0,4,877,4751,971.9717217787913,0.0
20264,1.0,3787,2026-02-27T07:10,COMPLETA,626.1511,1220.0,739.5,150.0,405.0,1,0.625,2,0,1,877,4751,971.9717217787913,0.0
20264,1.0,3788,2026-02-27T07:20,COMPLETA,577.5612,1097.25,104.5,91.0,376.5,2,0.22916666666666666,2,0,1,877,4751,971.9717217787913,0.0
20264,1.0,3789,2026-02-27T07:30,COMPLETA,467.4097,104.5,104.5,79.0,238.5,1,0.3333333333333333,1,0,0,877,4751,971.9717217787913,0.0
20264,1.0,3790,2026-02-27T07:40,COMPLETA,518.418,104.5,104.5,79.0,238.5,1,0.3333333333333333,1,0,0,877,4751,971.9717217787913,0.0
20264,1.0,3791,2026-02-27T07:50,COMPLETA,510.2072,104.5,104.5,79.0,238.5,1,0.3333333333333333,1,0,0,877,4751,971.9717217787913,0.0
20264,1.0,3792,2026-02-27T08:00,COMPLETA,486.7609,104.5,104.5,79.0,238.5,1,0.3333333333333333,1,0,0,877,4751,971.9717217787913,0.0
20264,1.0,3793,2026-02-27T08:10,COMPLETA,451.7856,104.5,104.5,79.0,238.5,1,0.3333333333333333,1,0,0,877,4751,971.9717217787913,0.0
20264,1.0,3794,2026-02-27T08:20,COMPLETA,497.825,104.5,104.5,79.0,238.5,1,0.3333333333333333,1,0,0,877,4751,971.9717217787913,0.0
20264,1.0,3795,2026-02-27T08:30,COMPLETA,446.2766,104.5,104.5,79.0,238.5,1,0.3333333333333333,1,0,0,879,4755,973.1839590443685,0.0
20264,1.0,3796,2026-02-27T08:40,COMPLETA,472.4622,104.5,104.5,79.0,238.5,1,0.3333333333333333,1,0,0,880,4765,974.305909090909,0.0
20264,1.0,3797,2026-02-27T08:50,COMPLETA,580.064,104.5,104.5,79.0,238.5,1,0.3333333333333333,1,0,0,880,4765,974.305909090909,0.0
20264,1.0,3798,2026-02-27T09:00,COMPLETA,445.3659,104.5,104.5,79.0,238.5,1,0.3333333333333333,1,0,0,880,4765,974.305909090909,0.0
20264,1.0,3799,2026-02-27T09:10,COMPLETA,466.2,104.5,104.5,79.0,238.5,1,0.3333333333333333,1,0,0,881,4770,975.4241770715096,0.0
20264,1.0,3800,2026-02-27T09:20,COMPLETA,502.1941,58.25,12.0,135.0,442.5,2,0.3333333333333333,2,0,0,881,4770,975.4241770715096,0.0
20264,1.0,3801,2026-02-27T09:30,COMPLETA,517.9126,58.25,12.0,135.0,442.5,2,0.3333333333333333,2,0,0,882,4777,974.334693877551,0.0
20264,1.0,3802,2026-02-27T09:40,COMPLETA,468.5791,58.25,12.0,135.0,442.5,2,0.3333333333333333,2,0,0,883,4784,974.245979614949,0.0
20264,1.0,3803,2026-02-27T09:50,COMPLETA,528.0842,58.25,12.0,135.0,442.5,2,0.3333333333333333,2,0,0,883,4784,974.245979614949,0.0
20264,1.0,3804,2026-02-27T10:00,COMPLETA,646.7751,58.25,12.0,135.0,442.5,2,0.3333333333333333,2,0,0,883,4784,974.245979614949,0.0
20264,1.0,3805,2026-02-27T10:10,COMPLETA,492.2387,58.25,12.0,135.0,442.5,2,0.3333333333333333,2,0,0,884,4789,973.9804298642533,0.0
20264,1.0,3806,2026-02-27T10:20,COMPLETA,483.1946,58.25,12.0,135.0,442.5,2,0.3333333333333333,2,0,0,884,4789,973.9804298642533,0.0
20264,1.0,3807,2026-02-27T10:30,COMPLETA,468.6676,58.25,12.0,135.0,442.5,2,0.3333333333333333,2,0,0,884,4789,973.9804298642533,0.0
20264,1.0,3808,2026-02-27T10:40,COMPLETA,542.6167,229.33333333333334,12.0,152.0,468.0,2,0.4375,3,0,0,884,4789,973.9804298642533,0.0
20264,1.0,3809,2026-02-27T10:50,COMPLETA,539.5112,229.33333333333334,12.0,152.0,468.0,2,0.4375,3,0,0,884,4789,973.9804298642533,0.0
20264,1.0,3810,2026-02-27T11:00,COMPLETA,613.0936,229.33333333333334,12.0,152.0,468.0,2,0.4375,3,0,0,884,4789,973.9804298642533,0.0
20264,1.0,3811,2026-02-27T11:10,COMPLETA,522.6333,271.625,12.0,174.0,561.0,3,0.3333333333333333,4,0,2,884,4789,973.9804298642533,0.0
20264,1.0,3812,2026-02-27T11:20,COMPLETA,506.5239,338.0,104.5,96.0,324.0,1,0.5416666666666666,2,0,0,884,4789,973.9804298642533,0.0
20264,1.0,3813,2026-02-27T11:30,COMPLETA,472.5888,338.0,104.5,96.0,324.0,1,0.5416666666666666,2,0,0,884,4789,973.9804298642533,0.0
20264,1.0,3814,2026-02-27T11:40,COMPLETA,534.3176,338.0,104.5,96.0,324.0,1,0.5416666666666666,2,0,0,884,4789,973.9804298642533,0.0
20264,1.0,3815,2026-02-27T11:50,COMPLETA,510.4745,338.0,104.5,96.0,324.0,1,0.5416666666666666,2,0,0,884,4789,973.9804298642533,0.0
20264,1.0,3816,2026-02-27T12:00,COMPLETA,589.5876,338.0,104.5,96.0,324.0,1,0.5416666666666666,2,0,0,884,4789,973.9804298642533,0.0
20264,1.0,3817,2026-02-27T12:10,COMPLETA,487.1471,338.0,104.5,96.0,324.0,1,0.5416666666666666,2,0,0,884,4789,973.9804298642533,0.0
20264,1.0,3818,2026-02-27T12:20,COMPLETA,521.1322,338.0,104.5,96.0,324.0,1,0.5416666666666666,2,0,0,885,4799,974.8013559322034,0.0
20264,1.0,3819,2026-02-27T12:30,COMPLETA,484.0291,338.0,104.5,96.0,324.0,1,0.5416666666666666,2,0,0,886,4802,974.1509029345372,0.0
20264,1.0,3820,2026-02-27T12:40,COMPLETA,532.009,875.3333333333334,61.0,177.0,565.5,2,0.4166666666666667,3,0,0,886,4802,974.1509029345372,0.0
20264,1.0,3821,2026-02-27T12:50,COMPLETA,639.3607,838.5,104.5,259.0,808.5,3,0.3888888888888889,4,0,0,886,4802,974.1509029345372,0.0
20264,1.0,3822,2026-02-27T13:00,COMPLETA,699.9768,838.5,104.5,259.0,808.5,3,0.3888888888888889,4,0,0,887,4810,973.066178128523,0.0
20264,1.0,3823,2026-02-27T13:10,COMPLETA,657.8127,750.3,104.5,281.0,1022.0,4,0.3229166666666667,5,0,1,887,4810,973.066178128523,0.0
20264,1.0,3824,2026-02-27T13:20,COMPLETA,610.6675,838.5,104.5,259.0,808.5,3,0.3888888888888889,4,0,0,887,4810,973.066178128523,0.0
20264,1.0,3825,2026-02-27T13:30,COMPLETA,641.3429,1086.1,104.5,281.0,901.5,4,0.3333333333333333,5,0,1,887,4810,973.066178128523,0.0
20264,1.0,3826,2026-02-27T13:40,COMPLETA,642.7648,838.5,104.5,259.0,808.5,3,0.3888888888888889,4,0,0,887,4810,973.066178128523,0.0
20264,1.0,3827,2026-02-27T13:50,COMPLETA,702.9274,838.5,104.5,259.0,808.5,3,0.3888888888888889,4,0,0,887,4810,973.066178128523,0.0
20264,1.0,3828,2026-02-27T14:00,COMPLETA,716.3132,1073.7,104.5,289.0,973.5,4,0.3229166666666667,5,0,0,887,4810,973.066178128523,0.0
20264,1.0,3829,2026-02-27T14:10,COMPLETA,738.5764,1073.7,104.5,289.0,973.5,4,0.3229166666666667,5,0,0,887,4810,973.066178128523,0.0
20264,1.0,3830,2026-02-27T14:20,COMPLETA,713.1926,1073.7,104.5,289.0,973.5,4,0.3229166666666667,5,0,0,887,4810,973.066178128523,0.0
20264,1.0,3831,2026-02-27T14:30,COMPLETA,705.0307,1073.7,104.5,289.0,973.5,4,0.3229166666666667,5,0,0,888,4813,972.418018018018,0.0
20264,1.0,3832,2026-02-27T14:40,COMPLETA,822.3229,1073.7,104.5,289.0,973.5,4,0.3229166666666667,5,0,0,888,4813,972.418018018018,0.0
20264,1.0,3833,2026-02-27T14:50,COMPLETA,1054.3235,1207.4285714285713,146.5,335.0,1282.5,6,0.2708333333333333,7,0,0,889,4817,973.6599550056243,0.0
20264,1.0,3834,2026-02-27T15:00,COMPLETA,958.4097,1207.4285714285713,146.5,335.0,1282.5,6,0.2708333333333333,7,0,6,889,4817,973.6599550056243,0.0
20264,1.0,3835,2026-02-27T15:10,SIN_DEMANDA,0,,,,,,,0,0,0,889,4817,973.6599550056243,0.0
20264,1.0,3836,2026-02-27T15:20,SIN_DEMANDA,0,,,,,,,0,0,0,889,4817,973.6599550056243,0.0
20264,1.0,3837,2026-02-27T15:30,SIN_DEMANDA,0,,,,,,,0,0,0,889,4817,973.6599550056243,0.0
20264,1.0,3838,2026-02-27T15:40,SIN_DEMANDA,0,,,,,,,0,0,0,889,4817,973.6599550056243,0.0
20264,1.0,3839,2026-02-27T15:50,SIN_DEMANDA,0,,,,,,,0,0,0,889,4817,973.6599550056243,0.0
20264,1.0,3840,2026-02-27T16:00,SIN_DEMANDA,0,,,,,,,0,0,0,889,4817,973.6599550056243,0.0
20264,1.0,3841,2026-02-27T16:10,COMPLETA,457.1935,58.0,58.0,92.0,258.0,1,0.4166666666666667,1,0,1,889,4817,973.6599550056243,0.0
20264,1.0,3842,2026-02-27T16:20,SIN_DEMANDA,0,,,,,,,0,0,0,890,4821,973.6839325842697,0.0
20264,1.0,3843,2026-02-27T16:30,SIN_DEMANDA,0,,,,,,,0,0,0,891,4824,974.8520763187429,0.0
20264,1.0,3844,2026-02-27T16:40,COMPLETA,336.0043,127.5,127.5,66.0,219.0,1,0.041666666666666664,1,0,1,891,4824,974.8520763187429,0.0
20264,1.0,3845,2026-02-27T16:50,SIN_DEMANDA,0,,,,,,,0,0,0,893,4836,975.1245240761477,0.0
20264,1.0,3846,2026-02-27T17:00,COMPLETA,473.5341,1518.65,975.5,80.0,323.4,2,0.125,2,0,2,894,4843,976.1663310961968,0.0
20264,1.0,3847,2026-02-27T17:10,SIN_DEMANDA,0,,,,,,,0,0,0,894,4843,976.1663310961968,0.0
20264,1.0,3848,2026-02-27T17:20,COMPLETA,471.8427,1636.0,1636.0,102.0,273.0,1,0.4166666666666667,1,0,0,894,4843,976.1663310961968,0.0
20264,1.0,3849,2026-02-27T17:30,COMPLETA,465.746,1636.0,1636.0,102.0,273.0,1,0.4166666666666667,1,0,0,894,4843,976.1663310961968,0.0
20264,1.0,3850,2026-02-27T17:40,COMPLETA,541.7405,1860.0,1636.0,118.0,357.0,2,0.2708333333333333,2,0,1,894,4843,976.1663310961968,0.0
20264,1.0,3851,2026-02-27T17:50,COMPLETA,522.5543,1230.5,34.0,130.0,435.0,2,0.4583333333333333,3,0,1,895,4848,975.8113966480446,0.0
20264,1.0,3852,2026-02-27T18:00,COMPLETA,486.4166,809.5,34.0,96.0,324.0,1,0.8333333333333334,2,0,0,895,4848,975.8113966480446,0.0
20264,1.0,3853,2026-02-27T18:10,COMPLETA,560.4355,809.5,34.0,96.0,324.0,1,0.8333333333333334,2,0,0,895,4848,975.8113966480446,0.0
20264,1.0,3854,2026-02-27T18:20,COMPLETA,480.7838,809.5,34.0,96.0,324.0,1,0.8333333333333334,2,0,0,895,4848,975.8113966480446,0.0
20264,1.0,3855,2026-02-27T18:30,COMPLETA,477.6155,1227.0,34.0,140.0,450.0,2,0.4375,3,0,1,896,4849,974.8646205357143,0.0
20264,1.0,3856,2026-02-27T18:40,COMPLETA,487.3863,809.5,34.0,96.0,324.0,1,0.8333333333333334,2,0,0,897,4851,976.0763656633222,0.0
20264,1.0,3857,2026-02-27T18:50,COMPLETA,497.7388,809.5,34.0,96.0,324.0,1,0.8333333333333334,2,0,0,898,4853,976.075723830735,0.0
20264,1.0,3858,2026-02-27T19:00,COMPLETA,615.0996,811.625,260.5,210.0,615.0,3,0.4027777777777778,4,0,2,899,4856,977.3081201334817,0.0
20264,1.0,3859,2026-02-27T19:10,COMPLETA,518.6671,946.25,322.5,106.0,339.0,1,0.625,2,0,0,900,4866,976.2866666666666,0.0
20264,1.0,3860,2026-02-27T19:20,COMPLETA,509.2052,946.25,322.5,106.0,339.0,1,0.625,2,0,0,902,4876,977.1784922394678,0.0
20264,1.0,3861,2026-02-27T19:30,COMPLETA,541.6167,640.3333333333334,28.5,140.0,450.0,2,0.4375,3,0,0,902,4876,977.1784922394678,0.0
20264,1.0,3862,2026-02-27T19:40,COMPLETA,503.3273,640.3333333333334,28.5,140.0,450.0,2,0.4375,3,0,0,902,4876,977.1784922394678,0.0
20264,1.0,3863,2026-02-27T19:50,COMPLETA,639.8874,908.75,28.5,264.0,756.0,3,0.4166666666666667,4,0,0,902,4876,977.1784922394678,0.0
20264,1.0,3864,2026-02-27T20:00,COMPLETA,604.5033,908.75,28.5,264.0,756.0,3,0.4166666666666667,4,0,0,902,4876,977.1784922394678,0.0
20264,1.0,3865,2026-02-27T20:10,COMPLETA,752.0569,908.75,28.5,264.0,756.0,3,0.4166666666666667,4,0,0,903,4877,978.3798449612403,0.0
20264,1.0,3866,2026-02-27T20:20,COMPLETA,590.0534,953.75,63.0,230.0,645.0,3,0.4166666666666667,4,0,0,903,4877,978.3798449612403,0.0
20264,1.0,3867,2026-02-27T20:30,COMPLETA,746.1111,888.8,63.0,262.0,753.0,4,0.3541666666666667,5,0,1,903,4877,978.3798449612403,0.0
20264,1.0,3868,2026-02-27T20:40,COMPLETA,594.7977,953.75,63.0,230.0,645.0,3,0.4166666666666667,4,0,1,903,4877,978.3798449612403,0.0
20264,1.0,3869,2026-02-27T20:50,COMPLETA,581.2778,1218.6666666666667,381.0,112.0,408.0,1,1.0,3,0,0,904,4881,978.3777654867257,0.0
20264,1.0,3870,2026-02-27T21:00,COMPLETA,624.9183,1218.6666666666667,381.0,112.0,408.0,1,1.0,3,0,0,904,4881,978.3777654867257,0.0
20264,1.0,3871,2026-02-27T21:10,COMPLETA,632.5119,1218.6666666666667,381.0,112.0,408.0,1,1.0,3,0,0,904,4881,978.3777654867257,0.0
20264,1.0,3872,2026-02-27T21:20,COMPLETA,575.5458,1218.6666666666667,381.0,112.0,408.0,1,1.0,3,0,0,904,4881,978.3777654867257,0.0
20264,1.0,3873,2026-02-27T21:30,COMPLETA,596.1021,1218.6666666666667,381.0,112.0,408.0,1,1.0,3,0,0,905,4891,977.5845303867403,0.0
20264,1.0,3874,2026-02-27T21:40,COMPLETA,592.5231,1218.6666666666667,381.0,112.0,408.0,1,1.0,3,0,0,905,4891,977.5845303867403,0.0
20264,1.0,3875,2026-02-27T21:50,COMPLETA,576.0526,1218.6666666666667,381.0,112.0,408.0,1,1.0,3,0,0,905,4891,977.5845303867403,0.0
20264,1.0,3876,2026-02-27T22:00,COMPLETA,575.9813,1218.6666666666667,381.0,112.0,408.0,1,1.0,3,0,0,906,4895,977.1997792494482,0.0
20264,1.0,3877,2026-02-27T22:10,COMPLETA,572.255,1218.6666666666667,381.0,112.0,408.0,1,1.0,3,0,0,906,4895,977.1997792494482,0.0
20264,1.0,3878,2026-02-27T22:20,COMPLETA,585.6594,1218.6666666666667,381.0,112.0,408.0,1,1.0,3,0,0,907,4901,976.1918412348401,0.0
20264,1.0,3879,2026-02-27T22:30,COMPLETA,564.2111,1218.6666666666667,381.0,112.0,408.0,1,1.0,3,0,0,907,4901,976.1918412348401,0.0
20264,1.0,3880,2026-02-27T22:40,COMPLETA,582.4662,1218.6666666666667,381.0,112.0,408.0,1,1.0,3,0,0,907,4901,976.1918412348401,0.0
20264,1.0,3881,2026-02-27T22:50,COMPLETA,568.7968,1218.6666666666667,381.0,112.0,408.0,1,1.0,3,0,0,907,4901,976.1918412348401,0.0
20264,1.0,3882,2026-02-27T23:00,COMPLETA,655.8633,1218.6666666666667,381.0,112.0,408.0,1,1.0,3,0,1,907,4901,976.1918412348401,0.0
20264,1.0,3883,2026-02-27T23:10,SIN_DEMANDA,0,,,,,,,0,0,0,907,4901,976.1918412348401,0.0
20264,1.0,3884,2026-02-27T23:20,COMPLETA,362.5092,2080.0,2080.0,24.0,156.0,1,0.041666666666666664,1,0,1,907,4901,976.1918412348401,0.0
20264,1.0,3885,2026-02-27T23:30,SIN_DEMANDA,0,,,,,,,0,0,0,907,4901,976.1918412348401,0.0
20264,1.0,3886,2026-02-27T23:40,COMPLETA,450.086,265.75,148.5,90.0,375.0,2,0.25,2,0,2,907,4901,976.1918412348401,0.0
20264,1.0,3887,2026-02-27T23:50,SIN_DEMANDA,0,,,,,,,0,0,0,907,4901,976.1918412348401,0.0
20264,1.0,3888,2026-02-28T00:00,SIN_DEMANDA,0,,,,,,,0,0,0,907,4901,976.1918412348401,0.0
20264,1.0,3889,2026-02-28T00:10,SIN_DEMANDA,0,,,,,,,0,0,0,907,4901,976.1918412348401,0.0
20264,1.0,3890,2026-02-28T00:20,COMPLETA,309.5634,2063.5,2063.5,38.0,177.0,1,0.08333333333333333,1,0,1,907,4901,976.1918412348401,0.0
20264,1.0,3891,2026-02-28T00:30,SIN_DEMANDA,0,,,,,,,0,0,0,908,4906,975.5363436123348,0.0
20264,1.0,3892,2026-02-28T00:40,SIN_DEMANDA,0,,,,,,,0,0,0,909,4907,976.7513751375137,0.0
20264,1.0,3893,2026-02-28T00:50,COMPLETA,378.5661,2034.0,2034.0,61.0,211.5,1,0.041666666666666664,1,0,1,909,4907,976.7513751375137,0.0
20264,1.0,3894,2026-02-28T01:00,SIN_DEMANDA,0,,,,,,,0,0,0,909,4907,976.7513751375137,0.0
20264,1.0,3895,2026-02-28T01:10,SIN_DEMANDA,0,,,,,,,0,0,0,909,4907,976.7513751375137,0.0
20264,1.0,3896,2026-02-28T01:20,SIN_DEMANDA,0,,,,,,,0,0,0,911,4919,975.1904500548848,0.0
20264,1.0,3897,2026-02-28T01:30,SIN_DEMANDA,0,,,,,,,0,0,0,911,4919,975.1904500548848,0.0
20264,1.0,3898,2026-02-28T01:40,SIN_DEMANDA,0,,,,,,,0,0,0,911,4919,975.1904500548848,0.0
20264,1.0,3899,2026-02-28T01:50,SIN_DEMANDA,0,,,,,,,0,0,0,912,4921,976.3837719298245,0.0
20264,1.0,3900,2026-02-28T02:00,COMPLETA,324.1615,2084.5,2084.5,18.0,87.0,1,0.125,1,0,1,912,4921,976.3837719298245,0.0
20264,1.0,3901,2026-02-28T02:10,SIN_DEMANDA,0,,,,,,,0,0,0,912,4921,976.3837719298245,0.0
20264,1.0,3902,2026-02-28T02:20,SIN_DEMANDA,0,,,,,,,0,0,0,913,4931,977.0980284775466,0.0
20264,1.0,3903,2026-02-28T02:30,SIN_DEMANDA,0,,,,,,,0,0,0,913,4931,977.0980284775466,0.0
20264,1.0,3904,2026-02-28T02:40,SIN_DEMANDA,0,,,,,,,0,0,0,913,4931,977.0980284775466,0.0
20264,1.0,3905,2026-02-28T02:50,SIN_DEMANDA,0,,,,,,,0,0,0,914,4932,978.2543763676149,0.0
20264,1.0,3906,2026-02-28T03:00,SIN_DEMANDA,0,,,,,,,0,0,0,914,4932,978.2543763676149,0.0
20264,1.0,3907,2026-02-28T03:10,SIN_DEMANDA,0,,,,,,,0,0,0,914,4932,978.2543763676149,0.0
20264,1.0,3908,2026-02-28T03:20,SIN_DEMANDA,0,,,,,,,0,0,0,915,4935,979.4633879781421,0.0
20264,1.0,3909,2026-02-28T03:30,SIN_DEMANDA,0,,,,,,,0,0,0,915,4935,979.4633879781421,0.0
20264,1.0,3910,2026-02-28T03:40,SIN_DEMANDA,0,,,,,,,0,0,0,915,4935,979.4633879781421,0.0
20264,1.0,3911,2026-02-28T03:50,COMPLETA,464.036,174.0,174.0,53.0,199.5,1,0.2916666666666667,1,0,0,915,4935,979.4633879781421,0.0
20264,1.0,3912,2026-02-28T04:00,COMPLETA,537.0293,174.0,174.0,53.0,199.5,1,0.2916666666666667,1,0,0,915,4935,979.4633879781421,0.0
20264,1.0,3913,2026-02-28T04:10,COMPLETA,471.7134,174.0,174.0,53.0,199.5,1,0.2916666666666667,1,0,0,915,4935,979.4633879781421,0.0
20264,1.0,3914,2026-02-28T04:20,COMPLETA,440.3313,174.0,174.0,53.0,199.5,1,0.2916666666666667,1,0,0,916,4944,980.1915938864629,0.0
20264,1.0,3915,2026-02-28T04:30,COMPLETA,446.5007,174.0,174.0,53.0,199.5,1,0.2916666666666667,1,0,0,916,4944,980.1915938864629,0.0
20264,1.0,3916,2026-02-28T04:40,COMPLETA,470.1968,122.0,70.0,111.0,346.5,1,0.5416666666666666,2,0,0,916,4944,980.1915938864629,0.0
20264,1.0,3917,2026-02-28T04:50,COMPLETA,459.3849,122.0,70.0,111.0,346.5,1,0.5416666666666666,2,0,0,916,4944,980.1915938864629,0.0
20264,1.0,3918,2026-02-28T05:00,COMPLETA,480.1262,122.0,70.0,111.0,346.5,1,0.5416666666666666,2,0,0,916,4944,980.1915938864629,0.0
20264,1.0,3919,2026-02-28T05:10,COMPLETA,623.185,293.6666666666667,70.0,135.0,442.5,2,0.3541666666666667,3,0,1,916,4944,980.1915938864629,0.0
20264,1.0,3920,2026-02-28T05:20,COMPLETA,503.1541,122.0,70.0,111.0,346.5,1,0.5416666666666666,2,0,0,916,4944,980.1915938864629,0.0
20264,1.0,3921,2026-02-28T05:30,COMPLETA,474.6489,122.0,70.0,111.0,346.5,1,0.5416666666666666,2,0,0,916,4944,980.1915938864629,0.0
20264,1.0,3922,2026-02-28T05:40,COMPLETA,514.2814,178.66666666666666,70.0,171.0,556.5,2,0.2916666666666667,3,0,0,916,4944,980.1915938864629,0.0
20264,1.0,3923,2026-02-28T05:50,COMPLETA,488.9158,178.66666666666666,70.0,171.0,556.5,2,0.2916666666666667,3,0,0,916,4944,980.1915938864629,0.0
20264,1.0,3924,2026-02-28T06:00,COMPLETA,481.6945,178.66666666666666,70.0,171.0,556.5,2,0.2916666666666667,3,0,0,916,4944,980.1915938864629,0.0
20264,1.0,3925,2026-02-28T06:10,COMPLETA,451.6705,178.66666666666666,70.0,171.0,556.5,2,0.2916666666666667,3,0,0,916,4944,980.1915938864629,0.0
20264,1.0,3926,2026-02-28T06:20,COMPLETA,566.4769,178.66666666666666,70.0,171.0,556.5,2,0.2916666666666667,3,0,0,916,4944,980.1915938864629,0.0
20264,1.0,3927,2026-02-28T06:30,COMPLETA,456.2567,178.66666666666666,70.0,171.0,556.5,2,0.2916666666666667,3,0,0,917,4948,979.8173391494003,0.0
20264,1.0,3928,2026-02-28T06:40,COMPLETA,474.8189,178.66666666666666,70.0,171.0,556.5,2,0.2916666666666667,3,0,0,917,4948,979.8173391494003,0.0
20264,1.0,3929,2026-02-28T06:50,COMPLETA,461.1363,178.66666666666666,70.0,171.0,556.5,2,0.2916666666666667,3,0,0,917,4948,979.8173391494003,0.0
20264,1.0,3930,2026-02-28T07:00,COMPLETA,482.593,178.66666666666666,70.0,171.0,556.5,2,0.2916666666666667,3,0,2,917,4948,979.8173391494003,0.0
20264,1.0,3931,2026-02-28T07:10,COMPLETA,440.2277,28.0,28.0,118.0,297.0,1,0.25,1,0,0,917,4948,979.8173391494003,0.0
20264,1.0,3932,2026-02-28T07:20,COMPLETA,475.9124,28.0,28.0,118.0,297.0,1,0.25,1,0,0,917,4948,979.8173391494003,0.0
20264,1.0,3933,2026-02-28T07:30,COMPLETA,546.3566,1052.25,542.5,148.0,462.0,2,0.25,2,0,1,917,4948,979.8173391494003,0.0
20264,1.0,3934,2026-02-28T07:40,COMPLETA,457.7118,1562.0,1562.0,73.0,229.5,1,0.25,1,0,0,917,4948,979.8173391494003,0.0
20264,1.0,3935,2026-02-28T07:50,COMPLETA,511.794,932.5,453.0,133.0,379.5,1,0.6666666666666666,2,0,0,917,4948,979.8173391494003,0.0
20264,1.0,3936,2026-02-28T08:00,COMPLETA,575.0003,1205.1666666666667,453.0,243.0,664.5,2,0.5,3,0,0,917,4948,979.8173391494003,0.0
20264,1.0,3937,2026-02-28T08:10,COMPLETA,546.3226,1205.1666666666667,453.0,243.0,664.5,2,0.5,3,0,0,917,4948,979.8173391494003,0.0
20264,1.0,3938,2026-02-28T08:20,COMPLETA,588.9191,1205.1666666666667,453.0,243.0,664.5,2,0.5,3,0,0,917,4948,979.8173391494003,0.0
20264,1.0,3939,2026-02-28T08:30,COMPLETA,771.961,1303.7,395.5,345.0,1057.5,4,0.3645833333333333,5,0,1,917,4948,979.8173391494003,0.0
20264,1.0,3940,2026-02-28T08:40,COMPLETA,616.6991,1116.75,395.5,291.0,856.5,3,0.4583333333333333,4,0,0,917,4948,979.8173391494003,0.0
20264,1.0,3941,2026-02-28T08:50,COMPLETA,818.4616,1210.75,530.5,435.0,1252.5,4,0.46875,6,0,1,918,4949,979.0680827886711,0.0
20264,1.0,3942,2026-02-28T09:00,COMPLETA,657.9645,1251.25,530.5,226.0,699.0,2,0.5833333333333334,4,0,0,919,4956,978.1920565832427,0.0
20264,1.0,3943,2026-02-28T09:10,COMPLETA,631.8849,1251.25,530.5,226.0,699.0,2,0.5833333333333334,4,0,0,919,4956,978.1920565832427,0.0
20264,1.0,3944,2026-02-28T09:20,COMPLETA,740.6588,1251.25,530.5,226.0,699.0,2,0.5833333333333334,4,0,0,919,4956,978.1920565832427,0.0
20264,1.0,3945,2026-02-28T09:30,COMPLETA,622.9104,1251.25,530.5,226.0,699.0,2,0.5833333333333334,4,0,0,919,4956,978.1920565832427,0.0
20264,1.0,3946,2026-02-28T09:40,COMPLETA,665.9311,1061.1,30.5,286.0,909.0,3,0.5138888888888888,5,0,0,919,4956,978.1920565832427,0.0
20264,1.0,3947,2026-02-28T09:50,COMPLETA,692.9131,884.3333333333334,0.5,333.0,1039.5,4,0.4583333333333333,6,0,0,919,4956,978.1920565832427,0.0
20264,1.0,3948,2026-02-28T10:00,COMPLETA,659.3987,884.3333333333334,0.5,333.0,1039.5,4,0.4583333333333333,6,0,0,920,4962,977.7184782608696,0.0
20264,1.0,3949,2026-02-28T10:10,COMPLETA,911.2824,915.5,0.5,499.0,1468.5,6,0.375,8,0,1,920,4962,977.7184782608696,0.0
20264,1.0,3950,2026-02-28T10:20,COMPLETA,772.759,993.2857142857143,0.5,435.0,1312.5,5,0.44166666666666665,7,0,0,921,4964,978.8843648208469,0.0
20264,1.0,3951,2026-02-28T10:30,COMPLETA,1017.2059,822.125,0.5,489.0,1453.5,5,0.5,8,0,1,921,4964,978.8843648208469,0.0
20264,1.0,3952,2026-02-28T10:40,COMPLETA,886.3197,935.7142857142857,0.5,403.0,1264.5,4,0.5520833333333334,7,0,0,921,4964,978.8843648208469,0.0
20264,1.0,3953,2026-02-28T10:50,COMPLETA,948.6486,1076.625,0.5,447.0,1390.5,5,0.4583333333333333,8,0,1,921,4964,978.8843648208469,0.0
20264,1.0,3954,2026-02-28T11:00,COMPLETA,893.9587,935.7142857142857,0.5,403.0,1204.5,4,0.5520833333333334,7,0,0,921,4964,978.8843648208469,0.0
20264,1.0,3955,2026-02-28T11:10,COMPLETA,969.7331,1036.5625,0.5,498.0,1467.0,5,0.49166666666666664,8,0,0,921,4964,978.8843648208469,0.0
20264,1.0,3956,2026-02-28T11:20,COMPLETA,1094.6536,1036.5625,0.5,498.0,1407.0,5,0.49166666666666664,8,0,1,921,4964,978.8843648208469,0.0
20264,1.0,3957,2026-02-28T11:30,COMPLETA,1045.1261,1286.625,0.5,499.0,1408.5,5,0.425,8,0,1,922,4970,977.898590021692,0.0
20264,1.0,3958,2026-02-28T11:40,COMPLETA,916.1098,1181.857142857143,0.5,442.0,1263.0,4,0.5208333333333334,7,0,0,923,4977,977.8250270855905,0.0
20264,1.0,3959,2026-02-28T11:50,COMPLETA,1018.3514,1181.857142857143,0.5,442.0,1263.0,4,0.5208333333333334,7,0,1,923,4977,977.8250270855905,0.0
20264,1.0,3960,2026-02-28T12:00,COMPLETA,918.12,1378.75,530.5,395.0,1132.5,3,0.5972222222222222,6,0,0,924,4978,977.1682900432901,0.0
20264,1.0,3961,2026-02-28T12:10,COMPLETA,911.4601,1378.75,530.5,395.0,1132.5,3,0.5972222222222222,6,0,0,924,4978,977.1682900432901,0.0
20264,1.0,3962,2026-02-28T12:20,COMPLETA,1050.4804,1378.75,530.5,395.0,1132.5,3,0.5972222222222222,6,0,0,924,4978,977.1682900432901,0.0
20264,1.0,3963,2026-02-28T12:30,COMPLETA,945.01,1378.75,530.5,395.0,1132.5,3,0.5972222222222222,6,0,0,925,4980,978.3421621621621,0.0
20264,1.0,3964,2026-02-28T12:40,COMPLETA,964.961,1378.75,530.5,395.0,1132.5,3,0.5972222222222222,6,0,0,925,4980,978.3421621621621,0.0
20264,1.0,3965,2026-02-28T12:50,COMPLETA,1200.6008,1477.5714285714287,530.5,425.0,1237.5,4,0.4895833333333333,7,0,1,925,4980,978.3421621621621,0.0
20264,1.0,3966,2026-02-28T13:00,COMPLETA,1274.8028,1430.0,530.5,438.0,1257.0,3,0.7222222222222222,7,0,0,925,4980,978.3421621621621,0.0
20264,1.0,3967,2026-02-28T13:10,COMPLETA,1245.8722,1430.0,530.5,438.0,1257.0,3,0.7222222222222222,7,0,0,926,4989,977.3185745140389,0.0
20264,1.0,3968,2026-02-28T13:20,COMPLETA,1554.5295,1325.1875,398.5,486.0,1509.0,5,0.4583333333333333,8,0,1,927,4996,976.3430420711974,0.0
20264,1.0,3969,2026-02-28T13:30,COMPLETA,1202.7419,1430.0,530.5,438.0,1257.0,3,0.7222222222222222,7,0,0,927,4996,976.3430420711974,0.0
20264,1.0,3970,2026-02-28T13:40,COMPLETA,1213.9909,1430.0,530.5,438.0,1257.0,3,0.7222222222222222,7,0,0,927,4996,976.3430420711974,0.0
20264,1.0,3971,2026-02-28T13:50,COMPLETA,1327.4582,1430.0,530.5,438.0,1257.0,3,0.7222222222222222,7,0,0,929,5004,976.4160387513456,0.0
20264,1.0,3972,2026-02-28T14:00,COMPLETA,1211.6436,1430.0,530.5,438.0,1257.0,3,0.7222222222222222,7,0,0,930,5014,976.1284946236559,0.0
20264,1.0,3973,2026-02-28T14:10,COMPLETA,1254.6265,1430.0,530.5,438.0,1257.0,3,0.7222222222222222,7,0,0,930,5014,976.1284946236559,0.0
20264,1.0,3974,2026-02-28T14:20,COMPLETA,1177.1224,1430.0,530.5,438.0,1257.0,3,0.7222222222222222,7,0,0,931,5018,977.3039742212675,0.0
20264,1.0,3975,2026-02-28T14:30,COMPLETA,1451.5914,1483.375,530.5,525.0,1547.5,4,0.6458333333333334,8,0,0,931,5018,977.3039742212675,0.0
20264,1.0,3976,2026-02-28T14:40,COMPLETA,1537.5137,1483.375,530.5,525.0,1547.5,4,0.6458333333333334,8,0,0,932,5021,976.6829399141631,0.0
20264,1.0,3977,2026-02-28T14:50,COMPLETA,1602.8028,1545.4444444444443,530.5,581.0,1751.5,5,0.525,9,0,0,932,5021,976.6829399141631,0.0
20264,1.0,3978,2026-02-28T15:00,COMPLETA,1630.0444,1545.4444444444443,530.5,581.0,1751.5,5,0.525,9,0,4,932,5021,976.6829399141631,0.0
20264,1.0,3979,2026-02-28T15:10,COMPLETA,492.1363,1279.5,1279.5,99.0,268.5,1,0.25,1,0,0,932,5021,976.6829399141631,0.0
20264,1.0,3980,2026-02-28T15:20,COMPLETA,510.606,1279.5,1279.5,99.0,268.5,1,0.25,1,0,0,932,5021,976.6829399141631,0.0
20264,1.0,3981,2026-02-28T15:30,COMPLETA,479.1591,1279.5,1279.5,99.0,268.5,1,0.25,1,0,0,932,5021,976.6829399141631,0.0
20264,1.0,3982,2026-02-28T15:40,COMPLETA,513.9722,715.5,151.5,125.0,427.5,2,0.16666666666666666,2,0,1,932,5021,976.6829399141631,0.0
20264,1.0,3983,2026-02-28T15:50,COMPLETA,580.2314,665.25,54.0,241.0,601.5,2,0.2708333333333333,2,0,0,932,5021,976.6829399141631,0.0
20264,1.0,3984,2026-02-28T16:00,COMPLETA,584.2849,665.25,54.0,241.0,601.5,2,0.2708333333333333,2,0,0,932,5021,976.6829399141631,0.0
20264,1.0,3985,2026-02-28T16:10,COMPLETA,531.4728,665.25,54.0,241.0,601.5,2,0.2708333333333333,2,0,0,932,5021,976.6829399141631,0.0
20264,1.0,3986,2026-02-28T16:20,COMPLETA,570.3849,665.25,54.0,241.0,601.5,2,0.2708333333333333,2,0,0,932,5021,976.6829399141631,0.0
20264,1.0,3987,2026-02-28T16:30,COMPLETA,622.5817,642.1666666666666,180.0,171.0,556.5,2,0.4166666666666667,3,0,0,932,5021,976.6829399141631,0.0
20264,1.0,3988,2026-02-28T16:40,COMPLETA,995.365,642.1666666666666,180.0,171.0,556.5,2,0.4166666666666667,3,0,0,932,5021,976.6829399141631,0.0
20264,1.0,3989,2026-02-28T16:50,COMPLETA,877.5345,642.1666666666666,180.0,171.0,556.5,2,0.4166666666666667,3,0,0,933,5022,977.8247588424438,0.0
20264,1.0,3990,2026-02-28T17:00,COMPLETA,637.3503,566.875,54.0,342.0,933.0,4,0.23958333333333334,4,0,1,934,5024,976.9400428265525,0.0
20264,1.0,3991,2026-02-28T17:10,COMPLETA,688.319,642.1666666666666,180.0,171.0,556.5,2,0.4166666666666667,3,0,0,934,5024,976.9400428265525,0.0
20264,1.0,3992,2026-02-28T17:20,COMPLETA,702.3591,642.1666666666666,180.0,171.0,556.5,2,0.4166666666666667,3,0,0,934,5024,976.9400428265525,0.0
20264,1.0,3993,2026-02-28T17:30,COMPLETA,701.004,642.1666666666666,180.0,171.0,556.5,2,0.4166666666666667,3,0,0,934,5024,976.9400428265525,0.0
20264,1.0,3994,2026-02-28T17:40,COMPLETA,733.4394,987.5,54.0,336.0,924.0,4,0.23958333333333334,4,0,1,935,5033,976.4625668449198,0.0
20264,1.0,3995,2026-02-28T17:50,COMPLETA,737.7712,642.1666666666666,180.0,171.0,556.5,2,0.4166666666666667,3,0,0,935,5033,976.4625668449198,0.0
20264,1.0,3996,2026-02-28T18:00,COMPLETA,1073.0994,870.0,54.0,316.0,894.0,3,0.4166666666666667,4,0,0,935,5033,976.4625668449198,0.0
20264,1.0,3997,2026-02-28T18:10,COMPLETA,1142.7137,870.0,54.0,316.0,894.0,3,0.4166666666666667,4,0,0,935,5033,976.4625668449198,0.0
20264,1.0,3998,2026-02-28T18:20,COMPLETA,984.19,870.0,54.0,316.0,894.0,3,0.4166666666666667,4,0,0,936,5042,977.3867521367522,0.0
20264,1.0,3999,2026-02-28T18:30,COMPLETA,858.3978,870.0,54.0,316.0,894.0,3,0.4166666666666667,4,0,0,938,5054,977.4882729211088,0.0
20264,1.0,4000,2026-02-28T18:40,COMPLETA,912.8676,870.0,54.0,316.0,894.0,3,0.4166666666666667,4,0,0,938,5054,977.4882729211088,0.0
20264,1.0,4001,2026-02-28T18:50,COMPLETA,701.1758,870.0,54.0,316.0,894.0,3,0.4166666666666667,4,0,0,938,5054,977.4882729211088,0.0
20264,1.0,4002,2026-02-28T19:00,COMPLETA,740.1484,870.0,54.0,316.0,894.0,3,0.4166666666666667,4,0,0,939,5060,978.0212992545261,0.0
20264,1.0,4003,2026-02-28T19:10,COMPLETA,786.1875,870.0,54.0,316.0,894.0,3,0.4166666666666667,4,0,0,940,5063,979.1813829787234,0.0
20264,1.0,4004,2026-02-28T19:20,COMPLETA,828.1448,870.0,54.0,316.0,894.0,3,0.4166666666666667,4,0,0,940,5063,979.1813829787234,0.0
20264,1.0,4005,2026-02-28T19:30,COMPLETA,738.6163,870.0,54.0,316.0,894.0,3,0.4166666666666667,4,0,0,940,5063,979.1813829787234,0.0
20264,1.0,4006,2026-02-28T19:40,COMPLETA,841.3725,1045.9,60.0,407.0,1210.5,4,0.40625,5,0,0,940,5063,979.1813829787234,0.0
20264,1.0,4007,2026-02-28T19:50,COMPLETA,864.3513,1045.9,60.0,407.0,1210.5,4,0.40625,5,0,0,940,5063,979.1813829787234,0.0
20264,1.0,4008,2026-02-28T20:00,COMPLETA,957.2914,1045.9,60.0,407.0,1210.5,4,0.40625,5,0,0,941,5073,980.0823591923486,0.0
20264,1.0,4009,2026-02-28T20:10,COMPLETA,1236.2842,1159.0833333333333,183.0,441.0,1261.5,4,0.5,6,0,1,941,5073,980.0823591923486,0.0
20264,1.0,4010,2026-02-28T20:20,COMPLETA,1467.6968,981.5,74.0,462.0,1413.0,5,0.4583333333333333,8,0,1,941,5073,980.0823591923486,0.0
20264,1.0,4011,2026-02-28T20:30,COMPLETA,1757.9217,1040.9285714285713,118.5,457.0,1465.5,5,0.425,7,0,0,941,5073,980.0823591923486,0.0
20264,1.0,4012,2026-02-28T20:40,COMPLETA,1583.4447,1040.9285714285713,118.5,457.0,1465.5,5,0.425,7,0,0,941,5073,980.0823591923486,0.0
20264,1.0,4013,2026-02-28T20:50,COMPLETA,1700.3716,1040.9285714285713,118.5,457.0,1465.5,5,0.425,7,0,0,942,5081,980.5164543524417,0.0
20264,1.0,4014,2026-02-28T21:00,COMPLETA,1619.6025,1040.9285714285713,118.5,457.0,1465.5,5,0.425,7,0,0,942,5081,980.5164543524417,0.0
20264,1.0,4015,2026-02-28T21:10,COMPLETA,2111.2091,1040.9285714285713,118.5,457.0,1465.5,5,0.425,7,0,0,942,5081,980.5164543524417,0.0
20264,1.0,4016,2026-02-28T21:20,COMPLETA,2341.0023,1040.9285714285713,118.5,457.0,1465.5,5,0.425,7,0,0,942,5081,980.5164543524417,0.0
20264,1.0,4017,2026-02-28T21:30,COMPLETA,3397.5717,972.9375,74.0,454.0,1461.0,5,0.43333333333333335,8,0,0,943,5086,980.9554612937434,0.0
20264,1.0,4018,2026-02-28T21:40,COMPLETA,2184.1403,972.9375,74.0,454.0,1461.0,5,0.43333333333333335,8,0,0,944,5090,980.5974576271186,0.0
20264,1.0,4019,2026-02-28T21:50,COMPLETA,1868.275,972.9375,74.0,454.0,1461.0,5,0.43333333333333335,8,0,0,944,5090,980.5974576271186,0.0
20264,1.0,4020,2026-02-28T22:00,COMPLETA,1838.393,972.9375,74.0,454.0,1461.0,5,0.43333333333333335,8,0,0,944,5090,980.5974576271186,0.0
20264,1.0,4021,2026-02-28T22:10,COMPLETA,1825.5788,972.9375,74.0,454.0,1461.0,5,0.43333333333333335,8,0,0,944,5090,980.5974576271186,0.0
20264,1.0,4022,2026-02-28T22:20,COMPLETA,2133.429,972.9375,74.0,454.0,1461.0,5,0.43333333333333335,8,0,0,944,5090,980.5974576271186,0.0
20264,1.0,4023,2026-02-28T22:30,COMPLETA,1844.3873,972.9375,74.0,454.0,1461.0,5,0.43333333333333335,8,0,0,944,5090,980.5974576271186,0.0
20264,1.0,4024,2026-02-28T22:40,COMPLETA,1971.0611,900.7222222222222,18.0,489.0,1573.5,5,0.45,9,0,0,944,5090,980.5974576271186,0.0
20264,1.0,4025,2026-02-28T22:50,COMPLETA,1828.0458,900.7222222222222,18.0,489.0,1573.5,5,0.45,9,0,0,944,5090,980.5974576271186,0.0
20264,1.0,4026,2026-02-28T23:00,COMPLETA,1833.8874,900.7222222222222,18.0,489.0,1573.5,5,0.45,9,0,5,944,5094,980.5974576271186,0.0
20264,1.0,4027,2026-02-28T23:10,SIN_DEMANDA,0,,,,,,,0,0,0,944,5094,980.5974576271186,0.0
20264,1.0,4028,2026-02-28T23:20,SIN_DEMANDA,0,,,,,,,0,0,0,944,5094,980.5974576271186,0.0
20264,1.0,4029,2026-02-28T23:30,SIN_DEMANDA,0,,,,,,,0,0,0,944,5094,980.5974576271186,0.0
20264,1.0,4030,2026-02-28T23:40,SIN_DEMANDA,0,,,,,,,0,0,0,944,5094,980.5974576271186,0.0
20264,1.0,4031,2026-02-28T23:50,SIN_DEMANDA,0,,,,,,,0,0,0,944,5094,980.5974576271186,0.0
20264,1.0,4032,2026-03-01T00:00,SIN_DEMANDA,0,,,,,,,0,0,0,944,5094,980.5974576271186,0.0
20264,1.0,4033,2026-03-01T00:10,SIN_DEMANDA,0,,,,,,,0,0,0,944,5094,980.5974576271186,0.0
20264,1.0,4034,2026-03-01T00:20,SIN_DEMANDA,0,,,,,,,0,0,0,944,5094,980.5974576271186,0.0
20264,1.0,4035,2026-03-01T00:30,SIN_DEMANDA,0,,,,,,,0,0,0,945,5096,979.9544973544973,0.0
20264,1.0,4036,2026-03-01T00:40,SIN_DEMANDA,0,,,,,,,0,0,0,945,5096,979.9544973544973,0.0
20264,1.0,4037,2026-03-01T00:50,SIN_DEMANDA,0,,,,,,,0,0,0,946,5097,979.4783298097252,0.0
20264,1.0,4038,2026-03-01T01:00,COMPLETA,538.929,567.5,567.5,78.0,237.0,1,0.375,1,0,0,946,5097,979.4783298097252,0.0
20264,1.0,4039,2026-03-01T01:10,COMPLETA,468.615,567.5,567.5,78.0,237.0,1,0.375,1,0,0,947,5106,980.4081309398099,0.0
20264,1.0,4040,2026-03-01T01:20,COMPLETA,479.6497,567.5,567.5,78.0,237.0,1,0.375,1,0,0,947,5106,980.4081309398099,0.0
20264,1.0,4041,2026-03-01T01:30,COMPLETA,493.1322,567.5,567.5,78.0,237.0,1,0.375,1,0,0,949,5122,980.8292939936775,0.0
20264,1.0,4042,2026-03-01T01:40,COMPLETA,480.3167,567.5,567.5,78.0,237.0,1,0.375,1,0,0,949,5122,980.8292939936775,0.0
20264,1.0,4043,2026-03-01T01:50,COMPLETA,448.8204,567.5,567.5,78.0,237.0,1,0.375,1,0,0,949,5122,980.8292939936775,0.0
20264,1.0,4044,2026-03-01T02:00,COMPLETA,461.1224,567.5,567.5,78.0,237.0,1,0.375,1,0,0,949,5122,980.8292939936775,0.0
20264,1.0,4045,2026-03-01T02:10,COMPLETA,570.9602,1078.5,567.5,130.0,375.0,1,0.6666666666666666,2,0,0,949,5122,980.8292939936775,0.0
20264,1.0,4046,2026-03-01T02:20,COMPLETA,594.3287,1078.5,567.5,130.0,375.0,1,0.6666666666666666,2,0,0,949,5122,980.8292939936775,0.0
20264,1.0,4047,2026-03-01T02:30,COMPLETA,599.2227,1078.5,567.5,130.0,375.0,1,0.6666666666666666,2,0,0,949,5122,980.8292939936775,0.0
20264,1.0,4048,2026-03-01T02:40,COMPLETA,618.4553,1078.5,567.5,130.0,375.0,1,0.6666666666666666,2,0,0,949,5122,980.8292939936775,0.0
20264,1.0,4049,2026-03-01T02:50,COMPLETA,584.2838,1078.5,567.5,130.0,375.0,1,0.6666666666666666,2,0,0,949,5122,980.8292939936775,0.0
20264,1.0,4050,2026-03-01T03:00,COMPLETA,582.4878,1078.5,567.5,130.0,375.0,1,0.6666666666666666,2,0,0,949,5122,980.8292939936775,0.0
20264,1.0,4051,2026-03-01T03:10,COMPLETA,583.8426,1078.5,567.5,130.0,375.0,1,0.6666666666666666,2,0,0,949,5122,980.8292939936775,0.0
20264,1.0,4052,2026-03-01T03:20,COMPLETA,601.2601,1078.5,567.5,130.0,375.0,1,0.6666666666666666,2,0,0,950,5128,981.0521052631578,0.0
20264,1.0,4053,2026-03-01T03:30,COMPLETA,602.9162,1078.5,567.5,130.0,375.0,1,0.6666666666666666,2,0,0,951,5135,980.0394321766562,0.0
20264,1.0,4054,2026-03-01T03:40,COMPLETA,620.8466,1078.5,567.5,130.0,375.0,1,0.6666666666666666,2,0,0,951,5135,980.0394321766562,0.0
20264,1.0,4055,2026-03-01T03:50,COMPLETA,582.189,1078.5,567.5,130.0,375.0,1,0.6666666666666666,2,0,0,951,5135,980.0394321766562,0.0
20264,1.0,4056,2026-03-01T04:00,COMPLETA,785.8036,1330.0,567.5,209.0,613.5,2,0.4791666666666667,3,0,0,951,5135,980.0394321766562,0.0
20264,1.0,4057,2026-03-01T04:10,COMPLETA,1010.0238,1114.1,567.5,327.0,910.5,4,0.3020833333333333,5,0,2,952,5142,979.2689075630252,0.0
20264,1.0,4058,2026-03-01T04:20,COMPLETA,747.9281,1330.0,567.5,209.0,613.5,2,0.4791666666666667,3,0,0,952,5142,979.2689075630252,0.0
20264,1.0,4059,2026-03-01T04:30,COMPLETA,914.2877,998.375,134.0,267.0,760.5,2,0.6875,4,0,0,953,5148,979.8431269674711,0.0
20264,1.0,4060,2026-03-01T04:40,COMPLETA,915.1198,998.375,134.0,267.0,760.5,2,0.6875,4,0,0,953,5148,979.8431269674711,0.0
20264,1.0,4061,2026-03-01T04:50,COMPLETA,1194.9177,964.5,134.0,353.0,1009.5,3,0.5416666666666666,5,0,0,953,5148,979.8431269674711,0.0
20264,1.0,4062,2026-03-01T05:00,COMPLETA,1183.5422,964.5,134.0,353.0,1009.5,3,0.5416666666666666,5,0,0,953,5148,979.8431269674711,0.0
20264,1.0,4063,2026-03-01T05:10,COMPLETA,1182.0427,964.5,134.0,353.0,1009.5,3,0.5416666666666666,5,0,0,953,5148,979.8431269674711,0.0
20264,1.0,4064,2026-03-01T05:20,COMPLETA,1198.3787,964.5,134.0,353.0,1009.5,3,0.5416666666666666,5,0,0,953,5148,979.8431269674711,0.0
20264,1.0,4065,2026-03-01T05:30,COMPLETA,1311.1956,912.5833333333334,134.0,397.0,1135.5,3,0.6666666666666666,6,0,0,953,5148,979.8431269674711,0.0
20264,1.0,4066,2026-03-01T05:40,COMPLETA,1310.5612,912.5833333333334,134.0,397.0,1135.5,3,0.6666666666666666,6,0,0,953,5148,979.8431269674711,0.0
20264,1.0,4067,2026-03-01T05:50,COMPLETA,1311.4069,912.5833333333334,134.0,397.0,1135.5,3,0.6666666666666666,6,0,0,953,5148,979.8431269674711,0.0
20264,1.0,4068,2026-03-01T06:00,COMPLETA,1339.0662,912.5833333333334,134.0,397.0,1135.5,3,0.6666666666666666,6,0,0,955,5154,979.4460732984293,0.0
20264,1.0,4069,2026-03-01T06:10,COMPLETA,1306.4547,912.5833333333334,134.0,397.0,1135.5,3,0.6666666666666666,6,0,0,955,5154,979.4460732984293,0.0
20264,1.0,4070,2026-03-01T06:20,COMPLETA,1246.2003,912.5833333333334,134.0,397.0,1135.5,3,0.6666666666666666,6,0,0,955,5154,979.4460732984293,0.0
20264,1.0,4071,2026-03-01T06:30,COMPLETA,1850.3089,1072.4285714285713,134.0,432.0,1308.0,4,0.5729166666666666,7,0,0,955,5154,979.4460732984293,0.0
20264,1.0,4072,2026-03-01T06:40,COMPLETA,1795.1449,1072.4285714285713,134.0,432.0,1308.0,4,0.5729166666666666,7,0,0,955,5154,979.4460732984293,0.0
20264,1.0,4073,2026-03-01T06:50,COMPLETA,1624.3633,1040.875,134.0,445.0,1387.5,4,0.59375,8,0,0,955,5154,979.4460732984293,0.0
20264,1.0,4074,2026-03-01T07:00,COMPLETA,1681.0348,1040.875,134.0,445.0,1387.5,4,0.59375,8,0,4,955,5154,979.4460732984293,0.0
20264,1.0,4075,2026-03-01T07:10,SIN_DEMANDA,0,,,,,,,0,0,0,955,5154,979.4460732984293,0.0
20264,1.0,4076,2026-03-01T07:20,COMPLETA,645.5955,1532.5,1532.5,82.0,243.0,1,0.25,1,0,0,955,5154,979.4460732984293,0.0
20264,1.0,4077,2026-03-01T07:30,COMPLETA,799.8245,1532.5,1532.5,82.0,243.0,1,0.25,1,0,0,955,5154,979.4460732984293,0.0
20264,1.0,4078,2026-03-01T07:40,COMPLETA,523.3176,1532.5,1532.5,82.0,243.0,1,0.25,1,0,0,955,5154,979.4460732984293,0.0
20264,1.0,4079,2026-03-01T07:50,COMPLETA,510.7548,1532.5,1532.5,82.0,243.0,1,0.25,1,0,0,955,5154,979.4460732984293,0.0
20264,1.0,4080,2026-03-01T08:00,COMPLETA,476.0345,1532.5,1532.5,82.0,243.0,1,0.25,1,0,0,955,5154,979.4460732984293,0.0
20264,1.0,4081,2026-03-01T08:10,COMPLETA,505.49,1532.5,1532.5,82.0,243.0,1,0.25,1,0,0,955,5154,979.4460732984293,0.0
20264,1.0,4082,2026-03-01T08:20,COMPLETA,490.0698,1532.5,1532.5,82.0,243.0,1,0.25,1,0,0,956,5156,979.4628661087866,0.0
20264,1.0,4083,2026-03-01T08:30,COMPLETA,563.4521,1532.5,1532.5,82.0,243.0,1,0.25,1,0,0,956,5156,979.4628661087866,0.0
20264,1.0,4084,2026-03-01T08:40,COMPLETA,665.1533,1532.5,1532.5,82.0,243.0,1,0.25,1,0,0,957,5165,979.3693834900731,0.0
20264,1.0,4085,2026-03-01T08:50,COMPLETA,639.5921,1532.5,1532.5,82.0,243.0,1,0.25,1,0,0,957,5165,979.3693834900731,0.0
20264,1.0,4086,2026-03-01T09:00,COMPLETA,608.9725,1532.5,1532.5,82.0,243.0,1,0.25,1,0,0,957,5165,979.3693834900731,0.0
20264,1.0,4087,2026-03-01T09:10,COMPLETA,645.7231,1532.5,1532.5,82.0,243.0,1,0.25,1,0,0,957,5165,979.3693834900731,0.0
20264,1.0,4088,2026-03-01T09:20,COMPLETA,717.4532,1532.5,1532.5,82.0,243.0,1,0.25,1,0,0,957,5165,979.3693834900731,0.0
20264,1.0,4089,2026-03-01T09:30,COMPLETA,627.6324,1532.5,1532.5,82.0,243.0,1,0.25,1,0,0,957,5165,979.3693834900731,0.0
20264,1.0,4090,2026-03-01T09:40,COMPLETA,515.1528,1532.5,1532.5,82.0,243.0,1,0.25,1,0,0,958,5171,979.1748434237995,0.0
20264,1.0,4091,2026-03-01T09:50,COMPLETA,566.4035,834.0,135.5,137.0,385.5,2,0.22916666666666666,2,0,1,958,5171,979.1748434237995,0.0
20264,1.0,4092,2026-03-01T10:00,COMPLETA,577.7819,1532.5,1532.5,82.0,243.0,1,0.25,1,0,0,958,5171,979.1748434237995,0.0
20264,1.0,4093,2026-03-01T10:10,COMPLETA,491.9924,1532.5,1532.5,82.0,243.0,1,0.25,1,0,0,958,5171,979.1748434237995,0.0
20264,1.0,4094,2026-03-01T10:20,COMPLETA,557.7291,1532.5,1532.5,82.0,243.0,1,0.25,1,0,0,959,5181,978.2935349322211,0.0
20264,1.0,4095,2026-03-01T10:30,COMPLETA,506.1785,1532.5,1532.5,82.0,243.0,1,0.25,1,0,0,960,5188,979.275,0.0
20264,1.0,4096,2026-03-01T10:40,COMPLETA,506.4647,1532.5,1532.5,82.0,243.0,1,0.25,1,0,0,960,5188,979.275,0.0
20264,1.0,4097,2026-03-01T10:50,COMPLETA,559.2178,1532.5,1532.5,82.0,243.0,1,0.25,1,0,0,960,5188,979.275,0.0
20264,1.0,4098,2026-03-01T11:00,COMPLETA,515.4005,1532.5,1532.5,82.0,243.0,1,0.25,1,0,0,960,5188,979.275,0.0
20264,1.0,4099,2026-03-01T11:10,COMPLETA,481.1688,1532.5,1532.5,82.0,243.0,1,0.25,1,0,0,960,5188,979.275,0.0
20264,1.0,4100,2026-03-01T11:20,COMPLETA,559.8249,1532.5,1532.5,82.0,243.0,1,0.25,1,0,0,960,5188,979.275,0.0
20264,1.0,4101,2026-03-01T11:30,COMPLETA,528.4762,1532.5,1532.5,82.0,243.0,1,0.25,1,0,0,960,5188,979.275,0.0
20264,1.0,4102,2026-03-01T11:40,COMPLETA,576.6766,797.25,62.0,159.0,418.5,2,0.25,2,0,0,961,5193,978.3969823100937,0.0
20264,1.0,4103,2026-03-01T11:50,COMPLETA,586.4776,797.25,62.0,159.0,418.5,2,0.25,2,0,0,961,5193,978.3969823100937,0.0
20264,1.0,4104,2026-03-01T12:00,COMPLETA,582.9043,797.25,62.0,159.0,418.5,2,0.25,2,0,0,962,5202,977.8232848232848,0.0
20264,1.0,4105,2026-03-01T12:10,COMPLETA,588.6413,584.0,62.0,189.0,523.5,3,0.25,3,0,2,962,5202,977.8232848232848,0.0
20264,1.0,4106,2026-03-01T12:20,COMPLETA,588.8151,1532.5,1532.5,82.0,243.0,1,0.25,1,0,0,963,5209,978.5321910695742,0.0
20264,1.0,4107,2026-03-01T12:30,COMPLETA,516.2681,1532.5,1532.5,82.0,243.0,1,0.25,1,0,0,963,5209,978.5321910695742,0.0
20264,1.0,4108,2026-03-01T12:40,COMPLETA,563.7018,1532.5,1532.5,82.0,243.0,1,0.25,1,0,0,963,5209,978.5321910695742,0.0
20264,1.0,4109,2026-03-01T12:50,COMPLETA,576.7866,1532.5,1532.5,82.0,243.0,1,0.25,1,0,0,963,5209,978.5321910695742,0.0
20264,1.0,4110,2026-03-01T13:00,COMPLETA,543.3115,1532.5,1532.5,82.0,243.0,1,0.25,1,0,0,964,5216,979.0803941908714,0.0
20264,1.0,4111,2026-03-01T13:10,COMPLETA,737.6991,1666.25,1454.5,94.0,321.0,1,0.6666666666666666,2,0,0,964,5216,979.0803941908714,0.0
20264,1.0,4112,2026-03-01T13:20,COMPLETA,713.561,1666.25,1454.5,94.0,321.0,1,0.6666666666666666,2,0,0,964,5216,979.0803941908714,0.0
20264,1.0,4113,2026-03-01T13:30,COMPLETA,670.1907,1666.25,1454.5,94.0,321.0,1,0.6666666666666666,2,0,0,964,5216,979.0803941908714,0.0
20264,1.0,4114,2026-03-01T13:40,COMPLETA,703.601,1666.25,1454.5,94.0,321.0,1,0.6666666666666666,2,0,0,965,5222,978.2290155440414,0.0
20264,1.0,4115,2026-03-01T13:50,COMPLETA,904.6868,1252.6666666666667,347.5,223.0,634.5,2,0.4791666666666667,3,0,0,965,5222,978.2290155440414,0.0
20264,1.0,4116,2026-03-01T14:00,COMPLETA,908.8045,1252.6666666666667,347.5,223.0,634.5,2,0.4791666666666667,3,0,0,965,5222,978.2290155440414,0.0
20264,1.0,4117,2026-03-01T14:10,COMPLETA,839.9078,925.375,63.5,234.0,711.0,2,0.6666666666666666,4,0,0,965,5222,978.2290155440414,0.0
20264,1.0,4118,2026-03-01T14:20,COMPLETA,869.7181,925.375,63.5,234.0,711.0,2,0.6666666666666666,4,0,0,965,5222,978.2290155440414,0.0
20264,1.0,4119,2026-03-01T14:30,COMPLETA,868.4446,925.375,63.5,234.0,711.0,2,0.6666666666666666,4,0,0,965,5222,978.2290155440414,0.0
20264,1.0,4120,2026-03-01T14:40,COMPLETA,1091.2611,854.6666666666666,63.5,265.0,937.5,3,0.5972222222222222,6,0,0,966,5228,977.2805383022775,0.0
20264,1.0,4121,2026-03-01T14:50,COMPLETA,1107.072,854.6666666666666,63.5,265.0,937.5,3,0.5972222222222222,6,0,0,966,5228,977.2805383022775,0.0
20264,1.0,4122,2026-03-01T15:00,COMPLETA,1112.8618,854.6666666666666,63.5,265.0,937.5,3,0.5972222222222222,6,0,3,966,5228,977.2805383022775,0.0
20264,1.0,4123,2026-03-01T15:10,SIN_DEMANDA,0,,,,,,,0,0,0,966,5228,977.2805383022775,0.0
20264,1.0,4124,2026-03-01T15:20,SIN_DEMANDA,0,,,,,,,0,0,0,966,5228,977.2805383022775,0.0
20264,1.0,4125,2026-03-01T15:30,COMPLETA,469.1032,1624.0,1624.0,28.0,162.0,1,0.3333333333333333,1,0,0,966,5228,977.2805383022775,0.0
20264,1.0,4126,2026-03-01T15:40,COMPLETA,545.5016,1624.0,1624.0,28.0,162.0,1,0.3333333333333333,1,0,0,966,5228,977.2805383022775,0.0
20264,1.0,4127,2026-03-01T15:50,COMPLETA,507.3385,1624.0,1624.0,28.0,162.0,1,0.3333333333333333,1,0,0,966,5228,977.2805383022775,0.0
20264,1.0,4128,2026-03-01T16:00,COMPLETA,494.8847,957.5,291.0,118.0,417.0,2,0.2708333333333333,2,0,1,966,5228,977.2805383022775,0.0
20264,1.0,4129,2026-03-01T16:10,COMPLETA,489.0767,1624.0,1624.0,28.0,162.0,1,0.3333333333333333,1,0,0,966,5228,977.2805383022775,0.0
20264,1.0,4130,2026-03-01T16:20,COMPLETA,536.1749,1624.0,1624.0,28.0,162.0,1,0.3333333333333333,1,0,0,966,5228,977.2805383022775,0.0
20264,1.0,4131,2026-03-01T16:30,COMPLETA,677.536,717.875,152.5,175.0,682.5,3,0.375,4,0,1,967,5231,977.2678386763185,0.0
20264,1.0,4132,2026-03-01T16:40,COMPLETA,651.0196,600.375,144.5,167.0,670.5,3,0.4027777777777778,4,0,1,967,5231,977.2678386763185,0.0
20264,1.0,4133,2026-03-01T16:50,COMPLETA,588.4535,752.3333333333334,152.5,121.0,481.5,2,0.5416666666666666,3,0,0,967,5231,977.2678386763185,0.0
20264,1.0,4134,2026-03-01T17:00,COMPLETA,590.9189,752.3333333333334,152.5,121.0,481.5,2,0.5416666666666666,3,0,0,967,5231,977.2678386763185,0.0
20264,1.0,4135,2026-03-01T17:10,COMPLETA,605.5772,752.3333333333334,152.5,121.0,481.5,2,0.5416666666666666,3,0,0,968,5240,976.3238636363636,0.0
20264,1.0,4136,2026-03-01T17:20,COMPLETA,645.7098,752.3333333333334,152.5,121.0,481.5,2,0.5416666666666666,3,0,0,968,5240,976.3238636363636,0.0
20264,1.0,4137,2026-03-01T17:30,COMPLETA,670.5649,978.625,152.5,199.0,718.5,3,0.4861111111111111,4,0,0,969,5250,977.2698658410733,0.0
20264,1.0,4138,2026-03-01T17:40,COMPLETA,648.0696,978.625,152.5,199.0,718.5,3,0.4861111111111111,4,0,0,969,5250,977.2698658410733,0.0
20264,1.0,4139,2026-03-01T17:50,COMPLETA,678.5854,978.625,152.5,199.0,718.5,3,0.4861111111111111,4,0,0,969,5250,977.2698658410733,0.0
20264,1.0,4140,2026-03-01T18:00,COMPLETA,765.6089,976.1,152.5,267.0,880.5,4,0.40625,5,0,1,969,5250,977.2698658410733,0.0
20264,1.0,4141,2026-03-01T18:10,COMPLETA,779.0476,839.4,152.5,237.0,895.5,4,0.4479166666666667,5,0,0,969,5250,977.2698658410733,0.0
20264,1.0,4142,2026-03-01T18:20,COMPLETA,809.8945,839.4,152.5,237.0,895.5,4,0.4479166666666667,5,0,0,971,5254,976.0386199794027,0.0
20264,1.0,4143,2026-03-01T18:30,COMPLETA,858.5707,1020.1666666666666,152.5,343.0,1174.5,5,0.36666666666666664,6,0,1,971,5254,976.0386199794027,0.0
20264,1.0,4144,2026-03-01T18:40,COMPLETA,683.2457,839.4,152.5,237.0,895.5,4,0.4479166666666667,5,0,0,971,5254,976.0386199794027,0.0
20264,1.0,4145,2026-03-01T18:50,COMPLETA,746.8038,839.4,152.5,237.0,895.5,4,0.4479166666666667,5,0,0,972,5260,976.5462962962963,0.0
20264,1.0,4146,2026-03-01T19:00,COMPLETA,673.6822,839.4,152.5,237.0,895.5,4,0.4479166666666667,5,0,0,973,5265,975.841726618705,0.0
20264,1.0,4147,2026-03-01T19:10,COMPLETA,640.7241,839.4,152.5,237.0,895.5,4,0.4479166666666667,5,0,0,974,5273,975.3013347022587,0.0
20264,1.0,4148,2026-03-01T19:20,COMPLETA,691.3552,839.4,152.5,237.0,835.5,4,0.4479166666666667,5,0,0,974,5273,975.3013347022587,0.0
20264,1.0,4149,2026-03-01T19:30,COMPLETA,698.8405,839.4,152.5,237.0,835.5,4,0.4479166666666667,5,0,0,974,5273,975.3013347022587,0.0
20264,1.0,4150,2026-03-01T19:40,COMPLETA,946.4832,983.4166666666666,152.5,288.0,972.0,4,0.5104166666666666,6,0,0,974,5273,975.3013347022587,0.0
20264,1.0,4151,2026-03-01T19:50,COMPLETA,965.2417,850.5,86.5,386.0,1239.0,5,0.45,7,0,1,974,5273,975.3013347022587,0.0
20264,1.0,4152,2026-03-01T20:00,COMPLETA,870.0082,938.1666666666666,86.5,403.0,1144.5,4,0.4375,6,0,1,975,5277,975.2917948717949,0.0
20264,1.0,4153,2026-03-01T20:10,COMPLETA,870.7028,1114.5,101.0,249.0,853.5,3,0.4722222222222222,5,0,0,975,5277,975.2917948717949,0.0
20264,1.0,4154,2026-03-01T20:20,COMPLETA,797.4664,1114.5,101.0,249.0,853.5,3,0.4722222222222222,5,0,0,975,5277,975.2917948717949,0.0
20264,1.0,4155,2026-03-01T20:30,COMPLETA,1068.6523,1221.3333333333333,101.0,278.0,957.0,3,0.5972222222222222,6,0,0,976,5278,976.3806352459017,0.0
20264,1.0,4156,2026-03-01T20:40,COMPLETA,1306.3445,1107.642857142857,101.0,349.0,1183.5,4,0.5208333333333334,7,0,0,976,5278,976.3806352459017,0.0
20264,1.0,4157,2026-03-01T20:50,COMPLETA,1135.6235,1107.642857142857,101.0,349.0,1183.5,4,0.5208333333333334,7,0,0,976,5278,976.3806352459017,0.0
20264,1.0,4158,2026-03-01T21:00,COMPLETA,1147.88,1107.642857142857,101.0,349.0,1183.5,4,0.5208333333333334,7,0,0,977,5285,975.6755373592631,0.0
20264,1.0,4159,2026-03-01T21:10,COMPLETA,1200.2194,1107.642857142857,101.0,349.0,1183.5,4,0.5208333333333334,7,0,0,977,5285,975.6755373592631,0.0
20264,1.0,4160,2026-03-01T21:20,COMPLETA,1144.4097,1107.642857142857,101.0,349.0,1183.5,4,0.5208333333333334,7,0,0,978,5293,974.9667689161554,0.0
20264,1.0,4161,2026-03-01T21:30,COMPLETA,1177.9326,1107.642857142857,101.0,349.0,1183.5,4,0.5208333333333334,7,0,0,978,5293,974.9667689161554,0.0
20264,1.0,4162,2026-03-01T21:40,COMPLETA,1422.912,1194.125,101.0,377.0,1285.5,4,0.6145833333333334,8,0,0,978,5293,974.9667689161554,0.0
20264,1.0,4163,2026-03-01T21:50,COMPLETA,1438.032,1194.125,101.0,377.0,1285.5,4,0.6145833333333334,8,0,0,978,5293,974.9667689161554,0.0
20264,1.0,4164,2026-03-01T22:00,COMPLETA,1417.2304,1194.125,101.0,377.0,1285.5,4,0.6145833333333334,8,0,0,978,5293,974.9667689161554,0.0
20264,1.0,4165,2026-03-01T22:10,COMPLETA,1971.2471,1264.0555555555557,101.0,394.0,1371.0,4,0.6770833333333334,9,0,0,978,5293,974.9667689161554,0.0
20264,1.0,4166,2026-03-01T22:20,COMPLETA,2079.978,1264.0555555555557,101.0,394.0,1371.0,4,0.6770833333333334,9,0,0,978,5293,974.9667689161554,0.0
20264,1.0,4167,2026-03-01T22:30,COMPLETA,1997.4655,1264.0555555555557,101.0,394.0,1371.0,4,0.6770833333333334,9,0,0,978,5293,974.9667689161554,0.0
20264,1.0,4168,2026-03-01T22:40,COMPLETA,2064.2397,1264.0555555555557,101.0,394.0,1371.0,4,0.6770833333333334,9,0,0,978,5297,974.9667689161554,0.0
20264,1.0,4169,2026-03-01T22:50,COMPLETA,2103.1525,1264.0555555555557,101.0,394.0,1371.0,4,0.6770833333333334,9,0,0,978,5297,974.9667689161554,0.0
20264,1.0,4170,2026-03-01T23:00,COMPLETA,2029.4779,1264.0555555555557,101.0,394.0,1371.0,4,0.6770833333333334,9,0,3,979,5305,974.0592441266599,0.0
20264,1.0,4171,2026-03-01T23:10,COMPLETA,554.4378,1095.5,1079.5,82.0,303.0,1,0.5416666666666666,2,0,0,979,5305,974.0592441266599,0.0
20264,1.0,4172,2026-03-01T23:20,COMPLETA,581.4884,1095.5,1079.5,82.0,303.0,1,0.5416666666666666,2,0,0,979,5305,974.0592441266599,0.0
20264,1.0,4173,2026-03-01T23:30,COMPLETA,561.9959,1095.5,1079.5,82.0,303.0,1,0.5416666666666666,2,0,0,979,5305,974.0592441266599,0.0
20264,1.0,4174,2026-03-01T23:40,COMPLETA,544.9609,1095.5,1079.5,82.0,303.0,1,0.5416666666666666,2,0,0,979,5305,974.0592441266599,0.0
20264,1.0,4175,2026-03-01T23:50,COMPLETA,594.6856,1095.5,1079.5,82.0,303.0,1,0.5416666666666666,2,0,0,979,5305,974.0592441266599,0.0
20264,1.0,4176,2026-03-02T00:00,COMPLETA,528.0401,1095.5,1079.5,82.0,303.0,1,0.5416666666666666,2,0,0,979,5305,974.0592441266599,0.0
20264,1.0,4177,2026-03-02T00:10,COMPLETA,601.0576,1095.5,1079.5,82.0,303.0,1,0.5416666666666666,2,0,0,979,5305,974.0592441266599,0.0
20264,1.0,4178,2026-03-02T00:20,COMPLETA,618.7519,1095.5,1079.5,82.0,303.0,1,0.5416666666666666,2,0,0,979,5305,974.0592441266599,0.0
20264,1.0,4179,2026-03-02T00:30,COMPLETA,566.6779,1095.5,1079.5,82.0,303.0,1,0.5416666666666666,2,0,0,980,5315,973.675,0.0
20264,1.0,4180,2026-03-02T00:40,COMPLETA,664.9627,1224.0,1042.5,88.0,372.0,1,0.9583333333333334,3,0,0,980,5315,973.675,0.0
20264,1.0,4181,2026-03-02T00:50,COMPLETA,652.4581,1224.0,1042.5,88.0,372.0,1,0.9583333333333334,3,0,0,980,5315,973.675,0.0
20264,1.0,4182,2026-03-02T01:00,COMPLETA,670.0349,1224.0,1042.5,88.0,372.0,1,0.9583333333333334,3,0,0,980,5315,973.675,0.0
20264,1.0,4183,2026-03-02T01:10,COMPLETA,677.6279,1224.0,1042.5,88.0,372.0,1,0.9583333333333334,3,0,0,980,5315,973.675,0.0
20264,1.0,4184,2026-03-02T01:20,COMPLETA,652.6179,1437.375,1042.5,114.0,471.0,2,0.5625,4,0,1,980,5315,973.675,0.0
20264,1.0,4185,2026-03-02T01:30,COMPLETA,724.2852,1170.0,1008.0,96.0,444.0,2,0.5,4,0,1,981,5324,974.5774719673802,0.0
20264,1.0,4186,2026-03-02T01:40,COMPLETA,664.4965,1224.0,1042.5,88.0,372.0,1,0.9583333333333334,3,0,0,981,5324,974.5774719673802,0.0
20264,1.0,4187,2026-03-02T01:50,COMPLETA,743.4695,959.0,164.0,104.0,456.0,2,0.5,4,0,1,981,5324,974.5774719673802,0.0
20264,1.0,4188,2026-03-02T02:00,COMPLETA,829.2681,1424.625,1042.5,157.0,535.5,2,0.5,4,0,1,982,5329,973.6878818737271,0.0
20264,1.0,4189,2026-03-02T02:10,COMPLETA,695.0213,1224.0,1042.5,88.0,372.0,1,0.9583333333333334,3,0,0,982,5329,973.6878818737271,0.0
20264,1.0,4190,2026-03-02T02:20,COMPLETA,821.0929,1336.625,1042.5,210.0,675.0,2,0.6458333333333334,4,0,0,982,5329,973.6878818737271,0.0
20264,1.0,4191,2026-03-02T02:30,COMPLETA,1023.1931,1478.2,1079.5,238.0,777.0,3,0.4722222222222222,5,0,0,982,5329,973.6878818737271,0.0
20264,1.0,4192,2026-03-02T02:40,COMPLETA,1079.8052,1287.9166666666667,628.5,341.0,998.0,3,0.5972222222222222,6,0,0,984,5334,974.844512195122,0.0
20264,1.0,4193,2026-03-02T02:50,COMPLETA,1118.7222,1287.9166666666667,628.5,341.0,998.0,3,0.5972222222222222,6,0,1,985,5340,975.6162436548224,0.0
20264,1.0,4194,2026-03-02T03:00,COMPLETA,1039.6298,1134.8,628.5,319.0,905.0,2,0.8333333333333334,5,0,0,986,5349,976.4852941176471,0.0
20264,1.0,4195,2026-03-02T03:10,COMPLETA,1311.4702,1231.6666666666667,628.5,441.0,1208.0,3,0.6388888888888888,6,0,0,987,5350,975.66210739615,0.0
20264,1.0,4196,2026-03-02T03:20,COMPLETA,1381.5729,1076.7857142857142,147.5,483.0,1331.0,4,0.5,7,0,1,987,5350,975.66210739615,0.0
20264,1.0,4197,2026-03-02T03:30,COMPLETA,1472.944,1231.6666666666667,628.5,441.0,1208.0,3,0.6388888888888888,6,0,0,987,5350,975.66210739615,0.0
20264,1.0,4198,2026-03-02T03:40,COMPLETA,1745.3432,1102.142857142857,101.0,553.0,1496.0,4,0.5729166666666666,7,0,1,987,5350,975.66210739615,0.0
20264,1.0,4199,2026-03-02T03:50,COMPLETA,1310.9171,1072.5833333333333,101.0,442.0,1209.5,3,0.6527777777777778,6,0,0,987,5350,975.66210739615,0.0
20264,1.0,4200,2026-03-02T04:00,COMPLETA,1262.559,1072.5833333333333,101.0,442.0,1209.5,3,0.6527777777777778,6,0,0,987,5350,975.66210739615,0.0
20264,1.0,4201,2026-03-02T04:10,COMPLETA,1420.2878,1059.357142857143,101.0,494.0,1347.5,4,0.5208333333333334,7,0,1,989,5358,976.0121334681496,0.0
20264,1.0,4202,2026-03-02T04:20,COMPLETA,1385.0539,1020.8571428571429,101.0,448.0,1332.0,3,0.7916666666666666,7,0,0,990,5361,977.100505050505,0.0
20264,1.0,4203,2026-03-02T04:30,COMPLETA,1964.6869,1099.875,101.0,456.0,1404.0,3,0.875,8,0,0,990,5361,977.100505050505,0.0
20264,1.0,4204,2026-03-02T04:40,COMPLETA,2138.5657,1049.1666666666667,101.0,478.0,1497.0,4,0.6979166666666666,9,0,1,991,5367,977.9001009081736,0.0
20264,1.0,4205,2026-03-02T04:50,COMPLETA,2518.2604,1073.388888888889,194.0,508.0,1608.5,5,0.5833333333333334,9,0,1,991,5367,977.9001009081736,0.0
20264,1.0,4206,2026-03-02T05:00,COMPLETA,2519.7404,1156.1875,272.0,539.0,1595.0,4,0.6354166666666666,8,0,0,992,5369,977.063004032258,0.0
20264,1.0,4207,2026-03-02T05:10,COMPLETA,2559.0783,1156.1875,272.0,539.0,1595.0,4,0.6354166666666666,8,0,0,992,5369,977.063004032258,0.0
20264,1.0,4208,2026-03-02T05:20,COMPLETA,2420.7654,1156.1875,272.0,539.0,1595.0,4,0.6354166666666666,8,0,0,992,5369,977.063004032258,0.0
20264,1.0,4209,2026-03-02T05:30,COMPLETA,2478.4825,1156.1875,272.0,539.0,1595.0,4,0.6354166666666666,8,0,0,992,5369,977.063004032258,0.0
20264,1.0,4210,2026-03-02T05:40,COMPLETA,2457.7278,1156.1875,272.0,539.0,1595.0,4,0.6354166666666666,8,0,0,992,5369,977.063004032258,0.0
20264,1.0,4211,2026-03-02T05:50,COMPLETA,2452.0805,1156.1875,272.0,539.0,1595.0,4,0.6354166666666666,8,0,0,993,5372,977.0659617321248,0.0
20264,1.0,4212,2026-03-02T06:00,COMPLETA,2351.0103,1156.1875,272.0,539.0,1595.0,4,0.6354166666666666,8,0,0,994,5376,976.7303822937625,0.0
20264,1.0,4213,2026-03-02T06:10,COMPLETA,2462.8041,1156.1875,272.0,539.0,1595.0,4,0.6354166666666666,8,0,0,995,5384,977.0346733668342,0.0
20264,1.0,4214,2026-03-02T06:20,COMPLETA,2400.6699,1156.1875,272.0,539.0,1595.0,4,0.6354166666666666,8,0,0,995,5384,977.0346733668342,0.0
20264,1.0,4215,2026-03-02T06:30,COMPLETA,2388.3414,1156.1875,272.0,539.0,1595.0,4,0.6354166666666666,8,0,0,995,5384,977.0346733668342,0.0
20264,1.0,4216,2026-03-02T06:40,COMPLETA,2669.6384,1234.888888888889,422.0,525.0,1627.5,4,0.6875,9,0,0,996,5393,976.3504016064257,0.0
20264,1.0,4217,2026-03-02T06:50,COMPLETA,2584.4528,1234.888888888889,422.0,525.0,1627.5,4,0.6875,9,0,0,996,5393,976.3504016064257,0.0
20264,1.0,4218,2026-03-02T07:00,COMPLETA,2583.5814,1234.888888888889,422.0,525.0,1627.5,4,0.6875,9,0,4,996,5393,976.3504016064257,0.0
20264,1.0,4219,2026-03-02T07:10,SIN_DEMANDA,0,,,,,,,0,0,0,996,5393,976.3504016064257,0.0
20264,1.0,4220,2026-03-02T07:20,SIN_DEMANDA,0,,,,,,,0,0,0,996,5393,976.3504016064257,0.0
20264,1.0,4221,2026-03-02T07:30,SIN_DEMANDA,0,,,,,,,0,0,0,996,5393,976.3504016064257,0.0
20264,1.0,4222,2026-03-02T07:40,SIN_DEMANDA,0,,,,,,,0,0,0,996,5393,976.3504016064257,0.0
20264,1.0,4223,2026-03-02T07:50,SIN_DEMANDA,0,,,,,,,0,0,0,996,5393,976.3504016064257,0.0
20264,1.0,4224,2026-03-02T08:00,SIN_DEMANDA,0,,,,,,,0,0,0,996,5393,976.3504016064257,0.0
20264,1.0,4225,2026-03-02T08:10,SIN_DEMANDA,0,,,,,,,0,0,0,996,5393,976.3504016064257,0.0
20264,1.0,4226,2026-03-02T08:20,SIN_DEMANDA,0,,,,,,,0,0,0,996,5393,976.3504016064257,0.0
20264,1.0,4227,2026-03-02T08:30,SIN_DEMANDA,0,,,,,,,0,0,0,996,5393,976.3504016064257,0.0
20264,1.0,4228,2026-03-02T08:40,SIN_DEMANDA,0,,,,,,,0,0,0,996,5393,976.3504016064257,0.0
20264,1.0,4229,2026-03-02T08:50,SIN_DEMANDA,0,,,,,,,0,0,0,996,5393,976.3504016064257,0.0
20264,1.0,4230,2026-03-02T09:00,COMPLETA,522.4146,1602.0,1602.0,96.0,264.0,1,0.25,1,0,0,996,5393,976.3504016064257,0.0
20264,1.0,4231,2026-03-02T09:10,COMPLETA,492.9069,1602.0,1602.0,96.0,264.0,1,0.25,1,0,0,996,5393,976.3504016064257,0.0
20264,1.0,4232,2026-03-02T09:20,COMPLETA,744.4166,1515.75,1429.5,200.0,480.0,1,0.5416666666666666,2,0,0,997,5398,977.3771313941826,0.0
20264,1.0,4233,2026-03-02T09:30,COMPLETA,639.4447,1515.75,1429.5,200.0,480.0,1,0.5416666666666666,2,0,0,997,5398,977.3771313941826,0.0
20264,1.0,4234,2026-03-02T09:40,COMPLETA,558.2622,1515.75,1429.5,200.0,480.0,1,0.5416666666666666,2,0,0,998,5405,976.8206412825651,0.0
20264,1.0,4235,2026-03-02T09:50,COMPLETA,682.6607,1515.75,1429.5,200.0,480.0,1,0.5416666666666666,2,0,0,998,5405,976.8206412825651,0.0
20264,1.0,4236,2026-03-02T10:00,COMPLETA,583.0967,1515.75,1429.5,200.0,480.0,1,0.5416666666666666,2,0,0,999,5410,977.0155155155155,0.0
20264,1.0,4237,2026-03-02T10:10,COMPLETA,623.5222,1515.75,1429.5,200.0,480.0,1,0.5416666666666666,2,0,0,999,5410,977.0155155155155,0.0
20264,1.0,4238,2026-03-02T10:20,COMPLETA,636.1606,1042.125,150.5,272.0,708.0,3,0.2361111111111111,4,0,2,1000,5418,977.719,0.0
20264,1.0,4239,2026-03-02T10:30,COMPLETA,624.397,1515.75,1429.5,200.0,480.0,1,0.5416666666666666,2,0,0,1000,5418,977.719,0.0
20264,1.0,4240,2026-03-02T10:40,COMPLETA,559.6348,1515.75,1429.5,200.0,480.0,1,0.5416666666666666,2,0,0,1000,5418,977.719,0.0
20264,1.0,4241,2026-03-02T10:50,COMPLETA,592.1628,1515.75,1429.5,200.0,480.0,1,0.5416666666666666,2,0,0,1000,5418,977.719,0.0
20264,1.0,4242,2026-03-02T11:00,COMPLETA,605.1311,1515.75,1429.5,200.0,480.0,1,0.5416666666666666,2,0,0,1000,5418,977.719,0.0
20264,1.0,4243,2026-03-02T11:10,COMPLETA,792.7997,1702.6666666666667,1429.5,226.0,579.0,2,0.3125,3,0,1,1001,5428,978.2727272727273,0.0
20264,1.0,4244,2026-03-02T11:20,COMPLETA,661.4104,1515.75,1429.5,200.0,480.0,1,0.5416666666666666,2,0,0,1001,5428,978.2727272727273,0.0
20264,1.0,4245,2026-03-02T11:30,COMPLETA,607.1341,1515.75,1429.5,200.0,480.0,1,0.5416666666666666,2,0,0,1001,5428,978.2727272727273,0.0
20264,1.0,4246,2026-03-02T11:40,COMPLETA,768.1463,1705.9666666666665,1429.5,208.0,559.2,2,0.5,3,0,1,1001,5428,978.2727272727273,0.0
20264,1.0,4247,2026-03-02T11:50,COMPLETA,596.111,1515.75,1429.5,200.0,480.0,1,0.5416666666666666,2,0,0,1003,5440,977.0,0.0
20264,1.0,4248,2026-03-02T12:00,COMPLETA,703.9933,1254.6666666666667,540.5,282.0,723.0,2,0.4166666666666667,3,0,0,1005,5447,977.6641791044776,0.0
20264,1.0,4249,2026-03-02T12:10,COMPLETA,669.3201,1254.6666666666667,540.5,282.0,723.0,2,0.4166666666666667,3,0,0,1005,5447,977.6641791044776,0.0
20264,1.0,4250,2026-03-02T12:20,COMPLETA,657.8757,1254.6666666666667,540.5,282.0,723.0,2,0.4166666666666667,3,0,0,1005,5447,977.6641791044776,0.0
20264,1.0,4251,2026-03-02T12:30,COMPLETA,800.2723,1186.75,540.5,330.0,855.0,3,0.3055555555555556,4,0,1,1006,5449,978.7564612326044,0.0
20264,1.0,4252,2026-03-02T12:40,COMPLETA,647.9511,1254.6666666666667,540.5,282.0,723.0,2,0.4166666666666667,3,0,0,1006,5449,978.7564612326044,0.0
20264,1.0,4253,2026-03-02T12:50,COMPLETA,639.1616,1254.6666666666667,540.5,282.0,723.0,2,0.4166666666666667,3,0,0,1007,5452,979.8564051638531,0.0
20264,1.0,4254,2026-03-02T13:00,COMPLETA,635.1202,1254.6666666666667,540.5,282.0,723.0,2,0.4166666666666667,3,0,0,1008,5458,980.518253968254,0.0
20264,1.0,4255,2026-03-02T13:10,COMPLETA,620.2082,1254.6666666666667,540.5,282.0,723.0,2,0.4166666666666667,3,0,0,1008,5458,980.518253968254,0.0
20264,1.0,4256,2026-03-02T13:20,COMPLETA,609.1832,937.75,26.0,254.0,741.0,2,0.625,4,0,0,1008,5460,980.518253968254,0.0
20264,1.0,4257,2026-03-02T13:30,COMPLETA,740.8741,981.1666666666666,26.0,318.0,957.0,3,0.5972222222222222,6,0,1,1008,5460,980.518253968254,0.0
20264,1.0,4258,2026-03-02T13:40,COMPLETA,839.1374,1098.5,26.0,284.0,846.0,2,0.8333333333333334,5,0,0,1008,5460,980.518253968254,0.0
20264,1.0,4259,2026-03-02T13:50,COMPLETA,682.8361,1098.5,26.0,284.0,846.0,2,0.8333333333333334,5,0,0,1008,5460,980.518253968254,0.0
20264,1.0,4260,2026-03-02T14:00,COMPLETA,689.1489,1098.5,26.0,284.0,846.0,2,0.8333333333333334,5,0,0,1009,5468,980.0385530227949,0.0
20264,1.0,4261,2026-03-02T14:10,COMPLETA,707.3861,1098.5,26.0,284.0,846.0,2,0.8333333333333334,5,0,0,1010,5470,980.0414851485149,0.0
20264,1.0,4262,2026-03-02T14:20,COMPLETA,699.3893,1098.5,26.0,284.0,846.0,2,0.8333333333333334,5,0,0,1010,5470,980.0414851485149,0.0
20264,1.0,4263,2026-03-02T14:30,COMPLETA,742.7707,1098.5,26.0,284.0,846.0,2,0.8333333333333334,5,0,0,1010,5470,980.0414851485149,0.0
20264,1.0,4264,2026-03-02T14:40,COMPLETA,687.8496,1098.5,26.0,284.0,846.0,2,0.8333333333333334,5,0,0,1010,5470,980.0414851485149,0.0
20264,1.0,4265,2026-03-02T14:50,COMPLETA,691.7051,973.4166666666666,26.0,356.0,1074.0,3,0.5694444444444444,6,0,0,1010,5470,980.0414851485149,0.0
20264,1.0,4266,2026-03-02T15:00,COMPLETA,689.4566,973.4166666666666,26.0,356.0,1074.0,3,0.5694444444444444,6,0,2,1011,5473,979.4623145400594,0.0
20264,1.0,4267,2026-03-02T15:10,COMPLETA,539.4914,709.8333333333334,26.0,132.0,438.0,1,0.9583333333333334,3,0,1,1011,5473,979.4623145400594,0.0
20264,1.0,4268,2026-03-02T15:20,SIN_DEMANDA,0,,,,,,,0,0,0,1011,5473,979.4623145400594,0.0
20264,1.0,4269,2026-03-02T15:30,COMPLETA,745.0168,1433.0,1341.5,190.0,465.0,1,0.5,2,0,0,1011,5473,979.4623145400594,0.0
20264,1.0,4270,2026-03-02T15:40,COMPLETA,667.2256,1433.0,1341.5,190.0,465.0,1,0.5,2,0,0,1011,5473,979.4623145400594,0.0
20264,1.0,4271,2026-03-02T15:50,COMPLETA,821.2646,1461.0,1341.5,304.0,756.0,2,0.3541666666666667,3,0,0,1011,5473,979.4623145400594,0.0
20264,1.0,4272,2026-03-02T16:00,COMPLETA,894.6802,1165.125,277.5,426.0,1059.0,3,0.3194444444444444,4,0,1,1011,5473,979.4623145400594,0.0
20264,1.0,4273,2026-03-02T16:10,COMPLETA,941.7778,1461.0,1341.5,304.0,756.0,2,0.3541666666666667,3,0,0,1011,5473,979.4623145400594,0.0
20264,1.0,4274,2026-03-02T16:20,COMPLETA,871.5881,1461.0,1341.5,304.0,756.0,2,0.3541666666666667,3,0,0,1011,5473,979.4623145400594,0.0
20264,1.0,4275,2026-03-02T16:30,COMPLETA,832.3307,1461.0,1341.5,304.0,756.0,2,0.3541666666666667,3,0,0,1011,5473,979.4623145400594,0.0
20264,1.0,4276,2026-03-02T16:40,COMPLETA,874.2262,1461.0,1341.5,304.0,756.0,2,0.3541666666666667,3,0,0,1011,5473,979.4623145400594,0.0
20264,1.0,4277,2026-03-02T16:50,COMPLETA,1099.1493,1251.5,623.0,352.0,948.0,3,0.2638888888888889,4,0,1,1012,5483,978.5201581027668,0.0
20264,1.0,4278,2026-03-02T17:00,COMPLETA,832.1656,1461.0,1341.5,304.0,756.0,2,0.3541666666666667,3,0,0,1013,5484,977.8977295162882,0.0
20264,1.0,4279,2026-03-02T17:10,COMPLETA,823.5358,1461.0,1341.5,304.0,756.0,2,0.3541666666666667,3,0,0,1013,5484,977.8977295162882,0.0
20264,1.0,4280,2026-03-02T17:20,COMPLETA,894.2458,1461.0,1341.5,304.0,756.0,2,0.3541666666666667,3,0,0,1013,5484,977.8977295162882,0.0
20264,1.0,4281,2026-03-02T17:30,COMPLETA,842.3796,1461.0,1341.5,304.0,756.0,2,0.3541666666666667,3,0,0,1013,5484,977.8977295162882,0.0
20264,1.0,4282,2026-03-02T17:40,COMPLETA,855.171,1461.0,1341.5,304.0,756.0,2,0.3541666666666667,3,0,0,1013,5484,977.8977295162882,0.0
20264,1.0,4283,2026-03-02T17:50,COMPLETA,812.1085,1461.0,1341.5,304.0,756.0,2,0.3541666666666667,3,0,0,1013,5484,977.8977295162882,0.0
20264,1.0,4284,2026-03-02T18:00,COMPLETA,872.6531,1461.0,1341.5,304.0,756.0,2,0.3541666666666667,3,0,0,1013,5484,977.8977295162882,0.0
20264,1.0,4285,2026-03-02T18:10,COMPLETA,1107.8745,1498.375,1341.5,304.0,816.0,2,0.4791666666666667,4,0,0,1013,5484,977.8977295162882,0.0
20264,1.0,4286,2026-03-02T18:20,COMPLETA,1329.7407,1512.1,1341.5,304.0,876.0,2,0.6458333333333334,5,0,0,1014,5491,978.5324457593689,0.0
20264,1.0,4287,2026-03-02T18:30,COMPLETA,1377.3824,1512.1,1341.5,304.0,876.0,2,0.6458333333333334,5,0,0,1015,5493,978.1821674876848,0.0
20264,1.0,4288,2026-03-02T18:40,COMPLETA,1438.6682,1512.1,1341.5,304.0,876.0,2,0.6458333333333334,5,0,0,1016,5500,977.8842519685039,0.0
20264,1.0,4289,2026-03-02T18:50,COMPLETA,1615.671,1360.5,494.5,462.0,1233.0,3,0.5138888888888888,6,0,0,1016,5500,977.8842519685039,0.0
20264,1.0,4290,2026-03-02T19:00,COMPLETA,1230.3002,1360.5,494.5,462.0,1233.0,3,0.5138888888888888,6,0,0,1016,5500,977.8842519685039,0.0
20264,1.0,4291,2026-03-02T19:10,COMPLETA,1809.4231,1477.1142857142856,533.5,390.0,1226.4,4,0.4875,7,0,1,1016,5500,977.8842519685039,0.0
20264,1.0,4292,2026-03-02T19:20,COMPLETA,1376.0814,1360.5,494.5,462.0,1233.0,3,0.5138888888888888,6,0,0,1017,5506,977.195575221239,0.0
20264,1.0,4293,2026-03-02T19:30,COMPLETA,1340.9011,1175.142857142857,63.0,527.0,1390.5,4,0.4791666666666667,7,0,0,1017,5506,977.195575221239,0.0
20264,1.0,4294,2026-03-02T19:40,COMPLETA,1575.413,1076.625,63.0,559.0,1498.5,5,0.39166666666666666,8,0,1,1017,5506,977.195575221239,0.0
20264,1.0,4295,2026-03-02T19:50,COMPLETA,1436.5715,1175.142857142857,63.0,527.0,1390.5,4,0.4791666666666667,7,0,0,1017,5506,977.195575221239,0.0
20264,1.0,4296,2026-03-02T20:00,COMPLETA,1409.6587,1175.142857142857,63.0,527.0,1390.5,4,0.4791666666666667,7,0,1,1017,5506,977.195575221239,0.0
20264,1.0,4297,2026-03-02T20:10,COMPLETA,1669.0931,1210.4285714285713,226.0,382.0,1233.0,4,0.46875,7,0,0,1017,5506,977.195575221239,0.0
20264,1.0,4298,2026-03-02T20:20,COMPLETA,1750.9163,1088.625,226.0,380.0,1290.0,4,0.5520833333333334,8,0,0,1017,5506,977.195575221239,0.0
20264,1.0,4299,2026-03-02T20:30,COMPLETA,1930.8803,973.6666666666666,96.0,459.0,1468.5,5,0.48333333333333334,9,0,1,1018,5516,977.9463654223969,0.0
20264,1.0,4300,2026-03-02T20:40,COMPLETA,1569.7473,969.5,0.0,447.0,1450.5,4,0.6458333333333334,9,0,0,1018,5516,977.9463654223969,0.0
20264,1.0,4301,2026-03-02T20:50,COMPLETA,1510.7356,969.5,0.0,447.0,1450.5,4,0.6458333333333334,9,0,0,1018,5516,977.9463654223969,0.0
20264,1.0,4302,2026-03-02T21:00,COMPLETA,1551.5354,969.5,0.0,447.0,1450.5,4,0.6458333333333334,9,0,0,1018,5516,977.9463654223969,0.0
20264,1.0,4303,2026-03-02T21:10,COMPLETA,1494.3192,969.5,0.0,447.0,1450.5,4,0.6458333333333334,9,0,0,1020,5519,978.4070588235295,0.0
20264,1.0,4304,2026-03-02T21:20,COMPLETA,1545.9417,969.5,0.0,447.0,1450.5,4,0.6458333333333334,9,0,0,1021,5525,978.847404505387,0.0
20264,1.0,4305,2026-03-02T21:30,COMPLETA,1446.3463,969.5,0.0,447.0,1450.5,4,0.6458333333333334,9,0,0,1021,5525,978.847404505387,0.0
20264,1.0,4306,2026-03-02T21:40,COMPLETA,1622.3207,969.5,0.0,447.0,1450.5,4,0.6458333333333334,9,0,0,1021,5525,978.847404505387,0.0
20264,1.0,4307,2026-03-02T21:50,COMPLETA,1520.4684,969.5,0.0,447.0,1450.5,4,0.6458333333333334,9,0,0,1021,5525,978.847404505387,0.0
20264,1.0,4308,2026-03-02T22:00,COMPLETA,1496.8379,969.5,0.0,447.0,1450.5,4,0.6458333333333334,9,0,0,1021,5525,978.847404505387,0.0
20264,1.0,4309,2026-03-02T22:10,COMPLETA,1446.779,969.5,0.0,447.0,1450.5,4,0.6458333333333334,9,0,0,1021,5525,978.847404505387,0.0
20264,1.0,4310,2026-03-02T22:20,COMPLETA,1446.6005,969.5,0.0,447.0,1450.5,4,0.6458333333333334,9,0,0,1021,5525,978.847404505387,0.0
20264,1.0,4311,2026-03-02T22:30,COMPLETA,1929.587,879.3,0.0,550.0,1725.0,5,0.575,10,0,0,1022,5534,977.9512720156556,0.0
20264,1.0,4312,2026-03-02T22:40,COMPLETA,1878.4063,801.5,0.0,601.0,1925.0,6,0.5,11,0,0,1022,5534,977.9512720156556,0.0
20264,1.0,4313,2026-03-02T22:50,COMPLETA,1853.8332,801.5,0.0,601.0,1925.0,6,0.5,11,0,0,1023,5539,977.0891495601173,0.0
20264,1.0,4314,2026-03-02T23:00,COMPLETA,2186.4956,780.0833333333334,3.0,687.0,2290.5,9,0.3425925925925926,12,0,9,1023,5539,977.0891495601173,0.0
20264,1.0,4315,2026-03-02T23:10,SIN_DEMANDA,0,,,,,,,0,0,0,1023,5539,977.0891495601173,0.0
20264,1.0,4316,2026-03-02T23:20,COMPLETA,525.3882,1553.5,1553.5,67.0,220.5,1,0.25,1,0,0,1023,5539,977.0891495601173,0.0
20264,1.0,4317,2026-03-02T23:30,COMPLETA,567.3514,1553.5,1553.5,67.0,220.5,1,0.25,1,0,0,1023,5539,977.0891495601173,0.0
20264,1.0,4318,2026-03-02T23:40,COMPLETA,557.723,1553.5,1553.5,67.0,220.5,1,0.25,1,0,0,1023,5539,977.0891495601173,0.0
20264,1.0,4319,2026-03-02T23:50,COMPLETA,587.4823,1553.5,1553.5,67.0,220.5,1,0.25,1,0,0,1023,5539,977.0891495601173,0.0
