semilla,pedido_id,vehiculo,ubicacion_x,ubicacion_y,cantidad_parte,instante_entrega,deadline,holgura_min
20263,V202602-L00001,TA01,35,2,4,2026-02-01T01:50,2026-02-01T12:19,629.0
20263,V202602-L00001,TA01,35,2,4,2026-02-01T01:50,2026-02-01T12:19,629.0
20263,V202602-L00002,TA02,55,24,3,2026-02-01T02:47,2026-02-01T04:45,118.0
20263,V202602-L00003,TA09,60,24,4,2026-02-01T03:44:30,2026-02-02T13:32,2027.5
20263,V202602-L00003,TA10,60,24,1,2026-02-01T03:44:30,2026-02-02T13:32,2027.5
20263,V202602-L00004,TA03,28,46,3,2026-02-01T04:38:30,2026-02-01T06:40,121.5
20263,V202602-L00005,TA01,21,24,3,2026-02-01T05:44,2026-02-01T22:13,989.0
20263,V202602-L00005,TA01,21,24,4,2026-02-01T05:44,2026-02-01T22:13,989.0
20263,V202602-L00006,TA02,64,27,4,2026-02-01T06:00:30,2026-02-02T16:46,2085.5
20263,V202602-L00007,TA09,50,26,2,2026-02-01T06:12,2026-02-02T16:55,2083.0
20263,V202602-L00008,TA10,50,39,4,2026-02-01T06:38:30,2026-02-01T09:09,150.5
20263,V202602-L00008,TA10,50,39,4,2026-02-01T06:38:30,2026-02-01T09:09,150.5
20263,V202602-L00010,TA02,53,38,2,2026-02-01T08:22:30,2026-02-01T09:57,94.5
20263,V202602-L00009,TA09,66,18,4,2026-02-01T08:27,2026-02-01T17:22,535.0
20263,V202602-L00011,TA03,6,45,1,2026-02-01T09:09:30,2026-02-01T15:48,398.5
20263,V202602-L00012,TA10,57,33,4,2026-02-01T09:19,2026-02-01T12:09,170.0
20263,V202602-L00012,TA10,57,33,4,2026-02-01T09:19,2026-02-01T12:09,170.0
20263,V202602-L00013,TA01,58,48,3,2026-02-01T10:57:30,2026-02-02T20:19,2001.5
20263,V202602-L00014,TA04,35,13,2,2026-02-01T10:13:30,2026-02-02T20:53,2079.5
20263,V202602-L00015,TA09,17,40,4,2026-02-01T12:53:30,2026-02-02T03:08,854.5
20263,V202602-L00015,TA02,17,40,1,2026-02-01T12:53:30,2026-02-02T03:08,854.5
20263,V202602-L00016,TA03,20,48,4,2026-02-01T11:56,2026-02-02T22:17,2061.0
20263,V202602-L00017,TA10,54,24,3,2026-02-01T12:19,2026-02-01T19:08,409.0
20263,V202602-L00018,TA05,26,14,4,2026-02-01T12:31:30,2026-02-02T05:22,1010.5
20263,V202602-L00018,TA06,26,14,4,2026-02-01T12:31:30,2026-02-02T05:22,1010.5
20263,V202602-L00018,TA07,26,14,1,2026-02-01T12:31:30,2026-02-02T05:22,1010.5
20263,V202602-L00019,TA02,25,45,3,2026-02-01T15:00,2026-02-02T01:27,627.0
20263,V202602-L00019,TA09,25,45,4,2026-02-01T15:00,2026-02-02T01:27,627.0
20263,V202602-L00020,TA04,13,9,1,2026-02-01T16:28:30,2026-02-02T01:51,562.5
20263,V202602-L00021,TA03,8,41,4,2026-02-01T16:30:30,2026-02-01T19:12,161.5
20263,V202602-L00021,TA03,8,41,3,2026-02-01T16:30:30,2026-02-01T19:12,161.5
20263,V202602-L00022,TA08,6,13,4,2026-02-01T16:53,2026-02-01T19:20,147.0
20263,V202602-L00022,TA08,6,13,4,2026-02-01T16:53,2026-02-01T19:20,147.0
20263,V202602-L00023,TA05,34,10,1,2026-02-01T17:46:30,2026-02-02T10:22,995.5
20263,V202602-L00023,TA07,34,10,4,2026-02-01T17:46:30,2026-02-02T10:22,995.5
20263,V202602-L00024,TA10,52,45,4,2026-02-01T18:44:30,2026-02-03T05:05,2060.5
20263,V202602-L00024,TA10,52,45,2,2026-02-01T18:44:30,2026-02-03T05:05,2060.5
20263,V202602-L00025,TA06,48,0,4,2026-02-01T19:32:30,2026-02-03T05:39,2046.5
20263,V202602-L00025,TA06,48,0,4,2026-02-01T19:32:30,2026-02-03T05:39,2046.5
20263,V202602-L00026,TA01,55,23,3,2026-02-01T20:19,2026-02-02T03:01,402.0
20263,V202602-L00027,TA10,63,30,4,2026-02-01T20:33:30,2026-02-02T07:11,637.5
20263,V202602-L00027,TA10,63,30,2,2026-02-01T20:33:30,2026-02-02T07:11,637.5
20263,V202602-L00028,TA06,58,2,1,2026-02-01T22:05:30,2026-02-02T07:56,590.5
20263,V202602-L00028,TA06,58,2,4,2026-02-01T22:05:30,2026-02-02T07:56,590.5
20263,V202602-L00029,TA10,63,38,4,2026-02-01T22:55:30,2026-02-02T05:28,392.5
20263,V202602-L00029,TA10,63,38,4,2026-02-01T22:55:30,2026-02-02T05:28,392.5
20263,V202602-L00030,TA04,44,15,3,2026-02-02T00:27,2026-02-03T09:40,1993.0
20263,V202602-L00031,TA05,46,7,4,2026-02-02T01:19,2026-02-03T11:32,2053.0
20263,V202602-L00032,TA07,30,31,3,2026-02-02T01:30,2026-02-03T11:55,2065.0
20263,V202602-L00033,TA09,22,41,4,2026-02-02T01:39:30,2026-02-03T12:14,2074.5
20263,V202602-L00033,TA09,22,41,2,2026-02-02T01:39:30,2026-02-03T12:14,2074.5
20263,V202602-L00033,TA09,22,41,4,2026-02-02T01:39:30,2026-02-03T12:14,2074.5
20263,V202602-L00034,TA02,15,24,4,2026-02-02T02:15:30,2026-02-02T12:41,625.5
20263,V202602-L00034,TA02,15,24,1,2026-02-02T02:15:30,2026-02-02T12:41,625.5
20263,V202602-L00034,TA02,15,24,4,2026-02-02T02:15:30,2026-02-02T12:41,625.5
20263,V202602-L00035,TA08,9,1,2,2026-02-02T02:56:30,2026-02-02T13:04,607.5
20263,V202602-L00036,TA10,37,29,4,2026-02-02T05:03,2026-02-03T15:22,2059.0
20263,V202602-L00036,TA10,37,29,1,2026-02-02T05:03,2026-02-03T15:22,2059.0
20263,V202602-L00038,TA07,1,3,4,2026-02-02T06:55:30,2026-02-02T12:59,363.5
20263,V202602-L00038,TA07,1,3,1,2026-02-02T06:55:30,2026-02-02T12:59,363.5
20263,V202602-L00037,TA08,26,17,4,2026-02-02T06:06,2026-02-02T08:54,168.0
20263,V202602-L00037,TA08,26,17,3,2026-02-02T06:06,2026-02-02T08:54,168.0
20263,V202602-L00039,TA02,5,25,4,2026-02-02T07:00,2026-02-03T17:28,2068.0
20263,V202602-L00039,TA02,5,25,2,2026-02-02T07:00,2026-02-03T17:28,2068.0
20263,V202602-L00040,TA01,40,33,2,2026-02-02T08:34:30,2026-02-02T18:29,594.5
20263,V202602-L00041,TA10,70,48,4,2026-02-02T12:11,2026-02-02T18:17,366.0
20263,V202602-L00041,TA10,70,48,4,2026-02-02T12:11,2026-02-02T18:17,366.0
20263,V202602-L00042,TA02,20,32,1,2026-02-02T12:11,2026-02-03T04:41,990.0
20263,V202602-L00042,TA02,20,32,4,2026-02-02T12:11,2026-02-03T04:41,990.0
20263,V202602-L00042,TA02,20,32,4,2026-02-02T12:11,2026-02-03T04:41,990.0
20263,V202602-L00043,TA07,28,23,4,2026-02-02T12:15,2026-02-03T22:53,2078.0
20263,V202602-L00043,TA08,28,23,4,2026-02-02T12:15,2026-02-03T22:53,2078.0
20263,V202602-L00044,TM01,27,7,4,2026-02-02T12:56:48,2026-02-03T05:37,1000.2
20263,V202602-L00044,TM02,27,7,1,2026-02-02T12:56:48,2026-02-03T05:37,1000.2
20263,V202602-L00044,TM05,27,7,4,2026-02-02T12:56:48,2026-02-03T05:37,1000.2
20263,V202602-L00045,TA02,24,48,4,2026-02-02T16:33,2026-02-04T02:07,2014.0
20263,V202602-L00045,TA02,24,48,2,2026-02-02T16:33,2026-02-04T02:07,2014.0
20263,V202602-L00046,TA03,21,43,2,2026-02-02T16:21,2026-02-04T02:56,2075.0
20263,V202602-L00045,TA09,24,48,4,2026-02-02T16:33,2026-02-04T02:07,2014.0
20263,V202602-L00047,TM01,27,30,4,2026-02-02T17:58:24,2026-02-03T00:14,375.6
20263,V202602-L00047,TM02,27,30,2,2026-02-02T17:58:24,2026-02-03T00:14,375.6
20263,V202602-L00047,TM05,27,30,4,2026-02-02T17:58:24,2026-02-03T00:14,375.6
20263,V202602-L00048,TA07,22,6,4,2026-02-02T18:29:30,2026-02-03T05:08,638.5
20263,V202602-L00048,TA08,22,6,4,2026-02-02T18:29:30,2026-02-03T05:08,638.5
20263,V202602-L00049,TA02,0,12,4,2026-02-02T20:27,2026-02-04T06:22,2035.0
20263,V202602-L00049,TA02,0,12,3,2026-02-02T20:27,2026-02-04T06:22,2035.0
20263,V202602-L00050,TA03,10,21,2,2026-02-02T21:28:30,2026-02-03T03:53,384.5
20263,V202602-L00051,TA10,61,4,4,2026-02-02T22:10:30,2026-02-04T08:21,2050.5
20263,V202602-L00051,TA10,61,4,4,2026-02-02T22:10:30,2026-02-04T08:21,2050.5
20263,V202602-L00052,TA07,19,3,2,2026-02-02T22:38:30,2026-02-03T15:09,990.5
20263,V202602-L00053,TA04,62,42,4,2026-02-02T23:00,2026-02-03T05:27,387.0
20263,V202602-L00053,TA05,62,42,4,2026-02-02T23:00,2026-02-03T05:27,387.0
20263,V202602-L00053,TA05,62,42,1,2026-02-02T23:00,2026-02-03T05:27,387.0
20263,V202602-L00054,TA03,11,29,4,2026-02-03T00:35,2026-02-03T03:17,162.0
20263,V202602-L00054,TA09,11,29,2,2026-02-03T00:35,2026-02-03T03:17,162.0
20263,V202602-L00054,TA09,11,29,4,2026-02-03T00:35,2026-02-03T03:17,162.0
20263,V202602-L00055,TA02,25,37,3,2026-02-03T02:47:30,2026-02-03T19:07,979.5
20263,V202602-L00056,TA07,13,11,4,2026-02-03T04:15:30,2026-02-04T14:43,2067.5
20263,V202602-L00056,TA08,13,11,3,2026-02-03T04:15:30,2026-02-04T14:43,2067.5
20263,V202602-L00057,TA02,26,32,1,2026-02-03T05:30,2026-02-03T15:54,624.0
20263,V202602-L00058,TA09,10,13,4,2026-02-03T05:40:30,2026-02-04T16:00,2059.5
20263,V202602-L00058,TA09,10,13,4,2026-02-03T05:40:30,2026-02-04T16:00,2059.5
20263,V202602-L00059,TA10,55,21,4,2026-02-03T05:22,2026-02-03T16:06,644.0
20263,V202602-L00059,TA10,55,21,4,2026-02-03T05:22,2026-02-03T16:06,644.0
20263,V202602-L00060,TA03,0,49,4,2026-02-03T06:34:30,2026-02-03T12:58,383.5
20263,V202602-L00060,TA03,0,49,2,2026-02-03T06:34:30,2026-02-03T12:58,383.5
20263,V202602-L00060,TA03,0,49,4,2026-02-03T06:34:30,2026-02-03T12:58,383.5
20263,V202602-L00061,TA02,41,12,1,2026-02-03T08:34,2026-02-04T19:01,2067.0
20263,V202602-L00062,TA03,16,48,1,2026-02-03T09:31,2026-02-03T16:10,399.0
20263,V202602-L00063,TA01,56,50,1,2026-02-03T10:56,2026-02-03T21:17,621.0
20263,V202602-L00064,TA08,1,24,4,2026-02-03T11:14,2026-02-03T21:19,605.0
20263,V202602-L00064,TA09,1,24,1,2026-02-03T11:14,2026-02-03T21:19,605.0
20263,V202602-L00065,TM01,16,0,4,2026-02-03T11:30,2026-02-04T21:23,2033.0
20263,V202602-L00065,TM05,16,0,2,2026-02-03T11:30,2026-02-04T21:23,2033.0
20263,V202602-L00065,TM07,16,0,4,2026-02-03T11:30,2026-02-04T21:23,2033.0
20263,V202602-L00066,TA07,48,9,3,2026-02-03T11:19,2026-02-03T17:33,374.0
20263,V202602-L00066,TA07,48,9,4,2026-02-03T11:19,2026-02-03T17:33,374.0
20263,V202602-L00067,TA10,68,5,4,2026-02-03T12:19:30,2026-02-04T22:26,2046.5
20263,V202602-L00067,TA10,68,5,4,2026-02-03T12:19:30,2026-02-04T22:26,2046.5
20263,V202602-L00068,TA02,26,4,1,2026-02-03T12:46:30,2026-02-03T23:26,639.5
20263,V202602-L00069,TA01,68,40,4,2026-02-03T13:26,2026-02-04T05:47,981.0
20263,V202602-L00070,TA05,46,45,1,2026-02-03T13:53:30,2026-02-05T00:04,2050.5
20263,V202602-L00070,TA05,46,45,4,2026-02-03T13:53:30,2026-02-05T00:04,2050.5
20263,V202602-L00071,TA04,49,37,2,2026-02-03T14:27,2026-02-04T06:58,991.0
20263,V202602-L00072,TA01,64,15,4,2026-02-03T16:28:30,2026-02-03T21:56,327.5
20263,V202602-L00073,TA02,31,28,4,2026-02-03T16:47,2026-02-04T03:17,630.0
20263,V202602-L00073,TA07,31,28,4,2026-02-03T16:47,2026-02-04T03:17,630.0
20263,V202602-L00073,TA07,31,28,1,2026-02-03T16:47,2026-02-04T03:17,630.0
20263,V202602-L00074,TA03,7,26,4,2026-02-03T16:55:30,2026-02-05T03:29,2073.5
20263,V202602-L00075,TA10,58,11,4,2026-02-03T17:05:30,2026-02-03T23:35,389.5
20263,V202602-L00075,TA10,58,11,4,2026-02-03T17:05:30,2026-02-03T23:35,389.5
20263,V202602-L00076,TM01,19,7,2,2026-02-03T18:13:36,2026-02-05T04:22,2048.4
20263,V202602-L00077,TA05,38,27,4,2026-02-03T19:01:30,2026-02-04T01:30,388.5
20263,V202602-L00077,TA06,38,27,4,2026-02-03T19:01:30,2026-02-04T01:30,388.5
20263,V202602-L00078,TM06,29,6,4,2026-02-03T19:14,2026-02-05T05:50,2076.0
20263,V202602-L00078,TM15,29,6,1,2026-02-03T19:14,2026-02-05T05:50,2076.0
20263,V202602-L00079,TA01,46,41,2,2026-02-03T20:37:30,2026-02-03T22:51,133.5
20263,V202602-L00080,TA04,56,41,4,2026-02-03T22:02:30,2026-02-04T14:39,996.5
20263,V202602-L00082,TA01,55,11,4,2026-02-04T00:27,2026-02-05T09:56,2009.0
20263,V202602-L00081,TA02,1,15,4,2026-02-04T00:51,2026-02-05T09:43,1972.0
20263,V202602-L00084,TA03,7,26,1,2026-02-04T00:25:30,2026-02-04T06:55,389.5
20263,V202602-L00082,TA06,55,11,2,2026-02-04T00:27,2026-02-05T09:56,2009.0
20263,V202602-L00081,TA07,1,15,4,2026-02-04T00:51,2026-02-05T09:43,1972.0
20263,V202602-L00083,TA09,16,26,4,2026-02-04T00:24,2026-02-05T10:24,2040.0
20263,V202602-L00085,TA10,55,9,4,2026-02-04T01:30,2026-02-04T07:58,388.0
20263,V202602-L00085,TA10,55,9,4,2026-02-04T01:30,2026-02-04T07:58,388.0
20263,V202602-L00086,TA04,64,31,2,2026-02-04T02:46:30,2026-02-04T13:23,636.5
20263,V202602-L00087,TA05,60,24,4,2026-02-04T02:39,2026-02-04T09:30,411.0
20263,V202602-L00087,TA05,60,24,4,2026-02-04T02:39,2026-02-04T09:30,411.0
20263,V202602-L00087,TA05,60,24,2,2026-02-04T02:39,2026-02-04T09:30,411.0
20263,V202602-L00088,TA01,46,19,2,2026-02-04T03:22:30,2026-02-04T09:42,379.5
20263,V202602-L00089,TA02,36,13,3,2026-02-04T03:55,2026-02-04T10:31,396.0
20263,V202602-L00089,TA07,36,13,4,2026-02-04T03:55,2026-02-04T10:31,396.0
20263,V202602-L00090,TA03,23,48,3,2026-02-04T04:51:30,2026-02-05T15:16,2064.5
20263,V202602-L00091,TA10,53,37,4,2026-02-04T05:51,2026-02-05T16:23,2072.0
20263,V202602-L00091,TA10,53,37,2,2026-02-04T05:51,2026-02-05T16:23,2072.0
20263,V202602-L00093,TA02,40,8,3,2026-02-04T08:28:30,2026-02-05T00:28,959.5
20263,V202602-L00092,TA04,47,18,4,2026-02-04T08:28:30,2026-02-05T18:02,2013.5
20263,V202602-L00092,TA06,47,18,3,2026-02-04T08:28:30,2026-02-05T18:02,2013.5
20263,V202602-L00094,TA05,40,31,4,2026-02-04T09:11:30,2026-02-04T19:40,628.5
20263,V202602-L00094,TA05,40,31,1,2026-02-04T09:11:30,2026-02-04T19:40,628.5
20263,V202602-L00094,TA10,40,31,4,2026-02-04T09:11:30,2026-02-04T19:40,628.5
20263,V202602-L00095,TA01,66,49,3,2026-02-04T10:06:30,2026-02-04T20:14,607.5
20263,V202602-L00095,TA01,66,49,4,2026-02-04T10:06:30,2026-02-04T20:14,607.5
20263,V202602-L00096,TA07,19,3,2,2026-02-04T10:38:30,2026-02-05T21:05,2066.5
20263,V202602-L00096,TA07,19,3,4,2026-02-04T10:38:30,2026-02-05T21:05,2066.5
20263,V202602-L00097,TA10,62,19,4,2026-02-04T13:59:30,2026-02-06T00:40,2080.5
20263,V202602-L00097,TA10,62,19,1,2026-02-04T13:59:30,2026-02-06T00:40,2080.5
20263,V202602-L00099,TA02,21,5,2,2026-02-04T16:22:30,2026-02-05T02:01,578.5
20263,V202602-L00098,TA06,51,12,1,2026-02-04T16:31:30,2026-02-06T01:29,1977.5
20263,V202602-L00099,TA07,21,5,4,2026-02-04T16:22:30,2026-02-05T02:01,578.5
20263,V202602-L00100,TA03,8,37,3,2026-02-04T17:17:30,2026-02-06T04:08,2090.5
20263,V202602-L00101,TA01,56,41,4,2026-02-04T18:02:30,2026-02-05T00:33,390.5
20263,V202602-L00102,TA08,18,22,1,2026-02-04T19:03,2026-02-06T05:28,2065.0
20263,V202602-L00103,TA02,35,4,2,2026-02-04T19:37,2026-02-05T06:02,625.0
20263,V202602-L00104,TA04,64,5,4,2026-02-04T19:53:30,2026-02-06T06:08,2054.5
20263,V202602-L00104,TA06,64,5,1,2026-02-04T19:53:30,2026-02-06T06:08,2054.5
20263,V202602-L00105,TA09,20,40,1,2026-02-04T19:55,2026-02-05T02:38,403.0
20263,V202602-L00105,TA09,20,40,4,2026-02-04T19:55,2026-02-05T02:38,403.0
20263,V202602-L00106,TA01,62,8,1,2026-02-04T21:16,2026-02-06T07:31,2055.0
20263,V202602-L00107,TA05,56,31,2,2026-02-04T20:47:30,2026-02-06T07:32,2084.5
20263,V202602-L00108,TA03,1,19,4,2026-02-04T22:05,2026-02-05T14:15,970.0
20263,V202602-L00108,TA03,1,19,4,2026-02-04T22:05,2026-02-05T14:15,970.0
20263,V202602-L00108,TA03,1,19,1,2026-02-04T22:05,2026-02-05T14:15,970.0
20263,V202602-L00109,TA10,58,3,4,2026-02-04T21:57:30,2026-02-05T00:15,137.5
20263,V202602-L00109,TA10,58,3,4,2026-02-04T21:57:30,2026-02-05T00:15,137.5
20263,V202602-L00109,TA10,58,3,2,2026-02-04T21:57:30,2026-02-05T00:15,137.5
20263,V202602-L00110,TA04,60,35,3,2026-02-04T21:53:30,2026-02-05T14:28,994.5
20263,V202602-L00111,TA06,65,31,4,2026-02-04T21:58,2026-02-05T04:39,401.0
20263,V202602-L00111,TA06,65,31,4,2026-02-04T21:58,2026-02-05T04:39,401.0
20263,V202602-L00111,TA06,65,31,2,2026-02-04T21:58,2026-02-05T04:39,401.0
20263,V202602-L00113,TA02,39,19,4,2026-02-05T00:25:30,2026-02-06T10:21,2035.5
20263,V202602-L00113,TA02,39,19,4,2026-02-05T00:25:30,2026-02-06T10:21,2035.5
20263,V202602-L00113,TA02,39,19,2,2026-02-05T00:25:30,2026-02-06T10:21,2035.5
20263,V202602-L00112,TA07,34,17,1,2026-02-05T00:15,2026-02-06T09:58,2023.0
20263,V202602-L00114,TA08,4,2,1,2026-02-05T00:52:30,2026-02-06T10:32,2019.5
20263,V202602-L00114,TA08,4,2,4,2026-02-05T00:52:30,2026-02-06T10:32,2019.5
20263,V202602-L00114,TA08,4,2,4,2026-02-05T00:52:30,2026-02-06T10:32,2019.5
20263,V202602-L00115,TA05,68,11,4,2026-02-05T02:20:30,2026-02-06T12:32,2051.5
20263,V202602-L00115,TA10,68,11,1,2026-02-05T02:20:30,2026-02-06T12:32,2051.5
20263,V202602-L00115,TA10,68,11,4,2026-02-05T02:20:30,2026-02-06T12:32,2051.5
20263,V202602-L00116,TA01,46,28,4,2026-02-05T02:18,2026-02-05T18:54,996.0
20263,V202602-L00117,TM06,29,14,4,2026-02-05T02:24:48,2026-02-05T13:18,653.2
20263,V202602-L00117,TM15,29,14,2,2026-02-05T02:24:48,2026-02-05T13:18,653.2
20263,V202602-L00118,TA07,35,9,4,2026-02-05T02:59:30,2026-02-06T13:34,2074.5
20263,V202602-L00118,TA07,35,9,2,2026-02-05T02:59:30,2026-02-06T13:34,2074.5
20263,V202602-L00118,TA07,35,9,4,2026-02-05T02:59:30,2026-02-06T13:34,2074.5
20263,V202602-L00119,TA03,31,49,3,2026-02-05T03:35,2026-02-06T13:43,2048.0
20263,V202602-L00120,TA09,21,25,2,2026-02-05T05:43,2026-02-05T16:04,621.0
20263,V202602-L00121,TA03,31,26,4,2026-02-05T06:56:30,2026-02-05T23:07,970.5
20263,V202602-L00123,TA04,51,39,4,2026-02-05T08:27,2026-02-05T18:43,616.0
20263,V202602-L00123,TA05,51,39,3,2026-02-05T08:27,2026-02-05T18:43,616.0
20263,V202602-L00124,TA07,30,2,4,2026-02-05T08:22:30,2026-02-06T18:51,2068.5
20263,V202602-L00124,TA07,30,2,1,2026-02-05T08:22:30,2026-02-06T18:51,2068.5
20263,V202602-L00122,TA08,43,14,2,2026-02-05T08:24,2026-02-06T00:18,954.0
20263,V202602-L00122,TA08,43,14,4,2026-02-05T08:24,2026-02-06T00:18,954.0
20263,V202602-L00125,TA09,34,50,3,2026-02-05T10:31,2026-02-05T20:32,601.0
20263,V202602-L00125,TA09,34,50,4,2026-02-05T10:31,2026-02-05T20:32,601.0
20263,V202602-L00126,TA10,51,13,4,2026-02-05T11:30,2026-02-05T17:57,387.0
20263,V202602-L00126,TA10,51,13,2,2026-02-05T11:30,2026-02-05T17:57,387.0
20263,V202602-L00127,TA05,50,10,1,2026-02-05T12:36,2026-02-05T18:55,379.0
20263,V202602-L00127,TA06,50,10,4,2026-02-05T12:36,2026-02-05T18:55,379.0
20263,V202602-L00128,TA02,5,11,4,2026-02-05T14:07:30,2026-02-05T20:26,378.5
20263,V202602-L00128,TA02,5,11,4,2026-02-05T14:07:30,2026-02-05T20:26,378.5
20263,V202602-L00128,TA07,5,11,1,2026-02-05T14:07:30,2026-02-05T20:26,378.5
20263,V202602-L00129,TA09,29,38,2,2026-02-05T16:25:30,2026-02-07T02:20,2034.5
20263,V202602-L00129,TA09,29,38,4,2026-02-05T16:25:30,2026-02-07T02:20,2034.5
20263,V202602-L00130,TA02,18,18,3,2026-02-05T17:09:30,2026-02-07T03:45,2075.5
20263,V202602-L00130,TA07,18,18,4,2026-02-05T17:09:30,2026-02-07T03:45,2075.5
20263,V202602-L00131,TA08,24,23,4,2026-02-05T18:18,2026-02-06T10:58,1000.0
20263,V202602-L00131,TA08,24,23,4,2026-02-05T18:18,2026-02-06T10:58,1000.0
20263,V202602-L00132,TA03,7,27,1,2026-02-05T18:59:30,2026-02-06T05:10,610.5
20263,V202602-L00133,TM01,32,21,4,2026-02-05T19:08:48,2026-02-06T01:31,382.2
20263,V202602-L00133,TM02,32,21,1,2026-02-05T19:08:48,2026-02-06T01:31,382.2
20263,V202602-L00133,TM05,32,21,4,2026-02-05T19:08:48,2026-02-06T01:31,382.2
20263,V202602-L00134,TA09,6,41,4,2026-02-05T19:04:30,2026-02-06T01:41,396.5
20263,V202602-L00134,TA09,6,41,4,2026-02-05T19:04:30,2026-02-06T01:41,396.5
20263,V202602-L00134,TA09,6,41,2,2026-02-05T19:04:30,2026-02-06T01:41,396.5
20263,V202602-L00135,TM03,24,34,2,2026-02-05T19:55:12,2026-02-07T05:59,2043.8
20263,V202602-L00136,TA02,23,1,4,2026-02-05T22:22:30,2026-02-07T08:21,2038.5
20263,V202602-L00137,TA09,32,36,4,2026-02-05T22:13,2026-02-07T08:31,2058.0
20263,V202602-L00137,TA09,32,36,4,2026-02-05T22:13,2026-02-07T08:31,2058.0
20263,V202602-L00138,TA04,52,14,1,2026-02-05T22:37,2026-02-07T09:05,2068.0
20263,V202602-L00138,TA06,52,14,4,2026-02-05T22:37,2026-02-07T09:05,2068.0
20263,V202602-L00138,TA06,52,14,4,2026-02-05T22:37,2026-02-07T09:05,2068.0
20263,V202602-L00139,TA03,7,21,3,2026-02-06T00:33,2026-02-06T15:34,901.0
20263,V202602-L00140,TA09,10,32,2,2026-02-06T00:12,2026-02-07T09:58,2026.0
20263,V202602-L00140,TA09,10,32,4,2026-02-06T00:12,2026-02-07T09:58,2026.0
20263,V202602-L00140,TA09,10,32,4,2026-02-06T00:12,2026-02-07T09:58,2026.0
20263,V202602-L00141,TA02,37,6,4,2026-02-06T03:12,2026-02-07T13:28,2056.0
20263,V202602-L00141,TA07,37,6,4,2026-02-06T03:12,2026-02-07T13:28,2056.0
20263,V202602-L00142,TA10,69,6,4,2026-02-06T04:39:30,2026-02-06T10:45,365.5
20263,V202602-L00142,TA10,69,6,2,2026-02-06T04:39:30,2026-02-06T10:45,365.5
20263,V202602-L00143,TA08,44,9,4,2026-02-06T04:49,2026-02-06T15:03,614.0
20263,V202602-L00143,TA08,44,9,4,2026-02-06T04:49,2026-02-06T15:03,614.0
20263,V202602-L00143,TA08,44,9,2,2026-02-06T04:49,2026-02-06T15:03,614.0
20263,V202602-L00144,TA05,57,33,4,2026-02-06T04:59,2026-02-06T15:49,650.0
20263,V202602-L00144,TA06,57,33,4,2026-02-06T04:59,2026-02-06T15:49,650.0
20263,V202602-L00145,TA01,69,15,4,2026-02-06T05:36,2026-02-07T15:54,2058.0
20263,V202602-L00145,TA04,69,15,4,2026-02-06T05:36,2026-02-07T15:54,2058.0
20263,V202602-L00146,TA02,6,12,2,2026-02-06T06:54:30,2026-02-06T23:14,979.5
20263,V202602-L00146,TA07,6,12,4,2026-02-06T06:54:30,2026-02-06T23:14,979.5
20263,V202602-L00147,TA08,25,30,4,2026-02-06T08:27,2026-02-07T00:45,978.0
20263,V202602-L00147,TA08,25,30,3,2026-02-06T08:27,2026-02-07T00:45,978.0
20263,V202602-L00148,TA01,53,26,3,2026-02-06T08:47:30,2026-02-06T15:31,403.5
20263,V202602-L00149,TA10,44,44,4,2026-02-06T09:35,2026-02-06T15:42,367.0
20263,V202602-L00149,TA10,44,44,4,2026-02-06T09:35,2026-02-06T15:42,367.0
20263,V202602-L00150,TA05,50,29,1,2026-02-06T09:53:30,2026-02-07T02:31,997.5
20263,V202602-L00150,TA06,50,29,4,2026-02-06T09:53:30,2026-02-07T02:31,997.5
20263,V202602-L00151,TA04,59,47,1,2026-02-06T10:43,2026-02-06T13:08,145.0
20263,V202602-L00151,TA04,59,47,4,2026-02-06T10:43,2026-02-06T13:08,145.0
20263,V202602-L00151,TA04,59,47,4,2026-02-06T10:43,2026-02-06T13:08,145.0
20263,V202602-L00152,TA02,48,5,1,2026-02-06T11:15,2026-02-06T17:28,373.0
20263,V202602-L00152,TA07,48,5,4,2026-02-06T11:15,2026-02-06T17:28,373.0
20263,V202602-L00153,TA01,55,17,2,2026-02-06T11:28,2026-02-07T04:02,994.0
20263,V202602-L00153,TA01,55,17,4,2026-02-06T11:28,2026-02-07T04:02,994.0
20263,V202602-L00154,TA01,64,21,3,2026-02-06T14:39:30,2026-02-08T01:17,2077.5
20263,V202602-L00155,TA02,29,28,1,2026-02-06T16:24,2026-02-07T07:28,904.0
20263,V202602-L00155,TA07,29,28,4,2026-02-06T16:24,2026-02-07T07:28,904.0
20263,V202602-L00156,TA09,4,27,3,2026-02-06T16:48:30,2026-02-08T03:16,2067.5
20263,V202602-L00156,TA09,4,27,4,2026-02-06T16:48:30,2026-02-08T03:16,2067.5
20263,V202602-L00157,TA04,68,43,4,2026-02-06T17:10:30,2026-02-06T19:23,132.5
20263,V202602-L00157,TA04,68,43,4,2026-02-06T17:10:30,2026-02-06T19:23,132.5
20263,V202602-L00158,TA08,35,5,1,2026-02-06T16:55:30,2026-02-08T03:30,2074.5
20263,V202602-L00159,TA10,57,42,4,2026-02-06T17:32:30,2026-02-08T04:07,2074.5
20263,V202602-L00159,TA10,57,42,1,2026-02-06T17:32:30,2026-02-08T04:07,2074.5
20263,V202602-L00160,TA01,47,27,4,2026-02-06T17:55,2026-02-07T10:38,1003.0
20263,V202602-L00160,TA01,47,27,1,2026-02-06T17:55,2026-02-07T10:38,1003.0
20263,V202602-L00160,TA05,47,27,4,2026-02-06T17:55,2026-02-07T10:38,1003.0
20263,V202602-L00161,TA06,41,34,2,2026-02-06T18:44:30,2026-02-06T21:09,144.5
20263,V202602-L00162,TA10,55,44,4,2026-02-06T20:38:30,2026-02-07T07:04,625.5
20263,V202602-L00162,TA10,55,44,3,2026-02-06T20:38:30,2026-02-07T07:04,625.5
20263,V202602-L00163,TA03,29,49,3,2026-02-06T21:02,2026-02-07T07:14,612.0
20263,V202602-L00165,TA02,10,10,1,2026-02-07T00:31:30,2026-02-07T09:53,561.5
20263,V202602-L00167,TA03,37,41,2,2026-02-07T00:42,2026-02-07T06:27,345.0
20263,V202602-L00166,TA08,21,14,4,2026-02-07T00:09,2026-02-07T06:20,371.0
20263,V202602-L00166,TA08,21,14,1,2026-02-07T00:09,2026-02-07T06:20,371.0
20263,V202602-L00167,TA09,37,41,4,2026-02-07T00:42,2026-02-07T06:27,345.0
20263,V202602-L00164,TM01,29,18,4,2026-02-07T00:14:24,2026-02-07T05:51,336.6
20263,V202602-L00164,TM12,29,18,1,2026-02-07T00:14:24,2026-02-07T05:51,336.6
20263,V202602-L00168,TM03,16,42,4,2026-02-07T00:29:12,2026-02-07T03:08,158.8
20263,V202602-L00168,TM03,16,42,3,2026-02-07T00:29:12,2026-02-07T03:08,158.8
20263,V202602-L00169,TA01,67,36,2,2026-02-07T00:48:30,2026-02-08T11:14,2065.5
20263,V202602-L00171,TA06,35,43,2,2026-02-07T02:37,2026-02-07T12:36,599.0
20263,V202602-L00171,TA06,35,43,4,2026-02-07T02:37,2026-02-07T12:36,599.0
20263,V202602-L00170,TA07,15,36,4,2026-02-07T02:34,2026-02-07T12:33,599.0
20263,V202602-L00170,TA07,15,36,4,2026-02-07T02:34,2026-02-07T12:33,599.0
20263,V202602-L00172,TA04,69,30,1,2026-02-07T03:02:30,2026-02-08T13:37,2074.5
20263,V202602-L00173,TA08,4,23,1,2026-02-07T03:41,2026-02-07T05:46,125.0
20263,V202602-L00174,TA02,11,2,4,2026-02-07T08:42,2026-02-07T13:13,271.0
20263,V202602-L00174,TA02,11,2,4,2026-02-07T08:42,2026-02-07T13:13,271.0
20263,V202602-L00175,TM01,30,5,4,2026-02-07T08:28:48,2026-02-07T10:37,128.2
20263,V202602-L00175,TM02,30,5,4,2026-02-07T08:28:48,2026-02-07T10:37,128.2
20263,V202602-L00175,TM07,30,5,1,2026-02-07T08:28:48,2026-02-07T10:37,128.2
20263,V202602-L00176,TA03,4,38,3,2026-02-07T08:42,2026-02-08T01:27,1005.0
20263,V202602-L00177,TA06,33,47,4,2026-02-07T09:25,2026-02-07T15:37,372.0
20263,V202602-L00178,TA10,53,2,4,2026-02-07T09:33:30,2026-02-08T19:48,2054.5
20263,V202602-L00178,TA10,53,2,2,2026-02-07T09:33:30,2026-02-08T19:48,2054.5
20263,V202602-L00179,TM05,17,3,3,2026-02-07T10:40:24,2026-02-07T16:41,360.6
20263,V202602-L00179,TM06,17,3,4,2026-02-07T10:40:24,2026-02-07T16:41,360.6
20263,V202602-L00180,TA01,53,10,4,2026-02-07T10:31:30,2026-02-07T12:51,139.5
20263,V202602-L00180,TA04,53,10,4,2026-02-07T10:31:30,2026-02-07T12:51,139.5
20263,V202602-L00180,TA05,53,10,1,2026-02-07T10:31:30,2026-02-07T12:51,139.5
20263,V202602-L00181,TA07,3,39,4,2026-02-07T10:45,2026-02-08T03:25,1000.0
20263,V202602-L00181,TA08,3,39,4,2026-02-07T10:45,2026-02-08T03:25,1000.0
20263,V202602-L00181,TA09,3,39,2,2026-02-07T10:45,2026-02-08T03:25,1000.0
20263,V202602-L00182,TA02,30,32,2,2026-02-07T12:11:30,2026-02-07T18:35,383.5
20263,V202602-L00183,TA01,69,47,1,2026-02-07T12:58,2026-02-08T23:10,2052.0
20263,V202602-L00184,TA04,62,7,1,2026-02-07T13:37:30,2026-02-08T23:54,2056.5
20263,V202602-L00185,TA03,19,49,2,2026-02-07T13:47,2026-02-07T16:14,147.0
20263,V202602-L00186,TA02,38,8,4,2026-02-07T14:23:30,2026-02-09T00:36,2052.5
20263,V202602-L00186,TA02,38,8,1,2026-02-07T14:23:30,2026-02-09T00:36,2052.5
20263,V202602-L00186,TA02,38,8,4,2026-02-07T14:23:30,2026-02-09T00:36,2052.5
20263,V202602-L00187,TA06,3,27,4,2026-02-07T14:40,2026-02-08T07:09,989.0
20263,V202602-L00188,TA05,62,39,2,2026-02-07T14:55:30,2026-02-09T01:22,2066.5
20263,V202602-L00189,TA07,19,41,3,2026-02-07T14:45,2026-02-09T01:27,2082.0
20263,V202602-L00188,TA10,62,39,4,2026-02-07T14:55:30,2026-02-09T01:22,2066.5
20263,V202602-L00188,TA10,62,39,4,2026-02-07T14:55:30,2026-02-09T01:22,2066.5
20263,V202602-L00190,TA02,21,4,4,2026-02-07T17:14,2026-02-07T23:46,392.0
20263,V202602-L00190,TA02,21,4,3,2026-02-07T17:14,2026-02-07T23:46,392.0
20263,V202602-L00191,TM05,34,1,2,2026-02-07T18:18,2026-02-08T00:26,368.0
20263,V202602-L00191,TM06,34,1,4,2026-02-07T18:18,2026-02-08T00:26,368.0
20263,V202602-L00192,TA01,63,2,1,2026-02-07T19:16:30,2026-02-09T05:25,2048.5
20263,V202602-L00192,TA05,63,2,4,2026-02-07T19:16:30,2026-02-09T05:25,2048.5
20263,V202602-L00193,TA04,57,1,1,2026-02-07T20:29,2026-02-08T06:41,612.0
20263,V202602-L00193,TA04,57,1,4,2026-02-07T20:29,2026-02-08T06:41,612.0
20263,V202602-L00194,TA10,46,45,4,2026-02-07T20:33:30,2026-02-08T02:48,374.5
20263,V202602-L00195,TA02,19,12,4,2026-02-07T20:45,2026-02-09T07:22,2077.0
20263,V202602-L00195,TA02,19,12,4,2026-02-07T20:45,2026-02-09T07:22,2077.0
20263,V202602-L00196,TA02,14,6,4,2026-02-07T22:41:30,2026-02-08T15:09,987.5
20263,V202602-L00196,TA02,14,6,2,2026-02-07T22:41:30,2026-02-08T15:09,987.5
20263,V202602-L00197,TA06,2,42,4,2026-02-07T22:41,2026-02-09T09:15,2074.0
20263,V202602-L00197,TA06,2,42,4,2026-02-07T22:41,2026-02-09T09:15,2074.0
20263,V202602-L00199,TA05,42,26,3,2026-02-07T22:54,2026-02-08T01:29,155.0
20263,V202602-L00198,TA03,37,42,4,2026-02-08T00:43:30,2026-02-08T01:19,35.5
20263,V202602-L00200,TA07,11,35,3,2026-02-08T00:06,2026-02-08T10:15,609.0
20263,V202602-L00198,TA08,37,42,2,2026-02-08T00:43:30,2026-02-08T01:19,35.5
20263,V202602-L00198,TA08,37,42,4,2026-02-08T00:43:30,2026-02-08T01:19,35.5
20263,V202602-L00201,TA06,3,50,4,2026-02-08T00:51:30,2026-02-08T17:14,982.5
20263,V202602-L00202,TA05,49,30,4,2026-02-08T01:26:30,2026-02-09T12:10,2083.5
20263,V202602-L00202,TA10,49,30,4,2026-02-08T01:26:30,2026-02-09T12:10,2083.5
20263,V202602-L00202,TA10,49,30,2,2026-02-08T01:26:30,2026-02-09T12:10,2083.5
20263,V202602-L00203,TA07,17,27,1,2026-02-08T03:04,2026-02-08T09:38,394.0
20263,V202602-L00204,TA08,20,46,2,2026-02-08T04:14,2026-02-09T14:43,2069.0
20263,V202602-L00204,TA09,20,46,4,2026-02-08T04:14,2026-02-09T14:43,2069.0
20263,V202602-L00205,TA03,9,46,2,2026-02-08T08:16:30,2026-02-09T18:21,2044.5
20263,V202602-L00206,TA06,33,34,3,2026-02-08T08:57:30,2026-02-09T19:17,2059.5
20263,V202602-L00207,TA02,37,3,4,2026-02-08T09:41:30,2026-02-09T20:06,2064.5
20263,V202602-L00207,TA02,37,3,1,2026-02-08T09:41:30,2026-02-09T20:06,2064.5
20263,V202602-L00208,TA08,13,31,4,2026-02-08T09:52,2026-02-09T20:35,2083.0
20263,V202602-L00208,TA09,13,31,4,2026-02-08T09:52,2026-02-09T20:35,2083.0
20263,V202602-L00209,TM06,34,7,4,2026-02-08T10:53:36,2026-02-09T03:17,983.4
20263,V202602-L00209,TM15,34,7,3,2026-02-08T10:53:36,2026-02-09T03:17,983.4
20263,V202602-L00210,TA03,11,20,2,2026-02-08T11:28:30,2026-02-09T21:53,2064.5
20263,V202602-L00210,TA07,11,20,4,2026-02-08T11:28:30,2026-02-09T21:53,2064.5
20263,V202602-L00211,TA01,46,1,1,2026-02-08T12:55:30,2026-02-09T22:58,2042.5
20263,V202602-L00211,TA05,46,1,4,2026-02-08T12:55:30,2026-02-09T22:58,2042.5
20263,V202602-L00213,TA02,33,0,4,2026-02-08T12:43,2026-02-09T23:07,2064.0
20263,V202602-L00212,TA06,17,27,3,2026-02-08T12:34,2026-02-09T05:06,992.0
20263,V202602-L00214,TA04,48,3,2,2026-02-08T14:09:30,2026-02-08T16:20,130.5
20263,V202602-L00214,TA04,48,3,4,2026-02-08T14:09:30,2026-02-08T16:20,130.5
20263,V202602-L00214,TA04,48,3,4,2026-02-08T14:09:30,2026-02-08T16:20,130.5
20263,V202602-L00217,TA03,24,48,4,2026-02-08T16:33,2026-02-09T08:18,945.0
20263,V202602-L00217,TA03,24,48,1,2026-02-08T16:33,2026-02-09T08:18,945.0
20263,V202602-L00215,TA06,27,50,4,2026-02-08T16:40:30,2026-02-10T01:22,1961.5
20263,V202602-L00217,TA07,24,48,4,2026-02-08T16:33,2026-02-09T08:18,945.0
20263,V202602-L00215,TA09,27,50,4,2026-02-08T16:40:30,2026-02-10T01:22,1961.5
20263,V202602-L00216,TA10,59,29,3,2026-02-08T16:06,2026-02-10T02:16,2050.0
20263,V202602-L00218,TA01,57,21,1,2026-02-08T17:55:30,2026-02-09T03:58,602.5
20263,V202602-L00218,TA01,57,21,4,2026-02-08T17:55:30,2026-02-09T03:58,602.5
20263,V202602-L00218,TA01,57,21,4,2026-02-08T17:55:30,2026-02-09T03:58,602.5
20263,V202602-L00219,TA10,40,29,4,2026-02-08T19:08:30,2026-02-09T05:33,624.5
20263,V202602-L00219,TA10,40,29,2,2026-02-08T19:08:30,2026-02-09T05:33,624.5
20263,V202602-L00220,TA02,13,15,2,2026-02-08T19:22:30,2026-02-08T21:54,151.5
20263,V202602-L00221,TA10,67,29,4,2026-02-08T20:58,2026-02-10T07:36,2078.0
20263,V202602-L00221,TA10,67,29,1,2026-02-08T20:58,2026-02-10T07:36,2078.0
20263,V202602-L00223,TA01,41,36,4,2026-02-08T22:27:30,2026-02-09T08:47,619.5
20263,V202602-L00223,TA01,41,36,4,2026-02-08T22:27:30,2026-02-09T08:47,619.5
20263,V202602-L00222,TA03,2,33,4,2026-02-08T22:12:30,2026-02-09T04:46,393.5
20263,V202602-L00222,TA03,2,33,4,2026-02-08T22:12:30,2026-02-09T04:46,393.5
20263,V202602-L00228,TA01,57,8,2,2026-02-09T00:33:30,2026-02-09T06:44,370.5
20263,V202602-L00228,TA01,57,8,4,2026-02-09T00:33:30,2026-02-09T06:44,370.5
20263,V202602-L00226,TA04,53,9,4,2026-02-09T00:46:30,2026-02-10T10:31,2024.5
20263,V202602-L00226,TA05,53,9,4,2026-02-09T00:46:30,2026-02-10T10:31,2024.5
20263,V202602-L00226,TA05,53,9,1,2026-02-09T00:46:30,2026-02-10T10:31,2024.5
20263,V202602-L00225,TA06,3,24,4,2026-02-09T00:34:30,2026-02-10T10:22,2027.5
20263,V202602-L00225,TA06,3,24,4,2026-02-09T00:34:30,2026-02-10T10:22,2027.5
20263,V202602-L00225,TA06,3,24,2,2026-02-09T00:34:30,2026-02-10T10:22,2027.5
20263,V202602-L00227,TA07,11,43,3,2026-02-09T00:09,2026-02-09T16:41,992.0
20263,V202602-L00227,TA08,11,43,4,2026-02-09T00:09,2026-02-09T16:41,992.0
20263,V202602-L00224,TA10,65,25,4,2026-02-09T00:15,2026-02-09T15:59,944.0
20263,V202602-L00229,TA10,55,18,4,2026-02-09T03:19:30,2026-02-10T12:51,2011.5
20263,V202602-L00229,TA10,55,18,4,2026-02-09T03:19:30,2026-02-10T12:51,2011.5
20263,V202602-L00230,TA03,0,42,1,2026-02-09T03:24,2026-02-09T13:54,630.0
20263,V202602-L00231,TA04,49,11,4,2026-02-09T03:56,2026-02-09T06:19,143.0
20263,V202602-L00231,TA05,49,11,2,2026-02-09T03:56,2026-02-09T06:19,143.0
20263,V202602-L00231,TA05,49,11,4,2026-02-09T03:56,2026-02-09T06:19,143.0
20263,V202602-L00232,TA01,64,14,2,2026-02-09T05:00,2026-02-10T15:30,2070.0
20263,V202602-L00233,TA03,6,32,2,2026-02-09T05:48,2026-02-10T16:24,2076.0
20263,V202602-L00234,TA02,34,23,4,2026-02-09T06:14,2026-02-09T12:44,390.0
20263,V202602-L00234,TA02,34,23,2,2026-02-09T06:14,2026-02-09T12:44,390.0
20263,V202602-L00234,TA02,34,23,4,2026-02-09T06:14,2026-02-09T12:44,390.0
20263,V202602-L00235,TA10,62,6,4,2026-02-09T06:49,2026-02-09T23:03,974.0
20263,V202602-L00235,TA10,62,6,4,2026-02-09T06:49,2026-02-09T23:03,974.0
20263,V202602-L00236,TA01,70,49,4,2026-02-09T08:52:30,2026-02-09T13:28,275.5
20263,V202602-L00237,TA02,42,18,1,2026-02-09T08:31:30,2026-02-10T18:26,2034.5
20263,V202602-L00238,TA04,70,7,4,2026-02-09T08:49:30,2026-02-10T00:48,958.5
20263,V202602-L00239,TA03,13,42,4,2026-02-09T10:07:30,2026-02-09T20:53,645.5
20263,V202602-L00240,TA05,58,22,4,2026-02-09T10:49,2026-02-09T13:34,165.0
20263,V202602-L00240,TA10,58,22,1,2026-02-09T10:49,2026-02-09T13:34,165.0
20263,V202602-L00241,TA02,1,18,4,2026-02-09T12:55,2026-02-09T23:01,606.0
20263,V202602-L00242,TA03,10,10,4,2026-02-09T13:15,2026-02-10T23:25,2050.0
20263,V202602-L00242,TA06,10,10,4,2026-02-09T13:15,2026-02-10T23:25,2050.0
20263,V202602-L00242,TA07,10,10,1,2026-02-09T13:15,2026-02-10T23:25,2050.0
20263,V202602-L00243,TA01,59,23,1,2026-02-09T13:29,2026-02-11T00:18,2089.0
20263,V202602-L00244,TA04,52,45,2,2026-02-09T14:04:30,2026-02-09T16:21,136.5
20263,V202602-L00244,TA04,52,45,4,2026-02-09T14:04:30,2026-02-09T16:21,136.5
20263,V202602-L00245,TM01,38,11,4,2026-02-09T14:13:36,2026-02-10T06:35,981.4
20263,V202602-L00246,TM02,14,16,2,2026-02-09T14:36,2026-02-10T06:55,979.0
20263,V202602-L00246,TM05,14,16,4,2026-02-09T14:36,2026-02-10T06:55,979.0
20263,V202602-L00246,TM15,14,16,4,2026-02-09T14:36,2026-02-10T06:55,979.0
20263,V202602-L00247,TA01,68,28,4,2026-02-09T16:18,2026-02-10T02:04,586.0
20263,V202602-L00248,TA02,45,13,3,2026-02-09T16:28:30,2026-02-10T08:24,955.5
20263,V202602-L00249,TA08,18,45,1,2026-02-09T16:19:30,2026-02-11T02:43,2063.5
20263,V202602-L00250,TA09,11,30,2,2026-02-09T16:23:30,2026-02-10T09:04,1000.5
20263,V202602-L00251,TA03,22,9,4,2026-02-09T17:35,2026-02-09T20:15,160.0
20263,V202602-L00251,TA03,22,9,2,2026-02-09T17:35,2026-02-09T20:15,160.0
20263,V202602-L00251,TA07,22,9,4,2026-02-09T17:35,2026-02-09T20:15,160.0
20263,V202602-L00252,TA06,34,16,4,2026-02-09T18:13:30,2026-02-10T10:57,1003.5
20263,V202602-L00253,TA10,69,18,4,2026-02-09T18:41:30,2026-02-10T01:03,381.5
20263,V202602-L00253,TA10,69,18,2,2026-02-09T18:41:30,2026-02-10T01:03,381.5
20263,V202602-L00254,TA08,12,50,2,2026-02-09T19:48,2026-02-11T06:25,2077.0
20263,V202602-L00254,TA08,12,50,4,2026-02-09T19:48,2026-02-11T06:25,2077.0
20263,V202602-L00254,TA09,12,50,4,2026-02-09T19:48,2026-02-11T06:25,2077.0
20263,V202602-L00255,TA02,43,6,3,2026-02-09T21:16,2026-02-09T23:32,136.0
20263,V202602-L00255,TA07,43,6,4,2026-02-09T21:16,2026-02-09T23:32,136.0
20263,V202602-L00257,TM03,0,43,3,2026-02-09T21:30:48,2026-02-11T07:49,2058.2
20263,V202602-L00256,TA08,0,26,4,2026-02-09T21:42,2026-02-10T03:41,359.0
20263,V202602-L00256,TA09,0,26,4,2026-02-09T21:42,2026-02-10T03:41,359.0
20263,V202602-L00258,TA01,38,30,2,2026-02-10T00:33,2026-02-11T09:40,1987.0
20263,V202602-L00258,TA01,38,30,4,2026-02-10T00:33,2026-02-11T09:40,1987.0
20263,V202602-L00260,TA02,39,15,2,2026-02-10T00:19:30,2026-02-10T16:29,969.5
20263,V202602-L00260,TA03,39,15,4,2026-02-10T00:19:30,2026-02-10T16:29,969.5
20263,V202602-L00260,TA03,39,15,4,2026-02-10T00:19:30,2026-02-10T16:29,969.5
20263,V202602-L00259,TA04,52,26,2,2026-02-10T00:09,2026-02-10T16:02,953.0
20263,V202602-L00262,TA05,61,10,4,2026-02-10T00:41:30,2026-02-10T17:08,986.5
20263,V202602-L00261,TA08,13,24,4,2026-02-10T00:32:30,2026-02-10T03:08,155.5
20263,V202602-L00263,TA06,22,0,1,2026-02-10T02:12:30,2026-02-11T12:18,2045.5
20263,V202602-L00263,TA07,22,0,4,2026-02-10T02:12:30,2026-02-11T12:18,2045.5
20263,V202602-L00264,TA10,61,13,1,2026-02-10T02:07,2026-02-11T12:34,2067.0
20263,V202602-L00264,TA10,61,13,4,2026-02-10T02:07,2026-02-11T12:34,2067.0
20263,V202602-L00264,TA10,61,13,4,2026-02-10T02:07,2026-02-11T12:34,2067.0
20263,V202602-L00265,TA05,59,31,4,2026-02-10T03:29,2026-02-11T14:17,2088.0
20263,V202602-L00265,TA05,59,31,1,2026-02-10T03:29,2026-02-11T14:17,2088.0
20263,V202602-L00265,TA05,59,31,4,2026-02-10T03:29,2026-02-11T14:17,2088.0
20263,V202602-L00266,TA08,35,41,4,2026-02-10T04:49,2026-02-10T11:01,372.0
20263,V202602-L00266,TA09,35,41,4,2026-02-10T04:49,2026-02-10T11:01,372.0
20263,V202602-L00267,TA02,27,15,2,2026-02-10T04:51:30,2026-02-11T15:43,2091.5
20263,V202602-L00267,TA07,27,15,4,2026-02-10T04:51:30,2026-02-11T15:43,2091.5
20263,V202602-L00268,TM03,13,40,1,2026-02-10T05:17:12,2026-02-10T08:10,172.8
20263,V202602-L00268,TM03,13,40,4,2026-02-10T05:17:12,2026-02-10T08:10,172.8
20263,V202602-L00269,TA03,23,41,2,2026-02-10T06:36:30,2026-02-10T22:49,972.5
20263,V202602-L00270,TA08,28,37,4,2026-02-10T06:53:30,2026-02-10T23:12,978.5
20263,V202602-L00272,TA06,17,1,4,2026-02-10T08:34:30,2026-02-10T13:41,306.5
20263,V202602-L00272,TA07,17,1,4,2026-02-10T08:34:30,2026-02-10T13:41,306.5
20263,V202602-L00272,TA07,17,1,2,2026-02-10T08:34:30,2026-02-10T13:41,306.5
20263,V202602-L00273,TA09,4,29,2,2026-02-10T08:25:30,2026-02-11T17:58,2012.5
20263,V202602-L00271,TM01,39,6,4,2026-02-10T08:48,2026-02-10T13:37,289.0
20263,V202602-L00271,TM04,39,6,2,2026-02-10T08:48,2026-02-10T13:37,289.0
20263,V202602-L00271,TM12,39,6,4,2026-02-10T08:48,2026-02-10T13:37,289.0
20263,V202602-L00274,TA04,67,41,4,2026-02-10T08:46,2026-02-10T11:10,144.0
20263,V202602-L00274,TA10,67,41,2,2026-02-10T08:46,2026-02-10T11:10,144.0
20263,V202602-L00274,TA10,67,41,4,2026-02-10T08:46,2026-02-10T11:10,144.0
20263,V202602-L00275,TA03,0,43,4,2026-02-10T08:45:30,2026-02-10T15:19,393.5
20263,V202602-L00275,TA08,0,43,4,2026-02-10T08:45:30,2026-02-10T15:19,393.5
20263,V202602-L00275,TA08,0,43,2,2026-02-10T08:45:30,2026-02-10T15:19,393.5
20263,V202602-L00276,TA01,53,21,2,2026-02-10T09:45,2026-02-11T02:25,1000.0
20263,V202602-L00277,TA05,52,22,3,2026-02-10T09:55,2026-02-11T02:39,1004.0
20263,V202602-L00278,TA08,23,38,4,2026-02-10T13:46:30,2026-02-11T06:29,1002.5
20263,V202602-L00278,TA09,23,38,1,2026-02-10T13:46:30,2026-02-11T06:29,1002.5
20263,V202602-L00278,TA09,23,38,4,2026-02-10T13:46:30,2026-02-11T06:29,1002.5
20263,V202602-L00279,TA03,17,42,1,2026-02-10T13:53:30,2026-02-10T20:38,404.5
20263,V202602-L00280,TA05,52,6,2,2026-02-10T16:39,2026-02-12T01:30,1971.0
20263,V202602-L00281,TA06,25,19,4,2026-02-10T16:10:30,2026-02-10T22:46,395.5
20263,V202602-L00281,TA07,25,19,4,2026-02-10T16:10:30,2026-02-10T22:46,395.5
20263,V202602-L00282,TA08,30,37,4,2026-02-10T16:28:30,2026-02-11T02:52,623.5
20263,V202602-L00280,TA10,52,6,4,2026-02-10T16:39,2026-02-12T01:30,1971.0
20263,V202602-L00283,TA03,27,44,3,2026-02-10T17:21:30,2026-02-10T19:47,145.5
20263,V202602-L00283,TA09,27,44,4,2026-02-10T17:21:30,2026-02-10T19:47,145.5
20263,V202602-L00284,TA01,69,46,3,2026-02-10T17:56:30,2026-02-12T04:04,2047.5
20263,V202602-L00285,TA04,70,20,4,2026-02-10T18:50,2026-02-12T05:12,2062.0
20263,V202602-L00285,TA04,70,20,4,2026-02-10T18:50,2026-02-12T05:12,2062.0
20263,V202602-L00286,TA02,50,48,4,2026-02-10T19:55:30,2026-02-12T05:21,2005.5
20263,V202602-L00287,TA06,47,28,4,2026-02-10T19:21,2026-02-12T05:24,2043.0
20263,V202602-L00288,TA05,42,26,2,2026-02-10T19:42,2026-02-12T06:10,2068.0
20263,V202602-L00289,TA07,10,1,1,2026-02-11T00:45,2026-02-11T06:36,351.0
20263,V202602-L00289,TA07,10,1,4,2026-02-11T00:45,2026-02-11T06:36,351.0
20263,V202602-L00290,TM01,43,13,4,2026-02-11T00:50:48,2026-02-11T03:09,138.2
20263,V202602-L00291,TM06,24,18,4,2026-02-11T00:56:48,2026-02-12T11:33,2076.2
20263,V202602-L00291,TM15,24,18,4,2026-02-11T00:56:48,2026-02-12T11:33,2076.2
20263,V202602-L00292,TA01,43,32,3,2026-02-11T01:38:30,2026-02-11T12:03,624.5
20263,V202602-L00293,TA02,61,20,1,2026-02-11T01:46:30,2026-02-12T12:25,2078.5
20263,V202602-L00293,TA02,61,20,4,2026-02-11T01:46:30,2026-02-12T12:25,2078.5
20263,V202602-L00293,TA05,61,20,4,2026-02-11T01:46:30,2026-02-12T12:25,2078.5
20263,V202602-L00294,TA04,46,50,4,2026-02-11T02:51,2026-02-12T12:58,2047.0
20263,V202602-L00294,TA06,46,50,1,2026-02-11T02:51,2026-02-12T12:58,2047.0
20263,V202602-L00294,TA06,46,50,4,2026-02-11T02:51,2026-02-12T12:58,2047.0
20263,V202602-L00295,TA10,40,27,1,2026-02-11T03:15:30,2026-02-11T05:42,146.5
20263,V202602-L00296,TA03,0,39,1,2026-02-11T03:19:30,2026-02-12T13:56,2076.5
20263,V202602-L00297,TA08,14,23,2,2026-02-11T03:35:30,2026-02-12T14:09,2073.5
20263,V202602-L00298,TA10,43,49,4,2026-02-11T05:44,2026-02-11T11:47,363.0
20263,V202602-L00298,TA10,43,49,2,2026-02-11T05:44,2026-02-11T11:47,363.0
20263,V202602-L00299,TA01,66,30,2,2026-02-11T06:08,2026-02-12T16:49,2081.0
20263,V202602-L00301,TA01,61,7,1,2026-02-11T08:36,2026-02-11T14:42,366.0
20263,V202602-L00301,TA01,61,7,4,2026-02-11T08:36,2026-02-11T14:42,366.0
20263,V202602-L00301,TA01,61,7,4,2026-02-11T08:36,2026-02-11T14:42,366.0
20263,V202602-L00300,TA06,56,47,3,2026-02-11T08:31:30,2026-02-11T09:57,85.5
20263,V202602-L00302,TA02,62,37,3,2026-02-11T09:42:30,2026-02-12T02:17,994.5
20263,V202602-L00303,TA08,33,34,1,2026-02-11T09:57:30,2026-02-12T20:18,2060.5
20263,V202602-L00303,TA09,33,34,4,2026-02-11T09:57:30,2026-02-12T20:18,2060.5
20263,V202602-L00304,TA05,47,43,4,2026-02-11T11:49,2026-02-11T22:07,618.0
20263,V202602-L00304,TA05,47,43,2,2026-02-11T11:49,2026-02-11T22:07,618.0
20263,V202602-L00304,TA10,47,43,4,2026-02-11T11:49,2026-02-11T22:07,618.0
20263,V202602-L00305,TA07,34,36,4,2026-02-11T12:03:30,2026-02-11T22:12,608.5
20263,V202602-L00305,TA07,34,36,4,2026-02-11T12:03:30,2026-02-11T22:12,608.5
20263,V202602-L00305,TA07,34,36,1,2026-02-11T12:03:30,2026-02-11T22:12,608.5
20263,V202602-L00306,TM05,31,9,2,2026-02-11T12:15:36,2026-02-11T14:21,125.4
20263,V202602-L00306,TM06,31,9,4,2026-02-11T12:15:36,2026-02-11T14:21,125.4
20263,V202602-L00307,TA03,37,43,2,2026-02-11T14:45,2026-02-13T00:59,2054.0
20263,V202602-L00308,TA07,20,39,1,2026-02-11T14:23:30,2026-02-13T01:09,2085.5
20263,V202602-L00309,TA01,37,26,2,2026-02-11T14:51:30,2026-02-13T01:12,2060.5
20263,V202602-L00312,TA02,43,23,4,2026-02-11T16:27,2026-02-12T08:10,943.0
20263,V202602-L00310,TA04,62,13,4,2026-02-11T16:28:30,2026-02-13T01:31,1982.5
20263,V202602-L00312,TA05,43,23,3,2026-02-11T16:27,2026-02-12T08:10,943.0
20263,V202602-L00310,TA06,62,13,4,2026-02-11T16:28:30,2026-02-13T01:31,1982.5
20263,V202602-L00310,TA06,62,13,2,2026-02-11T16:28:30,2026-02-13T01:31,1982.5
20263,V202602-L00311,TA10,44,0,4,2026-02-11T17:00,2026-02-12T07:38,878.0
20263,V202602-L00311,TA10,44,0,4,2026-02-11T17:00,2026-02-12T07:38,878.0
20263,V202602-L00313,TA01,65,36,4,2026-02-11T18:15:30,2026-02-12T10:45,989.5
20263,V202602-L00313,TA01,65,36,2,2026-02-11T18:15:30,2026-02-12T10:45,989.5
20263,V202602-L00314,TA03,2,20,1,2026-02-11T19:02,2026-02-13T05:16,2054.0
20263,V202602-L00314,TA07,2,20,4,2026-02-11T19:02,2026-02-13T05:16,2054.0
20263,V202602-L00314,TA07,2,20,4,2026-02-11T19:02,2026-02-13T05:16,2054.0
20263,V202602-L00315,TA02,67,10,4,2026-02-11T19:50:30,2026-02-12T12:08,977.5
20263,V202602-L00315,TA05,67,10,2,2026-02-11T19:50:30,2026-02-12T12:08,977.5
20263,V202602-L00315,TA06,67,10,4,2026-02-11T19:50:30,2026-02-12T12:08,977.5
20263,V202602-L00317,TA09,32,33,2,2026-02-11T19:56,2026-02-13T06:15,2059.0
20263,V202602-L00317,TA09,32,33,4,2026-02-11T19:56,2026-02-13T06:15,2059.0
20263,V202602-L00316,TM03,13,49,3,2026-02-11T19:48:48,2026-02-12T12:11,982.2
20263,V202602-L00318,TA08,0,27,2,2026-02-11T20:50,2026-02-12T06:42,592.0
20263,V202602-L00319,TA10,42,5,4,2026-02-11T21:36,2026-02-13T07:59,2063.0
20263,V202602-L00320,TA09,33,15,4,2026-02-11T22:10:30,2026-02-12T00:57,166.5
20263,V202602-L00321,TA01,62,32,3,2026-02-11T22:35,2026-02-12T15:20,1005.0
20263,V202602-L00323,TA01,68,5,3,2026-02-12T00:49:30,2026-02-12T16:02,912.5
20263,V202602-L00323,TA01,68,5,4,2026-02-12T00:49:30,2026-02-12T16:02,912.5
20263,V202602-L00322,TA03,17,34,3,2026-02-12T00:13:30,2026-02-13T10:02,2028.5
20263,V202602-L00324,TA06,56,33,3,2026-02-12T00:10:30,2026-02-12T02:15,124.5
20263,V202602-L00325,TA07,37,47,4,2026-02-12T02:21,2026-02-12T08:24,363.0
20263,V202602-L00325,TA07,37,47,4,2026-02-12T02:21,2026-02-12T08:24,363.0
20263,V202602-L00325,TA07,37,47,1,2026-02-12T02:21,2026-02-12T08:24,363.0
20263,V202602-L00326,TA03,17,45,1,2026-02-12T02:58,2026-02-12T13:38,640.0
20263,V202602-L00327,TA09,35,24,4,2026-02-12T03:17,2026-02-13T13:49,2072.0
20263,V202602-L00328,TA08,12,45,4,2026-02-12T04:30:30,2026-02-13T15:17,2086.5
20263,V202602-L00328,TA08,12,45,1,2026-02-12T04:30:30,2026-02-13T15:17,2086.5
20263,V202602-L00329,TA09,27,25,4,2026-02-12T05:26:30,2026-02-12T12:05,398.5
20263,V202602-L00329,TA09,27,25,2,2026-02-12T05:26:30,2026-02-12T12:05,398.5
20263,V202602-L00329,TA10,27,25,4,2026-02-12T05:26:30,2026-02-12T12:05,398.5
20263,V202602-L00330,TA03,26,45,3,2026-02-12T05:51:30,2026-02-12T08:19,147.5
20263,V202602-L00331,TA02,50,21,1,2026-02-12T05:49:30,2026-02-13T16:21,2071.5
20263,V202602-L00331,TA05,50,21,4,2026-02-12T05:49:30,2026-02-13T16:21,2071.5
20263,V202602-L00332,TA07,19,24,4,2026-02-12T06:11:30,2026-02-12T08:39,147.5
20263,V202602-L00333,TA01,43,39,2,2026-02-12T06:29,2026-02-12T08:43,134.0
20263,V202602-L00333,TA01,43,39,4,2026-02-12T06:29,2026-02-12T08:43,134.0
20263,V202602-L00333,TA01,43,39,4,2026-02-12T06:29,2026-02-12T08:43,134.0
20263,V202602-L00334,TA04,46,33,4,2026-02-12T06:35:30,2026-02-13T17:05,2069.5
20263,V202602-L00334,TA06,46,33,3,2026-02-12T06:35:30,2026-02-13T17:05,2069.5
20263,V202602-L00335,TA05,45,44,4,2026-02-12T08:43:30,2026-02-12T10:12,88.5
20263,V202602-L00335,TA05,45,44,4,2026-02-12T08:43:30,2026-02-12T10:12,88.5
20263,V202602-L00336,TA03,25,33,3,2026-02-12T08:57,2026-02-12T15:23,386.0
20263,V202602-L00337,TA09,20,5,4,2026-02-12T08:54,2026-02-12T19:24,630.0
20263,V202602-L00337,TA10,20,5,4,2026-02-12T08:54,2026-02-12T19:24,630.0
20263,V202602-L00337,TA10,20,5,2,2026-02-12T08:54,2026-02-12T19:24,630.0
20263,V202602-L00338,TA08,26,48,4,2026-02-12T09:26,2026-02-13T19:49,2063.0
20263,V202602-L00338,TA08,26,48,4,2026-02-12T09:26,2026-02-13T19:49,2063.0
20263,V202602-L00339,TM03,27,32,3,2026-02-12T10:30:24,2026-02-13T02:32,961.6
20263,V202602-L00340,TA07,45,5,4,2026-02-12T10:40:30,2026-02-12T13:00,139.5
20263,V202602-L00341,TA02,25,48,2,2026-02-12T11:39:30,2026-02-12T17:14,334.5
20263,V202602-L00341,TA02,25,48,4,2026-02-12T11:39:30,2026-02-12T17:14,334.5
20263,V202602-L00342,TA04,55,32,3,2026-02-12T10:40:30,2026-02-12T13:30,169.5
20263,V202602-L00342,TA06,55,32,4,2026-02-12T10:40:30,2026-02-12T13:30,169.5
20263,V202602-L00343,TA01,52,9,1,2026-02-12T12:14:30,2026-02-13T22:31,2056.5
20263,V202602-L00343,TA05,52,9,4,2026-02-12T12:14:30,2026-02-13T22:31,2056.5
20263,V202602-L00343,TA05,52,9,4,2026-02-12T12:14:30,2026-02-13T22:31,2056.5
20263,V202602-L00344,TA06,69,17,4,2026-02-12T12:24,2026-02-12T18:50,386.0
20263,V202602-L00344,TA06,69,17,2,2026-02-12T12:24,2026-02-12T18:50,386.0
20263,V202602-L00345,TA04,53,32,4,2026-02-12T13:23:30,2026-02-12T16:08,164.5
20263,V202602-L00345,TA04,53,32,3,2026-02-12T13:23:30,2026-02-12T16:08,164.5
20263,V202602-L00346,TA01,56,20,1,2026-02-12T14:12,2026-02-13T00:52,640.0
20263,V202602-L00348,TA01,70,38,4,2026-02-12T16:36,2026-02-14T02:12,2016.0
20263,V202602-L00348,TA01,70,38,1,2026-02-12T16:36,2026-02-14T02:12,2016.0
20263,V202602-L00348,TA05,70,38,4,2026-02-12T16:36,2026-02-14T02:12,2016.0
20263,V202602-L00347,TA09,39,18,4,2026-02-12T16:24,2026-02-14T02:09,2025.0
20263,V202602-L00349,TA01,61,5,3,2026-02-12T20:09,2026-02-12T22:30,141.0
20263,V202602-L00350,TA05,68,31,2,2026-02-12T20:22:30,2026-02-14T06:51,2068.5
20263,V202602-L00350,TA05,68,31,4,2026-02-12T20:22:30,2026-02-14T06:51,2068.5
20263,V202602-L00351,TA07,1,8,2,2026-02-12T21:08,2026-02-12T23:11,123.0
20263,V202602-L00352,TA04,69,0,2,2026-02-12T21:58:30,2026-02-13T03:55,356.5
20263,V202602-L00353,TA06,60,24,2,2026-02-12T21:09,2026-02-13T07:58,649.0
20263,V202602-L00354,TA09,21,7,3,2026-02-12T21:29:30,2026-02-13T08:04,634.5
20263,V202602-L00355,TA10,3,9,4,2026-02-12T21:53:30,2026-02-14T08:05,2051.5
20263,V202602-L00355,TA10,3,9,4,2026-02-12T21:53:30,2026-02-14T08:05,2051.5
20263,V202602-L00355,TA10,3,9,2,2026-02-12T21:53:30,2026-02-14T08:05,2051.5
20263,V202602-L00356,TA02,9,28,1,2026-02-13T00:49:30,2026-02-13T11:23,633.5
20263,V202602-L00357,TA07,30,23,2,2026-02-13T01:58,2026-02-14T12:36,2078.0
20263,V202602-L00358,TA09,24,28,2,2026-02-13T02:15:30,2026-02-13T18:49,993.5
20263,V202602-L00359,TA01,46,50,4,2026-02-13T03:31,2026-02-13T13:37,606.0
20263,V202602-L00360,TA02,36,46,1,2026-02-13T06:48,2026-02-13T23:00,972.0
20263,V202602-L00360,TA02,36,46,4,2026-02-13T06:48,2026-02-13T23:00,972.0
20263,V202602-L00362,TA03,13,24,3,2026-02-13T08:22:30,2026-02-13T14:50,387.5
20263,V202602-L00361,TA08,2,25,4,2026-02-13T08:34:30,2026-02-13T13:31,296.5
20263,V202602-L00361,TA08,2,25,4,2026-02-13T08:34:30,2026-02-13T13:31,296.5
20263,V202602-L00363,TA07,28,5,4,2026-02-13T08:59,2026-02-14T19:12,2053.0
20263,V202602-L00364,TA09,21,2,4,2026-02-13T10:08,2026-02-14T02:12,964.0
20263,V202602-L00364,TA10,21,2,2,2026-02-13T10:08,2026-02-14T02:12,964.0
20263,V202602-L00364,TA10,21,2,4,2026-02-13T10:08,2026-02-14T02:12,964.0
20263,V202602-L00365,TA05,50,23,4,2026-02-13T10:06:30,2026-02-13T16:44,397.5
20263,V202602-L00365,TA06,50,23,4,2026-02-13T10:06:30,2026-02-13T16:44,397.5
20263,V202602-L00365,TA06,50,23,1,2026-02-13T10:06:30,2026-02-13T16:44,397.5
20263,V202602-L00366,TA01,45,2,2,2026-02-13T10:55:30,2026-02-14T02:56,960.5
20263,V202602-L00367,TA04,63,12,2,2026-02-13T10:31:30,2026-02-14T20:56,2064.5
20263,V202602-L00369,TA02,15,49,4,2026-02-13T10:31,2026-02-14T21:08,2077.0
20263,V202602-L00369,TA02,15,49,3,2026-02-13T10:31,2026-02-14T21:08,2077.0
20263,V202602-L00368,TM04,6,2,4,2026-02-13T11:29:12,2026-02-13T21:05,575.8
20263,V202602-L00368,TM04,6,2,4,2026-02-13T11:29:12,2026-02-13T21:05,575.8
20263,V202602-L00370,TA07,34,21,4,2026-02-13T12:01,2026-02-14T22:39,2078.0
20263,V202602-L00371,TA04,46,25,2,2026-02-13T12:22:30,2026-02-14T22:50,2067.5
20263,V202602-L00373,TM08,13,15,1,2026-02-13T12:46,2026-02-13T19:08,382.0
20263,V202602-L00373,TM09,13,15,4,2026-02-13T12:46,2026-02-13T19:08,382.0
20263,V202602-L00372,TA05,52,4,3,2026-02-13T13:05,2026-02-14T22:51,2026.0
20263,V202602-L00374,TA01,23,9,3,2026-02-13T13:53:30,2026-02-15T00:39,2085.5
20263,V202602-L00375,TA02,28,44,1,2026-02-13T14:23,2026-02-15T00:48,2065.0
20263,V202602-L00376,TA04,53,13,4,2026-02-13T14:47,2026-02-14T07:19,992.0
20263,V202602-L00377,TA01,33,36,1,2026-02-13T16:42,2026-02-14T01:28,526.0
20263,V202602-L00377,TA01,33,36,4,2026-02-13T16:42,2026-02-14T01:28,526.0
20263,V202602-L00377,TA01,33,36,4,2026-02-13T16:42,2026-02-14T01:28,526.0
20263,V202602-L00378,TA02,40,46,1,2026-02-13T16:54,2026-02-15T02:38,2024.0
20263,V202602-L00379,TA09,21,12,4,2026-02-13T16:52,2026-02-13T23:33,401.0
20263,V202602-L00379,TA10,21,12,3,2026-02-13T16:52,2026-02-13T23:33,401.0
20263,V202602-L00380,TA07,3,7,4,2026-02-13T18:36:30,2026-02-14T10:41,964.5
20263,V202602-L00380,TA07,3,7,4,2026-02-13T18:36:30,2026-02-14T10:41,964.5
20263,V202602-L00380,TA07,3,7,2,2026-02-13T18:36:30,2026-02-14T10:41,964.5
20263,V202602-L00381,TA04,61,47,3,2026-02-13T18:46,2026-02-15T05:10,2064.0
20263,V202602-L00382,TA05,48,16,4,2026-02-13T20:00,2026-02-14T02:30,390.0
20263,V202602-L00382,TA05,48,16,4,2026-02-13T20:00,2026-02-14T02:30,390.0
20263,V202602-L00383,TA09,33,21,4,2026-02-13T20:19:30,2026-02-14T07:00,640.5
20263,V202602-L00383,TA10,33,21,3,2026-02-13T20:19:30,2026-02-14T07:00,640.5
20263,V202602-L00384,TA01,3,46,2,2026-02-13T21:25:30,2026-02-15T07:54,2068.5
20263,V202602-L00385,TA07,42,5,4,2026-02-13T21:59,2026-02-14T00:05,126.0
20263,V202602-L00385,TA07,42,5,3,2026-02-13T21:59,2026-02-14T00:05,126.0
20263,V202602-L00386,TA02,18,26,2,2026-02-13T22:07,2026-02-15T08:37,2070.0
20263,V202602-L00387,TA03,17,34,1,2026-02-13T22:03:30,2026-02-14T00:41,157.5
20263,V202602-L00387,TA08,17,34,4,2026-02-13T22:03:30,2026-02-14T00:41,157.5
20263,V202602-L00387,TA08,17,34,4,2026-02-13T22:03:30,2026-02-14T00:41,157.5
20263,V202602-L00388,TA04,70,44,4,2026-02-13T22:45,2026-02-14T08:53,608.0
20263,V202602-L00390,TA01,2,34,4,2026-02-14T00:21,2026-02-14T09:32,551.0
20263,V202602-L00390,TA02,2,34,4,2026-02-14T00:21,2026-02-14T09:32,551.0
20263,V202602-L00392,TA03,25,43,4,2026-02-14T00:27,2026-02-15T10:27,2040.0
20263,V202602-L00389,TA06,49,10,2,2026-02-14T00:37:30,2026-02-15T09:25,1967.5
20263,V202602-L00391,TA07,20,12,4,2026-02-14T00:13:30,2026-02-14T02:04,110.5
20263,V202602-L00392,TA08,25,43,2,2026-02-14T00:27,2026-02-15T10:27,2040.0
20263,V202602-L00391,TA09,20,12,4,2026-02-14T00:13:30,2026-02-14T02:04,110.5
20263,V202602-L00391,TA10,20,12,1,2026-02-14T00:13:30,2026-02-14T02:04,110.5
20263,V202602-L00393,TM06,18,3,4,2026-02-14T01:58,2026-02-14T12:01,603.0
20263,V202602-L00393,TM15,18,3,3,2026-02-14T01:58,2026-02-14T12:01,603.0
20263,V202602-L00394,TA04,57,9,4,2026-02-14T02:17,2026-02-15T12:41,2064.0
20263,V202602-L00395,TA05,67,27,1,2026-02-14T02:15,2026-02-14T04:51,156.0
20263,V202602-L00396,TA07,42,16,4,2026-02-14T03:55:30,2026-02-14T06:30,154.5
20263,V202602-L00396,TA10,42,16,4,2026-02-14T03:55:30,2026-02-14T06:30,154.5
20263,V202602-L00397,TA01,9,19,4,2026-02-14T04:43,2026-02-14T21:03,980.0
20263,V202602-L00397,TA02,9,19,2,2026-02-14T04:43,2026-02-14T21:03,980.0
20263,V202602-L00398,TA09,32,10,4,2026-02-14T04:58:30,2026-02-14T15:29,630.5
20263,V202602-L00398,TA09,32,10,4,2026-02-14T04:58:30,2026-02-14T15:29,630.5
20263,V202602-L00399,TA05,50,49,2,2026-02-14T05:23:30,2026-02-14T15:34,610.5
20263,V202602-L00399,TA05,50,49,4,2026-02-14T05:23:30,2026-02-14T15:34,610.5
20263,V202602-L00400,TA08,15,24,4,2026-02-14T05:25:30,2026-02-14T07:56,150.5
20263,V202602-L00400,TA08,15,24,1,2026-02-14T05:25:30,2026-02-14T07:56,150.5
20263,V202602-L00401,TA10,12,13,4,2026-02-14T06:04,2026-02-14T12:37,393.0
20263,V202602-L00401,TA10,12,13,1,2026-02-14T06:04,2026-02-14T12:37,393.0
20263,V202602-L00402,TA07,25,22,1,2026-02-14T06:15,2026-02-14T08:54,159.0
20263,V202602-L00402,TA07,25,22,4,2026-02-14T06:15,2026-02-14T08:54,159.0
20263,V202602-L00409,TA02,21,15,3,2026-02-14T09:49:30,2026-02-15T18:58,1988.5
20263,V202602-L00404,TA04,54,39,1,2026-02-14T08:22:30,2026-02-15T17:39,1996.5
20263,V202602-L00404,TA04,54,39,4,2026-02-14T08:22:30,2026-02-15T17:39,1996.5
20263,V202602-L00403,TA05,64,6,1,2026-02-14T08:42,2026-02-15T17:21,1959.0
20263,V202602-L00403,TA05,64,6,4,2026-02-14T08:42,2026-02-15T17:21,1959.0
20263,V202602-L00408,TA06,68,9,4,2026-02-14T08:43:30,2026-02-14T18:39,595.5
20263,V202602-L00408,TA06,68,9,2,2026-02-14T08:43:30,2026-02-14T18:39,595.5
20263,V202602-L00406,TA07,32,32,4,2026-02-14T08:34:30,2026-02-15T17:56,2001.5
20263,V202602-L00405,TA09,35,20,3,2026-02-14T08:21,2026-02-14T23:48,927.0
20263,V202602-L00407,TA10,20,2,2,2026-02-14T08:28:30,2026-02-15T00:19,950.5
20263,V202602-L00407,TA10,20,2,4,2026-02-14T08:28:30,2026-02-15T00:19,950.5
20263,V202602-L00407,TA10,20,2,4,2026-02-14T08:28:30,2026-02-15T00:19,950.5
20263,V202602-L00410,TA01,26,28,4,2026-02-14T09:16,2026-02-15T19:33,2057.0
20263,V202602-L00410,TA01,26,28,2,2026-02-14T09:16,2026-02-15T19:33,2057.0
20263,V202602-L00410,TA01,26,28,4,2026-02-14T09:16,2026-02-15T19:33,2057.0
20263,V202602-L00412,TA08,2,38,3,2026-02-14T08:55,2026-02-14T15:40,405.0
20263,V202602-L00411,TM09,13,13,1,2026-02-14T09:16,2026-02-15T19:37,2061.0
20263,V202602-L00413,TM01,27,27,4,2026-02-14T09:41:12,2026-02-14T12:08,146.8
20263,V202602-L00413,TM02,27,27,2,2026-02-14T09:41:12,2026-02-14T12:08,146.8
20263,V202602-L00413,TM05,27,27,4,2026-02-14T09:41:12,2026-02-14T12:08,146.8
20263,V202602-L00415,TA03,4,43,4,2026-02-14T10:09:30,2026-02-15T02:44,994.5
20263,V202602-L00414,TA04,57,41,4,2026-02-14T11:06,2026-02-14T20:41,575.0
20263,V202602-L00414,TA04,57,41,3,2026-02-14T11:06,2026-02-14T20:41,575.0
20263,V202602-L00417,TA09,59,9,1,2026-02-14T11:37:30,2026-02-15T21:37,2039.5
20263,V202602-L00416,TA08,18,38,2,2026-02-14T11:19,2026-02-15T21:20,2041.0
20263,V202602-L00418,TA07,9,14,4,2026-02-14T11:57,2026-02-15T04:29,992.0
20263,V202602-L00418,TA07,9,14,4,2026-02-14T11:57,2026-02-15T04:29,992.0
20263,V202602-L00418,TA10,9,14,1,2026-02-14T11:57,2026-02-15T04:29,992.0
20263,V202602-L00419,TA08,14,49,3,2026-02-14T12:47:30,2026-02-15T23:10,2062.5
20263,V202602-L00420,TA01,20,6,2,2026-02-14T13:52:30,2026-02-14T20:27,394.5
20263,V202602-L00420,TA01,20,6,4,2026-02-14T13:52:30,2026-02-14T20:27,394.5
20263,V202602-L00420,TA01,20,6,4,2026-02-14T13:52:30,2026-02-14T20:27,394.5
20263,V202602-L00421,TA04,67,39,4,2026-02-14T14:03,2026-02-14T20:28,385.0
20263,V202602-L00422,TA05,55,31,3,2026-02-14T13:59,2026-02-15T06:44,1005.0
20263,V202602-L00422,TA05,55,31,4,2026-02-14T13:59,2026-02-15T06:44,1005.0
20263,V202602-L00423,TA01,13,19,2,2026-02-14T16:28:30,2026-02-14T22:25,356.5
20263,V202602-L00424,TA04,49,43,3,2026-02-14T16:46,2026-02-14T23:08,382.0
20263,V202602-L00425,TA02,41,16,1,2026-02-14T16:44,2026-02-14T23:18,394.0
20263,V202602-L00426,TA05,54,3,1,2026-02-14T18:30:30,2026-02-16T04:47,2056.5
20263,V202602-L00427,TA04,40,32,2,2026-02-14T21:03,2026-02-15T13:24,981.0
20263,V202602-L00428,TA01,42,15,1,2026-02-14T22:14,2026-02-16T08:50,2076.0
20263,V202602-L00431,TA01,43,4,2,2026-02-15T00:39,2026-02-15T06:42,363.0
20263,V202602-L00431,TA01,43,4,4,2026-02-15T00:39,2026-02-15T06:42,363.0
20263,V202602-L00430,TA03,25,41,4,2026-02-15T00:24,2026-02-16T10:33,2049.0
20263,V202602-L00429,TA05,69,12,1,2026-02-15T00:40:30,2026-02-15T05:55,314.5
20263,V202602-L00430,TA08,25,41,1,2026-02-15T00:24,2026-02-16T10:33,2049.0
20263,V202602-L00430,TA08,25,41,4,2026-02-15T00:24,2026-02-16T10:33,2049.0
20263,V202602-L00432,TA02,2,17,4,2026-02-15T01:22,2026-02-16T11:32,2050.0
20263,V202602-L00433,TA07,27,3,3,2026-02-15T01:46:30,2026-02-15T08:23,396.5
20263,V202602-L00434,TA10,44,18,4,2026-02-15T02:11:30,2026-02-16T12:32,2060.5
20263,V202602-L00434,TA10,44,18,3,2026-02-15T02:11:30,2026-02-16T12:32,2060.5
20263,V202602-L00435,TA03,3,43,4,2026-02-15T03:09,2026-02-15T18:45,936.0
20263,V202602-L00435,TA08,3,43,4,2026-02-15T03:09,2026-02-15T18:45,936.0
20263,V202602-L00435,TA08,3,43,2,2026-02-15T03:09,2026-02-15T18:45,936.0
20263,V202602-L00436,TA04,67,4,1,2026-02-15T04:29:30,2026-02-15T10:40,370.5
20263,V202602-L00437,TA02,2,41,4,2026-02-15T04:28,2026-02-15T10:47,379.0
20263,V202602-L00437,TA02,2,41,3,2026-02-15T04:28,2026-02-15T10:47,379.0
20263,V202602-L00438,TA01,26,28,4,2026-02-15T05:02:30,2026-02-16T15:03,2040.5
20263,V202602-L00439,TA07,47,8,4,2026-02-15T05:09,2026-02-15T21:24,975.0
20263,V202602-L00439,TA07,47,8,2,2026-02-15T05:09,2026-02-15T21:24,975.0
20263,V202602-L00440,TA03,13,43,1,2026-02-15T04:49,2026-02-15T21:31,1002.0
20263,V202602-L00441,TA08,20,27,1,2026-02-15T05:08:30,2026-02-15T21:38,989.5
20263,V202602-L00442,TA09,68,17,4,2026-02-15T05:41:30,2026-02-16T16:07,2065.5
20263,V202602-L00442,TA09,68,17,4,2026-02-15T05:41:30,2026-02-16T16:07,2065.5
20263,V202602-L00443,TA05,67,8,3,2026-02-15T06:33:30,2026-02-15T16:42,608.5
20263,V202602-L00444,TA04,50,24,2,2026-02-15T06:35,2026-02-15T13:17,402.0
20263,V202602-L00445,TA04,44,37,4,2026-02-15T08:34:30,2026-02-15T17:41,546.5
20263,V202602-L00445,TA09,44,37,4,2026-02-15T08:34:30,2026-02-15T17:41,546.5
20263,V202602-L00445,TA09,44,37,2,2026-02-15T08:34:30,2026-02-15T17:41,546.5
20263,V202602-L00446,TA05,42,23,4,2026-02-15T09:18:30,2026-02-16T19:49,2070.5
20263,V202602-L00447,TA06,63,21,4,2026-02-15T09:28,2026-02-15T12:08,160.0
20263,V202602-L00447,TA06,63,21,2,2026-02-15T09:28,2026-02-15T12:08,160.0
20263,V202602-L00448,TA01,57,44,2,2026-02-15T13:15:30,2026-02-15T22:15,539.5
20263,V202602-L00448,TA01,57,44,4,2026-02-15T13:15:30,2026-02-15T22:15,539.5
20263,V202602-L00450,TA07,10,3,2,2026-02-15T12:12,2026-02-16T22:29,2057.0
20263,V202602-L00449,TA10,2,7,3,2026-02-15T12:18,2026-02-15T18:29,371.0
20263,V202602-L00449,TA10,2,7,4,2026-02-15T12:18,2026-02-15T18:29,371.0
20263,V202602-L00451,TA04,48,47,4,2026-02-15T12:23:30,2026-02-16T22:32,2048.5
20263,V202602-L00451,TA09,48,47,1,2026-02-15T12:23:30,2026-02-16T22:32,2048.5
20263,V202602-L00451,TA09,48,47,4,2026-02-15T12:23:30,2026-02-16T22:32,2048.5
20263,V202602-L00452,TA05,50,6,3,2026-02-15T13:32,2026-02-15T15:46,134.0
20263,V202602-L00453,TA06,69,43,1,2026-02-15T13:42,2026-02-15T23:59,617.0
20263,V202602-L00453,TA06,69,43,4,2026-02-15T13:42,2026-02-15T23:59,617.0
20263,V202602-L00454,TA02,45,27,3,2026-02-15T14:16,2026-02-17T00:05,2029.0
20263,V202602-L00455,TM01,33,14,2,2026-02-15T13:44:24,2026-02-15T20:29,404.6
20263,V202602-L00456,TA04,50,15,1,2026-02-15T14:38:30,2026-02-16T07:08,989.5
20263,V202602-L00456,TA09,50,15,4,2026-02-15T14:38:30,2026-02-16T07:08,989.5
20263,V202602-L00457,TA10,35,19,4,2026-02-15T16:19:30,2026-02-16T01:48,568.5
20263,V202602-L00457,TA10,35,19,4,2026-02-15T16:19:30,2026-02-16T01:48,568.5
20263,V202602-L00458,TA07,0,14,3,2026-02-15T17:30:30,2026-02-17T03:41,2050.5
20263,V202602-L00458,TA07,0,14,4,2026-02-15T17:30:30,2026-02-17T03:41,2050.5
20263,V202602-L00460,TA03,32,50,4,2026-02-15T20:38,2026-02-17T06:46,2048.0
20263,V202602-L00460,TA08,32,50,1,2026-02-15T20:38,2026-02-17T06:46,2048.0
20263,V202602-L00459,TA09,45,21,4,2026-02-15T20:17,2026-02-17T06:42,2065.0
20263,V202602-L00462,TA02,65,27,1,2026-02-15T20:12,2026-02-17T06:54,2082.0
20263,V202602-L00462,TA04,65,27,4,2026-02-15T20:12,2026-02-17T06:54,2082.0
20263,V202602-L00461,TA10,1,23,1,2026-02-15T20:52:30,2026-02-17T06:53,2040.5
20263,V202602-L00461,TA10,1,23,4,2026-02-15T20:52:30,2026-02-17T06:53,2040.5
20263,V202602-L00461,TA10,1,23,4,2026-02-15T20:52:30,2026-02-17T06:53,2040.5
20263,V202602-L00463,TA01,61,19,2,2026-02-15T20:48,2026-02-16T13:25,997.0
20263,V202602-L00464,TA05,49,34,4,2026-02-15T21:22:30,2026-02-16T07:53,630.5
20263,V202602-L00464,TA06,49,34,2,2026-02-15T21:22:30,2026-02-16T07:53,630.5
20263,V202602-L00465,TA02,57,49,4,2026-02-15T21:57,2026-02-16T14:15,978.0
20263,V202602-L00465,TA04,57,49,1,2026-02-15T21:57,2026-02-16T14:15,978.0
20263,V202602-L00466,TA08,13,34,4,2026-02-15T22:33:30,2026-02-17T08:54,2060.5
20263,V202602-L00466,TA08,13,34,4,2026-02-15T22:33:30,2026-02-17T08:54,2060.5
20263,V202602-L00467,TA01,44,21,2,2026-02-15T22:58:30,2026-02-17T09:24,2065.5
20263,V202602-L00468,TA02,39,37,4,2026-02-16T01:32,2026-02-16T03:45,133.0
20263,V202602-L00468,TA05,39,37,4,2026-02-16T01:32,2026-02-16T03:45,133.0
20263,V202602-L00468,TA05,39,37,2,2026-02-16T01:32,2026-02-16T03:45,133.0
20263,V202602-L00469,TA07,0,1,4,2026-02-16T03:20,2026-02-16T05:11,111.0
20263,V202602-L00469,TA07,0,1,4,2026-02-16T03:20,2026-02-16T05:11,111.0
20263,V202602-L00469,TA07,0,1,1,2026-02-16T03:20,2026-02-16T05:11,111.0
20263,V202602-L00470,TA10,14,43,4,2026-02-16T03:20:30,2026-02-17T14:05,2084.5
20263,V202602-L00470,TA10,14,43,4,2026-02-16T03:20:30,2026-02-17T14:05,2084.5
20263,V202602-L00471,TM06,28,0,4,2026-02-16T05:10:24,2026-02-17T15:21,2050.6
20263,V202602-L00471,TM15,28,0,3,2026-02-16T05:10:24,2026-02-17T15:21,2050.6
20263,V202602-L00472,TA02,22,50,3,2026-02-16T05:53,2026-02-17T16:14,2061.0
20263,V202602-L00473,TA07,43,10,4,2026-02-16T06:00,2026-02-16T08:24,144.0
20263,V202602-L00473,TA07,43,10,3,2026-02-16T06:00,2026-02-16T08:24,144.0
20263,V202602-L00477,TA01,55,6,4,2026-02-16T08:34:30,2026-02-17T18:48,2053.5
20263,V202602-L00474,TA03,38,41,4,2026-02-16T08:43:30,2026-02-16T17:34,530.5
20263,V202602-L00476,TA04,42,31,4,2026-02-16T08:28:30,2026-02-16T10:28,119.5
20263,V202602-L00476,TA04,42,31,3,2026-02-16T08:28:30,2026-02-16T10:28,119.5
20263,V202602-L00475,TA05,12,44,2,2026-02-16T08:09,2026-02-17T00:14,965.0
20263,V202602-L00477,TA06,55,6,1,2026-02-16T08:34:30,2026-02-17T18:48,2053.5
20263,V202602-L00474,TA08,38,41,1,2026-02-16T08:43:30,2026-02-16T17:34,530.5
20263,V202602-L00478,TA07,15,8,1,2026-02-16T09:07,2026-02-17T01:36,989.0
20263,V202602-L00479,TM01,31,16,2,2026-02-16T09:24:24,2026-02-17T20:07,2082.6
20263,V202602-L00480,TA09,42,7,4,2026-02-16T11:02:30,2026-02-16T21:02,599.5
20263,V202602-L00481,TM06,41,16,4,2026-02-16T11:18:24,2026-02-17T21:40,2061.6
20263,V202602-L00481,TM15,41,16,3,2026-02-16T11:18:24,2026-02-17T21:40,2061.6
20263,V202602-L00482,TA05,11,14,1,2026-02-16T11:47:30,2026-02-17T22:09,2061.5
20263,V202602-L00482,TA05,11,14,4,2026-02-16T11:47:30,2026-02-17T22:09,2061.5
20263,V202602-L00483,TA07,18,8,3,2026-02-16T12:12:30,2026-02-16T18:43,390.5
20263,V202602-L00484,TA08,10,43,4,2026-02-16T12:40:30,2026-02-16T23:21,640.5
20263,V202602-L00484,TA10,10,43,4,2026-02-16T12:40:30,2026-02-16T23:21,640.5
20263,V202602-L00485,TA09,16,4,2,2026-02-16T14:01:30,2026-02-16T16:26,144.5
20263,V202602-L00485,TA09,16,4,4,2026-02-16T14:01:30,2026-02-16T16:26,144.5
20263,V202602-L00485,TA09,16,4,4,2026-02-16T14:01:30,2026-02-16T16:26,144.5
20263,V202602-L00486,TA01,56,4,3,2026-02-16T14:46,2026-02-17T07:09,983.0
20263,V202602-L00486,TA06,56,4,4,2026-02-16T14:46,2026-02-17T07:09,983.0
20263,V202602-L00487,TA04,53,50,1,2026-02-16T17:00:30,2026-02-16T19:19,138.5
20263,V202602-L00488,TA05,3,5,4,2026-02-16T20:19:30,2026-02-17T02:24,364.5
20263,V202602-L00488,TA05,3,5,1,2026-02-16T20:19:30,2026-02-17T02:24,364.5
20263,V202602-L00488,TA07,3,5,4,2026-02-16T20:19:30,2026-02-17T02:24,364.5
20263,V202602-L00489,TA09,38,1,4,2026-02-16T20:16,2026-02-18T06:39,2063.0
20263,V202602-L00490,TM01,25,21,1,2026-02-16T21:11:36,2026-02-18T07:48,2076.4
20263,V202602-L00491,TA10,10,6,4,2026-02-16T22:08,2026-02-17T00:06,118.0
20263,V202602-L00491,TA10,10,6,3,2026-02-16T22:08,2026-02-17T00:06,118.0
20263,V202602-L00494,TA01,70,29,2,2026-02-16T22:12:30,2026-02-17T08:50,637.5
20263,V202602-L00493,TA04,52,5,2,2026-02-16T22:30:30,2026-02-17T08:50,619.5
20263,V202602-L00493,TA04,52,5,4,2026-02-16T22:30:30,2026-02-17T08:50,619.5
20263,V202602-L00494,TA06,70,29,4,2026-02-16T22:12:30,2026-02-17T08:50,637.5
20263,V202602-L00492,TA08,4,16,4,2026-02-16T22:35,2026-02-17T00:42,127.0
20263,V202602-L00492,TA08,4,16,2,2026-02-16T22:35,2026-02-17T00:42,127.0
20263,V202602-L00495,TA02,3,32,4,2026-02-16T22:32:30,2026-02-18T09:05,2072.5
20263,V202602-L00495,TA03,3,32,2,2026-02-16T22:32:30,2026-02-18T09:05,2072.5
20263,V202602-L00495,TA03,3,32,4,2026-02-16T22:32:30,2026-02-18T09:05,2072.5
20263,V202602-L00496,TA01,62,34,3,2026-02-17T00:18,2026-02-17T15:18,900.0
20263,V202602-L00496,TA01,62,34,4,2026-02-17T00:18,2026-02-17T15:18,900.0
20263,V202602-L00498,TA06,68,19,4,2026-02-17T00:28:30,2026-02-18T09:45,1996.5
20263,V202602-L00497,TA07,39,3,2,2026-02-17T00:34:30,2026-02-18T09:41,1986.5
20263,V202602-L00497,TA09,39,3,4,2026-02-17T00:34:30,2026-02-18T09:41,1986.5
20263,V202602-L00497,TA10,39,3,4,2026-02-17T00:34:30,2026-02-18T09:41,1986.5
20263,V202602-L00499,TA04,62,7,1,2026-02-17T00:48:30,2026-02-18T11:01,2052.5
20263,V202602-L00499,TA04,62,7,4,2026-02-17T00:48:30,2026-02-18T11:01,2052.5
20263,V202602-L00499,TA04,62,7,4,2026-02-17T00:48:30,2026-02-18T11:01,2052.5
20263,V202602-L00500,TA05,36,8,4,2026-02-17T05:52:30,2026-02-17T08:28,155.5
20263,V202602-L00501,TA09,17,7,4,2026-02-17T06:55:30,2026-02-18T17:22,2066.5
20263,V202602-L00501,TA10,17,7,4,2026-02-17T06:55:30,2026-02-18T17:22,2066.5
20263,V202602-L00502,TA01,65,19,4,2026-02-17T08:34,2026-02-17T19:02,628.0
20263,V202602-L00502,TA01,65,19,2,2026-02-17T08:34,2026-02-17T19:02,628.0
20263,V202602-L00503,TA05,29,8,2,2026-02-17T08:22,2026-02-17T19:03,641.0
20263,V202602-L00503,TA07,29,8,4,2026-02-17T08:22,2026-02-17T19:03,641.0
20263,V202602-L00503,TA08,29,8,4,2026-02-17T08:22,2026-02-17T19:03,641.0
20263,V202602-L00504,TA09,35,12,4,2026-02-17T08:45,2026-02-17T15:24,399.0
20263,V202602-L00504,TA09,35,12,1,2026-02-17T08:45,2026-02-17T15:24,399.0
20263,V202602-L00504,TA10,35,12,4,2026-02-17T08:45,2026-02-17T15:24,399.0
20263,V202602-L00506,TA02,5,16,4,2026-02-17T09:33:30,2026-02-18T19:43,2049.5
20263,V202602-L00505,TA03,17,42,1,2026-02-17T09:03:30,2026-02-18T19:41,2077.5
20263,V202602-L00505,TA03,17,42,4,2026-02-17T09:03:30,2026-02-18T19:41,2077.5
20263,V202602-L00505,TA03,17,42,4,2026-02-17T09:03:30,2026-02-18T19:41,2077.5
20263,V202602-L00508,TA04,15,32,3,2026-02-17T10:42:30,2026-02-18T20:15,2012.5
20263,V202602-L00507,TM01,12,7,1,2026-02-17T10:12:48,2026-02-17T12:13,120.2
20263,V202602-L00510,TA06,41,50,1,2026-02-17T10:58:30,2026-02-18T02:54,955.5
20263,V202602-L00509,TM02,20,7,1,2026-02-17T10:33:36,2026-02-17T20:54,620.4
20263,V202602-L00511,TA01,68,14,1,2026-02-17T11:34,2026-02-17T13:43,129.0
20263,V202602-L00511,TA01,68,14,4,2026-02-17T11:34,2026-02-17T13:43,129.0
20263,V202602-L00511,TA01,68,14,4,2026-02-17T11:34,2026-02-17T13:43,129.0
20263,V202602-L00512,TA05,10,5,4,2026-02-17T11:39,2026-02-18T21:58,2059.0
20263,V202602-L00513,TA06,61,1,3,2026-02-17T13:42,2026-02-18T05:35,953.0
20263,V202602-L00513,TA06,61,1,4,2026-02-17T13:42,2026-02-18T05:35,953.0
20263,V202602-L00514,TA03,13,43,4,2026-02-17T14:19,2026-02-19T01:01,2082.0
20263,V202602-L00515,TA01,52,29,2,2026-02-17T14:30:30,2026-02-19T01:14,2083.5
20263,V202602-L00515,TA01,52,29,4,2026-02-17T14:30:30,2026-02-19T01:14,2083.5
20263,V202602-L00516,TA01,62,43,3,2026-02-17T16:31:30,2026-02-18T08:09,937.5
20263,V202602-L00517,TA03,7,23,2,2026-02-17T17:00,2026-02-19T03:29,2069.0
20263,V202602-L00517,TA03,7,23,4,2026-02-17T17:00,2026-02-19T03:29,2069.0
20263,V202602-L00517,TA03,7,23,4,2026-02-17T17:00,2026-02-19T03:29,2069.0
20263,V202602-L00518,TA04,18,50,2,2026-02-17T16:57,2026-02-19T03:30,2073.0
20263,V202602-L00518,TA04,18,50,4,2026-02-17T16:57,2026-02-19T03:30,2073.0
20263,V202602-L00519,TA06,63,24,2,2026-02-17T16:53:30,2026-02-19T03:39,2085.5
20263,V202602-L00519,TA06,63,24,4,2026-02-17T16:53:30,2026-02-19T03:39,2085.5
20263,V202602-L00520,TA02,41,2,4,2026-02-17T19:49,2026-02-19T06:09,2060.0
20263,V202602-L00521,TA01,54,23,1,2026-02-17T19:30:30,2026-02-18T02:14,403.5
20263,V202602-L00521,TA06,54,23,4,2026-02-17T19:30:30,2026-02-18T02:14,403.5
20263,V202602-L00522,TA09,67,6,4,2026-02-17T20:52,2026-02-19T06:38,2026.0
20263,V202602-L00522,TA10,67,6,2,2026-02-17T20:52,2026-02-19T06:38,2026.0
20263,V202602-L00523,TA07,43,8,4,2026-02-17T20:33,2026-02-18T02:53,380.0
20263,V202602-L00523,TA08,43,8,2,2026-02-17T20:33,2026-02-18T02:53,380.0
20263,V202602-L00525,TM03,29,6,1,2026-02-17T21:37:12,2026-02-18T07:29,591.8
20263,V202602-L00525,TM09,29,6,4,2026-02-17T21:37:12,2026-02-18T07:29,591.8
20263,V202602-L00525,TM12,29,6,4,2026-02-17T21:37:12,2026-02-18T07:29,591.8
20263,V202602-L00524,TA01,67,8,4,2026-02-17T21:24:30,2026-02-18T03:18,353.5
20263,V202602-L00524,TA06,67,8,4,2026-02-17T21:24:30,2026-02-18T03:18,353.5
20263,V202602-L00524,TA06,67,8,2,2026-02-17T21:24:30,2026-02-18T03:18,353.5
20263,V202602-L00526,TA05,56,24,2,2026-02-17T21:48:30,2026-02-19T07:45,2036.5
20263,V202602-L00527,TA02,61,22,3,2026-02-17T22:33,2026-02-19T08:24,2031.0
20263,V202602-L00529,TA07,21,8,3,2026-02-17T22:48,2026-02-18T15:28,1000.0
20263,V202602-L00529,TA08,21,8,4,2026-02-17T22:48,2026-02-18T15:28,1000.0
20263,V202602-L00528,TA09,53,18,2,2026-02-17T22:58,2026-02-18T15:18,980.0
20263,V202602-L00532,TA03,31,49,3,2026-02-18T00:45,2026-02-19T10:53,2048.0
20263,V202602-L00531,TA04,8,30,4,2026-02-18T00:18,2026-02-19T10:35,2057.0
20263,V202602-L00530,TA10,58,38,4,2026-02-18T00:18,2026-02-19T10:19,2041.0
20263,V202602-L00530,TA10,58,38,3,2026-02-18T00:18,2026-02-19T10:19,2041.0
20263,V202602-L00533,TA07,5,12,4,2026-02-18T01:03,2026-02-18T03:07,124.0
20263,V202602-L00533,TA08,5,12,1,2026-02-18T01:03,2026-02-18T03:07,124.0
20263,V202602-L00534,TA02,37,42,4,2026-02-18T02:22:30,2026-02-18T12:24,601.5
20263,V202602-L00534,TA02,37,42,1,2026-02-18T02:22:30,2026-02-18T12:24,601.5
20263,V202602-L00534,TA05,37,42,4,2026-02-18T02:22:30,2026-02-18T12:24,601.5
20263,V202602-L00535,TA04,7,2,2,2026-02-18T03:41:30,2026-02-18T05:38,116.5
20263,V202602-L00536,TM01,22,26,4,2026-02-18T04:00:48,2026-02-19T14:11,2050.2
20263,V202602-L00537,TA03,0,50,2,2026-02-18T04:16,2026-02-18T14:33,617.0
20263,V202602-L00537,TA03,0,50,4,2026-02-18T04:16,2026-02-18T14:33,617.0
20263,V202602-L00537,TA03,0,50,4,2026-02-18T04:16,2026-02-18T14:33,617.0
20263,V202602-L00538,TA01,52,7,3,2026-02-18T04:37:30,2026-02-19T14:53,2055.5
20263,V202602-L00540,TA06,70,2,3,2026-02-18T05:27,2026-02-18T15:25,598.0
20263,V202602-L00540,TA06,70,2,4,2026-02-18T05:27,2026-02-18T15:25,598.0
20263,V202602-L00539,TA07,26,41,2,2026-02-18T05:12,2026-02-18T07:21,129.0
20263,V202602-L00541,TA02,23,50,4,2026-02-18T06:04:30,2026-02-19T16:25,2060.5
20263,V202602-L00543,TA02,11,24,1,2026-02-18T08:22:30,2026-02-18T10:02,99.5
20263,V202602-L00543,TA02,11,24,4,2026-02-18T08:22:30,2026-02-18T10:02,99.5
20263,V202602-L00545,TA03,21,37,1,2026-02-18T08:15,2026-02-19T18:51,2076.0
20263,V202602-L00544,TA05,14,23,1,2026-02-18T08:25:30,2026-02-19T18:02,2016.5
20263,V202602-L00542,TA06,57,5,1,2026-02-18T08:33,2026-02-19T17:42,1989.0
20263,V202602-L00542,TA06,57,5,4,2026-02-18T08:33,2026-02-19T17:42,1989.0
20263,V202602-L00544,TA07,14,23,4,2026-02-18T08:25:30,2026-02-19T18:02,2016.5
20263,V202602-L00542,TA10,57,5,4,2026-02-18T08:33,2026-02-19T17:42,1989.0
20263,V202602-L00546,TA09,45,28,4,2026-02-18T08:39:30,2026-02-19T19:14,2074.5
20263,V202602-L00546,TA09,45,28,4,2026-02-18T08:39:30,2026-02-19T19:14,2074.5
20263,V202602-L00546,TA09,45,28,1,2026-02-18T08:39:30,2026-02-19T19:14,2074.5
20263,V202602-L00547,TA04,26,38,3,2026-02-18T09:57:30,2026-02-18T12:16,138.5
20263,V202602-L00548,TA01,59,38,1,2026-02-18T09:49:30,2026-02-19T02:22,992.5
20263,V202602-L00550,TA08,12,12,4,2026-02-18T10:25:30,2026-02-19T20:59,2073.5
20263,V202602-L00550,TA08,12,12,3,2026-02-18T10:25:30,2026-02-19T20:59,2073.5
20263,V202602-L00549,TM03,29,26,4,2026-02-18T10:33:36,2026-02-18T20:58,624.4
20263,V202602-L00549,TM10,29,26,1,2026-02-18T10:33:36,2026-02-18T20:58,624.4
20263,V202602-L00552,TA09,67,6,1,2026-02-18T11:45:30,2026-02-19T21:41,2035.5
20263,V202602-L00552,TA09,67,6,4,2026-02-18T11:45:30,2026-02-19T21:41,2035.5
20263,V202602-L00551,TA10,59,42,4,2026-02-18T11:31:30,2026-02-19T21:17,2025.5
20263,V202602-L00551,TA10,59,42,4,2026-02-18T11:31:30,2026-02-19T21:17,2025.5
20263,V202602-L00553,TM06,19,11,4,2026-02-18T11:56:24,2026-02-19T22:30,2073.6
20263,V202602-L00553,TM15,19,11,4,2026-02-18T11:56:24,2026-02-19T22:30,2073.6
20263,V202602-L00554,TA05,4,21,4,2026-02-18T12:37:30,2026-02-19T04:57,979.5
20263,V202602-L00554,TA07,4,21,1,2026-02-18T12:37:30,2026-02-19T04:57,979.5
20263,V202602-L00555,TA08,30,15,2,2026-02-18T12:36,2026-02-18T19:21,405.0
20263,V202602-L00555,TA08,30,15,4,2026-02-18T12:36,2026-02-18T19:21,405.0
20263,V202602-L00555,TA08,30,15,4,2026-02-18T12:36,2026-02-18T19:21,405.0
20263,V202602-L00556,TA01,49,31,1,2026-02-18T13:08,2026-02-19T05:41,993.0
20263,V202602-L00556,TA01,49,31,4,2026-02-18T13:08,2026-02-19T05:41,993.0
20263,V202602-L00557,TA06,55,37,1,2026-02-18T13:08,2026-02-18T23:42,634.0
20263,V202602-L00558,TA02,20,26,4,2026-02-18T13:56,2026-02-20T00:20,2064.0
20263,V202602-L00558,TA02,20,26,2,2026-02-18T13:56,2026-02-20T00:20,2064.0
20263,V202602-L00558,TA02,20,26,4,2026-02-18T13:56,2026-02-20T00:20,2064.0
20263,V202602-L00559,TA08,33,6,2,2026-02-18T14:21,2026-02-20T01:00,2079.0
20263,V202602-L00560,TA03,8,23,2,2026-02-18T16:38:30,2026-02-18T23:03,384.5
20263,V202602-L00561,TA09,41,45,4,2026-02-18T17:21,2026-02-19T09:23,962.0
20263,V202602-L00561,TA10,41,45,1,2026-02-18T17:21,2026-02-19T09:23,962.0
20263,V202602-L00562,TA05,40,45,4,2026-02-18T17:52:30,2026-02-18T19:53,120.5
20263,V202602-L00562,TA07,40,45,4,2026-02-18T17:52:30,2026-02-18T19:53,120.5
20263,V202602-L00563,TA01,64,39,1,2026-02-18T17:38:30,2026-02-20T04:10,2071.5
20263,V202602-L00564,TA04,13,26,4,2026-02-18T18:39:30,2026-02-20T05:19,2079.5
20263,V202602-L00565,TA06,61,8,4,2026-02-18T20:24:30,2026-02-19T02:43,378.5
20263,V202602-L00565,TA06,61,8,1,2026-02-18T20:24:30,2026-02-19T02:43,378.5
20263,V202602-L00566,TA01,68,13,4,2026-02-18T20:47:30,2026-02-19T03:04,376.5
20263,V202602-L00566,TA01,68,13,4,2026-02-18T20:47:30,2026-02-19T03:04,376.5
20263,V202602-L00566,TA01,68,13,1,2026-02-18T20:47:30,2026-02-19T03:04,376.5
20263,V202602-L00567,TA02,46,4,2,2026-02-18T22:13:30,2026-02-20T08:22,2048.5
20263,V202602-L00568,TA03,36,43,4,2026-02-18T22:43:30,2026-02-19T08:55,611.5
20263,V202602-L00569,TA06,68,25,1,2026-02-18T22:19:30,2026-02-19T08:56,636.5
20263,V202602-L00570,TA05,7,24,3,2026-02-19T00:28:30,2026-02-20T10:17,2028.5
20263,V202602-L00570,TA07,7,24,4,2026-02-19T00:28:30,2026-02-20T10:17,2028.5
20263,V202602-L00571,TA09,42,42,4,2026-02-19T01:15,2026-02-19T11:26,611.0
20263,V202602-L00571,TA10,42,42,1,2026-02-19T01:15,2026-02-19T11:26,611.0
20263,V202602-L00572,TA04,30,39,1,2026-02-19T01:58:30,2026-02-19T12:25,626.5
20263,V202602-L00572,TA04,30,39,4,2026-02-19T01:58:30,2026-02-19T12:25,626.5
20263,V202602-L00573,TA02,24,25,4,2026-02-19T02:01,2026-02-19T08:32,391.0
20263,V202602-L00573,TA02,24,25,4,2026-02-19T02:01,2026-02-19T08:32,391.0
20263,V202602-L00574,TA03,14,23,2,2026-02-19T02:35:30,2026-02-19T09:10,394.5
20263,V202602-L00575,TA06,62,33,4,2026-02-19T03:26:30,2026-02-19T06:04,157.5
20263,V202602-L00575,TA06,62,33,4,2026-02-19T03:26:30,2026-02-19T06:04,157.5
20263,V202602-L00576,TA08,21,13,4,2026-02-19T03:30:30,2026-02-19T10:17,406.5
20263,V202602-L00576,TA08,21,13,3,2026-02-19T03:30:30,2026-02-19T10:17,406.5
20263,V202602-L00578,TA01,70,14,4,2026-02-19T04:09,2026-02-19T14:30,621.0
20263,V202602-L00578,TA01,70,14,4,2026-02-19T04:09,2026-02-19T14:30,621.0
20263,V202602-L00577,TA05,1,4,4,2026-02-19T04:37:30,2026-02-20T14:24,2026.5
20263,V202602-L00579,TA02,24,29,4,2026-02-19T04:49,2026-02-20T15:11,2062.0
20263,V202602-L00579,TA02,24,29,4,2026-02-19T04:49,2026-02-20T15:11,2062.0
20263,V202602-L00580,TA08,23,17,4,2026-02-19T05:40:30,2026-02-19T12:23,402.5
20263,V202602-L00580,TA08,23,17,4,2026-02-19T05:40:30,2026-02-19T12:23,402.5
20263,V202602-L00581,TM06,42,13,4,2026-02-19T06:18:24,2026-02-20T16:32,2053.6
20263,V202602-L00581,TM15,42,13,4,2026-02-19T06:18:24,2026-02-20T16:32,2053.6
20263,V202602-L00582,TA10,38,24,2,2026-02-19T06:23,2026-02-19T16:50,627.0
20263,V202602-L00582,TA10,38,24,4,2026-02-19T06:23,2026-02-19T16:50,627.0
20263,V202602-L00583,TA09,70,28,4,2026-02-19T06:59,2026-02-20T17:11,2052.0
20263,V202602-L00583,TA09,70,28,4,2026-02-19T06:59,2026-02-20T17:11,2052.0
20263,V202602-L00584,TA07,34,36,4,2026-02-19T08:36,2026-02-19T13:55,319.0
20263,V202602-L00584,TA07,34,36,1,2026-02-19T08:36,2026-02-19T13:55,319.0
20263,V202602-L00584,TA07,34,36,4,2026-02-19T08:36,2026-02-19T13:55,319.0
20263,V202602-L00585,TA02,27,32,4,2026-02-19T08:47,2026-02-19T15:20,393.0
20263,V202602-L00586,TA04,16,23,3,2026-02-19T09:08:30,2026-02-20T19:32,2063.5
20263,V202602-L00586,TA04,16,23,4,2026-02-19T09:08:30,2026-02-20T19:32,2063.5
20263,V202602-L00587,TA10,9,8,4,2026-02-19T09:26,2026-02-19T19:48,622.0
20263,V202602-L00587,TA10,9,8,2,2026-02-19T09:26,2026-02-19T19:48,622.0
20263,V202602-L00588,TA01,60,39,2,2026-02-19T09:22:30,2026-02-20T01:57,994.5
20263,V202602-L00589,TA06,51,32,2,2026-02-19T09:26:30,2026-02-19T16:02,395.5
20263,V202602-L00590,TA05,18,22,4,2026-02-19T09:45:30,2026-02-19T20:12,626.5
20263,V202602-L00590,TA05,18,22,4,2026-02-19T09:45:30,2026-02-19T20:12,626.5
20263,V202602-L00590,TA05,18,22,1,2026-02-19T09:45:30,2026-02-19T20:12,626.5
20263,V202602-L00591,TA09,53,34,4,2026-02-19T10:56:30,2026-02-19T13:33,156.5
20263,V202602-L00591,TA09,53,34,4,2026-02-19T10:56:30,2026-02-19T13:33,156.5
20263,V202602-L00592,TA06,61,23,2,2026-02-19T12:12,2026-02-20T22:54,2082.0
20263,V202602-L00592,TA06,61,23,4,2026-02-19T12:12,2026-02-20T22:54,2082.0
20263,V202602-L00593,TA02,5,0,2,2026-02-19T13:04,2026-02-19T19:05,361.0
20263,V202602-L00594,TA01,68,43,2,2026-02-19T13:00:30,2026-02-20T05:13,972.5
20263,V202602-L00595,TA09,62,31,3,2026-02-19T12:53:30,2026-02-19T23:38,644.5
20263,V202602-L00595,TA09,62,31,4,2026-02-19T12:53:30,2026-02-19T23:38,644.5
20263,V202602-L00596,TA06,40,33,4,2026-02-19T14:34:30,2026-02-19T20:54,379.5
20263,V202602-L00596,TA06,40,33,4,2026-02-19T14:34:30,2026-02-19T20:54,379.5
20263,V202602-L00596,TA06,40,33,1,2026-02-19T14:34:30,2026-02-19T20:54,379.5
20263,V202602-L00597,TA09,47,46,1,2026-02-19T14:53:30,2026-02-20T01:10,616.5
20263,V202602-L00597,TA09,47,46,4,2026-02-19T14:53:30,2026-02-20T01:10,616.5
20263,V202602-L00598,TA10,0,15,4,2026-02-19T16:42,2026-02-19T17:53,71.0
20263,V202602-L00598,TA10,0,15,2,2026-02-19T16:42,2026-02-19T17:53,71.0
20263,V202602-L00599,TA01,59,17,2,2026-02-19T17:28,2026-02-21T04:06,2078.0
20263,V202602-L00600,TA06,57,47,1,2026-02-19T19:40,2026-02-21T06:07,2067.0
20263,V202602-L00601,TA02,43,3,2,2026-02-19T20:10:30,2026-02-20T06:25,614.5
20263,V202602-L00602,TA03,13,40,1,2026-02-19T20:34:30,2026-02-19T23:23,168.5
20263,V202602-L00602,TA07,13,40,4,2026-02-19T20:34:30,2026-02-19T23:23,168.5
20263,V202602-L00603,TA01,52,50,4,2026-02-19T21:22,2026-02-20T07:40,618.0
20263,V202602-L00604,TA06,53,16,1,2026-02-19T22:52:30,2026-02-20T05:28,395.5
20263,V202602-L00607,TA01,49,27,4,2026-02-20T00:12,2026-02-21T10:40,2068.0
20263,V202602-L00606,TA03,16,38,4,2026-02-20T00:06,2026-02-20T02:34,148.0
20263,V202602-L00606,TA04,16,38,2,2026-02-20T00:06,2026-02-20T02:34,148.0
20263,V202602-L00608,TA07,18,46,1,2026-02-20T00:21,2026-02-20T06:56,395.0
20263,V202602-L00607,TA09,49,27,3,2026-02-20T00:12,2026-02-21T10:40,2068.0
20263,V202602-L00605,TA10,34,21,2,2026-02-20T00:21,2026-02-20T16:02,941.0
20263,V202602-L00605,TA10,34,21,4,2026-02-20T00:21,2026-02-20T16:02,941.0
20263,V202602-L00609,TA02,48,2,2,2026-02-20T02:29:30,2026-02-20T08:35,365.5
20263,V202602-L00609,TA02,48,2,4,2026-02-20T02:29:30,2026-02-20T08:35,365.5
20263,V202602-L00609,TA05,48,2,4,2026-02-20T02:29:30,2026-02-20T08:35,365.5
20263,V202602-L00610,TA07,37,34,1,2026-02-20T03:33:30,2026-02-21T13:48,2054.5
20263,V202602-L00610,TA07,37,34,4,2026-02-20T03:33:30,2026-02-21T13:48,2054.5
20263,V202602-L00610,TA07,37,34,4,2026-02-20T03:33:30,2026-02-21T13:48,2054.5
20263,V202602-L00611,TA08,42,6,3,2026-02-20T04:24:30,2026-02-21T14:41,2056.5
20263,V202602-L00612,TM04,15,19,4,2026-02-20T04:30:48,2026-02-21T14:50,2059.2
20263,V202602-L00612,TM08,15,19,4,2026-02-20T04:30:48,2026-02-21T14:50,2059.2
20263,V202602-L00613,TM01,20,19,2,2026-02-20T05:28:48,2026-02-20T11:54,385.2
20263,V202602-L00614,TA03,2,23,1,2026-02-20T06:27:30,2026-02-20T08:42,134.5
20263,V202602-L00615,TA09,57,15,1,2026-02-20T06:38,2026-02-21T17:19,2081.0
20263,V202602-L00615,TA09,57,15,4,2026-02-20T06:38,2026-02-21T17:19,2081.0
20263,V202602-L00616,TA01,49,16,1,2026-02-20T06:58:30,2026-02-20T09:28,149.5
20263,V202602-L00618,TA06,64,34,1,2026-02-20T08:21,2026-02-21T18:03,2022.0
20263,V202602-L00618,TA06,64,34,4,2026-02-20T08:21,2026-02-21T18:03,2022.0
20263,V202602-L00617,TA09,60,21,1,2026-02-20T08:13:30,2026-02-21T17:51,2017.5
20263,V202602-L00619,TA02,27,32,3,2026-02-20T09:07,2026-02-21T01:32,985.0
20263,V202602-L00619,TA05,27,32,4,2026-02-20T09:07,2026-02-21T01:32,985.0
20263,V202602-L00621,TA03,12,32,3,2026-02-20T09:19,2026-02-20T12:06,167.0
20263,V202602-L00620,TA04,23,48,4,2026-02-20T09:41:30,2026-02-21T20:04,2062.5
20263,V202602-L00620,TA04,23,48,3,2026-02-20T09:41:30,2026-02-21T20:04,2062.5
20263,V202602-L00622,TA08,26,18,1,2026-02-20T10:07:30,2026-02-21T20:55,2087.5
20263,V202602-L00623,TA10,9,26,4,2026-02-20T11:22:30,2026-02-21T03:55,992.5
20263,V202602-L00623,TA10,9,26,2,2026-02-20T11:22:30,2026-02-21T03:55,992.5
20263,V202602-L00624,TA08,0,14,4,2026-02-20T12:00:30,2026-02-21T22:19,2058.5
20263,V202602-L00624,TA08,0,14,2,2026-02-20T12:00:30,2026-02-21T22:19,2058.5
20263,V202602-L00626,TA06,62,41,2,2026-02-20T12:48:30,2026-02-21T23:17,2068.5
20263,V202602-L00625,TA09,55,27,1,2026-02-20T12:23,2026-02-21T23:12,2089.0
20263,V202602-L00625,TA09,55,27,4,2026-02-20T12:23,2026-02-21T23:12,2089.0
20263,V202602-L00627,TA02,14,1,3,2026-02-20T13:09,2026-02-20T19:29,380.0
20263,V202602-L00627,TA05,14,1,4,2026-02-20T13:09,2026-02-20T19:29,380.0
20263,V202602-L00628,TA08,17,14,4,2026-02-20T14:25,2026-02-20T17:07,162.0
20263,V202602-L00628,TA08,17,14,4,2026-02-20T14:25,2026-02-20T17:07,162.0
20263,V202602-L00629,TA10,1,36,4,2026-02-20T14:59:30,2026-02-21T01:31,631.5
20263,V202602-L00629,TA10,1,36,3,2026-02-20T14:59:30,2026-02-21T01:31,631.5
20263,V202602-L00630,TA01,58,17,3,2026-02-20T16:16:30,2026-02-20T18:07,110.5
20263,V202602-L00633,TA01,29,10,2,2026-02-20T19:44:30,2026-02-20T22:43,178.5
20263,V202602-L00633,TA01,29,10,4,2026-02-20T19:44:30,2026-02-20T22:43,178.5
20263,V202602-L00633,TA01,29,10,4,2026-02-20T19:44:30,2026-02-20T22:43,178.5
20263,V202602-L00634,TA03,18,41,4,2026-02-20T16:13:30,2026-02-21T08:47,993.5
20263,V202602-L00631,TA06,41,29,1,2026-02-20T16:27,2026-02-22T02:20,2033.0
20263,V202602-L00632,TA09,55,46,2,2026-02-20T16:31:30,2026-02-22T02:33,2041.5
20263,V202602-L00635,TA02,60,33,2,2026-02-20T17:58,2026-02-21T03:35,577.0
20263,V202602-L00635,TA05,60,33,4,2026-02-20T17:58,2026-02-21T03:35,577.0
20263,V202602-L00636,TA08,51,32,1,2026-02-20T18:03,2026-02-20T23:56,353.0
20263,V202602-L00637,TA04,68,39,2,2026-02-20T18:45:30,2026-02-21T00:14,328.5
20263,V202602-L00638,TM01,36,22,2,2026-02-20T18:00:48,2026-02-22T04:15,2054.2
20263,V202602-L00639,TM06,35,7,4,2026-02-20T18:30,2026-02-22T04:23,2033.0
20263,V202602-L00639,TM15,35,7,4,2026-02-20T18:30,2026-02-22T04:23,2033.0
20263,V202602-L00642,TA03,11,45,1,2026-02-20T19:02,2026-02-21T11:45,1003.0
20263,V202602-L00641,TA06,53,7,3,2026-02-20T19:30,2026-02-20T21:01,91.0
20263,V202602-L00640,TA09,62,19,4,2026-02-20T19:22:30,2026-02-22T04:52,2009.5
20263,V202602-L00643,TA07,12,32,3,2026-02-20T19:49,2026-02-22T06:40,2091.0
20263,V202602-L00644,TA05,52,42,2,2026-02-20T22:30,2026-02-22T08:54,2064.0
20263,V202602-L00644,TA05,52,42,4,2026-02-20T22:30,2026-02-22T08:54,2064.0
20263,V202602-L00645,TA02,67,7,1,2026-02-20T22:55,2026-02-21T01:06,131.0
20263,V202602-L00646,TA01,23,9,2,2026-02-20T22:43:30,2026-02-21T05:27,403.5
20263,V202602-L00646,TA01,23,9,4,2026-02-20T22:43:30,2026-02-21T05:27,403.5
20263,V202602-L00646,TA01,23,9,4,2026-02-20T22:43:30,2026-02-21T05:27,403.5
20263,V202602-L00647,TA01,34,4,2,2026-02-21T00:52:30,2026-02-21T16:20,927.5
20263,V202602-L00647,TA01,34,4,4,2026-02-21T00:52:30,2026-02-21T16:20,927.5
20263,V202602-L00648,TA03,26,43,4,2026-02-21T00:38:30,2026-02-21T03:04,145.5
20263,V202602-L00648,TA07,26,43,2,2026-02-21T00:38:30,2026-02-21T03:04,145.5
20263,V202602-L00648,TA10,26,43,4,2026-02-21T00:38:30,2026-02-21T03:04,145.5
20263,V202602-L00649,TM01,14,5,1,2026-02-21T01:12:48,2026-02-21T17:13,960.2
20263,V202602-L00650,TA05,24,46,4,2026-02-21T01:48,2026-02-22T11:28,2020.0
20263,V202602-L00650,TA08,24,46,2,2026-02-21T01:48,2026-02-22T11:28,2020.0
20263,V202602-L00651,TA02,61,25,1,2026-02-21T01:19,2026-02-22T12:01,2082.0
20263,V202602-L00651,TA04,61,25,4,2026-02-21T01:19,2026-02-22T12:01,2082.0
20263,V202602-L00652,TA03,7,25,4,2026-02-21T03:34,2026-02-21T19:22,948.0
20263,V202602-L00652,TA10,7,25,2,2026-02-21T03:34,2026-02-21T19:22,948.0
20263,V202602-L00652,TA10,7,25,4,2026-02-21T03:34,2026-02-21T19:22,948.0
20263,V202602-L00653,TA09,69,20,3,2026-02-21T03:38:30,2026-02-22T14:05,2066.5
20263,V202602-L00653,TA09,69,20,4,2026-02-21T03:38:30,2026-02-22T14:05,2066.5
20263,V202602-L00654,TA07,1,31,1,2026-02-21T04:07,2026-02-21T10:38,391.0
20263,V202602-L00655,TA02,49,20,4,2026-02-21T04:52:30,2026-02-22T15:28,2075.5
20263,V202602-L00655,TA04,49,20,1,2026-02-21T04:52:30,2026-02-22T15:28,2075.5
20263,V202602-L00656,TA01,48,7,1,2026-02-21T05:52,2026-02-21T12:09,377.0
20263,V202602-L00656,TA01,48,7,4,2026-02-21T05:52,2026-02-21T12:09,377.0
20263,V202602-L00656,TA01,48,7,4,2026-02-21T05:52,2026-02-21T12:09,377.0
20263,V202602-L00657,TA05,13,23,4,2026-02-21T06:34,2026-02-21T23:02,988.0
20263,V202602-L00657,TA10,13,23,4,2026-02-21T06:34,2026-02-21T23:02,988.0
20263,V202602-L00658,TA01,27,15,4,2026-02-21T08:01:30,2026-02-21T13:58,356.5
20263,V202602-L00658,TA01,27,15,1,2026-02-21T08:01:30,2026-02-21T13:58,356.5
20263,V202602-L00658,TA01,27,15,4,2026-02-21T08:01:30,2026-02-21T13:58,356.5
20263,V202602-L00659,TA04,39,34,4,2026-02-21T08:37:30,2026-02-21T14:07,329.5
20263,V202602-L00659,TA09,39,34,4,2026-02-21T08:37:30,2026-02-21T14:07,329.5
20263,V202602-L00660,TA02,46,7,3,2026-02-21T08:56:30,2026-02-22T01:02,965.5
20263,V202602-L00661,TA03,2,38,2,2026-02-21T08:25,2026-02-22T19:10,2085.0
20263,V202602-L00662,TA06,69,48,1,2026-02-21T09:49:30,2026-02-22T19:52,2042.5
20263,V202602-L00663,TA01,43,5,1,2026-02-21T10:40:30,2026-02-22T20:55,2054.5
20263,V202602-L00664,TA05,61,45,2,2026-02-21T11:24,2026-02-21T16:57,333.0
20263,V202602-L00665,TM01,41,22,4,2026-02-21T11:22:48,2026-02-21T17:23,360.2
20263,V202602-L00665,TM02,41,22,1,2026-02-21T11:22:48,2026-02-21T17:23,360.2
20263,V202602-L00665,TM05,41,22,4,2026-02-21T11:22:48,2026-02-21T17:23,360.2
20263,V202602-L00666,TA04,66,29,4,2026-02-21T11:31:30,2026-02-22T21:55,2063.5
20263,V202602-L00666,TA09,66,29,2,2026-02-21T11:31:30,2026-02-22T21:55,2063.5
20263,V202602-L00666,TA09,66,29,4,2026-02-21T11:31:30,2026-02-22T21:55,2063.5
20263,V202602-L00667,TA02,44,19,4,2026-02-21T12:08:30,2026-02-22T22:16,2047.5
20263,V202602-L00668,TA06,63,20,4,2026-02-21T12:59:30,2026-02-22T23:33,2073.5
20263,V202602-L00668,TA06,63,20,4,2026-02-21T12:59:30,2026-02-22T23:33,2073.5
20263,V202602-L00668,TA06,63,20,1,2026-02-21T12:59:30,2026-02-22T23:33,2073.5
20263,V202602-L00669,TA03,1,22,4,2026-02-21T13:30:30,2026-02-22T23:42,2051.5
20263,V202602-L00669,TA07,1,22,4,2026-02-21T13:30:30,2026-02-22T23:42,2051.5
20263,V202602-L00669,TA08,1,22,2,2026-02-21T13:30:30,2026-02-22T23:42,2051.5
20263,V202602-L00670,TA01,18,1,3,2026-02-21T14:03,2026-02-23T00:30,2067.0
20263,V202602-L00670,TA01,18,1,4,2026-02-21T14:03,2026-02-23T00:30,2067.0
20263,V202602-L00671,TA10,23,38,4,2026-02-21T13:56:30,2026-02-21T20:39,402.5
20263,V202602-L00671,TA10,23,38,1,2026-02-21T13:56:30,2026-02-21T20:39,402.5
20263,V202602-L00672,TA01,11,6,1,2026-02-21T16:36,2026-02-22T01:37,541.0
20263,V202602-L00672,TA01,11,6,4,2026-02-21T16:36,2026-02-22T01:37,541.0
20263,V202602-L00672,TA01,11,6,4,2026-02-21T16:36,2026-02-22T01:37,541.0
20263,V202602-L00673,TA02,46,37,2,2026-02-21T16:31:30,2026-02-21T22:22,350.5
20263,V202602-L00674,TA04,45,29,4,2026-02-21T17:01,2026-02-23T03:40,2079.0
20263,V202602-L00675,TA07,12,5,4,2026-02-21T17:49:30,2026-02-21T19:58,128.5
20263,V202602-L00675,TA10,12,5,2,2026-02-21T17:49:30,2026-02-21T19:58,128.5
20263,V202602-L00676,TM09,40,14,1,2026-02-21T17:31:12,2026-02-21T20:00,148.8
20263,V202602-L00676,TM13,40,14,4,2026-02-21T17:31:12,2026-02-21T20:00,148.8
20263,V202602-L00677,TA05,64,47,4,2026-02-21T18:00:30,2026-02-22T04:12,611.5
20263,V202602-L00677,TA05,64,47,4,2026-02-21T18:00:30,2026-02-22T04:12,611.5
20263,V202602-L00678,TM04,17,19,4,2026-02-21T19:06,2026-02-23T05:23,2057.0
20263,V202602-L00678,TM06,17,19,4,2026-02-21T19:06,2026-02-23T05:23,2057.0
20263,V202602-L00678,TM08,17,19,2,2026-02-21T19:06,2026-02-23T05:23,2057.0
20263,V202602-L00679,TA03,16,33,1,2026-02-21T20:23:30,2026-02-23T07:02,2078.5
20263,V202602-L00680,TA01,14,17,2,2026-02-21T21:24,2026-02-23T07:58,2074.0
20263,V202602-L00680,TA01,14,17,4,2026-02-21T21:24,2026-02-23T07:58,2074.0
20263,V202602-L00680,TA01,14,17,4,2026-02-21T21:24,2026-02-23T07:58,2074.0
20263,V202602-L00681,TA02,55,9,2,2026-02-21T22:10,2026-02-23T08:31,2061.0
20263,V202602-L00681,TA02,55,9,4,2026-02-21T22:10,2026-02-23T08:31,2061.0
20263,V202602-L00681,TA04,55,9,4,2026-02-21T22:10,2026-02-23T08:31,2061.0
20263,V202602-L00683,TA05,55,35,2,2026-02-21T22:55,2026-02-22T15:33,998.0
20263,V202602-L00683,TA06,55,35,4,2026-02-21T22:55,2026-02-22T15:33,998.0
20263,V202602-L00683,TA09,55,35,4,2026-02-21T22:55,2026-02-22T15:33,998.0
20263,V202602-L00682,TA01,5,2,3,2026-02-22T00:51,2026-02-23T09:15,1944.0
20263,V202602-L00684,TA02,63,34,3,2026-02-22T00:19:30,2026-02-22T10:18,598.5
20263,V202602-L00685,TA07,17,7,3,2026-02-22T01:35:30,2026-02-23T12:10,2074.5
20263,V202602-L00686,TA04,58,3,3,2026-02-22T02:07:30,2026-02-22T12:21,613.5
20263,V202602-L00687,TA09,63,40,2,2026-02-22T02:58:30,2026-02-23T13:25,2066.5
20263,V202602-L00687,TA09,63,40,4,2026-02-22T02:58:30,2026-02-23T13:25,2066.5
20263,V202602-L00687,TA09,63,40,4,2026-02-22T02:58:30,2026-02-23T13:25,2066.5
20263,V202602-L00688,TA03,18,40,4,2026-02-22T02:52,2026-02-22T13:33,641.0
20263,V202602-L00688,TA08,18,40,4,2026-02-22T02:52,2026-02-22T13:33,641.0
20263,V202602-L00689,TA05,56,2,4,2026-02-22T03:59,2026-02-23T14:16,2057.0
20263,V202602-L00689,TA05,56,2,4,2026-02-22T03:59,2026-02-23T14:16,2057.0
20263,V202602-L00690,TA08,1,43,4,2026-02-22T05:14,2026-02-23T15:48,2074.0
20263,V202602-L00690,TA08,1,43,1,2026-02-22T05:14,2026-02-23T15:48,2074.0
20263,V202602-L00691,TA01,38,23,4,2026-02-22T05:41:30,2026-02-22T07:55,133.5
20263,V202602-L00691,TA01,38,23,4,2026-02-22T05:41:30,2026-02-22T07:55,133.5
20263,V202602-L00692,TA10,28,1,4,2026-02-22T05:31,2026-02-22T08:08,157.0
20263,V202602-L00692,TA10,28,1,2,2026-02-22T05:31,2026-02-22T08:08,157.0
20263,V202602-L00693,TA02,47,39,2,2026-02-22T06:23,2026-02-23T16:45,2062.0
20263,V202602-L00698,TA01,28,15,1,2026-02-22T08:03,2026-02-23T18:58,2095.0
20263,V202602-L00694,TA03,32,43,4,2026-02-22T08:37:30,2026-02-23T17:42,1984.5
20263,V202602-L00694,TA03,32,43,1,2026-02-22T08:37:30,2026-02-23T17:42,1984.5
20263,V202602-L00696,TA04,44,33,1,2026-02-22T08:28:30,2026-02-22T14:33,364.5
20263,V202602-L00695,TA05,62,39,4,2026-02-22T08:25:30,2026-02-23T17:57,2011.5
20263,V202602-L00695,TA05,62,39,1,2026-02-22T08:25:30,2026-02-23T17:57,2011.5
20263,V202602-L00697,TA06,45,18,4,2026-02-22T08:31:30,2026-02-23T18:34,2042.5
20263,V202602-L00697,TA06,45,18,1,2026-02-22T08:31:30,2026-02-23T18:34,2042.5
20263,V202602-L00697,TA09,45,18,4,2026-02-22T08:31:30,2026-02-23T18:34,2042.5
20263,V202602-L00699,TA02,62,45,4,2026-02-22T08:54:30,2026-02-22T15:12,377.5
20263,V202602-L00699,TA02,62,45,4,2026-02-22T08:54:30,2026-02-22T15:12,377.5
20263,V202602-L00700,TA08,42,41,1,2026-02-22T09:29:30,2026-02-22T11:32,122.5
20263,V202602-L00701,TA07,25,8,4,2026-02-22T09:22,2026-02-23T02:07,1005.0
20263,V202602-L00702,TM05,55,14,4,2026-02-22T09:56,2026-02-22T16:15,379.0
20263,V202602-L00702,TM05,55,14,2,2026-02-22T09:56,2026-02-22T16:15,379.0
20263,V202602-L00703,TM01,62,6,1,2026-02-22T11:22:24,2026-02-22T17:16,353.6
20263,V202602-L00703,TM01,62,6,4,2026-02-22T11:22:24,2026-02-22T17:16,353.6
20263,V202602-L00703,TM02,62,6,4,2026-02-22T11:22:24,2026-02-22T17:16,353.6
20263,V202602-L00705,TA01,28,44,1,2026-02-22T11:46:30,2026-02-23T21:59,2052.5
20263,V202602-L00705,TA01,28,44,4,2026-02-22T11:46:30,2026-02-23T21:59,2052.5
20263,V202602-L00705,TA01,28,44,4,2026-02-22T11:46:30,2026-02-23T21:59,2052.5
20263,V202602-L00704,TA03,9,35,3,2026-02-22T11:24,2026-02-23T21:43,2059.0
20263,V202602-L00706,TA07,14,12,3,2026-02-22T13:12:30,2026-02-23T05:41,988.5
20263,V202602-L00707,TA10,25,4,3,2026-02-22T13:38,2026-02-22T20:11,393.0
20263,V202602-L00708,TA02,62,20,3,2026-02-22T14:38,2026-02-22T17:13,155.0
20263,V202602-L00708,TA02,62,20,4,2026-02-22T14:38,2026-02-22T17:13,155.0
20263,V202602-L00710,TA01,22,37,4,2026-02-22T16:16:30,2026-02-24T01:54,2017.5
20263,V202602-L00710,TA01,22,37,2,2026-02-22T16:16:30,2026-02-24T01:54,2017.5
20263,V202602-L00711,TA03,14,49,4,2026-02-22T16:19:30,2026-02-23T07:57,937.5
20263,V202602-L00709,TA05,69,48,1,2026-02-22T16:49:30,2026-02-24T01:40,1970.5
20263,V202602-L00709,TA08,69,48,4,2026-02-22T16:49:30,2026-02-24T01:40,1970.5
20263,V202602-L00712,TA02,68,4,2,2026-02-22T19:21,2026-02-24T05:29,2048.0
20263,V202602-L00712,TA09,68,4,4,2026-02-22T19:21,2026-02-24T05:29,2048.0
20263,V202602-L00712,TA09,68,4,4,2026-02-22T19:21,2026-02-24T05:29,2048.0
20263,V202602-L00713,TA01,16,39,1,2026-02-22T19:07:30,2026-02-23T05:51,643.5
20263,V202602-L00715,TA07,22,4,2,2026-02-22T20:12:30,2026-02-24T06:43,2070.5
20263,V202602-L00715,TA07,22,4,4,2026-02-22T20:12:30,2026-02-24T06:43,2070.5
20263,V202602-L00714,TA08,64,26,3,2026-02-22T20:02,2026-02-22T22:42,160.0
20263,V202602-L00715,TA10,22,4,4,2026-02-22T20:12:30,2026-02-24T06:43,2070.5
20263,V202602-L00716,TA01,1,30,1,2026-02-22T20:58:30,2026-02-22T23:25,146.5
20263,V202602-L00717,TA02,65,29,2,2026-02-22T21:55,2026-02-23T00:36,161.0
20263,V202602-L00717,TA02,65,29,4,2026-02-22T21:55,2026-02-23T00:36,161.0
20263,V202602-L00718,TA03,1,46,4,2026-02-22T22:28:30,2026-02-24T08:51,2062.5
20263,V202602-L00718,TA03,1,46,4,2026-02-22T22:28:30,2026-02-24T08:51,2062.5
20263,V202602-L00718,TA03,1,46,2,2026-02-22T22:28:30,2026-02-24T08:51,2062.5
20263,V202602-L00720,TA03,16,40,3,2026-02-23T00:09,2026-02-23T10:26,617.0
20263,V202602-L00719,TA07,7,14,4,2026-02-23T00:30,2026-02-23T15:46,916.0
20263,V202602-L00719,TA07,7,14,2,2026-02-23T00:30,2026-02-23T15:46,916.0
20263,V202602-L00721,TA10,11,5,4,2026-02-23T01:27:30,2026-02-23T03:48,140.5
20263,V202602-L00721,TA10,11,5,4,2026-02-23T01:27:30,2026-02-23T03:48,140.5
20263,V202602-L00721,TA10,11,5,2,2026-02-23T01:27:30,2026-02-23T03:48,140.5
20263,V202602-L00722,TA01,18,32,4,2026-02-23T01:58,2026-02-24T12:33,2075.0
20263,V202602-L00723,TA03,30,48,1,2026-02-23T03:00,2026-02-24T12:50,2030.0
20263,V202602-L00724,TM03,26,28,1,2026-02-23T02:56,2026-02-24T13:15,2059.0
20263,V202602-L00725,TA02,61,15,4,2026-02-23T02:54,2026-02-23T19:25,991.0
20263,V202602-L00725,TA08,61,15,1,2026-02-23T02:54,2026-02-23T19:25,991.0
20263,V202602-L00725,TA09,61,15,4,2026-02-23T02:54,2026-02-23T19:25,991.0
20263,V202602-L00727,TA04,35,41,4,2026-02-23T03:54,2026-02-23T10:00,366.0
20263,V202602-L00727,TA04,35,41,4,2026-02-23T03:54,2026-02-23T10:00,366.0
20263,V202602-L00726,TA07,11,39,1,2026-02-23T04:01:30,2026-02-24T13:38,2016.5
20263,V202602-L00728,TA05,58,1,2,2026-02-23T04:50:30,2026-02-24T15:10,2059.5
20263,V202602-L00728,TA05,58,1,4,2026-02-23T04:50:30,2026-02-24T15:10,2059.5
20263,V202602-L00728,TA05,58,1,4,2026-02-23T04:50:30,2026-02-24T15:10,2059.5
20263,V202602-L00729,TA02,43,45,2,2026-02-23T05:18,2026-02-24T15:23,2045.0
20263,V202602-L00729,TA08,43,45,4,2026-02-23T05:18,2026-02-24T15:23,2045.0
20263,V202602-L00729,TA09,43,45,4,2026-02-23T05:18,2026-02-24T15:23,2045.0
20263,V202602-L00730,TA10,35,18,4,2026-02-23T05:08,2026-02-23T21:44,996.0
20263,V202602-L00730,TA10,35,18,4,2026-02-23T05:08,2026-02-23T21:44,996.0
20263,V202602-L00730,TA10,35,18,2,2026-02-23T05:08,2026-02-23T21:44,996.0
20263,V202602-L00731,TA03,13,18,1,2026-02-23T06:21:30,2026-02-24T16:47,2065.5
20263,V202602-L00731,TA07,13,18,4,2026-02-23T06:21:30,2026-02-24T16:47,2065.5
20263,V202602-L00732,TA06,70,18,4,2026-02-23T06:53,2026-02-23T13:11,378.0
20263,V202602-L00734,TA01,7,41,4,2026-02-23T06:42,2026-02-23T13:30,408.0
20263,V202602-L00734,TA01,7,41,4,2026-02-23T06:42,2026-02-23T13:30,408.0
20263,V202602-L00734,TA01,7,41,1,2026-02-23T06:42,2026-02-23T13:30,408.0
20263,V202602-L00733,TA10,19,9,4,2026-02-23T06:49:30,2026-02-23T13:25,395.5
20263,V202602-L00733,TA10,19,9,3,2026-02-23T06:49:30,2026-02-23T13:25,395.5
20263,V202602-L00735,TA02,53,49,1,2026-02-23T08:39,2026-02-23T13:37,298.0
20263,V202602-L00736,TA05,63,34,2,2026-02-23T08:29:30,2026-02-24T19:03,2073.5
20263,V202602-L00736,TA05,63,34,4,2026-02-23T08:29:30,2026-02-24T19:03,2073.5
20263,V202602-L00737,TA03,35,24,3,2026-02-23T08:57,2026-02-23T11:23,146.0
20263,V202602-L00738,TA01,12,45,4,2026-02-23T10:00:30,2026-02-23T20:50,649.5
20263,V202602-L00738,TA04,12,45,4,2026-02-23T10:00:30,2026-02-23T20:50,649.5
20263,V202602-L00739,TA10,28,13,4,2026-02-23T10:43,2026-02-24T21:39,2096.0
20263,V202602-L00739,TA10,28,13,3,2026-02-23T10:43,2026-02-24T21:39,2096.0
20263,V202602-L00741,TA03,9,14,2,2026-02-23T13:07,2026-02-23T15:40,153.0
20263,V202602-L00740,TA04,31,38,4,2026-02-23T13:08:30,2026-02-23T23:38,629.5
20263,V202602-L00740,TA04,31,38,1,2026-02-23T13:08:30,2026-02-23T23:38,629.5
20263,V202602-L00742,TA07,19,19,4,2026-02-23T13:29:30,2026-02-23T20:04,394.5
20263,V202602-L00742,TA07,19,19,4,2026-02-23T13:29:30,2026-02-23T20:04,394.5
20263,V202602-L00742,TA10,19,19,2,2026-02-23T13:29:30,2026-02-23T20:04,394.5
20263,V202602-L00743,TA03,18,11,4,2026-02-23T14:58,2026-02-25T01:39,2081.0
20263,V202602-L00743,TA03,18,11,4,2026-02-23T14:58,2026-02-25T01:39,2081.0
20263,V202602-L00743,TA03,18,11,2,2026-02-23T14:58,2026-02-25T01:39,2081.0
20263,V202602-L00745,TA04,25,46,1,2026-02-23T16:31:30,2026-02-25T02:41,2049.5
20263,V202602-L00744,TA07,48,4,4,2026-02-23T16:46:30,2026-02-25T02:20,2013.5
20263,V202602-L00744,TA10,48,4,2,2026-02-23T16:46:30,2026-02-25T02:20,2013.5
20263,V202602-L00744,TA10,48,4,4,2026-02-23T16:46:30,2026-02-25T02:20,2013.5
20263,V202602-L00746,TA02,52,44,2,2026-02-23T17:03,2026-02-24T09:23,980.0
20263,V202602-L00747,TA03,22,4,2,2026-02-23T16:52:30,2026-02-23T23:30,397.5
20263,V202602-L00748,TA05,47,5,2,2026-02-23T19:18,2026-02-24T05:29,611.0
20263,V202602-L00748,TA05,47,5,4,2026-02-23T19:18,2026-02-24T05:29,611.0
20263,V202602-L00749,TA08,52,36,3,2026-02-23T19:11,2026-02-25T05:48,2077.0
20263,V202602-L00749,TA09,52,36,4,2026-02-23T19:11,2026-02-25T05:48,2077.0
20263,V202602-L00750,TA06,50,40,1,2026-02-23T19:50,2026-02-24T06:18,628.0
20263,V202602-L00750,TA06,50,40,4,2026-02-23T19:50,2026-02-24T06:18,628.0
20263,V202602-L00751,TA03,31,4,1,2026-02-23T20:21,2026-02-24T02:52,391.0
20263,V202602-L00752,TA01,9,11,4,2026-02-23T21:15,2026-02-25T07:30,2055.0
20263,V202602-L00752,TA04,9,11,1,2026-02-23T21:15,2026-02-25T07:30,2055.0
20263,V202602-L00753,TA05,43,9,4,2026-02-23T21:33,2026-02-24T03:42,369.0
20263,V202602-L00753,TA05,43,9,4,2026-02-23T21:33,2026-02-24T03:42,369.0
20263,V202602-L00753,TA05,43,9,2,2026-02-23T21:33,2026-02-24T03:42,369.0
20263,V202602-L00754,TA03,7,20,4,2026-02-23T22:49,2026-02-25T09:01,2052.0
20263,V202602-L00754,TA03,7,20,3,2026-02-23T22:49,2026-02-25T09:01,2052.0
20263,V202602-L00755,TA01,28,30,1,2026-02-24T00:25:30,2026-02-24T15:29,903.5
20263,V202602-L00755,TA01,28,30,4,2026-02-24T00:25:30,2026-02-24T15:29,903.5
20263,V202602-L00755,TA01,28,30,4,2026-02-24T00:25:30,2026-02-24T15:29,903.5
20263,V202602-L00757,TA04,25,38,4,2026-02-24T00:39,2026-02-24T06:05,326.0
20263,V202602-L00757,TA04,25,38,4,2026-02-24T00:39,2026-02-24T06:05,326.0
20263,V202602-L00757,TA05,25,38,1,2026-02-24T00:39,2026-02-24T06:05,326.0
20263,V202602-L00758,TA02,47,1,2,2026-02-24T01:04,2026-02-24T03:10,126.0
20263,V202602-L00756,TA03,9,29,2,2026-02-24T00:41:30,2026-02-24T05:54,312.5
20263,V202602-L00759,TA08,56,31,4,2026-02-24T02:27:30,2026-02-24T09:16,408.5
20263,V202602-L00759,TA09,56,31,2,2026-02-24T02:27:30,2026-02-24T09:16,408.5
20263,V202602-L00759,TA09,56,31,4,2026-02-24T02:27:30,2026-02-24T09:16,408.5
20263,V202602-L00760,TA07,52,42,2,2026-02-24T03:20,2026-02-25T13:47,2067.0
20263,V202602-L00760,TA07,52,42,4,2026-02-24T03:20,2026-02-25T13:47,2067.0
20263,V202602-L00761,TA10,61,15,4,2026-02-24T03:44,2026-02-24T14:13,629.0
20263,V202602-L00761,TA10,61,15,3,2026-02-24T03:44,2026-02-24T14:13,629.0
20263,V202602-L00763,TA02,44,6,1,2026-02-24T04:31,2026-02-24T10:46,375.0
20263,V202602-L00763,TA02,44,6,4,2026-02-24T04:31,2026-02-24T10:46,375.0
20263,V202602-L00763,TA02,44,6,4,2026-02-24T04:31,2026-02-24T10:46,375.0
20263,V202602-L00762,TA08,57,13,3,2026-02-24T04:11,2026-02-24T14:43,632.0
20263,V202602-L00764,TM07,32,4,2,2026-02-24T05:06,2026-02-25T15:26,2060.0
20263,V202602-L00764,TM10,32,4,4,2026-02-24T05:06,2026-02-25T15:26,2060.0
20263,V202602-L00764,TM15,32,4,4,2026-02-24T05:06,2026-02-25T15:26,2060.0
20263,V202602-L00765,TA01,3,26,4,2026-02-24T06:11:30,2026-02-24T22:32,980.5
20263,V202602-L00767,TA08,43,49,3,2026-02-24T08:54,2026-02-25T18:57,2043.0
20263,V202602-L00767,TA08,43,49,4,2026-02-24T08:54,2026-02-25T18:57,2043.0
20263,V202602-L00766,TA09,70,30,1,2026-02-24T08:42,2026-02-25T18:42,2040.0
20263,V202602-L00768,TA07,49,24,4,2026-02-24T08:26:30,2026-02-25T01:03,996.5
20263,V202602-L00768,TA07,49,24,4,2026-02-24T08:26:30,2026-02-25T01:03,996.5
20263,V202602-L00770,TA01,19,47,2,2026-02-24T10:14,2026-02-24T20:46,632.0
20263,V202602-L00770,TA01,19,47,4,2026-02-24T10:14,2026-02-24T20:46,632.0
20263,V202602-L00769,TA04,6,32,4,2026-02-24T10:08,2026-02-25T20:44,2076.0
20263,V202602-L00769,TA05,6,32,2,2026-02-24T10:08,2026-02-25T20:44,2076.0
20263,V202602-L00769,TA05,6,32,4,2026-02-24T10:08,2026-02-25T20:44,2076.0
20263,V202602-L00771,TA06,66,9,3,2026-02-24T11:20:30,2026-02-24T17:31,370.5
20263,V202602-L00772,TA03,12,36,4,2026-02-24T11:03,2026-02-25T22:00,2097.0
20263,V202602-L00772,TA03,12,36,4,2026-02-24T11:03,2026-02-25T22:00,2097.0
20263,V202602-L00773,TA07,47,37,4,2026-02-24T12:20,2026-02-24T18:47,387.0
20263,V202602-L00773,TA07,47,37,4,2026-02-24T12:20,2026-02-24T18:47,387.0
20263,V202602-L00773,TA08,47,37,1,2026-02-24T12:20,2026-02-24T18:47,387.0
20263,V202602-L00774,TA09,65,13,1,2026-02-24T12:23,2026-02-24T18:49,386.0
20263,V202602-L00774,TA09,65,13,4,2026-02-24T12:23,2026-02-24T18:49,386.0
20263,V202602-L00774,TA10,65,13,4,2026-02-24T12:23,2026-02-24T18:49,386.0
20263,V202602-L00776,TA02,21,20,4,2026-02-24T12:48,2026-02-25T23:27,2079.0
20263,V202602-L00776,TA02,21,20,4,2026-02-24T12:48,2026-02-25T23:27,2079.0
20263,V202602-L00775,TM01,65,4,2,2026-02-24T13:44:24,2026-02-25T23:21,2016.6
20263,V202602-L00775,TM01,65,4,4,2026-02-24T13:44:24,2026-02-25T23:21,2016.6
20263,V202602-L00777,TA06,44,36,3,2026-02-24T13:43,2026-02-24T16:10,147.0
20263,V202602-L00778,TA02,8,15,4,2026-02-24T14:40,2026-02-26T01:05,2065.0
20263,V202602-L00779,TA01,13,39,3,2026-02-24T16:03,2026-02-25T02:02,599.0
20263,V202602-L00780,TA02,19,2,4,2026-02-24T17:00,2026-02-24T19:22,142.0
20263,V202602-L00780,TA02,19,2,2,2026-02-24T17:00,2026-02-24T19:22,142.0
20263,V202602-L00780,TA02,19,2,4,2026-02-24T17:00,2026-02-24T19:22,142.0
20263,V202602-L00781,TA06,53,12,1,2026-02-24T16:58:30,2026-02-24T23:24,385.5
20263,V202602-L00781,TA10,53,12,4,2026-02-24T16:58:30,2026-02-24T23:24,385.5
20263,V202602-L00782,TA02,36,20,1,2026-02-24T19:52:30,2026-02-26T06:28,2075.5
20263,V202602-L00782,TA02,36,20,4,2026-02-24T19:52:30,2026-02-26T06:28,2075.5
20263,V202602-L00782,TA02,36,20,4,2026-02-24T19:52:30,2026-02-26T06:28,2075.5
20263,V202602-L00783,TA07,68,48,3,2026-02-24T20:28,2026-02-25T02:38,370.0
20263,V202602-L00783,TA07,68,48,4,2026-02-24T20:28,2026-02-25T02:38,370.0
20263,V202602-L00784,TA01,12,1,1,2026-02-24T20:45:30,2026-02-25T02:42,356.5
20263,V202602-L00785,TA05,14,42,4,2026-02-24T20:29,2026-02-24T23:16,167.0
20263,V202602-L00785,TA05,14,42,1,2026-02-24T20:29,2026-02-24T23:16,167.0
20263,V202602-L00786,TA09,54,36,4,2026-02-24T21:38,2026-02-25T00:19,161.0
20263,V202602-L00786,TA10,54,36,3,2026-02-24T21:38,2026-02-25T00:19,161.0
20263,V202602-L00787,TA02,24,17,4,2026-02-24T21:49,2026-02-25T00:31,162.0
20263,V202602-L00787,TA02,24,17,1,2026-02-24T21:49,2026-02-25T00:31,162.0
20263,V202602-L00787,TA02,24,17,4,2026-02-24T21:49,2026-02-25T00:31,162.0
20263,V202602-L00788,TA06,50,38,1,2026-02-24T22:07,2026-02-25T08:39,632.0
20263,V202602-L00789,TA05,17,41,4,2026-02-24T22:12,2026-02-25T04:56,404.0
20263,V202602-L00789,TA05,17,41,3,2026-02-24T22:12,2026-02-25T04:56,404.0
20263,V202602-L00790,TA03,35,47,4,2026-02-25T00:48,2026-02-25T06:09,321.0
20263,V202602-L00791,TA06,69,27,2,2026-02-25T00:18,2026-02-25T06:53,395.0
20263,V202602-L00792,TA04,38,42,3,2026-02-25T03:05,2026-02-26T13:16,2051.0
20263,V202602-L00793,TA05,32,47,4,2026-02-25T03:33:30,2026-02-26T13:47,2053.5
20263,V202602-L00793,TA05,32,47,3,2026-02-25T03:33:30,2026-02-26T13:47,2053.5
20263,V202602-L00794,TA03,2,40,2,2026-02-25T03:54,2026-02-25T10:17,383.0
20263,V202602-L00794,TA03,2,40,4,2026-02-25T03:54,2026-02-25T10:17,383.0
20263,V202602-L00794,TA03,2,40,4,2026-02-25T03:54,2026-02-25T10:17,383.0
20263,V202602-L00795,TA06,40,28,1,2026-02-25T04:17,2026-02-25T10:45,388.0
20263,V202602-L00796,TA09,42,34,4,2026-02-25T04:33,2026-02-25T06:58,145.0
20263,V202602-L00796,TA10,42,34,2,2026-02-25T04:33,2026-02-25T06:58,145.0
20263,V202602-L00796,TA10,42,34,4,2026-02-25T04:33,2026-02-25T06:58,145.0
20263,V202602-L00797,TA07,52,21,2,2026-02-25T04:56:30,2026-02-25T11:31,394.5
20263,V202602-L00798,TA04,35,49,3,2026-02-25T05:41,2026-02-25T15:47,606.0
20263,V202602-L00799,TA05,28,36,4,2026-02-25T05:47,2026-02-26T16:20,2073.0
20263,V202602-L00799,TA05,28,36,1,2026-02-25T05:47,2026-02-26T16:20,2073.0
20263,V202602-L00802,TA01,12,17,4,2026-02-25T08:27,2026-02-26T18:30,2043.0
20263,V202602-L00802,TA01,12,17,1,2026-02-25T08:27,2026-02-26T18:30,2043.0
20263,V202602-L00801,TA04,23,46,3,2026-02-25T08:28:30,2026-02-25T17:57,568.5
20263,V202602-L00800,TA08,56,1,3,2026-02-25T08:40:30,2026-02-26T17:30,1969.5
20263,V202602-L00800,TA10,56,1,4,2026-02-25T08:40:30,2026-02-26T17:30,1969.5
20263,V202602-L00803,TA06,58,12,4,2026-02-25T08:54,2026-02-26T19:30,2076.0
20263,V202602-L00803,TA07,58,12,4,2026-02-25T08:54,2026-02-26T19:30,2076.0
20263,V202602-L00803,TA07,58,12,1,2026-02-25T08:54,2026-02-26T19:30,2076.0
20263,V202602-L00805,TA01,19,13,4,2026-02-25T11:13:30,2026-02-25T17:58,404.5
20263,V202602-L00805,TA01,19,13,4,2026-02-25T11:13:30,2026-02-25T17:58,404.5
20263,V202602-L00804,TA09,50,14,3,2026-02-25T11:30,2026-02-26T21:57,2067.0
20263,V202602-L00806,TA06,69,19,3,2026-02-25T11:48,2026-02-26T22:09,2061.0
20263,V202602-L00807,TA07,41,23,4,2026-02-25T11:53,2026-02-25T18:12,379.0
20263,V202602-L00808,TA08,50,37,4,2026-02-25T12:15:30,2026-02-25T14:47,151.5
20263,V202602-L00808,TA08,50,37,4,2026-02-25T12:15:30,2026-02-25T14:47,151.5
20263,V202602-L00808,TA08,50,37,2,2026-02-25T12:15:30,2026-02-25T14:47,151.5
20263,V202602-L00809,TA10,51,4,2,2026-02-25T12:43:30,2026-02-25T18:58,374.5
20263,V202602-L00810,TM01,69,24,1,2026-02-25T13:16,2026-02-26T23:32,2056.0
20263,V202602-L00811,TA03,33,43,4,2026-02-25T14:19,2026-02-26T06:34,975.0
20263,V202602-L00811,TA03,33,43,4,2026-02-25T14:19,2026-02-26T06:34,975.0
20263,V202602-L00811,TA05,33,43,2,2026-02-25T14:19,2026-02-26T06:34,975.0
20263,V202602-L00812,TA06,43,25,1,2026-02-25T14:04,2026-02-25T20:35,391.0
20263,V202602-L00812,TA09,43,25,4,2026-02-25T14:04,2026-02-25T20:35,391.0
20263,V202602-L00813,TA01,18,20,2,2026-02-25T14:22:30,2026-02-26T07:00,997.5
20263,V202602-L00813,TA01,18,20,4,2026-02-25T14:22:30,2026-02-26T07:00,997.5
20263,V202602-L00816,TA01,5,13,2,2026-02-25T16:34:30,2026-02-27T02:34,2039.5
20263,V202602-L00816,TA01,5,13,4,2026-02-25T16:34:30,2026-02-27T02:34,2039.5
20263,V202602-L00815,TA02,28,1,4,2026-02-25T16:21,2026-02-25T18:17,116.0
20263,V202602-L00814,TM07,23,11,3,2026-02-25T16:16:48,2026-02-25T18:04,107.2
20263,V202602-L00817,TA04,4,11,3,2026-02-25T17:42:30,2026-02-26T09:43,960.5
20263,V202602-L00817,TA05,4,11,4,2026-02-25T17:42:30,2026-02-26T09:43,960.5
20263,V202602-L00818,TA06,66,46,1,2026-02-25T18:42,2026-02-27T05:00,2058.0
20263,V202602-L00819,TA03,11,3,4,2026-02-25T19:04,2026-02-25T21:08,124.0
20263,V202602-L00819,TA03,11,3,2,2026-02-25T19:04,2026-02-25T21:08,124.0
20263,V202602-L00820,TM08,11,10,3,2026-02-25T18:58,2026-02-27T05:08,2050.0
20263,V202602-L00820,TM11,11,10,4,2026-02-25T18:58,2026-02-27T05:08,2050.0
20263,V202602-L00821,TM03,16,15,1,2026-02-25T18:48:48,2026-02-25T21:18,149.2
20263,V202602-L00822,TA08,43,31,4,2026-02-25T19:17,2026-02-26T05:45,628.0
20263,V202602-L00822,TA08,43,31,2,2026-02-25T19:17,2026-02-26T05:45,628.0
20263,V202602-L00822,TA09,43,31,4,2026-02-25T19:17,2026-02-26T05:45,628.0
20263,V202602-L00823,TA01,11,15,3,2026-02-25T19:35:30,2026-02-26T12:09,993.5
20263,V202602-L00824,TA07,37,26,1,2026-02-25T20:21:30,2026-02-27T06:49,2067.5
20263,V202602-L00824,TA07,37,26,4,2026-02-25T20:21:30,2026-02-27T06:49,2067.5
20263,V202602-L00824,TA10,37,26,4,2026-02-25T20:21:30,2026-02-27T06:49,2067.5
20263,V202602-L00825,TA01,1,7,1,2026-02-25T22:29:30,2026-02-27T08:34,2044.5
20263,V202602-L00825,TA01,1,7,4,2026-02-25T22:29:30,2026-02-27T08:34,2044.5
20263,V202602-L00826,TA02,47,9,2,2026-02-26T00:37:30,2026-02-26T16:01,923.5
20263,V202602-L00827,TA03,38,3,4,2026-02-26T00:33,2026-02-27T10:59,2066.0
20263,V202602-L00827,TA03,38,3,3,2026-02-26T00:33,2026-02-27T10:59,2066.0
20263,V202602-L00826,TA04,47,9,4,2026-02-26T00:37:30,2026-02-26T16:01,923.5
20263,V202602-L00826,TA05,47,9,4,2026-02-26T00:37:30,2026-02-26T16:01,923.5
20263,V202602-L00828,TA01,8,27,4,2026-02-26T01:22:30,2026-02-26T11:56,633.5
20263,V202602-L00828,TA01,8,27,4,2026-02-26T01:22:30,2026-02-26T11:56,633.5
20263,V202602-L00829,TA07,70,8,4,2026-02-26T01:48,2026-02-26T08:00,372.0
20263,V202602-L00829,TA10,70,8,4,2026-02-26T01:48,2026-02-26T08:00,372.0
20263,V202602-L00830,TA08,60,26,2,2026-02-26T01:26,2026-02-27T12:13,2087.0
20263,V202602-L00830,TA09,60,26,4,2026-02-26T01:26,2026-02-27T12:13,2087.0
20263,V202602-L00831,TA06,0,36,2,2026-02-26T03:38,2026-02-26T04:45,67.0
20263,V202602-L00832,TA08,67,37,4,2026-02-26T04:10,2026-02-27T14:39,2069.0
20263,V202602-L00832,TA09,67,37,4,2026-02-26T04:10,2026-02-27T14:39,2069.0
20263,V202602-L00833,TA01,24,45,4,2026-02-26T04:38:30,2026-02-26T07:04,145.5
20263,V202602-L00833,TA01,24,45,4,2026-02-26T04:38:30,2026-02-26T07:04,145.5
20263,V202602-L00833,TA01,24,45,1,2026-02-26T04:38:30,2026-02-26T07:04,145.5
20263,V202602-L00834,TA02,0,12,1,2026-02-26T05:33:30,2026-02-26T07:42,128.5
20263,V202602-L00835,TA03,40,21,1,2026-02-26T05:20,2026-02-26T07:47,147.0
20263,V202602-L00836,TA04,2,3,4,2026-02-26T06:04,2026-02-27T16:08,2044.0
20263,V202602-L00837,TA07,63,21,3,2026-02-26T05:38,2026-02-27T16:19,2081.0
20263,V202602-L00837,TA07,63,21,4,2026-02-26T05:38,2026-02-27T16:19,2081.0
20263,V202602-L00839,TA05,22,27,4,2026-02-26T05:57,2026-02-26T16:29,632.0
20263,V202602-L00839,TA05,22,27,1,2026-02-26T05:57,2026-02-26T16:29,632.0
20263,V202602-L00839,TA05,22,27,4,2026-02-26T05:57,2026-02-26T16:29,632.0
20263,V202602-L00838,TA10,55,21,4,2026-02-26T05:42,2026-02-26T16:28,646.0
20263,V202602-L00841,TA01,2,22,4,2026-02-26T08:39,2026-02-26T10:32,113.0
20263,V202602-L00841,TA01,2,22,4,2026-02-26T08:39,2026-02-26T10:32,113.0
20263,V202602-L00841,TA01,2,22,1,2026-02-26T08:39,2026-02-26T10:32,113.0
20263,V202602-L00840,TA02,31,24,4,2026-02-26T08:21,2026-02-26T18:05,584.0
20263,V202602-L00840,TA02,31,24,1,2026-02-26T08:21,2026-02-26T18:05,584.0
20263,V202602-L00840,TA05,31,24,4,2026-02-26T08:21,2026-02-26T18:05,584.0
20263,V202602-L00842,TA06,0,20,3,2026-02-26T08:45,2026-02-27T18:49,2044.0
20263,V202602-L00843,TA03,29,15,1,2026-02-26T08:14:30,2026-02-27T01:03,1008.5
20263,V202602-L00844,TA09,49,50,4,2026-02-26T09:36:30,2026-02-26T19:44,607.5
20263,V202602-L00844,TA10,49,50,4,2026-02-26T09:36:30,2026-02-26T19:44,607.5
20263,V202602-L00845,TA04,24,46,4,2026-02-26T10:12:30,2026-02-27T20:11,2038.5
20263,V202602-L00846,TM04,18,11,4,2026-02-26T09:48:48,2026-02-27T20:20,2071.2
20263,V202602-L00846,TM08,18,11,2,2026-02-26T09:48:48,2026-02-27T20:20,2071.2
20263,V202602-L00847,TM06,21,34,4,2026-02-26T10:32:24,2026-02-27T20:24,2031.6
20263,V202602-L00847,TM15,21,34,4,2026-02-26T10:32:24,2026-02-27T20:24,2031.6
20263,V202602-L00848,TA03,17,3,3,2026-02-26T11:31:30,2026-02-26T17:59,387.5
20263,V202602-L00848,TA05,17,3,4,2026-02-26T11:31:30,2026-02-26T17:59,387.5
20263,V202602-L00849,TA01,29,45,4,2026-02-26T12:36,2026-02-26T22:58,622.0
20263,V202602-L00849,TA06,29,45,1,2026-02-26T12:36,2026-02-26T22:58,622.0
20263,V202602-L00850,TA03,20,7,2,2026-02-26T13:31,2026-02-28T00:08,2077.0
20263,V202602-L00850,TA05,20,7,4,2026-02-26T13:31,2026-02-28T00:08,2077.0
20263,V202602-L00851,TA02,3,3,1,2026-02-26T14:42:30,2026-02-28T00:48,2045.5
20263,V202602-L00851,TA02,3,3,4,2026-02-26T14:42:30,2026-02-28T00:48,2045.5
20263,V202602-L00852,TM09,17,14,3,2026-02-26T14:54,2026-02-26T21:26,392.0
20263,V202602-L00852,TM13,17,14,4,2026-02-26T14:54,2026-02-26T21:26,392.0
20263,V202602-L00853,TA06,31,30,3,2026-02-26T17:15:30,2026-02-26T17:58,42.5
20263,V202602-L00854,TA08,45,1,4,2026-02-26T16:57,2026-02-27T08:29,932.0
20263,V202602-L00854,TA08,45,1,4,2026-02-26T16:57,2026-02-27T08:29,932.0
20263,V202602-L00855,TA07,70,49,3,2026-02-26T18:22:30,2026-02-28T04:24,2041.5
20263,V202602-L00856,TA09,41,38,4,2026-02-26T19:50:30,2026-02-28T06:09,2058.5
20263,V202602-L00856,TA09,41,38,4,2026-02-26T19:50:30,2026-02-28T06:09,2058.5
20263,V202602-L00856,TA10,41,38,2,2026-02-26T19:50:30,2026-02-28T06:09,2058.5
20263,V202602-L00857,TA02,16,10,1,2026-02-26T20:42:30,2026-02-26T23:12,149.5
20263,V202602-L00857,TA05,16,10,4,2026-02-26T20:42:30,2026-02-26T23:12,149.5
20263,V202602-L00857,TA06,16,10,4,2026-02-26T20:42:30,2026-02-26T23:12,149.5
20263,V202602-L00858,TA01,32,39,4,2026-02-26T21:01:30,2026-02-27T13:29,987.5
20263,V202602-L00858,TA01,32,39,3,2026-02-26T21:01:30,2026-02-27T13:29,987.5
20263,V202602-L00859,TA04,24,45,2,2026-02-26T21:28:30,2026-02-28T07:53,2064.5
20263,V202602-L00860,TA03,27,27,4,2026-02-26T21:39:30,2026-02-28T08:11,2071.5
20263,V202602-L00860,TA03,27,27,4,2026-02-26T21:39:30,2026-02-28T08:11,2071.5
20263,V202602-L00861,TA08,23,12,3,2026-02-26T21:29,2026-02-27T04:20,411.0
20263,V202602-L00862,TA02,4,20,4,2026-02-26T22:53:30,2026-02-27T15:05,971.5
20263,V202602-L00862,TA06,4,20,3,2026-02-26T22:53:30,2026-02-27T15:05,971.5
20263,V202602-L00863,TA09,70,43,1,2026-02-26T22:53:30,2026-02-28T09:09,2055.5
20263,V202602-L00864,TA07,62,7,3,2026-02-26T22:57:30,2026-02-28T09:19,2061.5
20263,V202602-L00864,TA07,62,7,4,2026-02-26T22:57:30,2026-02-28T09:19,2061.5
20263,V202602-L00866,TA03,52,14,1,2026-02-27T00:37:30,2026-02-28T10:18,2020.5
20263,V202602-L00866,TA03,52,14,4,2026-02-27T00:37:30,2026-02-28T10:18,2020.5
20263,V202602-L00866,TA05,52,14,4,2026-02-27T00:37:30,2026-02-28T10:18,2020.5
20263,V202602-L00865,TA08,36,28,2,2026-02-27T00:34:30,2026-02-27T02:00,85.5
20263,V202602-L00867,TA10,47,33,3,2026-02-27T00:24,2026-02-27T16:54,990.0
20263,V202602-L00868,TA07,52,34,1,2026-02-27T01:28,2026-02-27T18:07,999.0
20263,V202602-L00869,TA02,17,42,4,2026-02-27T02:53:30,2026-02-27T09:37,403.5
20263,V202602-L00869,TA02,17,42,3,2026-02-27T02:53:30,2026-02-27T09:37,403.5
20263,V202602-L00870,TM08,25,3,4,2026-02-27T03:31:12,2026-02-27T05:54,142.8
20263,V202602-L00870,TM08,25,3,1,2026-02-27T03:31:12,2026-02-27T05:54,142.8
20263,V202602-L00870,TM10,25,3,4,2026-02-27T03:31:12,2026-02-27T05:54,142.8
20263,V202602-L00871,TA03,70,37,3,2026-02-27T03:54:30,2026-02-27T06:19,144.5
20263,V202602-L00872,TA05,69,8,2,2026-02-27T04:36:30,2026-02-27T20:41,964.5
20263,V202602-L00873,TA07,41,42,4,2026-02-27T04:46:30,2026-02-27T06:53,126.5
20263,V202602-L00873,TA10,41,42,4,2026-02-27T04:46:30,2026-02-27T06:53,126.5
20263,V202602-L00874,TA08,49,25,2,2026-02-27T04:45,2026-02-27T07:26,161.0
20263,V202602-L00874,TA09,49,25,4,2026-02-27T04:45,2026-02-27T07:26,161.0
20263,V202602-L00875,TA01,12,30,2,2026-02-27T04:52,2026-02-27T11:33,401.0
20263,V202602-L00876,TM05,52,30,4,2026-02-27T05:09:12,2026-02-27T07:46,156.8
20263,V202602-L00876,TM05,52,30,2,2026-02-27T05:09:12,2026-02-27T07:46,156.8
20263,V202602-L00877,TM09,19,4,1,2026-02-27T06:13:12,2026-02-27T22:21,967.8
20263,V202602-L00877,TM09,19,4,4,2026-02-27T06:13:12,2026-02-27T22:21,967.8
20263,V202602-L00878,TA04,38,37,2,2026-02-27T06:20:30,2026-02-28T16:40,2059.5
20263,V202602-L00878,TA04,38,37,4,2026-02-27T06:20:30,2026-02-28T16:40,2059.5
20263,V202602-L00878,TA06,38,37,4,2026-02-27T06:20:30,2026-02-28T16:40,2059.5
20263,V202602-L00879,TM12,29,17,4,2026-02-27T06:02,2026-02-28T16:48,2086.0
20263,V202602-L00879,TM13,29,17,4,2026-02-27T06:02,2026-02-28T16:48,2086.0
20263,V202602-L00881,TA05,57,23,1,2026-02-27T06:36,2026-02-28T17:25,2089.0
20263,V202602-L00882,TA01,13,43,4,2026-02-27T06:59,2026-02-28T17:44,2085.0
20263,V202602-L00882,TA01,13,43,1,2026-02-27T06:59,2026-02-28T17:44,2085.0
20263,V202602-L00883,TA02,20,24,1,2026-02-27T08:33,2026-02-27T23:45,912.0
20263,V202602-L00884,TA05,46,7,4,2026-02-27T08:46:30,2026-02-28T00:35,948.5
20263,V202602-L00884,TA07,46,7,3,2026-02-27T08:46:30,2026-02-28T00:35,948.5
20263,V202602-L00880,TA08,46,8,2,2026-02-27T08:45,2026-02-28T17:18,1953.0
20263,V202602-L00880,TA09,46,8,4,2026-02-27T08:45,2026-02-28T17:18,1953.0
20263,V202602-L00880,TA10,46,8,4,2026-02-27T08:45,2026-02-28T17:18,1953.0
20263,V202602-L00886,TA03,57,33,3,2026-02-27T08:29,2026-02-28T19:19,2090.0
20263,V202602-L00885,TA04,33,28,4,2026-02-27T09:06:30,2026-02-27T19:13,606.5
20263,V202602-L00885,TA04,33,28,4,2026-02-27T09:06:30,2026-02-27T19:13,606.5
20263,V202602-L00887,TA01,10,3,4,2026-02-27T11:15:30,2026-02-27T13:12,116.5
20263,V202602-L00887,TA06,10,3,4,2026-02-27T11:15:30,2026-02-27T13:12,116.5
20263,V202602-L00888,TM06,20,35,4,2026-02-27T12:06:24,2026-02-28T04:39,992.6
20263,V202602-L00888,TM15,20,35,1,2026-02-27T12:06:24,2026-02-28T04:39,992.6
20263,V202602-L00889,TA02,20,18,3,2026-02-27T12:26:30,2026-02-27T19:05,398.5
20263,V202602-L00890,TA01,0,6,3,2026-02-27T14:32:30,2026-03-01T00:39,2046.5
20263,V202602-L00890,TA01,0,6,4,2026-02-27T14:32:30,2026-03-01T00:39,2046.5
20263,V202602-L00892,TA10,20,10,3,2026-02-27T14:26:30,2026-02-27T21:04,397.5
20263,V202602-L00893,TA03,56,37,4,2026-02-27T14:46:30,2026-03-01T01:23,2076.5
20263,V202602-L00894,TA03,66,21,3,2026-02-27T16:25:30,2026-03-01T01:57,2011.5
20263,V202602-L00896,TA05,28,23,4,2026-02-27T16:15,2026-02-28T08:50,995.0
20263,V202602-L00895,TA07,27,50,4,2026-02-27T16:54,2026-03-01T02:47,2033.0
20263,V202602-L00891,TM06,5,26,4,2026-02-27T16:45:36,2026-02-28T06:41,835.4
20263,V202602-L00891,TM06,5,26,4,2026-02-27T16:45:36,2026-02-28T06:41,835.4
20263,V202602-L00897,TM02,60,14,4,2026-02-27T17:48:24,2026-02-27T20:02,133.6
20263,V202602-L00897,TM02,60,14,2,2026-02-27T17:48:24,2026-02-27T20:02,133.6
20263,V202602-L00897,TM05,60,14,4,2026-02-27T17:48:24,2026-02-27T20:02,133.6
20263,V202602-L00898,TA01,41,44,1,2026-02-27T18:46,2026-02-27T20:37,111.0
20263,V202602-L00900,TA02,0,14,2,2026-02-27T18:40:30,2026-02-28T10:56,975.5
20263,V202602-L00899,TA04,31,5,2,2026-02-27T18:19:30,2026-03-01T04:53,2073.5
20263,V202602-L00901,TA06,20,50,4,2026-02-27T19:24:30,2026-03-01T05:19,2034.5
20263,V202602-L00901,TM15,20,50,2,2026-02-27T19:08,2026-03-01T05:19,2051.0
20263,V202602-L00901,TM15,20,50,4,2026-02-27T19:08,2026-03-01T05:19,2051.0
20263,V202602-L00902,TA05,27,6,3,2026-02-27T18:52,2026-03-01T05:36,2084.0
20263,V202602-L00904,TA03,65,18,2,2026-02-27T19:15:30,2026-03-01T05:48,2072.5
20263,V202602-L00903,TA10,48,48,4,2026-02-27T20:12:30,2026-02-28T01:43,330.5
20263,V202602-L00903,TM01,48,48,4,2026-02-27T20:02,2026-02-28T01:43,341.0
20263,V202602-L00903,TM01,48,48,2,2026-02-27T20:02,2026-02-28T01:43,341.0
20263,V202602-L00905,TA07,30,42,1,2026-02-27T20:07:30,2026-03-01T06:25,2057.5
20263,V202602-L00906,TA04,29,32,1,2026-02-27T20:30,2026-02-28T06:51,621.0
20263,V202602-L00906,TA04,29,32,4,2026-02-27T20:30,2026-02-28T06:51,621.0
20263,V202602-L00907,TA09,0,12,4,2026-02-27T20:43:30,2026-02-28T13:00,976.5
20263,V202602-L00908,TA02,18,22,2,2026-02-27T20:55:30,2026-02-27T23:21,145.5
20263,V202602-L00908,TA02,18,22,4,2026-02-27T20:55:30,2026-02-27T23:21,145.5
20263,V202602-L00909,TA05,9,17,1,2026-02-27T21:21:30,2026-03-01T07:43,2061.5
20263,V202602-L00909,TA05,9,17,4,2026-02-27T21:21:30,2026-03-01T07:43,2061.5
20263,V202602-L00909,TA08,9,17,4,2026-02-27T21:21:30,2026-03-01T07:43,2061.5
20263,V202602-L00910,TA03,56,42,4,2026-02-27T21:54,2026-02-28T08:23,629.0
20263,V202602-L00911,TA06,4,34,1,2026-02-28T00:38,2026-03-01T11:18,2080.0
20263,V202602-L00913,TA01,47,16,2,2026-02-28T01:11:30,2026-02-28T03:40,148.5
20263,V202602-L00912,TA05,13,4,4,2026-02-28T01:16,2026-02-28T07:39,383.0
20263,V202602-L00912,TA08,13,4,2,2026-02-28T01:16,2026-02-28T07:39,383.0
20263,V202602-L00912,TA08,13,4,4,2026-02-28T01:16,2026-02-28T07:39,383.0
20263,V202602-L00914,TA07,26,33,2,2026-02-28T01:48:30,2026-03-01T12:12,2063.5
20263,V202602-L00915,TM06,24,49,1,2026-02-28T02:45:12,2026-03-01T12:41,2035.8
20263,V202602-L00916,TA02,25,21,3,2026-02-28T03:13:30,2026-03-01T13:58,2084.5
20263,V202602-L00917,TA06,5,28,3,2026-02-28T05:15:30,2026-02-28T11:48,392.5
20263,V202602-L00917,TA07,5,28,4,2026-02-28T05:15:30,2026-02-28T11:48,392.5
20263,V202602-L00918,TA10,61,20,4,2026-02-28T05:56:30,2026-02-28T12:40,403.5
20263,V202602-L00918,TA10,61,20,2,2026-02-28T05:56:30,2026-02-28T12:40,403.5
20263,V202602-L00919,TM06,8,46,4,2026-02-28T06:38:48,2026-02-28T17:05,626.2
20263,V202602-L00920,TA01,65,5,1,2026-02-28T08:45,2026-02-28T13:37,292.0
20263,V202602-L00921,TA10,60,40,2,2026-02-28T08:34,2026-02-28T19:01,627.0
20263,V202602-L00921,TA10,60,40,4,2026-02-28T08:34,2026-02-28T19:01,627.0
20263,V202602-L00922,TA02,22,24,2,2026-02-28T08:52:30,2026-03-01T19:29,2076.5
20263,V202602-L00922,TA05,22,24,4,2026-02-28T08:52:30,2026-03-01T19:29,2076.5
20263,V202602-L00923,TA06,18,50,2,2026-02-28T09:18:30,2026-03-01T01:45,986.5
20263,V202602-L00923,TA07,18,50,4,2026-02-28T09:18:30,2026-03-01T01:45,986.5
20263,V202602-L00923,TA07,18,50,4,2026-02-28T09:18:30,2026-03-01T01:45,986.5
20263,V202602-L00924,TA03,51,17,4,2026-02-28T09:24,2026-03-01T19:54,2070.0
20263,V202602-L00924,TA03,51,17,4,2026-02-28T09:24,2026-03-01T19:54,2070.0
20263,V202602-L00926,TA04,25,32,4,2026-02-28T10:00,2026-03-01T02:25,985.0
20263,V202602-L00926,TA04,25,32,1,2026-02-28T10:00,2026-03-01T02:25,985.0
20263,V202602-L00926,TA04,25,32,4,2026-02-28T10:00,2026-03-01T02:25,985.0
20263,V202602-L00925,TA09,50,7,2,2026-02-28T10:15,2026-03-01T20:22,2047.0
20263,V202602-L00927,TA08,54,7,1,2026-02-28T10:41,2026-03-01T20:43,2042.0
20263,V202602-L00927,TA08,54,7,4,2026-02-28T10:41,2026-03-01T20:43,2042.0
20263,V202602-L00928,TM02,47,25,4,2026-02-28T10:18:48,2026-03-01T02:45,986.2
20263,V202602-L00928,TM05,47,25,3,2026-02-28T10:18:48,2026-03-01T02:45,986.2
20263,V202602-L00929,TA10,69,45,4,2026-02-28T11:43,2026-02-28T13:38,115.0
20263,V202602-L00929,TA10,69,45,4,2026-02-28T11:43,2026-02-28T13:38,115.0
20263,V202602-L00929,TA10,69,45,1,2026-02-28T11:43,2026-02-28T13:38,115.0
20263,V202602-L00930,TM09,25,22,3,2026-02-28T11:14,2026-02-28T13:47,153.0
20263,V202602-L00930,TM14,25,22,4,2026-02-28T11:14,2026-02-28T13:47,153.0
20263,V202602-L00931,TM06,1,39,4,2026-02-28T11:38:48,2026-03-01T22:05,2066.2
20263,V202602-L00931,TM15,1,39,1,2026-02-28T11:38:48,2026-03-01T22:05,2066.2
20263,V202602-L00931,TM15,1,39,4,2026-02-28T11:38:48,2026-03-01T22:05,2066.2
20263,V202602-L00932,TA01,43,45,1,2026-02-28T12:18,2026-02-28T18:09,351.0
20263,V202602-L00933,TA07,10,24,4,2026-02-28T12:09:30,2026-02-28T14:28,138.5
20263,V202602-L00933,TA07,10,24,3,2026-02-28T12:09:30,2026-02-28T14:28,138.5
20263,V202602-L00934,TA03,50,12,2,2026-02-28T12:23,2026-03-01T22:46,2063.0
20263,V202602-L00935,TA05,10,3,2,2026-02-28T12:52,2026-03-01T23:06,2054.0
20263,V202602-L00935,TA05,10,3,4,2026-02-28T12:52,2026-03-01T23:06,2054.0
20263,V202602-L00936,TM01,60,31,1,2026-02-28T12:46:48,2026-03-01T23:25,2078.2
20263,V202602-L00937,TA04,6,47,4,2026-02-28T14:12:30,2026-03-02T00:43,2070.5
20263,V202602-L00938,TA10,47,20,1,2026-02-28T14:25:30,2026-03-02T00:59,2073.5
20263,V202602-L00938,TA10,47,20,4,2026-02-28T14:25:30,2026-03-02T00:59,2073.5
20263,V202602-L00938,TA10,47,20,4,2026-02-28T14:25:30,2026-03-02T00:59,2073.5
20263,V202602-L00939,TA01,62,31,3,2026-02-28T14:33:30,2026-02-28T21:12,398.5
20263,V202602-L00940,TA03,65,29,2,2026-02-28T16:15,2026-03-02T02:25,2050.0
20263,V202602-L00940,TA03,65,29,4,2026-02-28T16:15,2026-03-02T02:25,2050.0
20263,V202602-L00941,TA08,50,6,1,2026-02-28T16:42,2026-03-02T02:44,2042.0
20263,V202602-L00940,TA10,65,29,4,2026-02-28T16:15,2026-03-02T02:25,2050.0
20263,V202602-L00942,TA04,5,32,2,2026-02-28T16:59:30,2026-02-28T19:31,151.5
20263,V202602-L00943,TA09,63,49,3,2026-02-28T17:32,2026-03-01T03:45,613.0
20263,V202602-L00943,TA09,63,49,4,2026-02-28T17:32,2026-03-01T03:45,613.0
20263,V202602-L00944,TA05,35,13,3,2026-02-28T17:43:30,2026-03-01T10:29,1005.5
20263,V202602-L00944,TA05,35,13,4,2026-02-28T17:43:30,2026-03-01T10:29,1005.5
20263,V202602-L00945,TA06,27,43,3,2026-02-28T18:30,2026-03-01T00:56,386.0
20263,V202602-L00946,TA02,19,5,3,2026-02-28T19:05:30,2026-03-02T05:34,2068.5
20263,V202602-L00947,TM08,3,6,4,2026-02-28T20:16:48,2026-03-02T05:55,2018.2
20263,V202602-L00947,TM08,3,6,2,2026-02-28T20:16:48,2026-03-02T05:55,2018.2
20263,V202602-L00947,TM10,3,6,4,2026-02-28T20:16:48,2026-03-02T05:55,2018.2
20263,V202602-L00948,TA02,28,1,4,2026-02-28T21:01,2026-03-02T07:38,2077.0
20263,V202602-L00948,TA02,28,1,1,2026-02-28T21:01,2026-03-02T07:38,2077.0
20263,V202602-L00948,TA02,28,1,4,2026-02-28T21:01,2026-03-02T07:38,2077.0
20263,V202602-L00949,TA04,22,36,4,2026-02-28T21:28,2026-03-02T08:06,2078.0
20263,V202602-L00949,TA06,22,36,4,2026-02-28T21:28,2026-03-02T08:06,2078.0
20263,V202602-L00949,TA07,22,36,1,2026-02-28T21:28,2026-03-02T08:06,2078.0
20263,V202602-L00951,TA05,28,21,4,2026-02-28T21:32,2026-03-01T08:15,643.0
20263,V202602-L00950,TM06,4,43,4,2026-02-28T21:51:12,2026-03-01T08:11,619.8
20263,V202602-L00950,TM15,4,43,3,2026-02-28T21:51:12,2026-03-01T08:11,619.8
20263,V202602-L00952,TA01,60,3,1,2026-03-01T00:40:30,2026-03-01T09:30,529.5
20263,V202602-L00953,TA02,37,6,2,2026-03-01T00:27,2026-03-01T06:40,373.0
20263,V202603-L00001,TA04,15,24,4,2026-03-01T02:25:30,2026-03-01T18:59,993.5
20263,V202603-L00001,TA06,15,24,1,2026-03-01T02:25:30,2026-03-01T18:59,993.5
20263,V202603-L00001,TA07,15,24,4,2026-03-01T02:25:30,2026-03-01T18:59,993.5
20263,V202603-L00002,TA02,29,50,4,2026-03-01T04:07,2026-03-02T14:01,2034.0
20263,V202603-L00002,TA02,29,50,3,2026-03-01T04:07,2026-03-02T14:01,2034.0
20263,V202603-L00003,TA09,70,17,4,2026-03-01T05:34:30,2026-03-02T15:57,2062.5
20263,V202603-L00003,TA10,70,17,3,2026-03-01T05:34:30,2026-03-02T15:57,2062.5
20263,V202603-L00005,TA01,40,42,3,2026-03-01T05:58,2026-03-01T22:06,968.0
20263,V202603-L00004,TA04,29,48,3,2026-03-01T05:50:30,2026-03-01T16:03,612.5
20263,V202603-L00006,TA06,12,48,4,2026-03-01T05:45,2026-03-01T12:26,401.0
20263,V202603-L00006,TA07,12,48,4,2026-03-01T05:45,2026-03-01T12:26,401.0
20263,V202603-L00006,TA07,12,48,2,2026-03-01T05:45,2026-03-01T12:26,401.0
20263,V202603-L00007,TA05,16,4,2,2026-03-01T06:21:30,2026-03-01T22:49,987.5
20263,V202603-L00007,TA05,16,4,4,2026-03-01T06:21:30,2026-03-01T22:49,987.5
20263,V202603-L00008,TA02,18,31,4,2026-03-01T06:49:30,2026-03-01T23:29,999.5
20263,V202603-L00008,TA02,18,31,4,2026-03-01T06:49:30,2026-03-01T23:29,999.5
20263,V202603-L00008,TA02,18,31,1,2026-03-01T06:49:30,2026-03-01T23:29,999.5
20263,V202603-L00010,TA01,13,44,2,2026-03-01T08:10:30,2026-03-02T00:46,995.5
20263,V202603-L00009,TA05,17,3,3,2026-03-01T08:31:30,2026-03-02T18:26,2034.5
20263,V202603-L00009,TA05,17,3,4,2026-03-01T08:31:30,2026-03-02T18:26,2034.5
20263,V202603-L00011,TA08,50,23,4,2026-03-01T08:36:30,2026-03-02T19:19,2082.5
20263,V202603-L00011,TA09,50,23,2,2026-03-01T08:36:30,2026-03-02T19:19,2082.5
20263,V202603-L00012,TA10,37,33,1,2026-03-01T11:29,2026-03-01T13:49,140.0
20263,V202603-L00012,TA10,37,33,4,2026-03-01T11:29,2026-03-01T13:49,140.0
20263,V202603-L00013,TA05,37,12,2,2026-03-01T12:58,2026-03-01T15:37,159.0
20263,V202603-L00013,TA05,37,12,4,2026-03-01T12:58,2026-03-01T15:37,159.0
20263,V202603-L00014,TM09,38,10,2,2026-03-01T13:46,2026-03-01T16:10,144.0
20263,V202603-L00014,TM09,38,10,4,2026-03-01T13:46,2026-03-01T16:10,144.0
20263,V202603-L00015,TA08,47,13,4,2026-03-01T14:46,2026-03-03T01:03,2057.0
20263,V202603-L00015,TA08,47,13,4,2026-03-01T14:46,2026-03-03T01:03,2057.0
20263,V202603-L00015,TA10,47,13,2,2026-03-01T14:46,2026-03-03T01:03,2057.0
20263,V202603-L00016,TA02,7,18,3,2026-03-01T16:37:30,2026-03-02T01:43,545.5
20263,V202603-L00017,TA03,47,46,4,2026-03-01T16:43:30,2026-03-01T18:08,84.5
20263,V202603-L00016,TA04,7,18,4,2026-03-01T16:37:30,2026-03-02T01:43,545.5
20263,V202603-L00018,TA05,32,21,4,2026-03-01T16:18,2026-03-02T02:34,616.0
20263,V202603-L00018,TA05,32,21,4,2026-03-01T16:18,2026-03-02T02:34,616.0
20263,V202603-L00019,TA07,0,30,3,2026-03-01T16:30,2026-03-02T08:35,965.0
20263,V202603-L00017,TA09,47,46,1,2026-03-01T16:43:30,2026-03-01T18:08,84.5
20263,V202603-L00017,TA09,47,46,4,2026-03-01T16:43:30,2026-03-01T18:08,84.5
20263,V202603-L00020,TM09,21,22,4,2026-03-01T17:03:36,2026-03-03T03:25,2061.4
20263,V202603-L00020,TM13,21,22,4,2026-03-01T17:03:36,2026-03-03T03:25,2061.4
20263,V202603-L00021,TA06,8,32,1,2026-03-01T17:15,2026-03-01T23:51,396.0
20263,V202603-L00021,TA06,8,32,4,2026-03-01T17:15,2026-03-01T23:51,396.0
20263,V202603-L00022,TA01,34,33,4,2026-03-01T18:10:30,2026-03-02T00:22,371.5
20263,V202603-L00022,TA01,34,33,4,2026-03-01T18:10:30,2026-03-02T00:22,371.5
20263,V202603-L00024,TA08,44,12,2,2026-03-01T18:12,2026-03-02T10:26,974.0
20263,V202603-L00024,TA08,44,12,4,2026-03-01T18:12,2026-03-02T10:26,974.0
20263,V202603-L00024,TA08,44,12,4,2026-03-01T18:12,2026-03-02T10:26,974.0
20263,V202603-L00023,TA10,35,33,1,2026-03-01T18:12,2026-03-02T04:25,613.0
20263,V202603-L00025,TM01,57,4,3,2026-03-01T18:35:12,2026-03-01T20:39,123.8
20263,V202603-L00026,TM06,13,32,4,2026-03-01T18:46:48,2026-03-03T05:24,2077.2
20263,V202603-L00026,TM15,13,32,1,2026-03-01T18:46:48,2026-03-03T05:24,2077.2
20263,V202603-L00026,TM15,13,32,4,2026-03-01T18:46:48,2026-03-03T05:24,2077.2
20263,V202603-L00028,TA05,24,30,4,2026-03-01T19:38:30,2026-03-02T02:02,383.5
20263,V202603-L00028,TA05,24,30,4,2026-03-01T19:38:30,2026-03-02T02:02,383.5
20263,V202603-L00027,TA03,66,2,4,2026-03-01T20:18,2026-03-02T11:57,939.0
20263,V202603-L00029,TA09,46,3,1,2026-03-01T20:22:30,2026-03-03T06:28,2045.5
20263,V202603-L00030,TA07,31,48,2,2026-03-01T21:23:30,2026-03-03T07:37,2053.5
20263,V202603-L00030,TA07,31,48,4,2026-03-01T21:23:30,2026-03-03T07:37,2053.5
20263,V202603-L00031,TM05,60,6,4,2026-03-01T21:47:36,2026-03-02T03:41,353.4
20263,V202603-L00031,TM05,60,6,1,2026-03-01T21:47:36,2026-03-02T03:41,353.4
20263,V202603-L00032,TA01,41,9,1,2026-03-01T21:58:30,2026-03-03T08:26,2067.5
20263,V202603-L00032,TA01,41,9,4,2026-03-01T21:58:30,2026-03-03T08:26,2067.5
20263,V202603-L00032,TA01,41,9,4,2026-03-01T21:58:30,2026-03-03T08:26,2067.5
20263,V202603-L00033,TA06,46,47,4,2026-03-01T22:44:30,2026-03-02T08:37,592.5
20263,V202603-L00033,TA06,46,47,3,2026-03-01T22:44:30,2026-03-02T08:37,592.5
20263,V202603-L00034,TA03,43,28,1,2026-03-02T00:22:30,2026-03-03T09:31,1988.5
20263,V202603-L00034,TA03,43,28,4,2026-03-02T00:22:30,2026-03-03T09:31,1988.5
20263,V202603-L00034,TA03,43,28,4,2026-03-02T00:22:30,2026-03-03T09:31,1988.5
20263,V202603-L00035,TA07,39,46,2,2026-03-02T00:52:30,2026-03-03T10:01,1988.5
20263,V202603-L00035,TA07,39,46,4,2026-03-02T00:52:30,2026-03-03T10:01,1988.5
20263,V202603-L00036,TM06,19,35,4,2026-03-02T02:04,2026-03-03T12:38,2074.0
20263,V202603-L00036,TM15,19,35,2,2026-03-02T02:04,2026-03-03T12:38,2074.0
20263,V202603-L00036,TM15,19,35,4,2026-03-02T02:04,2026-03-03T12:38,2074.0
20263,V202603-L00037,TA06,50,21,4,2026-03-02T02:39:30,2026-03-03T13:17,2077.5
20263,V202603-L00038,TA01,11,41,1,2026-03-02T03:34:30,2026-03-02T19:24,949.5
20263,V202603-L00039,TA03,59,33,1,2026-03-02T03:02,2026-03-02T05:46,164.0
20263,V202603-L00040,TM01,65,9,1,2026-03-02T04:02:24,2026-03-03T13:51,2028.6
20263,V202603-L00041,TA05,68,7,4,2026-03-02T04:32,2026-03-03T14:11,2019.0
20263,V202603-L00041,TA05,68,7,4,2026-03-02T04:32,2026-03-03T14:11,2019.0
20263,V202603-L00042,TM02,66,29,3,2026-03-02T03:56:24,2026-03-03T14:29,2072.6
20263,V202603-L00043,TA07,25,44,1,2026-03-02T04:13:30,2026-03-02T20:33,979.5
20263,V202603-L00043,TA07,25,44,4,2026-03-02T04:13:30,2026-03-02T20:33,979.5
20263,V202603-L00043,TA07,25,44,4,2026-03-02T04:13:30,2026-03-02T20:33,979.5
20263,V202603-L00044,TA06,69,35,2,2026-03-02T04:40,2026-03-03T15:09,2069.0
20263,V202603-L00044,TA06,69,35,4,2026-03-02T04:40,2026-03-03T15:09,2069.0
20263,V202603-L00045,TA01,2,49,2,2026-03-02T05:12,2026-03-02T07:19,127.0
20263,V202603-L00046,TA03,44,28,1,2026-03-02T05:01,2026-03-02T11:32,391.0
20263,V202603-L00046,TA03,44,28,4,2026-03-02T05:01,2026-03-02T11:32,391.0
20263,V202603-L00046,TA03,44,28,4,2026-03-02T05:01,2026-03-02T11:32,391.0
20263,V202603-L00047,TM05,65,9,3,2026-03-02T06:12:24,2026-03-02T22:09,956.6
20263,V202603-L00048,TA04,50,21,4,2026-03-02T06:05,2026-03-02T22:12,967.0
20263,V202603-L00048,TA08,50,21,4,2026-03-02T06:05,2026-03-02T22:12,967.0
20263,V202603-L00048,TA08,50,21,2,2026-03-02T06:05,2026-03-02T22:12,967.0
20263,V202603-L00049,TM02,70,32,4,2026-03-02T06:35:36,2026-03-03T16:27,2031.4
20263,V202603-L00049,TM02,70,32,2,2026-03-02T06:35:36,2026-03-03T16:27,2031.4
20263,V202603-L00050,TA02,51,22,4,2026-03-02T06:28,2026-03-02T16:40,612.0
20263,V202603-L00051,TA09,44,20,3,2026-03-02T06:24:30,2026-03-02T16:41,616.5
20263,V202603-L00051,TA10,44,20,4,2026-03-02T06:24:30,2026-03-02T16:41,616.5
20263,V202603-L00052,TA03,54,37,1,2026-03-02T08:19:30,2026-03-03T18:35,2055.5
20263,V202603-L00052,TA05,54,37,4,2026-03-02T08:19:30,2026-03-03T18:35,2055.5
20263,V202603-L00053,TA07,5,31,2,2026-03-02T10:21,2026-03-03T21:00,2079.0
20263,V202603-L00053,TA07,5,31,4,2026-03-02T10:21,2026-03-03T21:00,2079.0
20263,V202603-L00054,TA09,70,9,3,2026-03-02T11:06:30,2026-03-03T21:18,2051.5
20263,V202603-L00054,TA10,70,9,4,2026-03-02T11:06:30,2026-03-03T21:18,2051.5
20263,V202603-L00055,TA01,0,41,3,2026-03-02T11:42:30,2026-03-02T14:13,150.5
20263,V202603-L00056,TA02,47,38,1,2026-03-02T11:51:30,2026-03-03T04:18,986.5
20263,V202603-L00057,TA03,68,25,2,2026-03-02T12:29:30,2026-03-03T23:06,2076.5
20263,V202603-L00058,TM03,29,12,3,2026-03-02T12:49:36,2026-03-03T23:36,2086.4
20263,V202603-L00059,TA05,62,37,3,2026-03-02T13:22:30,2026-03-03T05:53,990.5
20263,V202603-L00059,TA05,62,37,4,2026-03-02T13:22:30,2026-03-03T05:53,990.5
20263,V202603-L00060,TA02,60,6,2,2026-03-02T14:06,2026-03-03T06:29,983.0
20263,V202603-L00061,TA08,38,26,4,2026-03-02T14:50,2026-03-02T17:11,141.0
20263,V202603-L00061,TA09,38,26,4,2026-03-02T14:50,2026-03-02T17:11,141.0
20263,V202603-L00061,TA10,38,26,2,2026-03-02T14:50,2026-03-02T17:11,141.0
20263,V202603-L00063,TA03,60,41,3,2026-03-02T14:55:30,2026-03-02T21:30,394.5
20263,V202603-L00062,TA04,55,40,4,2026-03-02T14:52:30,2026-03-04T01:27,2074.5
20263,V202603-L00062,TA06,55,40,4,2026-03-02T14:52:30,2026-03-04T01:27,2074.5
20263,V202603-L00062,TA06,55,40,2,2026-03-02T14:52:30,2026-03-04T01:27,2074.5
20263,V202603-L00064,TA01,38,48,1,2026-03-02T16:54,2026-03-02T22:42,348.0
20263,V202603-L00066,TA02,70,15,4,2026-03-02T17:07:30,2026-03-04T03:29,2061.5
20263,V202603-L00065,TA07,10,39,3,2026-03-02T16:34:30,2026-03-04T03:26,2091.5
20263,V202603-L00065,TA07,10,39,4,2026-03-02T16:34:30,2026-03-04T03:26,2091.5
20263,V202603-L00066,TA09,70,15,1,2026-03-02T17:07:30,2026-03-04T03:29,2061.5
20263,V202603-L00067,TM06,0,42,4,2026-03-02T17:28:24,2026-03-04T03:44,2055.6
20263,V202603-L00067,TM06,0,42,1,2026-03-02T17:28:24,2026-03-04T03:44,2055.6
20263,V202603-L00068,TA10,68,7,2,2026-03-02T17:46:30,2026-03-02T23:54,367.5
20263,V202603-L00068,TA10,68,7,4,2026-03-02T17:46:30,2026-03-02T23:54,367.5
20263,V202603-L00069,TA03,60,48,2,2026-03-02T18:26,2026-03-03T04:49,623.0
20263,V202603-L00070,TA07,5,40,2,2026-03-02T19:23:30,2026-03-04T06:07,2083.5
20263,V202603-L00070,TA07,5,40,4,2026-03-02T19:23:30,2026-03-04T06:07,2083.5
20263,V202603-L00071,TM15,7,35,4,2026-03-02T19:39:12,2026-03-04T06:13,2073.8
20263,V202603-L00071,TM15,7,35,4,2026-03-02T19:39:12,2026-03-04T06:13,2073.8
20263,V202603-L00072,TA05,66,41,2,2026-03-02T20:24:30,2026-03-03T12:43,978.5
20263,V202603-L00072,TA05,66,41,4,2026-03-02T20:24:30,2026-03-03T12:43,978.5
20263,V202603-L00073,TM03,37,1,2,2026-03-02T21:05:12,2026-03-04T07:04,2038.8
20263,V202603-L00074,TM07,32,8,1,2026-03-02T20:56:24,2026-03-02T23:26,149.6
20263,V202603-L00074,TM08,32,8,4,2026-03-02T20:56:24,2026-03-02T23:26,149.6
20263,V202603-L00074,TM10,32,8,4,2026-03-02T20:56:24,2026-03-02T23:26,149.6
20263,V202603-L00075,TA02,61,15,1,2026-03-02T21:04,2026-03-03T03:31,387.0
20263,V202603-L00076,TM09,23,22,4,2026-03-02T21:38:48,2026-03-03T04:04,385.2
20263,V202603-L00076,TM09,23,22,4,2026-03-02T21:38:48,2026-03-03T04:04,385.2
20263,V202603-L00077,TA09,66,24,4,2026-03-02T21:38,2026-03-03T08:14,636.0
20263,V202603-L00077,TA10,66,24,4,2026-03-02T21:38,2026-03-03T08:14,636.0
20263,V202603-L00078,TM12,19,11,1,2026-03-02T21:56:24,2026-03-03T00:21,144.6
20263,V202603-L00078,TM13,19,11,4,2026-03-02T21:56:24,2026-03-03T00:21,144.6
20263,V202603-L00079,TA01,28,32,1,2026-03-02T22:13,2026-03-03T00:33,140.0
20263,V202603-L00079,TA01,28,32,4,2026-03-02T22:13,2026-03-03T00:33,140.0
20263,V202603-L00079,TA01,28,32,4,2026-03-02T22:13,2026-03-03T00:33,140.0
20263,V202603-L00080,TA01,5,6,3,2026-03-03T00:45,2026-03-03T02:21,96.0
20263,V202603-L00080,TA01,5,6,4,2026-03-03T00:45,2026-03-03T02:21,96.0
20263,V202603-L00081,TA02,38,42,3,2026-03-03T00:51,2026-03-03T02:33,102.0
20263,V202603-L00082,TA07,8,49,2,2026-03-03T00:22:30,2026-03-03T02:55,152.5
20263,V202603-L00083,TM09,18,11,2,2026-03-03T00:48:48,2026-03-04T11:16,2067.2
20263,V202603-L00083,TM09,18,11,4,2026-03-03T00:48:48,2026-03-04T11:16,2067.2
