semilla,vehiculo,nodo_origen_x,nodo_origen_y,nodo_destino_x,nodo_destino_y,salida,llegada
20263,TA01,27,14,26,14,2027-06-01T00:10,2027-06-01T00:11:30
20263,TA01,26,14,25,14,2027-06-01T00:11:30,2027-06-01T00:13
20263,TA01,25,14,24,14,2027-06-01T00:13,2027-06-01T00:14:30
20263,TA01,24,14,23,14,2027-06-01T00:14:30,2027-06-01T00:16
20263,TA01,23,14,22,14,2027-06-01T00:16,2027-06-01T00:17:30
20263,TA01,22,14,21,14,2027-06-01T00:17:30,2027-06-01T00:19
20263,TA01,21,14,20,14,2027-06-01T00:19,2027-06-01T00:20:30
20263,TA01,20,14,19,14,2027-06-01T00:20:30,2027-06-01T00:22
20263,TA01,19,14,18,14,2027-06-01T00:22,2027-06-01T00:23:30
20263,TA01,18,14,17,14,2027-06-01T00:23:30,2027-06-01T00:25
20263,TA01,17,14,16,14,2027-06-01T00:25,2027-06-01T00:26:30
20263,TA01,16,14,15,14,2027-06-01T00:26:30,2027-06-01T00:28
20263,TA01,15,14,14,14,2027-06-01T00:28,2027-06-01T00:29:30
20263,TA01,14,14,13,14,2027-06-01T00:29:30,2027-06-01T00:31
20263,TA01,13,14,12,14,2027-06-01T00:31,2027-06-01T00:32:30
20263,TA01,12,14,11,14,2027-06-01T00:32:30,2027-06-01T00:34
20263,TA01,11,14,10,14,2027-06-01T00:34,2027-06-01T00:35:30
20263,TA01,10,14,9,14,2027-06-01T00:35:30,2027-06-01T00:37
20263,TA01,9,14,9,15,2027-06-01T00:37,2027-06-01T00:38:30
20263,TA01,9,15,9,16,2027-06-01T00:38:30,2027-06-01T00:40
20263,TA01,9,16,9,17,2027-06-01T00:40,2027-06-01T00:41:30
20263,TA01,9,17,9,18,2027-06-01T00:41:30,2027-06-01T00:43
20263,TA01,9,18,9,19,2027-06-01T00:43,2027-06-01T00:44:30
20263,TA01,9,19,9,20,2027-06-01T00:44:30,2027-06-01T00:46
20263,TA01,9,20,9,21,2027-06-01T00:46,2027-06-01T00:47:30
20263,TA01,9,21,9,22,2027-06-01T00:47:30,2027-06-01T00:49
20263,TA01,9,22,9,23,2027-06-01T00:49,2027-06-01T00:50:30
20263,TA01,9,23,9,24,2027-06-01T00:50:30,2027-06-01T00:52
20263,TA01,9,24,9,25,2027-06-01T00:52,2027-06-01T00:53:30
20263,TA01,9,25,9,26,2027-06-01T00:53:30,2027-06-01T00:55
20263,TA01,9,26,9,27,2027-06-01T00:55,2027-06-01T00:56:30
20263,TA01,9,27,9,28,2027-06-01T00:56:30,2027-06-01T00:58
20263,TA01,9,28,9,29,2027-06-01T00:58,2027-06-01T00:59:30
20263,TA01,9,29,9,30,2027-06-01T00:59:30,2027-06-01T01:01
20263,TA01,9,30,9,31,2027-06-01T01:01,2027-06-01T01:02:30
20263,TA01,9,31,9,32,2027-06-01T01:02:30,2027-06-01T01:04
20263,TA01,9,32,9,33,2027-06-01T01:04,2027-06-01T01:05:30
20263,TA01,9,33,9,34,2027-06-01T01:05:30,2027-06-01T01:07
20263,TA01,9,34,9,35,2027-06-01T01:07,2027-06-01T01:08:30
20263,TA01,9,35,9,36,2027-06-01T01:08:30,2027-06-01T01:10
20263,TA01,9,36,9,37,2027-06-01T01:10,2027-06-01T01:11:30
20263,TA01,9,37,9,38,2027-06-01T01:11:30,2027-06-01T01:13
20263,TA01,9,38,9,39,2027-06-01T01:13,2027-06-01T01:14:30
20263,TA01,9,39,9,40,2027-06-01T01:14:30,2027-06-01T01:16
20263,TA01,9,40,9,41,2027-06-01T01:16,2027-06-01T01:17:30
20263,TA01,9,41,9,42,2027-06-01T01:17:30,2027-06-01T01:19
20263,TA01,9,42,9,43,2027-06-01T01:19,2027-06-01T01:20:30
20263,TA01,9,43,9,44,2027-06-01T01:20:30,2027-06-01T01:22
20263,TA01,9,44,9,45,2027-06-01T01:22,2027-06-01T01:23:30
20263,TA01,9,45,9,46,2027-06-01T01:23:30,2027-06-01T01:25
20263,TA01,9,46,9,47,2027-06-01T01:25,2027-06-01T01:26:30
20263,TA01,9,47,9,48,2027-06-01T01:26:30,2027-06-01T01:28
20263,TA01,9,48,10,48,2027-06-01T03:28,2027-06-01T03:29:30
20263,TA01,10,48,11,48,2027-06-01T03:29:30,2027-06-01T03:31
20263,TA01,11,48,12,48,2027-06-01T03:31,2027-06-01T03:32:30
20263,TA01,12,48,12,47,2027-06-01T03:32:30,2027-06-01T03:34
20263,TA01,12,47,12,46,2027-06-01T03:34,2027-06-01T03:35:30
20263,TA01,12,46,12,45,2027-06-01T03:35:30,2027-06-01T03:37
20263,TA01,12,45,12,44,2027-06-01T03:37,2027-06-01T03:38:30
20263,TA01,12,44,12,43,2027-06-01T03:38:30,2027-06-01T03:40
20263,TA01,12,43,12,42,2027-06-01T03:40,2027-06-01T03:41:30
20263,TA01,12,42,12,41,2027-06-01T03:41:30,2027-06-01T03:43
20263,TA01,12,41,12,40,2027-06-01T03:43,2027-06-01T03:44:30
20263,TA01,12,40,12,39,2027-06-01T03:44:30,2027-06-01T03:46
20263,TA01,12,39,12,38,2027-06-01T03:46,2027-06-01T03:47:30
20263,TA04,27,14,28,14,2027-06-01T00:10,2027-06-01T00:11:30
20263,TA04,28,14,29,14,2027-06-01T00:11:30,2027-06-01T00:13
20263,TA04,29,14,30,14,2027-06-01T00:13,2027-06-01T00:14:30
20263,TA04,30,14,31,14,2027-06-01T00:14:30,2027-06-01T00:16
20263,TA04,31,14,32,14,2027-06-01T00:16,2027-06-01T00:17:30
20263,TA04,32,14,33,14,2027-06-01T00:17:30,2027-06-01T00:19
20263,TA04,33,14,34,14,2027-06-01T00:19,2027-06-01T00:20:30
20263,TA04,34,14,35,14,2027-06-01T00:20:30,2027-06-01T00:22
20263,TA04,35,14,36,14,2027-06-01T00:22,2027-06-01T00:23:30
20263,TA04,36,14,37,14,2027-06-01T00:23:30,2027-06-01T00:25
20263,TA04,37,14,38,14,2027-06-01T00:25,2027-06-01T00:26:30
20263,TA04,38,14,39,14,2027-06-01T00:26:30,2027-06-01T00:28
20263,TA04,39,14,40,14,2027-06-01T00:28,2027-06-01T00:29:30
20263,TA04,40,14,41,14,2027-06-01T00:29:30,2027-06-01T00:31
20263,TA04,41,14,42,14,2027-06-01T00:31,2027-06-01T00:32:30
20263,TA04,42,14,43,14,2027-06-01T00:32:30,2027-06-01T00:34
20263,TA04,43,14,44,14,2027-06-01T00:34,2027-06-01T00:35:30
20263,TA04,44,14,45,14,2027-06-01T00:35:30,2027-06-01T00:37
20263,TA04,45,14,46,14,2027-06-01T00:37,2027-06-01T00:38:30
20263,TA04,46,14,47,14,2027-06-01T00:38:30,2027-06-01T00:40
20263,TA04,47,14,48,14,2027-06-01T00:40,2027-06-01T00:41:30
20263,TA04,48,14,49,14,2027-06-01T00:41:30,2027-06-01T00:43
20263,TA04,49,14,50,14,2027-06-01T00:43,2027-06-01T00:44:30
20263,TA04,50,14,51,14,2027-06-01T00:44:30,2027-06-01T00:46
20263,TA04,51,14,52,14,2027-06-01T00:46,2027-06-01T00:47:30
20263,TA04,52,14,53,14,2027-06-01T00:47:30,2027-06-01T00:49
20263,TA04,53,14,54,14,2027-06-01T00:49,2027-06-01T00:50:30
20263,TA04,54,14,55,14,2027-06-01T00:50:30,2027-06-01T00:52
20263,TA04,55,14,56,14,2027-06-01T00:52,2027-06-01T00:53:30
20263,TA04,56,14,57,14,2027-06-01T00:53:30,2027-06-01T00:55
20263,TA04,57,14,58,14,2027-06-01T00:55,2027-06-01T00:56:30
20263,TA04,58,14,59,14,2027-06-01T00:56:30,2027-06-01T00:58
20263,TA04,59,14,60,14,2027-06-01T00:58,2027-06-01T00:59:30
20263,TA04,60,14,61,14,2027-06-01T00:59:30,2027-06-01T01:01
20263,TA04,61,14,62,14,2027-06-01T01:01,2027-06-01T01:02:30
20263,TA04,62,14,63,14,2027-06-01T01:02:30,2027-06-01T01:04
20263,TA04,63,14,64,14,2027-06-01T01:04,2027-06-01T01:05:30
20263,TA04,64,14,65,14,2027-06-01T01:05:30,2027-06-01T01:07
20263,TA04,65,14,66,14,2027-06-01T01:07,2027-06-01T01:08:30
20263,TA04,66,14,67,14,2027-06-01T01:08:30,2027-06-01T01:10
20263,TA04,67,14,68,14,2027-06-01T01:10,2027-06-01T01:11:30
20263,TA04,68,14,68,15,2027-06-01T01:11:30,2027-06-01T01:13
20263,TA04,68,15,68,16,2027-06-01T01:13,2027-06-01T01:14:30
20263,TA04,68,16,68,17,2027-06-01T01:14:30,2027-06-01T01:16
20263,TA04,68,17,68,18,2027-06-01T01:16,2027-06-01T01:17:30
20263,TA04,68,18,68,19,2027-06-01T01:17:30,2027-06-01T01:19
20263,TA04,68,19,68,20,2027-06-01T01:19,2027-06-01T01:20:30
20263,TA04,68,20,68,21,2027-06-01T01:20:30,2027-06-01T01:22
20263,TA04,68,21,68,22,2027-06-01T01:22,2027-06-01T01:23:30
20263,TA04,68,22,68,23,2027-06-01T01:23:30,2027-06-01T01:25
20263,TA04,68,23,68,24,2027-06-01T01:25,2027-06-01T01:26:30
20263,TA04,68,24,68,25,2027-06-01T01:26:30,2027-06-01T01:28
20263,TA04,68,25,68,26,2027-06-01T01:28,2027-06-01T01:29:30
20263,TA04,68,26,68,27,2027-06-01T01:29:30,2027-06-01T01:31
20263,TA04,68,27,68,28,2027-06-01T01:31,2027-06-01T01:32:30
20263,TA04,68,28,68,29,2027-06-01T01:32:30,2027-06-01T01:34
20263,TA04,68,29,68,30,2027-06-01T01:34,2027-06-01T01:35:30
20263,TA04,68,30,68,31,2027-06-01T01:35:30,2027-06-01T01:37
20263,TA04,68,31,68,32,2027-06-01T01:37,2027-06-01T01:38:30
20263,TA04,68,32,68,33,2027-06-01T01:38:30,2027-06-01T01:40
20263,TA04,68,33,68,34,2027-06-01T01:40,2027-06-01T01:41:30
20263,TA04,68,34,68,35,2027-06-01T01:41:30,2027-06-01T01:43
20263,TA04,68,35,68,36,2027-06-01T01:43,2027-06-01T01:44:30
20263,TA04,68,36,68,37,2027-06-01T01:44:30,2027-06-01T01:46
20263,TA04,68,37,68,38,2027-06-01T01:46,2027-06-01T01:47:30
20263,TA04,68,38,68,39,2027-06-01T01:47:30,2027-06-01T01:49
20263,TA04,68,39,68,40,2027-06-01T01:49,2027-06-01T01:50:30
20263,TA04,68,40,68,41,2027-06-01T01:50:30,2027-06-01T01:52
20263,TA04,68,41,68,42,2027-06-01T01:52,2027-06-01T01:53:30
20263,TA04,68,42,68,43,2027-06-01T01:53:30,2027-06-01T01:55
20263,TA04,68,43,68,44,2027-06-01T01:55,2027-06-01T01:56:30
20263,TA04,68,44,68,45,2027-06-01T01:56:30,2027-06-01T01:58
20263,TA04,68,45,67,45,2027-06-01T03:58,2027-06-01T03:59:30
20263,TA04,67,45,66,45,2027-06-01T03:59:30,2027-06-01T04:01
20263,TA04,66,45,65,45,2027-06-01T04:01,2027-06-01T04:02:30
20263,TA04,65,45,64,45,2027-06-01T04:02:30,2027-06-01T04:04
20263,TA04,64,45,63,45,2027-06-01T04:04,2027-06-01T04:05:30
20263,TA04,63,45,62,45,2027-06-01T04:05:30,2027-06-01T04:07
20263,TA04,62,45,61,45,2027-06-01T04:07,2027-06-01T04:08:30
20263,TA04,61,45,60,45,2027-06-01T04:08:30,2027-06-01T04:10
20263,TA04,60,45,59,45,2027-06-01T04:10,2027-06-01T04:11:30
20263,TA04,59,45,58,45,2027-06-01T04:11:30,2027-06-01T04:13
20263,TA04,58,45,57,45,2027-06-01T04:13,2027-06-01T04:14:30
20263,TA04,57,45,57,44,2027-06-01T04:14:30,2027-06-01T04:16
20263,TA04,57,44,57,43,2027-06-01T04:16,2027-06-01T04:17:30
20263,TA04,57,43,57,42,2027-06-01T04:17:30,2027-06-01T04:19
20263,TA04,57,42,57,41,2027-06-01T04:19,2027-06-01T04:20:30
20263,TA04,57,41,57,40,2027-06-01T04:20:30,2027-06-01T04:22
20263,TA04,57,40,57,39,2027-06-01T04:22,2027-06-01T04:23:30
20263,TA04,57,39,57,38,2027-06-01T04:23:30,2027-06-01T04:25
20263,TA04,57,38,57,37,2027-06-01T04:25,2027-06-01T04:26:30
20263,TA04,57,37,57,36,2027-06-01T04:26:30,2027-06-01T04:28
20263,TA04,57,36,57,35,2027-06-01T04:28,2027-06-01T04:29:30
20263,TA04,57,35,57,34,2027-06-01T04:29:30,2027-06-01T04:31
20263,TA04,57,34,57,33,2027-06-01T04:31,2027-06-01T04:32:30
20263,TA04,57,33,57,32,2027-06-01T04:32:30,2027-06-01T04:34
20263,TA04,57,32,57,31,2027-06-01T04:34,2027-06-01T04:35:30
20263,TA04,57,31,57,30,2027-06-01T04:35:30,2027-06-01T04:37
20263,TA04,57,30,57,29,2027-06-01T04:37,2027-06-01T04:38:30
20263,TA04,57,29,57,28,2027-06-01T04:38:30,2027-06-01T04:40
20263,TA04,57,28,57,27,2027-06-01T04:40,2027-06-01T04:41:30
20263,TA05,27,14,28,14,2027-06-01T00:10,2027-06-01T00:11:30
20263,TA05,28,14,29,14,2027-06-01T00:11:30,2027-06-01T00:13
20263,TA05,29,14,30,14,2027-06-01T00:13,2027-06-01T00:14:30
20263,TA05,30,14,31,14,2027-06-01T00:14:30,2027-06-01T00:16
20263,TA05,31,14,32,14,2027-06-01T00:16,2027-06-01T00:17:30
20263,TA05,32,14,33,14,2027-06-01T00:17:30,2027-06-01T00:19
20263,TA05,33,14,34,14,2027-06-01T00:19,2027-06-01T00:20:30
20263,TA05,34,14,35,14,2027-06-01T00:20:30,2027-06-01T00:22
20263,TA05,35,14,36,14,2027-06-01T00:22,2027-06-01T00:23:30
20263,TA05,36,14,37,14,2027-06-01T00:23:30,2027-06-01T00:25
20263,TA05,37,14,38,14,2027-06-01T00:25,2027-06-01T00:26:30
20263,TA05,38,14,39,14,2027-06-01T00:26:30,2027-06-01T00:28
20263,TA05,39,14,40,14,2027-06-01T00:28,2027-06-01T00:29:30
20263,TA05,40,14,41,14,2027-06-01T00:29:30,2027-06-01T00:31
20263,TA05,41,14,42,14,2027-06-01T00:31,2027-06-01T00:32:30
20263,TA05,42,14,43,14,2027-06-01T00:32:30,2027-06-01T00:34
20263,TA05,43,14,44,14,2027-06-01T00:34,2027-06-01T00:35:30
20263,TA05,44,14,45,14,2027-06-01T00:35:30,2027-06-01T00:37
20263,TA05,45,14,46,14,2027-06-01T00:37,2027-06-01T00:38:30
20263,TA05,46,14,47,14,2027-06-01T00:38:30,2027-06-01T00:40
20263,TA05,47,14,48,14,2027-06-01T00:40,2027-06-01T00:41:30
20263,TA05,48,14,49,14,2027-06-01T00:41:30,2027-06-01T00:43
20263,TA05,49,14,50,14,2027-06-01T00:43,2027-06-01T00:44:30
20263,TA05,50,14,51,14,2027-06-01T00:44:30,2027-06-01T00:46
20263,TA05,51,14,52,14,2027-06-01T00:46,2027-06-01T00:47:30
20263,TA05,52,14,53,14,2027-06-01T00:47:30,2027-06-01T00:49
20263,TA05,53,14,54,14,2027-06-01T00:49,2027-06-01T00:50:30
20263,TA05,54,14,55,14,2027-06-01T00:50:30,2027-06-01T00:52
20263,TA05,55,14,56,14,2027-06-01T00:52,2027-06-01T00:53:30
20263,TA05,56,14,57,14,2027-06-01T00:53:30,2027-06-01T00:55
20263,TA05,57,14,58,14,2027-06-01T00:55,2027-06-01T00:56:30
20263,TA05,58,14,59,14,2027-06-01T00:56:30,2027-06-01T00:58
20263,TA05,59,14,60,14,2027-06-01T00:58,2027-06-01T00:59:30
20263,TA05,60,14,61,14,2027-06-01T00:59:30,2027-06-01T01:01
20263,TA05,61,14,62,14,2027-06-01T01:01,2027-06-01T01:02:30
20263,TA05,62,14,63,14,2027-06-01T01:02:30,2027-06-01T01:04
20263,TA05,63,14,64,14,2027-06-01T01:04,2027-06-01T01:05:30
20263,TA05,64,14,65,14,2027-06-01T01:05:30,2027-06-01T01:07
20263,TA05,65,14,66,14,2027-06-01T01:07,2027-06-01T01:08:30
20263,TA05,66,14,67,14,2027-06-01T01:08:30,2027-06-01T01:10
20263,TA05,67,14,68,14,2027-06-01T01:10,2027-06-01T01:11:30
20263,TA05,68,14,68,15,2027-06-01T01:11:30,2027-06-01T01:13
20263,TA05,68,15,68,16,2027-06-01T01:13,2027-06-01T01:14:30
20263,TA05,68,16,68,17,2027-06-01T01:14:30,2027-06-01T01:16
20263,TA05,68,17,68,18,2027-06-01T01:16,2027-06-01T01:17:30
20263,TA05,68,18,68,19,2027-06-01T01:17:30,2027-06-01T01:19
20263,TA05,68,19,68,20,2027-06-01T01:19,2027-06-01T01:20:30
20263,TA05,68,20,68,21,2027-06-01T01:20:30,2027-06-01T01:22
20263,TA05,68,21,68,22,2027-06-01T01:22,2027-06-01T01:23:30
20263,TA05,68,22,68,23,2027-06-01T01:23:30,2027-06-01T01:25
20263,TA05,68,23,68,24,2027-06-01T01:25,2027-06-01T01:26:30
20263,TA05,68,24,68,25,2027-06-01T01:26:30,2027-06-01T01:28
20263,TA05,68,25,68,26,2027-06-01T01:28,2027-06-01T01:29:30
20263,TA05,68,26,68,27,2027-06-01T01:29:30,2027-06-01T01:31
20263,TA05,68,27,68,28,2027-06-01T01:31,2027-06-01T01:32:30
20263,TA05,68,28,68,29,2027-06-01T01:32:30,2027-06-01T01:34
20263,TA05,68,29,68,30,2027-06-01T01:34,2027-06-01T01:35:30
20263,TA05,68,30,68,31,2027-06-01T01:35:30,2027-06-01T01:37
20263,TA05,68,31,68,32,2027-06-01T01:37,2027-06-01T01:38:30
20263,TA05,68,32,68,33,2027-06-01T01:38:30,2027-06-01T01:40
20263,TA05,68,33,68,34,2027-06-01T01:40,2027-06-01T01:41:30
20263,TA05,68,34,68,35,2027-06-01T01:41:30,2027-06-01T01:43
20263,TA05,68,35,68,36,2027-06-01T01:43,2027-06-01T01:44:30
20263,TA05,68,36,68,37,2027-06-01T01:44:30,2027-06-01T01:46
20263,TA05,68,37,68,38,2027-06-01T01:46,2027-06-01T01:47:30
20263,TA05,68,38,68,39,2027-06-01T01:47:30,2027-06-01T01:49
20263,TA05,68,39,68,40,2027-06-01T01:49,2027-06-01T01:50:30
20263,TA05,68,40,68,41,2027-06-01T01:50:30,2027-06-01T01:52
20263,TA05,68,41,68,42,2027-06-01T01:52,2027-06-01T01:53:30
20263,TA05,68,42,68,43,2027-06-01T01:53:30,2027-06-01T01:55
20263,TA05,68,43,68,44,2027-06-01T01:55,2027-06-01T01:56:30
20263,TA05,68,44,68,45,2027-06-01T01:56:30,2027-06-01T01:58
20263,TA05,68,45,67,45,2027-06-01T03:58,2027-06-01T03:59:30
20263,TA05,67,45,66,45,2027-06-01T03:59:30,2027-06-01T04:01
20263,TA05,66,45,65,45,2027-06-01T04:01,2027-06-01T04:02:30
20263,TA05,65,45,64,45,2027-06-01T04:02:30,2027-06-01T04:04
20263,TA05,64,45,63,45,2027-06-01T04:04,2027-06-01T04:05:30
20263,TA05,63,45,62,45,2027-06-01T04:05:30,2027-06-01T04:07
20263,TA05,62,45,61,45,2027-06-01T04:07,2027-06-01T04:08:30
20263,TA05,61,45,60,45,2027-06-01T04:08:30,2027-06-01T04:10
20263,TA05,60,45,59,45,2027-06-01T04:10,2027-06-01T04:11:30
20263,TA05,59,45,58,45,2027-06-01T04:11:30,2027-06-01T04:13
20263,TA05,58,45,57,45,2027-06-01T04:13,2027-06-01T04:14:30
20263,TA05,57,45,57,44,2027-06-01T04:14:30,2027-06-01T04:16
20263,TA05,57,44,57,43,2027-06-01T04:16,2027-06-01T04:17:30
20263,TA05,57,43,57,42,2027-06-01T04:17:30,2027-06-01T04:19
20263,TA05,57,42,57,41,2027-06-01T04:19,2027-06-01T04:20:30
20263,TA05,57,41,57,40,2027-06-01T04:20:30,2027-06-01T04:22
20263,TA05,57,40,57,39,2027-06-01T04:22,2027-06-01T04:23:30
20263,TA05,57,39,57,38,2027-06-01T04:23:30,2027-06-01T04:25
20263,TA05,57,38,57,37,2027-06-01T04:25,2027-06-01T04:26:30
20263,TA05,57,37,57,36,2027-06-01T04:26:30,2027-06-01T04:28
20263,TA05,57,36,57,35,2027-06-01T04:28,2027-06-01T04:29:30
20263,TA05,57,35,57,34,2027-06-01T04:29:30,2027-06-01T04:31
20263,TA05,57,34,57,33,2027-06-01T04:31,2027-06-01T04:32:30
20263,TA05,57,33,57,32,2027-06-01T04:32:30,2027-06-01T04:34
20263,TA05,57,32,57,31,2027-06-01T04:34,2027-06-01T04:35:30
20263,TA05,57,31,57,30,2027-06-01T04:35:30,2027-06-01T04:37
20263,TA05,57,30,57,29,2027-06-01T04:37,2027-06-01T04:38:30
20263,TA05,57,29,57,28,2027-06-01T04:38:30,2027-06-01T04:40
20263,TA05,57,28,57,27,2027-06-01T04:40,2027-06-01T04:41:30
20263,TA02,27,14,26,14,2027-06-01T00:20,2027-06-01T00:21:30
20263,TA02,26,14,25,14,2027-06-01T00:21:30,2027-06-01T00:23
20263,TA02,25,14,24,14,2027-06-01T00:23,2027-06-01T00:24:30
20263,TA02,24,14,23,14,2027-06-01T00:24:30,2027-06-01T00:26
20263,TA02,23,14,22,14,2027-06-01T00:26,2027-06-01T00:27:30
20263,TA02,22,14,21,14,2027-06-01T00:27:30,2027-06-01T00:29
20263,TA02,21,14,20,14,2027-06-01T00:29,2027-06-01T00:30:30
20263,TA02,20,14,19,14,2027-06-01T00:30:30,2027-06-01T00:32
20263,TA02,19,14,18,14,2027-06-01T00:32,2027-06-01T00:33:30
20263,TA02,18,14,17,14,2027-06-01T00:33:30,2027-06-01T00:35
20263,TA02,17,14,16,14,2027-06-01T00:35,2027-06-01T00:36:30
20263,TA02,16,14,15,14,2027-06-01T00:36:30,2027-06-01T00:38
20263,TA02,15,14,14,14,2027-06-01T00:38,2027-06-01T00:39:30
20263,TA02,14,14,14,15,2027-06-01T00:39:30,2027-06-01T00:41
20263,TA02,14,15,14,16,2027-06-01T00:41,2027-06-01T00:42:30
20263,TA02,14,16,14,17,2027-06-01T00:42:30,2027-06-01T00:44
20263,TA02,14,17,14,18,2027-06-01T00:44,2027-06-01T00:45:30
20263,TA02,14,18,14,19,2027-06-01T00:45:30,2027-06-01T00:47
20263,TA02,14,19,14,20,2027-06-01T00:47,2027-06-01T00:48:30
20263,TA02,14,20,14,21,2027-06-01T00:48:30,2027-06-01T00:50
20263,TA02,14,21,14,22,2027-06-01T00:50,2027-06-01T00:51:30
20263,TA02,14,22,14,23,2027-06-01T00:51:30,2027-06-01T00:53
20263,TA02,14,23,14,24,2027-06-01T00:53,2027-06-01T00:54:30
20263,TA02,14,24,14,25,2027-06-01T00:54:30,2027-06-01T00:56
20263,TA02,14,25,14,26,2027-06-01T00:56,2027-06-01T00:57:30
20263,TA02,14,26,14,27,2027-06-01T00:57:30,2027-06-01T00:59
20263,TA02,14,27,14,28,2027-06-01T00:59,2027-06-01T01:00:30
20263,TA02,14,28,14,29,2027-06-01T01:00:30,2027-06-01T01:02
20263,TA02,14,29,14,30,2027-06-01T01:02,2027-06-01T01:03:30
20263,TA02,14,30,14,31,2027-06-01T01:03:30,2027-06-01T01:05
20263,TA02,14,31,14,32,2027-06-01T01:05,2027-06-01T01:06:30
20263,TA02,14,32,14,33,2027-06-01T01:06:30,2027-06-01T01:08
20263,TA02,14,33,14,34,2027-06-01T01:08,2027-06-01T01:09:30
20263,TA02,14,34,14,35,2027-06-01T01:09:30,2027-06-01T01:11
20263,TA02,14,35,14,36,2027-06-01T01:11,2027-06-01T01:12:30
20263,TA02,14,36,14,37,2027-06-01T01:12:30,2027-06-01T01:14
20263,TA02,14,37,14,38,2027-06-01T01:14,2027-06-01T01:15:30
20263,TA02,14,38,13,38,2027-06-01T03:15:30,2027-06-01T03:17
20263,TA02,13,38,12,38,2027-06-01T03:17,2027-06-01T03:18:30
20263,TA03,27,14,26,14,2027-06-01T00:20,2027-06-01T00:21:30
20263,TA03,26,14,25,14,2027-06-01T00:21:30,2027-06-01T00:23
20263,TA03,25,14,24,14,2027-06-01T00:23,2027-06-01T00:24:30
20263,TA03,24,14,23,14,2027-06-01T00:24:30,2027-06-01T00:26
20263,TA03,23,14,22,14,2027-06-01T00:26,2027-06-01T00:27:30
20263,TA03,22,14,21,14,2027-06-01T00:27:30,2027-06-01T00:29
20263,TA03,21,14,20,14,2027-06-01T00:29,2027-06-01T00:30:30
20263,TA03,20,14,19,14,2027-06-01T00:30:30,2027-06-01T00:32
20263,TA03,19,14,18,14,2027-06-01T00:32,2027-06-01T00:33:30
20263,TA03,18,14,17,14,2027-06-01T00:33:30,2027-06-01T00:35
20263,TA03,17,14,16,14,2027-06-01T00:35,2027-06-01T00:36:30
20263,TA03,16,14,15,14,2027-06-01T00:36:30,2027-06-01T00:38
20263,TA03,15,14,14,14,2027-06-01T00:38,2027-06-01T00:39:30
20263,TA03,14,14,14,15,2027-06-01T00:39:30,2027-06-01T00:41
20263,TA03,14,15,14,16,2027-06-01T00:41,2027-06-01T00:42:30
20263,TA03,14,16,14,17,2027-06-01T00:42:30,2027-06-01T00:44
20263,TA03,14,17,14,18,2027-06-01T00:44,2027-06-01T00:45:30
20263,TA03,14,18,14,19,2027-06-01T00:45:30,2027-06-01T00:47
20263,TA03,14,19,14,20,2027-06-01T00:47,2027-06-01T00:48:30
20263,TA03,14,20,14,21,2027-06-01T00:48:30,2027-06-01T00:50
20263,TA03,14,21,14,22,2027-06-01T00:50,2027-06-01T00:51:30
20263,TA03,14,22,14,23,2027-06-01T00:51:30,2027-06-01T00:53
20263,TA03,14,23,14,24,2027-06-01T00:53,2027-06-01T00:54:30
20263,TA03,14,24,14,25,2027-06-01T00:54:30,2027-06-01T00:56
20263,TA03,14,25,14,26,2027-06-01T00:56,2027-06-01T00:57:30
20263,TA03,14,26,14,27,2027-06-01T00:57:30,2027-06-01T00:59
20263,TA03,14,27,14,28,2027-06-01T00:59,2027-06-01T01:00:30
20263,TA03,14,28,14,29,2027-06-01T01:00:30,2027-06-01T01:02
20263,TA03,14,29,14,30,2027-06-01T01:02,2027-06-01T01:03:30
20263,TA03,14,30,14,31,2027-06-01T01:03:30,2027-06-01T01:05
20263,TA03,14,31,14,32,2027-06-01T01:05,2027-06-01T01:06:30
20263,TA03,14,32,14,33,2027-06-01T01:06:30,2027-06-01T01:08
20263,TA03,14,33,14,34,2027-06-01T01:08,2027-06-01T01:09:30
20263,TA03,14,34,14,35,2027-06-01T01:09:30,2027-06-01T01:11
20263,TA03,14,35,14,36,2027-06-01T01:11,2027-06-01T01:12:30
20263,TA03,14,36,14,37,2027-06-01T01:12:30,2027-06-01T01:14
20263,TA03,14,37,14,38,2027-06-01T01:14,2027-06-01T01:15:30
20263,TA03,14,38,13,38,2027-06-01T03:15:30,2027-06-01T03:17
20263,TA03,13,38,12,38,2027-06-01T03:17,2027-06-01T03:18:30
20263,TA07,27,14,26,14,2027-06-01T00:20,2027-06-01T00:21:30
20263,TA07,26,14,25,14,2027-06-01T00:21:30,2027-06-01T00:23
20263,TA07,25,14,24,14,2027-06-01T00:23,2027-06-01T00:24:30
20263,TA07,24,14,23,14,2027-06-01T00:24:30,2027-06-01T00:26
20263,TA07,23,14,22,14,2027-06-01T00:26,2027-06-01T00:27:30
20263,TA07,22,14,21,14,2027-06-01T00:27:30,2027-06-01T00:29
20263,TA07,21,14,20,14,2027-06-01T00:29,2027-06-01T00:30:30
20263,TA07,20,14,19,14,2027-06-01T00:30:30,2027-06-01T00:32
20263,TA07,19,14,18,14,2027-06-01T00:32,2027-06-01T00:33:30
20263,TA07,18,14,17,14,2027-06-01T00:33:30,2027-06-01T00:35
20263,TA07,17,14,16,14,2027-06-01T00:35,2027-06-01T00:36:30
20263,TA07,16,14,15,14,2027-06-01T00:36:30,2027-06-01T00:38
20263,TA07,15,14,14,14,2027-06-01T00:38,2027-06-01T00:39:30
20263,TA07,14,14,13,14,2027-06-01T00:39:30,2027-06-01T00:41
20263,TA07,13,14,12,14,2027-06-01T00:41,2027-06-01T00:42:30
20263,TA07,12,14,11,14,2027-06-01T00:42:30,2027-06-01T00:44
20263,TA07,11,14,10,14,2027-06-01T00:44,2027-06-01T00:45:30
20263,TA07,10,14,9,14,2027-06-01T00:45:30,2027-06-01T00:47
20263,TA07,9,14,8,14,2027-06-01T00:47,2027-06-01T00:48:30
20263,TA07,8,14,7,14,2027-06-01T00:48:30,2027-06-01T00:50
20263,TA07,7,14,7,13,2027-06-01T00:50,2027-06-01T00:51:30
20263,TA07,7,13,7,12,2027-06-01T00:51:30,2027-06-01T00:53
20263,TA07,7,12,7,11,2027-06-01T00:53,2027-06-01T00:54:30
20263,TA07,7,11,8,11,2027-06-01T02:54:30,2027-06-01T02:56
20263,TA07,8,11,9,11,2027-06-01T02:56,2027-06-01T02:57:30
20263,TA07,9,11,10,11,2027-06-01T02:57:30,2027-06-01T02:59
20263,TA07,10,11,11,11,2027-06-01T02:59,2027-06-01T03:00:30
20263,TA07,11,11,12,11,2027-06-01T03:00:30,2027-06-01T03:02
20263,TA07,12,11,13,11,2027-06-01T03:02,2027-06-01T03:03:30
20263,TA07,13,11,14,11,2027-06-01T03:03:30,2027-06-01T03:05
20263,TA07,14,11,15,11,2027-06-01T03:05,2027-06-01T03:06:30
20263,TA07,15,11,16,11,2027-06-01T03:06:30,2027-06-01T03:08
20263,TA07,16,11,17,11,2027-06-01T03:08,2027-06-01T03:09:30
20263,TA07,17,11,18,11,2027-06-01T03:09:30,2027-06-01T03:11
20263,TA07,18,11,19,11,2027-06-01T03:11,2027-06-01T03:12:30
20263,TA07,19,11,20,11,2027-06-01T03:12:30,2027-06-01T03:14
20263,TA07,20,11,21,11,2027-06-01T03:14,2027-06-01T03:15:30
20263,TA07,21,11,22,11,2027-06-01T03:15:30,2027-06-01T03:17
20263,TA07,22,11,23,11,2027-06-01T03:17,2027-06-01T03:18:30
20263,TA07,23,11,24,11,2027-06-01T03:18:30,2027-06-01T03:20
20263,TA07,24,11,25,11,2027-06-01T03:20,2027-06-01T03:21:30
20263,TA07,25,11,26,11,2027-06-01T03:21:30,2027-06-01T03:23
20263,TA07,26,11,27,11,2027-06-01T03:23,2027-06-01T03:24:30
20263,TA07,27,11,27,12,2027-06-01T03:24:30,2027-06-01T03:26
20263,TA07,27,12,27,13,2027-06-01T03:26,2027-06-01T03:27:30
20263,TA07,27,13,27,14,2027-06-01T03:27:30,2027-06-01T03:29
20263,TA08,27,14,26,14,2027-06-01T00:20,2027-06-01T00:21:30
20263,TA08,26,14,25,14,2027-06-01T00:21:30,2027-06-01T00:23
20263,TA08,25,14,24,14,2027-06-01T00:23,2027-06-01T00:24:30
20263,TA08,24,14,23,14,2027-06-01T00:24:30,2027-06-01T00:26
20263,TA08,23,14,22,14,2027-06-01T00:26,2027-06-01T00:27:30
20263,TA08,22,14,21,14,2027-06-01T00:27:30,2027-06-01T00:29
20263,TA08,21,14,20,14,2027-06-01T00:29,2027-06-01T00:30:30
20263,TA08,20,14,19,14,2027-06-01T00:30:30,2027-06-01T00:32
20263,TA08,19,14,18,14,2027-06-01T00:32,2027-06-01T00:33:30
20263,TA08,18,14,17,14,2027-06-01T00:33:30,2027-06-01T00:35
20263,TA08,17,14,16,14,2027-06-01T00:35,2027-06-01T00:36:30
20263,TA08,16,14,15,14,2027-06-01T00:36:30,2027-06-01T00:38
20263,TA08,15,14,14,14,2027-06-01T00:38,2027-06-01T00:39:30
20263,TA08,14,14,14,15,2027-06-01T00:39:30,2027-06-01T00:41
20263,TA08,14,15,14,16,2027-06-01T00:41,2027-06-01T00:42:30
20263,TA08,14,16,14,17,2027-06-01T00:42:30,2027-06-01T00:44
20263,TA08,14,17,14,18,2027-06-01T00:44,2027-06-01T00:45:30
20263,TA08,14,18,14,19,2027-06-01T00:45:30,2027-06-01T00:47
20263,TA08,14,19,14,20,2027-06-01T00:47,2027-06-01T00:48:30
20263,TA08,14,20,14,21,2027-06-01T00:48:30,2027-06-01T00:50
20263,TA08,14,21,14,22,2027-06-01T00:50,2027-06-01T00:51:30
20263,TA08,14,22,14,23,2027-06-01T00:51:30,2027-06-01T00:53
20263,TA08,14,23,14,24,2027-06-01T00:53,2027-06-01T00:54:30
20263,TA08,14,24,14,25,2027-06-01T00:54:30,2027-06-01T00:56
20263,TA08,14,25,14,26,2027-06-01T00:56,2027-06-01T00:57:30
20263,TA08,14,26,14,27,2027-06-01T00:57:30,2027-06-01T00:59
20263,TA08,14,27,14,28,2027-06-01T00:59,2027-06-01T01:00:30
20263,TA08,14,28,14,29,2027-06-01T01:00:30,2027-06-01T01:02
20263,TA08,14,29,14,30,2027-06-01T01:02,2027-06-01T01:03:30
20263,TA08,14,30,14,31,2027-06-01T01:03:30,2027-06-01T01:05
20263,TA08,14,31,14,32,2027-06-01T01:05,2027-06-01T01:06:30
20263,TA08,14,32,14,33,2027-06-01T01:06:30,2027-06-01T01:08
20263,TA08,14,33,14,34,2027-06-01T01:08,2027-06-01T01:09:30
20263,TA08,14,34,14,35,2027-06-01T01:09:30,2027-06-01T01:11
20263,TA08,14,35,14,36,2027-06-01T01:11,2027-06-01T01:12:30
20263,TA08,14,36,14,37,2027-06-01T01:12:30,2027-06-01T01:14
20263,TA08,14,37,14,38,2027-06-01T01:14,2027-06-01T01:15:30
20263,TA08,14,38,13,38,2027-06-01T03:15:30,2027-06-01T03:17
20263,TA08,13,38,12,38,2027-06-01T03:17,2027-06-01T03:18:30
20263,TA06,27,14,28,14,2027-06-01T00:30,2027-06-01T00:31:30
20263,TA06,28,14,29,14,2027-06-01T00:31:30,2027-06-01T00:33
20263,TA06,29,14,30,14,2027-06-01T00:33,2027-06-01T00:34:30
20263,TA06,30,14,31,14,2027-06-01T00:34:30,2027-06-01T00:36
20263,TA06,31,14,32,14,2027-06-01T00:36,2027-06-01T00:37:30
20263,TA06,32,14,33,14,2027-06-01T00:37:30,2027-06-01T00:39
20263,TA06,33,14,34,14,2027-06-01T00:39,2027-06-01T00:40:30
20263,TA06,34,14,35,14,2027-06-01T00:40:30,2027-06-01T00:42
20263,TA06,35,14,36,14,2027-06-01T00:42,2027-06-01T00:43:30
20263,TA06,36,14,37,14,2027-06-01T00:43:30,2027-06-01T00:45
20263,TA06,37,14,38,14,2027-06-01T00:45,2027-06-01T00:46:30
20263,TA06,38,14,39,14,2027-06-01T00:46:30,2027-06-01T00:48
20263,TA06,39,14,40,14,2027-06-01T00:48,2027-06-01T00:49:30
20263,TA06,40,14,41,14,2027-06-01T00:49:30,2027-06-01T00:51
20263,TA06,41,14,42,14,2027-06-01T00:51,2027-06-01T00:52:30
20263,TA06,42,14,43,14,2027-06-01T00:52:30,2027-06-01T00:54
20263,TA06,43,14,44,14,2027-06-01T00:54,2027-06-01T00:55:30
20263,TA06,44,14,45,14,2027-06-01T00:55:30,2027-06-01T00:57
20263,TA06,45,14,46,14,2027-06-01T00:57,2027-06-01T00:58:30
20263,TA06,46,14,47,14,2027-06-01T00:58:30,2027-06-01T01:00
20263,TA06,47,14,48,14,2027-06-01T01:00,2027-06-01T01:01:30
20263,TA06,48,14,49,14,2027-06-01T01:01:30,2027-06-01T01:03
20263,TA06,49,14,50,14,2027-06-01T01:03,2027-06-01T01:04:30
20263,TA06,50,14,51,14,2027-06-01T01:04:30,2027-06-01T01:06
20263,TA06,51,14,52,14,2027-06-01T01:06,2027-06-01T01:07:30
20263,TA06,52,14,52,15,2027-06-01T01:07:30,2027-06-01T01:09
20263,TA06,52,15,52,16,2027-06-01T01:09,2027-06-01T01:10:30
20263,TA06,52,16,52,17,2027-06-01T01:10:30,2027-06-01T01:12
20263,TA06,52,17,52,18,2027-06-01T01:12,2027-06-01T01:13:30
20263,TA06,52,18,52,19,2027-06-01T01:13:30,2027-06-01T01:15
20263,TA06,52,19,52,20,2027-06-01T01:15,2027-06-01T01:16:30
20263,TA06,52,20,52,21,2027-06-01T01:16:30,2027-06-01T01:18
20263,TA06,52,21,52,22,2027-06-01T01:18,2027-06-01T01:19:30
20263,TA06,52,22,52,23,2027-06-01T01:19:30,2027-06-01T01:21
20263,TA06,52,23,52,24,2027-06-01T01:21,2027-06-01T01:22:30
20263,TA06,52,24,52,25,2027-06-01T01:22:30,2027-06-01T01:24
20263,TA06,52,25,52,26,2027-06-01T01:24,2027-06-01T01:25:30
20263,TA06,52,26,52,27,2027-06-01T01:25:30,2027-06-01T01:27
20263,TA06,52,27,52,28,2027-06-01T01:27,2027-06-01T01:28:30
20263,TA06,52,28,52,29,2027-06-01T01:28:30,2027-06-01T01:30
20263,TA06,52,29,52,30,2027-06-01T01:30,2027-06-01T01:31:30
20263,TA06,52,30,52,31,2027-06-01T01:31:30,2027-06-01T01:33
20263,TA06,52,31,52,32,2027-06-01T01:33,2027-06-01T01:34:30
20263,TA06,52,32,52,33,2027-06-01T01:34:30,2027-06-01T01:36
20263,TA06,52,33,52,34,2027-06-01T01:36,2027-06-01T01:37:30
20263,TA06,52,34,52,35,2027-06-01T01:37:30,2027-06-01T01:39
20263,TA06,52,35,52,34,2027-06-01T02:39,2027-06-01T02:40:30
20263,TA06,52,34,52,33,2027-06-01T02:40:30,2027-06-01T02:42
20263,TA06,52,33,52,32,2027-06-01T02:42,2027-06-01T02:43:30
20263,TA06,52,32,52,31,2027-06-01T02:43:30,2027-06-01T02:45
20263,TA06,52,31,52,30,2027-06-01T02:45,2027-06-01T02:46:30
20263,TA06,52,30,53,30,2027-06-01T02:46:30,2027-06-01T02:48
20263,TA06,53,30,54,30,2027-06-01T02:48,2027-06-01T02:49:30
20263,TA06,54,30,55,30,2027-06-01T02:49:30,2027-06-01T02:51
20263,TA06,55,30,56,30,2027-06-01T02:51,2027-06-01T02:52:30
20263,TA06,56,30,57,30,2027-06-01T03:26,2027-06-01T03:27:30
20263,TA06,57,30,57,29,2027-06-01T05:27:30,2027-06-01T05:29
20263,TA06,57,29,57,28,2027-06-01T05:29,2027-06-01T05:30:30
20263,TA06,57,28,57,27,2027-06-01T05:30:30,2027-06-01T05:32
20263,TA09,27,14,26,14,2027-06-01T00:30,2027-06-01T00:31:30
20263,TA09,26,14,25,14,2027-06-01T00:31:30,2027-06-01T00:33
20263,TA09,25,14,24,14,2027-06-01T00:33,2027-06-01T00:34:30
20263,TA09,24,14,23,14,2027-06-01T00:34:30,2027-06-01T00:36
20263,TA09,23,14,22,14,2027-06-01T00:36,2027-06-01T00:37:30
20263,TA09,22,14,21,14,2027-06-01T00:37:30,2027-06-01T00:39
20263,TA09,21,14,20,14,2027-06-01T00:39,2027-06-01T00:40:30
20263,TA09,20,14,19,14,2027-06-01T00:40:30,2027-06-01T00:42
20263,TA09,19,14,18,14,2027-06-01T00:42,2027-06-01T00:43:30
20263,TA09,18,14,17,14,2027-06-01T00:43:30,2027-06-01T00:45
20263,TA09,17,14,16,14,2027-06-01T00:45,2027-06-01T00:46:30
20263,TA09,16,14,15,14,2027-06-01T00:46:30,2027-06-01T00:48
20263,TA09,15,14,14,14,2027-06-01T00:48,2027-06-01T00:49:30
20263,TA09,14,14,13,14,2027-06-01T00:49:30,2027-06-01T00:51
20263,TA09,13,14,12,14,2027-06-01T00:51,2027-06-01T00:52:30
20263,TA09,12,14,11,14,2027-06-01T00:52:30,2027-06-01T00:54
20263,TA09,11,14,11,15,2027-06-01T00:54,2027-06-01T00:55:30
20263,TA09,11,15,11,16,2027-06-01T00:55:30,2027-06-01T00:57
20263,TA09,11,16,11,17,2027-06-01T00:57,2027-06-01T00:58:30
20263,TA09,11,17,11,18,2027-06-01T00:58:30,2027-06-01T01:00
20263,TA09,11,18,11,19,2027-06-01T01:00,2027-06-01T01:01:30
20263,TA09,11,19,11,20,2027-06-01T01:01:30,2027-06-01T01:03
20263,TA09,11,20,11,21,2027-06-01T01:03,2027-06-01T01:04:30
20263,TA09,11,21,11,22,2027-06-01T01:04:30,2027-06-01T01:06
20263,TA09,11,22,11,23,2027-06-01T01:06,2027-06-01T01:07:30
20263,TA09,11,23,11,24,2027-06-01T01:07:30,2027-06-01T01:09
20263,TA09,11,24,11,25,2027-06-01T01:09,2027-06-01T01:10:30
20263,TA09,11,25,11,26,2027-06-01T01:10:30,2027-06-01T01:12
20263,TA09,11,26,11,27,2027-06-01T01:12,2027-06-01T01:13:30
20263,TA09,11,27,11,28,2027-06-01T01:13:30,2027-06-01T01:15
20263,TA09,11,28,11,29,2027-06-01T01:15,2027-06-01T01:16:30
20263,TA09,11,29,11,30,2027-06-01T01:16:30,2027-06-01T01:18
20263,TA09,11,30,11,31,2027-06-01T01:18,2027-06-01T01:19:30
20263,TA09,11,31,11,32,2027-06-01T01:19:30,2027-06-01T01:21
20263,TA09,11,32,11,33,2027-06-01T01:21,2027-06-01T01:22:30
20263,TA09,11,33,11,34,2027-06-01T01:22:30,2027-06-01T01:24
20263,TA09,11,34,11,35,2027-06-01T01:24,2027-06-01T01:25:30
20263,TA09,11,35,11,36,2027-06-01T01:25:30,2027-06-01T01:27
20263,TA09,11,36,11,37,2027-06-01T01:27,2027-06-01T01:28:30
20263,TA09,11,37,11,38,2027-06-01T01:28:30,2027-06-01T01:30
20263,TA09,11,38,11,39,2027-06-01T01:30,2027-06-01T01:31:30
20263,TA09,11,39,11,40,2027-06-01T01:31:30,2027-06-01T01:33
20263,TA09,11,40,11,41,2027-06-01T01:33,2027-06-01T01:34:30
20263,TA09,11,41,11,42,2027-06-01T01:34:30,2027-06-01T01:36
20263,TA09,11,42,11,43,2027-06-01T01:36,2027-06-01T01:37:30
20263,TA09,11,43,11,44,2027-06-01T01:37:30,2027-06-01T01:39
20263,TA09,11,44,12,44,2027-06-01T03:39,2027-06-01T03:40:30
20263,TA09,12,44,12,43,2027-06-01T03:40:30,2027-06-01T03:42
20263,TA09,12,43,12,42,2027-06-01T03:42,2027-06-01T03:43:30
20263,TA09,12,42,12,41,2027-06-01T03:43:30,2027-06-01T03:45
20263,TA09,12,41,12,40,2027-06-01T03:45,2027-06-01T03:46:30
20263,TA09,12,40,12,39,2027-06-01T03:46:30,2027-06-01T03:48
20263,TA09,12,39,12,38,2027-06-01T03:48,2027-06-01T03:49:30
20263,TA10,27,14,28,14,2027-06-01T00:30,2027-06-01T00:31:30
20263,TA10,28,14,29,14,2027-06-01T00:31:30,2027-06-01T00:33
20263,TA10,29,14,30,14,2027-06-01T00:33,2027-06-01T00:34:30
20263,TA10,30,14,31,14,2027-06-01T00:34:30,2027-06-01T00:36
20263,TA10,31,14,32,14,2027-06-01T00:36,2027-06-01T00:37:30
20263,TA10,32,14,32,15,2027-06-01T00:37:30,2027-06-01T00:39
20263,TA10,32,15,32,16,2027-06-01T00:39,2027-06-01T00:40:30
20263,TA10,32,16,32,17,2027-06-01T00:40:30,2027-06-01T00:42
20263,TA10,32,17,32,18,2027-06-01T00:42,2027-06-01T00:43:30
20263,TA10,32,18,32,19,2027-06-01T00:43:30,2027-06-01T00:45
20263,TA10,32,19,32,20,2027-06-01T00:45,2027-06-01T00:46:30
20263,TA10,32,20,32,21,2027-06-01T00:46:30,2027-06-01T00:48
20263,TA10,32,21,32,22,2027-06-01T00:48,2027-06-01T00:49:30
20263,TA10,32,22,32,23,2027-06-01T00:49:30,2027-06-01T00:51
20263,TA10,32,23,32,24,2027-06-01T00:51,2027-06-01T00:52:30
20263,TA10,32,24,32,25,2027-06-01T00:52:30,2027-06-01T00:54
20263,TA10,32,25,32,26,2027-06-01T00:54,2027-06-01T00:55:30
20263,TA10,32,26,32,27,2027-06-01T00:55:30,2027-06-01T00:57
20263,TA10,32,27,32,28,2027-06-01T00:57,2027-06-01T00:58:30
20263,TA10,32,28,32,29,2027-06-01T00:58:30,2027-06-01T01:00
20263,TA10,32,29,32,30,2027-06-01T01:00,2027-06-01T01:01:30
20263,TA10,32,30,32,31,2027-06-01T01:01:30,2027-06-01T01:03
20263,TA10,32,31,32,32,2027-06-01T01:03,2027-06-01T01:04:30
20263,TA10,32,32,32,33,2027-06-01T01:04:30,2027-06-01T01:06
20263,TA10,32,33,32,34,2027-06-01T01:06,2027-06-01T01:07:30
20263,TA10,32,34,32,35,2027-06-01T01:07:30,2027-06-01T01:09
20263,TA10,32,35,32,36,2027-06-01T01:09,2027-06-01T01:10:30
20263,TA10,32,36,32,37,2027-06-01T01:10:30,2027-06-01T01:12
20263,TA10,32,37,32,38,2027-06-01T01:12,2027-06-01T01:13:30
20263,TA10,32,38,32,39,2027-06-01T01:13:30,2027-06-01T01:15
20263,TA10,32,39,32,40,2027-06-01T01:15,2027-06-01T01:16:30
20263,TA10,32,40,32,41,2027-06-01T01:16:30,2027-06-01T01:18
20263,TA10,32,41,32,42,2027-06-01T01:18,2027-06-01T01:19:30
20263,TA10,32,42,32,43,2027-06-01T01:19:30,2027-06-01T01:21
20263,TA10,32,43,32,44,2027-06-01T01:21,2027-06-01T01:22:30
20263,TA10,32,44,31,44,2027-06-01T03:22:30,2027-06-01T03:24
20263,TA10,31,44,30,44,2027-06-01T03:24,2027-06-01T03:25:30
20263,TA10,30,44,29,44,2027-06-01T03:25:30,2027-06-01T03:27
20263,TA10,29,44,28,44,2027-06-01T03:27,2027-06-01T03:28:30
20263,TA10,28,44,27,44,2027-06-01T03:28:30,2027-06-01T03:30
20263,TA10,27,44,26,44,2027-06-01T03:30,2027-06-01T03:31:30
20263,TA10,26,44,25,44,2027-06-01T03:31:30,2027-06-01T03:33
20263,TA10,25,44,24,44,2027-06-01T03:33,2027-06-01T03:34:30
20263,TA10,24,44,23,44,2027-06-01T03:34:30,2027-06-01T03:36
20263,TA10,23,44,22,44,2027-06-01T03:36,2027-06-01T03:37:30
20263,TA10,22,44,21,44,2027-06-01T03:37:30,2027-06-01T03:39
20263,TA10,21,44,20,44,2027-06-01T03:39,2027-06-01T03:40:30
20263,TA10,20,44,19,44,2027-06-01T03:40:30,2027-06-01T03:42
20263,TA10,19,44,18,44,2027-06-01T03:42,2027-06-01T03:43:30
20263,TA10,18,44,17,44,2027-06-01T03:43:30,2027-06-01T03:45
20263,TA10,17,44,16,44,2027-06-01T03:45,2027-06-01T03:46:30
20263,TA10,16,44,15,44,2027-06-01T03:46:30,2027-06-01T03:48
20263,TA10,15,44,14,44,2027-06-01T03:48,2027-06-01T03:49:30
20263,TA10,14,44,13,44,2027-06-01T03:49:30,2027-06-01T03:51
20263,TA10,13,44,12,44,2027-06-01T03:51,2027-06-01T03:52:30
20263,TA10,12,44,12,43,2027-06-01T03:52:30,2027-06-01T03:54
20263,TA10,12,43,12,42,2027-06-01T03:54,2027-06-01T03:55:30
20263,TA10,12,42,12,41,2027-06-01T03:55:30,2027-06-01T03:57
20263,TA10,12,41,12,40,2027-06-01T03:57,2027-06-01T03:58:30
20263,TA10,12,40,12,39,2027-06-01T03:58:30,2027-06-01T04:00
20263,TA10,12,39,12,38,2027-06-01T04:00,2027-06-01T04:01:30
20263,TM02,27,14,28,14,2027-06-01T00:30,2027-06-01T00:32:24
20263,TM02,28,14,29,14,2027-06-01T00:32:24,2027-06-01T00:34:48
20263,TM02,29,14,30,14,2027-06-01T00:34:48,2027-06-01T00:37:12
20263,TM02,30,14,31,14,2027-06-01T00:37:12,2027-06-01T00:39:36
20263,TM02,31,14,32,14,2027-06-01T00:39:36,2027-06-01T00:42
20263,TM02,32,14,33,14,2027-06-01T00:42,2027-06-01T00:44:24
20263,TM02,33,14,34,14,2027-06-01T00:44:24,2027-06-01T00:46:48
20263,TM02,34,14,35,14,2027-06-01T00:46:48,2027-06-01T00:49:12
20263,TM02,35,14,36,14,2027-06-01T00:49:12,2027-06-01T00:51:36
20263,TM02,36,14,37,14,2027-06-01T00:51:36,2027-06-01T00:54
20263,TM02,37,14,38,14,2027-06-01T00:54,2027-06-01T00:56:24
20263,TM02,38,14,39,14,2027-06-01T00:56:24,2027-06-01T00:58:48
20263,TM02,39,14,40,14,2027-06-01T00:58:48,2027-06-01T01:01:12
20263,TM02,40,14,41,14,2027-06-01T01:01:12,2027-06-01T01:03:36
20263,TM02,41,14,42,14,2027-06-01T01:03:36,2027-06-01T01:06
20263,TM02,42,14,43,14,2027-06-01T01:06,2027-06-01T01:08:24
20263,TM02,43,14,44,14,2027-06-01T01:08:24,2027-06-01T01:10:48
20263,TM02,44,14,45,14,2027-06-01T01:10:48,2027-06-01T01:13:12
20263,TM02,45,14,46,14,2027-06-01T01:13:12,2027-06-01T01:15:36
20263,TM02,46,14,47,14,2027-06-01T01:15:36,2027-06-01T01:18
20263,TM02,47,14,48,14,2027-06-01T01:18,2027-06-01T01:20:24
20263,TM02,48,14,49,14,2027-06-01T01:20:24,2027-06-01T01:22:48
20263,TM02,49,14,50,14,2027-06-01T01:22:48,2027-06-01T01:25:12
20263,TM02,50,14,51,14,2027-06-01T01:25:12,2027-06-01T01:27:36
20263,TM02,51,14,52,14,2027-06-01T01:27:36,2027-06-01T01:30
20263,TM02,52,14,52,15,2027-06-01T01:30,2027-06-01T01:32:24
20263,TM02,52,15,52,16,2027-06-01T01:32:24,2027-06-01T01:34:48
20263,TM02,52,16,52,17,2027-06-01T01:34:48,2027-06-01T01:37:12
20263,TM02,52,17,52,18,2027-06-01T01:37:12,2027-06-01T01:39:36
20263,TM02,52,18,52,19,2027-06-01T01:39:36,2027-06-01T01:42
20263,TM02,52,19,52,20,2027-06-01T01:42,2027-06-01T01:44:24
20263,TM02,52,20,52,21,2027-06-01T01:44:24,2027-06-01T01:46:48
20263,TM02,52,21,52,22,2027-06-01T01:46:48,2027-06-01T01:49:12
20263,TM02,52,22,52,23,2027-06-01T01:49:12,2027-06-01T01:51:36
20263,TM02,52,23,52,24,2027-06-01T01:51:36,2027-06-01T01:54
20263,TM02,52,24,52,25,2027-06-01T01:54,2027-06-01T01:56:24
20263,TM02,52,25,52,26,2027-06-01T01:56:24,2027-06-01T01:58:48
20263,TM02,52,26,52,27,2027-06-01T01:58:48,2027-06-01T02:01:12
20263,TM02,52,27,52,28,2027-06-01T02:01:12,2027-06-01T02:03:36
20263,TM02,52,28,52,29,2027-06-01T02:03:36,2027-06-01T02:06
20263,TM02,52,29,52,30,2027-06-01T02:06,2027-06-01T02:08:24
20263,TM02,52,30,52,31,2027-06-01T02:08:24,2027-06-01T02:10:48
20263,TM02,52,31,52,32,2027-06-01T02:10:48,2027-06-01T02:13:12
20263,TM02,52,32,52,33,2027-06-01T02:13:12,2027-06-01T02:15:36
20263,TM02,52,33,52,34,2027-06-01T02:15:36,2027-06-01T02:18
20263,TM02,52,34,52,35,2027-06-01T02:18,2027-06-01T02:20:24
20263,TM02,52,35,53,35,2027-06-01T04:20:24,2027-06-01T04:22:48
20263,TM02,53,35,54,35,2027-06-01T04:22:48,2027-06-01T04:25:12
20263,TM02,54,35,55,35,2027-06-01T04:25:12,2027-06-01T04:27:36
20263,TM02,55,35,56,35,2027-06-01T04:27:36,2027-06-01T04:30
20263,TM02,56,35,57,35,2027-06-01T04:30,2027-06-01T04:32:24
20263,TM02,57,35,57,34,2027-06-01T04:32:24,2027-06-01T04:34:48
20263,TM02,57,34,57,33,2027-06-01T04:34:48,2027-06-01T04:37:12
20263,TM02,57,33,57,32,2027-06-01T04:37:12,2027-06-01T04:39:36
20263,TM02,57,32,57,31,2027-06-01T04:39:36,2027-06-01T04:42
20263,TM02,57,31,57,30,2027-06-01T04:42,2027-06-01T04:44:24
20263,TM02,57,30,57,29,2027-06-01T04:44:24,2027-06-01T04:46:48
20263,TM02,57,29,57,28,2027-06-01T04:46:48,2027-06-01T04:49:12
20263,TM02,57,28,57,27,2027-06-01T04:49:12,2027-06-01T04:51:36
20263,TM14,27,14,28,14,2027-06-01T00:30,2027-06-01T00:32:24
20263,TM14,28,14,29,14,2027-06-01T00:32:24,2027-06-01T00:34:48
20263,TM14,29,14,30,14,2027-06-01T00:34:48,2027-06-01T00:37:12
20263,TM14,30,14,31,14,2027-06-01T00:37:12,2027-06-01T00:39:36
20263,TM14,31,14,32,14,2027-06-01T00:39:36,2027-06-01T00:42
20263,TM14,32,14,33,14,2027-06-01T00:42,2027-06-01T00:44:24
20263,TM14,33,14,34,14,2027-06-01T00:44:24,2027-06-01T00:46:48
20263,TM14,34,14,35,14,2027-06-01T00:46:48,2027-06-01T00:49:12
20263,TM14,35,14,36,14,2027-06-01T00:49:12,2027-06-01T00:51:36
20263,TM14,36,14,37,14,2027-06-01T00:51:36,2027-06-01T00:54
20263,TM14,37,14,38,14,2027-06-01T00:54,2027-06-01T00:56:24
20263,TM14,38,14,39,14,2027-06-01T00:56:24,2027-06-01T00:58:48
20263,TM14,39,14,40,14,2027-06-01T00:58:48,2027-06-01T01:01:12
20263,TM14,40,14,41,14,2027-06-01T01:01:12,2027-06-01T01:03:36
20263,TM14,41,14,42,14,2027-06-01T01:03:36,2027-06-01T01:06
20263,TM14,42,14,43,14,2027-06-01T01:06,2027-06-01T01:08:24
20263,TM14,43,14,44,14,2027-06-01T01:08:24,2027-06-01T01:10:48
20263,TM14,44,14,45,14,2027-06-01T01:10:48,2027-06-01T01:13:12
20263,TM14,45,14,46,14,2027-06-01T01:13:12,2027-06-01T01:15:36
20263,TM14,46,14,47,14,2027-06-01T01:15:36,2027-06-01T01:18
20263,TM14,47,14,48,14,2027-06-01T01:18,2027-06-01T01:20:24
20263,TM14,48,14,49,14,2027-06-01T01:20:24,2027-06-01T01:22:48
20263,TM14,49,14,50,14,2027-06-01T01:22:48,2027-06-01T01:25:12
20263,TM14,50,14,51,14,2027-06-01T01:25:12,2027-06-01T01:27:36
20263,TM14,51,14,52,14,2027-06-01T01:27:36,2027-06-01T01:30
20263,TM14,52,14,52,15,2027-06-01T01:30,2027-06-01T01:32:24
20263,TM14,52,15,52,16,2027-06-01T01:32:24,2027-06-01T01:34:48
20263,TM14,52,16,52,17,2027-06-01T01:34:48,2027-06-01T01:37:12
20263,TM14,52,17,52,18,2027-06-01T01:37:12,2027-06-01T01:39:36
20263,TM14,52,18,52,19,2027-06-01T01:39:36,2027-06-01T01:42
20263,TM14,52,19,52,20,2027-06-01T01:42,2027-06-01T01:44:24
20263,TM14,52,20,52,21,2027-06-01T01:44:24,2027-06-01T01:46:48
20263,TM14,52,21,52,22,2027-06-01T01:46:48,2027-06-01T01:49:12
20263,TM14,52,22,52,23,2027-06-01T01:49:12,2027-06-01T01:51:36
20263,TM14,52,23,52,24,2027-06-01T01:51:36,2027-06-01T01:54
20263,TM14,52,24,52,25,2027-06-01T01:54,2027-06-01T01:56:24
20263,TM14,52,25,52,26,2027-06-01T01:56:24,2027-06-01T01:58:48
20263,TM14,52,26,52,27,2027-06-01T01:58:48,2027-06-01T02:01:12
20263,TM14,52,27,52,28,2027-06-01T02:01:12,2027-06-01T02:03:36
20263,TM14,52,28,52,29,2027-06-01T02:03:36,2027-06-01T02:06
20263,TM14,52,29,52,30,2027-06-01T02:06,2027-06-01T02:08:24
20263,TM14,52,30,52,31,2027-06-01T02:08:24,2027-06-01T02:10:48
20263,TM14,52,31,52,32,2027-06-01T02:10:48,2027-06-01T02:13:12
20263,TM14,52,32,52,33,2027-06-01T02:13:12,2027-06-01T02:15:36
20263,TM14,52,33,52,34,2027-06-01T02:15:36,2027-06-01T02:18
20263,TM14,52,34,52,35,2027-06-01T02:18,2027-06-01T02:20:24
20263,TM14,52,35,53,35,2027-06-01T04:20:24,2027-06-01T04:22:48
20263,TM14,53,35,54,35,2027-06-01T04:22:48,2027-06-01T04:25:12
20263,TM14,54,35,55,35,2027-06-01T04:25:12,2027-06-01T04:27:36
20263,TM14,55,35,56,35,2027-06-01T04:27:36,2027-06-01T04:30
20263,TM14,56,35,57,35,2027-06-01T04:30,2027-06-01T04:32:24
20263,TM14,57,35,57,34,2027-06-01T04:32:24,2027-06-01T04:34:48
20263,TM14,57,34,57,33,2027-06-01T04:34:48,2027-06-01T04:37:12
20263,TM14,57,33,57,32,2027-06-01T04:37:12,2027-06-01T04:39:36
20263,TM14,57,32,57,31,2027-06-01T04:39:36,2027-06-01T04:42
20263,TM14,57,31,57,30,2027-06-01T04:42,2027-06-01T04:44:24
20263,TM14,57,30,57,29,2027-06-01T04:44:24,2027-06-01T04:46:48
20263,TM14,57,29,57,28,2027-06-01T04:46:48,2027-06-01T04:49:12
20263,TM14,57,28,57,27,2027-06-01T04:49:12,2027-06-01T04:51:36
20263,TM03,27,14,28,14,2027-06-01T00:40,2027-06-01T00:42:24
20263,TM03,28,14,29,14,2027-06-01T00:42:24,2027-06-01T00:44:48
20263,TM03,29,14,30,14,2027-06-01T00:44:48,2027-06-01T00:47:12
20263,TM03,30,14,31,14,2027-06-01T00:47:12,2027-06-01T00:49:36
20263,TM03,31,14,32,14,2027-06-01T00:49:36,2027-06-01T00:52
20263,TM03,32,14,33,14,2027-06-01T00:52,2027-06-01T00:54:24
20263,TM03,33,14,34,14,2027-06-01T00:54:24,2027-06-01T00:56:48
20263,TM03,34,14,34,13,2027-06-01T00:56:48,2027-06-01T00:59:12
20263,TM03,34,13,33,13,2027-06-01T02:59:12,2027-06-01T03:01:36
20263,TM03,33,13,32,13,2027-06-01T03:01:36,2027-06-01T03:04
20263,TM03,32,13,31,13,2027-06-01T03:04,2027-06-01T03:06:24
20263,TM03,31,13,30,13,2027-06-01T03:06:24,2027-06-01T03:08:48
20263,TM03,30,13,29,13,2027-06-01T03:08:48,2027-06-01T03:11:12
20263,TM03,29,13,28,13,2027-06-01T03:11:12,2027-06-01T03:13:36
20263,TM03,28,13,27,13,2027-06-01T03:13:36,2027-06-01T03:16
20263,TM03,27,13,27,14,2027-06-01T03:16,2027-06-01T03:18:24
20263,TM07,27,14,26,14,2027-06-01T00:40,2027-06-01T00:42:24
20263,TM07,26,14,25,14,2027-06-01T00:42:24,2027-06-01T00:44:48
20263,TM07,25,14,24,14,2027-06-01T00:44:48,2027-06-01T00:47:12
20263,TM07,24,14,23,14,2027-06-01T00:47:12,2027-06-01T00:49:36
20263,TM07,23,14,23,15,2027-06-01T00:49:36,2027-06-01T00:52
20263,TM07,23,15,23,16,2027-06-01T00:52,2027-06-01T00:54:24
20263,TM07,23,16,23,17,2027-06-01T00:54:24,2027-06-01T00:56:48
20263,TM07,23,17,23,18,2027-06-01T00:56:48,2027-06-01T00:59:12
20263,TM07,23,18,23,19,2027-06-01T00:59:12,2027-06-01T01:01:36
20263,TM07,23,19,23,20,2027-06-01T01:01:36,2027-06-01T01:04
20263,TM07,23,20,23,21,2027-06-01T01:04,2027-06-01T01:06:24
20263,TM07,23,21,23,22,2027-06-01T01:06:24,2027-06-01T01:08:48
20263,TM07,23,22,23,23,2027-06-01T01:08:48,2027-06-01T01:11:12
20263,TM07,23,23,23,24,2027-06-01T01:11:12,2027-06-01T01:13:36
20263,TM07,23,24,23,25,2027-06-01T01:13:36,2027-06-01T01:16
20263,TM07,23,25,23,26,2027-06-01T01:16,2027-06-01T01:18:24
20263,TM07,23,26,23,27,2027-06-01T01:18:24,2027-06-01T01:20:48
20263,TM07,23,27,23,28,2027-06-01T01:20:48,2027-06-01T01:23:12
20263,TM07,23,28,23,29,2027-06-01T01:23:12,2027-06-01T01:25:36
20263,TM07,23,29,23,30,2027-06-01T01:25:36,2027-06-01T01:28
20263,TM07,23,30,23,31,2027-06-01T01:28,2027-06-01T01:30:24
20263,TM07,23,31,23,32,2027-06-01T01:30:24,2027-06-01T01:32:48
20263,TM07,23,32,23,33,2027-06-01T01:32:48,2027-06-01T01:35:12
20263,TM07,23,33,23,34,2027-06-01T01:35:12,2027-06-01T01:37:36
20263,TM07,23,34,23,35,2027-06-01T01:37:36,2027-06-01T01:40
20263,TM07,23,35,23,36,2027-06-01T01:40,2027-06-01T01:42:24
20263,TM07,23,36,23,37,2027-06-01T01:42:24,2027-06-01T01:44:48
20263,TM07,23,37,23,38,2027-06-01T01:44:48,2027-06-01T01:47:12
20263,TM07,23,38,23,39,2027-06-01T01:47:12,2027-06-01T01:49:36
20263,TM07,23,39,23,40,2027-06-01T01:49:36,2027-06-01T01:52
20263,TM07,23,40,23,41,2027-06-01T01:52,2027-06-01T01:54:24
20263,TM07,23,41,23,42,2027-06-01T01:54:24,2027-06-01T01:56:48
20263,TM07,23,42,23,43,2027-06-01T01:56:48,2027-06-01T01:59:12
20263,TM07,23,43,23,44,2027-06-01T01:59:12,2027-06-01T02:01:36
20263,TM07,23,44,23,45,2027-06-01T02:01:36,2027-06-01T02:04
20263,TM07,23,45,23,46,2027-06-01T02:04,2027-06-01T02:06:24
20263,TM07,23,46,23,47,2027-06-01T02:06:24,2027-06-01T02:08:48
20263,TM07,23,47,23,48,2027-06-01T02:08:48,2027-06-01T02:11:12
20263,TM07,23,48,22,48,2027-06-01T04:11:12,2027-06-01T04:13:36
20263,TM07,22,48,21,48,2027-06-01T04:13:36,2027-06-01T04:16
20263,TM07,21,48,20,48,2027-06-01T04:16,2027-06-01T04:18:24
20263,TM07,20,48,19,48,2027-06-01T04:18:24,2027-06-01T04:20:48
20263,TM07,19,48,18,48,2027-06-01T04:20:48,2027-06-01T04:23:12
20263,TM07,18,48,17,48,2027-06-01T04:23:12,2027-06-01T04:25:36
20263,TM07,17,48,16,48,2027-06-01T04:25:36,2027-06-01T04:28
20263,TM07,16,48,15,48,2027-06-01T04:28,2027-06-01T04:30:24
20263,TM07,15,48,14,48,2027-06-01T04:30:24,2027-06-01T04:32:48
20263,TM07,14,48,13,48,2027-06-01T04:32:48,2027-06-01T04:35:12
20263,TM07,13,48,12,48,2027-06-01T04:35:12,2027-06-01T04:37:36
20263,TM07,12,48,12,47,2027-06-01T04:37:36,2027-06-01T04:40
20263,TM07,12,47,12,46,2027-06-01T04:40,2027-06-01T04:42:24
20263,TM07,12,46,12,45,2027-06-01T04:42:24,2027-06-01T04:44:48
20263,TM07,12,45,12,44,2027-06-01T04:44:48,2027-06-01T04:47:12
20263,TM07,12,44,12,43,2027-06-01T04:47:12,2027-06-01T04:49:36
20263,TM07,12,43,12,42,2027-06-01T04:49:36,2027-06-01T04:52
20263,TM07,12,42,12,41,2027-06-01T04:52,2027-06-01T04:54:24
20263,TM07,12,41,12,40,2027-06-01T04:54:24,2027-06-01T04:56:48
20263,TM07,12,40,12,39,2027-06-01T04:56:48,2027-06-01T04:59:12
20263,TM07,12,39,12,38,2027-06-01T04:59:12,2027-06-01T05:01:36
20263,TM08,27,14,28,14,2027-06-01T00:40,2027-06-01T00:42:24
20263,TM08,28,14,29,14,2027-06-01T00:42:24,2027-06-01T00:44:48
20263,TM08,29,14,30,14,2027-06-01T00:44:48,2027-06-01T00:47:12
20263,TM08,30,14,31,14,2027-06-01T00:47:12,2027-06-01T00:49:36
20263,TM08,31,14,32,14,2027-06-01T00:49:36,2027-06-01T00:52
20263,TM08,32,14,33,14,2027-06-01T00:52,2027-06-01T00:54:24
20263,TM08,33,14,34,14,2027-06-01T00:54:24,2027-06-01T00:56:48
20263,TM08,34,14,35,14,2027-06-01T00:56:48,2027-06-01T00:59:12
20263,TM08,35,14,36,14,2027-06-01T00:59:12,2027-06-01T01:01:36
20263,TM08,36,14,37,14,2027-06-01T01:01:36,2027-06-01T01:04
20263,TM08,37,14,38,14,2027-06-01T01:04,2027-06-01T01:06:24
20263,TM08,38,14,39,14,2027-06-01T01:06:24,2027-06-01T01:08:48
20263,TM08,39,14,40,14,2027-06-01T01:08:48,2027-06-01T01:11:12
20263,TM08,40,14,41,14,2027-06-01T01:11:12,2027-06-01T01:13:36
20263,TM08,41,14,42,14,2027-06-01T01:13:36,2027-06-01T01:16
20263,TM08,42,14,43,14,2027-06-01T01:16,2027-06-01T01:18:24
20263,TM08,43,14,44,14,2027-06-01T01:18:24,2027-06-01T01:20:48
20263,TM08,44,14,45,14,2027-06-01T01:20:48,2027-06-01T01:23:12
20263,TM08,45,14,46,14,2027-06-01T01:23:12,2027-06-01T01:25:36
20263,TM08,46,14,47,14,2027-06-01T01:25:36,2027-06-01T01:28
20263,TM08,47,14,48,14,2027-06-01T01:28,2027-06-01T01:30:24
20263,TM08,48,14,49,14,2027-06-01T01:30:24,2027-06-01T01:32:48
20263,TM08,49,14,50,14,2027-06-01T01:32:48,2027-06-01T01:35:12
20263,TM08,50,14,51,14,2027-06-01T01:35:12,2027-06-01T01:37:36
20263,TM08,51,14,52,14,2027-06-01T01:37:36,2027-06-01T01:40
20263,TM08,52,14,53,14,2027-06-01T01:40,2027-06-01T01:42:24
20263,TM08,53,14,54,14,2027-06-01T01:42:24,2027-06-01T01:44:48
20263,TM08,54,14,55,14,2027-06-01T01:44:48,2027-06-01T01:47:12
20263,TM08,55,14,56,14,2027-06-01T01:47:12,2027-06-01T01:49:36
20263,TM08,56,14,57,14,2027-06-01T01:49:36,2027-06-01T01:52
20263,TM08,57,14,58,14,2027-06-01T01:52,2027-06-01T01:54:24
20263,TM08,58,14,59,14,2027-06-01T01:54:24,2027-06-01T01:56:48
20263,TM08,59,14,60,14,2027-06-01T01:56:48,2027-06-01T01:59:12
20263,TM08,60,14,61,14,2027-06-01T01:59:12,2027-06-01T02:01:36
20263,TM08,61,14,62,14,2027-06-01T02:01:36,2027-06-01T02:04
20263,TM08,62,14,63,14,2027-06-01T02:04,2027-06-01T02:06:24
20263,TM08,63,14,64,14,2027-06-01T02:06:24,2027-06-01T02:08:48
20263,TM08,64,14,65,14,2027-06-01T02:08:48,2027-06-01T02:11:12
20263,TM08,65,14,66,14,2027-06-01T02:11:12,2027-06-01T02:13:36
20263,TM08,66,14,67,14,2027-06-01T02:13:36,2027-06-01T02:16
20263,TM08,67,14,68,14,2027-06-01T02:16,2027-06-01T02:18:24
20263,TM08,68,14,69,14,2027-06-01T02:18:24,2027-06-01T02:20:48
20263,TM08,69,14,70,14,2027-06-01T02:20:48,2027-06-01T02:23:12
20263,TM08,70,14,70,15,2027-06-01T02:23:12,2027-06-01T02:25:36
20263,TM08,70,15,70,16,2027-06-01T02:25:36,2027-06-01T02:28
20263,TM08,70,16,70,17,2027-06-01T02:28,2027-06-01T02:30:24
20263,TM08,70,17,70,18,2027-06-01T02:30:24,2027-06-01T02:32:48
20263,TM08,70,18,70,19,2027-06-01T02:32:48,2027-06-01T02:35:12
20263,TM08,70,19,70,20,2027-06-01T02:35:12,2027-06-01T02:37:36
20263,TM08,70,20,70,21,2027-06-01T02:37:36,2027-06-01T02:40
20263,TM08,70,21,70,22,2027-06-01T02:40,2027-06-01T02:42:24
20263,TM08,70,22,70,23,2027-06-01T02:42:24,2027-06-01T02:44:48
20263,TM08,70,23,70,24,2027-06-01T02:44:48,2027-06-01T02:47:12
20263,TM08,70,24,70,25,2027-06-01T02:47:12,2027-06-01T02:49:36
20263,TM08,70,25,70,26,2027-06-01T02:49:36,2027-06-01T02:52
20263,TM08,70,26,70,27,2027-06-01T02:52,2027-06-01T02:54:24
20263,TM08,70,27,70,28,2027-06-01T02:54:24,2027-06-01T02:56:48
20263,TM08,70,28,70,29,2027-06-01T02:56:48,2027-06-01T02:59:12
20263,TM08,70,29,70,30,2027-06-01T02:59:12,2027-06-01T03:01:36
20263,TM08,70,30,70,31,2027-06-01T03:01:36,2027-06-01T03:04
20263,TM08,70,31,70,32,2027-06-01T03:04,2027-06-01T03:06:24
20263,TM08,70,32,70,33,2027-06-01T03:06:24,2027-06-01T03:08:48
20263,TM08,70,33,70,34,2027-06-01T03:08:48,2027-06-01T03:11:12
20263,TM08,70,34,69,34,2027-06-01T05:11:12,2027-06-01T05:13:36
20263,TM08,69,34,68,34,2027-06-01T05:13:36,2027-06-01T05:16
20263,TM08,68,34,68,35,2027-06-01T05:16,2027-06-01T05:18:24
20263,TM08,68,35,68,36,2027-06-01T05:18:24,2027-06-01T05:20:48
20263,TM08,68,36,68,37,2027-06-01T05:20:48,2027-06-01T05:23:12
20263,TM08,68,37,68,38,2027-06-01T05:23:12,2027-06-01T05:25:36
20263,TM08,68,38,67,38,2027-06-01T05:25:36,2027-06-01T05:28
20263,TM08,67,38,66,38,2027-06-01T05:28,2027-06-01T05:30:24
20263,TM08,66,38,66,37,2027-06-01T05:30:24,2027-06-01T05:32:48
20263,TM08,66,37,66,36,2027-06-01T05:32:48,2027-06-01T05:35:12
20263,TM08,66,36,66,35,2027-06-01T05:35:12,2027-06-01T05:37:36
20263,TM08,66,35,66,34,2027-06-01T05:37:36,2027-06-01T05:40
20263,TM08,66,34,66,33,2027-06-01T05:40,2027-06-01T05:42:24
20263,TM08,66,33,66,32,2027-06-01T05:42:24,2027-06-01T05:44:48
20263,TM08,66,32,66,31,2027-06-01T05:44:48,2027-06-01T05:47:12
20263,TM08,66,31,66,30,2027-06-01T05:47:12,2027-06-01T05:49:36
20263,TM08,66,30,66,29,2027-06-01T05:49:36,2027-06-01T05:52
20263,TM08,66,29,66,28,2027-06-01T05:52,2027-06-01T05:54:24
20263,TM08,66,28,66,27,2027-06-01T05:54:24,2027-06-01T05:56:48
20263,TM08,66,27,65,27,2027-06-01T05:56:48,2027-06-01T05:59:12
20263,TM08,65,27,64,27,2027-06-01T05:59:12,2027-06-01T06:01:36
20263,TM08,64,27,63,27,2027-06-01T06:01:36,2027-06-01T06:04
20263,TM08,63,27,62,27,2027-06-01T06:04,2027-06-01T06:06:24
20263,TM08,62,27,61,27,2027-06-01T06:06:24,2027-06-01T06:08:48
20263,TM08,61,27,60,27,2027-06-01T06:08:48,2027-06-01T06:11:12
20263,TM08,60,27,59,27,2027-06-01T06:11:12,2027-06-01T06:13:36
20263,TM08,59,27,58,27,2027-06-01T06:13:36,2027-06-01T06:16
20263,TM08,58,27,57,27,2027-06-01T06:16,2027-06-01T06:18:24
20263,TM09,27,14,28,14,2027-06-01T00:40,2027-06-01T00:42:24
20263,TM09,28,14,29,14,2027-06-01T00:42:24,2027-06-01T00:44:48
20263,TM09,29,14,30,14,2027-06-01T00:44:48,2027-06-01T00:47:12
20263,TM09,30,14,31,14,2027-06-01T00:47:12,2027-06-01T00:49:36
20263,TM09,31,14,32,14,2027-06-01T00:49:36,2027-06-01T00:52
20263,TM09,32,14,33,14,2027-06-01T00:52,2027-06-01T00:54:24
20263,TM09,33,14,34,14,2027-06-01T00:54:24,2027-06-01T00:56:48
20263,TM09,34,14,35,14,2027-06-01T00:56:48,2027-06-01T00:59:12
20263,TM09,35,14,36,14,2027-06-01T00:59:12,2027-06-01T01:01:36
20263,TM09,36,14,37,14,2027-06-01T01:01:36,2027-06-01T01:04
20263,TM09,37,14,38,14,2027-06-01T01:04,2027-06-01T01:06:24
20263,TM09,38,14,39,14,2027-06-01T01:06:24,2027-06-01T01:08:48
20263,TM09,39,14,40,14,2027-06-01T01:08:48,2027-06-01T01:11:12
20263,TM09,40,14,41,14,2027-06-01T01:11:12,2027-06-01T01:13:36
20263,TM09,41,14,42,14,2027-06-01T01:13:36,2027-06-01T01:16
20263,TM09,42,14,42,15,2027-06-01T01:16,2027-06-01T01:18:24
20263,TM09,42,15,42,16,2027-06-01T01:18:24,2027-06-01T01:20:48
20263,TM09,42,16,42,17,2027-06-01T01:20:48,2027-06-01T01:23:12
20263,TM09,42,17,42,18,2027-06-01T01:23:12,2027-06-01T01:25:36
20263,TM09,42,18,42,19,2027-06-01T01:25:36,2027-06-01T01:28
20263,TM09,42,19,42,20,2027-06-01T01:28,2027-06-01T01:30:24
20263,TM09,42,20,42,21,2027-06-01T01:30:24,2027-06-01T01:32:48
20263,TM09,42,21,42,22,2027-06-01T01:32:48,2027-06-01T01:35:12
20263,TM09,42,22,42,23,2027-06-01T01:35:12,2027-06-01T01:37:36
20263,TM09,42,23,42,24,2027-06-01T01:37:36,2027-06-01T01:40
20263,TM09,42,24,42,25,2027-06-01T01:40,2027-06-01T01:42:24
20263,TM09,42,25,42,26,2027-06-01T01:42:24,2027-06-01T01:44:48
20263,TM09,42,26,42,27,2027-06-01T01:44:48,2027-06-01T01:47:12
20263,TM09,42,27,42,28,2027-06-01T01:47:12,2027-06-01T01:49:36
20263,TM09,42,28,42,29,2027-06-01T01:49:36,2027-06-01T01:52
20263,TM09,42,29,42,30,2027-06-01T01:52,2027-06-01T01:54:24
20263,TM09,42,30,42,31,2027-06-01T01:54:24,2027-06-01T01:56:48
20263,TM09,42,31,42,32,2027-06-01T01:56:48,2027-06-01T01:59:12
20263,TM09,42,32,42,33,2027-06-01T01:59:12,2027-06-01T02:01:36
20263,TM09,42,33,43,33,2027-06-01T04:01:36,2027-06-01T04:04
20263,TM09,43,33,44,33,2027-06-01T04:04,2027-06-01T04:06:24
20263,TM09,44,33,45,33,2027-06-01T04:06:24,2027-06-01T04:08:48
20263,TM09,45,33,46,33,2027-06-01T04:08:48,2027-06-01T04:11:12
20263,TM09,46,33,47,33,2027-06-01T04:11:12,2027-06-01T04:13:36
20263,TM09,47,33,48,33,2027-06-01T04:13:36,2027-06-01T04:16
20263,TM09,48,33,49,33,2027-06-01T04:16,2027-06-01T04:18:24
20263,TM09,49,33,50,33,2027-06-01T04:18:24,2027-06-01T04:20:48
20263,TM09,50,33,51,33,2027-06-01T04:20:48,2027-06-01T04:23:12
20263,TM09,51,33,52,33,2027-06-01T04:23:12,2027-06-01T04:25:36
20263,TM09,52,33,53,33,2027-06-01T04:25:36,2027-06-01T04:28
20263,TM09,53,33,54,33,2027-06-01T04:28,2027-06-01T04:30:24
20263,TM09,54,33,55,33,2027-06-01T04:30:24,2027-06-01T04:32:48
20263,TM09,55,33,56,33,2027-06-01T04:32:48,2027-06-01T04:35:12
20263,TM09,56,33,57,33,2027-06-01T04:35:12,2027-06-01T04:37:36
20263,TM09,57,33,57,32,2027-06-01T04:37:36,2027-06-01T04:40
20263,TM09,57,32,57,31,2027-06-01T04:40,2027-06-01T04:42:24
20263,TM09,57,31,57,30,2027-06-01T04:42:24,2027-06-01T04:44:48
20263,TM09,57,30,57,29,2027-06-01T04:44:48,2027-06-01T04:47:12
20263,TM09,57,29,57,28,2027-06-01T04:47:12,2027-06-01T04:49:36
20263,TM09,57,28,57,27,2027-06-01T04:49:36,2027-06-01T04:52
20263,TM10,27,14,26,14,2027-06-01T00:40,2027-06-01T00:42:24
20263,TM10,26,14,25,14,2027-06-01T00:42:24,2027-06-01T00:44:48
20263,TM10,25,14,24,14,2027-06-01T00:44:48,2027-06-01T00:47:12
20263,TM10,24,14,23,14,2027-06-01T00:47:12,2027-06-01T00:49:36
20263,TM10,23,14,22,14,2027-06-01T00:49:36,2027-06-01T00:52
20263,TM10,22,14,21,14,2027-06-01T00:52,2027-06-01T00:54:24
20263,TM10,21,14,20,14,2027-06-01T00:54:24,2027-06-01T00:56:48
20263,TM10,20,14,19,14,2027-06-01T00:56:48,2027-06-01T00:59:12
20263,TM10,19,14,18,14,2027-06-01T00:59:12,2027-06-01T01:01:36
20263,TM10,18,14,17,14,2027-06-01T01:01:36,2027-06-01T01:04
20263,TM10,17,14,16,14,2027-06-01T01:04,2027-06-01T01:06:24
20263,TM10,16,14,15,14,2027-06-01T01:06:24,2027-06-01T01:08:48
20263,TM10,15,14,14,14,2027-06-01T01:08:48,2027-06-01T01:11:12
20263,TM10,14,14,13,14,2027-06-01T01:11:12,2027-06-01T01:13:36
20263,TM10,13,14,13,15,2027-06-01T01:13:36,2027-06-01T01:16
20263,TM10,13,15,13,16,2027-06-01T01:16,2027-06-01T01:18:24
20263,TM10,13,16,13,17,2027-06-01T01:18:24,2027-06-01T01:20:48
20263,TM10,13,17,13,18,2027-06-01T01:20:48,2027-06-01T01:23:12
20263,TM10,13,18,13,19,2027-06-01T01:23:12,2027-06-01T01:25:36
20263,TM10,13,19,13,20,2027-06-01T01:25:36,2027-06-01T01:28
20263,TM10,13,20,13,21,2027-06-01T01:28,2027-06-01T01:30:24
20263,TM10,13,21,13,22,2027-06-01T01:30:24,2027-06-01T01:32:48
20263,TM10,13,22,13,23,2027-06-01T01:32:48,2027-06-01T01:35:12
20263,TM10,13,23,13,24,2027-06-01T01:35:12,2027-06-01T01:37:36
20263,TM10,13,24,13,25,2027-06-01T01:37:36,2027-06-01T01:40
20263,TM10,13,25,13,26,2027-06-01T01:40,2027-06-01T01:42:24
20263,TM10,13,26,13,27,2027-06-01T01:42:24,2027-06-01T01:44:48
20263,TM10,13,27,13,28,2027-06-01T01:44:48,2027-06-01T01:47:12
20263,TM10,13,28,13,29,2027-06-01T01:47:12,2027-06-01T01:49:36
20263,TM10,13,29,13,30,2027-06-01T01:49:36,2027-06-01T01:52
20263,TM10,13,30,12,30,2027-06-01T03:52,2027-06-01T03:54:24
20263,TM10,12,30,12,31,2027-06-01T03:54:24,2027-06-01T03:56:48
20263,TM10,12,31,12,32,2027-06-01T03:56:48,2027-06-01T03:59:12
20263,TM10,12,32,12,33,2027-06-01T03:59:12,2027-06-01T04:01:36
20263,TM10,12,33,12,34,2027-06-01T04:01:36,2027-06-01T04:04
20263,TM10,12,34,12,35,2027-06-01T04:04,2027-06-01T04:06:24
20263,TM10,12,35,12,36,2027-06-01T04:06:24,2027-06-01T04:08:48
20263,TM10,12,36,12,37,2027-06-01T04:08:48,2027-06-01T04:11:12
20263,TM10,12,37,12,38,2027-06-01T04:11:12,2027-06-01T04:13:36
20263,TM12,27,14,26,14,2027-06-01T00:40,2027-06-01T00:42:24
20263,TM12,26,14,26,13,2027-06-01T00:42:24,2027-06-01T00:44:48
20263,TM12,26,13,26,12,2027-06-01T00:44:48,2027-06-01T00:47:12
20263,TM12,26,12,26,11,2027-06-01T00:47:12,2027-06-01T00:49:36
20263,TM12,26,11,26,10,2027-06-01T00:49:36,2027-06-01T00:52
20263,TM12,26,10,27,10,2027-06-01T02:52,2027-06-01T02:54:24
20263,TM12,27,10,27,11,2027-06-01T02:54:24,2027-06-01T02:56:48
20263,TM12,27,11,27,12,2027-06-01T02:56:48,2027-06-01T02:59:12
20263,TM12,27,12,27,13,2027-06-01T02:59:12,2027-06-01T03:01:36
20263,TM12,27,13,27,14,2027-06-01T03:01:36,2027-06-01T03:04
20263,TM13,27,14,28,14,2027-06-01T00:40,2027-06-01T00:42:24
20263,TM13,28,14,29,14,2027-06-01T00:42:24,2027-06-01T00:44:48
20263,TM13,29,14,30,14,2027-06-01T00:44:48,2027-06-01T00:47:12
20263,TM13,30,14,31,14,2027-06-01T00:47:12,2027-06-01T00:49:36
20263,TM13,31,14,32,14,2027-06-01T00:49:36,2027-06-01T00:52
20263,TM13,32,14,33,14,2027-06-01T00:52,2027-06-01T00:54:24
20263,TM13,33,14,34,14,2027-06-01T00:54:24,2027-06-01T00:56:48
20263,TM13,34,14,35,14,2027-06-01T00:56:48,2027-06-01T00:59:12
20263,TM13,35,14,36,14,2027-06-01T00:59:12,2027-06-01T01:01:36
20263,TM13,36,14,37,14,2027-06-01T01:01:36,2027-06-01T01:04
20263,TM13,37,14,38,14,2027-06-01T01:04,2027-06-01T01:06:24
20263,TM13,38,14,39,14,2027-06-01T01:06:24,2027-06-01T01:08:48
20263,TM13,39,14,40,14,2027-06-01T01:08:48,2027-06-01T01:11:12
20263,TM13,40,14,41,14,2027-06-01T01:11:12,2027-06-01T01:13:36
20263,TM13,41,14,42,14,2027-06-01T01:13:36,2027-06-01T01:16
20263,TM13,42,14,43,14,2027-06-01T01:16,2027-06-01T01:18:24
20263,TM13,43,14,44,14,2027-06-01T01:18:24,2027-06-01T01:20:48
20263,TM13,44,14,45,14,2027-06-01T01:20:48,2027-06-01T01:23:12
20263,TM13,45,14,46,14,2027-06-01T01:23:12,2027-06-01T01:25:36
20263,TM13,46,14,47,14,2027-06-01T01:25:36,2027-06-01T01:28
20263,TM13,47,14,48,14,2027-06-01T01:28,2027-06-01T01:30:24
20263,TM13,48,14,49,14,2027-06-01T01:30:24,2027-06-01T01:32:48
20263,TM13,49,14,50,14,2027-06-01T01:32:48,2027-06-01T01:35:12
20263,TM13,50,14,51,14,2027-06-01T01:35:12,2027-06-01T01:37:36
20263,TM13,51,14,52,14,2027-06-01T01:37:36,2027-06-01T01:40
20263,TM13,52,14,53,14,2027-06-01T01:40,2027-06-01T01:42:24
20263,TM13,53,14,54,14,2027-06-01T01:42:24,2027-06-01T01:44:48
20263,TM13,54,14,55,14,2027-06-01T01:44:48,2027-06-01T01:47:12
20263,TM13,55,14,56,14,2027-06-01T01:47:12,2027-06-01T01:49:36
20263,TM13,56,14,57,14,2027-06-01T01:49:36,2027-06-01T01:52
20263,TM13,57,14,58,14,2027-06-01T01:52,2027-06-01T01:54:24
20263,TM13,58,14,59,14,2027-06-01T01:54:24,2027-06-01T01:56:48
20263,TM13,59,14,60,14,2027-06-01T01:56:48,2027-06-01T01:59:12
20263,TM13,60,14,61,14,2027-06-01T01:59:12,2027-06-01T02:01:36
20263,TM13,61,14,62,14,2027-06-01T02:01:36,2027-06-01T02:04
20263,TM13,62,14,63,14,2027-06-01T02:04,2027-06-01T02:06:24
20263,TM13,63,14,64,14,2027-06-01T02:06:24,2027-06-01T02:08:48
20263,TM13,64,14,65,14,2027-06-01T02:08:48,2027-06-01T02:11:12
20263,TM13,65,14,66,14,2027-06-01T02:11:12,2027-06-01T02:13:36
20263,TM13,66,14,67,14,2027-06-01T02:13:36,2027-06-01T02:16
20263,TM13,67,14,68,14,2027-06-01T02:16,2027-06-01T02:18:24
20263,TM13,68,14,69,14,2027-06-01T02:18:24,2027-06-01T02:20:48
20263,TM13,69,14,70,14,2027-06-01T02:20:48,2027-06-01T02:23:12
20263,TM13,70,14,70,15,2027-06-01T02:23:12,2027-06-01T02:25:36
20263,TM13,70,15,70,16,2027-06-01T02:25:36,2027-06-01T02:28
20263,TM13,70,16,70,17,2027-06-01T02:28,2027-06-01T02:30:24
20263,TM13,70,17,70,18,2027-06-01T02:30:24,2027-06-01T02:32:48
20263,TM13,70,18,70,19,2027-06-01T02:32:48,2027-06-01T02:35:12
20263,TM13,70,19,70,20,2027-06-01T02:35:12,2027-06-01T02:37:36
20263,TM13,70,20,70,21,2027-06-01T02:37:36,2027-06-01T02:40
20263,TM13,70,21,70,22,2027-06-01T02:40,2027-06-01T02:42:24
20263,TM13,70,22,70,23,2027-06-01T02:42:24,2027-06-01T02:44:48
20263,TM13,70,23,70,24,2027-06-01T02:44:48,2027-06-01T02:47:12
20263,TM13,70,24,70,25,2027-06-01T02:47:12,2027-06-01T02:49:36
20263,TM13,70,25,70,26,2027-06-01T02:49:36,2027-06-01T02:52
20263,TM13,70,26,70,27,2027-06-01T02:52,2027-06-01T02:54:24
20263,TM13,70,27,70,28,2027-06-01T02:54:24,2027-06-01T02:56:48
20263,TM13,70,28,70,29,2027-06-01T02:56:48,2027-06-01T02:59:12
20263,TM13,70,29,70,30,2027-06-01T02:59:12,2027-06-01T03:01:36
20263,TM13,70,30,70,31,2027-06-01T03:01:36,2027-06-01T03:04
20263,TM13,70,31,70,32,2027-06-01T03:04,2027-06-01T03:06:24
20263,TM13,70,32,70,33,2027-06-01T03:06:24,2027-06-01T03:08:48
20263,TM13,70,33,70,34,2027-06-01T03:08:48,2027-06-01T03:11:12
20263,TM13,70,34,69,34,2027-06-01T05:11:12,2027-06-01T05:13:36
20263,TM13,69,34,68,34,2027-06-01T05:13:36,2027-06-01T05:16
20263,TM13,68,34,68,35,2027-06-01T05:16,2027-06-01T05:18:24
20263,TM13,68,35,68,36,2027-06-01T05:18:24,2027-06-01T05:20:48
20263,TM13,68,36,68,37,2027-06-01T05:20:48,2027-06-01T05:23:12
20263,TM13,68,37,68,38,2027-06-01T05:23:12,2027-06-01T05:25:36
20263,TM13,68,38,67,38,2027-06-01T05:25:36,2027-06-01T05:28
20263,TM13,67,38,66,38,2027-06-01T05:28,2027-06-01T05:30:24
20263,TM13,66,38,66,37,2027-06-01T05:30:24,2027-06-01T05:32:48
20263,TM13,66,37,66,36,2027-06-01T05:32:48,2027-06-01T05:35:12
20263,TM13,66,36,66,35,2027-06-01T05:35:12,2027-06-01T05:37:36
20263,TM13,66,35,66,34,2027-06-01T05:37:36,2027-06-01T05:40
20263,TM13,66,34,66,33,2027-06-01T05:40,2027-06-01T05:42:24
20263,TM13,66,33,66,32,2027-06-01T05:42:24,2027-06-01T05:44:48
20263,TM13,66,32,66,31,2027-06-01T05:44:48,2027-06-01T05:47:12
20263,TM13,66,31,66,30,2027-06-01T05:47:12,2027-06-01T05:49:36
20263,TM13,66,30,66,29,2027-06-01T05:49:36,2027-06-01T05:52
20263,TM13,66,29,66,28,2027-06-01T05:52,2027-06-01T05:54:24
20263,TM13,66,28,66,27,2027-06-01T05:54:24,2027-06-01T05:56:48
20263,TM13,66,27,65,27,2027-06-01T05:56:48,2027-06-01T05:59:12
20263,TM13,65,27,64,27,2027-06-01T05:59:12,2027-06-01T06:01:36
20263,TM13,64,27,63,27,2027-06-01T06:01:36,2027-06-01T06:04
20263,TM13,63,27,62,27,2027-06-01T06:04,2027-06-01T06:06:24
20263,TM13,62,27,61,27,2027-06-01T06:06:24,2027-06-01T06:08:48
20263,TM13,61,27,60,27,2027-06-01T06:08:48,2027-06-01T06:11:12
20263,TM13,60,27,59,27,2027-06-01T06:11:12,2027-06-01T06:13:36
20263,TM13,59,27,58,27,2027-06-01T06:13:36,2027-06-01T06:16
20263,TM13,58,27,57,27,2027-06-01T06:16,2027-06-01T06:18:24
20263,TM15,27,14,28,14,2027-06-01T00:40,2027-06-01T00:42:24
20263,TM15,28,14,29,14,2027-06-01T00:42:24,2027-06-01T00:44:48
20263,TM15,29,14,30,14,2027-06-01T00:44:48,2027-06-01T00:47:12
20263,TM15,30,14,31,14,2027-06-01T00:47:12,2027-06-01T00:49:36
20263,TM15,31,14,32,14,2027-06-01T00:49:36,2027-06-01T00:52
20263,TM15,32,14,33,14,2027-06-01T00:52,2027-06-01T00:54:24
20263,TM15,33,14,34,14,2027-06-01T00:54:24,2027-06-01T00:56:48
20263,TM15,34,14,35,14,2027-06-01T00:56:48,2027-06-01T00:59:12
20263,TM15,35,14,36,14,2027-06-01T00:59:12,2027-06-01T01:01:36
20263,TM15,36,14,37,14,2027-06-01T01:01:36,2027-06-01T01:04
20263,TM15,37,14,38,14,2027-06-01T01:04,2027-06-01T01:06:24
20263,TM15,38,14,39,14,2027-06-01T01:06:24,2027-06-01T01:08:48
20263,TM15,39,14,40,14,2027-06-01T01:08:48,2027-06-01T01:11:12
20263,TM15,40,14,41,14,2027-06-01T01:11:12,2027-06-01T01:13:36
20263,TM15,41,14,42,14,2027-06-01T01:13:36,2027-06-01T01:16
20263,TM15,42,14,42,15,2027-06-01T01:16,2027-06-01T01:18:24
20263,TM15,42,15,42,16,2027-06-01T01:18:24,2027-06-01T01:20:48
20263,TM15,42,16,42,17,2027-06-01T01:20:48,2027-06-01T01:23:12
20263,TM15,42,17,42,18,2027-06-01T01:23:12,2027-06-01T01:25:36
20263,TM15,42,18,42,19,2027-06-01T01:25:36,2027-06-01T01:28
20263,TM15,42,19,42,20,2027-06-01T01:28,2027-06-01T01:30:24
20263,TM15,42,20,42,21,2027-06-01T01:30:24,2027-06-01T01:32:48
20263,TM15,42,21,42,22,2027-06-01T01:32:48,2027-06-01T01:35:12
20263,TM15,42,22,42,23,2027-06-01T01:35:12,2027-06-01T01:37:36
20263,TM15,42,23,42,24,2027-06-01T01:37:36,2027-06-01T01:40
20263,TM15,42,24,42,25,2027-06-01T01:40,2027-06-01T01:42:24
20263,TM15,42,25,42,26,2027-06-01T01:42:24,2027-06-01T01:44:48
20263,TM15,42,26,42,27,2027-06-01T01:44:48,2027-06-01T01:47:12
20263,TM15,42,27,42,28,2027-06-01T01:47:12,2027-06-01T01:49:36
20263,TM15,42,28,42,29,2027-06-01T01:49:36,2027-06-01T01:52
20263,TM15,42,29,42,30,2027-06-01T01:52,2027-06-01T01:54:24
20263,TM15,42,30,42,31,2027-06-01T01:54:24,2027-06-01T01:56:48
20263,TM15,42,31,42,32,2027-06-01T01:56:48,2027-06-01T01:59:12
20263,TM15,42,32,42,33,2027-06-01T01:59:12,2027-06-01T02:01:36
20263,TM15,42,33,43,33,2027-06-01T04:01:36,2027-06-01T04:04
20263,TM15,43,33,44,33,2027-06-01T04:04,2027-06-01T04:06:24
20263,TM15,44,33,45,33,2027-06-01T04:06:24,2027-06-01T04:08:48
20263,TM15,45,33,46,33,2027-06-01T04:08:48,2027-06-01T04:11:12
20263,TM15,46,33,47,33,2027-06-01T04:11:12,2027-06-01T04:13:36
20263,TM15,47,33,48,33,2027-06-01T04:13:36,2027-06-01T04:16
20263,TM15,48,33,49,33,2027-06-01T04:16,2027-06-01T04:18:24
20263,TM15,49,33,50,33,2027-06-01T04:18:24,2027-06-01T04:20:48
20263,TM15,50,33,51,33,2027-06-01T04:20:48,2027-06-01T04:23:12
20263,TM15,51,33,52,33,2027-06-01T04:23:12,2027-06-01T04:25:36
20263,TM15,52,33,53,33,2027-06-01T04:25:36,2027-06-01T04:28
20263,TM15,53,33,54,33,2027-06-01T04:28,2027-06-01T04:30:24
20263,TM15,54,33,55,33,2027-06-01T04:30:24,2027-06-01T04:32:48
20263,TM15,55,33,56,33,2027-06-01T04:32:48,2027-06-01T04:35:12
20263,TM15,56,33,57,33,2027-06-01T04:35:12,2027-06-01T04:37:36
20263,TM15,57,33,57,32,2027-06-01T04:37:36,2027-06-01T04:40
20263,TM15,57,32,57,31,2027-06-01T04:40,2027-06-01T04:42:24
20263,TM15,57,31,57,30,2027-06-01T04:42:24,2027-06-01T04:44:48
20263,TM15,57,30,57,29,2027-06-01T04:44:48,2027-06-01T04:47:12
20263,TM15,57,29,57,28,2027-06-01T04:47:12,2027-06-01T04:49:36
20263,TM15,57,28,57,27,2027-06-01T04:49:36,2027-06-01T04:52
20263,TM04,27,14,28,14,2027-06-01T00:50,2027-06-01T00:52:24
20263,TM04,28,14,29,14,2027-06-01T00:52:24,2027-06-01T00:54:48
20263,TM04,29,14,30,14,2027-06-01T00:54:48,2027-06-01T00:57:12
20263,TM04,30,14,31,14,2027-06-01T00:57:12,2027-06-01T00:59:36
20263,TM04,31,14,32,14,2027-06-01T00:59:36,2027-06-01T01:02
20263,TM04,32,14,33,14,2027-06-01T01:02,2027-06-01T01:04:24
20263,TM04,33,14,34,14,2027-06-01T01:04:24,2027-06-01T01:06:48
20263,TM04,34,14,35,14,2027-06-01T01:06:48,2027-06-01T01:09:12
20263,TM04,35,14,36,14,2027-06-01T01:09:12,2027-06-01T01:11:36
20263,TM04,36,14,37,14,2027-06-01T01:11:36,2027-06-01T01:14
20263,TM04,37,14,38,14,2027-06-01T01:14,2027-06-01T01:16:24
20263,TM04,38,14,39,14,2027-06-01T01:16:24,2027-06-01T01:18:48
20263,TM04,39,14,39,15,2027-06-01T01:18:48,2027-06-01T01:21:12
20263,TM04,39,15,39,16,2027-06-01T01:21:12,2027-06-01T01:23:36
20263,TM04,39,16,39,17,2027-06-01T01:23:36,2027-06-01T01:26
20263,TM04,39,17,39,18,2027-06-01T01:26,2027-06-01T01:28:24
20263,TM04,39,18,39,19,2027-06-01T01:28:24,2027-06-01T01:30:48
20263,TM04,39,19,39,20,2027-06-01T01:30:48,2027-06-01T01:33:12
20263,TM04,39,20,39,21,2027-06-01T01:33:12,2027-06-01T01:35:36
20263,TM04,39,21,39,22,2027-06-01T01:35:36,2027-06-01T01:38
20263,TM04,39,22,39,23,2027-06-01T01:38,2027-06-01T01:40:24
20263,TM04,39,23,39,24,2027-06-01T01:40:24,2027-06-01T01:42:48
20263,TM04,39,24,39,25,2027-06-01T01:42:48,2027-06-01T01:45:12
20263,TM04,39,25,39,26,2027-06-01T01:45:12,2027-06-01T01:47:36
20263,TM04,39,26,39,27,2027-06-01T01:47:36,2027-06-01T01:50
20263,TM04,39,27,39,28,2027-06-01T01:50,2027-06-01T01:52:24
20263,TM04,39,28,39,29,2027-06-01T01:52:24,2027-06-01T01:54:48
20263,TM04,39,29,39,30,2027-06-01T01:54:48,2027-06-01T01:57:12
20263,TM04,39,30,39,31,2027-06-01T01:57:12,2027-06-01T01:59:36
20263,TM04,39,31,39,32,2027-06-01T01:59:36,2027-06-01T02:02
20263,TM04,39,32,39,33,2027-06-01T02:02,2027-06-01T02:04:24
20263,TM04,39,33,39,34,2027-06-01T02:04:24,2027-06-01T02:06:48
20263,TM04,39,34,39,35,2027-06-01T02:06:48,2027-06-01T02:09:12
20263,TM04,39,35,39,36,2027-06-01T02:09:12,2027-06-01T02:11:36
20263,TM04,39,36,40,36,2027-06-01T04:11:36,2027-06-01T04:14
20263,TM04,40,36,41,36,2027-06-01T04:14,2027-06-01T04:16:24
20263,TM04,41,36,42,36,2027-06-01T04:16:24,2027-06-01T04:18:48
20263,TM04,42,36,43,36,2027-06-01T04:18:48,2027-06-01T04:21:12
20263,TM04,43,36,44,36,2027-06-01T04:21:12,2027-06-01T04:23:36
20263,TM04,44,36,45,36,2027-06-01T04:23:36,2027-06-01T04:26
20263,TM04,45,36,46,36,2027-06-01T04:26,2027-06-01T04:28:24
20263,TM04,46,36,47,36,2027-06-01T04:28:24,2027-06-01T04:30:48
20263,TM04,47,36,48,36,2027-06-01T04:30:48,2027-06-01T04:33:12
20263,TM04,48,36,49,36,2027-06-01T04:33:12,2027-06-01T04:35:36
20263,TM04,49,36,50,36,2027-06-01T04:35:36,2027-06-01T04:38
20263,TM04,50,36,51,36,2027-06-01T04:38,2027-06-01T04:40:24
20263,TM04,51,36,52,36,2027-06-01T04:40:24,2027-06-01T04:42:48
20263,TM04,52,36,53,36,2027-06-01T04:42:48,2027-06-01T04:45:12
20263,TM04,53,36,54,36,2027-06-01T04:45:12,2027-06-01T04:47:36
20263,TM04,54,36,55,36,2027-06-01T04:47:36,2027-06-01T04:50
20263,TM04,55,36,56,36,2027-06-01T04:50,2027-06-01T04:52:24
20263,TM04,56,36,57,36,2027-06-01T04:52:24,2027-06-01T04:54:48
20263,TM04,57,36,57,35,2027-06-01T04:54:48,2027-06-01T04:57:12
20263,TM04,57,35,57,34,2027-06-01T04:57:12,2027-06-01T04:59:36
20263,TM04,57,34,57,33,2027-06-01T04:59:36,2027-06-01T05:02
20263,TM04,57,33,57,32,2027-06-01T05:02,2027-06-01T05:04:24
20263,TM04,57,32,57,31,2027-06-01T05:04:24,2027-06-01T05:06:48
20263,TM04,57,31,57,30,2027-06-01T05:06:48,2027-06-01T05:09:12
20263,TM04,57,30,57,29,2027-06-01T05:09:12,2027-06-01T05:11:36
20263,TM04,57,29,57,28,2027-06-01T05:11:36,2027-06-01T05:14
20263,TM04,57,28,57,27,2027-06-01T05:14,2027-06-01T05:16:24
20263,TM05,27,14,26,14,2027-06-01T00:50,2027-06-01T00:52:24
20263,TM05,26,14,25,14,2027-06-01T00:52:24,2027-06-01T00:54:48
20263,TM05,25,14,24,14,2027-06-01T00:54:48,2027-06-01T00:57:12
20263,TM05,24,14,23,14,2027-06-01T00:57:12,2027-06-01T00:59:36
20263,TM05,23,14,22,14,2027-06-01T00:59:36,2027-06-01T01:02
20263,TM05,22,14,21,14,2027-06-01T01:02,2027-06-01T01:04:24
20263,TM05,21,14,20,14,2027-06-01T01:04:24,2027-06-01T01:06:48
20263,TM05,20,14,19,14,2027-06-01T01:06:48,2027-06-01T01:09:12
20263,TM05,19,14,18,14,2027-06-01T01:09:12,2027-06-01T01:11:36
20263,TM05,18,14,17,14,2027-06-01T01:11:36,2027-06-01T01:14
20263,TM05,17,14,16,14,2027-06-01T01:14,2027-06-01T01:16:24
20263,TM05,16,14,15,14,2027-06-01T01:16:24,2027-06-01T01:18:48
20263,TM05,15,14,14,14,2027-06-01T01:18:48,2027-06-01T01:21:12
20263,TM05,14,14,13,14,2027-06-01T01:21:12,2027-06-01T01:23:36
20263,TM05,13,14,12,14,2027-06-01T01:23:36,2027-06-01T01:26
20263,TM05,12,14,11,14,2027-06-01T01:26,2027-06-01T01:28:24
20263,TM05,11,14,10,14,2027-06-01T01:28:24,2027-06-01T01:30:48
20263,TM05,10,14,9,14,2027-06-01T01:30:48,2027-06-01T01:33:12
20263,TM05,9,14,8,14,2027-06-01T01:33:12,2027-06-01T01:35:36
20263,TM05,8,14,7,14,2027-06-01T01:35:36,2027-06-01T01:38
20263,TM05,7,14,6,14,2027-06-01T01:38,2027-06-01T01:40:24
20263,TM05,6,14,5,14,2027-06-01T01:40:24,2027-06-01T01:42:48
20263,TM05,5,14,4,14,2027-06-01T01:42:48,2027-06-01T01:45:12
20263,TM05,4,14,3,14,2027-06-01T01:45:12,2027-06-01T01:47:36
20263,TM05,3,14,2,14,2027-06-01T01:47:36,2027-06-01T01:50
20263,TM05,2,14,1,14,2027-06-01T01:50,2027-06-01T01:52:24
20263,TM05,1,14,0,14,2027-06-01T01:52:24,2027-06-01T01:54:48
20263,TM05,0,14,0,15,2027-06-01T01:54:48,2027-06-01T01:57:12
20263,TM05,0,15,0,16,2027-06-01T01:57:12,2027-06-01T01:59:36
20263,TM05,0,16,0,17,2027-06-01T01:59:36,2027-06-01T02:02
20263,TM05,0,17,0,18,2027-06-01T02:02,2027-06-01T02:04:24
20263,TM05,0,18,0,19,2027-06-01T02:04:24,2027-06-01T02:06:48
20263,TM05,0,19,0,20,2027-06-01T02:06:48,2027-06-01T02:09:12
20263,TM05,0,20,0,21,2027-06-01T02:09:12,2027-06-01T02:11:36
20263,TM05,0,21,0,22,2027-06-01T02:11:36,2027-06-01T02:14
20263,TM05,0,22,0,23,2027-06-01T02:14,2027-06-01T02:16:24
20263,TM05,0,23,0,24,2027-06-01T02:16:24,2027-06-01T02:18:48
20263,TM05,0,24,0,25,2027-06-01T02:18:48,2027-06-01T02:21:12
20263,TM05,0,25,0,26,2027-06-01T02:21:12,2027-06-01T02:23:36
20263,TM05,0,26,0,27,2027-06-01T02:23:36,2027-06-01T02:26
20263,TM05,0,27,0,28,2027-06-01T02:26,2027-06-01T02:28:24
20263,TM05,0,28,0,29,2027-06-01T02:28:24,2027-06-01T02:30:48
20263,TM05,0,29,0,30,2027-06-01T02:30:48,2027-06-01T02:33:12
20263,TM05,0,30,0,31,2027-06-01T02:33:12,2027-06-01T02:35:36
20263,TM05,0,31,0,32,2027-06-01T02:35:36,2027-06-01T02:38
20263,TM05,0,32,1,32,2027-06-01T04:38,2027-06-01T04:40:24
20263,TM05,1,32,2,32,2027-06-01T04:40:24,2027-06-01T04:42:48
20263,TM05,2,32,3,32,2027-06-01T04:42:48,2027-06-01T04:45:12
20263,TM05,3,32,4,32,2027-06-01T04:45:12,2027-06-01T04:47:36
20263,TM05,4,32,5,32,2027-06-01T04:47:36,2027-06-01T04:50
20263,TM05,5,32,6,32,2027-06-01T04:50,2027-06-01T04:52:24
20263,TM05,6,32,7,32,2027-06-01T04:52:24,2027-06-01T04:54:48
20263,TM05,7,32,8,32,2027-06-01T04:54:48,2027-06-01T04:57:12
20263,TM05,8,32,9,32,2027-06-01T04:57:12,2027-06-01T04:59:36
20263,TM05,9,32,10,32,2027-06-01T04:59:36,2027-06-01T05:02
20263,TM05,10,32,11,32,2027-06-01T05:02,2027-06-01T05:04:24
20263,TM05,11,32,12,32,2027-06-01T05:04:24,2027-06-01T05:06:48
20263,TM05,12,32,12,33,2027-06-01T05:06:48,2027-06-01T05:09:12
20263,TM05,12,33,12,34,2027-06-01T05:09:12,2027-06-01T05:11:36
20263,TM05,12,34,12,35,2027-06-01T05:11:36,2027-06-01T05:14
20263,TM05,12,35,12,36,2027-06-01T05:14,2027-06-01T05:16:24
20263,TM05,12,36,12,37,2027-06-01T05:16:24,2027-06-01T05:18:48
20263,TM05,12,37,12,38,2027-06-01T05:18:48,2027-06-01T05:21:12
20263,TM06,27,14,28,14,2027-06-01T00:50,2027-06-01T00:52:24
20263,TM06,28,14,29,14,2027-06-01T00:52:24,2027-06-01T00:54:48
20263,TM06,29,14,30,14,2027-06-01T00:54:48,2027-06-01T00:57:12
20263,TM06,30,14,31,14,2027-06-01T00:57:12,2027-06-01T00:59:36
20263,TM06,31,14,32,14,2027-06-01T00:59:36,2027-06-01T01:02
20263,TM06,32,14,33,14,2027-06-01T01:02,2027-06-01T01:04:24
20263,TM06,33,14,34,14,2027-06-01T01:04:24,2027-06-01T01:06:48
20263,TM06,34,14,35,14,2027-06-01T01:06:48,2027-06-01T01:09:12
20263,TM06,35,14,36,14,2027-06-01T01:09:12,2027-06-01T01:11:36
20263,TM06,36,14,37,14,2027-06-01T01:11:36,2027-06-01T01:14
20263,TM06,37,14,38,14,2027-06-01T01:14,2027-06-01T01:16:24
20263,TM06,38,14,39,14,2027-06-01T01:16:24,2027-06-01T01:18:48
20263,TM06,39,14,39,15,2027-06-01T01:18:48,2027-06-01T01:21:12
20263,TM06,39,15,39,16,2027-06-01T01:21:12,2027-06-01T01:23:36
20263,TM06,39,16,39,17,2027-06-01T01:23:36,2027-06-01T01:26
20263,TM06,39,17,39,18,2027-06-01T01:26,2027-06-01T01:28:24
20263,TM06,39,18,39,19,2027-06-01T01:28:24,2027-06-01T01:30:48
20263,TM06,39,19,39,20,2027-06-01T01:30:48,2027-06-01T01:33:12
20263,TM06,39,20,39,21,2027-06-01T01:33:12,2027-06-01T01:35:36
20263,TM06,39,21,39,22,2027-06-01T01:35:36,2027-06-01T01:38
20263,TM06,39,22,39,23,2027-06-01T01:38,2027-06-01T01:40:24
20263,TM06,39,23,39,24,2027-06-01T01:40:24,2027-06-01T01:42:48
20263,TM06,39,24,39,25,2027-06-01T01:42:48,2027-06-01T01:45:12
20263,TM06,39,25,39,26,2027-06-01T01:45:12,2027-06-01T01:47:36
20263,TM06,39,26,39,27,2027-06-01T01:47:36,2027-06-01T01:50
20263,TM06,39,27,39,28,2027-06-01T01:50,2027-06-01T01:52:24
20263,TM06,39,28,39,29,2027-06-01T01:52:24,2027-06-01T01:54:48
20263,TM06,39,29,39,30,2027-06-01T01:54:48,2027-06-01T01:57:12
20263,TM06,39,30,39,31,2027-06-01T01:57:12,2027-06-01T01:59:36
20263,TM06,39,31,39,32,2027-06-01T01:59:36,2027-06-01T02:02
20263,TM06,39,32,39,33,2027-06-01T02:02,2027-06-01T02:04:24
20263,TM06,39,33,39,34,2027-06-01T02:04:24,2027-06-01T02:06:48
20263,TM06,39,34,39,35,2027-06-01T02:06:48,2027-06-01T02:09:12
20263,TM06,39,35,39,36,2027-06-01T02:09:12,2027-06-01T02:11:36
20263,TM06,39,36,40,36,2027-06-01T04:11:36,2027-06-01T04:14
20263,TM06,40,36,41,36,2027-06-01T04:14,2027-06-01T04:16:24
20263,TM06,41,36,42,36,2027-06-01T04:16:24,2027-06-01T04:18:48
20263,TM06,42,36,43,36,2027-06-01T04:18:48,2027-06-01T04:21:12
20263,TM06,43,36,44,36,2027-06-01T04:21:12,2027-06-01T04:23:36
20263,TM06,44,36,45,36,2027-06-01T04:23:36,2027-06-01T04:26
20263,TM06,45,36,46,36,2027-06-01T04:26,2027-06-01T04:28:24
20263,TM06,46,36,47,36,2027-06-01T04:28:24,2027-06-01T04:30:48
20263,TM06,47,36,48,36,2027-06-01T04:30:48,2027-06-01T04:33:12
20263,TM06,48,36,49,36,2027-06-01T04:33:12,2027-06-01T04:35:36
20263,TM06,49,36,50,36,2027-06-01T04:35:36,2027-06-01T04:38
20263,TM06,50,36,51,36,2027-06-01T04:38,2027-06-01T04:40:24
20263,TM06,51,36,52,36,2027-06-01T04:40:24,2027-06-01T04:42:48
20263,TM06,52,36,53,36,2027-06-01T04:42:48,2027-06-01T04:45:12
20263,TM06,53,36,54,36,2027-06-01T04:45:12,2027-06-01T04:47:36
20263,TM06,54,36,55,36,2027-06-01T04:47:36,2027-06-01T04:50
20263,TM06,55,36,56,36,2027-06-01T04:50,2027-06-01T04:52:24
20263,TM06,56,36,57,36,2027-06-01T04:52:24,2027-06-01T04:54:48
20263,TM06,57,36,57,35,2027-06-01T04:54:48,2027-06-01T04:57:12
20263,TM06,57,35,57,34,2027-06-01T04:57:12,2027-06-01T04:59:36
20263,TM06,57,34,57,33,2027-06-01T04:59:36,2027-06-01T05:02
20263,TM06,57,33,57,32,2027-06-01T05:02,2027-06-01T05:04:24
20263,TM06,57,32,57,31,2027-06-01T05:04:24,2027-06-01T05:06:48
20263,TM06,57,31,57,30,2027-06-01T05:06:48,2027-06-01T05:09:12
20263,TM06,57,30,57,29,2027-06-01T05:09:12,2027-06-01T05:11:36
20263,TM06,57,29,57,28,2027-06-01T05:11:36,2027-06-01T05:14
20263,TM06,57,28,57,27,2027-06-01T05:14,2027-06-01T05:16:24
20263,TM11,27,14,26,14,2027-06-01T00:50,2027-06-01T00:52:24
20263,TM11,26,14,25,14,2027-06-01T00:52:24,2027-06-01T00:54:48
20263,TM11,25,14,24,14,2027-06-01T00:54:48,2027-06-01T00:57:12
20263,TM11,24,14,23,14,2027-06-01T00:57:12,2027-06-01T00:59:36
20263,TM11,23,14,22,14,2027-06-01T00:59:36,2027-06-01T01:02
20263,TM11,22,14,21,14,2027-06-01T01:02,2027-06-01T01:04:24
20263,TM11,21,14,20,14,2027-06-01T01:04:24,2027-06-01T01:06:48
20263,TM11,20,14,19,14,2027-06-01T01:06:48,2027-06-01T01:09:12
20263,TM11,19,14,18,14,2027-06-01T01:09:12,2027-06-01T01:11:36
20263,TM11,18,14,17,14,2027-06-01T01:11:36,2027-06-01T01:14
20263,TM11,17,14,16,14,2027-06-01T01:14,2027-06-01T01:16:24
20263,TM11,16,14,15,14,2027-06-01T01:16:24,2027-06-01T01:18:48
20263,TM11,15,14,14,14,2027-06-01T01:18:48,2027-06-01T01:21:12
20263,TM11,14,14,13,14,2027-06-01T01:21:12,2027-06-01T01:23:36
20263,TM11,13,14,12,14,2027-06-01T01:23:36,2027-06-01T01:26
20263,TM11,12,14,11,14,2027-06-01T01:26,2027-06-01T01:28:24
20263,TM11,11,14,10,14,2027-06-01T01:28:24,2027-06-01T01:30:48
20263,TM11,10,14,9,14,2027-06-01T01:30:48,2027-06-01T01:33:12
20263,TM11,9,14,8,14,2027-06-01T01:33:12,2027-06-01T01:35:36
20263,TM11,8,14,7,14,2027-06-01T01:35:36,2027-06-01T01:38
20263,TM11,7,14,6,14,2027-06-01T01:38,2027-06-01T01:40:24
20263,TM11,6,14,5,14,2027-06-01T01:40:24,2027-06-01T01:42:48
20263,TM11,5,14,4,14,2027-06-01T01:42:48,2027-06-01T01:45:12
20263,TM11,4,14,3,14,2027-06-01T01:45:12,2027-06-01T01:47:36
20263,TM11,3,14,2,14,2027-06-01T01:47:36,2027-06-01T01:50
20263,TM11,2,14,1,14,2027-06-01T01:50,2027-06-01T01:52:24
20263,TM11,1,14,0,14,2027-06-01T01:52:24,2027-06-01T01:54:48
20263,TM11,0,14,0,15,2027-06-01T01:54:48,2027-06-01T01:57:12
20263,TM11,0,15,0,16,2027-06-01T01:57:12,2027-06-01T01:59:36
20263,TM11,0,16,0,17,2027-06-01T01:59:36,2027-06-01T02:02
20263,TM11,0,17,0,18,2027-06-01T02:02,2027-06-01T02:04:24
20263,TM11,0,18,0,19,2027-06-01T02:04:24,2027-06-01T02:06:48
20263,TM11,0,19,0,20,2027-06-01T02:06:48,2027-06-01T02:09:12
20263,TM11,0,20,0,21,2027-06-01T02:09:12,2027-06-01T02:11:36
20263,TM11,0,21,0,22,2027-06-01T02:11:36,2027-06-01T02:14
20263,TM11,0,22,0,23,2027-06-01T02:14,2027-06-01T02:16:24
20263,TM11,0,23,0,24,2027-06-01T02:16:24,2027-06-01T02:18:48
20263,TM11,0,24,0,25,2027-06-01T02:18:48,2027-06-01T02:21:12
20263,TM11,0,25,0,26,2027-06-01T02:21:12,2027-06-01T02:23:36
20263,TM11,0,26,0,27,2027-06-01T02:23:36,2027-06-01T02:26
20263,TM11,0,27,0,28,2027-06-01T02:26,2027-06-01T02:28:24
20263,TM11,0,28,0,29,2027-06-01T02:28:24,2027-06-01T02:30:48
20263,TM11,0,29,0,30,2027-06-01T02:30:48,2027-06-01T02:33:12
20263,TM11,0,30,0,31,2027-06-01T02:33:12,2027-06-01T02:35:36
20263,TM11,0,31,0,32,2027-06-01T02:35:36,2027-06-01T02:38
20263,TM11,0,32,1,32,2027-06-01T04:38,2027-06-01T04:40:24
20263,TM11,1,32,2,32,2027-06-01T04:40:24,2027-06-01T04:42:48
20263,TM11,2,32,3,32,2027-06-01T04:42:48,2027-06-01T04:45:12
20263,TM11,3,32,4,32,2027-06-01T04:45:12,2027-06-01T04:47:36
20263,TM11,4,32,5,32,2027-06-01T04:47:36,2027-06-01T04:50
20263,TM11,5,32,6,32,2027-06-01T04:50,2027-06-01T04:52:24
20263,TM11,6,32,7,32,2027-06-01T04:52:24,2027-06-01T04:54:48
20263,TM11,7,32,8,32,2027-06-01T04:54:48,2027-06-01T04:57:12
20263,TM11,8,32,9,32,2027-06-01T04:57:12,2027-06-01T04:59:36
20263,TM11,9,32,10,32,2027-06-01T04:59:36,2027-06-01T05:02
20263,TM11,10,32,11,32,2027-06-01T05:02,2027-06-01T05:04:24
20263,TM11,11,32,12,32,2027-06-01T05:04:24,2027-06-01T05:06:48
20263,TM11,12,32,12,33,2027-06-01T05:06:48,2027-06-01T05:09:12
20263,TM11,12,33,12,34,2027-06-01T05:09:12,2027-06-01T05:11:36
20263,TM11,12,34,12,35,2027-06-01T05:11:36,2027-06-01T05:14
20263,TM11,12,35,12,36,2027-06-01T05:14,2027-06-01T05:16:24
20263,TM11,12,36,12,37,2027-06-01T05:16:24,2027-06-01T05:18:48
20263,TM11,12,37,12,38,2027-06-01T05:18:48,2027-06-01T05:21:12
20263,TB06,27,14,28,14,2027-06-01T00:50,2027-06-01T00:55
20263,TB06,28,14,29,14,2027-06-01T00:55,2027-06-01T01:00
20263,TB06,29,14,30,14,2027-06-01T01:00,2027-06-01T01:05
20263,TB06,30,14,31,14,2027-06-01T01:05,2027-06-01T01:10
20263,TB06,31,14,32,14,2027-06-01T01:10,2027-06-01T01:15
20263,TB06,32,14,33,14,2027-06-01T01:15,2027-06-01T01:20
20263,TB06,33,14,34,14,2027-06-01T01:20,2027-06-01T01:25
20263,TB06,34,14,35,14,2027-06-01T01:25,2027-06-01T01:30
20263,TB06,35,14,36,14,2027-06-01T01:30,2027-06-01T01:35
20263,TB06,36,14,36,15,2027-06-01T01:35,2027-06-01T01:40
20263,TB06,36,15,36,16,2027-06-01T01:40,2027-06-01T01:45
20263,TB06,36,16,36,17,2027-06-01T01:45,2027-06-01T01:50
20263,TB06,36,17,36,18,2027-06-01T01:50,2027-06-01T01:55
20263,TB06,36,18,36,19,2027-06-01T01:55,2027-06-01T02:00
20263,TB06,36,19,36,20,2027-06-01T02:00,2027-06-01T02:05
20263,TB06,36,20,36,21,2027-06-01T02:05,2027-06-01T02:10
20263,TB06,36,21,35,21,2027-06-01T04:10,2027-06-01T04:15
20263,TB06,35,21,34,21,2027-06-01T04:15,2027-06-01T04:20
20263,TB06,34,21,33,21,2027-06-01T04:20,2027-06-01T04:25
20263,TB06,33,21,32,21,2027-06-01T04:25,2027-06-01T04:30
20263,TB06,32,21,31,21,2027-06-01T04:30,2027-06-01T04:35
20263,TB06,31,21,30,21,2027-06-01T04:35,2027-06-01T04:40
20263,TB06,30,21,29,21,2027-06-01T04:40,2027-06-01T04:45
20263,TB06,29,21,28,21,2027-06-01T04:45,2027-06-01T04:50
20263,TB06,28,21,27,21,2027-06-01T04:50,2027-06-01T04:55
20263,TB06,27,21,27,20,2027-06-01T06:20,2027-06-01T06:25
20263,TB06,27,20,27,19,2027-06-01T06:25,2027-06-01T06:30
20263,TB06,27,19,27,18,2027-06-01T06:30,2027-06-01T06:35
20263,TB06,27,18,27,17,2027-06-01T06:35,2027-06-01T06:40
20263,TB06,27,17,27,16,2027-06-01T06:40,2027-06-01T06:45
20263,TB06,27,16,27,15,2027-06-01T06:45,2027-06-01T06:50
20263,TB06,27,15,27,14,2027-06-01T06:50,2027-06-01T06:55
20263,TB07,27,14,28,14,2027-06-01T00:50,2027-06-01T00:55
20263,TB07,28,14,29,14,2027-06-01T00:55,2027-06-01T01:00
20263,TB07,29,14,30,14,2027-06-01T01:00,2027-06-01T01:05
20263,TB07,30,14,31,14,2027-06-01T01:05,2027-06-01T01:10
20263,TB07,31,14,32,14,2027-06-01T01:10,2027-06-01T01:15
20263,TB07,32,14,33,14,2027-06-01T01:15,2027-06-01T01:20
20263,TB07,33,14,34,14,2027-06-01T01:20,2027-06-01T01:25
20263,TB07,34,14,35,14,2027-06-01T01:25,2027-06-01T01:30
20263,TB07,35,14,36,14,2027-06-01T01:30,2027-06-01T01:35
20263,TB07,36,14,36,15,2027-06-01T01:35,2027-06-01T01:40
20263,TB07,36,15,36,16,2027-06-01T01:40,2027-06-01T01:45
20263,TB07,36,16,36,17,2027-06-01T01:45,2027-06-01T01:50
20263,TB07,36,17,36,18,2027-06-01T01:50,2027-06-01T01:55
20263,TB07,36,18,36,19,2027-06-01T01:55,2027-06-01T02:00
20263,TB07,36,19,36,20,2027-06-01T02:00,2027-06-01T02:05
20263,TB07,36,20,36,21,2027-06-01T02:05,2027-06-01T02:10
20263,TB07,36,21,35,21,2027-06-01T04:10,2027-06-01T04:15
20263,TB07,35,21,34,21,2027-06-01T04:15,2027-06-01T04:20
20263,TB07,34,21,33,21,2027-06-01T04:20,2027-06-01T04:25
20263,TB07,33,21,32,21,2027-06-01T04:25,2027-06-01T04:30
20263,TB07,32,21,31,21,2027-06-01T04:30,2027-06-01T04:35
20263,TB07,31,21,30,21,2027-06-01T04:35,2027-06-01T04:40
20263,TB07,30,21,29,21,2027-06-01T04:40,2027-06-01T04:45
20263,TB07,29,21,28,21,2027-06-01T04:45,2027-06-01T04:50
20263,TB07,28,21,27,21,2027-06-01T04:50,2027-06-01T04:55
20263,TB07,27,21,27,20,2027-06-01T06:20,2027-06-01T06:25
20263,TB07,27,20,27,19,2027-06-01T06:25,2027-06-01T06:30
20263,TB07,27,19,27,18,2027-06-01T06:30,2027-06-01T06:35
20263,TB07,27,18,27,17,2027-06-01T06:35,2027-06-01T06:40
20263,TB07,27,17,27,16,2027-06-01T06:40,2027-06-01T06:45
20263,TB07,27,16,27,15,2027-06-01T06:45,2027-06-01T06:50
20263,TB07,27,15,27,14,2027-06-01T06:50,2027-06-01T06:55
20263,TM01,27,14,28,14,2027-06-01T01:00,2027-06-01T01:02:24
20263,TM01,28,14,29,14,2027-06-01T01:02:24,2027-06-01T01:04:48
20263,TM01,29,14,30,14,2027-06-01T01:04:48,2027-06-01T01:07:12
20263,TM01,30,14,31,14,2027-06-01T01:07:12,2027-06-01T01:09:36
20263,TM01,31,14,32,14,2027-06-01T01:09:36,2027-06-01T01:12
20263,TM01,32,14,33,14,2027-06-01T01:12,2027-06-01T01:14:24
20263,TM01,33,14,34,14,2027-06-01T01:14:24,2027-06-01T01:16:48
20263,TM01,34,14,35,14,2027-06-01T01:16:48,2027-06-01T01:19:12
20263,TM01,35,14,36,14,2027-06-01T01:19:12,2027-06-01T01:21:36
20263,TM01,36,14,37,14,2027-06-01T01:21:36,2027-06-01T01:24
20263,TM01,37,14,38,14,2027-06-01T01:24,2027-06-01T01:26:24
20263,TM01,38,14,39,14,2027-06-01T01:26:24,2027-06-01T01:28:48
20263,TM01,39,14,40,14,2027-06-01T01:28:48,2027-06-01T01:31:12
20263,TM01,40,14,41,14,2027-06-01T01:31:12,2027-06-01T01:33:36
20263,TM01,41,14,42,14,2027-06-01T01:33:36,2027-06-01T01:36
20263,TM01,42,14,43,14,2027-06-01T01:36,2027-06-01T01:38:24
20263,TM01,43,14,44,14,2027-06-01T01:38:24,2027-06-01T01:40:48
20263,TM01,44,14,45,14,2027-06-01T01:40:48,2027-06-01T01:43:12
20263,TM01,45,14,45,15,2027-06-01T01:43:12,2027-06-01T01:45:36
20263,TM01,45,15,45,16,2027-06-01T01:45:36,2027-06-01T01:48
20263,TM01,45,16,45,17,2027-06-01T01:48,2027-06-01T01:50:24
20263,TM01,45,17,45,18,2027-06-01T01:50:24,2027-06-01T01:52:48
20263,TM01,45,18,45,19,2027-06-01T01:52:48,2027-06-01T01:55:12
20263,TM01,45,19,45,20,2027-06-01T01:55:12,2027-06-01T01:57:36
20263,TM01,45,20,45,21,2027-06-01T01:57:36,2027-06-01T02:00
20263,TM01,45,21,45,22,2027-06-01T02:00,2027-06-01T02:02:24
20263,TM01,45,22,45,23,2027-06-01T02:02:24,2027-06-01T02:04:48
20263,TM01,45,23,45,24,2027-06-01T02:04:48,2027-06-01T02:07:12
20263,TM01,45,24,45,25,2027-06-01T02:07:12,2027-06-01T02:09:36
20263,TM01,45,25,45,26,2027-06-01T02:09:36,2027-06-01T02:12
20263,TM01,45,26,45,27,2027-06-01T02:12,2027-06-01T02:14:24
20263,TM01,45,27,45,28,2027-06-01T02:14:24,2027-06-01T02:16:48
20263,TM01,45,28,46,28,2027-06-01T03:16:48,2027-06-01T03:19:12
20263,TM01,46,28,47,28,2027-06-01T03:19:12,2027-06-01T03:21:36
20263,TM01,47,28,48,28,2027-06-01T03:21:36,2027-06-01T03:24
20263,TM01,48,28,49,28,2027-06-01T03:24,2027-06-01T03:26:24
20263,TM01,49,28,50,28,2027-06-01T03:26:24,2027-06-01T03:28:48
20263,TM01,50,28,51,28,2027-06-01T03:28:48,2027-06-01T03:31:12
20263,TM01,51,28,52,28,2027-06-01T03:31:12,2027-06-01T03:33:36
20263,TM01,52,28,53,28,2027-06-01T03:33:36,2027-06-01T03:36
20263,TM01,53,28,54,28,2027-06-01T03:36,2027-06-01T03:38:24
20263,TM01,54,28,54,27,2027-06-01T03:38:24,2027-06-01T03:40:48
20263,TM01,54,27,54,26,2027-06-01T03:40:48,2027-06-01T03:43:12
20263,TM01,54,26,54,25,2027-06-01T03:43:12,2027-06-01T03:45:36
20263,TM01,54,25,54,24,2027-06-01T03:45:36,2027-06-01T03:48
20263,TM01,54,24,55,24,2027-06-01T04:48,2027-06-01T04:50:24
20263,TM01,55,24,56,24,2027-06-01T04:50:24,2027-06-01T04:52:48
20263,TM01,56,24,57,24,2027-06-01T04:52:48,2027-06-01T04:55:12
20263,TM01,57,24,57,25,2027-06-01T04:55:12,2027-06-01T04:57:36
20263,TM01,57,25,57,26,2027-06-01T04:57:36,2027-06-01T05:00
20263,TM01,57,26,57,27,2027-06-01T05:00,2027-06-01T05:02:24
20263,TB08,27,14,28,14,2027-06-01T01:00,2027-06-01T01:05
20263,TB08,28,14,29,14,2027-06-01T01:05,2027-06-01T01:10
20263,TB08,29,14,30,14,2027-06-01T01:10,2027-06-01T01:15
20263,TB08,30,14,31,14,2027-06-01T01:15,2027-06-01T01:20
20263,TB08,31,14,32,14,2027-06-01T01:20,2027-06-01T01:25
20263,TB08,32,14,33,14,2027-06-01T01:25,2027-06-01T01:30
20263,TB08,33,14,34,14,2027-06-01T01:30,2027-06-01T01:35
20263,TB08,34,14,35,14,2027-06-01T01:35,2027-06-01T01:40
20263,TB08,35,14,36,14,2027-06-01T01:40,2027-06-01T01:45
20263,TB08,36,14,37,14,2027-06-01T01:45,2027-06-01T01:50
20263,TB08,37,14,38,14,2027-06-01T01:50,2027-06-01T01:55
20263,TB08,38,14,39,14,2027-06-01T01:55,2027-06-01T02:00
20263,TB08,39,14,40,14,2027-06-01T02:00,2027-06-01T02:05
20263,TB08,40,14,41,14,2027-06-01T02:05,2027-06-01T02:10
20263,TB08,41,14,42,14,2027-06-01T02:10,2027-06-01T02:15
20263,TB08,42,14,43,14,2027-06-01T02:15,2027-06-01T02:20
20263,TB08,43,14,44,14,2027-06-01T02:20,2027-06-01T02:25
20263,TB08,44,14,45,14,2027-06-01T02:25,2027-06-01T02:30
20263,TB08,45,14,46,14,2027-06-01T02:30,2027-06-01T02:35
20263,TB08,46,14,47,14,2027-06-01T02:35,2027-06-01T02:40
20263,TB08,47,14,48,14,2027-06-01T02:40,2027-06-01T02:45
20263,TB08,48,14,49,14,2027-06-01T02:45,2027-06-01T02:50
20263,TB08,49,14,49,13,2027-06-01T02:50,2027-06-01T02:55
20263,TB08,49,13,49,12,2027-06-01T02:55,2027-06-01T03:00
20263,TB08,49,12,49,11,2027-06-01T03:00,2027-06-01T03:05
20263,TB08,49,11,49,10,2027-06-01T03:05,2027-06-01T03:10
20263,TB08,49,10,49,9,2027-06-01T03:10,2027-06-01T03:15
20263,TB08,49,9,49,8,2027-06-01T03:15,2027-06-01T03:20
20263,TB08,49,8,49,7,2027-06-01T03:20,2027-06-01T03:25
20263,TB08,49,7,49,6,2027-06-01T03:25,2027-06-01T03:30
20263,TB08,49,6,49,5,2027-06-01T03:30,2027-06-01T03:35
20263,TB08,49,5,49,4,2027-06-01T03:35,2027-06-01T03:40
20263,TB08,49,4,49,3,2027-06-01T03:40,2027-06-01T03:45
20263,TB08,49,3,49,2,2027-06-01T03:45,2027-06-01T03:50
20263,TB08,49,2,49,1,2027-06-01T03:50,2027-06-01T03:55
20263,TB08,49,1,49,0,2027-06-01T03:55,2027-06-01T04:00
20263,TB08,49,0,50,0,2027-06-01T05:00,2027-06-01T05:05
20263,TB08,50,0,51,0,2027-06-01T05:05,2027-06-01T05:10
20263,TB08,51,0,52,0,2027-06-01T05:10,2027-06-01T05:15
20263,TB08,52,0,53,0,2027-06-01T05:15,2027-06-01T05:20
20263,TB08,53,0,54,0,2027-06-01T05:20,2027-06-01T05:25
20263,TB08,54,0,55,0,2027-06-01T05:25,2027-06-01T05:30
20263,TB08,55,0,56,0,2027-06-01T05:30,2027-06-01T05:35
20263,TB08,56,0,57,0,2027-06-01T05:35,2027-06-01T05:40
20263,TB08,57,0,57,1,2027-06-01T05:40,2027-06-01T05:45
20263,TB08,57,1,57,2,2027-06-01T05:45,2027-06-01T05:50
20263,TB08,57,2,57,3,2027-06-01T05:50,2027-06-01T05:55
20263,TB08,57,3,57,4,2027-06-01T05:55,2027-06-01T06:00
20263,TB08,57,4,57,5,2027-06-01T06:00,2027-06-01T06:05
20263,TB08,57,5,57,6,2027-06-01T06:05,2027-06-01T06:10
20263,TB08,57,6,57,7,2027-06-01T06:10,2027-06-01T06:15
20263,TB08,57,7,57,8,2027-06-01T06:15,2027-06-01T06:20
20263,TB08,57,8,57,9,2027-06-01T06:20,2027-06-01T06:25
20263,TB08,57,9,57,10,2027-06-01T06:25,2027-06-01T06:30
20263,TB08,57,10,57,11,2027-06-01T06:30,2027-06-01T06:35
20263,TB08,57,11,57,12,2027-06-01T06:35,2027-06-01T06:40
20263,TB08,57,12,57,13,2027-06-01T06:40,2027-06-01T06:45
20263,TB08,57,13,57,14,2027-06-01T06:45,2027-06-01T06:50
20263,TB08,57,14,57,15,2027-06-01T06:50,2027-06-01T06:55
20263,TB08,57,15,57,16,2027-06-01T06:55,2027-06-01T07:00
20263,TB08,57,16,57,17,2027-06-01T07:00,2027-06-01T07:05
20263,TB08,57,17,57,18,2027-06-01T07:05,2027-06-01T07:10
20263,TB08,57,18,57,19,2027-06-01T07:10,2027-06-01T07:15
20263,TB08,57,19,57,20,2027-06-01T07:15,2027-06-01T07:20
20263,TB08,57,20,57,21,2027-06-01T07:20,2027-06-01T07:25
20263,TB08,57,21,57,22,2027-06-01T07:25,2027-06-01T07:30
20263,TB08,57,22,57,23,2027-06-01T07:30,2027-06-01T07:35
20263,TB08,57,23,57,24,2027-06-01T07:35,2027-06-01T07:40
20263,TB08,57,24,57,25,2027-06-01T07:40,2027-06-01T07:45
20263,TB08,57,25,57,26,2027-06-01T07:45,2027-06-01T07:50
20263,TB08,57,26,57,27,2027-06-01T07:50,2027-06-01T07:55
20263,TB12,27,14,28,14,2027-06-01T01:00,2027-06-01T01:05
20263,TB12,28,14,29,14,2027-06-01T01:05,2027-06-01T01:10
20263,TB12,29,14,30,14,2027-06-01T01:10,2027-06-01T01:15
20263,TB12,30,14,31,14,2027-06-01T01:15,2027-06-01T01:20
20263,TB12,31,14,32,14,2027-06-01T01:20,2027-06-01T01:25
20263,TB12,32,14,33,14,2027-06-01T01:25,2027-06-01T01:30
20263,TB12,33,14,34,14,2027-06-01T01:30,2027-06-01T01:35
20263,TB12,34,14,35,14,2027-06-01T01:35,2027-06-01T01:40
20263,TB12,35,14,36,14,2027-06-01T01:40,2027-06-01T01:45
20263,TB12,36,14,37,14,2027-06-01T01:45,2027-06-01T01:50
20263,TB12,37,14,38,14,2027-06-01T01:50,2027-06-01T01:55
20263,TB12,38,14,39,14,2027-06-01T01:55,2027-06-01T02:00
20263,TB12,39,14,40,14,2027-06-01T02:00,2027-06-01T02:05
20263,TB12,40,14,41,14,2027-06-01T02:05,2027-06-01T02:10
20263,TB12,41,14,42,14,2027-06-01T02:10,2027-06-01T02:15
20263,TB12,42,14,43,14,2027-06-01T02:15,2027-06-01T02:20
20263,TB12,43,14,44,14,2027-06-01T02:20,2027-06-01T02:25
20263,TB12,44,14,45,14,2027-06-01T02:25,2027-06-01T02:30
20263,TB12,45,14,46,14,2027-06-01T02:30,2027-06-01T02:35
20263,TB12,46,14,47,14,2027-06-01T02:35,2027-06-01T02:40
20263,TB12,47,14,48,14,2027-06-01T02:40,2027-06-01T02:45
20263,TB12,48,14,49,14,2027-06-01T02:45,2027-06-01T02:50
20263,TB12,49,14,49,13,2027-06-01T02:50,2027-06-01T02:55
20263,TB12,49,13,49,12,2027-06-01T02:55,2027-06-01T03:00
20263,TB12,49,12,49,11,2027-06-01T03:00,2027-06-01T03:05
20263,TB12,49,11,49,10,2027-06-01T03:05,2027-06-01T03:10
20263,TB12,49,10,49,9,2027-06-01T03:10,2027-06-01T03:15
20263,TB12,49,9,49,8,2027-06-01T03:15,2027-06-01T03:20
20263,TB12,49,8,49,7,2027-06-01T03:20,2027-06-01T03:25
20263,TB12,49,7,49,6,2027-06-01T03:25,2027-06-01T03:30
20263,TB12,49,6,49,5,2027-06-01T03:30,2027-06-01T03:35
20263,TB12,49,5,49,4,2027-06-01T03:35,2027-06-01T03:40
20263,TB12,49,4,49,3,2027-06-01T03:40,2027-06-01T03:45
20263,TB12,49,3,49,2,2027-06-01T03:45,2027-06-01T03:50
20263,TB12,49,2,49,1,2027-06-01T03:50,2027-06-01T03:55
20263,TB12,49,1,49,0,2027-06-01T03:55,2027-06-01T04:00
20263,TB12,49,0,50,0,2027-06-01T05:00,2027-06-01T05:05
20263,TB12,50,0,51,0,2027-06-01T05:05,2027-06-01T05:10
20263,TB12,51,0,52,0,2027-06-01T05:10,2027-06-01T05:15
20263,TB12,52,0,53,0,2027-06-01T05:15,2027-06-01T05:20
20263,TB12,53,0,54,0,2027-06-01T05:20,2027-06-01T05:25
20263,TB12,54,0,55,0,2027-06-01T05:25,2027-06-01T05:30
20263,TB12,55,0,56,0,2027-06-01T05:30,2027-06-01T05:35
20263,TB12,56,0,57,0,2027-06-01T05:35,2027-06-01T05:40
20263,TB12,57,0,57,1,2027-06-01T05:40,2027-06-01T05:45
20263,TB12,57,1,57,2,2027-06-01T05:45,2027-06-01T05:50
20263,TB12,57,2,57,3,2027-06-01T05:50,2027-06-01T05:55
20263,TB12,57,3,57,4,2027-06-01T05:55,2027-06-01T06:00
20263,TB12,57,4,57,5,2027-06-01T06:00,2027-06-01T06:05
20263,TB12,57,5,57,6,2027-06-01T06:05,2027-06-01T06:10
20263,TB12,57,6,57,7,2027-06-01T06:10,2027-06-01T06:15
20263,TB12,57,7,57,8,2027-06-01T06:15,2027-06-01T06:20
20263,TB12,57,8,57,9,2027-06-01T06:20,2027-06-01T06:25
20263,TB12,57,9,57,10,2027-06-01T06:25,2027-06-01T06:30
20263,TB12,57,10,57,11,2027-06-01T06:30,2027-06-01T06:35
20263,TB12,57,11,57,12,2027-06-01T06:35,2027-06-01T06:40
20263,TB12,57,12,57,13,2027-06-01T06:40,2027-06-01T06:45
20263,TB12,57,13,57,14,2027-06-01T06:45,2027-06-01T06:50
20263,TB12,57,14,57,15,2027-06-01T06:50,2027-06-01T06:55
20263,TB12,57,15,57,16,2027-06-01T06:55,2027-06-01T07:00
20263,TB12,57,16,57,17,2027-06-01T07:00,2027-06-01T07:05
20263,TB12,57,17,57,18,2027-06-01T07:05,2027-06-01T07:10
20263,TB12,57,18,57,19,2027-06-01T07:10,2027-06-01T07:15
20263,TB12,57,19,57,20,2027-06-01T07:15,2027-06-01T07:20
20263,TB12,57,20,57,21,2027-06-01T07:20,2027-06-01T07:25
20263,TB12,57,21,57,22,2027-06-01T07:25,2027-06-01T07:30
20263,TB12,57,22,57,23,2027-06-01T07:30,2027-06-01T07:35
20263,TB12,57,23,57,24,2027-06-01T07:35,2027-06-01T07:40
20263,TB12,57,24,57,25,2027-06-01T07:40,2027-06-01T07:45
20263,TB12,57,25,57,26,2027-06-01T07:45,2027-06-01T07:50
20263,TB12,57,26,57,27,2027-06-01T07:50,2027-06-01T07:55
20263,TB02,27,14,28,14,2027-06-01T01:20,2027-06-01T01:25
20263,TB02,28,14,29,14,2027-06-01T01:25,2027-06-01T01:30
20263,TB02,29,14,30,14,2027-06-01T01:30,2027-06-01T01:35
20263,TB02,30,14,31,14,2027-06-01T01:35,2027-06-01T01:40
20263,TB02,31,14,32,14,2027-06-01T01:40,2027-06-01T01:45
20263,TB02,32,14,33,14,2027-06-01T01:45,2027-06-01T01:50
20263,TB02,33,14,34,14,2027-06-01T01:50,2027-06-01T01:55
20263,TB02,34,14,35,14,2027-06-01T01:55,2027-06-01T02:00
20263,TB02,35,14,36,14,2027-06-01T02:00,2027-06-01T02:05
20263,TB02,36,14,37,14,2027-06-01T02:05,2027-06-01T02:10
20263,TB02,37,14,38,14,2027-06-01T02:10,2027-06-01T02:15
20263,TB02,38,14,39,14,2027-06-01T02:15,2027-06-01T02:20
20263,TB02,39,14,40,14,2027-06-01T02:20,2027-06-01T02:25
20263,TB02,40,14,41,14,2027-06-01T02:25,2027-06-01T02:30
20263,TB02,41,14,42,14,2027-06-01T02:30,2027-06-01T02:35
20263,TB02,42,14,43,14,2027-06-01T02:35,2027-06-01T02:40
20263,TB02,43,14,44,14,2027-06-01T02:40,2027-06-01T02:45
20263,TB02,44,14,45,14,2027-06-01T02:45,2027-06-01T02:50
20263,TB02,45,14,46,14,2027-06-01T02:50,2027-06-01T02:55
20263,TB02,46,14,47,14,2027-06-01T02:55,2027-06-01T03:00
20263,TB02,47,14,48,14,2027-06-01T03:00,2027-06-01T03:05
20263,TB02,48,14,49,14,2027-06-01T03:05,2027-06-01T03:10
20263,TB02,49,14,50,14,2027-06-01T03:10,2027-06-01T03:15
20263,TB02,50,14,51,14,2027-06-01T03:15,2027-06-01T03:20
20263,TB02,51,14,52,14,2027-06-01T03:20,2027-06-01T03:25
20263,TB02,52,14,53,14,2027-06-01T03:25,2027-06-01T03:30
20263,TB02,53,14,54,14,2027-06-01T03:30,2027-06-01T03:35
20263,TB02,54,14,55,14,2027-06-01T03:35,2027-06-01T03:40
20263,TB02,55,14,56,14,2027-06-01T03:40,2027-06-01T03:45
20263,TB02,56,14,57,14,2027-06-01T03:45,2027-06-01T03:50
20263,TB02,57,14,58,14,2027-06-01T03:50,2027-06-01T03:55
20263,TB02,58,14,59,14,2027-06-01T03:55,2027-06-01T04:00
20263,TB02,59,14,60,14,2027-06-01T04:00,2027-06-01T04:05
20263,TB02,60,14,61,14,2027-06-01T04:05,2027-06-01T04:10
20263,TB02,61,14,61,13,2027-06-01T04:10,2027-06-01T04:15
20263,TB02,61,13,61,12,2027-06-01T04:15,2027-06-01T04:20
20263,TB02,61,12,60,12,2027-06-01T05:20,2027-06-01T05:25
20263,TB02,60,12,59,12,2027-06-01T05:25,2027-06-01T05:30
20263,TB02,59,12,58,12,2027-06-01T05:30,2027-06-01T05:35
20263,TB02,58,12,57,12,2027-06-01T05:35,2027-06-01T05:40
20263,TB02,57,12,57,13,2027-06-01T05:40,2027-06-01T05:45
20263,TB02,57,13,57,14,2027-06-01T05:45,2027-06-01T05:50
20263,TB02,57,14,57,15,2027-06-01T05:50,2027-06-01T05:55
20263,TB02,57,15,57,16,2027-06-01T05:55,2027-06-01T06:00
20263,TB02,57,16,57,17,2027-06-01T06:00,2027-06-01T06:05
20263,TB02,57,17,57,18,2027-06-01T06:05,2027-06-01T06:10
20263,TB02,57,18,57,19,2027-06-01T06:10,2027-06-01T06:15
20263,TB02,57,19,57,20,2027-06-01T06:15,2027-06-01T06:20
20263,TB02,57,20,57,21,2027-06-01T06:20,2027-06-01T06:25
20263,TB02,57,21,57,22,2027-06-01T06:25,2027-06-01T06:30
20263,TB02,57,22,57,23,2027-06-01T06:30,2027-06-01T06:35
20263,TB02,57,23,57,24,2027-06-01T06:35,2027-06-01T06:40
20263,TB02,57,24,57,25,2027-06-01T06:40,2027-06-01T06:45
20263,TB02,57,25,57,26,2027-06-01T06:45,2027-06-01T06:50
20263,TB02,57,26,57,27,2027-06-01T06:50,2027-06-01T06:55
