semilla,factor_carga,ciclo,instante,estado,Ta_ms,holgura_plan_promedio_min,holgura_plan_minima_min,distancia_plan_km,tiempo_plan_rutas_min,vehiculos_plan,utilizacion_capacidad_plan,pedidos_plan,paquetes_sin_plan,rutas_despachadas,pedidos_entregados_acum,paquetes_entregados_acum,holgura_real_promedio_min,holgura_real_minima_min
20264,1.0,0,2026-08-01T00:00,SIN_DEMANDA,0,,,,,,,0,0,0,0,0,,
20264,1.0,1,2026-08-01T00:10,SIN_DEMANDA,0,,,,,,,0,0,0,0,0,,
20264,1.0,2,2026-08-01T00:20,SIN_DEMANDA,0,,,,,,,0,0,0,0,0,,
20264,1.0,3,2026-08-01T00:30,COMPLETA,6647.5299,2024.5,2024.5,77.0,235.5,1,0.125,1,0,1,0,0,,
20264,1.0,4,2026-08-01T00:40,COMPLETA,5399.3849,151.0,151.0,36.0,249.0,1,0.2916666666666667,1,0,1,0,0,,
20264,1.0,5,2026-08-01T00:50,COMPLETA,6522.6073,1089.0,588.5,242.0,963.0,5,0.15,3,0,5,0,0,,
20264,1.0,6,2026-08-01T01:00,SIN_DEMANDA,0,,,,,,,0,0,0,0,0,,
20264,1.0,7,2026-08-01T01:10,COMPLETA,4402.9271,2047.5,2047.0,180.0,450.0,3,0.1111111111111111,2,0,3,0,0,,
20264,1.0,8,2026-08-01T01:20,COMPLETA,4001.2216,425.2,318.6,132.0,436.8,2,0.3125,2,0,2,0,0,,
20264,1.0,9,2026-08-01T01:30,COMPLETA,4459.4854,486.0,66.4,355.0,1152.0,5,0.35,2,0,5,0,0,,
20264,1.0,10,2026-08-01T01:40,COMPLETA,3791.7444,119.0,119.0,82.0,316.8,2,0.5625,1,0,2,0,0,,
20264,1.0,11,2026-08-01T01:50,SIN_DEMANDA,0,,,,,,,0,0,0,0,0,,
20264,1.0,12,2026-08-01T02:00,COMPLETA,3882.3293,2069.4,2069.4,36.0,206.4,2,0.3125,1,0,2,0,0,,
20264,1.0,13,2026-08-01T02:10,SIN_DEMANDA,0,,,,,,,0,0,0,1,7,151.0,151.0
20264,1.0,14,2026-08-01T02:20,COMPLETA,3780.7461,100.8,100.8,92.0,340.8,2,0.4375,1,0,2,1,7,151.0,151.0
20264,1.0,15,2026-08-01T02:30,COMPLETA,3968.6133,617.35,298.5,112.0,405.6,2,0.0625,2,0,1,2,14,1106.5,151.0
20264,1.0,16,2026-08-01T02:40,COMPLETA,2620.7952,298.5,298.5,48.0,192.0,1,0.041666666666666664,1,0,0,3,15,943.1666666666666,151.0
20264,1.0,17,2026-08-01T02:50,COMPLETA,3970.8894,347.25,298.5,68.0,300.0,2,0.125,2,0,1,4,18,1213.5,151.0
20264,1.0,18,2026-08-01T03:00,COMPLETA,2549.1922,298.5,298.5,48.0,192.0,1,0.041666666666666664,1,0,0,7,36,1362.5,151.0
20264,1.0,19,2026-08-01T03:10,COMPLETA,3948.2697,312.25,298.5,86.0,369.0,2,0.16666666666666666,2,0,0,7,36,1362.5,151.0
20264,1.0,20,2026-08-01T03:20,COMPLETA,4218.1503,312.25,298.5,86.0,369.0,2,0.16666666666666666,2,0,0,7,36,1362.5,151.0
20264,1.0,21,2026-08-01T03:30,COMPLETA,5549.3718,1141.3,298.5,185.0,637.5,5,0.16666666666666666,5,0,0,8,41,1450.8625,151.0
20264,1.0,22,2026-08-01T03:40,COMPLETA,7327.8435,1126.857142857143,149.0,309.0,1076.1,8,0.1875,7,0,4,9,50,1302.8777777777777,119.0
20264,1.0,23,2026-08-01T03:50,COMPLETA,6560.0269,1061.8,298.5,208.0,732.0,5,0.225,5,0,2,9,50,1302.8777777777777,119.0
20264,1.0,24,2026-08-01T04:00,COMPLETA,6613.2773,1341.0,326.0,184.0,597.6,5,0.2980769230769231,4,0,3,10,53,1204.45,119.0
20264,1.0,25,2026-08-01T04:10,COMPLETA,5390.9135,1331.3333333333333,977.0,94.0,346.2,3,0.21428571428571427,3,0,2,10,53,1204.45,119.0
20264,1.0,26,2026-08-01T04:20,COMPLETA,4119.1879,2032.0,2032.0,42.0,123.0,1,0.2916666666666667,1,0,1,12,61,1042.2416666666666,66.4
20264,1.0,27,2026-08-01T04:30,COMPLETA,4198.8482,1073.15,128.5,101.0,321.9,2,0.25,2,0,1,14,72,996.0214285714285,66.4
20264,1.0,28,2026-08-01T04:40,COMPLETA,3679.082,128.5,128.5,45.0,127.5,1,0.2916666666666667,1,0,1,15,79,936.3399999999999,66.4
20264,1.0,29,2026-08-01T04:50,SIN_DEMANDA,0,,,,,,,0,0,0,16,80,936.33125,66.4
20264,1.0,30,2026-08-01T05:00,COMPLETA,4145.4185,400.4,400.4,28.0,187.2,2,0.625,1,0,2,17,84,1002.4882352941177,66.4
20264,1.0,31,2026-08-01T05:10,COMPLETA,2930.2344,1953.0,1953.0,44.0,186.0,1,0.08333333333333333,1,0,0,18,90,955.0722222222222,66.4
20264,1.0,32,2026-08-01T05:20,COMPLETA,4456.6525,1958.5,1953.0,116.0,534.0,3,0.1111111111111111,2,0,0,20,99,939.765,66.4
20264,1.0,33,2026-08-01T05:30,COMPLETA,4244.5517,1958.5,1953.0,116.0,534.0,3,0.1111111111111111,2,0,0,22,113,991.7863636363636,66.4
20264,1.0,34,2026-08-01T05:40,COMPLETA,4444.8132,1958.5,1953.0,116.0,534.0,3,0.1111111111111111,2,0,0,24,121,935.1583333333333,66.4
20264,1.0,35,2026-08-01T05:50,COMPLETA,6099.388,1806.5,1010.0,158.0,837.0,6,0.1736111111111111,5,0,2,24,121,935.1583333333333,66.4
20264,1.0,36,2026-08-01T06:00,COMPLETA,6470.4474,1718.75,943.5,120.0,660.0,4,0.20833333333333334,4,0,0,27,138,1017.5481481481481,66.4
20264,1.0,37,2026-08-01T06:10,COMPLETA,7497.7396,1778.6200000000001,933.6,192.0,1187.4,7,0.25,5,0,0,27,138,1017.5481481481481,66.4
20264,1.0,38,2026-08-01T06:20,COMPLETA,7544.0191,1778.6200000000001,933.6,192.0,1187.4,7,0.25,5,0,0,28,148,995.5071428571429,66.4
20264,1.0,39,2026-08-01T06:30,COMPLETA,7974.6899,1778.6200000000001,933.6,192.0,1187.4,7,0.25,5,0,0,29,155,965.6103448275862,66.4
20264,1.0,40,2026-08-01T06:40,COMPLETA,6675.6394,1821.5833333333333,933.6,252.0,1567.8,9,0.2867647058823529,6,0,0,29,155,965.6103448275862,66.4
20264,1.0,41,2026-08-01T06:50,COMPLETA,6504.1967,1745.65,933.6,364.0,2112.0,12,0.23076923076923078,8,0,0,30,156,1000.6833333333333,66.4
20264,1.0,42,2026-08-01T07:00,COMPLETA,6385.4425,1745.65,933.6,364.0,2112.0,12,0.23076923076923078,8,0,12,32,170,1035.046875,66.4
20264,1.0,43,2026-08-01T07:10,COMPLETA,2555.0951,556.75,131.0,78.0,393.0,2,0.1875,2,0,2,32,170,1035.046875,66.4
20264,1.0,44,2026-08-01T07:20,COMPLETA,2639.8547,1504.5,978.0,89.0,400.5,2,0.34375,2,0,2,32,170,1035.046875,66.4
20264,1.0,45,2026-08-01T07:30,COMPLETA,2114.6866,955.6,955.6,156.0,734.4000000000001,3,0.4166666666666667,1,0,3,32,170,1035.046875,66.4
20264,1.0,46,2026-08-01T07:40,COMPLETA,2850.3852,1324.2,595.0,118.0,451.2,2,0.0625,2,0,2,32,170,1035.046875,66.4
20264,1.0,47,2026-08-01T07:50,COMPLETA,2252.5964,2017.8,2017.8,47.0,232.8,1,0.875,1,0,1,32,170,1035.046875,66.4
20264,1.0,48,2026-08-01T08:00,COMPLETA,2258.9075,1086.4,132.6,76.0,422.4,2,0.25,2,0,2,32,170,1035.046875,66.4
20264,1.0,49,2026-08-01T08:10,SIN_DEMANDA,0,,,,,,,0,0,0,32,170,1035.046875,66.4
20264,1.0,50,2026-08-01T08:20,SIN_DEMANDA,0,,,,,,,0,0,0,33,173,1064.7272727272727,66.4
20264,1.0,51,2026-08-01T08:30,SIN_DEMANDA,0,,,,,,,0,0,0,37,206,1109.3135135135135,66.4
20264,1.0,52,2026-08-01T08:40,COMPLETA,1629.2495,2055.8,2055.8,36.0,206.4,1,0.25,1,0,1,41,221,1172.4195121951218,66.4
20264,1.0,53,2026-08-01T08:50,SIN_DEMANDA,0,,,,,,,0,0,0,41,221,1172.4195121951218,66.4
20264,1.0,54,2026-08-01T09:00,COMPLETA,2389.0047,474.75,356.0,105.0,587.5,3,0.2361111111111111,2,0,0,43,226,1143.679069767442,66.4
20264,1.0,55,2026-08-01T09:10,COMPLETA,2844.6635,503.3333333333333,356.0,178.0,817.0,4,0.28125,3,0,0,43,226,1143.679069767442,66.4
20264,1.0,56,2026-08-01T09:20,COMPLETA,2791.9552,509.3333333333333,345.5,136.0,563.5,3,0.375,3,0,1,43,226,1143.679069767442,66.4
20264,1.0,57,2026-08-01T09:30,COMPLETA,2724.7118,992.8333333333334,345.5,129.0,493.0,3,0.3194444444444444,3,0,0,45,236,1183.6133333333332,66.4
20264,1.0,58,2026-08-01T09:40,COMPLETA,2583.2698,992.8333333333334,345.5,129.0,493.0,3,0.3194444444444444,3,0,3,47,249,1156.3999999999999,66.4
20264,1.0,59,2026-08-01T09:50,COMPLETA,1586.0967,2072.5,2072.5,26.0,99.0,1,0.125,1,0,1,48,250,1144.7041666666667,66.4
20264,1.0,60,2026-08-01T10:00,SIN_DEMANDA,0,,,,,,,0,0,0,49,251,1162.9795918367345,66.4
20264,1.0,61,2026-08-01T10:10,COMPLETA,1602.0101,2086.0,2086.0,16.0,84.0,1,0.08333333333333333,1,0,1,50,258,1180.076,66.4
20264,1.0,62,2026-08-01T10:20,COMPLETA,1232.4971,150.0,150.0,28.0,102.0,1,0.041666666666666664,1,0,1,50,258,1180.076,66.4
20264,1.0,63,2026-08-01T10:30,COMPLETA,1354.7693,1934.5,1934.5,82.0,190.0,1,0.125,1,0,0,51,260,1197.2470588235294,66.4
20264,1.0,64,2026-08-01T10:40,COMPLETA,1460.5791,1934.5,1934.5,82.0,190.0,1,0.125,1,0,0,51,260,1197.2470588235294,66.4
20264,1.0,65,2026-08-01T10:50,COMPLETA,1450.3031,1934.5,1934.5,82.0,190.0,1,0.125,1,0,0,51,260,1197.2470588235294,66.4
20264,1.0,66,2026-08-01T11:00,COMPLETA,1415.0314,1934.5,1934.5,82.0,190.0,1,0.125,1,0,0,51,260,1197.2470588235294,66.4
20264,1.0,67,2026-08-01T11:10,COMPLETA,2830.6606,1175.425,355.2,272.0,856.0,6,0.25,4,0,2,52,270,1185.6365384615385,66.4
20264,1.0,68,2026-08-01T11:20,COMPLETA,4339.4414,1734.5,355.2,381.0,1164.9,7,0.34615384615384615,6,0,4,55,290,1175.6381818181817,66.4
20264,1.0,69,2026-08-01T11:30,COMPLETA,3600.0613,1113.2,322.8,273.0,898.6,6,0.3333333333333333,5,0,3,57,298,1206.7649122807018,66.4
20264,1.0,70,2026-08-01T11:40,COMPLETA,2734.9955,1069.1666666666667,347.0,161.0,457.0,3,0.20833333333333334,3,0,1,57,298,1206.7649122807018,66.4
20264,1.0,71,2026-08-01T11:50,COMPLETA,2512.6246,881.0333333333333,347.0,104.0,425.0,3,0.21428571428571427,3,0,1,58,299,1188.544827586207,66.4
20264,1.0,72,2026-08-01T12:00,COMPLETA,2252.6397,921.8666666666667,347.0,134.0,522.0,4,0.3125,3,0,4,58,299,1188.544827586207,66.4
20264,1.0,73,2026-08-01T12:10,SIN_DEMANDA,0,,,,,,,0,0,0,58,299,1188.544827586207,66.4
20264,1.0,74,2026-08-01T12:20,COMPLETA,2073.3357,2052.0,2043.0,112.0,288.0,2,0.20833333333333334,2,0,2,58,299,1188.544827586207,66.4
20264,1.0,75,2026-08-01T12:30,SIN_DEMANDA,0,,,,,,,0,0,0,58,299,1188.544827586207,66.4
20264,1.0,76,2026-08-01T12:40,SIN_DEMANDA,0,,,,,,,0,0,0,59,303,1175.0186440677967,66.4
20264,1.0,77,2026-08-01T12:50,COMPLETA,2031.2171,964.5,964.5,49.0,133.5,1,0.4166666666666667,1,0,0,59,305,1175.0186440677967,66.4
20264,1.0,78,2026-08-01T13:00,COMPLETA,2952.4815,1659.6666666666667,964.5,183.0,835.5,6,0.2604166666666667,3,0,4,59,305,1175.0186440677967,66.4
20264,1.0,79,2026-08-01T13:10,COMPLETA,2252.2049,2014.45,1955.5,62.0,409.2,3,0.23214285714285715,2,0,1,60,311,1189.535,66.4
20264,1.0,80,2026-08-01T13:20,COMPLETA,2564.7118,1181.65,407.8,56.0,454.8,4,0.1875,2,0,2,62,323,1189.835483870968,66.4
20264,1.0,81,2026-08-01T13:30,COMPLETA,2193.5626,1955.5,1955.5,44.0,306.0,2,0.125,1,0,0,63,331,1203.2,66.4
20264,1.0,82,2026-08-01T13:40,COMPLETA,2041.3155,1955.5,1955.5,44.0,306.0,2,0.125,1,0,0,65,342,1203.163076923077,66.4
20264,1.0,83,2026-08-01T13:50,COMPLETA,2233.831,1955.5,1955.5,44.0,306.0,2,0.125,1,0,0,67,353,1202.450746268657,66.4
20264,1.0,84,2026-08-01T14:00,COMPLETA,2675.5999,1994.0,1955.5,110.0,645.0,4,0.09375,3,0,0,70,376,1222.3100000000002,66.4
20264,1.0,85,2026-08-01T14:10,COMPLETA,2599.638,1994.0,1955.5,110.0,645.0,4,0.09375,3,0,0,70,376,1222.3100000000002,66.4
20264,1.0,86,2026-08-01T14:20,COMPLETA,4126.0237,1498.4428571428573,108.5,254.0,1380.6,8,0.20625,7,0,0,72,382,1243.6000000000001,66.4
20264,1.0,87,2026-08-01T14:30,COMPLETA,5079.135,1323.5125,108.5,283.0,1404.3,8,0.22727272727272727,8,0,0,73,388,1232.1506849315072,66.4
20264,1.0,88,2026-08-01T14:40,COMPLETA,5976.0644,1405.388888888889,106.5,293.0,1555.5,9,0.2608695652173913,9,0,0,75,404,1254.392,66.4
20264,1.0,89,2026-08-01T14:50,COMPLETA,8271.4854,1388.9636363636364,95.6,474.0,2621.8,14,0.2672413793103448,11,0,0,76,414,1250.5776315789474,66.4
20264,1.0,90,2026-08-01T15:00,COMPLETA,24653.2581,1411.5307692307692,93.2,527.0,2804.1,15,0.29924242424242425,13,0,15,76,414,1250.5776315789474,66.4
20264,1.0,91,2026-08-01T15:10,COMPLETA,1511.8258,1000.0,1000.0,18.0,147.0,1,0.16666666666666666,1,0,1,76,414,1250.5776315789474,66.4
20264,1.0,92,2026-08-01T15:20,SIN_DEMANDA,0,,,,,,,0,0,0,76,414,1250.5776315789474,66.4
20264,1.0,93,2026-08-01T15:30,COMPLETA,2127.8306,339.6,339.6,162.0,748.8,3,0.375,1,0,3,76,414,1250.5776315789474,66.4
20264,1.0,94,2026-08-01T15:40,COMPLETA,1747.0889,296.6,296.6,51.0,296.2,1,0.125,1,0,1,76,414,1250.5776315789474,66.4
20264,1.0,95,2026-08-01T15:50,SIN_DEMANDA,0,,,,,,,0,0,0,76,414,1250.5776315789474,66.4
20264,1.0,96,2026-08-01T16:00,COMPLETA,2904.7761,537.9333333333333,388.2,128.0,1011.2,5,0.53125,3,0,5,76,414,1250.5776315789474,66.4
20264,1.0,97,2026-08-01T16:10,COMPLETA,1740.1682,314.5,314.5,43.0,184.5,1,0.125,1,0,0,77,422,1261.174025974026,66.4
20264,1.0,98,2026-08-01T16:20,COMPLETA,1721.8286,314.5,314.5,43.0,184.5,1,0.125,1,0,0,77,422,1261.174025974026,66.4
20264,1.0,99,2026-08-01T16:30,COMPLETA,2961.4037,611.0,314.5,119.0,538.5,3,0.16666666666666666,2,0,0,84,459,1295.4702380952383,66.4
20264,1.0,100,2026-08-01T16:40,COMPLETA,2933.5499,611.0,314.5,119.0,538.5,3,0.16666666666666666,2,0,0,88,481,1295.0977272727275,66.4
20264,1.0,101,2026-08-01T16:50,COMPLETA,2913.7545,611.0,314.5,119.0,538.5,3,0.16666666666666666,2,0,0,90,497,1271.0422222222223,66.4
20264,1.0,102,2026-08-01T17:00,COMPLETA,3031.2914,540.3333333333334,314.5,97.0,561.5,4,0.3392857142857143,3,0,2,90,497,1271.0422222222223,66.4
20264,1.0,103,2026-08-01T17:10,COMPLETA,2582.8805,611.0,314.5,119.0,478.5,3,0.16666666666666666,2,0,1,90,497,1271.0422222222223,66.4
20264,1.0,104,2026-08-01T17:20,COMPLETA,2200.5473,907.5,907.5,38.0,177.0,1,0.375,1,0,0,90,497,1271.0422222222223,66.4
20264,1.0,105,2026-08-01T17:30,COMPLETA,2985.4934,942.75,907.5,62.0,213.0,2,0.375,2,0,0,91,504,1261.3406593406596,66.4
20264,1.0,106,2026-08-01T17:40,COMPLETA,3202.3034,1309.0,904.5,112.0,348.0,3,0.2638888888888889,3,0,0,92,512,1254.321739130435,66.4
20264,1.0,107,2026-08-01T17:50,COMPLETA,3391.7945,1069.5,363.0,173.0,499.5,4,0.21875,4,0,3,94,523,1237.7361702127662,66.4
20264,1.0,108,2026-08-01T18:00,COMPLETA,3058.1852,1515.5,966.0,64.0,216.0,2,0.3333333333333333,2,0,2,94,523,1237.7361702127662,66.4
20264,1.0,109,2026-08-01T18:10,COMPLETA,1766.2043,2040.0,2040.0,58.0,147.0,1,0.16666666666666666,1,0,1,94,523,1237.7361702127662,66.4
20264,1.0,110,2026-08-01T18:20,SIN_DEMANDA,0,,,,,,,0,0,0,95,530,1228.907368421053,66.4
20264,1.0,111,2026-08-01T18:30,SIN_DEMANDA,0,,,,,,,0,0,0,95,530,1228.907368421053,66.4
20264,1.0,112,2026-08-01T18:40,SIN_DEMANDA,0,,,,,,,0,0,0,95,530,1228.907368421053,66.4
20264,1.0,113,2026-08-01T18:50,COMPLETA,2250.8071,2065.5,2065.5,84.0,246.0,2,0.10416666666666667,1,0,2,96,531,1219.1958333333337,66.4
20264,1.0,114,2026-08-01T19:00,COMPLETA,1439.6119,2050.0,2050.0,56.0,144.0,1,0.08333333333333333,1,0,1,97,534,1209.8690721649489,66.4
20264,1.0,115,2026-08-01T19:10,COMPLETA,1430.4571,138.2,138.2,34.0,141.6,1,0.125,1,0,1,97,534,1209.8690721649489,66.4
20264,1.0,116,2026-08-01T19:20,COMPLETA,2765.0945,1209.3,357.6,105.0,330.6,2,0.4375,2,0,2,97,534,1209.8690721649489,66.4
20264,1.0,117,2026-08-01T19:30,COMPLETA,2084.3843,2036.0,2036.0,64.0,156.0,1,0.375,1,0,1,101,560,1221.1613861386143,66.4
20264,1.0,118,2026-08-01T19:40,COMPLETA,2139.2929,142.0,142.0,60.0,264.0,2,0.375,1,0,2,102,562,1212.7480392156865,66.4
20264,1.0,119,2026-08-01T19:50,COMPLETA,1897.5707,985.6,985.6,22.0,204.4,1,0.875,1,0,1,102,562,1212.7480392156865,66.4
20264,1.0,120,2026-08-01T20:00,SIN_DEMANDA,0,,,,,,,0,0,0,102,562,1212.7480392156865,66.4
20264,1.0,121,2026-08-01T20:10,COMPLETA,2005.3648,2047.5,2047.5,124.0,306.0,2,0.20833333333333334,1,0,2,103,566,1220.7796116504858,66.4
20264,1.0,122,2026-08-01T20:20,SIN_DEMANDA,0,,,,,,,0,0,0,103,566,1220.7796116504858,66.4
20264,1.0,123,2026-08-01T20:30,COMPLETA,2371.7213,1033.5,4.5,98.0,447.0,3,0.2222222222222222,2,0,1,104,571,1228.9019230769234,66.4
20264,1.0,124,2026-08-01T20:40,COMPLETA,2991.4215,1163.925,4.5,110.0,610.2,5,0.2840909090909091,4,0,3,104,571,1228.9019230769234,66.4
20264,1.0,125,2026-08-01T20:50,COMPLETA,2646.6153,879.4,4.5,141.0,609.3,4,0.225,4,0,2,105,573,1236.721904761905,66.4
20264,1.0,126,2026-08-01T21:00,COMPLETA,2053.182,249.5,4.5,56.0,324.0,2,0.1875,2,0,0,107,584,1234.158878504673,66.4
20264,1.0,127,2026-08-01T21:10,COMPLETA,2734.8406,854.1333333333333,4.5,112.0,578.4,4,0.28125,3,0,2,107,584,1234.158878504673,66.4
20264,1.0,128,2026-08-01T21:20,COMPLETA,3122.8049,959.8,4.5,254.0,981.0,6,0.18055555555555555,5,0,2,109,597,1221.8587155963305,66.4
20264,1.0,129,2026-08-01T21:30,COMPLETA,5179.0498,814.6375,4.5,332.0,1824.6,11,0.25,8,0,3,111,610,1221.4072072072076,66.4
20264,1.0,130,2026-08-01T21:40,COMPLETA,4108.1556,789.9285714285714,4.5,336.0,1491.0,8,0.16477272727272727,7,0,0,111,610,1221.4072072072076,66.4
20264,1.0,131,2026-08-01T21:50,COMPLETA,4739.0624,937.625,4.5,339.0,1495.5,8,0.19886363636363635,8,0,0,111,610,1221.4072072072076,66.4
20264,1.0,132,2026-08-01T22:00,COMPLETA,6065.2627,891.6222222222223,4.5,518.0,2199.6,11,0.18981481481481483,9,0,0,114,636,1243.687719298246,66.4
20264,1.0,133,2026-08-01T22:10,COMPLETA,8465.6593,863.9181818181819,4.5,539.0,2351.1,12,0.2,11,0,0,115,644,1250.807826086957,66.4
20264,1.0,134,2026-08-01T22:20,COMPLETA,10899.6374,841.9916666666667,4.5,637.0,2741.7,14,0.18382352941176472,12,0,0,115,644,1250.807826086957,66.4
20264,1.0,135,2026-08-01T22:30,COMPLETA,10680.5181,841.9916666666667,4.5,637.0,2741.7,14,0.18382352941176472,12,0,0,116,648,1248.4560344827592,66.4
20264,1.0,136,2026-08-01T22:40,COMPLETA,26902.1203,838.48,4.5,655.0,2903.1,15,0.25,15,0,0,116,648,1248.4560344827592,66.4
20264,1.0,137,2026-08-01T22:50,COMPLETA,48621.4826,892.0647058823531,4.5,926.0,4531.7,21,0.26644736842105265,17,0,0,119,672,1259.8394957983198,66.4
20264,1.0,138,2026-08-01T23:00,COMPLETA,72158.828,883.4649999999999,4.5,1041.0,4994.5,24,0.3017241379310345,20,0,19,120,681,1266.5700000000004,66.4
20264,1.0,139,2026-08-01T23:10,COMPLETA,4353.5857,913.1166666666667,92.0,302.0,1353.0,6,0.375,6,0,4,120,681,1266.5700000000004,66.4
20264,1.0,140,2026-08-01T23:20,COMPLETA,2187.3795,301.25,92.0,102.0,393.0,2,0.1875,2,0,2,120,681,1266.5700000000004,66.4
20264,1.0,141,2026-08-01T23:30,SIN_DEMANDA,0,,,,,,,0,0,0,120,681,1266.5700000000004,66.4
20264,1.0,142,2026-08-01T23:40,SIN_DEMANDA,0,,,,,,,0,0,0,120,681,1266.5700000000004,66.4
20264,1.0,143,2026-08-01T23:50,COMPLETA,2158.2687,967.2,967.2,44.0,225.6,1,0.75,1,0,1,120,681,1266.5700000000004,66.4
20264,1.0,144,2026-08-02T00:00,SIN_DEMANDA,0,,,,,,,0,0,0,120,681,1266.5700000000004,66.4
20264,1.0,145,2026-08-02T00:10,COMPLETA,3148.0872,1358.6666666666667,59.0,136.0,1014.0,5,0.4666666666666667,3,0,3,120,681,1266.5700000000004,66.4
20264,1.0,146,2026-08-02T00:20,COMPLETA,2937.4868,1334.7333333333333,59.0,90.0,507.6,3,0.44642857142857145,3,0,0,123,693,1256.7390243902444,4.5
20264,1.0,147,2026-08-02T00:30,COMPLETA,2824.3188,1334.7333333333333,59.0,90.0,507.6,3,0.44642857142857145,3,0,0,123,693,1256.7390243902444,4.5
20264,1.0,148,2026-08-02T00:40,COMPLETA,3694.5904,1495.75,59.0,148.0,894.0,5,0.38636363636363635,4,0,0,126,704,1250.0134920634923,4.5
20264,1.0,149,2026-08-02T00:50,COMPLETA,3796.4114,1495.75,59.0,148.0,894.0,5,0.38636363636363635,4,0,0,133,739,1231.1428571428573,4.5
20264,1.0,150,2026-08-02T01:00,COMPLETA,3744.8918,1495.75,59.0,148.0,894.0,5,0.38636363636363635,4,0,0,135,749,1218.7133333333334,4.5
20264,1.0,151,2026-08-02T01:10,COMPLETA,3705.0373,1495.75,59.0,148.0,894.0,5,0.38636363636363635,4,0,0,136,762,1213.641911764706,4.5
20264,1.0,152,2026-08-02T01:20,COMPLETA,3446.1238,1495.75,59.0,148.0,774.0,5,0.38636363636363635,4,0,0,139,778,1219.9920863309353,4.5
20264,1.0,153,2026-08-02T01:30,COMPLETA,4205.0223,1271.46,59.0,120.0,683.4,5,0.4659090909090909,5,0,2,140,786,1211.8207142857143,4.5
20264,1.0,154,2026-08-02T01:40,COMPLETA,3157.1037,1442.1000000000001,360.6,44.0,329.4,3,0.575,3,0,0,141,789,1207.2304964539007,4.5
20264,1.0,155,2026-08-02T01:50,COMPLETA,3522.7512,957.4200000000001,140.8,146.0,565.8,5,0.4861111111111111,5,0,1,143,803,1211.1265734265735,4.5
20264,1.0,156,2026-08-02T02:00,COMPLETA,4162.5542,1122.3600000000001,320.0,168.0,651.6,6,0.3854166666666667,5,0,1,144,813,1216.9173611111112,4.5
20264,1.0,157,2026-08-02T02:10,COMPLETA,4136.9805,1109.18,317.0,180.0,647.4,5,0.5555555555555556,5,0,2,144,813,1216.9173611111112,4.5
20264,1.0,158,2026-08-02T02:20,COMPLETA,2865.8591,1415.1000000000001,317.0,108.0,354.6,3,0.44642857142857145,3,0,2,144,813,1216.9173611111112,4.5
20264,1.0,159,2026-08-02T02:30,COMPLETA,3253.6774,1130.3,317.0,144.0,463.2,4,0.2875,3,0,4,144,813,1216.9173611111112,4.5
20264,1.0,160,2026-08-02T02:40,SIN_DEMANDA,0,,,,,,,0,0,0,144,813,1216.9173611111112,4.5
20264,1.0,161,2026-08-02T02:50,COMPLETA,2271.1889,1333.7,601.4,88.0,295.2,2,0.25,2,0,2,144,813,1216.9173611111112,4.5
20264,1.0,162,2026-08-02T03:00,SIN_DEMANDA,0,,,,,,,0,0,0,144,813,1216.9173611111112,4.5
20264,1.0,163,2026-08-02T03:10,SIN_DEMANDA,0,,,,,,,0,0,0,146,831,1214.1582191780822,4.5
20264,1.0,164,2026-08-02T03:20,COMPLETA,1283.5923,1004.0,1004.0,12.0,78.0,1,0.041666666666666664,1,0,1,146,831,1214.1582191780822,4.5
20264,1.0,165,2026-08-02T03:30,COMPLETA,2053.7991,1087.75,136.0,110.0,285.0,2,0.20833333333333334,2,0,2,149,846,1199.731543624161,4.5
20264,1.0,166,2026-08-02T03:40,SIN_DEMANDA,0,,,,,,,0,0,0,150,851,1205.6093333333333,4.5
20264,1.0,167,2026-08-02T03:50,SIN_DEMANDA,0,,,,,,,0,0,0,152,867,1215.5901315789472,4.5
20264,1.0,168,2026-08-02T04:00,COMPLETA,3037.363,1164.0,612.0,156.0,485.5,4,0.2604166666666667,4,0,3,153,876,1214.1320261437907,4.5
20264,1.0,169,2026-08-02T04:10,COMPLETA,2192.4877,1577.8,630.4,124.0,382.2,3,0.17857142857142858,3,0,3,153,876,1214.1320261437907,4.5
20264,1.0,170,2026-08-02T04:20,COMPLETA,2132.5401,600.5,600.5,54.0,141.0,1,0.3333333333333333,1,0,0,153,876,1214.1320261437907,4.5
20264,1.0,171,2026-08-02T04:30,COMPLETA,2295.2171,1315.25,600.5,110.0,285.0,2,0.25,2,0,1,157,898,1210.7464968152865,4.5
20264,1.0,172,2026-08-02T04:40,COMPLETA,2168.8904,1191.4,352.8,168.0,532.8,3,0.35,2,0,2,157,898,1210.7464968152865,4.5
20264,1.0,173,2026-08-02T04:50,COMPLETA,1528.7924,2030.0,2030.0,56.0,144.0,1,0.16666666666666666,1,0,1,158,902,1206.8898734177214,4.5
20264,1.0,174,2026-08-02T05:00,COMPLETA,1933.6729,951.0,951.0,100.0,360.0,2,0.5,1,0,2,158,902,1206.8898734177214,4.5
20264,1.0,175,2026-08-02T05:10,SIN_DEMANDA,0,,,,,,,0,0,0,159,909,1200.154716981132,4.5
20264,1.0,176,2026-08-02T05:20,COMPLETA,1953.3984,1003.8,1003.8,12.0,148.8,2,0.5,1,0,2,160,919,1198.8849999999998,4.5
20264,1.0,177,2026-08-02T05:30,COMPLETA,1464.5625,888.5,888.5,46.0,189.0,1,0.125,1,0,0,162,931,1202.8185185185184,4.5
20264,1.0,178,2026-08-02T05:40,COMPLETA,2240.5028,480.75,73.0,70.0,386.0,2,0.10416666666666667,2,0,0,163,933,1199.3067484662574,4.5
20264,1.0,179,2026-08-02T05:50,COMPLETA,2793.9423,874.125,73.0,169.0,774.5,4,0.16666666666666666,4,0,0,165,939,1200.912121212121,4.5
20264,1.0,180,2026-08-02T06:00,COMPLETA,2801.3257,874.125,73.0,169.0,774.5,4,0.16666666666666666,4,0,0,166,943,1206.036144578313,4.5
20264,1.0,181,2026-08-02T06:10,COMPLETA,2967.7044,765.7,73.0,298.0,1331.0,7,0.15476190476190477,5,0,0,166,943,1206.036144578313,4.5
20264,1.0,182,2026-08-02T06:20,COMPLETA,2779.9227,765.7,73.0,298.0,1331.0,7,0.15476190476190477,5,0,0,167,951,1202.4101796407183,4.5
20264,1.0,183,2026-08-02T06:30,COMPLETA,2783.9423,765.7,73.0,298.0,1331.0,7,0.15476190476190477,5,0,0,168,959,1201.227976190476,4.5
20264,1.0,184,2026-08-02T06:40,COMPLETA,3696.4531,924.5142857142857,73.0,347.0,1901.9,10,0.25,7,0,0,169,963,1206.1319526627217,4.5
20264,1.0,185,2026-08-02T06:50,COMPLETA,3955.8784,930.375,73.0,464.0,2223.2,12,0.171875,8,0,0,170,973,1201.1123529411761,4.5
20264,1.0,186,2026-08-02T07:00,COMPLETA,4454.9305,1053.888888888889,73.0,465.0,2245.3,12,0.21666666666666667,9,0,11,171,981,1199.6497076023388,4.5
20264,1.0,187,2026-08-02T07:10,COMPLETA,2221.7569,1433.25,955.0,105.0,556.0,2,0.1875,2,0,2,171,981,1199.6497076023388,4.5
20264,1.0,188,2026-08-02T07:20,COMPLETA,2251.4929,1322.0,612.0,118.0,643.2,3,0.375,2,0,3,171,981,1199.6497076023388,4.5
20264,1.0,189,2026-08-02T07:30,COMPLETA,1939.6241,628.0,628.0,20.0,340.0,2,1.0,1,0,2,171,981,1199.6497076023388,4.5
20264,1.0,190,2026-08-02T07:40,COMPLETA,2040.726,2015.0,2015.0,122.0,532.8,2,0.625,1,0,2,171,981,1199.6497076023388,4.5
20264,1.0,191,2026-08-02T07:50,COMPLETA,2233.237,505.8,27.6,140.0,738.0,3,0.375,2,0,3,171,981,1199.6497076023388,4.5
20264,1.0,192,2026-08-02T08:00,SIN_DEMANDA,0,,,,,,,0,0,0,171,981,1199.6497076023388,4.5
20264,1.0,193,2026-08-02T08:10,COMPLETA,1842.5616,559.6,559.6,53.0,247.2,1,1.0,1,0,1,171,981,1199.6497076023388,4.5
20264,1.0,194,2026-08-02T08:20,COMPLETA,2685.5506,1171.3,391.6,88.0,531.6,3,0.375,2,0,2,173,988,1189.795375722543,4.5
20264,1.0,195,2026-08-02T08:30,COMPLETA,2158.3218,1951.0,1951.0,44.0,186.0,1,0.375,1,0,0,173,988,1189.795375722543,4.5
20264,1.0,196,2026-08-02T08:40,COMPLETA,3564.9858,1736.975,938.0,151.0,1057.7,5,0.28125,4,0,3,177,1014,1192.5711864406776,4.5
20264,1.0,197,2026-08-02T08:50,COMPLETA,2845.381,1961.0,1929.0,140.0,570.0,3,0.16666666666666666,3,0,0,179,1025,1187.6150837988823,4.5
20264,1.0,198,2026-08-02T09:00,COMPLETA,2995.78,1962.875,1929.0,220.0,810.0,4,0.21875,4,0,0,181,1041,1189.2436464088396,4.5
20264,1.0,199,2026-08-02T09:10,COMPLETA,3187.1577,1964.6,1929.0,295.0,1042.5,5,0.2,5,0,0,182,1047,1186.0719780219777,4.5
20264,1.0,200,2026-08-02T09:20,COMPLETA,3241.1463,1964.6,1929.0,295.0,982.5,5,0.2,5,0,0,183,1050,1190.6945355191253,4.5
20264,1.0,201,2026-08-02T09:30,COMPLETA,3456.0866,1964.6,1929.0,295.0,982.5,5,0.2,5,0,1,184,1054,1189.5711956521736,4.5
20264,1.0,202,2026-08-02T09:40,COMPLETA,4132.5623,1971.14,1929.0,315.0,933.3,6,0.26785714285714285,5,0,0,184,1054,1189.5711956521736,4.5
20264,1.0,203,2026-08-02T09:50,COMPLETA,5056.8715,1729.2857142857142,290.0,572.0,1565.4,9,0.24404761904761904,7,0,3,186,1061,1190.1134408602147,4.5
20264,1.0,204,2026-08-02T10:00,COMPLETA,4248.1399,1682.6666666666667,297.0,386.0,939.0,6,0.2152777777777778,6,0,4,186,1061,1190.1134408602147,4.5
20264,1.0,205,2026-08-02T10:10,COMPLETA,2536.6676,1410.7,290.0,194.0,559.8,3,0.23214285714285715,3,0,1,187,1071,1194.524598930481,4.5
20264,1.0,206,2026-08-02T10:20,COMPLETA,3484.2876,1023.8800000000001,260.0,252.0,826.2,5,0.20454545454545456,5,0,1,187,1071,1194.524598930481,4.5
20264,1.0,207,2026-08-02T10:30,COMPLETA,3314.5393,1085.6599999999999,253.5,270.0,882.0,5,0.25,5,0,0,187,1071,1194.524598930481,4.5
20264,1.0,208,2026-08-02T10:40,COMPLETA,3649.1096,994.6666666666666,272.8,400.0,1344.6,7,0.29545454545454547,6,0,2,187,1071,1194.524598930481,4.5
20264,1.0,209,2026-08-02T10:50,COMPLETA,3118.3465,1084.76,260.0,270.0,831.0,5,0.25,5,0,2,188,1079,1191.1473404255316,4.5
20264,1.0,210,2026-08-02T11:00,COMPLETA,3796.3314,1055.6399999999999,124.8,269.0,980.1,7,0.38636363636363635,5,0,1,189,1086,1189.8079365079363,4.5
20264,1.0,211,2026-08-02T11:10,COMPLETA,4607.5375,1507.4666666666665,124.8,223.0,851.7,7,0.3173076923076923,6,0,2,190,1091,1193.6063157894735,4.5
20264,1.0,212,2026-08-02T11:20,COMPLETA,4210.9269,1497.0833333333333,90.5,205.0,707.1,6,0.2857142857142857,6,0,2,191,1096,1187.501570680628,4.5
20264,1.0,213,2026-08-02T11:30,COMPLETA,3476.7272,1178.28,78.5,167.0,561.3,5,0.2980769230769231,5,0,0,191,1096,1187.501570680628,4.5
20264,1.0,214,2026-08-02T11:40,COMPLETA,5394.5244,1057.7714285714285,62.5,243.0,855.3,7,0.32894736842105265,7,0,0,191,1096,1187.501570680628,4.5
20264,1.0,215,2026-08-02T11:50,COMPLETA,7597.1959,957.188888888889,62.5,402.0,1358.4,10,0.328125,9,0,1,192,1097,1184.5927083333331,4.5
20264,1.0,216,2026-08-02T12:00,COMPLETA,7667.788,796.1777777777778,62.5,433.0,1399.5,10,0.3076923076923077,9,0,4,194,1107,1192.8907216494842,4.5
20264,1.0,217,2026-08-02T12:10,COMPLETA,4168.643,780.0833333333334,62.5,227.0,700.5,6,0.3263888888888889,6,0,0,197,1121,1204.5167512690352,4.5
20264,1.0,218,2026-08-02T12:20,COMPLETA,4228.8456,780.0833333333334,62.5,227.0,700.5,6,0.3263888888888889,6,0,1,198,1131,1208.5797979797978,4.5
20264,1.0,219,2026-08-02T12:30,COMPLETA,3550.9528,749.8,62.5,187.0,580.5,5,0.36666666666666664,5,0,3,198,1131,1208.5797979797978,4.5
20264,1.0,220,2026-08-02T12:40,COMPLETA,2787.0747,1040.2,365.0,112.0,429.6,4,0.34375,3,0,0,199,1140,1212.2376884422108,4.5
20264,1.0,221,2026-08-02T12:50,COMPLETA,4445.4254,951.2714285714285,111.5,268.0,1188.6,9,0.26973684210526316,7,0,3,200,1141,1210.8434999999997,4.5
20264,1.0,222,2026-08-02T13:00,COMPLETA,6066.6442,1331.3125,342.0,319.0,1671.3,11,0.3269230769230769,8,0,4,202,1153,1209.3123762376235,4.5
20264,1.0,223,2026-08-02T13:10,COMPLETA,4386.6338,1555.3166666666666,769.0,229.0,1099.5,7,0.27941176470588236,6,0,0,203,1155,1213.3916256157634,4.5
20264,1.0,224,2026-08-02T13:20,COMPLETA,7316.8533,1462.5125,297.0,273.0,1434.3,10,0.3375,8,0,3,205,1164,1214.1682926829264,4.5
20264,1.0,225,2026-08-02T13:30,COMPLETA,8064.818,1280.288888888889,297.0,391.0,1935.9,11,0.33695652173913043,9,0,2,207,1169,1205.09806763285,4.5
20264,1.0,226,2026-08-02T13:40,COMPLETA,9642.7074,1160.7199999999998,73.5,343.0,1878.9,11,0.34782608695652173,10,0,1,207,1169,1205.09806763285,4.5
20264,1.0,227,2026-08-02T13:50,COMPLETA,9686.1682,1128.2199999999998,73.5,399.0,2320.5,13,0.3148148148148148,10,0,0,208,1172,1202.2394230769228,4.5
20264,1.0,228,2026-08-02T14:00,COMPLETA,10396.1604,1210.8909090909092,73.5,414.0,2245.8,13,0.28225806451612906,11,0,0,210,1180,1199.7347619047616,4.5
20264,1.0,229,2026-08-02T14:10,COMPLETA,22313.6248,1060.0214285714287,73.5,552.0,3051.6,17,0.2857142857142857,14,0,0,212,1197,1194.3603773584903,4.5
20264,1.0,230,2026-08-02T14:20,COMPLETA,32732.351,1119.0,73.5,589.0,3165.6,17,0.30357142857142855,15,0,0,216,1220,1187.6384259259257,4.5
20264,1.0,231,2026-08-02T14:30,COMPLETA,30500.7359,1119.0,73.5,589.0,3165.6,17,0.30357142857142855,15,0,0,217,1229,1186.690783410138,4.5
20264,1.0,232,2026-08-02T14:40,COMPLETA,30292.842,1119.0,73.5,589.0,3165.6,17,0.30357142857142855,15,0,0,218,1236,1190.7729357798162,4.5
20264,1.0,233,2026-08-02T14:50,COMPLETA,43574.8975,1182.1374999999998,73.5,518.0,3024.0,17,0.30714285714285716,16,0,0,219,1240,1186.8972602739723,4.5
20264,1.0,234,2026-08-02T15:00,COMPLETA,60262.3307,1162.7,73.5,863.0,4431.6,23,0.313953488372093,19,0,17,223,1268,1176.0421524663675,4.5
20264,1.0,235,2026-08-02T15:10,COMPLETA,7123.4098,1101.7666666666667,271.0,426.0,2536.2,11,0.4166666666666667,9,0,6,223,1268,1176.0421524663675,4.5
20264,1.0,236,2026-08-02T15:20,COMPLETA,3554.9719,686.5500000000001,271.0,190.0,1031.4,5,0.2916666666666667,6,0,3,223,1268,1176.0421524663675,4.5
20264,1.0,237,2026-08-02T15:30,COMPLETA,2909.4202,528.0333333333334,313.5,98.0,472.2,2,0.34375,3,0,1,223,1268,1176.0421524663675,4.5
20264,1.0,238,2026-08-02T15:40,COMPLETA,2337.642,299.0,238.5,80.0,300.0,1,0.3333333333333333,2,0,1,223,1268,1176.0421524663675,4.5
20264,1.0,239,2026-08-02T15:50,SIN_DEMANDA,0,,,,,,,0,0,0,223,1268,1176.0421524663675,4.5
20264,1.0,240,2026-08-02T16:00,SIN_DEMANDA,0,,,,,,,0,0,0,223,1268,1176.0421524663675,4.5
20264,1.0,241,2026-08-02T16:10,COMPLETA,1763.5396,1992.2,1992.2,20.0,168.0,1,0.625,1,0,0,224,1269,1180.0785714285714,4.5
20264,1.0,242,2026-08-02T16:20,COMPLETA,1955.8099,1992.2,1992.2,20.0,168.0,1,0.625,1,0,0,224,1273,1180.0785714285714,4.5
20264,1.0,243,2026-08-02T16:30,COMPLETA,2678.5971,1976.7,1969.5,129.0,596.7,3,0.26785714285714285,3,0,0,229,1309,1177.7034934497815,4.5
20264,1.0,244,2026-08-02T16:40,COMPLETA,2654.6311,1976.7,1969.5,129.0,596.7,3,0.26785714285714285,3,0,0,232,1317,1180.6297413793102,4.5
20264,1.0,245,2026-08-02T16:50,COMPLETA,2887.6035,1716.725,924.2,151.0,785.1,4,0.28125,4,0,0,236,1352,1181.7919491525424,4.5
20264,1.0,246,2026-08-02T17:00,COMPLETA,2846.488,1716.725,924.2,151.0,785.1,4,0.28125,4,0,1,237,1356,1180.8518987341772,4.5
20264,1.0,247,2026-08-02T17:10,COMPLETA,3364.4662,1607.84,61.5,221.0,1117.5,6,0.2727272727272727,5,0,2,239,1359,1186.5351464435148,4.5
20264,1.0,248,2026-08-02T17:20,COMPLETA,2774.6916,1501.05,61.5,173.0,697.5,4,0.2375,4,0,1,241,1371,1179.0062240663901,4.5
20264,1.0,249,2026-08-02T17:30,COMPLETA,2107.3484,1337.3333333333333,61.5,153.0,469.5,3,0.19444444444444445,3,0,0,241,1371,1179.0062240663901,4.5
20264,1.0,250,2026-08-02T17:40,COMPLETA,2543.8766,1149.625,61.5,198.0,537.0,4,0.19791666666666666,4,0,1,243,1388,1178.8378600823044,4.5
20264,1.0,251,2026-08-02T17:50,COMPLETA,2328.452,876.3333333333334,61.5,137.0,385.5,3,0.2361111111111111,3,0,2,243,1394,1178.8378600823044,4.5
20264,1.0,252,2026-08-02T18:00,COMPLETA,1719.4403,347.5,61.5,74.0,231.0,2,0.10416666666666667,2,0,1,244,1399,1182.1622950819672,4.5
20264,1.0,253,2026-08-02T18:10,COMPLETA,1810.2538,348.25,61.5,76.0,234.0,2,0.16666666666666666,2,0,2,245,1401,1179.5338775510204,4.5
20264,1.0,254,2026-08-02T18:20,SIN_DEMANDA,0,,,,,,,0,0,0,245,1401,1179.5338775510204,4.5
20264,1.0,255,2026-08-02T18:30,SIN_DEMANDA,0,,,,,,,0,0,0,245,1401,1179.5338775510204,4.5
20264,1.0,256,2026-08-02T18:40,SIN_DEMANDA,0,,,,,,,0,0,0,245,1401,1179.5338775510204,4.5
20264,1.0,257,2026-08-02T18:50,COMPLETA,2271.245,943.1666666666666,129.5,130.0,375.0,3,0.3472222222222222,3,0,3,245,1401,1179.5338775510204,4.5
20264,1.0,258,2026-08-02T19:00,SIN_DEMANDA,0,,,,,,,0,0,0,247,1410,1179.0141700404859,4.5
20264,1.0,259,2026-08-02T19:10,COMPLETA,1518.0974,390.6,390.6,66.0,338.4,3,0.375,1,0,3,248,1415,1182.4657258064517,4.5
20264,1.0,260,2026-08-02T19:20,COMPLETA,1594.823,1090.1,150.2,120.0,424.79999999999995,3,0.25,2,0,2,249,1418,1181.428514056225,4.5
20264,1.0,261,2026-08-02T19:30,COMPLETA,1035.4481,2030.0,2030.0,48.0,132.0,1,0.16666666666666666,1,0,0,251,1427,1182.431075697211,4.5
20264,1.0,262,2026-08-02T19:40,COMPLETA,1728.1252,2058.9,2030.0,60.0,280.8,3,0.3,2,0,3,253,1433,1183.3782608695653,4.5
20264,1.0,263,2026-08-02T19:50,COMPLETA,1742.4066,1086.05,139.6,83.0,273.3,2,0.125,2,0,1,254,1438,1181.028346456693,4.5
20264,1.0,264,2026-08-02T20:00,COMPLETA,1821.7393,1576.4333333333334,623.8,97.0,341.7,3,0.125,3,0,3,254,1438,1181.028346456693,4.5
20264,1.0,265,2026-08-02T20:10,SIN_DEMANDA,0,,,,,,,0,0,0,255,1442,1176.6380392156864,4.5
20264,1.0,266,2026-08-02T20:20,COMPLETA,1503.3876,1587.6666666666667,635.5,72.0,288.0,3,0.19444444444444445,3,0,2,257,1459,1177.987159533074,4.5
20264,1.0,267,2026-08-02T20:30,COMPLETA,930.4657,2059.5,2059.5,18.0,87.0,1,0.08333333333333333,1,0,1,257,1459,1177.987159533074,4.5
20264,1.0,268,2026-08-02T20:40,SIN_DEMANDA,0,,,,,,,0,0,0,259,1476,1170.8988416988416,4.5
20264,1.0,269,2026-08-02T20:50,SIN_DEMANDA,0,,,,,,,0,0,0,261,1485,1170.5011494252874,4.5
20264,1.0,270,2026-08-02T21:00,COMPLETA,1763.8074,789.75,618.0,109.0,283.5,2,0.2916666666666667,2,0,2,261,1485,1170.5011494252874,4.5
20264,1.0,271,2026-08-02T21:10,COMPLETA,1743.7323,1460.55,863.5,144.0,597.0,4,0.3541666666666667,2,0,3,261,1485,1170.5011494252874,4.5
20264,1.0,272,2026-08-02T21:20,COMPLETA,2093.6699,1677.175,863.5,206.0,828.6,4,0.3625,4,0,0,261,1490,1170.5011494252874,4.5
20264,1.0,273,2026-08-02T21:30,COMPLETA,2373.8589,1515.24,863.5,256.0,1023.6,5,0.33653846153846156,5,0,0,264,1499,1173.2704545454544,4.5
20264,1.0,274,2026-08-02T21:40,COMPLETA,2316.308,1515.24,863.5,256.0,1023.6,5,0.33653846153846156,5,0,0,266,1510,1169.1830827067668,4.5
20264,1.0,275,2026-08-02T21:50,COMPLETA,2582.5139,1595.2833333333335,863.5,298.0,1206.6,6,0.3046875,6,0,0,268,1515,1175.7582089552236,4.5
20264,1.0,276,2026-08-02T22:00,COMPLETA,2837.7243,1376.6857142857145,69.6,340.0,1436.4,7,0.33088235294117646,7,0,0,269,1517,1179.0434944237916,4.5
20264,1.0,277,2026-08-02T22:10,COMPLETA,2928.3587,1329.1888888888889,70.5,514.0,2542.6,12,0.30952380952380953,9,0,0,269,1517,1179.0434944237916,4.5
20264,1.0,278,2026-08-02T22:20,COMPLETA,3661.8787,1393.73,88.5,678.0,2927.4,14,0.23828125,10,0,0,269,1517,1179.0434944237916,4.5
20264,1.0,279,2026-08-02T22:30,COMPLETA,4870.8566,1380.5666666666668,69.6,664.0,3120.4,15,0.2791666666666667,12,0,0,269,1517,1179.0434944237916,4.5
20264,1.0,280,2026-08-02T22:40,COMPLETA,4483.8776,1282.2846153846153,70.5,764.0,3526.6,17,0.25,13,0,0,270,1523,1176.9655555555553,4.5
20264,1.0,281,2026-08-02T22:50,COMPLETA,6281.7097,1336.2357142857145,69.6,746.0,3492.4,17,0.2604166666666667,14,0,0,272,1540,1179.4110294117645,4.5
20264,1.0,282,2026-08-02T23:00,COMPLETA,8074.9924,1288.9733333333336,69.6,714.0,3398.5,17,0.2916666666666667,15,0,15,272,1540,1179.4110294117645,4.5
20264,1.0,283,2026-08-02T23:10,COMPLETA,2093.8943,1719.725,960.5,223.0,907.2,4,0.390625,4,0,1,272,1540,1179.4110294117645,4.5
20264,1.0,284,2026-08-02T23:20,COMPLETA,1730.0726,1973.1000000000001,1904.4,219.0,951.5999999999999,4,0.3125,3,0,4,272,1540,1179.4110294117645,4.5
20264,1.0,285,2026-08-02T23:30,COMPLETA,356.9568,78.0,78.0,71.0,290.4,1,0.5,1,0,1,272,1540,1179.4110294117645,4.5
20264,1.0,286,2026-08-02T23:40,SIN_DEMANDA,0,,,,,,,0,0,0,272,1540,1179.4110294117645,4.5
20264,1.0,287,2026-08-02T23:50,COMPLETA,1603.4138,1035.9,22.0,98.0,571.8,3,0.25,2,0,2,272,1540,1179.4110294117645,4.5
20264,1.0,288,2026-08-03T00:00,COMPLETA,823.8785,22.0,22.0,26.0,159.0,1,0.16666666666666666,1,0,0,272,1540,1179.4110294117645,4.5
20264,1.0,289,2026-08-03T00:10,COMPLETA,488.8146,22.0,22.0,26.0,159.0,1,0.16666666666666666,1,0,0,272,1540,1179.4110294117645,4.5
20264,1.0,290,2026-08-03T00:20,COMPLETA,1378.3626,466.9,22.0,138.0,667.8,3,0.325,2,0,2,272,1540,1179.4110294117645,4.5
20264,1.0,291,2026-08-03T00:30,COMPLETA,1614.8891,93.60000000000001,22.0,89.0,550.2,3,0.25,3,0,2,273,1544,1177.3032967032964,4.5
20264,1.0,292,2026-08-03T00:40,COMPLETA,496.825,22.0,22.0,26.0,159.0,1,0.16666666666666666,1,0,0,280,1585,1176.1574999999998,4.5
20264,1.0,293,2026-08-03T00:50,COMPLETA,401.6162,22.0,22.0,26.0,159.0,1,0.16666666666666666,1,0,0,281,1588,1179.2370106761564,4.5
20264,1.0,294,2026-08-03T01:00,COMPLETA,548.4627,22.0,22.0,26.0,159.0,1,0.16666666666666666,1,0,0,284,1608,1180.8739436619715,4.5
20264,1.0,295,2026-08-03T01:10,COMPLETA,1503.1724,192.0,22.0,54.0,321.0,2,0.25,2,0,0,286,1626,1178.908741258741,4.5
20264,1.0,296,2026-08-03T01:20,COMPLETA,1804.9827,244.16666666666666,22.0,80.0,480.0,3,0.2638888888888889,3,0,0,288,1635,1184.6624999999997,4.5
20264,1.0,297,2026-08-03T01:30,COMPLETA,1759.1906,400.1,22.0,159.0,844.5,5,0.28,5,0,1,288,1635,1184.6624999999997,4.5
20264,1.0,298,2026-08-03T01:40,COMPLETA,1846.9141,625.1,22.0,141.0,527.7,5,0.27884615384615385,5,0,1,290,1647,1190.1275862068962,4.5
20264,1.0,299,2026-08-03T01:50,COMPLETA,1811.1443,621.78,15.4,154.0,554.4,5,0.25,5,0,0,290,1647,1190.1275862068962,4.5
20264,1.0,300,2026-08-03T02:00,COMPLETA,1964.0333,683.2333333333332,15.4,182.0,729.0,7,0.2647058823529412,6,0,5,291,1652,1186.5484536082472,4.5
20264,1.0,301,2026-08-03T02:10,COMPLETA,1837.3556,647.6666666666666,326.0,95.0,322.5,3,0.2361111111111111,3,0,2,292,1656,1182.7520547945203,4.5
20264,1.0,302,2026-08-03T02:20,COMPLETA,1464.5041,1190.0,311.0,79.0,238.5,2,0.3333333333333333,2,0,2,292,1656,1182.7520547945203,4.5
20264,1.0,303,2026-08-03T02:30,SIN_DEMANDA,0,,,,,,,0,0,0,292,1656,1182.7520547945203,4.5
20264,1.0,304,2026-08-03T02:40,COMPLETA,799.4347,130.0,130.0,43.0,124.5,1,0.08333333333333333,1,0,0,293,1657,1179.0914675767915,4.5
20264,1.0,305,2026-08-03T02:50,COMPLETA,888.1642,130.0,130.0,43.0,124.5,1,0.08333333333333333,1,0,1,293,1657,1179.0914675767915,4.5
20264,1.0,306,2026-08-03T03:00,COMPLETA,1791.1146,495.3,385.0,112.0,412.8,3,0.475,2,0,3,293,1657,1179.0914675767915,4.5
20264,1.0,307,2026-08-03T03:10,COMPLETA,1668.2398,2063.0,2063.0,30.0,132.0,1,0.625,1,0,1,295,1673,1175.4410169491523,4.5
20264,1.0,308,2026-08-03T03:20,SIN_DEMANDA,0,,,,,,,0,0,0,295,1677,1175.4410169491523,4.5
20264,1.0,309,2026-08-03T03:30,COMPLETA,1678.588,541.65,143.5,102.0,421.8,4,0.175,4,0,4,298,1695,1174.9617449664427,4.5
20264,1.0,310,2026-08-03T03:40,SIN_DEMANDA,0,,,,,,,0,0,0,300,1703,1168.428333333333,4.5
20264,1.0,311,2026-08-03T03:50,SIN_DEMANDA,0,,,,,,,0,0,0,302,1718,1169.615894039735,4.5
20264,1.0,312,2026-08-03T04:00,COMPLETA,998.1686,411.0,411.0,10.0,75.0,1,0.16666666666666666,1,0,1,303,1721,1168.8151815181516,4.5
20264,1.0,313,2026-08-03T04:10,COMPLETA,1540.3277,373.5,373.5,50.0,135.0,1,0.3333333333333333,1,0,1,303,1721,1168.8151815181516,4.5
20264,1.0,314,2026-08-03T04:20,COMPLETA,1486.9849,2062.0,2062.0,39.0,118.5,1,0.2916666666666667,1,0,1,304,1727,1165.9934210526314,4.5
20264,1.0,315,2026-08-03T04:30,COMPLETA,1521.146,390.6,390.6,44.0,225.6,2,0.4375,1,0,2,306,1738,1160.0555555555554,4.5
20264,1.0,316,2026-08-03T04:40,SIN_DEMANDA,0,,,,,,,0,0,0,306,1738,1160.0555555555554,4.5
20264,1.0,317,2026-08-03T04:50,SIN_DEMANDA,0,,,,,,,0,0,0,310,1758,1157.0616129032255,4.5
20264,1.0,318,2026-08-03T05:00,COMPLETA,1540.1627,2054.5,2054.5,100.0,270.0,2,0.125,1,0,2,310,1758,1157.0616129032255,4.5
20264,1.0,319,2026-08-03T05:10,SIN_DEMANDA,0,,,,,,,0,0,0,313,1771,1150.872843450479,4.5
20264,1.0,320,2026-08-03T05:20,COMPLETA,1096.4021,2072.5,2072.5,34.0,111.0,1,0.08333333333333333,1,0,1,313,1771,1150.872843450479,4.5
20264,1.0,321,2026-08-03T05:30,COMPLETA,1543.4234,1535.25,993.0,62.0,213.0,2,0.2708333333333333,2,0,2,313,1771,1150.872843450479,4.5
20264,1.0,322,2026-08-03T05:40,SIN_DEMANDA,0,,,,,,,0,0,0,313,1771,1150.872843450479,4.5
20264,1.0,323,2026-08-03T05:50,SIN_DEMANDA,0,,,,,,,0,0,0,315,1786,1151.29746031746,4.5
20264,1.0,324,2026-08-03T06:00,SIN_DEMANDA,0,,,,,,,0,0,0,316,1793,1148.8901898734173,4.5
20264,1.0,325,2026-08-03T06:10,SIN_DEMANDA,0,,,,,,,0,0,0,316,1793,1148.8901898734173,4.5
20264,1.0,326,2026-08-03T06:20,SIN_DEMANDA,0,,,,,,,0,0,0,316,1793,1148.8901898734173,4.5
20264,1.0,327,2026-08-03T06:30,SIN_DEMANDA,0,,,,,,,0,0,0,316,1793,1148.8901898734173,4.5
20264,1.0,328,2026-08-03T06:40,SIN_DEMANDA,0,,,,,,,0,0,0,317,1799,1151.7470031545738,4.5
20264,1.0,329,2026-08-03T06:50,SIN_DEMANDA,0,,,,,,,0,0,0,319,1809,1157.5354231974918,4.5
20264,1.0,330,2026-08-03T07:00,SIN_DEMANDA,0,,,,,,,0,0,0,320,1814,1157.0212499999996,4.5
20264,1.0,331,2026-08-03T07:10,COMPLETA,1613.5195,1055.3333333333333,139.5,145.0,577.5,3,0.2916666666666667,3,0,3,320,1814,1157.0212499999996,4.5
20264,1.0,332,2026-08-03T07:20,COMPLETA,1580.0405,2081.1666666666665,2073.5,58.0,447.0,3,0.2222222222222222,3,0,3,320,1814,1157.0212499999996,4.5
20264,1.0,333,2026-08-03T07:30,SIN_DEMANDA,0,,,,,,,0,0,0,320,1814,1157.0212499999996,4.5
20264,1.0,334,2026-08-03T07:40,SIN_DEMANDA,0,,,,,,,0,0,0,320,1814,1157.0212499999996,4.5
20264,1.0,335,2026-08-03T07:50,COMPLETA,1548.9861,2066.2,2066.2,24.0,177.6,1,1.0,1,0,1,320,1814,1157.0212499999996,4.5
20264,1.0,336,2026-08-03T08:00,COMPLETA,1048.9067,2045.0,2045.0,68.0,222.0,1,0.16666666666666666,1,0,1,320,1814,1157.0212499999996,4.5
20264,1.0,337,2026-08-03T08:10,SIN_DEMANDA,0,,,,,,,0,0,0,320,1814,1157.0212499999996,4.5
20264,1.0,338,2026-08-03T08:20,COMPLETA,1861.1946,2050.4,2044.0,100.0,422.4,2,0.34375,2,0,2,320,1814,1157.0212499999996,4.5
20264,1.0,339,2026-08-03T08:30,COMPLETA,1092.5688,618.5,618.5,54.0,201.0,1,0.041666666666666664,1,0,1,320,1814,1157.0212499999996,4.5
20264,1.0,340,2026-08-03T08:40,COMPLETA,1554.0813,2047.8,2024.6,144.0,705.6,3,0.3333333333333333,2,0,3,324,1837,1168.3728395061723,4.5
20264,1.0,341,2026-08-03T08:50,SIN_DEMANDA,0,,,,,,,0,0,0,325,1841,1165.2070769230766,4.5
20264,1.0,342,2026-08-03T09:00,SIN_DEMANDA,0,,,,,,,0,0,0,326,1851,1164.5898773006131,4.5
20264,1.0,343,2026-08-03T09:10,COMPLETA,1465.5921,2038.6,2021.2,176.0,559.2,3,0.325,2,0,3,326,1851,1164.5898773006131,4.5
20264,1.0,344,2026-08-03T09:20,COMPLETA,1495.5056,1309.3,599.0,176.0,615.6,3,0.25,2,0,2,327,1859,1167.347094801223,4.5
20264,1.0,345,2026-08-03T09:30,COMPLETA,1746.6941,1212.3333333333333,599.0,100.0,486.0,3,0.2857142857142857,3,0,1,327,1859,1167.347094801223,4.5
20264,1.0,346,2026-08-03T09:40,COMPLETA,1951.1775,993.4,358.0,177.0,552.3,4,0.3125,4,0,3,327,1859,1167.347094801223,4.5
20264,1.0,347,2026-08-03T09:50,COMPLETA,1557.178,358.0,358.0,57.0,145.5,1,0.4166666666666667,1,0,1,327,1859,1167.347094801223,4.5
20264,1.0,348,2026-08-03T10:00,COMPLETA,1568.6071,1326.25,598.0,104.0,276.0,2,0.20833333333333334,2,0,1,328,1863,1170.0228658536582,4.5
20264,1.0,349,2026-08-03T10:10,COMPLETA,1756.7893,738.65,107.0,144.0,720.6,7,0.4473684210526316,4,0,6,331,1877,1178.0643504531718,4.5
20264,1.0,350,2026-08-03T10:20,COMPLETA,1473.6008,100.25,93.5,95.0,262.5,2,0.3125,2,0,0,332,1878,1176.3789156626501,4.5
20264,1.0,351,2026-08-03T10:30,COMPLETA,1507.3517,397.9666666666667,94.0,113.0,365.7,3,0.30357142857142855,3,0,1,332,1878,1176.3789156626501,4.5
20264,1.0,352,2026-08-03T10:40,COMPLETA,1632.9848,100.25,93.5,95.0,262.5,2,0.3125,2,0,1,332,1878,1176.3789156626501,4.5
20264,1.0,353,2026-08-03T10:50,COMPLETA,1522.4582,354.8666666666666,74.6,131.0,444.0,3,0.4,3,0,3,333,1885,1179.0204204204201,4.5
20264,1.0,354,2026-08-03T11:00,COMPLETA,1064.8716,983.5,983.5,18.0,87.0,1,0.041666666666666664,1,0,0,335,1898,1180.986268656716,4.5
20264,1.0,355,2026-08-03T11:10,COMPLETA,1507.7592,1506.25,964.0,60.0,273.0,2,0.2857142857142857,2,0,1,335,1898,1180.986268656716,4.5
20264,1.0,356,2026-08-03T11:20,COMPLETA,1522.5049,2039.25,2030.0,106.0,279.0,2,0.2916666666666667,2,0,1,336,1902,1183.5607142857139,4.5
20264,1.0,357,2026-08-03T11:30,COMPLETA,1517.8694,2042.2,2030.0,102.0,307.2,2,0.3125,2,0,1,340,1930,1188.2182352941172,4.5
20264,1.0,358,2026-08-03T11:40,COMPLETA,1696.6569,1550.5,143.5,227.0,580.5,4,0.19791666666666666,4,0,1,343,1949,1190.7472303206991,4.5
20264,1.0,359,2026-08-03T11:50,COMPLETA,1977.6845,1520.3,612.5,306.0,860.4,6,0.1875,5,0,2,344,1953,1188.9619186046505,4.5
20264,1.0,360,2026-08-03T12:00,COMPLETA,2213.873,1415.96,384.0,230.0,997.8,8,0.32,5,0,5,345,1955,1188.3950724637675,4.5
20264,1.0,361,2026-08-03T12:10,COMPLETA,2041.4751,1304.6,598.6,247.0,732.6,5,0.32954545454545453,5,0,4,346,1962,1186.6887283236988,4.5
20264,1.0,362,2026-08-03T12:20,COMPLETA,1786.7854,1292.2,593.4,114.0,412.2,3,0.5,2,0,0,348,1975,1181.2997126436776,4.5
20264,1.0,363,2026-08-03T12:30,COMPLETA,1884.323,1170.2,118.8,257.0,797.1,5,0.4583333333333333,4,0,2,348,1975,1181.2997126436776,4.5
20264,1.0,364,2026-08-03T12:40,COMPLETA,1911.8409,1367.6333333333332,104.5,207.0,647.7,4,0.234375,3,0,4,348,1975,1181.2997126436776,4.5
20264,1.0,365,2026-08-03T12:50,COMPLETA,1462.5943,372.6,372.6,64.0,273.6,2,0.5625,1,0,2,349,1979,1179.63123209169,4.5
20264,1.0,366,2026-08-03T13:00,SIN_DEMANDA,0,,,,,,,0,0,0,351,1987,1181.4923076923071,4.5
20264,1.0,367,2026-08-03T13:10,SIN_DEMANDA,0,,,,,,,0,0,0,352,1994,1178.3477272727266,4.5
20264,1.0,368,2026-08-03T13:20,COMPLETA,1515.9081,143.0,143.0,36.0,114.0,1,0.20833333333333334,1,0,1,354,1998,1177.8991525423723,4.5
20264,1.0,369,2026-08-03T13:30,SIN_DEMANDA,0,,,,,,,0,0,0,356,2011,1175.1117977528086,4.5
20264,1.0,370,2026-08-03T13:40,COMPLETA,1512.6536,304.5,304.5,92.0,378.0,2,0.14583333333333334,1,0,0,357,2021,1177.5927170868342,4.5
20264,1.0,371,2026-08-03T13:50,COMPLETA,1558.7894,304.5,304.5,92.0,378.0,2,0.14583333333333334,1,0,0,359,2030,1178.3153203342613,4.5
20264,1.0,372,2026-08-03T14:00,COMPLETA,1569.4347,304.5,304.5,92.0,378.0,2,0.14583333333333334,1,0,0,360,2039,1177.7547222222215,4.5
20264,1.0,373,2026-08-03T14:10,COMPLETA,1769.466,626.25,304.5,120.0,540.0,3,0.2222222222222222,2,0,0,362,2047,1179.416022099447,4.5
20264,1.0,374,2026-08-03T14:20,COMPLETA,1976.1621,614.0,304.5,160.0,840.0,5,0.15,3,0,0,362,2047,1179.416022099447,4.5
20264,1.0,375,2026-08-03T14:30,COMPLETA,2026.4143,614.0,304.5,160.0,840.0,5,0.15,3,0,0,363,2058,1177.1933884297514,4.5
20264,1.0,376,2026-08-03T14:40,COMPLETA,2380.8943,971.75,304.5,176.0,864.0,5,0.21666666666666667,4,0,0,364,2066,1179.398351648351,4.5
20264,1.0,377,2026-08-03T14:50,COMPLETA,3043.3735,1328.1666666666667,295.0,308.0,1422.0,8,0.22916666666666666,6,0,0,367,2085,1171.9918256130784,4.5
20264,1.0,378,2026-08-03T15:00,COMPLETA,3436.467,1277.4714285714285,283.8,322.0,1484.4,8,0.2784090909090909,7,0,8,368,2094,1174.2619565217385,4.5
20264,1.0,379,2026-08-03T15:10,SIN_DEMANDA,0,,,,,,,0,0,0,368,2094,1174.2619565217385,4.5
20264,1.0,380,2026-08-03T15:20,COMPLETA,1559.2561,374.4,141.8,94.0,404.4,2,0.15625,2,0,2,368,2094,1174.2619565217385,4.5
20264,1.0,381,2026-08-03T15:30,COMPLETA,1548.2741,1009.5,1009.5,28.0,423.0,2,0.14583333333333334,1,0,2,368,2094,1174.2619565217385,4.5
20264,1.0,382,2026-08-03T15:40,SIN_DEMANDA,0,,,,,,,0,0,0,368,2094,1174.2619565217385,4.5
20264,1.0,383,2026-08-03T15:50,COMPLETA,1725.6492,1008.1333333333333,355.6,118.0,643.2,3,0.3333333333333333,3,0,3,368,2094,1174.2619565217385,4.5
20264,1.0,384,2026-08-03T16:00,COMPLETA,1587.4424,1996.05,1921.5,64.0,391.8,2,0.375,2,0,1,368,2094,1174.2619565217385,4.5
20264,1.0,385,2026-08-03T16:10,COMPLETA,1614.2417,1434.65,947.8,222.0,952.8,4,0.1875,2,0,2,368,2094,1174.2619565217385,4.5
20264,1.0,386,2026-08-03T16:20,COMPLETA,1577.1942,1921.5,1921.5,97.0,435.5,2,0.10416666666666667,1,0,0,368,2094,1174.2619565217385,4.5
20264,1.0,387,2026-08-03T16:30,COMPLETA,1495.5121,1921.5,1921.5,97.0,435.5,2,0.10416666666666667,1,0,0,371,2115,1174.44986522911,4.5
20264,1.0,388,2026-08-03T16:40,COMPLETA,1420.712,1921.5,1921.5,97.0,435.5,2,0.10416666666666667,1,0,0,373,2128,1176.2597855227878,4.5
20264,1.0,389,2026-08-03T16:50,COMPLETA,1709.5084,1027.05,132.6,161.0,834.6,4,0.21875,2,0,2,375,2143,1178.1237333333327,4.5
20264,1.0,390,2026-08-03T17:00,COMPLETA,1612.6743,1969.5,1921.5,181.0,751.8,4,0.175,2,0,1,377,2151,1173.0026525198932,4.5
20264,1.0,391,2026-08-03T17:10,COMPLETA,1576.8553,1969.5,1921.5,126.0,615.5,3,0.125,2,0,0,378,2154,1175.4021164021158,4.5
20264,1.0,392,2026-08-03T17:20,COMPLETA,1693.0811,1969.5,1921.5,126.0,615.5,3,0.125,2,0,0,379,2158,1173.9023746701841,4.5
20264,1.0,393,2026-08-03T17:30,COMPLETA,1493.1323,1433.5,361.5,139.0,424.5,3,0.19444444444444445,3,0,0,380,2165,1176.2621052631573,4.5
20264,1.0,394,2026-08-03T17:40,COMPLETA,1766.3322,1433.5,361.5,139.0,424.5,3,0.19444444444444445,3,0,3,380,2165,1176.2621052631573,4.5
20264,1.0,395,2026-08-03T17:50,COMPLETA,1470.6307,1080.75,135.5,87.0,250.5,2,0.10416666666666667,2,0,1,380,2165,1176.2621052631573,4.5
20264,1.0,396,2026-08-03T18:00,COMPLETA,1576.4491,1214.75,403.5,42.0,183.0,2,0.2708333333333333,2,0,1,382,2170,1172.5759162303657,4.5
20264,1.0,397,2026-08-03T18:10,COMPLETA,1064.0933,2026.0,2026.0,36.0,114.0,1,0.125,1,0,0,382,2170,1172.5759162303657,4.5
20264,1.0,398,2026-08-03T18:20,COMPLETA,1672.429,1328.3600000000001,145.5,162.0,582.6,5,0.1590909090909091,5,0,3,383,2177,1171.9890339425579,4.5
20264,1.0,399,2026-08-03T18:30,COMPLETA,1535.0736,2022.75,2019.5,80.0,240.0,2,0.08333333333333333,2,0,1,384,2186,1169.2822916666657,4.5
20264,1.0,400,2026-08-03T18:40,COMPLETA,1057.2319,2019.5,2019.5,44.0,126.0,1,0.041666666666666664,1,0,0,384,2186,1169.2822916666657,4.5
20264,1.0,401,2026-08-03T18:50,COMPLETA,817.8439,2019.5,2019.5,44.0,126.0,1,0.041666666666666664,1,0,0,384,2186,1169.2822916666657,4.5
20264,1.0,402,2026-08-03T19:00,COMPLETA,1434.6001,1499.25,979.0,104.0,390.0,3,0.15,2,0,3,384,2191,1169.2822916666657,4.5
20264,1.0,403,2026-08-03T19:10,SIN_DEMANDA,0,,,,,,,0,0,0,384,2191,1169.2822916666657,4.5
20264,1.0,404,2026-08-03T19:20,COMPLETA,1494.636,2058.6,2058.6,64.0,273.6,2,0.4375,1,0,2,387,2210,1167.4080103359165,4.5
20264,1.0,405,2026-08-03T19:30,COMPLETA,1550.0063,1517.8,970.0,78.0,256.8,2,0.3125,2,0,2,388,2212,1164.7484536082466,4.5
20264,1.0,406,2026-08-03T19:40,SIN_DEMANDA,0,,,,,,,0,0,0,389,2213,1167.086375321336,4.5
20264,1.0,407,2026-08-03T19:50,COMPLETA,1686.8586,1236.0,398.5,56.0,204.0,2,0.0625,2,0,2,390,2216,1164.4669230769223,4.5
20264,1.0,408,2026-08-03T20:00,COMPLETA,1503.5566,1112.3,138.6,44.0,214.8,2,0.21875,2,0,2,392,2227,1164.3882653061216,4.5
20264,1.0,409,2026-08-03T20:10,COMPLETA,1314.8445,151.4,151.4,36.0,206.4,2,0.3125,1,0,2,393,2230,1166.5806615776073,4.5
20264,1.0,410,2026-08-03T20:20,SIN_DEMANDA,0,,,,,,,0,0,0,393,2230,1166.5806615776073,4.5
20264,1.0,411,2026-08-03T20:30,COMPLETA,1442.973,635.5,635.5,26.0,99.0,1,0.2916666666666667,1,0,1,393,2230,1166.5806615776073,4.5
20264,1.0,412,2026-08-03T20:40,COMPLETA,1463.1258,2075.2,2075.2,28.0,187.2,2,0.375,1,0,2,395,2236,1168.2650632911384,4.5
20264,1.0,413,2026-08-03T20:50,COMPLETA,1707.1121,982.7,963.0,84.0,320.4,3,0.35,2,0,3,395,2236,1168.2650632911384,4.5
20264,1.0,414,2026-08-03T21:00,SIN_DEMANDA,0,,,,,,,0,0,0,397,2251,1172.7680100755658,4.5
20264,1.0,415,2026-08-03T21:10,COMPLETA,1535.7916,151.8,151.8,32.0,196.8,2,0.375,1,0,2,399,2258,1173.116290726816,4.5
20264,1.0,416,2026-08-03T21:20,SIN_DEMANDA,0,,,,,,,0,0,0,401,2262,1174.8551122194503,4.5
20264,1.0,417,2026-08-03T21:30,SIN_DEMANDA,0,,,,,,,0,0,0,401,2262,1174.8551122194503,4.5
20264,1.0,418,2026-08-03T21:40,SIN_DEMANDA,0,,,,,,,0,0,0,403,2268,1169.7441687344904,4.5
20264,1.0,419,2026-08-03T21:50,COMPLETA,1523.3276,920.0,920.0,80.0,360.0,2,0.125,1,0,0,404,2275,1168.421782178217,4.5
20264,1.0,420,2026-08-03T22:00,COMPLETA,1556.1359,1159.0,555.0,240.0,960.0,5,0.13333333333333333,3,0,0,406,2289,1170.2463054187183,4.5
20264,1.0,421,2026-08-03T22:10,COMPLETA,1723.4834,1159.0,555.0,240.0,960.0,5,0.13333333333333333,3,0,0,406,2289,1170.2463054187183,4.5
20264,1.0,422,2026-08-03T22:20,COMPLETA,1931.8247,1107.5,555.0,312.0,1308.0,7,0.1488095238095238,4,0,0,406,2289,1170.2463054187183,4.5
20264,1.0,423,2026-08-03T22:30,COMPLETA,2171.7795,1177.9166666666667,555.0,302.0,1293.0,7,0.2261904761904762,6,0,0,407,2295,1167.7439803439795,4.5
20264,1.0,424,2026-08-03T22:40,COMPLETA,2329.8295,1026.7857142857142,120.0,286.0,1269.0,7,0.23214285714285715,7,0,0,407,2295,1167.7439803439795,4.5
20264,1.0,425,2026-08-03T22:50,COMPLETA,2263.2325,1026.7857142857142,120.0,286.0,1269.0,7,0.23214285714285715,7,0,0,408,2301,1167.2421568627442,4.5
20264,1.0,426,2026-08-03T23:00,COMPLETA,2387.8075,911.975,103.5,377.0,1710.3,9,0.2554347826086957,8,0,9,408,2301,1167.2421568627442,4.5
20264,1.0,427,2026-08-03T23:10,COMPLETA,1539.9073,610.5,610.5,108.0,402.0,2,0.1875,1,0,2,408,2301,1167.2421568627442,4.5
20264,1.0,428,2026-08-03T23:20,COMPLETA,945.0356,117.4,117.4,48.0,235.2,1,0.125,1,0,1,408,2301,1167.2421568627442,4.5
20264,1.0,429,2026-08-03T23:30,COMPLETA,1877.9938,1057.8,156.8,196.0,1190.4,6,0.5833333333333334,3,0,6,408,2301,1167.2421568627442,4.5
20264,1.0,430,2026-08-03T23:40,SIN_DEMANDA,0,,,,,,,0,0,0,408,2301,1167.2421568627442,4.5
20264,1.0,431,2026-08-03T23:50,SIN_DEMANDA,0,,,,,,,0,0,0,408,2301,1167.2421568627442,4.5
20264,1.0,432,2026-08-04T00:00,COMPLETA,1541.7969,2042.4,2042.4,96.0,470.4,2,0.3125,1,0,2,408,2301,1167.2421568627442,4.5
20264,1.0,433,2026-08-04T00:10,SIN_DEMANDA,0,,,,,,,0,0,0,408,2301,1167.2421568627442,4.5
20264,1.0,434,2026-08-04T00:20,COMPLETA,2179.6073,1392.65,619.8,211.0,1149.1,5,0.40384615384615385,4,0,5,408,2301,1167.2421568627442,4.5
20264,1.0,435,2026-08-04T00:30,SIN_DEMANDA,0,,,,,,,0,0,0,412,2324,1169.4036407766982,4.5
20264,1.0,436,2026-08-04T00:40,SIN_DEMANDA,0,,,,,,,0,0,0,413,2332,1166.913559322033,4.5
20264,1.0,437,2026-08-04T00:50,SIN_DEMANDA,0,,,,,,,0,0,0,417,2358,1159.9218225419654,4.5
20264,1.0,438,2026-08-04T01:00,COMPLETA,1487.4169,1177.25,325.5,117.0,748.5,4,0.3611111111111111,2,0,3,418,2367,1158.6074162679417,4.5
20264,1.0,439,2026-08-04T01:10,COMPLETA,1158.9421,325.5,325.5,39.0,178.5,1,0.125,1,0,0,419,2376,1158.190214797135,4.5
20264,1.0,440,2026-08-04T01:20,COMPLETA,1964.1868,257.0,97.5,134.0,561.0,3,0.2777777777777778,3,0,0,420,2377,1155.712142857142,4.5
20264,1.0,441,2026-08-04T01:30,COMPLETA,1991.0875,220.625,93.0,195.0,762.9,5,0.3409090909090909,4,0,0,420,2377,1155.712142857142,4.5
20264,1.0,442,2026-08-04T01:40,COMPLETA,2288.8055,366.1,93.5,225.0,637.5,5,0.3333333333333333,5,0,1,421,2386,1157.7954869358662,4.5
20264,1.0,443,2026-08-04T01:50,COMPLETA,2068.1797,268.4166666666667,93.5,236.0,897.2,7,0.3482142857142857,6,0,3,421,2386,1157.7954869358662,4.5
20264,1.0,444,2026-08-04T02:00,COMPLETA,2162.0756,301.34999999999997,77.0,264.0,808.2,6,0.35714285714285715,6,0,4,423,2401,1158.6148936170205,4.5
20264,1.0,445,2026-08-04T02:10,COMPLETA,1479.4689,329.3,77.0,85.0,274.5,2,0.4375,2,0,0,424,2406,1160.7195754716972,4.5
20264,1.0,446,2026-08-04T02:20,COMPLETA,1872.7202,426.2,77.0,113.0,376.5,3,0.39285714285714285,3,0,2,424,2406,1160.7195754716972,4.5
20264,1.0,447,2026-08-04T02:30,COMPLETA,1507.8856,620.0,620.0,28.0,102.0,1,0.3333333333333333,1,0,1,424,2406,1160.7195754716972,4.5
20264,1.0,448,2026-08-04T02:40,SIN_DEMANDA,0,,,,,,,0,0,0,425,2407,1162.741411764705,4.5
20264,1.0,449,2026-08-04T02:50,SIN_DEMANDA,0,,,,,,,0,0,0,425,2407,1162.741411764705,4.5
20264,1.0,450,2026-08-04T03:00,COMPLETA,1144.0383,2070.5,2070.5,38.0,117.0,1,0.125,1,0,1,425,2407,1162.741411764705,4.5
20264,1.0,451,2026-08-04T03:10,COMPLETA,1536.4825,390.0,390.0,20.0,108.0,1,1.0,1,0,1,426,2417,1164.7748826291072,4.5
20264,1.0,452,2026-08-04T03:20,COMPLETA,1575.8398,1523.8,1001.6,76.0,244.8,2,0.0625,2,0,2,427,2427,1164.3444964871185,4.5
20264,1.0,453,2026-08-04T03:30,SIN_DEMANDA,0,,,,,,,0,0,0,428,2432,1161.9605140186907,4.5
20264,1.0,454,2026-08-04T03:40,SIN_DEMANDA,0,,,,,,,0,0,0,431,2448,1156.4800464037114,4.5
20264,1.0,455,2026-08-04T03:50,SIN_DEMANDA,0,,,,,,,0,0,0,434,2470,1150.8108294930867,4.5
20264,1.0,456,2026-08-04T04:00,COMPLETA,1653.0989,1335.25,608.0,114.0,291.0,2,0.25,2,0,2,435,2478,1149.5905747126428,4.5
20264,1.0,457,2026-08-04T04:10,COMPLETA,1462.164,622.0,622.0,36.0,114.0,1,0.4166666666666667,1,0,1,436,2482,1148.2878440366962,4.5
20264,1.0,458,2026-08-04T04:20,SIN_DEMANDA,0,,,,,,,0,0,0,437,2492,1145.8363844393584,4.5
20264,1.0,459,2026-08-04T04:30,COMPLETA,1627.9905,1347.75,606.5,86.0,309.0,3,0.125,2,0,3,438,2495,1147.947488584474,4.5
20264,1.0,460,2026-08-04T04:40,COMPLETA,1032.3291,2034.5,2034.5,70.0,165.0,1,0.125,1,0,1,440,2504,1145.8922727272718,4.5
20264,1.0,461,2026-08-04T04:50,COMPLETA,1294.7476,995.0,995.0,32.0,108.0,1,0.3333333333333333,1,0,1,440,2504,1145.8922727272718,4.5
20264,1.0,462,2026-08-04T05:00,COMPLETA,1514.4983,2041.5,2041.5,61.0,151.5,1,0.3333333333333333,1,0,1,440,2504,1145.8922727272718,4.5
20264,1.0,463,2026-08-04T05:10,COMPLETA,1970.5107,821.3666666666667,136.0,194.0,759.6,5,0.2638888888888889,3,0,3,441,2505,1147.9333333333323,4.5
20264,1.0,464,2026-08-04T05:20,COMPLETA,1670.2389,1930.5,1930.5,70.0,225.0,1,0.20833333333333334,1,0,0,441,2505,1147.9333333333323,4.5
20264,1.0,465,2026-08-04T05:30,COMPLETA,1528.883,987.5,44.5,120.0,420.0,2,0.16666666666666666,2,0,0,441,2505,1147.9333333333323,4.5
20264,1.0,466,2026-08-04T05:40,COMPLETA,1863.9228,712.6666666666666,44.5,130.0,504.0,3,0.17857142857142858,3,0,1,444,2523,1150.9281531531522,4.5
20264,1.0,467,2026-08-04T05:50,COMPLETA,2093.4351,1013.0,44.5,204.0,906.0,5,0.20833333333333334,4,0,0,444,2523,1150.9281531531522,4.5
20264,1.0,468,2026-08-04T06:00,COMPLETA,2265.697,872.14,41.5,282.0,1342.2,7,0.20588235294117646,5,0,0,445,2533,1149.7080898876395,4.5
20264,1.0,469,2026-08-04T06:10,COMPLETA,3210.4735,817.5,44.5,380.0,1745.4,9,0.26785714285714285,8,0,0,445,2533,1149.7080898876395,4.5
20264,1.0,470,2026-08-04T06:20,COMPLETA,3296.2998,817.5,44.5,380.0,1745.4,9,0.26785714285714285,8,0,0,447,2544,1148.1467561521242,4.5
20264,1.0,471,2026-08-04T06:30,COMPLETA,3251.6555,950.6111111111111,22.0,508.0,2355.0,12,0.24519230769230768,9,0,0,448,2554,1146.4714285714276,4.5
20264,1.0,472,2026-08-04T06:40,COMPLETA,3979.5771,841.5363636363636,22.0,616.0,3061.8,16,0.2426470588235294,11,0,0,448,2554,1146.4714285714276,4.5
20264,1.0,473,2026-08-04T06:50,COMPLETA,6746.7511,1025.0,22.0,690.0,3318.0,17,0.2785714285714286,13,0,0,450,2561,1146.1993333333323,4.5
20264,1.0,474,2026-08-04T07:00,COMPLETA,10919.3784,923.52,41.5,772.0,3871.2,20,0.3125,15,0,19,452,2571,1146.004867256636,4.5
20264,1.0,475,2026-08-04T07:10,COMPLETA,1962.689,1268.3999999999999,936.5,156.0,632.7,3,0.3392857142857143,3,0,1,452,2571,1146.004867256636,4.5
20264,1.0,476,2026-08-04T07:20,COMPLETA,1775.0763,1421.0,936.5,113.0,409.5,2,0.3125,2,0,1,452,2571,1146.004867256636,4.5
20264,1.0,477,2026-08-04T07:30,COMPLETA,1614.6336,649.35,362.2,87.0,410.1,2,0.40625,2,0,2,452,2571,1146.004867256636,4.5
20264,1.0,478,2026-08-04T07:40,COMPLETA,1960.5667,1551.3999999999999,550.0,201.0,1410.0,5,0.6785714285714286,3,0,5,452,2571,1146.004867256636,4.5
20264,1.0,479,2026-08-04T07:50,COMPLETA,1125.737,309.5,309.5,26.0,159.0,1,0.16666666666666666,1,0,0,452,2571,1146.004867256636,4.5
20264,1.0,480,2026-08-04T08:00,COMPLETA,983.9968,309.5,309.5,26.0,159.0,1,0.16666666666666666,1,0,0,452,2571,1146.004867256636,4.5
20264,1.0,481,2026-08-04T08:10,COMPLETA,1078.9009,309.5,309.5,26.0,159.0,1,0.16666666666666666,1,0,0,452,2571,1146.004867256636,4.5
20264,1.0,482,2026-08-04T08:20,COMPLETA,1480.6022,200.0,90.5,60.0,330.0,2,0.14583333333333334,2,0,0,454,2583,1142.0444933920694,4.5
20264,1.0,483,2026-08-04T08:30,COMPLETA,1821.8568,798.0,90.5,144.0,990.0,4,0.26785714285714285,3,0,2,457,2609,1136.3575492341347,4.5
20264,1.0,484,2026-08-04T08:40,COMPLETA,1856.9604,321.0,90.5,66.0,459.0,3,0.2222222222222222,3,0,0,459,2621,1132.4056644880163,4.5
20264,1.0,485,2026-08-04T08:50,COMPLETA,1949.4546,321.125,90.5,100.0,630.0,4,0.17708333333333334,4,0,0,462,2633,1133.9164502164492,4.5
20264,1.0,486,2026-08-04T09:00,COMPLETA,1932.7015,321.125,90.5,100.0,630.0,4,0.17708333333333334,4,0,0,465,2653,1135.4623655913972,4.5
20264,1.0,487,2026-08-04T09:10,COMPLETA,2080.4865,656.7,90.5,144.0,816.0,5,0.15,5,0,0,467,2663,1137.0967880085645,4.5
20264,1.0,488,2026-08-04T09:20,COMPLETA,2434.9633,882.5333333333333,48.2,188.0,912.6,6,0.1484375,6,0,2,469,2676,1140.471641791044,4.5
20264,1.0,489,2026-08-04T09:30,COMPLETA,2405.0981,593.8399999999999,51.5,184.0,786.6,5,0.18269230769230768,5,0,0,471,2689,1138.3861995753707,4.5
20264,1.0,490,2026-08-04T09:40,COMPLETA,2134.5712,593.8399999999999,51.5,184.0,726.6,5,0.18269230769230768,5,0,1,471,2689,1138.3861995753707,4.5
20264,1.0,491,2026-08-04T09:50,COMPLETA,2338.2228,605.24,46.2,188.0,612.6,5,0.19230769230769232,5,0,1,472,2692,1140.2819915254227,4.5
20264,1.0,492,2026-08-04T10:00,COMPLETA,2197.6258,1002.7,266.0,200.0,600.0,5,0.16666666666666666,5,0,2,472,2692,1140.2819915254227,4.5
20264,1.0,493,2026-08-04T10:10,COMPLETA,1956.5327,1455.6666666666667,312.5,136.0,384.0,3,0.19444444444444445,3,0,1,472,2692,1140.2819915254227,4.5
20264,1.0,494,2026-08-04T10:20,COMPLETA,1643.7353,1176.0,312.5,104.0,276.0,2,0.2708333333333333,2,0,1,472,2692,1140.2819915254227,4.5
20264,1.0,495,2026-08-04T10:30,COMPLETA,1473.9369,312.5,312.5,58.0,147.0,1,0.4166666666666667,1,0,1,474,2711,1137.9105485232058,4.5
20264,1.0,496,2026-08-04T10:40,COMPLETA,2335.4527,1048.3600000000001,614.0,212.0,666.6,5,0.22727272727272727,5,0,4,474,2711,1137.9105485232058,4.5
20264,1.0,497,2026-08-04T10:50,COMPLETA,1714.0526,1506.6,962.2,102.0,424.8,3,0.4583333333333333,2,0,3,474,2711,1137.9105485232058,4.5
20264,1.0,498,2026-08-04T11:00,SIN_DEMANDA,0,,,,,,,0,0,0,474,2711,1137.9105485232058,4.5
20264,1.0,499,2026-08-04T11:10,SIN_DEMANDA,0,,,,,,,0,0,0,474,2711,1137.9105485232058,4.5
20264,1.0,500,2026-08-04T11:20,COMPLETA,1491.4384,1003.8,1003.8,6.0,74.4,1,0.625,1,0,1,476,2720,1141.599999999999,4.5
20264,1.0,501,2026-08-04T11:30,COMPLETA,1529.5475,619.5,619.5,42.0,123.0,1,0.375,1,0,1,479,2727,1136.4640918580365,4.5
20264,1.0,502,2026-08-04T11:40,COMPLETA,1619.2983,2066.6,2066.6,44.0,225.6,2,0.375,1,0,2,480,2730,1134.1927083333321,4.5
20264,1.0,503,2026-08-04T11:50,COMPLETA,1457.3412,2087.0,2087.0,16.0,144.0,2,0.16666666666666666,1,0,2,481,2731,1136.0239085239073,4.5
20264,1.0,504,2026-08-04T12:00,SIN_DEMANDA,0,,,,,,,0,0,0,483,2737,1136.8749482401645,4.5
20264,1.0,505,2026-08-04T12:10,COMPLETA,1810.6723,673.35,361.5,145.0,485.1,3,0.35,2,0,3,483,2737,1136.8749482401645,4.5
20264,1.0,506,2026-08-04T12:20,SIN_DEMANDA,0,,,,,,,0,0,0,486,2750,1133.7831275720152,4.5
20264,1.0,507,2026-08-04T12:30,COMPLETA,1541.8276,2030.8,2030.8,52.0,184.8,1,0.75,1,0,1,488,2763,1133.165163934425,4.5
20264,1.0,508,2026-08-04T12:40,COMPLETA,1550.0669,2049.0,2049.0,43.0,124.5,1,0.20833333333333334,1,0,1,490,2772,1136.8899999999987,4.5
20264,1.0,509,2026-08-04T12:50,SIN_DEMANDA,0,,,,,,,0,0,0,490,2772,1136.8899999999987,4.5
20264,1.0,510,2026-08-04T13:00,COMPLETA,1739.1717,2052.0,2052.0,156.0,414.0,3,0.125,1,0,3,491,2780,1138.8250509164957,4.5
20264,1.0,511,2026-08-04T13:10,COMPLETA,1466.9302,2055.0,2055.0,104.0,276.0,2,0.20833333333333334,1,0,2,493,2795,1139.653549695739,4.5
20264,1.0,512,2026-08-04T13:20,COMPLETA,1615.7874,1951.5,1951.5,116.0,414.0,2,0.14583333333333334,1,0,0,493,2795,1139.653549695739,4.5
20264,1.0,513,2026-08-04T13:30,COMPLETA,2176.6715,1316.8333333333333,995.0,94.0,381.0,3,0.3194444444444444,3,0,2,493,2795,1139.653549695739,4.5
20264,1.0,514,2026-08-04T13:40,COMPLETA,1768.5563,692.4666666666667,47.5,152.0,740.4,4,0.3125,3,0,0,493,2795,1139.653549695739,4.5
20264,1.0,515,2026-08-04T13:50,COMPLETA,2028.2705,656.6,47.5,192.0,920.4,5,0.29545454545454547,4,0,0,494,2804,1139.3408906882578,4.5
20264,1.0,516,2026-08-04T14:00,COMPLETA,1815.3635,656.6,47.5,192.0,920.4,5,0.29545454545454547,4,0,0,494,2804,1139.3408906882578,4.5
20264,1.0,517,2026-08-04T14:10,COMPLETA,1812.0489,592.98,47.5,244.0,1254.6,7,0.225,5,0,0,495,2809,1137.7694949494935,4.5
20264,1.0,518,2026-08-04T14:20,COMPLETA,2219.3296,792.8142857142857,47.5,394.0,1988.4,11,0.24456521739130435,7,0,0,495,2809,1137.7694949494935,4.5
20264,1.0,519,2026-08-04T14:30,COMPLETA,2583.9258,693.911111111111,47.5,470.0,2512.8,14,0.22321428571428573,9,0,0,496,2814,1139.606653225805,4.5
20264,1.0,520,2026-08-04T14:40,COMPLETA,2597.7296,693.911111111111,47.5,470.0,2512.8,14,0.22321428571428573,9,0,0,499,2838,1142.949298597193,4.5
20264,1.0,521,2026-08-04T14:50,COMPLETA,2707.6256,687.04,47.5,526.0,2715.0,15,0.20967741935483872,10,0,0,501,2855,1144.4744510978032,4.5
20264,1.0,522,2026-08-04T15:00,COMPLETA,2451.914,687.04,47.5,526.0,2715.0,15,0.20967741935483872,10,0,12,501,2855,1144.4744510978032,4.5
20264,1.0,523,2026-08-04T15:10,COMPLETA,1647.7413,1235.25,537.0,98.0,387.0,2,0.22916666666666666,2,0,2,501,2855,1144.4744510978032,4.5
20264,1.0,524,2026-08-04T15:20,COMPLETA,1030.3441,2048.0,2048.0,58.0,207.0,1,0.125,1,0,1,501,2855,1144.4744510978032,4.5
20264,1.0,525,2026-08-04T15:30,SIN_DEMANDA,0,,,,,,,0,0,0,501,2855,1144.4744510978032,4.5
20264,1.0,526,2026-08-04T15:40,COMPLETA,1467.4922,131.5,131.5,47.0,190.5,1,0.20833333333333334,1,0,1,501,2855,1144.4744510978032,4.5
20264,1.0,527,2026-08-04T15:50,SIN_DEMANDA,0,,,,,,,0,0,0,501,2855,1144.4744510978032,4.5
20264,1.0,528,2026-08-04T16:00,COMPLETA,1692.4075,510.1,415.2,68.0,345.6,2,0.40625,2,0,2,501,2855,1144.4744510978032,4.5
20264,1.0,529,2026-08-04T16:10,COMPLETA,1387.5653,143.0,143.0,60.0,384.0,2,0.375,1,0,2,501,2855,1144.4744510978032,4.5
20264,1.0,530,2026-08-04T16:20,SIN_DEMANDA,0,,,,,,,0,0,0,504,2868,1140.3317460317448,4.5
20264,1.0,531,2026-08-04T16:30,COMPLETA,1456.7183,973.6,973.6,32.0,196.8,1,0.625,1,0,1,506,2879,1136.6484189723308,4.5
20264,1.0,532,2026-08-04T16:40,COMPLETA,934.5559,144.8,144.8,26.0,182.4,1,0.375,1,0,1,507,2883,1135.5623274161724,4.5
20264,1.0,533,2026-08-04T16:50,COMPLETA,1912.3794,1478.15,976.8,120.0,572.4,3,0.19642857142857142,2,0,1,509,2892,1132.2487229862463,4.5
20264,1.0,534,2026-08-04T17:00,COMPLETA,1698.8553,1979.5,1979.5,84.0,366.0,2,0.1875,1,0,0,510,2900,1133.9580392156852,4.5
20264,1.0,535,2026-08-04T17:10,COMPLETA,2929.7467,980.6,374.5,204.0,997.8,6,0.2604166666666667,4,0,2,512,2914,1134.1158203124987,4.5
20264,1.0,536,2026-08-04T17:20,COMPLETA,2374.274,983.3333333333334,374.5,134.0,589.8,4,0.275,3,0,0,513,2917,1135.8972709551645,4.5
20264,1.0,537,2026-08-04T17:30,COMPLETA,2884.5736,1241.25,374.5,136.0,592.8,4,0.375,4,0,2,514,2922,1133.9431906614773,4.5
20264,1.0,538,2026-08-04T17:40,COMPLETA,2604.8489,1542.6666666666667,633.5,104.0,396.0,3,0.25,3,0,0,514,2922,1133.9431906614773,4.5
20264,1.0,539,2026-08-04T17:50,COMPLETA,2416.0541,1542.6666666666667,633.5,104.0,336.0,3,0.25,3,0,1,516,2934,1130.9976744186033,4.5
20264,1.0,540,2026-08-04T18:00,COMPLETA,2502.4727,1028.04,87.2,287.0,946.8,6,0.21428571428571427,5,0,2,516,2934,1130.9976744186033,4.5
20264,1.0,541,2026-08-04T18:10,COMPLETA,2113.2418,1263.25,125.0,180.0,510.0,4,0.13541666666666666,4,0,2,517,2939,1130.6932301740799,4.5
20264,1.0,542,2026-08-04T18:20,COMPLETA,2358.5106,1048.3,110.5,172.0,537.6,4,0.3125,4,0,1,518,2942,1128.7899613899601,4.5
20264,1.0,543,2026-08-04T18:30,COMPLETA,2748.4143,818.9,84.0,240.0,801.6,6,0.2890625,5,0,2,518,2942,1128.7899613899601,4.5
20264,1.0,544,2026-08-04T18:40,COMPLETA,2194.6892,780.875,70.5,191.0,526.5,4,0.22916666666666666,4,0,2,519,2944,1128.4971098265885,4.5
20264,1.0,545,2026-08-04T18:50,COMPLETA,2250.0457,911.225,70.5,239.0,762.9,5,0.2727272727272727,4,0,3,519,2945,1128.4971098265885,4.5
20264,1.0,546,2026-08-04T19:00,COMPLETA,2704.2012,1000.64,399.2,102.0,595.6,6,0.22727272727272727,5,0,4,521,2952,1126.7502879078684,4.5
20264,1.0,547,2026-08-04T19:10,COMPLETA,1970.1472,1494.0,950.0,44.0,186.0,2,0.22916666666666666,2,0,1,522,2953,1125.8053639846732,4.5
20264,1.0,548,2026-08-04T19:20,COMPLETA,1680.9218,2038.0,2038.0,20.0,90.0,1,0.20833333333333334,1,0,0,523,2961,1124.7923518164425,4.5
20264,1.0,549,2026-08-04T19:30,COMPLETA,2137.2305,1517.7,997.4,38.0,193.2,2,0.34375,2,0,2,523,2961,1124.7923518164425,4.5
20264,1.0,550,2026-08-04T19:40,COMPLETA,1702.9807,620.0,620.0,26.0,122.4,1,1.0,1,0,1,523,2961,1124.7923518164425,4.5
20264,1.0,551,2026-08-04T19:50,COMPLETA,1693.7685,503.3,378.0,52.0,244.8,2,0.75,2,0,2,523,2961,1124.7923518164425,4.5
20264,1.0,552,2026-08-04T20:00,SIN_DEMANDA,0,,,,,,,0,0,0,526,2974,1124.1842205323182,4.5
20264,1.0,553,2026-08-04T20:10,SIN_DEMANDA,0,,,,,,,0,0,0,528,2991,1122.0257575757564,4.5
20264,1.0,554,2026-08-04T20:20,COMPLETA,2163.2582,1213.5,613.0,170.0,520.2,4,0.3,3,0,3,529,2993,1120.6593572778816,4.5
20264,1.0,555,2026-08-04T20:30,COMPLETA,2198.6479,467.43333333333334,389.5,106.0,502.20000000000005,5,0.3055555555555556,3,0,4,532,3003,1117.5413533834574,4.5
20264,1.0,556,2026-08-04T20:40,COMPLETA,1730.6869,940.0,139.0,116.0,354.0,3,0.1388888888888889,3,0,3,533,3009,1117.227016885552,4.5
20264,1.0,557,2026-08-04T20:50,SIN_DEMANDA,0,,,,,,,0,0,0,534,3017,1118.7977528089875,4.5
20264,1.0,558,2026-08-04T21:00,COMPLETA,1069.38,633.5,633.5,26.0,99.0,1,0.125,1,0,1,536,3028,1120.2861940298494,4.5
20264,1.0,559,2026-08-04T21:10,COMPLETA,1765.6351,1469.25,881.0,90.0,315.0,2,0.2916666666666667,2,0,1,537,3034,1118.3312849161998,4.5
20264,1.0,560,2026-08-04T21:20,COMPLETA,1602.8702,881.0,881.0,36.0,174.0,1,0.2916666666666667,1,0,0,540,3054,1115.4942592592581,4.5
20264,1.0,561,2026-08-04T21:30,COMPLETA,1541.7786,881.0,881.0,36.0,174.0,1,0.2916666666666667,1,0,0,541,3061,1114.131053604435,4.5
20264,1.0,562,2026-08-04T21:40,COMPLETA,1427.6762,881.0,881.0,36.0,174.0,1,0.2916666666666667,1,0,0,541,3061,1114.131053604435,4.5
20264,1.0,563,2026-08-04T21:50,COMPLETA,1566.3755,881.0,881.0,36.0,174.0,1,0.2916666666666667,1,0,0,542,3070,1112.813099630995,4.5
20264,1.0,564,2026-08-04T22:00,COMPLETA,1606.3322,881.0,881.0,36.0,174.0,1,0.2916666666666667,1,0,0,543,3084,1111.4810313075495,4.5
20264,1.0,565,2026-08-04T22:10,COMPLETA,1596.1931,1441.0,881.0,96.0,384.0,2,0.3333333333333333,2,0,0,547,3106,1113.789213893966,4.5
20264,1.0,566,2026-08-04T22:20,COMPLETA,1763.943,895.45,116.0,176.0,946.8,5,0.3333333333333333,4,0,0,549,3112,1111.1387978142066,4.5
20264,1.0,567,2026-08-04T22:30,COMPLETA,2128.0784,895.45,116.0,176.0,946.8,5,0.3333333333333333,4,0,0,549,3112,1111.1387978142066,4.5
20264,1.0,568,2026-08-04T22:40,COMPLETA,2644.8189,1031.7,116.0,298.0,1454.4,7,0.27884615384615385,6,0,0,549,3112,1111.1387978142066,4.5
20264,1.0,569,2026-08-04T22:50,COMPLETA,2951.025,934.7428571428571,125.0,350.0,1688.4,8,0.2857142857142857,7,0,0,549,3112,1111.1387978142066,4.5
20264,1.0,570,2026-08-04T23:00,COMPLETA,3651.9297,905.1666666666666,125.0,564.0,2503.8,12,0.22395833333333334,9,0,12,550,3119,1112.8594545454534,4.5
20264,1.0,571,2026-08-04T23:10,COMPLETA,1695.8875,647.0,647.0,8.0,132.0,1,0.2916666666666667,1,0,1,550,3119,1112.8594545454534,4.5
20264,1.0,572,2026-08-04T23:20,COMPLETA,1943.6477,2087.0,2087.0,16.0,264.0,2,0.16666666666666666,1,0,2,550,3119,1112.8594545454534,4.5
20264,1.0,573,2026-08-04T23:30,COMPLETA,1731.8041,2022.0,2012.0,87.0,516.4,2,0.5833333333333334,2,0,2,550,3119,1112.8594545454534,4.5
20264,1.0,574,2026-08-04T23:40,SIN_DEMANDA,0,,,,,,,0,0,0,550,3119,1112.8594545454534,4.5
20264,1.0,575,2026-08-04T23:50,COMPLETA,1970.7058,1068.7666666666667,165.8,76.0,711.4,4,0.3,3,0,4,550,3119,1112.8594545454534,4.5
20264,1.0,576,2026-08-05T00:00,COMPLETA,2179.0006,1503.3,966.6,142.0,700.8,3,0.5833333333333334,2,0,3,550,3119,1112.8594545454534,4.5
20264,1.0,577,2026-08-05T00:10,COMPLETA,2498.7885,1554.9666666666665,553.5,154.0,815.4,4,0.375,3,0,3,550,3119,1112.8594545454534,4.5
20264,1.0,578,2026-08-05T00:20,COMPLETA,2448.1057,739.25,553.5,62.0,333.0,2,0.2708333333333333,2,0,0,553,3131,1109.3716094032538,4.5
20264,1.0,579,2026-08-05T00:30,COMPLETA,3071.8291,683.1666666666666,543.5,94.0,501.0,3,0.2638888888888889,3,0,0,555,3143,1110.1958558558547,4.5
20264,1.0,580,2026-08-05T00:40,COMPLETA,3696.4172,836.5333333333333,354.2,224.0,1155.9,6,0.26851851851851855,6,0,2,557,3148,1110.5290843806092,4.5
20264,1.0,581,2026-08-05T00:50,COMPLETA,2981.7427,652.75,543.5,165.0,727.5,4,0.2604166666666667,4,0,0,559,3165,1109.8300536672618,4.5
20264,1.0,582,2026-08-05T01:00,COMPLETA,4140.796,770.0833333333334,37.5,299.0,1168.5,6,0.3125,6,0,0,561,3172,1107.2103386809258,4.5
20264,1.0,583,2026-08-05T01:10,COMPLETA,4441.4327,741.0714285714286,83.5,355.0,1484.5,8,0.32894736842105265,7,0,2,561,3172,1107.2103386809258,4.5
20264,1.0,584,2026-08-05T01:20,COMPLETA,4352.3026,946.5,42.0,315.0,1132.5,6,0.3263888888888889,7,0,1,563,3184,1108.5373001776188,4.5
20264,1.0,585,2026-08-05T01:30,COMPLETA,4415.8538,897.3142857142857,37.5,325.0,1176.3,7,0.3684210526315789,7,0,3,564,3189,1110.2118794326232,4.5
20264,1.0,586,2026-08-05T01:40,COMPLETA,3087.8949,410.675,37.5,267.0,1029.3,6,0.2421875,4,0,0,566,3196,1113.5344522968187,4.5
20264,1.0,587,2026-08-05T01:50,COMPLETA,3380.4378,734.54,42.0,277.0,929.3,6,0.30357142857142855,5,0,1,566,3196,1113.5344522968187,4.5
20264,1.0,588,2026-08-05T02:00,COMPLETA,3662.7251,697.24,16.5,345.0,996.9,7,0.27205882352941174,5,0,2,569,3213,1116.4834797891026,4.5
20264,1.0,589,2026-08-05T02:10,COMPLETA,3452.7574,866.9714285714286,16.5,301.0,918.3,7,0.3014705882352941,7,0,2,570,3221,1118.107894736841,4.5
20264,1.0,590,2026-08-05T02:20,COMPLETA,2804.2862,949.5600000000001,16.5,208.0,658.8,5,0.375,5,0,1,570,3221,1118.107894736841,4.5
20264,1.0,591,2026-08-05T02:30,COMPLETA,2852.7896,607.6,16.5,174.0,577.2,4,0.375,5,0,3,571,3223,1119.7469352014,4.5
20264,1.0,592,2026-08-05T02:40,COMPLETA,1882.2078,346.1666666666667,51.2,56.0,280.2,2,0.28125,3,0,0,572,3229,1119.4239510489501,4.5
20264,1.0,593,2026-08-05T02:50,COMPLETA,2002.2419,492.125,51.2,94.0,488.2,3,0.4166666666666667,4,0,2,574,3236,1117.206794425086,4.5
20264,1.0,594,2026-08-05T03:00,COMPLETA,1657.0988,950.5,950.5,50.0,135.0,1,0.25,1,0,0,575,3244,1118.8733913043468,4.5
20264,1.0,595,2026-08-05T03:10,COMPLETA,1966.8107,789.25,628.0,84.0,246.0,2,0.22916666666666666,2,0,2,576,3251,1117.8744791666657,4.5
20264,1.0,596,2026-08-05T03:20,COMPLETA,1562.1547,945.6,945.6,52.0,184.8,1,0.75,1,0,1,577,3261,1119.4370883882139,4.5
20264,1.0,597,2026-08-05T03:30,SIN_DEMANDA,0,,,,,,,0,0,0,577,3261,1119.4370883882139,4.5
20264,1.0,598,2026-08-05T03:40,SIN_DEMANDA,0,,,,,,,0,0,0,577,3261,1119.4370883882139,4.5
20264,1.0,599,2026-08-05T03:50,SIN_DEMANDA,0,,,,,,,0,0,0,578,3272,1118.407266435985,4.5
20264,1.0,600,2026-08-05T04:00,SIN_DEMANDA,0,,,,,,,0,0,0,581,3282,1118.4254733218577,4.5
20264,1.0,601,2026-08-05T04:10,COMPLETA,1609.8325,252.3,145.6,72.0,247.8,2,0.375,2,0,1,583,3295,1116.1538593481978,4.5
20264,1.0,602,2026-08-05T04:20,COMPLETA,1399.2692,359.0,359.0,50.0,135.0,1,0.20833333333333334,1,0,0,586,3311,1118.2025597269615,4.5
20264,1.0,603,2026-08-05T04:30,COMPLETA,1594.0524,359.0,359.0,50.0,135.0,1,0.20833333333333334,1,0,1,586,3311,1118.2025597269615,4.5
20264,1.0,604,2026-08-05T04:40,SIN_DEMANDA,0,,,,,,,0,0,0,588,3326,1115.495238095237,4.5
20264,1.0,605,2026-08-05T04:50,COMPLETA,1544.7763,2056.6,2056.6,32.0,136.8,1,0.875,1,0,1,588,3326,1115.495238095237,4.5
20264,1.0,606,2026-08-05T05:00,COMPLETA,1440.0867,496.75,134.0,89.0,313.5,2,0.14583333333333334,2,0,1,590,3333,1114.301186440677,4.5
20264,1.0,607,2026-08-05T05:10,COMPLETA,1086.9434,859.5,859.5,46.0,189.0,1,0.125,1,0,0,590,3333,1114.301186440677,4.5
20264,1.0,608,2026-08-05T05:20,COMPLETA,1070.5249,859.5,859.5,46.0,189.0,1,0.125,1,0,0,591,3337,1112.502368866327,4.5
20264,1.0,609,2026-08-05T05:30,COMPLETA,1842.1244,453.5,47.5,94.0,381.0,2,0.20833333333333334,2,0,0,592,3343,1112.220439189188,4.5
20264,1.0,610,2026-08-05T05:40,COMPLETA,1841.7778,986.9333333333334,47.5,120.0,521.4,3,0.23214285714285715,3,0,1,593,3350,1110.5903878583463,4.5
20264,1.0,611,2026-08-05T05:50,COMPLETA,1664.7385,444.0,47.5,94.0,381.0,2,0.20833333333333334,2,0,0,593,3350,1110.5903878583463,4.5
20264,1.0,612,2026-08-05T06:00,COMPLETA,1519.5797,444.0,47.5,94.0,381.0,2,0.20833333333333334,2,0,0,593,3350,1110.5903878583463,4.5
20264,1.0,613,2026-08-05T06:10,COMPLETA,1617.3669,404.3333333333333,47.5,196.0,774.0,4,0.20833333333333334,3,0,0,594,3355,1109.325084175083,4.5
20264,1.0,614,2026-08-05T06:20,COMPLETA,1622.6085,404.3333333333333,47.5,196.0,774.0,4,0.20833333333333334,3,0,0,594,3355,1109.325084175083,4.5
20264,1.0,615,2026-08-05T06:30,COMPLETA,1786.5192,831.9,47.5,404.0,1446.0,7,0.20833333333333334,5,0,0,595,3362,1110.9171428571417,4.5
20264,1.0,616,2026-08-05T06:40,COMPLETA,2021.0684,831.9,47.5,404.0,1446.0,7,0.20833333333333334,5,0,0,595,3362,1110.9171428571417,4.5
20264,1.0,617,2026-08-05T06:50,COMPLETA,2618.3052,1172.2857142857142,47.5,566.0,2139.0,10,0.2548076923076923,7,0,0,596,3366,1109.2780201342268,4.5
20264,1.0,618,2026-08-05T07:00,COMPLETA,3347.7013,1294.1200000000001,47.5,601.0,2318.7,11,0.31896551724137934,10,0,10,597,3369,1110.8948073701831,4.5
20264,1.0,619,2026-08-05T07:10,COMPLETA,1680.0439,735.75,631.0,74.0,351.0,2,0.2708333333333333,2,0,2,597,3369,1110.8948073701831,4.5
20264,1.0,620,2026-08-05T07:20,COMPLETA,1565.7477,1006.4,1006.4,16.0,278.4,2,0.3125,1,0,2,597,3369,1110.8948073701831,4.5
20264,1.0,621,2026-08-05T07:30,COMPLETA,1712.6867,1485.8,943.4,112.0,508.8,2,0.375,2,0,2,597,3369,1110.8948073701831,4.5
20264,1.0,622,2026-08-05T07:40,COMPLETA,1062.1462,134.4,134.4,38.0,211.2,1,0.375,1,0,1,597,3369,1110.8948073701831,4.5
20264,1.0,623,2026-08-05T07:50,COMPLETA,1049.2631,2028.6,2028.6,52.0,244.8,1,0.375,1,0,1,597,3369,1110.8948073701831,4.5
20264,1.0,624,2026-08-05T08:00,COMPLETA,1094.2368,2066.6,2066.6,22.0,172.8,1,0.375,1,0,1,597,3369,1110.8948073701831,4.5
20264,1.0,625,2026-08-05T08:10,SIN_DEMANDA,0,,,,,,,0,0,0,597,3369,1110.8948073701831,4.5
20264,1.0,626,2026-08-05T08:20,COMPLETA,1488.799,101.2,101.2,64.0,273.6,1,0.875,1,0,1,597,3369,1110.8948073701831,4.5
20264,1.0,627,2026-08-05T08:30,SIN_DEMANDA,0,,,,,,,0,0,0,599,3384,1112.329883138563,4.5
20264,1.0,628,2026-08-05T08:40,COMPLETA,1466.6904,2012.8,2012.8,90.0,456.0,2,0.375,1,0,2,602,3408,1109.3955149501649,4.5
20264,1.0,629,2026-08-05T08:50,COMPLETA,2062.3537,1459.0,920.0,123.0,481.2,2,0.25,2,0,1,605,3430,1110.7332231404946,4.5
20264,1.0,630,2026-08-05T09:00,COMPLETA,1777.7313,920.0,920.0,60.0,210.0,1,0.25,1,0,0,607,3441,1111.775288303129,4.5
20264,1.0,631,2026-08-05T09:10,COMPLETA,1823.9758,510.75,111.5,98.0,387.0,2,0.3333333333333333,2,0,0,609,3458,1112.9438423645308,4.5
20264,1.0,632,2026-08-05T09:20,COMPLETA,1715.564,510.75,111.5,98.0,387.0,2,0.3333333333333333,2,0,0,609,3458,1112.9438423645308,4.5
20264,1.0,633,2026-08-05T09:30,COMPLETA,1862.8787,510.75,111.5,98.0,327.0,2,0.3333333333333333,2,0,0,611,3464,1112.9031096562999,4.5
20264,1.0,634,2026-08-05T09:40,COMPLETA,2077.5684,466.5,111.5,146.0,687.0,5,0.4166666666666667,3,0,4,613,3470,1114.1197389885795,4.5
20264,1.0,635,2026-08-05T09:50,COMPLETA,1964.4951,1198.2,622.0,124.0,447.6,4,0.203125,3,0,3,613,3470,1114.1197389885795,4.5
20264,1.0,636,2026-08-05T10:00,COMPLETA,1798.6438,1478.3,887.0,82.0,262.8,2,0.25,2,0,1,614,3473,1115.6091205211712,4.5
20264,1.0,637,2026-08-05T10:10,COMPLETA,2518.8322,1091.9333333333334,364.5,304.0,844.8,6,0.296875,6,0,4,614,3473,1115.6091205211712,4.5
20264,1.0,638,2026-08-05T10:20,COMPLETA,2005.9193,601.3333333333334,350.0,144.0,406.8,3,0.35714285714285715,3,0,0,614,3473,1115.6091205211712,4.5
20264,1.0,639,2026-08-05T10:30,COMPLETA,2132.4056,509.8,126.0,202.0,603.0,4,0.2916666666666667,5,0,3,614,3473,1115.6091205211712,4.5
20264,1.0,640,2026-08-05T10:40,COMPLETA,1460.076,567.0,567.0,72.0,168.0,1,0.2916666666666667,1,0,1,615,3480,1113.9596747967466,4.5
20264,1.0,641,2026-08-05T10:50,COMPLETA,1557.8641,1195.85,362.5,104.0,321.0,2,0.125,2,0,1,615,3480,1113.9596747967466,4.5
20264,1.0,642,2026-08-05T11:00,COMPLETA,1442.704,371.95,362.5,68.0,234.6,2,0.125,2,0,1,616,3486,1115.41883116883,4.5
20264,1.0,643,2026-08-05T11:10,COMPLETA,1035.0687,381.4,381.4,14.0,93.6,1,0.25,1,0,1,617,3491,1116.9912479740667,4.5
20264,1.0,644,2026-08-05T11:20,COMPLETA,1083.266,619.6,619.6,32.0,136.8,1,0.5,1,0,1,619,3510,1114.1730210016142,4.5
20264,1.0,645,2026-08-05T11:30,SIN_DEMANDA,0,,,,,,,0,0,0,622,3516,1116.338745980706,4.5
20264,1.0,646,2026-08-05T11:40,COMPLETA,1506.1892,2070.0,2070.0,36.0,114.0,1,0.4166666666666667,1,0,1,624,3527,1114.4386217948704,4.5
20264,1.0,647,2026-08-05T11:50,COMPLETA,1078.1628,2067.2,2067.2,24.0,117.6,1,0.125,1,0,1,626,3540,1115.1626198083054,4.5
20264,1.0,648,2026-08-05T12:00,COMPLETA,1536.3701,563.45,139.4,67.0,245.7,2,0.28125,2,0,2,627,3546,1116.6551834130767,4.5
20264,1.0,649,2026-08-05T12:10,COMPLETA,1516.3829,1001.0,1001.0,16.0,84.0,1,0.25,1,0,1,628,3552,1115.4574840764317,4.5
20264,1.0,650,2026-08-05T12:20,SIN_DEMANDA,0,,,,,,,0,0,0,629,3556,1113.88441971383,4.5
20264,1.0,651,2026-08-05T12:30,SIN_DEMANDA,0,,,,,,,0,0,0,629,3556,1113.88441971383,4.5
20264,1.0,652,2026-08-05T12:40,SIN_DEMANDA,0,,,,,,,0,0,0,631,3565,1111.856893819333,4.5
20264,1.0,653,2026-08-05T12:50,COMPLETA,1594.7014,614.0,614.0,60.0,150.0,1,0.375,1,0,1,632,3567,1110.6712025316442,4.5
20264,1.0,654,2026-08-05T13:00,SIN_DEMANDA,0,,,,,,,0,0,0,634,3573,1111.3454258675065,4.5
20264,1.0,655,2026-08-05T13:10,SIN_DEMANDA,0,,,,,,,0,0,0,635,3583,1112.8551181102348,4.5
20264,1.0,656,2026-08-05T13:20,COMPLETA,1771.9251,1227.25,378.0,70.0,225.0,2,0.20833333333333334,2,0,2,637,3590,1113.8762951334365,4.5
20264,1.0,657,2026-08-05T13:30,COMPLETA,2307.7565,1241.625,148.5,255.0,982.5,6,0.125,4,0,2,638,3596,1113.6993730407507,4.5
20264,1.0,658,2026-08-05T13:40,COMPLETA,2172.8337,1699.15,888.0,259.0,1166.1,6,0.125,4,0,0,640,3605,1111.9798437499985,4.5
20264,1.0,659,2026-08-05T13:50,COMPLETA,3134.8183,1801.1000000000001,888.0,241.0,1230.3,7,0.1513157894736842,6,0,0,640,3605,1111.9798437499985,4.5
20264,1.0,660,2026-08-05T14:00,COMPLETA,3184.2819,1801.1000000000001,888.0,241.0,1230.3,7,0.1513157894736842,6,0,0,640,3605,1111.9798437499985,4.5
20264,1.0,661,2026-08-05T14:10,COMPLETA,3001.7557,1801.1000000000001,888.0,241.0,1230.3,7,0.1513157894736842,6,0,0,640,3605,1111.9798437499985,4.5
20264,1.0,662,2026-08-05T14:20,COMPLETA,5281.8212,1526.84,570.8,414.0,2034.6,11,0.18518518518518517,10,0,0,640,3605,1111.9798437499985,4.5
20264,1.0,663,2026-08-05T14:30,COMPLETA,6461.4071,1570.8545454545456,570.8,463.0,2228.1,12,0.19583333333333333,11,0,0,640,3605,1111.9798437499985,4.5
20264,1.0,664,2026-08-05T14:40,COMPLETA,7462.7155,1607.3333333333333,570.8,498.0,2286.0,12,0.20416666666666666,12,0,0,642,3620,1112.7065420560732,4.5
20264,1.0,665,2026-08-05T14:50,COMPLETA,15065.9715,1510.5538461538463,362.5,685.0,3353.7,17,0.21212121212121213,13,0,0,642,3620,1112.7065420560732,4.5
20264,1.0,666,2026-08-05T15:00,COMPLETA,21930.6713,1510.46,362.2,751.0,3619.5,18,0.21180555555555555,15,0,15,644,3634,1110.068478260868,4.5
20264,1.0,667,2026-08-05T15:10,COMPLETA,2120.0611,1274.975,152.4,144.0,712.2,4,0.2375,4,0,3,644,3634,1110.068478260868,4.5
20264,1.0,668,2026-08-05T15:20,COMPLETA,1644.8161,2011.0,2011.0,36.0,174.0,1,0.375,1,0,1,644,3634,1110.068478260868,4.5
20264,1.0,669,2026-08-05T15:30,COMPLETA,1178.5066,620.0,620.0,44.0,186.0,1,0.08333333333333333,1,0,1,644,3634,1110.068478260868,4.5
20264,1.0,670,2026-08-05T15:40,COMPLETA,1606.8102,267.0,267.0,28.0,162.0,1,0.25,1,0,0,644,3634,1110.068478260868,4.5
20264,1.0,671,2026-08-05T15:50,COMPLETA,1751.238,1115.4,267.0,172.0,747.6,3,0.3,2,0,2,644,3634,1110.068478260868,4.5
20264,1.0,672,2026-08-05T16:00,COMPLETA,1748.898,1118.0,267.0,78.0,532.0,2,0.35714285714285715,2,0,1,644,3634,1110.068478260868,4.5
20264,1.0,673,2026-08-05T16:10,COMPLETA,1531.4913,267.0,267.0,28.0,162.0,1,0.25,1,0,0,644,3634,1110.068478260868,4.5
20264,1.0,674,2026-08-05T16:20,COMPLETA,1609.1599,267.0,267.0,28.0,162.0,1,0.25,1,0,0,645,3639,1111.4691472868203,4.5
20264,1.0,675,2026-08-05T16:30,COMPLETA,1752.4934,589.0,264.0,60.0,330.0,2,0.2916666666666667,2,0,0,648,3643,1112.4507716049368,4.5
20264,1.0,676,2026-08-05T16:40,COMPLETA,1849.9267,589.0,264.0,60.0,330.0,2,0.2916666666666667,2,0,0,651,3653,1113.6253456221184,4.5
20264,1.0,677,2026-08-05T16:50,COMPLETA,2584.5851,966.9,267.0,102.0,696.8,4,0.38333333333333336,4,0,2,656,3679,1115.6320121951205,4.5
20264,1.0,678,2026-08-05T17:00,COMPLETA,2286.1982,1059.6666666666667,264.0,132.0,558.0,3,0.3194444444444444,3,0,0,659,3690,1116.3915022761746,4.5
20264,1.0,679,2026-08-05T17:10,COMPLETA,2639.882,1299.0,267.0,192.0,978.0,5,0.35,4,0,2,661,3699,1116.9642965204223,4.5
20264,1.0,680,2026-08-05T17:20,COMPLETA,2754.7034,948.0,267.0,186.0,948.0,6,0.39285714285714285,4,0,4,661,3699,1116.9642965204223,4.5
20264,1.0,681,2026-08-05T17:30,COMPLETA,1871.8986,589.0,264.0,60.0,210.0,2,0.2916666666666667,2,0,0,661,3699,1116.9642965204223,4.5
20264,1.0,682,2026-08-05T17:40,COMPLETA,2290.8207,711.1999999999999,267.0,112.0,394.8,3,0.3392857142857143,3,0,1,661,3699,1116.9642965204223,4.5
20264,1.0,683,2026-08-05T17:50,COMPLETA,1852.0074,589.0,264.0,60.0,210.0,2,0.2916666666666667,2,0,2,661,3699,1116.9642965204223,4.5
20264,1.0,684,2026-08-05T18:00,SIN_DEMANDA,0,,,,,,,0,0,0,661,3699,1116.9642965204223,4.5
20264,1.0,685,2026-08-05T18:10,SIN_DEMANDA,0,,,,,,,0,0,0,661,3699,1116.9642965204223,4.5
20264,1.0,686,2026-08-05T18:20,COMPLETA,1605.3299,2040.0,2040.0,64.0,156.0,1,0.375,1,0,1,662,3703,1116.2317220543794,4.5
20264,1.0,687,2026-08-05T18:30,COMPLETA,1133.1975,2046.5,2046.5,56.0,144.0,1,0.08333333333333333,1,0,1,663,3708,1117.651583710406,4.5
20264,1.0,688,2026-08-05T18:40,SIN_DEMANDA,0,,,,,,,0,0,0,663,3708,1117.651583710406,4.5
20264,1.0,689,2026-08-05T18:50,SIN_DEMANDA,0,,,,,,,0,0,0,663,3708,1117.651583710406,4.5
20264,1.0,690,2026-08-05T19:00,COMPLETA,919.9351,2052.0,2052.0,52.0,138.0,1,0.08333333333333333,1,0,1,664,3714,1118.9259036144565,4.5
20264,1.0,691,2026-08-05T19:10,COMPLETA,1941.0712,807.0,625.0,76.0,234.0,2,0.20833333333333334,2,0,2,666,3728,1119.4426426426412,4.5
20264,1.0,692,2026-08-05T19:20,SIN_DEMANDA,0,,,,,,,0,0,0,668,3742,1117.8544910179628,4.5
20264,1.0,693,2026-08-05T19:30,SIN_DEMANDA,0,,,,,,,0,0,0,670,3756,1120.5146268656704,4.5
20264,1.0,694,2026-08-05T19:40,COMPLETA,1611.7674,156.5,156.5,60.0,210.0,2,0.14583333333333334,1,0,2,670,3756,1120.5146268656704,4.5
20264,1.0,695,2026-08-05T19:50,COMPLETA,1635.1394,2024.6,2024.6,124.0,417.6,2,0.375,1,0,2,671,3761,1120.268852459015,4.5
20264,1.0,696,2026-08-05T20:00,COMPLETA,1554.987,999.0,999.0,10.0,84.0,1,0.75,1,0,1,671,3761,1120.268852459015,4.5
20264,1.0,697,2026-08-05T20:10,COMPLETA,1196.2106,2070.0,2070.0,20.0,232.0,1,0.375,1,0,1,671,3761,1120.268852459015,4.5
20264,1.0,698,2026-08-05T20:20,COMPLETA,1539.075,365.0,365.0,40.0,156.0,1,0.625,1,0,1,673,3772,1123.0117384843968,4.5
20264,1.0,699,2026-08-05T20:30,SIN_DEMANDA,0,,,,,,,0,0,0,673,3772,1123.0117384843968,4.5
20264,1.0,700,2026-08-05T20:40,COMPLETA,1073.0024,2055.0,2055.0,48.0,132.0,1,0.08333333333333333,1,0,1,676,3784,1123.4510355029572,4.5
20264,1.0,701,2026-08-05T20:50,COMPLETA,1549.3078,954.0,954.0,150.0,345.0,2,0.14583333333333334,1,0,2,676,3784,1123.4510355029572,4.5
20264,1.0,702,2026-08-05T21:00,COMPLETA,1818.2368,983.5,975.5,92.0,258.0,2,0.20833333333333334,2,0,2,676,3784,1123.4510355029572,4.5
20264,1.0,703,2026-08-05T21:10,COMPLETA,1786.1793,992.25,989.5,58.0,207.0,2,0.3958333333333333,2,0,2,677,3791,1122.0227474150652,4.5
20264,1.0,704,2026-08-05T21:20,COMPLETA,1616.4258,262.5,262.5,74.0,231.0,1,0.4166666666666667,1,0,0,678,3797,1121.841297935102,4.5
20264,1.0,705,2026-08-05T21:30,COMPLETA,1493.2067,262.5,262.5,74.0,231.0,1,0.4166666666666667,1,0,0,678,3797,1121.841297935102,4.5
20264,1.0,706,2026-08-05T21:40,COMPLETA,2055.0989,406.1666666666667,262.5,122.0,483.0,3,0.2777777777777778,3,0,1,679,3800,1123.2377025036806,4.5
20264,1.0,707,2026-08-05T21:50,COMPLETA,1845.89,406.25,262.5,114.0,411.0,2,0.25,2,0,0,679,3800,1123.2377025036806,4.5
20264,1.0,708,2026-08-05T22:00,COMPLETA,2016.3651,724.75,97.5,196.0,774.0,4,0.17708333333333334,4,0,0,679,3800,1123.2377025036806,4.5
20264,1.0,709,2026-08-05T22:10,COMPLETA,2537.1776,983.8,97.5,232.0,948.0,5,0.175,5,0,0,681,3811,1123.447870778266,4.5
20264,1.0,710,2026-08-05T22:20,COMPLETA,2561.3534,983.8,97.5,232.0,948.0,5,0.175,5,0,0,682,3813,1124.813782991201,4.5
20264,1.0,711,2026-08-05T22:30,COMPLETA,2613.8915,983.8,97.5,232.0,948.0,5,0.175,5,0,0,684,3830,1124.42909356725,4.5
20264,1.0,712,2026-08-05T22:40,COMPLETA,3250.1185,1012.5285714285714,97.5,318.0,1498.2,8,0.2125,7,0,0,685,3840,1124.23211678832,4.5
20264,1.0,713,2026-08-05T22:50,COMPLETA,3793.1361,963.775,97.5,382.0,1864.8,10,0.22916666666666666,8,0,0,688,3857,1122.724563953487,4.5
20264,1.0,714,2026-08-05T23:00,COMPLETA,5314.725,1180.83,97.5,457.0,2269.5,12,0.27884615384615385,10,0,12,688,3857,1122.724563953487,4.5
20264,1.0,715,2026-08-05T23:10,SIN_DEMANDA,0,,,,,,,0,0,0,688,3857,1122.724563953487,4.5
20264,1.0,716,2026-08-05T23:20,COMPLETA,1255.3783,2057.2,2057.2,34.0,201.6,1,0.25,1,0,1,688,3857,1122.724563953487,4.5
20264,1.0,717,2026-08-05T23:30,SIN_DEMANDA,0,,,,,,,0,0,0,688,3857,1122.724563953487,4.5
20264,1.0,718,2026-08-05T23:40,COMPLETA,2752.0833,1570.6666666666667,584.0,182.0,780.0,4,0.3125,3,0,4,688,3857,1122.724563953487,4.5
20264,1.0,719,2026-08-05T23:50,COMPLETA,1959.5165,1102.5,137.4,78.0,547.2,3,0.4166666666666667,2,0,3,688,3857,1122.724563953487,4.5
20264,1.0,720,2026-08-06T00:00,SIN_DEMANDA,0,,,,,,,0,0,0,688,3857,1122.724563953487,4.5
20264,1.0,721,2026-08-06T00:10,SIN_DEMANDA,0,,,,,,,0,0,0,688,3857,1122.724563953487,4.5
20264,1.0,722,2026-08-06T00:20,COMPLETA,1469.6768,596.0,596.0,48.0,417.6,2,0.8333333333333334,1,0,2,690,3862,1122.5934782608683,4.5
20264,1.0,723,2026-08-06T00:30,SIN_DEMANDA,0,,,,,,,0,0,0,692,3868,1123.062861271675,4.5
20264,1.0,724,2026-08-06T00:40,SIN_DEMANDA,0,,,,,,,0,0,0,694,3885,1123.667291066281,4.5
20264,1.0,725,2026-08-06T00:50,COMPLETA,3135.7086,1659.025,590.2,185.0,849.3,4,0.25,4,0,2,697,3905,1124.7938307030115,4.5
20264,1.0,726,2026-08-06T01:00,COMPLETA,2145.531,2003.25,1995.0,83.0,364.5,2,0.16666666666666666,2,0,0,698,3915,1123.5570200573052,4.5
20264,1.0,727,2026-08-06T01:10,COMPLETA,2293.9487,2003.25,1995.0,83.0,364.5,2,0.16666666666666666,2,0,0,700,3927,1126.245714285713,4.5
20264,1.0,728,2026-08-06T01:20,COMPLETA,2195.6927,2003.25,1995.0,83.0,304.5,2,0.16666666666666666,2,0,0,702,3937,1128.9111111111097,4.5
20264,1.0,729,2026-08-06T01:30,COMPLETA,2912.3616,2018.825,1995.0,189.0,732.3,5,0.19318181818181818,4,0,2,703,3942,1127.5007112375517,4.5
20264,1.0,730,2026-08-06T01:40,COMPLETA,3135.0112,2032.7749999999999,2011.5,122.0,569.4,5,0.32142857142857145,4,0,1,703,3942,1127.5007112375517,4.5
20264,1.0,731,2026-08-06T01:50,COMPLETA,2630.2925,2027.9666666666665,2011.5,78.0,403.8,4,0.3125,3,0,1,703,3948,1127.5007112375517,4.5
20264,1.0,732,2026-08-06T02:00,COMPLETA,2388.18,2043.9666666666665,2030.8,91.0,423.3,4,0.3541666666666667,3,0,1,704,3958,1126.7286931818167,4.5
20264,1.0,733,2026-08-06T02:10,COMPLETA,2828.0511,1357.8999999999999,382.0,125.0,564.9,5,0.39285714285714285,4,0,5,704,3958,1126.7286931818167,4.5
20264,1.0,734,2026-08-06T02:20,SIN_DEMANDA,0,,,,,,,0,0,0,705,3962,1125.9758865248211,4.5
20264,1.0,735,2026-08-06T02:30,COMPLETA,1800.8145,987.5,987.5,38.0,117.0,1,0.375,1,0,1,705,3962,1125.9758865248211,4.5
20264,1.0,736,2026-08-06T02:40,COMPLETA,1809.0468,2056.5,2054.5,92.0,258.0,2,0.22916666666666666,2,0,1,705,3962,1125.9758865248211,4.5
20264,1.0,737,2026-08-06T02:50,COMPLETA,2277.2529,2059.7,2030.4,92.0,393.6,3,0.35,2,0,3,706,3968,1127.2696883852677,4.5
20264,1.0,738,2026-08-06T03:00,SIN_DEMANDA,0,,,,,,,0,0,0,707,3970,1126.5100424328132,4.5
20264,1.0,739,2026-08-06T03:10,COMPLETA,1176.5307,970.5,970.5,43.0,124.5,1,0.125,1,0,1,707,3970,1126.5100424328132,4.5
20264,1.0,740,2026-08-06T03:20,SIN_DEMANDA,0,,,,,,,0,0,0,708,3971,1127.760028248586,4.5
20264,1.0,741,2026-08-06T03:30,COMPLETA,1812.6018,136.0,136.0,44.0,126.0,1,0.20833333333333334,1,0,1,709,3975,1129.043864598024,4.5
20264,1.0,742,2026-08-06T03:40,COMPLETA,2090.3309,917.1666666666666,95.0,146.0,513.0,4,0.265625,3,0,2,713,3999,1134.0907433380069,4.5
20264,1.0,743,2026-08-06T03:50,COMPLETA,2289.8082,1192.475,83.5,165.0,505.5,4,0.25,4,0,1,715,4009,1134.3331468531453,4.5
20264,1.0,744,2026-08-06T04:00,COMPLETA,2853.45,1412.725,592.5,141.0,469.5,4,0.3375,4,0,2,717,4015,1135.4454672245452,4.5
20264,1.0,745,2026-08-06T04:10,COMPLETA,1887.5497,1317.8,591.6,34.0,183.6,2,0.34375,2,0,0,718,4024,1135.239415041781,4.5
20264,1.0,746,2026-08-06T04:20,COMPLETA,2029.8583,1317.8,591.6,34.0,183.6,2,0.34375,2,0,1,719,4026,1136.5235048678705,4.5
20264,1.0,747,2026-08-06T04:30,COMPLETA,1930.2198,1235.25,426.5,46.0,306.0,2,0.16666666666666666,2,0,1,719,4026,1136.5235048678705,4.5
20264,1.0,748,2026-08-06T04:40,COMPLETA,1824.9431,516.25,426.5,96.0,372.0,2,0.28125,2,0,1,719,4026,1136.5235048678705,4.5
20264,1.0,749,2026-08-06T04:50,COMPLETA,2133.0896,961.5,389.5,120.0,537.0,4,0.11458333333333333,3,0,3,720,4035,1137.7649999999985,4.5
20264,1.0,750,2026-08-06T05:00,COMPLETA,1664.4056,713.75,426.5,46.0,384.0,3,0.275,2,0,2,721,4038,1137.5330097087362,4.5
20264,1.0,751,2026-08-06T05:10,COMPLETA,2008.7162,640.6666666666666,426.5,147.0,697.5,4,0.17708333333333334,3,0,1,722,4043,1136.1458448753447,4.5
20264,1.0,752,2026-08-06T05:20,COMPLETA,1889.5541,526.5666666666667,426.5,84.0,504.6,3,0.26785714285714285,3,0,1,723,4052,1137.4291839557384,4.5
20264,1.0,753,2026-08-06T05:30,COMPLETA,2116.3834,978.0,426.5,165.0,846.6,5,0.19230769230769232,3,0,1,723,4052,1137.4291839557384,4.5
20264,1.0,754,2026-08-06T05:40,COMPLETA,1825.2802,978.0,426.5,107.0,558.0,3,0.19444444444444445,3,0,0,724,4058,1138.69447513812,4.5
20264,1.0,755,2026-08-06T05:50,COMPLETA,1943.8246,978.0,426.5,107.0,558.0,3,0.19444444444444445,3,0,0,726,4069,1139.1878787878773,4.5
20264,1.0,756,2026-08-06T06:00,COMPLETA,2192.6635,871.75,426.5,253.0,1103.0,6,0.1527777777777778,4,0,0,727,4079,1138.9475928473162,4.5
20264,1.0,757,2026-08-06T06:10,COMPLETA,2490.0594,716.9,97.5,188.0,939.0,5,0.23333333333333334,5,0,0,728,4082,1137.4978021978006,4.5
20264,1.0,758,2026-08-06T06:20,COMPLETA,2907.1178,935.1666666666666,97.5,297.0,1323.0,7,0.2261904761904762,6,0,0,730,4098,1136.2861643835602,4.5
20264,1.0,759,2026-08-06T06:30,COMPLETA,3043.2122,1093.3857142857144,94.0,330.0,1765.2,9,0.21195652173913043,7,0,0,732,4107,1136.8352459016378,4.5
20264,1.0,760,2026-08-06T06:40,COMPLETA,3400.3742,969.55,80.4,358.0,2008.2,10,0.2784090909090909,8,0,0,732,4107,1136.8352459016378,4.5
20264,1.0,761,2026-08-06T06:50,COMPLETA,5768.0521,1028.3333333333333,80.4,557.0,2774.6,14,0.25735294117647056,12,0,0,733,4110,1136.1386084583885,4.5
20264,1.0,762,2026-08-06T07:00,COMPLETA,8835.7589,1105.5153846153846,80.4,605.0,3024.2,15,0.30303030303030304,13,0,13,734,4121,1135.9102179836495,4.5
20264,1.0,763,2026-08-06T07:10,COMPLETA,2196.3619,883.875,118.0,146.0,854.0,4,0.3125,4,0,4,734,4121,1135.9102179836495,4.5
20264,1.0,764,2026-08-06T07:20,COMPLETA,1944.0991,1104.25,129.5,66.0,792.0,4,0.5,2,0,3,734,4121,1135.9102179836495,4.5
20264,1.0,765,2026-08-06T07:30,COMPLETA,1830.6476,554.25,129.5,72.0,375.0,2,0.3125,2,0,2,734,4121,1135.9102179836495,4.5
20264,1.0,766,2026-08-06T07:40,SIN_DEMANDA,0,,,,,,,0,0,0,734,4121,1135.9102179836495,4.5
20264,1.0,767,2026-08-06T07:50,SIN_DEMANDA,0,,,,,,,0,0,0,734,4121,1135.9102179836495,4.5
20264,1.0,768,2026-08-06T08:00,SIN_DEMANDA,0,,,,,,,0,0,0,734,4121,1135.9102179836495,4.5
20264,1.0,769,2026-08-06T08:10,COMPLETA,1559.3134,937.8,937.8,105.0,492.0,2,0.625,1,0,2,735,4122,1137.1647619047603,4.5
20264,1.0,770,2026-08-06T08:20,COMPLETA,1947.121,1218.775,295.0,247.0,1257.8,5,0.25,4,0,4,738,4144,1138.8715447154455,4.5
20264,1.0,771,2026-08-06T08:30,COMPLETA,1812.7594,1274.45,550.4,88.0,427.8,2,0.15625,2,0,1,738,4144,1138.8715447154455,4.5
20264,1.0,772,2026-08-06T08:40,COMPLETA,1850.6084,1985.25,1972.0,54.0,321.0,2,0.125,2,0,0,742,4175,1137.5312668463596,4.5
20264,1.0,773,2026-08-06T08:50,COMPLETA,1875.5606,1985.25,1972.0,54.0,321.0,2,0.125,2,0,0,745,4201,1136.4386577181192,4.5
20264,1.0,774,2026-08-06T09:00,COMPLETA,2083.4632,1991.5,1972.0,92.0,498.0,3,0.1388888888888889,3,0,0,747,4207,1136.253413654617,4.5
20264,1.0,775,2026-08-06T09:10,COMPLETA,1938.7776,1512.625,76.0,124.0,666.0,4,0.17708333333333334,4,0,0,751,4225,1134.4924101198385,4.5
20264,1.0,776,2026-08-06T09:20,COMPLETA,2200.9475,1614.2,76.0,167.0,730.5,5,0.16666666666666666,5,0,0,752,4227,1133.5509308510623,4.5
20264,1.0,777,2026-08-06T09:30,COMPLETA,3122.7879,1624.7124999999999,76.0,293.0,1260.9,8,0.1625,8,0,1,752,4227,1133.5509308510623,4.5
20264,1.0,778,2026-08-06T09:40,COMPLETA,2946.0313,1780.8666666666666,73.6,340.0,1360.2,9,0.19047619047619047,9,0,0,752,4227,1133.5509308510623,4.5
20264,1.0,779,2026-08-06T09:50,COMPLETA,3337.7171,1639.6300000000003,76.0,369.0,1486.8,11,0.2375,10,0,3,752,4227,1133.5509308510623,4.5
20264,1.0,780,2026-08-06T10:00,COMPLETA,2887.0446,1752.5375,73.6,256.0,934.7,8,0.2152777777777778,8,0,1,752,4227,1133.5509308510623,4.5
20264,1.0,781,2026-08-06T10:10,COMPLETA,2614.1613,1629.775,64.0,241.0,1000.5,8,0.2421875,8,0,1,752,4233,1133.5509308510623,4.5
20264,1.0,782,2026-08-06T10:20,COMPLETA,3233.0926,1561.309090909091,40.0,387.0,1350.3,11,0.23,11,0,4,752,4233,1133.5509308510623,4.5
20264,1.0,783,2026-08-06T10:30,COMPLETA,2664.1833,1404.5,40.0,307.0,1059.3,8,0.2361111111111111,8,0,6,754,4241,1132.5685676392557,4.5
20264,1.0,784,2026-08-06T10:40,COMPLETA,2009.2095,990.1,38.5,151.0,554.7,4,0.3125,4,0,1,754,4241,1132.5685676392557,4.5
20264,1.0,785,2026-08-06T10:50,COMPLETA,1934.6737,775.675,38.5,141.0,500.1,4,0.3125,4,0,1,754,4241,1132.5685676392557,4.5
20264,1.0,786,2026-08-06T11:00,COMPLETA,1717.4793,1016.3000000000001,72.4,102.0,412.2,3,0.325,3,0,1,755,4243,1133.7082119205281,4.5
20264,1.0,787,2026-08-06T11:10,COMPLETA,1452.9339,475.3,81.6,95.0,312.0,2,0.34375,2,0,1,755,4243,1133.7082119205281,4.5
20264,1.0,788,2026-08-06T11:20,COMPLETA,1934.4715,615.8000000000001,345.0,104.0,599.2,4,0.475,3,0,2,759,4254,1132.721475625822,4.5
20264,1.0,789,2026-08-06T11:30,COMPLETA,2261.1343,916.425,104.8,118.0,451.2,4,0.359375,4,0,2,760,4256,1132.5521052631564,4.5
20264,1.0,790,2026-08-06T11:40,COMPLETA,2229.1912,822.46,104.8,181.0,844.5,7,0.2826086956521739,5,0,3,761,4257,1133.722207621549,4.5
20264,1.0,791,2026-08-06T11:50,COMPLETA,2189.0332,924.6600000000001,104.8,143.0,541.5,5,0.25,5,0,1,765,4275,1136.1312418300638,4.5
20264,1.0,792,2026-08-06T12:00,COMPLETA,2942.8578,1347.8666666666668,104.8,219.0,728.1,6,0.22321428571428573,6,0,5,767,4281,1138.4312907431538,4.5
20264,1.0,793,2026-08-06T12:10,COMPLETA,2426.5641,1660.6000000000001,869.0,114.0,374.4,3,0.4107142857142857,3,0,2,770,4291,1141.92857142857,4.5
20264,1.0,794,2026-08-06T12:20,COMPLETA,1537.485,2046.0,2046.0,48.0,132.0,1,0.4166666666666667,1,0,1,771,4293,1143.1225680933837,4.5
20264,1.0,795,2026-08-06T12:30,COMPLETA,2141.6685,1570.95,120.6,161.0,531.9,4,0.234375,4,0,3,772,4300,1141.691709844558,4.5
20264,1.0,796,2026-08-06T12:40,COMPLETA,1597.1273,235.8,111.8,68.0,283.20000000000005,2,0.625,2,0,0,773,4303,1142.7761966364797,4.5
20264,1.0,797,2026-08-06T12:50,COMPLETA,1670.6162,282.7,120.6,118.0,418.20000000000005,3,0.275,3,0,3,776,4319,1140.1420103092769,4.5
20264,1.0,798,2026-08-06T13:00,SIN_DEMANDA,0,,,,,,,0,0,0,777,4323,1139.8913770913757,4.5
20264,1.0,799,2026-08-06T13:10,COMPLETA,1511.2504,1116.35,162.2,52.0,210.6,2,0.40625,2,0,2,779,4336,1139.7960205391514,4.5
20264,1.0,800,2026-08-06T13:20,COMPLETA,1616.077,135.5,135.5,30.0,105.0,1,0.375,1,0,0,780,4339,1139.5853846153832,4.5
20264,1.0,801,2026-08-06T13:30,COMPLETA,2328.912,1247.875,43.5,130.0,615.0,4,0.22916666666666666,4,0,1,783,4355,1138.4132822477636,4.5
20264,1.0,802,2026-08-06T13:40,COMPLETA,2344.7717,1521.575,43.5,100.0,575.4,4,0.325,4,0,1,784,4361,1137.0948979591824,4.5
20264,1.0,803,2026-08-06T13:50,COMPLETA,1864.3615,1334.1666666666667,43.5,94.0,501.0,3,0.2916666666666667,3,0,0,787,4376,1139.0885641677244,4.5
20264,1.0,804,2026-08-06T14:00,COMPLETA,2413.3398,1218.0,41.5,268.0,1242.0,7,0.16666666666666666,5,0,0,791,4391,1143.6876106194677,4.5
20264,1.0,805,2026-08-06T14:10,COMPLETA,3793.0074,1047.3111111111111,41.5,387.0,1859.7,10,0.25,9,0,0,791,4391,1143.6876106194677,4.5
20264,1.0,806,2026-08-06T14:20,COMPLETA,6025.0605,940.6818181818181,41.5,447.0,2238.3,12,0.26785714285714285,11,0,0,791,4391,1143.6876106194677,4.5
20264,1.0,807,2026-08-06T14:30,COMPLETA,5918.8224,940.6818181818181,41.5,447.0,2238.3,12,0.26785714285714285,11,0,0,794,4408,1140.1967254408046,4.5
20264,1.0,808,2026-08-06T14:40,COMPLETA,6137.0444,940.6818181818181,41.5,447.0,2238.3,12,0.26785714285714285,11,0,0,796,4416,1142.4883165829133,4.5
20264,1.0,809,2026-08-06T14:50,COMPLETA,5957.0718,940.6818181818181,41.5,447.0,2238.3,12,0.26785714285714285,11,0,0,798,4423,1142.6760651629058,4.5
20264,1.0,810,2026-08-06T15:00,COMPLETA,5746.2505,940.6818181818181,41.5,447.0,2238.3,12,0.26785714285714285,11,0,12,799,4424,1142.4837296620763,4.5
20264,1.0,811,2026-08-06T15:10,COMPLETA,1166.5381,2028.0,2028.0,74.0,231.0,1,0.08333333333333333,1,0,1,799,4424,1142.4837296620763,4.5
20264,1.0,812,2026-08-06T15:20,COMPLETA,1592.9462,601.5,601.5,66.0,219.0,1,0.3333333333333333,1,0,1,799,4424,1142.4837296620763,4.5
20264,1.0,813,2026-08-06T15:30,COMPLETA,2613.4725,1505.8666666666666,388.2,96.0,716.6,4,0.5,3,0,4,799,4424,1142.4837296620763,4.5
20264,1.0,814,2026-08-06T15:40,COMPLETA,1933.9789,2066.8,2066.8,52.0,364.8,2,0.3125,1,0,2,799,4424,1142.4837296620763,4.5
20264,1.0,815,2026-08-06T15:50,COMPLETA,1130.0674,348.0,348.0,51.0,242.4,1,0.125,1,0,1,799,4424,1142.4837296620763,4.5
20264,1.0,816,2026-08-06T16:00,COMPLETA,1981.473,1473.4,960.8,58.0,368.4,2,0.25,2,0,1,799,4424,1142.4837296620763,4.5
20264,1.0,817,2026-08-06T16:10,COMPLETA,1922.3575,2024.0,1986.0,72.0,522.0,3,0.35,2,0,2,799,4424,1142.4837296620763,4.5
20264,1.0,818,2026-08-06T16:20,COMPLETA,2169.3232,2008.5,1986.0,60.0,618.0,3,0.375,2,0,2,800,4431,1141.8062499999987,4.5
20264,1.0,819,2026-08-06T16:30,COMPLETA,2424.8198,1977.0,1968.0,116.0,580.8,3,0.23214285714285715,2,0,1,805,4454,1142.6787577639739,4.5
20264,1.0,820,2026-08-06T16:40,COMPLETA,2135.4862,1977.0,1968.0,64.0,336.0,2,0.16666666666666666,2,0,0,808,4479,1142.1144801980186,4.5
20264,1.0,821,2026-08-06T16:50,COMPLETA,2014.2073,1977.0,1968.0,64.0,336.0,2,0.16666666666666666,2,0,0,808,4479,1142.1144801980186,4.5
20264,1.0,822,2026-08-06T17:00,COMPLETA,2413.3557,1999.1666666666667,1968.0,86.0,489.0,3,0.1388888888888889,3,0,0,812,4498,1142.4330049261068,4.5
20264,1.0,823,2026-08-06T17:10,COMPLETA,2687.7852,1533.625,137.0,118.0,769.0,5,0.1875,4,0,2,812,4498,1142.4330049261068,4.5
20264,1.0,824,2026-08-06T17:20,COMPLETA,2500.843,1999.1666666666667,1968.0,86.0,429.0,3,0.1388888888888889,3,0,0,816,4515,1142.654289215685,4.5
20264,1.0,825,2026-08-06T17:30,COMPLETA,2589.4395,1999.1666666666667,1968.0,86.0,309.0,3,0.1388888888888889,3,0,1,816,4515,1142.654289215685,4.5
20264,1.0,826,2026-08-06T17:40,COMPLETA,2525.1207,1438.0,360.0,88.0,312.0,3,0.25,3,0,1,816,4515,1142.654289215685,4.5
20264,1.0,827,2026-08-06T17:50,COMPLETA,3433.2061,1077.0,360.0,211.0,904.5,7,0.2962962962962963,5,0,6,817,4525,1143.7795593635237,4.5
20264,1.0,828,2026-08-06T18:00,COMPLETA,2199.2203,241.5,123.0,46.0,208.8,2,0.46875,2,0,0,818,4529,1143.5558679706587,4.5
20264,1.0,829,2026-08-06T18:10,COMPLETA,3511.5723,1109.1399999999999,142.5,172.0,882.6,7,0.32954545454545453,5,0,2,819,4530,1142.584493284492,4.5
20264,1.0,830,2026-08-06T18:20,COMPLETA,3031.932,929.7249999999999,324.8,132.0,564.6,5,0.39285714285714285,4,0,2,820,4538,1143.667926829267,4.5
20264,1.0,831,2026-08-06T18:30,COMPLETA,2267.9535,554.5,324.8,154.0,617.4,5,0.25,3,0,2,820,4538,1143.667926829267,4.5
20264,1.0,832,2026-08-06T18:40,COMPLETA,2471.6619,912.7666666666668,324.8,166.0,646.2,5,0.3392857142857143,3,0,5,820,4543,1143.667926829267,4.5
20264,1.0,833,2026-08-06T18:50,SIN_DEMANDA,0,,,,,,,0,0,0,823,4554,1144.5616038882126,4.5
20264,1.0,834,2026-08-06T19:00,COMPLETA,1768.4207,372.5,140.5,100.0,270.0,2,0.125,2,0,2,823,4554,1144.5616038882126,4.5
20264,1.0,835,2026-08-06T19:10,COMPLETA,2093.0671,1221.8,389.0,80.0,276.0,2,0.3125,2,0,2,823,4554,1144.5616038882126,4.5
20264,1.0,836,2026-08-06T19:20,COMPLETA,1874.7205,2029.2,2029.2,50.0,180.0,1,0.625,1,0,1,824,4559,1143.6434466019405,4.5
20264,1.0,837,2026-08-06T19:30,COMPLETA,1814.0807,349.0,349.0,56.0,144.0,1,0.4166666666666667,1,0,0,825,4568,1144.7541818181805,4.5
20264,1.0,838,2026-08-06T19:40,COMPLETA,2141.1363,645.4,334.8,172.0,538.8,3,0.45,2,0,2,828,4580,1145.6568840579696,4.5
20264,1.0,839,2026-08-06T19:50,COMPLETA,1787.2605,956.0,956.0,60.0,150.0,1,0.3333333333333333,1,0,1,829,4584,1145.0095295536778,4.5
20264,1.0,840,2026-08-06T20:00,COMPLETA,2172.0685,1324.25,600.0,118.0,297.0,2,0.25,2,0,1,831,4595,1144.6107099879648,4.5
20264,1.0,841,2026-08-06T20:10,COMPLETA,1950.0819,783.0,600.0,101.0,271.5,2,0.20833333333333334,2,0,2,832,4600,1145.6893028846139,4.5
20264,1.0,842,2026-08-06T20:20,COMPLETA,2589.1362,2060.2999999999997,2045.5,82.0,339.0,3,0.3,3,0,2,834,4618,1145.8037170263776,4.5
20264,1.0,843,2026-08-06T20:30,COMPLETA,1748.068,2045.5,2045.5,42.0,123.0,1,0.375,1,0,1,835,4619,1144.852455089819,4.5
20264,1.0,844,2026-08-06T20:40,COMPLETA,1060.5452,143.2,143.2,24.0,117.6,1,0.5,1,0,1,837,4632,1142.74946236559,4.5
20264,1.0,845,2026-08-06T20:50,COMPLETA,1612.1395,2084.6,2084.6,24.0,177.6,2,0.375,1,0,2,839,4635,1143.1947556615005,4.5
20264,1.0,846,2026-08-06T21:00,SIN_DEMANDA,0,,,,,,,0,0,0,839,4635,1143.1947556615005,4.5
20264,1.0,847,2026-08-06T21:10,COMPLETA,1743.6921,687.75,387.0,66.0,219.0,2,0.22916666666666666,2,0,2,839,4635,1143.1947556615005,4.5
20264,1.0,848,2026-08-06T21:20,COMPLETA,1248.7317,1960.0,1960.0,44.0,186.0,1,0.041666666666666664,1,0,0,839,4635,1143.1947556615005,4.5
20264,1.0,849,2026-08-06T21:30,COMPLETA,1995.1741,1120.25,280.5,160.0,600.0,3,0.09722222222222222,2,0,0,840,4640,1144.2495238095223,4.5
20264,1.0,850,2026-08-06T21:40,COMPLETA,1985.1929,1120.25,280.5,160.0,600.0,3,0.09722222222222222,2,0,0,841,4648,1144.0256837098677,4.5
20264,1.0,851,2026-08-06T21:50,COMPLETA,2534.1597,753.0,222.5,302.0,1060.5,5,0.11666666666666667,4,0,0,844,4664,1145.236137440757,4.5
20264,1.0,852,2026-08-06T22:00,COMPLETA,2721.7721,753.0,222.5,302.0,1060.5,5,0.11666666666666667,4,0,0,847,4676,1145.46670602125,4.5
20264,1.0,853,2026-08-06T22:10,COMPLETA,2578.5477,753.0,222.5,302.0,1060.5,5,0.11666666666666667,4,0,0,850,4695,1146.4512941176456,4.5
20264,1.0,854,2026-08-06T22:20,COMPLETA,2676.9199,753.0,222.5,302.0,1060.5,5,0.11666666666666667,4,0,0,850,4695,1146.4512941176456,4.5
20264,1.0,855,2026-08-06T22:30,COMPLETA,2509.0706,753.0,222.5,302.0,1060.5,5,0.11666666666666667,4,0,0,850,4695,1146.4512941176456,4.5
20264,1.0,856,2026-08-06T22:40,COMPLETA,4129.2652,860.5,222.5,428.0,1609.5,8,0.14583333333333334,7,0,0,852,4706,1145.3745305164305,4.5
20264,1.0,857,2026-08-06T22:50,COMPLETA,5909.989,846.5555555555555,222.5,367.0,1737.0,9,0.19907407407407407,9,0,0,852,4706,1145.3745305164305,4.5
20264,1.0,858,2026-08-06T23:00,COMPLETA,8315.0927,796.3090909090909,162.4,495.0,2236.2,12,0.24166666666666667,11,0,12,852,4706,1145.3745305164305,4.5
20264,1.0,859,2026-08-06T23:10,COMPLETA,2335.4992,1513.2,990.4,168.0,883.2,4,0.375,2,0,4,852,4706,1145.3745305164305,4.5
20264,1.0,860,2026-08-06T23:20,COMPLETA,1741.164,2064.0,2064.0,48.0,192.0,1,0.3333333333333333,1,0,1,852,4706,1145.3745305164305,4.5
20264,1.0,861,2026-08-06T23:30,SIN_DEMANDA,0,,,,,,,0,0,0,852,4706,1145.3745305164305,4.5
20264,1.0,862,2026-08-06T23:40,SIN_DEMANDA,0,,,,,,,0,0,0,852,4706,1145.3745305164305,4.5
20264,1.0,863,2026-08-06T23:50,COMPLETA,1916.3114,636.6,636.6,24.0,297.6,2,0.5625,1,0,2,852,4706,1145.3745305164305,4.5
20264,1.0,864,2026-08-07T00:00,SIN_DEMANDA,0,,,,,,,0,0,0,852,4706,1145.3745305164305,4.5
20264,1.0,865,2026-08-07T00:10,SIN_DEMANDA,0,,,,,,,0,0,0,853,4714,1144.2221570926129,4.5
20264,1.0,866,2026-08-07T00:20,COMPLETA,1710.5517,372.8,372.8,36.0,206.4,1,0.75,1,0,1,854,4724,1144.0386416861813,4.5
20264,1.0,867,2026-08-07T00:30,COMPLETA,1656.7904,600.2,600.2,132.0,676.8,3,0.375,1,0,3,855,4729,1143.4142690058466,4.5
20264,1.0,868,2026-08-07T00:40,SIN_DEMANDA,0,,,,,,,0,0,0,861,4754,1141.7768873403006,4.5
20264,1.0,869,2026-08-07T00:50,SIN_DEMANDA,0,,,,,,,0,0,0,863,4764,1141.815063731169,4.5
20264,1.0,870,2026-08-07T01:00,COMPLETA,1863.7544,585.6,585.6,44.0,165.6,1,1.0,1,0,1,864,4772,1142.8824074074062,4.5
20264,1.0,871,2026-08-07T01:10,COMPLETA,2220.0568,2049.9,2049.0,62.0,300.0,2,0.34375,2,0,1,866,4790,1143.329099307158,4.5
20264,1.0,872,2026-08-07T01:20,COMPLETA,2018.0085,1076.75,104.5,100.0,270.0,2,0.3541666666666667,2,0,0,866,4790,1143.329099307158,4.5
20264,1.0,873,2026-08-07T01:30,COMPLETA,2582.1182,1408.5,104.5,120.0,378.0,3,0.35714285714285715,3,0,3,866,4790,1143.329099307158,4.5
20264,1.0,874,2026-08-07T01:40,COMPLETA,1175.4269,936.5,936.5,70.0,165.0,1,0.16666666666666666,1,0,0,866,4790,1143.329099307158,4.5
20264,1.0,875,2026-08-07T01:50,COMPLETA,2046.3039,1457.5,936.5,211.0,700.0,3,0.1388888888888889,2,0,0,866,4790,1143.329099307158,4.5
20264,1.0,876,2026-08-07T02:00,COMPLETA,2971.5949,1072.95,396.0,197.0,647.4,4,0.2,4,0,2,866,4790,1143.329099307158,4.5
20264,1.0,877,2026-08-07T02:10,COMPLETA,2232.0782,1454.5,930.5,211.0,712.0,3,0.1388888888888889,2,0,2,868,4799,1141.3805299539158,4.5
20264,1.0,878,2026-08-07T02:20,COMPLETA,2039.5597,1301.0,623.5,114.0,383.0,2,0.22916666666666666,2,0,1,868,4799,1141.3805299539158,4.5
20264,1.0,879,2026-08-07T02:30,COMPLETA,1871.4563,1180.5,382.5,123.0,385.0,2,0.22916666666666666,2,0,2,869,4808,1140.7577675489053,4.5
20264,1.0,880,2026-08-07T02:40,COMPLETA,1199.9745,379.5,379.5,54.0,141.0,1,0.16666666666666666,1,0,1,869,4808,1140.7577675489053,4.5
20264,1.0,881,2026-08-07T02:50,SIN_DEMANDA,0,,,,,,,0,0,0,869,4808,1140.7577675489053,4.5
20264,1.0,882,2026-08-07T03:00,SIN_DEMANDA,0,,,,,,,0,0,0,872,4822,1143.9108944954116,4.5
20264,1.0,883,2026-08-07T03:10,COMPLETA,2607.6299,1361.5500000000002,373.0,102.0,534.4,4,0.35714285714285715,4,0,3,872,4822,1143.9108944954116,4.5
20264,1.0,884,2026-08-07T03:20,COMPLETA,1323.7786,2050.8,2050.8,20.0,108.0,1,0.5,1,0,0,873,4830,1143.2713631156917,4.5
20264,1.0,885,2026-08-07T03:30,COMPLETA,1313.6269,2050.8,2050.8,20.0,108.0,1,0.5,1,0,1,874,4831,1142.4163615560628,4.5
20264,1.0,886,2026-08-07T03:40,COMPLETA,2276.7434,1567.8333333333333,625.5,195.0,472.5,3,0.18055555555555555,3,0,3,876,4843,1141.0538812785376,4.5
20264,1.0,887,2026-08-07T03:50,COMPLETA,2104.2819,2073.7,2071.2,62.0,328.79999999999995,3,0.5833333333333334,2,0,3,876,4843,1141.0538812785376,4.5
20264,1.0,888,2026-08-07T04:00,COMPLETA,1798.3506,2038.5,2038.5,54.0,141.0,1,0.375,1,0,0,877,4850,1140.4637400228037,4.5
20264,1.0,889,2026-08-07T04:10,COMPLETA,2390.7443,1688.9666666666665,975.0,124.0,400.2,3,0.23214285714285715,3,0,2,879,4861,1139.3625711035254,4.5
20264,1.0,890,2026-08-07T04:20,COMPLETA,1642.9078,546.25,117.5,94.0,261.0,2,0.16666666666666666,2,0,1,879,4861,1139.3625711035254,4.5
20264,1.0,891,2026-08-07T04:30,COMPLETA,2107.8254,1053.7666666666667,93.5,110.0,359.4,3,0.25,3,0,2,880,4865,1138.4990909090898,4.5
20264,1.0,892,2026-08-07T04:40,COMPLETA,1959.362,556.5,93.5,154.0,541.0,4,0.25,3,0,2,880,4865,1138.4990909090898,4.5
20264,1.0,893,2026-08-07T04:50,COMPLETA,1718.1432,338.75,93.5,134.0,321.0,2,0.16666666666666666,2,0,1,882,4873,1139.271088435373,4.5
20264,1.0,894,2026-08-07T05:00,COMPLETA,1144.9294,584.0,584.0,72.0,168.0,1,0.08333333333333333,1,0,1,885,4881,1140.4563841807899,4.5
20264,1.0,895,2026-08-07T05:10,SIN_DEMANDA,0,,,,,,,0,0,0,887,4891,1140.9307779030428,4.5
20264,1.0,896,2026-08-07T05:20,SIN_DEMANDA,0,,,,,,,0,0,0,888,4901,1141.978378378377,4.5
20264,1.0,897,2026-08-07T05:30,SIN_DEMANDA,0,,,,,,,0,0,0,889,4906,1143.0003374578166,4.5
20264,1.0,898,2026-08-07T05:40,SIN_DEMANDA,0,,,,,,,0,0,0,889,4906,1143.0003374578166,4.5
20264,1.0,899,2026-08-07T05:50,COMPLETA,2768.1801,1148.8333333333333,531.5,312.0,1188.0,6,0.1597222222222222,3,0,0,892,4913,1144.8482062780256,4.5
20264,1.0,900,2026-08-07T06:00,COMPLETA,2647.48,1148.8333333333333,531.5,312.0,1188.0,6,0.1597222222222222,3,0,0,895,4929,1146.6921787709487,4.5
20264,1.0,901,2026-08-07T06:10,COMPLETA,3893.0195,991.1600000000001,531.5,400.0,1762.8,9,0.18478260869565216,5,0,0,896,4935,1146.5195312499989,4.5
20264,1.0,902,2026-08-07T06:20,COMPLETA,7097.3264,1194.2625,501.8,492.0,2223.6,11,0.255,8,0,0,896,4935,1146.5195312499989,4.5
20264,1.0,903,2026-08-07T06:30,COMPLETA,7187.9789,1284.6555555555558,501.8,606.0,2824.8,14,0.23660714285714285,9,0,0,896,4935,1146.5195312499989,4.5
20264,1.0,904,2026-08-07T06:40,COMPLETA,7213.5553,1284.6555555555558,501.8,606.0,2824.8,14,0.23660714285714285,9,0,0,896,4935,1146.5195312499989,4.5
20264,1.0,905,2026-08-07T06:50,COMPLETA,7213.0553,1284.6555555555558,501.8,606.0,2824.8,14,0.23660714285714285,9,0,0,897,4941,1145.3455964325517,4.5
20264,1.0,906,2026-08-07T07:00,COMPLETA,7528.3415,1248.7,501.8,712.0,3016.2,14,0.23333333333333334,10,0,14,898,4943,1144.720489977727,4.5
20264,1.0,907,2026-08-07T07:10,COMPLETA,2399.7086,2052.35,2033.5,102.0,556.2,3,0.425,2,0,2,898,4943,1144.720489977727,4.5
20264,1.0,908,2026-08-07T07:20,COMPLETA,2440.2806,1487.05,940.6,140.0,688.6,3,0.4,2,0,2,898,4943,1144.720489977727,4.5
20264,1.0,909,2026-08-07T07:30,COMPLETA,1665.5087,2033.5,2033.5,54.0,201.0,1,0.375,1,0,1,898,4943,1144.720489977727,4.5
20264,1.0,910,2026-08-07T07:40,COMPLETA,1817.3606,987.0,987.0,28.0,162.0,1,0.4166666666666667,1,0,1,898,4943,1144.720489977727,4.5
20264,1.0,911,2026-08-07T07:50,SIN_DEMANDA,0,,,,,,,0,0,0,898,4943,1144.720489977727,4.5
20264,1.0,912,2026-08-07T08:00,COMPLETA,1768.6145,2072.0,2072.0,20.0,168.0,1,0.875,1,0,1,898,4943,1144.720489977727,4.5
20264,1.0,913,2026-08-07T08:10,COMPLETA,1910.9284,554.3,139.6,104.0,609.6,3,0.3333333333333333,2,0,3,898,4943,1144.720489977727,4.5
20264,1.0,914,2026-08-07T08:20,COMPLETA,1613.9146,95.2,95.2,56.0,254.4,1,0.875,1,0,1,899,4953,1144.1084538375962,4.5
20264,1.0,915,2026-08-07T08:30,COMPLETA,1928.4649,2021.5,2020.0,106.0,890.0,3,0.5833333333333334,2,0,3,900,4954,1143.8816666666655,4.5
20264,1.0,916,2026-08-07T08:40,SIN_DEMANDA,0,,,,,,,0,0,0,904,4980,1146.1830752212377,4.5
20264,1.0,917,2026-08-07T08:50,SIN_DEMANDA,0,,,,,,,0,0,0,906,4991,1146.9453642384094,4.5
20264,1.0,918,2026-08-07T09:00,SIN_DEMANDA,0,,,,,,,0,0,0,907,4993,1147.8941565600871,4.5
20264,1.0,919,2026-08-07T09:10,SIN_DEMANDA,0,,,,,,,0,0,0,909,5012,1147.4173817381727,4.5
20264,1.0,920,2026-08-07T09:20,COMPLETA,1356.9227,965.0,965.0,24.0,156.0,1,0.125,1,0,0,911,5026,1147.6813391877047,4.5
20264,1.0,921,2026-08-07T09:30,COMPLETA,1595.582,965.0,965.0,24.0,96.0,1,0.125,1,0,0,912,5033,1148.694846491227,4.5
20264,1.0,922,2026-08-07T09:40,COMPLETA,2861.1439,1135.8,402.0,92.0,424.8,4,0.28125,3,0,1,913,5040,1148.466922234391,4.5
20264,1.0,923,2026-08-07T09:50,COMPLETA,2818.5598,1197.4666666666667,587.0,144.0,502.8,4,0.265625,3,0,1,914,5047,1147.3631291028435,4.5
20264,1.0,924,2026-08-07T10:00,COMPLETA,2224.0294,1313.7,587.0,120.0,406.8,3,0.35,2,0,3,915,5048,1147.1681967213103,4.5
20264,1.0,925,2026-08-07T10:10,SIN_DEMANDA,0,,,,,,,0,0,0,915,5048,1147.1681967213103,4.5
20264,1.0,926,2026-08-07T10:20,COMPLETA,2023.5952,673.75,381.0,112.0,377.0,3,0.1527777777777778,2,0,1,915,5048,1147.1681967213103,4.5
20264,1.0,927,2026-08-07T10:30,COMPLETA,1733.5665,966.5,966.5,72.0,257.0,2,0.10416666666666667,1,0,2,915,5048,1147.1681967213103,4.5
20264,1.0,928,2026-08-07T10:40,COMPLETA,2058.4319,1331.65,628.8,89.0,267.9,2,0.46875,2,0,2,917,5057,1146.9761177753533,4.5
20264,1.0,929,2026-08-07T10:50,COMPLETA,1537.3578,2089.0,2089.0,12.0,78.0,1,0.20833333333333334,1,0,1,918,5062,1147.9271241830054,4.5
20264,1.0,930,2026-08-07T11:00,COMPLETA,1830.0316,1335.75,626.5,106.0,279.0,2,0.3333333333333333,2,0,2,919,5071,1147.1154515778007,4.5
20264,1.0,931,2026-08-07T11:10,COMPLETA,1954.2641,502.95,385.5,74.0,256.2,2,0.40625,2,0,2,919,5071,1147.1154515778007,4.5
20264,1.0,932,2026-08-07T11:20,COMPLETA,1815.9726,556.0,142.0,90.0,292.8,2,0.28125,2,0,1,920,5074,1146.9174999999989,4.5
20264,1.0,933,2026-08-07T11:30,COMPLETA,1653.3707,970.0,970.0,48.0,132.0,1,0.20833333333333334,1,0,1,920,5074,1146.9174999999989,4.5
20264,1.0,934,2026-08-07T11:40,SIN_DEMANDA,0,,,,,,,0,0,0,921,5080,1147.8876221498358,4.5
20264,1.0,935,2026-08-07T11:50,COMPLETA,1106.835,162.4,162.4,8.0,79.2,1,0.125,1,0,1,922,5086,1147.0558568329704,4.5
20264,1.0,936,2026-08-07T12:00,COMPLETA,1244.6636,2037.4,2037.4,48.0,175.2,1,0.375,1,0,1,924,5099,1147.4691558441546,4.5
20264,1.0,937,2026-08-07T12:10,SIN_DEMANDA,0,,,,,,,0,0,0,925,5104,1146.9084324324313,4.5
20264,1.0,938,2026-08-07T12:20,COMPLETA,1716.9879,2062.2,2062.2,48.0,235.2,2,0.4375,1,0,2,926,5109,1146.7136069114458,4.5
20264,1.0,939,2026-08-07T12:30,COMPLETA,1399.4591,122.4,122.4,39.0,153.6,1,0.125,1,0,1,926,5109,1146.7136069114458,4.5
20264,1.0,940,2026-08-07T12:40,COMPLETA,1678.245,2055.0,2055.0,52.0,138.0,1,0.25,1,0,1,927,5119,1146.1524271844648,4.5
20264,1.0,941,2026-08-07T12:50,COMPLETA,1172.2896,404.0,404.0,16.0,84.0,1,0.125,1,0,1,931,5148,1146.690332975294,4.5
20264,1.0,942,2026-08-07T13:00,COMPLETA,1859.6705,2051.0,2046.0,116.0,294.0,2,0.22916666666666666,2,0,2,933,5153,1144.5585209003202,4.5
20264,1.0,943,2026-08-07T13:10,SIN_DEMANDA,0,,,,,,,0,0,0,934,5158,1144.3716274089923,4.5
20264,1.0,944,2026-08-07T13:20,SIN_DEMANDA,0,,,,,,,0,0,0,934,5158,1144.3716274089923,4.5
20264,1.0,945,2026-08-07T13:30,SIN_DEMANDA,0,,,,,,,0,0,0,934,5158,1144.3716274089923,4.5
20264,1.0,946,2026-08-07T13:40,SIN_DEMANDA,0,,,,,,,0,0,0,934,5158,1144.3716274089923,4.5
20264,1.0,947,2026-08-07T13:50,COMPLETA,1241.488,331.0,331.0,24.0,156.0,1,0.041666666666666664,1,0,0,935,5165,1145.353262032084,4.5
20264,1.0,948,2026-08-07T14:00,COMPLETA,1940.1207,1159.5,331.0,88.0,372.0,2,0.14583333333333334,2,0,0,936,5168,1146.306303418802,4.5
20264,1.0,949,2026-08-07T14:10,COMPLETA,1982.8677,1159.5,331.0,88.0,372.0,2,0.14583333333333334,2,0,0,937,5171,1145.5140875133388,4.5
20264,1.0,950,2026-08-07T14:20,COMPLETA,2107.7452,973.8333333333334,331.0,170.0,735.0,4,0.14583333333333334,3,0,0,938,5177,1146.4836886993587,4.5
20264,1.0,951,2026-08-07T14:30,COMPLETA,2132.3219,973.8333333333334,331.0,170.0,735.0,4,0.14583333333333334,3,0,0,939,5178,1145.3930777422775,4.5
20264,1.0,952,2026-08-07T14:40,COMPLETA,2411.2637,875.625,331.0,174.0,741.0,4,0.20833333333333334,4,0,0,940,5182,1146.3618085106366,4.5
20264,1.0,953,2026-08-07T14:50,COMPLETA,2444.0152,875.625,331.0,174.0,741.0,4,0.20833333333333334,4,0,0,940,5182,1146.3618085106366,4.5
20264,1.0,954,2026-08-07T15:00,COMPLETA,2462.7128,875.625,331.0,174.0,741.0,4,0.20833333333333334,4,0,4,941,5189,1147.317853347501,4.5
20264,1.0,955,2026-08-07T15:10,SIN_DEMANDA,0,,,,,,,0,0,0,941,5189,1147.317853347501,4.5
20264,1.0,956,2026-08-07T15:20,COMPLETA,1711.0196,2065.5,2065.5,39.0,178.5,1,0.2916666666666667,1,0,1,941,5189,1147.317853347501,4.5
20264,1.0,957,2026-08-07T15:30,SIN_DEMANDA,0,,,,,,,0,0,0,941,5189,1147.317853347501,4.5
20264,1.0,958,2026-08-07T15:40,COMPLETA,1937.7802,814.7,638.0,82.0,515.4,3,0.275,2,0,3,941,5189,1147.317853347501,4.5
20264,1.0,959,2026-08-07T15:50,COMPLETA,1617.2268,997.5,997.5,26.0,159.0,1,0.4166666666666667,1,0,1,941,5189,1147.317853347501,4.5
20264,1.0,960,2026-08-07T16:00,COMPLETA,2066.7866,1506.3333333333333,379.0,106.0,869.6,5,0.21875,3,0,5,941,5189,1147.317853347501,4.5
20264,1.0,961,2026-08-07T16:10,SIN_DEMANDA,0,,,,,,,0,0,0,941,5189,1147.317853347501,4.5
20264,1.0,962,2026-08-07T16:20,COMPLETA,1549.8038,2089.8,2089.8,12.0,268.8,2,0.5625,1,0,2,943,5197,1145.8744432661701,4.5
20264,1.0,963,2026-08-07T16:30,SIN_DEMANDA,0,,,,,,,0,0,0,943,5197,1145.8744432661701,4.5
20264,1.0,964,2026-08-07T16:40,COMPLETA,1807.5119,258.6,150.2,88.0,393.6,2,0.40625,2,0,2,943,5197,1145.8744432661701,4.5
20264,1.0,965,2026-08-07T16:50,COMPLETA,1610.1753,351.8,351.8,168.0,763.2,3,0.375,1,0,3,944,5203,1146.7665254237272,4.5
20264,1.0,966,2026-08-07T17:00,COMPLETA,1817.0083,962.6,962.6,42.0,160.8,1,1.0,1,0,1,947,5218,1146.6020063357955,4.5
20264,1.0,967,2026-08-07T17:10,SIN_DEMANDA,0,,,,,,,0,0,0,949,5237,1146.2813487881963,4.5
20264,1.0,968,2026-08-07T17:20,SIN_DEMANDA,0,,,,,,,0,0,0,950,5245,1147.2610526315773,4.5
20264,1.0,969,2026-08-07T17:30,COMPLETA,1019.021,592.5,592.5,71.0,166.5,1,0.16666666666666666,1,0,1,952,5255,1149.2130252100824,4.5
20264,1.0,970,2026-08-07T17:40,SIN_DEMANDA,0,,,,,,,0,0,0,953,5260,1148.4048268625377,4.5
20264,1.0,971,2026-08-07T17:50,COMPLETA,2789.6828,1778.75,977.0,158.0,606.8,4,0.453125,4,0,3,953,5260,1148.4048268625377,4.5
20264,1.0,972,2026-08-07T18:00,COMPLETA,1737.1616,2048.0,2048.0,30.0,105.0,1,0.375,1,0,0,953,5260,1148.4048268625377,4.5
20264,1.0,973,2026-08-07T18:10,COMPLETA,2188.3081,2035.5,2019.0,132.0,378.0,3,0.19444444444444445,3,0,1,954,5264,1147.358490566036,4.5
20264,1.0,974,2026-08-07T18:20,COMPLETA,2261.9519,1561.175,151.2,190.0,628.2,5,0.26136363636363635,4,0,3,954,5264,1147.358490566036,4.5
20264,1.0,975,2026-08-07T18:30,COMPLETA,2543.0118,1209.8,383.5,128.0,499.2,5,0.29545454545454547,4,0,4,955,5273,1146.5413612565428,4.5
20264,1.0,976,2026-08-07T18:40,COMPLETA,1217.4152,2019.0,2019.0,56.0,144.0,1,0.16666666666666666,1,0,1,955,5273,1146.5413612565428,4.5
20264,1.0,977,2026-08-07T18:50,COMPLETA,1132.5645,984.0,984.0,36.0,114.0,1,0.125,1,0,1,955,5273,1146.5413612565428,4.5
20264,1.0,978,2026-08-07T19:00,COMPLETA,1757.6234,2085.5,2085.5,10.0,75.0,1,0.4166666666666667,1,0,1,957,5290,1145.51870428422,4.5
20264,1.0,979,2026-08-07T19:10,COMPLETA,1564.2407,1336.5,608.6,106.0,434.4,3,0.5416666666666666,2,0,3,957,5290,1145.51870428422,4.5
20264,1.0,980,2026-08-07T19:20,COMPLETA,1613.755,2010.0,2010.0,104.0,369.6,2,0.625,1,0,1,957,5290,1145.51870428422,4.5
20264,1.0,981,2026-08-07T19:30,COMPLETA,1731.1256,1317.8,625.6,66.0,278.4,2,0.5,2,0,2,960,5309,1145.7238541666652,4.5
20264,1.0,982,2026-08-07T19:40,COMPLETA,1667.1871,251.4,131.0,68.0,426.4,3,0.75,2,0,3,961,5317,1144.9543184183126,4.5
20264,1.0,983,2026-08-07T19:50,COMPLETA,2175.6412,2044.75,2012.5,83.0,309.5,2,0.4166666666666667,2,0,1,962,5326,1143.9213097713082,4.5
20264,1.0,984,2026-08-07T20:00,COMPLETA,1727.1111,2012.5,2012.5,71.0,166.5,1,0.4166666666666667,1,0,0,964,5336,1145.7809128630688,4.5
20264,1.0,985,2026-08-07T20:10,COMPLETA,1932.403,2046.0,2012.5,89.0,253.5,2,0.3125,2,0,2,967,5356,1146.8746639089952,4.5
20264,1.0,986,2026-08-07T20:20,COMPLETA,1936.5535,1333.75,621.5,102.0,273.0,2,0.25,2,0,2,969,5360,1147.632404540762,4.5
20264,1.0,987,2026-08-07T20:30,SIN_DEMANDA,0,,,,,,,0,0,0,970,5364,1148.530721649483,4.5
20264,1.0,988,2026-08-07T20:40,SIN_DEMANDA,0,,,,,,,0,0,0,970,5364,1148.530721649483,4.5
20264,1.0,989,2026-08-07T20:50,SIN_DEMANDA,0,,,,,,,0,0,0,971,5368,1149.473944387228,4.5
20264,1.0,990,2026-08-07T21:00,COMPLETA,1504.7335,131.2,131.2,68.0,283.2,2,0.5625,1,0,2,972,5374,1148.9349794238667,4.5
20264,1.0,991,2026-08-07T21:10,SIN_DEMANDA,0,,,,,,,0,0,0,974,5393,1149.333059548253,4.5
20264,1.0,992,2026-08-07T21:20,COMPLETA,1092.185,403.5,403.5,22.0,93.0,1,0.16666666666666666,1,0,1,975,5399,1148.2886153846139,4.5
20264,1.0,993,2026-08-07T21:30,SIN_DEMANDA,0,,,,,,,0,0,0,977,5418,1148.446980552711,4.5
20264,1.0,994,2026-08-07T21:40,SIN_DEMANDA,0,,,,,,,0,0,0,977,5418,1148.446980552711,4.5
20264,1.0,995,2026-08-07T21:50,COMPLETA,1599.3695,545.5,545.5,108.0,402.0,2,0.20833333333333334,1,0,0,978,5420,1149.327914110428,4.5
20264,1.0,996,2026-08-07T22:00,COMPLETA,1767.152,1265.5,545.5,248.0,1229.0,4,0.15625,2,0,0,979,5424,1148.7887640449424,4.5
20264,1.0,997,2026-08-07T22:10,COMPLETA,1589.569,1265.5,545.5,248.0,1229.0,4,0.15625,2,0,0,979,5424,1148.7887640449424,4.5
20264,1.0,998,2026-08-07T22:20,COMPLETA,1893.1585,1265.5,545.5,248.0,1229.0,4,0.15625,2,0,0,981,5442,1150.5837920489282,4.5
20264,1.0,999,2026-08-07T22:30,COMPLETA,2272.4717,1527.5,545.5,222.0,1121.5,5,0.16666666666666666,3,0,0,981,5442,1150.5837920489282,4.5
20264,1.0,1000,2026-08-07T22:40,COMPLETA,2312.8091,1527.5,545.5,222.0,1121.5,5,0.16666666666666666,3,0,0,982,5446,1149.8230142566176,4.5
20264,1.0,1001,2026-08-07T22:50,COMPLETA,2375.4085,1387.125,545.5,290.0,1532.0,6,0.16666666666666666,4,0,0,983,5455,1148.786775178025,4.5
20264,1.0,1002,2026-08-07T23:00,COMPLETA,3181.6713,1153.0833333333333,387.0,300.0,1478.5,7,0.23809523809523808,6,0,7,983,5455,1148.786775178025,4.5
20264,1.0,1003,2026-08-07T23:10,COMPLETA,970.1577,392.0,392.0,32.0,168.0,1,0.041666666666666664,1,0,1,983,5455,1148.786775178025,4.5
20264,1.0,1004,2026-08-07T23:20,SIN_DEMANDA,0,,,,,,,0,0,0,983,5455,1148.786775178025,4.5
20264,1.0,1005,2026-08-07T23:30,COMPLETA,1788.2097,257.75,150.0,90.0,375.0,2,0.22916666666666666,2,0,2,983,5455,1148.786775178025,4.5
20264,1.0,1006,2026-08-07T23:40,SIN_DEMANDA,0,,,,,,,0,0,0,983,5455,1148.786775178025,4.5
20264,1.0,1007,2026-08-07T23:50,COMPLETA,1742.5244,1515.3000000000002,975.8,108.0,619.2,3,0.4166666666666667,2,0,3,983,5455,1148.786775178025,4.5
20264,1.0,1008,2026-08-08T00:00,SIN_DEMANDA,0,,,,,,,0,0,0,983,5455,1148.786775178025,4.5
20264,1.0,1009,2026-08-08T00:10,COMPLETA,1118.8226,154.4,154.4,18.0,163.2,1,0.375,1,0,1,983,5455,1148.786775178025,4.5
20264,1.0,1010,2026-08-08T00:20,COMPLETA,1737.1886,543.4,118.0,186.0,926.4,4,0.34375,2,0,4,984,5460,1149.704166666665,4.5
20264,1.0,1011,2026-08-08T00:30,SIN_DEMANDA,0,,,,,,,0,0,0,985,5466,1149.5349238578665,4.5
20264,1.0,1012,2026-08-08T00:40,COMPLETA,1445.2666,138.4,138.4,28.0,187.2,1,0.625,1,0,1,988,5481,1147.8106275303628,4.5
20264,1.0,1013,2026-08-08T00:50,SIN_DEMANDA,0,,,,,,,0,0,0,989,5491,1147.2016177957519,4.5
20264,1.0,1014,2026-08-08T01:00,COMPLETA,1234.2345,2071.8,2071.8,16.0,98.4,1,0.5,1,0,1,991,5501,1147.0412714429854,4.5
20264,1.0,1015,2026-08-08T01:10,COMPLETA,1857.9512,959.05,945.5,146.0,547.8,3,0.21428571428571427,2,0,1,991,5501,1147.0412714429854,4.5
20264,1.0,1016,2026-08-08T01:20,COMPLETA,1524.98,945.5,945.5,114.0,291.0,2,0.1875,1,0,0,992,5507,1146.2534274193533,4.5
20264,1.0,1017,2026-08-08T01:30,COMPLETA,2398.2694,934.9000000000001,129.8,215.0,719.7,5,0.4722222222222222,4,0,5,992,5507,1146.2534274193533,4.5
20264,1.0,1018,2026-08-08T01:40,COMPLETA,1824.0348,2052.75,2043.5,58.0,207.0,2,0.25,2,0,0,995,5520,1145.9983919597976,4.5
20264,1.0,1019,2026-08-08T01:50,COMPLETA,2096.3612,1690.75,618.0,115.0,412.5,4,0.14583333333333334,4,0,1,995,5520,1145.9983919597976,4.5
20264,1.0,1020,2026-08-08T02:00,COMPLETA,2399.2239,1690.375,618.0,126.0,429.0,4,0.14583333333333334,4,0,2,995,5520,1145.9983919597976,4.5
20264,1.0,1021,2026-08-08T02:10,COMPLETA,2208.7682,1299.125,130.5,149.0,470.5,4,0.2894736842105263,4,0,3,996,5521,1145.8204819277094,4.5
20264,1.0,1022,2026-08-08T02:20,COMPLETA,1614.8712,2025.7,2010.4,67.0,262.8,2,0.40625,2,0,2,999,5540,1144.7101101101086,4.5
20264,1.0,1023,2026-08-08T02:30,SIN_DEMANDA,0,,,,,,,0,0,0,999,5540,1144.7101101101086,4.5
20264,1.0,1024,2026-08-08T02:40,COMPLETA,2228.9384,1679.475,565.5,119.0,469.8,4,0.328125,4,0,1,999,5540,1144.7101101101086,4.5
20264,1.0,1025,2026-08-08T02:50,COMPLETA,1875.9316,1548.8333333333333,565.5,101.0,366.6,3,0.32142857142857145,3,0,1,1000,5543,1144.5379999999986,4.5
20264,1.0,1026,2026-08-08T03:00,COMPLETA,1960.3805,992.0,398.0,93.0,319.5,3,0.20833333333333334,3,0,1,1000,5543,1144.5379999999986,4.5
20264,1.0,1027,2026-08-08T03:10,COMPLETA,2097.9619,1546.0,565.5,129.0,483.9,4,0.328125,3,0,2,1000,5543,1144.5379999999986,4.5
20264,1.0,1028,2026-08-08T03:20,COMPLETA,2547.2804,1070.92,346.0,199.0,618.3,5,0.3557692307692308,5,0,2,1006,5582,1144.4876739562612,4.5
20264,1.0,1029,2026-08-08T03:30,COMPLETA,2434.6305,975.125,346.0,146.0,580.6,5,0.35714285714285715,4,0,2,1007,5583,1143.9648460774565,4.5
20264,1.0,1030,2026-08-08T03:40,COMPLETA,2619.3858,882.8,346.0,172.0,608.4,5,0.25,4,0,4,1009,5595,1145.7369672943496,4.5
20264,1.0,1031,2026-08-08T03:50,COMPLETA,1859.3601,344.65,291.8,130.0,475.8,3,0.25,2,0,1,1009,5595,1145.7369672943496,4.5
20264,1.0,1032,2026-08-08T04:00,COMPLETA,1754.5598,291.8,291.8,112.0,388.8,2,0.5625,1,0,0,1010,5601,1144.7317821782165,4.5
20264,1.0,1033,2026-08-08T04:10,COMPLETA,2054.796,1460.9333333333334,291.8,239.0,699.3,4,0.296875,3,0,2,1011,5604,1145.6483679525209,4.5
20264,1.0,1034,2026-08-08T04:20,COMPLETA,1935.1145,1163.1000000000001,291.8,160.0,564.0,3,0.4166666666666667,2,0,3,1013,5612,1145.770483711746,4.5
20264,1.0,1035,2026-08-08T04:30,COMPLETA,1415.91,407.0,407.0,10.0,84.0,1,0.625,1,0,1,1013,5612,1145.770483711746,4.5
20264,1.0,1036,2026-08-08T04:40,SIN_DEMANDA,0,,,,,,,0,0,0,1013,5612,1145.770483711746,4.5
20264,1.0,1037,2026-08-08T04:50,COMPLETA,1521.7246,2082.0,2082.0,16.0,84.0,1,0.25,1,0,1,1017,5649,1149.299410029497,4.5
20264,1.0,1038,2026-08-08T05:00,COMPLETA,1556.8092,612.0,612.0,56.0,144.0,1,0.25,1,0,1,1017,5649,1149.299410029497,4.5
20264,1.0,1039,2026-08-08T05:10,COMPLETA,1467.6529,154.5,154.5,34.0,111.0,1,0.2916666666666667,1,0,1,1020,5652,1147.8818627450967,4.5
20264,1.0,1040,2026-08-08T05:20,COMPLETA,1789.3376,190.66666666666666,141.0,140.0,564.0,4,0.171875,3,0,3,1022,5667,1146.5425636007815,4.5
20264,1.0,1041,2026-08-08T05:30,COMPLETA,2647.02,802.15,289.5,130.0,781.8,5,0.2840909090909091,4,0,1,1023,5672,1147.3731182795684,4.5
20264,1.0,1042,2026-08-08T05:40,COMPLETA,2601.1478,931.4,289.5,146.0,847.8,5,0.27884615384615385,4,0,0,1024,5673,1148.2721679687486,4.5
20264,1.0,1043,2026-08-08T05:50,COMPLETA,2615.1799,931.4,289.5,146.0,847.8,5,0.27884615384615385,4,0,0,1025,5678,1147.5489756097547,4.5
20264,1.0,1044,2026-08-08T06:00,COMPLETA,2661.7128,931.4,289.5,146.0,847.8,5,0.27884615384615385,4,0,0,1025,5678,1147.5489756097547,4.5
20264,1.0,1045,2026-08-08T06:10,COMPLETA,2812.0519,758.64,91.0,219.0,1079.1,6,0.234375,5,0,0,1026,5684,1148.4597465886925,4.5
20264,1.0,1046,2026-08-08T06:20,COMPLETA,2663.438,758.64,91.0,219.0,1079.1,6,0.234375,5,0,0,1028,5694,1150.17227626459,4.5
20264,1.0,1047,2026-08-08T06:30,COMPLETA,3295.8513,972.2833333333333,91.0,239.0,1229.1,7,0.2565789473684211,6,0,0,1029,5703,1149.3380952380937,4.5
20264,1.0,1048,2026-08-08T06:40,COMPLETA,4482.5956,817.025,91.0,299.0,1492.1,8,0.2784090909090909,8,0,0,1030,5710,1148.3722330097073,4.5
20264,1.0,1049,2026-08-08T06:50,COMPLETA,4723.3937,830.3222222222222,70.5,418.0,2091.8,11,0.24537037037037038,9,0,0,1031,5716,1147.8519883608133,4.5
20264,1.0,1050,2026-08-08T07:00,COMPLETA,6802.098,779.6727272727272,71.5,471.0,2440.1,13,0.28448275862068967,11,0,10,1034,5731,1145.1778529980643,4.5
20264,1.0,1051,2026-08-08T07:10,COMPLETA,2185.8901,655.625,148.6,122.0,727.8,4,0.3333333333333333,4,0,2,1034,5731,1145.1778529980643,4.5
20264,1.0,1052,2026-08-08T07:20,COMPLETA,2119.5662,1021.4,152.0,152.0,753.0,4,0.25,4,0,3,1034,5731,1145.1778529980643,4.5
20264,1.0,1053,2026-08-08T07:30,COMPLETA,1804.406,771.0,627.4,66.0,398.4,2,0.625,2,0,2,1034,5731,1145.1778529980643,4.5
20264,1.0,1054,2026-08-08T07:40,COMPLETA,1533.6271,645.4,645.4,16.0,278.4,2,0.5625,1,0,2,1034,5731,1145.1778529980643,4.5
20264,1.0,1055,2026-08-08T07:50,COMPLETA,1144.0254,1004.4,1004.4,8.0,139.2,1,0.5,1,0,1,1034,5731,1145.1778529980643,4.5
20264,1.0,1056,2026-08-08T08:00,COMPLETA,1509.5815,2069.2,2069.2,72.0,532.8,3,0.375,1,0,3,1034,5731,1145.1778529980643,4.5
20264,1.0,1057,2026-08-08T08:10,COMPLETA,1861.4638,1488.8,969.0,81.0,486.4,2,0.8333333333333334,2,0,2,1034,5731,1145.1778529980643,4.5
20264,1.0,1058,2026-08-08T08:20,SIN_DEMANDA,0,,,,,,,0,0,0,1034,5735,1145.1778529980643,4.5
20264,1.0,1059,2026-08-08T08:30,COMPLETA,1632.0442,2002.5,2002.5,26.0,159.0,1,0.2916666666666667,1,0,0,1038,5767,1146.0443159922916,4.5
20264,1.0,1060,2026-08-08T08:40,COMPLETA,2076.2809,1191.45,380.4,54.0,346.2,2,0.375,2,0,1,1040,5774,1144.099615384614,4.5
20264,1.0,1061,2026-08-08T08:50,COMPLETA,2140.1961,2016.5,2002.5,52.0,318.0,2,0.2708333333333333,2,0,0,1045,5806,1140.7083253588503,4.5
20264,1.0,1062,2026-08-08T09:00,COMPLETA,1911.361,2016.5,2002.5,52.0,318.0,2,0.2708333333333333,2,0,0,1049,5823,1138.533555767396,4.5
20264,1.0,1063,2026-08-08T09:10,COMPLETA,2804.7732,1662.05,573.0,138.0,920.0,6,0.25,4,0,1,1050,5828,1139.4020952380936,4.5
20264,1.0,1064,2026-08-08T09:20,COMPLETA,2500.6915,1662.05,573.0,128.0,750.0,5,0.25,4,0,0,1050,5828,1139.4020952380936,4.5
20264,1.0,1065,2026-08-08T09:30,COMPLETA,2836.5159,1450.54,573.0,140.0,579.0,5,0.2980769230769231,5,0,1,1051,5837,1140.2867745004742,4.5
20264,1.0,1066,2026-08-08T09:40,COMPLETA,2764.3573,1451.5,573.0,160.0,768.6,6,0.3645833333333333,5,0,1,1052,5841,1140.072243346006,4.5
20264,1.0,1067,2026-08-08T09:50,COMPLETA,2670.6246,1118.4,337.0,227.0,878.1,7,0.3557692307692308,5,0,5,1052,5841,1140.072243346006,4.5
20264,1.0,1068,2026-08-08T10:00,COMPLETA,1847.0317,848.45,136.5,105.0,417.3,4,0.225,4,0,2,1053,5843,1139.9097815764467,4.5
20264,1.0,1069,2026-08-08T10:10,COMPLETA,2227.2688,842.575,162.0,114.0,592.8,6,0.4411764705882353,4,0,4,1053,5843,1139.9097815764467,4.5
20264,1.0,1070,2026-08-08T10:20,COMPLETA,2438.0238,1191.25,125.0,162.0,483.0,4,0.3541666666666667,4,0,2,1054,5848,1139.1891840607195,4.5
20264,1.0,1071,2026-08-08T10:30,COMPLETA,2106.6512,1395.6333333333332,125.0,120.0,394.2,3,0.39285714285714285,3,0,1,1054,5848,1139.1891840607195,4.5
20264,1.0,1072,2026-08-08T10:40,COMPLETA,1708.7928,1070.25,125.0,82.0,243.0,2,0.3125,2,0,1,1055,5857,1140.0132701421785,4.5
20264,1.0,1073,2026-08-08T10:50,COMPLETA,1509.9786,2015.5,2015.5,46.0,129.0,1,0.2916666666666667,1,0,0,1055,5857,1140.0132701421785,4.5
20264,1.0,1074,2026-08-08T11:00,COMPLETA,1553.1546,2015.5,2015.5,46.0,129.0,1,0.2916666666666667,1,0,1,1056,5863,1140.8565340909076,4.5
20264,1.0,1075,2026-08-08T11:10,COMPLETA,1773.3596,2074.4,2074.4,36.0,206.4,2,0.625,1,0,2,1058,5878,1142.5228733459342,4.5
20264,1.0,1076,2026-08-08T11:20,COMPLETA,1744.4381,1502.5,940.0,119.0,298.5,2,0.1875,2,0,2,1060,5897,1141.1247169811304,4.5
20264,1.0,1077,2026-08-08T11:30,COMPLETA,2565.0987,983.1600000000001,362.8,262.0,893.4000000000001,6,0.275,5,0,4,1060,5897,1141.1247169811304,4.5
20264,1.0,1078,2026-08-08T11:40,COMPLETA,1649.9676,2044.5,2044.5,64.0,244.8,2,0.3125,1,0,1,1063,5905,1139.1208842897445,4.5
20264,1.0,1079,2026-08-08T11:50,COMPLETA,1907.6508,1504.5,964.5,80.0,240.0,2,0.2916666666666667,2,0,0,1064,5915,1139.960526315788,4.5
20264,1.0,1080,2026-08-08T12:00,COMPLETA,2432.1383,1291.25,112.0,130.0,463.8,4,0.375,4,0,3,1064,5915,1139.960526315788,4.5
20264,1.0,1081,2026-08-08T12:10,COMPLETA,1704.744,182.1,91.5,120.0,369.0,3,0.35714285714285715,3,0,1,1066,5933,1138.6932457786102,4.5
20264,1.0,1082,2026-08-08T12:20,COMPLETA,2294.1472,337.95,91.5,207.0,658.2,5,0.3522727272727273,4,0,1,1068,5948,1138.594007490635,4.5
20264,1.0,1083,2026-08-08T12:30,COMPLETA,1967.2658,310.575,91.5,167.0,559.5,4,0.3125,4,0,0,1068,5948,1138.594007490635,4.5
20264,1.0,1084,2026-08-08T12:40,COMPLETA,1924.982,310.575,91.5,167.0,559.5,4,0.3125,4,0,1,1070,5965,1140.2881308411197,4.5
20264,1.0,1085,2026-08-08T12:50,COMPLETA,1790.384,214.9333333333333,91.5,124.0,435.0,3,0.375,3,0,1,1070,5965,1140.2881308411197,4.5
20264,1.0,1086,2026-08-08T13:00,COMPLETA,1881.9238,316.96666666666664,102.8,96.0,474.6,4,0.4166666666666667,3,0,3,1071,5970,1141.1515406162448,4.5
20264,1.0,1087,2026-08-08T13:10,COMPLETA,1658.121,1257.75,450.5,94.0,321.0,2,0.25,2,0,1,1071,5970,1141.1515406162448,4.5
20264,1.0,1088,2026-08-08T13:20,COMPLETA,1416.3926,252.5,54.5,88.0,372.0,2,0.08333333333333333,2,0,0,1072,5972,1140.990391791043,4.5
20264,1.0,1089,2026-08-08T13:30,COMPLETA,1592.1688,252.5,54.5,88.0,372.0,2,0.08333333333333333,2,0,0,1074,5983,1140.098789571693,4.5
20264,1.0,1090,2026-08-08T13:40,COMPLETA,1788.2735,345.8333333333333,54.5,146.0,579.0,3,0.08333333333333333,3,0,0,1076,5995,1140.7700743494408,4.5
20264,1.0,1091,2026-08-08T13:50,COMPLETA,2074.3205,242.1,54.5,198.0,897.0,5,0.11666666666666667,5,0,0,1079,6014,1140.9060240963838,4.5
20264,1.0,1092,2026-08-08T14:00,COMPLETA,2355.0209,540.1666666666666,54.5,204.0,1026.0,6,0.1527777777777778,6,0,0,1079,6014,1140.9060240963838,4.5
20264,1.0,1093,2026-08-08T14:10,COMPLETA,2222.2813,540.1666666666666,54.5,204.0,1026.0,6,0.1527777777777778,6,0,0,1080,6016,1140.175555555554,4.5
20264,1.0,1094,2026-08-08T14:20,COMPLETA,2307.0173,540.1666666666666,54.5,204.0,1026.0,6,0.1527777777777778,6,0,0,1083,6043,1138.030932594643,4.5
20264,1.0,1095,2026-08-08T14:30,COMPLETA,2618.7587,550.4714285714286,54.5,222.0,1303.8,8,0.15,7,0,0,1083,6043,1138.030932594643,4.5
20264,1.0,1096,2026-08-08T14:40,COMPLETA,3330.9142,724.6666666666666,54.5,284.0,1778.4,11,0.18,9,0,0,1085,6062,1137.9207373271875,4.5
20264,1.0,1097,2026-08-08T14:50,COMPLETA,3324.4744,724.6666666666666,54.5,284.0,1778.4,11,0.18,9,0,0,1085,6062,1137.9207373271875,4.5
20264,1.0,1098,2026-08-08T15:00,COMPLETA,3267.6593,724.6666666666666,54.5,284.0,1778.4,11,0.18,9,0,11,1085,6062,1137.9207373271875,4.5
20264,1.0,1099,2026-08-08T15:10,COMPLETA,1132.907,631.5,631.5,34.0,171.0,1,0.16666666666666666,1,0,1,1085,6062,1137.9207373271875,4.5
20264,1.0,1100,2026-08-08T15:20,SIN_DEMANDA,0,,,,,,,0,0,0,1085,6062,1137.9207373271875,4.5
20264,1.0,1101,2026-08-08T15:30,SIN_DEMANDA,0,,,,,,,0,0,0,1085,6062,1137.9207373271875,4.5
20264,1.0,1102,2026-08-08T15:40,SIN_DEMANDA,0,,,,,,,0,0,0,1085,6062,1137.9207373271875,4.5
20264,1.0,1103,2026-08-08T15:50,SIN_DEMANDA,0,,,,,,,0,0,0,1085,6062,1137.9207373271875,4.5
20264,1.0,1104,2026-08-08T16:00,SIN_DEMANDA,0,,,,,,,0,0,0,1085,6062,1137.9207373271875,4.5
20264,1.0,1105,2026-08-08T16:10,COMPLETA,1780.958,1210.6000000000001,372.4,74.0,417.6,2,0.625,2,0,2,1087,6080,1139.5951241950306,4.5
20264,1.0,1106,2026-08-08T16:20,COMPLETA,1990.7491,372.4,130.0,112.0,628.8,3,0.4583333333333333,2,0,3,1090,6087,1137.1477064220169,4.5
20264,1.0,1107,2026-08-08T16:30,COMPLETA,1790.2569,2037.0,2037.0,24.0,156.0,1,0.375,1,0,0,1091,6091,1136.1842346471112,4.5
20264,1.0,1108,2026-08-08T16:40,COMPLETA,2110.1006,766.6666666666666,128.5,136.0,564.0,3,0.2638888888888889,3,0,2,1093,6097,1135.2374199451037,4.5
20264,1.0,1109,2026-08-08T16:50,COMPLETA,2585.2628,1122.25,85.5,174.0,988.2,5,0.3235294117647059,4,0,1,1095,6102,1134.0616438356149,4.5
20264,1.0,1110,2026-08-08T17:00,COMPLETA,2350.83,1370.6333333333332,85.5,188.0,873.6,4,0.28125,3,0,1,1095,6102,1134.0616438356149,4.5
20264,1.0,1111,2026-08-08T17:10,COMPLETA,2114.4558,799.6333333333333,68.0,146.0,600.3,3,0.19642857142857142,3,0,1,1095,6102,1134.0616438356149,4.5
20264,1.0,1112,2026-08-08T17:20,COMPLETA,1743.2146,204.75,68.0,84.0,331.5,2,0.10416666666666667,2,0,0,1095,6102,1134.0616438356149,4.5
20264,1.0,1113,2026-08-08T17:30,COMPLETA,2666.8664,1020.2,85.5,273.0,937.5,6,0.2604166666666667,5,0,5,1095,6102,1134.0616438356149,4.5
20264,1.0,1114,2026-08-08T17:40,COMPLETA,1217.6695,316.5,316.5,66.0,159.0,1,0.08333333333333333,1,0,0,1095,6102,1134.0616438356149,4.5
20264,1.0,1115,2026-08-08T17:50,COMPLETA,1260.5536,316.5,316.5,66.0,159.0,1,0.08333333333333333,1,0,0,1095,6102,1134.0616438356149,4.5
20264,1.0,1116,2026-08-08T18:00,COMPLETA,997.7564,316.5,316.5,66.0,159.0,1,0.08333333333333333,1,0,1,1097,6112,1134.201185050135,4.5
20264,1.0,1117,2026-08-08T18:10,COMPLETA,1001.5375,45.5,45.5,34.0,134.0,1,0.08333333333333333,1,0,0,1099,6123,1132.8148316651486,4.5
20264,1.0,1118,2026-08-08T18:20,COMPLETA,1622.0628,1046.75,45.5,117.0,530.0,3,0.3125,2,0,3,1099,6123,1132.8148316651486,4.5
20264,1.0,1119,2026-08-08T18:30,COMPLETA,1248.1306,2078.0,2078.0,28.0,102.0,1,0.16666666666666666,1,0,1,1102,6142,1131.8180580762237,4.5
20264,1.0,1120,2026-08-08T18:40,COMPLETA,1101.5361,2058.5,2058.5,46.0,129.0,1,0.125,1,0,1,1102,6142,1131.8180580762237,4.5
20264,1.0,1121,2026-08-08T18:50,COMPLETA,969.0828,2060.5,2060.5,46.0,129.0,1,0.125,1,0,1,1103,6146,1131.1183136899351,4.5
20264,1.0,1122,2026-08-08T19:00,COMPLETA,1597.9749,2027.8,2027.8,112.0,388.8,2,0.3125,1,0,2,1103,6146,1131.1183136899351,4.5
20264,1.0,1123,2026-08-08T19:10,SIN_DEMANDA,0,,,,,,,0,0,0,1103,6146,1131.1183136899351,4.5
20264,1.0,1124,2026-08-08T19:20,COMPLETA,2198.6659,435.1333333333334,356.0,152.0,511.2,3,0.23214285714285715,3,0,1,1106,6166,1132.298824593127,4.5
20264,1.0,1125,2026-08-08T19:30,COMPLETA,2446.2161,980.55,356.0,242.0,812.4000000000001,5,0.3611111111111111,4,0,3,1107,6169,1131.3532068654006,4.5
20264,1.0,1126,2026-08-08T19:40,COMPLETA,2098.8194,717.6,593.0,142.0,534.0,4,0.3125,3,0,2,1108,6175,1132.1276173285182,4.5
20264,1.0,1127,2026-08-08T19:50,COMPLETA,2027.3088,784.2,616.2,72.0,352.79999999999995,3,0.5416666666666666,2,0,1,1108,6175,1132.1276173285182,4.5
20264,1.0,1128,2026-08-08T20:00,COMPLETA,1848.4763,554.1,156.0,68.0,325.2,3,0.475,2,0,3,1110,6181,1132.2449549549533,4.5
20264,1.0,1129,2026-08-08T20:10,SIN_DEMANDA,0,,,,,,,0,0,0,1111,6189,1133.0692169216907,4.5
20264,1.0,1130,2026-08-08T20:20,COMPLETA,1691.5717,367.55,137.6,174.0,469.8,3,0.21428571428571427,2,0,3,1112,6192,1133.9014388489193,4.5
20264,1.0,1131,2026-08-08T20:30,SIN_DEMANDA,0,,,,,,,0,0,0,1113,6195,1134.7339622641493,4.5
20264,1.0,1132,2026-08-08T20:40,SIN_DEMANDA,0,,,,,,,0,0,0,1113,6195,1134.7339622641493,4.5
20264,1.0,1133,2026-08-08T20:50,COMPLETA,1187.0594,2072.5,2072.5,34.0,111.0,1,0.08333333333333333,1,0,1,1113,6195,1134.7339622641493,4.5
20264,1.0,1134,2026-08-08T21:00,COMPLETA,1835.3758,811.0,620.0,54.0,228.0,2,0.1875,2,0,2,1113,6195,1134.7339622641493,4.5
20264,1.0,1135,2026-08-08T21:10,SIN_DEMANDA,0,,,,,,,0,0,0,1114,6200,1135.535637342907,4.5
20264,1.0,1136,2026-08-08T21:20,COMPLETA,1723.8646,2070.75,2065.5,58.0,207.0,2,0.10416666666666667,2,0,1,1117,6212,1133.263294538942,4.5
20264,1.0,1137,2026-08-08T21:30,COMPLETA,2174.683,1201.175,157.5,158.0,622.2,5,0.2840909090909091,4,0,4,1119,6221,1131.8291331546006,4.5
20264,1.0,1138,2026-08-08T21:40,COMPLETA,1429.0264,1946.5,1946.5,78.0,237.0,1,0.25,1,0,0,1122,6238,1130.7083778966116,4.5
20264,1.0,1139,2026-08-08T21:50,COMPLETA,1595.7157,1946.5,1946.5,78.0,237.0,1,0.25,1,0,0,1123,6242,1131.503472840604,4.5
20264,1.0,1140,2026-08-08T22:00,COMPLETA,1638.9003,1946.5,1946.5,78.0,237.0,1,0.25,1,0,0,1124,6246,1130.619217081849,4.5
20264,1.0,1141,2026-08-08T22:10,COMPLETA,1884.4577,1452.25,958.0,90.0,375.0,2,0.1875,2,0,0,1124,6246,1130.619217081849,4.5
20264,1.0,1142,2026-08-08T22:20,COMPLETA,2322.857,1641.3333333333333,958.0,210.0,795.0,4,0.10416666666666667,3,0,0,1127,6261,1130.8677905944971,4.5
20264,1.0,1143,2026-08-08T22:30,COMPLETA,3158.2944,1170.8,336.0,311.0,1186.5,6,0.1527777777777778,5,0,0,1127,6261,1130.8677905944971,4.5
20264,1.0,1144,2026-08-08T22:40,COMPLETA,3157.4367,1170.8,336.0,311.0,1186.5,6,0.1527777777777778,5,0,0,1128,6262,1130.4148936170197,4.5
20264,1.0,1145,2026-08-08T22:50,COMPLETA,3214.5489,1170.8,336.0,311.0,1186.5,6,0.1527777777777778,5,0,0,1131,6284,1129.9528735632168,4.5
20264,1.0,1146,2026-08-08T23:00,COMPLETA,4817.7292,1117.642857142857,336.0,371.0,1744.5,9,0.20833333333333334,7,0,9,1132,6285,1130.7793286219066,4.5
20264,1.0,1147,2026-08-08T23:10,COMPLETA,1666.383,633.5,633.5,60.0,330.0,2,0.10416666666666667,1,0,2,1132,6285,1130.7793286219066,4.5
20264,1.0,1148,2026-08-08T23:20,COMPLETA,2583.8274,1488.4333333333334,367.0,168.0,644.4,3,0.3392857142857143,3,0,3,1132,6285,1130.7793286219066,4.5
20264,1.0,1149,2026-08-08T23:30,SIN_DEMANDA,0,,,,,,,0,0,0,1132,6285,1130.7793286219066,4.5
20264,1.0,1150,2026-08-08T23:40,SIN_DEMANDA,0,,,,,,,0,0,0,1132,6285,1130.7793286219066,4.5
20264,1.0,1151,2026-08-08T23:50,COMPLETA,1908.9876,2065.4,2065.4,28.0,187.2,1,0.875,1,0,1,1132,6285,1130.7793286219066,4.5
20264,1.0,1152,2026-08-09T00:00,COMPLETA,1931.6186,1091.1,111.6,132.0,676.8,3,0.4583333333333333,2,0,3,1132,6285,1130.7793286219066,4.5
20264,1.0,1153,2026-08-09T00:10,SIN_DEMANDA,0,,,,,,,0,0,0,1133,6288,1130.6268314210047,4.5
20264,1.0,1154,2026-08-09T00:20,SIN_DEMANDA,0,,,,,,,0,0,0,1134,6297,1130.5156084656069,4.5
20264,1.0,1155,2026-08-09T00:30,COMPLETA,1841.0756,166.0,166.0,6.0,384.8,3,0.625,1,0,3,1134,6297,1130.5156084656069,4.5
20264,1.0,1156,2026-08-09T00:40,COMPLETA,1749.9927,317.4,317.4,112.0,508.8,2,0.3125,1,0,2,1137,6307,1130.7279683377294,4.5
20264,1.0,1157,2026-08-09T00:50,COMPLETA,1879.6669,579.6,579.6,62.0,268.8,1,0.75,1,0,1,1139,6319,1129.5458296751522,4.5
20264,1.0,1158,2026-08-09T01:00,SIN_DEMANDA,0,,,,,,,0,0,0,1140,6325,1130.2624561403495,4.5
20264,1.0,1159,2026-08-09T01:10,SIN_DEMANDA,0,,,,,,,0,0,0,1142,6334,1131.871716287214,4.5
20264,1.0,1160,2026-08-09T01:20,SIN_DEMANDA,0,,,,,,,0,0,0,1143,6344,1131.2025371828506,4.5
20264,1.0,1161,2026-08-09T01:30,COMPLETA,1677.703,146.5,146.5,34.0,111.0,1,0.2916666666666667,1,0,1,1145,6357,1132.8388646288195,4.5
20264,1.0,1162,2026-08-09T01:40,COMPLETA,1216.335,364.0,364.0,55.0,142.5,1,0.041666666666666664,1,0,1,1146,6367,1131.9952006980789,4.5
20264,1.0,1163,2026-08-09T01:50,COMPLETA,1547.637,112.0,112.0,148.0,342.0,2,0.14583333333333334,1,0,2,1146,6367,1131.9952006980789,4.5
20264,1.0,1164,2026-08-09T02:00,COMPLETA,1665.0254,160.5,160.5,10.0,75.0,1,0.375,1,0,1,1146,6367,1131.9952006980789,4.5
20264,1.0,1165,2026-08-09T02:10,SIN_DEMANDA,0,,,,,,,0,0,0,1147,6372,1131.1055797733204,4.5
20264,1.0,1166,2026-08-09T02:20,SIN_DEMANDA,0,,,,,,,0,0,0,1147,6372,1131.1055797733204,4.5
20264,1.0,1167,2026-08-09T02:30,SIN_DEMANDA,0,,,,,,,0,0,0,1147,6372,1131.1055797733204,4.5
20264,1.0,1168,2026-08-09T02:40,COMPLETA,1133.4925,2046.5,2046.5,56.0,144.0,1,0.16666666666666666,1,0,1,1147,6372,1131.1055797733204,4.5
20264,1.0,1169,2026-08-09T02:50,COMPLETA,1495.5728,157.5,157.5,22.0,93.0,1,0.3333333333333333,1,0,1,1147,6372,1131.1055797733204,4.5
20264,1.0,1170,2026-08-09T03:00,COMPLETA,1808.1515,2068.05,2052.6,50.0,223.8,2,0.28125,2,0,2,1148,6379,1130.247909407664,4.5
20264,1.0,1171,2026-08-09T03:10,SIN_DEMANDA,0,,,,,,,0,0,0,1149,6385,1129.7686684073094,4.5
20264,1.0,1172,2026-08-09T03:20,COMPLETA,1696.0998,375.75,375.0,124.0,385.0,3,0.16666666666666666,2,0,3,1151,6399,1128.2207645525616,4.5
20264,1.0,1173,2026-08-09T03:30,SIN_DEMANDA,0,,,,,,,0,0,0,1152,6400,1127.557378472221,4.5
20264,1.0,1174,2026-08-09T03:40,SIN_DEMANDA,0,,,,,,,0,0,0,1152,6400,1127.557378472221,4.5
20264,1.0,1175,2026-08-09T03:50,COMPLETA,1873.824,692.8,405.6,70.0,235.8,2,0.375,2,0,2,1152,6400,1127.557378472221,4.5
20264,1.0,1176,2026-08-09T04:00,COMPLETA,1492.238,2023.5,2023.5,70.0,165.0,1,0.2916666666666667,1,0,0,1153,6407,1126.6765828274054,4.5
20264,1.0,1177,2026-08-09T04:10,COMPLETA,1524.9182,2023.5,2023.5,70.0,165.0,1,0.2916666666666667,1,0,0,1154,6415,1125.836741767763,4.5
20264,1.0,1178,2026-08-09T04:20,COMPLETA,1683.0722,2023.5,2023.5,70.0,165.0,1,0.2916666666666667,1,0,1,1155,6416,1126.665887445886,4.5
20264,1.0,1179,2026-08-09T04:30,COMPLETA,2201.5738,2044.4,2036.0,210.0,619.8,4,0.265625,2,0,4,1155,6416,1126.665887445886,4.5
20264,1.0,1180,2026-08-09T04:40,COMPLETA,1755.8861,590.0,590.0,60.0,150.0,1,0.375,1,0,0,1157,6428,1128.2611927398432,4.5
20264,1.0,1181,2026-08-09T04:50,COMPLETA,1956.0869,1330.8,590.0,104.0,375.6,3,0.45,2,0,2,1157,6428,1128.2611927398432,4.5
20264,1.0,1182,2026-08-09T05:00,COMPLETA,2034.1361,787.0,590.0,88.0,410.0,3,0.4375,2,0,3,1159,6440,1126.9626402070737,4.5
20264,1.0,1183,2026-08-09T05:10,COMPLETA,1604.1837,396.0,396.0,56.0,204.0,2,0.1875,1,0,2,1160,6444,1126.3407758620679,4.5
20264,1.0,1184,2026-08-09T05:20,COMPLETA,1729.9337,1955.0,1955.0,60.0,210.0,1,0.25,1,0,0,1160,6444,1126.3407758620679,4.5
20264,1.0,1185,2026-08-09T05:30,COMPLETA,1967.4888,1061.0,167.0,72.0,288.0,2,0.22916666666666666,2,0,1,1161,6452,1126.2147286821694,4.5
20264,1.0,1186,2026-08-09T05:40,COMPLETA,1882.2397,1057.9,160.8,92.0,406.8,3,0.375,2,0,2,1161,6452,1126.2147286821694,4.5
20264,1.0,1187,2026-08-09T05:50,COMPLETA,1626.4026,1955.0,1955.0,60.0,210.0,1,0.25,1,0,0,1161,6452,1126.2147286821694,4.5
20264,1.0,1188,2026-08-09T06:00,COMPLETA,1741.5244,1020.5,86.0,92.0,378.0,2,0.16666666666666666,2,0,0,1161,6452,1126.2147286821694,4.5
20264,1.0,1189,2026-08-09T06:10,COMPLETA,2340.3343,1088.625,86.0,314.0,1191.0,6,0.14583333333333334,4,0,0,1161,6452,1126.2147286821694,4.5
20264,1.0,1190,2026-08-09T06:20,COMPLETA,2475.6341,1056.1,86.0,345.0,1357.5,7,0.15476190476190477,5,0,0,1164,6475,1128.5938144329887,4.5
20264,1.0,1191,2026-08-09T06:30,COMPLETA,3024.241,1033.5,86.0,305.0,1177.5,6,0.2222222222222222,6,0,0,1164,6475,1128.5938144329887,4.5
20264,1.0,1192,2026-08-09T06:40,COMPLETA,3311.7733,1179.5,86.0,335.0,1342.5,7,0.19642857142857142,7,0,0,1168,6504,1127.796404109588,4.5
20264,1.0,1193,2026-08-09T06:50,COMPLETA,4312.8053,1054.9333333333334,86.0,495.0,2223.1,11,0.21296296296296297,9,0,0,1169,6513,1127.3363558597082,4.5
20264,1.0,1194,2026-08-09T07:00,COMPLETA,5979.5916,1054.3363636363638,86.0,698.0,3108.9,15,0.18181818181818182,11,0,13,1170,6522,1126.5102564102554,4.5
20264,1.0,1195,2026-08-09T07:10,COMPLETA,1647.9167,305.0,305.0,58.0,207.0,1,0.4166666666666667,1,0,1,1170,6522,1126.5102564102554,4.5
20264,1.0,1196,2026-08-09T07:20,SIN_DEMANDA,0,,,,,,,0,0,0,1170,6522,1126.5102564102554,4.5
20264,1.0,1197,2026-08-09T07:30,COMPLETA,2248.1467,921.8000000000001,126.5,223.0,1036.4,4,0.34375,3,0,4,1170,6522,1126.5102564102554,4.5
20264,1.0,1198,2026-08-09T07:40,COMPLETA,1827.7545,1058.2,68.4,172.0,819.6,3,0.45,2,0,3,1170,6522,1126.5102564102554,4.5
20264,1.0,1199,2026-08-09T07:50,SIN_DEMANDA,0,,,,,,,0,0,0,1170,6522,1126.5102564102554,4.5
20264,1.0,1200,2026-08-09T08:00,SIN_DEMANDA,0,,,,,,,0,0,0,1170,6522,1126.5102564102554,4.5
20264,1.0,1201,2026-08-09T08:10,SIN_DEMANDA,0,,,,,,,0,0,0,1170,6522,1126.5102564102554,4.5
20264,1.0,1202,2026-08-09T08:20,COMPLETA,1096.1933,343.4,343.4,58.0,259.2,1,0.375,1,0,1,1171,6526,1126.0849701110153,4.5
20264,1.0,1203,2026-08-09T08:30,COMPLETA,1109.4473,939.2,939.2,56.0,254.4,1,0.125,1,0,1,1173,6530,1127.6410912190954,4.5
20264,1.0,1204,2026-08-09T08:40,COMPLETA,1611.6279,928.5,928.5,14.0,141.0,1,0.2916666666666667,1,0,0,1175,6533,1127.5421276595735,4.5
20264,1.0,1205,2026-08-09T08:50,COMPLETA,1579.166,928.5,928.5,14.0,141.0,1,0.2916666666666667,1,0,0,1175,6537,1127.5421276595735,4.5
20264,1.0,1206,2026-08-09T09:00,COMPLETA,1459.24,928.5,928.5,14.0,141.0,1,0.2916666666666667,1,0,0,1179,6559,1126.502374893977,4.5
20264,1.0,1207,2026-08-09T09:10,COMPLETA,1755.3318,1481.75,928.5,72.0,350.5,2,0.16666666666666666,2,0,0,1179,6559,1126.502374893977,4.5
20264,1.0,1208,2026-08-09T09:20,COMPLETA,2013.3141,1648.5,884.0,118.0,479.5,3,0.19444444444444445,3,0,1,1181,6572,1126.4397121083819,4.5
20264,1.0,1209,2026-08-09T09:30,COMPLETA,1907.9026,1004.6666666666666,128.5,112.0,468.0,3,0.2916666666666667,3,0,0,1184,6584,1126.5554898648638,4.5
20264,1.0,1210,2026-08-09T09:40,COMPLETA,2302.6355,998.5,128.5,148.0,522.0,4,0.25,4,0,2,1185,6593,1126.0996624472564,4.5
20264,1.0,1211,2026-08-09T09:50,COMPLETA,1833.8131,512.25,96.0,57.0,205.5,2,0.3125,2,0,1,1185,6593,1126.0996624472564,4.5
20264,1.0,1212,2026-08-09T10:00,COMPLETA,1599.9799,96.0,96.0,43.0,124.5,1,0.3333333333333333,1,0,1,1185,6593,1126.0996624472564,4.5
20264,1.0,1213,2026-08-09T10:10,COMPLETA,1522.6622,1178.75,357.5,96.0,324.0,2,0.0625,2,0,0,1185,6593,1126.0996624472564,4.5
20264,1.0,1214,2026-08-09T10:20,COMPLETA,1636.0163,1178.75,357.5,96.0,264.0,2,0.0625,2,0,0,1185,6593,1126.0996624472564,4.5
20264,1.0,1215,2026-08-09T10:30,COMPLETA,1743.4581,1178.75,357.5,96.0,264.0,2,0.0625,2,0,0,1187,6604,1124.5491996630149,4.5
20264,1.0,1216,2026-08-09T10:40,COMPLETA,1712.7804,1178.75,357.5,96.0,264.0,2,0.0625,2,0,1,1187,6604,1124.5491996630149,4.5
20264,1.0,1217,2026-08-09T10:50,COMPLETA,919.7233,2000.0,2000.0,64.0,156.0,1,0.08333333333333333,1,0,1,1188,6605,1124.3931818181804,4.5
20264,1.0,1218,2026-08-09T11:00,COMPLETA,1475.8438,2052.0,2052.0,40.0,120.0,1,0.375,1,0,0,1188,6605,1124.3931818181804,4.5
20264,1.0,1219,2026-08-09T11:10,COMPLETA,1757.3944,1084.5,134.0,100.0,270.0,2,0.22916666666666666,2,0,2,1189,6612,1124.2284272497884,4.5
20264,1.0,1220,2026-08-09T11:20,COMPLETA,2081.6203,1523.1,967.8,54.0,249.60000000000002,2,0.8125,2,0,2,1191,6616,1124.8720403022658,4.5
20264,1.0,1221,2026-08-09T11:30,SIN_DEMANDA,0,,,,,,,0,0,0,1191,6616,1124.8720403022658,4.5
20264,1.0,1222,2026-08-09T11:40,SIN_DEMANDA,0,,,,,,,0,0,0,1191,6616,1124.8720403022658,4.5
20264,1.0,1223,2026-08-09T11:50,COMPLETA,1488.9321,144.0,144.0,60.0,264.0,2,0.4375,1,0,2,1192,6624,1124.0088926174483,4.5
20264,1.0,1224,2026-08-09T12:00,COMPLETA,1144.0225,974.0,974.0,42.0,123.0,1,0.16666666666666666,1,0,1,1193,6630,1124.7444258172661,4.5
20264,1.0,1225,2026-08-09T12:10,SIN_DEMANDA,0,,,,,,,0,0,0,1194,6631,1124.1018425460625,4.5
20264,1.0,1226,2026-08-09T12:20,SIN_DEMANDA,0,,,,,,,0,0,0,1194,6631,1124.1018425460625,4.5
20264,1.0,1227,2026-08-09T12:30,COMPLETA,1536.4586,2052.0,2052.0,112.0,288.0,2,0.14583333333333334,1,0,2,1194,6631,1124.1018425460625,4.5
20264,1.0,1228,2026-08-09T12:40,SIN_DEMANDA,0,,,,,,,0,0,0,1194,6631,1124.1018425460625,4.5
20264,1.0,1229,2026-08-09T12:50,COMPLETA,1519.4019,972.0,972.0,104.0,276.0,2,0.20833333333333334,1,0,2,1197,6640,1124.803675856306,4.5
20264,1.0,1230,2026-08-09T13:00,COMPLETA,1630.4178,2038.2,2038.2,44.0,165.6,1,0.75,1,0,1,1197,6640,1124.803675856306,4.5
20264,1.0,1231,2026-08-09T13:10,COMPLETA,1723.6098,981.6,981.6,32.0,136.8,1,1.0,1,0,1,1199,6657,1125.4318598832347,4.5
20264,1.0,1232,2026-08-09T13:20,COMPLETA,1814.8254,625.4,274.8,130.0,467.4,3,0.23214285714285715,2,0,2,1199,6657,1125.4318598832347,4.5
20264,1.0,1233,2026-08-09T13:30,COMPLETA,1169.2161,274.8,274.8,36.0,206.4,1,0.5,1,0,0,1200,6664,1124.6139999999987,4.5
20264,1.0,1234,2026-08-09T13:40,COMPLETA,1847.7332,289.15,260.5,68.0,430.8,3,0.35,2,0,1,1201,6668,1124.4885928392994,4.5
20264,1.0,1235,2026-08-09T13:50,COMPLETA,2130.3947,854.7333333333332,274.8,124.0,712.8,4,0.296875,3,0,0,1201,6668,1124.4885928392994,4.5
20264,1.0,1236,2026-08-09T14:00,COMPLETA,2281.4074,659.475,88.0,144.0,848.4,5,0.23863636363636365,4,0,0,1201,6668,1124.4885928392994,4.5
20264,1.0,1237,2026-08-09T14:10,COMPLETA,2468.5455,590.98,88.0,168.0,884.4,5,0.3181818181818182,5,0,0,1201,6668,1124.4885928392994,4.5
20264,1.0,1238,2026-08-09T14:20,COMPLETA,2478.5435,851.342857142857,88.0,202.0,1175.4,7,0.2426470588235294,7,0,0,1202,6675,1125.2602329450901,4.5
20264,1.0,1239,2026-08-09T14:30,COMPLETA,2613.1455,851.342857142857,88.0,202.0,1175.4,7,0.2426470588235294,7,0,0,1203,6685,1125.1328345802149,4.5
20264,1.0,1240,2026-08-09T14:40,COMPLETA,2468.1713,851.342857142857,88.0,202.0,1175.4,7,0.2426470588235294,7,0,0,1203,6685,1125.1328345802149,4.5
20264,1.0,1241,2026-08-09T14:50,COMPLETA,2584.8256,851.342857142857,88.0,202.0,1175.4,7,0.2426470588235294,7,0,0,1204,6693,1125.0136212624573,4.5
20264,1.0,1242,2026-08-09T15:00,COMPLETA,3816.5894,939.5,88.0,324.0,2140.6,12,0.2554347826086957,10,0,10,1206,6712,1125.6472636815909,4.5
20264,1.0,1243,2026-08-09T15:10,COMPLETA,2317.4287,800.9666666666666,88.2,206.0,942.0,4,0.2916666666666667,3,0,3,1206,6712,1125.6472636815909,4.5
20264,1.0,1244,2026-08-09T15:20,COMPLETA,1262.5278,260.5,260.5,36.0,174.0,1,0.16666666666666666,1,0,0,1206,6712,1125.6472636815909,4.5
20264,1.0,1245,2026-08-09T15:30,COMPLETA,1116.6146,260.5,260.5,36.0,174.0,1,0.16666666666666666,1,0,1,1206,6712,1125.6472636815909,4.5
20264,1.0,1246,2026-08-09T15:40,COMPLETA,902.7815,156.0,156.0,28.0,162.0,1,0.08333333333333333,1,0,1,1206,6712,1125.6472636815909,4.5
20264,1.0,1247,2026-08-09T15:50,COMPLETA,1597.3896,616.0,616.0,56.0,204.0,1,0.4166666666666667,1,0,1,1206,6712,1125.6472636815909,4.5
20264,1.0,1248,2026-08-09T16:00,SIN_DEMANDA,0,,,,,,,0,0,0,1206,6712,1125.6472636815909,4.5
20264,1.0,1249,2026-08-09T16:10,SIN_DEMANDA,0,,,,,,,0,0,0,1207,6714,1125.5116818558397,4.5
20264,1.0,1250,2026-08-09T16:20,COMPLETA,1717.3729,241.75,125.0,138.0,447.0,2,0.08333333333333333,2,0,2,1209,6721,1126.1650951199326,4.5
20264,1.0,1251,2026-08-09T16:30,COMPLETA,2583.364,1071.95,75.8,158.0,1039.2,5,0.625,4,0,4,1211,6730,1124.702807597026,4.5
20264,1.0,1252,2026-08-09T16:40,COMPLETA,2418.4851,1369.2,52.6,76.0,542.4,3,0.625,3,0,1,1212,6736,1124.0198844884476,4.5
20264,1.0,1253,2026-08-09T16:50,COMPLETA,2402.4301,1009.4666666666667,52.6,72.0,532.8,3,0.625,3,0,1,1214,6748,1125.4926688632606,4.5
20264,1.0,1254,2026-08-09T17:00,COMPLETA,2045.0182,1025.4,52.6,40.0,336.0,2,0.625,2,0,0,1216,6759,1124.1164473684198,4.5
20264,1.0,1255,2026-08-09T17:10,COMPLETA,1998.4642,1025.4,52.6,40.0,336.0,2,0.625,2,0,0,1217,6761,1123.3209531635155,4.5
20264,1.0,1256,2026-08-09T17:20,COMPLETA,1872.2108,1025.4,52.6,40.0,336.0,2,0.625,2,0,0,1217,6761,1123.3209531635155,4.5
20264,1.0,1257,2026-08-09T17:30,COMPLETA,2275.1375,585.86,75.8,188.0,678.0,5,0.25,5,0,2,1217,6761,1123.3209531635155,4.5
20264,1.0,1258,2026-08-09T17:40,COMPLETA,2324.3095,1053.7,52.6,102.0,549.0,4,0.359375,4,0,2,1220,6784,1122.8478688524579,4.5
20264,1.0,1259,2026-08-09T17:50,COMPLETA,2016.1452,810.5333333333333,52.6,121.0,435.9,3,0.44642857142857145,3,0,1,1220,6784,1122.8478688524579,4.5
20264,1.0,1260,2026-08-09T18:00,COMPLETA,2229.0614,1373.8333333333333,52.6,94.0,369.6,3,0.475,3,0,1,1221,6787,1122.047502047501,4.5
20264,1.0,1261,2026-08-09T18:10,COMPLETA,2604.7743,1254.7400000000002,52.6,189.0,644.7,5,0.4431818181818182,5,0,2,1222,6789,1121.2315875613735,4.5
20264,1.0,1262,2026-08-09T18:20,COMPLETA,2215.0994,1066.575,134.5,225.0,799.1,5,0.36904761904761907,4,0,4,1223,6791,1120.607931316434,4.5
20264,1.0,1263,2026-08-09T18:30,COMPLETA,2170.4077,1523.7333333333333,554.5,129.0,455.1,3,0.35714285714285715,3,0,2,1225,6801,1121.2554285714275,4.5
20264,1.0,1264,2026-08-09T18:40,COMPLETA,1621.3841,554.5,554.5,26.0,159.0,1,0.375,1,0,0,1225,6801,1121.2554285714275,4.5
20264,1.0,1265,2026-08-09T18:50,COMPLETA,1906.2688,774.15,554.5,68.0,447.4,3,0.4444444444444444,2,0,2,1225,6801,1121.2554285714275,4.5
20264,1.0,1266,2026-08-09T19:00,COMPLETA,1689.5226,554.5,554.5,26.0,159.0,1,0.3333333333333333,1,0,0,1226,6805,1120.4587275693302,4.5
20264,1.0,1267,2026-08-09T19:10,COMPLETA,2201.6352,1186.7333333333333,553.2,94.0,344.4,3,0.39285714285714285,3,0,1,1227,6812,1119.6572127139355,4.5
20264,1.0,1268,2026-08-09T19:20,COMPLETA,2349.7056,855.4,554.5,222.0,714.0,5,0.32954545454545453,4,0,2,1228,6819,1120.372638436481,4.5
20264,1.0,1269,2026-08-09T19:30,COMPLETA,2544.6187,823.2166666666666,114.2,227.0,819.5,6,0.34782608695652173,6,0,1,1230,6825,1120.6442276422754,4.5
20264,1.0,1270,2026-08-09T19:40,COMPLETA,3016.0085,792.3444444444444,96.0,429.0,1623.9,11,0.28488372093023256,9,0,6,1231,6832,1119.7766043866766,4.5
20264,1.0,1271,2026-08-09T19:50,COMPLETA,2442.1416,980.7285714285715,96.0,328.0,971.4,7,0.29411764705882354,7,0,1,1233,6844,1119.9139497161384,4.5
20264,1.0,1272,2026-08-09T20:00,COMPLETA,2328.0934,808.7666666666665,96.0,243.0,783.9,6,0.3392857142857143,6,0,2,1236,6859,1119.0917475728145,4.5
20264,1.0,1273,2026-08-09T20:10,COMPLETA,2540.331,1114.5,95.5,245.0,667.5,5,0.26666666666666666,5,0,1,1238,6876,1119.738045234248,4.5
20264,1.0,1274,2026-08-09T20:20,COMPLETA,2785.7683,1036.1833333333334,95.5,278.0,955.8,7,0.31666666666666665,6,0,7,1239,6884,1120.47643260694,4.5
20264,1.0,1275,2026-08-09T20:30,SIN_DEMANDA,0,,,,,,,0,0,0,1239,6884,1120.47643260694,4.5
20264,1.0,1276,2026-08-09T20:40,COMPLETA,1732.6303,2039.1999999999998,2016.2,152.0,544.8,3,0.5416666666666666,2,0,3,1240,6892,1121.23693548387,4.5
20264,1.0,1277,2026-08-09T20:50,SIN_DEMANDA,0,,,,,,,0,0,0,1240,6892,1121.23693548387,4.5
20264,1.0,1278,2026-08-09T21:00,COMPLETA,1309.757,2068.0,2068.0,36.0,114.0,1,0.2916666666666667,1,0,1,1241,6899,1121.122723609991,4.5
20264,1.0,1279,2026-08-09T21:10,COMPLETA,1421.0457,379.6,379.6,64.0,273.6,2,0.375,1,0,2,1244,6914,1120.5987138263656,4.5
20264,1.0,1280,2026-08-09T21:20,COMPLETA,1068.9697,2058.0,2058.0,28.0,102.0,1,0.16666666666666666,1,0,0,1244,6914,1120.5987138263656,4.5
20264,1.0,1281,2026-08-09T21:30,COMPLETA,1943.7278,1679.5,906.5,86.0,369.0,3,0.19444444444444445,3,0,2,1244,6918,1120.5987138263656,4.5
20264,1.0,1282,2026-08-09T21:40,COMPLETA,1469.8463,906.5,906.5,26.0,159.0,1,0.2916666666666667,1,0,0,1248,6943,1118.4578525641018,4.5
20264,1.0,1283,2026-08-09T21:50,COMPLETA,1511.4203,906.5,906.5,26.0,159.0,1,0.2916666666666667,1,0,0,1251,6967,1117.24420463629,4.5
20264,1.0,1284,2026-08-09T22:00,COMPLETA,1419.9093,906.5,906.5,26.0,159.0,1,0.2916666666666667,1,0,0,1252,6973,1116.4281150159736,4.5
20264,1.0,1285,2026-08-09T22:10,COMPLETA,1540.6623,1461.0,906.5,68.0,342.0,2,0.16666666666666666,2,0,0,1256,6985,1119.3448248407633,4.5
20264,1.0,1286,2026-08-09T22:20,COMPLETA,1523.4609,1461.0,906.5,68.0,342.0,2,0.16666666666666666,2,0,0,1257,6995,1120.0696897374692,4.5
20264,1.0,1287,2026-08-09T22:30,COMPLETA,1552.1923,1461.0,906.5,68.0,342.0,2,0.16666666666666666,2,0,0,1257,6995,1120.0696897374692,4.5
20264,1.0,1288,2026-08-09T22:40,COMPLETA,1904.2884,1275.875,122.5,132.0,678.0,4,0.25,4,0,0,1259,7008,1120.6352660841928,4.5
20264,1.0,1289,2026-08-09T22:50,COMPLETA,2174.708,1211.6,122.5,174.0,861.0,5,0.2833333333333333,5,0,0,1260,7014,1120.0471428571418,4.5
20264,1.0,1290,2026-08-09T23:00,COMPLETA,2286.9213,1109.5166666666667,104.5,264.0,1311.6,7,0.27205882352941174,6,0,6,1263,7031,1122.2546318289776,4.5
20264,1.0,1291,2026-08-09T23:10,COMPLETA,1259.3527,104.5,104.5,42.0,183.0,1,0.2916666666666667,1,0,1,1263,7031,1122.2546318289776,4.5
20264,1.0,1292,2026-08-09T23:20,SIN_DEMANDA,0,,,,,,,0,0,0,1263,7031,1122.2546318289776,4.5
20264,1.0,1293,2026-08-09T23:30,COMPLETA,1725.6753,2052.0,2019.5,134.0,565.0,3,0.19444444444444445,3,0,3,1263,7031,1122.2546318289776,4.5
20264,1.0,1294,2026-08-09T23:40,COMPLETA,1380.2783,2067.2,2067.2,48.0,355.2,2,0.625,1,0,2,1263,7031,1122.2546318289776,4.5
20264,1.0,1295,2026-08-09T23:50,COMPLETA,1683.6774,1502.3,972.4,184.0,921.5999999999999,4,0.625,2,0,4,1263,7031,1122.2546318289776,4.5
20264,1.0,1296,2026-08-10T00:00,COMPLETA,1442.2157,2075.0,2075.0,64.0,336.0,2,0.1875,1,0,2,1263,7031,1122.2546318289776,4.5
20264,1.0,1297,2026-08-10T00:10,SIN_DEMANDA,0,,,,,,,0,0,0,1263,7031,1122.2546318289776,4.5
20264,1.0,1298,2026-08-10T00:20,SIN_DEMANDA,0,,,,,,,0,0,0,1265,7047,1122.824584980236,4.5
20264,1.0,1299,2026-08-10T00:30,SIN_DEMANDA,0,,,,,,,0,0,0,1265,7047,1122.824584980236,4.5
20264,1.0,1300,2026-08-10T00:40,COMPLETA,1539.2872,1196.2,370.2,146.0,710.4,3,0.375,2,0,3,1267,7051,1123.1307024467235,4.5
20264,1.0,1301,2026-08-10T00:50,COMPLETA,1770.1197,937.9,936.8,156.0,1010.4,4,0.5416666666666666,2,0,4,1268,7058,1122.3273659305983,4.5
20264,1.0,1302,2026-08-10T01:00,COMPLETA,1540.2726,540.5,109.0,108.0,468.6,3,0.35,2,0,2,1270,7078,1122.9446456692904,4.5
20264,1.0,1303,2026-08-10T01:10,COMPLETA,1760.8508,359.875,84.5,183.0,754.5,4,0.22916666666666666,4,0,0,1272,7089,1124.4248427672946,4.5
20264,1.0,1304,2026-08-10T01:20,COMPLETA,1776.4905,359.875,84.5,183.0,634.5,4,0.22916666666666666,4,0,0,1272,7089,1124.4248427672946,4.5
20264,1.0,1305,2026-08-10T01:30,COMPLETA,1965.3029,359.875,82.0,183.0,634.5,4,0.22916666666666666,4,0,2,1273,7098,1125.1715632364483,4.5
20264,1.0,1306,2026-08-10T01:40,COMPLETA,1861.7709,1092.6666666666667,336.0,132.0,438.0,3,0.20833333333333334,3,0,0,1274,7108,1125.0516483516474,4.5
20264,1.0,1307,2026-08-10T01:50,COMPLETA,1733.1107,1092.6666666666667,336.0,132.0,438.0,3,0.20833333333333334,3,0,0,1275,7111,1125.7531764705873,4.5
20264,1.0,1308,2026-08-10T02:00,COMPLETA,1741.1538,1092.6666666666667,336.0,132.0,378.0,3,0.20833333333333334,3,0,1,1276,7121,1126.4635579937294,4.5
20264,1.0,1309,2026-08-10T02:10,COMPLETA,1760.9469,911.6666666666666,336.0,92.0,318.0,3,0.2361111111111111,3,0,2,1276,7121,1126.4635579937294,4.5
20264,1.0,1310,2026-08-10T02:20,COMPLETA,2954.2654,1120.2833333333333,351.4,267.0,1083.3,8,0.2847222222222222,6,0,1,1276,7121,1126.4635579937294,4.5
20264,1.0,1311,2026-08-10T02:30,COMPLETA,2863.2742,1388.5333333333335,301.5,326.0,1098.6,8,0.3046875,6,0,3,1277,7127,1125.871339075958,4.5
20264,1.0,1312,2026-08-10T02:40,COMPLETA,3350.0643,1233.6375,90.8,353.0,1446.7,10,0.3382352941176471,8,0,6,1277,7127,1125.871339075958,4.5
20264,1.0,1313,2026-08-10T02:50,COMPLETA,2274.4982,1170.1,120.0,150.0,500.8,4,0.275,4,0,0,1278,7133,1125.750938967135,4.5
20264,1.0,1314,2026-08-10T03:00,COMPLETA,2288.0249,1337.8,90.8,232.0,832.9,6,0.25,5,0,0,1279,7138,1126.4518373729466,4.5
20264,1.0,1315,2026-08-10T03:10,COMPLETA,2619.4802,1217.3166666666668,90.8,214.0,798.7,6,0.3229166666666667,6,0,1,1282,7157,1125.3640405616213,4.5
20264,1.0,1316,2026-08-10T03:20,COMPLETA,2197.0902,1332.68,90.8,192.0,705.7,5,0.3333333333333333,5,0,4,1282,7157,1125.3640405616213,4.5
20264,1.0,1317,2026-08-10T03:30,COMPLETA,836.5446,575.0,575.0,32.0,108.0,1,0.041666666666666664,1,0,0,1283,7158,1124.7487918939973,4.5
20264,1.0,1318,2026-08-10T03:40,COMPLETA,1810.3204,896.1,120.8,139.0,445.9,3,0.17857142857142858,3,0,2,1284,7168,1124.1855140186904,4.5
20264,1.0,1319,2026-08-10T03:50,COMPLETA,1669.7971,2016.5,1992.5,127.0,326.5,2,0.125,2,0,1,1286,7181,1124.0790824261264,4.5
20264,1.0,1320,2026-08-10T04:00,COMPLETA,1462.8424,1992.5,1992.5,61.0,167.5,1,0.20833333333333334,1,0,1,1287,7188,1123.9146853146842,4.5
20264,1.0,1321,2026-08-10T04:10,SIN_DEMANDA,0,,,,,,,0,0,0,1287,7188,1123.9146853146842,4.5
20264,1.0,1322,2026-08-10T04:20,COMPLETA,1426.848,1227.25,390.0,63.0,232.5,2,0.1875,2,0,2,1290,7193,1123.9337209302314,4.5
20264,1.0,1323,2026-08-10T04:30,COMPLETA,1826.2724,1123.0,374.0,157.0,506.1,4,0.2375,3,0,1,1294,7225,1123.5234930448212,4.5
20264,1.0,1324,2026-08-10T04:40,COMPLETA,1842.621,1123.0,374.0,123.0,364.5,3,0.20833333333333334,3,0,2,1295,7230,1124.228494208493,4.5
20264,1.0,1325,2026-08-10T04:50,COMPLETA,1551.8961,1187.75,361.0,93.0,259.5,2,0.25,2,0,1,1295,7230,1124.228494208493,4.5
20264,1.0,1326,2026-08-10T05:00,COMPLETA,1778.1323,1978.0,1915.5,98.0,456.0,3,0.125,2,0,0,1297,7237,1125.60470316114,4.5
20264,1.0,1327,2026-08-10T05:10,COMPLETA,2222.8734,1340.9,138.5,212.0,954.0,7,0.17647058823529413,5,0,3,1299,7246,1124.384218629714,4.5
20264,1.0,1328,2026-08-10T05:20,COMPLETA,1784.3574,1334.8333333333333,138.5,132.0,618.0,4,0.10416666666666667,3,0,1,1299,7246,1124.384218629714,4.5
20264,1.0,1329,2026-08-10T05:30,COMPLETA,1997.6343,1140.25,163.5,150.0,765.0,5,0.16666666666666666,4,0,1,1299,7246,1124.384218629714,4.5
20264,1.0,1330,2026-08-10T05:40,COMPLETA,1800.6779,1465.8333333333333,531.5,140.0,690.0,4,0.11458333333333333,3,0,0,1300,7250,1123.6122307692297,4.5
20264,1.0,1331,2026-08-10T05:50,COMPLETA,1855.6851,1600.875,531.5,130.0,675.0,4,0.13541666666666666,4,0,0,1303,7261,1124.398004604757,4.5
20264,1.0,1332,2026-08-10T06:00,COMPLETA,2143.1279,1679.7,531.5,186.0,879.0,5,0.15,5,0,0,1304,7265,1125.1189417177902,4.5
20264,1.0,1333,2026-08-10T06:10,COMPLETA,2389.9809,1340.0285714285715,78.0,317.0,1337.1,7,0.15789473684210525,7,0,0,1305,7271,1124.5433716475084,4.5
20264,1.0,1334,2026-08-10T06:20,COMPLETA,2467.2403,1340.0285714285715,78.0,317.0,1337.1,7,0.15789473684210525,7,0,0,1305,7275,1124.5433716475084,4.5
20264,1.0,1335,2026-08-10T06:30,COMPLETA,5433.9032,1436.51,78.0,473.0,2166.3,11,0.215,10,0,0,1306,7280,1125.2079632465532,4.5
20264,1.0,1336,2026-08-10T06:40,COMPLETA,5333.2125,1436.51,78.0,473.0,2166.3,11,0.215,10,0,0,1310,7306,1124.6848091603042,4.5
20264,1.0,1337,2026-08-10T06:50,COMPLETA,5937.2978,1317.1272727272728,64.5,627.0,2994.3,15,0.22413793103448276,11,0,0,1312,7313,1123.3510670731696,4.5
20264,1.0,1338,2026-08-10T07:00,COMPLETA,13729.9711,1193.5000000000002,57.0,609.0,3169.5,17,0.25,13,0,15,1312,7313,1123.3510670731696,4.5
20264,1.0,1339,2026-08-10T07:10,COMPLETA,2770.2754,1177.75,57.0,336.0,1359.0,6,0.2708333333333333,4,0,5,1312,7313,1123.3510670731696,4.5
20264,1.0,1340,2026-08-10T07:20,COMPLETA,1549.1775,1064.25,57.0,94.0,381.0,2,0.10416666666666667,2,0,2,1312,7313,1123.3510670731696,4.5
20264,1.0,1341,2026-08-10T07:30,SIN_DEMANDA,0,,,,,,,0,0,0,1312,7313,1123.3510670731696,4.5
20264,1.0,1342,2026-08-10T07:40,SIN_DEMANDA,0,,,,,,,0,0,0,1312,7313,1123.3510670731696,4.5
20264,1.0,1343,2026-08-10T07:50,COMPLETA,1778.3777,1336.8666666666666,978.4,92.0,580.8,3,0.5,3,0,3,1312,7313,1123.3510670731696,4.5
20264,1.0,1344,2026-08-10T08:00,COMPLETA,1122.3101,1973.0,1973.0,44.0,186.0,1,0.125,1,0,0,1312,7313,1123.3510670731696,4.5
20264,1.0,1345,2026-08-10T08:10,COMPLETA,1711.8269,1994.0,1973.0,112.0,766.0,3,0.25,2,0,2,1312,7313,1123.3510670731696,4.5
20264,1.0,1346,2026-08-10T08:20,COMPLETA,1020.8101,1973.0,1973.0,44.0,186.0,1,0.125,1,0,0,1314,7327,1122.4339421613383,4.5
20264,1.0,1347,2026-08-10T08:30,COMPLETA,2039.8939,1420.9333333333334,303.0,118.0,553.2,3,0.21428571428571427,3,0,0,1316,7332,1123.7263677811538,4.5
20264,1.0,1348,2026-08-10T08:40,COMPLETA,2958.3996,1239.8500000000001,303.0,253.0,1153.5,6,0.22321428571428573,6,0,0,1320,7350,1123.803712121211,4.5
20264,1.0,1349,2026-08-10T08:50,COMPLETA,3351.3228,1190.7375,92.0,309.0,1527.9,8,0.2734375,8,0,0,1323,7363,1124.234013605441,4.5
20264,1.0,1350,2026-08-10T09:00,COMPLETA,3117.4054,1190.7375,92.0,309.0,1527.9,8,0.2734375,8,0,0,1325,7373,1125.584226415093,4.5
20264,1.0,1351,2026-08-10T09:10,COMPLETA,4860.7098,1101.28,92.0,381.0,1906.5,10,0.3,10,0,0,1329,7395,1124.946802106846,4.5
20264,1.0,1352,2026-08-10T09:20,COMPLETA,16469.8644,1311.3000000000002,54.0,588.0,3105.9,17,0.2971698113207547,13,0,7,1329,7395,1124.946802106846,4.5
20264,1.0,1353,2026-08-10T09:30,COMPLETA,10794.6701,1348.3899999999999,303.0,397.0,1710.9,10,0.26136363636363635,10,0,1,1330,7402,1124.8366165413522,4.5
20264,1.0,1354,2026-08-10T09:40,COMPLETA,7425.4482,1065.6454545454546,112.5,361.0,1532.7,11,0.3333333333333333,11,0,1,1330,7402,1124.8366165413522,4.5
20264,1.0,1355,2026-08-10T09:50,COMPLETA,20249.2604,1339.423076923077,112.5,504.0,1925.4,13,0.3194444444444444,13,0,2,1331,7406,1125.5204357625832,4.5
20264,1.0,1356,2026-08-10T10:00,COMPLETA,12420.0481,1395.3454545454545,116.2,405.0,1529.1,11,0.3815789473684211,11,0,3,1331,7406,1125.5204357625832,4.5
20264,1.0,1357,2026-08-10T10:10,COMPLETA,3727.2921,1156.9625,116.2,262.0,1051.2,8,0.4791666666666667,8,0,3,1331,7406,1125.5204357625832,4.5
20264,1.0,1358,2026-08-10T10:20,COMPLETA,3189.6802,1068.8,112.5,214.0,829.2,7,0.36666666666666664,7,0,3,1331,7406,1125.5204357625832,4.5
20264,1.0,1359,2026-08-10T10:30,COMPLETA,2270.1131,891.25,112.5,116.0,414.0,4,0.2604166666666667,4,0,3,1331,7406,1125.5204357625832,4.5
20264,1.0,1360,2026-08-10T10:40,COMPLETA,1845.7012,1635.5333333333335,959.6,106.0,371.4,3,0.19642857142857142,3,0,0,1332,7411,1126.188213213212,4.5
20264,1.0,1361,2026-08-10T10:50,COMPLETA,2056.5712,1387.3500000000001,647.5,82.0,411.6,4,0.1875,4,0,3,1332,7411,1126.188213213212,4.5
20264,1.0,1362,2026-08-10T11:00,COMPLETA,1792.4887,1878.8,1878.8,18.0,103.2,1,0.625,1,0,0,1332,7411,1126.188213213212,4.5
20264,1.0,1363,2026-08-10T11:10,COMPLETA,2260.058,1021.6,566.0,150.0,627.6,5,0.42857142857142855,3,0,2,1332,7411,1126.188213213212,4.5
20264,1.0,1364,2026-08-10T11:20,COMPLETA,2249.0278,928.1,339.5,138.0,495.6,4,0.3125,3,0,0,1334,7422,1126.2657421289343,4.5
20264,1.0,1365,2026-08-10T11:30,COMPLETA,2430.3099,985.9400000000002,73.0,196.0,626.4,5,0.3522727272727273,5,0,1,1337,7431,1126.9813762154063,4.5
20264,1.0,1366,2026-08-10T11:40,COMPLETA,2541.6334,981.5400000000002,73.0,224.0,753.6,6,0.3229166666666667,5,0,1,1339,7439,1128.3313666915597,4.5
20264,1.0,1367,2026-08-10T11:50,COMPLETA,2373.149,975.46,73.0,250.0,783.6,6,0.25,5,0,2,1344,7475,1125.7597470238081,4.5
20264,1.0,1368,2026-08-10T12:00,COMPLETA,2463.7938,978.1600000000001,73.0,180.0,588.0,5,0.32954545454545453,5,0,2,1349,7499,1126.6113417346169,4.5
20264,1.0,1369,2026-08-10T12:10,COMPLETA,2089.4705,708.875,73.0,172.0,499.8,4,0.3375,4,0,3,1353,7516,1127.093939393938,4.5
20264,1.0,1370,2026-08-10T12:20,COMPLETA,1711.4668,384.5,365.5,106.0,339.0,3,0.1388888888888889,2,0,3,1353,7516,1127.093939393938,4.5
20264,1.0,1371,2026-08-10T12:30,COMPLETA,2014.5127,1203.2,350.4,91.0,300.6,2,0.46875,2,0,1,1354,7523,1127.7371491875908,4.5
20264,1.0,1372,2026-08-10T12:40,COMPLETA,2022.2474,1036.7333333333333,586.2,129.0,465.9,3,0.3392857142857143,3,0,1,1354,7523,1127.7371491875908,4.5
20264,1.0,1373,2026-08-10T12:50,COMPLETA,1905.5844,1251.85,586.2,78.0,329.4,2,0.53125,2,0,0,1356,7534,1127.238716814158,4.5
20264,1.0,1374,2026-08-10T13:00,COMPLETA,1898.4399,1111.45,25.5,204.0,954.0,5,0.4166666666666667,4,0,1,1358,7542,1128.6321796759926,4.5
20264,1.0,1375,2026-08-10T13:10,COMPLETA,1711.2898,1287.7333333333333,10.2,160.0,781.2,4,0.34375,3,0,0,1358,7542,1128.6321796759926,4.5
20264,1.0,1376,2026-08-10T13:20,COMPLETA,2056.7967,999.9200000000001,25.5,240.0,1035.6,6,0.30357142857142855,5,0,2,1359,7548,1129.3300220750536,4.5
20264,1.0,1377,2026-08-10T13:30,COMPLETA,1869.1847,1084.425,10.2,401.0,1502.7,7,0.21323529411764705,4,0,0,1360,7549,1130.0169117647044,4.5
20264,1.0,1378,2026-08-10T13:40,COMPLETA,2024.5795,1146.4166666666667,6.0,360.0,1573.8,8,0.24375,6,0,0,1363,7565,1129.6018341892868,4.5
20264,1.0,1379,2026-08-10T13:50,COMPLETA,2187.799,1009.7125,10.2,515.0,2441.7,12,0.21296296296296297,8,0,0,1363,7565,1129.6018341892868,4.5
20264,1.0,1380,2026-08-10T14:00,COMPLETA,2299.1603,935.3555555555556,6.0,421.0,1889.1,10,0.22596153846153846,9,0,0,1365,7579,1128.4489377289362,4.5
20264,1.0,1381,2026-08-10T14:10,COMPLETA,2369.2131,935.3555555555556,6.0,421.0,1889.1,10,0.22596153846153846,9,0,0,1366,7586,1127.6762811127364,4.5
20264,1.0,1382,2026-08-10T14:20,COMPLETA,2275.7108,935.3555555555556,6.0,421.0,1889.1,10,0.22596153846153846,9,0,0,1366,7586,1127.6762811127364,4.5
20264,1.0,1383,2026-08-10T14:30,COMPLETA,2352.0786,935.3555555555556,6.0,421.0,1889.1,10,0.22596153846153846,9,0,0,1367,7588,1127.2950256035099,4.5
20264,1.0,1384,2026-08-10T14:40,COMPLETA,2219.6359,935.3555555555556,6.0,421.0,1889.1,10,0.22596153846153846,9,0,0,1368,7594,1126.7271198830394,4.5
20264,1.0,1385,2026-08-10T14:50,COMPLETA,3206.062,853.1090909090909,6.0,517.0,2319.9,12,0.25833333333333336,11,0,0,1369,7601,1126.632724616507,4.5
20264,1.0,1386,2026-08-10T15:00,COMPLETA,3270.0428,863.8416666666667,6.0,564.0,2814.6,14,0.2620967741935484,12,0,14,1371,7614,1125.5207148067088,4.5
20264,1.0,1387,2026-08-10T15:10,COMPLETA,1881.0719,1305.9,588.8,116.0,794.4,3,0.8125,2,0,3,1371,7614,1125.5207148067088,4.5
20264,1.0,1388,2026-08-10T15:20,COMPLETA,1551.5583,1997.5,1997.5,83.0,244.5,1,0.25,1,0,1,1371,7614,1125.5207148067088,4.5
20264,1.0,1389,2026-08-10T15:30,SIN_DEMANDA,0,,,,,,,0,0,0,1371,7614,1125.5207148067088,4.5
20264,1.0,1390,2026-08-10T15:40,COMPLETA,1787.3493,2036.3,2032.0,78.0,427.2,2,1.0,2,0,2,1371,7614,1125.5207148067088,4.5
20264,1.0,1391,2026-08-10T15:50,SIN_DEMANDA,0,,,,,,,0,0,0,1371,7614,1125.5207148067088,4.5
20264,1.0,1392,2026-08-10T16:00,COMPLETA,1748.857,846.15,54.0,260.0,1687.2,6,0.5277777777777778,4,0,6,1371,7614,1125.5207148067088,4.5
20264,1.0,1393,2026-08-10T16:10,COMPLETA,1617.3486,1215.4,360.8,58.0,410.4,2,0.75,2,0,2,1371,7614,1125.5207148067088,4.5
20264,1.0,1394,2026-08-10T16:20,COMPLETA,2004.6692,912.5,294.0,203.0,1065.6,5,0.25,4,0,4,1372,7618,1125.378206997083,4.5
20264,1.0,1395,2026-08-10T16:30,COMPLETA,2177.0853,785.3333333333334,50.0,128.0,704.4,4,0.2125,3,0,1,1373,7621,1124.7934450109233,4.5
20264,1.0,1396,2026-08-10T16:40,COMPLETA,2146.2258,785.3333333333334,50.0,92.0,498.0,3,0.125,3,0,0,1377,7640,1122.8673928830776,4.5
20264,1.0,1397,2026-08-10T16:50,COMPLETA,2190.8571,822.625,50.0,130.0,675.0,4,0.19791666666666666,4,0,0,1380,7660,1121.5126086956507,4.5
20264,1.0,1398,2026-08-10T17:00,COMPLETA,3995.5521,810.2222222222222,50.0,517.0,2314.5,11,0.24019607843137256,9,0,3,1383,7679,1123.2501807664482,4.5
20264,1.0,1399,2026-08-10T17:10,COMPLETA,3252.4629,922.8444444444444,32.0,450.0,1787.4,9,0.21,9,0,0,1383,7679,1123.2501807664482,4.5
20264,1.0,1400,2026-08-10T17:20,COMPLETA,3340.3122,930.0,32.0,435.0,1672.5,9,0.19444444444444445,9,0,0,1384,7685,1122.864017341039,4.5
20264,1.0,1401,2026-08-10T17:30,COMPLETA,3246.6302,930.0,32.0,435.0,1612.5,9,0.19444444444444445,9,0,1,1386,7693,1123.4316017316003,4.5
20264,1.0,1402,2026-08-10T17:40,COMPLETA,2802.1734,794.75,32.0,399.0,1258.5,8,0.21354166666666666,8,0,1,1390,7716,1126.1012949640274,4.5
20264,1.0,1403,2026-08-10T17:50,COMPLETA,3039.5656,850.8888888888889,32.0,412.0,1516.8,10,0.2712765957446808,9,0,1,1390,7716,1126.1012949640274,4.5
20264,1.0,1404,2026-08-10T18:00,COMPLETA,2774.7573,850.8888888888889,32.0,382.0,1186.8,9,0.266304347826087,9,0,3,1391,7722,1126.7277498202718,4.5
20264,1.0,1405,2026-08-10T18:10,COMPLETA,2767.2663,1120.4125,11.0,317.0,1120.8,8,0.3125,8,0,3,1392,7728,1126.1775143678146,4.5
20264,1.0,1406,2026-08-10T18:20,COMPLETA,2567.0287,1488.46,591.6,178.0,732.3,5,0.4642857142857143,5,0,0,1393,7743,1126.0471643933943,4.5
20264,1.0,1407,2026-08-10T18:30,COMPLETA,2587.2063,1488.46,591.6,178.0,672.3,5,0.4642857142857143,5,0,2,1395,7753,1126.1189247311813,4.5
20264,1.0,1408,2026-08-10T18:40,COMPLETA,2661.7785,1779.9599999999998,930.2,193.0,734.4,5,0.42857142857142855,5,0,2,1395,7753,1126.1189247311813,4.5
20264,1.0,1409,2026-08-10T18:50,COMPLETA,2760.6049,1651.9,572.5,188.0,568.8,4,0.21875,4,0,0,1395,7753,1126.1189247311813,4.5
20264,1.0,1410,2026-08-10T19:00,COMPLETA,2579.4503,1651.9,572.5,188.0,568.8,4,0.21875,4,0,1,1398,7763,1125.4079399141617,4.5
20264,1.0,1411,2026-08-10T19:10,COMPLETA,1941.6509,1529.5333333333335,572.5,168.0,460.8,3,0.14285714285714285,3,0,1,1398,7763,1125.4079399141617,4.5
20264,1.0,1412,2026-08-10T19:20,COMPLETA,2237.6534,1536.5,572.5,183.0,454.5,3,0.18055555555555555,3,0,2,1398,7763,1125.4079399141617,4.5
20264,1.0,1413,2026-08-10T19:30,COMPLETA,2056.6982,1089.3999999999999,575.5,121.0,374.1,3,0.4107142857142857,3,0,2,1400,7769,1124.7062857142841,4.5
20264,1.0,1414,2026-08-10T19:40,COMPLETA,1711.629,787.25,575.5,77.0,263.5,2,0.32142857142857145,2,0,2,1401,7779,1124.5551748750877,4.5
20264,1.0,1415,2026-08-10T19:50,COMPLETA,1665.1717,2019.0,2019.0,68.0,162.0,1,0.25,1,0,0,1403,7793,1123.3950819672116,4.5
20264,1.0,1416,2026-08-10T20:00,COMPLETA,1539.8963,2019.0,2019.0,68.0,162.0,1,0.25,1,0,0,1403,7793,1123.3950819672116,4.5
20264,1.0,1417,2026-08-10T20:10,COMPLETA,1422.9124,2019.0,2019.0,68.0,162.0,1,0.25,1,0,1,1405,7807,1122.8101779359415,4.5
20264,1.0,1418,2026-08-10T20:20,SIN_DEMANDA,0,,,,,,,0,0,0,1408,7826,1121.5064630681804,4.5
20264,1.0,1419,2026-08-10T20:30,COMPLETA,2079.6591,383.075,165.6,130.0,476.4,4,0.34375,4,0,3,1410,7836,1122.7323404255305,4.5
20264,1.0,1420,2026-08-10T20:40,COMPLETA,1581.5318,261.0,142.5,85.0,247.5,2,0.2708333333333333,2,0,2,1411,7839,1123.3179305457109,4.5
20264,1.0,1421,2026-08-10T20:50,COMPLETA,1716.6239,1521.8666666666668,592.6,150.0,511.8,3,0.08928571428571429,3,0,1,1412,7846,1122.9771954674206,4.5
20264,1.0,1422,2026-08-10T21:00,COMPLETA,1941.0216,2009.0,1910.0,148.0,462.0,3,0.16666666666666666,3,0,2,1414,7850,1123.5292786421485,4.5
20264,1.0,1423,2026-08-10T21:10,COMPLETA,1828.5752,1928.75,1910.0,122.0,423.0,2,0.16666666666666666,2,0,0,1415,7858,1124.1843816254402,4.5
20264,1.0,1424,2026-08-10T21:20,COMPLETA,2345.9714,1520.75,284.5,228.0,822.0,4,0.19791666666666666,4,0,0,1416,7859,1123.7947740112982,4.5
20264,1.0,1425,2026-08-10T21:30,COMPLETA,2201.9385,1268.1399999999999,282.0,338.0,1324.2,6,0.20535714285714285,5,0,0,1416,7859,1123.7947740112982,4.5
20264,1.0,1426,2026-08-10T21:40,COMPLETA,2504.3567,1066.7166666666667,59.6,316.0,1271.4,6,0.25,6,0,0,1417,7863,1124.403599153139,4.5
20264,1.0,1427,2026-08-10T21:50,COMPLETA,2416.7085,1066.7166666666667,59.6,316.0,1271.4,6,0.25,6,0,0,1419,7878,1123.3410852713166,4.5
20264,1.0,1428,2026-08-10T22:00,COMPLETA,2194.8512,1066.7166666666667,59.6,316.0,1271.4,6,0.25,6,0,0,1419,7878,1123.3410852713166,4.5
20264,1.0,1429,2026-08-10T22:10,COMPLETA,3864.2902,1115.8700000000001,59.6,410.0,2265.0,13,0.23790322580645162,10,0,0,1421,7888,1123.4454609429965,4.5
20264,1.0,1430,2026-08-10T22:20,COMPLETA,3883.8792,1115.8700000000001,59.6,410.0,2265.0,13,0.23790322580645162,10,0,0,1424,7907,1121.8744382022458,4.5
20264,1.0,1431,2026-08-10T22:30,COMPLETA,3786.3938,1019.7,59.6,569.0,2840.7,15,0.25,11,0,0,1425,7909,1122.5348771929812,4.5
20264,1.0,1432,2026-08-10T22:40,COMPLETA,6247.255,1048.8307692307692,59.6,635.0,3231.9,17,0.2785714285714286,13,0,0,1425,7909,1122.5348771929812,4.5
20264,1.0,1433,2026-08-10T22:50,COMPLETA,11189.2584,1118.5714285714287,59.6,662.0,3454.5,18,0.328125,14,0,0,1426,7918,1123.1880785413732,4.5
20264,1.0,1434,2026-08-10T23:00,COMPLETA,14166.9588,1173.1266666666668,59.6,805.0,3705.9,18,0.3125,15,0,17,1427,7920,1122.8162578836707,4.5
20264,1.0,1435,2026-08-10T23:10,COMPLETA,2061.6073,1538.4333333333334,605.5,161.0,827.7,4,0.3541666666666667,3,0,3,1427,7920,1122.8162578836707,4.5
20264,1.0,1436,2026-08-10T23:20,COMPLETA,1985.1948,1178.6666666666667,627.8,162.0,868.8,4,0.46875,3,0,3,1427,7920,1122.8162578836707,4.5
20264,1.0,1437,2026-08-10T23:30,COMPLETA,2084.4161,1950.5,1859.5,143.0,697.8,3,0.425,3,0,1,1427,7920,1122.8162578836707,4.5
20264,1.0,1438,2026-08-10T23:40,COMPLETA,1854.1201,1280.4333333333334,90.8,130.0,610.8,3,0.32142857142857145,3,0,0,1427,7920,1122.8162578836707,4.5
20264,1.0,1439,2026-08-10T23:50,COMPLETA,2148.8831,1038.825,90.8,170.0,930.8,4,0.36666666666666664,4,0,2,1427,7920,1122.8162578836707,4.5
20264,1.0,1440,2026-08-11T00:00,COMPLETA,1660.4093,1875.25,1858.0,68.0,342.0,2,0.20833333333333334,2,0,0,1427,7920,1122.8162578836707,4.5
20264,1.0,1441,2026-08-11T00:10,COMPLETA,2754.239,1460.9,583.0,232.0,1900.0,8,0.375,5,0,6,1428,7929,1122.447689075629,4.5
20264,1.0,1442,2026-08-11T00:20,COMPLETA,1674.7707,1875.25,1858.0,68.0,342.0,2,0.20833333333333334,2,0,0,1429,7936,1121.7353393981793,4.5
20264,1.0,1443,2026-08-11T00:30,COMPLETA,1933.8526,1900.1666666666667,1843.0,114.0,536.4,3,0.25,3,0,0,1430,7944,1121.2093006992993,4.5
20264,1.0,1444,2026-08-11T00:40,COMPLETA,3424.1359,1193.5,543.5,256.0,1362.4,7,0.24242424242424243,7,0,1,1433,7957,1120.5271458478703,4.5
20264,1.0,1445,2026-08-11T00:50,COMPLETA,3493.8545,1160.642857142857,326.0,320.0,1922.4,9,0.2714285714285714,7,0,3,1434,7961,1119.9423988842386,4.5
20264,1.0,1446,2026-08-11T01:00,COMPLETA,3485.9298,1386.2857142857142,495.5,304.0,1301.4,7,0.23684210526315788,7,0,1,1439,7988,1121.0649061848496,4.5
20264,1.0,1447,2026-08-11T01:10,COMPLETA,2837.2659,1534.0,582.5,190.0,1005.0,6,0.2152777777777778,6,0,0,1442,8003,1121.4306518723984,4.5
20264,1.0,1448,2026-08-11T01:20,COMPLETA,3048.0049,1601.0,582.5,236.0,1139.4,7,0.21710526315789475,7,0,0,1443,8011,1122.0566874566864,4.5
20264,1.0,1449,2026-08-11T01:30,COMPLETA,3875.1794,1384.4666666666667,375.5,288.0,1424.4,9,0.21739130434782608,9,0,1,1444,8017,1122.6653739612177,4.5
20264,1.0,1450,2026-08-11T01:40,COMPLETA,3537.6543,1484.7125,375.5,266.0,1151.4,8,0.2125,8,0,1,1444,8017,1122.6653739612177,4.5
20264,1.0,1451,2026-08-11T01:50,COMPLETA,5344.9402,1310.8,318.5,300.0,1336.8,10,0.21153846153846154,10,0,0,1445,8024,1122.5273356401374,4.5
20264,1.0,1452,2026-08-11T02:00,COMPLETA,7757.5797,1372.0,366.5,412.0,1545.6,12,0.23660714285714285,11,0,2,1445,8024,1122.5273356401374,4.5
20264,1.0,1453,2026-08-11T02:10,COMPLETA,5160.8675,1424.5,366.5,409.0,1505.7,11,0.2857142857142857,9,0,1,1446,8032,1121.8138312586434,4.5
20264,1.0,1454,2026-08-11T02:20,COMPLETA,5906.8294,1306.7222222222222,366.5,352.0,1294.2,10,0.24479166666666666,9,0,2,1449,8051,1122.9213250517587,4.5
20264,1.0,1455,2026-08-11T02:30,COMPLETA,4293.6244,1491.9142857142856,913.4,208.0,771.6,7,0.3161764705882353,7,0,2,1451,8060,1121.9917298414875,4.5
20264,1.0,1456,2026-08-11T02:40,COMPLETA,3303.9561,1408.4166666666667,919.5,218.0,887.4000000000001,7,0.34615384615384615,6,0,3,1451,8060,1121.9917298414875,4.5
20264,1.0,1457,2026-08-11T02:50,COMPLETA,2788.6659,1194.6399999999999,400.0,80.0,425.4,5,0.2403846153846154,5,0,0,1452,8066,1121.6201790633597,4.5
20264,1.0,1458,2026-08-11T03:00,COMPLETA,4786.8465,1367.9624999999999,386.5,246.0,1015.2,8,0.3125,8,0,4,1452,8066,1121.6201790633597,4.5
20264,1.0,1459,2026-08-11T03:10,COMPLETA,2478.3443,1353.95,386.5,182.0,652.2,5,0.2159090909090909,4,0,1,1453,8069,1121.4924294562961,4.5
20264,1.0,1460,2026-08-11T03:20,COMPLETA,2850.0948,1245.34,590.2,233.0,867.0,6,0.425,5,0,6,1456,8084,1120.0453296703286,4.5
20264,1.0,1461,2026-08-11T03:30,SIN_DEMANDA,0,,,,,,,0,0,0,1456,8084,1120.0453296703286,4.5
20264,1.0,1462,2026-08-11T03:40,SIN_DEMANDA,0,,,,,,,0,0,0,1456,8084,1120.0453296703286,4.5
20264,1.0,1463,2026-08-11T03:50,SIN_DEMANDA,0,,,,,,,0,0,0,1457,8087,1119.5281400137258,4.5
20264,1.0,1464,2026-08-11T04:00,SIN_DEMANDA,0,,,,,,,0,0,0,1458,8091,1120.0572702331951,4.5
20264,1.0,1465,2026-08-11T04:10,SIN_DEMANDA,0,,,,,,,0,0,0,1459,8097,1120.5250171350228,4.5
20264,1.0,1466,2026-08-11T04:20,COMPLETA,1108.8694,379.0,379.0,48.0,132.0,1,0.125,1,0,1,1465,8127,1120.929965870306,4.5
20264,1.0,1467,2026-08-11T04:30,COMPLETA,2356.2398,1273.175,382.2,213.0,744.3,6,0.3125,4,0,5,1466,8128,1120.4289904502034,4.5
20264,1.0,1468,2026-08-11T04:40,COMPLETA,1837.8618,1202.5,375.5,77.0,235.5,2,0.22916666666666666,2,0,0,1467,8132,1120.9658486707556,4.5
20264,1.0,1469,2026-08-11T04:50,COMPLETA,1849.6726,1202.5,375.5,77.0,235.5,2,0.22916666666666666,2,0,1,1471,8157,1120.9670972127792,4.5
20264,1.0,1470,2026-08-11T05:00,COMPLETA,1618.6582,2029.5,2029.5,45.0,127.5,1,0.4166666666666667,1,0,1,1471,8159,1120.9670972127792,4.5
20264,1.0,1471,2026-08-11T05:10,COMPLETA,1584.8602,644.0,644.0,24.0,156.0,2,0.1875,1,0,2,1471,8165,1120.9670972127792,4.5
20264,1.0,1472,2026-08-11T05:20,COMPLETA,1753.8201,1976.0,1976.0,48.0,312.0,2,0.1875,1,0,0,1472,8173,1121.5790760869554,4.5
20264,1.0,1473,2026-08-11T05:30,COMPLETA,1897.8937,1976.0,1976.0,48.0,312.0,2,0.1875,1,0,0,1475,8187,1121.647661016948,4.5
20264,1.0,1474,2026-08-11T05:40,COMPLETA,2513.5973,1651.5,898.0,102.0,453.0,3,0.3472222222222222,3,0,1,1475,8187,1121.647661016948,4.5
20264,1.0,1475,2026-08-11T05:50,COMPLETA,2130.6987,1437.0,898.0,80.0,360.0,2,0.3125,2,0,0,1475,8187,1121.647661016948,4.5
20264,1.0,1476,2026-08-11T06:00,COMPLETA,2220.983,1262.6666666666667,898.0,264.0,1116.0,6,0.1527777777777778,3,0,0,1477,8200,1120.6442112389966,4.5
20264,1.0,1477,2026-08-11T06:10,COMPLETA,2312.2517,1262.6666666666667,898.0,264.0,1116.0,6,0.1527777777777778,3,0,0,1477,8200,1120.6442112389966,4.5
20264,1.0,1478,2026-08-11T06:20,COMPLETA,3090.6363,1066.1,596.0,250.0,1095.0,6,0.20833333333333334,5,0,0,1481,8220,1120.106009453071,4.5
20264,1.0,1479,2026-08-11T06:30,COMPLETA,3080.4588,1066.1,596.0,250.0,1095.0,6,0.20833333333333334,5,0,0,1481,8220,1120.106009453071,4.5
20264,1.0,1480,2026-08-11T06:40,COMPLETA,3101.6662,1066.1,596.0,250.0,1095.0,6,0.20833333333333334,5,0,0,1481,8220,1120.106009453071,4.5
20264,1.0,1481,2026-08-11T06:50,COMPLETA,4052.1877,979.1875,76.0,380.0,1762.0,9,0.27040816326530615,8,0,0,1482,8230,1120.7196356275292,4.5
20264,1.0,1482,2026-08-11T07:00,COMPLETA,4268.515,909.0555555555555,145.0,480.0,2196.0,11,0.2641509433962264,9,0,11,1483,8240,1121.3668240053933,4.5
20264,1.0,1483,2026-08-11T07:10,COMPLETA,1501.4379,945.0,945.0,80.0,444.0,2,0.32142857142857145,1,0,2,1483,8240,1121.3668240053933,4.5
20264,1.0,1484,2026-08-11T07:20,COMPLETA,1008.1373,2078.0,2078.0,20.0,150.0,1,0.08333333333333333,1,0,1,1483,8240,1121.3668240053933,4.5
20264,1.0,1485,2026-08-11T07:30,COMPLETA,983.9865,1994.4,1994.4,24.0,249.4,1,0.375,1,0,1,1483,8240,1121.3668240053933,4.5
20264,1.0,1486,2026-08-11T07:40,SIN_DEMANDA,0,,,,,,,0,0,0,1483,8240,1121.3668240053933,4.5
20264,1.0,1487,2026-08-11T07:50,COMPLETA,1629.1854,327.5,327.5,43.0,284.5,1,0.20833333333333334,1,0,0,1483,8240,1121.3668240053933,4.5
20264,1.0,1488,2026-08-11T08:00,COMPLETA,1779.6786,1171.55,327.5,88.0,532.7,2,0.28125,2,0,1,1483,8240,1121.3668240053933,4.5
20264,1.0,1489,2026-08-11T08:10,COMPLETA,2095.932,993.6999999999999,327.5,125.0,721.3,3,0.25,3,0,2,1483,8240,1121.3668240053933,4.5
20264,1.0,1490,2026-08-11T08:20,COMPLETA,1704.3726,327.5,327.5,43.0,284.5,1,0.20833333333333334,1,0,0,1483,8240,1121.3668240053933,4.5
20264,1.0,1491,2026-08-11T08:30,COMPLETA,2413.4859,653.525,327.5,295.0,1467.5,6,0.275,4,0,4,1486,8258,1120.2385598923272,4.5
20264,1.0,1492,2026-08-11T08:40,COMPLETA,1659.3634,327.5,327.5,43.0,284.5,1,0.20833333333333334,1,0,0,1489,8271,1121.3690396239074,4.5
20264,1.0,1493,2026-08-11T08:50,COMPLETA,1984.3223,662.95,327.5,61.0,447.7,2,0.25,2,0,1,1492,8289,1120.199731903484,4.5
20264,1.0,1494,2026-08-11T09:00,COMPLETA,2523.3363,901.8333333333334,327.5,217.0,1005.8,5,0.2403846153846154,3,0,1,1492,8293,1120.199731903484,4.5
20264,1.0,1495,2026-08-11T09:10,COMPLETA,2880.7735,823.375,327.5,209.0,1038.0,5,0.25833333333333336,4,0,0,1492,8297,1120.199731903484,4.5
20264,1.0,1496,2026-08-11T09:20,COMPLETA,2842.2432,823.375,327.5,205.0,985.0,5,0.25833333333333336,4,0,0,1493,8302,1120.082384460816,4.5
20264,1.0,1497,2026-08-11T09:30,COMPLETA,3438.5945,1060.0,327.5,252.0,998.0,5,0.3,5,0,0,1494,8307,1120.6101070950456,4.5
20264,1.0,1498,2026-08-11T09:40,COMPLETA,3279.8615,1060.0,327.5,278.0,998.0,6,0.25,5,0,2,1494,8307,1120.6101070950456,4.5
20264,1.0,1499,2026-08-11T09:50,COMPLETA,3896.6501,1091.5,327.5,310.0,994.5,6,0.2777777777777778,6,0,3,1494,8307,1120.6101070950456,4.5
20264,1.0,1500,2026-08-11T10:00,COMPLETA,2533.1557,876.75,327.5,141.0,586.0,4,0.2916666666666667,4,0,0,1495,8311,1121.234581939798,4.5
20264,1.0,1501,2026-08-11T10:10,COMPLETA,2638.7434,876.75,327.5,171.0,515.5,3,0.3888888888888889,4,0,1,1497,8321,1120.7952571810274,4.5
20264,1.0,1502,2026-08-11T10:20,COMPLETA,2232.4681,1461.88,586.5,251.0,876.5,6,0.28125,5,0,4,1500,8331,1121.8925999999985,4.5
20264,1.0,1503,2026-08-11T10:30,COMPLETA,2340.6982,1218.3,154.0,94.0,466.2,5,0.29545454545454547,4,0,4,1501,8335,1121.390739506994,4.5
20264,1.0,1504,2026-08-11T10:40,COMPLETA,1635.9756,1080.75,154.0,53.0,199.5,2,0.3333333333333333,2,0,1,1501,8337,1121.390739506994,4.5
20264,1.0,1505,2026-08-11T10:50,COMPLETA,1396.3573,2007.5,2007.5,43.0,124.5,1,0.4166666666666667,1,0,0,1501,8337,1121.390739506994,4.5
20264,1.0,1506,2026-08-11T11:00,COMPLETA,1881.8583,2001.9666666666665,1992.4,232.0,662.7,4,0.296875,3,0,0,1503,8343,1121.9142381902848,4.5
20264,1.0,1507,2026-08-11T11:10,COMPLETA,2161.8655,2015.725,1992.4,248.0,802.7,5,0.3235294117647059,4,0,2,1505,8361,1122.0033887043176,4.5
20264,1.0,1508,2026-08-11T11:20,COMPLETA,2665.0489,1677.78,377.0,299.0,968.7,6,0.275,5,0,1,1505,8361,1122.0033887043176,4.5
20264,1.0,1509,2026-08-11T11:30,COMPLETA,2906.9131,1746.5833333333333,355.8,290.0,1025.0,7,0.2619047619047619,6,0,6,1505,8361,1122.0033887043176,4.5
20264,1.0,1510,2026-08-11T11:40,COMPLETA,1949.0328,1382.5,84.5,172.0,438.0,3,0.19444444444444445,3,0,0,1507,8379,1121.536230922361,4.5
20264,1.0,1511,2026-08-11T11:50,COMPLETA,2083.9445,1549.175,84.5,224.0,682.8,5,0.26136363636363635,4,0,1,1507,8379,1121.536230922361,4.5
20264,1.0,1512,2026-08-11T12:00,COMPLETA,2819.309,1114.5666666666666,84.5,306.0,1021.8,8,0.3125,6,0,6,1510,8395,1122.1468874172172,4.5
20264,1.0,1513,2026-08-11T12:10,COMPLETA,2163.19,1246.1499999999999,336.2,192.0,634.2,4,0.296875,4,0,2,1514,8420,1123.5772126816369,4.5
20264,1.0,1514,2026-08-11T12:20,COMPLETA,2106.6691,1998.1666666666667,1902.5,96.0,384.0,3,0.19444444444444445,3,0,0,1514,8420,1123.5772126816369,4.5
20264,1.0,1515,2026-08-11T12:30,COMPLETA,2242.1694,2017.625,1902.5,122.0,631.0,5,0.17,4,0,3,1515,8426,1123.224224422441,4.5
20264,1.0,1516,2026-08-11T12:40,COMPLETA,1655.0512,1902.5,1902.5,36.0,294.0,2,0.14583333333333334,1,0,0,1515,8426,1123.224224422441,4.5
20264,1.0,1517,2026-08-11T12:50,COMPLETA,1625.442,1902.5,1902.5,36.0,294.0,2,0.14583333333333334,1,0,0,1516,8429,1123.8401715039565,4.5
20264,1.0,1518,2026-08-11T13:00,COMPLETA,1847.2605,1385.5,868.5,70.0,465.0,3,0.1527777777777778,2,0,0,1517,8431,1124.4632168754108,4.5
20264,1.0,1519,2026-08-11T13:10,COMPLETA,2178.6585,1605.8333333333333,868.5,132.0,618.0,4,0.14583333333333334,3,0,1,1518,8432,1125.0698945981542,4.5
20264,1.0,1520,2026-08-11T13:20,COMPLETA,2336.4116,1197.375,60.5,136.0,804.0,5,0.19166666666666668,4,0,0,1519,8441,1124.4320605661605,4.5
20264,1.0,1521,2026-08-11T13:30,COMPLETA,3379.8332,1356.4,60.5,190.0,1245.0,8,0.16666666666666666,5,0,0,1523,8460,1125.688378200918,4.5
20264,1.0,1522,2026-08-11T13:40,COMPLETA,3319.4576,1356.4,60.5,190.0,1245.0,8,0.16666666666666666,5,0,0,1524,8465,1126.261745406823,4.5
20264,1.0,1523,2026-08-11T13:50,COMPLETA,3959.5519,1464.25,60.5,184.0,1116.0,7,0.23214285714285715,6,0,0,1526,8476,1127.4889252948874,4.5
20264,1.0,1524,2026-08-11T14:00,COMPLETA,4757.6679,1593.775,60.5,403.0,2209.2,12,0.19583333333333333,8,0,0,1527,8478,1128.0658808120484,4.5
20264,1.0,1525,2026-08-11T14:10,COMPLETA,5981.9947,1459.5555555555557,60.5,280.0,1500.0,9,0.2638888888888889,9,0,0,1530,8495,1128.5837254901949,4.5
20264,1.0,1526,2026-08-11T14:20,COMPLETA,6864.893,1317.6100000000001,60.5,477.0,2472.6,13,0.27586206896551724,10,0,0,1531,8498,1128.2302416721084,4.5
20264,1.0,1527,2026-08-11T14:30,COMPLETA,18021.7589,1135.6384615384616,59.6,597.0,3221.7,16,0.3106060606060606,13,0,0,1533,8510,1127.1912589693397,4.5
20264,1.0,1528,2026-08-11T14:40,COMPLETA,18407.1154,1135.6384615384616,59.6,597.0,3221.7,16,0.3106060606060606,13,0,0,1533,8510,1127.1912589693397,4.5
20264,1.0,1529,2026-08-11T14:50,COMPLETA,35054.9803,1049.9066666666668,59.6,720.0,3859.7999999999997,20,0.29605263157894735,15,0,0,1533,8510,1127.1912589693397,4.5
20264,1.0,1530,2026-08-11T15:00,COMPLETA,54069.8487,1020.9999999999999,52.4,762.0,3911.1,20,0.296875,16,0,19,1534,8513,1127.7905475880038,4.5
20264,1.0,1531,2026-08-11T15:10,COMPLETA,2158.8654,1196.5,325.0,38.0,332.0,2,0.32142857142857145,2,0,1,1534,8513,1127.7905475880038,4.5
20264,1.0,1532,2026-08-11T15:20,COMPLETA,2504.1906,998.1333333333333,325.0,80.0,615.6,3,0.3888888888888889,3,0,2,1534,8513,1127.7905475880038,4.5
20264,1.0,1533,2026-08-11T15:30,COMPLETA,2217.9728,458.8,320.6,88.0,397.2,2,0.53125,2,0,1,1534,8513,1127.7905475880038,4.5
20264,1.0,1534,2026-08-11T15:40,COMPLETA,1976.7898,436.25,359.5,232.0,861.0,3,0.475,2,0,3,1534,8513,1127.7905475880038,4.5
20264,1.0,1535,2026-08-11T15:50,SIN_DEMANDA,0,,,,,,,0,0,0,1534,8513,1127.7905475880038,4.5
20264,1.0,1536,2026-08-11T16:00,SIN_DEMANDA,0,,,,,,,0,0,0,1534,8513,1127.7905475880038,4.5
20264,1.0,1537,2026-08-11T16:10,SIN_DEMANDA,0,,,,,,,0,0,0,1534,8513,1127.7905475880038,4.5
20264,1.0,1538,2026-08-11T16:20,COMPLETA,1760.3042,93.0,93.0,16.0,144.0,1,0.4166666666666667,1,0,0,1538,8542,1128.9486345903758,4.5
20264,1.0,1539,2026-08-11T16:30,COMPLETA,2237.1343,252.4333333333333,88.5,112.0,573.0,3,0.3392857142857143,3,0,1,1541,8555,1128.6485399091484,4.5
20264,1.0,1540,2026-08-11T16:40,COMPLETA,2275.7337,174.0,88.5,72.0,468.0,3,0.20833333333333334,3,0,0,1546,8577,1127.782858990943,4.5
20264,1.0,1541,2026-08-11T16:50,COMPLETA,2400.2206,366.75,70.5,112.0,648.0,4,0.16666666666666666,4,0,0,1546,8577,1127.782858990943,4.5
20264,1.0,1542,2026-08-11T17:00,COMPLETA,2513.6064,694.8,87.0,164.0,846.0,5,0.16666666666666666,5,0,0,1549,8586,1127.6713363460283,4.5
20264,1.0,1543,2026-08-11T17:10,COMPLETA,2779.5112,916.7333333333332,64.5,228.0,1210.8,7,0.16911764705882354,6,0,0,1551,8598,1127.7465506125066,4.5
20264,1.0,1544,2026-08-11T17:20,COMPLETA,3105.5962,1073.5285714285715,69.6,286.0,1153.8,8,0.1875,7,0,2,1552,8605,1127.0583118556688,4.5
20264,1.0,1545,2026-08-11T17:30,COMPLETA,2854.2574,1225.2666666666667,69.6,252.0,940.0,7,0.21666666666666667,6,0,3,1553,8615,1127.5593689632954,4.5
20264,1.0,1546,2026-08-11T17:40,COMPLETA,2034.0703,1105.4,69.6,122.0,459.4,4,0.225,4,0,2,1554,8625,1127.0651222651209,4.5
20264,1.0,1547,2026-08-11T17:50,COMPLETA,1846.7781,2005.75,2004.5,96.0,286.0,2,0.22916666666666666,2,0,1,1554,8625,1127.0651222651209,4.5
20264,1.0,1548,2026-08-11T18:00,COMPLETA,1623.5533,2004.5,2004.5,44.0,148.0,1,0.2916666666666667,1,0,1,1554,8625,1127.0651222651209,4.5
20264,1.0,1549,2026-08-11T18:10,SIN_DEMANDA,0,,,,,,,0,0,0,1554,8625,1127.0651222651209,4.5
20264,1.0,1550,2026-08-11T18:20,SIN_DEMANDA,0,,,,,,,0,0,0,1554,8625,1127.0651222651209,4.5
20264,1.0,1551,2026-08-11T18:30,COMPLETA,1477.3367,130.5,130.5,58.0,147.0,1,0.20833333333333334,1,0,1,1554,8625,1127.0651222651209,4.5
20264,1.0,1552,2026-08-11T18:40,COMPLETA,1827.7371,1360.0,623.0,48.0,192.0,2,0.2708333333333333,2,0,2,1554,8625,1127.0651222651209,4.5
20264,1.0,1553,2026-08-11T18:50,COMPLETA,1449.4575,2085.0,2085.0,8.0,149.6,2,0.8333333333333334,1,0,2,1555,8630,1126.7106109324745,4.5
20264,1.0,1554,2026-08-11T19:00,COMPLETA,1465.0178,2010.0,2010.0,71.0,166.5,1,0.25,1,0,0,1557,8644,1125.8114964675644,4.5
20264,1.0,1555,2026-08-11T19:10,COMPLETA,2002.2195,2042.6666666666667,2010.0,131.0,430.5,3,0.3,3,0,2,1560,8655,1124.3535897435884,4.5
20264,1.0,1556,2026-08-11T19:20,COMPLETA,1652.7244,2010.0,2010.0,71.0,166.5,1,0.25,1,0,0,1561,8659,1124.9456117873146,4.5
20264,1.0,1557,2026-08-11T19:30,COMPLETA,1771.5822,1413.1666666666667,158.0,121.0,368.0,3,0.2222222222222222,3,0,3,1562,8663,1125.5103072983343,4.5
20264,1.0,1558,2026-08-11T19:40,COMPLETA,1568.7879,666.75,393.0,101.0,271.5,2,0.22916666666666666,2,0,2,1563,8666,1126.0774792066527,4.5
20264,1.0,1559,2026-08-11T19:50,COMPLETA,1688.2418,2067.5,2067.5,26.0,99.0,1,0.4166666666666667,1,0,1,1564,8675,1126.6982736572877,4.5
20264,1.0,1560,2026-08-11T20:00,SIN_DEMANDA,0,,,,,,,0,0,0,1566,8692,1127.8707535121316,4.5
20264,1.0,1561,2026-08-11T20:10,COMPLETA,2139.5483,2061.0,2037.0,70.0,270.0,2,0.4375,2,0,2,1566,8692,1127.8707535121316,4.5
20264,1.0,1562,2026-08-11T20:20,COMPLETA,1682.0021,372.9,160.8,85.0,261.9,2,0.28125,2,0,1,1568,8701,1126.9126913265293,4.5
20264,1.0,1563,2026-08-11T20:30,COMPLETA,1848.6283,588.5,585.0,129.0,313.5,2,0.22916666666666666,2,0,1,1568,8701,1126.9126913265293,4.5
20264,1.0,1564,2026-08-11T20:40,COMPLETA,1149.3939,592.0,592.0,60.0,150.0,1,0.16666666666666666,1,0,1,1569,8703,1127.5144040790299,4.5
20264,1.0,1565,2026-08-11T20:50,COMPLETA,1024.4692,2077.6,2077.6,12.0,88.8,1,0.5,1,0,1,1571,8713,1127.4981540420101,4.5
20264,1.0,1566,2026-08-11T21:00,COMPLETA,1008.0771,2060.5,2060.5,30.0,105.0,1,0.041666666666666664,1,0,0,1573,8723,1127.6157660521285,4.5
20264,1.0,1567,2026-08-11T21:10,COMPLETA,2216.2036,1783.5,965.5,169.0,520.5,4,0.1625,4,0,4,1573,8723,1127.6157660521285,4.5
20264,1.0,1568,2026-08-11T21:20,COMPLETA,980.5023,134.0,134.0,32.0,108.0,1,0.08333333333333333,1,0,0,1574,8733,1128.2128970775082,4.5
20264,1.0,1569,2026-08-11T21:30,COMPLETA,1627.9847,138.0,134.0,71.0,226.5,2,0.25,2,0,2,1576,8748,1129.379505076141,4.5
20264,1.0,1570,2026-08-11T21:40,COMPLETA,1631.041,1936.0,1936.0,80.0,240.0,1,0.20833333333333334,1,0,0,1577,8750,1128.7653138871262,4.5
20264,1.0,1571,2026-08-11T21:50,COMPLETA,1754.8116,1115.0,294.0,152.0,468.0,2,0.2916666666666667,2,0,0,1577,8750,1128.7653138871262,4.5
20264,1.0,1572,2026-08-11T22:00,COMPLETA,2512.8045,1433.2,280.5,251.0,1100.1,6,0.25,6,0,0,1578,8755,1128.6460076045614,4.5
20264,1.0,1573,2026-08-11T22:10,COMPLETA,2629.1753,1433.2,280.5,251.0,1100.1,6,0.25,6,0,0,1580,8764,1129.8215189873406,4.5
20264,1.0,1574,2026-08-11T22:20,COMPLETA,2434.7881,1433.2,280.5,251.0,1100.1,6,0.25,6,0,0,1580,8764,1129.8215189873406,4.5
20264,1.0,1575,2026-08-11T22:30,COMPLETA,3280.7235,1230.7888888888888,97.8,444.0,2388.0,13,0.225,9,0,0,1580,8764,1129.8215189873406,4.5
20264,1.0,1576,2026-08-11T22:40,COMPLETA,9163.1692,1177.2166666666665,97.8,605.0,3072.3,16,0.26171875,12,0,0,1583,8779,1129.7277321541364,4.5
20264,1.0,1577,2026-08-11T22:50,COMPLETA,14970.7305,1183.3642857142859,89.0,604.0,3388.2,17,0.326271186440678,14,0,0,1585,8782,1130.8917981072543,4.5
20264,1.0,1578,2026-08-11T23:00,COMPLETA,18983.8674,1143.4733333333336,91.6,704.0,3670.8,19,0.3,15,0,15,1588,8800,1129.5371536523917,4.5
20264,1.0,1579,2026-08-11T23:10,COMPLETA,1851.1543,765.1,132.5,318.0,1421.0,6,0.36538461538461536,5,0,4,1588,8800,1129.5371536523917,4.5
20264,1.0,1580,2026-08-11T23:20,COMPLETA,1735.6503,1083.5,265.5,182.0,633.0,3,0.3055555555555556,3,0,3,1588,8800,1129.5371536523917,4.5
20264,1.0,1581,2026-08-11T23:30,COMPLETA,1276.4796,934.2,934.2,63.0,271.2,1,0.875,1,0,1,1588,8800,1129.5371536523917,4.5
20264,1.0,1582,2026-08-11T23:40,COMPLETA,1241.4671,2045.5,2045.5,66.0,219.0,1,0.041666666666666664,1,0,1,1588,8800,1129.5371536523917,4.5
20264,1.0,1583,2026-08-11T23:50,SIN_DEMANDA,0,,,,,,,0,0,0,1588,8800,1129.5371536523917,4.5
20264,1.0,1584,2026-08-12T00:00,SIN_DEMANDA,0,,,,,,,0,0,0,1588,8800,1129.5371536523917,4.5
20264,1.0,1585,2026-08-12T00:10,COMPLETA,1667.7217,935.45,128.4,186.0,1161.6,6,0.4642857142857143,4,0,5,1589,8806,1130.105097545625,4.5
20264,1.0,1586,2026-08-12T00:20,COMPLETA,1624.2176,1086.3333333333333,349.0,164.0,922.0,4,0.23214285714285715,3,0,2,1591,8809,1130.189189189188,4.5
20264,1.0,1587,2026-08-12T00:30,COMPLETA,1684.9587,1274.5,901.5,156.0,594.0,3,0.19444444444444445,3,0,0,1593,8819,1130.302950408034,4.5
20264,1.0,1588,2026-08-12T00:40,COMPLETA,2286.5311,1072.6857142857143,306.0,415.0,2261.1,9,0.275,7,0,4,1595,8830,1130.3549843260175,4.5
20264,1.0,1589,2026-08-12T00:50,COMPLETA,2076.7675,1247.4,544.5,350.0,1525.0,6,0.17307692307692307,5,0,2,1597,8841,1130.2490920475882,4.5
20264,1.0,1590,2026-08-12T01:00,COMPLETA,1741.7701,1080.325,593.5,242.0,988.2,5,0.14772727272727273,4,0,1,1599,8856,1130.1835522201363,4.5
20264,1.0,1591,2026-08-12T01:10,COMPLETA,2319.1822,1095.4,593.5,130.0,745.2,4,0.21875,4,0,0,1602,8879,1129.9875780274645,4.5
20264,1.0,1592,2026-08-12T01:20,COMPLETA,2235.2225,998.0,593.5,144.0,786.0,5,0.2777777777777778,5,0,2,1603,8884,1130.4885215221448,4.5
20264,1.0,1593,2026-08-12T01:30,COMPLETA,1752.1015,1254.0,829.8,100.0,540.0,3,0.375,3,0,0,1607,8906,1130.0871810827618,4.5
20264,1.0,1594,2026-08-12T01:40,COMPLETA,2130.9911,1176.0,99.8,170.0,888.0,5,0.45,5,0,1,1607,8906,1130.0871810827618,4.5
20264,1.0,1595,2026-08-12T01:50,COMPLETA,2040.3858,1392.08,99.8,192.0,672.6,5,0.32142857142857145,5,0,1,1608,8913,1129.9653606965162,4.5
20264,1.0,1596,2026-08-12T02:00,COMPLETA,1704.3144,1235.5500000000002,99.8,146.0,502.2,4,0.2708333333333333,4,0,0,1609,8920,1129.3428837787433,4.5
20264,1.0,1597,2026-08-12T02:10,COMPLETA,1894.0768,1063.94,99.8,182.0,616.2,5,0.20833333333333334,5,0,1,1610,8929,1129.0137267080734,4.5
20264,1.0,1598,2026-08-12T02:20,COMPLETA,1670.4698,972.0600000000001,99.8,108.0,526.8,5,0.26785714285714285,5,0,4,1610,8929,1129.0137267080734,4.5
20264,1.0,1599,2026-08-12T02:30,COMPLETA,1753.6767,1996.7666666666667,1926.5,116.0,415.2,3,0.30357142857142855,3,0,1,1611,8936,1128.5295468652998,4.5
20264,1.0,1600,2026-08-12T02:40,COMPLETA,1772.725,1974.3,1953.6,82.0,255.6,2,0.375,2,0,1,1612,8942,1128.2230769230757,4.5
20264,1.0,1601,2026-08-12T02:50,COMPLETA,2100.5539,1556.3333333333333,616.0,144.0,510.0,4,0.40625,3,0,2,1613,8947,1127.8915685058885,4.5
20264,1.0,1602,2026-08-12T03:00,COMPLETA,1977.1531,1246.5,377.0,209.0,553.5,4,0.2708333333333333,4,0,2,1613,8947,1127.8915685058885,4.5
20264,1.0,1603,2026-08-12T03:10,COMPLETA,1678.0067,1019.6666666666666,377.0,79.0,298.5,3,0.19444444444444445,3,0,3,1615,8957,1127.65975232198,4.5
20264,1.0,1604,2026-08-12T03:20,SIN_DEMANDA,0,,,,,,,0,0,0,1616,8958,1127.5198019801967,4.5
20264,1.0,1605,2026-08-12T03:30,SIN_DEMANDA,0,,,,,,,0,0,0,1618,8970,1127.52410383189,4.5
20264,1.0,1606,2026-08-12T03:40,COMPLETA,1389.2987,980.0,980.0,43.0,124.5,1,0.4166666666666667,1,0,1,1619,8972,1128.091167387275,4.5
20264,1.0,1607,2026-08-12T03:50,COMPLETA,1478.3706,2054.6,2054.6,64.0,273.6,2,0.3125,1,0,2,1620,8974,1127.6278395061715,4.5
20264,1.0,1608,2026-08-12T04:00,SIN_DEMANDA,0,,,,,,,0,0,0,1623,8985,1127.0849661121367,4.5
20264,1.0,1609,2026-08-12T04:10,COMPLETA,1021.2021,2037.4,2037.4,48.0,175.2,1,0.25,1,0,1,1625,8995,1128.1713846153834,4.5
20264,1.0,1610,2026-08-12T04:20,COMPLETA,1026.4984,602.6,602.6,42.0,160.8,1,0.125,1,0,1,1625,8995,1128.1713846153834,4.5
20264,1.0,1611,2026-08-12T04:30,COMPLETA,1305.7656,140.4,136.0,78.0,260.4,2,0.21875,2,0,2,1626,9005,1128.7432349323483,4.5
20264,1.0,1612,2026-08-12T04:40,COMPLETA,1588.4804,2080.5,2080.5,26.0,99.0,1,0.375,1,0,1,1628,9018,1127.9665233415221,4.5
20264,1.0,1613,2026-08-12T04:50,COMPLETA,1038.8076,994.0,994.0,24.0,96.0,1,0.041666666666666664,1,0,1,1630,9021,1128.3555214723915,4.5
20264,1.0,1614,2026-08-12T05:00,SIN_DEMANDA,0,,,,,,,0,0,0,1630,9021,1128.3555214723915,4.5
20264,1.0,1615,2026-08-12T05:10,COMPLETA,1514.8611,2059.5,2059.5,43.0,124.5,1,0.25,1,0,1,1631,9027,1128.9120171673808,4.5
20264,1.0,1616,2026-08-12T05:20,COMPLETA,1545.2018,1292.5,510.5,84.0,306.0,2,0.16666666666666666,2,0,1,1632,9037,1128.8207720588223,4.5
20264,1.0,1617,2026-08-12T05:30,COMPLETA,1483.4919,336.05,161.6,82.0,384.6,3,0.225,2,0,2,1633,9042,1129.3876913655838,4.5
20264,1.0,1618,2026-08-12T05:40,COMPLETA,1731.6748,401.5,292.5,174.0,621.0,3,0.18055555555555555,2,0,0,1633,9042,1129.3876913655838,4.5
20264,1.0,1619,2026-08-12T05:50,COMPLETA,1560.1788,290.5,68.5,278.0,1017.0,5,0.11666666666666667,3,0,0,1634,9049,1129.8941860465106,4.5
20264,1.0,1620,2026-08-12T06:00,COMPLETA,1754.4339,303.375,68.5,244.0,966.0,5,0.15,4,0,0,1635,9058,1130.4755963302741,4.5
20264,1.0,1621,2026-08-12T06:10,COMPLETA,2697.213,836.7142857142857,68.5,353.0,1609.5,9,0.19907407407407407,7,0,0,1639,9068,1129.7375228798037,4.5
20264,1.0,1622,2026-08-12T06:20,COMPLETA,3356.2818,917.7777777777778,68.5,362.0,1881.0,11,0.25862068965517243,9,0,0,1640,9069,1129.4160975609745,4.5
20264,1.0,1623,2026-08-12T06:30,COMPLETA,3567.2138,836.79,68.5,418.0,2171.4,12,0.265625,10,0,0,1640,9069,1129.4160975609745,4.5
20264,1.0,1624,2026-08-12T06:40,COMPLETA,5877.3814,916.4250000000001,68.5,554.0,2988.6,16,0.2743055555555556,12,0,0,1641,9073,1129.9920170627656,4.5
20264,1.0,1625,2026-08-12T06:50,COMPLETA,5940.5872,916.4250000000001,68.5,554.0,2988.6,16,0.2743055555555556,12,0,0,1643,9084,1129.9683505782095,4.5
20264,1.0,1626,2026-08-12T07:00,COMPLETA,5994.5401,916.4250000000001,68.5,554.0,2988.6,16,0.2743055555555556,12,0,15,1643,9084,1129.9683505782095,4.5
20264,1.0,1627,2026-08-12T07:10,COMPLETA,899.6858,2006.5,2006.5,36.0,174.0,1,0.16666666666666666,1,0,1,1643,9084,1129.9683505782095,4.5
20264,1.0,1628,2026-08-12T07:20,COMPLETA,1544.6352,973.4,973.4,76.0,422.4,2,0.5625,1,0,2,1643,9084,1129.9683505782095,4.5
20264,1.0,1629,2026-08-12T07:30,SIN_DEMANDA,0,,,,,,,0,0,0,1643,9084,1129.9683505782095,4.5
20264,1.0,1630,2026-08-12T07:40,SIN_DEMANDA,0,,,,,,,0,0,0,1643,9084,1129.9683505782095,4.5
20264,1.0,1631,2026-08-12T07:50,COMPLETA,937.7357,2053.6,2053.6,32.0,196.8,1,0.25,1,0,1,1643,9084,1129.9683505782095,4.5
20264,1.0,1632,2026-08-12T08:00,COMPLETA,957.2343,976.8,976.8,36.0,206.4,1,0.125,1,0,1,1643,9084,1129.9683505782095,4.5
20264,1.0,1633,2026-08-12T08:10,COMPLETA,753.3908,947.4,947.4,58.0,259.2,1,0.5,1,0,1,1646,9110,1129.6069258809225,4.5
20264,1.0,1634,2026-08-12T08:20,COMPLETA,1534.065,346.5,346.5,66.0,613.0,3,0.28125,1,0,2,1648,9116,1128.8237257281544,4.5
20264,1.0,1635,2026-08-12T08:30,COMPLETA,1646.1615,208.25,110.5,85.0,413.4,2,0.34375,2,0,1,1649,9123,1129.3668890236497,4.5
20264,1.0,1636,2026-08-12T08:40,COMPLETA,1669.0598,104.85,99.2,162.0,718.2,3,0.4,2,0,2,1651,9131,1128.2479103573583,4.5
20264,1.0,1637,2026-08-12T08:50,COMPLETA,1541.3103,110.5,110.5,34.0,171.0,1,0.4166666666666667,1,0,0,1654,9154,1127.8990931076169,4.5
20264,1.0,1638,2026-08-12T09:00,COMPLETA,1399.9317,110.5,110.5,34.0,171.0,1,0.4166666666666667,1,0,1,1654,9154,1127.8990931076169,4.5
20264,1.0,1639,2026-08-12T09:10,COMPLETA,1448.1026,1080.5,91.0,102.0,273.0,2,0.125,2,0,2,1655,9163,1127.805740181268,4.5
20264,1.0,1640,2026-08-12T09:20,SIN_DEMANDA,0,,,,,,,0,0,0,1655,9163,1127.805740181268,4.5
20264,1.0,1641,2026-08-12T09:30,COMPLETA,1361.0017,2043.5,2043.5,24.0,156.0,1,0.2916666666666667,1,0,0,1657,9174,1128.884791792395,4.5
20264,1.0,1642,2026-08-12T09:40,COMPLETA,1495.327,2043.5,2043.5,24.0,156.0,1,0.2916666666666667,1,0,0,1657,9174,1128.884791792395,4.5
20264,1.0,1643,2026-08-12T09:50,COMPLETA,1850.0656,2041.5,2035.5,132.0,378.0,3,0.20833333333333334,3,0,1,1658,9175,1128.793063932448,4.5
20264,1.0,1644,2026-08-12T10:00,COMPLETA,1675.5963,2044.5,2043.5,66.0,219.0,2,0.22916666666666666,2,0,2,1658,9175,1128.793063932448,4.5
20264,1.0,1645,2026-08-12T10:10,COMPLETA,1703.8064,1507.0,961.5,119.0,298.5,2,0.1875,2,0,2,1658,9175,1128.793063932448,4.5
20264,1.0,1646,2026-08-12T10:20,COMPLETA,1499.9792,930.5,930.5,59.0,148.5,1,0.3333333333333333,1,0,1,1659,9187,1128.6837251356228,4.5
20264,1.0,1647,2026-08-12T10:30,COMPLETA,958.8944,377.5,377.5,43.0,124.5,1,0.125,1,0,1,1659,9187,1128.6837251356228,4.5
20264,1.0,1648,2026-08-12T10:40,SIN_DEMANDA,0,,,,,,,0,0,0,1661,9200,1128.63744732089,4.5
20264,1.0,1649,2026-08-12T10:50,SIN_DEMANDA,0,,,,,,,0,0,0,1661,9200,1128.63744732089,4.5
20264,1.0,1650,2026-08-12T11:00,SIN_DEMANDA,0,,,,,,,0,0,0,1662,9206,1128.0180505415153,4.5
20264,1.0,1651,2026-08-12T11:10,SIN_DEMANDA,0,,,,,,,0,0,0,1663,9207,1127.5237522549598,4.5
20264,1.0,1652,2026-08-12T11:20,COMPLETA,933.878,986.5,986.5,34.0,111.0,1,0.041666666666666664,1,0,1,1663,9207,1127.5237522549598,4.5
20264,1.0,1653,2026-08-12T11:30,COMPLETA,1524.5673,968.0,968.0,36.0,114.0,1,0.2916666666666667,1,0,0,1664,9214,1128.074218749999,4.5
20264,1.0,1654,2026-08-12T11:40,COMPLETA,1571.9564,974.7,968.0,120.0,495.6,4,0.3541666666666667,2,0,4,1665,9217,1127.4513513513505,4.5
20264,1.0,1655,2026-08-12T11:50,COMPLETA,938.004,582.0,582.0,75.0,172.5,1,0.16666666666666666,1,0,0,1667,9225,1128.5467906418708,4.5
20264,1.0,1656,2026-08-12T12:00,COMPLETA,1043.3022,582.0,582.0,75.0,172.5,1,0.16666666666666666,1,0,1,1668,9228,1129.1007194244594,4.5
20264,1.0,1657,2026-08-12T12:10,COMPLETA,1666.1348,365.93333333333334,141.0,126.0,482.4,3,0.3333333333333333,3,0,3,1670,9237,1128.5502994011965,4.5
20264,1.0,1658,2026-08-12T12:20,SIN_DEMANDA,0,,,,,,,0,0,0,1670,9237,1128.5502994011965,4.5
20264,1.0,1659,2026-08-12T12:30,COMPLETA,1144.1063,2080.0,2080.0,20.0,90.0,1,0.16666666666666666,1,0,1,1670,9237,1128.5502994011965,4.5
20264,1.0,1660,2026-08-12T12:40,COMPLETA,1049.1724,2038.5,2038.5,70.0,165.0,1,0.08333333333333333,1,0,1,1670,9237,1128.5502994011965,4.5
20264,1.0,1661,2026-08-12T12:50,SIN_DEMANDA,0,,,,,,,0,0,0,1672,9246,1128.3468899521522,4.5
20264,1.0,1662,2026-08-12T13:00,SIN_DEMANDA,0,,,,,,,0,0,0,1672,9246,1128.3468899521522,4.5
20264,1.0,1663,2026-08-12T13:10,COMPLETA,813.4518,994.0,994.0,28.0,102.0,1,0.041666666666666664,1,0,1,1672,9246,1128.3468899521522,4.5
20264,1.0,1664,2026-08-12T13:20,COMPLETA,1731.7896,1978.8333333333333,1931.6,133.0,571.5,3,0.15,3,0,1,1674,9263,1128.163321385901,4.5
20264,1.0,1665,2026-08-12T13:30,COMPLETA,1944.9143,1388.0333333333335,288.0,165.0,828.3,4,0.2708333333333333,3,0,0,1674,9263,1128.163321385901,4.5
20264,1.0,1666,2026-08-12T13:40,COMPLETA,2138.4778,1175.575,288.0,199.0,1029.9,5,0.30357142857142855,4,0,0,1674,9263,1128.163321385901,4.5
20264,1.0,1667,2026-08-12T13:50,COMPLETA,2297.5858,951.6600000000001,56.0,327.0,1461.9,7,0.21153846153846154,5,0,0,1676,9269,1128.1422434367532,4.5
20264,1.0,1668,2026-08-12T14:00,COMPLETA,3003.8608,1042.2857142857142,56.0,507.0,2298.3,11,0.22023809523809523,7,0,0,1676,9269,1128.1422434367532,4.5
20264,1.0,1669,2026-08-12T14:10,COMPLETA,2769.3691,1042.2857142857142,56.0,507.0,2298.3,11,0.22023809523809523,7,0,0,1679,9279,1127.0430017867768,4.5
20264,1.0,1670,2026-08-12T14:20,COMPLETA,3579.3302,1031.4125,56.0,519.0,2349.9,12,0.1875,8,0,0,1679,9279,1127.0430017867768,4.5
20264,1.0,1671,2026-08-12T14:30,COMPLETA,4165.7457,1143.9222222222222,56.0,533.0,2490.9,13,0.20967741935483872,9,0,0,1679,9279,1127.0430017867768,4.5
20264,1.0,1672,2026-08-12T14:40,COMPLETA,4460.3245,1089.6599999999999,56.0,585.0,2898.9,15,0.24193548387096775,10,0,0,1681,9282,1127.5060678167747,4.5
20264,1.0,1673,2026-08-12T14:50,COMPLETA,6371.3127,1047.090909090909,56.0,513.0,2588.1,14,0.2734375,11,0,0,1681,9282,1127.5060678167747,4.5
20264,1.0,1674,2026-08-12T15:00,COMPLETA,7212.3833,971.0583333333333,56.0,664.0,3295.2,17,0.2765151515151515,12,0,17,1682,9284,1128.0607015457776,4.5
20264,1.0,1675,2026-08-12T15:10,COMPLETA,1607.3104,383.5,383.5,38.0,177.0,1,0.375,1,0,1,1682,9284,1128.0607015457776,4.5
20264,1.0,1676,2026-08-12T15:20,COMPLETA,530.0192,84.8,84.8,76.0,302.4,1,0.375,1,0,1,1682,9284,1128.0607015457776,4.5
20264,1.0,1677,2026-08-12T15:30,SIN_DEMANDA,0,,,,,,,0,0,0,1682,9284,1128.0607015457776,4.5
20264,1.0,1678,2026-08-12T15:40,SIN_DEMANDA,0,,,,,,,0,0,0,1682,9284,1128.0607015457776,4.5
20264,1.0,1679,2026-08-12T15:50,SIN_DEMANDA,0,,,,,,,0,0,0,1682,9284,1128.0607015457776,4.5
20264,1.0,1680,2026-08-12T16:00,COMPLETA,1639.0357,565.9,140.0,68.0,356.4,2,0.34375,2,0,2,1682,9284,1128.0607015457776,4.5
20264,1.0,1681,2026-08-12T16:10,COMPLETA,1628.5704,773.3,555.0,93.0,463.2,2,0.5625,2,0,2,1682,9284,1128.0607015457776,4.5
20264,1.0,1682,2026-08-12T16:20,COMPLETA,1481.051,1320.9,637.2,77.0,424.8,2,0.625,2,0,2,1683,9292,1127.7569221628034,4.5
20264,1.0,1683,2026-08-12T16:30,COMPLETA,944.3929,263.0,263.0,74.0,297.6,1,0.5,1,0,0,1685,9307,1127.348605341245,4.5
20264,1.0,1684,2026-08-12T16:40,COMPLETA,1940.5835,1416.0,263.0,152.0,654.6,3,0.39285714285714285,3,0,0,1689,9343,1127.3770278271154,4.5
20264,1.0,1685,2026-08-12T16:50,COMPLETA,2928.3488,1423.4,263.0,280.0,1311.6,6,0.3055555555555556,5,0,1,1693,9359,1126.3799763733007,4.5
20264,1.0,1686,2026-08-12T17:00,COMPLETA,2743.3373,1423.4,263.0,250.0,1041.6,5,0.3076923076923077,5,0,0,1694,9364,1126.034651711923,4.5
20264,1.0,1687,2026-08-12T17:10,COMPLETA,2823.5089,1074.142857142857,84.0,371.0,1638.1,8,0.33088235294117646,7,0,2,1695,9366,1126.5099115044236,4.5
20264,1.0,1688,2026-08-12T17:20,COMPLETA,2813.8807,1199.9166666666667,82.5,312.0,1194.6,6,0.296875,6,0,1,1696,9372,1126.430483490565,4.5
20264,1.0,1689,2026-08-12T17:30,COMPLETA,2553.7149,1387.3,82.5,300.0,990.0,6,0.2361111111111111,5,0,0,1696,9372,1126.430483490565,4.5
20264,1.0,1690,2026-08-12T17:40,COMPLETA,2688.2791,1387.3,82.5,300.0,870.0,6,0.2361111111111111,5,0,1,1699,9387,1125.48257798705,4.5
20264,1.0,1691,2026-08-12T17:50,COMPLETA,2490.1431,1393.6,82.5,220.0,630.0,5,0.24166666666666667,5,0,0,1699,9387,1125.48257798705,4.5
20264,1.0,1692,2026-08-12T18:00,COMPLETA,4232.7582,1581.0714285714287,82.5,336.0,1002.0,8,0.24431818181818182,7,0,4,1700,9390,1124.8704117647048,4.5
20264,1.0,1693,2026-08-12T18:10,COMPLETA,3868.5621,1739.2,609.5,163.0,562.5,5,0.33653846153846156,5,0,3,1700,9390,1124.8704117647048,4.5
20264,1.0,1694,2026-08-12T18:20,COMPLETA,2646.8242,1207.5333333333333,609.5,124.0,487.2,4,0.421875,3,0,2,1700,9390,1124.8704117647048,4.5
20264,1.0,1695,2026-08-12T18:30,COMPLETA,1764.8675,1324.0,609.5,56.0,204.0,2,0.3541666666666667,2,0,2,1700,9390,1124.8704117647048,4.5
20264,1.0,1696,2026-08-12T18:40,COMPLETA,2259.278,1545.0,99.0,256.0,914.4,5,0.6,4,0,4,1700,9390,1124.8704117647048,4.5
20264,1.0,1697,2026-08-12T18:50,COMPLETA,2516.7091,862.0999999999999,157.2,279.0,1264.8,7,0.515625,4,0,4,1702,9399,1125.0524676850753,4.5
20264,1.0,1698,2026-08-12T19:00,COMPLETA,2153.9094,852.775,82.5,184.0,590.7,4,0.203125,4,0,2,1703,9402,1124.6085143863759,4.5
20264,1.0,1699,2026-08-12T19:10,COMPLETA,1717.3613,249.83333333333334,82.5,151.0,406.5,3,0.09722222222222222,3,0,1,1703,9403,1124.6085143863759,4.5
20264,1.0,1700,2026-08-12T19:20,COMPLETA,1910.0189,266.725,82.5,187.0,545.7,4,0.1,4,0,0,1704,9413,1125.1225352112665,4.5
20264,1.0,1701,2026-08-12T19:30,COMPLETA,1896.5194,266.725,82.5,187.0,545.7,4,0.1,4,0,0,1705,9421,1125.000175953078,4.5
20264,1.0,1702,2026-08-12T19:40,COMPLETA,1730.0944,266.725,82.5,187.0,545.7,4,0.1,4,0,1,1706,9426,1125.5488276670565,4.5
20264,1.0,1703,2026-08-12T19:50,COMPLETA,1628.3794,328.1333333333333,312.0,134.0,406.2,3,0.10714285714285714,3,0,1,1708,9444,1125.4322599531606,4.5
20264,1.0,1704,2026-08-12T20:00,COMPLETA,1738.6598,538.9666666666667,312.0,138.0,472.2,4,0.1875,3,0,1,1711,9458,1125.1188194038564,4.5
20264,1.0,1705,2026-08-12T20:10,COMPLETA,1710.1492,635.25,312.0,80.0,240.0,2,0.2708333333333333,2,0,1,1714,9482,1126.0845390898473,4.5
20264,1.0,1706,2026-08-12T20:20,COMPLETA,2125.8512,1510.75,958.5,80.0,318.0,3,0.19642857142857142,2,0,0,1715,9490,1125.5195918367338,4.5
20264,1.0,1707,2026-08-12T20:30,COMPLETA,2840.6914,1780.375,958.5,170.0,573.0,5,0.22115384615384615,4,0,4,1715,9490,1125.5195918367338,4.5
20264,1.0,1708,2026-08-12T20:40,COMPLETA,1788.0192,1073.7,143.0,154.0,522.6,3,0.475,2,0,3,1715,9490,1125.5195918367338,4.5
20264,1.0,1709,2026-08-12T20:50,SIN_DEMANDA,0,,,,,,,0,0,0,1716,9494,1126.0477272727262,4.5
20264,1.0,1710,2026-08-12T21:00,COMPLETA,1867.22,704.625,30.0,138.0,641.4,5,0.17307692307692307,4,0,1,1720,9528,1126.0471511627898,4.5
20264,1.0,1711,2026-08-12T21:10,COMPLETA,1637.3288,252.16666666666666,30.0,98.0,521.4,4,0.2,3,0,0,1720,9528,1126.0471511627898,4.5
20264,1.0,1712,2026-08-12T21:20,COMPLETA,2352.9839,607.0,30.0,222.0,1007.4,7,0.17105263157894737,6,0,2,1720,9528,1126.0471511627898,4.5
20264,1.0,1713,2026-08-12T21:30,COMPLETA,3231.8996,1020.9285714285714,30.0,234.0,1170.0,7,0.25,7,0,1,1720,9528,1126.0471511627898,4.5
20264,1.0,1714,2026-08-12T21:40,COMPLETA,3482.4057,781.75,30.0,320.0,1440.0,8,0.203125,8,0,0,1723,9538,1124.8641903656403,4.5
20264,1.0,1715,2026-08-12T21:50,COMPLETA,4274.4288,917.9444444444445,30.0,342.0,1593.0,9,0.20833333333333334,9,0,0,1724,9539,1124.4008120649642,4.5
20264,1.0,1716,2026-08-12T22:00,COMPLETA,3949.7262,917.9444444444445,30.0,342.0,1593.0,9,0.20833333333333334,9,0,0,1728,9555,1124.925636574073,4.5
20264,1.0,1717,2026-08-12T22:10,COMPLETA,11920.0396,917.6583333333333,30.0,560.0,2730.6,14,0.2578125,12,0,0,1729,9564,1124.3577212261412,4.5
20264,1.0,1718,2026-08-12T22:20,COMPLETA,23655.0165,817.1142857142858,17.4,541.0,2751.6,15,0.2571428571428571,14,0,0,1729,9564,1124.3577212261412,4.5
20264,1.0,1719,2026-08-12T22:30,COMPLETA,28810.6748,898.1066666666667,17.4,708.0,3637.8,19,0.2635135135135135,15,0,0,1730,9566,1124.8997109826578,4.5
20264,1.0,1720,2026-08-12T22:40,COMPLETA,43839.8914,899.3375000000001,17.4,752.0,3836.6,20,0.275,16,0,0,1731,9575,1125.4578278451752,4.5
20264,1.0,1721,2026-08-12T22:50,COMPLETA,44072.2752,899.3375000000001,17.4,752.0,3836.6,20,0.275,16,0,0,1733,9583,1124.5949221004028,4.5
20264,1.0,1722,2026-08-12T23:00,COMPLETA,46523.2473,968.1411764705881,17.4,808.0,4147.5,21,0.27134146341463417,17,0,20,1734,9593,1125.1023068050738,4.5
20264,1.0,1723,2026-08-12T23:10,COMPLETA,1546.4928,2011.0,2011.0,48.0,192.0,1,0.25,1,0,0,1734,9593,1125.1023068050738,4.5
20264,1.0,1724,2026-08-12T23:20,COMPLETA,1595.737,2011.0,2011.0,48.0,192.0,1,0.25,1,0,1,1734,9593,1125.1023068050738,4.5
20264,1.0,1725,2026-08-12T23:30,SIN_DEMANDA,0,,,,,,,0,0,0,1734,9593,1125.1023068050738,4.5
20264,1.0,1726,2026-08-12T23:40,COMPLETA,1513.9553,598.8,598.8,24.0,177.6,1,0.875,1,0,0,1734,9593,1125.1023068050738,4.5
20264,1.0,1727,2026-08-12T23:50,COMPLETA,1686.7695,598.8,598.8,24.0,177.6,1,0.875,1,0,0,1734,9593,1125.1023068050738,4.5
20264,1.0,1728,2026-08-13T00:00,COMPLETA,2058.1732,780.3,598.8,70.0,408.0,2,0.875,2,0,1,1734,9593,1125.1023068050738,4.5
20264,1.0,1729,2026-08-13T00:10,COMPLETA,1933.0329,754.9,598.8,150.0,1167.6,4,0.8,2,0,4,1734,9593,1125.1023068050738,4.5
20264,1.0,1730,2026-08-13T00:20,SIN_DEMANDA,0,,,,,,,0,0,0,1738,9614,1124.5770425776743,4.5
20264,1.0,1731,2026-08-13T00:30,COMPLETA,1759.0181,970.2,970.2,34.0,201.6,1,1.0,1,0,1,1740,9616,1124.7838505747116,4.5
20264,1.0,1732,2026-08-13T00:40,COMPLETA,1616.1711,2036.0,2036.0,48.0,480.0,2,0.75,1,0,2,1743,9624,1123.090246701089,4.5
20264,1.0,1733,2026-08-13T00:50,COMPLETA,1753.4076,388.8,388.8,26.0,182.4,1,0.625,1,0,1,1745,9643,1123.0888252148984,4.5
20264,1.0,1734,2026-08-13T01:00,SIN_DEMANDA,0,,,,,,,0,0,0,1751,9682,1123.578412335807,4.5
20264,1.0,1735,2026-08-13T01:10,SIN_DEMANDA,0,,,,,,,0,0,0,1751,9682,1123.578412335807,4.5
20264,1.0,1736,2026-08-13T01:20,COMPLETA,2237.9329,637.25,297.5,40.0,440.0,2,0.2916666666666667,2,0,0,1751,9682,1123.578412335807,4.5
20264,1.0,1737,2026-08-13T01:30,COMPLETA,2105.3653,637.25,297.5,40.0,380.0,2,0.2916666666666667,2,0,0,1751,9682,1123.578412335807,4.5
20264,1.0,1738,2026-08-13T01:40,COMPLETA,2562.0696,858.75,120.0,253.0,812.0,6,0.1736111111111111,4,0,4,1752,9689,1123.2788812785377,4.5
20264,1.0,1739,2026-08-13T01:50,COMPLETA,1741.603,297.5,297.5,49.0,161.5,1,0.2916666666666667,1,0,1,1752,9689,1123.2788812785377,4.5
20264,1.0,1740,2026-08-13T02:00,COMPLETA,1750.8119,1095.0,117.0,78.0,462.0,4,0.3611111111111111,2,0,3,1753,9696,1123.1867655447793,4.5
20264,1.0,1741,2026-08-13T02:10,COMPLETA,1828.6275,1073.25,117.0,98.0,267.0,2,0.14583333333333334,2,0,0,1753,9696,1123.1867655447793,4.5
20264,1.0,1742,2026-08-13T02:20,COMPLETA,1781.3398,1073.25,117.0,98.0,267.0,2,0.14583333333333334,2,0,1,1754,9704,1123.0995438996567,4.5
20264,1.0,1743,2026-08-13T02:30,COMPLETA,1220.7992,2029.5,2029.5,50.0,135.0,1,0.125,1,0,0,1755,9709,1122.6811396011385,4.5
20264,1.0,1744,2026-08-13T02:40,COMPLETA,2344.2157,1124.3,393.0,180.0,562.2,4,0.2125,3,0,4,1756,9715,1123.2012528473792,4.5
20264,1.0,1745,2026-08-13T02:50,SIN_DEMANDA,0,,,,,,,0,0,0,1756,9715,1123.2012528473792,4.5
20264,1.0,1746,2026-08-13T03:00,COMPLETA,1536.1348,973.5,973.5,43.0,124.5,1,0.4166666666666667,1,0,1,1758,9731,1122.997383390215,4.5
20264,1.0,1747,2026-08-13T03:10,SIN_DEMANDA,0,,,,,,,0,0,0,1758,9731,1122.997383390215,4.5
20264,1.0,1748,2026-08-13T03:20,SIN_DEMANDA,0,,,,,,,0,0,0,1758,9731,1122.997383390215,4.5
20264,1.0,1749,2026-08-13T03:30,COMPLETA,2242.1295,1091.5666666666666,587.0,138.0,490.2,4,0.296875,3,0,3,1759,9740,1123.5374644684468,4.5
20264,1.0,1750,2026-08-13T03:40,COMPLETA,1522.4103,587.0,587.0,51.0,136.5,1,0.3333333333333333,1,0,0,1761,9751,1123.4883021010778,4.5
20264,1.0,1751,2026-08-13T03:50,COMPLETA,2182.868,1315.5,587.0,91.0,292.5,2,0.4375,2,0,2,1761,9751,1123.4883021010778,4.5
20264,1.0,1752,2026-08-13T04:00,COMPLETA,2323.7562,1160.05,123.0,231.0,921.3,7,0.3194444444444444,4,0,7,1761,9751,1123.4883021010778,4.5
20264,1.0,1753,2026-08-13T04:10,SIN_DEMANDA,0,,,,,,,0,0,0,1763,9765,1122.5030629608611,4.5
20264,1.0,1754,2026-08-13T04:20,SIN_DEMANDA,0,,,,,,,0,0,0,1765,9775,1122.5495184135966,4.5
20264,1.0,1755,2026-08-13T04:30,COMPLETA,1424.9445,390.0,165.5,80.0,240.0,2,0.16666666666666666,2,0,2,1765,9775,1122.5495184135966,4.5
20264,1.0,1756,2026-08-13T04:40,COMPLETA,1748.9184,2051.5,2051.5,56.0,144.0,1,0.375,1,0,1,1765,9775,1122.5495184135966,4.5
20264,1.0,1757,2026-08-13T04:50,COMPLETA,1478.5026,176.6,176.6,2.0,64.8,1,0.625,1,0,1,1767,9789,1122.3677419354826,4.5
20264,1.0,1758,2026-08-13T05:00,COMPLETA,1008.8392,2064.5,2064.5,38.0,117.0,1,0.16666666666666666,1,0,1,1768,9797,1122.899886877827,4.5
20264,1.0,1759,2026-08-13T05:10,SIN_DEMANDA,0,,,,,,,0,0,0,1769,9800,1122.618145845109,4.5
20264,1.0,1760,2026-08-13T05:20,COMPLETA,1434.0716,167.0,167.0,8.0,72.0,1,0.25,1,0,1,1770,9805,1123.161299435027,4.5
20264,1.0,1761,2026-08-13T05:30,COMPLETA,1096.7428,2063.5,2063.5,38.0,117.0,1,0.125,1,0,1,1771,9808,1122.7478825522292,4.5
20264,1.0,1762,2026-08-13T05:40,SIN_DEMANDA,0,,,,,,,0,0,0,1773,9822,1122.9653130287636,4.5
20264,1.0,1763,2026-08-13T05:50,SIN_DEMANDA,0,,,,,,,0,0,0,1774,9826,1122.4255918827496,4.5
20264,1.0,1764,2026-08-13T06:00,SIN_DEMANDA,0,,,,,,,0,0,0,1777,9846,1121.848508722565,4.5
20264,1.0,1765,2026-08-13T06:10,COMPLETA,1512.123,1069.0,114.5,54.0,441.0,3,0.1111111111111111,2,0,0,1777,9846,1121.848508722565,4.5
20264,1.0,1766,2026-08-13T06:20,COMPLETA,1939.5653,625.1,92.5,207.0,910.5,5,0.175,5,0,0,1778,9850,1121.563160854892,4.5
20264,1.0,1767,2026-08-13T06:30,COMPLETA,2257.5479,621.6666666666666,92.5,229.0,1063.5,6,0.2152777777777778,6,0,0,1781,9869,1122.0787759685559,4.5
20264,1.0,1768,2026-08-13T06:40,COMPLETA,3033.837,837.8875,92.5,352.0,1647.6,9,0.21739130434782608,8,0,0,1781,9869,1122.0787759685559,4.5
20264,1.0,1769,2026-08-13T06:50,COMPLETA,3968.5477,784.7333333333333,92.5,398.0,1836.6,10,0.21634615384615385,9,0,0,1781,9869,1122.0787759685559,4.5
20264,1.0,1770,2026-08-13T07:00,COMPLETA,4279.0135,784.7333333333333,92.5,398.0,1836.6,10,0.21634615384615385,9,0,9,1782,9872,1122.6070707070696,4.5
20264,1.0,1771,2026-08-13T07:10,COMPLETA,1687.4921,1104.5,192.5,75.0,375.0,2,0.2916666666666667,2,0,1,1782,9872,1122.6070707070696,4.5
20264,1.0,1772,2026-08-13T07:20,COMPLETA,1472.3979,192.5,192.5,78.0,455.0,2,0.14583333333333334,1,0,0,1782,9872,1122.6070707070696,4.5
20264,1.0,1773,2026-08-13T07:30,COMPLETA,1539.5104,192.5,192.5,78.0,455.0,2,0.14583333333333334,1,0,0,1782,9872,1122.6070707070696,4.5
20264,1.0,1774,2026-08-13T07:40,COMPLETA,1486.3798,192.5,192.5,78.0,455.0,2,0.14583333333333334,1,0,0,1782,9872,1122.6070707070696,4.5
20264,1.0,1775,2026-08-13T07:50,COMPLETA,2372.3026,953.5,192.5,158.0,831.5,4,0.1875,3,0,2,1782,9872,1122.6070707070696,4.5
20264,1.0,1776,2026-08-13T08:00,COMPLETA,1653.6611,160.75,129.0,123.0,625.0,3,0.2361111111111111,2,0,1,1782,9872,1122.6070707070696,4.5
20264,1.0,1777,2026-08-13T08:10,COMPLETA,1475.9648,192.5,192.5,78.0,455.0,2,0.14583333333333334,1,0,0,1782,9872,1122.6070707070696,4.5
20264,1.0,1778,2026-08-13T08:20,COMPLETA,1816.4578,274.05,192.5,130.0,680.3,3,0.25,2,0,1,1784,9880,1122.5469730941693,4.5
20264,1.0,1779,2026-08-13T08:30,COMPLETA,1449.3057,192.5,192.5,67.0,421.0,2,0.14583333333333334,1,0,0,1785,9890,1122.2534453781502,4.5
20264,1.0,1780,2026-08-13T08:40,COMPLETA,1442.9671,192.5,192.5,67.0,421.0,2,0.14583333333333334,1,0,0,1787,9898,1121.523726916619,4.5
20264,1.0,1781,2026-08-13T08:50,COMPLETA,2107.4435,497.5,192.5,183.0,904.5999999999999,4,0.3333333333333333,3,0,3,1789,9908,1120.8546115148117,4.5
20264,1.0,1782,2026-08-13T09:00,COMPLETA,1918.5104,407.25,192.5,69.0,331.0,2,0.46875,2,0,1,1791,9917,1120.9092127303172,4.5
20264,1.0,1783,2026-08-13T09:10,COMPLETA,1869.1843,1110.0,192.5,131.0,617.0,3,0.2361111111111111,2,0,0,1791,9917,1120.9092127303172,4.5
20264,1.0,1784,2026-08-13T09:20,COMPLETA,2155.8195,866.9333333333334,192.5,157.0,876.1,5,0.2159090909090909,3,0,1,1792,9919,1121.4349330357131,4.5
20264,1.0,1785,2026-08-13T09:30,COMPLETA,2552.8287,1037.95,192.5,171.0,735.1,5,0.2840909090909091,4,0,1,1792,9919,1121.4349330357131,4.5
20264,1.0,1786,2026-08-13T09:40,COMPLETA,2531.4105,879.425,192.5,141.0,548.5,4,0.325,4,0,0,1793,9925,1121.1469046291122,4.5
20264,1.0,1787,2026-08-13T09:50,COMPLETA,2333.514,874.55,192.5,173.0,644.8,5,0.29545454545454547,4,0,3,1794,9935,1120.5938684503892,4.5
20264,1.0,1788,2026-08-13T10:00,COMPLETA,2307.0243,927.825,126.6,152.0,609.0,5,0.2638888888888889,4,0,3,1794,9935,1120.5938684503892,4.5
20264,1.0,1789,2026-08-13T10:10,COMPLETA,1904.1727,1111.6666666666667,380.5,94.0,321.0,3,0.2222222222222222,3,0,2,1794,9935,1120.5938684503892,4.5
20264,1.0,1790,2026-08-13T10:20,COMPLETA,1854.0323,1005.5,380.5,112.0,460.0,3,0.28846153846153844,3,0,3,1794,9935,1120.5938684503892,4.5
20264,1.0,1791,2026-08-13T10:30,SIN_DEMANDA,0,,,,,,,0,0,0,1795,9942,1120.167688022283,4.5
20264,1.0,1792,2026-08-13T10:40,COMPLETA,1687.8162,792.25,600.0,82.0,243.0,2,0.25,2,0,0,1797,9956,1119.8109070673333,4.5
20264,1.0,1793,2026-08-13T10:50,COMPLETA,2233.9187,1208.3333333333333,600.0,137.0,385.5,3,0.2916666666666667,3,0,2,1798,9958,1119.408064516128,4.5
20264,1.0,1794,2026-08-13T11:00,COMPLETA,2511.0742,1124.1666666666667,379.5,112.0,427.8,4,0.3125,3,0,1,1798,9958,1119.408064516128,4.5
20264,1.0,1795,2026-08-13T11:10,COMPLETA,3038.3803,988.25,342.5,135.0,747.3,7,0.41304347826086957,4,0,3,1799,9961,1119.3302946081146,4.5
20264,1.0,1796,2026-08-13T11:20,COMPLETA,2743.3404,975.0,379.5,248.0,1120.8,8,0.3275862068965517,4,0,5,1799,9961,1119.3302946081146,4.5
20264,1.0,1797,2026-08-13T11:30,COMPLETA,1852.3779,1304.5,573.5,88.0,252.0,2,0.375,2,0,1,1801,9970,1118.6164353137135,4.5
20264,1.0,1798,2026-08-13T11:40,COMPLETA,1756.5135,593.05,573.5,78.0,265.8,2,0.34375,2,0,1,1802,9980,1119.109433962263,4.5
20264,1.0,1799,2026-08-13T11:50,COMPLETA,1904.8435,1312.45,573.5,122.0,431.4,3,0.375,2,0,2,1805,9996,1118.1797229916888,4.5
20264,1.0,1800,2026-08-13T12:00,COMPLETA,1948.9031,1071.5,565.0,158.0,417.0,3,0.3194444444444444,3,0,2,1808,10011,1117.639657079645,4.5
20264,1.0,1801,2026-08-13T12:10,COMPLETA,1636.0884,565.0,565.0,46.0,129.0,1,0.4166666666666667,1,0,1,1808,10011,1117.639657079645,4.5
20264,1.0,1802,2026-08-13T12:20,COMPLETA,1551.4227,2047.8,2047.8,32.0,136.8,1,1.0,1,0,1,1808,10011,1117.639657079645,4.5
20264,1.0,1803,2026-08-13T12:30,COMPLETA,1947.2304,1010.8333333333334,372.0,153.0,409.5,3,0.2222222222222222,3,0,3,1808,10011,1117.639657079645,4.5
20264,1.0,1804,2026-08-13T12:40,SIN_DEMANDA,0,,,,,,,0,0,0,1813,10044,1116.892443463871,4.5
20264,1.0,1805,2026-08-13T12:50,COMPLETA,1890.1265,2058.2,2031.0,56.0,345.6,4,0.4166666666666667,2,0,3,1814,10049,1117.407111356118,4.5
20264,1.0,1806,2026-08-13T13:00,COMPLETA,2403.8748,1324.875,369.5,244.0,894.0,6,0.28125,4,0,3,1814,10049,1117.407111356118,4.5
20264,1.0,1807,2026-08-13T13:10,COMPLETA,2695.6677,1268.5,152.5,238.0,957.0,6,0.1875,5,0,1,1814,10057,1117.407111356118,4.5
20264,1.0,1808,2026-08-13T13:20,COMPLETA,2939.027,1424.8333333333333,152.5,209.0,913.5,6,0.2361111111111111,6,0,1,1817,10070,1117.5210236653816,4.5
20264,1.0,1809,2026-08-13T13:30,COMPLETA,3072.7927,1682.9,527.0,194.0,831.0,5,0.275,5,0,1,1817,10070,1117.5210236653816,4.5
20264,1.0,1810,2026-08-13T13:40,COMPLETA,3623.2364,1476.1666666666667,527.0,296.0,1164.0,6,0.2708333333333333,6,0,0,1819,10078,1117.7565145684432,4.5
20264,1.0,1811,2026-08-13T13:50,COMPLETA,4364.4236,1396.7142857142858,527.0,332.0,1338.0,7,0.23809523809523808,7,0,0,1820,10088,1117.4528021978012,4.5
20264,1.0,1812,2026-08-13T14:00,COMPLETA,4338.8025,1396.7142857142858,527.0,332.0,1338.0,7,0.23809523809523808,7,0,0,1823,10112,1118.2172243554571,4.5
20264,1.0,1813,2026-08-13T14:10,COMPLETA,5102.8277,1252.5666666666666,516.6,440.0,1980.6,10,0.24479166666666666,9,0,0,1824,10120,1118.7268640350867,4.5
20264,1.0,1814,2026-08-13T14:20,COMPLETA,17165.1568,1232.9333333333332,516.6,516.0,2316.6,12,0.22083333333333333,12,0,0,1825,10130,1118.317698630136,4.5
20264,1.0,1815,2026-08-13T14:30,COMPLETA,17465.1864,1232.9333333333332,516.6,516.0,2316.6,12,0.22083333333333333,12,0,0,1826,10132,1118.8210843373483,4.5
20264,1.0,1816,2026-08-13T14:40,COMPLETA,28496.8118,1207.5461538461536,525.5,728.0,3679.8,17,0.21830985915492956,13,0,0,1827,10133,1118.2921729611376,4.5
20264,1.0,1817,2026-08-13T14:50,COMPLETA,38975.3099,1191.5800000000002,133.2,771.0,4050.9,19,0.23591549295774647,15,0,0,1829,10143,1117.79786768726,4.5
20264,1.0,1818,2026-08-13T15:00,COMPLETA,64120.0993,1336.861111111111,133.2,802.0,3939.6,20,0.259375,18,0,19,1830,10144,1118.3165573770482,4.5
20264,1.0,1819,2026-08-13T15:10,COMPLETA,2010.0366,389.6333333333334,315.6,286.0,1221.6,5,0.375,3,0,3,1830,10144,1118.3165573770482,4.5
20264,1.0,1820,2026-08-13T15:20,COMPLETA,1413.926,315.6,315.6,124.0,537.6,2,0.5625,1,0,0,1830,10144,1118.3165573770482,4.5
20264,1.0,1821,2026-08-13T15:30,COMPLETA,2053.6405,423.3333333333333,10.0,192.0,880.8,3,0.7916666666666666,3,0,3,1830,10144,1118.3165573770482,4.5
20264,1.0,1822,2026-08-13T15:40,COMPLETA,1478.4361,1966.0,1966.0,94.0,710.0,2,0.875,1,0,2,1830,10144,1118.3165573770482,4.5
20264,1.0,1823,2026-08-13T15:50,COMPLETA,1791.1722,1134.75,276.5,82.0,503.0,2,0.2857142857142857,2,0,1,1830,10144,1118.3165573770482,4.5
20264,1.0,1824,2026-08-13T16:00,COMPLETA,2125.3486,1068.5,42.0,207.0,1176.5,5,0.25,4,0,2,1830,10144,1118.3165573770482,4.5
20264,1.0,1825,2026-08-13T16:10,COMPLETA,1854.1608,756.0,42.0,131.0,556.5,3,0.20833333333333334,3,0,0,1830,10144,1118.3165573770482,4.5
20264,1.0,1826,2026-08-13T16:20,COMPLETA,2647.8094,1049.6,42.0,209.0,1186.5,5,0.25,5,0,2,1831,10150,1118.841507373019,4.5
20264,1.0,1827,2026-08-13T16:30,COMPLETA,2470.8818,877.0,42.0,325.0,2171.3,8,0.3645833333333333,6,0,4,1835,10173,1118.6430517711162,4.5
20264,1.0,1828,2026-08-13T16:40,COMPLETA,3230.7134,863.5,22.5,258.0,1215.5,6,0.25,6,0,0,1842,10202,1119.8376764386528,4.5
20264,1.0,1829,2026-08-13T16:50,COMPLETA,3727.5854,788.2857142857143,28.5,281.0,1367.3,7,0.3026315789473684,7,0,0,1844,10206,1120.2280911062899,4.5
20264,1.0,1830,2026-08-13T17:00,COMPLETA,3681.1511,788.2857142857143,28.5,315.0,1597.3,8,0.2948717948717949,7,0,1,1844,10206,1120.2280911062899,4.5
20264,1.0,1831,2026-08-13T17:10,COMPLETA,3590.276,790.0,42.0,273.0,1355.3,7,0.2894736842105263,7,0,0,1847,10226,1119.991662154845,4.5
20264,1.0,1832,2026-08-13T17:20,COMPLETA,4100.7704,942.05,42.0,309.0,1496.9,8,0.325,8,0,0,1849,10232,1120.0254732287717,4.5
20264,1.0,1833,2026-08-13T17:30,COMPLETA,3866.9646,941.7125,22.5,309.0,1262.3,8,0.325,8,0,1,1849,10232,1120.0254732287717,4.5
20264,1.0,1834,2026-08-13T17:40,COMPLETA,3609.6927,758.3125,28.5,300.0,1148.6,8,0.3611111111111111,8,0,2,1849,10232,1120.0254732287717,4.5
20264,1.0,1835,2026-08-13T17:50,COMPLETA,2642.5675,322.6166666666667,28.5,237.0,1029.1,5,0.5454545454545454,6,0,2,1850,10237,1119.9305405405398,4.5
20264,1.0,1836,2026-08-13T18:00,COMPLETA,2741.0993,782.5,47.0,180.0,750.8,5,0.4318181818181818,5,0,4,1851,10246,1119.4960021609934,4.5
20264,1.0,1837,2026-08-13T18:10,COMPLETA,1351.921,590.8,590.8,22.0,112.8,1,1.0,1,0,1,1851,10246,1119.4960021609934,4.5
20264,1.0,1838,2026-08-13T18:20,COMPLETA,1448.4912,2076.0,2076.0,16.0,158.4,2,0.5625,1,0,2,1852,10247,1119.4055615550749,4.5
20264,1.0,1839,2026-08-13T18:30,COMPLETA,1627.0335,485.75,379.5,154.0,501.0,3,0.3,2,0,3,1855,10256,1120.844258760107,4.5
20264,1.0,1840,2026-08-13T18:40,SIN_DEMANDA,0,,,,,,,0,0,0,1855,10256,1120.844258760107,4.5
20264,1.0,1841,2026-08-13T18:50,COMPLETA,1080.6296,2045.5,2045.5,44.0,126.0,1,0.08333333333333333,1,0,0,1856,10265,1121.299622844827,4.5
20264,1.0,1842,2026-08-13T19:00,COMPLETA,1672.4907,2057.05,2045.5,62.0,229.2,2,0.15625,2,0,2,1858,10279,1121.219644779332,4.5
20264,1.0,1843,2026-08-13T19:10,COMPLETA,1111.2118,2034.4,2034.4,48.0,175.2,1,0.125,1,0,1,1859,10287,1121.7171059709515,4.5
20264,1.0,1844,2026-08-13T19:20,SIN_DEMANDA,0,,,,,,,0,0,0,1861,10295,1121.587909725953,4.5
20264,1.0,1845,2026-08-13T19:30,COMPLETA,1085.5108,646.0,646.0,12.0,78.0,1,0.041666666666666664,1,0,1,1864,10316,1121.0150751072954,4.5
20264,1.0,1846,2026-08-13T19:40,SIN_DEMANDA,0,,,,,,,0,0,0,1866,10333,1122.0303322615214,4.5
20264,1.0,1847,2026-08-13T19:50,COMPLETA,1616.2489,627.0,627.0,32.0,108.0,1,0.20833333333333334,1,0,1,1869,10357,1120.6984483681106,4.5
20264,1.0,1848,2026-08-13T20:00,COMPLETA,1086.2165,981.0,981.0,52.0,138.0,1,0.16666666666666666,1,0,1,1869,10357,1120.6984483681106,4.5
20264,1.0,1849,2026-08-13T20:10,COMPLETA,1436.5102,633.0,633.0,28.0,102.0,1,0.25,1,0,1,1869,10357,1120.6984483681106,4.5
20264,1.0,1850,2026-08-13T20:20,COMPLETA,1872.5369,1341.75,609.5,94.0,261.0,2,0.3125,2,0,2,1870,10363,1120.3020855614966,4.5
20264,1.0,1851,2026-08-13T20:30,COMPLETA,1444.4548,625.5,625.5,46.0,129.0,1,0.20833333333333334,1,0,1,1872,10372,1120.526442307692,4.5
20264,1.0,1852,2026-08-13T20:40,COMPLETA,2205.446,1496.7333333333333,352.0,101.0,344.1,3,0.25,3,0,2,1874,10375,1120.7668089647807,4.5
20264,1.0,1853,2026-08-13T20:50,COMPLETA,1986.8419,646.9666666666667,352.0,129.0,407.7,3,0.14285714285714285,3,0,2,1874,10375,1120.7668089647807,4.5
20264,1.0,1854,2026-08-13T21:00,COMPLETA,1623.4953,684.65,394.8,48.0,206.4,2,0.34375,2,0,1,1874,10375,1120.7668089647807,4.5
20264,1.0,1855,2026-08-13T21:10,COMPLETA,1442.4698,974.5,974.5,32.0,108.0,1,0.20833333333333334,1,0,1,1875,10376,1121.2540799999995,4.5
20264,1.0,1856,2026-08-13T21:20,COMPLETA,1018.5594,875.0,875.0,52.0,198.0,1,0.08333333333333333,1,0,0,1876,10381,1120.9906183368864,4.5
20264,1.0,1857,2026-08-13T21:30,COMPLETA,1566.5391,884.5,875.0,88.0,372.0,2,0.20833333333333334,2,0,0,1876,10381,1120.9906183368864,4.5
20264,1.0,1858,2026-08-13T21:40,COMPLETA,2289.4921,688.25,68.5,222.0,1078.0,6,0.14583333333333334,4,0,0,1878,10391,1120.6562300319483,4.5
20264,1.0,1859,2026-08-13T21:50,COMPLETA,2533.6093,948.8,68.5,233.0,1094.5,6,0.1527777777777778,5,0,0,1879,10398,1121.1635976583284,4.5
20264,1.0,1860,2026-08-13T22:00,COMPLETA,3614.5964,1045.8428571428572,68.5,257.0,1263.2,7,0.19736842105263158,7,0,0,1879,10398,1121.1635976583284,4.5
20264,1.0,1861,2026-08-13T22:10,COMPLETA,3504.9588,1045.8428571428572,68.5,257.0,1263.2,7,0.19736842105263158,7,0,0,1883,10423,1121.6354753053633,4.5
20264,1.0,1862,2026-08-13T22:20,COMPLETA,3463.7275,1045.8428571428572,68.5,257.0,1263.2,7,0.19736842105263158,7,0,0,1884,10429,1121.2496815286618,4.5
20264,1.0,1863,2026-08-13T22:30,COMPLETA,5014.3429,1105.1333333333332,68.5,400.0,2058.4,11,0.2,9,0,0,1884,10429,1121.2496815286618,4.5
20264,1.0,1864,2026-08-13T22:40,COMPLETA,11022.328,1121.1090909090908,68.5,530.0,2648.4,14,0.20703125,11,0,0,1886,10435,1120.9031283138913,4.5
20264,1.0,1865,2026-08-13T22:50,COMPLETA,11141.7705,1121.1090909090908,68.5,530.0,2648.4,14,0.20703125,11,0,0,1887,10437,1120.4956544780068,4.5
20264,1.0,1866,2026-08-13T23:00,COMPLETA,22525.3743,1197.4750000000001,68.5,602.0,2906.2,15,0.21212121212121213,12,0,15,1888,10441,1120.2689618644063,4.5
20264,1.0,1867,2026-08-13T23:10,COMPLETA,1907.0502,2032.15,2012.8,180.0,748.8,3,0.15,2,0,3,1888,10441,1120.2689618644063,4.5
20264,1.0,1868,2026-08-13T23:20,COMPLETA,1868.3143,2053.8,2050.2,78.0,427.2,2,0.875,2,0,2,1888,10441,1120.2689618644063,4.5
20264,1.0,1869,2026-08-13T23:30,SIN_DEMANDA,0,,,,,,,0,0,0,1888,10441,1120.2689618644063,4.5
20264,1.0,1870,2026-08-13T23:40,COMPLETA,1393.0779,2064.6,2064.6,22.0,172.8,1,0.875,1,0,1,1888,10441,1120.2689618644063,4.5
20264,1.0,1871,2026-08-13T23:50,SIN_DEMANDA,0,,,,,,,0,0,0,1888,10441,1120.2689618644063,4.5
20264,1.0,1872,2026-08-14T00:00,SIN_DEMANDA,0,,,,,,,0,0,0,1888,10441,1120.2689618644063,4.5
20264,1.0,1873,2026-08-14T00:10,COMPLETA,1515.3317,916.2666666666668,121.6,188.0,931.2,4,0.5625,3,0,4,1888,10441,1120.2689618644063,4.5
20264,1.0,1874,2026-08-14T00:20,COMPLETA,1593.2779,1980.0,1980.0,150.0,1110.0,3,0.8333333333333334,1,0,3,1889,10446,1120.740762308099,4.5
20264,1.0,1875,2026-08-14T00:30,SIN_DEMANDA,0,,,,,,,0,0,0,1892,10462,1119.7981501057075,4.5
20264,1.0,1876,2026-08-14T00:40,COMPLETA,1733.5161,1974.75,1969.0,120.0,420.0,2,0.25,2,0,0,1897,10481,1120.1953083816545,4.5
20264,1.0,1877,2026-08-14T00:50,COMPLETA,1728.9007,1974.75,1969.0,120.0,420.0,2,0.25,2,0,0,1900,10497,1120.7565789473676,4.5
20264,1.0,1878,2026-08-14T01:00,COMPLETA,1675.158,1974.75,1969.0,120.0,420.0,2,0.25,2,0,0,1902,10504,1121.7383806519445,4.5
20264,1.0,1879,2026-08-14T01:10,COMPLETA,1968.5458,1991.5,1969.0,148.0,582.0,3,0.20833333333333334,3,0,0,1904,10519,1122.7212184873943,4.5
20264,1.0,1880,2026-08-14T01:20,COMPLETA,1942.1001,1991.5,1969.0,148.0,522.0,3,0.20833333333333334,3,0,0,1904,10519,1122.7212184873943,4.5
20264,1.0,1881,2026-08-14T01:30,COMPLETA,3180.2122,1028.7857142857142,121.0,292.0,1168.0,8,0.25,7,0,3,1905,10524,1123.1884514435687,4.5
20264,1.0,1882,2026-08-14T01:40,COMPLETA,2316.8139,917.8,105.0,215.0,622.5,5,0.25,5,0,0,1905,10524,1123.1884514435687,4.5
20264,1.0,1883,2026-08-14T01:50,COMPLETA,2291.7357,917.8,105.0,215.0,622.5,5,0.25,5,0,4,1905,10524,1123.1884514435687,4.5
20264,1.0,1884,2026-08-14T02:00,COMPLETA,1145.556,105.0,105.0,61.0,151.5,1,0.4166666666666667,1,0,0,1905,10524,1123.1884514435687,4.5
20264,1.0,1885,2026-08-14T02:10,COMPLETA,2294.857,985.1600000000001,74.8,280.0,889.8,6,0.30357142857142855,5,0,2,1907,10534,1123.1485055060298,4.5
20264,1.0,1886,2026-08-14T02:20,COMPLETA,1532.233,758.8666666666667,90.0,108.0,343.8,3,0.35714285714285715,3,0,0,1907,10534,1123.1485055060298,4.5
20264,1.0,1887,2026-08-14T02:30,COMPLETA,1507.9334,758.8666666666667,90.0,108.0,343.8,3,0.35714285714285715,3,0,3,1908,10542,1122.8631027253664,4.5
20264,1.0,1888,2026-08-14T02:40,COMPLETA,1469.718,788.7,621.0,78.0,307.2,2,0.75,2,0,2,1908,10542,1122.8631027253664,4.5
20264,1.0,1889,2026-08-14T02:50,COMPLETA,1293.5958,957.0,957.0,67.0,160.5,1,0.2916666666666667,1,0,1,1908,10542,1122.8631027253664,4.5
20264,1.0,1890,2026-08-14T03:00,COMPLETA,1781.7024,1223.4,357.0,40.0,408.8,4,0.625,2,0,2,1909,10547,1122.607543216343,4.5
20264,1.0,1891,2026-08-14T03:10,COMPLETA,1528.6032,371.0,357.0,52.0,500.0,4,0.6875,2,0,2,1909,10547,1122.607543216343,4.5
20264,1.0,1892,2026-08-14T03:20,COMPLETA,1231.918,357.0,357.0,28.0,260.0,2,0.75,1,0,2,1911,10560,1123.5284144426996,4.5
20264,1.0,1893,2026-08-14T03:30,COMPLETA,1691.3394,2061.5,2042.0,70.0,225.0,2,0.3541666666666667,2,0,1,1913,10568,1122.6109775222158,4.5
20264,1.0,1894,2026-08-14T03:40,COMPLETA,1535.0219,1222.95,398.5,36.0,244.8,3,0.25,2,0,1,1915,10577,1122.550339425587,4.5
20264,1.0,1895,2026-08-14T03:50,COMPLETA,1911.2569,846.5,129.5,192.0,772.2,6,0.359375,3,0,4,1916,10586,1122.9910751565756,4.5
20264,1.0,1896,2026-08-14T04:00,COMPLETA,1662.4156,2034.7,2022.0,84.0,316.8,3,0.35,2,0,0,1919,10610,1122.6672225117243,4.5
20264,1.0,1897,2026-08-14T04:10,COMPLETA,1705.2845,2034.7,2022.0,84.0,316.8,3,0.35,2,0,2,1921,10623,1123.6471629359703,4.5
20264,1.0,1898,2026-08-14T04:20,COMPLETA,1772.0925,753.5,112.5,151.0,406.5,3,0.2638888888888889,3,0,2,1922,10631,1123.385639958376,4.5
20264,1.0,1899,2026-08-14T04:30,COMPLETA,1204.0757,126.0,126.0,20.0,90.0,1,0.20833333333333334,1,0,0,1922,10631,1123.385639958376,4.5
20264,1.0,1900,2026-08-14T04:40,COMPLETA,1924.525,1297.0,126.0,166.0,489.0,4,0.21875,4,0,2,1924,10640,1122.9150727650722,4.5
20264,1.0,1901,2026-08-14T04:50,COMPLETA,2111.6762,731.8,126.0,238.0,897.0,6,0.20833333333333334,5,0,2,1925,10647,1122.8288831168825,4.5
20264,1.0,1902,2026-08-14T05:00,COMPLETA,2077.3597,1059.25,510.0,174.0,681.0,4,0.2708333333333333,4,0,0,1926,10653,1122.4312564901343,4.5
20264,1.0,1903,2026-08-14T05:10,COMPLETA,3121.4102,1268.0857142857144,510.0,270.0,1111.8,7,0.27205882352941174,7,0,3,1927,10656,1122.0555786196153,4.5
20264,1.0,1904,2026-08-14T05:20,COMPLETA,2218.267,1100.06,278.5,242.0,1097.4,6,0.2421875,5,0,0,1927,10656,1122.0555786196153,4.5
20264,1.0,1905,2026-08-14T05:30,COMPLETA,2320.0315,1100.06,278.5,242.0,1097.4,6,0.2421875,5,0,0,1929,10673,1123.0121824779671,4.5
20264,1.0,1906,2026-08-14T05:40,COMPLETA,2434.4811,928.8833333333333,71.5,287.0,1299.3,7,0.27205882352941174,6,0,0,1930,10679,1122.497409326424,4.5
20264,1.0,1907,2026-08-14T05:50,COMPLETA,2342.07,928.8833333333333,71.5,287.0,1299.3,7,0.27205882352941174,6,0,0,1931,10689,1122.1038839979278,4.5
20264,1.0,1908,2026-08-14T06:00,COMPLETA,2766.6105,808.8285714285714,71.5,370.0,1798.2,10,0.22395833333333334,7,0,0,1931,10689,1122.1038839979278,4.5
20264,1.0,1909,2026-08-14T06:10,COMPLETA,2955.1167,823.9125,71.5,384.0,1804.8,10,0.22115384615384615,8,0,0,1931,10689,1122.1038839979278,4.5
20264,1.0,1910,2026-08-14T06:20,COMPLETA,3777.9914,959.1444444444444,71.5,401.0,1950.3,11,0.21982758620689655,9,0,0,1935,10713,1122.0388113695083,4.5
20264,1.0,1911,2026-08-14T06:30,COMPLETA,3664.7654,959.1444444444444,71.5,401.0,1950.3,11,0.21982758620689655,9,0,0,1938,10726,1121.7452528379768,4.5
20264,1.0,1912,2026-08-14T06:40,COMPLETA,4315.4947,801.2181818181817,71.5,550.0,2942.4,15,0.2796610169491525,11,0,0,1938,10726,1121.7452528379768,4.5
20264,1.0,1913,2026-08-14T06:50,COMPLETA,4370.2167,801.2181818181817,71.5,550.0,2942.4,15,0.2796610169491525,11,0,0,1939,10730,1121.6566787003605,4.5
20264,1.0,1914,2026-08-14T07:00,COMPLETA,6785.1791,763.0416666666666,71.5,599.0,2979.9,15,0.2976190476190476,12,0,13,1940,10731,1122.1348969072158,4.5
20264,1.0,1915,2026-08-14T07:10,COMPLETA,2326.6064,1471.225,919.0,216.0,1037.4,5,0.3888888888888889,4,0,5,1940,10731,1122.1348969072158,4.5
20264,1.0,1916,2026-08-14T07:20,COMPLETA,1551.3048,2081.5,2081.5,18.0,147.0,1,0.4166666666666667,1,0,1,1940,10731,1122.1348969072158,4.5
20264,1.0,1917,2026-08-14T07:30,SIN_DEMANDA,0,,,,,,,0,0,0,1940,10731,1122.1348969072158,4.5
20264,1.0,1918,2026-08-14T07:40,SIN_DEMANDA,0,,,,,,,0,0,0,1940,10731,1122.1348969072158,4.5
20264,1.0,1919,2026-08-14T07:50,COMPLETA,1547.1904,346.8,346.8,112.0,508.8,2,0.5,1,0,2,1940,10731,1122.1348969072158,4.5
20264,1.0,1920,2026-08-14T08:00,COMPLETA,2197.1565,2046.3,2021.0,104.0,609.6,3,0.375,2,0,3,1940,10731,1122.1348969072158,4.5
20264,1.0,1921,2026-08-14T08:10,COMPLETA,1342.4325,956.0,956.0,44.0,460.0,2,0.875,1,0,2,1940,10731,1122.1348969072158,4.5
20264,1.0,1922,2026-08-14T08:20,SIN_DEMANDA,0,,,,,,,0,0,0,1941,10736,1122.607367336424,4.5
20264,1.0,1923,2026-08-14T08:30,SIN_DEMANDA,0,,,,,,,0,0,0,1943,10748,1121.558363355635,4.5
20264,1.0,1924,2026-08-14T08:40,COMPLETA,1590.1648,1052.1,83.2,90.0,441.6,2,0.3125,2,0,1,1947,10775,1120.7577812018485,4.5
20264,1.0,1925,2026-08-14T08:50,COMPLETA,2026.3043,1487.2,953.4,64.0,379.2,2,0.4375,2,0,1,1951,10804,1121.0368528959502,4.5
20264,1.0,1926,2026-08-14T09:00,COMPLETA,2010.4413,1187.7333333333333,582.2,130.0,537.6,3,0.575,3,0,2,1952,10811,1121.441803278688,4.5
20264,1.0,1927,2026-08-14T09:10,COMPLETA,1754.8715,1478.25,935.5,75.0,352.5,2,0.3958333333333333,2,0,0,1955,10833,1120.8148849104853,4.5
20264,1.0,1928,2026-08-14T09:20,COMPLETA,2098.6901,1300.1666666666667,944.0,98.0,507.0,3,0.375,3,0,0,1955,10833,1120.8148849104853,4.5
20264,1.0,1929,2026-08-14T09:30,COMPLETA,2379.6993,1127.125,608.0,138.0,567.0,4,0.34375,4,0,0,1956,10841,1121.3009713701426,4.5
20264,1.0,1930,2026-08-14T09:40,COMPLETA,2960.6585,1312.1,608.0,154.0,587.0,5,0.34,5,0,3,1956,10841,1121.3009713701426,4.5
20264,1.0,1931,2026-08-14T09:50,COMPLETA,1928.846,829.6666666666666,609.5,127.0,370.5,3,0.3333333333333333,3,0,2,1956,10841,1121.3009713701426,4.5
20264,1.0,1932,2026-08-14T10:00,COMPLETA,2007.2075,1319.1666666666667,935.5,106.0,339.0,3,0.2638888888888889,3,0,1,1957,10849,1120.9052120592737,4.5
20264,1.0,1933,2026-08-14T10:10,COMPLETA,1781.4052,1114.6333333333334,355.4,94.0,372.6,3,0.39285714285714285,3,0,2,1958,10856,1120.8209908069452,4.5
20264,1.0,1934,2026-08-14T10:20,COMPLETA,1284.249,2053.0,2053.0,24.0,96.0,1,0.4166666666666667,1,0,1,1959,10857,1121.2805002552316,4.5
20264,1.0,1935,2026-08-14T10:30,COMPLETA,913.9162,640.0,640.0,24.0,96.0,1,0.125,1,0,1,1959,10857,1121.2805002552316,4.5
20264,1.0,1936,2026-08-14T10:40,SIN_DEMANDA,0,,,,,,,0,0,0,1959,10857,1121.2805002552316,4.5
20264,1.0,1937,2026-08-14T10:50,COMPLETA,1626.2009,2066.05,2043.6,48.0,226.2,2,0.09375,2,0,2,1960,10862,1121.1948469387748,4.5
20264,1.0,1938,2026-08-14T11:00,COMPLETA,1665.7482,1691.9666666666665,951.4,247.0,890.7,6,0.325,3,0,5,1962,10877,1121.5713047910288,4.5
20264,1.0,1939,2026-08-14T11:10,COMPLETA,1442.5497,1397.6666666666667,168.0,44.0,246.0,2,0.3125,3,0,1,1963,10878,1121.0423331635245,4.5
20264,1.0,1940,2026-08-14T11:20,COMPLETA,1688.5527,897.575,372.5,136.0,467.4,4,0.225,4,0,1,1966,10893,1120.9808240081377,4.5
20264,1.0,1941,2026-08-14T11:30,COMPLETA,1596.7943,989.1666666666666,372.5,140.0,477.0,4,0.1875,3,0,1,1966,10893,1120.9808240081377,4.5
20264,1.0,1942,2026-08-14T11:40,COMPLETA,1934.1409,879.0833333333334,353.0,193.0,663.5,6,0.1774193548387097,6,0,1,1969,10919,1121.0994413407816,4.5
20264,1.0,1943,2026-08-14T11:50,COMPLETA,1583.7931,980.4,352.0,163.0,558.5,5,0.21,5,0,1,1972,10931,1120.6842292089243,4.5
20264,1.0,1944,2026-08-14T12:00,COMPLETA,1647.9058,1270.98,353.0,133.0,635.1,6,0.3068181818181818,5,0,4,1973,10933,1121.1747592498727,4.5
20264,1.0,1945,2026-08-14T12:10,COMPLETA,1524.4286,1376.4666666666665,137.0,84.0,447.6,3,0.32142857142857145,3,0,1,1973,10933,1121.1747592498727,4.5
20264,1.0,1946,2026-08-14T12:20,COMPLETA,1366.4802,1664.3,1000.5,50.0,267.6,3,0.16071428571428573,3,0,1,1975,10946,1120.3044050632905,4.5
20264,1.0,1947,2026-08-14T12:30,COMPLETA,1414.9282,1528.1333333333332,592.0,108.0,354.6,3,0.19642857142857142,3,0,1,1975,10954,1120.3044050632905,4.5
20264,1.0,1948,2026-08-14T12:40,COMPLETA,1420.8937,1656.0,975.6,68.0,323.4,3,0.35,3,0,1,1977,10961,1121.2457258472427,4.5
20264,1.0,1949,2026-08-14T12:50,COMPLETA,1424.6062,1652.2,967.8,64.0,321.0,3,0.375,3,0,1,1977,10961,1121.2457258472427,4.5
20264,1.0,1950,2026-08-14T13:00,COMPLETA,1406.1003,1492.9,967.8,42.0,208.2,2,0.34375,2,0,1,1978,10964,1120.9937310414552,4.5
20264,1.0,1951,2026-08-14T13:10,COMPLETA,1318.9097,2033.0,2018.0,78.0,237.0,2,0.14583333333333334,2,0,2,1981,10986,1120.4626451287222,4.5
20264,1.0,1952,2026-08-14T13:20,COMPLETA,1458.7496,147.35,140.5,50.0,205.8,2,0.5,2,0,1,1981,10986,1120.4626451287222,4.5
20264,1.0,1953,2026-08-14T13:30,COMPLETA,1245.6359,140.5,140.5,38.0,117.0,1,0.375,1,0,1,1982,10988,1120.9096871846612,4.5
20264,1.0,1954,2026-08-14T13:40,COMPLETA,1267.0153,1318.25,549.0,42.0,243.0,2,0.125,2,0,1,1984,11001,1120.7714213709671,4.5
20264,1.0,1955,2026-08-14T13:50,COMPLETA,789.5879,549.0,549.0,32.0,168.0,1,0.125,1,0,0,1986,11007,1120.1107754279953,4.5
20264,1.0,1956,2026-08-14T14:00,COMPLETA,1377.8836,521.8333333333334,97.5,150.0,705.0,4,0.10416666666666667,3,0,0,1987,11017,1119.6160040261693,4.5
20264,1.0,1957,2026-08-14T14:10,COMPLETA,1605.1372,834.6200000000001,97.5,162.0,984.6,6,0.19642857142857142,5,0,0,1987,11017,1119.6160040261693,4.5
20264,1.0,1958,2026-08-14T14:20,COMPLETA,2068.4424,751.1500000000001,97.5,252.0,1401.0,8,0.1875,6,0,0,1989,11027,1119.9715434891898,4.5
20264,1.0,1959,2026-08-14T14:30,COMPLETA,2052.6729,783.8428571428573,97.5,216.0,1347.0,8,0.2013888888888889,7,0,0,1990,11031,1120.422814070351,4.5
20264,1.0,1960,2026-08-14T14:40,COMPLETA,2384.7445,726.1125000000001,97.5,279.0,1561.5,9,0.21428571428571427,8,0,0,1993,11048,1119.596287004515,4.5
20264,1.0,1961,2026-08-14T14:50,COMPLETA,2771.0793,657.6,97.5,336.0,1767.0,10,0.203125,9,0,0,1994,11051,1120.081695085255,4.5
20264,1.0,1962,2026-08-14T15:00,COMPLETA,2872.5673,657.6,97.5,336.0,1767.0,10,0.203125,9,0,9,1996,11063,1120.0558116232457,4.5
20264,1.0,1963,2026-08-14T15:10,COMPLETA,1412.668,1475.0,901.0,164.0,834.0,4,0.3333333333333333,2,0,4,1996,11063,1120.0558116232457,4.5
20264,1.0,1964,2026-08-14T15:20,SIN_DEMANDA,0,,,,,,,0,0,0,1996,11063,1120.0558116232457,4.5
20264,1.0,1965,2026-08-14T15:30,COMPLETA,1131.2298,366.4,366.4,76.0,422.4,2,0.375,1,0,2,1996,11063,1120.0558116232457,4.5
20264,1.0,1966,2026-08-14T15:40,COMPLETA,1218.3469,2068.75,2062.5,74.0,351.0,2,0.2916666666666667,2,0,2,1996,11063,1120.0558116232457,4.5
20264,1.0,1967,2026-08-14T15:50,COMPLETA,1354.2596,1166.0,337.0,213.0,1304.1,5,0.4090909090909091,2,0,4,1996,11063,1120.0558116232457,4.5
20264,1.0,1968,2026-08-14T16:00,COMPLETA,1463.6824,903.1999999999999,111.0,157.0,935.3,4,0.45,3,0,3,1996,11063,1120.0558116232457,4.5
20264,1.0,1969,2026-08-14T16:10,COMPLETA,1274.4561,1995.0,1995.0,63.0,214.5,1,0.3333333333333333,1,0,0,1997,11065,1119.985678517776,4.5
20264,1.0,1970,2026-08-14T16:20,COMPLETA,1270.5197,1995.0,1995.0,63.0,214.5,1,0.3333333333333333,1,0,0,1998,11074,1120.4399399399392,4.5
20264,1.0,1971,2026-08-14T16:30,COMPLETA,1659.7029,1366.7666666666667,94.8,249.0,972.3,4,0.375,3,0,3,2001,11081,1119.3730634682652,4.5
20264,1.0,1972,2026-08-14T16:40,COMPLETA,1763.0966,1306.875,592.6,182.0,907.8,4,0.2916666666666667,4,0,3,2001,11081,1119.3730634682652,4.5
20264,1.0,1973,2026-08-14T16:50,COMPLETA,1669.6591,1230.0,323.0,132.0,678.0,4,0.17708333333333334,4,0,0,2002,11086,1118.9806693306684,4.5
20264,1.0,1974,2026-08-14T17:00,COMPLETA,1988.5118,1389.44,323.0,162.0,870.0,5,0.19230769230769232,5,0,0,2006,11112,1118.4440677966095,4.5
20264,1.0,1975,2026-08-14T17:10,COMPLETA,1884.3363,1389.44,323.0,162.0,810.0,5,0.19230769230769232,5,0,1,2007,11121,1118.9206776283002,4.5
20264,1.0,1976,2026-08-14T17:20,COMPLETA,2512.4917,1480.95,288.5,275.0,1099.5,6,0.25,6,0,1,2009,11132,1119.0157789945238,4.5
20264,1.0,1977,2026-08-14T17:30,COMPLETA,2080.4826,1366.6,289.0,180.0,690.0,4,0.3020833333333333,5,0,0,2009,11132,1119.0157789945238,4.5
20264,1.0,1978,2026-08-14T17:40,COMPLETA,2310.6743,1160.0,127.0,232.0,828.0,5,0.31666666666666665,6,0,3,2009,11132,1119.0157789945238,4.5
20264,1.0,1979,2026-08-14T17:50,COMPLETA,1381.646,1138.75,289.0,54.0,321.0,2,0.20833333333333334,2,0,0,2009,11132,1119.0157789945238,4.5
20264,1.0,1980,2026-08-14T18:00,COMPLETA,1509.896,944.1666666666666,260.0,143.0,454.5,3,0.16666666666666666,3,0,0,2010,11135,1118.75935323383,4.5
20264,1.0,1981,2026-08-14T18:10,COMPLETA,1580.755,806.375,260.0,163.0,614.5,5,0.225,4,0,2,2012,11152,1117.8699304174943,4.5
20264,1.0,1982,2026-08-14T18:20,COMPLETA,1853.9189,1176.9,260.0,197.0,595.5,5,0.2,5,0,4,2013,11154,1117.6228514654736,4.5
20264,1.0,1983,2026-08-14T18:30,COMPLETA,1289.7406,1508.65,976.5,56.0,222.0,2,0.46875,2,0,1,2014,11162,1118.0584905660369,4.5
20264,1.0,1984,2026-08-14T18:40,COMPLETA,1156.5468,2040.8,2040.8,40.0,216.0,2,0.5,1,0,0,2015,11165,1118.5157320099247,4.5
20264,1.0,1985,2026-08-14T18:50,COMPLETA,1246.9003,1321.7,602.6,56.0,254.4,2,0.75,2,0,0,2017,11178,1117.7474467030233,4.5
20264,1.0,1986,2026-08-14T19:00,COMPLETA,1610.6865,1570.1333333333332,602.6,102.0,383.4,3,0.55,3,0,3,2017,11178,1117.7474467030233,4.5
20264,1.0,1987,2026-08-14T19:10,SIN_DEMANDA,0,,,,,,,0,0,0,2018,11181,1118.198116947472,4.5
20264,1.0,1988,2026-08-14T19:20,SIN_DEMANDA,0,,,,,,,0,0,0,2019,11191,1118.6556711243181,4.5
20264,1.0,1989,2026-08-14T19:30,COMPLETA,1336.7762,2061.6,2061.6,64.0,273.6,2,0.625,1,0,2,2021,11206,1118.588718456209,4.5
20264,1.0,1990,2026-08-14T19:40,SIN_DEMANDA,0,,,,,,,0,0,0,2024,11217,1118.3966403162046,4.5
20264,1.0,1991,2026-08-14T19:50,SIN_DEMANDA,0,,,,,,,0,0,0,2025,11222,1118.8692839506166,4.5
20264,1.0,1992,2026-08-14T20:00,SIN_DEMANDA,0,,,,,,,0,0,0,2025,11222,1118.8692839506166,4.5
20264,1.0,1993,2026-08-14T20:10,COMPLETA,862.9745,2077.5,2077.5,18.0,87.0,1,0.041666666666666664,1,0,1,2026,11229,1118.799012833168,4.5
20264,1.0,1994,2026-08-14T20:20,COMPLETA,702.8363,2061.6,2061.6,32.0,136.8,1,0.5,1,0,1,2027,11231,1118.5351751356677,4.5
20264,1.0,1995,2026-08-14T20:30,COMPLETA,1232.3832,2052.2,2048.4,83.0,278.7,2,0.34375,2,0,2,2030,11258,1119.0337931034474,4.5
20264,1.0,1996,2026-08-14T20:40,SIN_DEMANDA,0,,,,,,,0,0,0,2031,11263,1119.4321024126039,4.5
20264,1.0,1997,2026-08-14T20:50,COMPLETA,1257.3444,2076.0,2076.0,20.0,90.0,1,0.4166666666666667,1,0,1,2032,11267,1119.177755905511,4.5
20264,1.0,1998,2026-08-14T21:00,COMPLETA,1033.6253,156.0,156.0,32.0,108.0,1,0.20833333333333334,1,0,1,2032,11267,1119.177755905511,4.5
20264,1.0,1999,2026-08-14T21:10,SIN_DEMANDA,0,,,,,,,0,0,0,2033,11277,1119.6413182488925,4.5
20264,1.0,2000,2026-08-14T21:20,COMPLETA,1574.6582,1637.1666666666667,874.5,186.0,699.0,4,0.17708333333333334,3,0,1,2033,11277,1119.6413182488925,4.5
20264,1.0,2001,2026-08-14T21:30,COMPLETA,1293.2996,1412.0,874.5,180.0,630.0,3,0.1388888888888889,2,0,0,2034,11278,1120.112241887905,4.5
20264,1.0,2002,2026-08-14T21:40,COMPLETA,1456.0503,1276.6666666666667,874.5,131.0,496.5,3,0.18055555555555555,3,0,1,2034,11278,1120.112241887905,4.5
20264,1.0,2003,2026-08-14T21:50,COMPLETA,1366.5939,1412.0,874.5,180.0,630.0,3,0.1388888888888889,2,0,0,2034,11278,1120.112241887905,4.5
20264,1.0,2004,2026-08-14T22:00,COMPLETA,1476.6544,1250.3333333333333,874.5,212.0,798.0,4,0.20833333333333334,3,0,0,2035,11282,1120.5748894348887,4.5
20264,1.0,2005,2026-08-14T22:10,COMPLETA,1454.8984,1250.3333333333333,874.5,212.0,798.0,4,0.20833333333333334,3,0,0,2037,11300,1121.503141875306,4.5
20264,1.0,2006,2026-08-14T22:20,COMPLETA,1450.0372,1250.3333333333333,874.5,212.0,798.0,4,0.20833333333333334,3,0,0,2038,11303,1121.9579489695773,4.5
20264,1.0,2007,2026-08-14T22:30,COMPLETA,1902.3418,1438.15,874.5,315.0,1250.1,6,0.25892857142857145,4,0,0,2040,11315,1121.9577450980385,4.5
20264,1.0,2008,2026-08-14T22:40,COMPLETA,2435.9528,1144.0,128.5,325.0,1327.5,7,0.27380952380952384,6,0,0,2040,11315,1121.9577450980385,4.5
20264,1.0,2009,2026-08-14T22:50,COMPLETA,2731.0278,1160.6374999999998,128.5,515.0,2457.3,12,0.3229166666666667,8,0,0,2041,11318,1121.9009309162168,4.5
20264,1.0,2010,2026-08-14T23:00,COMPLETA,2820.1033,1264.6777777777777,128.5,610.0,2959.8,15,0.24621212121212122,9,0,15,2041,11318,1121.9009309162168,4.5
20264,1.0,2011,2026-08-14T23:10,SIN_DEMANDA,0,,,,,,,0,0,0,2041,11318,1121.9009309162168,4.5
20264,1.0,2012,2026-08-14T23:20,COMPLETA,918.1246,357.8,357.8,52.0,244.8,1,0.125,1,0,1,2041,11318,1121.9009309162168,4.5
20264,1.0,2013,2026-08-14T23:30,SIN_DEMANDA,0,,,,,,,0,0,0,2041,11318,1121.9009309162168,4.5
20264,1.0,2014,2026-08-14T23:40,COMPLETA,1315.2412,2046.5,2046.5,61.0,211.5,1,0.3333333333333333,1,0,1,2041,11318,1121.9009309162168,4.5
20264,1.0,2015,2026-08-14T23:50,SIN_DEMANDA,0,,,,,,,0,0,0,2041,11318,1121.9009309162168,4.5
20264,1.0,2016,2026-08-15T00:00,COMPLETA,1526.5501,1508.8,989.6,96.0,845.6,4,0.4583333333333333,2,0,4,2041,11318,1121.9009309162168,4.5
20264,1.0,2017,2026-08-15T00:10,COMPLETA,910.9967,354.0,354.0,26.0,250.0,1,0.5,1,0,1,2042,11321,1122.3784524975506,4.5
20264,1.0,2018,2026-08-15T00:20,COMPLETA,1490.3661,1301.0,557.0,74.0,430.0,2,0.42857142857142855,2,0,1,2044,11337,1122.4858610567505,4.5
20264,1.0,2019,2026-08-15T00:30,COMPLETA,1662.634,561.6666666666666,546.4,301.0,1702.8000000000002,7,0.46875,3,0,5,2046,11354,1121.9247800586502,4.5
20264,1.0,2020,2026-08-15T00:40,COMPLETA,1984.5888,1027.8,536.0,180.0,931.2,5,0.2777777777777778,4,0,2,2047,11364,1121.82252076209,4.5
20264,1.0,2021,2026-08-15T00:50,COMPLETA,2915.9362,843.9,88.5,333.0,1770.3,8,0.4166666666666667,8,0,3,2049,11374,1122.105758906783,4.5
20264,1.0,2022,2026-08-15T01:00,COMPLETA,2089.4564,865.1166666666668,58.8,337.0,1537.5,8,0.2638888888888889,6,0,1,2049,11374,1122.105758906783,4.5
20264,1.0,2023,2026-08-15T01:10,COMPLETA,1912.7974,640.08,60.0,365.0,1539.9,8,0.19886363636363635,5,0,0,2049,11374,1122.105758906783,4.5
20264,1.0,2024,2026-08-15T01:20,COMPLETA,2583.8928,643.4857142857143,63.0,289.0,1245.9,7,0.3092105263157895,7,0,1,2051,11384,1122.154900048756,4.5
20264,1.0,2025,2026-08-15T01:30,COMPLETA,2380.756,709.3166666666666,63.0,271.0,978.9,7,0.23684210526315788,6,0,1,2053,11397,1122.5405747686304,4.5
20264,1.0,2026,2026-08-15T01:40,COMPLETA,2723.9077,614.5142857142857,63.0,371.0,1400.9,9,0.3333333333333333,7,0,2,2053,11397,1122.5405747686304,4.5
20264,1.0,2027,2026-08-15T01:50,COMPLETA,3957.2582,980.1666666666666,60.0,455.0,1443.3,10,0.3020833333333333,9,0,4,2053,11397,1122.5405747686304,4.5
20264,1.0,2028,2026-08-15T02:00,COMPLETA,2277.9793,1274.1200000000001,58.8,200.0,788.4,6,0.3541666666666667,5,0,0,2054,11402,1122.48081791626,4.5
20264,1.0,2029,2026-08-15T02:10,COMPLETA,2525.2648,1059.9333333333334,46.5,330.0,1157.4,7,0.3416666666666667,6,0,2,2055,11408,1122.9214598540138,4.5
20264,1.0,2030,2026-08-15T02:20,COMPLETA,1973.2247,881.5600000000001,46.5,184.0,724.8,5,0.2980769230769231,5,0,2,2057,11412,1122.9959163830813,4.5
20264,1.0,2031,2026-08-15T02:30,COMPLETA,1451.8718,132.6,46.5,116.0,382.8,3,0.35714285714285715,3,0,1,2057,11412,1122.9959163830813,4.5
20264,1.0,2032,2026-08-15T02:40,COMPLETA,1655.0667,612.1,59.5,205.0,772.6,5,0.38461538461538464,5,0,1,2057,11412,1122.9959163830813,4.5
20264,1.0,2033,2026-08-15T02:50,COMPLETA,1859.6165,609.5,32.2,198.0,860.0999999999999,5,0.375,5,0,2,2060,11431,1122.1653883495137,4.5
20264,1.0,2034,2026-08-15T03:00,COMPLETA,1396.1593,226.36666666666667,59.5,159.0,505.79999999999995,3,0.35,3,0,0,2062,11452,1121.4391367604258,4.5
20264,1.0,2035,2026-08-15T03:10,COMPLETA,1487.9776,226.36666666666667,59.5,159.0,505.79999999999995,3,0.35,3,0,2,2062,11452,1121.4391367604258,4.5
20264,1.0,2036,2026-08-15T03:20,COMPLETA,1291.2207,548.6,548.6,39.0,153.6,1,0.75,1,0,1,2062,11452,1121.4391367604258,4.5
20264,1.0,2037,2026-08-15T03:30,SIN_DEMANDA,0,,,,,,,0,0,0,2066,11464,1120.9680058083243,4.5
20264,1.0,2038,2026-08-15T03:40,COMPLETA,897.2803,2030.5,2030.5,46.0,129.0,1,0.041666666666666664,1,0,0,2066,11464,1120.9680058083243,4.5
20264,1.0,2039,2026-08-15T03:50,COMPLETA,1612.645,1338.25,646.0,66.0,297.0,3,0.25,2,0,2,2068,11474,1121.1583172146993,4.5
20264,1.0,2040,2026-08-15T04:00,COMPLETA,1332.5472,1206.0,381.5,126.0,369.0,3,0.1527777777777778,2,0,2,2071,11503,1120.7486238532101,4.5
20264,1.0,2041,2026-08-15T04:10,COMPLETA,1338.4504,1207.15,383.8,72.0,251.4,2,0.15625,2,0,2,2071,11503,1120.7486238532101,4.5
20264,1.0,2042,2026-08-15T04:20,SIN_DEMANDA,0,,,,,,,0,0,0,2074,11520,1122.0888138862092,4.5
20264,1.0,2043,2026-08-15T04:30,SIN_DEMANDA,0,,,,,,,0,0,0,2075,11529,1121.9750361445772,4.5
20264,1.0,2044,2026-08-15T04:40,COMPLETA,1355.1224,633.0,633.0,28.0,102.0,1,0.20833333333333334,1,0,1,2076,11532,1121.5751445086694,4.5
20264,1.0,2045,2026-08-15T04:50,COMPLETA,1171.6598,379.6,379.6,96.0,410.40000000000003,3,0.375,1,0,3,2076,11532,1121.5751445086694,4.5
20264,1.0,2046,2026-08-15T05:00,COMPLETA,708.7293,161.5,161.5,18.0,87.0,1,0.16666666666666666,1,0,1,2076,11532,1121.5751445086694,4.5
20264,1.0,2047,2026-08-15T05:10,COMPLETA,820.6331,2071.5,2071.5,30.0,105.0,1,0.08333333333333333,1,0,1,2078,11548,1120.8351780558219,4.5
20264,1.0,2048,2026-08-15T05:20,COMPLETA,1425.7928,620.25,260.5,208.0,726.0,4,0.203125,2,0,2,2078,11548,1120.8351780558219,4.5
20264,1.0,2049,2026-08-15T05:30,COMPLETA,1111.8642,260.5,260.5,148.0,462.0,2,0.10416666666666667,1,0,0,2080,11555,1120.0553365384606,4.5
20264,1.0,2050,2026-08-15T05:40,COMPLETA,1382.5784,333.35,260.5,152.0,531.6,3,0.14285714285714285,2,0,1,2081,11565,1119.7004324843815,4.5
20264,1.0,2051,2026-08-15T05:50,COMPLETA,1241.6077,260.5,260.5,148.0,462.0,2,0.10416666666666667,1,0,0,2083,11570,1119.7843975035994,4.5
20264,1.0,2052,2026-08-15T06:00,COMPLETA,1196.5106,260.5,260.5,148.0,462.0,2,0.10416666666666667,1,0,0,2083,11570,1119.7843975035994,4.5
20264,1.0,2053,2026-08-15T06:10,COMPLETA,1266.5579,179.5,98.5,186.0,639.0,3,0.125,2,0,0,2084,11575,1119.5508157389625,4.5
20264,1.0,2054,2026-08-15T06:20,COMPLETA,1360.034,179.5,98.5,186.0,639.0,3,0.125,2,0,0,2085,11579,1119.091318944843,4.5
20264,1.0,2055,2026-08-15T06:30,COMPLETA,1713.0952,1102.375,98.5,222.0,813.0,4,0.19791666666666666,4,0,0,2086,11588,1118.7368168743997,4.5
20264,1.0,2056,2026-08-15T06:40,COMPLETA,2792.216,1173.8500000000001,98.5,312.0,1389.0,7,0.30833333333333335,6,0,0,2087,11590,1119.193339722088,4.5
20264,1.0,2057,2026-08-15T06:50,COMPLETA,2773.2129,1173.8500000000001,98.5,312.0,1389.0,7,0.30833333333333335,6,0,0,2088,11593,1118.8518678160908,4.5
20264,1.0,2058,2026-08-15T07:00,COMPLETA,3061.2307,1140.2571428571428,98.5,381.0,1634.1,8,0.2916666666666667,7,0,8,2089,11601,1118.7853997127802,4.5
20264,1.0,2059,2026-08-15T07:10,SIN_DEMANDA,0,,,,,,,0,0,0,2089,11601,1118.7853997127802,4.5
20264,1.0,2060,2026-08-15T07:20,COMPLETA,774.1768,75.0,75.0,70.0,288.0,1,0.375,1,0,0,2089,11601,1118.7853997127802,4.5
20264,1.0,2061,2026-08-15T07:30,COMPLETA,1409.4711,1065.3,75.0,102.0,484.8,2,0.25,2,0,2,2089,11601,1118.7853997127802,4.5
20264,1.0,2062,2026-08-15T07:40,COMPLETA,1458.636,1193.45,364.5,249.0,904.8,4,0.15,2,0,4,2089,11601,1118.7853997127802,4.5
20264,1.0,2063,2026-08-15T07:50,COMPLETA,1342.0456,1091.3,126.6,132.0,633.6,3,0.275,2,0,3,2089,11601,1118.7853997127802,4.5
20264,1.0,2064,2026-08-15T08:00,COMPLETA,1681.2635,1356.75,634.5,32.0,297.0,2,0.34375,2,0,2,2089,11601,1118.7853997127802,4.5
20264,1.0,2065,2026-08-15T08:10,COMPLETA,1375.691,2084.0,2084.0,20.0,288.0,2,0.375,1,0,2,2089,11601,1118.7853997127802,4.5
20264,1.0,2066,2026-08-15T08:20,COMPLETA,924.4357,984.0,984.0,30.0,192.0,1,0.375,1,0,1,2089,11601,1118.7853997127802,4.5
20264,1.0,2067,2026-08-15T08:30,COMPLETA,1037.127,376.0,376.0,30.0,192.0,1,0.125,1,0,1,2091,11613,1118.052462936393,4.5
20264,1.0,2068,2026-08-15T08:40,SIN_DEMANDA,0,,,,,,,0,0,0,2094,11631,1118.8591690544401,4.5
20264,1.0,2069,2026-08-15T08:50,SIN_DEMANDA,0,,,,,,,0,0,0,2094,11631,1118.8591690544401,4.5
20264,1.0,2070,2026-08-15T09:00,SIN_DEMANDA,0,,,,,,,0,0,0,2094,11631,1118.8591690544401,4.5
20264,1.0,2071,2026-08-15T09:10,SIN_DEMANDA,0,,,,,,,0,0,0,2095,11638,1119.278997613364,4.5
20264,1.0,2072,2026-08-15T09:20,COMPLETA,2231.4445,1527.4666666666665,547.0,291.0,1413.6,6,0.5576923076923077,3,0,5,2098,11650,1119.9516682554804,4.5
20264,1.0,2073,2026-08-15T09:30,COMPLETA,2532.0791,1612.75,374.0,138.0,570.0,4,0.19736842105263158,4,0,1,2101,11663,1120.434840552117,4.5
20264,1.0,2074,2026-08-15T09:40,COMPLETA,2309.3683,2025.6666666666667,2003.5,120.0,420.0,3,0.16666666666666666,3,0,0,2102,11673,1120.0752140818258,4.5
20264,1.0,2075,2026-08-15T09:50,COMPLETA,2288.3776,2025.6666666666667,2003.5,120.0,420.0,3,0.16666666666666666,3,0,2,2104,11684,1120.03189163498,4.5
20264,1.0,2076,2026-08-15T10:00,COMPLETA,1068.7734,2003.5,2003.5,42.0,183.0,1,0.08333333333333333,1,0,0,2106,11690,1119.4710826210815,4.5
20264,1.0,2077,2026-08-15T10:10,COMPLETA,1749.1913,1082.75,162.0,60.0,453.0,4,0.3333333333333333,2,0,3,2107,11691,1119.1182249644032,4.5
20264,1.0,2078,2026-08-15T10:20,COMPLETA,974.3874,2003.5,2003.5,41.0,121.5,1,0.08333333333333333,1,0,0,2107,11691,1119.1182249644032,4.5
20264,1.0,2079,2026-08-15T10:30,COMPLETA,1022.0791,2003.5,2003.5,41.0,121.5,1,0.08333333333333333,1,0,1,2107,11691,1119.1182249644032,4.5
20264,1.0,2080,2026-08-15T10:40,SIN_DEMANDA,0,,,,,,,0,0,0,2107,11691,1119.1182249644032,4.5
20264,1.0,2081,2026-08-15T10:50,COMPLETA,1776.285,516.0,352.0,179.0,493.5,3,0.05357142857142857,3,0,2,2107,11691,1119.1182249644032,4.5
20264,1.0,2082,2026-08-15T11:00,COMPLETA,1540.3738,474.7,352.0,87.0,415.5,2,0.25,2,0,1,2107,11691,1119.1182249644032,4.5
20264,1.0,2083,2026-08-15T11:10,COMPLETA,1333.9026,597.4,597.4,48.0,522.0,2,0.4375,1,0,0,2107,11691,1119.1182249644032,4.5
20264,1.0,2084,2026-08-15T11:20,COMPLETA,1559.6875,786.45,597.4,192.0,853.5,4,0.2125,2,0,3,2108,11694,1118.764753320682,4.5
20264,1.0,2085,2026-08-15T11:30,COMPLETA,1450.8395,498.9,400.4,38.0,354.6,2,0.5,2,0,2,2111,11714,1119.1812411179526,4.5
20264,1.0,2086,2026-08-15T11:40,SIN_DEMANDA,0,,,,,,,0,0,0,2111,11720,1119.1812411179526,4.5
20264,1.0,2087,2026-08-15T11:50,COMPLETA,1257.2218,2063.0,2063.0,80.0,240.0,2,0.14583333333333334,1,0,2,2111,11720,1119.1812411179526,4.5
20264,1.0,2088,2026-08-15T12:00,SIN_DEMANDA,0,,,,,,,0,0,0,2112,11724,1119.5975378787869,4.5
20264,1.0,2089,2026-08-15T12:10,SIN_DEMANDA,0,,,,,,,0,0,0,2114,11736,1119.7447965941333,4.5
20264,1.0,2090,2026-08-15T12:20,COMPLETA,1262.5447,976.2,976.2,68.0,283.2,2,0.3125,1,0,2,2114,11736,1119.7447965941333,4.5
20264,1.0,2091,2026-08-15T12:30,COMPLETA,1276.0428,671.25,379.0,118.0,297.0,2,0.125,2,0,2,2114,11736,1119.7447965941333,4.5
20264,1.0,2092,2026-08-15T12:40,COMPLETA,1216.3619,2026.0,2026.0,83.0,184.5,1,0.20833333333333334,1,0,1,2114,11736,1119.7447965941333,4.5
20264,1.0,2093,2026-08-15T12:50,SIN_DEMANDA,0,,,,,,,0,0,0,2117,11739,1118.912092583844,4.5
20264,1.0,2094,2026-08-15T13:00,SIN_DEMANDA,0,,,,,,,0,0,0,2119,11747,1118.3040585181677,4.5
20264,1.0,2095,2026-08-15T13:10,COMPLETA,819.1944,2053.0,2053.0,36.0,325.0,1,0.125,1,0,0,2120,11757,1118.2366981132063,4.5
20264,1.0,2096,2026-08-15T13:20,COMPLETA,1541.3691,2066.9,2053.0,84.0,620.2,4,0.25,2,0,4,2121,11764,1118.6821310702487,4.5
20264,1.0,2097,2026-08-15T13:30,SIN_DEMANDA,0,,,,,,,0,0,0,2121,11764,1118.6821310702487,4.5
20264,1.0,2098,2026-08-15T13:40,COMPLETA,1429.7089,1259.75,544.5,98.0,387.0,2,0.20833333333333334,2,0,0,2121,11764,1118.6821310702487,4.5
20264,1.0,2099,2026-08-15T13:50,COMPLETA,1942.4659,1229.0,313.0,203.0,915.5,6,0.1597222222222222,4,0,2,2121,11764,1118.6821310702487,4.5
20264,1.0,2100,2026-08-15T14:00,COLAPSO_PLANIFICACION,2237.0862,,,173.0,778.4,4,0.2625,5,9,0,2121,11764,1118.6821310702487,4.5
