semilla,factor_carga,ciclo,instante,estado,Ta_ms,holgura_plan_promedio_min,holgura_plan_minima_min,distancia_plan_km,tiempo_plan_rutas_min,vehiculos_plan,utilizacion_capacidad_plan,pedidos_plan,paquetes_sin_plan,rutas_despachadas,pedidos_entregados_acum,paquetes_entregados_acum,holgura_real_promedio_min,holgura_real_minima_min
20262,1.0,0,2026-08-01T00:00,SIN_DEMANDA,0,,,,,,,0,0,0,0,0,,
20262,1.0,1,2026-08-01T00:10,SIN_DEMANDA,0,,,,,,,0,0,0,0,0,,
20262,1.0,2,2026-08-01T00:20,SIN_DEMANDA,0,,,,,,,0,0,0,0,0,,
20262,1.0,3,2026-08-01T00:30,COMPLETA,1172.834,2024.5,2024.5,77.0,235.5,1,0.125,1,0,1,0,0,,
20262,1.0,4,2026-08-01T00:40,COMPLETA,1098.6342,151.0,151.0,36.0,249.0,1,0.2916666666666667,1,0,1,0,0,,
20262,1.0,5,2026-08-01T00:50,COMPLETA,1995.977,1089.0,588.5,293.0,1159.5,6,0.125,3,0,6,0,0,,
20262,1.0,6,2026-08-01T01:00,SIN_DEMANDA,0,,,,,,,0,0,0,0,0,,
20262,1.0,7,2026-08-01T01:10,COMPLETA,1519.602,2047.5,2047.0,120.0,300.0,2,0.16666666666666666,2,0,2,0,0,,
20262,1.0,8,2026-08-01T01:20,COMPLETA,1106.521,425.2,318.6,132.0,436.8,2,0.3125,2,0,2,0,0,,
20262,1.0,9,2026-08-01T01:30,COMPLETA,1685.0637,486.0,66.4,284.0,921.6,4,0.4375,2,0,4,0,0,,
20262,1.0,10,2026-08-01T01:40,COMPLETA,1077.7954,119.0,119.0,123.0,475.20000000000005,3,0.375,1,0,3,0,0,,
20262,1.0,11,2026-08-01T01:50,SIN_DEMANDA,0,,,,,,,0,0,0,0,0,,
20262,1.0,12,2026-08-01T02:00,COMPLETA,1300.6857,2069.4,2069.4,36.0,206.4,2,0.3125,1,0,2,0,0,,
20262,1.0,13,2026-08-01T02:10,SIN_DEMANDA,0,,,,,,,0,0,0,1,7,151.0,151.0
20262,1.0,14,2026-08-01T02:20,COMPLETA,1449.7731,100.8,100.8,46.0,170.4,1,0.875,1,0,1,1,7,151.0,151.0
20262,1.0,15,2026-08-01T02:30,COMPLETA,1388.1728,617.35,298.5,112.0,405.6,2,0.0625,2,0,1,2,14,1106.5,151.0
20262,1.0,16,2026-08-01T02:40,COMPLETA,1133.28,298.5,298.5,48.0,192.0,1,0.041666666666666664,1,0,0,3,15,943.1666666666666,151.0
20262,1.0,17,2026-08-01T02:50,COMPLETA,1890.0759,347.25,298.5,68.0,300.0,2,0.125,2,0,1,4,18,1213.5,151.0
20262,1.0,18,2026-08-01T03:00,COMPLETA,521.0344,298.5,298.5,48.0,192.0,1,0.041666666666666664,1,0,0,7,36,1362.5,151.0
20262,1.0,19,2026-08-01T03:10,COMPLETA,895.4635,312.25,298.5,86.0,369.0,2,0.16666666666666666,2,0,0,7,36,1362.5,151.0
20262,1.0,20,2026-08-01T03:20,COMPLETA,910.3259,312.25,298.5,86.0,369.0,2,0.16666666666666666,2,0,0,7,36,1362.5,151.0
20262,1.0,21,2026-08-01T03:30,COMPLETA,1195.6253,1142.04,298.5,185.0,650.1,5,0.19230769230769232,5,0,1,8,41,1450.8625,151.0
20262,1.0,22,2026-08-01T03:40,COMPLETA,1403.869,970.5,149.0,242.0,843.0,6,0.2013888888888889,6,0,2,9,50,1302.8777777777777,119.0
20262,1.0,23,2026-08-01T03:50,COMPLETA,1616.8446,1220.5,298.5,287.0,1030.5,7,0.18452380952380953,6,0,2,9,50,1302.8777777777777,119.0
20262,1.0,24,2026-08-01T04:00,COMPLETA,1463.4238,1192.94,326.0,201.0,704.7,6,0.29464285714285715,5,0,4,10,53,1204.45,119.0
20262,1.0,25,2026-08-01T04:10,COMPLETA,1156.7613,1205.5,586.5,113.0,349.5,3,0.20833333333333334,3,0,2,10,53,1204.45,119.0
20262,1.0,26,2026-08-01T04:20,COMPLETA,907.1524,2032.0,2032.0,42.0,123.0,1,0.2916666666666667,1,0,1,12,61,1042.2416666666666,66.4
20262,1.0,27,2026-08-01T04:30,COMPLETA,841.109,1073.15,128.5,101.0,321.9,2,0.25,2,0,1,14,72,996.0214285714285,66.4
20262,1.0,28,2026-08-01T04:40,COMPLETA,816.4446,128.5,128.5,45.0,127.5,1,0.2916666666666667,1,0,1,15,79,936.3399999999999,66.4
20262,1.0,29,2026-08-01T04:50,SIN_DEMANDA,0,,,,,,,0,0,0,17,84,1003.2647058823529,66.4
20262,1.0,30,2026-08-01T05:00,COMPLETA,1069.0146,401.2,401.2,28.0,187.2,2,0.625,1,0,2,17,84,1003.2647058823529,66.4
20262,1.0,31,2026-08-01T05:10,COMPLETA,726.4199,1953.0,1953.0,44.0,186.0,1,0.08333333333333333,1,0,0,18,90,955.8055555555555,66.4
20262,1.0,32,2026-08-01T05:20,COMPLETA,1110.4609,1958.5,1953.0,116.0,534.0,3,0.1111111111111111,2,0,0,19,94,956.6842105263158,66.4
20262,1.0,33,2026-08-01T05:30,COMPLETA,945.258,1958.5,1953.0,116.0,534.0,3,0.1111111111111111,2,0,0,21,108,1009.3904761904762,66.4
20262,1.0,34,2026-08-01T05:40,COMPLETA,928.5318,1958.5,1953.0,116.0,534.0,3,0.1111111111111111,2,0,0,25,126,994.4680000000001,66.4
20262,1.0,35,2026-08-01T05:50,COMPLETA,1322.4876,1792.5,940.0,134.0,861.0,6,0.1736111111111111,5,0,1,25,126,994.4680000000001,66.4
20262,1.0,36,2026-08-01T06:00,COMPLETA,1627.3854,1563.0,940.0,166.0,1089.0,7,0.17261904761904762,5,0,0,27,138,1017.7851851851852,66.4
20262,1.0,37,2026-08-01T06:10,COMPLETA,1983.8517,1640.5,940.0,172.0,1098.0,7,0.23214285714285715,6,0,0,27,138,1017.7851851851852,66.4
20262,1.0,38,2026-08-01T06:20,COMPLETA,1974.9067,1640.5,940.0,172.0,1098.0,7,0.23214285714285715,6,0,0,28,148,995.7642857142857,66.4
20262,1.0,39,2026-08-01T06:30,COMPLETA,1986.4031,1640.5,940.0,172.0,1098.0,7,0.23214285714285715,6,0,0,29,155,965.8586206896553,66.4
20262,1.0,40,2026-08-01T06:40,COMPLETA,2448.0553,1697.4428571428573,933.6,226.0,1458.6,9,0.2608695652173913,7,0,0,29,155,965.8586206896553,66.4
20262,1.0,41,2026-08-01T06:50,COMPLETA,4607.9505,1657.2777777777778,940.0,294.0,1641.0,10,0.2375,9,0,0,30,156,1000.9233333333334,66.4
20262,1.0,42,2026-08-01T07:00,COMPLETA,8476.3437,1657.2777777777778,940.0,294.0,1641.0,10,0.2375,9,0,10,31,161,1036.0870967741935,66.4
20262,1.0,43,2026-08-01T07:10,COMPLETA,1280.929,548.2,131.0,78.0,427.2,2,0.375,2,0,2,31,161,1036.0870967741935,66.4
20262,1.0,44,2026-08-01T07:20,COMPLETA,1310.3648,1515.6,978.0,98.0,595.2,3,0.4583333333333333,2,0,3,31,161,1036.0870967741935,66.4
20262,1.0,45,2026-08-01T07:30,COMPLETA,1009.8678,955.6,955.6,104.0,489.6,2,0.625,1,0,2,31,161,1036.0870967741935,66.4
20262,1.0,46,2026-08-01T07:40,COMPLETA,1486.1005,1310.1,566.8,114.0,513.5999999999999,2,0.125,2,0,2,31,161,1036.0870967741935,66.4
20262,1.0,47,2026-08-01T07:50,COMPLETA,1136.7882,2063.4,2063.4,28.0,187.2,1,0.875,1,0,1,31,161,1036.0870967741935,66.4
20262,1.0,48,2026-08-01T08:00,COMPLETA,1286.6777,1092.3999999999999,132.6,66.0,398.4,2,0.25,2,0,2,31,161,1036.0870967741935,66.4
20262,1.0,49,2026-08-01T08:10,SIN_DEMANDA,0,,,,,,,0,0,0,32,170,1033.084375,66.4
20262,1.0,50,2026-08-01T08:20,SIN_DEMANDA,0,,,,,,,0,0,0,34,182,1059.3147058823529,66.4
20262,1.0,51,2026-08-01T08:30,SIN_DEMANDA,0,,,,,,,0,0,0,37,209,1110.181081081081,66.4
20262,1.0,52,2026-08-01T08:40,COMPLETA,1094.3705,2034.0,2034.0,36.0,174.0,1,0.08333333333333333,1,0,0,40,218,1175.855,66.4
20262,1.0,53,2026-08-01T08:50,COMPLETA,923.0203,2034.0,2034.0,36.0,174.0,1,0.08333333333333333,1,0,0,40,218,1175.855,66.4
20262,1.0,54,2026-08-01T09:00,COMPLETA,1875.4322,996.3000000000001,361.4,141.0,807.4,4,0.2375,3,0,1,43,226,1142.0604651162791,66.4
20262,1.0,55,2026-08-01T09:10,COMPLETA,2024.2394,1072.1666666666667,589.0,160.0,660.0,4,0.22916666666666666,3,0,1,44,235,1162.7681818181818,66.4
20262,1.0,56,2026-08-01T09:20,COMPLETA,2252.5055,591.25,589.0,124.0,486.0,3,0.2777777777777778,2,0,1,44,235,1162.7681818181818,66.4
20262,1.0,57,2026-08-01T09:30,COMPLETA,1629.9827,1316.5,593.5,87.0,250.5,2,0.3333333333333333,2,0,0,46,243,1201.708695652174,66.4
20262,1.0,58,2026-08-01T09:40,COMPLETA,2201.565,1316.5,593.5,87.0,250.5,2,0.3333333333333333,2,0,2,48,256,1174.3083333333332,66.4
20262,1.0,59,2026-08-01T09:50,COMPLETA,1077.4673,2076.5,2076.5,26.0,99.0,1,0.125,1,0,1,49,257,1192.2244897959183,66.4
20262,1.0,60,2026-08-01T10:00,SIN_DEMANDA,0,,,,,,,0,0,0,49,257,1192.2244897959183,66.4
20262,1.0,61,2026-08-01T10:10,COMPLETA,1274.9018,2086.0,2086.0,16.0,84.0,1,0.08333333333333333,1,0,1,49,257,1192.2244897959183,66.4
20262,1.0,62,2026-08-01T10:20,COMPLETA,768.0998,127.5,127.5,43.0,124.5,1,0.041666666666666664,1,0,1,50,258,1179.716,66.4
20262,1.0,63,2026-08-01T10:30,COMPLETA,1365.3939,1934.5,1934.5,82.0,190.0,1,0.125,1,0,0,50,258,1179.716,66.4
20262,1.0,64,2026-08-01T10:40,COMPLETA,1200.7903,1934.5,1934.5,82.0,190.0,1,0.125,1,0,0,50,258,1179.716,66.4
20262,1.0,65,2026-08-01T10:50,COMPLETA,1232.4098,1934.5,1934.5,82.0,190.0,1,0.125,1,0,0,51,260,1196.4666666666665,66.4
20262,1.0,66,2026-08-01T11:00,COMPLETA,1217.8633,1934.5,1934.5,82.0,190.0,1,0.125,1,0,0,52,267,1180.4076923076923,66.4
20262,1.0,67,2026-08-01T11:10,COMPLETA,2262.6875,1181.55,375.2,242.0,758.6,5,0.3333333333333333,4,0,4,54,280,1186.1333333333332,66.4
20262,1.0,68,2026-08-01T11:20,COMPLETA,2261.1838,2013.7,1934.5,212.0,639.4,4,0.2625,4,0,3,55,290,1175.2763636363636,66.4
20262,1.0,69,2026-08-01T11:30,COMPLETA,1860.5111,1314.6999999999998,359.2,330.0,891.4,5,0.2727272727272727,4,0,5,57,298,1206.415789473684,66.4
20262,1.0,70,2026-08-01T11:40,SIN_DEMANDA,0,,,,,,,0,0,0,57,298,1206.415789473684,66.4
20262,1.0,71,2026-08-01T11:50,COMPLETA,880.548,357.0,357.0,30.0,105.0,1,0.16666666666666666,1,0,0,57,298,1206.415789473684,66.4
20262,1.0,72,2026-08-01T12:00,COMPLETA,1320.0859,1213.75,357.0,60.0,210.0,2,0.20833333333333334,2,0,1,57,298,1206.415789473684,66.4
20262,1.0,73,2026-08-01T12:10,COMPLETA,783.497,357.0,357.0,30.0,105.0,1,0.16666666666666666,1,0,0,58,299,1187.8137931034482,66.4
20262,1.0,74,2026-08-01T12:20,COMPLETA,2227.7265,1487.0,357.0,142.0,393.0,3,0.19444444444444445,3,0,3,58,299,1187.8137931034482,66.4
20262,1.0,75,2026-08-01T12:30,SIN_DEMANDA,0,,,,,,,0,0,0,58,299,1187.8137931034482,66.4
20262,1.0,76,2026-08-01T12:40,SIN_DEMANDA,0,,,,,,,0,0,0,58,299,1187.8137931034482,66.4
20262,1.0,77,2026-08-01T12:50,COMPLETA,1633.7602,963.2,963.2,132.0,496.79999999999995,3,0.4166666666666667,1,0,3,59,309,1174.122033898305,66.4
20262,1.0,78,2026-08-01T13:00,COMPLETA,1369.633,2007.25,1955.5,104.0,570.0,4,0.234375,2,0,2,60,313,1160.8066666666666,66.4
20262,1.0,79,2026-08-01T13:10,COMPLETA,1170.7588,2014.45,1955.5,58.0,359.4,3,0.325,2,0,2,62,326,1189.2080645161288,66.4
20262,1.0,80,2026-08-01T13:20,COMPLETA,1221.8584,1181.65,407.8,50.0,380.4,3,0.21428571428571427,2,0,1,63,330,1202.752380952381,66.4
20262,1.0,81,2026-08-01T13:30,COMPLETA,1039.8775,1955.5,1955.5,44.0,306.0,2,0.125,1,0,0,66,349,1215.6803030303029,66.4
20262,1.0,82,2026-08-01T13:40,COMPLETA,1148.7618,1955.5,1955.5,44.0,306.0,2,0.125,1,0,0,67,356,1211.7388059701493,66.4
20262,1.0,83,2026-08-01T13:50,COMPLETA,1253.9264,1955.5,1955.5,44.0,306.0,2,0.125,1,0,0,68,360,1199.1691176470588,66.4
20262,1.0,84,2026-08-01T14:00,COMPLETA,1371.2783,1994.0,1955.5,110.0,645.0,4,0.09375,3,0,0,70,376,1223.1142857142856,66.4
20262,1.0,85,2026-08-01T14:10,COMPLETA,1317.4946,1994.0,1955.5,110.0,645.0,4,0.09375,3,0,0,70,376,1223.1142857142856,66.4
20262,1.0,86,2026-08-01T14:20,COMPLETA,2487.4116,1497.6714285714286,93.2,304.0,1645.2,9,0.1793478260869565,7,0,0,72,382,1244.3819444444443,66.4
20262,1.0,87,2026-08-01T14:30,COMPLETA,2732.8273,1324.325,95.6,316.0,1629.6,9,0.21739130434782608,8,0,0,73,388,1232.9219178082192,66.4
20262,1.0,88,2026-08-01T14:40,COMPLETA,4005.009,1406.788888888889,95.6,326.0,1764.6,10,0.23076923076923078,9,0,0,75,404,1255.1426666666666,66.4
20262,1.0,89,2026-08-01T14:50,COMPLETA,6207.6434,1392.418181818182,95.6,437.0,2309.1,13,0.25,11,0,0,76,414,1251.3013157894736,66.4
20262,1.0,90,2026-08-01T15:00,COMPLETA,18247.8038,1410.4769230769232,93.2,613.0,3489.1,18,0.28214285714285714,13,0,18,76,414,1251.3013157894736,66.4
20262,1.0,91,2026-08-01T15:10,COMPLETA,966.3557,996.4,996.4,18.0,163.2,1,0.5,1,0,1,76,414,1251.3013157894736,66.4
20262,1.0,92,2026-08-01T15:20,SIN_DEMANDA,0,,,,,,,0,0,0,76,414,1251.3013157894736,66.4
20262,1.0,93,2026-08-01T15:30,COMPLETA,1424.105,357.0,357.0,63.0,214.5,1,0.375,1,0,1,76,414,1251.3013157894736,66.4
20262,1.0,94,2026-08-01T15:40,COMPLETA,852.365,296.6,296.6,44.0,296.2,1,0.125,1,0,1,76,414,1251.3013157894736,66.4
20262,1.0,95,2026-08-01T15:50,SIN_DEMANDA,0,,,,,,,0,0,0,76,414,1251.3013157894736,66.4
20262,1.0,96,2026-08-01T16:00,COMPLETA,1540.6931,537.9333333333333,388.2,128.0,1011.2,5,0.53125,3,0,5,76,414,1251.3013157894736,66.4
20262,1.0,97,2026-08-01T16:10,COMPLETA,725.392,309.0,309.0,36.0,174.0,1,0.125,1,0,0,76,414,1251.3013157894736,66.4
20262,1.0,98,2026-08-01T16:20,COMPLETA,726.7867,309.0,309.0,36.0,174.0,1,0.125,1,0,0,77,420,1260.4467532467531,66.4
20262,1.0,99,2026-08-01T16:30,COMPLETA,1529.6537,611.25,309.0,74.0,351.0,2,0.25,2,0,0,84,456,1312.5940476190476,66.4
20262,1.0,100,2026-08-01T16:40,COMPLETA,1368.3685,611.25,309.0,74.0,351.0,2,0.25,2,0,0,86,464,1317.538372093023,66.4
20262,1.0,101,2026-08-01T16:50,COMPLETA,1456.6842,611.25,309.0,74.0,351.0,2,0.25,2,0,0,89,490,1284.673033707865,66.4
20262,1.0,102,2026-08-01T17:00,COMPLETA,1763.089,540.5,309.0,90.0,551.0,4,0.3392857142857143,3,0,2,90,497,1271.461111111111,66.4
20262,1.0,103,2026-08-01T17:10,COMPLETA,1879.7232,611.25,297.0,74.0,351.0,2,0.25,2,0,0,90,497,1271.461111111111,66.4
20262,1.0,104,2026-08-01T17:20,COMPLETA,1422.5055,611.25,297.0,74.0,291.0,2,0.25,2,0,0,90,497,1271.461111111111,66.4
20262,1.0,105,2026-08-01T17:30,COMPLETA,1660.4885,733.5,309.0,98.0,327.0,3,0.2916666666666667,3,0,1,92,509,1251.920652173913,66.4
20262,1.0,106,2026-08-01T17:40,COMPLETA,1711.1828,1312.0,907.5,112.0,348.0,3,0.2638888888888889,3,0,1,93,517,1245.0784946236558,66.4
20262,1.0,107,2026-08-01T17:50,COMPLETA,1694.6872,748.5,363.0,123.0,364.5,3,0.2777777777777778,3,0,3,94,523,1238.3223404255318,66.4
20262,1.0,108,2026-08-01T18:00,COMPLETA,1075.9595,2065.0,2065.0,40.0,120.0,1,0.2916666666666667,1,0,1,94,523,1238.3223404255318,66.4
20262,1.0,109,2026-08-01T18:10,COMPLETA,750.5154,2040.0,2040.0,58.0,147.0,1,0.16666666666666666,1,0,1,94,523,1238.3223404255318,66.4
20262,1.0,110,2026-08-01T18:20,SIN_DEMANDA,0,,,,,,,0,0,0,95,530,1229.4873684210525,66.4
20262,1.0,111,2026-08-01T18:30,SIN_DEMANDA,0,,,,,,,0,0,0,95,530,1229.4873684210525,66.4
20262,1.0,112,2026-08-01T18:40,SIN_DEMANDA,0,,,,,,,0,0,0,95,530,1229.4873684210525,66.4
20262,1.0,113,2026-08-01T18:50,COMPLETA,1238.8763,2065.5,2065.5,42.0,123.0,1,0.20833333333333334,1,0,1,96,531,1219.7697916666666,66.4
20262,1.0,114,2026-08-01T19:00,COMPLETA,707.9165,2057.5,2057.5,48.0,132.0,1,0.08333333333333333,1,0,1,97,534,1210.380412371134,66.4
20262,1.0,115,2026-08-01T19:10,COMPLETA,753.3948,146.0,146.0,39.0,118.5,1,0.041666666666666664,1,0,1,97,534,1210.380412371134,66.4
20262,1.0,116,2026-08-01T19:20,COMPLETA,1549.4985,1206.55,357.6,105.0,330.6,2,0.4375,2,0,2,99,552,1204.9434343434343,66.4
20262,1.0,117,2026-08-01T19:30,COMPLETA,1199.9955,2045.0,2045.0,64.0,156.0,1,0.375,1,0,1,101,560,1221.8306930693068,66.4
20262,1.0,118,2026-08-01T19:40,COMPLETA,1076.5951,142.0,142.0,60.0,264.0,2,0.375,1,0,2,102,562,1213.4107843137253,66.4
20262,1.0,119,2026-08-01T19:50,COMPLETA,1065.3658,985.6,985.6,44.0,408.8,2,0.4375,1,0,2,102,562,1213.4107843137253,66.4
20262,1.0,120,2026-08-01T20:00,SIN_DEMANDA,0,,,,,,,0,0,0,102,562,1213.4107843137253,66.4
20262,1.0,121,2026-08-01T20:10,COMPLETA,1000.854,2047.5,2047.5,124.0,306.0,2,0.20833333333333334,1,0,2,103,566,1221.4359223300971,66.4
20262,1.0,122,2026-08-01T20:20,SIN_DEMANDA,0,,,,,,,0,0,0,103,566,1221.4359223300971,66.4
20262,1.0,123,2026-08-01T20:30,COMPLETA,1114.7099,1033.5,4.5,98.0,447.0,3,0.2222222222222222,2,0,1,104,571,1229.551923076923,66.4
20262,1.0,124,2026-08-01T20:40,COMPLETA,1525.4364,1163.925,4.5,110.0,610.2,5,0.2840909090909091,4,0,3,104,571,1229.551923076923,66.4
20262,1.0,125,2026-08-01T20:50,COMPLETA,1337.782,879.5,4.5,141.0,571.5,4,0.1875,4,0,1,106,574,1227.1405660377359,66.4
20262,1.0,126,2026-08-01T21:00,COMPLETA,1288.89,846.6666666666666,4.5,98.0,447.0,3,0.19444444444444445,3,0,1,106,574,1227.1405660377359,66.4
20262,1.0,127,2026-08-01T21:10,COMPLETA,1293.8749,854.1333333333333,4.5,140.0,705.6,5,0.25,3,0,3,107,584,1234.882242990654,66.4
20262,1.0,128,2026-08-01T21:20,COMPLETA,1695.5338,959.8,4.5,212.0,858.0,5,0.21666666666666667,5,0,1,110,606,1230.0454545454545,66.4
20262,1.0,129,2026-08-01T21:30,COMPLETA,2472.2282,817.2375,4.5,289.0,1407.9,9,0.21195652173913043,8,0,2,111,610,1222.1855855855856,66.4
20262,1.0,130,2026-08-01T21:40,COMPLETA,2489.8645,790.2142857142857,4.5,336.0,1464.0,8,0.15104166666666666,7,0,0,111,610,1222.1855855855856,66.4
20262,1.0,131,2026-08-01T21:50,COMPLETA,3048.4599,937.875,4.5,339.0,1468.5,8,0.18229166666666666,8,0,0,111,610,1222.1855855855856,66.4
20262,1.0,132,2026-08-01T22:00,COMPLETA,3492.5528,891.3888888888889,4.5,479.0,1918.5,10,0.17083333333333334,9,0,0,114,636,1244.4456140350878,66.4
20262,1.0,133,2026-08-01T22:10,COMPLETA,4636.6324,864.7545454545453,4.5,494.0,2093.4,11,0.1935483870967742,11,0,0,115,644,1251.5591304347827,66.4
20262,1.0,134,2026-08-01T22:20,COMPLETA,4991.8214,842.8583333333332,4.5,504.0,2237.4,12,0.1953125,12,0,0,115,644,1251.5591304347827,66.4
20262,1.0,135,2026-08-01T22:30,COMPLETA,4651.6552,842.8583333333332,4.5,504.0,2237.4,12,0.1953125,12,0,0,116,648,1249.2008620689658,66.4
20262,1.0,136,2026-08-01T22:40,COMPLETA,19683.8357,840.0666666666668,4.5,717.0,3329.7,17,0.23648648648648649,15,0,0,118,663,1253.8533898305086,66.4
20262,1.0,137,2026-08-01T22:50,COMPLETA,26291.304,896.0411764705883,4.5,717.0,3310.8,17,0.27364864864864863,17,0,0,119,672,1260.6563025210085,66.4
20262,1.0,138,2026-08-01T23:00,COMPLETA,30391.4218,885.3250000000002,4.5,983.0,4880.1,23,0.31626506024096385,20,0,21,120,681,1267.38,66.4
20262,1.0,139,2026-08-01T23:10,COMPLETA,1780.3962,1249.6,517.5,548.0,1880.4,6,0.3375,4,0,5,120,681,1267.38,66.4
20262,1.0,140,2026-08-01T23:20,COMPLETA,636.3345,558.5,558.5,89.0,253.5,1,0.125,1,0,1,120,681,1267.38,66.4
20262,1.0,141,2026-08-01T23:30,SIN_DEMANDA,0,,,,,,,0,0,0,120,681,1267.38,66.4
20262,1.0,142,2026-08-01T23:40,SIN_DEMANDA,0,,,,,,,0,0,0,120,681,1267.38,66.4
20262,1.0,143,2026-08-01T23:50,COMPLETA,991.6445,967.2,967.2,44.0,225.6,1,0.75,1,0,1,120,681,1267.38,66.4
20262,1.0,144,2026-08-02T00:00,SIN_DEMANDA,0,,,,,,,0,0,0,120,681,1267.38,66.4
20262,1.0,145,2026-08-02T00:10,COMPLETA,1457.6624,1358.6666666666667,59.0,136.0,1014.0,5,0.4666666666666667,3,0,3,120,681,1267.38,66.4
20262,1.0,146,2026-08-02T00:20,COMPLETA,1401.3349,1345.1666666666667,59.0,90.0,495.0,3,0.3472222222222222,3,0,0,123,693,1257.529268292683,4.5
20262,1.0,147,2026-08-02T00:30,COMPLETA,1485.0994,1345.1666666666667,59.0,90.0,495.0,3,0.3472222222222222,3,0,0,125,703,1256.2496,4.5
20262,1.0,148,2026-08-02T00:40,COMPLETA,1881.7366,1501.75,59.0,108.0,642.0,4,0.3541666666666667,4,0,0,128,711,1251.0859375,4.5
20262,1.0,149,2026-08-02T00:50,COMPLETA,1850.1931,1501.75,59.0,108.0,642.0,4,0.3541666666666667,4,0,0,134,736,1223.2238805970148,4.5
20262,1.0,150,2026-08-02T01:00,COMPLETA,1770.1042,1501.75,59.0,108.0,642.0,4,0.3541666666666667,4,0,0,136,753,1211.6970588235295,4.5
20262,1.0,151,2026-08-02T01:10,COMPLETA,1886.5274,1501.75,59.0,108.0,642.0,4,0.3541666666666667,4,0,0,137,760,1216.9605839416058,4.5
20262,1.0,152,2026-08-02T01:20,COMPLETA,1686.2913,1501.75,59.0,108.0,522.0,4,0.3541666666666667,4,0,0,138,770,1212.236231884058,4.5
20262,1.0,153,2026-08-02T01:30,COMPLETA,2150.2168,1277.1799999999998,8.0,173.0,739.8,6,0.36607142857142855,5,0,3,139,776,1207.238129496403,4.5
20262,1.0,154,2026-08-02T01:40,COMPLETA,1160.6678,797.4333333333334,8.0,62.0,343.8,3,0.32142857142857145,3,0,1,139,776,1207.238129496403,4.5
20262,1.0,155,2026-08-02T01:50,COMPLETA,1372.5279,209.95,8.0,150.0,475.8,4,0.2875,4,0,1,142,793,1206.592957746479,4.5
20262,1.0,156,2026-08-02T02:00,COMPLETA,1396.1566,355.475,8.0,181.0,534.9,4,0.2625,4,0,2,143,803,1212.4559440559442,4.5
20262,1.0,157,2026-08-02T02:10,COMPLETA,1386.6985,637.1666666666666,8.0,126.0,423.0,3,0.30357142857142855,3,0,1,143,803,1212.4559440559442,4.5
20262,1.0,158,2026-08-02T02:20,COMPLETA,1141.0104,486.75,8.0,66.0,219.0,2,0.1875,2,0,1,143,803,1212.4559440559442,4.5
20262,1.0,159,2026-08-02T02:30,COMPLETA,1768.7308,1346.4666666666667,965.5,68.0,289.2,3,0.3392857142857143,3,0,3,143,803,1212.4559440559442,4.5
20262,1.0,160,2026-08-02T02:40,SIN_DEMANDA,0,,,,,,,0,0,0,143,803,1212.4559440559442,4.5
20262,1.0,161,2026-08-02T02:50,COMPLETA,1281.2999,1332.75,607.0,95.0,262.5,2,0.16666666666666666,2,0,1,144,812,1218.0812500000002,4.5
20262,1.0,162,2026-08-02T03:00,COMPLETA,644.2378,607.0,607.0,48.0,132.0,1,0.16666666666666666,1,0,1,146,829,1228.2616438356165,4.5
20262,1.0,163,2026-08-02T03:10,SIN_DEMANDA,0,,,,,,,0,0,0,148,845,1227.554054054054,4.5
20262,1.0,164,2026-08-02T03:20,COMPLETA,641.1484,1004.0,1004.0,12.0,78.0,1,0.041666666666666664,1,0,1,148,845,1227.554054054054,4.5
20262,1.0,165,2026-08-02T03:30,COMPLETA,1060.1647,1084.5,129.5,110.0,285.0,2,0.20833333333333334,2,0,2,148,845,1227.554054054054,4.5
20262,1.0,166,2026-08-02T03:40,SIN_DEMANDA,0,,,,,,,0,0,0,150,853,1225.9186666666667,4.5
20262,1.0,167,2026-08-02T03:50,SIN_DEMANDA,0,,,,,,,0,0,0,150,853,1225.9186666666667,4.5
20262,1.0,168,2026-08-02T04:00,COMPLETA,1549.8377,1160.425,608.5,202.0,733.2,6,0.2604166666666667,4,0,4,153,876,1214.7307189542482,4.5
20262,1.0,169,2026-08-02T04:10,COMPLETA,1484.2162,1063.8,592.8,162.0,548.7,4,0.140625,4,0,4,153,876,1214.7307189542482,4.5
20262,1.0,170,2026-08-02T04:20,COMPLETA,1052.5507,617.5,617.5,54.0,141.0,1,0.3333333333333333,1,0,1,153,876,1214.7307189542482,4.5
20262,1.0,171,2026-08-02T04:30,COMPLETA,616.0109,2027.8,2027.8,56.0,194.4,1,0.5,1,0,1,156,894,1205.8705128205127,4.5
20262,1.0,172,2026-08-02T04:40,COMPLETA,1008.5919,378.0,378.0,56.0,144.0,1,0.4166666666666667,1,0,1,157,898,1211.3012738853502,4.5
20262,1.0,173,2026-08-02T04:50,SIN_DEMANDA,0,,,,,,,0,0,0,158,902,1207.476582278481,4.5
20262,1.0,174,2026-08-02T05:00,COMPLETA,1068.7224,968.5,968.5,53.0,139.5,1,0.3333333333333333,1,0,1,158,902,1207.476582278481,4.5
20262,1.0,175,2026-08-02T05:10,SIN_DEMANDA,0,,,,,,,0,0,0,158,902,1207.476582278481,4.5
20262,1.0,176,2026-08-02T05:20,COMPLETA,1116.1151,1006.5,1006.5,6.0,69.0,1,0.3333333333333333,1,0,1,159,909,1200.696855345912,4.5
20262,1.0,177,2026-08-02T05:30,COMPLETA,617.5817,888.5,888.5,46.0,189.0,1,0.125,1,0,0,162,926,1209.8950617283951,4.5
20262,1.0,178,2026-08-02T05:40,COMPLETA,1118.3697,480.75,73.0,70.0,386.0,2,0.10416666666666667,2,0,0,164,937,1204.9628048780487,4.5
20262,1.0,179,2026-08-02T05:50,COMPLETA,1346.0711,874.125,73.0,169.0,774.5,4,0.16666666666666666,4,0,0,164,937,1204.9628048780487,4.5
20262,1.0,180,2026-08-02T06:00,COMPLETA,1214.5727,874.125,73.0,169.0,774.5,4,0.16666666666666666,4,0,0,165,941,1210.0933333333332,4.5
20262,1.0,181,2026-08-02T06:10,COMPLETA,1266.431,765.7,73.0,255.0,1145.5,6,0.18055555555555555,5,0,0,167,951,1202.8485029940118,4.5
20262,1.0,182,2026-08-02T06:20,COMPLETA,1218.9619,765.7,73.0,255.0,1145.5,6,0.18055555555555555,5,0,0,167,951,1202.8485029940118,4.5
20262,1.0,183,2026-08-02T06:30,COMPLETA,1213.0162,765.7,73.0,255.0,1145.5,6,0.18055555555555555,5,0,0,169,969,1196.805917159763,4.5
20262,1.0,184,2026-08-02T06:40,COMPLETA,1633.4619,924.7142857142857,73.0,357.0,1679.1,9,0.2,7,0,0,170,973,1201.6941176470586,4.5
20262,1.0,185,2026-08-02T06:50,COMPLETA,1786.2556,928.15,73.0,339.0,1666.5,9,0.22,8,0,0,171,981,1200.3304093567249,4.5
20262,1.0,186,2026-08-02T07:00,COMPLETA,2417.3597,1049.822222222222,73.0,522.0,2416.1,12,0.23214285714285715,9,0,12,171,981,1200.3304093567249,4.5
20262,1.0,187,2026-08-02T07:10,COMPLETA,911.9756,1911.5,1911.5,59.0,251.5,1,0.20833333333333334,1,0,1,171,981,1200.3304093567249,4.5
20262,1.0,188,2026-08-02T07:20,COMPLETA,1039.752,1311.2,590.4,136.0,686.4,3,0.375,2,0,3,171,981,1200.3304093567249,4.5
20262,1.0,189,2026-08-02T07:30,COMPLETA,878.4522,628.0,628.0,20.0,340.0,2,1.0,1,0,2,171,981,1200.3304093567249,4.5
20262,1.0,190,2026-08-02T07:40,COMPLETA,912.1255,2046.5,2046.5,61.0,211.5,1,0.4166666666666667,1,0,1,171,981,1200.3304093567249,4.5
20262,1.0,191,2026-08-02T07:50,COMPLETA,963.8611,505.8,27.6,182.0,802.4,3,0.375,2,0,3,171,981,1200.3304093567249,4.5
20262,1.0,192,2026-08-02T08:00,SIN_DEMANDA,0,,,,,,,0,0,0,171,981,1200.3304093567249,4.5
20262,1.0,193,2026-08-02T08:10,COMPLETA,898.1572,605.2,605.2,34.0,201.6,1,1.0,1,0,1,171,981,1200.3304093567249,4.5
20262,1.0,194,2026-08-02T08:20,COMPLETA,1056.7766,1171.3,391.6,88.0,531.6,3,0.375,2,0,2,173,988,1190.4682080924854,4.5
20262,1.0,195,2026-08-02T08:30,COMPLETA,938.4852,1951.0,1951.0,44.0,186.0,1,0.375,1,0,0,173,988,1190.4682080924854,4.5
20262,1.0,196,2026-08-02T08:40,COMPLETA,1604.3656,1736.975,938.0,273.0,1480.7,7,0.16071428571428573,4,0,3,175,995,1193.322857142857,4.5
20262,1.0,197,2026-08-02T08:50,COMPLETA,1299.4993,1961.3333333333333,1930.0,201.0,781.5,4,0.125,3,0,0,176,1002,1189.6278409090908,4.5
20262,1.0,198,2026-08-02T09:00,COMPLETA,1822.0028,1966.125,1930.0,273.0,1009.5,5,0.175,4,0,0,181,1041,1189.6845303867403,4.5
20262,1.0,199,2026-08-02T09:10,COMPLETA,1827.4126,1959.8,1930.0,437.0,1500.3,7,0.15789473684210525,5,0,1,181,1041,1189.6845303867403,4.5
20262,1.0,200,2026-08-02T09:20,COMPLETA,2243.6755,1959.8,1930.0,304.0,936.0,5,0.16666666666666666,5,0,0,182,1044,1194.3126373626374,4.5
20262,1.0,201,2026-08-02T09:30,COMPLETA,2544.7695,1959.8,1930.0,304.0,936.0,5,0.16666666666666666,5,0,1,184,1054,1189.8875,4.5
20262,1.0,202,2026-08-02T09:40,COMPLETA,2866.0745,1969.6,1930.0,288.0,852.0,5,0.2,5,0,0,185,1064,1194.5178378378378,4.5
20262,1.0,203,2026-08-02T09:50,COMPLETA,3743.3178,1724.357142857143,356.0,549.0,1935.9,9,0.23026315789473684,7,0,0,187,1071,1195.0042780748663,4.5
20262,1.0,204,2026-08-02T10:00,COMPLETA,4001.9407,1725.857142857143,356.0,420.0,1325.4,7,0.25735294117647056,7,0,4,187,1071,1195.0042780748663,4.5
20262,1.0,205,2026-08-02T10:10,COMPLETA,1773.1033,1947.5749999999998,1878.2,264.0,791.4,4,0.1875,4,0,1,188,1079,1191.8670212765958,4.5
20262,1.0,206,2026-08-02T10:20,COMPLETA,1870.1501,1452.8333333333333,290.8,319.0,1102.5,6,0.23958333333333334,6,0,1,188,1079,1191.8670212765958,4.5
20262,1.0,207,2026-08-02T10:30,COMPLETA,1933.9537,1502.45,290.8,303.0,1013.4000000000001,6,0.2875,6,0,1,188,1079,1191.8670212765958,4.5
20262,1.0,208,2026-08-02T10:40,COMPLETA,1821.5188,1285.5333333333333,290.8,341.0,1113.3,6,0.3375,6,0,1,188,1079,1191.8670212765958,4.5
20262,1.0,209,2026-08-02T10:50,COMPLETA,1731.6319,1143.8,253.5,271.0,778.5,5,0.2840909090909091,5,0,1,188,1079,1191.8670212765958,4.5
20262,1.0,210,2026-08-02T11:00,COMPLETA,2043.8532,973.4,130.0,254.0,829.2,6,0.375,6,0,1,189,1086,1190.5238095238096,4.5
20262,1.0,211,2026-08-02T11:10,COMPLETA,2480.306,1369.142857142857,124.8,388.0,1325.4,9,0.3014705882352941,7,0,5,190,1091,1194.3184210526315,4.5
20262,1.0,212,2026-08-02T11:20,COMPLETA,1713.2784,1392.96,85.2,199.0,681.3,5,0.3522727272727273,5,0,3,191,1096,1188.2099476439791,4.5
20262,1.0,213,2026-08-02T11:30,COMPLETA,1495.226,1307.3333333333333,928.0,64.0,312.0,3,0.25,3,0,1,191,1096,1188.2099476439791,4.5
20262,1.0,214,2026-08-02T11:40,COMPLETA,1851.0645,1129.75,608.0,164.0,636.0,5,0.3409090909090909,4,0,2,191,1096,1188.2099476439791,4.5
20262,1.0,215,2026-08-02T11:50,COMPLETA,2052.4403,958.1,348.5,206.0,1019.0,6,0.3269230769230769,5,0,2,193,1106,1189.6715025906735,4.5
20262,1.0,216,2026-08-02T12:00,COMPLETA,2048.0407,887.86,287.8,149.0,561.3,5,0.3076923076923077,5,0,2,195,1113,1189.3389743589744,4.5
20262,1.0,217,2026-08-02T12:10,COMPLETA,1513.1508,1073.8333333333333,288.5,54.0,261.0,2,0.3958333333333333,3,0,0,196,1115,1193.2836734693878,4.5
20262,1.0,218,2026-08-02T12:20,COMPLETA,1515.4979,1080.6333333333334,348.5,78.0,378.6,4,0.296875,3,0,1,197,1119,1197.1543147208122,4.5
20262,1.0,219,2026-08-02T12:30,COMPLETA,1417.6553,1446.7,916.0,24.0,166.8,2,0.34375,2,0,1,198,1120,1195.9439393939394,4.5
20262,1.0,220,2026-08-02T12:40,COMPLETA,1246.0946,1162.2,347.0,68.0,232.8,2,0.1875,2,0,0,198,1120,1195.9439393939394,4.5
20262,1.0,221,2026-08-02T12:50,COMPLETA,1734.2332,980.4333333333334,114.5,219.0,858.9,6,0.2604166666666667,6,0,3,198,1120,1195.9439393939394,4.5
20262,1.0,222,2026-08-02T13:00,COMPLETA,2324.0223,1421.0142857142857,236.0,294.0,1477.2,9,0.2903225806451613,7,0,4,202,1145,1202.0158415841584,4.5
20262,1.0,223,2026-08-02T13:10,COMPLETA,1820.5056,1601.1799999999998,236.0,247.0,1152.3,6,0.171875,5,0,0,204,1155,1209.370588235294,4.5
20262,1.0,224,2026-08-02T13:20,COMPLETA,2188.6836,1491.9285714285713,236.0,312.0,1483.0,9,0.2375,7,0,2,205,1158,1208.1785365853657,4.5
20262,1.0,225,2026-08-02T13:30,COMPLETA,3054.0206,1253.5222222222224,236.0,374.0,1669.2,10,0.265625,9,0,3,207,1172,1200.847342995169,4.5
20262,1.0,226,2026-08-02T13:40,COMPLETA,2391.7451,1218.5444444444445,73.5,386.0,1832.4,10,0.22916666666666666,9,0,1,208,1181,1199.6605769230769,4.5
20262,1.0,227,2026-08-02T13:50,COMPLETA,2860.2167,1185.6666666666667,73.5,348.0,1647.0,9,0.24,9,0,0,212,1209,1187.11179245283,4.5
20262,1.0,228,2026-08-02T14:00,COMPLETA,3402.5083,1268.75,73.5,378.0,1812.0,10,0.22321428571428573,10,0,0,214,1226,1186.6878504672895,4.5
20262,1.0,229,2026-08-02T14:10,COMPLETA,6011.7166,1091.4923076923076,73.5,501.0,2603.1,14,0.234375,13,0,0,215,1228,1190.3655813953487,4.5
20262,1.0,230,2026-08-02T14:20,COMPLETA,10561.4463,1155.357142857143,73.5,558.0,2791.8,15,0.23214285714285715,14,0,0,216,1230,1187.7833333333333,4.5
20262,1.0,231,2026-08-02T14:30,COMPLETA,10675.5151,1155.357142857143,73.5,558.0,2791.8,15,0.23214285714285715,14,0,0,217,1239,1186.8350230414746,4.5
20262,1.0,232,2026-08-02T14:40,COMPLETA,10478.3247,1155.357142857143,73.5,558.0,2791.8,15,0.23214285714285715,14,0,0,218,1244,1185.856880733945,4.5
20262,1.0,233,2026-08-02T14:50,COMPLETA,16237.3128,1214.7933333333333,73.5,580.0,2961.0,16,0.22916666666666666,15,0,0,220,1260,1185.005909090909,4.5
20262,1.0,234,2026-08-02T15:00,COMPLETA,30028.1891,1196.4888888888886,73.5,755.0,3796.2,19,0.28205128205128205,18,0,15,224,1288,1175.189732142857,4.5
20262,1.0,235,2026-08-02T15:10,COMPLETA,2658.8608,1144.4714285714285,225.0,456.0,2550.0,11,0.37037037037037035,7,0,8,224,1288,1175.189732142857,4.5
20262,1.0,236,2026-08-02T15:20,COMPLETA,1316.1954,1051.8999999999999,291.5,106.0,580.2,3,0.275,3,0,2,224,1288,1175.189732142857,4.5
20262,1.0,237,2026-08-02T15:30,COMPLETA,564.8654,291.5,291.5,38.0,177.0,1,0.16666666666666666,1,0,0,224,1288,1175.189732142857,4.5
20262,1.0,238,2026-08-02T15:40,COMPLETA,1144.8794,296.35,291.5,118.0,489.0,2,0.25,2,0,2,224,1288,1175.189732142857,4.5
20262,1.0,239,2026-08-02T15:50,SIN_DEMANDA,0,,,,,,,0,0,0,224,1288,1175.189732142857,4.5
20262,1.0,240,2026-08-02T16:00,SIN_DEMANDA,0,,,,,,,0,0,0,224,1288,1175.189732142857,4.5
20262,1.0,241,2026-08-02T16:10,COMPLETA,997.1877,2071.0,2071.0,20.0,168.0,1,0.625,1,0,1,225,1289,1179.212,4.5
20262,1.0,242,2026-08-02T16:20,SIN_DEMANDA,0,,,,,,,0,0,0,226,1297,1175.4853982300885,4.5
20262,1.0,243,2026-08-02T16:30,COMPLETA,1203.0507,1975.25,1963.5,109.0,403.5,2,0.20833333333333334,2,0,0,231,1319,1170.1389610389613,4.5
20262,1.0,244,2026-08-02T16:40,COMPLETA,1232.9991,1975.25,1963.5,109.0,403.5,2,0.20833333333333334,2,0,0,231,1319,1170.1389610389613,4.5
20262,1.0,245,2026-08-02T16:50,COMPLETA,1455.9685,1628.5,935.0,148.0,582.0,3,0.18055555555555555,3,0,0,237,1362,1177.691561181435,4.5
20262,1.0,246,2026-08-02T17:00,COMPLETA,1433.9507,1628.5,935.0,148.0,582.0,3,0.18055555555555555,3,0,0,240,1375,1183.276666666667,4.5
20262,1.0,247,2026-08-02T17:10,COMPLETA,1831.2656,1403.8200000000002,98.6,240.0,1107.6,6,0.25,5,0,3,241,1377,1186.5634854771788,4.5
20262,1.0,248,2026-08-02T17:20,COMPLETA,1596.5423,1628.5,935.0,148.0,522.0,3,0.18055555555555555,3,0,1,243,1386,1181.6547325102883,4.5
20262,1.0,249,2026-08-02T17:30,COMPLETA,1285.6382,1975.25,1963.5,109.0,283.5,2,0.20833333333333334,2,0,0,243,1386,1181.6547325102883,4.5
20262,1.0,250,2026-08-02T17:40,COMPLETA,1455.4911,1512.3333333333333,586.5,154.0,411.0,3,0.20833333333333334,3,0,1,245,1401,1181.7620408163268,4.5
20262,1.0,251,2026-08-02T17:50,COMPLETA,1087.6618,1275.0,586.5,106.0,279.0,2,0.14583333333333334,2,0,2,245,1401,1181.7620408163268,4.5
20262,1.0,252,2026-08-02T18:00,COMPLETA,616.8059,633.5,633.5,30.0,105.0,1,0.041666666666666664,1,0,1,245,1401,1181.7620408163268,4.5
20262,1.0,253,2026-08-02T18:10,COMPLETA,698.6684,617.0,617.0,32.0,108.0,1,0.16666666666666666,1,0,0,245,1401,1181.7620408163268,4.5
20262,1.0,254,2026-08-02T18:20,COMPLETA,664.0352,617.0,617.0,32.0,108.0,1,0.16666666666666666,1,0,1,245,1401,1181.7620408163268,4.5
20262,1.0,255,2026-08-02T18:30,SIN_DEMANDA,0,,,,,,,0,0,0,245,1401,1181.7620408163268,4.5
20262,1.0,256,2026-08-02T18:40,SIN_DEMANDA,0,,,,,,,0,0,0,247,1410,1181.3040485829963,4.5
20262,1.0,257,2026-08-02T18:50,COMPLETA,1452.9331,943.1666666666666,129.5,192.0,528.0,4,0.2604166666666667,3,0,4,247,1410,1181.3040485829963,4.5
20262,1.0,258,2026-08-02T19:00,SIN_DEMANDA,0,,,,,,,0,0,0,247,1410,1181.3040485829963,4.5
20262,1.0,259,2026-08-02T19:10,COMPLETA,1070.4511,390.6,390.6,44.0,225.6,2,0.5625,1,0,2,249,1418,1183.7433734939764,4.5
20262,1.0,260,2026-08-02T19:20,COMPLETA,1082.3068,1094.6,150.2,81.0,263.1,2,0.3125,2,0,2,249,1418,1183.7433734939764,4.5
20262,1.0,261,2026-08-02T19:30,SIN_DEMANDA,0,,,,,,,0,0,0,252,1431,1180.44126984127,4.5
20262,1.0,262,2026-08-02T19:40,COMPLETA,897.4873,2087.8,2087.8,12.0,148.8,2,0.5,1,0,2,252,1431,1180.44126984127,4.5
20262,1.0,263,2026-08-02T19:50,COMPLETA,935.5964,1096.85,133.2,74.0,259.8,2,0.125,2,0,2,254,1438,1181.1858267716539,4.5
20262,1.0,264,2026-08-02T20:00,COMPLETA,980.1751,1353.2,633.4,46.0,205.2,2,0.15625,2,0,2,255,1442,1178.9733333333336,4.5
20262,1.0,265,2026-08-02T20:10,SIN_DEMANDA,0,,,,,,,0,0,0,255,1442,1178.9733333333336,4.5
20262,1.0,266,2026-08-02T20:20,COMPLETA,1007.4986,1590.9666666666665,635.5,72.0,304.2,3,0.25,3,0,3,257,1459,1180.3042801556423,4.5
20262,1.0,267,2026-08-02T20:30,SIN_DEMANDA,0,,,,,,,0,0,0,257,1459,1180.3042801556423,4.5
20262,1.0,268,2026-08-02T20:40,SIN_DEMANDA,0,,,,,,,0,0,0,259,1476,1173.1980694980696,4.5
20262,1.0,269,2026-08-02T20:50,SIN_DEMANDA,0,,,,,,,0,0,0,261,1485,1172.78275862069,4.5
20262,1.0,270,2026-08-02T21:00,COMPLETA,962.3517,789.75,604.5,109.0,283.5,2,0.2916666666666667,2,0,2,261,1485,1172.78275862069,4.5
20262,1.0,271,2026-08-02T21:10,COMPLETA,962.3901,1460.55,863.5,114.0,465.0,3,0.425,2,0,2,261,1485,1172.78275862069,4.5
20262,1.0,272,2026-08-02T21:20,COMPLETA,1216.2348,1678.0,863.5,209.0,793.5,4,0.3020833333333333,4,0,0,262,1494,1176.0889312977101,4.5
20262,1.0,273,2026-08-02T21:30,COMPLETA,1369.149,1515.54,839.2,256.0,1032.6,5,0.33653846153846156,5,0,0,265,1501,1180.7630188679248,4.5
20262,1.0,274,2026-08-02T21:40,COMPLETA,1436.9298,1515.54,839.2,256.0,1032.6,5,0.33653846153846156,5,0,0,267,1512,1174.797378277154,4.5
20262,1.0,275,2026-08-02T21:50,COMPLETA,1629.1264,1596.2833333333335,863.5,298.0,1206.6,6,0.3046875,6,0,0,269,1517,1181.4434944237921,4.5
20262,1.0,276,2026-08-02T22:00,COMPLETA,1620.97,1375.314285714286,88.5,452.0,1945.2,9,0.29605263157894735,7,0,0,269,1517,1181.4434944237921,4.5
20262,1.0,277,2026-08-02T22:10,COMPLETA,1543.2537,1329.3333333333333,88.5,510.0,2286.6,11,0.2826086956521739,9,0,0,269,1517,1181.4434944237921,4.5
20262,1.0,278,2026-08-02T22:20,COMPLETA,1908.0307,1398.12,88.5,565.0,2480.1,12,0.2932692307692308,10,0,0,269,1517,1181.4434944237921,4.5
20262,1.0,279,2026-08-02T22:30,COMPLETA,2841.0654,1380.0249999999999,88.5,598.0,2642.4,13,0.2701612903225806,12,0,0,269,1517,1181.4434944237921,4.5
20262,1.0,280,2026-08-02T22:40,COMPLETA,3577.8799,1283.9538461538464,88.5,684.0,3043.8,15,0.2571428571428571,13,0,0,270,1525,1180.6788888888893,4.5
20262,1.0,281,2026-08-02T22:50,COMPLETA,4526.0035,1335.7857142857142,88.5,770.0,3508.2,17,0.2533783783783784,14,0,0,271,1534,1183.9147601476018,4.5
20262,1.0,282,2026-08-02T23:00,COMPLETA,6525.3852,1286.8866666666668,88.5,764.0,3474.0,17,0.28378378378378377,15,0,13,272,1540,1181.7845588235298,4.5
20262,1.0,283,2026-08-02T23:10,COMPLETA,1560.5673,1366.0333333333335,494.6,421.0,1809.6000000000001,7,0.5681818181818182,6,0,4,272,1540,1181.7845588235298,4.5
20262,1.0,284,2026-08-02T23:20,COMPLETA,1078.9749,1937.8999999999999,1802.0,184.0,780.6,3,0.625,3,0,2,272,1540,1181.7845588235298,4.5
20262,1.0,285,2026-08-02T23:30,COMPLETA,900.5737,1325.6666666666667,78.0,197.0,1105.4,4,0.375,3,0,4,272,1540,1181.7845588235298,4.5
20262,1.0,286,2026-08-02T23:40,SIN_DEMANDA,0,,,,,,,0,0,0,272,1540,1181.7845588235298,4.5
20262,1.0,287,2026-08-02T23:50,COMPLETA,850.848,1038.15,26.5,98.0,571.8,3,0.25,2,0,2,272,1540,1181.7845588235298,4.5
20262,1.0,288,2026-08-03T00:00,COMPLETA,144.8459,26.5,26.5,26.0,159.0,1,0.16666666666666666,1,0,0,272,1540,1181.7845588235298,4.5
20262,1.0,289,2026-08-03T00:10,COMPLETA,153.7434,26.5,26.5,26.0,159.0,1,0.16666666666666666,1,0,0,272,1540,1181.7845588235298,4.5
20262,1.0,290,2026-08-03T00:20,COMPLETA,866.5954,469.15,26.5,138.0,667.8,3,0.325,2,0,2,273,1546,1184.8908424908427,4.5
20262,1.0,291,2026-08-03T00:30,COMPLETA,863.7572,72.66666666666667,26.5,76.0,572.0,3,0.19230769230769232,3,0,1,274,1550,1182.7708029197083,4.5
20262,1.0,292,2026-08-03T00:40,COMPLETA,832.2157,56.5,26.5,48.0,312.0,2,0.1875,2,0,0,278,1570,1180.7381294964032,4.5
20262,1.0,293,2026-08-03T00:50,COMPLETA,837.2587,56.5,26.5,48.0,312.0,2,0.1875,2,0,0,281,1585,1185.4544483985767,4.5
20262,1.0,294,2026-08-03T01:00,COMPLETA,885.3504,56.5,26.5,48.0,312.0,2,0.1875,2,0,0,282,1587,1182.3840425531916,4.5
20262,1.0,295,2026-08-03T01:10,COMPLETA,893.5522,151.33333333333334,26.5,76.0,474.0,3,0.2361111111111111,3,0,0,283,1599,1181.171378091873,4.5
20262,1.0,296,2026-08-03T01:20,COMPLETA,928.5139,199.875,26.5,102.0,633.0,4,0.25,4,0,0,285,1609,1186.8059649122808,4.5
20262,1.0,297,2026-08-03T01:30,COMPLETA,1047.8223,352.23333333333335,26.5,176.0,896.4,6,0.2578125,6,0,1,286,1615,1189.3311188811192,4.5
20262,1.0,298,2026-08-03T01:40,COMPLETA,1054.9857,531.0833333333334,26.5,158.0,657.0,6,0.2361111111111111,6,0,1,287,1621,1192.329268292683,4.5
20262,1.0,299,2026-08-03T01:50,COMPLETA,1041.9548,576.0833333333334,26.5,175.0,682.5,6,0.22916666666666666,6,0,0,287,1621,1192.329268292683,4.5
20262,1.0,300,2026-08-03T02:00,COMPLETA,1210.9086,624.1428571428571,2.5,233.0,769.5,7,0.25595238095238093,7,0,4,288,1631,1191.3368055555557,4.5
20262,1.0,301,2026-08-03T02:10,COMPLETA,1047.5562,475.5,2.5,106.0,399.0,4,0.28125,4,0,0,290,1642,1190.2068965517244,4.5
20262,1.0,302,2026-08-03T02:20,COMPLETA,1148.8868,783.4,2.5,134.0,501.0,5,0.30833333333333335,5,0,3,290,1642,1190.2068965517244,4.5
20262,1.0,303,2026-08-03T02:30,COMPLETA,957.2659,1487.0,959.0,42.0,183.0,2,0.4166666666666667,2,0,0,290,1642,1190.2068965517244,4.5
20262,1.0,304,2026-08-03T02:40,COMPLETA,973.066,1030.8666666666666,118.6,85.0,346.2,3,0.39285714285714285,3,0,2,292,1652,1184.1082191780822,4.5
20262,1.0,305,2026-08-03T02:50,COMPLETA,812.0703,2015.0,2015.0,28.0,102.0,1,0.4166666666666667,1,0,0,292,1652,1184.1082191780822,4.5
20262,1.0,306,2026-08-03T03:00,COMPLETA,1053.8674,990.4,355.0,180.0,670.8,5,0.4027777777777778,3,0,3,293,1657,1180.3621160409557,4.5
20262,1.0,307,2026-08-03T03:10,COMPLETA,1096.545,1472.1666666666667,345.0,98.0,363.0,3,0.3392857142857143,3,0,1,294,1666,1179.4486394557823,4.5
20262,1.0,308,2026-08-03T03:20,COMPLETA,935.9127,1203.0,355.0,70.0,252.0,2,0.28125,2,0,1,295,1670,1182.4318644067798,4.5
20262,1.0,309,2026-08-03T03:30,COMPLETA,988.0554,497.35999999999996,148.0,149.0,585.6,5,0.25,5,0,4,296,1673,1181.6986486486487,4.5
20262,1.0,310,2026-08-03T03:40,COMPLETA,529.8836,340.0,340.0,40.0,120.0,1,0.16666666666666666,1,0,1,297,1677,1178.9808080808082,4.5
20262,1.0,311,2026-08-03T03:50,SIN_DEMANDA,0,,,,,,,0,0,0,300,1695,1169.4126666666668,2.5
20262,1.0,312,2026-08-03T04:00,COMPLETA,561.6236,411.0,411.0,10.0,75.0,1,0.16666666666666666,1,0,1,302,1710,1166.8884105960267,2.5
20262,1.0,313,2026-08-03T04:10,COMPLETA,856.4913,373.5,373.5,50.0,135.0,1,0.3333333333333333,1,0,1,302,1710,1166.8884105960267,2.5
20262,1.0,314,2026-08-03T04:20,COMPLETA,828.3887,2063.5,2063.5,38.0,117.0,1,0.2916666666666667,1,0,1,302,1710,1166.8884105960267,2.5
20262,1.0,315,2026-08-03T04:30,COMPLETA,809.3334,390.6,390.6,44.0,225.6,2,0.4375,1,0,2,303,1717,1163.984488448845,2.5
20262,1.0,316,2026-08-03T04:40,SIN_DEMANDA,0,,,,,,,0,0,0,305,1729,1163.3472131147541,2.5
20262,1.0,317,2026-08-03T04:50,SIN_DEMANDA,0,,,,,,,0,0,0,307,1734,1159.1429967426711,2.5
20262,1.0,318,2026-08-03T05:00,COMPLETA,817.2177,2054.5,2054.5,100.0,270.0,2,0.125,1,0,2,310,1755,1156.9583870967742,2.5
20262,1.0,319,2026-08-03T05:10,SIN_DEMANDA,0,,,,,,,0,0,0,311,1759,1154.5598070739552,2.5
20262,1.0,320,2026-08-03T05:20,COMPLETA,500.5288,2072.5,2072.5,34.0,111.0,1,0.08333333333333333,1,0,1,312,1763,1151.9490384615385,2.5
20262,1.0,321,2026-08-03T05:30,COMPLETA,899.6699,1535.25,993.0,98.0,327.0,3,0.18055555555555555,2,0,3,313,1771,1151.3447284345048,2.5
20262,1.0,322,2026-08-03T05:40,SIN_DEMANDA,0,,,,,,,0,0,0,313,1771,1151.3447284345048,2.5
20262,1.0,323,2026-08-03T05:50,SIN_DEMANDA,0,,,,,,,0,0,0,315,1786,1151.7711111111112,2.5
20262,1.0,324,2026-08-03T06:00,SIN_DEMANDA,0,,,,,,,0,0,0,316,1793,1149.362341772152,2.5
20262,1.0,325,2026-08-03T06:10,SIN_DEMANDA,0,,,,,,,0,0,0,316,1793,1149.362341772152,2.5
20262,1.0,326,2026-08-03T06:20,SIN_DEMANDA,0,,,,,,,0,0,0,316,1793,1149.362341772152,2.5
20262,1.0,327,2026-08-03T06:30,SIN_DEMANDA,0,,,,,,,0,0,0,316,1793,1149.362341772152,2.5
20262,1.0,328,2026-08-03T06:40,SIN_DEMANDA,0,,,,,,,0,0,0,317,1799,1152.2176656151419,2.5
20262,1.0,329,2026-08-03T06:50,SIN_DEMANDA,0,,,,,,,0,0,0,319,1809,1158.0031347962383,2.5
20262,1.0,330,2026-08-03T07:00,SIN_DEMANDA,0,,,,,,,0,0,0,320,1814,1157.4875,2.5
20262,1.0,331,2026-08-03T07:10,COMPLETA,936.1184,1055.1666666666667,144.0,180.0,750.0,4,0.21875,3,0,4,320,1814,1157.4875,2.5
20262,1.0,332,2026-08-03T07:20,COMPLETA,1001.9854,2079.8333333333335,2073.5,76.0,594.0,4,0.16666666666666666,3,0,4,320,1814,1157.4875,2.5
20262,1.0,333,2026-08-03T07:30,SIN_DEMANDA,0,,,,,,,0,0,0,320,1814,1157.4875,2.5
20262,1.0,334,2026-08-03T07:40,SIN_DEMANDA,0,,,,,,,0,0,0,320,1814,1157.4875,2.5
20262,1.0,335,2026-08-03T07:50,COMPLETA,815.9259,2066.2,2066.2,24.0,177.6,1,1.0,1,0,1,320,1814,1157.4875,2.5
20262,1.0,336,2026-08-03T08:00,COMPLETA,521.982,2045.0,2045.0,68.0,222.0,1,0.16666666666666666,1,0,1,320,1814,1157.4875,2.5
20262,1.0,337,2026-08-03T08:10,SIN_DEMANDA,0,,,,,,,0,0,0,320,1814,1157.4875,2.5
20262,1.0,338,2026-08-03T08:20,COMPLETA,1011.4088,2026.85,2015.2,251.0,1029.3000000000002,4,0.22916666666666666,2,0,4,320,1814,1157.4875,2.5
20262,1.0,339,2026-08-03T08:30,COMPLETA,556.6676,594.2,594.2,63.0,271.2,1,0.125,1,0,1,320,1814,1157.4875,2.5
20262,1.0,340,2026-08-03T08:40,COMPLETA,924.9654,2018.8,2013.0,144.0,687.6,3,0.2,2,0,2,324,1834,1162.8996913580247,2.5
20262,1.0,341,2026-08-03T08:50,COMPLETA,519.9868,2013.0,2013.0,20.0,150.0,1,0.125,1,0,0,325,1841,1165.6523076923077,2.5
20262,1.0,342,2026-08-03T09:00,COMPLETA,534.5755,2013.0,2013.0,20.0,150.0,1,0.125,1,0,0,326,1851,1165.0337423312883,2.5
20262,1.0,343,2026-08-03T09:10,COMPLETA,969.5347,2022.8666666666668,2013.0,196.0,752.4,4,0.3333333333333333,3,0,3,326,1851,1165.0337423312883,2.5
20262,1.0,344,2026-08-03T09:20,COMPLETA,1169.2923,1543.0666666666666,596.6,134.0,543.6,3,0.325,3,0,2,327,1859,1167.7896024464833,2.5
20262,1.0,345,2026-08-03T09:30,COMPLETA,947.7939,1683.6666666666667,992.0,68.0,438.0,3,0.26785714285714285,3,0,1,327,1859,1167.7896024464833,2.5
20262,1.0,346,2026-08-03T09:40,COMPLETA,1050.8379,1351.5,358.0,145.0,457.5,4,0.25,4,0,3,327,1859,1167.7896024464833,2.5
20262,1.0,347,2026-08-03T09:50,COMPLETA,881.5732,358.0,358.0,57.0,145.5,1,0.4166666666666667,1,0,1,327,1859,1167.7896024464833,2.5
20262,1.0,348,2026-08-03T10:00,COMPLETA,934.446,1326.0,600.5,104.0,276.0,2,0.20833333333333334,2,0,0,328,1863,1170.464024390244,2.5
20262,1.0,349,2026-08-03T10:10,COMPLETA,1426.0526,1001.72,107.0,248.0,996.6,9,0.29838709677419356,5,0,8,328,1863,1170.464024390244,2.5
20262,1.0,350,2026-08-03T10:20,COMPLETA,919.3422,100.25,93.5,95.0,262.5,2,0.3125,2,0,0,328,1863,1170.464024390244,2.5
20262,1.0,351,2026-08-03T10:30,COMPLETA,865.7533,376.6666666666667,93.5,113.0,409.5,3,0.2361111111111111,3,0,0,329,1864,1173.1024316109422,2.5
20262,1.0,352,2026-08-03T10:40,COMPLETA,883.6578,376.6666666666667,93.5,113.0,409.5,3,0.2361111111111111,3,0,1,331,1875,1173.8975830815712,2.5
20262,1.0,353,2026-08-03T10:50,COMPLETA,965.2255,480.25,75.5,149.0,523.5,4,0.1875,4,0,1,331,1875,1173.8975830815712,2.5
20262,1.0,354,2026-08-03T11:00,COMPLETA,1009.2321,574.0,75.5,111.0,469.5,4,0.19736842105263158,4,0,1,333,1888,1175.906006006006,2.5
20262,1.0,355,2026-08-03T11:10,COMPLETA,995.9467,833.7,75.5,177.0,641.1,5,0.23863636363636365,4,0,1,335,1898,1180.9674626865672,2.5
20262,1.0,356,2026-08-03T11:20,COMPLETA,1131.5545,1314.075,317.0,144.0,493.8,4,0.2625,4,0,0,336,1902,1183.5419642857144,2.5
20262,1.0,357,2026-08-03T11:30,COMPLETA,1262.7551,1462.14,315.0,224.0,805.8,6,0.25,5,0,3,341,1934,1186.4530791788857,2.5
20262,1.0,358,2026-08-03T11:40,COMPLETA,1233.9409,1225.0833333333333,110.5,236.0,714.0,5,0.21666666666666667,6,0,2,343,1950,1186.4667638483963,2.5
20262,1.0,359,2026-08-03T11:50,COMPLETA,1067.9475,901.8799999999999,112.5,196.0,655.2,5,0.18181818181818182,5,0,0,344,1953,1188.9813953488372,2.5
20262,1.0,360,2026-08-03T12:00,COMPLETA,1327.8978,988.6285714285714,112.5,310.0,1517.6,11,0.3017241379310345,7,0,7,345,1960,1187.275652173913,2.5
20262,1.0,361,2026-08-03T12:10,COMPLETA,1269.0687,908.5166666666668,112.5,260.0,766.2,6,0.21875,6,0,2,345,1960,1187.275652173913,2.5
20262,1.0,362,2026-08-03T12:20,COMPLETA,1333.8228,1063.5400000000002,584.6,296.0,972.0,7,0.33653846153846156,5,0,2,346,1968,1184.1534682080924,2.5
20262,1.0,363,2026-08-03T12:30,COMPLETA,1335.3667,1100.7800000000002,118.8,331.0,1126.5,7,0.30833333333333335,5,0,0,346,1968,1184.1534682080924,2.5
20262,1.0,364,2026-08-03T12:40,COMPLETA,1231.449,1100.7800000000002,118.8,331.0,1126.5,7,0.30833333333333335,5,0,3,346,1968,1184.1534682080924,2.5
20262,1.0,365,2026-08-03T12:50,COMPLETA,1036.689,934.5333333333333,387.0,198.0,748.8,5,0.3611111111111111,3,0,4,348,1973,1181.8681034482759,2.5
20262,1.0,366,2026-08-03T13:00,COMPLETA,826.8625,1832.0,1832.0,128.0,432.0,2,0.14583333333333334,1,0,0,349,1978,1179.4787965616044,2.5
20262,1.0,367,2026-08-03T13:10,COMPLETA,853.6238,1832.0,1832.0,128.0,432.0,2,0.14583333333333334,1,0,0,350,1985,1176.3245714285713,2.5
20262,1.0,368,2026-08-03T13:20,COMPLETA,959.8647,987.5,143.0,100.0,330.0,2,0.25,2,0,1,351,1988,1178.8262108262109,2.5
20262,1.0,369,2026-08-03T13:30,COMPLETA,906.3472,1832.0,1832.0,128.0,432.0,2,0.14583333333333334,1,0,0,353,2004,1178.9371104815864,2.5
20262,1.0,370,2026-08-03T13:40,COMPLETA,1065.3509,1068.25,304.5,174.0,621.0,3,0.19444444444444445,2,0,0,354,2010,1177.3257062146893,2.5
20262,1.0,371,2026-08-03T13:50,COMPLETA,1103.8515,1068.25,304.5,174.0,621.0,3,0.19444444444444445,2,0,0,357,2014,1175.8946778711484,2.5
20262,1.0,372,2026-08-03T14:00,COMPLETA,1019.1193,1068.25,304.5,174.0,621.0,3,0.19444444444444445,2,0,0,357,2014,1175.8946778711484,2.5
20262,1.0,373,2026-08-03T14:10,COMPLETA,1243.1884,1028.1666666666667,304.5,230.0,945.0,5,0.19166666666666668,3,0,0,359,2024,1177.6161559888578,2.5
20262,1.0,374,2026-08-03T14:20,COMPLETA,1384.4617,916.625,297.0,252.0,1098.0,6,0.1736111111111111,4,0,0,362,2050,1177.0640883977899,2.5
20262,1.0,375,2026-08-03T14:30,COMPLETA,1322.0168,916.625,297.0,252.0,1098.0,6,0.1736111111111111,4,0,0,363,2054,1174.1487603305784,2.5
20262,1.0,376,2026-08-03T14:40,COMPLETA,1537.5885,1142.7,297.0,281.0,1141.5,6,0.22916666666666666,5,0,0,365,2073,1171.8865753424654,2.5
20262,1.0,377,2026-08-03T14:50,COMPLETA,1983.3383,1400.357142857143,297.0,405.0,1741.5,9,0.27717391304347827,7,0,0,367,2087,1171.3912806539508,2.5
20262,1.0,378,2026-08-03T15:00,COMPLETA,2315.3976,1342.175,297.0,472.0,2134.2,11,0.28,8,0,11,367,2087,1171.3912806539508,2.5
20262,1.0,379,2026-08-03T15:10,SIN_DEMANDA,0,,,,,,,0,0,0,367,2087,1171.3912806539508,2.5
20262,1.0,380,2026-08-03T15:20,COMPLETA,952.5961,374.4,141.8,94.0,404.4,2,0.15625,2,0,2,367,2087,1171.3912806539508,2.5
20262,1.0,381,2026-08-03T15:30,COMPLETA,875.5903,1009.5,1009.5,14.0,211.5,1,0.2916666666666667,1,0,1,367,2087,1171.3912806539508,2.5
20262,1.0,382,2026-08-03T15:40,SIN_DEMANDA,0,,,,,,,0,0,0,367,2087,1171.3912806539508,2.5
20262,1.0,383,2026-08-03T15:50,COMPLETA,965.9628,1011.4333333333334,365.5,127.0,609.9,3,0.2,3,0,3,367,2087,1171.3912806539508,2.5
20262,1.0,384,2026-08-03T16:00,COMPLETA,1028.1102,1996.05,1921.5,128.0,752.1,4,0.1875,2,0,2,367,2087,1171.3912806539508,2.5
20262,1.0,385,2026-08-03T16:10,COMPLETA,908.3898,1434.65,947.8,209.0,918.3,4,0.1875,2,0,2,367,2087,1171.3912806539508,2.5
20262,1.0,386,2026-08-03T16:20,COMPLETA,929.6943,1921.5,1921.5,42.0,187.5,1,0.20833333333333334,1,0,0,367,2087,1171.3912806539508,2.5
20262,1.0,387,2026-08-03T16:30,COMPLETA,857.5484,1921.5,1921.5,42.0,187.5,1,0.20833333333333334,1,0,0,368,2093,1169.8100543478258,2.5
20262,1.0,388,2026-08-03T16:40,COMPLETA,855.3256,1921.5,1921.5,42.0,187.5,1,0.20833333333333334,1,0,0,370,2108,1171.547297297297,2.5
20262,1.0,389,2026-08-03T16:50,COMPLETA,951.8787,1027.05,132.6,106.0,581.1,3,0.35,2,0,2,374,2137,1172.8689839572191,2.5
20262,1.0,390,2026-08-03T17:00,COMPLETA,1207.0651,1969.5,1921.5,84.0,370.5,2,0.2916666666666667,2,0,0,377,2151,1171.8549071618036,2.5
20262,1.0,391,2026-08-03T17:10,COMPLETA,926.8581,1969.5,1921.5,84.0,370.5,2,0.2916666666666667,2,0,0,378,2154,1174.2574074074073,2.5
20262,1.0,392,2026-08-03T17:20,COMPLETA,948.1792,1969.5,1921.5,84.0,370.5,2,0.2916666666666667,2,0,0,379,2158,1172.760686015831,2.5
20262,1.0,393,2026-08-03T17:30,COMPLETA,1096.8255,1425.0,361.5,144.0,460.5,3,0.2638888888888889,3,0,0,380,2165,1175.1234210526313,2.5
20262,1.0,394,2026-08-03T17:40,COMPLETA,1009.7361,1425.0,361.5,144.0,460.5,3,0.2638888888888889,3,0,2,380,2165,1175.1234210526313,2.5
20262,1.0,395,2026-08-03T17:50,COMPLETA,899.9933,1357.5666666666666,112.6,139.0,471.3,3,0.25,3,0,1,381,2166,1172.9984251968501,2.5
20262,1.0,396,2026-08-03T18:00,COMPLETA,964.937,1449.2,387.5,100.0,492.3,4,0.28125,3,0,1,382,2170,1171.4691099476438,2.5
20262,1.0,397,2026-08-03T18:10,COMPLETA,903.3299,1154.5,387.5,64.0,285.9,3,0.26785714285714285,2,0,2,382,2170,1171.4691099476438,2.5
20262,1.0,398,2026-08-03T18:20,COMPLETA,948.6395,997.4399999999999,134.0,132.0,592.2,5,0.14772727272727273,5,0,2,383,2177,1170.8851174934723,2.5
20262,1.0,399,2026-08-03T18:30,COMPLETA,851.2703,845.0,134.0,88.0,317.4,3,0.10714285714285714,3,0,2,384,2186,1168.1812499999996,2.5
20262,1.0,400,2026-08-03T18:40,COMPLETA,578.4873,356.0,356.0,6.0,74.4,1,0.25,1,0,0,384,2186,1168.1812499999996,2.5
20262,1.0,401,2026-08-03T18:50,COMPLETA,500.7926,356.0,356.0,6.0,74.4,1,0.25,1,0,1,384,2186,1168.1812499999996,2.5
20262,1.0,402,2026-08-03T19:00,COMPLETA,835.6191,979.0,979.0,60.0,264.0,2,0.3125,1,0,2,384,2186,1168.1812499999996,2.5
20262,1.0,403,2026-08-03T19:10,SIN_DEMANDA,0,,,,,,,0,0,0,384,2186,1168.1812499999996,2.5
20262,1.0,404,2026-08-03T19:20,COMPLETA,863.653,2058.6,2058.6,32.0,136.8,1,0.875,1,0,1,385,2191,1166.0859740259737,2.5
20262,1.0,405,2026-08-03T19:30,COMPLETA,935.3531,1517.8,970.0,78.0,256.8,2,0.3125,2,0,2,385,2199,1166.0859740259737,2.5
20262,1.0,406,2026-08-03T19:40,SIN_DEMANDA,0,,,,,,,0,0,0,387,2209,1170.5764857881134,2.5
20262,1.0,407,2026-08-03T19:50,COMPLETA,888.8034,1236.0,398.5,56.0,204.0,2,0.0625,2,0,2,387,2209,1170.5764857881134,2.5
20262,1.0,408,2026-08-03T20:00,COMPLETA,831.6941,1114.25,142.5,44.0,186.0,2,0.14583333333333334,2,0,1,392,2224,1167.2852040816322,2.5
20262,1.0,409,2026-08-03T20:10,COMPLETA,853.3532,146.95,142.5,68.0,314.4,3,0.15,2,0,3,394,2231,1167.4999999999995,2.5
20262,1.0,410,2026-08-03T20:20,SIN_DEMANDA,0,,,,,,,0,0,0,394,2231,1167.4999999999995,2.5
20262,1.0,411,2026-08-03T20:30,COMPLETA,851.7758,635.5,635.5,26.0,99.0,1,0.2916666666666667,1,0,1,394,2231,1167.4999999999995,2.5
20262,1.0,412,2026-08-03T20:40,COMPLETA,846.5571,2075.2,2075.2,28.0,187.2,2,0.375,1,0,2,395,2236,1167.022784810126,2.5
20262,1.0,413,2026-08-03T20:50,COMPLETA,977.1084,982.7,963.0,76.0,241.2,2,0.4375,2,0,2,395,2236,1167.022784810126,2.5
20262,1.0,414,2026-08-03T21:00,SIN_DEMANDA,0,,,,,,,0,0,0,397,2251,1171.5319899244328,2.5
20262,1.0,415,2026-08-03T21:10,COMPLETA,894.7305,151.8,151.8,16.0,98.4,1,0.75,1,0,1,399,2258,1171.886466165413,2.5
20262,1.0,416,2026-08-03T21:20,SIN_DEMANDA,0,,,,,,,0,0,0,401,2262,1173.6314214463835,2.5
20262,1.0,417,2026-08-03T21:30,SIN_DEMANDA,0,,,,,,,0,0,0,401,2262,1173.6314214463835,2.5
20262,1.0,418,2026-08-03T21:40,SIN_DEMANDA,0,,,,,,,0,0,0,403,2268,1168.5362282878407,2.5
20262,1.0,419,2026-08-03T21:50,COMPLETA,928.8487,920.0,920.0,80.0,360.0,2,0.125,1,0,0,404,2275,1167.2168316831678,2.5
20262,1.0,420,2026-08-03T22:00,COMPLETA,952.019,1159.0,555.0,240.0,960.0,5,0.13333333333333333,3,0,0,406,2289,1169.0472906403936,2.5
20262,1.0,421,2026-08-03T22:10,COMPLETA,917.2933,1159.0,555.0,240.0,960.0,5,0.13333333333333333,3,0,0,406,2289,1169.0472906403936,2.5
20262,1.0,422,2026-08-03T22:20,COMPLETA,1077.2719,1107.5,555.0,252.0,1098.0,6,0.1736111111111111,4,0,0,406,2289,1169.0472906403936,2.5
20262,1.0,423,2026-08-03T22:30,COMPLETA,1201.4548,1177.9166666666667,555.0,272.0,1248.0,7,0.2261904761904762,6,0,0,407,2295,1166.547911547911,2.5
20262,1.0,424,2026-08-03T22:40,COMPLETA,1246.9472,1026.7857142857142,120.0,286.0,1269.0,7,0.23214285714285715,7,0,0,407,2295,1166.547911547911,2.5
20262,1.0,425,2026-08-03T22:50,COMPLETA,1316.6853,1026.7857142857142,120.0,286.0,1269.0,7,0.23214285714285715,7,0,0,408,2301,1166.0490196078426,2.5
20262,1.0,426,2026-08-03T23:00,COMPLETA,1642.1454,913.8125,120.0,330.0,1491.0,8,0.26704545454545453,8,0,8,408,2301,1166.0490196078426,2.5
20262,1.0,427,2026-08-03T23:10,COMPLETA,924.9438,610.5,610.5,108.0,402.0,2,0.1875,1,0,2,408,2301,1166.0490196078426,2.5
20262,1.0,428,2026-08-03T23:20,COMPLETA,589.0934,117.4,117.4,48.0,235.2,1,0.125,1,0,1,408,2301,1166.0490196078426,2.5
20262,1.0,429,2026-08-03T23:30,COMPLETA,1296.8978,1057.8,156.8,222.0,1372.8,7,0.5,3,0,7,408,2301,1166.0490196078426,2.5
20262,1.0,430,2026-08-03T23:40,SIN_DEMANDA,0,,,,,,,0,0,0,408,2301,1166.0490196078426,2.5
20262,1.0,431,2026-08-03T23:50,SIN_DEMANDA,0,,,,,,,0,0,0,408,2301,1166.0490196078426,2.5
20262,1.0,432,2026-08-04T00:00,COMPLETA,903.0749,2042.4,2042.4,48.0,235.2,1,0.625,1,0,1,408,2301,1166.0490196078426,2.5
20262,1.0,433,2026-08-04T00:10,SIN_DEMANDA,0,,,,,,,0,0,0,408,2301,1166.0490196078426,2.5
20262,1.0,434,2026-08-04T00:20,COMPLETA,1379.2433,1411.075,631.5,211.0,1083.0,5,0.375,4,0,5,408,2301,1166.0490196078426,2.5
20262,1.0,435,2026-08-04T00:30,SIN_DEMANDA,0,,,,,,,0,0,0,412,2327,1168.302184466019,2.5
20262,1.0,436,2026-08-04T00:40,SIN_DEMANDA,0,,,,,,,0,0,0,414,2336,1163.2886473429946,2.5
20262,1.0,437,2026-08-04T00:50,SIN_DEMANDA,0,,,,,,,0,0,0,417,2358,1158.7896882494001,2.5
20262,1.0,438,2026-08-04T01:00,COMPLETA,907.9735,1177.25,325.5,117.0,748.5,4,0.3611111111111111,2,0,3,418,2367,1157.4779904306215,2.5
20262,1.0,439,2026-08-04T01:10,COMPLETA,514.1559,325.5,325.5,39.0,178.5,1,0.125,1,0,0,419,2376,1157.063484486873,2.5
20262,1.0,440,2026-08-04T01:20,COMPLETA,1101.2287,259.0,103.5,134.0,561.0,3,0.2777777777777778,3,0,0,420,2377,1154.5880952380949,2.5
20262,1.0,441,2026-08-04T01:30,COMPLETA,1191.6454,223.25,103.5,178.0,507.0,4,0.3125,4,0,0,420,2377,1154.5880952380949,2.5
20262,1.0,442,2026-08-04T01:40,COMPLETA,1274.0876,370.6,103.5,250.0,735.0,6,0.2777777777777778,5,0,1,422,2396,1155.4296208530802,2.5
20262,1.0,443,2026-08-04T01:50,COMPLETA,1304.2988,374.6666666666667,93.5,227.0,858.5,7,0.3046875,6,0,4,422,2396,1155.4296208530802,2.5
20262,1.0,444,2026-08-04T02:00,COMPLETA,1216.0796,423.48,93.5,208.0,749.4,5,0.44047619047619047,5,0,5,424,2402,1159.658726415094,2.5
20262,1.0,445,2026-08-04T02:10,SIN_DEMANDA,0,,,,,,,0,0,0,424,2402,1159.658726415094,2.5
20262,1.0,446,2026-08-04T02:20,COMPLETA,881.4005,620.0,620.0,28.0,102.0,1,0.3333333333333333,1,0,0,424,2402,1159.658726415094,2.5
20262,1.0,447,2026-08-04T02:30,COMPLETA,909.1583,620.0,620.0,28.0,102.0,1,0.3333333333333333,1,0,1,425,2407,1161.6967058823525,2.5
20262,1.0,448,2026-08-04T02:40,SIN_DEMANDA,0,,,,,,,0,0,0,425,2407,1161.6967058823525,2.5
20262,1.0,449,2026-08-04T02:50,SIN_DEMANDA,0,,,,,,,0,0,0,425,2407,1161.6967058823525,2.5
20262,1.0,450,2026-08-04T03:00,COMPLETA,564.0034,2070.5,2070.5,38.0,117.0,1,0.125,1,0,1,426,2412,1161.1420187793424,2.5
20262,1.0,451,2026-08-04T03:10,COMPLETA,868.6259,399.0,399.0,20.0,90.0,1,0.3333333333333333,1,0,1,427,2422,1163.1744730679152,2.5
20262,1.0,452,2026-08-04T03:20,COMPLETA,940.9896,1523.8,1001.6,76.0,244.8,2,0.0625,2,0,2,427,2422,1163.1744730679152,2.5
20262,1.0,453,2026-08-04T03:30,SIN_DEMANDA,0,,,,,,,0,0,0,429,2437,1158.898601398601,2.5
20262,1.0,454,2026-08-04T03:40,SIN_DEMANDA,0,,,,,,,0,0,0,432,2457,1154.0659722222217,2.5
20262,1.0,455,2026-08-04T03:50,SIN_DEMANDA,0,,,,,,,0,0,0,433,2466,1152.2655889145492,2.5
20262,1.0,456,2026-08-04T04:00,COMPLETA,1009.7064,1328.5,594.5,200.0,480.0,3,0.16666666666666666,2,0,3,436,2488,1146.2497706422014,2.5
20262,1.0,457,2026-08-04T04:10,COMPLETA,934.7122,624.0,624.0,36.0,114.0,1,0.4166666666666667,1,0,1,436,2488,1146.2497706422014,2.5
20262,1.0,458,2026-08-04T04:20,SIN_DEMANDA,0,,,,,,,0,0,0,437,2492,1144.9288329519447,2.5
20262,1.0,459,2026-08-04T04:30,COMPLETA,935.8958,1347.75,606.5,74.0,231.0,2,0.1875,2,0,2,439,2503,1145.3380410022776,2.5
20262,1.0,460,2026-08-04T04:40,COMPLETA,580.2139,2052.5,2052.5,58.0,147.0,1,0.125,1,0,1,440,2504,1145.0113636363633,2.5
20262,1.0,461,2026-08-04T04:50,COMPLETA,1052.9085,995.0,995.0,32.0,108.0,1,0.3333333333333333,1,0,1,440,2504,1145.0113636363633,2.5
20262,1.0,462,2026-08-04T05:00,COMPLETA,1139.5177,2041.5,2041.5,61.0,151.5,1,0.3333333333333333,1,0,1,440,2504,1145.0113636363633,2.5
20262,1.0,463,2026-08-04T05:10,COMPLETA,1115.1248,821.3666666666667,136.0,194.0,759.6,5,0.2638888888888889,3,0,3,441,2505,1147.054421768707,2.5
20262,1.0,464,2026-08-04T05:20,COMPLETA,987.9508,1930.5,1930.5,140.0,450.0,2,0.10416666666666667,1,0,0,441,2505,1147.054421768707,2.5
20262,1.0,465,2026-08-04T05:30,COMPLETA,961.5757,987.5,44.5,120.0,420.0,2,0.16666666666666666,2,0,0,441,2505,1147.054421768707,2.5
20262,1.0,466,2026-08-04T05:40,COMPLETA,1067.4684,712.6666666666666,44.5,130.0,504.0,3,0.17857142857142858,3,0,1,444,2523,1150.0596846846843,2.5
20262,1.0,467,2026-08-04T05:50,COMPLETA,1314.4552,1013.0,44.5,184.0,756.0,4,0.2604166666666667,4,0,0,444,2523,1150.0596846846843,2.5
20262,1.0,468,2026-08-04T06:00,COMPLETA,1403.5878,874.7,44.5,238.0,1077.0,6,0.19444444444444445,5,0,0,444,2523,1150.0596846846843,2.5
20262,1.0,469,2026-08-04T06:10,COMPLETA,1938.3536,819.15,44.5,452.0,1903.2,10,0.21634615384615385,8,0,0,445,2533,1148.8112359550557,2.5
20262,1.0,470,2026-08-04T06:20,COMPLETA,1798.2724,819.15,44.5,452.0,1903.2,10,0.21634615384615385,8,0,0,447,2544,1147.253914988814,2.5
20262,1.0,471,2026-08-04T06:30,COMPLETA,2184.3315,950.2666666666667,44.5,482.0,2267.4,12,0.22767857142857142,9,0,0,449,2557,1147.600445434298,2.5
20262,1.0,472,2026-08-04T06:40,COMPLETA,2478.0295,842.6545454545455,37.5,523.0,2411.1,13,0.2661290322580645,11,0,0,449,2557,1147.600445434298,2.5
20262,1.0,473,2026-08-04T06:50,COMPLETA,4021.7952,1016.6692307692308,44.5,796.0,3966.2,19,0.2565789473684211,13,0,0,450,2561,1145.352444444444,2.5
20262,1.0,474,2026-08-04T07:00,COMPLETA,7921.1812,926.4200000000002,22.0,673.0,3362.1,18,0.3298611111111111,15,0,18,452,2571,1145.1617256637164,2.5
20262,1.0,475,2026-08-04T07:10,COMPLETA,1169.3846,951.05,936.5,85.0,405.3,2,0.4375,2,0,1,452,2571,1145.1617256637164,2.5
20262,1.0,476,2026-08-04T07:20,COMPLETA,943.425,936.5,936.5,43.0,184.5,1,0.4166666666666667,1,0,0,452,2571,1145.1617256637164,2.5
20262,1.0,477,2026-08-04T07:30,COMPLETA,1052.3146,649.35,362.2,87.0,410.1,2,0.40625,2,0,2,452,2571,1145.1617256637164,2.5
20262,1.0,478,2026-08-04T07:40,COMPLETA,1424.5185,1569.6000000000001,604.6,177.0,904.8,4,0.59375,3,0,4,452,2571,1145.1617256637164,2.5
20262,1.0,479,2026-08-04T07:50,COMPLETA,584.8069,285.2,285.2,26.0,182.4,1,0.5,1,0,0,452,2571,1145.1617256637164,2.5
20262,1.0,480,2026-08-04T08:00,COMPLETA,604.6725,285.2,285.2,26.0,182.4,1,0.5,1,0,0,452,2571,1145.1617256637164,2.5
20262,1.0,481,2026-08-04T08:10,COMPLETA,595.9834,285.2,285.2,26.0,182.4,1,0.5,1,0,0,452,2571,1145.1617256637164,2.5
20262,1.0,482,2026-08-04T08:20,COMPLETA,1054.79,178.85,72.5,60.0,353.4,2,0.21875,2,0,0,455,2592,1139.0109890109886,2.5
20262,1.0,483,2026-08-04T08:30,COMPLETA,1065.5605,783.9,72.5,144.0,1013.4,4,0.375,3,0,2,457,2609,1135.0420131291025,2.5
20262,1.0,484,2026-08-04T08:40,COMPLETA,1137.1895,309.06666666666666,72.5,66.0,482.4,3,0.2857142857142857,3,0,0,461,2638,1131.1859002169194,2.5
20262,1.0,485,2026-08-04T08:50,COMPLETA,1438.6266,314.95000000000005,72.5,100.0,684.0,4,0.265625,4,0,0,463,2647,1135.054859611231,2.5
20262,1.0,486,2026-08-04T09:00,COMPLETA,1293.8815,314.95000000000005,72.5,100.0,684.0,4,0.265625,4,0,0,466,2661,1136.4901287553646,2.5
20262,1.0,487,2026-08-04T09:10,COMPLETA,1323.9754,654.1600000000001,72.5,144.0,870.0,5,0.20454545454545456,5,0,0,468,2671,1138.1217948717947,2.5
20262,1.0,488,2026-08-04T09:20,COMPLETA,1634.8391,881.9666666666667,62.6,176.0,858.0,6,0.16964285714285715,6,0,0,469,2676,1139.7569296375264,2.5
20262,1.0,489,2026-08-04T09:30,COMPLETA,1666.0865,801.4714285714286,72.5,234.0,1065.0,7,0.21323529411764705,7,0,3,471,2689,1137.6745222929933,2.5
20262,1.0,490,2026-08-04T09:40,COMPLETA,1331.2887,1230.0,336.5,140.0,510.0,4,0.21875,4,0,0,472,2699,1136.5451271186437,2.5
20262,1.0,491,2026-08-04T09:50,COMPLETA,1351.2454,1059.8,318.5,178.0,567.0,5,0.19166666666666668,5,0,1,473,2702,1138.4408033826633,2.5
20262,1.0,492,2026-08-04T10:00,COMPLETA,1330.1305,1063.6,318.5,180.0,570.0,5,0.20833333333333334,5,0,2,473,2702,1138.4408033826633,2.5
20262,1.0,493,2026-08-04T10:10,COMPLETA,1065.3783,970.6666666666666,318.5,110.0,345.0,3,0.3055555555555556,3,0,1,473,2702,1138.4408033826633,2.5
20262,1.0,494,2026-08-04T10:20,COMPLETA,994.1318,430.25,318.5,64.0,216.0,2,0.3958333333333333,2,0,2,473,2702,1138.4408033826633,2.5
20262,1.0,495,2026-08-04T10:30,SIN_DEMANDA,0,,,,,,,0,0,0,473,2702,1138.4408033826633,2.5
20262,1.0,496,2026-08-04T10:40,COMPLETA,1278.4976,1041.0400000000002,614.0,212.0,666.6,5,0.22727272727272727,5,0,3,473,2702,1138.4408033826633,2.5
20262,1.0,497,2026-08-04T10:50,COMPLETA,1040.3574,1658.5666666666666,956.5,134.0,438.6,3,0.30357142857142855,3,0,0,473,2702,1138.4408033826633,2.5
20262,1.0,498,2026-08-04T11:00,COMPLETA,1012.8433,1658.5666666666666,956.5,134.0,438.6,3,0.30357142857142855,3,0,1,473,2702,1138.4408033826633,2.5
20262,1.0,499,2026-08-04T11:10,COMPLETA,1001.61,1490.25,932.5,70.0,225.0,2,0.22916666666666666,2,0,1,475,2709,1134.400421052631,2.5
20262,1.0,500,2026-08-04T11:20,COMPLETA,955.5143,968.15,932.5,44.0,256.8,3,0.325,2,0,2,477,2718,1134.521593291404,2.5
20262,1.0,501,2026-08-04T11:30,COMPLETA,1002.7251,764.0,595.5,74.0,231.0,2,0.3541666666666667,2,0,1,480,2730,1133.5724999999993,2.5
20262,1.0,502,2026-08-04T11:40,COMPLETA,1008.0101,1336.0,595.5,64.0,216.0,2,0.3125,2,0,1,481,2731,1135.413305613305,2.5
20262,1.0,503,2026-08-04T11:50,COMPLETA,988.0674,1339.45,595.5,58.0,281.4,3,0.425,2,0,3,482,2734,1137.313900414937,2.5
20262,1.0,504,2026-08-04T12:00,SIN_DEMANDA,0,,,,,,,0,0,0,483,2737,1136.2917184265004,2.5
20262,1.0,505,2026-08-04T12:10,COMPLETA,879.7504,664.95,361.5,135.0,476.1,3,0.35,2,0,2,484,2747,1134.6020661157017,2.5
20262,1.0,506,2026-08-04T12:20,COMPLETA,819.8412,968.4,968.4,32.0,157.8,1,0.625,1,0,0,486,2750,1133.2158436213986,2.5
20262,1.0,507,2026-08-04T12:30,COMPLETA,1081.0162,1490.2,968.4,154.0,570.6,3,0.4583333333333333,2,0,3,487,2755,1132.950102669404,2.5
20262,1.0,508,2026-08-04T12:40,COMPLETA,926.2571,2049.0,2049.0,43.0,124.5,1,0.20833333333333334,1,0,1,488,2758,1134.8252049180321,2.5
20262,1.0,509,2026-08-04T12:50,SIN_DEMANDA,0,,,,,,,0,0,0,488,2758,1134.8252049180321,2.5
20262,1.0,510,2026-08-04T13:00,COMPLETA,928.5694,2052.0,2052.0,156.0,414.0,3,0.125,1,0,3,491,2780,1138.2629327902234,2.5
20262,1.0,511,2026-08-04T13:10,COMPLETA,1074.4827,2055.0,2055.0,104.0,276.0,2,0.20833333333333334,1,0,2,491,2780,1138.2629327902234,2.5
20262,1.0,512,2026-08-04T13:20,COMPLETA,1778.44,1951.5,1951.5,58.0,207.0,1,0.2916666666666667,1,0,0,492,2786,1140.0046747967474,2.5
20262,1.0,513,2026-08-04T13:30,COMPLETA,1907.7578,1315.0333333333333,995.0,106.0,480.6,4,0.359375,3,0,3,493,2795,1138.900202839756,2.5
20262,1.0,514,2026-08-04T13:40,COMPLETA,2401.8692,719.8333333333334,47.5,134.0,501.0,3,0.2777777777777778,3,0,1,493,2795,1138.900202839756,2.5
20262,1.0,515,2026-08-04T13:50,COMPLETA,1400.1088,844.8333333333334,47.5,165.0,607.5,3,0.2222222222222222,3,0,0,493,2799,1138.900202839756,2.5
20262,1.0,516,2026-08-04T14:00,COMPLETA,1070.9907,844.8333333333334,47.5,165.0,607.5,3,0.2222222222222222,3,0,0,493,2799,1138.900202839756,2.5
20262,1.0,517,2026-08-04T14:10,COMPLETA,955.5747,717.125,47.5,248.0,972.0,5,0.14166666666666666,4,0,0,495,2809,1136.985252525252,2.5
20262,1.0,518,2026-08-04T14:20,COMPLETA,1352.9559,909.6333333333333,47.5,351.0,1515.3,8,0.21875,6,0,0,495,2809,1136.985252525252,2.5
20262,1.0,519,2026-08-04T14:30,COMPLETA,1476.1568,768.625,47.5,442.0,1935.0,10,0.19230769230769232,8,0,0,496,2814,1138.8239919354833,2.5
20262,1.0,520,2026-08-04T14:40,COMPLETA,2409.3547,768.625,47.5,442.0,1935.0,10,0.19230769230769232,8,0,0,497,2823,1140.661368209255,2.5
20262,1.0,521,2026-08-04T14:50,COMPLETA,1598.6189,752.6888888888889,47.5,358.0,1629.6,9,0.21,9,0,0,500,2849,1141.9145999999994,2.5
20262,1.0,522,2026-08-04T15:00,COMPLETA,1509.1518,752.6888888888889,47.5,358.0,1629.6,9,0.21,9,0,6,502,2865,1141.7047808764935,2.5
20262,1.0,523,2026-08-04T15:10,COMPLETA,1071.6732,1497.8333333333333,568.0,170.0,615.0,3,0.2638888888888889,3,0,3,502,2865,1141.7047808764935,2.5
20262,1.0,524,2026-08-04T15:20,COMPLETA,503.5221,2041.4,2041.4,48.0,235.2,1,0.375,1,0,1,502,2865,1141.7047808764935,2.5
20262,1.0,525,2026-08-04T15:30,SIN_DEMANDA,0,,,,,,,0,0,0,502,2865,1141.7047808764935,2.5
20262,1.0,526,2026-08-04T15:40,COMPLETA,876.8508,131.5,131.5,94.0,381.0,2,0.10416666666666667,1,0,2,502,2865,1141.7047808764935,2.5
20262,1.0,527,2026-08-04T15:50,SIN_DEMANDA,0,,,,,,,0,0,0,502,2865,1141.7047808764935,2.5
20262,1.0,528,2026-08-04T16:00,COMPLETA,925.4163,495.70000000000005,415.2,136.0,806.4000000000001,4,0.40625,2,0,4,502,2865,1141.7047808764935,2.5
20262,1.0,529,2026-08-04T16:10,COMPLETA,789.8363,143.0,143.0,60.0,384.0,2,0.375,1,0,2,502,2865,1141.7047808764935,2.5
20262,1.0,530,2026-08-04T16:20,SIN_DEMANDA,0,,,,,,,0,0,0,505,2878,1137.5871287128707,2.5
20262,1.0,531,2026-08-04T16:30,COMPLETA,884.8989,904.0,904.0,122.0,532.8,2,0.3125,1,0,2,506,2879,1136.0079051383393,2.5
20262,1.0,532,2026-08-04T16:40,COMPLETA,535.3115,144.8,144.8,26.0,182.4,1,0.375,1,0,1,507,2885,1134.8500986193287,2.5
20262,1.0,533,2026-08-04T16:50,COMPLETA,1096.5793,1484.15,976.8,78.0,389.4,2,0.34375,2,0,1,508,2888,1132.7096456692907,2.5
20262,1.0,534,2026-08-04T17:00,COMPLETA,938.5455,1991.5,1991.5,42.0,183.0,1,0.375,1,0,0,509,2892,1131.6001964636534,2.5
20262,1.0,535,2026-08-04T17:10,COMPLETA,1750.8973,988.9,374.5,163.0,757.2,5,0.3472222222222222,4,0,3,512,2914,1133.4476562499992,2.5
20262,1.0,536,2026-08-04T17:20,COMPLETA,1024.3262,1183.0,374.5,60.0,270.0,2,0.2916666666666667,2,0,0,513,2917,1135.2175438596485,2.5
20262,1.0,537,2026-08-04T17:30,COMPLETA,1264.6579,1466.0,374.5,124.0,426.0,3,0.3055555555555556,3,0,2,514,2922,1133.2647859922172,2.5
20262,1.0,538,2026-08-04T17:40,COMPLETA,1129.116,1312.5,633.5,60.0,210.0,2,0.20833333333333334,2,0,0,514,2922,1133.2647859922172,2.5
20262,1.0,539,2026-08-04T17:50,COMPLETA,1035.0574,1312.5,633.5,60.0,210.0,2,0.20833333333333334,2,0,1,515,2928,1131.341941747572,2.5
20262,1.0,540,2026-08-04T18:00,COMPLETA,1141.0529,785.9499999999999,87.2,201.0,699.6,4,0.25,4,0,3,515,2928,1131.341941747572,2.5
20262,1.0,541,2026-08-04T18:10,COMPLETA,596.5858,951.5,951.5,50.0,135.0,1,0.08333333333333333,1,0,0,515,2928,1131.341941747572,2.5
20262,1.0,542,2026-08-04T18:20,COMPLETA,1004.5257,399.0,110.5,160.0,501.6,4,0.225,3,0,2,517,2937,1128.3599613152796,2.5
20262,1.0,543,2026-08-04T18:30,COMPLETA,1155.8838,546.625,101.5,152.0,468.0,4,0.21875,4,0,1,517,2937,1128.3599613152796,2.5
20262,1.0,544,2026-08-04T18:40,COMPLETA,1184.441,680.8333333333334,101.5,152.0,468.0,4,0.19791666666666666,3,0,2,518,2939,1128.067374517374,2.5
20262,1.0,545,2026-08-04T18:50,COMPLETA,1273.6052,1190.6666666666667,591.0,154.0,411.0,3,0.25,3,0,2,519,2948,1127.0876685934484,2.5
20262,1.0,546,2026-08-04T19:00,COMPLETA,1164.5502,737.5,384.0,82.0,505.6,5,0.234375,4,0,3,521,2955,1125.3416506717845,2.5
20262,1.0,547,2026-08-04T19:10,COMPLETA,1066.8925,667.0,384.0,38.0,189.6,2,0.25,2,0,2,522,2956,1124.3994252873556,2.5
20262,1.0,548,2026-08-04T19:20,SIN_DEMANDA,0,,,,,,,0,0,0,523,2961,1123.9780114722746,2.5
20262,1.0,549,2026-08-04T19:30,COMPLETA,902.8789,997.4,997.4,18.0,103.2,1,0.75,1,0,1,523,2961,1123.9780114722746,2.5
20262,1.0,550,2026-08-04T19:40,COMPLETA,914.422,611.5,611.5,26.0,99.0,1,0.3333333333333333,1,0,0,525,2978,1127.3599999999994,2.5
20262,1.0,551,2026-08-04T19:50,COMPLETA,1278.3277,539.3666666666667,378.0,78.0,343.8,3,0.5,3,0,2,525,2986,1127.3599999999994,2.5
20262,1.0,552,2026-08-04T20:00,COMPLETA,903.0546,611.5,611.5,26.0,99.0,1,0.3333333333333333,1,0,1,526,2988,1125.4904942965773,2.5
20262,1.0,553,2026-08-04T20:10,SIN_DEMANDA,0,,,,,,,0,0,0,528,2992,1123.2445075757569,2.5
20262,1.0,554,2026-08-04T20:20,COMPLETA,1134.5733,1215.1666666666667,613.0,170.0,520.2,4,0.3,3,0,3,529,2999,1122.9425330812846,2.5
20262,1.0,555,2026-08-04T20:30,COMPLETA,1356.3769,463.43333333333334,377.5,90.0,403.8,4,0.40625,3,0,2,532,3009,1119.8116541353374,2.5
20262,1.0,556,2026-08-04T20:40,COMPLETA,1117.3072,793.25,137.0,176.0,618.0,5,0.26136363636363635,4,0,4,535,3023,1116.2155140186908,2.5
20262,1.0,557,2026-08-04T20:50,COMPLETA,509.0118,2057.0,2057.0,36.0,114.0,1,0.125,1,0,1,535,3023,1116.2155140186908,2.5
20262,1.0,558,2026-08-04T21:00,COMPLETA,503.3635,633.5,633.5,26.0,99.0,1,0.125,1,0,1,537,3036,1115.0162011173177,2.5
20262,1.0,559,2026-08-04T21:10,COMPLETA,999.1626,1465.25,881.0,90.0,315.0,2,0.2916666666666667,2,0,1,538,3041,1116.6964684014863,2.5
20262,1.0,560,2026-08-04T21:20,COMPLETA,840.8059,881.0,881.0,72.0,348.0,2,0.14583333333333334,1,0,0,539,3046,1115.7909090909084,2.5
20262,1.0,561,2026-08-04T21:30,COMPLETA,839.7316,881.0,881.0,72.0,348.0,2,0.14583333333333334,1,0,0,541,3061,1113.4950092421434,2.5
20262,1.0,562,2026-08-04T21:40,COMPLETA,841.5524,881.0,881.0,72.0,348.0,2,0.14583333333333334,1,0,0,541,3061,1113.4950092421434,2.5
20262,1.0,563,2026-08-04T21:50,COMPLETA,923.9546,881.0,881.0,72.0,348.0,2,0.14583333333333334,1,0,0,542,3070,1112.178228782287,2.5
20262,1.0,564,2026-08-04T22:00,COMPLETA,832.6633,881.0,881.0,72.0,348.0,2,0.14583333333333334,1,0,0,542,3071,1112.178228782287,2.5
20262,1.0,565,2026-08-04T22:10,COMPLETA,918.4216,1441.0,881.0,96.0,384.0,2,0.3333333333333333,2,0,0,545,3094,1112.7451376146782,2.5
20262,1.0,566,2026-08-04T22:20,COMPLETA,1013.9385,892.75,116.0,200.0,1026.0,5,0.3333333333333333,4,0,0,548,3109,1112.2310218978096,2.5
20262,1.0,567,2026-08-04T22:30,COMPLETA,1070.1154,892.75,116.0,200.0,1026.0,5,0.3333333333333333,4,0,0,549,3112,1110.4546448087424,2.5
20262,1.0,568,2026-08-04T22:40,COMPLETA,1464.3142,1030.5,125.0,334.0,1675.2,8,0.25892857142857145,6,0,0,549,3112,1110.4546448087424,2.5
20262,1.0,569,2026-08-04T22:50,COMPLETA,1663.3216,934.7428571428571,125.0,350.0,1688.4,8,0.2857142857142857,7,0,0,549,3112,1110.4546448087424,2.5
20262,1.0,570,2026-08-04T23:00,COMPLETA,2300.3635,905.1666666666666,125.0,498.0,2284.8,11,0.25595238095238093,9,0,11,550,3119,1112.1619999999994,2.5
20262,1.0,571,2026-08-04T23:10,COMPLETA,1022.0283,647.0,647.0,16.0,264.0,2,0.14583333333333334,1,0,2,550,3119,1112.1619999999994,2.5
20262,1.0,572,2026-08-04T23:20,COMPLETA,967.3439,2087.0,2087.0,16.0,264.0,2,0.16666666666666666,1,0,2,550,3119,1112.1619999999994,2.5
20262,1.0,573,2026-08-04T23:30,COMPLETA,989.5757,2022.0,2012.0,87.0,516.4,2,0.5833333333333334,2,0,2,550,3119,1112.1619999999994,2.5
20262,1.0,574,2026-08-04T23:40,SIN_DEMANDA,0,,,,,,,0,0,0,550,3119,1112.1619999999994,2.5
20262,1.0,575,2026-08-04T23:50,COMPLETA,1169.3672,1068.7666666666667,165.8,76.0,711.4,4,0.3,3,0,4,550,3119,1112.1619999999994,2.5
20262,1.0,576,2026-08-05T00:00,COMPLETA,1121.918,1503.3,966.6,142.0,700.8,3,0.5833333333333334,2,0,3,550,3119,1112.1619999999994,2.5
20262,1.0,577,2026-08-05T00:10,COMPLETA,1522.591,1573.2666666666667,608.4,154.0,849.5999999999999,4,0.5625,3,0,4,550,3119,1112.1619999999994,2.5
20262,1.0,578,2026-08-05T00:20,COMPLETA,1117.5025,935.0,935.0,24.0,156.0,1,0.25,1,0,0,553,3131,1108.6779385171785,2.5
20262,1.0,579,2026-08-05T00:30,COMPLETA,1380.2833,758.0,581.0,56.0,324.0,2,0.25,2,0,0,555,3143,1109.504684684684,2.5
20262,1.0,580,2026-08-05T00:40,COMPLETA,2607.0991,896.1,349.0,173.0,1020.5,5,0.275,5,0,2,557,3148,1109.8403949730694,2.5
20262,1.0,581,2026-08-05T00:50,COMPLETA,1505.2996,692.5,561.5,127.0,550.5,3,0.25,3,0,0,559,3165,1109.143828264758,2.5
20262,1.0,582,2026-08-05T01:00,COMPLETA,1993.4124,836.1,93.5,263.0,994.5,5,0.31666666666666665,5,0,0,561,3172,1106.5265597147945,2.5
20262,1.0,583,2026-08-05T01:10,COMPLETA,2227.7909,798.75,83.5,295.0,1274.5,7,0.3359375,6,0,2,561,3172,1106.5265597147945,2.5
20262,1.0,584,2026-08-05T01:20,COMPLETA,2192.5925,1031.3333333333333,42.0,301.0,991.5,6,0.2777777777777778,6,0,2,563,3184,1107.8559502664293,2.5
20262,1.0,585,2026-08-05T01:30,COMPLETA,2327.7151,959.4499999999999,83.5,401.0,1434.0,8,0.30625,6,0,3,564,3189,1109.5317375886518,2.5
20262,1.0,586,2026-08-05T01:40,COMPLETA,1660.2777,1021.7333333333332,524.2,124.0,514.8,3,0.44642857142857145,3,0,0,566,3196,1112.8567137809182,2.5
20262,1.0,587,2026-08-05T01:50,COMPLETA,1869.0378,1274.175,524.2,207.0,699.3,5,0.2692307692307692,4,0,0,566,3196,1112.8567137809182,2.5
20262,1.0,588,2026-08-05T02:00,COMPLETA,2221.9779,1086.1799999999998,334.2,260.0,853.5,6,0.3854166666666667,5,0,3,570,3220,1114.919122807017,2.5
20262,1.0,589,2026-08-05T02:10,COMPLETA,2361.1073,1279.8833333333334,120.8,241.0,768.3,6,0.33035714285714285,6,0,2,571,3228,1116.5434325744302,2.5
20262,1.0,590,2026-08-05T02:20,COMPLETA,2397.0082,1182.825,120.8,134.0,487.79999999999995,4,0.359375,4,0,1,571,3228,1116.5434325744302,2.5
20262,1.0,591,2026-08-05T02:30,COMPLETA,2995.9471,755.375,51.2,100.0,406.2,3,0.35714285714285715,4,0,2,572,3230,1118.1823426573421,2.5
20262,1.0,592,2026-08-05T02:40,COMPLETA,2338.5227,346.1666666666667,51.2,56.0,280.2,2,0.28125,3,0,0,573,3236,1117.8626527050606,2.5
20262,1.0,593,2026-08-05T02:50,COMPLETA,1356.6807,492.125,51.2,94.0,488.2,3,0.4166666666666667,4,0,2,575,3243,1115.6457391304343,2.5
20262,1.0,594,2026-08-05T03:00,COMPLETA,946.7996,950.5,950.5,50.0,135.0,1,0.25,1,0,0,577,3253,1118.9441941074517,2.5
20262,1.0,595,2026-08-05T03:10,COMPLETA,1282.3216,789.25,628.0,84.0,246.0,2,0.22916666666666666,2,0,2,577,3253,1118.9441941074517,2.5
20262,1.0,596,2026-08-05T03:20,COMPLETA,915.7963,947.5,947.5,69.0,163.5,1,0.25,1,0,1,577,3253,1118.9441941074517,2.5
20262,1.0,597,2026-08-05T03:30,SIN_DEMANDA,0,,,,,,,0,0,0,578,3263,1117.1527681660893,2.5
20262,1.0,598,2026-08-05T03:40,SIN_DEMANDA,0,,,,,,,0,0,0,579,3269,1116.1663212435228,2.5
20262,1.0,599,2026-08-05T03:50,SIN_DEMANDA,0,,,,,,,0,0,0,580,3283,1115.1456896551717,2.5
20262,1.0,600,2026-08-05T04:00,SIN_DEMANDA,0,,,,,,,0,0,0,582,3291,1113.6620274914085,2.5
20262,1.0,601,2026-08-05T04:10,COMPLETA,1030.7481,251.8,145.6,72.0,292.8,2,0.75,2,0,2,584,3310,1114.1965753424652,2.5
20262,1.0,602,2026-08-05T04:20,SIN_DEMANDA,0,,,,,,,0,0,0,587,3321,1115.9591141396927,2.5
20262,1.0,603,2026-08-05T04:30,SIN_DEMANDA,0,,,,,,,0,0,0,587,3321,1115.9591141396927,2.5
20262,1.0,604,2026-08-05T04:40,SIN_DEMANDA,0,,,,,,,0,0,0,588,3326,1115.1292517006798,2.5
20262,1.0,605,2026-08-05T04:50,COMPLETA,926.6945,2056.6,2056.6,32.0,136.8,1,0.875,1,0,1,588,3326,1115.1292517006798,2.5
20262,1.0,606,2026-08-05T05:00,COMPLETA,1115.696,496.75,134.0,89.0,313.5,2,0.14583333333333334,2,0,1,590,3333,1113.9364406779655,2.5
20262,1.0,607,2026-08-05T05:10,COMPLETA,594.116,859.5,859.5,46.0,189.0,1,0.125,1,0,0,590,3333,1113.9364406779655,2.5
20262,1.0,608,2026-08-05T05:20,COMPLETA,812.6673,859.5,859.5,46.0,189.0,1,0.125,1,0,0,591,3337,1112.138240270727,2.5
20262,1.0,609,2026-08-05T05:30,COMPLETA,1145.8245,455.75,52.0,94.0,381.0,2,0.20833333333333334,2,0,0,592,3343,1111.8601351351344,2.5
20262,1.0,610,2026-08-05T05:40,COMPLETA,1430.1836,993.8333333333334,47.5,120.0,480.0,3,0.18055555555555555,3,0,1,593,3350,1110.230691399662,2.5
20262,1.0,611,2026-08-05T05:50,COMPLETA,1266.2089,453.5,47.5,94.0,381.0,2,0.20833333333333334,2,0,0,593,3350,1110.230691399662,2.5
20262,1.0,612,2026-08-05T06:00,COMPLETA,1247.1334,453.5,47.5,94.0,381.0,2,0.20833333333333334,2,0,0,593,3350,1110.230691399662,2.5
20262,1.0,613,2026-08-05T06:10,COMPLETA,2253.9487,410.6666666666667,47.5,196.0,774.0,4,0.20833333333333334,3,0,0,594,3355,1108.964309764309,2.5
20262,1.0,614,2026-08-05T06:20,COMPLETA,1616.1828,410.6666666666667,47.5,196.0,774.0,4,0.20833333333333334,3,0,0,594,3355,1108.964309764309,2.5
20262,1.0,615,2026-08-05T06:30,COMPLETA,1158.8239,832.1,52.0,397.0,1435.5,7,0.20833333333333334,5,0,0,595,3362,1110.5569747899153,2.5
20262,1.0,616,2026-08-05T06:40,COMPLETA,1142.1332,832.1,52.0,397.0,1435.5,7,0.20833333333333334,5,0,0,595,3362,1110.5569747899153,2.5
20262,1.0,617,2026-08-05T06:50,COMPLETA,1524.5726,1172.5,47.5,694.0,2571.0,12,0.20703125,7,0,0,596,3366,1108.918456375838,2.5
20262,1.0,618,2026-08-05T07:00,COMPLETA,2117.422,1293.97,47.5,602.0,2271.6,11,0.29838709677419356,10,0,10,597,3369,1110.5358458961466,2.5
20262,1.0,619,2026-08-05T07:10,COMPLETA,1036.2666,462.95,307.5,134.0,756.5999999999999,4,0.4166666666666667,2,0,4,597,3369,1110.5358458961466,2.5
20262,1.0,620,2026-08-05T07:20,COMPLETA,938.9045,1006.4,1006.4,16.0,278.4,2,0.3125,1,0,2,597,3369,1110.5358458961466,2.5
20262,1.0,621,2026-08-05T07:30,COMPLETA,993.6895,1485.8,943.4,170.0,768.0,3,0.25,2,0,3,597,3369,1110.5358458961466,2.5
20262,1.0,622,2026-08-05T07:40,COMPLETA,527.9554,98.4,98.4,53.0,247.2,1,0.375,1,0,1,597,3369,1110.5358458961466,2.5
20262,1.0,623,2026-08-05T07:50,COMPLETA,654.8393,1987.8,1987.8,69.0,285.6,1,0.375,1,0,1,597,3369,1110.5358458961466,2.5
20262,1.0,624,2026-08-05T08:00,COMPLETA,814.5575,2066.6,2066.6,22.0,172.8,1,0.375,1,0,1,597,3369,1110.5358458961466,2.5
20262,1.0,625,2026-08-05T08:10,SIN_DEMANDA,0,,,,,,,0,0,0,597,3369,1110.5358458961466,2.5
20262,1.0,626,2026-08-05T08:20,COMPLETA,998.8478,79.6,79.6,146.0,590.4,2,0.4375,1,0,2,597,3369,1110.5358458961466,2.5
20262,1.0,627,2026-08-05T08:30,SIN_DEMANDA,0,,,,,,,0,0,0,599,3384,1111.9721202003332,2.5
20262,1.0,628,2026-08-05T08:40,COMPLETA,1609.8761,2012.0,2012.0,24.0,156.0,1,0.25,1,0,0,601,3391,1110.7242928452572,2.5
20262,1.0,629,2026-08-05T08:50,COMPLETA,1742.5281,1622.5,887.0,130.0,555.0,3,0.19444444444444445,3,0,0,605,3427,1111.2366942148753,2.5
20262,1.0,630,2026-08-05T09:00,COMPLETA,1598.9361,1622.5,887.0,130.0,555.0,3,0.19444444444444445,3,0,0,607,3445,1111.3990115321246,2.5
20262,1.0,631,2026-08-05T09:10,COMPLETA,1812.0334,1236.125,77.0,173.0,739.5,4,0.25,4,0,0,609,3458,1112.5688013136282,2.5
20262,1.0,632,2026-08-05T09:20,COMPLETA,1861.9905,1236.125,77.0,173.0,739.5,4,0.25,4,0,0,609,3458,1112.5688013136282,2.5
20262,1.0,633,2026-08-05T09:30,COMPLETA,1382.6702,1236.125,77.0,173.0,679.5,4,0.25,4,0,0,610,3461,1114.1327868852452,2.5
20262,1.0,634,2026-08-05T09:40,COMPLETA,1660.4323,1062.2,78.5,216.0,1053.6,7,0.358695652173913,5,0,4,612,3467,1115.3473856209143,2.5
20262,1.0,635,2026-08-05T09:50,COMPLETA,1515.4364,1121.3200000000002,77.0,191.0,668.1,6,0.25892857142857145,5,0,2,612,3467,1115.3473856209143,2.5
20262,1.0,636,2026-08-05T10:00,COMPLETA,1466.9221,1118.52,77.0,213.0,742.5,6,0.2708333333333333,5,0,2,612,3467,1115.3473856209143,2.5
20262,1.0,637,2026-08-05T10:10,COMPLETA,2170.4046,1134.1625,358.5,372.0,1095.6,8,0.2875,8,0,4,613,3470,1113.68841761827,2.5
20262,1.0,638,2026-08-05T10:20,COMPLETA,1183.0723,1083.92,358.5,228.0,652.8,5,0.28846153846153844,5,0,2,613,3470,1113.68841761827,2.5
20262,1.0,639,2026-08-05T10:30,COMPLETA,1140.3263,1076.2,123.0,231.0,646.5,5,0.20833333333333334,5,0,3,613,3470,1113.68841761827,2.5
20262,1.0,640,2026-08-05T10:40,COMPLETA,938.3968,2017.0,1994.0,78.0,278.4,2,0.3125,2,0,1,614,3473,1115.1120521172631,2.5
20262,1.0,641,2026-08-05T10:50,COMPLETA,951.2971,1451.6666666666667,362.5,150.0,446.4,3,0.17857142857142858,3,0,1,614,3473,1115.1120521172631,2.5
20262,1.0,642,2026-08-05T11:00,COMPLETA,1032.7091,914.1333333333333,362.5,118.0,369.6,3,0.10714285714285714,3,0,1,615,3480,1113.4282926829262,2.5
20262,1.0,643,2026-08-05T11:10,COMPLETA,891.3929,1189.95,381.4,64.0,228.6,2,0.125,2,0,1,616,3485,1115.0064935064927,2.5
20262,1.0,644,2026-08-05T11:20,COMPLETA,956.4808,1309.05,619.6,82.0,271.8,2,0.1875,2,0,1,618,3496,1115.258090614886,2.5
20262,1.0,645,2026-08-05T11:30,COMPLETA,535.658,1998.5,1998.5,50.0,135.0,1,0.08333333333333333,1,0,0,619,3498,1116.7998384491107,2.5
20262,1.0,646,2026-08-05T11:40,COMPLETA,955.7155,2028.75,1998.5,86.0,249.0,2,0.25,2,0,1,621,3509,1114.8900161030588,2.5
20262,1.0,647,2026-08-05T11:50,COMPLETA,975.3655,2063.1,2059.0,60.0,231.6,2,0.34375,2,0,2,624,3534,1113.7999999999993,2.5
20262,1.0,648,2026-08-05T12:00,COMPLETA,886.6997,561.2,139.4,67.0,245.7,2,0.28125,2,0,2,625,3540,1113.4371199999991,2.5
20262,1.0,649,2026-08-05T12:10,COMPLETA,861.8459,997.5,997.5,16.0,84.0,1,0.25,1,0,1,628,3552,1112.8590764331202,2.5
20262,1.0,650,2026-08-05T12:20,SIN_DEMANDA,0,,,,,,,0,0,0,629,3556,1111.2853736089023,2.5
20262,1.0,651,2026-08-05T12:30,SIN_DEMANDA,0,,,,,,,0,0,0,630,3563,1110.4357142857136,2.5
20262,1.0,652,2026-08-05T12:40,SIN_DEMANDA,0,,,,,,,0,0,0,631,3565,1109.2803486529313,2.5
20262,1.0,653,2026-08-05T12:50,COMPLETA,871.0508,600.5,600.5,69.0,163.5,1,0.375,1,0,1,633,3573,1109.4982622432854,2.5
20262,1.0,654,2026-08-05T13:00,SIN_DEMANDA,0,,,,,,,0,0,0,634,3577,1108.7255520504725,2.5
20262,1.0,655,2026-08-05T13:10,SIN_DEMANDA,0,,,,,,,0,0,0,634,3577,1108.7255520504725,2.5
20262,1.0,656,2026-08-05T13:20,COMPLETA,927.2369,1177.25,278.0,70.0,285.0,2,0.20833333333333334,2,0,1,636,3588,1111.7267295597476,2.5
20262,1.0,657,2026-08-05T13:30,COMPLETA,1236.8559,1047.7,148.5,255.0,982.5,6,0.1527777777777778,5,0,2,638,3596,1112.9376175548582,2.5
20262,1.0,658,2026-08-05T13:40,COMPLETA,1514.48,1416.3,270.5,228.0,942.0,5,0.15,5,0,0,640,3605,1111.2134374999991,2.5
20262,1.0,659,2026-08-05T13:50,COMPLETA,1801.4065,1583.5142857142857,278.0,271.0,1275.3,7,0.17763157894736842,7,0,0,640,3605,1111.2134374999991,2.5
20262,1.0,660,2026-08-05T14:00,COMPLETA,1718.476,1583.5142857142857,278.0,271.0,1275.3,7,0.17763157894736842,7,0,0,640,3605,1111.2134374999991,2.5
20262,1.0,661,2026-08-05T14:10,COMPLETA,1690.0444,1583.5142857142857,278.0,271.0,1275.3,7,0.17763157894736842,7,0,0,640,3605,1111.2134374999991,2.5
20262,1.0,662,2026-08-05T14:20,COMPLETA,2836.6863,1413.3090909090909,278.0,458.0,2220.6,12,0.18333333333333332,11,0,0,640,3605,1111.2134374999991,2.5
20262,1.0,663,2026-08-05T14:30,COMPLETA,4988.592,1463.4333333333332,278.0,507.0,2446.5,13,0.2056451612903226,12,0,0,640,3605,1111.2134374999991,2.5
20262,1.0,664,2026-08-05T14:40,COMPLETA,6915.1328,1502.8769230769233,278.0,602.0,2786.4,14,0.20703125,13,0,0,641,3611,1112.7193447737902,2.5
20262,1.0,665,2026-08-05T14:50,COMPLETA,8859.4416,1422.3857142857144,278.0,726.0,3544.2,18,0.20833333333333334,14,0,0,642,3620,1111.921495327102,2.5
20262,1.0,666,2026-08-05T15:00,COMPLETA,15496.0423,1433.70625,278.0,675.0,3277.5,17,0.23214285714285715,16,0,15,643,3630,1110.423172628304,2.5
20262,1.0,667,2026-08-05T15:10,COMPLETA,1258.42,832.1333333333333,152.4,86.0,505.2,3,0.23214285714285715,3,0,3,643,3630,1110.423172628304,2.5
20262,1.0,668,2026-08-05T15:20,SIN_DEMANDA,0,,,,,,,0,0,0,643,3630,1110.423172628304,2.5
20262,1.0,669,2026-08-05T15:30,COMPLETA,828.3456,616.5,616.5,44.0,186.0,1,0.08333333333333333,1,0,1,643,3630,1110.423172628304,2.5
20262,1.0,670,2026-08-05T15:40,COMPLETA,1035.6081,291.8,291.8,67.0,280.8,1,0.75,1,0,1,643,3630,1110.423172628304,2.5
20262,1.0,671,2026-08-05T15:50,COMPLETA,1110.4359,1963.8,1963.8,144.0,585.6,2,0.375,1,0,2,643,3630,1110.423172628304,2.5
20262,1.0,672,2026-08-05T16:00,COMPLETA,652.084,1969.0,1969.0,50.0,370.0,1,1.0,1,0,1,643,3630,1110.423172628304,2.5
20262,1.0,673,2026-08-05T16:10,SIN_DEMANDA,0,,,,,,,0,0,0,643,3630,1110.423172628304,2.5
20262,1.0,674,2026-08-05T16:20,SIN_DEMANDA,0,,,,,,,0,0,0,644,3635,1111.8156832298127,2.5
20262,1.0,675,2026-08-05T16:30,COMPLETA,1072.639,914.0,914.0,32.0,168.0,1,0.3333333333333333,1,0,0,646,3637,1113.0507739938073,2.5
20262,1.0,676,2026-08-05T16:40,COMPLETA,1060.9069,914.0,914.0,32.0,168.0,1,0.3333333333333333,1,0,0,650,3654,1111.2735384615376,2.5
20262,1.0,677,2026-08-05T16:50,COMPLETA,1439.7368,1201.2,632.0,74.0,534.8,3,0.4722222222222222,3,0,2,657,3689,1114.4130898021301,2.5
20262,1.0,678,2026-08-05T17:00,COMPLETA,1224.2393,1450.0,914.0,136.0,564.0,3,0.2361111111111111,2,0,0,659,3693,1117.0698027314106,2.5
20262,1.0,679,2026-08-05T17:10,COMPLETA,1553.759,1639.0,914.0,196.0,984.0,5,0.275,3,0,2,661,3699,1116.0518910741296,2.5
20262,1.0,680,2026-08-05T17:20,COMPLETA,1484.3232,1171.0,613.0,190.0,1014.0,6,0.32142857142857145,3,0,3,661,3699,1116.0518910741296,2.5
20262,1.0,681,2026-08-05T17:30,COMPLETA,1291.2454,1451.8,902.6,84.0,274.8,2,0.53125,2,0,0,661,3699,1116.0518910741296,2.5
20262,1.0,682,2026-08-05T17:40,COMPLETA,1478.4497,1285.2,914.0,240.0,873.6,5,0.25,3,0,2,661,3699,1116.0518910741296,2.5
20262,1.0,683,2026-08-05T17:50,COMPLETA,1304.8448,1450.8,900.6,84.0,274.8,2,0.53125,2,0,2,661,3699,1116.0518910741296,2.5
20262,1.0,684,2026-08-05T18:00,SIN_DEMANDA,0,,,,,,,0,0,0,661,3699,1116.0518910741296,2.5
20262,1.0,685,2026-08-05T18:10,SIN_DEMANDA,0,,,,,,,0,0,0,661,3699,1116.0518910741296,2.5
20262,1.0,686,2026-08-05T18:20,COMPLETA,1032.4022,2040.0,2040.0,64.0,156.0,1,0.375,1,0,1,662,3703,1115.3206948640477,2.5
20262,1.0,687,2026-08-05T18:30,COMPLETA,620.0294,2061.5,2061.5,46.0,129.0,1,0.08333333333333333,1,0,1,663,3708,1116.7419306184006,2.5
20262,1.0,688,2026-08-05T18:40,SIN_DEMANDA,0,,,,,,,0,0,0,663,3708,1116.7419306184006,2.5
20262,1.0,689,2026-08-05T18:50,SIN_DEMANDA,0,,,,,,,0,0,0,664,3714,1115.4995481927706,2.5
20262,1.0,690,2026-08-05T19:00,COMPLETA,607.4265,2052.0,2052.0,52.0,138.0,1,0.08333333333333333,1,0,1,665,3720,1116.7751879699242,2.5
20262,1.0,691,2026-08-05T19:10,COMPLETA,1332.4695,807.0,625.0,76.0,234.0,2,0.20833333333333334,2,0,2,667,3734,1117.2976011993999,2.5
20262,1.0,692,2026-08-05T19:20,SIN_DEMANDA,0,,,,,,,0,0,0,667,3734,1117.2976011993999,2.5
20262,1.0,693,2026-08-05T19:30,SIN_DEMANDA,0,,,,,,,0,0,0,670,3756,1119.6359701492531,2.5
20262,1.0,694,2026-08-05T19:40,COMPLETA,988.8087,156.5,156.5,30.0,105.0,1,0.2916666666666667,1,0,1,670,3756,1119.6359701492531,2.5
20262,1.0,695,2026-08-05T19:50,COMPLETA,942.7415,2027.0,2027.0,79.0,178.5,1,0.25,1,0,1,671,3761,1119.3915052160949,2.5
20262,1.0,696,2026-08-05T20:00,COMPLETA,922.9897,999.0,999.0,20.0,168.0,2,0.375,1,0,2,671,3761,1119.3915052160949,2.5
20262,1.0,697,2026-08-05T20:10,COMPLETA,636.8293,2070.0,2070.0,20.0,232.0,1,0.375,1,0,1,672,3763,1120.7934523809517,2.5
20262,1.0,698,2026-08-05T20:20,COMPLETA,886.4286,365.0,365.0,80.0,312.0,2,0.3125,1,0,2,673,3772,1122.159286775631,2.5
20262,1.0,699,2026-08-05T20:30,SIN_DEMANDA,0,,,,,,,0,0,0,673,3772,1122.159286775631,2.5
20262,1.0,700,2026-08-05T20:40,COMPLETA,623.0278,2055.0,2055.0,48.0,132.0,1,0.08333333333333333,1,0,1,676,3784,1122.6023668639048,2.5
20262,1.0,701,2026-08-05T20:50,COMPLETA,914.3776,954.0,954.0,75.0,172.5,1,0.2916666666666667,1,0,1,676,3784,1122.6023668639048,2.5
20262,1.0,702,2026-08-05T21:00,COMPLETA,1127.1433,983.5,975.5,92.0,258.0,2,0.20833333333333334,2,0,2,676,3784,1122.6023668639048,2.5
20262,1.0,703,2026-08-05T21:10,COMPLETA,976.3587,992.25,989.5,58.0,207.0,2,0.3958333333333333,2,0,2,677,3791,1121.1753323485962,2.5
20262,1.0,704,2026-08-05T21:20,COMPLETA,929.7053,262.5,262.5,148.0,462.0,2,0.20833333333333334,1,0,0,678,3797,1120.9951327433623,2.5
20262,1.0,705,2026-08-05T21:30,COMPLETA,1052.866,262.5,262.5,148.0,462.0,2,0.20833333333333334,1,0,0,678,3797,1120.9951327433623,2.5
20262,1.0,706,2026-08-05T21:40,COMPLETA,1155.5321,406.1666666666667,262.5,196.0,714.0,4,0.20833333333333334,3,0,1,679,3800,1122.392783505154,2.5
20262,1.0,707,2026-08-05T21:50,COMPLETA,1046.2264,406.25,262.5,114.0,411.0,2,0.25,2,0,0,679,3800,1122.392783505154,2.5
20262,1.0,708,2026-08-05T22:00,COMPLETA,1318.1828,723.625,97.5,199.0,778.5,4,0.17708333333333334,4,0,0,679,3800,1122.392783505154,2.5
20262,1.0,709,2026-08-05T22:10,COMPLETA,1412.3019,982.9,97.5,235.0,952.5,5,0.175,5,0,0,681,3811,1122.6089574155649,2.5
20262,1.0,710,2026-08-05T22:20,COMPLETA,1543.3725,982.9,97.5,235.0,952.5,5,0.175,5,0,0,682,3813,1123.9760997067442,2.5
20262,1.0,711,2026-08-05T22:30,COMPLETA,1407.4916,982.9,97.5,235.0,952.5,5,0.175,5,0,0,684,3830,1123.5938596491221,2.5
20262,1.0,712,2026-08-05T22:40,COMPLETA,1858.6718,1011.8857142857142,97.5,355.0,1704.3,9,0.20238095238095238,7,0,0,685,3840,1123.3981021897805,2.5
20262,1.0,713,2026-08-05T22:50,COMPLETA,2167.24,963.2125,97.5,351.0,1667.7,9,0.2391304347826087,8,0,0,688,3857,1121.894186046511,2.5
20262,1.0,714,2026-08-05T23:00,COMPLETA,3578.4342,1181.8200000000002,97.5,490.0,2437.2,13,0.25,10,0,13,688,3857,1121.894186046511,2.5
20262,1.0,715,2026-08-05T23:10,SIN_DEMANDA,0,,,,,,,0,0,0,688,3857,1121.894186046511,2.5
20262,1.0,716,2026-08-05T23:20,COMPLETA,706.3688,2057.2,2057.2,34.0,201.6,1,0.25,1,0,1,688,3857,1121.894186046511,2.5
20262,1.0,717,2026-08-05T23:30,SIN_DEMANDA,0,,,,,,,0,0,0,688,3857,1121.894186046511,2.5
20262,1.0,718,2026-08-05T23:40,COMPLETA,1790.0343,1570.6666666666667,584.0,154.0,765.0,4,0.390625,3,0,4,688,3857,1121.894186046511,2.5
20262,1.0,719,2026-08-05T23:50,COMPLETA,1124.1308,1048.45,137.4,50.0,340.2,2,0.3125,2,0,1,688,3857,1121.894186046511,2.5
20262,1.0,720,2026-08-06T00:00,COMPLETA,1102.2377,1959.5,1959.5,22.0,153.0,1,0.20833333333333334,1,0,0,688,3857,1121.894186046511,2.5
20262,1.0,721,2026-08-06T00:10,COMPLETA,1012.1842,1959.5,1959.5,22.0,153.0,1,0.20833333333333334,1,0,0,688,3857,1121.894186046511,2.5
20262,1.0,722,2026-08-06T00:20,COMPLETA,1130.8672,1277.75,596.0,94.0,873.0,4,0.4166666666666667,2,0,3,690,3862,1121.7655072463763,2.5
20262,1.0,723,2026-08-06T00:30,COMPLETA,1101.443,1959.5,1959.5,22.0,153.0,1,0.20833333333333334,1,0,0,693,3875,1123.6063492063486,2.5
20262,1.0,724,2026-08-06T00:40,COMPLETA,1014.7928,1959.5,1959.5,22.0,153.0,1,0.20833333333333334,1,0,0,694,3885,1122.8648414985585,2.5
20262,1.0,725,2026-08-06T00:50,COMPLETA,2073.5368,1720.6799999999998,590.2,255.0,1297.6,6,0.2625,5,0,4,697,3905,1123.98837876614,2.5
20262,1.0,726,2026-08-06T01:00,COMPLETA,1255.4737,1985.5,1953.5,48.0,312.0,2,0.125,2,0,0,698,3915,1122.7527220630366,2.5
20262,1.0,727,2026-08-06T01:10,COMPLETA,1291.3658,1985.5,1953.5,48.0,312.0,2,0.125,2,0,0,700,3927,1125.4437142857137,2.5
20262,1.0,728,2026-08-06T01:20,COMPLETA,1380.148,1985.5,1953.5,48.0,312.0,2,0.125,2,0,0,701,3932,1126.771184022824,2.5
20262,1.0,729,2026-08-06T01:30,COMPLETA,1595.4435,2011.375,1959.5,161.0,481.5,4,0.15625,4,0,2,702,3937,1125.3618233618226,2.5
20262,1.0,730,2026-08-06T01:40,COMPLETA,1864.7317,2026.825,1925.6,122.0,562.1999999999999,5,0.3055555555555556,4,0,2,702,3937,1125.3618233618226,2.5
20262,1.0,731,2026-08-06T01:50,COMPLETA,1200.6651,1999.95,1953.5,58.0,299.4,3,0.35,2,0,1,702,3937,1125.3618233618226,2.5
20262,1.0,732,2026-08-06T02:00,COMPLETA,1303.4138,2052.95,2046.4,93.0,428.1,4,0.25,2,0,1,703,3947,1124.5917496443806,2.5
20262,1.0,733,2026-08-06T02:10,COMPLETA,1562.9822,1135.2,382.0,109.0,466.5,4,0.3541666666666667,3,0,4,703,3947,1124.5917496443806,2.5
20262,1.0,734,2026-08-06T02:20,SIN_DEMANDA,0,,,,,,,0,0,0,704,3957,1123.8409090909083,2.5
20262,1.0,735,2026-08-06T02:30,COMPLETA,945.6229,987.5,987.5,38.0,117.0,1,0.375,1,0,1,704,3957,1123.8409090909083,2.5
20262,1.0,736,2026-08-06T02:40,COMPLETA,1230.657,2056.5,2054.5,92.0,258.0,2,0.22916666666666666,2,0,1,704,3957,1123.8409090909083,2.5
20262,1.0,737,2026-08-06T02:50,COMPLETA,1173.7627,2067.35,2054.5,50.0,202.2,2,0.4375,2,0,2,705,3963,1125.1395744680844,2.5
20262,1.0,738,2026-08-06T03:00,SIN_DEMANDA,0,,,,,,,0,0,0,707,3970,1125.7080622347942,2.5
20262,1.0,739,2026-08-06T03:10,COMPLETA,582.6967,970.5,970.5,43.0,124.5,1,0.125,1,0,1,707,3970,1125.7080622347942,2.5
20262,1.0,740,2026-08-06T03:20,SIN_DEMANDA,0,,,,,,,0,0,0,708,3975,1126.877259887005,2.5
20262,1.0,741,2026-08-06T03:30,COMPLETA,1056.673,139.0,139.0,44.0,126.0,1,0.20833333333333334,1,0,1,710,3986,1129.394225352112,2.5
20262,1.0,742,2026-08-06T03:40,COMPLETA,1226.5271,915.4333333333334,68.0,116.0,366.6,3,0.30357142857142855,3,0,1,713,3999,1133.177419354838,2.5
20262,1.0,743,2026-08-06T03:50,COMPLETA,1350.1563,1179.0500000000002,68.0,148.0,530.4,4,0.4166666666666667,4,0,0,715,4009,1133.4223776223769,2.5
20262,1.0,744,2026-08-06T04:00,COMPLETA,1707.6453,1136.1399999999999,68.0,213.0,687.9,5,0.4166666666666667,5,0,1,716,4010,1133.2041899441333,2.5
20262,1.0,745,2026-08-06T04:10,COMPLETA,1306.2381,1179.0500000000002,68.0,148.0,530.4,4,0.4166666666666667,4,0,1,718,4024,1134.3201949860716,2.5
20262,1.0,746,2026-08-06T04:20,COMPLETA,1171.131,898.0,68.0,106.0,369.6,3,0.35,3,0,1,719,4026,1135.6055632823359,2.5
20262,1.0,747,2026-08-06T04:30,COMPLETA,1084.3235,360.0333333333333,68.0,125.0,477.6,3,0.17857142857142858,3,0,2,720,4035,1136.8818055555548,2.5
20262,1.0,748,2026-08-06T04:40,COMPLETA,1023.9308,517.75,426.5,66.0,336.0,2,0.1875,2,0,0,720,4035,1136.8818055555548,2.5
20262,1.0,749,2026-08-06T04:50,COMPLETA,1356.9675,873.375,389.5,130.0,552.0,4,0.1875,4,0,3,720,4035,1136.8818055555548,2.5
20262,1.0,750,2026-08-06T05:00,COMPLETA,1018.2924,713.75,426.5,59.0,384.0,3,0.275,2,0,2,721,4038,1136.6510402219133,2.5
20262,1.0,751,2026-08-06T05:10,COMPLETA,1179.6506,640.6666666666666,426.5,147.0,697.5,4,0.17708333333333334,3,0,1,723,4052,1136.5724757952967,2.5
20262,1.0,752,2026-08-06T05:20,COMPLETA,1148.4485,526.5666666666667,426.5,118.0,675.6,4,0.1875,3,0,1,723,4052,1136.5724757952967,2.5
20262,1.0,753,2026-08-06T05:30,COMPLETA,1178.4551,978.0,426.5,141.0,695.0,4,0.20833333333333334,3,0,0,723,4052,1136.5724757952967,2.5
20262,1.0,754,2026-08-06T05:40,COMPLETA,1140.7262,978.0,426.5,141.0,695.0,4,0.20833333333333334,3,0,0,723,4052,1136.5724757952967,2.5
20262,1.0,755,2026-08-06T05:50,COMPLETA,1155.0467,978.0,426.5,141.0,695.0,4,0.20833333333333334,3,0,0,725,4063,1137.0591724137923,2.5
20262,1.0,756,2026-08-06T06:00,COMPLETA,1325.8018,871.75,426.5,253.0,1103.0,6,0.19444444444444445,4,0,0,726,4073,1136.821487603305,2.5
20262,1.0,757,2026-08-06T06:10,COMPLETA,1577.4643,713.8399999999999,97.5,201.0,969.6,5,0.3269230769230769,5,0,0,727,4079,1138.0393397524062,2.5
20262,1.0,758,2026-08-06T06:20,COMPLETA,1834.1535,922.9,80.4,362.0,2158.2,10,0.3333333333333333,6,0,0,729,4095,1136.8245541838126,2.5
20262,1.0,759,2026-08-06T06:30,COMPLETA,2116.699,1088.8714285714286,80.4,383.0,1986.8,10,0.2556818181818182,7,0,0,732,4107,1135.9161202185785,2.5
20262,1.0,760,2026-08-06T06:40,COMPLETA,2068.521,966.7625,80.4,376.0,2010.5,10,0.34375,8,0,0,732,4107,1135.9161202185785,2.5
20262,1.0,761,2026-08-06T06:50,COMPLETA,3041.2171,1025.575,80.4,598.0,3047.9,15,0.3064516129032258,12,0,0,733,4110,1135.2207366984985,2.5
20262,1.0,762,2026-08-06T07:00,COMPLETA,3748.9689,1103.4769230769232,86.5,731.0,3663.6,18,0.2986111111111111,13,0,17,734,4115,1134.9935967302442,2.5
20262,1.0,763,2026-08-06T07:10,COMPLETA,1332.9464,1032.1666666666667,116.5,130.0,815.0,4,0.30357142857142855,3,0,3,734,4115,1134.9935967302442,2.5
20262,1.0,764,2026-08-06T07:20,COMPLETA,1082.0843,760.1666666666666,72.0,131.0,1068.0,5,0.45454545454545453,3,0,4,734,4115,1134.9935967302442,2.5
20262,1.0,765,2026-08-06T07:30,COMPLETA,1111.7711,491.85,129.5,124.0,499.8,2,0.3125,2,0,2,734,4115,1134.9935967302442,2.5
20262,1.0,766,2026-08-06T07:40,SIN_DEMANDA,0,,,,,,,0,0,0,734,4115,1134.9935967302442,2.5
20262,1.0,767,2026-08-06T07:50,SIN_DEMANDA,0,,,,,,,0,0,0,734,4115,1134.9935967302442,2.5
20262,1.0,768,2026-08-06T08:00,SIN_DEMANDA,0,,,,,,,0,0,0,734,4115,1134.9935967302442,2.5
20262,1.0,769,2026-08-06T08:10,COMPLETA,916.885,937.8,937.8,114.0,513.6,2,0.625,1,0,2,734,4115,1134.9935967302442,2.5
20262,1.0,770,2026-08-06T08:20,COMPLETA,1107.065,1212.775,295.0,175.0,965.0,4,0.29545454545454547,4,0,3,736,4126,1137.507472826086,2.5
20262,1.0,771,2026-08-06T08:30,COMPLETA,966.2181,1254.5,542.0,62.0,356.4,2,0.15625,2,0,0,739,4150,1136.5166441136662,2.5
20262,1.0,772,2026-08-06T08:40,COMPLETA,1251.9952,1493.6666666666667,542.0,90.0,518.4,3,0.16071428571428573,3,0,0,741,4166,1136.7514170040477,2.5
20262,1.0,773,2026-08-06T08:50,COMPLETA,1192.7794,1493.6666666666667,542.0,90.0,518.4,3,0.16071428571428573,3,0,0,744,4192,1138.2553763440849,2.5
20262,1.0,774,2026-08-06T09:00,COMPLETA,1369.5613,1621.25,542.0,128.0,695.4,4,0.1625,4,0,0,747,4203,1137.838688085675,2.5
20262,1.0,775,2026-08-06T09:10,COMPLETA,1339.9003,1311.72,73.6,192.0,1089.0,6,0.20833333333333334,5,0,0,749,4222,1135.088785046728,2.5
20262,1.0,776,2026-08-06T09:20,COMPLETA,1471.107,1428.4333333333334,73.6,203.0,1049.1,6,0.23958333333333334,6,0,0,750,4224,1134.1439999999989,2.5
20262,1.0,777,2026-08-06T09:30,COMPLETA,1991.3221,1500.6,76.0,329.0,1378.8,9,0.19078947368421054,9,0,0,750,4224,1134.1439999999989,2.5
20262,1.0,778,2026-08-06T09:40,COMPLETA,2750.5422,1593.1727272727273,64.0,443.0,1851.9,12,0.1875,11,0,0,750,4224,1134.1439999999989,2.5
20262,1.0,779,2026-08-06T09:50,COMPLETA,3067.723,1489.9833333333333,73.6,491.0,2025.6,14,0.21,12,0,6,750,4224,1134.1439999999989,2.5
20262,1.0,780,2026-08-06T10:00,COMPLETA,1585.1273,1571.4857142857143,76.0,242.0,934.8,7,0.25961538461538464,7,0,0,751,4226,1132.7296937416768,2.5
20262,1.0,781,2026-08-06T10:10,COMPLETA,1990.2159,1499.125,64.0,252.0,993.6,8,0.2265625,8,0,3,751,4226,1132.7296937416768,2.5
20262,1.0,782,2026-08-06T10:20,COMPLETA,1606.0386,1349.5,64.0,302.0,1137.0,9,0.24342105263157895,9,0,3,751,4226,1132.7296937416768,2.5
20262,1.0,783,2026-08-06T10:30,COMPLETA,1469.8086,1322.1571428571426,52.5,246.0,859.2,7,0.23529411764705882,7,0,5,753,4240,1131.7482071713137,2.5
20262,1.0,784,2026-08-06T10:40,COMPLETA,1403.817,1493.6,925.5,147.0,512.7,4,0.1875,4,0,1,753,4240,1131.7482071713137,2.5
20262,1.0,785,2026-08-06T10:50,COMPLETA,1285.0762,1287.375,130.0,126.0,513.0,4,0.19736842105263158,4,0,2,753,4240,1131.7482071713137,2.5
20262,1.0,786,2026-08-06T11:00,COMPLETA,1023.6827,1096.25,130.0,62.0,213.0,2,0.125,2,0,2,754,4242,1132.890450928381,2.5
20262,1.0,787,2026-08-06T11:10,SIN_DEMANDA,0,,,,,,,0,0,0,754,4242,1132.890450928381,2.5
20262,1.0,788,2026-08-06T11:20,COMPLETA,1071.1741,489.4,345.4,36.0,206.4,2,0.75,2,0,0,756,4248,1131.413492063491,2.5
20262,1.0,789,2026-08-06T11:30,COMPLETA,1336.3364,782.65,104.8,106.0,458.4,4,0.4583333333333333,4,0,1,759,4255,1131.5699604743072,2.5
20262,1.0,790,2026-08-06T11:40,COMPLETA,1360.5743,937.3333333333334,94.5,198.0,969.6,8,0.29,6,0,3,760,4256,1132.742894736841,2.5
20262,1.0,791,2026-08-06T11:50,COMPLETA,1545.636,1021.1333333333333,94.5,162.0,669.6,6,0.2604166666666667,6,0,3,764,4274,1135.1551047120408,2.5
20262,1.0,792,2026-08-06T12:00,COMPLETA,1549.3331,1099.6399999999999,94.5,152.0,553.2,5,0.22115384615384615,5,0,3,767,4284,1138.5363754889167,2.5
20262,1.0,793,2026-08-06T12:10,COMPLETA,1560.138,1548.75,94.5,192.0,634.8,5,0.2727272727272727,4,0,0,769,4291,1140.9292587776322,2.5
20262,1.0,794,2026-08-06T12:20,COMPLETA,1514.9439,1548.75,94.5,192.0,634.8,5,0.2727272727272727,4,0,4,771,4300,1140.712840466925,2.5
20262,1.0,795,2026-08-06T12:30,COMPLETA,1310.2171,1652.9,115.4,211.0,715.5,5,0.2361111111111111,5,0,2,773,4308,1140.1516170763248,2.5
20262,1.0,796,2026-08-06T12:40,COMPLETA,1313.0925,1120.825,115.4,184.0,593.4,4,0.234375,4,0,2,774,4312,1138.8465116279058,2.5
20262,1.0,797,2026-08-06T12:50,COMPLETA,1034.5554,278.3666666666667,104.0,118.0,389.4,3,0.19642857142857142,3,0,2,777,4325,1137.9703989703978,2.5
20262,1.0,798,2026-08-06T13:00,COMPLETA,895.2288,104.0,104.0,32.0,108.0,1,0.3333333333333333,1,0,0,779,4334,1137.0888318356858,2.5
20262,1.0,799,2026-08-06T13:10,COMPLETA,1191.4215,780.3333333333334,104.0,84.0,306.0,3,0.2916666666666667,3,0,2,780,4343,1135.8194871794863,2.5
20262,1.0,800,2026-08-06T13:20,COMPLETA,1000.7214,119.75,104.0,62.0,213.0,2,0.3541666666666667,2,0,1,782,4352,1136.8289002557535,2.5
20262,1.0,801,2026-08-06T13:30,COMPLETA,1345.2955,1247.75,43.5,176.0,804.0,5,0.18333333333333332,4,0,1,783,4356,1137.9913154533835,2.5
20262,1.0,802,2026-08-06T13:40,COMPLETA,1559.8875,1521.45,43.5,152.0,838.8,6,0.23214285714285715,4,0,2,784,4362,1136.9711734693867,2.5
20262,1.0,803,2026-08-06T13:50,COMPLETA,1156.3548,1334.0,43.5,99.0,508.5,3,0.2916666666666667,3,0,0,785,4368,1135.6431847133747,2.5
20262,1.0,804,2026-08-06T14:00,COMPLETA,1427.8507,1217.6,39.5,216.0,1044.0,6,0.19444444444444445,5,0,0,789,4386,1140.2596958174895,2.5
20262,1.0,805,2026-08-06T14:10,COMPLETA,2371.272,1047.0222222222224,39.5,414.0,2065.2,11,0.2608695652173913,9,0,0,790,4389,1141.422658227847,2.5
20262,1.0,806,2026-08-06T14:20,COMPLETA,4026.1785,941.2363636363636,39.5,519.0,2736.9,15,0.24193548387096775,11,0,0,790,4389,1141.422658227847,2.5
20262,1.0,807,2026-08-06T14:30,COMPLETA,3845.9413,941.2363636363636,39.5,519.0,2736.9,15,0.24193548387096775,11,0,0,793,4400,1140.3195460277418,2.5
20262,1.0,808,2026-08-06T14:40,COMPLETA,3925.5264,941.2363636363636,39.5,519.0,2736.9,15,0.24193548387096775,11,0,0,794,4402,1139.3299748110821,2.5
20262,1.0,809,2026-08-06T14:50,COMPLETA,3905.3545,941.2363636363636,39.5,519.0,2736.9,15,0.24193548387096775,11,0,0,797,4420,1140.3818067754069,2.5
20262,1.0,810,2026-08-06T15:00,COMPLETA,3829.1756,941.2363636363636,39.5,519.0,2736.9,15,0.24193548387096775,11,0,15,799,4424,1141.29123904881,2.5
20262,1.0,811,2026-08-06T15:10,COMPLETA,676.6863,2031.5,2031.5,74.0,231.0,1,0.08333333333333333,1,0,1,799,4424,1141.29123904881,2.5
20262,1.0,812,2026-08-06T15:20,COMPLETA,962.1271,601.5,601.5,66.0,219.0,1,0.3333333333333333,1,0,1,799,4424,1141.29123904881,2.5
20262,1.0,813,2026-08-06T15:30,COMPLETA,1644.2041,1493.8666666666666,388.2,111.0,752.6,4,0.5,3,0,4,799,4424,1141.29123904881,2.5
20262,1.0,814,2026-08-06T15:40,COMPLETA,1097.1284,2066.8,2066.8,52.0,364.8,2,0.3125,1,0,2,799,4424,1141.29123904881,2.5
20262,1.0,815,2026-08-06T15:50,COMPLETA,598.2096,326.4,326.4,60.0,264.0,1,0.125,1,0,1,799,4424,1141.29123904881,2.5
20262,1.0,816,2026-08-06T16:00,COMPLETA,1236.3214,1473.4,960.8,58.0,368.4,2,0.25,2,0,1,799,4424,1141.29123904881,2.5
20262,1.0,817,2026-08-06T16:10,COMPLETA,1182.6468,1972.0,1958.0,141.0,1143.0,4,0.3888888888888889,2,0,3,799,4424,1141.29123904881,2.5
20262,1.0,818,2026-08-06T16:20,COMPLETA,1239.2153,2008.5,1986.0,60.0,618.0,3,0.375,2,0,2,799,4424,1141.29123904881,2.5
20262,1.0,819,2026-08-06T16:30,COMPLETA,1333.6548,1977.0,1968.0,64.0,336.0,2,0.2708333333333333,2,0,0,804,4445,1142.8509950248747,2.5
20262,1.0,820,2026-08-06T16:40,COMPLETA,1355.4391,1977.0,1968.0,64.0,336.0,2,0.2708333333333333,2,0,0,807,4473,1142.2389095415108,2.5
20262,1.0,821,2026-08-06T16:50,COMPLETA,1339.9206,1977.0,1968.0,64.0,336.0,2,0.2708333333333333,2,0,0,809,4481,1139.5992583436332,2.5
20262,1.0,822,2026-08-06T17:00,COMPLETA,1786.6407,1997.3333333333333,1968.0,86.0,506.0,3,0.28846153846153844,3,0,1,812,4493,1138.7878078817723,2.5
20262,1.0,823,2026-08-06T17:10,COMPLETA,1432.9053,1363.6666666666667,137.0,96.0,616.0,4,0.32142857142857145,3,0,2,812,4493,1138.7878078817723,2.5
20262,1.0,824,2026-08-06T17:20,COMPLETA,1417.9871,1977.0,1968.0,64.0,336.0,2,0.2708333333333333,2,0,0,815,4508,1140.3625766871155,2.5
20262,1.0,825,2026-08-06T17:30,COMPLETA,1315.1457,1977.0,1968.0,64.0,216.0,2,0.2708333333333333,2,0,0,815,4508,1140.3625766871155,2.5
20262,1.0,826,2026-08-06T17:40,COMPLETA,1765.9559,1438.0,381.0,112.0,348.0,3,0.3194444444444444,3,0,2,816,4515,1141.4542892156853,2.5
20262,1.0,827,2026-08-06T17:50,COMPLETA,1722.9237,860.625,378.5,143.0,543.3,5,0.3181818181818182,4,0,4,816,4515,1141.4542892156853,2.5
20262,1.0,828,2026-08-06T18:00,COMPLETA,1116.0911,256.0,133.5,50.0,195.0,2,0.20833333333333334,2,0,1,817,4519,1141.233170134638,2.5
20262,1.0,829,2026-08-06T18:10,COMPLETA,1824.2279,1298.125,133.5,92.0,441.0,4,0.3958333333333333,4,0,0,817,4519,1141.233170134638,2.5
20262,1.0,830,2026-08-06T18:20,COMPLETA,1790.3388,1113.78,116.8,150.0,568.2,5,0.2777777777777778,5,0,3,818,4527,1142.3209046454758,2.5
20262,1.0,831,2026-08-06T18:30,COMPLETA,1237.4956,490.1666666666667,116.8,104.0,377.4,3,0.225,3,0,3,819,4528,1141.3246642246634,2.5
20262,1.0,832,2026-08-06T18:40,COMPLETA,980.6655,2062.0,2062.0,60.0,264.0,2,0.625,1,0,2,819,4528,1141.3246642246634,2.5
20262,1.0,833,2026-08-06T18:50,SIN_DEMANDA,0,,,,,,,0,0,0,821,4537,1141.1302070645545,2.5
20262,1.0,834,2026-08-06T19:00,COMPLETA,1132.2919,375.5,146.5,100.0,270.0,2,0.125,2,0,2,822,4539,1142.221289537712,2.5
20262,1.0,835,2026-08-06T19:10,COMPLETA,1283.3846,1221.8,389.0,120.0,396.0,3,0.17857142857142858,2,0,3,822,4539,1142.221289537712,2.5
20262,1.0,836,2026-08-06T19:20,COMPLETA,1038.881,2033.2,2033.2,50.0,180.0,1,0.625,1,0,1,824,4558,1142.4331310679602,2.5
20262,1.0,837,2026-08-06T19:30,COMPLETA,989.1135,367.0,367.0,56.0,144.0,1,0.4166666666666667,1,0,1,826,4573,1142.4956416464881,2.5
20262,1.0,838,2026-08-06T19:40,COMPLETA,1118.9519,940.0,940.0,120.0,408.0,2,0.5,1,0,2,827,4576,1143.6186215235782,2.5
20262,1.0,839,2026-08-06T19:50,SIN_DEMANDA,0,,,,,,,0,0,0,828,4580,1142.968115942028,2.5
20262,1.0,840,2026-08-06T20:00,COMPLETA,1266.2025,1319.15,589.8,118.0,347.4,2,0.375,2,0,2,832,4603,1144.6228365384604,2.5
20262,1.0,841,2026-08-06T20:10,COMPLETA,633.8865,964.0,964.0,40.0,156.0,1,0.375,1,0,1,833,4608,1143.3889555822318,2.5
20262,1.0,842,2026-08-06T20:20,COMPLETA,1527.5229,2065.633333333333,2046.5,82.0,319.2,3,0.21428571428571427,3,0,2,835,4619,1143.5586826347296,2.5
20262,1.0,843,2026-08-06T20:30,COMPLETA,1066.4212,2046.5,2046.5,42.0,123.0,1,0.375,1,0,1,836,4624,1142.366028708133,2.5
20262,1.0,844,2026-08-06T20:40,COMPLETA,608.276,154.0,154.0,24.0,96.0,1,0.16666666666666666,1,0,1,837,4632,1141.4659498207875,2.5
20262,1.0,845,2026-08-06T20:50,COMPLETA,1088.1711,2084.6,2084.6,12.0,88.8,1,0.75,1,0,1,839,4635,1141.9143027413577,2.5
20262,1.0,846,2026-08-06T21:00,SIN_DEMANDA,0,,,,,,,0,0,0,839,4635,1141.9143027413577,2.5
20262,1.0,847,2026-08-06T21:10,COMPLETA,1025.9297,688.75,387.0,66.0,219.0,2,0.22916666666666666,2,0,2,839,4635,1141.9143027413577,2.5
20262,1.0,848,2026-08-06T21:20,COMPLETA,654.3108,1960.0,1960.0,44.0,186.0,1,0.041666666666666664,1,0,0,840,4645,1140.9917857142848,2.5
20262,1.0,849,2026-08-06T21:30,COMPLETA,1256.7941,1120.25,280.5,160.0,600.0,3,0.09722222222222222,2,0,0,841,4650,1142.0526753864438,2.5
20262,1.0,850,2026-08-06T21:40,COMPLETA,1204.7346,1120.25,280.5,160.0,600.0,3,0.09722222222222222,2,0,0,842,4652,1143.1666270783837,2.5
20262,1.0,851,2026-08-06T21:50,COMPLETA,1822.6304,753.0,222.5,248.0,853.5,4,0.14583333333333334,4,0,0,844,4658,1145.3379146919422,2.5
20262,1.0,852,2026-08-06T22:00,COMPLETA,1763.4299,753.0,222.5,248.0,853.5,4,0.14583333333333334,4,0,0,847,4673,1143.7109799291607,2.5
20262,1.0,853,2026-08-06T22:10,COMPLETA,1691.3082,753.0,222.5,248.0,853.5,4,0.14583333333333334,4,0,0,850,4695,1145.2283529411754,2.5
20262,1.0,854,2026-08-06T22:20,COMPLETA,1666.8479,753.0,222.5,248.0,853.5,4,0.14583333333333334,4,0,0,850,4695,1145.2283529411754,2.5
20262,1.0,855,2026-08-06T22:30,COMPLETA,1735.5671,753.0,222.5,248.0,853.5,4,0.14583333333333334,4,0,0,850,4695,1145.2283529411754,2.5
20262,1.0,856,2026-08-06T22:40,COMPLETA,2881.7396,861.0714285714286,222.5,452.0,1765.5,9,0.12962962962962962,7,0,0,852,4706,1144.1568075117361,2.5
20262,1.0,857,2026-08-06T22:50,COMPLETA,4030.038,846.5222222222222,222.5,450.0,1904.1,10,0.19196428571428573,9,0,0,852,4706,1144.1568075117361,2.5
20262,1.0,858,2026-08-06T23:00,COMPLETA,6328.1551,797.3454545454545,162.4,598.0,2925.3,16,0.2013888888888889,11,0,16,852,4706,1144.1568075117361,2.5
20262,1.0,859,2026-08-06T23:10,COMPLETA,1389.524,1513.2,990.4,118.0,643.2,3,0.5,2,0,3,852,4706,1144.1568075117361,2.5
20262,1.0,860,2026-08-06T23:20,COMPLETA,944.0818,2042.4,2042.4,96.0,470.4,2,0.5,1,0,2,852,4706,1144.1568075117361,2.5
20262,1.0,861,2026-08-06T23:30,SIN_DEMANDA,0,,,,,,,0,0,0,852,4706,1144.1568075117361,2.5
20262,1.0,862,2026-08-06T23:40,SIN_DEMANDA,0,,,,,,,0,0,0,852,4706,1144.1568075117361,2.5
20262,1.0,863,2026-08-06T23:50,COMPLETA,1106.1075,636.6,636.6,24.0,297.6,2,0.5625,1,0,2,852,4706,1144.1568075117361,2.5
20262,1.0,864,2026-08-07T00:00,SIN_DEMANDA,0,,,,,,,0,0,0,852,4706,1144.1568075117361,2.5
20262,1.0,865,2026-08-07T00:10,SIN_DEMANDA,0,,,,,,,0,0,0,853,4714,1143.0058616647118,2.5
20262,1.0,866,2026-08-07T00:20,COMPLETA,996.7118,372.8,372.8,36.0,206.4,1,0.75,1,0,1,854,4723,1142.3946135831372,2.5
20262,1.0,867,2026-08-07T00:30,COMPLETA,961.7753,543.0,543.0,132.0,1020.0,3,0.75,1,0,3,856,4738,1141.590070093457,2.5
20262,1.0,868,2026-08-07T00:40,SIN_DEMANDA,0,,,,,,,0,0,0,861,4757,1142.5427409988376,2.5
20262,1.0,869,2026-08-07T00:50,SIN_DEMANDA,0,,,,,,,0,0,0,863,4764,1140.6260718424094,2.5
20262,1.0,870,2026-08-07T01:00,COMPLETA,1093.9342,585.6,585.6,44.0,165.6,1,1.0,1,0,1,863,4764,1140.6260718424094,2.5
20262,1.0,871,2026-08-07T01:10,COMPLETA,1302.2575,2049.9,2049.0,94.0,468.0,3,0.19642857142857142,2,0,1,865,4782,1141.0784971098258,2.5
20262,1.0,872,2026-08-07T01:20,COMPLETA,1162.5709,1085.75,122.5,86.0,249.0,2,0.3541666666666667,2,0,0,866,4790,1142.1192840646643,2.5
20262,1.0,873,2026-08-07T01:30,COMPLETA,1607.8349,1406.8999999999999,122.5,106.0,357.0,3,0.35714285714285715,3,0,2,866,4790,1142.1192840646643,2.5
20262,1.0,874,2026-08-07T01:40,COMPLETA,1237.6381,1492.85,936.5,90.0,273.0,2,0.21875,2,0,0,866,4790,1142.1192840646643,2.5
20262,1.0,875,2026-08-07T01:50,COMPLETA,1501.2702,1654.7333333333333,936.5,252.0,847.0,4,0.1625,3,0,2,866,4790,1142.1192840646643,2.5
20262,1.0,876,2026-08-07T02:00,COMPLETA,1747.9455,1069.0,393.0,223.0,911.8,5,0.16666666666666666,4,0,2,866,4790,1142.1192840646643,2.5
20262,1.0,877,2026-08-07T02:10,COMPLETA,1308.5233,1473.25,968.0,112.0,509.8,3,0.175,2,0,2,868,4799,1140.1735023041467,2.5
20262,1.0,878,2026-08-07T02:20,COMPLETA,1170.4218,1301.0,623.5,144.0,511.0,3,0.125,2,0,3,868,4799,1140.1735023041467,2.5
20262,1.0,879,2026-08-07T02:30,COMPLETA,938.0757,382.5,382.5,84.0,246.0,2,0.14583333333333334,1,0,2,868,4799,1140.1735023041467,2.5
20262,1.0,880,2026-08-07T02:40,COMPLETA,647.1245,350.4,350.4,56.0,194.4,1,0.5,1,0,1,868,4799,1140.1735023041467,2.5
20262,1.0,881,2026-08-07T02:50,SIN_DEMANDA,0,,,,,,,0,0,0,868,4799,1140.1735023041467,2.5
20262,1.0,882,2026-08-07T03:00,SIN_DEMANDA,0,,,,,,,0,0,0,870,4810,1142.2648275862061,2.5
20262,1.0,883,2026-08-07T03:10,COMPLETA,1560.5037,1365.9,386.4,102.0,514.8,4,0.3125,4,0,4,870,4810,1142.2648275862061,2.5
20262,1.0,884,2026-08-07T03:20,SIN_DEMANDA,0,,,,,,,0,0,0,874,4837,1140.813157894736,2.5
20262,1.0,885,2026-08-07T03:30,SIN_DEMANDA,0,,,,,,,0,0,0,875,4838,1139.9585142857134,2.5
20262,1.0,886,2026-08-07T03:40,COMPLETA,1503.5172,1558.5333333333335,625.5,195.0,528.3,3,0.23214285714285715,3,0,3,875,4838,1139.9585142857134,2.5
20262,1.0,887,2026-08-07T03:50,COMPLETA,1236.0289,2075.6,2075.0,38.0,189.6,2,0.4375,2,0,2,876,4843,1139.7622146118713,2.5
20262,1.0,888,2026-08-07T04:00,COMPLETA,1023.3662,2029.2,2029.2,108.0,379.2,2,0.5625,1,0,2,878,4854,1138.9427107061495,2.5
20262,1.0,889,2026-08-07T04:10,COMPLETA,1207.9115,1508.6,975.0,70.0,259.2,2,0.125,2,0,0,879,4861,1138.0821387940834,2.5
20262,1.0,890,2026-08-07T04:20,COMPLETA,1280.2958,1044.8999999999999,117.5,132.0,412.2,3,0.17857142857142858,3,0,2,879,4861,1138.0821387940834,2.5
20262,1.0,891,2026-08-07T04:30,COMPLETA,1350.0881,1061.7666666666667,117.5,110.0,359.4,3,0.25,3,0,3,879,4861,1138.0821387940834,2.5
20262,1.0,892,2026-08-07T04:40,COMPLETA,1156.7247,795.75,582.0,90.0,255.0,2,0.16666666666666666,2,0,1,879,4861,1138.0821387940834,2.5
20262,1.0,893,2026-08-07T04:50,COMPLETA,649.4001,582.0,582.0,80.0,180.0,1,0.08333333333333333,1,0,1,883,4875,1137.1108720271793,2.5
20262,1.0,894,2026-08-07T05:00,SIN_DEMANDA,0,,,,,,,0,0,0,885,4881,1139.1714124293778,2.5
20262,1.0,895,2026-08-07T05:10,SIN_DEMANDA,0,,,,,,,0,0,0,887,4891,1139.648703494926,2.5
20262,1.0,896,2026-08-07T05:20,SIN_DEMANDA,0,,,,,,,0,0,0,888,4901,1140.7020270270264,2.5
20262,1.0,897,2026-08-07T05:30,SIN_DEMANDA,0,,,,,,,0,0,0,888,4901,1140.7020270270264,2.5
20262,1.0,898,2026-08-07T05:40,SIN_DEMANDA,0,,,,,,,0,0,0,888,4901,1140.7020270270264,2.5
20262,1.0,899,2026-08-07T05:50,COMPLETA,1766.2735,1148.8333333333333,531.5,334.0,1221.0,6,0.1597222222222222,3,0,0,892,4914,1142.4105381165912,2.5
20262,1.0,900,2026-08-07T06:00,COMPLETA,1862.7603,1148.8333333333333,531.5,334.0,1221.0,6,0.1597222222222222,3,0,0,894,4924,1143.2279642058159,2.5
20262,1.0,901,2026-08-07T06:10,COMPLETA,2518.7329,994.4,531.5,330.0,1335.0,7,0.20238095238095238,5,0,0,896,4935,1145.2200892857134,2.5
20262,1.0,902,2026-08-07T06:20,COMPLETA,4144.0788,1196.5125,531.5,454.0,2094.6,11,0.255,8,0,0,897,4941,1144.0743589743581,2.5
20262,1.0,903,2026-08-07T06:30,COMPLETA,4688.9834,1284.6555555555558,501.8,628.0,2857.8,14,0.23660714285714285,9,0,0,897,4941,1144.0743589743581,2.5
20262,1.0,904,2026-08-07T06:40,COMPLETA,4832.5948,1284.6555555555558,501.8,628.0,2857.8,14,0.23660714285714285,9,0,0,897,4941,1144.0743589743581,2.5
20262,1.0,905,2026-08-07T06:50,COMPLETA,4794.8546,1284.6555555555558,501.8,628.0,2857.8,14,0.23660714285714285,9,0,0,897,4941,1144.0743589743581,2.5
20262,1.0,906,2026-08-07T07:00,COMPLETA,6340.7693,1255.51,531.5,550.0,2394.6,12,0.25,10,0,12,898,4943,1143.4484409799547,2.5
20262,1.0,907,2026-08-07T07:10,COMPLETA,1439.6069,2055.6,2029.2,132.0,655.2,3,0.425,2,0,3,898,4943,1143.4484409799547,2.5
20262,1.0,908,2026-08-07T07:20,COMPLETA,1028.5487,940.6,940.6,86.0,487.6,2,0.4375,1,0,2,898,4943,1143.4484409799547,2.5
20262,1.0,909,2026-08-07T07:30,SIN_DEMANDA,0,,,,,,,0,0,0,898,4943,1143.4484409799547,2.5
20262,1.0,910,2026-08-07T07:40,COMPLETA,1069.1223,985.0,985.0,28.0,162.0,1,0.4166666666666667,1,0,0,898,4943,1143.4484409799547,2.5
20262,1.0,911,2026-08-07T07:50,COMPLETA,1132.9968,985.0,985.0,28.0,162.0,1,0.4166666666666667,1,0,1,898,4943,1143.4484409799547,2.5
20262,1.0,912,2026-08-07T08:00,COMPLETA,1038.8103,2072.0,2072.0,20.0,168.0,1,0.875,1,0,1,898,4943,1143.4484409799547,2.5
20262,1.0,913,2026-08-07T08:10,COMPLETA,1085.229,554.3,139.6,104.0,609.6,3,0.3333333333333333,2,0,3,898,4943,1143.4484409799547,2.5
20262,1.0,914,2026-08-07T08:20,COMPLETA,916.668,97.6,97.6,55.0,252.0,1,0.875,1,0,1,899,4953,1142.8278086763062,2.5
20262,1.0,915,2026-08-07T08:30,COMPLETA,1303.339,2041.0,2023.0,58.0,452.0,2,0.5833333333333334,2,0,2,901,4962,1143.6450610432844,2.5
20262,1.0,916,2026-08-07T08:40,SIN_DEMANDA,0,,,,,,,0,0,0,904,4980,1144.9314159292028,2.5
20262,1.0,917,2026-08-07T08:50,SIN_DEMANDA,0,,,,,,,0,0,0,909,5007,1145.7137513751368,2.5
20262,1.0,918,2026-08-07T09:00,SIN_DEMANDA,0,,,,,,,0,0,0,909,5007,1145.7137513751368,2.5
20262,1.0,919,2026-08-07T09:10,SIN_DEMANDA,0,,,,,,,0,0,0,909,5007,1145.7137513751368,2.5
20262,1.0,920,2026-08-07T09:20,COMPLETA,797.1448,988.2,988.2,24.0,117.6,1,0.375,1,0,1,911,5026,1146.5071350164646,2.5
20262,1.0,921,2026-08-07T09:30,SIN_DEMANDA,0,,,,,,,0,0,0,912,5033,1147.5219298245606,2.5
20262,1.0,922,2026-08-07T09:40,COMPLETA,1304.2097,1223.45,372.4,58.0,295.8,3,0.375,2,0,1,913,5040,1147.295290251916,2.5
20262,1.0,923,2026-08-07T09:50,COMPLETA,1303.5999,487.7,372.4,100.0,358.8,3,0.425,2,0,1,914,5047,1146.1927789934346,2.5
20262,1.0,924,2026-08-07T10:00,COMPLETA,1027.0956,372.4,372.4,32.0,196.8,2,0.5625,1,0,2,915,5048,1145.9991256830592,2.5
20262,1.0,925,2026-08-07T10:10,SIN_DEMANDA,0,,,,,,,0,0,0,916,5053,1146.9958515283834,2.5
20262,1.0,926,2026-08-07T10:20,COMPLETA,1196.9883,673.75,381.0,116.0,368.5,3,0.1527777777777778,2,0,2,916,5053,1146.9958515283834,2.5
20262,1.0,927,2026-08-07T10:30,COMPLETA,961.1854,966.5,966.5,36.0,128.5,1,0.20833333333333334,1,0,1,916,5053,1146.9958515283834,2.5
20262,1.0,928,2026-08-07T10:40,COMPLETA,1168.2818,1339.25,644.0,162.0,423.0,3,0.20833333333333334,2,0,3,918,5062,1146.8069716775592,2.5
20262,1.0,929,2026-08-07T10:50,COMPLETA,1064.1099,2089.0,2089.0,12.0,78.0,1,0.20833333333333334,1,0,1,919,5065,1146.634385201305,2.5
20262,1.0,930,2026-08-07T11:00,COMPLETA,1114.2004,1330.0,626.5,101.0,271.5,2,0.3333333333333333,2,0,1,920,5071,1147.6429347826079,2.5
20262,1.0,931,2026-08-07T11:10,COMPLETA,1303.6175,998.1,348.0,179.0,616.5,4,0.3958333333333333,3,0,2,920,5071,1147.6429347826079,2.5
20262,1.0,932,2026-08-07T11:20,COMPLETA,1305.4908,482.8,142.0,182.0,676.8,4,0.59375,3,0,4,920,5071,1147.6429347826079,2.5
20262,1.0,933,2026-08-07T11:30,SIN_DEMANDA,0,,,,,,,0,0,0,921,5080,1146.8011943539623,2.5
20262,1.0,934,2026-08-07T11:40,SIN_DEMANDA,0,,,,,,,0,0,0,921,5080,1146.8011943539623,2.5
20262,1.0,935,2026-08-07T11:50,COMPLETA,621.1913,162.4,162.4,8.0,79.2,1,0.125,1,0,1,923,5094,1145.3823401950153,2.5
20262,1.0,936,2026-08-07T12:00,COMPLETA,637.6824,2055.0,2055.0,48.0,132.0,1,0.125,1,0,1,925,5104,1145.8604324324315,2.5
20262,1.0,937,2026-08-07T12:10,SIN_DEMANDA,0,,,,,,,0,0,0,925,5104,1145.8604324324315,2.5
20262,1.0,938,2026-08-07T12:20,COMPLETA,953.9117,2062.2,2062.2,48.0,235.2,2,0.4375,1,0,2,926,5109,1145.6667386609063,2.5
20262,1.0,939,2026-08-07T12:30,COMPLETA,625.2896,122.4,122.4,39.0,153.6,1,0.125,1,0,1,926,5109,1145.6667386609063,2.5
20262,1.0,940,2026-08-07T12:40,COMPLETA,1010.1062,2055.0,2055.0,52.0,138.0,1,0.25,1,0,1,927,5119,1145.106688241639,2.5
20262,1.0,941,2026-08-07T12:50,COMPLETA,597.3764,404.0,404.0,16.0,84.0,1,0.125,1,0,1,928,5129,1146.0650862068958,2.5
20262,1.0,942,2026-08-07T13:00,COMPLETA,1148.6183,1991.0,1926.0,184.0,576.0,3,0.1527777777777778,2,0,1,932,5143,1144.312339055793,2.5
20262,1.0,943,2026-08-07T13:10,COMPLETA,1021.4746,1926.0,1926.0,136.0,444.0,2,0.14583333333333334,1,0,0,932,5143,1144.312339055793,2.5
20262,1.0,944,2026-08-07T13:20,COMPLETA,952.8639,1926.0,1926.0,136.0,444.0,2,0.14583333333333334,1,0,0,933,5148,1144.1130760986057,2.5
20262,1.0,945,2026-08-07T13:30,COMPLETA,966.4231,1926.0,1926.0,136.0,444.0,2,0.14583333333333334,1,0,0,934,5158,1143.2607066381147,2.5
20262,1.0,946,2026-08-07T13:40,COMPLETA,1001.834,1926.0,1926.0,136.0,444.0,2,0.14583333333333334,1,0,0,935,5161,1144.2358288770045,2.5
20262,1.0,947,2026-08-07T13:50,COMPLETA,1134.1513,1128.5,331.0,160.0,600.0,3,0.1111111111111111,2,0,0,936,5168,1145.2165598290587,2.5
20262,1.0,948,2026-08-07T14:00,COMPLETA,1304.7133,1415.0,331.0,220.0,810.0,4,0.14583333333333334,3,0,0,936,5168,1145.2165598290587,2.5
20262,1.0,949,2026-08-07T14:10,COMPLETA,1341.0561,1415.0,331.0,220.0,810.0,4,0.14583333333333334,3,0,0,937,5171,1144.425506937032,2.5
20262,1.0,950,2026-08-07T14:20,COMPLETA,1364.4152,1211.875,331.0,306.0,1179.0,6,0.14583333333333334,4,0,0,938,5177,1145.3962686567154,2.5
20262,1.0,951,2026-08-07T14:30,COMPLETA,1403.9414,1211.875,331.0,306.0,1179.0,6,0.14583333333333334,4,0,0,939,5178,1144.3068157614473,2.5
20262,1.0,952,2026-08-07T14:40,COMPLETA,1513.7162,1085.7,331.0,392.0,1548.0,8,0.140625,5,0,0,940,5182,1145.2767021276584,2.5
20262,1.0,953,2026-08-07T14:50,COMPLETA,1520.3128,1085.7,331.0,392.0,1548.0,8,0.140625,5,0,0,940,5182,1145.2767021276584,2.5
20262,1.0,954,2026-08-07T15:00,COMPLETA,1576.6611,1085.7,331.0,392.0,1548.0,8,0.140625,5,0,8,940,5182,1145.2767021276584,2.5
20262,1.0,955,2026-08-07T15:10,SIN_DEMANDA,0,,,,,,,0,0,0,940,5182,1145.2767021276584,2.5
20262,1.0,956,2026-08-07T15:20,COMPLETA,930.7483,2044.8,2044.8,78.0,427.2,2,0.4375,1,0,2,940,5182,1145.2767021276584,2.5
20262,1.0,957,2026-08-07T15:30,SIN_DEMANDA,0,,,,,,,0,0,0,940,5182,1145.2767021276584,2.5
20262,1.0,958,2026-08-07T15:40,COMPLETA,1199.1465,809.3,627.2,60.0,539.2,3,0.4583333333333333,2,0,3,940,5182,1145.2767021276584,2.5
20262,1.0,959,2026-08-07T15:50,COMPLETA,965.9057,985.8,985.8,78.0,547.2,3,0.4166666666666667,1,0,3,940,5182,1145.2767021276584,2.5
20262,1.0,960,2026-08-07T16:00,COMPLETA,1181.813,1487.8999999999999,334.5,124.0,567.6,3,0.25,3,0,3,940,5182,1145.2767021276584,2.5
20262,1.0,961,2026-08-07T16:10,SIN_DEMANDA,0,,,,,,,0,0,0,940,5182,1145.2767021276584,2.5
20262,1.0,962,2026-08-07T16:20,COMPLETA,994.7123,2089.8,2089.8,12.0,268.8,2,0.5625,1,0,2,942,5190,1143.8360934182579,2.5
20262,1.0,963,2026-08-07T16:30,SIN_DEMANDA,0,,,,,,,0,0,0,942,5190,1143.8360934182579,2.5
20262,1.0,964,2026-08-07T16:40,COMPLETA,1038.1293,244.2,150.2,152.0,724.8000000000001,3,0.5416666666666666,2,0,3,942,5190,1143.8360934182579,2.5
20262,1.0,965,2026-08-07T16:50,COMPLETA,912.636,279.0,279.0,168.0,1200.0,3,0.75,1,0,3,943,5196,1144.7312831389172,2.5
20262,1.0,966,2026-08-07T17:00,COMPLETA,968.3033,954.5,954.5,84.0,366.0,2,0.16666666666666666,1,0,0,945,5209,1144.9614814814804,2.5
20262,1.0,967,2026-08-07T17:10,COMPLETA,1265.091,954.5,954.5,84.0,366.0,2,0.16666666666666666,1,0,0,947,5220,1144.252587117211,2.5
20262,1.0,968,2026-08-07T17:20,COMPLETA,974.5053,954.5,954.5,84.0,246.0,2,0.16666666666666666,1,0,2,948,5227,1145.2025316455683,2.5
20262,1.0,969,2026-08-07T17:30,COMPLETA,645.5229,586.5,586.5,71.0,166.5,1,0.16666666666666666,1,0,1,952,5251,1147.9588235294107,2.5
20262,1.0,970,2026-08-07T17:40,SIN_DEMANDA,0,,,,,,,0,0,0,952,5251,1147.9588235294107,2.5
20262,1.0,971,2026-08-07T17:50,COMPLETA,1838.9287,1757.675,944.5,157.0,566.1,4,0.3625,4,0,1,952,5251,1147.9588235294107,2.5
20262,1.0,972,2026-08-07T18:00,COMPLETA,1308.4921,1657.8333333333333,938.5,147.0,460.5,4,0.25,3,0,0,952,5251,1147.9588235294107,2.5
20262,1.0,973,2026-08-07T18:10,COMPLETA,1807.101,1803.8,938.5,219.0,628.5,5,0.24166666666666667,5,0,0,953,5255,1146.9118572927584,2.5
20262,1.0,974,2026-08-07T18:20,COMPLETA,1972.3873,1595.1571428571428,122.0,341.0,1236.3,8,0.24375,7,0,0,954,5264,1146.0602725366864,2.5
20262,1.0,975,2026-08-07T18:30,COMPLETA,2305.1472,1324.4222222222224,110.0,427.0,1618.5,12,0.2826086956521739,9,0,7,954,5264,1146.0602725366864,2.5
20262,1.0,976,2026-08-07T18:40,COMPLETA,1599.5975,1309.02,122.0,216.0,654.6,5,0.14423076923076922,5,0,3,954,5264,1146.0602725366864,2.5
20262,1.0,977,2026-08-07T18:50,COMPLETA,1134.2622,479.5,113.6,94.0,375.0,3,0.3,3,0,2,954,5264,1146.0602725366864,2.5
20262,1.0,978,2026-08-07T19:00,COMPLETA,1140.7013,1207.5,359.5,64.0,371.0,4,0.19736842105263158,2,0,2,956,5281,1145.014853556484,2.5
20262,1.0,979,2026-08-07T19:10,COMPLETA,1262.3166,1574.8333333333333,612.0,110.0,497.4,4,0.2375,3,0,1,956,5281,1145.014853556484,2.5
20262,1.0,980,2026-08-07T19:20,COMPLETA,1498.6018,1688.525,598.6,129.0,468.6,4,0.35,4,0,1,956,5281,1145.014853556484,2.5
20262,1.0,981,2026-08-07T19:30,COMPLETA,1695.3347,1688.0,641.5,235.0,877.2,6,0.2708333333333333,4,0,6,956,5281,1145.014853556484,2.5
20262,1.0,982,2026-08-07T19:40,COMPLETA,945.197,261.8,151.8,88.0,391.20000000000005,3,0.5,2,0,3,959,5298,1144.6132429614167,2.5
20262,1.0,983,2026-08-07T19:50,COMPLETA,1278.5912,2036.0,2008.0,107.0,682.5,4,0.5555555555555556,2,0,3,959,5298,1144.6132429614167,2.5
20262,1.0,984,2026-08-07T20:00,COMPLETA,1054.9568,2008.0,2008.0,71.0,166.5,1,0.4166666666666667,1,0,0,960,5305,1144.4047916666652,2.5
20262,1.0,985,2026-08-07T20:10,COMPLETA,1177.5222,2028.75,2008.0,89.0,253.5,2,0.3125,2,0,0,961,5314,1143.5042663891766,2.5
20262,1.0,986,2026-08-07T20:20,COMPLETA,1724.3886,1668.25,590.5,208.0,552.0,4,0.28125,4,0,2,963,5324,1145.329906542055,2.5
20262,1.0,987,2026-08-07T20:30,COMPLETA,1180.7187,1320.0,596.5,60.0,210.0,2,0.1875,2,0,0,968,5355,1146.1536157024782,2.5
20262,1.0,988,2026-08-07T20:40,COMPLETA,1352.1847,1320.0,596.5,60.0,210.0,2,0.1875,2,0,1,970,5364,1146.9047422680399,2.5
20262,1.0,989,2026-08-07T20:50,COMPLETA,1048.5894,2043.5,2043.5,18.0,87.0,1,0.20833333333333334,1,0,1,971,5370,1146.3842430484024,2.5
20262,1.0,990,2026-08-07T21:00,COMPLETA,931.5219,145.0,145.0,34.0,111.0,1,0.375,1,0,1,973,5381,1146.2979445015403,2.5
20262,1.0,991,2026-08-07T21:10,SIN_DEMANDA,0,,,,,,,0,0,0,973,5381,1146.2979445015403,2.5
20262,1.0,992,2026-08-07T21:20,COMPLETA,520.5124,403.5,403.5,22.0,93.0,1,0.16666666666666666,1,0,1,975,5399,1146.6774358974346,2.5
20262,1.0,993,2026-08-07T21:30,SIN_DEMANDA,0,,,,,,,0,0,0,976,5405,1145.8835040983595,2.5
20262,1.0,994,2026-08-07T21:40,SIN_DEMANDA,0,,,,,,,0,0,0,976,5405,1145.8835040983595,2.5
20262,1.0,995,2026-08-07T21:50,COMPLETA,873.4907,545.5,545.5,162.0,603.0,3,0.1388888888888889,1,0,0,976,5405,1145.8835040983595,2.5
20262,1.0,996,2026-08-07T22:00,COMPLETA,1145.1307,1265.5,545.5,248.0,1229.0,4,0.15625,2,0,0,977,5415,1146.7556806550654,2.5
20262,1.0,997,2026-08-07T22:10,COMPLETA,1108.8457,1265.5,545.5,248.0,1229.0,4,0.15625,2,0,0,978,5420,1147.672597137013,2.5
20262,1.0,998,2026-08-07T22:20,COMPLETA,1082.1794,1265.5,545.5,248.0,1229.0,4,0.15625,2,0,0,979,5424,1147.1096016343197,2.5
20262,1.0,999,2026-08-07T22:30,COMPLETA,1471.8352,1527.5,545.5,270.0,1382.0,5,0.16666666666666666,3,0,0,981,5443,1146.9656472986737,2.5
20262,1.0,1000,2026-08-07T22:40,COMPLETA,1313.0745,1527.5,545.5,270.0,1382.0,5,0.16666666666666666,3,0,0,983,5455,1147.1025432349938,2.5
20262,1.0,1001,2026-08-07T22:50,COMPLETA,1448.6354,1387.125,545.5,322.0,1580.0,6,0.16666666666666666,4,0,0,983,5455,1147.1025432349938,2.5
20262,1.0,1002,2026-08-07T23:00,COMPLETA,1963.1631,1153.5833333333333,390.0,354.0,1679.5,8,0.20833333333333334,6,0,8,983,5455,1147.1025432349938,2.5
20262,1.0,1003,2026-08-07T23:10,COMPLETA,576.9223,377.6,377.6,32.0,196.8,1,0.125,1,0,1,983,5455,1147.1025432349938,2.5
20262,1.0,1004,2026-08-07T23:20,SIN_DEMANDA,0,,,,,,,0,0,0,983,5455,1147.1025432349938,2.5
20262,1.0,1005,2026-08-07T23:30,COMPLETA,1044.6209,244.7,137.4,127.0,600.9,3,0.275,2,0,3,983,5455,1147.1025432349938,2.5
20262,1.0,1006,2026-08-07T23:40,SIN_DEMANDA,0,,,,,,,0,0,0,983,5455,1147.1025432349938,2.5
20262,1.0,1007,2026-08-07T23:50,COMPLETA,972.858,1515.3000000000002,975.8,108.0,619.2,3,0.4166666666666667,2,0,3,983,5455,1147.1025432349938,2.5
20262,1.0,1008,2026-08-08T00:00,SIN_DEMANDA,0,,,,,,,0,0,0,983,5455,1147.1025432349938,2.5
20262,1.0,1009,2026-08-08T00:10,COMPLETA,562.1555,154.4,154.4,18.0,163.2,1,0.375,1,0,1,983,5455,1147.1025432349938,2.5
20262,1.0,1010,2026-08-08T00:20,COMPLETA,978.749,554.65,140.5,86.0,401.4,2,0.34375,2,0,2,984,5460,1148.0216463414622,2.5
20262,1.0,1011,2026-08-08T00:30,SIN_DEMANDA,0,,,,,,,0,0,0,986,5476,1147.0854969574025,2.5
20262,1.0,1012,2026-08-08T00:40,COMPLETA,960.4927,138.4,138.4,28.0,187.2,1,0.625,1,0,1,987,5480,1146.9020263424507,2.5
20262,1.0,1013,2026-08-08T00:50,SIN_DEMANDA,0,,,,,,,0,0,0,989,5491,1145.5160768452972,2.5
20262,1.0,1014,2026-08-08T01:00,COMPLETA,644.4796,2071.8,2071.8,16.0,98.4,1,0.5,1,0,1,990,5496,1146.3645454545444,2.5
20262,1.0,1015,2026-08-08T01:10,COMPLETA,1029.1995,959.05,945.5,89.0,342.3,2,0.375,2,0,1,991,5501,1145.3464177598373,2.5
20262,1.0,1016,2026-08-08T01:20,COMPLETA,1040.6029,945.5,945.5,114.0,291.0,2,0.1875,1,0,0,991,5501,1145.3464177598373,2.5
20262,1.0,1017,2026-08-08T01:30,COMPLETA,1358.0219,931.825,129.8,234.0,733.8,5,0.38636363636363635,4,0,4,992,5507,1144.5466733870956,2.5
20262,1.0,1018,2026-08-08T01:40,COMPLETA,1287.1808,1673.8333333333333,902.0,134.0,477.0,4,0.3125,3,0,2,995,5520,1144.296783919597,2.5
20262,1.0,1019,2026-08-08T01:50,COMPLETA,1396.7688,1396.025,618.0,143.0,505.8,4,0.1875,4,0,0,995,5520,1144.296783919597,2.5
20262,1.0,1020,2026-08-08T02:00,COMPLETA,1417.7304,1518.1200000000001,618.0,291.0,847.8,6,0.15625,5,0,2,996,5530,1143.288955823292,2.5
20262,1.0,1021,2026-08-08T02:10,COMPLETA,1480.768,1191.6200000000001,91.5,249.0,759.0,5,0.3181818181818182,5,0,1,997,5531,1143.1139418254754,2.5
20262,1.0,1022,2026-08-08T02:20,COMPLETA,1411.2263,1401.1200000000001,85.8,249.0,867.6,5,0.4166666666666667,5,0,3,999,5540,1143.0378378378368,2.5
20262,1.0,1023,2026-08-08T02:30,COMPLETA,1194.381,1031.0,85.8,92.0,400.79999999999995,2,0.6875,2,0,1,999,5540,1143.0378378378368,2.5
20262,1.0,1024,2026-08-08T02:40,COMPLETA,1500.8455,1739.44,578.5,161.0,690.6,5,0.3611111111111111,5,0,2,999,5540,1143.0378378378368,2.5
20262,1.0,1025,2026-08-08T02:50,COMPLETA,1250.6555,1558.7333333333333,578.5,80.0,376.2,3,0.26785714285714285,3,0,1,1000,5543,1142.867399999999,2.5
20262,1.0,1026,2026-08-08T03:00,COMPLETA,1215.0736,997.3333333333334,384.5,82.0,303.0,3,0.20833333333333334,3,0,0,1001,5552,1143.7876123876113,2.5
20262,1.0,1027,2026-08-08T03:10,COMPLETA,1335.2582,1265.0,384.5,110.0,405.0,4,0.25,4,0,1,1002,5559,1144.7149700598793,2.5
20262,1.0,1028,2026-08-08T03:20,COMPLETA,1944.1926,1243.3166666666666,349.0,255.0,852.9,7,0.3382352941176471,6,0,5,1006,5580,1143.9594433399593,2.5
20262,1.0,1029,2026-08-08T03:30,COMPLETA,1250.0704,642.2333333333333,349.0,118.0,442.2,4,0.328125,3,0,3,1007,5581,1143.43714001986,2.5
20262,1.0,1030,2026-08-08T03:40,COMPLETA,1171.867,486.25,349.0,82.0,243.0,2,0.20833333333333334,2,0,2,1007,5582,1143.43714001986,2.5
20262,1.0,1031,2026-08-08T03:50,COMPLETA,657.8299,390.4,390.4,18.0,103.2,1,0.125,1,0,1,1008,5588,1144.3578373015864,2.5
20262,1.0,1032,2026-08-08T04:00,SIN_DEMANDA,0,,,,,,,0,0,0,1008,5588,1144.3578373015864,2.5
20262,1.0,1033,2026-08-08T04:10,COMPLETA,1029.5866,2022.1,2003.2,210.0,628.2,3,0.25,2,0,3,1008,5588,1144.3578373015864,2.5
20262,1.0,1034,2026-08-08T04:20,COMPLETA,623.4311,2034.4,2034.4,48.0,175.2,1,0.125,1,0,1,1009,5591,1145.2635282457868,2.5
20262,1.0,1035,2026-08-08T04:30,COMPLETA,882.5887,407.0,407.0,10.0,84.0,1,0.625,1,0,1,1011,5602,1147.0134520276943,2.5
20262,1.0,1036,2026-08-08T04:40,SIN_DEMANDA,0,,,,,,,0,0,0,1013,5613,1145.9829220138195,2.5
20262,1.0,1037,2026-08-08T04:50,COMPLETA,935.0175,2075.0,2075.0,16.0,84.0,1,0.25,1,0,1,1018,5650,1147.3889980353626,2.5
20262,1.0,1038,2026-08-08T05:00,COMPLETA,849.4885,609.0,609.0,59.0,148.5,1,0.25,1,0,1,1019,5659,1148.2810598626095,2.5
20262,1.0,1039,2026-08-08T05:10,COMPLETA,833.4636,154.5,154.5,34.0,111.0,1,0.2916666666666667,1,0,1,1022,5671,1146.446086105674,2.5
20262,1.0,1040,2026-08-08T05:20,COMPLETA,966.7798,193.16666666666666,41.5,110.0,405.0,3,0.1527777777777778,3,0,2,1023,5672,1145.707038123166,2.5
20262,1.0,1041,2026-08-08T05:30,COMPLETA,1415.8553,739.35,41.5,120.0,646.8,4,0.40625,4,0,1,1024,5681,1144.929003906249,2.5
20262,1.0,1042,2026-08-08T05:40,COMPLETA,1451.2309,869.4,41.5,158.0,865.8,5,0.28846153846153844,4,0,0,1024,5681,1144.929003906249,2.5
20262,1.0,1043,2026-08-08T05:50,COMPLETA,1453.459,869.4,41.5,158.0,865.8,5,0.28846153846153844,4,0,0,1025,5686,1144.2090731707306,2.5
20262,1.0,1044,2026-08-08T06:00,COMPLETA,1365.3768,869.4,41.5,158.0,865.8,5,0.28846153846153844,4,0,0,1025,5686,1144.2090731707306,2.5
20262,1.0,1045,2026-08-08T06:10,COMPLETA,1517.7203,710.3199999999999,41.5,216.0,1072.8,6,0.2421875,5,0,0,1027,5693,1145.9886075949357,2.5
20262,1.0,1046,2026-08-08T06:20,COMPLETA,1468.307,710.3199999999999,41.5,216.0,1072.8,6,0.2421875,5,0,0,1028,5694,1146.852821011672,2.5
20262,1.0,1047,2026-08-08T06:30,COMPLETA,1867.9001,930.3666666666667,41.5,306.0,1607.4,9,0.23809523809523808,6,0,0,1028,5694,1146.852821011672,2.5
20262,1.0,1048,2026-08-08T06:40,COMPLETA,2364.1362,786.7625,41.5,318.0,1669.4,9,0.2717391304347826,8,0,0,1030,5710,1146.720776699028,2.5
20262,1.0,1049,2026-08-08T06:50,COMPLETA,2784.4435,804.0777777777778,41.5,397.0,1918.7,10,0.25961538461538464,9,0,0,1031,5716,1145.7583899127048,2.5
20262,1.0,1050,2026-08-08T07:00,COMPLETA,3411.0794,758.4454545454545,41.5,437.0,2123.9,11,0.3101851851851852,11,0,8,1034,5730,1143.7738878143123,2.5
20262,1.0,1051,2026-08-08T07:10,COMPLETA,1244.9774,438.6,74.0,116.0,760.4,4,0.29545454545454547,4,0,3,1034,5730,1143.7738878143123,2.5
20262,1.0,1052,2026-08-08T07:20,COMPLETA,1172.2236,1050.8,149.0,111.0,546.3,3,0.2857142857142857,3,0,3,1034,5730,1143.7738878143123,2.5
20262,1.0,1053,2026-08-08T07:30,COMPLETA,859.4413,611.0,611.0,32.0,400.0,2,0.75,1,0,2,1034,5730,1143.7738878143123,2.5
20262,1.0,1054,2026-08-08T07:40,COMPLETA,878.2235,645.4,645.4,24.0,417.59999999999997,3,0.375,1,0,3,1034,5730,1143.7738878143123,2.5
20262,1.0,1055,2026-08-08T07:50,COMPLETA,607.6221,1004.4,1004.4,8.0,139.2,1,0.5,1,0,1,1034,5730,1143.7738878143123,2.5
20262,1.0,1056,2026-08-08T08:00,COMPLETA,937.2582,2061.6,2061.6,48.0,355.2,2,0.5625,1,0,2,1034,5730,1143.7738878143123,2.5
20262,1.0,1057,2026-08-08T08:10,COMPLETA,997.2374,1515.0,995.0,120.0,648.0,3,0.4166666666666667,2,0,3,1034,5730,1143.7738878143123,2.5
20262,1.0,1058,2026-08-08T08:20,SIN_DEMANDA,0,,,,,,,0,0,0,1035,5739,1143.2016425120762,2.5
20262,1.0,1059,2026-08-08T08:30,COMPLETA,988.7451,1981.5,1981.5,26.0,159.0,1,0.2916666666666667,1,0,0,1036,5749,1142.979440154439,2.5
20262,1.0,1060,2026-08-08T08:40,COMPLETA,1096.6927,1180.95,380.4,54.0,346.2,2,0.375,2,0,1,1040,5775,1140.8376923076912,2.5
20262,1.0,1061,2026-08-08T08:50,COMPLETA,1148.7216,2021.65,1981.5,78.0,523.8,3,0.325,2,0,2,1046,5807,1138.0521032504766,2.5
20262,1.0,1062,2026-08-08T09:00,COMPLETA,997.7794,1981.5,1981.5,26.0,159.0,1,0.2916666666666667,1,0,0,1049,5821,1137.2134413727345,2.5
20262,1.0,1063,2026-08-08T09:10,COMPLETA,1321.509,1540.3333333333333,594.0,92.0,498.0,3,0.2361111111111111,3,0,0,1050,5827,1136.7122857142842,2.5
20262,1.0,1064,2026-08-08T09:20,COMPLETA,1305.9871,1540.3333333333333,594.0,92.0,438.0,3,0.2361111111111111,3,0,0,1051,5832,1137.568886774499,2.5
20262,1.0,1065,2026-08-08T09:30,COMPLETA,1623.0161,1304.25,594.0,114.0,531.0,4,0.2708333333333333,4,0,1,1051,5832,1137.568886774499,2.5
20262,1.0,1066,2026-08-08T09:40,COMPLETA,1584.4486,1664.5,596.0,82.0,483.0,4,0.3645833333333333,4,0,0,1053,5843,1138.311016144348,2.5
20262,1.0,1067,2026-08-08T09:50,COMPLETA,1971.493,1397.7,330.5,165.0,547.5,5,0.36666666666666664,5,0,2,1053,5843,1138.311016144348,2.5
20262,1.0,1068,2026-08-08T10:00,COMPLETA,1754.151,1072.96,128.0,131.0,519.9,5,0.3173076923076923,5,0,2,1053,5843,1138.311016144348,2.5
20262,1.0,1069,2026-08-08T10:10,COMPLETA,1478.337,974.72,128.0,273.0,1115.7,9,0.3888888888888889,5,0,8,1054,5851,1139.161764705881,2.5
20262,1.0,1070,2026-08-08T10:20,COMPLETA,1259.6991,1387.3333333333333,111.5,106.0,339.0,3,0.3472222222222222,3,0,1,1055,5856,1138.4425592417047,2.5
20262,1.0,1071,2026-08-08T10:30,COMPLETA,1515.8868,1388.8666666666668,107.0,120.0,394.2,3,0.39285714285714285,3,0,1,1056,5862,1139.3169507575744,2.5
20262,1.0,1072,2026-08-08T10:40,COMPLETA,1639.9249,1063.5,107.0,82.0,243.0,2,0.3125,2,0,0,1056,5862,1139.3169507575744,2.5
20262,1.0,1073,2026-08-08T10:50,COMPLETA,1400.9946,1063.5,107.0,82.0,243.0,2,0.3125,2,0,0,1056,5862,1139.3169507575744,2.5
20262,1.0,1074,2026-08-08T11:00,COMPLETA,1153.5777,1063.5,107.0,82.0,243.0,2,0.3125,2,0,2,1056,5862,1139.3169507575744,2.5
20262,1.0,1075,2026-08-08T11:10,COMPLETA,1730.9954,2074.4,2074.4,36.0,206.4,2,0.625,1,0,2,1057,5871,1140.1742667928086,2.5
20262,1.0,1076,2026-08-08T11:20,COMPLETA,1948.6954,1498.8,940.0,119.0,327.3,2,0.28125,2,0,2,1060,5883,1138.263867924527,2.5
20262,1.0,1077,2026-08-08T11:30,COMPLETA,3304.9078,974.8799999999999,371.5,294.0,1234.8,7,0.2391304347826087,5,0,4,1061,5892,1137.7541941564548,2.5
20262,1.0,1078,2026-08-08T11:40,COMPLETA,2551.3815,758.6333333333333,371.5,124.0,403.8,3,0.125,3,0,2,1061,5892,1137.7541941564548,2.5
20262,1.0,1079,2026-08-08T11:50,COMPLETA,2306.0814,960.25,960.0,93.0,259.5,2,0.25,2,0,2,1064,5915,1138.4257518796978,2.5
20262,1.0,1080,2026-08-08T12:00,COMPLETA,2427.3566,1074.3,147.6,50.0,204.0,2,0.5,2,0,0,1064,5919,1138.4257518796978,2.5
20262,1.0,1081,2026-08-08T12:10,COMPLETA,3132.5744,634.5,105.5,167.0,569.7,4,0.4375,4,0,2,1064,5919,1138.4257518796978,2.5
20262,1.0,1082,2026-08-08T12:20,COMPLETA,3104.3542,808.125,105.5,170.0,531.0,4,0.3625,4,0,0,1066,5933,1137.1475609756085,2.5
20262,1.0,1083,2026-08-08T12:30,COMPLETA,2441.9116,808.125,105.5,170.0,531.0,4,0.3625,4,0,1,1067,5940,1137.9933458294272,2.5
20262,1.0,1084,2026-08-08T12:40,COMPLETA,2149.1572,885.0,105.5,112.0,384.0,3,0.3392857142857143,3,0,0,1070,5965,1138.7292523364474,2.5
20262,1.0,1085,2026-08-08T12:50,COMPLETA,2099.135,885.0,105.5,112.0,384.0,3,0.3392857142857143,3,0,1,1070,5965,1138.7292523364474,2.5
20262,1.0,1086,2026-08-08T13:00,COMPLETA,2105.5592,827.0333333333333,105.5,74.0,408.6,4,0.5208333333333334,3,0,4,1071,5970,1139.5872082166188,2.5
20262,1.0,1087,2026-08-08T13:10,COMPLETA,1645.6531,2053.5,2053.5,43.0,124.5,1,0.375,1,0,1,1071,5970,1139.5872082166188,2.5
20262,1.0,1088,2026-08-08T13:20,COMPLETA,923.1812,54.5,54.5,26.0,159.0,1,0.041666666666666664,1,0,0,1072,5971,1138.8707089552227,2.5
20262,1.0,1089,2026-08-08T13:30,COMPLETA,817.5394,54.5,54.5,26.0,159.0,1,0.041666666666666664,1,0,0,1073,5973,1138.7040074557303,2.5
20262,1.0,1090,2026-08-08T13:40,COMPLETA,1483.2826,293.5,54.5,84.0,366.0,2,0.0625,2,0,0,1075,5981,1138.3384186046499,2.5
20262,1.0,1091,2026-08-08T13:50,COMPLETA,1235.2219,190.0,54.5,136.0,684.0,4,0.11458333333333333,4,0,0,1078,6006,1138.471985157698,2.5
20262,1.0,1092,2026-08-08T14:00,COMPLETA,1387.1599,557.5600000000001,54.5,148.0,952.8,6,0.16964285714285715,5,0,0,1078,6006,1138.471985157698,2.5
20262,1.0,1093,2026-08-08T14:10,COMPLETA,1531.4483,557.5600000000001,54.5,148.0,952.8,6,0.16964285714285715,5,0,0,1078,6006,1138.471985157698,2.5
20262,1.0,1094,2026-08-08T14:20,COMPLETA,1370.1165,557.5600000000001,54.5,148.0,952.8,6,0.16964285714285715,5,0,0,1082,6035,1135.148243992605,2.5
20262,1.0,1095,2026-08-08T14:30,COMPLETA,1618.5102,566.2333333333333,54.5,160.0,1101.6,7,0.175,6,0,0,1082,6035,1135.148243992605,2.5
20262,1.0,1096,2026-08-08T14:40,COMPLETA,2032.1637,758.6,54.5,220.0,1566.0,10,0.20625,8,0,0,1083,6045,1134.633333333332,2.5
20262,1.0,1097,2026-08-08T14:50,COMPLETA,2122.693,758.6,54.5,220.0,1566.0,10,0.20625,8,0,0,1084,6048,1134.1138376383751,2.5
20262,1.0,1098,2026-08-08T15:00,COMPLETA,2200.1756,758.6,54.5,220.0,1566.0,10,0.20625,8,0,10,1086,6065,1135.737476979741,2.5
20262,1.0,1099,2026-08-08T15:10,COMPLETA,660.5492,631.5,631.5,34.0,171.0,1,0.16666666666666666,1,0,1,1086,6065,1135.737476979741,2.5
20262,1.0,1100,2026-08-08T15:20,SIN_DEMANDA,0,,,,,,,0,0,0,1086,6065,1135.737476979741,2.5
20262,1.0,1101,2026-08-08T15:30,SIN_DEMANDA,0,,,,,,,0,0,0,1086,6065,1135.737476979741,2.5
20262,1.0,1102,2026-08-08T15:40,SIN_DEMANDA,0,,,,,,,0,0,0,1086,6065,1135.737476979741,2.5
20262,1.0,1103,2026-08-08T15:50,SIN_DEMANDA,0,,,,,,,0,0,0,1086,6065,1135.737476979741,2.5
20262,1.0,1104,2026-08-08T16:00,SIN_DEMANDA,0,,,,,,,0,0,0,1086,6065,1135.737476979741,2.5
20262,1.0,1105,2026-08-08T16:10,COMPLETA,1288.7844,1219.15,389.5,74.0,383.4,2,0.3125,2,0,2,1088,6083,1137.4118566176458,2.5
20262,1.0,1106,2026-08-08T16:20,COMPLETA,1549.0735,372.4,130.0,112.0,628.8,3,0.4583333333333333,2,0,3,1091,6090,1134.9726856095315,2.5
20262,1.0,1107,2026-08-08T16:30,COMPLETA,1473.8531,2065.2,2065.2,48.0,355.2,2,0.5625,1,0,2,1092,6094,1134.0120879120868,2.5
20262,1.0,1108,2026-08-08T16:40,COMPLETA,1400.8657,131.5,128.5,112.0,408.0,2,0.20833333333333334,2,0,2,1094,6100,1133.0701096892128,2.5
20262,1.0,1109,2026-08-08T16:50,COMPLETA,1654.9564,829.6999999999999,103.6,140.0,690.0,3,0.3611111111111111,3,0,3,1095,6102,1132.5216438356154,2.5
20262,1.0,1110,2026-08-08T17:00,SIN_DEMANDA,0,,,,,,,0,0,0,1095,6102,1132.5216438356154,2.5
20262,1.0,1111,2026-08-08T17:10,COMPLETA,627.7439,341.5,341.5,66.0,219.0,1,0.08333333333333333,1,0,0,1095,6102,1132.5216438356154,2.5
20262,1.0,1112,2026-08-08T17:20,COMPLETA,675.9195,341.5,341.5,66.0,159.0,1,0.08333333333333333,1,0,0,1095,6102,1132.5216438356154,2.5
20262,1.0,1113,2026-08-08T17:30,COMPLETA,1720.0016,1260.125,341.5,233.0,757.5,5,0.3055555555555556,4,0,5,1095,6102,1132.5216438356154,2.5
20262,1.0,1114,2026-08-08T17:40,SIN_DEMANDA,0,,,,,,,0,0,0,1096,6108,1131.843704379561,2.5
20262,1.0,1115,2026-08-08T17:50,SIN_DEMANDA,0,,,,,,,0,0,0,1096,6108,1131.843704379561,2.5
20262,1.0,1116,2026-08-08T18:00,SIN_DEMANDA,0,,,,,,,0,0,0,1098,6121,1133.5288706739516,2.5
20262,1.0,1117,2026-08-08T18:10,COMPLETA,606.0284,45.5,45.5,34.0,120.5,1,0.08333333333333333,1,0,0,1100,6132,1132.1449999999988,2.5
20262,1.0,1118,2026-08-08T18:20,COMPLETA,1034.2031,1059.75,45.5,74.0,336.5,3,0.25,2,0,2,1100,6132,1132.1449999999988,2.5
20262,1.0,1119,2026-08-08T18:30,COMPLETA,1042.7459,1061.75,45.5,62.0,222.5,2,0.125,2,0,1,1102,6142,1130.32894736842,2.5
20262,1.0,1120,2026-08-08T18:40,COMPLETA,1032.3042,1052.0,45.5,80.0,249.5,2,0.10416666666666667,2,0,1,1102,6142,1130.32894736842,2.5
20262,1.0,1121,2026-08-08T18:50,COMPLETA,964.9869,1053.0,45.5,80.0,249.5,2,0.10416666666666667,2,0,1,1103,6146,1129.6305530371703,2.5
20262,1.0,1122,2026-08-08T19:00,COMPLETA,1137.786,1049.25,45.5,90.0,264.5,2,0.14583333333333334,2,0,1,1104,6152,1130.442028985506,2.5
20262,1.0,1123,2026-08-08T19:10,COMPLETA,502.3418,45.5,45.5,34.0,120.5,1,0.08333333333333333,1,0,0,1105,6155,1129.5127601809945,2.5
20262,1.0,1124,2026-08-08T19:20,COMPLETA,1205.5694,340.225,45.5,238.0,803.3,5,0.20833333333333334,4,0,4,1108,6175,1130.69548736462,2.5
20262,1.0,1125,2026-08-08T19:30,COMPLETA,1279.0667,1010.4333333333334,45.5,144.0,564.5,4,0.3333333333333333,3,0,2,1109,6177,1129.9838593327313,2.5
20262,1.0,1126,2026-08-08T19:40,COMPLETA,1161.9852,538.4333333333334,45.5,100.0,398.9,3,0.275,3,0,2,1109,6177,1129.9838593327313,2.5
20262,1.0,1127,2026-08-08T19:50,COMPLETA,1173.7862,784.2,616.2,48.0,235.2,2,0.6875,2,0,1,1110,6185,1130.8343243243235,2.5
20262,1.0,1128,2026-08-08T20:00,COMPLETA,1128.1314,549.6,147.0,88.0,451.2,4,0.53125,2,0,4,1111,6189,1131.6868586858677,2.5
20262,1.0,1129,2026-08-08T20:10,SIN_DEMANDA,0,,,,,,,0,0,0,1111,6189,1131.6868586858677,2.5
20262,1.0,1130,2026-08-08T20:20,COMPLETA,1129.0553,374.75,152.0,174.0,441.0,3,0.16666666666666666,2,0,3,1112,6192,1132.5203237410062,2.5
20262,1.0,1131,2026-08-08T20:30,SIN_DEMANDA,0,,,,,,,0,0,0,1113,6195,1133.3540880503135,2.5
20262,1.0,1132,2026-08-08T20:40,SIN_DEMANDA,0,,,,,,,0,0,0,1113,6195,1133.3540880503135,2.5
20262,1.0,1133,2026-08-08T20:50,COMPLETA,648.1768,2072.5,2072.5,34.0,111.0,1,0.08333333333333333,1,0,1,1114,6200,1134.1796229802503,2.5
20262,1.0,1134,2026-08-08T21:00,COMPLETA,1283.8345,812.35,633.5,54.0,222.6,2,0.1875,2,0,2,1115,6202,1133.4960538116582,2.5
20262,1.0,1135,2026-08-08T21:10,SIN_DEMANDA,0,,,,,,,0,0,0,1115,6204,1133.4960538116582,2.5
20262,1.0,1136,2026-08-08T21:20,COMPLETA,1198.8229,2025.75,1975.5,58.0,267.0,2,0.10416666666666667,2,0,1,1116,6205,1132.7997311827946,2.5
20262,1.0,1137,2026-08-08T21:30,COMPLETA,1831.8575,1178.25,157.5,222.0,813.0,5,0.20833333333333334,4,0,2,1120,6229,1130.0001785714276,2.5
20262,1.0,1138,2026-08-08T21:40,COMPLETA,1268.3668,1961.0,1946.5,186.0,639.0,3,0.09722222222222222,2,0,0,1122,6238,1129.3761140819954,2.5
20262,1.0,1139,2026-08-08T21:50,COMPLETA,1172.6091,1961.0,1946.5,186.0,639.0,3,0.09722222222222222,2,0,0,1124,6246,1129.3021352313158,2.5
20262,1.0,1140,2026-08-08T22:00,COMPLETA,1477.8617,1961.0,1946.5,186.0,639.0,3,0.09722222222222222,2,0,0,1124,6246,1129.3021352313158,2.5
20262,1.0,1141,2026-08-08T22:10,COMPLETA,1474.7508,1626.6666666666667,958.0,120.0,540.0,3,0.1388888888888889,3,0,0,1124,6246,1129.3021352313158,2.5
20262,1.0,1142,2026-08-08T22:20,COMPLETA,1898.6322,1725.375,958.0,240.0,960.0,5,0.09166666666666666,4,0,0,1126,6256,1129.6674955595017,2.5
20262,1.0,1143,2026-08-08T22:30,COMPLETA,2168.4015,1305.4166666666667,336.0,263.0,1114.5,6,0.1597222222222222,6,0,0,1128,6262,1129.1048758865238,2.5
20262,1.0,1144,2026-08-08T22:40,COMPLETA,2269.639,1305.4166666666667,336.0,263.0,1114.5,6,0.1597222222222222,6,0,0,1128,6262,1129.1048758865238,2.5
20262,1.0,1145,2026-08-08T22:50,COMPLETA,2220.2273,1305.4166666666667,336.0,263.0,1114.5,6,0.1597222222222222,6,0,0,1131,6284,1128.644827586206,2.5
20262,1.0,1146,2026-08-08T23:00,COMPLETA,3055.533,1226.3125,336.0,339.0,1588.5,9,0.16666666666666666,8,0,9,1131,6284,1128.644827586206,2.5
20262,1.0,1147,2026-08-08T23:10,COMPLETA,1040.7312,633.5,633.5,30.0,165.0,1,0.20833333333333334,1,0,1,1131,6284,1128.644827586206,2.5
20262,1.0,1148,2026-08-08T23:20,COMPLETA,1475.2838,1468.9333333333334,336.4,238.0,1051.2,4,0.59375,3,0,4,1131,6284,1128.644827586206,2.5
20262,1.0,1149,2026-08-08T23:30,SIN_DEMANDA,0,,,,,,,0,0,0,1131,6284,1128.644827586206,2.5
20262,1.0,1150,2026-08-08T23:40,SIN_DEMANDA,0,,,,,,,0,0,0,1131,6284,1128.644827586206,2.5
20262,1.0,1151,2026-08-08T23:50,COMPLETA,1299.2152,2065.4,2065.4,56.0,374.4,2,0.4375,1,0,2,1131,6284,1128.644827586206,2.5
20262,1.0,1152,2026-08-09T00:00,COMPLETA,1162.1409,1073.2,104.4,160.0,978.4,4,0.4583333333333333,2,0,4,1131,6284,1128.644827586206,2.5
20262,1.0,1153,2026-08-09T00:10,SIN_DEMANDA,0,,,,,,,0,0,0,1132,6287,1128.4940812720838,2.5
20262,1.0,1154,2026-08-09T00:20,SIN_DEMANDA,0,,,,,,,0,0,0,1133,6296,1128.378905560458,2.5
20262,1.0,1155,2026-08-09T00:30,COMPLETA,1066.8763,166.0,166.0,6.0,390.0,3,0.8333333333333334,1,0,3,1135,6301,1128.9971806167391,2.5
20262,1.0,1156,2026-08-09T00:40,COMPLETA,1023.7151,317.4,317.4,90.0,544.4,2,0.4166666666666667,1,0,2,1138,6317,1128.874165202108,2.5
20262,1.0,1157,2026-08-09T00:50,COMPLETA,1061.6847,579.6,579.6,124.0,537.6,2,0.375,1,0,2,1139,6319,1128.1780509218604,2.5
20262,1.0,1158,2026-08-09T01:00,SIN_DEMANDA,0,,,,,,,0,0,0,1140,6325,1128.8958771929815,2.5
20262,1.0,1159,2026-08-09T01:10,SIN_DEMANDA,0,,,,,,,0,0,0,1141,6329,1129.7056091148106,2.5
20262,1.0,1160,2026-08-09T01:20,SIN_DEMANDA,0,,,,,,,0,0,0,1141,6329,1129.7056091148106,2.5
20262,1.0,1161,2026-08-09T01:30,COMPLETA,977.6695,146.5,146.5,34.0,111.0,1,0.2916666666666667,1,0,1,1142,6336,1130.5249562171618,2.5
20262,1.0,1162,2026-08-09T01:40,COMPLETA,750.1773,364.0,364.0,55.0,142.5,1,0.041666666666666664,1,0,1,1144,6351,1130.4572552447544,2.5
20262,1.0,1163,2026-08-09T01:50,COMPLETA,932.0445,117.0,117.0,74.0,171.0,1,0.2916666666666667,1,0,1,1145,6361,1129.7637554585142,2.5
20262,1.0,1164,2026-08-09T02:00,COMPLETA,1009.8429,163.5,163.5,10.0,75.0,1,0.375,1,0,1,1146,6367,1130.5597731239081,2.5
20262,1.0,1165,2026-08-09T02:10,SIN_DEMANDA,0,,,,,,,0,0,0,1147,6372,1129.6651264167383,2.5
20262,1.0,1166,2026-08-09T02:20,SIN_DEMANDA,0,,,,,,,0,0,0,1147,6372,1129.6651264167383,2.5
20262,1.0,1167,2026-08-09T02:30,SIN_DEMANDA,0,,,,,,,0,0,0,1147,6372,1129.6651264167383,2.5
20262,1.0,1168,2026-08-09T02:40,COMPLETA,730.1545,2046.5,2046.5,56.0,144.0,1,0.16666666666666666,1,0,1,1147,6372,1129.6651264167383,2.5
20262,1.0,1169,2026-08-09T02:50,COMPLETA,1198.6319,157.5,157.5,22.0,93.0,1,0.3333333333333333,1,0,1,1147,6372,1129.6651264167383,2.5
20262,1.0,1170,2026-08-09T03:00,COMPLETA,1651.7671,2068.05,2052.6,82.0,360.6,3,0.225,2,0,3,1148,6379,1128.8087108013926,2.5
20262,1.0,1171,2026-08-09T03:10,SIN_DEMANDA,0,,,,,,,0,0,0,1150,6398,1127.4917391304339,2.5
20262,1.0,1172,2026-08-09T03:20,COMPLETA,1646.8147,375.75,375.0,124.0,385.0,3,0.16666666666666666,2,0,3,1151,6399,1126.7879235447426,2.5
20262,1.0,1173,2026-08-09T03:30,SIN_DEMANDA,0,,,,,,,0,0,0,1152,6400,1126.125781249999,2.5
20262,1.0,1174,2026-08-09T03:40,SIN_DEMANDA,0,,,,,,,0,0,0,1152,6400,1126.125781249999,2.5
20262,1.0,1175,2026-08-09T03:50,COMPLETA,1705.0649,695.5,411.0,70.0,225.0,2,0.25,2,0,2,1153,6407,1125.2505637467466,2.5
20262,1.0,1176,2026-08-09T04:00,COMPLETA,1487.8862,2023.5,2023.5,70.0,165.0,1,0.2916666666666667,1,0,0,1153,6407,1125.2505637467466,2.5
20262,1.0,1177,2026-08-09T04:10,COMPLETA,1289.9899,2023.5,2023.5,70.0,165.0,1,0.2916666666666667,1,0,0,1154,6415,1124.4119584055447,2.5
20262,1.0,1178,2026-08-09T04:20,COMPLETA,1303.6418,2023.5,2023.5,70.0,165.0,1,0.2916666666666667,1,0,1,1155,6416,1125.2423376623365,2.5
20262,1.0,1179,2026-08-09T04:30,COMPLETA,1164.4107,2044.4,2036.0,141.0,456.3,3,0.425,2,0,3,1155,6416,1125.2423376623365,2.5
20262,1.0,1180,2026-08-09T04:40,COMPLETA,991.4471,590.0,590.0,60.0,150.0,1,0.375,1,0,0,1157,6428,1126.8401037165072,2.5
20262,1.0,1181,2026-08-09T04:50,COMPLETA,1192.8788,1330.8,590.0,104.0,375.6,3,0.45,2,0,2,1157,6428,1126.8401037165072,2.5
20262,1.0,1182,2026-08-09T05:00,COMPLETA,1117.4492,796.1,590.0,74.0,243.6,2,0.4375,2,0,2,1160,6444,1124.9280172413783,2.5
20262,1.0,1183,2026-08-09T05:10,COMPLETA,955.0207,396.0,396.0,28.0,102.0,1,0.375,1,0,1,1160,6444,1124.9280172413783,2.5
20262,1.0,1184,2026-08-09T05:20,COMPLETA,1094.8548,1955.0,1955.0,60.0,210.0,1,0.25,1,0,0,1160,6444,1124.9280172413783,2.5
20262,1.0,1185,2026-08-09T05:30,COMPLETA,1141.0274,1061.0,167.0,132.0,498.0,3,0.1527777777777778,2,0,1,1161,6452,1124.803186907837,2.5
20262,1.0,1186,2026-08-09T05:40,COMPLETA,1112.1742,1061.5,168.0,76.0,294.0,2,0.3125,2,0,1,1161,6452,1124.803186907837,2.5
20262,1.0,1187,2026-08-09T05:50,COMPLETA,1199.3341,1955.0,1955.0,60.0,210.0,1,0.25,1,0,0,1161,6452,1124.803186907837,2.5
20262,1.0,1188,2026-08-09T06:00,COMPLETA,1058.6436,1020.5,86.0,92.0,378.0,2,0.16666666666666666,2,0,0,1161,6452,1124.803186907837,2.5
20262,1.0,1189,2026-08-09T06:10,COMPLETA,1312.187,1091.0,86.0,178.0,747.0,4,0.21875,4,0,0,1161,6452,1124.803186907837,2.5
20262,1.0,1190,2026-08-09T06:20,COMPLETA,1686.1719,1058.0,86.0,228.0,942.0,5,0.21666666666666667,5,0,0,1165,6480,1127.0786266094412,2.5
20262,1.0,1191,2026-08-09T06:30,COMPLETA,1721.5752,1033.0833333333333,86.0,438.0,1617.0,8,0.16666666666666666,6,0,0,1165,6480,1127.0786266094412,2.5
20262,1.0,1192,2026-08-09T06:40,COMPLETA,2039.5597,1178.4142857142856,86.0,444.0,1868.4,9,0.1793478260869565,7,0,0,1168,6504,1126.408904109588,2.5
20262,1.0,1193,2026-08-09T06:50,COMPLETA,2468.2237,1055.9888888888888,86.0,536.0,2404.6,12,0.19166666666666668,9,0,0,1169,6513,1125.9500427715986,2.5
20262,1.0,1194,2026-08-09T07:00,COMPLETA,3363.3559,1060.5727272727272,86.0,552.0,2410.6,12,0.2,11,0,11,1170,6522,1125.1312820512812,2.5
20262,1.0,1195,2026-08-09T07:10,COMPLETA,961.9421,305.0,305.0,58.0,207.0,1,0.4166666666666667,1,0,1,1170,6522,1125.1312820512812,2.5
20262,1.0,1196,2026-08-09T07:20,SIN_DEMANDA,0,,,,,,,0,0,0,1170,6522,1125.1312820512812,2.5
20262,1.0,1197,2026-08-09T07:30,COMPLETA,1443.1637,920.3000000000001,126.0,254.0,1391.4,5,0.39285714285714285,3,0,5,1170,6522,1125.1312820512812,2.5
20262,1.0,1198,2026-08-09T07:40,COMPLETA,1096.3306,1046.5,45.0,184.0,866.4,3,0.45,2,0,3,1170,6522,1125.1312820512812,2.5
20262,1.0,1199,2026-08-09T07:50,SIN_DEMANDA,0,,,,,,,0,0,0,1170,6522,1125.1312820512812,2.5
20262,1.0,1200,2026-08-09T08:00,SIN_DEMANDA,0,,,,,,,0,0,0,1170,6522,1125.1312820512812,2.5
20262,1.0,1201,2026-08-09T08:10,SIN_DEMANDA,0,,,,,,,0,0,0,1170,6522,1125.1312820512812,2.5
20262,1.0,1202,2026-08-09T08:20,COMPLETA,839.8347,279.0,279.0,63.0,214.5,1,0.125,1,0,0,1170,6522,1125.1312820512812,2.5
20262,1.0,1203,2026-08-09T08:30,COMPLETA,1089.3544,609.1,279.0,119.0,468.9,2,0.125,2,0,1,1174,6539,1125.829216354343,2.5
20262,1.0,1204,2026-08-09T08:40,COMPLETA,1146.749,629.5,279.0,91.0,594.5,3,0.3125,2,0,2,1176,6542,1125.7334183673458,2.5
20262,1.0,1205,2026-08-09T08:50,COMPLETA,607.9735,279.0,279.0,63.0,214.5,1,0.125,1,0,0,1178,6553,1126.2644312393877,2.5
20262,1.0,1206,2026-08-09T09:00,COMPLETA,588.6462,279.0,279.0,63.0,214.5,1,0.125,1,0,0,1180,6564,1124.717372881355,2.5
20262,1.0,1207,2026-08-09T09:10,COMPLETA,974.3267,1149.25,279.0,121.0,421.5,2,0.08333333333333333,2,0,0,1180,6564,1124.717372881355,2.5
20262,1.0,1208,2026-08-09T09:20,COMPLETA,1131.0275,1441.6666666666667,277.0,167.0,610.5,3,0.1388888888888889,3,0,0,1182,6577,1124.6539763113358,2.5
20262,1.0,1209,2026-08-09T09:30,COMPLETA,1159.8297,1107.125,128.5,219.0,628.5,4,0.1875,4,0,0,1184,6584,1125.2469594594584,2.5
20262,1.0,1210,2026-08-09T09:40,COMPLETA,1292.1308,1078.8200000000002,128.5,255.0,714.9,5,0.20192307692307693,5,0,4,1185,6593,1124.7922362869188,2.5
20262,1.0,1211,2026-08-09T09:50,COMPLETA,1001.2231,128.5,128.5,26.0,99.0,1,0.3333333333333333,1,0,1,1185,6593,1124.7922362869188,2.5
20262,1.0,1212,2026-08-09T10:00,SIN_DEMANDA,0,,,,,,,0,0,0,1185,6593,1124.7922362869188,2.5
20262,1.0,1213,2026-08-09T10:10,COMPLETA,1048.3786,1176.75,357.5,96.0,324.0,2,0.0625,2,0,0,1185,6593,1124.7922362869188,2.5
20262,1.0,1214,2026-08-09T10:20,COMPLETA,1019.2351,1176.75,357.5,96.0,264.0,2,0.0625,2,0,0,1186,6600,1124.6701517706565,2.5
20262,1.0,1215,2026-08-09T10:30,COMPLETA,1156.1838,1176.75,357.5,96.0,264.0,2,0.0625,2,0,0,1186,6600,1124.6701517706565,2.5
20262,1.0,1216,2026-08-09T10:40,COMPLETA,1011.0283,1176.75,357.5,96.0,264.0,2,0.0625,2,0,1,1186,6600,1124.6701517706565,2.5
20262,1.0,1217,2026-08-09T10:50,COMPLETA,720.2924,1996.0,1996.0,64.0,156.0,1,0.08333333333333333,1,0,0,1188,6609,1123.6052188552176,2.5
20262,1.0,1218,2026-08-09T11:00,COMPLETA,1202.0915,2020.5,1996.0,120.0,300.0,2,0.22916666666666666,2,0,2,1188,6609,1123.6052188552176,2.5
20262,1.0,1219,2026-08-09T11:10,COMPLETA,604.2868,118.5,118.5,59.0,148.5,1,0.08333333333333333,1,0,1,1188,6609,1123.6052188552176,2.5
20262,1.0,1220,2026-08-09T11:20,COMPLETA,1204.8375,1523.1,967.8,90.0,396.0,3,0.5416666666666666,2,0,3,1189,6617,1122.7682926829257,2.5
20262,1.0,1221,2026-08-09T11:30,SIN_DEMANDA,0,,,,,,,0,0,0,1191,6621,1123.3909319899233,2.5
20262,1.0,1222,2026-08-09T11:40,SIN_DEMANDA,0,,,,,,,0,0,0,1192,6624,1122.6808724832204,2.5
20262,1.0,1223,2026-08-09T11:50,COMPLETA,904.3329,157.5,157.5,30.0,105.0,1,0.2916666666666667,1,0,1,1192,6624,1122.6808724832204,2.5
20262,1.0,1224,2026-08-09T12:00,COMPLETA,750.8151,962.6,962.6,42.0,160.8,1,0.5,1,0,1,1193,6630,1123.4175188600157,2.5
20262,1.0,1225,2026-08-09T12:10,SIN_DEMANDA,0,,,,,,,0,0,0,1194,6631,1122.7760469011714,2.5
20262,1.0,1226,2026-08-09T12:20,SIN_DEMANDA,0,,,,,,,0,0,0,1194,6631,1122.7760469011714,2.5
20262,1.0,1227,2026-08-09T12:30,COMPLETA,1239.3037,2052.0,2052.0,112.0,288.0,2,0.14583333333333334,1,0,2,1194,6631,1122.7760469011714,2.5
20262,1.0,1228,2026-08-09T12:40,SIN_DEMANDA,0,,,,,,,0,0,0,1194,6631,1122.7760469011714,2.5
20262,1.0,1229,2026-08-09T12:50,COMPLETA,1511.8532,972.0,972.0,52.0,138.0,1,0.4166666666666667,1,0,1,1196,6638,1124.3051839464872,2.5
20262,1.0,1230,2026-08-09T13:00,COMPLETA,1687.1111,2058.0,2058.0,44.0,126.0,1,0.25,1,0,1,1197,6647,1125.0743525480357,2.5
20262,1.0,1231,2026-08-09T13:10,COMPLETA,2161.1326,981.6,981.6,64.0,273.6,2,0.5,1,0,2,1199,6657,1124.1036697247696,2.5
20262,1.0,1232,2026-08-09T13:20,COMPLETA,1806.4937,625.4,274.8,130.0,467.4,3,0.23214285714285715,2,0,2,1200,6664,1123.2981666666656,2.5
20262,1.0,1233,2026-08-09T13:30,COMPLETA,639.0392,274.8,274.8,36.0,206.4,1,0.5,1,0,0,1200,6664,1123.2981666666656,2.5
20262,1.0,1234,2026-08-09T13:40,COMPLETA,1119.2949,296.3,274.8,68.0,523.2,3,0.5833333333333334,2,0,0,1200,6664,1123.2981666666656,2.5
20262,1.0,1235,2026-08-09T13:50,COMPLETA,1206.0632,860.8666666666667,274.8,104.0,697.2,4,0.4791666666666667,3,0,0,1200,6664,1123.2981666666656,2.5
20262,1.0,1236,2026-08-09T14:00,COMPLETA,1296.2711,661.825,88.0,140.0,994.8,6,0.2604166666666667,4,0,0,1201,6668,1123.1643630308067,2.5
20262,1.0,1237,2026-08-09T14:10,COMPLETA,1551.8739,591.22,88.0,256.0,1506.0,8,0.3333333333333333,5,0,0,1201,6668,1123.1643630308067,2.5
20262,1.0,1238,2026-08-09T14:20,COMPLETA,1685.8032,851.5142857142857,88.0,254.0,1590.6,9,0.27205882352941174,7,0,0,1202,6675,1123.9371048252901,2.5
20262,1.0,1239,2026-08-09T14:30,COMPLETA,1598.3337,851.5142857142857,88.0,254.0,1590.6,9,0.27205882352941174,7,0,0,1203,6685,1123.8108063175384,2.5
20262,1.0,1240,2026-08-09T14:40,COMPLETA,1514.848,851.5142857142857,88.0,254.0,1590.6,9,0.27205882352941174,7,0,0,1204,6691,1124.5867109634542,2.5
20262,1.0,1241,2026-08-09T14:50,COMPLETA,1654.4402,851.5142857142857,88.0,254.0,1590.6,9,0.27205882352941174,7,0,0,1205,6699,1124.46804979253,2.5
20262,1.0,1242,2026-08-09T15:00,COMPLETA,2407.1983,940.6200000000001,88.0,308.0,1971.0,11,0.30357142857142855,10,0,10,1206,6708,1124.3449419568813,2.5
20262,1.0,1243,2026-08-09T15:10,COMPLETA,1148.6697,191.35,88.2,180.0,883.2,4,0.265625,2,0,2,1206,6708,1124.3449419568813,2.5
20262,1.0,1244,2026-08-09T15:20,COMPLETA,1134.4127,294.5,294.5,16.0,144.0,1,0.4166666666666667,1,0,0,1206,6708,1124.3449419568813,2.5
20262,1.0,1245,2026-08-09T15:30,COMPLETA,1025.2877,294.5,294.5,16.0,144.0,1,0.4166666666666667,1,0,1,1206,6708,1124.3449419568813,2.5
20262,1.0,1246,2026-08-09T15:40,COMPLETA,546.6091,156.0,156.0,28.0,162.0,1,0.08333333333333333,1,0,1,1206,6708,1124.3449419568813,2.5
20262,1.0,1247,2026-08-09T15:50,COMPLETA,946.5373,616.0,616.0,112.0,408.0,2,0.20833333333333334,1,0,2,1206,6708,1124.3449419568813,2.5
20262,1.0,1248,2026-08-09T16:00,SIN_DEMANDA,0,,,,,,,0,0,0,1206,6708,1124.3449419568813,2.5
20262,1.0,1249,2026-08-09T16:10,SIN_DEMANDA,0,,,,,,,0,0,0,1207,6710,1124.2104391052185,2.5
20262,1.0,1250,2026-08-09T16:20,COMPLETA,936.9476,241.75,125.0,138.0,447.0,2,0.08333333333333333,2,0,2,1209,6717,1124.866004962778,2.5
20262,1.0,1251,2026-08-09T16:30,COMPLETA,1453.5784,1095.75,145.6,60.0,727.8,5,0.44642857142857145,4,0,4,1212,6729,1124.1890264026395,2.5
20262,1.0,1252,2026-08-09T16:40,COMPLETA,1584.0695,2015.9666666666665,1988.6,132.0,895.2,5,0.30357142857142855,3,0,2,1212,6729,1124.1890264026395,2.5
20262,1.0,1253,2026-08-09T16:50,COMPLETA,1504.2953,1656.2333333333333,977.6,92.0,679.2,4,0.3541666666666667,3,0,1,1215,6752,1123.5129218106988,2.5
20262,1.0,1254,2026-08-09T17:00,COMPLETA,1213.562,1996.6,1995.0,42.0,324.6,2,0.375,2,0,0,1215,6752,1123.5129218106988,2.5
20262,1.0,1255,2026-08-09T17:10,COMPLETA,1156.9947,1996.6,1995.0,42.0,324.6,2,0.375,2,0,0,1216,6754,1122.7172697368412,2.5
20262,1.0,1256,2026-08-09T17:20,COMPLETA,1179.5313,1996.6,1995.0,42.0,324.6,2,0.375,2,0,0,1217,6761,1122.0396055875094,2.5
20262,1.0,1257,2026-08-09T17:30,COMPLETA,1379.034,973.9200000000001,134.0,208.0,764.4,6,0.21428571428571427,5,0,2,1217,6761,1122.0396055875094,2.5
20262,1.0,1258,2026-08-09T17:40,COMPLETA,1372.5317,1536.8,144.5,122.0,657.0,5,0.3472222222222222,4,0,2,1220,6784,1121.5696721311467,2.5
20262,1.0,1259,2026-08-09T17:50,COMPLETA,1225.4946,1454.6666666666667,359.5,141.0,483.9,4,0.421875,3,0,3,1221,6791,1120.7770679770672,2.5
20262,1.0,1260,2026-08-09T18:00,COMPLETA,1047.8933,1999.75,1955.0,56.0,280.2,2,0.21875,2,0,0,1222,6794,1119.979050736497,2.5
20262,1.0,1261,2026-08-09T18:10,COMPLETA,1362.473,1627.1,102.8,228.0,993.0,6,0.46875,5,0,0,1223,6796,1119.1654946851997,2.5
20262,1.0,1262,2026-08-09T18:20,COMPLETA,1365.606,1375.0833333333333,102.8,276.0,1353.0,8,0.5138888888888888,6,0,6,1224,6798,1118.5440359477118,2.5
20262,1.0,1263,2026-08-09T18:30,COMPLETA,1321.1905,1183.1750000000002,82.5,212.0,1153.2,6,0.3125,4,0,2,1226,6808,1119.1943719412718,2.5
20262,1.0,1264,2026-08-09T18:40,COMPLETA,1064.913,329.25,82.5,94.0,487.8,3,0.35,2,0,0,1226,6808,1119.1943719412718,2.5
20262,1.0,1265,2026-08-09T18:50,COMPLETA,1192.4612,545.1666666666666,82.5,110.0,511.8,4,0.328125,3,0,0,1226,6808,1119.1943719412718,2.5
20262,1.0,1266,2026-08-09T19:00,COMPLETA,1219.7498,545.1666666666666,82.5,110.0,451.8,4,0.328125,3,0,1,1227,6812,1118.3999999999994,2.5
20262,1.0,1267,2026-08-09T19:10,COMPLETA,1354.3277,929.4399999999999,82.5,152.0,582.0,5,0.3068181818181818,5,0,3,1227,6812,1118.3999999999994,2.5
20262,1.0,1268,2026-08-09T19:20,COMPLETA,1273.0849,855.8,576.0,166.0,588.0,4,0.4583333333333333,4,0,2,1229,6827,1118.3148901545967,2.5
20262,1.0,1269,2026-08-09T19:30,COMPLETA,1389.6528,880.54,125.5,201.0,688.1,5,0.3333333333333333,5,0,2,1231,6837,1118.650284321689,2.5
20262,1.0,1270,2026-08-09T19:40,COMPLETA,1472.812,814.0428571428571,118.2,354.0,1086.6,8,0.2708333333333333,7,0,1,1231,6837,1118.650284321689,2.5
20262,1.0,1271,2026-08-09T19:50,COMPLETA,1625.5389,859.075,107.5,398.0,1205.4,9,0.2916666666666667,8,0,3,1233,6850,1118.7128953771285,2.5
20262,1.0,1272,2026-08-09T20:00,COMPLETA,1113.6939,592.12,107.5,198.0,700.2,6,0.25892857142857145,5,0,2,1234,6853,1119.4631280388974,2.5
20262,1.0,1273,2026-08-09T20:10,COMPLETA,1332.3499,971.8,107.5,218.0,627.0,5,0.24166666666666667,5,0,2,1235,6856,1120.228259109311,2.5
20262,1.0,1274,2026-08-09T20:20,COMPLETA,1478.1,1333.16,107.5,214.0,695.4,5,0.25,5,0,3,1236,6863,1119.4149676375398,2.5
20262,1.0,1275,2026-08-09T20:30,COMPLETA,1077.7168,1961.75,1903.5,106.0,339.0,2,0.3125,2,0,1,1238,6880,1120.03012924071,2.5
20262,1.0,1276,2026-08-09T20:40,COMPLETA,1212.83,1956.2333333333333,1901.5,126.0,510.6,3,0.32142857142857145,3,0,1,1240,6904,1121.5085483870962,2.5
20262,1.0,1277,2026-08-09T20:50,COMPLETA,1042.1537,1903.25,1903.0,102.0,393.0,2,0.3125,2,0,0,1241,6909,1120.671313456889,2.5
20262,1.0,1278,2026-08-09T21:00,COMPLETA,1111.8863,1958.1666666666667,1903.0,138.0,507.0,3,0.3055555555555556,3,0,1,1242,6910,1120.2327697262474,2.5
20262,1.0,1279,2026-08-09T21:10,COMPLETA,1095.6859,1395.3666666666668,379.6,166.0,666.6,4,0.328125,3,0,2,1243,6914,1119.6332260659688,2.5
20262,1.0,1280,2026-08-09T21:20,COMPLETA,1238.1815,1924.0,1897.5,204.0,786.0,4,0.19791666666666666,3,0,0,1245,6928,1119.3857831325295,2.5
20262,1.0,1281,2026-08-09T21:30,COMPLETA,1571.8825,1746.06,904.5,188.0,881.4,5,0.32954545454545453,5,0,1,1247,6939,1118.4494787489969,2.5
20262,1.0,1282,2026-08-09T21:40,COMPLETA,1418.406,1665.35,904.5,268.0,1190.4,6,0.23214285714285715,4,0,0,1250,6955,1116.6607199999994,2.5
20262,1.0,1283,2026-08-09T21:50,COMPLETA,1383.7777,1665.35,904.5,268.0,1190.4,6,0.23214285714285715,4,0,0,1251,6963,1116.0562749800154,2.5
20262,1.0,1284,2026-08-09T22:00,COMPLETA,1434.1229,1665.35,904.5,268.0,1190.4,6,0.23214285714285715,4,0,0,1253,6979,1115.0948922585787,2.5
20262,1.0,1285,2026-08-09T22:10,COMPLETA,1396.1301,1735.3799999999999,904.5,310.0,1373.4,7,0.19852941176470587,5,0,0,1256,6986,1117.2731687898083,2.5
20262,1.0,1286,2026-08-09T22:20,COMPLETA,1389.6544,1735.3799999999999,904.5,310.0,1373.4,7,0.19852941176470587,5,0,0,1256,6986,1117.2731687898083,2.5
20262,1.0,1287,2026-08-09T22:30,COMPLETA,1361.0274,1735.3799999999999,904.5,310.0,1373.4,7,0.19852941176470587,5,0,0,1257,6996,1117.991328560063,2.5
20262,1.0,1288,2026-08-09T22:40,COMPLETA,1679.899,1551.0571428571427,122.5,400.0,1863.0,10,0.22395833333333334,7,0,0,1258,7003,1118.746502384737,2.5
20262,1.0,1289,2026-08-09T22:50,COMPLETA,2055.1202,1475.7,122.5,484.0,2353.2,12,0.2760416666666667,8,0,0,1259,7009,1118.1594122319295,2.5
20262,1.0,1290,2026-08-09T23:00,COMPLETA,2243.6152,1381.7333333333333,122.5,394.0,1873.8,10,0.2916666666666667,9,0,10,1260,7012,1118.9180158730153,2.5
20262,1.0,1291,2026-08-09T23:10,SIN_DEMANDA,0,,,,,,,0,0,0,1260,7012,1118.9180158730153,2.5
20262,1.0,1292,2026-08-09T23:20,SIN_DEMANDA,0,,,,,,,0,0,0,1260,7012,1118.9180158730153,2.5
20262,1.0,1293,2026-08-09T23:30,COMPLETA,964.94,2047.8,2019.5,158.0,964.5999999999999,5,0.19444444444444445,3,0,5,1260,7012,1118.9180158730153,2.5
20262,1.0,1294,2026-08-09T23:40,COMPLETA,880.5808,2067.2,2067.2,48.0,355.2,2,0.625,1,0,2,1260,7012,1118.9180158730153,2.5
20262,1.0,1295,2026-08-09T23:50,COMPLETA,954.4088,1502.3,972.4,238.0,1171.2,5,0.5,2,0,5,1260,7012,1118.9180158730153,2.5
20262,1.0,1296,2026-08-10T00:00,COMPLETA,881.8915,2075.0,2075.0,32.0,168.0,1,0.375,1,0,1,1260,7012,1118.9180158730153,2.5
20262,1.0,1297,2026-08-10T00:10,SIN_DEMANDA,0,,,,,,,0,0,0,1260,7012,1118.9180158730153,2.5
20262,1.0,1298,2026-08-10T00:20,SIN_DEMANDA,0,,,,,,,0,0,0,1261,7021,1119.664710547184,2.5
20262,1.0,1299,2026-08-10T00:30,SIN_DEMANDA,0,,,,,,,0,0,0,1261,7021,1119.664710547184,2.5
20262,1.0,1300,2026-08-10T00:40,COMPLETA,925.082,1176.35,330.5,90.0,425.4,2,0.28125,2,0,1,1267,7053,1119.5587213891074,2.5
20262,1.0,1301,2026-08-10T00:50,COMPLETA,1093.1973,711.4,330.5,139.0,636.0,3,0.30357142857142855,3,0,1,1269,7068,1120.7819542947195,2.5
20262,1.0,1302,2026-08-10T01:00,COMPLETA,1064.1798,556.25,86.0,246.0,1546.0,7,0.4117647058823529,4,0,5,1269,7068,1120.7819542947195,2.5
20262,1.0,1303,2026-08-10T01:10,COMPLETA,1111.5188,498.46000000000004,53.8,275.0,1218.5,6,0.25925925925925924,5,0,1,1272,7089,1123.0058176100622,2.5
20262,1.0,1304,2026-08-10T01:20,COMPLETA,1157.3625,543.825,71.5,285.0,1141.5,6,0.21428571428571427,4,0,0,1272,7089,1123.0058176100622,2.5
20262,1.0,1305,2026-08-10T01:30,COMPLETA,1133.404,543.825,71.5,285.0,1141.5,6,0.21428571428571427,4,0,1,1273,7098,1123.7536527886873,2.5
20262,1.0,1306,2026-08-10T01:40,COMPLETA,1282.512,973.325,71.5,314.0,1125.0,7,0.22058823529411764,4,0,0,1274,7108,1123.6348508634214,2.5
20262,1.0,1307,2026-08-10T01:50,COMPLETA,1271.7196,973.325,53.8,214.0,768.0,5,0.28846153846153844,4,0,0,1275,7111,1124.3374901960776,2.5
20262,1.0,1308,2026-08-10T02:00,COMPLETA,1175.0062,973.325,53.8,214.0,768.0,5,0.28846153846153844,4,0,3,1276,7121,1125.0489811912216,2.5
20262,1.0,1309,2026-08-10T02:10,COMPLETA,1089.3499,433.2333333333333,71.5,168.0,676.2,5,0.44642857142857145,3,0,2,1276,7121,1125.0489811912216,2.5
20262,1.0,1310,2026-08-10T02:20,COMPLETA,2039.5876,1055.9,53.8,256.0,961.2,8,0.375,7,0,2,1276,7121,1125.0489811912216,2.5
20262,1.0,1311,2026-08-10T02:30,COMPLETA,1524.7824,1161.6166666666668,53.8,254.0,928.8,7,0.3942307692307692,6,0,6,1276,7121,1125.0489811912216,2.5
20262,1.0,1312,2026-08-10T02:40,COMPLETA,1309.3489,1307.54,120.0,202.0,922.7,5,0.40625,5,0,4,1276,7121,1125.0489811912216,2.5
20262,1.0,1313,2026-08-10T02:50,COMPLETA,884.9055,366.3,120.0,72.0,256.8,2,0.28125,2,0,1,1276,7121,1125.0489811912216,2.5
20262,1.0,1314,2026-08-10T03:00,COMPLETA,955.114,1060.25,120.0,82.0,243.0,2,0.20833333333333334,2,0,0,1277,7126,1125.7515270164438,2.5
20262,1.0,1315,2026-08-10T03:10,COMPLETA,1050.1618,913.3000000000001,120.0,126.0,468.6,4,0.265625,3,0,1,1277,7126,1125.7515270164438,2.5
20262,1.0,1316,2026-08-10T03:20,COMPLETA,1019.8635,1309.95,619.4,86.0,348.6,3,0.225,2,0,2,1277,7126,1125.7515270164438,2.5
20262,1.0,1317,2026-08-10T03:30,COMPLETA,527.8642,2000.5,2000.5,42.0,123.0,1,0.08333333333333333,1,0,0,1278,7135,1124.9379499217519,2.5
20262,1.0,1318,2026-08-10T03:40,COMPLETA,1014.9548,1367.8333333333333,110.5,178.0,447.5,3,0.1527777777777778,3,0,0,1283,7164,1124.117614964925,2.5
20262,1.0,1319,2026-08-10T03:50,COMPLETA,1055.4915,1533.0,110.5,244.0,606.5,4,0.125,4,0,2,1286,7177,1124.1235614307923,2.5
20262,1.0,1320,2026-08-10T04:00,COMPLETA,922.9406,2014.5,2000.5,108.0,282.0,2,0.0625,2,0,2,1287,7184,1123.9591297591287,2.5
20262,1.0,1321,2026-08-10T04:10,SIN_DEMANDA,0,,,,,,,0,0,0,1289,7201,1124.0926299456933,2.5
20262,1.0,1322,2026-08-10T04:20,COMPLETA,914.0333,1217.0,369.5,63.0,214.5,2,0.125,2,0,1,1293,7227,1123.647331786542,2.5
20262,1.0,1323,2026-08-10T04:30,COMPLETA,1139.2039,936.35,366.4,143.0,472.5,4,0.2625,4,0,1,1294,7228,1123.252395672333,2.5
20262,1.0,1324,2026-08-10T04:40,COMPLETA,1064.1037,926.8000000000001,366.4,84.0,324.0,3,0.32142857142857145,3,0,2,1295,7236,1122.4776833976825,2.5
20262,1.0,1325,2026-08-10T04:50,COMPLETA,1027.5356,1189.6,361.0,137.0,455.7,3,0.4,2,0,3,1297,7246,1121.4919043947561,2.5
20262,1.0,1326,2026-08-10T05:00,COMPLETA,575.8578,1950.5,1950.5,30.0,165.0,1,0.125,1,0,0,1299,7252,1122.8692840646643,2.5
20262,1.0,1327,2026-08-10T05:10,COMPLETA,1036.0599,1174.75,39.5,124.0,546.0,4,0.1875,4,0,2,1299,7252,1122.8692840646643,2.5
20262,1.0,1328,2026-08-10T05:20,COMPLETA,904.2057,995.0,39.5,64.0,336.0,2,0.08333333333333333,2,0,0,1299,7252,1122.8692840646643,2.5
20262,1.0,1329,2026-08-10T05:30,COMPLETA,1015.0074,670.125,39.5,126.0,687.0,5,0.17045454545454544,4,0,2,1299,7252,1122.8692840646643,2.5
20262,1.0,1330,2026-08-10T05:40,COMPLETA,935.8302,840.5,39.5,106.0,519.0,3,0.08333333333333333,3,0,0,1300,7254,1123.5443846153837,2.5
20262,1.0,1331,2026-08-10T05:50,COMPLETA,1095.141,1131.875,39.5,130.0,675.0,4,0.08333333333333333,4,0,0,1301,7258,1122.765718677939,2.5
20262,1.0,1332,2026-08-10T06:00,COMPLETA,1389.9612,1302.4,39.5,256.0,1104.0,6,0.09027777777777778,5,0,0,1303,7263,1124.18357636224,2.5
20262,1.0,1333,2026-08-10T06:10,COMPLETA,1274.0277,1069.7142857142858,39.5,335.0,1342.5,7,0.1130952380952381,7,0,0,1304,7265,1123.602453987729,2.5
20262,1.0,1334,2026-08-10T06:20,COMPLETA,1187.9595,1069.7142857142858,39.5,335.0,1342.5,7,0.1130952380952381,7,0,0,1305,7271,1123.0257471264358,2.5
20262,1.0,1335,2026-08-10T06:30,COMPLETA,2153.6981,1250.01,39.5,438.0,1903.8,10,0.18269230769230768,10,0,0,1308,7285,1123.2026758409777,2.5
20262,1.0,1336,2026-08-10T06:40,COMPLETA,2078.7316,1250.01,39.5,438.0,1903.8,10,0.18269230769230768,10,0,0,1309,7293,1123.9229182582114,2.5
20262,1.0,1337,2026-08-10T06:50,COMPLETA,2228.8721,1147.418181818182,39.5,520.0,2356.8,12,0.20982142857142858,11,0,0,1312,7318,1123.2875762195113,2.5
20262,1.0,1338,2026-08-10T07:00,COMPLETA,4861.717,1050.7384615384615,39.5,572.0,2830.8,15,0.23106060606060605,13,0,14,1312,7318,1123.2875762195113,2.5
20262,1.0,1339,2026-08-10T07:10,COMPLETA,1259.8152,917.6,119.6,240.0,1114.8,5,0.39285714285714285,3,0,5,1312,7318,1123.2875762195113,2.5
20262,1.0,1340,2026-08-10T07:20,COMPLETA,651.852,2058.0,2058.0,30.0,192.0,1,0.25,1,0,1,1312,7318,1123.2875762195113,2.5
20262,1.0,1341,2026-08-10T07:30,SIN_DEMANDA,0,,,,,,,0,0,0,1312,7318,1123.2875762195113,2.5
20262,1.0,1342,2026-08-10T07:40,SIN_DEMANDA,0,,,,,,,0,0,0,1312,7318,1123.2875762195113,2.5
20262,1.0,1343,2026-08-10T07:50,COMPLETA,1117.4037,1338.9666666666667,978.4,92.0,568.2,3,0.3,3,0,3,1312,7318,1123.2875762195113,2.5
20262,1.0,1344,2026-08-10T08:00,COMPLETA,675.0036,1986.0,1986.0,44.0,340.0,1,0.75,1,0,1,1312,7318,1123.2875762195113,2.5
20262,1.0,1345,2026-08-10T08:10,COMPLETA,905.0308,2059.2,2059.2,68.0,403.2,2,0.3125,1,0,2,1313,7324,1122.9233054074627,2.5
20262,1.0,1346,2026-08-10T08:20,SIN_DEMANDA,0,,,,,,,0,0,0,1313,7324,1122.9233054074627,2.5
20262,1.0,1347,2026-08-10T08:30,COMPLETA,1103.1596,1158.4,330.0,74.0,367.2,2,0.28125,2,0,0,1318,7346,1122.7132018209397,2.5
20262,1.0,1348,2026-08-10T08:40,COMPLETA,1546.2199,1106.76,316.5,226.0,1313.2,6,0.25,5,0,2,1320,7349,1122.952196969696,2.5
20262,1.0,1349,2026-08-10T08:50,COMPLETA,1477.6821,1112.4666666666665,86.0,214.0,1096.8,6,0.24107142857142858,6,0,0,1322,7361,1121.4027987897116,2.5
20262,1.0,1350,2026-08-10T09:00,COMPLETA,1623.9666,1114.2666666666667,86.0,214.0,1075.2,6,0.24107142857142858,6,0,0,1326,7381,1123.2703619909491,2.5
20262,1.0,1351,2026-08-10T09:10,COMPLETA,2147.6023,1025.7,64.0,322.0,1669.2,9,0.2777777777777778,8,0,3,1328,7390,1122.7884036144567,2.5
20262,1.0,1352,2026-08-10T09:20,COMPLETA,3211.1394,1537.0666666666666,316.5,423.0,2582.7,13,0.26875,9,0,6,1329,7395,1123.471181339352,2.5
20262,1.0,1353,2026-08-10T09:30,COMPLETA,1988.5938,1527.6,316.5,271.0,1214.7,9,0.19078947368421054,8,0,0,1330,7402,1123.3621052631568,2.5
20262,1.0,1354,2026-08-10T09:40,COMPLETA,2395.8145,1245.3899999999999,112.5,303.0,1292.1,10,0.23958333333333334,10,0,2,1330,7402,1123.3621052631568,2.5
20262,1.0,1355,2026-08-10T09:50,COMPLETA,4955.3189,1563.5090909090907,75.8,446.0,1746.3,12,0.296875,11,0,4,1331,7406,1124.0470323065354,2.5
20262,1.0,1356,2026-08-10T10:00,COMPLETA,1985.2051,1449.1571428571428,75.8,297.0,1116.0,8,0.3203125,7,0,2,1332,7411,1124.749099099098,2.5
20262,1.0,1357,2026-08-10T10:10,COMPLETA,1669.7666,1595.0,69.5,210.0,754.2,6,0.25892857142857145,5,0,1,1332,7411,1124.749099099098,2.5
20262,1.0,1358,2026-08-10T10:20,COMPLETA,1631.4914,1315.5666666666668,75.8,245.0,900.0,7,0.26666666666666666,6,0,2,1332,7411,1124.749099099098,2.5
20262,1.0,1359,2026-08-10T10:30,COMPLETA,1638.9351,1563.52,926.6,161.0,578.4,5,0.22115384615384615,5,0,3,1332,7411,1124.749099099098,2.5
20262,1.0,1360,2026-08-10T10:40,COMPLETA,1286.971,1485.0500000000002,959.6,132.0,543.0,4,0.234375,4,0,1,1332,7411,1124.749099099098,2.5
20262,1.0,1361,2026-08-10T10:50,COMPLETA,1379.2665,1402.975,633.2,110.0,522.6,4,0.2708333333333333,4,0,2,1333,7414,1125.3951987996988,2.5
20262,1.0,1362,2026-08-10T11:00,COMPLETA,1020.8286,1327.9,633.2,28.0,187.2,2,0.3125,2,0,1,1334,7418,1124.7989505247365,2.5
20262,1.0,1363,2026-08-10T11:10,COMPLETA,1212.4985,1068.9333333333334,585.0,146.0,623.4,5,0.4107142857142857,3,0,3,1335,7423,1124.6522846441935,2.5
20262,1.0,1364,2026-08-10T11:20,COMPLETA,1186.3639,984.1333333333333,344.8,92.0,373.79999999999995,3,0.25,3,0,0,1338,7439,1124.61591928251,2.5
20262,1.0,1365,2026-08-10T11:30,COMPLETA,1257.0162,1016.3799999999999,77.5,203.0,676.5,5,0.2916666666666667,5,0,2,1343,7463,1125.7804914370802,2.5
20262,1.0,1366,2026-08-10T11:40,COMPLETA,1111.4117,1197.625,86.5,134.0,493.2,4,0.3333333333333333,4,0,1,1344,7471,1124.9904761904752,2.5
20262,1.0,1367,2026-08-10T11:50,COMPLETA,1227.9282,1194.375,76.0,165.0,503.7,4,0.1625,4,0,3,1347,7485,1126.8683741648097,2.5
20262,1.0,1368,2026-08-10T12:00,COMPLETA,1275.4572,1082.3,76.0,78.0,238.8,2,0.40625,2,0,2,1348,7489,1127.5405786350138,2.5
20262,1.0,1369,2026-08-10T12:10,COMPLETA,1013.3717,379.5,379.5,46.0,129.0,1,0.375,1,0,1,1348,7489,1127.5405786350138,2.5
20262,1.0,1370,2026-08-10T12:20,COMPLETA,609.6749,397.2,397.2,14.0,93.6,1,0.125,1,0,1,1352,7511,1125.8352071005907,2.5
20262,1.0,1371,2026-08-10T12:30,COMPLETA,1150.612,1228.75,390.0,122.0,363.0,3,0.20833333333333334,2,0,3,1353,7517,1126.4787139689568,2.5
20262,1.0,1372,2026-08-10T12:40,COMPLETA,1041.9443,606.5,581.0,87.0,296.4,2,0.3125,2,0,2,1353,7517,1126.4787139689568,2.5
20262,1.0,1373,2026-08-10T12:50,SIN_DEMANDA,0,,,,,,,0,0,0,1356,7538,1126.8691002949845,2.5
20262,1.0,1374,2026-08-10T13:00,COMPLETA,1093.9697,980.5,25.5,84.0,366.0,2,0.2708333333333333,2,0,0,1357,7542,1127.567354458363,2.5
20262,1.0,1375,2026-08-10T13:10,COMPLETA,956.1448,980.5,25.5,84.0,366.0,2,0.2708333333333333,2,0,0,1359,7558,1127.8857247976443,2.5
20262,1.0,1376,2026-08-10T13:20,COMPLETA,1076.0614,775.25,25.5,156.0,594.0,4,0.2604166666666667,4,0,2,1360,7562,1128.5652205882343,2.5
20262,1.0,1377,2026-08-10T13:30,COMPLETA,1159.054,826.2333333333332,10.2,192.0,979.8,5,0.2777777777777778,3,0,0,1363,7569,1128.2780630961106,2.5
20262,1.0,1378,2026-08-10T13:40,COMPLETA,1557.5106,1001.4399999999999,10.2,283.0,1325.7,7,0.22058823529411764,5,0,0,1364,7570,1127.742082111436,2.5
20262,1.0,1379,2026-08-10T13:50,COMPLETA,1244.3274,893.1285714285714,10.2,329.0,1656.3,9,0.22023809523809523,7,0,0,1365,7579,1127.1939194139186,2.5
20262,1.0,1380,2026-08-10T14:00,COMPLETA,1291.307,821.3625,10.2,372.0,1840.8,10,0.19791666666666666,8,0,0,1366,7585,1126.6542459736447,2.5
20262,1.0,1381,2026-08-10T14:10,COMPLETA,1113.8372,821.3625,10.2,372.0,1840.8,10,0.19791666666666666,8,0,0,1369,7609,1126.2127100073037,2.5
20262,1.0,1382,2026-08-10T14:20,COMPLETA,1456.4239,821.3625,10.2,372.0,1840.8,10,0.19791666666666666,8,0,0,1369,7609,1126.2127100073037,2.5
20262,1.0,1383,2026-08-10T14:30,COMPLETA,1212.978,821.3625,10.2,372.0,1840.8,10,0.19791666666666666,8,0,0,1369,7609,1126.2127100073037,2.5
20262,1.0,1384,2026-08-10T14:40,COMPLETA,1152.9881,821.3625,10.2,372.0,1840.8,10,0.19791666666666666,8,0,0,1369,7609,1126.2127100073037,2.5
20262,1.0,1385,2026-08-10T14:50,COMPLETA,1524.0849,755.49,10.2,457.0,2208.3,12,0.22083333333333333,10,0,0,1370,7616,1126.1187591240866,2.5
20262,1.0,1386,2026-08-10T15:00,COMPLETA,1481.4244,775.3090909090909,10.2,477.0,2238.3,12,0.23333333333333334,11,0,12,1372,7623,1125.0045189504365,2.5
20262,1.0,1387,2026-08-10T15:10,COMPLETA,1153.4045,1305.9,588.8,172.0,1048.8,4,0.5416666666666666,2,0,4,1372,7623,1125.0045189504365,2.5
20262,1.0,1388,2026-08-10T15:20,COMPLETA,937.7953,1997.5,1997.5,83.0,244.5,1,0.25,1,0,1,1372,7623,1125.0045189504365,2.5
20262,1.0,1389,2026-08-10T15:30,SIN_DEMANDA,0,,,,,,,0,0,0,1372,7623,1125.0045189504365,2.5
20262,1.0,1390,2026-08-10T15:40,COMPLETA,1146.3924,2036.3,2032.0,78.0,427.2,2,1.0,2,0,2,1372,7623,1125.0045189504365,2.5
20262,1.0,1391,2026-08-10T15:50,SIN_DEMANDA,0,,,,,,,0,0,0,1372,7623,1125.0045189504365,2.5
20262,1.0,1392,2026-08-10T16:00,COMPLETA,1241.0355,868.05,94.8,172.0,892.8,4,0.59375,4,0,4,1372,7623,1125.0045189504365,2.5
20262,1.0,1393,2026-08-10T16:10,COMPLETA,973.1454,1170.4,360.8,102.0,484.8,2,0.5625,2,0,2,1372,7623,1125.0045189504365,2.5
20262,1.0,1394,2026-08-10T16:20,COMPLETA,1191.5815,909.9,294.0,149.0,836.8,4,0.3181818181818182,4,0,3,1373,7627,1124.863219227967,2.5
20262,1.0,1395,2026-08-10T16:30,COMPLETA,1378.5647,785.6666666666666,50.0,92.0,498.0,3,0.2361111111111111,3,0,0,1375,7637,1124.9068363636354,2.5
20262,1.0,1396,2026-08-10T16:40,COMPLETA,1242.1438,785.6666666666666,50.0,92.0,498.0,3,0.2361111111111111,3,0,0,1380,7659,1123.5734782608686,2.5
20262,1.0,1397,2026-08-10T16:50,COMPLETA,1527.1142,822.875,50.0,162.0,843.0,5,0.225,4,0,0,1383,7679,1122.2231381055667,2.5
20262,1.0,1398,2026-08-10T17:00,COMPLETA,2329.5952,802.8888888888889,50.0,632.0,2859.0,13,0.2688679245283019,9,0,5,1383,7679,1122.2231381055667,2.5
20262,1.0,1399,2026-08-10T17:10,COMPLETA,2071.8928,925.3000000000001,28.2,500.0,2034.6,10,0.21634615384615385,9,0,0,1383,7679,1122.2231381055667,2.5
20262,1.0,1400,2026-08-10T17:20,COMPLETA,2601.8771,925.3000000000001,28.2,500.0,1974.6,10,0.21634615384615385,9,0,1,1384,7685,1121.837716763005,2.5
20262,1.0,1401,2026-08-10T17:30,COMPLETA,2008.4461,794.5875,50.0,399.0,1506.9,8,0.23295454545454544,8,0,0,1385,7692,1122.4883754512625,2.5
20262,1.0,1402,2026-08-10T17:40,COMPLETA,1864.5677,794.5875,50.0,399.0,1206.9,8,0.23295454545454544,8,0,1,1389,7713,1124.3916486681057,2.5
20262,1.0,1403,2026-08-10T17:50,COMPLETA,1927.7271,854.9555555555555,50.0,430.0,1419.9,10,0.29651162790697677,9,0,2,1390,7715,1123.8494964028769,2.5
20262,1.0,1404,2026-08-10T18:00,COMPLETA,1563.9765,682.342857142857,50.0,347.0,1054.5,8,0.275,7,0,3,1391,7721,1124.4775700934572,2.5
20262,1.0,1405,2026-08-10T18:10,COMPLETA,1585.3407,701.8166666666666,50.0,241.0,835.5,7,0.3014705882352941,6,0,3,1392,7727,1123.9289511494246,2.5
20262,1.0,1406,2026-08-10T18:20,COMPLETA,1197.8001,675.4666666666667,517.5,142.0,507.0,4,0.296875,3,0,2,1394,7740,1123.0620516499275,2.5
20262,1.0,1407,2026-08-10T18:30,COMPLETA,1007.293,538.5,517.5,82.0,243.0,2,0.1875,2,0,1,1395,7748,1123.7108960573469,2.5
20262,1.0,1408,2026-08-10T18:40,COMPLETA,1231.7704,1526.1000000000001,558.8,128.0,395.4,3,0.21428571428571427,3,0,0,1395,7748,1123.7108960573469,2.5
20262,1.0,1409,2026-08-10T18:50,COMPLETA,1397.8119,1284.275,559.5,199.0,627.3,4,0.1625,4,0,0,1395,7748,1123.7108960573469,2.5
20262,1.0,1410,2026-08-10T19:00,COMPLETA,1359.9186,1284.275,559.5,199.0,567.3,4,0.1625,4,0,0,1396,7755,1123.134025787965,2.5
20262,1.0,1411,2026-08-10T19:10,COMPLETA,1472.9266,1284.275,559.5,199.0,567.3,4,0.1625,4,0,1,1397,7758,1123.74738725841,2.5
20262,1.0,1412,2026-08-10T19:20,COMPLETA,1538.7006,1289.375,559.5,205.0,581.7,4,0.225,4,0,3,1397,7758,1123.74738725841,2.5
20262,1.0,1413,2026-08-10T19:30,COMPLETA,1303.7342,1063.7333333333333,560.5,138.0,399.6,3,0.3392857142857143,3,0,2,1400,7771,1124.443642857142,2.5
20262,1.0,1414,2026-08-10T19:40,COMPLETA,1008.5703,784.95,560.5,62.0,220.2,2,0.28125,2,0,1,1402,7787,1123.5264621968608,2.5
20262,1.0,1415,2026-08-10T19:50,COMPLETA,1046.264,1284.9,559.8,122.0,351.6,2,0.4375,2,0,0,1405,7799,1123.6153736654796,2.5
20262,1.0,1416,2026-08-10T20:00,COMPLETA,1040.2775,1284.9,559.8,122.0,351.6,2,0.4375,2,0,1,1408,7822,1123.3541903409082,2.5
20262,1.0,1417,2026-08-10T20:10,COMPLETA,952.3478,2010.0,2010.0,68.0,162.0,1,0.25,1,0,0,1409,7830,1123.191767210787,2.5
20262,1.0,1418,2026-08-10T20:20,COMPLETA,962.2314,2010.0,2010.0,68.0,162.0,1,0.25,1,0,1,1410,7834,1122.7621985815595,2.5
20262,1.0,1419,2026-08-10T20:30,COMPLETA,1313.538,390.275,165.6,130.0,445.8,4,0.275,4,0,4,1410,7834,1122.7621985815595,2.5
20262,1.0,1420,2026-08-10T20:40,COMPLETA,896.1387,128.5,128.5,44.0,126.0,1,0.3333333333333333,1,0,0,1410,7834,1122.7621985815595,2.5
20262,1.0,1421,2026-08-10T20:50,COMPLETA,1124.7006,1207.125,128.5,194.0,558.0,4,0.1625,4,0,3,1413,7847,1121.9432413305015,2.5
20262,1.0,1422,2026-08-10T21:00,COMPLETA,1105.6979,2032.0,2028.0,168.0,522.0,3,0.25,2,0,3,1414,7850,1122.5837340876935,2.5
20262,1.0,1423,2026-08-10T21:10,COMPLETA,1041.5827,1941.5,1941.5,54.0,201.0,1,0.2916666666666667,1,0,0,1415,7858,1123.2377385159002,2.5
20262,1.0,1424,2026-08-10T21:20,COMPLETA,1136.78,1390.0,278.5,148.0,582.0,3,0.25,3,0,0,1415,7858,1123.2377385159002,2.5
20262,1.0,1425,2026-08-10T21:30,COMPLETA,1245.1317,1106.925,267.0,258.0,1084.2,5,0.25,4,0,0,1416,7859,1122.8410310734455,2.5
20262,1.0,1426,2026-08-10T21:40,COMPLETA,1228.457,896.3800000000001,68.0,236.0,1042.2,5,0.3068181818181818,5,0,0,1417,7863,1123.4519407198297,2.5
20262,1.0,1427,2026-08-10T21:50,COMPLETA,1235.4254,896.3800000000001,68.0,236.0,1042.2,5,0.3068181818181818,5,0,0,1418,7870,1122.7764456981656,2.5
20262,1.0,1428,2026-08-10T22:00,COMPLETA,1279.7675,896.3800000000001,68.0,236.0,1042.2,5,0.3068181818181818,5,0,0,1420,7881,1121.911971830985,2.5
20262,1.0,1429,2026-08-10T22:10,COMPLETA,1973.6312,1023.4666666666667,68.0,399.0,2169.9,12,0.25892857142857145,9,0,0,1422,7893,1120.993178621659,2.5
20262,1.0,1430,2026-08-10T22:20,COMPLETA,1939.3,1023.4666666666667,68.0,399.0,2169.9,12,0.25892857142857145,9,0,0,1423,7899,1121.6179198875607,2.5
20262,1.0,1431,2026-08-10T22:30,COMPLETA,2235.3474,929.3700000000001,49.6,418.0,2031.6,11,0.30092592592592593,10,0,0,1424,7901,1122.279002808988,2.5
20262,1.0,1432,2026-08-10T22:40,COMPLETA,3243.8367,971.0083333333333,53.0,563.0,3030.9,16,0.28308823529411764,12,0,0,1426,7911,1121.2221598877973,2.5
20262,1.0,1433,2026-08-10T22:50,COMPLETA,4626.3621,1054.5,65.4,682.0,3663.6,19,0.2881944444444444,13,0,0,1426,7911,1121.2221598877973,2.5
20262,1.0,1434,2026-08-10T23:00,COMPLETA,7723.0782,1123.3500000000001,68.0,685.0,3495.0,18,0.3371212121212121,14,0,16,1428,7921,1122.4977591036406,2.5
20262,1.0,1435,2026-08-10T23:10,COMPLETA,1873.2196,1203.725,269.5,199.0,812.7,4,0.275,4,0,3,1428,7921,1122.4977591036406,2.5
20262,1.0,1436,2026-08-10T23:20,COMPLETA,1545.386,1158.7,627.8,136.0,637.8,3,0.4,3,0,2,1428,7921,1122.4977591036406,2.5
20262,1.0,1437,2026-08-10T23:30,COMPLETA,1745.7729,1954.0666666666666,1903.5,220.0,885.0,3,0.45,3,0,2,1428,7921,1122.4977591036406,2.5
20262,1.0,1438,2026-08-10T23:40,COMPLETA,1483.8199,1310.6000000000001,68.8,208.0,856.2,3,0.475,3,0,1,1428,7921,1122.4977591036406,2.5
20262,1.0,1439,2026-08-10T23:50,COMPLETA,1316.3205,212.4,68.8,109.0,501.6,2,0.75,2,0,0,1428,7921,1122.4977591036406,2.5
20262,1.0,1440,2026-08-11T00:00,COMPLETA,1217.1118,212.4,68.8,109.0,501.6,2,0.75,2,0,2,1428,7921,1122.4977591036406,2.5
20262,1.0,1441,2026-08-11T00:10,COMPLETA,1602.1635,1196.8,583.0,136.0,1225.2,5,0.7083333333333334,3,0,5,1429,7930,1122.1277816654997,2.5
20262,1.0,1442,2026-08-11T00:20,SIN_DEMANDA,0,,,,,,,0,0,0,1431,7943,1122.0524807826687,2.5
20262,1.0,1443,2026-08-11T00:30,COMPLETA,777.6357,1979.0,1979.0,46.0,350.0,1,1.0,1,0,1,1433,7956,1120.791765526866,2.5
20262,1.0,1444,2026-08-11T00:40,COMPLETA,1979.7101,664.625,555.5,142.0,867.4,4,0.4090909090909091,4,0,1,1434,7960,1121.4341701534163,2.5
20262,1.0,1445,2026-08-11T00:50,COMPLETA,1850.6247,607.125,326.0,206.0,1427.4,6,0.46153846153846156,4,0,3,1435,7964,1120.8404878048773,2.5
20262,1.0,1446,2026-08-11T01:00,COMPLETA,1953.2745,1030.5,555.5,134.0,722.4,4,0.34375,4,0,0,1440,7991,1121.9573611111105,2.5
20262,1.0,1447,2026-08-11T01:10,COMPLETA,1959.2827,1030.5,555.5,134.0,602.4,4,0.34375,4,0,2,1443,8009,1122.6148995148988,2.5
20262,1.0,1448,2026-08-11T01:20,COMPLETA,1459.2583,1531.0,555.5,134.0,501.0,3,0.20833333333333334,3,0,0,1444,8016,1121.8869806094176,2.5
20262,1.0,1449,2026-08-11T01:30,COMPLETA,1880.8396,1180.1,384.5,205.0,727.5,5,0.18333333333333332,5,0,1,1446,8030,1122.3050484094044,2.5
20262,1.0,1450,2026-08-11T01:40,COMPLETA,1611.9942,1238.75,374.0,148.0,511.0,4,0.21052631578947367,4,0,2,1446,8030,1122.3050484094044,2.5
20262,1.0,1451,2026-08-11T01:50,COMPLETA,1700.4508,1245.72,355.0,178.0,663.4,5,0.27380952380952384,5,0,2,1448,8040,1122.4223066298334,2.5
20262,1.0,1452,2026-08-11T02:00,COMPLETA,1704.9457,1465.9,919.0,218.0,632.4,5,0.25961538461538464,4,0,1,1448,8040,1122.4223066298334,2.5
20262,1.0,1453,2026-08-11T02:10,COMPLETA,1300.5786,1648.2,930.6,148.0,467.4,4,0.3,3,0,1,1448,8040,1122.4223066298334,2.5
20262,1.0,1454,2026-08-11T02:20,COMPLETA,1267.2704,1299.2,930.6,133.0,384.9,3,0.30357142857142855,3,0,0,1450,8053,1122.907379310344,2.5
20262,1.0,1455,2026-08-11T02:30,COMPLETA,1286.065,1299.2,930.6,133.0,384.9,3,0.30357142857142855,3,0,2,1451,8058,1122.5352860096477,2.5
20262,1.0,1456,2026-08-11T02:40,COMPLETA,1111.449,951.55,930.6,58.0,212.4,2,0.46875,2,0,1,1452,8066,1121.809573002754,2.5
20262,1.0,1457,2026-08-11T02:50,COMPLETA,1137.3923,667.6,404.6,18.0,163.2,2,0.5,2,0,1,1455,8079,1121.906529209621,2.5
20262,1.0,1458,2026-08-11T03:00,COMPLETA,1611.0001,1501.175,925.8,176.0,673.8,5,0.48214285714285715,4,0,4,1455,8079,1121.906529209621,2.5
20262,1.0,1459,2026-08-11T03:10,COMPLETA,987.7256,925.8,925.8,6.0,74.4,1,0.875,1,0,1,1455,8079,1121.906529209621,2.5
20262,1.0,1460,2026-08-11T03:20,COMPLETA,1124.7639,617.1,616.2,98.0,415.2,3,0.6666666666666666,2,0,3,1458,8094,1120.459533607681,2.5
20262,1.0,1461,2026-08-11T03:30,SIN_DEMANDA,0,,,,,,,0,0,0,1462,8111,1121.1627906976737,2.5
20262,1.0,1462,2026-08-11T03:40,SIN_DEMANDA,0,,,,,,,0,0,0,1462,8111,1121.1627906976737,2.5
20262,1.0,1463,2026-08-11T03:50,SIN_DEMANDA,0,,,,,,,0,0,0,1463,8119,1121.7604237867388,2.5
20262,1.0,1464,2026-08-11T04:00,SIN_DEMANDA,0,,,,,,,0,0,0,1464,8122,1121.236680327868,2.5
20262,1.0,1465,2026-08-11T04:10,SIN_DEMANDA,0,,,,,,,0,0,0,1465,8123,1120.7475085324224,2.5
20262,1.0,1466,2026-08-11T04:20,COMPLETA,571.3916,379.0,379.0,48.0,132.0,1,0.125,1,0,1,1467,8139,1121.226584867075,2.5
20262,1.0,1467,2026-08-11T04:30,COMPLETA,1438.5382,1281.425,382.2,185.0,620.7,5,0.3409090909090909,4,0,5,1469,8150,1120.9876786929876,2.5
20262,1.0,1468,2026-08-11T04:40,COMPLETA,710.8286,376.6,376.6,32.0,136.8,1,0.125,1,0,1,1470,8151,1120.8703401360538,2.5
20262,1.0,1469,2026-08-11T04:50,SIN_DEMANDA,0,,,,,,,0,0,0,1472,8161,1121.407676630434,2.5
20262,1.0,1470,2026-08-11T05:00,SIN_DEMANDA,0,,,,,,,0,0,0,1474,8177,1121.6935549525094,2.5
20262,1.0,1471,2026-08-11T05:10,COMPLETA,961.3955,644.0,644.0,12.0,78.0,1,0.375,1,0,1,1475,8187,1121.3508474576263,2.5
20262,1.0,1472,2026-08-11T05:20,COMPLETA,1072.7217,2076.0,2076.0,24.0,96.0,1,0.375,1,0,1,1475,8187,1121.3508474576263,2.5
20262,1.0,1473,2026-08-11T05:30,SIN_DEMANDA,0,,,,,,,0,0,0,1475,8187,1121.3508474576263,2.5
20262,1.0,1474,2026-08-11T05:40,COMPLETA,1182.0552,1489.25,898.0,156.0,594.0,4,0.16666666666666666,2,0,2,1475,8187,1121.3508474576263,2.5
20262,1.0,1475,2026-08-11T05:50,COMPLETA,888.3318,898.0,898.0,56.0,204.0,1,0.25,1,0,0,1475,8187,1121.3508474576263,2.5
20262,1.0,1476,2026-08-11T06:00,COMPLETA,1076.5528,906.0,898.0,108.0,402.0,2,0.2708333333333333,2,0,0,1478,8206,1120.9872801082536,2.5
20262,1.0,1477,2026-08-11T06:10,COMPLETA,1031.4551,906.0,898.0,108.0,402.0,2,0.2708333333333333,2,0,0,1479,8216,1121.623867478025,2.5
20262,1.0,1478,2026-08-11T06:20,COMPLETA,1430.1892,838.625,596.0,230.0,945.0,5,0.175,4,0,0,1482,8230,1120.4573549257752,2.5
20262,1.0,1479,2026-08-11T06:30,COMPLETA,1340.0594,838.625,596.0,230.0,945.0,5,0.175,4,0,0,1482,8230,1120.4573549257752,2.5
20262,1.0,1480,2026-08-11T06:40,COMPLETA,1389.4259,838.625,596.0,230.0,945.0,5,0.175,4,0,0,1483,8239,1121.1016857720829,2.5
20262,1.0,1481,2026-08-11T06:50,COMPLETA,1998.7141,842.7285714285715,130.6,349.0,1689.9,9,0.2619047619047619,7,0,0,1483,8239,1121.1016857720829,2.5
20262,1.0,1482,2026-08-11T07:00,COMPLETA,1896.09,780.8125,130.6,435.0,1944.3,10,0.24479166666666666,8,0,9,1484,8249,1121.748180592991,2.5
20262,1.0,1483,2026-08-11T07:10,COMPLETA,999.7605,653.5,362.0,120.0,561.6,3,0.32142857142857145,2,0,3,1484,8249,1121.748180592991,2.5
20262,1.0,1484,2026-08-11T07:20,COMPLETA,637.3804,2078.0,2078.0,20.0,150.0,1,0.08333333333333333,1,0,1,1484,8249,1121.748180592991,2.5
20262,1.0,1485,2026-08-11T07:30,COMPLETA,613.4305,2032.0,2032.0,54.0,201.0,1,0.125,1,0,1,1484,8249,1121.748180592991,2.5
20262,1.0,1486,2026-08-11T07:40,SIN_DEMANDA,0,,,,,,,0,0,0,1484,8249,1121.748180592991,2.5
20262,1.0,1487,2026-08-11T07:50,COMPLETA,1024.0172,327.5,327.5,43.0,259.0,1,0.20833333333333334,1,0,0,1484,8249,1121.748180592991,2.5
20262,1.0,1488,2026-08-11T08:00,COMPLETA,1058.3686,1171.55,327.5,88.0,507.2,2,0.28125,2,0,1,1484,8249,1121.748180592991,2.5
20262,1.0,1489,2026-08-11T08:10,COMPLETA,1270.5921,993.6999999999999,327.5,125.0,695.8,3,0.25,3,0,2,1484,8249,1121.748180592991,2.5
20262,1.0,1490,2026-08-11T08:20,COMPLETA,955.7607,327.5,327.5,43.0,259.0,1,0.20833333333333334,1,0,0,1484,8249,1121.748180592991,2.5
20262,1.0,1491,2026-08-11T08:30,COMPLETA,1454.0225,653.525,327.5,299.0,1385.0,6,0.275,4,0,4,1485,8252,1121.3941414141407,2.5
20262,1.0,1492,2026-08-11T08:40,COMPLETA,1018.0304,327.5,327.5,43.0,259.0,1,0.20833333333333334,1,0,0,1489,8279,1121.85688381464,2.5
20262,1.0,1493,2026-08-11T08:50,COMPLETA,1150.6131,662.95,327.5,61.0,422.2,2,0.25,2,0,1,1493,8302,1120.5618218352304,2.5
20262,1.0,1494,2026-08-11T09:00,COMPLETA,1452.5933,888.6333333333333,327.5,190.0,1244.3,6,0.2604166666666667,3,0,0,1493,8302,1120.5618218352304,2.5
20262,1.0,1495,2026-08-11T09:10,COMPLETA,1732.3002,814.725,327.5,257.0,1392.2,7,0.34375,4,0,2,1493,8302,1120.5618218352304,2.5
20262,1.0,1496,2026-08-11T09:20,COMPLETA,1554.6829,888.6333333333333,327.5,190.0,950.8,5,0.3472222222222222,3,0,0,1494,8307,1120.4443105756352,2.5
20262,1.0,1497,2026-08-11T09:30,COMPLETA,1665.1337,1168.725,315.0,257.0,1166.2,6,0.26785714285714285,4,0,0,1494,8307,1120.4443105756352,2.5
20262,1.0,1498,2026-08-11T09:40,COMPLETA,1738.4064,1168.725,315.0,261.0,1050.2,6,0.26785714285714285,4,0,1,1495,8310,1121.0540468227418,2.5
20262,1.0,1499,2026-08-11T09:50,COMPLETA,2198.7242,1048.0666666666666,315.0,241.0,837.7,7,0.34558823529411764,6,0,2,1495,8310,1121.0540468227418,2.5
20262,1.0,1500,2026-08-11T10:00,COMPLETA,1799.0638,1054.08,310.0,246.0,1107.0,7,0.3416666666666667,5,0,1,1496,8314,1121.6778074866302,2.5
20262,1.0,1501,2026-08-11T10:10,COMPLETA,1716.2141,809.1,310.0,264.0,867.2,5,0.3977272727272727,4,0,4,1498,8324,1121.23818424566,2.5
20262,1.0,1502,2026-08-11T10:20,COMPLETA,1299.0383,1262.75,327.5,147.0,490.0,3,0.20833333333333334,4,0,2,1500,8331,1121.7525333333324,2.5
20262,1.0,1503,2026-08-11T10:30,COMPLETA,1206.3782,1410.0,88.0,81.0,361.5,3,0.2222222222222222,3,0,2,1501,8335,1121.2507661558952,2.5
20262,1.0,1504,2026-08-11T10:40,COMPLETA,953.0775,1067.0,88.0,89.0,253.5,2,0.3333333333333333,2,0,0,1501,8335,1121.2507661558952,2.5
20262,1.0,1505,2026-08-11T10:50,COMPLETA,1061.5349,1067.0,88.0,89.0,253.5,2,0.3333333333333333,2,0,2,1501,8335,1121.2507661558952,2.5
20262,1.0,1506,2026-08-11T11:00,COMPLETA,1060.612,2009.0,2004.6,140.0,456.0,2,0.5625,2,0,2,1503,8341,1121.7744510978036,2.5
20262,1.0,1507,2026-08-11T11:10,COMPLETA,538.8947,2031.0,2031.0,16.0,84.0,1,0.125,1,0,0,1504,8349,1121.4228723404246,2.5
20262,1.0,1508,2026-08-11T11:20,COMPLETA,1156.7725,1481.2666666666667,355.8,86.0,372.0,3,0.25,3,0,1,1504,8349,1121.4228723404246,2.5
20262,1.0,1509,2026-08-11T11:30,COMPLETA,1320.5276,1611.975,355.8,128.0,477.0,4,0.203125,4,0,1,1505,8354,1122.0332225913614,2.5
20262,1.0,1510,2026-08-11T11:40,COMPLETA,1407.0477,1646.0,106.5,186.0,602.4,5,0.2159090909090909,5,0,0,1505,8354,1122.0332225913614,2.5
20262,1.0,1511,2026-08-11T11:50,COMPLETA,1691.4865,1715.0833333333333,106.5,212.0,701.4,6,0.25,6,0,1,1509,8393,1122.3634194831006,2.5
20262,1.0,1512,2026-08-11T12:00,COMPLETA,2302.1163,1348.9625,106.5,268.0,1059.0,9,0.375,8,0,4,1512,8410,1123.478769841269,2.5
20262,1.0,1513,2026-08-11T12:10,COMPLETA,1882.0223,1587.9714285714285,347.0,260.0,926.1,7,0.3522727272727273,7,0,5,1514,8420,1123.7509247027733,2.5
20262,1.0,1514,2026-08-11T12:20,COMPLETA,1703.5464,1459.0,300.5,141.0,407.7,3,0.3392857142857143,3,0,1,1514,8420,1123.7509247027733,2.5
20262,1.0,1515,2026-08-11T12:30,COMPLETA,1308.2062,1470.9666666666665,300.5,103.0,357.9,3,0.425,3,0,1,1515,8430,1124.3596699669959,2.5
20262,1.0,1516,2026-08-11T12:40,COMPLETA,1138.5659,1163.25,300.5,95.0,278.7,2,0.4375,2,0,2,1515,8430,1124.3596699669959,2.5
20262,1.0,1517,2026-08-11T12:50,SIN_DEMANDA,0,,,,,,,0,0,0,1515,8430,1124.3596699669959,2.5
20262,1.0,1518,2026-08-11T13:00,COMPLETA,662.462,984.0,984.0,34.0,111.0,1,0.16666666666666666,1,0,1,1517,8437,1124.291298615688,2.5
20262,1.0,1519,2026-08-11T13:10,COMPLETA,577.6034,2045.0,2045.0,63.0,154.5,1,0.125,1,0,1,1517,8437,1124.291298615688,2.5
20262,1.0,1520,2026-08-11T13:20,COMPLETA,1069.295,1009.25,60.5,114.0,531.0,3,0.16666666666666666,2,0,0,1519,8445,1124.250888742593,2.5
20262,1.0,1521,2026-08-11T13:30,COMPLETA,1556.2144,1337.0,60.5,150.0,825.0,5,0.175,3,0,0,1523,8462,1125.5078791858166,2.5
20262,1.0,1522,2026-08-11T13:40,COMPLETA,1585.2461,1337.0,60.5,150.0,825.0,5,0.175,3,0,0,1524,8466,1126.138385826771,2.5
20262,1.0,1523,2026-08-11T13:50,COMPLETA,1864.3209,1503.625,60.5,162.0,963.0,6,0.19444444444444445,4,0,0,1527,8486,1126.6620170268493,2.5
20262,1.0,1524,2026-08-11T14:00,COMPLETA,2524.1048,1672.0,60.5,228.0,1182.0,7,0.21428571428571427,6,0,0,1528,8488,1127.2482329842924,2.5
20262,1.0,1525,2026-08-11T14:10,COMPLETA,3018.3925,1477.6285714285714,60.5,402.0,2052.6,11,0.21296296296296297,7,0,0,1531,8502,1129.0350097975172,2.5
20262,1.0,1526,2026-08-11T14:20,COMPLETA,3097.1718,1305.55,60.5,320.0,1646.4,9,0.28804347826086957,8,0,0,1532,8505,1128.6857702349862,2.5
20262,1.0,1527,2026-08-11T14:30,COMPLETA,7127.104,1094.8727272727274,60.5,452.0,2307.0,12,0.34134615384615385,11,0,0,1534,8514,1128.0691655801818,2.5
20262,1.0,1528,2026-08-11T14:40,COMPLETA,7324.8473,1094.8727272727274,60.5,452.0,2307.0,12,0.34134615384615385,11,0,0,1534,8514,1128.0691655801818,2.5
20262,1.0,1529,2026-08-11T14:50,COMPLETA,16954.469,1002.2692307692307,60.5,592.0,3121.2,16,0.32916666666666666,13,0,0,1534,8514,1128.0691655801818,2.5
20262,1.0,1530,2026-08-11T15:00,COMPLETA,21791.4892,974.3785714285715,52.4,586.0,3011.4,16,0.3088235294117647,14,0,15,1536,8524,1128.1273437499992,2.5
20262,1.0,1531,2026-08-11T15:10,COMPLETA,1163.4619,1185.25,289.5,58.0,336.0,2,0.28125,2,0,1,1536,8524,1128.1273437499992,2.5
20262,1.0,1532,2026-08-11T15:20,COMPLETA,1372.2745,992.3666666666668,289.5,100.0,609.2,3,0.35,3,0,2,1536,8524,1128.1273437499992,2.5
20262,1.0,1533,2026-08-11T15:30,COMPLETA,1375.5823,442.5,289.5,108.0,402.0,2,0.3541666666666667,2,0,0,1536,8524,1128.1273437499992,2.5
20262,1.0,1534,2026-08-11T15:40,COMPLETA,1490.0763,394.0333333333333,288.5,262.0,1009.8,4,0.421875,3,0,4,1536,8524,1128.1273437499992,2.5
20262,1.0,1535,2026-08-11T15:50,SIN_DEMANDA,0,,,,,,,0,0,0,1536,8524,1128.1273437499992,2.5
20262,1.0,1536,2026-08-11T16:00,SIN_DEMANDA,0,,,,,,,0,0,0,1536,8524,1128.1273437499992,2.5
20262,1.0,1537,2026-08-11T16:10,SIN_DEMANDA,0,,,,,,,0,0,0,1536,8524,1128.1273437499992,2.5
20262,1.0,1538,2026-08-11T16:20,COMPLETA,1014.6855,132.0,132.0,48.0,600.0,3,0.8333333333333334,1,0,3,1539,8546,1128.7806367771273,2.5
20262,1.0,1539,2026-08-11T16:30,COMPLETA,1191.183,329.9,84.0,113.0,511.2,2,0.5625,2,0,2,1543,8564,1128.7740116655857,2.5
20262,1.0,1540,2026-08-11T16:40,COMPLETA,659.4953,347.0,347.0,10.0,144.0,1,0.125,1,0,0,1548,8587,1127.485400516795,2.5
20262,1.0,1541,2026-08-11T16:50,COMPLETA,1043.5483,649.0,347.0,50.0,324.0,2,0.0625,2,0,0,1548,8587,1127.485400516795,2.5
20262,1.0,1542,2026-08-11T17:00,COMPLETA,1236.7991,1103.6666666666667,347.0,102.0,522.0,3,0.10714285714285714,3,0,0,1551,8603,1127.5774339136033,2.5
20262,1.0,1543,2026-08-11T17:10,COMPLETA,1366.7125,1337.5,347.0,150.0,714.0,4,0.1125,4,0,0,1552,8607,1128.1726804123703,2.5
20262,1.0,1544,2026-08-11T17:20,COMPLETA,1571.6596,1476.7,347.0,208.0,801.0,5,0.125,5,0,1,1552,8607,1128.1726804123703,2.5
20262,1.0,1545,2026-08-11T17:30,COMPLETA,1634.5181,1687.22,347.0,212.0,727.0,5,0.2159090909090909,5,0,2,1553,8615,1127.632002575659,2.5
20262,1.0,1546,2026-08-11T17:40,COMPLETA,1293.4976,2016.7,2003.6,154.0,451.0,3,0.26785714285714285,3,0,2,1554,8625,1127.1373873873865,2.5
20262,1.0,1547,2026-08-11T17:50,COMPLETA,953.143,2003.6,2003.6,88.0,349.2,2,0.4375,1,0,1,1554,8625,1127.1373873873865,2.5
20262,1.0,1548,2026-08-11T18:00,COMPLETA,614.9379,2003.6,2003.6,44.0,166.0,1,0.5,1,0,1,1555,8635,1126.4974276527323,2.5
20262,1.0,1549,2026-08-11T18:10,SIN_DEMANDA,0,,,,,,,0,0,0,1555,8635,1126.4974276527323,2.5
20262,1.0,1550,2026-08-11T18:20,SIN_DEMANDA,0,,,,,,,0,0,0,1555,8635,1126.4974276527323,2.5
20262,1.0,1551,2026-08-11T18:30,COMPLETA,940.3496,130.5,130.5,58.0,147.0,1,0.20833333333333334,1,0,1,1555,8635,1126.4974276527323,2.5
20262,1.0,1552,2026-08-11T18:40,COMPLETA,1092.8343,1359.1,623.0,52.0,265.2,3,0.325,2,0,3,1556,8644,1126.117030848328,2.5
20262,1.0,1553,2026-08-11T18:50,COMPLETA,916.3631,2090.2,2090.2,8.0,139.2,2,0.625,1,0,2,1558,8650,1125.2637355584075,2.5
20262,1.0,1554,2026-08-11T19:00,COMPLETA,1081.5336,2043.0,2043.0,71.0,166.5,1,0.25,1,0,1,1559,8651,1125.1519563822956,2.5
20262,1.0,1555,2026-08-11T19:10,COMPLETA,1301.3984,2059.5,2048.0,60.0,228.0,2,0.1875,2,0,1,1561,8658,1125.0704035874433,2.5
20262,1.0,1556,2026-08-11T19:20,COMPLETA,747.0296,2048.0,2048.0,40.0,120.0,1,0.16666666666666666,1,0,1,1561,8658,1125.0704035874433,2.5
20262,1.0,1557,2026-08-11T19:30,COMPLETA,924.8197,1114.75,158.0,50.0,201.5,2,0.20833333333333334,2,0,2,1563,8666,1126.219705694177,2.5
20262,1.0,1558,2026-08-11T19:40,COMPLETA,1042.1926,667.25,394.0,101.0,271.5,2,0.22916666666666666,2,0,2,1563,8666,1126.219705694177,2.5
20262,1.0,1559,2026-08-11T19:50,COMPLETA,1007.7427,2059.8,2059.8,78.0,367.20000000000005,3,0.4166666666666667,1,0,3,1564,8675,1126.8392583120196,2.5
20262,1.0,1560,2026-08-11T20:00,SIN_DEMANDA,0,,,,,,,0,0,0,1565,8685,1127.4548242811493,2.5
20262,1.0,1561,2026-08-11T20:10,COMPLETA,1268.2361,2072.25,2059.5,70.0,225.0,2,0.2916666666666667,2,0,2,1566,8692,1128.0143039591308,2.5
20262,1.0,1562,2026-08-11T20:20,COMPLETA,1154.0778,372.4,160.8,76.0,302.4,2,0.5625,2,0,2,1568,8701,1127.0560586734687,2.5
20262,1.0,1563,2026-08-11T20:30,COMPLETA,718.1172,592.0,592.0,60.0,150.0,1,0.16666666666666666,1,0,0,1568,8701,1127.0560586734687,2.5
20262,1.0,1564,2026-08-11T20:40,COMPLETA,729.6853,592.0,592.0,60.0,150.0,1,0.16666666666666666,1,0,1,1569,8703,1127.657680050987,2.5
20262,1.0,1565,2026-08-11T20:50,COMPLETA,610.4779,2077.6,2077.6,12.0,88.8,1,0.5,1,0,1,1571,8713,1127.6412476129847,2.5
20262,1.0,1566,2026-08-11T21:00,COMPLETA,792.8849,2061.5,2061.5,30.0,105.0,1,0.041666666666666664,1,0,1,1574,8729,1128.3414231257934,2.5
20262,1.0,1567,2026-08-11T21:10,COMPLETA,1274.0345,1660.0,863.0,189.0,643.5,4,0.125,3,0,2,1574,8729,1128.3414231257934,2.5
20262,1.0,1568,2026-08-11T21:20,COMPLETA,1050.8153,501.5,140.0,136.0,504.0,3,0.1111111111111111,2,0,1,1574,8729,1128.3414231257934,2.5
20262,1.0,1569,2026-08-11T21:30,COMPLETA,975.6798,502.5,142.0,143.0,514.5,3,0.2222222222222222,2,0,1,1576,8748,1129.5394670050753,2.5
20262,1.0,1570,2026-08-11T21:40,COMPLETA,986.1443,1407.5,863.0,132.0,438.0,2,0.22916666666666666,2,0,0,1577,8750,1128.9251743817367,2.5
20262,1.0,1571,2026-08-11T21:50,COMPLETA,1027.0156,1036.3333333333333,294.0,204.0,666.0,3,0.2777777777777778,3,0,0,1578,8755,1129.5148922686938,2.5
20262,1.0,1572,2026-08-11T22:00,COMPLETA,1622.57,1355.3714285714284,294.0,298.0,1430.4,8,0.2638888888888889,7,0,0,1579,8760,1129.3951868271051,2.5
20262,1.0,1573,2026-08-11T22:10,COMPLETA,1524.153,1355.3714285714284,294.0,298.0,1430.4,8,0.2638888888888889,7,0,0,1580,8764,1129.9953164556955,2.5
20262,1.0,1574,2026-08-11T22:20,COMPLETA,1551.6747,1355.3714285714284,294.0,298.0,1430.4,8,0.2638888888888889,7,0,0,1580,8764,1129.9953164556955,2.5
20262,1.0,1575,2026-08-11T22:30,COMPLETA,2090.0734,1194.5,99.0,399.0,1958.1,11,0.2361111111111111,10,0,0,1580,8764,1129.9953164556955,2.5
20262,1.0,1576,2026-08-11T22:40,COMPLETA,7188.9547,1157.2615384615385,98.0,565.0,2778.9,15,0.2765151515151515,13,0,0,1584,8780,1130.4886994949488,2.5
20262,1.0,1577,2026-08-11T22:50,COMPLETA,10147.6602,1165.7333333333336,114.0,631.0,3297.3,18,0.2881944444444444,15,0,0,1585,8782,1131.07072555205,2.5
20262,1.0,1578,2026-08-11T23:00,COMPLETA,12321.3199,1131.53125,114.0,667.0,3462.9,18,0.3515625,16,0,17,1587,8794,1129.8229993698797,2.5
20262,1.0,1579,2026-08-11T23:10,COMPLETA,1073.5416,1034.75,133.5,123.0,424.5,2,0.3125,2,0,2,1587,8794,1129.8229993698797,2.5
20262,1.0,1580,2026-08-11T23:20,COMPLETA,866.3804,2048.5,2048.5,48.0,192.0,1,0.25,1,0,1,1587,8794,1129.8229993698797,2.5
20262,1.0,1581,2026-08-11T23:30,COMPLETA,842.2287,920.2,920.2,63.0,271.2,1,0.875,1,0,0,1587,8794,1129.8229993698797,2.5
20262,1.0,1582,2026-08-11T23:40,COMPLETA,1128.6681,1482.85,920.2,129.0,490.2,2,0.25,2,0,2,1587,8794,1129.8229993698797,2.5
20262,1.0,1583,2026-08-11T23:50,SIN_DEMANDA,0,,,,,,,0,0,0,1587,8794,1129.8229993698797,2.5
20262,1.0,1584,2026-08-12T00:00,SIN_DEMANDA,0,,,,,,,0,0,0,1587,8794,1129.8229993698797,2.5
20262,1.0,1585,2026-08-12T00:10,COMPLETA,1097.4315,927.55,128.4,280.0,2037.6,8,0.5909090909090909,4,0,8,1588,8800,1130.3899874055408,2.5
20262,1.0,1586,2026-08-12T00:20,COMPLETA,940.8577,602.7,309.4,107.0,435.6,2,0.25,2,0,0,1590,8812,1129.2863522012572,2.5
20262,1.0,1587,2026-08-12T00:30,COMPLETA,985.0223,711.6999999999999,302.5,141.0,602.1,3,0.2857142857142857,3,0,0,1594,8833,1129.3170012547043,2.5
20262,1.0,1588,2026-08-12T00:40,COMPLETA,1418.8539,835.3142857142857,302.5,341.0,1894.3,9,0.2734375,7,0,2,1597,8851,1129.0497808390726,2.5
20262,1.0,1589,2026-08-12T00:50,COMPLETA,1215.9412,820.4166666666666,309.4,259.0,1156.2,6,0.24107142857142858,6,0,0,1599,8859,1129.480800500312,2.5
20262,1.0,1590,2026-08-12T01:00,COMPLETA,1225.7806,820.4166666666666,309.4,259.0,1156.2,6,0.24107142857142858,6,0,1,1602,8883,1128.8954431960042,2.5
20262,1.0,1591,2026-08-12T01:10,COMPLETA,1294.066,927.1,300.0,242.0,1135.2,6,0.19642857142857142,6,0,0,1604,8895,1129.2884039900243,2.5
20262,1.0,1592,2026-08-12T01:20,COMPLETA,1322.9119,882.4142857142857,300.0,311.0,1343.9,8,0.23333333333333334,7,0,3,1605,8900,1129.7910280373826,2.5
20262,1.0,1593,2026-08-12T01:30,COMPLETA,1174.6457,933.32,300.0,188.0,886.8,6,0.21875,5,0,1,1607,8906,1130.2825762289974,2.5
20262,1.0,1594,2026-08-12T01:40,COMPLETA,1299.4415,963.5666666666666,143.0,286.0,1056.6,7,0.3181818181818182,6,0,2,1607,8906,1130.2825762289974,2.5
20262,1.0,1595,2026-08-12T01:50,COMPLETA,1401.212,1095.0400000000002,143.0,176.0,732.6,5,0.25,5,0,1,1607,8906,1130.2825762289974,2.5
20262,1.0,1596,2026-08-12T02:00,COMPLETA,1053.44,1334.375,548.5,118.0,498.6,4,0.21875,4,0,1,1608,8913,1129.6595149253724,2.5
20262,1.0,1597,2026-08-12T02:10,COMPLETA,1076.1672,1291.875,378.5,124.0,507.6,4,0.171875,4,0,1,1610,8925,1130.0953416149061,2.5
20262,1.0,1598,2026-08-12T02:20,COMPLETA,1181.5747,1279.1,345.0,112.0,487.2,4,0.22916666666666666,4,0,0,1610,8925,1130.0953416149061,2.5
20262,1.0,1599,2026-08-12T02:30,COMPLETA,1334.2119,1529.9000000000003,364.6,214.0,769.2,6,0.23958333333333334,6,0,1,1610,8925,1130.0953416149061,2.5
20262,1.0,1600,2026-08-12T02:40,COMPLETA,1233.7027,1421.38,364.6,180.0,658.2,5,0.25,5,0,2,1610,8925,1130.0953416149061,2.5
20262,1.0,1601,2026-08-12T02:50,COMPLETA,1494.2736,1718.94,616.0,168.0,675.0,6,0.34375,5,0,2,1610,8925,1130.0953416149061,2.5
20262,1.0,1602,2026-08-12T03:00,COMPLETA,1203.9615,1480.4833333333333,380.4,252.0,759.6,6,0.2578125,6,0,3,1612,8933,1129.679900744416,2.5
20262,1.0,1603,2026-08-12T03:10,COMPLETA,1071.2164,2005.625,1915.5,113.0,409.5,4,0.14583333333333334,4,0,3,1615,8957,1128.67640866873,2.5
20262,1.0,1604,2026-08-12T03:20,COMPLETA,878.6438,1915.5,1915.5,14.0,81.0,1,0.20833333333333334,1,0,0,1617,8962,1127.922943722943,2.5
20262,1.0,1605,2026-08-12T03:30,COMPLETA,860.441,1915.5,1915.5,14.0,81.0,1,0.20833333333333334,1,0,1,1618,8967,1127.564833127317,2.5
20262,1.0,1606,2026-08-12T03:40,COMPLETA,954.8656,958.4,958.4,124.0,477.59999999999997,3,0.4166666666666667,1,0,3,1620,8979,1127.6126543209868,2.5
20262,1.0,1607,2026-08-12T03:50,COMPLETA,954.2402,2054.6,2054.6,32.0,136.8,1,0.625,1,0,1,1621,8981,1127.1505243676736,2.5
20262,1.0,1608,2026-08-12T04:00,SIN_DEMANDA,0,,,,,,,0,0,0,1622,8986,1127.733353884093,2.5
20262,1.0,1609,2026-08-12T04:10,COMPLETA,594.3626,2038.0,2038.0,48.0,132.0,1,0.08333333333333333,1,0,0,1622,8986,1127.733353884093,2.5
20262,1.0,1610,2026-08-12T04:20,COMPLETA,950.2262,1314.25,610.5,90.0,255.0,2,0.0625,2,0,0,1623,8988,1127.2631546518785,2.5
20262,1.0,1611,2026-08-12T04:30,COMPLETA,997.8241,724.025,131.6,168.0,515.4,4,0.125,4,0,2,1625,9000,1128.3732923076916,2.5
20262,1.0,1612,2026-08-12T04:40,COMPLETA,1212.9491,1410.0333333333335,131.6,100.0,353.4,3,0.30357142857142855,3,0,2,1626,9004,1127.9132841328405,2.5
20262,1.0,1613,2026-08-12T04:50,COMPLETA,915.4964,1498.75,993.0,72.0,228.0,2,0.0625,2,0,1,1628,9010,1128.972051597051,2.5
20262,1.0,1614,2026-08-12T05:00,COMPLETA,553.4482,2004.5,2004.5,48.0,132.0,1,0.08333333333333333,1,0,1,1630,9025,1129.2046012269932,2.5
20262,1.0,1615,2026-08-12T05:10,COMPLETA,863.3886,2053.8,2053.8,72.0,292.8,2,0.375,1,0,2,1631,9027,1129.0092581238498,2.5
20262,1.0,1616,2026-08-12T05:20,COMPLETA,997.0812,1292.5,510.5,84.0,306.0,2,0.16666666666666666,2,0,1,1631,9027,1129.0092581238498,2.5
20262,1.0,1617,2026-08-12T05:30,COMPLETA,937.6158,336.05,161.6,82.0,384.6,3,0.225,2,0,2,1632,9034,1129.576409313725,2.5
20262,1.0,1618,2026-08-12T05:40,COMPLETA,1000.4446,401.5,292.5,174.0,621.0,3,0.18055555555555555,2,0,0,1633,9042,1129.4715860379663,2.5
20262,1.0,1619,2026-08-12T05:50,COMPLETA,1178.8878,290.5,68.5,220.0,810.0,4,0.14583333333333334,3,0,0,1633,9042,1129.4715860379663,2.5
20262,1.0,1620,2026-08-12T06:00,COMPLETA,1079.5565,303.375,68.5,244.0,966.0,5,0.15,4,0,0,1635,9058,1130.554801223241,2.5
20262,1.0,1621,2026-08-12T06:10,COMPLETA,1564.1576,836.7142857142857,68.5,362.0,1623.0,9,0.19907407407407407,7,0,0,1638,9061,1129.5461538461532,2.5
20262,1.0,1622,2026-08-12T06:20,COMPLETA,2636.7501,916.4777777777776,68.5,366.0,1966.2,11,0.2777777777777778,9,0,0,1639,9067,1128.9372788285534,2.5
20262,1.0,1623,2026-08-12T06:30,COMPLETA,2349.227,838.96,68.5,376.0,2181.6,13,0.27419354838709675,10,0,0,1639,9067,1128.9372788285534,2.5
20262,1.0,1624,2026-08-12T06:40,COMPLETA,3581.2903,918.8000000000001,68.5,400.0,2316.0,14,0.29044117647058826,12,0,0,1640,9071,1129.513841463414,2.5
20262,1.0,1625,2026-08-12T06:50,COMPLETA,3500.3413,918.8000000000001,68.5,400.0,2316.0,14,0.29044117647058826,12,0,0,1642,9078,1129.457247259439,2.5
20262,1.0,1626,2026-08-12T07:00,COMPLETA,3661.9002,918.8000000000001,68.5,400.0,2316.0,14,0.29044117647058826,12,0,13,1643,9084,1130.0198417528904,2.5
20262,1.0,1627,2026-08-12T07:10,COMPLETA,1117.9954,2005.0,2005.0,70.0,225.0,1,0.375,1,0,1,1643,9084,1130.0198417528904,2.5
20262,1.0,1628,2026-08-12T07:20,COMPLETA,937.0459,973.4,973.4,76.0,422.4,2,0.5625,1,0,2,1643,9084,1130.0198417528904,2.5
20262,1.0,1629,2026-08-12T07:30,SIN_DEMANDA,0,,,,,,,0,0,0,1643,9084,1130.0198417528904,2.5
20262,1.0,1630,2026-08-12T07:40,SIN_DEMANDA,0,,,,,,,0,0,0,1643,9084,1130.0198417528904,2.5
20262,1.0,1631,2026-08-12T07:50,COMPLETA,499.629,2053.6,2053.6,32.0,196.8,1,0.25,1,0,1,1643,9084,1130.0198417528904,2.5
20262,1.0,1632,2026-08-12T08:00,COMPLETA,496.2293,976.8,976.8,36.0,206.4,1,0.125,1,0,1,1643,9084,1130.0198417528904,2.5
20262,1.0,1633,2026-08-12T08:10,COMPLETA,545.0619,947.4,947.4,58.0,259.2,1,0.5,1,0,1,1645,9102,1129.9765957446803,2.5
20262,1.0,1634,2026-08-12T08:20,COMPLETA,965.5694,346.5,346.5,22.0,153.0,1,0.375,1,0,0,1649,9123,1128.3967252880527,2.5
20262,1.0,1635,2026-08-12T08:30,COMPLETA,970.4098,228.5,110.5,90.0,525.6,3,0.3392857142857143,2,0,1,1651,9140,1129.4801332525735,2.5
20262,1.0,1636,2026-08-12T08:40,COMPLETA,1011.5997,185.4,99.2,120.0,597.6,3,0.30357142857142855,3,0,1,1652,9141,1128.837893462469,2.5
20262,1.0,1637,2026-08-12T08:50,COMPLETA,953.0712,228.5,110.5,56.0,324.0,2,0.22916666666666666,2,0,0,1654,9154,1127.958403869407,2.5
20262,1.0,1638,2026-08-12T09:00,COMPLETA,991.4334,228.5,110.5,56.0,324.0,2,0.22916666666666666,2,0,2,1654,9154,1127.958403869407,2.5
20262,1.0,1639,2026-08-12T09:10,COMPLETA,960.7542,1078.6,93.0,81.0,314.4,2,0.375,2,0,2,1656,9172,1128.3946859903376,2.5
20262,1.0,1640,2026-08-12T09:20,SIN_DEMANDA,0,,,,,,,0,0,0,1656,9172,1128.3946859903376,2.5
20262,1.0,1641,2026-08-12T09:30,COMPLETA,903.6015,2071.2,2071.2,24.0,117.6,1,0.875,1,0,1,1657,9174,1128.9530476765233,2.5
20262,1.0,1642,2026-08-12T09:40,SIN_DEMANDA,0,,,,,,,0,0,0,1657,9174,1128.9530476765233,2.5
20262,1.0,1643,2026-08-12T09:50,COMPLETA,1037.6181,2041.25,2035.5,117.0,295.5,2,0.16666666666666666,2,0,2,1658,9175,1128.8612786489741,2.5
20262,1.0,1644,2026-08-12T10:00,SIN_DEMANDA,0,,,,,,,0,0,0,1658,9175,1128.8612786489741,2.5
20262,1.0,1645,2026-08-12T10:10,COMPLETA,979.2819,1507.0,961.5,119.0,298.5,2,0.1875,2,0,2,1658,9175,1128.8612786489741,2.5
20262,1.0,1646,2026-08-12T10:20,COMPLETA,863.2218,996.0,996.0,20.0,90.0,1,0.3333333333333333,1,0,1,1659,9187,1128.7518987341766,2.5
20262,1.0,1647,2026-08-12T10:30,COMPLETA,497.2266,388.0,388.0,36.0,114.0,1,0.125,1,0,1,1660,9196,1128.2806626506017,2.5
20262,1.0,1648,2026-08-12T10:40,SIN_DEMANDA,0,,,,,,,0,0,0,1662,9201,1128.2314079422376,2.5
20262,1.0,1649,2026-08-12T10:50,SIN_DEMANDA,0,,,,,,,0,0,0,1662,9201,1128.2314079422376,2.5
20262,1.0,1650,2026-08-12T11:00,SIN_DEMANDA,0,,,,,,,0,0,0,1664,9214,1128.1796874999993,2.5
20262,1.0,1651,2026-08-12T11:10,SIN_DEMANDA,0,,,,,,,0,0,0,1664,9214,1128.1796874999993,2.5
20262,1.0,1652,2026-08-12T11:20,COMPLETA,582.6822,973.0,973.0,43.0,124.5,1,0.041666666666666664,1,0,1,1664,9214,1128.1796874999993,2.5
20262,1.0,1653,2026-08-12T11:30,COMPLETA,1002.3292,965.4,965.4,72.0,292.8,2,0.4375,1,0,2,1664,9214,1128.1796874999993,2.5
20262,1.0,1654,2026-08-12T11:40,COMPLETA,896.0524,994.0,994.0,28.0,102.0,1,0.4166666666666667,1,0,1,1667,9229,1128.030593881223,2.5
20262,1.0,1655,2026-08-12T11:50,COMPLETA,515.2365,592.0,592.0,75.0,172.5,1,0.16666666666666666,1,0,1,1668,9233,1128.5746402877692,2.5
20262,1.0,1656,2026-08-12T12:00,SIN_DEMANDA,0,,,,,,,0,0,0,1670,9239,1128.6844311377238,2.5
20262,1.0,1657,2026-08-12T12:10,COMPLETA,1047.3922,365.93333333333334,141.0,174.0,657.5999999999999,4,0.25,3,0,4,1671,9245,1128.5843806104122,2.5
20262,1.0,1658,2026-08-12T12:20,SIN_DEMANDA,0,,,,,,,0,0,0,1671,9245,1128.5843806104122,2.5
20262,1.0,1659,2026-08-12T12:30,COMPLETA,580.1988,2080.0,2080.0,20.0,90.0,1,0.16666666666666666,1,0,1,1671,9245,1128.5843806104122,2.5
20262,1.0,1660,2026-08-12T12:40,COMPLETA,596.7813,2038.5,2038.5,70.0,165.0,1,0.08333333333333333,1,0,1,1671,9245,1128.5843806104122,2.5
20262,1.0,1661,2026-08-12T12:50,SIN_DEMANDA,0,,,,,,,0,0,0,1671,9245,1128.5843806104122,2.5
20262,1.0,1662,2026-08-12T13:00,SIN_DEMANDA,0,,,,,,,0,0,0,1672,9246,1128.4913277511955,2.5
20262,1.0,1663,2026-08-12T13:10,COMPLETA,518.5386,994.0,994.0,28.0,102.0,1,0.041666666666666664,1,0,1,1673,9256,1128.4109384339504,2.5
20262,1.0,1664,2026-08-12T13:20,COMPLETA,994.8011,2016.0,1931.6,124.0,498.0,3,0.15,3,0,2,1674,9263,1128.3135603345274,2.5
20262,1.0,1665,2026-08-12T13:30,COMPLETA,1155.9884,1109.0,288.0,112.0,582.0,3,0.275,2,0,0,1674,9263,1128.3135603345274,2.5
20262,1.0,1666,2026-08-12T13:40,COMPLETA,1238.7001,917.5333333333334,282.8,176.0,1022.4,5,0.375,3,0,0,1674,9263,1128.3135603345274,2.5
20262,1.0,1667,2026-08-12T13:50,COMPLETA,1372.3164,702.1500000000001,56.0,304.0,1454.4,7,0.22727272727272727,4,0,0,1676,9269,1128.2923031026246,2.5
20262,1.0,1668,2026-08-12T14:00,COMPLETA,1616.1403,891.35,56.0,448.0,2003.4,10,0.19886363636363635,6,0,0,1677,9273,1127.9725104353004,2.5
20262,1.0,1669,2026-08-12T14:10,COMPLETA,1628.2524,891.35,56.0,448.0,2003.4,10,0.19886363636363635,6,0,0,1679,9279,1127.1987492555083,2.5
20262,1.0,1670,2026-08-12T14:20,COMPLETA,1952.7449,900.2285714285715,56.0,444.0,2117.4,11,0.2,7,0,0,1679,9279,1127.1987492555083,2.5
20262,1.0,1671,2026-08-12T14:30,COMPLETA,2494.8759,1043.2,56.0,522.0,2474.4,13,0.20161290322580644,8,0,0,1679,9279,1127.1987492555083,2.5
20262,1.0,1672,2026-08-12T14:40,COMPLETA,2444.0898,993.7222222222222,56.0,544.0,2712.0,14,0.25892857142857145,9,0,0,1681,9282,1127.6616299821526,2.5
20262,1.0,1673,2026-08-12T14:50,COMPLETA,3383.9113,957.64,56.0,472.0,2288.4,12,0.3269230769230769,10,0,0,1681,9282,1127.6616299821526,2.5
20262,1.0,1674,2026-08-12T15:00,COMPLETA,3352.1329,882.4181818181817,56.0,641.0,3213.9,17,0.25357142857142856,11,0,16,1683,9286,1128.76743909685,2.5
20262,1.0,1675,2026-08-12T15:10,COMPLETA,1063.0731,1148.2,366.4,128.0,620.4,3,0.275,2,0,2,1683,9286,1128.76743909685,2.5
20262,1.0,1676,2026-08-12T15:20,COMPLETA,924.1994,1007.4,84.8,128.0,500.4,2,0.15625,2,0,2,1683,9286,1128.76743909685,2.5
20262,1.0,1677,2026-08-12T15:30,SIN_DEMANDA,0,,,,,,,0,0,0,1683,9286,1128.76743909685,2.5
20262,1.0,1678,2026-08-12T15:40,SIN_DEMANDA,0,,,,,,,0,0,0,1683,9286,1128.76743909685,2.5
20262,1.0,1679,2026-08-12T15:50,SIN_DEMANDA,0,,,,,,,0,0,0,1683,9286,1128.76743909685,2.5
20262,1.0,1680,2026-08-12T16:00,COMPLETA,1003.0057,565.9,140.0,68.0,356.4,2,0.34375,2,0,2,1683,9286,1128.76743909685,2.5
20262,1.0,1681,2026-08-12T16:10,COMPLETA,923.3778,773.3,555.0,93.0,463.2,2,0.5625,2,0,2,1683,9286,1128.76743909685,2.5
20262,1.0,1682,2026-08-12T16:20,COMPLETA,988.3754,1296.6,637.2,122.0,933.6,3,0.625,2,0,3,1684,9294,1128.4634204275526,2.5
20262,1.0,1683,2026-08-12T16:30,COMPLETA,618.6378,263.0,263.0,74.0,297.6,1,0.5,1,0,0,1686,9309,1128.0545077105567,2.5
20262,1.0,1684,2026-08-12T16:40,COMPLETA,1283.4315,1423.1666666666667,263.0,230.0,1263.6,5,0.34375,3,0,2,1689,9332,1128.5220840734153,2.5
20262,1.0,1685,2026-08-12T16:50,COMPLETA,1479.4609,1292.375,263.0,214.0,867.6,4,0.3125,4,0,0,1692,9350,1127.0394799054363,2.5
20262,1.0,1686,2026-08-12T17:00,COMPLETA,1564.7356,1292.375,263.0,214.0,867.6,4,0.3125,4,0,0,1694,9364,1126.244746162927,2.5
20262,1.0,1687,2026-08-12T17:10,COMPLETA,1509.8252,928.5833333333334,84.0,347.0,1437.1,7,0.2878787878787879,6,0,1,1695,9366,1126.7189380530963,2.5
20262,1.0,1688,2026-08-12T17:20,COMPLETA,1622.136,1050.4,82.5,338.0,1233.6,6,0.2734375,5,0,1,1696,9372,1126.639386792452,2.5
20262,1.0,1689,2026-08-12T17:30,COMPLETA,1405.0631,1247.25,82.5,264.0,756.0,5,0.25833333333333336,4,0,0,1696,9372,1126.639386792452,2.5
20262,1.0,1690,2026-08-12T17:40,COMPLETA,1388.2852,1247.25,82.5,264.0,696.0,5,0.25833333333333336,4,0,2,1699,9387,1125.691112419069,2.5
20262,1.0,1691,2026-08-12T17:50,COMPLETA,1245.8517,1360.6666666666667,82.5,240.0,660.0,5,0.14166666666666666,3,0,0,1699,9387,1125.691112419069,2.5
20262,1.0,1692,2026-08-12T18:00,COMPLETA,1802.072,1635.26,82.5,290.0,891.0,7,0.22794117647058823,5,0,3,1700,9390,1125.0788235294108,2.5
20262,1.0,1693,2026-08-12T18:10,COMPLETA,1839.2387,1680.175,594.4,120.0,535.8,5,0.375,4,0,2,1700,9390,1125.0788235294108,2.5
20262,1.0,1694,2026-08-12T18:20,COMPLETA,1733.9472,1408.125,609.5,114.0,432.6,4,0.4,4,0,0,1700,9390,1125.0788235294108,2.5
20262,1.0,1695,2026-08-12T18:30,COMPLETA,1762.0377,1408.125,609.5,114.0,432.6,4,0.4,4,0,2,1700,9390,1125.0788235294108,2.5
20262,1.0,1696,2026-08-12T18:40,COMPLETA,2569.2134,1535.5166666666667,126.0,369.0,1285.5,8,0.40625,6,0,8,1700,9390,1125.0788235294108,2.5
20262,1.0,1697,2026-08-12T18:50,COMPLETA,1313.8301,489.46666666666664,155.6,155.0,573.3,4,0.5833333333333334,3,0,3,1701,9393,1124.7436801881236,2.5
20262,1.0,1698,2026-08-12T19:00,COMPLETA,896.6713,527.75,100.5,96.0,264.0,2,0.25,2,0,0,1702,9396,1124.2996474735596,2.5
20262,1.0,1699,2026-08-12T19:10,COMPLETA,957.5503,453.0,100.5,229.0,1084.5,5,0.25,3,0,4,1704,9413,1124.7080399061024,2.5
20262,1.0,1700,2026-08-12T19:20,COMPLETA,1013.105,260.2,82.6,137.0,531.2,3,0.1388888888888889,3,0,2,1705,9423,1125.2217008797645,2.5
20262,1.0,1701,2026-08-12T19:30,COMPLETA,622.5311,348.0,348.0,56.0,144.0,1,0.041666666666666664,1,0,1,1705,9423,1125.2217008797645,2.5
20262,1.0,1702,2026-08-12T19:40,SIN_DEMANDA,0,,,,,,,0,0,0,1706,9429,1125.708675263774,2.5
20262,1.0,1703,2026-08-12T19:50,SIN_DEMANDA,0,,,,,,,0,0,0,1708,9444,1125.6424473067907,2.5
20262,1.0,1704,2026-08-12T20:00,COMPLETA,892.6238,958.5,958.5,60.0,210.0,2,0.20833333333333334,1,0,0,1711,9458,1125.3286382232602,2.5
20262,1.0,1705,2026-08-12T20:10,COMPLETA,851.5922,958.5,958.5,60.0,210.0,2,0.20833333333333334,1,0,0,1714,9482,1126.2895565927645,2.5
20262,1.0,1706,2026-08-12T20:20,COMPLETA,1201.5397,1516.75,958.5,50.0,213.0,2,0.34375,2,0,1,1715,9490,1125.723556851311,2.5
20262,1.0,1707,2026-08-12T20:30,COMPLETA,1278.1866,1690.3333333333333,958.5,150.0,465.0,4,0.22916666666666666,3,0,4,1717,9500,1125.6777518928354,2.5
20262,1.0,1708,2026-08-12T20:40,COMPLETA,841.3739,143.0,143.0,30.0,105.0,1,0.375,1,0,1,1717,9500,1125.6777518928354,2.5
20262,1.0,1709,2026-08-12T20:50,SIN_DEMANDA,0,,,,,,,0,0,0,1718,9510,1126.205180442374,2.5
20262,1.0,1710,2026-08-12T21:00,COMPLETA,1062.3041,745.275,147.5,110.0,494.3,4,0.28125,4,0,4,1721,9527,1125.8395119116785,2.5
20262,1.0,1711,2026-08-12T21:10,SIN_DEMANDA,0,,,,,,,0,0,0,1721,9527,1125.8395119116785,2.5
20262,1.0,1712,2026-08-12T21:20,COMPLETA,1083.9985,961.8333333333334,390.5,110.0,465.0,3,0.1388888888888889,3,0,1,1721,9527,1125.8395119116785,2.5
20262,1.0,1713,2026-08-12T21:30,COMPLETA,1793.6095,1368.4,296.5,180.0,846.0,5,0.275,5,0,1,1723,9530,1124.9377829367374,2.5
20262,1.0,1714,2026-08-12T21:40,COMPLETA,1691.0112,992.0833333333334,291.5,266.0,1119.0,6,0.20833333333333334,6,0,0,1724,9532,1124.3331786542917,2.5
20262,1.0,1715,2026-08-12T21:50,COMPLETA,2252.6727,1135.7285714285715,291.5,310.0,1464.6,8,0.225,7,0,0,1725,9533,1124.8842898550718,2.5
20262,1.0,1716,2026-08-12T22:00,COMPLETA,2320.7474,1135.7285714285715,291.5,310.0,1464.6,8,0.225,7,0,0,1728,9555,1125.2001736111104,2.5
20262,1.0,1717,2026-08-12T22:10,COMPLETA,4376.7366,1072.9299999999998,281.2,456.0,2251.8,12,0.27403846153846156,10,0,0,1729,9564,1124.6320994794671,2.5
20262,1.0,1718,2026-08-12T22:20,COMPLETA,7866.9286,930.0749999999999,101.0,552.0,2731.1,14,0.2625,12,0,0,1730,9571,1124.2084971098259,2.5
20262,1.0,1719,2026-08-12T22:30,COMPLETA,11368.4237,1013.2230769230767,101.0,626.0,3116.3,16,0.26953125,13,0,0,1733,9588,1124.7153491055965,2.5
20262,1.0,1720,2026-08-12T22:40,COMPLETA,21646.6781,1008.0285714285714,80.0,725.0,3763.8,19,0.2743055555555556,14,0,0,1735,9601,1124.841210374639,2.5
20262,1.0,1721,2026-08-12T22:50,COMPLETA,21618.4349,1008.0285714285714,80.0,725.0,3763.8,19,0.2743055555555556,14,0,0,1736,9602,1124.4182027649763,2.5
20262,1.0,1722,2026-08-12T23:00,COMPLETA,25040.9607,1078.4866666666667,101.0,678.0,3364.5,17,0.2857142857142857,15,0,16,1736,9602,1124.4182027649763,2.5
20262,1.0,1723,2026-08-12T23:10,COMPLETA,952.1591,2011.0,2011.0,48.0,192.0,1,0.25,1,0,0,1736,9602,1124.4182027649763,2.5
20262,1.0,1724,2026-08-12T23:20,COMPLETA,950.5942,2011.0,2011.0,48.0,192.0,1,0.25,1,0,1,1736,9602,1124.4182027649763,2.5
20262,1.0,1725,2026-08-12T23:30,SIN_DEMANDA,0,,,,,,,0,0,0,1736,9602,1124.4182027649763,2.5
20262,1.0,1726,2026-08-12T23:40,COMPLETA,1069.3504,640.0,640.0,24.0,156.0,1,0.2916666666666667,1,0,1,1736,9602,1124.4182027649763,2.5
20262,1.0,1727,2026-08-12T23:50,SIN_DEMANDA,0,,,,,,,0,0,0,1736,9602,1124.4182027649763,2.5
20262,1.0,1728,2026-08-13T00:00,COMPLETA,1010.7574,961.8,961.8,92.0,460.8,2,0.4375,1,0,2,1736,9602,1124.4182027649763,2.5
20262,1.0,1729,2026-08-13T00:10,COMPLETA,1018.7145,911.0,911.0,126.0,880.8,3,0.5625,1,0,3,1736,9602,1124.4182027649763,2.5
20262,1.0,1730,2026-08-13T00:20,SIN_DEMANDA,0,,,,,,,0,0,0,1739,9619,1124.3811385853933,2.5
20262,1.0,1731,2026-08-13T00:30,COMPLETA,1162.6424,958.2,958.2,39.0,213.6,1,1.0,1,0,1,1741,9621,1124.5880528431928,2.5
20262,1.0,1732,2026-08-13T00:40,COMPLETA,1072.1888,2013.0,2013.0,24.0,156.0,1,0.25,1,0,0,1744,9634,1123.4379587155956,2.5
20262,1.0,1733,2026-08-13T00:50,COMPLETA,1305.5045,1200.9,388.8,76.0,520.8,3,0.275,2,0,2,1747,9651,1122.7054951345156,2.5
20262,1.0,1734,2026-08-13T01:00,COMPLETA,1075.6156,2013.0,2013.0,24.0,156.0,1,0.25,1,0,0,1751,9681,1123.2843517989713,2.5
20262,1.0,1735,2026-08-13T01:10,COMPLETA,1044.9497,2013.0,2013.0,24.0,156.0,1,0.25,1,0,0,1752,9689,1123.748458904109,2.5
20262,1.0,1736,2026-08-13T01:20,COMPLETA,1724.7545,1086.3333333333333,297.5,119.0,798.5,4,0.20833333333333334,3,0,1,1752,9689,1123.748458904109,2.5
20262,1.0,1737,2026-08-13T01:30,COMPLETA,1587.7141,1086.3333333333333,297.5,91.0,533.5,3,0.2222222222222222,3,0,1,1752,9689,1123.748458904109,2.5
20262,1.0,1738,2026-08-13T01:40,COMPLETA,1895.4343,1101.775,117.5,150.0,651.1,4,0.25,4,0,1,1752,9689,1123.748458904109,2.5
20262,1.0,1739,2026-08-13T01:50,COMPLETA,1425.3252,793.5333333333333,117.5,95.0,372.1,3,0.3392857142857143,3,0,1,1752,9689,1123.748458904109,2.5
20262,1.0,1740,2026-08-13T02:00,COMPLETA,1673.1171,1066.275,101.5,114.0,510.6,5,0.4027777777777778,4,0,1,1753,9696,1123.656075299486,2.5
20262,1.0,1741,2026-08-13T02:10,COMPLETA,1803.8564,1250.1799999999998,64.5,196.0,648.0,5,0.3068181818181818,5,0,2,1753,9700,1123.656075299486,2.5
20262,1.0,1742,2026-08-13T02:20,COMPLETA,1553.1624,1374.7,124.0,122.0,384.6,3,0.23214285714285715,3,0,2,1753,9700,1123.656075299486,2.5
20262,1.0,1743,2026-08-13T02:30,COMPLETA,723.9925,2034.5,2034.5,50.0,135.0,1,0.125,1,0,1,1755,9713,1123.1430769230763,2.5
20262,1.0,1744,2026-08-13T02:40,COMPLETA,1166.8907,652.5,393.0,137.0,325.5,2,0.2916666666666667,2,0,2,1755,9713,1123.1430769230763,2.5
20262,1.0,1745,2026-08-13T02:50,SIN_DEMANDA,0,,,,,,,0,0,0,1755,9713,1123.1430769230763,2.5
20262,1.0,1746,2026-08-13T03:00,COMPLETA,1051.0987,973.5,973.5,43.0,124.5,1,0.4166666666666667,1,0,1,1756,9718,1123.0222665148058,2.5
20262,1.0,1747,2026-08-13T03:10,SIN_DEMANDA,0,,,,,,,0,0,0,1756,9718,1123.0222665148058,2.5
20262,1.0,1748,2026-08-13T03:20,SIN_DEMANDA,0,,,,,,,0,0,0,1756,9723,1123.0222665148058,2.5
20262,1.0,1749,2026-08-13T03:30,COMPLETA,1593.4435,1096.6,606.0,107.0,390.9,3,0.475,3,0,3,1758,9734,1123.4639362912394,2.5
20262,1.0,1750,2026-08-13T03:40,SIN_DEMANDA,0,,,,,,,0,0,0,1758,9734,1123.4639362912394,2.5
20262,1.0,1751,2026-08-13T03:50,COMPLETA,1078.4345,2044.0,2044.0,80.0,312.0,2,0.375,1,0,2,1759,9735,1123.977316657191,2.5
20262,1.0,1752,2026-08-13T04:00,COMPLETA,1616.2362,1157.8,114.0,218.0,883.2,6,0.4791666666666667,4,0,6,1761,9745,1123.8873935264048,2.5
20262,1.0,1753,2026-08-13T04:10,SIN_DEMANDA,0,,,,,,,0,0,0,1762,9755,1123.4725879682173,2.5
20262,1.0,1754,2026-08-13T04:20,SIN_DEMANDA,0,,,,,,,0,0,0,1764,9765,1123.5208049886617,2.5
20262,1.0,1755,2026-08-13T04:30,COMPLETA,1004.4533,387.15,161.5,73.0,282.6,2,0.25,2,0,2,1765,9775,1122.9207932011325,2.5
20262,1.0,1756,2026-08-13T04:40,COMPLETA,1003.4686,2051.5,2051.5,56.0,144.0,1,0.375,1,0,1,1765,9775,1122.9207932011325,2.5
20262,1.0,1757,2026-08-13T04:50,COMPLETA,945.3574,174.0,174.0,4.0,140.0,2,0.625,1,0,2,1766,9785,1122.8361834654581,2.5
20262,1.0,1758,2026-08-13T05:00,COMPLETA,608.3552,2064.5,2064.5,38.0,117.0,1,0.16666666666666666,1,0,1,1767,9793,1123.3683644595353,2.5
20262,1.0,1759,2026-08-13T05:10,SIN_DEMANDA,0,,,,,,,0,0,0,1768,9796,1123.0839932126692,2.5
20262,1.0,1760,2026-08-13T05:20,COMPLETA,920.3989,167.0,167.0,8.0,72.0,1,0.25,1,0,1,1770,9809,1123.3347457627112,2.5
20262,1.0,1761,2026-08-13T05:30,COMPLETA,634.5587,2063.5,2063.5,38.0,117.0,1,0.125,1,0,1,1772,9816,1122.802200902934,2.5
20262,1.0,1762,2026-08-13T05:40,SIN_DEMANDA,0,,,,,,,0,0,0,1773,9822,1123.3217710095878,2.5
20262,1.0,1763,2026-08-13T05:50,SIN_DEMANDA,0,,,,,,,0,0,0,1774,9826,1122.7795941375418,2.5
20262,1.0,1764,2026-08-13T06:00,SIN_DEMANDA,0,,,,,,,0,0,0,1777,9846,1122.1953854811475,2.5
20262,1.0,1765,2026-08-13T06:10,COMPLETA,984.5962,1069.0,114.5,40.0,300.0,2,0.16666666666666666,2,0,0,1777,9846,1122.1953854811475,2.5
20262,1.0,1766,2026-08-13T06:20,COMPLETA,1244.7371,622.76,92.5,207.0,933.9,5,0.20192307692307693,5,0,0,1778,9850,1121.908886389201,2.5
20262,1.0,1767,2026-08-13T06:30,COMPLETA,1635.2415,620.3833333333333,92.5,229.0,1086.9,6,0.2421875,6,0,0,1781,9869,1122.4239191465463,2.5
20262,1.0,1768,2026-08-13T06:40,COMPLETA,1919.7906,836.925,92.5,352.0,1671.0,9,0.23809523809523808,8,0,0,1781,9869,1122.4239191465463,2.5
20262,1.0,1769,2026-08-13T06:50,COMPLETA,2346.6536,783.0777777777779,66.4,415.0,1916.1,10,0.234375,9,0,0,1781,9869,1122.4239191465463,2.5
20262,1.0,1770,2026-08-13T07:00,COMPLETA,2443.3403,783.0777777777779,66.4,415.0,1916.1,10,0.234375,9,0,10,1782,9872,1122.9520202020196,2.5
20262,1.0,1771,2026-08-13T07:10,COMPLETA,999.3408,192.5,192.5,39.0,236.5,1,0.2916666666666667,1,0,0,1782,9872,1122.9520202020196,2.5
20262,1.0,1772,2026-08-13T07:20,COMPLETA,1008.6639,192.5,192.5,39.0,236.5,1,0.2916666666666667,1,0,0,1782,9872,1122.9520202020196,2.5
20262,1.0,1773,2026-08-13T07:30,COMPLETA,964.6826,192.5,192.5,39.0,236.5,1,0.2916666666666667,1,0,0,1782,9872,1122.9520202020196,2.5
20262,1.0,1774,2026-08-13T07:40,COMPLETA,1065.2146,192.5,192.5,39.0,236.5,1,0.2916666666666667,1,0,0,1782,9872,1122.9520202020196,2.5
20262,1.0,1775,2026-08-13T07:50,COMPLETA,1566.8271,953.5,192.5,176.0,1021.0,5,0.17045454545454544,3,0,3,1782,9872,1122.9520202020196,2.5
20262,1.0,1776,2026-08-13T08:00,COMPLETA,1152.8569,160.75,129.0,179.0,815.5,4,0.17708333333333334,2,0,2,1782,9872,1122.9520202020196,2.5
20262,1.0,1777,2026-08-13T08:10,COMPLETA,990.2809,192.5,192.5,39.0,236.5,1,0.2916666666666667,1,0,0,1782,9872,1122.9520202020196,2.5
20262,1.0,1778,2026-08-13T08:20,COMPLETA,1113.3752,255.25,192.5,80.0,386.5,2,0.2916666666666667,2,0,0,1783,9878,1122.3864273696013,2.5
20262,1.0,1779,2026-08-13T08:30,COMPLETA,1217.7926,255.25,192.5,80.0,386.5,2,0.2916666666666667,2,0,0,1784,9888,1122.096132286995,2.5
20262,1.0,1780,2026-08-13T08:40,COMPLETA,1123.2711,255.25,192.5,80.0,386.5,2,0.2916666666666667,2,0,0,1787,9898,1121.8667039731388,2.5
20262,1.0,1781,2026-08-13T08:50,COMPLETA,1483.6922,452.625,192.5,252.0,1312.6,6,0.23958333333333334,4,0,3,1789,9907,1122.2799329234203,2.5
20262,1.0,1782,2026-08-13T09:00,COMPLETA,1747.5155,377.5,192.5,151.0,641.5,4,0.34375,3,0,2,1790,9909,1121.8334078212285,2.5
20262,1.0,1783,2026-08-13T09:10,COMPLETA,1511.6221,855.3666666666667,192.5,144.0,692.1,4,0.375,3,0,2,1791,9917,1121.2441094360686,2.5
20262,1.0,1784,2026-08-13T09:20,COMPLETA,1281.7594,285.5,192.5,134.0,706.0,4,0.16666666666666666,3,0,1,1792,9919,1121.7696428571423,2.5
20262,1.0,1785,2026-08-13T09:30,COMPLETA,1638.1267,587.25,192.5,171.0,709.5,4,0.22916666666666666,4,0,1,1792,9919,1121.7696428571423,2.5
20262,1.0,1786,2026-08-13T09:40,COMPLETA,1572.0247,438.9,186.6,161.0,576.6,4,0.2875,4,0,0,1793,9925,1121.4814277746787,2.5
20262,1.0,1787,2026-08-13T09:50,COMPLETA,1387.5669,440.9,192.5,161.0,509.5,4,0.2875,4,0,0,1794,9935,1120.9282051282046,2.5
20262,1.0,1788,2026-08-13T10:00,COMPLETA,1736.031,420.0666666666666,126.6,227.0,787.9,6,0.34375,6,0,4,1794,9935,1120.9282051282046,2.5
20262,1.0,1789,2026-08-13T10:10,COMPLETA,1191.4395,274.8333333333333,192.5,136.0,385.0,3,0.2916666666666667,3,0,2,1794,9935,1120.9282051282046,2.5
20262,1.0,1790,2026-08-13T10:20,COMPLETA,1175.0089,994.6666666666666,356.0,112.0,436.8,3,0.26785714285714285,3,0,1,1794,9935,1120.9282051282046,2.5
20262,1.0,1791,2026-08-13T10:30,COMPLETA,1015.9058,462.5,356.0,64.0,304.8,2,0.34375,2,0,1,1794,9935,1120.9282051282046,2.5
20262,1.0,1792,2026-08-13T10:40,COMPLETA,1268.9437,717.8333333333334,569.0,136.0,523.8,4,0.2,3,0,1,1796,9949,1120.5703786191532,2.5
20262,1.0,1793,2026-08-13T10:50,COMPLETA,1598.5962,1048.5,569.0,169.0,493.5,4,0.23958333333333334,4,0,2,1798,9961,1120.6871523915456,2.5
20262,1.0,1794,2026-08-13T11:00,COMPLETA,1499.9369,1251.675,372.2,166.0,567.0,5,0.3181818181818182,4,0,1,1798,9961,1120.6871523915456,2.5
20262,1.0,1795,2026-08-13T11:10,COMPLETA,1819.6654,1121.52,372.2,181.0,831.7,7,0.4625,5,0,2,1798,9961,1120.6871523915456,2.5
20262,1.0,1796,2026-08-13T11:20,COMPLETA,1828.2902,1106.36,379.5,231.0,835.2,6,0.40625,5,0,5,1798,9961,1120.6871523915456,2.5
20262,1.0,1797,2026-08-13T11:30,COMPLETA,939.1784,561.5,561.5,46.0,129.0,1,0.4166666666666667,1,0,0,1800,9970,1119.9713888888884,2.5
20262,1.0,1798,2026-08-13T11:40,COMPLETA,1158.1569,587.05,561.5,78.0,265.8,2,0.34375,2,0,1,1802,9979,1119.4512208657043,2.5
20262,1.0,1799,2026-08-13T11:50,COMPLETA,1149.3733,1306.45,561.5,84.0,280.2,2,0.46875,2,0,1,1804,9989,1118.88032150776,2.5
20262,1.0,1800,2026-08-13T12:00,COMPLETA,1348.3646,1059.6666666666667,549.5,158.0,417.0,3,0.3194444444444444,3,0,1,1807,10004,1118.3387935805197,2.5
20262,1.0,1801,2026-08-13T12:10,COMPLETA,1048.1421,574.75,549.5,94.0,261.0,2,0.2708333333333333,2,0,1,1807,10006,1118.3387935805197,2.5
20262,1.0,1802,2026-08-13T12:20,COMPLETA,1113.098,1304.0,548.0,78.0,237.0,2,0.375,2,0,2,1809,10021,1117.8433941404087,2.5
20262,1.0,1803,2026-08-13T12:30,COMPLETA,1287.0976,1010.8333333333334,372.0,153.0,409.5,3,0.2222222222222222,3,0,3,1809,10021,1117.8433941404087,2.5
20262,1.0,1804,2026-08-13T12:40,SIN_DEMANDA,0,,,,,,,0,0,0,1812,10041,1116.883112582781,2.5
20262,1.0,1805,2026-08-13T12:50,COMPLETA,1135.5298,2069.5,2053.6,88.0,511.20000000000005,5,0.5,2,0,5,1814,10054,1117.0902425578827,2.5
20262,1.0,1806,2026-08-13T13:00,COMPLETA,1527.598,1091.0,374.0,172.0,630.0,4,0.265625,3,0,2,1814,10054,1117.0902425578827,2.5
20262,1.0,1807,2026-08-13T13:10,COMPLETA,1559.9011,1104.925,163.2,258.0,999.6,6,0.1328125,4,0,2,1814,10054,1117.0902425578827,2.5
20262,1.0,1808,2026-08-13T13:20,COMPLETA,1639.8517,1640.875,623.0,213.0,855.5,5,0.23,4,0,2,1816,10065,1117.31327092511,2.5
20262,1.0,1809,2026-08-13T13:30,COMPLETA,1259.8489,1941.25,1936.0,152.0,588.0,3,0.20833333333333334,2,0,0,1816,10065,1117.31327092511,2.5
20262,1.0,1810,2026-08-13T13:40,COMPLETA,1783.5474,1598.0,540.0,270.0,1005.0,5,0.18333333333333332,4,0,0,1818,10075,1118.3099559955992,2.5
20262,1.0,1811,2026-08-13T13:50,COMPLETA,1907.3014,1462.4,540.0,306.0,1179.0,6,0.1597222222222222,5,0,0,1818,10075,1118.3099559955992,2.5
20262,1.0,1812,2026-08-13T14:00,COMPLETA,1953.6395,1462.4,540.0,306.0,1179.0,6,0.1597222222222222,5,0,0,1822,10100,1118.8012623490665,2.5
20262,1.0,1813,2026-08-13T14:10,COMPLETA,2291.827,1258.3,516.6,392.0,1768.8,9,0.17857142857142858,7,0,0,1824,10120,1118.9876096491223,2.5
20262,1.0,1814,2026-08-13T14:20,COMPLETA,3809.6101,1234.34,516.6,470.0,2149.2,11,0.18,10,0,0,1825,10130,1118.5783013698626,2.5
20262,1.0,1815,2026-08-13T14:30,COMPLETA,5524.257,1234.34,516.6,470.0,2149.2,11,0.18,10,0,0,1828,10143,1119.069857768052,2.5
20262,1.0,1816,2026-08-13T14:40,COMPLETA,9384.5325,1207.1000000000001,516.6,517.0,2343.3,12,0.20089285714285715,11,0,0,1828,10143,1119.069857768052,2.5
20262,1.0,1817,2026-08-13T14:50,COMPLETA,13027.9114,1187.9615384615386,144.0,543.0,2554.5,13,0.21551724137931033,13,0,0,1830,10153,1118.5774316939887,2.5
20262,1.0,1818,2026-08-13T15:00,COMPLETA,36669.0167,1346.1937500000001,133.2,804.0,3711.6,18,0.22916666666666666,16,0,17,1832,10161,1118.8197052401742,2.5
20262,1.0,1819,2026-08-13T15:10,COMPLETA,1383.8341,906.6,325.5,191.0,678.9,3,0.375,3,0,2,1832,10161,1118.8197052401742,2.5
20262,1.0,1820,2026-08-13T15:20,COMPLETA,1009.4623,325.5,325.5,85.0,247.5,1,0.20833333333333334,1,0,0,1832,10161,1118.8197052401742,2.5
20262,1.0,1821,2026-08-13T15:30,COMPLETA,1354.2388,460.3333333333333,89.2,178.0,751.2,3,0.375,3,0,3,1832,10161,1118.8197052401742,2.5
20262,1.0,1822,2026-08-13T15:40,COMPLETA,1061.9276,2031.0,2031.0,47.0,232.8,1,0.875,1,0,1,1832,10161,1118.8197052401742,2.5
20262,1.0,1823,2026-08-13T15:50,COMPLETA,1323.6241,1131.7,312.0,163.0,969.6,3,0.5,2,0,3,1832,10161,1118.8197052401742,2.5
20262,1.0,1824,2026-08-13T16:00,COMPLETA,1136.069,1349.8666666666666,38.0,212.0,1639.4,5,0.5833333333333334,3,0,5,1832,10161,1118.8197052401742,2.5
20262,1.0,1825,2026-08-13T16:10,SIN_DEMANDA,0,,,,,,,0,0,0,1832,10161,1118.8197052401742,2.5
20262,1.0,1826,2026-08-13T16:20,COMPLETA,1371.4287,1490.0,952.0,78.0,630.0,2,0.625,2,0,2,1833,10167,1119.3438079650841,2.5
20262,1.0,1827,2026-08-13T16:30,COMPLETA,1485.9726,1001.0,66.5,216.0,1837.5,6,0.3125,3,0,4,1837,10183,1119.1382144801303,2.5
20262,1.0,1828,2026-08-13T16:40,COMPLETA,1455.0121,761.0,66.5,159.0,833.0,4,0.19791666666666666,4,0,0,1839,10191,1118.7408374116362,2.5
20262,1.0,1829,2026-08-13T16:50,COMPLETA,1802.4417,666.6,66.5,216.0,1038.5,5,0.24166666666666667,5,0,0,1842,10197,1118.8317046688378,2.5
20262,1.0,1830,2026-08-13T17:00,COMPLETA,1819.4235,666.6,66.5,216.0,1038.5,5,0.24166666666666667,5,0,0,1846,10218,1120.1771397616465,2.5
20262,1.0,1831,2026-08-13T17:10,COMPLETA,1744.9793,666.6,66.5,216.0,1038.5,5,0.24166666666666667,5,0,0,1847,10225,1120.606172171088,2.5
20262,1.0,1832,2026-08-13T17:20,COMPLETA,2152.972,893.0,66.5,229.0,1178.0,6,0.2569444444444444,6,0,0,1849,10235,1120.6376960519196,2.5
20262,1.0,1833,2026-08-13T17:30,COMPLETA,2155.6549,893.0,66.5,229.0,998.0,6,0.2569444444444444,6,0,1,1850,10241,1120.29627027027,2.5
20262,1.0,1834,2026-08-13T17:40,COMPLETA,2013.2618,838.4166666666666,66.5,252.0,817.8,6,0.3203125,6,0,1,1851,10248,1120.788276607239,2.5
20262,1.0,1835,2026-08-13T17:50,COMPLETA,2026.5354,992.5,66.5,200.0,619.8,5,0.2980769230769231,5,0,3,1851,10248,1120.788276607239,2.5
20262,1.0,1836,2026-08-13T18:00,COMPLETA,1915.6782,1443.6666666666667,289.0,149.0,403.5,3,0.3611111111111111,3,0,2,1852,10253,1120.2312634989198,2.5
20262,1.0,1837,2026-08-13T18:10,COMPLETA,1157.0541,2026.0,2026.0,56.0,144.0,1,0.3333333333333333,1,0,0,1853,10258,1119.789584457636,2.5
20262,1.0,1838,2026-08-13T18:20,COMPLETA,1491.549,2051.0,2026.0,80.0,381.6,4,0.3541666666666667,2,0,3,1854,10259,1119.6990830636457,2.5
20262,1.0,1839,2026-08-13T18:30,COMPLETA,1490.0132,970.7666666666668,379.5,160.0,515.4,3,0.5,3,0,1,1857,10271,1121.1425417339792,2.5
20262,1.0,1840,2026-08-13T18:40,COMPLETA,1419.3374,1266.4,562.0,106.0,374.4,2,0.875,2,0,0,1858,10277,1120.7070505920342,2.5
20262,1.0,1841,2026-08-13T18:50,COMPLETA,1694.0012,1524.3333333333333,562.0,150.0,540.0,3,0.6666666666666666,3,0,1,1858,10277,1120.7070505920342,2.5
20262,1.0,1842,2026-08-13T19:00,COMPLETA,1603.9819,1533.8,562.0,124.0,477.6,3,0.7083333333333334,3,0,3,1860,10291,1121.0807526881717,2.5
20262,1.0,1843,2026-08-13T19:10,COMPLETA,662.4026,2034.4,2034.4,48.0,175.2,1,0.125,1,0,1,1860,10291,1121.0807526881717,2.5
20262,1.0,1844,2026-08-13T19:20,SIN_DEMANDA,0,,,,,,,0,0,0,1863,10305,1120.3790123456786,2.5
20262,1.0,1845,2026-08-13T19:30,COMPLETA,720.5024,646.0,646.0,12.0,78.0,1,0.041666666666666664,1,0,1,1866,10327,1120.0027331189708,2.5
20262,1.0,1846,2026-08-13T19:40,SIN_DEMANDA,0,,,,,,,0,0,0,1868,10343,1120.9941648822266,2.5
20262,1.0,1847,2026-08-13T19:50,COMPLETA,1109.0472,627.0,627.0,32.0,108.0,1,0.20833333333333334,1,0,1,1868,10343,1120.9941648822266,2.5
20262,1.0,1848,2026-08-13T20:00,COMPLETA,680.5298,981.0,981.0,52.0,138.0,1,0.16666666666666666,1,0,1,1869,10353,1120.5490101658638,2.5
20262,1.0,1849,2026-08-13T20:10,COMPLETA,948.3249,633.0,633.0,28.0,102.0,1,0.25,1,0,1,1869,10353,1120.5490101658638,2.5
20262,1.0,1850,2026-08-13T20:20,COMPLETA,1267.291,1336.75,609.5,94.0,261.0,2,0.3125,2,0,1,1870,10359,1120.152727272727,2.5
20262,1.0,1851,2026-08-13T20:30,COMPLETA,1295.4929,1344.75,625.5,78.0,237.0,2,0.25,2,0,2,1871,10362,1120.659647247461,2.5
20262,1.0,1852,2026-08-13T20:40,COMPLETA,1484.4008,1503.5666666666666,364.5,100.0,342.6,3,0.25,3,0,3,1872,10363,1120.4060897435893,2.5
20262,1.0,1853,2026-08-13T20:50,COMPLETA,1269.9322,797.5,614.4,70.0,288.0,2,0.375,2,0,2,1873,10365,1120.8971703150023,2.5
20262,1.0,1854,2026-08-13T21:00,COMPLETA,931.9186,402.0,402.0,16.0,84.0,1,0.25,1,0,1,1874,10371,1120.5989327641405,2.5
20262,1.0,1855,2026-08-13T21:10,SIN_DEMANDA,0,,,,,,,0,0,0,1876,10380,1121.5392324093812,2.5
20262,1.0,1856,2026-08-13T21:20,COMPLETA,649.5644,875.0,875.0,52.0,198.0,1,0.08333333333333333,1,0,0,1877,10385,1121.2757591901966,2.5
20262,1.0,1857,2026-08-13T21:30,COMPLETA,1122.9301,884.5,875.0,88.0,372.0,2,0.20833333333333334,2,0,0,1877,10385,1121.2757591901966,2.5
20262,1.0,1858,2026-08-13T21:40,COMPLETA,1542.7844,688.25,68.5,186.0,904.0,5,0.175,4,0,0,1879,10395,1120.9412453432672,2.5
20262,1.0,1859,2026-08-13T21:50,COMPLETA,1743.0126,947.9,68.5,236.0,1099.0,6,0.1527777777777778,5,0,0,1879,10395,1120.9412453432672,2.5
20262,1.0,1860,2026-08-13T22:00,COMPLETA,2384.8685,1046.0,68.5,260.0,1242.5,7,0.17857142857142858,7,0,0,1881,10407,1121.952578415736,2.5
20262,1.0,1861,2026-08-13T22:10,COMPLETA,2319.6974,1046.0,68.5,260.0,1242.5,7,0.17857142857142858,7,0,0,1884,10427,1121.9181528662416,2.5
20262,1.0,1862,2026-08-13T22:20,COMPLETA,2414.8142,1046.0,68.5,260.0,1242.5,7,0.17857142857142858,7,0,0,1885,10433,1121.5362334217502,2.5
20262,1.0,1863,2026-08-13T22:30,COMPLETA,3925.5039,1104.6555555555556,68.5,404.0,2006.9,11,0.1724137931034483,9,0,0,1886,10438,1121.4615058324493,2.5
20262,1.0,1864,2026-08-13T22:40,COMPLETA,7140.1523,1121.4454545454546,68.5,470.0,2225.9,12,0.20703125,11,0,0,1888,10441,1120.7920021186437,2.5
20262,1.0,1865,2026-08-13T22:50,COMPLETA,7193.2081,1121.4454545454546,68.5,470.0,2225.9,12,0.20703125,11,0,0,1888,10441,1120.7920021186437,2.5
20262,1.0,1866,2026-08-13T23:00,COMPLETA,16876.2619,1197.1833333333332,68.5,670.0,3326.4,17,0.2,12,0,17,1888,10441,1120.7920021186437,2.5
20262,1.0,1867,2026-08-13T23:10,COMPLETA,1380.0836,2038.95,2038.5,115.0,458.2,2,0.1875,2,0,2,1888,10441,1120.7920021186437,2.5
20262,1.0,1868,2026-08-13T23:20,COMPLETA,1838.4563,2018.5,2006.0,107.0,793.6,3,0.875,2,0,3,1888,10441,1120.7920021186437,2.5
20262,1.0,1869,2026-08-13T23:30,SIN_DEMANDA,0,,,,,,,0,0,0,1888,10441,1120.7920021186437,2.5
20262,1.0,1870,2026-08-13T23:40,COMPLETA,1336.7806,2064.6,2064.6,22.0,172.8,1,0.875,1,0,1,1888,10441,1120.7920021186437,2.5
20262,1.0,1871,2026-08-13T23:50,SIN_DEMANDA,0,,,,,,,0,0,0,1888,10441,1120.7920021186437,2.5
20262,1.0,1872,2026-08-14T00:00,SIN_DEMANDA,0,,,,,,,0,0,0,1888,10441,1120.7920021186437,2.5
20262,1.0,1873,2026-08-14T00:10,COMPLETA,1174.2508,916.2666666666668,121.6,146.0,710.4000000000001,3,0.75,3,0,3,1888,10441,1120.7920021186437,2.5
20262,1.0,1874,2026-08-14T00:20,COMPLETA,1314.413,1980.0,1980.0,150.0,1110.0,3,0.8333333333333334,1,0,3,1889,10446,1121.26352567496,2.5
20262,1.0,1875,2026-08-14T00:30,SIN_DEMANDA,0,,,,,,,0,0,0,1893,10465,1120.7953512942415,2.5
20262,1.0,1876,2026-08-14T00:40,COMPLETA,1347.4129,1985.5,1975.0,125.0,486.0,2,0.375,2,0,1,1895,10475,1120.5435883905009,2.5
20262,1.0,1877,2026-08-14T00:50,COMPLETA,1124.2961,1975.0,1975.0,60.0,210.0,1,0.375,1,0,0,1900,10497,1121.27447368421,2.5
20262,1.0,1878,2026-08-14T01:00,COMPLETA,1150.5674,1975.0,1975.0,60.0,210.0,1,0.375,1,0,0,1900,10497,1121.27447368421,2.5
20262,1.0,1879,2026-08-14T01:10,COMPLETA,1427.3745,2007.5,1975.0,88.0,372.0,2,0.25,2,0,0,1903,10510,1122.7346295323168,2.5
20262,1.0,1880,2026-08-14T01:20,COMPLETA,1313.7816,2007.5,1975.0,88.0,372.0,2,0.25,2,0,0,1904,10516,1123.211659663865,2.5
20262,1.0,1881,2026-08-14T01:30,COMPLETA,2056.1565,879.75,136.5,217.0,875.5,7,0.2734375,6,0,3,1904,10516,1123.211659663865,2.5
20262,1.0,1882,2026-08-14T01:40,COMPLETA,1650.9435,1126.75,126.0,154.0,471.0,4,0.20833333333333334,4,0,1,1904,10516,1123.211659663865,2.5
20262,1.0,1883,2026-08-14T01:50,COMPLETA,1436.9426,822.3333333333334,126.0,126.0,369.0,3,0.2361111111111111,3,0,3,1905,10524,1123.6750656167974,2.5
20262,1.0,1884,2026-08-14T02:00,SIN_DEMANDA,0,,,,,,,0,0,0,1905,10524,1123.6750656167974,2.5
20262,1.0,1885,2026-08-14T02:10,COMPLETA,1511.3774,1211.0,155.5,158.0,477.0,4,0.25,4,0,2,1907,10534,1123.6346093340321,2.5
20262,1.0,1886,2026-08-14T02:20,COMPLETA,1120.505,1096.75,155.5,52.0,265.0,3,0.19230769230769232,2,0,1,1907,10534,1123.6346093340321,2.5
20262,1.0,1887,2026-08-14T02:30,COMPLETA,1053.0093,1096.75,155.5,50.0,195.0,2,0.16666666666666666,2,0,2,1908,10542,1123.3489517819703,2.5
20262,1.0,1888,2026-08-14T02:40,COMPLETA,1160.3917,793.0,621.0,78.0,264.0,2,0.375,2,0,1,1908,10542,1123.3489517819703,2.5
20262,1.0,1889,2026-08-14T02:50,COMPLETA,1167.5617,958.6,952.2,156.0,511.2,3,0.275,2,0,3,1908,10542,1123.3489517819703,2.5
20262,1.0,1890,2026-08-14T03:00,COMPLETA,1411.4863,1242.5,395.2,26.0,242.4,3,0.625,2,0,3,1909,10547,1123.0931377684649,2.5
20262,1.0,1891,2026-08-14T03:10,COMPLETA,973.2407,400.6,400.6,12.0,88.8,1,0.625,1,0,1,1910,10550,1123.573193717277,2.5
20262,1.0,1892,2026-08-14T03:20,SIN_DEMANDA,0,,,,,,,0,0,0,1914,10576,1123.5680773249735,2.5
20262,1.0,1893,2026-08-14T03:30,COMPLETA,1344.3623,2066.0,2037.5,70.0,225.0,2,0.3541666666666667,2,0,1,1915,10583,1123.047154046997,2.5
20262,1.0,1894,2026-08-14T03:40,COMPLETA,1199.1926,1204.75,398.5,85.0,273.5,2,0.2708333333333333,2,0,2,1916,10587,1122.5421711899787,2.5
20262,1.0,1895,2026-08-14T03:50,COMPLETA,1229.2461,252.25,130.5,101.0,271.5,2,0.3333333333333333,2,0,2,1917,10596,1122.9837245696397,2.5
20262,1.0,1896,2026-08-14T04:00,COMPLETA,1019.5468,2022.0,2022.0,72.0,168.0,1,0.2916666666666667,1,0,0,1918,10600,1122.7188738269026,2.5
20262,1.0,1897,2026-08-14T04:10,COMPLETA,1066.9424,2022.0,2022.0,72.0,168.0,1,0.2916666666666667,1,0,0,1921,10623,1124.1739198334196,2.5
20262,1.0,1898,2026-08-14T04:20,COMPLETA,1378.8163,768.9333333333334,130.8,164.0,568.8,4,0.3958333333333333,3,0,4,1923,10637,1123.5331773270927,2.5
20262,1.0,1899,2026-08-14T04:30,SIN_DEMANDA,0,,,,,,,0,0,0,1925,10646,1123.0752727272725,2.5
20262,1.0,1900,2026-08-14T04:40,COMPLETA,1504.6066,1700.5,989.5,146.0,399.0,3,0.2222222222222222,3,0,3,1926,10653,1123.579646936656,2.5
20262,1.0,1901,2026-08-14T04:50,COMPLETA,1448.6762,898.1666666666666,147.5,116.0,414.0,3,0.2916666666666667,3,0,1,1926,10653,1123.579646936656,2.5
20262,1.0,1902,2026-08-14T05:00,COMPLETA,1351.701,1134.0,510.0,152.0,648.0,4,0.22916666666666666,3,0,1,1927,10660,1123.4907109496626,2.5
20262,1.0,1903,2026-08-14T05:10,COMPLETA,1980.3834,1200.92,510.0,228.0,1108.8,7,0.19117647058823528,5,0,2,1928,10663,1123.1146784232362,2.5
20262,1.0,1904,2026-08-14T05:20,COMPLETA,1523.1516,899.375,278.5,162.0,723.0,4,0.25,4,0,0,1928,10663,1123.1146784232362,2.5
20262,1.0,1905,2026-08-14T05:30,COMPLETA,1507.2295,899.375,278.5,162.0,723.0,4,0.25,4,0,0,1929,10673,1122.726334888543,2.5
20262,1.0,1906,2026-08-14T05:40,COMPLETA,1697.7953,733.8,71.5,216.0,1044.0,6,0.20833333333333334,5,0,0,1930,10679,1122.2122279792745,2.5
20262,1.0,1907,2026-08-14T05:50,COMPLETA,1636.0588,733.8,71.5,216.0,1044.0,6,0.20833333333333334,5,0,0,1931,10684,1121.7108234075606,2.5
20262,1.0,1908,2026-08-14T06:00,COMPLETA,2201.6488,626.5,71.5,236.0,1074.0,6,0.25,6,0,0,1932,10694,1122.171118012422,2.5
20262,1.0,1909,2026-08-14T06:10,COMPLETA,2103.5673,669.9285714285714,71.5,266.0,1239.0,7,0.23214285714285715,7,0,0,1934,10705,1121.5899172699067,2.5
20262,1.0,1910,2026-08-14T06:20,COMPLETA,2543.8222,841.0875,71.5,294.0,1546.2,9,0.2391304347826087,8,0,0,1936,10720,1122.5425619834707,2.5
20262,1.0,1911,2026-08-14T06:30,COMPLETA,2521.9075,841.0875,71.5,294.0,1546.2,9,0.2391304347826087,8,0,0,1939,10730,1122.2653945332643,2.5
20262,1.0,1912,2026-08-14T06:40,COMPLETA,2915.4103,695.3,71.5,416.0,2154.0,12,0.26339285714285715,10,0,0,1939,10730,1122.2653945332643,2.5
20262,1.0,1913,2026-08-14T06:50,COMPLETA,3094.2247,695.3,71.5,416.0,2154.0,12,0.26339285714285715,10,0,0,1939,10730,1122.2653945332643,2.5
20262,1.0,1914,2026-08-14T07:00,COMPLETA,3524.8144,661.1818181818181,71.5,509.0,2751.9,14,0.32075471698113206,11,0,13,1941,10738,1123.2143225141676,2.5
20262,1.0,1915,2026-08-14T07:10,COMPLETA,1648.449,1654.9333333333334,982.0,184.0,838.8,4,0.390625,3,0,4,1941,10738,1123.2143225141676,2.5
20262,1.0,1916,2026-08-14T07:20,COMPLETA,1097.5449,2081.5,2081.5,18.0,147.0,1,0.4166666666666667,1,0,1,1941,10738,1123.2143225141676,2.5
20262,1.0,1917,2026-08-14T07:30,SIN_DEMANDA,0,,,,,,,0,0,0,1941,10738,1123.2143225141676,2.5
20262,1.0,1918,2026-08-14T07:40,SIN_DEMANDA,0,,,,,,,0,0,0,1941,10738,1123.2143225141676,2.5
20262,1.0,1919,2026-08-14T07:50,COMPLETA,1114.6775,372.0,372.0,56.0,204.0,1,0.3333333333333333,1,0,1,1941,10738,1123.2143225141676,2.5
20262,1.0,1920,2026-08-14T08:00,COMPLETA,1602.7914,2046.3,2021.0,82.0,436.8,2,0.5625,2,0,2,1941,10738,1123.2143225141676,2.5
20262,1.0,1921,2026-08-14T08:10,COMPLETA,1068.6972,984.6,984.6,44.0,345.6,2,0.4375,1,0,2,1941,10738,1123.2143225141676,2.5
20262,1.0,1922,2026-08-14T08:20,SIN_DEMANDA,0,,,,,,,0,0,0,1942,10743,1123.685993820803,2.5
20262,1.0,1923,2026-08-14T08:30,SIN_DEMANDA,0,,,,,,,0,0,0,1945,10758,1122.5204113110537,2.5
20262,1.0,1924,2026-08-14T08:40,COMPLETA,1321.7303,1071.6,83.2,106.0,656.0,3,0.5,2,0,3,1949,10785,1121.7374037968186,2.5
20262,1.0,1925,2026-08-14T08:50,COMPLETA,1206.4892,953.4,953.4,96.0,470.4,2,0.3125,1,0,2,1953,10819,1121.1790578597029,2.5
20262,1.0,1926,2026-08-14T09:00,COMPLETA,1294.5359,759.85,582.2,114.0,408.6,2,0.4375,2,0,1,1953,10819,1121.1790578597029,2.5
20262,1.0,1927,2026-08-14T09:10,COMPLETA,1532.6809,940.75,937.5,102.0,393.0,2,0.3333333333333333,2,0,0,1955,10833,1121.501943734015,2.5
20262,1.0,1928,2026-08-14T09:20,COMPLETA,1604.8367,942.3333333333334,913.5,132.0,558.0,3,0.3333333333333333,3,0,0,1955,10833,1121.501943734015,2.5
20262,1.0,1929,2026-08-14T09:30,COMPLETA,2012.6611,857.1,601.4,172.0,654.0,4,0.375,4,0,1,1956,10841,1121.987678936605,2.5
20262,1.0,1930,2026-08-14T09:40,COMPLETA,1988.6035,1216.5,901.5,148.0,522.0,4,0.2604166666666667,4,0,2,1958,10856,1121.534473953013,2.5
20262,1.0,1931,2026-08-14T09:50,COMPLETA,1433.791,820.3333333333334,614.0,125.0,367.5,3,0.2777777777777778,3,0,1,1958,10856,1121.534473953013,2.5
20262,1.0,1932,2026-08-14T10:00,COMPLETA,1915.5723,1213.125,900.0,156.0,474.0,4,0.2604166666666667,4,0,1,1958,10864,1121.534473953013,2.5
20262,1.0,1933,2026-08-14T10:10,COMPLETA,1700.6952,1061.75,363.5,144.0,467.5,4,0.2916666666666667,4,0,0,1958,10864,1121.534473953013,2.5
20262,1.0,1934,2026-08-14T10:20,COMPLETA,1693.6009,1061.75,363.5,144.0,467.5,4,0.2916666666666667,4,0,4,1960,10866,1122.4721938775508,2.5
20262,1.0,1935,2026-08-14T10:30,COMPLETA,646.9283,601.0,601.0,24.0,96.0,1,0.125,1,0,0,1960,10866,1122.4721938775508,2.5
20262,1.0,1936,2026-08-14T10:40,COMPLETA,643.0158,601.0,601.0,24.0,96.0,1,0.125,1,0,0,1960,10866,1122.4721938775508,2.5
20262,1.0,1937,2026-08-14T10:50,COMPLETA,1393.4784,1579.3666666666668,601.0,72.0,297.0,3,0.10714285714285714,3,0,1,1961,10871,1122.38597654258,2.5
20262,1.0,1938,2026-08-14T11:00,COMPLETA,1503.0291,1550.9599999999998,598.8,172.0,726.0,6,0.484375,5,0,6,1962,10872,1122.8715086646278,2.5
20262,1.0,1939,2026-08-14T11:10,COMPLETA,1033.6417,1100.0,155.0,38.0,349.2,3,0.8125,2,0,3,1963,10873,1122.3418746816096,2.5
20262,1.0,1940,2026-08-14T11:20,COMPLETA,1234.1473,540.1,384.0,144.0,533.4,4,0.2916666666666667,3,0,4,1964,10881,1122.0668533604887,2.5
20262,1.0,1941,2026-08-14T11:30,SIN_DEMANDA,0,,,,,,,0,0,0,1966,10897,1121.711444557477,2.5
20262,1.0,1942,2026-08-14T11:40,COMPLETA,1015.0571,772.1666666666666,357.0,83.0,304.5,3,0.20833333333333334,3,0,0,1967,10903,1121.453329944077,2.5
20262,1.0,1943,2026-08-14T11:50,COMPLETA,1009.2434,772.1666666666666,357.0,83.0,304.5,3,0.20833333333333334,3,0,0,1970,10922,1121.7518781725887,2.5
20262,1.0,1944,2026-08-14T12:00,COMPLETA,1175.0398,1099.5,357.0,97.0,399.5,4,0.3026315789473684,4,0,4,1971,10928,1121.6393708777268,2.5
20262,1.0,1945,2026-08-14T12:10,COLAPSO_PLANIFICACION,274.9553,,,0.0,0.0,0,0.0,1,10,0,1972,10932,1121.2549188640971,2.5
