semilla,factor_carga,ciclo,instante,estado,Ta_ms,holgura_plan_promedio_min,holgura_plan_minima_min,distancia_plan_km,tiempo_plan_rutas_min,vehiculos_plan,utilizacion_capacidad_plan,pedidos_plan,paquetes_sin_plan,rutas_despachadas,pedidos_entregados_acum,paquetes_entregados_acum,holgura_real_promedio_min,holgura_real_minima_min
20264,1.0,0,2026-08-01T00:00,SIN_DEMANDA,0,,,,,,,0,0,0,0,0,,
20264,1.0,1,2026-08-01T00:10,SIN_DEMANDA,0,,,,,,,0,0,0,0,0,,
20264,1.0,2,2026-08-01T00:20,SIN_DEMANDA,0,,,,,,,0,0,0,0,0,,
20264,1.0,3,2026-08-01T00:30,COMPLETA,6591.406,2024.5,2024.5,77.0,235.5,1,0.125,1,0,1,0,0,,
20264,1.0,4,2026-08-01T00:40,COMPLETA,5928.8429,151.0,151.0,36.0,249.0,1,0.2916666666666667,1,0,1,0,0,,
20264,1.0,5,2026-08-01T00:50,COMPLETA,9394.9309,760.3333333333334,37.0,186.0,579.0,2,0.375,3,0,1,0,0,,
20264,1.0,6,2026-08-01T01:00,COMPLETA,7344.3849,832.25,37.0,132.0,378.0,1,0.7083333333333334,2,0,0,0,0,,
20264,1.0,7,2026-08-01T01:10,COMPLETA,8402.6154,1356.125,37.0,232.0,708.0,3,0.3472222222222222,4,0,1,0,0,,
20264,1.0,8,2026-08-01T01:20,COMPLETA,9008.7723,867.9,64.0,289.0,853.5,4,0.3020833333333333,5,0,2,0,0,,
20264,1.0,9,2026-08-01T01:30,COMPLETA,10508.6267,864.1,76.0,260.0,870.0,4,0.3958333333333333,5,0,1,0,0,,
20264,1.0,10,2026-08-01T01:40,COMPLETA,10512.5009,847.2,21.5,230.0,825.0,4,0.4375,5,0,0,0,0,,
20264,1.0,11,2026-08-01T01:50,COMPLETA,10309.8715,847.2,21.5,230.0,825.0,4,0.4375,5,0,0,0,0,,
20264,1.0,12,2026-08-01T02:00,COMPLETA,11841.912,941.5833333333334,21.5,298.0,987.0,4,0.4895833333333333,6,0,0,0,0,,
20264,1.0,13,2026-08-01T02:10,COMPLETA,11855.3442,941.5833333333334,21.5,298.0,987.0,4,0.4895833333333333,6,0,0,1,7,151.0,151.0
20264,1.0,14,2026-08-01T02:20,COMPLETA,13145.3934,848.2857142857143,21.5,323.0,1086.5,5,0.45,7,0,0,1,7,151.0,151.0
20264,1.0,15,2026-08-01T02:30,COMPLETA,13897.1636,792.8333333333334,21.5,469.0,1485.5,6,0.3888888888888889,9,0,2,1,7,151.0,151.0
20264,1.0,16,2026-08-01T02:40,COMPLETA,13369.5166,848.2857142857143,21.5,323.0,1086.5,5,0.45,7,0,0,2,8,383.75,151.0
20264,1.0,17,2026-08-01T02:50,COMPLETA,12233.8441,792.125,14.5,327.0,1152.5,6,0.3958333333333333,8,0,1,3,11,930.6666666666666,151.0
20264,1.0,18,2026-08-01T03:00,COMPLETA,12587.8528,848.2857142857143,21.5,323.0,1086.5,5,0.45,7,0,0,4,12,1209.75,151.0
20264,1.0,19,2026-08-01T03:10,COMPLETA,6592.3645,772.9375,11.5,480.0,1380.0,6,0.4236111111111111,8,0,0,4,12,1209.75,151.0
20264,1.0,20,2026-08-01T03:20,COMPLETA,6661.9779,772.9375,11.5,480.0,1380.0,6,0.4236111111111111,8,0,0,4,12,1209.75,151.0
20264,1.0,21,2026-08-01T03:30,COMPLETA,9422.5099,1035.2272727272727,1.5,571.0,1785.6,10,0.3802083333333333,11,0,3,5,15,1038.9,151.0
20264,1.0,22,2026-08-01T03:40,COMPLETA,7749.3439,796.3,11.5,581.0,1591.5,7,0.44047619047619047,10,0,1,7,22,840.0,106.0
20264,1.0,23,2026-08-01T03:50,COMPLETA,14303.0114,1005.75,11.5,706.0,1779.0,8,0.3489583333333333,10,0,1,7,22,840.0,106.0
20264,1.0,24,2026-08-01T04:00,COMPLETA,13586.655,881.1,11.5,591.0,1666.5,7,0.4166666666666667,10,0,1,7,22,840.0,106.0
20264,1.0,25,2026-08-01T04:10,COMPLETA,14384.4819,806.1800000000001,23.0,601.0,1704.9,8,0.375,10,0,3,8,25,785.625,106.0
20264,1.0,26,2026-08-01T04:20,COMPLETA,9525.8418,922.7857142857143,30.0,382.0,1113.0,5,0.38333333333333336,7,0,2,9,26,805.5555555555555,106.0
20264,1.0,27,2026-08-01T04:30,COMPLETA,6319.3676,969.7571428571429,30.0,414.0,1271.4,6,0.3203125,7,0,1,9,26,805.5555555555555,106.0
20264,1.0,28,2026-08-01T04:40,COMPLETA,5840.1493,794.4166666666666,34.0,301.0,931.5,4,0.4166666666666667,6,0,1,9,26,805.5555555555555,106.0
20264,1.0,29,2026-08-01T04:50,COMPLETA,4959.1707,842.7,94.0,315.0,952.5,4,0.3645833333333333,5,0,0,11,31,878.7909090909092,106.0
20264,1.0,30,2026-08-01T05:00,COMPLETA,5923.7657,761.25,111.5,297.0,1045.5,5,0.375,6,0,1,11,31,878.7909090909092,106.0
20264,1.0,31,2026-08-01T05:10,COMPLETA,7524.3265,1048.6666666666667,30.0,430.0,1365.0,5,0.3333333333333333,6,0,0,11,31,878.7909090909092,106.0
20264,1.0,32,2026-08-01T05:20,COMPLETA,9395.0813,1149.5714285714287,31.0,355.0,1192.5,4,0.4791666666666667,7,0,0,12,40,807.35,21.5
20264,1.0,33,2026-08-01T05:30,COMPLETA,9807.266,1149.5714285714287,31.0,355.0,1192.5,4,0.4791666666666667,7,0,0,13,44,819.2307692307693,21.5
20264,1.0,34,2026-08-01T05:40,COMPLETA,9654.3435,1149.5714285714287,31.0,355.0,1192.5,4,0.4791666666666667,7,0,0,13,44,819.2307692307693,21.5
20264,1.0,35,2026-08-01T05:50,COMPLETA,20222.4744,1272.69,30.0,465.0,1673.7,6,0.4921875,10,0,0,16,62,912.05,21.5
20264,1.0,36,2026-08-01T06:00,COMPLETA,43327.1394,1250.0,30.0,546.0,1986.0,8,0.45,11,0,0,16,62,912.05,21.5
20264,1.0,37,2026-08-01T06:10,COMPLETA,49593.1291,1277.1583333333333,23.0,555.0,2048.7,7,0.5394736842105263,12,0,0,16,62,912.05,21.5
20264,1.0,38,2026-08-01T06:20,COMPLETA,47970.8118,1277.1583333333333,23.0,555.0,2048.7,7,0.5394736842105263,12,0,0,16,62,912.05,21.5
20264,1.0,39,2026-08-01T06:30,COMPLETA,49630.6558,1277.1583333333333,23.0,555.0,2048.7,7,0.5394736842105263,12,0,0,17,65,914.135294117647,21.5
20264,1.0,40,2026-08-01T06:40,COMPLETA,78141.6049,1336.3769230769233,30.0,542.0,2149.2,8,0.5170454545454546,13,0,0,21,85,954.0999999999999,21.5
20264,1.0,41,2026-08-01T06:50,COMPLETA,93233.8666,1344.1933333333334,2.0,731.0,2552.7,9,0.5,15,0,0,24,108,956.4208333333332,21.5
20264,1.0,42,2026-08-01T07:00,COMPLETA,98719.0098,1344.1933333333334,2.0,731.0,2552.7,9,0.5,15,0,8,25,118,932.1439999999999,21.5
20264,1.0,43,2026-08-01T07:10,COMPLETA,4131.1978,391.6666666666667,79.0,155.0,628.5,3,0.23214285714285715,3,0,2,25,118,932.1439999999999,21.5
20264,1.0,44,2026-08-01T07:20,COMPLETA,4852.1204,1156.3333333333333,965.0,166.0,609.0,3,0.19444444444444445,3,0,2,25,118,932.1439999999999,21.5
20264,1.0,45,2026-08-01T07:30,COMPLETA,4041.2061,934.5,470.5,134.0,381.0,1,0.7916666666666666,2,0,0,25,118,932.1439999999999,21.5
20264,1.0,46,2026-08-01T07:40,COMPLETA,4534.0321,1091.1,470.5,300.0,1019.4,3,0.525,4,0,2,25,118,932.1439999999999,21.5
20264,1.0,47,2026-08-01T07:50,COMPLETA,4140.1581,1143.6666666666667,470.5,218.0,627.0,2,0.5416666666666666,3,0,0,25,118,932.1439999999999,21.5
20264,1.0,48,2026-08-01T08:00,COMPLETA,4834.6368,1115.48,106.2,305.0,1075.8,4,0.46875,5,0,2,25,118,932.1439999999999,21.5
20264,1.0,49,2026-08-01T08:10,COMPLETA,4269.1638,1143.6666666666667,470.5,218.0,627.0,2,0.5416666666666666,3,0,0,25,118,932.1439999999999,21.5
20264,1.0,50,2026-08-01T08:20,COMPLETA,4247.0335,1143.6666666666667,470.5,218.0,627.0,2,0.5416666666666666,3,0,0,26,123,964.6576923076923,21.5
20264,1.0,51,2026-08-01T08:30,COMPLETA,4180.7519,1143.6666666666667,470.5,218.0,627.0,2,0.5416666666666666,3,0,0,27,126,1003.2407407407408,21.5
20264,1.0,52,2026-08-01T08:40,COMPLETA,4979.496,1359.25,470.5,277.0,883.2,3,0.5,4,0,1,29,129,1072.1896551724137,21.5
20264,1.0,53,2026-08-01T08:50,COMPLETA,4559.4457,1143.6666666666667,470.5,218.0,627.0,2,0.5416666666666666,3,0,0,30,131,1069.5,21.5
20264,1.0,54,2026-08-01T09:00,COMPLETA,5889.1838,844.6,147.0,343.0,1174.5,5,0.35833333333333334,5,0,0,33,146,1032.939393939394,21.5
20264,1.0,55,2026-08-01T09:10,COMPLETA,6942.8017,710.75,130.0,432.0,1308.0,5,0.44166666666666665,6,0,0,33,146,1032.939393939394,21.5
20264,1.0,56,2026-08-01T09:20,COMPLETA,7101.8881,710.75,130.0,432.0,1308.0,5,0.44166666666666665,6,0,0,34,151,1060.1029411764705,21.5
20264,1.0,57,2026-08-01T09:30,COMPLETA,10652.2596,934.5714285714286,130.0,566.0,1749.0,7,0.35119047619047616,7,0,0,34,151,1060.1029411764705,21.5
20264,1.0,58,2026-08-01T09:40,COMPLETA,9880.4224,934.5714285714286,130.0,566.0,1749.0,7,0.35119047619047616,7,0,0,34,151,1060.1029411764705,21.5
20264,1.0,59,2026-08-01T09:50,COMPLETA,8523.4738,1026.0625,27.5,411.0,1396.5,6,0.4305555555555556,8,0,0,35,158,1032.0714285714287,21.5
20264,1.0,60,2026-08-01T10:00,COMPLETA,8934.4748,1026.0625,27.5,411.0,1336.5,6,0.4305555555555556,8,0,1,36,159,1060.0749999999998,21.5
20264,1.0,61,2026-08-01T10:10,COMPLETA,9901.1503,954.1625,130.0,439.0,1512.9,5,0.5865384615384616,8,0,0,39,179,1031.3820512820512,21.5
20264,1.0,62,2026-08-01T10:20,COMPLETA,11006.5213,868.3111111111111,130.0,583.0,1788.9,7,0.40789473684210525,9,0,1,41,193,1047.6804878048779,21.5
20264,1.0,63,2026-08-01T10:30,COMPLETA,11471.2217,1071.4222222222222,113.5,548.0,1679.9,7,0.42105263157894735,9,0,0,41,193,1047.6804878048779,21.5
20264,1.0,64,2026-08-01T10:40,COMPLETA,11005.5738,1071.4222222222222,113.5,548.0,1679.9,7,0.42105263157894735,9,0,1,42,194,1035.7166666666665,21.5
20264,1.0,65,2026-08-01T10:50,COMPLETA,8860.2367,975.6875,113.5,638.0,1800.5,7,0.36904761904761907,8,0,0,43,204,1055.513953488372,21.5
20264,1.0,66,2026-08-01T11:00,COMPLETA,9347.4668,975.6875,113.5,638.0,1800.5,7,0.36904761904761907,8,0,0,43,204,1055.513953488372,21.5
20264,1.0,67,2026-08-01T11:10,COMPLETA,14637.7665,945.6363636363636,53.5,727.0,1959.5,8,0.4322916666666667,11,0,3,45,207,1096.7177777777774,21.5
20264,1.0,68,2026-08-01T11:20,COMPLETA,29369.9697,1287.2,197.5,724.0,1993.0,7,0.44047619047619047,10,0,1,45,207,1096.7177777777774,21.5
20264,1.0,69,2026-08-01T11:30,COMPLETA,51545.0394,1114.5416666666667,44.5,871.0,2453.5,8,0.4739583333333333,12,0,1,46,210,1117.669565217391,21.5
20264,1.0,70,2026-08-01T11:40,COMPLETA,59282.382,1191.0,143.5,744.0,2139.5,7,0.48214285714285715,11,0,0,47,219,1103.8255319148934,21.5
20264,1.0,71,2026-08-01T11:50,COMPLETA,69305.7164,1121.375,143.5,860.0,2400.5,8,0.48295454545454547,12,0,1,48,220,1083.8604166666664,21.5
20264,1.0,72,2026-08-01T12:00,COMPLETA,75645.1009,1229.4166666666667,5.5,848.0,2355.5,7,0.5178571428571429,12,0,1,48,220,1083.8604166666664,21.5
20264,1.0,73,2026-08-01T12:10,COMPLETA,45019.9544,1155.5,85.0,703.0,2134.5,6,0.5833333333333334,11,0,0,49,222,1103.4306122448977,21.5
20264,1.0,74,2026-08-01T12:20,COMPLETA,76006.3381,1270.7307692307693,19.0,834.0,2391.0,7,0.5595238095238095,13,0,1,49,222,1103.4306122448977,21.5
20264,1.0,75,2026-08-01T12:30,COMPLETA,57983.1317,1206.875,143.5,595.0,1912.5,5,0.7583333333333333,12,0,0,49,222,1103.4306122448977,21.5
20264,1.0,76,2026-08-01T12:40,COMPLETA,57585.0336,1206.875,143.5,595.0,1912.5,5,0.7583333333333333,12,0,0,52,244,1094.7519230769228,21.5
20264,1.0,77,2026-08-01T12:50,COMPLETA,88034.0083,1175.2692307692307,85.0,861.0,2611.5,7,0.6011904761904762,13,0,0,52,244,1094.7519230769228,21.5
20264,1.0,78,2026-08-01T13:00,COMPLETA,138466.0582,1261.1333333333334,43.0,1009.0,3133.5,9,0.5370370370370371,15,0,0,53,248,1113.0018867924528,21.5
20264,1.0,79,2026-08-01T13:10,COMPLETA,134747.4985,1303.28125,17.5,922.0,2883.0,8,0.640625,16,0,0,53,248,1113.0018867924528,21.5
20264,1.0,80,2026-08-01T13:20,COMPLETA,130937.8265,1225.8235294117646,143.5,959.0,3238.5,9,0.5972222222222222,17,0,0,53,248,1113.0018867924528,21.5
20264,1.0,81,2026-08-01T13:30,COMPLETA,129231.4109,1225.8235294117646,143.5,959.0,3238.5,9,0.5972222222222222,17,0,0,54,252,1099.3907407407405,21.5
20264,1.0,82,2026-08-01T13:40,COMPLETA,129551.6671,1225.8235294117646,143.5,959.0,3238.5,9,0.5972222222222222,17,0,0,54,252,1099.3907407407405,21.5
20264,1.0,83,2026-08-01T13:50,COMPLETA,131049.59,1225.8235294117646,143.5,959.0,3238.5,9,0.5972222222222222,17,0,0,54,252,1099.3907407407405,21.5
20264,1.0,84,2026-08-01T14:00,COMPLETA,168562.8063,1303.4368421052632,28.5,936.0,3323.4,10,0.6346153846153846,19,0,0,55,262,1087.1654545454544,21.5
20264,1.0,85,2026-08-01T14:10,COMPLETA,162917.1924,1303.4368421052632,28.5,936.0,3323.4,10,0.6346153846153846,19,0,0,56,272,1073.1,21.5
20264,1.0,86,2026-08-01T14:20,COMPLETA,174481.0499,1269.2826086956522,13.5,1167.0,4000.5,13,0.5909090909090909,23,0,0,58,282,1072.2862068965517,21.5
20264,1.0,87,2026-08-01T14:30,COMPLETA,170072.4422,1214.75,58.5,1218.0,4257.0,13,0.6174242424242424,24,0,0,59,285,1088.5101694915252,21.5
20264,1.0,88,2026-08-01T14:40,COMPLETA,183010.2192,1251.468,83.5,1096.0,4483.2,15,0.6107142857142858,25,0,0,59,285,1088.5101694915252,21.5
20264,1.0,89,2026-08-01T14:50,COMPLETA,190169.8849,1252.3925925925928,83.5,1231.0,4908.9,17,0.625,27,0,0,60,291,1101.0683333333332,21.5
20264,1.0,90,2026-08-01T15:00,COMPLETA,197415.6851,1257.2586206896551,14.8,1685.0,6395.1,20,0.63125,29,0,18,60,291,1101.0683333333332,21.5
20264,1.0,91,2026-08-01T15:10,COMPLETA,3693.3508,1308.0,946.5,216.0,744.0,3,0.3055555555555556,4,0,1,60,291,1101.0683333333332,21.5
20264,1.0,92,2026-08-01T15:20,COMPLETA,3316.2665,1428.5,1335.5,163.0,544.5,2,0.375,3,0,0,60,291,1101.0683333333332,21.5
20264,1.0,93,2026-08-01T15:30,COMPLETA,3715.6556,1160.625,357.0,226.0,759.0,3,0.375,4,0,1,60,291,1101.0683333333332,21.5
20264,1.0,94,2026-08-01T15:40,COMPLETA,3686.8788,1145.525,296.6,214.0,840.7,3,0.3392857142857143,4,0,1,60,291,1101.0683333333332,21.5
20264,1.0,95,2026-08-01T15:50,COMPLETA,3430.1035,1428.5,1335.5,163.0,544.5,2,0.375,3,0,0,60,291,1101.0683333333332,21.5
20264,1.0,96,2026-08-01T16:00,COMPLETA,4545.2119,819.1,199.5,283.0,1081.2,4,0.4375,6,0,1,60,291,1101.0683333333332,21.5
20264,1.0,97,2026-08-01T16:10,COMPLETA,4790.5086,828.8333333333334,199.5,248.0,1010.7,4,0.4375,6,0,1,60,291,1101.0683333333332,21.5
20264,1.0,98,2026-08-01T16:20,COMPLETA,4748.2811,922.8,199.5,205.0,787.5,3,0.4444444444444444,5,0,0,60,291,1101.0683333333332,21.5
20264,1.0,99,2026-08-01T16:30,COMPLETA,6026.4023,849.25,112.5,252.0,925.5,3,0.5694444444444444,6,0,0,60,291,1101.0683333333332,21.5
20264,1.0,100,2026-08-01T16:40,COMPLETA,5860.2661,849.25,112.5,252.0,925.5,3,0.5694444444444444,6,0,0,60,291,1101.0683333333332,21.5
20264,1.0,101,2026-08-01T16:50,COMPLETA,5960.0185,849.25,112.5,252.0,925.5,3,0.5694444444444444,6,0,0,64,316,1109.6062499999998,21.5
20264,1.0,102,2026-08-01T17:00,COMPLETA,6968.0297,768.2857142857143,53.0,328.0,1212.0,5,0.4,7,0,0,67,336,1120.3820895522388,21.5
20264,1.0,103,2026-08-01T17:10,COMPLETA,7103.5873,768.2857142857143,53.0,328.0,1212.0,5,0.4,7,0,0,68,343,1132.9499999999998,21.5
20264,1.0,104,2026-08-01T17:20,COMPLETA,7282.5776,768.2857142857143,53.0,328.0,1212.0,5,0.4,7,0,0,69,350,1144.255072463768,21.5
20264,1.0,105,2026-08-01T17:30,COMPLETA,7003.7421,702.625,53.0,262.0,1113.0,4,0.59375,8,0,0,71,363,1130.381690140845,21.5
20264,1.0,106,2026-08-01T17:40,COMPLETA,14508.1894,851.4888888888888,53.0,447.0,1615.5,6,0.453125,9,0,0,72,370,1140.2722222222221,21.5
20264,1.0,107,2026-08-01T17:50,COMPLETA,18750.0072,812.28,53.0,441.0,1667.7,7,0.4411764705882353,10,0,1,74,386,1140.9405405405405,21.5
20264,1.0,108,2026-08-01T18:00,COMPLETA,28815.2958,933.0899999999999,53.0,450.0,1620.0,6,0.5078125,10,0,0,75,392,1128.388,21.5
20264,1.0,109,2026-08-01T18:10,COMPLETA,42245.652,1034.4363636363635,53.0,484.0,1791.2,7,0.5073529411764706,11,0,1,77,405,1115.2740259740258,21.5
20264,1.0,110,2026-08-01T18:20,COMPLETA,27232.4021,933.0899999999999,53.0,450.0,1620.0,6,0.5078125,10,0,1,77,405,1115.2740259740258,21.5
20264,1.0,111,2026-08-01T18:30,COMPLETA,13349.7255,804.8333333333334,53.0,262.0,1173.0,4,0.6666666666666666,9,0,0,77,405,1115.2740259740258,21.5
20264,1.0,112,2026-08-01T18:40,COMPLETA,13276.9138,804.8333333333334,53.0,262.0,1173.0,4,0.6666666666666666,9,0,0,78,412,1122.8730769230767,21.5
20264,1.0,113,2026-08-01T18:50,COMPLETA,28508.5589,894.2,45.0,410.0,1515.0,5,0.575,10,0,0,81,426,1104.783950617284,21.5
20264,1.0,114,2026-08-01T19:00,COMPLETA,38663.3936,993.0,53.0,484.0,1686.0,6,0.4930555555555556,11,0,1,81,426,1104.783950617284,21.5
20264,1.0,115,2026-08-01T19:10,COMPLETA,31647.2009,831.0909090909091,53.0,513.0,1849.5,7,0.4166666666666667,11,0,1,83,434,1081.8903614457831,14.8
20264,1.0,116,2026-08-01T19:20,COMPLETA,58081.5262,938.5083333333333,53.0,515.0,2025.6,8,0.4715909090909091,12,0,1,84,441,1086.534523809524,14.8
20264,1.0,117,2026-08-01T19:30,COMPLETA,55390.505,1040.625,53.0,578.0,2067.0,7,0.5238095238095238,12,0,0,86,456,1087.6779069767442,14.8
20264,1.0,118,2026-08-01T19:40,COMPLETA,62518.3128,963.0384615384615,53.0,684.0,2292.0,8,0.4895833333333333,13,0,0,87,462,1076.9919540229885,14.8
20264,1.0,119,2026-08-01T19:50,COMPLETA,66466.9091,930.5714285714286,53.0,690.0,2295.0,8,0.5260416666666666,14,0,0,87,462,1076.9919540229885,14.8
20264,1.0,120,2026-08-01T20:00,COMPLETA,62247.3781,930.5714285714286,53.0,690.0,2295.0,8,0.5260416666666666,14,0,1,88,468,1083.4352272727274,14.8
20264,1.0,121,2026-08-01T20:10,COMPLETA,66537.5587,1055.857142857143,53.0,689.0,2473.5,8,0.546875,14,0,0,88,472,1083.4352272727274,14.8
20264,1.0,122,2026-08-01T20:20,COMPLETA,69361.7678,1039.357142857143,45.0,696.0,2304.0,7,0.625,14,0,0,88,472,1083.4352272727274,14.8
20264,1.0,123,2026-08-01T20:30,COMPLETA,72407.3883,1030.75,4.5,859.0,2968.5,9,0.5601851851851852,16,0,0,91,479,1095.2582417582416,14.8
20264,1.0,124,2026-08-01T20:40,COMPLETA,93727.0882,1083.157894736842,4.5,905.0,3097.5,10,0.575,19,0,0,92,481,1085.0217391304345,14.8
20264,1.0,125,2026-08-01T20:50,COMPLETA,103173.9325,1123.7857142857142,4.5,1040.0,3525.9,12,0.57421875,21,0,2,94,491,1100.8723404255318,14.8
20264,1.0,126,2026-08-01T21:00,COMPLETA,104035.4197,1181.2105263157894,4.5,980.0,3270.0,10,0.5666666666666667,19,0,0,95,495,1107.994736842105,14.8
20264,1.0,127,2026-08-01T21:10,COMPLETA,106910.2172,1204.4,4.5,1049.0,3640.5,10,0.6473214285714286,20,0,0,95,495,1107.994736842105,14.8
20264,1.0,128,2026-08-01T21:20,COMPLETA,134569.9779,1222.4521739130435,4.5,1147.0,4224.9,13,0.6136363636363636,23,0,1,95,495,1107.994736842105,14.8
20264,1.0,129,2026-08-01T21:30,COMPLETA,146826.9622,1166.9851851851852,4.5,1350.0,4851.3,15,0.6428571428571429,27,0,1,97,509,1092.2072164948452,14.8
20264,1.0,130,2026-08-01T21:40,COMPLETA,135111.3139,1192.196153846154,4.5,1256.0,4504.8,13,0.6742424242424242,26,0,0,97,509,1092.2072164948452,14.8
20264,1.0,131,2026-08-01T21:50,COMPLETA,135141.5044,1216.3925925925928,4.5,1282.0,4885.2,14,0.6764705882352942,27,0,0,97,509,1092.2072164948452,14.8
20264,1.0,132,2026-08-01T22:00,COMPLETA,144354.7645,1195.907142857143,4.5,1404.0,5288.7,16,0.6597222222222222,28,0,0,98,516,1082.8928571428569,14.8
20264,1.0,133,2026-08-01T22:10,COMPLETA,143013.5939,1158.5099999999998,4.5,1493.0,5493.3,16,0.6840277777777778,30,0,0,98,516,1082.8928571428569,14.8
20264,1.0,134,2026-08-01T22:20,COMPLETA,139667.8907,1140.7612903225806,4.5,1501.0,5712.3,18,0.6546052631578947,31,0,0,98,516,1082.8928571428569,14.8
20264,1.0,135,2026-08-01T22:30,COMPLETA,140282.8457,1140.7612903225806,4.5,1501.0,5712.3,18,0.6546052631578947,31,0,0,99,522,1072.6565656565656,14.8
20264,1.0,136,2026-08-01T22:40,COMPLETA,150411.753999,1109.9676470588236,4.5,1669.0,6315.0,19,0.7019230769230769,34,0,0,99,522,1072.6565656565656,14.8
20264,1.0,137,2026-08-01T22:50,COMPLETA,163011.8549,1107.9111111111115,4.5,1916.0,7401.0,22,0.6845238095238095,36,0,0,100,526,1071.5359999999998,14.8
20264,1.0,138,2026-08-01T23:00,COMPLETA,156314.8773,1094.1435897435902,4.5,1827.0,7497.8,24,0.7298850574712644,39,0,21,101,532,1064.8326732673268,14.8
20264,1.0,139,2026-08-01T23:10,COMPLETA,3231.808301,762.5714285714286,54.8,399.0,1529.7,6,0.3854166666666667,7,0,2,101,532,1064.8326732673268,14.8
20264,1.0,140,2026-08-01T23:20,COMPLETA,2834.1652,924.0799999999999,54.8,282.0,1049.4,4,0.40625,5,0,1,101,532,1064.8326732673268,14.8
20264,1.0,141,2026-08-01T23:30,COMPLETA,2594.6588,931.7,54.8,246.0,843.0,3,0.44642857142857145,4,0,1,101,532,1064.8326732673268,14.8
20264,1.0,142,2026-08-01T23:40,COMPLETA,2399.081899,1224.0,992.5,186.0,579.0,2,0.4166666666666667,3,0,0,101,532,1064.8326732673268,14.8
20264,1.0,143,2026-08-01T23:50,COMPLETA,2885.296601,1015.625,485.0,252.0,738.0,2,0.5416666666666666,4,0,0,101,532,1064.8326732673268,14.8
20264,1.0,144,2026-08-02T00:00,COMPLETA,2915.2886,1015.625,485.0,252.0,738.0,2,0.5416666666666666,4,0,0,101,532,1064.8326732673268,14.8
20264,1.0,145,2026-08-02T00:10,COMPLETA,6449.7189,1019.1714285714286,21.2,400.0,1460.8,5,0.6136363636363636,7,0,1,101,532,1064.8326732673268,14.8
20264,1.0,146,2026-08-02T00:20,COMPLETA,13016.4211,1079.2125,21.2,473.0,1521.9,5,0.5769230769230769,8,0,0,103,546,1046.3844660194175,4.5
20264,1.0,147,2026-08-02T00:30,COMPLETA,13028.902101,1079.2125,21.2,473.0,1521.9,5,0.5769230769230769,8,0,0,107,563,1044.0644859813083,4.5
20264,1.0,148,2026-08-02T00:40,COMPLETA,20696.9384,1118.5777777777778,21.2,578.0,1757.4,5,0.6634615384615384,9,0,0,110,580,1040.92,4.5
20264,1.0,149,2026-08-02T00:50,COMPLETA,20035.8574,1118.5777777777778,21.2,578.0,1757.4,5,0.6634615384615384,9,0,0,112,593,1041.7446428571427,4.5
20264,1.0,150,2026-08-02T01:00,COMPLETA,20325.8407,1118.5777777777778,21.2,578.0,1757.4,5,0.6634615384615384,9,0,0,113,594,1036.5911504424778,4.5
20264,1.0,151,2026-08-02T01:10,COMPLETA,20162.5798,1118.5777777777778,21.2,578.0,1757.4,5,0.6634615384615384,9,0,0,115,602,1037.5304347826086,4.5
20264,1.0,152,2026-08-02T01:20,COMPLETA,20085.5427,1118.5777777777778,21.2,578.0,1757.4,5,0.6634615384615384,9,0,0,120,627,1047.8141666666666,4.5
20264,1.0,153,2026-08-02T01:30,COMPLETA,26521.0384,1036.8700000000001,21.2,465.0,1639.9,6,0.59375,10,0,0,121,638,1051.8115702479338,4.5
20264,1.0,154,2026-08-02T01:40,COMPLETA,25624.458701,1036.8700000000001,21.2,465.0,1639.9,6,0.59375,10,0,0,122,641,1047.8180327868852,4.5
20264,1.0,155,2026-08-02T01:50,COMPLETA,29564.8913,886.3000000000001,21.2,502.0,1898.8,8,0.55,12,0,1,123,646,1039.7447154471545,4.5
20264,1.0,156,2026-08-02T02:00,COMPLETA,32798.4787,924.9499999999999,27.5,608.0,2141.4,8,0.48295454545454547,12,0,1,123,647,1039.7447154471545,4.5
20264,1.0,157,2026-08-02T02:10,COMPLETA,43287.0759,942.2916666666666,27.5,690.0,2194.5,7,0.5357142857142857,12,0,0,124,656,1045.516935483871,4.5
20264,1.0,158,2026-08-02T02:20,COMPLETA,41152.539301,942.2916666666666,27.5,690.0,2194.5,7,0.5357142857142857,12,0,0,124,656,1045.516935483871,4.5
20264,1.0,159,2026-08-02T02:30,COMPLETA,57619.4393,1001.5,27.5,814.0,2551.0,8,0.5416666666666666,14,0,1,126,671,1057.4412698412698,4.5
20264,1.0,160,2026-08-02T02:40,COMPLETA,47678.193,984.9230769230769,47.0,747.0,2517.0,9,0.44907407407407407,13,0,0,127,676,1062.4181102362206,4.5
20264,1.0,161,2026-08-02T02:50,COMPLETA,59109.9968,1021.5400000000001,27.5,752.0,2653.5,9,0.5706521739130435,15,0,2,128,685,1056.06328125,4.5
20264,1.0,162,2026-08-02T03:00,COMPLETA,46984.1554,984.9230769230769,47.0,747.0,2517.0,9,0.44907407407407407,13,0,0,131,709,1062.9664122137406,4.5
20264,1.0,163,2026-08-02T03:10,COMPLETA,46521.608799,984.9230769230769,47.0,747.0,2517.0,9,0.44907407407407407,13,0,0,132,719,1067.7242424242424,4.5
20264,1.0,164,2026-08-02T03:20,COMPLETA,48876.750099,962.85,27.5,644.0,2247.3,8,0.5568181818181818,14,0,0,132,719,1067.7242424242424,4.5
20264,1.0,165,2026-08-02T03:30,COMPLETA,56550.0234,982.4625,27.5,754.0,2747.1,10,0.5625,16,0,2,132,719,1067.7242424242424,4.5
20264,1.0,166,2026-08-02T03:40,COMPLETA,40312.1189,912.2571428571429,27.5,593.0,2282.1,8,0.5909090909090909,14,0,0,133,722,1060.6616541353383,4.5
20264,1.0,167,2026-08-02T03:50,COMPLETA,40226.1508,912.2571428571429,27.5,593.0,2282.1,8,0.5909090909090909,14,0,1,134,734,1052.9044776119404,4.5
20264,1.0,168,2026-08-02T04:00,COMPLETA,68210.7617,979.5882352941177,12.0,1005.0,3159.3,11,0.5258620689655172,17,0,2,134,734,1052.9044776119404,4.5
20264,1.0,169,2026-08-02T04:10,COMPLETA,62475.0104,975.2941176470588,12.0,882.0,3146.1,11,0.5350877192982456,17,0,2,136,751,1052.6558823529413,4.5
20264,1.0,170,2026-08-02T04:20,COMPLETA,60597.8657,902.375,151.5,858.0,2787.0,9,0.5740740740740741,16,0,0,136,751,1052.6558823529413,4.5
20264,1.0,171,2026-08-02T04:30,COMPLETA,56380.552399,944.9411764705883,12.0,977.0,3089.5,9,0.5925925925925926,17,0,1,138,766,1053.2840579710146,4.5
20264,1.0,172,2026-08-02T04:40,COMPLETA,66854.9139,971.2941176470588,113.5,914.0,3014.5,10,0.5375,17,0,1,138,768,1053.2840579710146,4.5
20264,1.0,173,2026-08-02T04:50,COMPLETA,57326.4864,995.3125,209.5,815.0,2794.0,9,0.5648148148148148,16,0,0,140,773,1049.5857142857142,4.5
20264,1.0,174,2026-08-02T05:00,COMPLETA,63324.6436,976.0882352941177,209.5,809.0,2820.0,8,0.6770833333333334,17,0,0,141,777,1056.5687943262412,4.5
20264,1.0,175,2026-08-02T05:10,COMPLETA,64458.490801,976.0882352941177,209.5,809.0,2820.0,8,0.6770833333333334,17,0,0,141,777,1056.5687943262412,4.5
20264,1.0,176,2026-08-02T05:20,COMPLETA,76165.641,955.6666666666666,145.0,992.0,3114.5,8,0.71875,18,0,0,142,785,1060.6316901408452,4.5
20264,1.0,177,2026-08-02T05:30,COMPLETA,76320.749,954.4894736842105,50.5,1045.0,3572.4,10,0.6294642857142857,19,0,0,143,792,1063.5223776223777,4.5
20264,1.0,178,2026-08-02T05:40,COMPLETA,75766.952699,913.39,22.0,1165.0,3927.1,12,0.55859375,20,0,0,144,799,1070.18125,4.5
20264,1.0,179,2026-08-02T05:50,COMPLETA,83467.2992,929.3636363636364,73.0,1182.0,4205.6,12,0.6015625,22,0,0,146,808,1071.923287671233,4.5
20264,1.0,180,2026-08-02T06:00,COMPLETA,82846.0839,929.3636363636364,73.0,1182.0,4205.6,12,0.6015625,22,0,0,149,816,1062.3194630872483,4.5
20264,1.0,181,2026-08-02T06:10,COMPLETA,76138.4305,915.0565217391304,73.0,1141.0,4234.5,13,0.6212121212121212,23,0,0,150,820,1068.7973333333334,4.5
20264,1.0,182,2026-08-02T06:20,COMPLETA,75856.95,915.0565217391304,73.0,1141.0,4234.5,13,0.6212121212121212,23,0,0,150,820,1068.7973333333334,4.5
20264,1.0,183,2026-08-02T06:30,COMPLETA,75955.471501,915.0565217391304,73.0,1141.0,4234.5,13,0.6212121212121212,23,0,0,150,820,1068.7973333333334,4.5
20264,1.0,184,2026-08-02T06:40,COMPLETA,79517.694001,928.052,73.0,1339.0,4773.5,13,0.6742424242424242,25,0,0,151,829,1062.9741721854305,4.5
20264,1.0,185,2026-08-02T06:50,COMPLETA,83320.7299,931.5769230769231,73.0,1462.0,5155.3,16,0.6319444444444444,26,0,0,152,836,1056.2743421052633,4.5
20264,1.0,186,2026-08-02T07:00,COMPLETA,93264.6115,976.7037037037037,45.2,1416.0,5412.0,17,0.6418918918918919,27,0,14,153,843,1050.3607843137256,4.5
20264,1.0,187,2026-08-02T07:10,COMPLETA,2924.5397,794.1,113.5,424.0,1176.0,4,0.375,5,0,0,153,843,1050.3607843137256,4.5
20264,1.0,188,2026-08-02T07:20,COMPLETA,3691.1648,872.1428571428571,96.5,441.0,1426.5,5,0.4326923076923077,7,0,1,153,843,1050.3607843137256,4.5
20264,1.0,189,2026-08-02T07:30,COMPLETA,3893.1827,596.9285714285714,105.5,423.0,1354.5,5,0.4166666666666667,7,0,1,153,843,1050.3607843137256,4.5
20264,1.0,190,2026-08-02T07:40,COMPLETA,5458.6508,827.5714285714286,96.5,412.0,1338.0,5,0.45,7,0,0,153,843,1050.3607843137256,4.5
20264,1.0,191,2026-08-02T07:50,COMPLETA,7359.4401,748.4000000000001,27.6,505.0,1878.7,7,0.4632352941176471,9,0,2,153,843,1050.3607843137256,4.5
20264,1.0,192,2026-08-02T08:00,COMPLETA,5336.2492,827.5714285714286,96.5,412.0,1338.0,5,0.45,7,0,0,153,843,1050.3607843137256,4.5
20264,1.0,193,2026-08-02T08:10,COMPLETA,7645.247,738.8125,66.5,391.0,1366.5,5,0.5166666666666667,8,0,0,153,843,1050.3607843137256,4.5
20264,1.0,194,2026-08-02T08:20,COMPLETA,12547.0525,751.65,1.5,455.0,1642.5,6,0.5347222222222222,10,0,0,154,845,1044.0142857142857,4.5
20264,1.0,195,2026-08-02T08:30,COMPLETA,12517.0423,751.65,1.5,455.0,1642.5,6,0.5347222222222222,10,0,0,154,845,1044.0142857142857,4.5
20264,1.0,196,2026-08-02T08:40,COMPLETA,34171.4679,924.3692307692307,1.5,654.0,2426.4,9,0.4673913043478261,13,0,2,155,850,1044.0980645161292,4.5
20264,1.0,197,2026-08-02T08:50,COMPLETA,33837.0076,822.1583333333333,1.5,657.0,2286.9,8,0.48863636363636365,12,0,0,156,858,1041.7160256410257,4.5
20264,1.0,198,2026-08-02T09:00,COMPLETA,40732.946,873.876923076923,1.5,590.0,2186.4,8,0.5397727272727273,13,0,0,160,879,1049.50125,4.5
20264,1.0,199,2026-08-02T09:10,COMPLETA,50189.5242,945.3357142857142,1.5,740.0,2554.2,9,0.532608695652174,14,0,1,162,891,1050.816049382716,4.5
20264,1.0,200,2026-08-02T09:20,COMPLETA,41088.9097,873.876923076923,1.5,590.0,2186.4,8,0.5397727272727273,13,0,0,163,894,1056.835582822086,4.5
20264,1.0,201,2026-08-02T09:30,COMPLETA,41046.4097,873.876923076923,1.5,590.0,2186.4,8,0.5397727272727273,13,0,0,166,911,1053.1759036144579,4.5
20264,1.0,202,2026-08-02T09:40,COMPLETA,47040.3089,913.4571428571428,1.5,692.0,2399.4,8,0.5909090909090909,14,0,0,167,921,1048.4862275449102,4.5
20264,1.0,203,2026-08-02T09:50,COMPLETA,60952.1321,934.95625,33.5,950.0,3046.2,10,0.5528846153846154,16,0,0,168,922,1054.6761904761904,4.5
20264,1.0,204,2026-08-02T10:00,COMPLETA,59927.7502,934.95625,33.5,950.0,2986.2,10,0.5528846153846154,16,0,0,168,922,1054.6761904761904,4.5
20264,1.0,205,2026-08-02T10:10,COMPLETA,59692.1906,986.805882352941,1.5,891.0,2988.3,11,0.5086206896551724,17,0,1,170,928,1064.4558823529412,4.5
20264,1.0,206,2026-08-02T10:20,COMPLETA,67605.2591,918.8684210526316,108.5,1095.0,3695.1,13,0.5560344827586207,19,0,1,170,928,1064.4558823529412,4.5
20264,1.0,207,2026-08-02T10:30,COMPLETA,65472.0887,936.7842105263156,108.5,1113.0,3678.3,13,0.5560344827586207,19,0,1,171,935,1060.8011695906432,4.5
20264,1.0,208,2026-08-02T10:40,COMPLETA,68790.8904,893.4894736842105,57.5,1145.0,3693.0,13,0.5483870967741935,19,0,0,171,935,1060.8011695906432,4.5
20264,1.0,209,2026-08-02T10:50,COMPLETA,68546.1231,893.4894736842105,57.5,1145.0,3633.0,13,0.5483870967741935,19,0,2,172,949,1055.2936046511627,4.5
20264,1.0,210,2026-08-02T11:00,COMPLETA,74836.1042,881.8157894736842,33.5,1230.0,3625.8,11,0.6336206896551724,19,0,2,174,964,1057.8333333333333,4.5
20264,1.0,211,2026-08-02T11:10,COMPLETA,85882.8594,1000.0578947368421,25.6,1254.0,4108.2,15,0.5454545454545454,19,0,3,174,964,1057.8333333333333,4.5
20264,1.0,212,2026-08-02T11:20,COMPLETA,66461.1837,954.5444444444444,25.6,1185.0,3658.5,13,0.5265151515151515,18,0,1,176,975,1048.949431818182,4.5
20264,1.0,213,2026-08-02T11:30,COMPLETA,63437.7739,881.8666666666666,24.8,1052.0,3353.1,11,0.603448275862069,18,0,1,177,984,1046.5966101694917,4.5
20264,1.0,214,2026-08-02T11:40,COMPLETA,61751.5545,819.8368421052631,74.0,1323.0,4008.0,12,0.609375,19,0,0,178,992,1044.517415730337,4.5
20264,1.0,215,2026-08-02T11:50,COMPLETA,65026.9353,776.2809523809524,25.6,1364.0,4064.1,12,0.66015625,21,0,0,179,993,1042.1581005586593,4.5
20264,1.0,216,2026-08-02T12:00,COMPLETA,71278.0965,757.7909090909089,48.8,1423.0,4329.0,13,0.6515151515151515,22,0,1,179,993,1042.1581005586593,4.5
20264,1.0,217,2026-08-02T12:10,COMPLETA,76670.7359,796.3714285714285,16.5,1400.0,4144.4,12,0.65234375,21,0,1,181,1008,1046.7696132596686,4.5
20264,1.0,218,2026-08-02T12:20,COMPLETA,69284.2553,830.7850000000001,71.0,1166.0,3672.9,12,0.640625,20,0,2,181,1008,1046.7696132596686,4.5
20264,1.0,219,2026-08-02T12:30,COMPLETA,66123.3509,886.7777777777778,84.5,1123.0,3484.5,9,0.6944444444444444,18,0,0,185,1033,1040.5048648648649,4.5
20264,1.0,220,2026-08-02T12:40,COMPLETA,69462.7585,865.2105263157895,140.0,1241.0,3828.6,12,0.6015625,19,0,0,187,1038,1051.2299465240644,4.5
20264,1.0,221,2026-08-02T12:50,COMPLETA,90023.2466,863.3565217391305,84.5,1337.0,4121.1,13,0.6553030303030303,23,0,4,188,1041,1055.9829787234044,4.5
20264,1.0,222,2026-08-02T13:00,COMPLETA,90150.5659,995.4434782608696,65.0,1276.0,4149.6,11,0.771551724137931,23,0,0,189,1042,1051.9269841269843,4.5
20264,1.0,223,2026-08-02T13:10,COMPLETA,89639.1258,995.4434782608696,65.0,1276.0,4149.6,11,0.771551724137931,23,0,0,190,1044,1056.3863157894739,4.5
20264,1.0,224,2026-08-02T13:20,COMPLETA,92319.9321,999.7279999999998,56.0,1379.0,4655.4,13,0.7386363636363636,25,0,0,191,1045,1061.4722513089007,4.5
20264,1.0,225,2026-08-02T13:30,COMPLETA,96503.1338,986.0678571428571,28.5,1502.0,5402.7,16,0.7465277777777778,28,0,0,193,1052,1056.941968911917,4.5
20264,1.0,226,2026-08-02T13:40,COMPLETA,102716.2601,937.7533333333333,26.6,1567.0,5973.3,17,0.7668918918918919,30,0,0,193,1057,1056.941968911917,4.5
20264,1.0,227,2026-08-02T13:50,COMPLETA,109036.963,930.0548387096775,60.0,1733.0,6865.4,22,0.7164634146341463,31,0,0,193,1057,1056.941968911917,4.5
20264,1.0,228,2026-08-02T14:00,COMPLETA,107856.3868,951.9937499999999,24.6,1746.0,6326.7,18,0.7796052631578947,32,0,0,194,1062,1052.934536082474,4.5
20264,1.0,229,2026-08-02T14:10,COMPLETA,122295.1229,908.1257142857144,2.6,1889.0,7177.1,21,0.7623456790123457,35,0,0,198,1079,1038.441919191919,4.5
20264,1.0,230,2026-08-02T14:20,COMPLETA,123072.279,949.4555555555556,23.5,1934.0,7729.1,25,0.7078651685393258,36,0,0,199,1082,1043.6276381909545,4.5
20264,1.0,231,2026-08-02T14:30,COMPLETA,123100.2957,949.4555555555556,23.5,1934.0,7729.1,25,0.7078651685393258,36,0,0,199,1082,1043.6276381909545,4.5
20264,1.0,232,2026-08-02T14:40,COMPLETA,122078.4389,949.4555555555556,23.5,1934.0,7729.1,25,0.7078651685393258,36,0,0,199,1082,1043.6276381909545,4.5
20264,1.0,233,2026-08-02T14:50,COMPLETA,139128.8881,967.4702702702704,3.0,2109.0,8117.2,24,0.71875,37,0,0,200,1086,1040.1644999999999,4.5
20264,1.0,234,2026-08-02T15:00,COMPLETA,119300.9624,964.8875,12.2,2261.0,8887.0,26,0.7554945054945055,40,0,22,202,1101,1031.7544554455444,4.5
20264,1.0,235,2026-08-02T15:10,COMPLETA,58409.0493,1077.7333333333333,112.5,843.0,2960.0,9,0.5255102040816326,15,0,4,202,1101,1031.7544554455444,4.5
20264,1.0,236,2026-08-02T15:20,COMPLETA,7953.3523,897.75,52.0,517.0,1555.5,5,0.475,8,0,0,202,1101,1031.7544554455444,4.5
20264,1.0,237,2026-08-02T15:30,COMPLETA,8078.7565,897.75,52.0,517.0,1555.5,5,0.475,8,0,0,202,1101,1031.7544554455444,4.5
20264,1.0,238,2026-08-02T15:40,COMPLETA,9177.4835,889.0555555555555,204.0,593.0,2296.8,7,0.5258620689655172,9,0,2,202,1101,1031.7544554455444,4.5
20264,1.0,239,2026-08-02T15:50,COMPLETA,2875.261,1093.0833333333333,337.5,304.0,1081.2,4,0.4125,6,0,0,202,1101,1031.7544554455444,4.5
20264,1.0,240,2026-08-02T16:00,COMPLETA,2897.4332,1093.0833333333333,337.5,304.0,1081.2,4,0.4125,6,0,0,202,1101,1031.7544554455444,4.5
20264,1.0,241,2026-08-02T16:10,COMPLETA,4327.732,1153.642857142857,337.5,410.0,1360.2,5,0.36538461538461536,7,0,0,203,1102,1036.91921182266,4.5
20264,1.0,242,2026-08-02T16:20,COMPLETA,4328.8366,1153.642857142857,337.5,410.0,1360.2,5,0.36538461538461536,7,0,0,204,1106,1034.5754901960784,4.5
20264,1.0,243,2026-08-02T16:30,COMPLETA,13640.5679,1277.2555555555555,337.5,621.0,1971.6,7,0.35294117647058826,9,0,0,204,1110,1034.5754901960784,4.5
20264,1.0,244,2026-08-02T16:40,COMPLETA,13178.2149,1277.2555555555555,337.5,621.0,1971.6,7,0.35294117647058826,9,0,0,207,1121,1031.1468599033815,4.5
20264,1.0,245,2026-08-02T16:50,COMPLETA,18354.5602,1230.1200000000001,339.5,567.0,2049.3,7,0.4396551724137931,10,0,1,210,1139,1021.2452380952379,4.5
20264,1.0,246,2026-08-02T17:00,COMPLETA,12751.1679,1277.2555555555555,337.5,621.0,1971.6,7,0.35294117647058826,9,0,0,213,1155,1029.9774647887323,4.5
20264,1.0,247,2026-08-02T17:10,COMPLETA,22118.7138,1188.0636363636365,18.0,689.0,2332.3,8,0.40714285714285714,11,0,1,214,1163,1026.0359813084112,4.5
20264,1.0,248,2026-08-02T17:20,COMPLETA,22394.0907,1310.8700000000001,369.5,569.0,1878.3,7,0.3897058823529412,10,0,0,214,1163,1026.0359813084112,4.5
20264,1.0,249,2026-08-02T17:30,COMPLETA,21913.7781,1310.8700000000001,369.5,569.0,1878.3,7,0.3897058823529412,10,0,1,217,1186,1031.189861751152,4.5
20264,1.0,250,2026-08-02T17:40,COMPLETA,21058.149,1175.04,187.5,609.0,1838.7,6,0.421875,10,0,0,218,1196,1027.9252293577981,4.5
20264,1.0,251,2026-08-02T17:50,COMPLETA,19606.7169,1175.04,187.5,609.0,1778.7,6,0.421875,10,0,0,219,1209,1030.8821917808218,4.5
20264,1.0,252,2026-08-02T18:00,COMPLETA,20534.7428,1122.0272727272727,256.5,552.0,1809.9,7,0.40441176470588236,11,0,0,219,1210,1030.8821917808218,4.5
20264,1.0,253,2026-08-02T18:10,COMPLETA,26131.0632,1076.8416666666667,232.5,634.0,2018.1,8,0.4097222222222222,12,0,3,220,1220,1034.6145454545454,4.5
20264,1.0,254,2026-08-02T18:20,COMPLETA,12635.1731,1243.3555555555556,226.5,666.0,1953.9,6,0.390625,9,0,0,222,1237,1030.0954954954955,4.5
20264,1.0,255,2026-08-02T18:30,COMPLETA,12571.0265,1243.3555555555556,226.5,666.0,1953.9,6,0.390625,9,0,0,223,1238,1026.2538116591927,4.5
20264,1.0,256,2026-08-02T18:40,COMPLETA,12581.8354,1243.3555555555556,226.5,666.0,1953.9,6,0.390625,9,0,0,223,1238,1026.2538116591927,4.5
20264,1.0,257,2026-08-02T18:50,COMPLETA,27027.8555,1082.2250000000001,6.5,669.0,2078.4,7,0.4934210526315789,12,0,1,225,1252,1027.2506666666666,4.5
20264,1.0,258,2026-08-02T19:00,COMPLETA,18622.1099,1009.1818181818181,6.5,693.0,1999.5,6,0.5069444444444444,11,0,0,225,1252,1027.2506666666666,4.5
20264,1.0,259,2026-08-02T19:10,COMPLETA,20901.7344,931.5416666666666,6.5,724.0,2216.0,7,0.4880952380952381,12,0,0,226,1261,1029.0747787610617,4.5
20264,1.0,260,2026-08-02T19:20,COMPLETA,24746.9097,935.2285714285715,6.5,756.0,2355.6,8,0.5227272727272727,14,0,1,228,1274,1031.2763157894735,4.5
20264,1.0,261,2026-08-02T19:30,COMPLETA,22576.6871,988.5769230769231,6.5,665.0,2137.5,7,0.5416666666666666,13,0,0,232,1299,1020.4383620689655,4.5
20264,1.0,262,2026-08-02T19:40,COMPLETA,25666.0519,1037.4642857142858,6.5,707.0,2260.5,7,0.5892857142857143,14,0,0,234,1315,1014.9880341880341,4.5
20264,1.0,263,2026-08-02T19:50,COMPLETA,28482.6094,1037.2937499999998,6.5,849.0,2660.1,9,0.5597826086956522,16,0,2,235,1320,1013.2561702127659,4.5
20264,1.0,264,2026-08-02T20:00,COMPLETA,29789.7476,1077.4875000000002,6.5,844.0,2627.4,9,0.5652173913043478,16,0,2,236,1328,1009.6194915254237,4.5
20264,1.0,265,2026-08-02T20:10,COMPLETA,26864.9052,1077.742857142857,91.0,670.0,2221.2,7,0.6118421052631579,14,0,0,239,1355,1009.6,4.5
20264,1.0,266,2026-08-02T20:20,COMPLETA,27964.7755,1147.3,21.0,910.0,2986.2,10,0.5572916666666666,17,0,3,239,1355,1009.6,4.5
20264,1.0,267,2026-08-02T20:30,COMPLETA,20336.7038,1061.142857142857,136.0,637.0,2267.5,6,0.6944444444444444,14,0,0,239,1355,1009.6,4.5
20264,1.0,268,2026-08-02T20:40,COMPLETA,20145.5361,1061.142857142857,136.0,637.0,2267.5,6,0.6944444444444444,14,0,0,241,1362,1009.5307053941908,4.5
20264,1.0,269,2026-08-02T20:50,COMPLETA,20226.2113,1061.142857142857,136.0,637.0,2267.5,6,0.6944444444444444,14,0,0,243,1367,1001.9139917695474,4.5
20264,1.0,270,2026-08-02T21:00,COMPLETA,21225.2836,987.15625,23.5,698.0,2485.0,7,0.6785714285714286,16,0,0,243,1367,1001.9139917695474,4.5
20264,1.0,271,2026-08-02T21:10,COMPLETA,22669.7806,1028.3055555555557,51.5,1252.0,3738.0,10,0.5458333333333333,18,0,0,244,1372,999.9020491803279,4.5
20264,1.0,272,2026-08-02T21:20,COMPLETA,26100.1364,1125.857142857143,51.5,1169.0,3613.5,10,0.6333333333333333,21,0,0,245,1374,1003.4420408163267,4.5
20264,1.0,273,2026-08-02T21:30,COMPLETA,26823.1057,1124.5545454545454,71.5,1132.0,3951.6,11,0.6810344827586207,22,0,0,246,1376,999.9304878048781,4.5
20264,1.0,274,2026-08-02T21:40,COMPLETA,26836.9028,1124.5545454545454,71.5,1132.0,3951.6,11,0.6810344827586207,22,0,0,247,1379,1004.2238866396762,4.5
20264,1.0,275,2026-08-02T21:50,COMPLETA,30476.619,1143.9391304347826,71.5,1192.0,3805.8,10,0.7232142857142857,23,0,0,250,1391,1008.3232,4.5
20264,1.0,276,2026-08-02T22:00,COMPLETA,28893.0134,1113.8791666666666,37.5,1149.0,3921.3,11,0.6774193548387096,24,0,0,254,1409,1017.0393700787403,4.5
20264,1.0,277,2026-08-02T22:10,COMPLETA,31134.7238,1102.7999999999997,4.6,1383.0,4728.6,13,0.6628787878787878,26,0,0,254,1409,1017.0393700787403,4.5
20264,1.0,278,2026-08-02T22:20,COMPLETA,31154.2405,1139.185185185185,28.8,1210.0,4343.7,13,0.696969696969697,27,0,0,254,1409,1017.0393700787403,4.5
20264,1.0,279,2026-08-02T22:30,COMPLETA,35626.0555,1150.9206896551723,2.2,1559.0,5801.8,17,0.6418918918918919,29,0,0,254,1409,1017.0393700787403,4.5
20264,1.0,280,2026-08-02T22:40,COMPLETA,33356.0805,1114.74,4.0,1407.0,5363.4,16,0.6770833333333334,30,0,0,255,1417,1013.0764705882355,4.5
20264,1.0,281,2026-08-02T22:50,COMPLETA,35142.5334,1139.706451612903,19.0,1580.0,6076.2,19,0.6346153846153846,31,0,0,255,1417,1013.0764705882355,4.5
20264,1.0,282,2026-08-02T23:00,COMPLETA,39876.9334,1122.8406249999998,26.5,1465.0,5593.2,17,0.6993243243243243,32,0,12,255,1417,1013.0764705882355,4.5
20264,1.0,283,2026-08-02T23:10,COMPLETA,17101.0833,1138.75,192.5,861.0,2551.5,7,0.5654761904761905,14,0,1,255,1417,1013.0764705882355,4.5
20264,1.0,284,2026-08-02T23:20,COMPLETA,9262.989,1064.8181818181818,126.5,650.0,1935.0,5,0.6083333333333333,11,0,2,255,1417,1013.0764705882355,4.5
20264,1.0,285,2026-08-02T23:30,COMPLETA,2349.9153,556.6666666666666,114.0,405.0,1207.5,4,0.40625,6,0,1,255,1417,1013.0764705882355,4.5
20264,1.0,286,2026-08-02T23:40,COMPLETA,2282.4679,645.2,202.5,334.0,981.0,3,0.4861111111111111,5,0,0,255,1417,1013.0764705882355,4.5
20264,1.0,287,2026-08-02T23:50,COMPLETA,2600.5616,687.4,147.8,390.0,1268.4,4,0.5625,7,0,2,255,1417,1013.0764705882355,4.5
20264,1.0,288,2026-08-03T00:00,COMPLETA,2172.477,1048.25,286.5,280.0,780.0,2,0.5625,4,0,0,255,1417,1013.0764705882355,4.5
20264,1.0,289,2026-08-03T00:10,COMPLETA,2144.8143,1048.25,286.5,280.0,780.0,2,0.5625,4,0,0,255,1417,1013.0764705882355,4.5
20264,1.0,290,2026-08-03T00:20,COMPLETA,2268.5143,897.3,241.5,310.0,885.0,2,0.75,5,0,0,255,1417,1013.0764705882355,4.5
20264,1.0,291,2026-08-03T00:30,COMPLETA,2445.1833,676.5285714285714,107.8,377.0,1285.8,4,0.65625,7,0,2,255,1417,1013.0764705882355,4.5
20264,1.0,292,2026-08-03T00:40,COMPLETA,2280.7871,897.3,241.5,310.0,885.0,2,0.75,5,0,0,256,1421,1011.4292968750001,4.5
20264,1.0,293,2026-08-03T00:50,COMPLETA,2382.6143,897.3,241.5,310.0,885.0,2,0.75,5,0,0,257,1430,1015.0521400778212,4.5
20264,1.0,294,2026-08-03T01:00,COMPLETA,2357.5693,897.3,241.5,310.0,885.0,2,0.75,5,0,0,262,1455,1017.8385496183206,4.5
20264,1.0,295,2026-08-03T01:10,COMPLETA,2472.5351,865.9166666666666,227.0,474.0,1491.0,6,0.3055555555555556,6,0,0,263,1458,1021.6384030418252,4.5
20264,1.0,296,2026-08-03T01:20,COMPLETA,2650.047,727.0,2.0,366.0,1329.0,5,0.425,7,0,0,264,1460,1025.3102272727274,4.5
20264,1.0,297,2026-08-03T01:30,COMPLETA,3300.4981,674.8888888888889,20.0,392.0,1475.7,6,0.46875,9,0,1,267,1473,1015.0400749063671,4.5
20264,1.0,298,2026-08-03T01:40,COMPLETA,3334.0615,822.3777777777777,20.0,297.0,1302.7,6,0.4765625,9,0,1,267,1473,1015.0400749063671,4.5
20264,1.0,299,2026-08-03T01:50,COMPLETA,2922.8301,630.8444444444444,20.0,326.0,1364.1,6,0.4765625,9,0,1,268,1478,1017.3888059701493,4.5
20264,1.0,300,2026-08-03T02:00,COMPLETA,3234.078,648.2777777777778,2.0,425.0,1657.5,7,0.39880952380952384,9,0,0,271,1499,1020.8826568265683,4.5
20264,1.0,301,2026-08-03T02:10,COMPLETA,3719.4296,595.5,2.0,369.0,1513.5,6,0.5,10,0,0,272,1500,1017.6492647058825,4.5
20264,1.0,302,2026-08-03T02:20,COMPLETA,5279.9367,694.5454545454545,2.0,575.0,2122.5,8,0.4270833333333333,11,0,0,273,1505,1014.6633699633701,4.5
20264,1.0,303,2026-08-03T02:30,COMPLETA,4991.3799,694.5454545454545,2.0,575.0,2122.5,8,0.4270833333333333,11,0,0,274,1512,1017.1500000000001,4.5
20264,1.0,304,2026-08-03T02:40,COMPLETA,4619.1368,640.3000000000001,2.0,516.0,2012.7,8,0.4772727272727273,12,0,1,276,1527,1011.1028985507247,4.5
20264,1.0,305,2026-08-03T02:50,COMPLETA,4349.7511,694.5454545454545,2.0,575.0,2122.5,8,0.4270833333333333,11,0,0,277,1536,1007.5483754512636,4.5
20264,1.0,306,2026-08-03T03:00,COMPLETA,7404.6589,605.1153846153846,16.0,823.0,2676.5,10,0.42083333333333334,13,0,0,279,1554,1009.3867383512545,4.5
20264,1.0,307,2026-08-03T03:10,COMPLETA,8808.5984,675.1428571428571,2.0,851.0,2717.5,9,0.49074074074074076,14,0,0,281,1566,1012.1505338078293,4.5
20264,1.0,308,2026-08-03T03:20,COMPLETA,8310.4959,675.1428571428571,2.0,851.0,2717.5,9,0.49074074074074076,14,0,0,281,1566,1012.1505338078293,4.5
20264,1.0,309,2026-08-03T03:30,COMPLETA,13391.7438,648.3888888888889,2.0,828.0,3042.4,13,0.45454545454545453,18,0,3,282,1571,1014.885815602837,4.5
20264,1.0,310,2026-08-03T03:40,COMPLETA,10085.3322,670.9666666666667,2.0,741.0,2491.5,8,0.59375,15,0,0,284,1589,1014.2404929577466,4.5
20264,1.0,311,2026-08-03T03:50,COMPLETA,10183.8434,671.7666666666667,2.0,820.0,2610.0,9,0.5277777777777778,15,0,1,287,1604,1008.3010452961673,4.5
20264,1.0,312,2026-08-03T04:00,COMPLETA,11339.6986,698.7666666666667,2.0,758.0,2646.0,10,0.4955357142857143,15,0,1,288,1607,1008.0395833333334,4.5
20264,1.0,313,2026-08-03T04:10,COMPLETA,10448.8856,684.6,2.0,867.0,2872.0,10,0.4791666666666667,15,0,0,288,1607,1008.0395833333334,4.5
20264,1.0,314,2026-08-03T04:20,COMPLETA,10814.8903,740.71875,16.0,878.0,2757.0,9,0.5648148148148148,16,0,0,288,1607,1008.0395833333334,4.5
20264,1.0,315,2026-08-03T04:30,COMPLETA,11585.4186,694.1470588235294,25.0,911.0,2926.5,9,0.5972222222222222,17,0,0,288,1607,1008.0395833333334,4.5
20264,1.0,316,2026-08-03T04:40,COMPLETA,11650.04,694.1470588235294,25.0,911.0,2926.5,9,0.5972222222222222,17,0,0,289,1613,1004.9619377162629,4.5
20264,1.0,317,2026-08-03T04:50,COMPLETA,11718.2043,702.6176470588235,2.0,963.0,3004.5,10,0.5375,17,0,0,293,1629,1004.4948805460751,4.5
20264,1.0,318,2026-08-03T05:00,COMPLETA,12034.1618,789.2222222222222,87.5,749.0,2683.5,9,0.625,18,0,1,293,1629,1004.4948805460751,4.5
20264,1.0,319,2026-08-03T05:10,COMPLETA,11106.9248,808.035294117647,16.0,1221.0,3591.3,11,0.5201612903225806,17,0,0,294,1630,1001.5561224489796,4.5
20264,1.0,320,2026-08-03T05:20,COMPLETA,12006.259,852.6777777777778,2.0,1096.0,3474.6,11,0.5282258064516129,18,0,0,297,1650,999.4410774410775,4.5
20264,1.0,321,2026-08-03T05:30,COMPLETA,15930.5965,883.775,2.0,1100.0,3450.0,10,0.6,20,0,0,297,1650,999.4410774410775,4.5
20264,1.0,322,2026-08-03T05:40,COMPLETA,15773.6466,883.775,2.0,1100.0,3450.0,10,0.6,20,0,0,298,1659,1001.2315436241611,4.5
20264,1.0,323,2026-08-03T05:50,COMPLETA,15899.8851,883.775,2.0,1100.0,3450.0,10,0.6,20,0,0,298,1659,1001.2315436241611,4.5
20264,1.0,324,2026-08-03T06:00,COMPLETA,15706.3366,883.775,2.0,1100.0,3450.0,10,0.6,20,0,0,299,1664,998.3060200668897,4.5
20264,1.0,325,2026-08-03T06:10,COMPLETA,15105.1103,883.775,2.0,1100.0,3450.0,10,0.6,20,0,0,299,1664,998.3060200668897,4.5
20264,1.0,326,2026-08-03T06:20,COMPLETA,14862.6756,883.775,2.0,1100.0,3450.0,10,0.6,20,0,0,299,1664,998.3060200668897,4.5
20264,1.0,327,2026-08-03T06:30,COMPLETA,14984.9724,883.775,2.0,1100.0,3450.0,10,0.6,20,0,0,299,1664,998.3060200668897,4.5
20264,1.0,328,2026-08-03T06:40,COMPLETA,14914.6906,883.775,2.0,1100.0,3450.0,10,0.6,20,0,0,299,1664,998.3060200668897,4.5
20264,1.0,329,2026-08-03T06:50,COMPLETA,14962.0913,883.775,2.0,1100.0,3450.0,10,0.6,20,0,0,300,1670,995.495,4.5
20264,1.0,330,2026-08-03T07:00,COMPLETA,14959.3197,883.775,2.0,1100.0,3450.0,10,0.6,20,0,7,300,1670,995.495,4.5
20264,1.0,331,2026-08-03T07:10,COMPLETA,3304.9229,528.35,32.5,528.0,1788.0,6,0.5859375,10,0,3,300,1670,995.495,4.5
20264,1.0,332,2026-08-03T07:20,COMPLETA,2490.0495,997.2142857142857,32.5,366.0,1425.0,6,0.42857142857142855,7,0,3,300,1670,995.495,4.5
20264,1.0,333,2026-08-03T07:30,COMPLETA,2116.3489,561.125,32.5,248.0,912.0,4,0.375,4,0,0,300,1670,995.495,4.5
20264,1.0,334,2026-08-03T07:40,COMPLETA,2119.8416,561.125,32.5,248.0,912.0,4,0.375,4,0,0,300,1670,995.495,4.5
20264,1.0,335,2026-08-03T07:50,COMPLETA,2261.8955,768.7,32.5,222.0,873.0,4,0.4583333333333333,5,0,0,300,1670,995.495,4.5
20264,1.0,336,2026-08-03T08:00,COMPLETA,2448.2926,976.3166666666666,32.5,306.0,1240.2,5,0.46153846153846156,6,0,1,300,1670,995.495,4.5
20264,1.0,337,2026-08-03T08:10,COMPLETA,2285.9885,768.7,32.5,222.0,873.0,4,0.4583333333333333,5,0,0,300,1670,995.495,4.5
20264,1.0,338,2026-08-03T08:20,COMPLETA,2841.2699,1060.1857142857143,32.5,414.0,1433.4,6,0.4296875,7,0,1,300,1670,995.495,4.5
20264,1.0,339,2026-08-03T08:30,COMPLETA,2852.4161,852.5285714285714,32.5,425.0,1474.2,6,0.4296875,7,0,1,301,1672,998.7408637873754,4.5
20264,1.0,340,2026-08-03T08:40,COMPLETA,2967.0081,1122.75,32.5,392.0,1446.0,6,0.484375,8,0,1,303,1682,999.7762376237624,4.5
20264,1.0,341,2026-08-03T08:50,COMPLETA,2909.6206,1032.7142857142858,32.5,434.0,1431.0,6,0.4097222222222222,7,0,0,303,1682,999.7762376237624,4.5
20264,1.0,342,2026-08-03T09:00,COMPLETA,2836.6249,1032.7142857142858,32.5,434.0,1431.0,6,0.4097222222222222,7,0,0,305,1690,1000.3934426229508,4.5
20264,1.0,343,2026-08-03T09:10,COMPLETA,5206.6856,1107.5,32.5,510.0,1665.0,6,0.5,9,0,0,306,1698,997.1307189542483,2.0
20264,1.0,344,2026-08-03T09:20,COMPLETA,10493.5997,1102.3727272727274,32.5,759.0,2385.3,8,0.4659090909090909,11,0,1,306,1698,997.1307189542483,2.0
20264,1.0,345,2026-08-03T09:30,COMPLETA,11934.9359,1171.875,32.5,726.0,2265.0,8,0.5113636363636364,12,0,1,307,1706,1000.1465798045602,2.0
20264,1.0,346,2026-08-03T09:40,COMPLETA,13052.085,1096.9923076923076,32.5,856.0,2623.5,9,0.495,13,0,0,308,1713,1002.8701298701299,2.0
20264,1.0,347,2026-08-03T09:50,COMPLETA,13062.0573,1096.9923076923076,32.5,856.0,2623.5,9,0.495,13,0,2,309,1718,1000.4676375404531,2.0
20264,1.0,348,2026-08-03T10:00,COMPLETA,14447.5839,1117.1307692307694,237.0,676.0,2278.2,8,0.5568181818181818,13,0,1,309,1718,1000.4676375404531,2.0
20264,1.0,349,2026-08-03T10:10,COMPLETA,13642.3833,939.8333333333334,4.5,970.0,3015.0,10,0.5083333333333333,15,0,0,312,1732,1004.9961538461538,2.0
20264,1.0,350,2026-08-03T10:20,COMPLETA,13928.7188,896.25,4.5,943.0,2974.5,10,0.5375,16,0,1,313,1737,1007.3108626198083,2.0
20264,1.0,351,2026-08-03T10:30,COMPLETA,15801.5744,973.9933333333333,4.5,1022.0,3049.2,10,0.5089285714285714,15,0,0,314,1741,1010.5181528662421,2.0
20264,1.0,352,2026-08-03T10:40,COMPLETA,15640.5281,973.9933333333333,4.5,1022.0,3049.2,10,0.5089285714285714,15,0,1,316,1751,1006.0534810126583,2.0
20264,1.0,353,2026-08-03T10:50,COMPLETA,16313.3541,907.00625,13.5,1118.0,3282.3,11,0.521551724137931,16,0,2,316,1751,1006.0534810126583,2.0
20264,1.0,354,2026-08-03T11:00,COMPLETA,17941.6242,989.1666666666666,13.5,900.0,2793.0,9,0.5612244897959183,15,0,1,318,1764,1004.0830188679246,2.0
20264,1.0,355,2026-08-03T11:10,COMPLETA,22735.2375,1056.1666666666667,13.5,836.0,2754.0,9,0.5370370370370371,15,0,0,320,1780,1003.0981250000001,2.0
20264,1.0,356,2026-08-03T11:20,COMPLETA,22488.9507,1088.25,13.5,919.0,2818.5,8,0.640625,16,0,0,321,1784,1006.3470404984424,2.0
20264,1.0,357,2026-08-03T11:30,COMPLETA,24216.3183,1154.3470588235296,13.5,891.0,2750.7,9,0.63,17,0,2,324,1806,1003.9120370370371,2.0
20264,1.0,358,2026-08-03T11:40,COMPLETA,27858.5157,1215.0294117647059,13.5,1112.0,3168.0,10,0.5041666666666667,17,0,1,324,1806,1003.9120370370371,2.0
20264,1.0,359,2026-08-03T11:50,COMPLETA,30216.1319,1246.861111111111,81.5,1051.0,3222.9,11,0.5043103448275862,18,0,1,324,1806,1003.9120370370371,2.0
20264,1.0,360,2026-08-03T12:00,COMPLETA,34581.0681,1169.9736842105262,60.5,1090.0,3338.4,11,0.5443548387096774,19,0,2,325,1809,1007.1006153846154,2.0
20264,1.0,361,2026-08-03T12:10,COMPLETA,31285.6095,1182.2894736842106,156.5,1041.0,3444.9,10,0.6517857142857143,19,0,0,327,1814,1010.0688073394497,2.0
20264,1.0,362,2026-08-03T12:20,COMPLETA,35715.1672,1132.225,173.5,1070.0,3488.4,10,0.6964285714285714,20,0,1,328,1821,1007.3810975609758,2.0
20264,1.0,363,2026-08-03T12:30,COMPLETA,36685.2908,1137.9095238095238,57.5,1325.0,3998.3,10,0.7455357142857143,21,0,1,329,1828,1009.9103343465048,2.0
20264,1.0,364,2026-08-03T12:40,COMPLETA,40427.7627,1189.5,159.5,1281.0,3961.5,10,0.6791666666666667,20,0,0,329,1828,1009.9103343465048,2.0
20264,1.0,365,2026-08-03T12:50,COMPLETA,34129.7182,1139.0238095238096,8.0,1024.0,3336.0,9,0.7962962962962963,21,0,0,330,1829,1009.8015151515153,2.0
20264,1.0,366,2026-08-03T13:00,COMPLETA,34138.9512,1139.0238095238096,8.0,1024.0,3336.0,9,0.7962962962962963,21,0,0,332,1845,1010.0256024096387,2.0
20264,1.0,367,2026-08-03T13:10,COMPLETA,33777.9917,1139.0238095238096,8.0,1024.0,3336.0,9,0.7962962962962963,21,0,0,333,1849,1008.7372372372374,2.0
20264,1.0,368,2026-08-03T13:20,COMPLETA,35473.2525,1096.2818181818182,46.0,1373.0,4556.7,12,0.69140625,22,0,0,336,1868,1010.6113095238097,2.0
20264,1.0,369,2026-08-03T13:30,COMPLETA,35058.0934,1096.2818181818182,46.0,1373.0,4556.7,12,0.69140625,22,0,0,337,1876,1007.7151335311574,2.0
20264,1.0,370,2026-08-03T13:40,COMPLETA,35394.3923,1054.017391304348,23.0,1204.0,4002.0,11,0.7419354838709677,23,0,0,339,1882,1004.67994100295,2.0
20264,1.0,371,2026-08-03T13:50,COMPLETA,35621.1604,1054.017391304348,23.0,1204.0,4002.0,11,0.7419354838709677,23,0,0,340,1891,1002.5147058823532,2.0
20264,1.0,372,2026-08-03T14:00,COMPLETA,35992.488,1054.017391304348,23.0,1204.0,4002.0,11,0.7419354838709677,23,0,0,343,1907,998.2696793002917,2.0
20264,1.0,373,2026-08-03T14:10,COMPLETA,38238.1592,1038.1166666666666,14.0,1538.0,4920.5,14,0.7095588235294118,24,0,0,344,1911,995.7677325581396,2.0
20264,1.0,374,2026-08-03T14:20,COMPLETA,38321.1982,1019.5239999999999,29.8,1712.0,5706.2,16,0.6770833333333334,25,0,0,345,1912,998.6698550724639,2.0
20264,1.0,375,2026-08-03T14:30,COMPLETA,38211.648,1019.5239999999999,29.8,1712.0,5706.2,16,0.6770833333333334,25,0,0,345,1912,998.6698550724639,2.0
20264,1.0,376,2026-08-03T14:40,COMPLETA,34491.9589,1058.4730769230769,29.8,1420.0,5058.3,14,0.7463235294117647,26,0,0,345,1912,998.6698550724639,2.0
20264,1.0,377,2026-08-03T14:50,COMPLETA,41085.7394,1116.725,29.8,1568.0,5555.7,15,0.7892857142857143,28,0,0,345,1912,998.6698550724639,2.0
20264,1.0,378,2026-08-03T15:00,COMPLETA,37487.4104,1104.9275862068966,29.8,1662.0,5861.7,16,0.7847222222222222,29,0,14,346,1917,996.442485549133,2.0
20264,1.0,379,2026-08-03T15:10,COMPLETA,2143.1987,933.925,163.5,153.0,688.2,3,0.5357142857142857,4,0,2,346,1917,996.442485549133,2.0
20264,1.0,380,2026-08-03T15:20,COMPLETA,2088.3157,622.8,141.8,159.0,743.1,3,0.575,4,0,2,346,1917,996.442485549133,2.0
20264,1.0,381,2026-08-03T15:30,COMPLETA,2028.4162,741.5,352.5,151.0,526.5,2,0.5208333333333334,3,0,0,346,1917,996.442485549133,2.0
20264,1.0,382,2026-08-03T15:40,COMPLETA,2015.028,741.5,352.5,151.0,526.5,2,0.5208333333333334,3,0,0,346,1917,996.442485549133,2.0
20264,1.0,383,2026-08-03T15:50,COMPLETA,2198.8563,892.8166666666667,352.5,197.0,1061.7,5,0.4583333333333333,6,0,3,346,1917,996.442485549133,2.0
20264,1.0,384,2026-08-03T16:00,COMPLETA,2525.489,1112.4,166.5,227.0,882.0,3,0.5138888888888888,5,0,0,346,1917,996.442485549133,2.0
20264,1.0,385,2026-08-03T16:10,COMPLETA,3937.1491,992.3333333333334,232.5,356.0,1195.5,4,0.4583333333333333,6,0,0,346,1917,996.442485549133,2.0
20264,1.0,386,2026-08-03T16:20,COMPLETA,2894.7109,992.3333333333334,232.5,356.0,1195.5,4,0.4583333333333333,6,0,0,346,1917,996.442485549133,2.0
20264,1.0,387,2026-08-03T16:30,COMPLETA,3002.8328,992.3333333333334,232.5,356.0,1195.5,4,0.4583333333333333,6,0,0,347,1927,999.5089337175793,2.0
20264,1.0,388,2026-08-03T16:40,COMPLETA,2991.2337,992.3333333333334,232.5,356.0,1195.5,4,0.4583333333333333,6,0,0,348,1929,998.2919540229886,2.0
20264,1.0,389,2026-08-03T16:50,COMPLETA,2840.8876,834.7857142857143,8.0,367.0,1270.5,5,0.44166666666666665,7,0,0,349,1934,995.5169054441261,2.0
20264,1.0,390,2026-08-03T17:00,COMPLETA,3580.9645,902.0,8.0,393.0,1309.5,4,0.6458333333333334,8,0,0,350,1935,993.0777142857144,2.0
20264,1.0,391,2026-08-03T17:10,COMPLETA,3603.4616,902.0,8.0,393.0,1309.5,4,0.6458333333333334,8,0,0,352,1951,998.2988636363636,2.0
20264,1.0,392,2026-08-03T17:20,COMPLETA,3545.5458,902.0,8.0,393.0,1309.5,4,0.6458333333333334,8,0,0,353,1966,996.2838526912182,2.0
20264,1.0,393,2026-08-03T17:30,COMPLETA,3901.7127,816.9444444444445,8.0,508.0,1662.0,6,0.4652777777777778,9,0,0,353,1966,996.2838526912182,2.0
20264,1.0,394,2026-08-03T17:40,COMPLETA,3876.6814,816.9444444444445,8.0,508.0,1662.0,6,0.4652777777777778,9,0,0,354,1976,998.5372881355933,2.0
20264,1.0,395,2026-08-03T17:50,COMPLETA,5395.7045,857.5363636363636,8.0,607.0,2127.9,8,0.45,11,0,1,358,2001,1001.1874301675979,2.0
20264,1.0,396,2026-08-03T18:00,COMPLETA,4795.2872,876.4454545454545,8.0,493.0,1911.9,8,0.45454545454545453,11,0,0,361,2007,995.8058171745153,2.0
20264,1.0,397,2026-08-03T18:10,COMPLETA,4760.4113,876.4454545454545,8.0,493.0,1911.9,8,0.45454545454545453,11,0,1,362,2013,997.5356353591161,2.0
20264,1.0,398,2026-08-03T18:20,COMPLETA,7655.3788,980.092857142857,33.0,658.0,2554.8,11,0.41,14,0,4,364,2025,1001.192032967033,2.0
20264,1.0,399,2026-08-03T18:30,COMPLETA,3786.0343,769.6,33.0,508.0,1842.0,7,0.44047619047619047,10,0,0,365,2032,998.9701369863014,2.0
20264,1.0,400,2026-08-03T18:40,COMPLETA,3856.7418,769.6,33.0,508.0,1842.0,7,0.44047619047619047,10,0,0,365,2032,998.9701369863014,2.0
20264,1.0,401,2026-08-03T18:50,COMPLETA,3688.1993,769.6,33.0,508.0,1842.0,7,0.44047619047619047,10,0,0,365,2032,998.9701369863014,2.0
20264,1.0,402,2026-08-03T19:00,COMPLETA,3895.5257,724.5454545454545,33.0,420.0,1650.0,6,0.5486111111111112,11,0,0,367,2046,996.1051771117167,2.0
20264,1.0,403,2026-08-03T19:10,COMPLETA,3866.8571,724.5454545454545,33.0,420.0,1650.0,6,0.5486111111111112,11,0,0,369,2066,995.7644986449866,2.0
20264,1.0,404,2026-08-03T19:20,COMPLETA,5711.8931,808.2083333333334,27.0,580.0,2070.0,7,0.5119047619047619,12,0,0,370,2073,997.2421621621622,2.0
20264,1.0,405,2026-08-03T19:30,COMPLETA,10426.8846,888.4357142857143,43.5,477.0,2025.9,7,0.631578947368421,14,0,0,370,2073,997.2421621621622,2.0
20264,1.0,406,2026-08-03T19:40,COMPLETA,10628.1749,888.4357142857143,43.5,477.0,2025.9,7,0.631578947368421,14,0,0,372,2082,1001.358064516129,2.0
20264,1.0,407,2026-08-03T19:50,COMPLETA,13968.2739,928.1999999999999,27.5,819.0,2949.3,12,0.4125,16,0,0,374,2094,997.0393048128343,2.0
20264,1.0,408,2026-08-03T20:00,COMPLETA,17633.4242,912.8555555555554,27.5,1033.0,3549.0,14,0.3897058823529412,18,0,3,374,2094,997.0393048128343,2.0
20264,1.0,409,2026-08-03T20:10,COMPLETA,15499.8231,949.5,27.0,808.0,2963.1,11,0.46120689655172414,16,0,1,376,2100,997.4481382978724,2.0
20264,1.0,410,2026-08-03T20:20,COMPLETA,11399.6074,882.5400000000001,27.5,678.0,2533.2,9,0.525,15,0,0,376,2104,997.4481382978724,2.0
20264,1.0,411,2026-08-03T20:30,COMPLETA,13620.905,841.975,27.5,675.0,2408.7,8,0.6363636363636364,16,0,0,376,2104,997.4481382978724,2.0
20264,1.0,412,2026-08-03T20:40,COMPLETA,16097.3966,886.4470588235295,27.5,801.0,2717.7,9,0.59,17,0,0,379,2129,997.3535620052772,2.0
20264,1.0,413,2026-08-03T20:50,COMPLETA,20889.5338,878.9,27.0,1031.0,3542.7,11,0.532258064516129,19,0,1,381,2138,998.4419947506564,2.0
20264,1.0,414,2026-08-03T21:00,COMPLETA,19478.4504,916.6444444444444,27.0,912.0,3076.8,10,0.5669642857142857,18,0,1,382,2144,1000.06387434555,2.0
20264,1.0,415,2026-08-03T21:10,COMPLETA,18905.5315,837.9333333333333,27.0,962.0,3197.4,11,0.5080645161290323,18,0,1,383,2148,1002.1146214099219,2.0
20264,1.0,416,2026-08-03T21:20,COMPLETA,17194.9284,877.5,27.0,775.0,2842.5,9,0.5555555555555556,17,0,0,384,2157,1000.9098958333335,2.0
20264,1.0,417,2026-08-03T21:30,COMPLETA,17350.6765,877.5,27.0,775.0,2842.5,9,0.5555555555555556,17,0,0,385,2158,999.285194805195,2.0
20264,1.0,418,2026-08-03T21:40,COMPLETA,16950.952,884.2058823529412,27.5,862.0,3093.0,10,0.5,17,0,0,385,2158,999.285194805195,2.0
20264,1.0,419,2026-08-03T21:50,COMPLETA,18511.7835,875.6111111111111,27.0,841.0,2941.5,10,0.525,18,0,0,385,2158,999.285194805195,2.0
20264,1.0,420,2026-08-03T22:00,COMPLETA,24315.1187,878.7,27.0,1025.0,3397.5,10,0.5666666666666667,20,0,0,385,2158,999.285194805195,2.0
20264,1.0,421,2026-08-03T22:10,COMPLETA,23274.5469,878.7,27.0,1025.0,3397.5,10,0.5666666666666667,20,0,0,386,2159,996.9870466321247,2.0
20264,1.0,422,2026-08-03T22:20,COMPLETA,20723.9065,896.0523809523809,27.5,1098.0,3883.5,12,0.56640625,21,0,0,388,2166,994.474226804124,2.0
20264,1.0,423,2026-08-03T22:30,COMPLETA,21215.7237,913.9739130434783,21.0,1267.0,4287.6,13,0.5984848484848485,23,0,0,389,2172,992.3079691516713,2.0
20264,1.0,424,2026-08-03T22:40,COMPLETA,22682.6729,875.3791666666666,27.5,1157.0,4092.0,12,0.62109375,24,0,0,390,2179,994.7856410256412,2.0
20264,1.0,425,2026-08-03T22:50,COMPLETA,22604.3711,875.3791666666666,27.5,1157.0,4092.0,12,0.62109375,24,0,0,390,2179,994.7856410256412,2.0
20264,1.0,426,2026-08-03T23:00,COMPLETA,23653.3739,856.312,27.5,1176.0,4160.1,13,0.6325757575757576,25,0,12,391,2181,997.2884910485936,2.0
20264,1.0,427,2026-08-03T23:10,COMPLETA,1664.0607,58.55,48.6,147.0,501.0,2,0.46875,2,0,1,391,2181,997.2884910485936,2.0
20264,1.0,428,2026-08-03T23:20,COMPLETA,1755.6333,70.15,68.5,169.0,553.8,2,0.3125,2,0,1,391,2181,997.2884910485936,2.0
20264,1.0,429,2026-08-03T23:30,COMPLETA,2348.6142,494.5,8.0,366.0,1229.4,4,0.578125,4,0,2,391,2181,997.2884910485936,2.0
20264,1.0,430,2026-08-03T23:40,COMPLETA,2163.1273,656.6666666666666,68.5,210.0,615.0,2,0.5625,3,0,0,391,2181,997.2884910485936,2.0
20264,1.0,431,2026-08-03T23:50,COMPLETA,2185.0621,656.6666666666666,68.5,210.0,615.0,2,0.5625,3,0,0,391,2181,997.2884910485936,2.0
20264,1.0,432,2026-08-04T00:00,COMPLETA,2550.9255,885.125,68.5,307.0,880.5,3,0.4444444444444444,4,0,0,391,2181,997.2884910485936,2.0
20264,1.0,433,2026-08-04T00:10,COMPLETA,2540.0691,885.125,68.5,307.0,880.5,3,0.4444444444444444,4,0,0,391,2181,997.2884910485936,2.0
20264,1.0,434,2026-08-04T00:20,COMPLETA,4190.7575,925.1875,74.5,461.0,1671.0,5,0.53,8,0,1,392,2189,999.5033163265309,2.0
20264,1.0,435,2026-08-04T00:30,COMPLETA,3972.0464,781.2142857142857,74.5,433.0,1319.0,4,0.5416666666666666,7,0,0,394,2199,996.0794416243657,2.0
20264,1.0,436,2026-08-04T00:40,COMPLETA,3951.5754,781.2142857142857,74.5,433.0,1319.0,4,0.5416666666666666,7,0,0,394,2199,996.0794416243657,2.0
20264,1.0,437,2026-08-04T00:50,COMPLETA,3907.0717,781.2142857142857,74.5,433.0,1319.0,4,0.5416666666666666,7,0,0,395,2203,998.5805063291142,2.0
20264,1.0,438,2026-08-04T01:00,COMPLETA,6272.2225,824.2111111111111,68.5,615.0,1788.2,6,0.5078125,9,0,1,397,2209,997.8904282115872,2.0
20264,1.0,439,2026-08-04T01:10,COMPLETA,5008.2875,871.4375,66.5,514.0,1632.5,5,0.5166666666666667,8,0,0,397,2209,997.8904282115872,2.0
20264,1.0,440,2026-08-04T01:20,COMPLETA,7043.766,786.9,74.5,594.0,2156.0,8,0.4114583333333333,10,0,0,397,2209,997.8904282115872,2.0
20264,1.0,441,2026-08-04T01:30,COMPLETA,7068.2724,671.5,8.0,555.0,1852.5,7,0.5297619047619048,11,0,0,400,2230,992.3315000000002,2.0
20264,1.0,442,2026-08-04T01:40,COMPLETA,11273.6283,683.0416666666666,8.0,647.0,2110.5,8,0.515625,12,0,0,400,2230,992.3315000000002,2.0
20264,1.0,443,2026-08-04T01:50,COMPLETA,10586.0551,612.3214285714286,1.0,846.0,2879.0,10,0.4909090909090909,14,0,1,403,2254,995.0660049627794,2.0
20264,1.0,444,2026-08-04T02:00,COMPLETA,10124.7623,534.82,1.0,780.0,2931.4,11,0.4717741935483871,15,0,2,403,2254,995.0660049627794,2.0
20264,1.0,445,2026-08-04T02:10,COMPLETA,9792.3972,605.7307692307693,1.0,753.0,2598.5,9,0.49074074074074076,13,0,0,405,2263,990.4479012345681,2.0
20264,1.0,446,2026-08-04T02:20,COMPLETA,13502.0364,576.6214285714285,1.0,891.0,2966.3,10,0.5480769230769231,14,0,1,407,2281,988.5341523341525,2.0
20264,1.0,447,2026-08-04T02:30,COMPLETA,16522.9105,600.6928571428572,1.0,899.0,2986.4,11,0.45161290322580644,14,0,0,407,2281,988.5341523341525,2.0
20264,1.0,448,2026-08-04T02:40,COMPLETA,16481.4225,600.6928571428572,1.0,899.0,2986.4,11,0.45161290322580644,14,0,1,409,2285,989.5765281173597,2.0
20264,1.0,449,2026-08-04T02:50,COMPLETA,15596.4232,605.1538461538462,1.0,845.0,2768.5,9,0.48148148148148145,13,0,0,410,2292,987.9958536585368,2.0
20264,1.0,450,2026-08-04T03:00,COMPLETA,18774.4593,714.4214285714286,1.0,881.0,2884.7,10,0.47767857142857145,14,0,1,410,2292,987.9958536585368,2.0
20264,1.0,451,2026-08-04T03:10,COMPLETA,15268.6197,583.1071428571429,1.0,901.0,2759.0,10,0.4666666666666667,14,0,0,410,2292,987.9958536585368,2.0
20264,1.0,452,2026-08-04T03:20,COMPLETA,18941.2065,685.4875000000001,1.0,862.0,2822.9,11,0.49137931034482757,16,0,2,413,2315,985.4220338983054,2.0
20264,1.0,453,2026-08-04T03:30,COMPLETA,15088.6107,582.4642857142857,1.0,830.0,2592.5,9,0.5185185185185185,14,0,2,415,2329,983.9380722891569,2.0
20264,1.0,454,2026-08-04T03:40,COMPLETA,8536.9203,696.5454545454545,14.5,616.0,2025.5,6,0.6180555555555556,11,0,0,416,2336,981.8072115384618,2.0
20264,1.0,455,2026-08-04T03:50,COMPLETA,8562.2146,696.5454545454545,14.5,616.0,2025.5,6,0.6180555555555556,11,0,0,417,2340,979.7616306954438,2.0
20264,1.0,456,2026-08-04T04:00,COMPLETA,21268.6633,778.0769230769231,16.0,794.0,2537.9,9,0.505,13,0,2,418,2349,980.36028708134,2.0
20264,1.0,457,2026-08-04T04:10,COMPLETA,17058.3206,638.1153846153846,16.0,788.0,2537.0,7,0.6369047619047619,13,0,0,419,2353,979.4023866348451,2.0
20264,1.0,458,2026-08-04T04:20,COMPLETA,17007.8426,638.1153846153846,16.0,788.0,2537.0,7,0.6369047619047619,13,0,0,419,2353,979.4023866348451,2.0
20264,1.0,459,2026-08-04T04:30,COMPLETA,28256.3107,705.64,45.5,891.0,2781.8,9,0.58,15,0,1,420,2361,981.0085714285716,2.0
20264,1.0,460,2026-08-04T04:40,COMPLETA,33864.8503,797.7933333333333,3.5,1083.0,3445.7,10,0.5178571428571429,15,0,1,422,2368,982.7007109004741,2.0
20264,1.0,461,2026-08-04T04:50,COMPLETA,30434.8375,708.9333333333333,56.5,818.0,2756.0,8,0.6302083333333334,15,0,0,424,2377,984.4660377358492,2.0
20264,1.0,462,2026-08-04T05:00,COMPLETA,35822.8941,793.53125,19.0,985.0,3332.9,11,0.5201612903225806,16,0,0,426,2392,981.11103286385,2.0
20264,1.0,463,2026-08-04T05:10,COMPLETA,45514.4347,768.8947368421053,6.5,1176.0,3651.5,11,0.5967741935483871,19,0,1,426,2392,981.11103286385,2.0
20264,1.0,464,2026-08-04T05:20,COMPLETA,39270.627,809.4166666666666,74.5,906.0,3128.0,9,0.6666666666666666,18,0,0,426,2392,981.11103286385,2.0
20264,1.0,465,2026-08-04T05:30,COMPLETA,46559.0098,773.7842105263159,17.0,1136.0,3999.0,13,0.5568181818181818,19,0,0,427,2402,978.8320843091337,2.0
20264,1.0,466,2026-08-04T05:40,COMPLETA,46310.0495,743.37,22.0,1179.0,4710.4,13,0.5643939393939394,20,0,1,428,2403,981.2581775700937,2.0
20264,1.0,467,2026-08-04T05:50,COMPLETA,50252.3467,794.7380952380952,25.0,1059.0,3664.5,12,0.640625,21,0,0,430,2412,981.458139534884,1.0
20264,1.0,468,2026-08-04T06:00,COMPLETA,56865.3979,770.7863636363636,34.0,1373.0,5021.4,17,0.5641891891891891,22,0,0,430,2412,981.458139534884,1.0
20264,1.0,469,2026-08-04T06:10,COMPLETA,48639.2192,763.2040000000001,19.0,1463.0,5374.2,19,0.5897435897435898,25,0,0,430,2412,981.458139534884,1.0
20264,1.0,470,2026-08-04T06:20,COMPLETA,48733.3852,763.2040000000001,19.0,1463.0,5374.2,19,0.5897435897435898,25,0,0,430,2412,981.458139534884,1.0
20264,1.0,471,2026-08-04T06:30,COMPLETA,57777.1231,798.4076923076924,22.0,1375.0,5185.7,18,0.625,26,0,0,430,2412,981.458139534884,1.0
20264,1.0,472,2026-08-04T06:40,COMPLETA,54122.3114,767.2250000000001,10.6,1798.0,6949.9,22,0.6101190476190477,28,0,0,430,2412,981.458139534884,1.0
20264,1.0,473,2026-08-04T06:50,COMPLETA,65518.3518,842.0400000000001,9.5,1449.0,5792.5,19,0.6955128205128205,30,0,0,435,2432,977.8781609195405,1.0
20264,1.0,474,2026-08-04T07:00,COMPLETA,65417.3854,787.5875,7.0,1854.0,6989.3,23,0.6802325581395349,32,0,20,435,2432,977.8781609195405,1.0
20264,1.0,475,2026-08-04T07:10,COMPLETA,2523.7713,646.5333333333333,3.6,345.0,1223.7,4,0.640625,6,0,2,435,2432,977.8781609195405,1.0
20264,1.0,476,2026-08-04T07:20,COMPLETA,2226.2297,715.4,3.6,215.0,750.9,2,0.90625,4,0,1,435,2432,977.8781609195405,1.0
20264,1.0,477,2026-08-04T07:30,COMPLETA,2241.982,790.75,305.0,183.0,788.5,2,0.8571428571428571,4,0,1,435,2432,977.8781609195405,1.0
20264,1.0,478,2026-08-04T07:40,COMPLETA,3148.697,1119.0833333333333,183.5,291.0,1146.9,4,0.5,6,0,0,435,2432,977.8781609195405,1.0
20264,1.0,479,2026-08-04T07:50,COMPLETA,3195.0472,1005.0857142857143,183.5,306.0,1252.8,5,0.5,7,0,2,435,2432,977.8781609195405,1.0
20264,1.0,480,2026-08-04T08:00,COMPLETA,2741.4569,909.3,66.5,317.0,1015.5,3,0.5138888888888888,5,0,0,435,2432,977.8781609195405,1.0
20264,1.0,481,2026-08-04T08:10,COMPLETA,2765.9557,909.3,66.5,317.0,1015.5,3,0.5138888888888888,5,0,0,435,2432,977.8781609195405,1.0
20264,1.0,482,2026-08-04T08:20,COMPLETA,2790.6202,798.0833333333334,92.0,279.0,1137.5,4,0.5263157894736842,6,0,1,437,2448,974.1778032036616,1.0
20264,1.0,483,2026-08-04T08:30,COMPLETA,4001.4848,1052.0833333333333,183.5,235.0,892.5,3,0.625,6,0,0,437,2448,974.1778032036616,1.0
20264,1.0,484,2026-08-04T08:40,COMPLETA,4142.7945,907.8571428571429,122.0,371.0,1276.5,4,0.5625,7,0,0,437,2449,974.1778032036616,1.0
20264,1.0,485,2026-08-04T08:50,COMPLETA,4203.3774,836.5125,131.0,380.0,1380.6,5,0.5288461538461539,8,0,0,438,2458,972.6687214611875,1.0
20264,1.0,486,2026-08-04T09:00,COMPLETA,4139.0854,836.5125,131.0,380.0,1380.6,5,0.5288461538461539,8,0,0,441,2479,966.3970521541953,1.0
20264,1.0,487,2026-08-04T09:10,COMPLETA,5528.8569,965.4111111111112,107.0,412.0,1588.2,6,0.5,9,0,0,443,2485,968.6796839729124,1.0
20264,1.0,488,2026-08-04T09:20,COMPLETA,10706.881,1061.19,122.0,447.0,1789.5,7,0.475,10,0,0,446,2506,967.3636771300452,1.0
20264,1.0,489,2026-08-04T09:30,COMPLETA,11206.6774,976.1909090909091,17.0,505.0,2067.3,9,0.39880952380952384,11,0,1,449,2524,963.6062360801784,1.0
20264,1.0,490,2026-08-04T09:40,COMPLETA,5850.4816,868.03,17.0,485.0,1746.9,7,0.4852941176470588,10,0,0,450,2533,961.4804444444447,1.0
20264,1.0,491,2026-08-04T09:50,COMPLETA,7813.5956,815.9,17.0,498.0,1860.6,8,0.4722222222222222,11,0,0,450,2533,961.4804444444447,1.0
20264,1.0,492,2026-08-04T10:00,COMPLETA,12116.4262,917.3166666666666,17.0,577.0,2200.5,10,0.4034090909090909,12,0,1,452,2547,965.5141592920357,1.0
20264,1.0,493,2026-08-04T10:10,COMPLETA,9246.4038,980.4545454545455,17.0,480.0,1784.4,8,0.4861111111111111,11,0,0,454,2558,965.8061674008813,1.0
20264,1.0,494,2026-08-04T10:20,COMPLETA,9222.3551,980.4545454545455,17.0,480.0,1784.4,8,0.4861111111111111,11,0,1,456,2566,966.2883771929827,1.0
20264,1.0,495,2026-08-04T10:30,COMPLETA,5338.159,879.7,17.0,443.0,1640.1,7,0.5073529411764706,10,0,0,456,2566,966.2883771929827,1.0
20264,1.0,496,2026-08-04T10:40,COMPLETA,19914.9437,883.2466666666668,17.0,680.0,2490.2,11,0.49444444444444446,15,0,1,457,2575,964.2253829321666,1.0
20264,1.0,497,2026-08-04T10:50,COMPLETA,24802.8564,981.5733333333335,17.0,723.0,2598.9,12,0.42788461538461536,15,0,4,458,2578,962.3209606986902,1.0
20264,1.0,498,2026-08-04T11:00,COMPLETA,12253.5217,988.3545454545455,17.0,516.0,1828.2,7,0.5328947368421053,11,0,1,459,2593,960.4901960784316,1.0
20264,1.0,499,2026-08-04T11:10,COMPLETA,6901.1653,854.1,17.0,596.0,1914.0,7,0.4642857142857143,10,0,0,460,2605,958.4100000000002,1.0
20264,1.0,500,2026-08-04T11:20,COMPLETA,10957.3962,844.6818181818181,17.0,525.0,1807.5,6,0.5763888888888888,11,0,0,462,2619,955.6766233766235,1.0
20264,1.0,501,2026-08-04T11:30,COMPLETA,12562.7743,791.0416666666666,17.0,592.0,1968.0,6,0.6388888888888888,12,0,0,463,2624,957.6924406047518,1.0
20264,1.0,502,2026-08-04T11:40,COMPLETA,19266.0943,867.8461538461538,42.5,634.0,2211.0,7,0.5833333333333334,13,0,1,463,2624,957.6924406047518,1.0
20264,1.0,503,2026-08-04T11:50,COMPLETA,22571.707,926.5714285714286,17.0,546.0,2019.0,6,0.7083333333333334,14,0,0,464,2625,956.2831896551726,1.0
20264,1.0,504,2026-08-04T12:00,COMPLETA,22549.927,926.5714285714286,17.0,546.0,2019.0,6,0.7083333333333334,14,0,0,467,2635,960.0839400428267,1.0
20264,1.0,505,2026-08-04T12:10,COMPLETA,26827.9695,873.03125,155.0,728.0,2592.0,9,0.5370370370370371,16,0,0,468,2638,959.3743589743591,1.0
20264,1.0,506,2026-08-04T12:20,COMPLETA,25892.486,873.03125,155.0,728.0,2592.0,9,0.5370370370370371,16,0,0,469,2644,957.6155650319831,1.0
20264,1.0,507,2026-08-04T12:30,COMPLETA,29391.0994,916.0294117647059,107.0,730.0,2535.0,8,0.6354166666666666,17,0,0,470,2648,959.2195744680853,1.0
20264,1.0,508,2026-08-04T12:40,COMPLETA,30030.1846,979.6944444444445,65.0,850.0,2775.0,9,0.5879629629629629,18,0,1,471,2650,957.8467091295117,1.0
20264,1.0,509,2026-08-04T12:50,COMPLETA,27883.4843,933.4411764705883,42.5,750.0,2685.0,8,0.6197916666666666,17,0,0,473,2655,960.1298097251587,1.0
20264,1.0,510,2026-08-04T13:00,COMPLETA,33317.9755,992.8333333333334,17.0,771.0,2776.5,9,0.5925925925925926,18,0,0,476,2666,963.2411764705885,1.0
20264,1.0,511,2026-08-04T13:10,COMPLETA,32451.8641,1027.5526315789473,17.0,1020.0,3390.0,9,0.6388888888888888,19,0,0,476,2666,963.2411764705885,1.0
20264,1.0,512,2026-08-04T13:20,COMPLETA,41325.2644,1060.895,16.4,1245.0,4071.9,12,0.56640625,20,0,0,476,2668,963.2411764705885,1.0
20264,1.0,513,2026-08-04T13:30,COMPLETA,45465.8774,1029.1727272727273,16.4,1355.0,4722.0,14,0.5919117647058824,22,0,0,477,2676,964.1683438155138,1.0
20264,1.0,514,2026-08-04T13:40,COMPLETA,48184.9765,953.2208333333334,16.4,1135.0,4309.5,14,0.6397058823529411,24,0,2,477,2676,964.1683438155138,1.0
20264,1.0,515,2026-08-04T13:50,COMPLETA,38658.0545,991.317391304348,16.4,1168.0,4188.6,12,0.6666666666666666,23,0,0,478,2684,962.8792887029291,1.0
20264,1.0,516,2026-08-04T14:00,COMPLETA,38237.5038,991.317391304348,16.4,1168.0,4188.6,12,0.6666666666666666,23,0,0,478,2684,962.8792887029291,1.0
20264,1.0,517,2026-08-04T14:10,COMPLETA,43392.2502,961.1583333333334,16.4,1253.0,4548.3,14,0.5919117647058824,24,0,0,479,2689,963.6509394572028,1.0
20264,1.0,518,2026-08-04T14:20,COMPLETA,44950.0072,967.8384615384616,16.4,1441.0,5017.1,14,0.667910447761194,26,0,0,480,2697,965.4256250000002,1.0
20264,1.0,519,2026-08-04T14:30,COMPLETA,49935.3578,928.6607142857143,2.0,1459.0,5266.2,16,0.6388888888888888,28,0,0,480,2697,965.4256250000002,1.0
20264,1.0,520,2026-08-04T14:40,COMPLETA,50150.0511,928.6607142857143,2.0,1459.0,5266.2,16,0.6388888888888888,28,0,0,480,2697,965.4256250000002,1.0
20264,1.0,521,2026-08-04T14:50,COMPLETA,48452.5542,918.2137931034483,16.4,1461.0,5441.6,17,0.636986301369863,29,0,0,480,2701,965.4256250000002,1.0
20264,1.0,522,2026-08-04T15:00,COMPLETA,48039.9297,918.2137931034483,16.4,1461.0,5441.6,17,0.636986301369863,29,0,16,482,2721,963.0338174273861,1.0
20264,1.0,523,2026-08-04T15:10,COMPLETA,2261.0509,822.3333333333334,233.0,164.0,546.0,2,0.3541666666666667,3,0,1,482,2721,963.0338174273861,1.0
20264,1.0,524,2026-08-04T15:20,COMPLETA,2232.166,862.8000000000001,233.0,160.0,583.2,2,0.59375,3,0,1,482,2721,963.0338174273861,1.0
20264,1.0,525,2026-08-04T15:30,COMPLETA,2006.3437,273.5,233.0,112.0,348.0,1,0.6666666666666666,2,0,0,482,2721,963.0338174273861,1.0
20264,1.0,526,2026-08-04T15:40,COMPLETA,2152.9306,189.26666666666665,20.8,195.0,667.2,2,0.65625,3,0,1,482,2721,963.0338174273861,1.0
20264,1.0,527,2026-08-04T15:50,COMPLETA,2138.407,273.5,233.0,112.0,348.0,1,0.6666666666666666,2,0,0,482,2721,963.0338174273861,1.0
20264,1.0,528,2026-08-04T16:00,COMPLETA,2402.7805,258.375,121.5,318.0,897.0,3,0.4027777777777778,4,0,0,482,2721,963.0338174273861,1.0
20264,1.0,529,2026-08-04T16:10,COMPLETA,2425.9432,218.58,59.4,348.0,1089.0,4,0.4375,5,0,0,483,2729,964.9674948240167,1.0
20264,1.0,530,2026-08-04T16:20,COMPLETA,2488.7916,218.58,59.4,348.0,1089.0,4,0.4375,5,0,0,486,2745,965.9897119341566,1.0
20264,1.0,531,2026-08-04T16:30,COMPLETA,2901.9614,236.8166666666667,59.4,368.0,1179.0,4,0.5,6,0,0,486,2745,965.9897119341566,1.0
20264,1.0,532,2026-08-04T16:40,COMPLETA,2891.757,183.85714285714286,59.4,411.0,1398.6,5,0.48863636363636365,7,0,1,487,2751,967.921971252567,1.0
20264,1.0,533,2026-08-04T16:50,COMPLETA,3389.0371,454.375,59.4,549.0,1734.6,6,0.45535714285714285,8,0,1,489,2763,970.9049079754603,1.0
20264,1.0,534,2026-08-04T17:00,COMPLETA,3227.1849,427.0571428571429,59.4,496.0,1491.0,5,0.47115384615384615,7,0,0,489,2764,970.9049079754603,1.0
20264,1.0,535,2026-08-04T17:10,COMPLETA,4486.879,412.14,53.5,667.0,2082.6,8,0.40625,10,0,1,495,2794,964.8212121212124,1.0
20264,1.0,536,2026-08-04T17:20,COMPLETA,4140.3398,352.15555555555557,53.5,628.0,1869.0,7,0.4144736842105263,9,0,0,496,2797,966.991733870968,1.0
20264,1.0,537,2026-08-04T17:30,COMPLETA,5051.7559,498.34,59.4,854.0,2448.0,9,0.355,10,0,1,497,2798,965.6074446680084,1.0
20264,1.0,538,2026-08-04T17:40,COMPLETA,5839.6107,533.0,101.0,732.0,2181.0,8,0.38372093023255816,10,0,1,498,2808,963.9054216867472,1.0
20264,1.0,539,2026-08-04T17:50,COMPLETA,4309.0061,510.44444444444446,32.0,636.0,1854.0,6,0.4513888888888889,9,0,0,500,2828,964.8278000000003,1.0
20264,1.0,540,2026-08-04T18:00,COMPLETA,8455.0288,509.9083333333333,60.5,864.0,2571.0,10,0.375,12,0,2,500,2828,964.8278000000003,1.0
20264,1.0,541,2026-08-04T18:10,COMPLETA,4381.1861,481.46999999999997,53.5,709.0,2013.9,7,0.4473684210526316,10,0,0,500,2828,964.8278000000003,1.0
20264,1.0,542,2026-08-04T18:20,COMPLETA,4526.0844,405.18333333333334,26.5,777.0,2235.9,8,0.4772727272727273,12,0,0,500,2828,964.8278000000003,1.0
20264,1.0,543,2026-08-04T18:30,COMPLETA,8282.8152,427.9428571428571,26.5,894.0,2591.4,9,0.485,14,0,2,500,2828,964.8278000000003,1.0
20264,1.0,544,2026-08-04T18:40,COMPLETA,5211.1915,494.1818181818182,43.5,744.0,2136.0,7,0.4880952380952381,11,0,0,501,2833,964.1754491017966,1.0
20264,1.0,545,2026-08-04T18:50,COMPLETA,21048.2683,560.5769230769231,22.0,703.0,2194.5,8,0.4895833333333333,13,0,2,503,2842,961.4055666003978,1.0
20264,1.0,546,2026-08-04T19:00,COMPLETA,47450.4524,623.0,42.5,562.0,1995.6,7,0.5657894736842105,14,0,1,505,2849,959.6544554455448,1.0
20264,1.0,547,2026-08-04T19:10,COMPLETA,39460.0352,597.8461538461538,53.5,591.0,1979.1,6,0.65625,13,0,1,507,2857,957.8510848126235,1.0
20264,1.0,548,2026-08-04T19:20,COMPLETA,29757.8136,609.9166666666666,53.5,506.0,1779.0,5,0.6833333333333333,12,0,0,508,2862,956.0064960629924,1.0
20264,1.0,549,2026-08-04T19:30,COMPLETA,41652.216,613.2307692307693,22.0,614.0,2061.0,6,0.6111111111111112,13,0,0,509,2863,955.3326129666013,1.0
20264,1.0,550,2026-08-04T19:40,COMPLETA,49489.3555,590.25,53.5,674.0,2271.0,6,0.6666666666666666,14,0,0,509,2863,955.3326129666013,1.0
20264,1.0,551,2026-08-04T19:50,COMPLETA,59720.9223,551.65625,140.5,713.0,2389.5,7,0.6428571428571429,16,0,0,510,2871,956.8858823529414,1.0
20264,1.0,552,2026-08-04T20:00,COMPLETA,59535.1359,551.65625,140.5,713.0,2389.5,7,0.6428571428571429,16,0,0,514,2890,955.1760700389108,1.0
20264,1.0,553,2026-08-04T20:10,COMPLETA,57600.5617,551.65625,140.5,713.0,2389.5,7,0.6428571428571429,16,0,0,514,2890,955.1760700389108,1.0
20264,1.0,554,2026-08-04T20:20,COMPLETA,64288.4297,602.9736842105264,14.0,1021.0,3271.5,9,0.6111111111111112,19,0,0,515,2900,953.5689320388352,1.0
20264,1.0,555,2026-08-04T20:30,COMPLETA,68014.2938,573.8333333333334,38.0,1074.0,3411.0,10,0.625,21,0,1,517,2907,953.6063829787237,1.0
20264,1.0,556,2026-08-04T20:40,COMPLETA,77417.6378,629.7545454545455,26.0,1109.0,3711.8,11,0.6088709677419355,22,0,2,519,2917,951.583815028902,1.0
20264,1.0,557,2026-08-04T20:50,COMPLETA,79803.6479,580.1,86.0,1059.0,3328.5,9,0.6712962962962963,20,0,0,520,2920,949.8984615384618,1.0
20264,1.0,558,2026-08-04T21:00,COMPLETA,88499.097,584.0857142857143,128.0,1299.0,3891.9,11,0.5967741935483871,21,0,1,520,2920,949.8984615384618,1.0
20264,1.0,559,2026-08-04T21:10,COMPLETA,89323.8081,644.6818181818181,125.5,1127.0,3809.0,10,0.6625,22,0,0,520,2920,949.8984615384618,1.0
20264,1.0,560,2026-08-04T21:20,COMPLETA,89045.403,644.6818181818181,125.5,1127.0,3809.0,10,0.6625,22,0,0,520,2920,949.8984615384618,1.0
20264,1.0,561,2026-08-04T21:30,COMPLETA,89982.2563,644.6818181818181,125.5,1127.0,3809.0,10,0.6625,22,0,0,521,2928,951.3976967370444,1.0
20264,1.0,562,2026-08-04T21:40,COMPLETA,90504.7021,644.6818181818181,125.5,1127.0,3809.0,10,0.6625,22,0,0,521,2928,951.3976967370444,1.0
20264,1.0,563,2026-08-04T21:50,COMPLETA,89668.0513,644.6818181818181,125.5,1127.0,3809.0,10,0.6625,22,0,0,522,2934,949.6258620689657,1.0
20264,1.0,564,2026-08-04T22:00,COMPLETA,89884.2759,644.6818181818181,125.5,1127.0,3809.0,10,0.6625,22,0,0,524,2947,948.5690839694659,1.0
20264,1.0,565,2026-08-04T22:10,COMPLETA,84758.2515,701.3782608695652,32.0,1196.0,4262.2,12,0.65625,23,0,0,524,2947,948.5690839694659,1.0
20264,1.0,566,2026-08-04T22:20,COMPLETA,91743.4671,672.2760000000001,116.0,1306.0,4706.8,14,0.6470588235294118,25,0,0,524,2947,948.5690839694659,1.0
20264,1.0,567,2026-08-04T22:30,COMPLETA,92082.7521,672.2760000000001,116.0,1306.0,4706.8,14,0.6470588235294118,25,0,0,525,2950,950.6727619047622,1.0
20264,1.0,568,2026-08-04T22:40,COMPLETA,110086.4283,720.0555555555555,47.0,1311.0,4554.3,14,0.6654411764705882,27,0,0,526,2953,950.0475285171104,1.0
20264,1.0,569,2026-08-04T22:50,COMPLETA,112656.5149,709.6321428571429,116.0,1475.0,5380.0,16,0.6388888888888888,28,0,0,528,2961,946.9310606060608,1.0
20264,1.0,570,2026-08-04T23:00,COMPLETA,124264.7807,707.3266666666665,17.0,1537.0,5749.5,17,0.6587837837837838,30,0,14,529,2967,945.6948960302459,1.0
20264,1.0,571,2026-08-04T23:10,COMPLETA,3393.9122,174.0,20.0,322.0,1240.4,4,0.525,6,0,0,529,2967,945.6948960302459,1.0
20264,1.0,572,2026-08-04T23:20,COMPLETA,4093.276,428.42857142857144,61.8,401.0,1560.1,5,0.5681818181818182,7,0,1,529,2967,945.6948960302459,1.0
20264,1.0,573,2026-08-04T23:30,COMPLETA,3852.7259,828.1999999999999,48.0,471.0,1837.9,7,0.43333333333333335,8,0,3,529,2967,945.6948960302459,1.0
20264,1.0,574,2026-08-04T23:40,COMPLETA,2951.4277,435.34,48.0,328.0,1193.2,4,0.5,5,0,2,529,2967,945.6948960302459,1.0
20264,1.0,575,2026-08-04T23:50,COMPLETA,2490.1025,845.3399999999999,54.0,224.0,915.6,4,0.421875,5,0,2,529,2967,945.6948960302459,1.0
20264,1.0,576,2026-08-05T00:00,COMPLETA,2897.4028,1124.3200000000002,48.0,324.0,1063.8,4,0.425,5,0,1,529,2967,945.6948960302459,1.0
20264,1.0,577,2026-08-05T00:10,COMPLETA,4670.1048,1227.857142857143,110.5,409.0,1351.5,5,0.46153846153846156,7,0,1,529,2967,945.6948960302459,1.0
20264,1.0,578,2026-08-05T00:20,COMPLETA,3890.472,988.0,110.5,361.0,1201.5,4,0.53125,7,0,0,530,2968,945.113962264151,1.0
20264,1.0,579,2026-08-05T00:30,COMPLETA,5813.513,889.8125,138.0,420.0,1410.0,5,0.475,8,0,0,532,2976,942.8864661654137,1.0
20264,1.0,580,2026-08-05T00:40,COMPLETA,23804.1534,871.4272727272728,30.0,511.0,1946.4,7,0.5075757575757576,11,0,2,533,2980,942.2506566604129,1.0
20264,1.0,581,2026-08-05T00:50,COMPLETA,11920.5601,795.5,8.5,466.0,1539.0,5,0.525,9,0,0,533,2980,942.2506566604129,1.0
20264,1.0,582,2026-08-05T01:00,COMPLETA,19467.1388,788.8454545454545,31.8,797.0,2577.9,8,0.51875,11,0,0,534,2984,940.7966292134832,1.0
20264,1.0,583,2026-08-05T01:10,COMPLETA,30282.3983,749.775,20.0,712.0,2450.4,8,0.55,12,0,0,540,3013,943.8442592592593,1.0
20264,1.0,584,2026-08-05T01:20,COMPLETA,34705.2326,864.853846153846,31.8,832.0,2790.0,9,0.5357142857142857,13,0,0,541,3018,942.726247689464,1.0
20264,1.0,585,2026-08-05T01:30,COMPLETA,41330.0219,852.0399999999998,31.8,950.0,3091.4,10,0.5572916666666666,15,0,0,542,3026,941.3212177121771,1.0
20264,1.0,586,2026-08-05T01:40,COMPLETA,41091.571,852.0399999999998,31.8,950.0,3091.4,10,0.5572916666666666,15,0,1,545,3035,945.4478899082569,1.0
20264,1.0,587,2026-08-05T01:50,COMPLETA,48719.2867,930.1374999999999,31.8,839.0,2906.1,10,0.5625,16,0,1,546,3044,947.2630036630037,1.0
20264,1.0,588,2026-08-05T02:00,COMPLETA,53121.7595,948.775,28.5,751.0,2712.9,10,0.5240384615384616,16,0,1,548,3053,946.2074817518248,1.0
20264,1.0,589,2026-08-05T02:10,COMPLETA,45825.0276,854.0555555555555,33.5,817.0,2980.9,10,0.648936170212766,18,0,1,549,3060,944.9885245901639,1.0
20264,1.0,590,2026-08-05T02:20,COMPLETA,50023.2704,911.1470588235294,28.5,835.0,2898.9,10,0.5673076923076923,17,0,0,549,3060,944.9885245901639,1.0
20264,1.0,591,2026-08-05T02:30,COMPLETA,55415.3726,869.9555555555556,2.5,829.0,3048.6,11,0.5648148148148148,18,0,1,552,3077,948.118115942029,1.0
20264,1.0,592,2026-08-05T02:40,COMPLETA,48818.9258,886.6666666666666,28.5,875.0,2998.7,11,0.5509259259259259,18,0,0,555,3095,948.167027027027,1.0
20264,1.0,593,2026-08-05T02:50,COMPLETA,52994.3233,867.8421052631579,27.5,937.0,3151.7,11,0.5787037037037037,19,0,1,556,3097,947.0987410071941,1.0
20264,1.0,594,2026-08-05T03:00,COMPLETA,47260.2163,879.9888888888888,26.5,800.0,2786.6,10,0.5817307692307693,18,0,2,556,3101,947.0987410071941,1.0
20264,1.0,595,2026-08-05T03:10,COMPLETA,47731.7552,800.2941176470588,28.5,867.0,2800.5,9,0.5648148148148148,17,0,1,557,3108,945.4601436265708,1.0
20264,1.0,596,2026-08-05T03:20,COMPLETA,37563.8309,728.3125,28.5,849.0,2773.5,9,0.5416666666666666,16,0,0,557,3108,945.4601436265708,1.0
20264,1.0,597,2026-08-05T03:30,COMPLETA,35708.1187,737.3125,48.0,869.0,2743.5,9,0.5416666666666666,16,0,0,557,3113,945.4601436265708,1.0
20264,1.0,598,2026-08-05T03:40,COMPLETA,35134.115,737.3125,48.0,869.0,2743.5,9,0.5416666666666666,16,0,0,559,3128,945.250983899821,1.0
20264,1.0,599,2026-08-05T03:50,COMPLETA,32152.9761,737.3125,48.0,869.0,2743.5,9,0.5416666666666666,16,0,0,563,3152,942.7358792184723,1.0
20264,1.0,600,2026-08-05T04:00,COMPLETA,32191.161,737.3125,48.0,869.0,2743.5,9,0.5416666666666666,16,0,1,564,3154,944.6047872340425,1.0
20264,1.0,601,2026-08-05T04:10,COMPLETA,32008.1293,677.5882352941177,73.0,846.0,2728.8,8,0.6818181818181818,17,0,0,565,3162,943.9373451327433,1.0
20264,1.0,602,2026-08-05T04:20,COMPLETA,30773.3166,677.5882352941177,73.0,846.0,2728.8,8,0.6818181818181818,17,0,0,567,3179,940.757319223986,1.0
20264,1.0,603,2026-08-05T04:30,COMPLETA,29970.4451,679.3058823529412,73.0,846.0,2728.8,8,0.6818181818181818,17,0,0,567,3179,940.757319223986,1.0
20264,1.0,604,2026-08-05T04:40,COMPLETA,29489.4235,679.3058823529412,73.0,846.0,2728.8,8,0.6818181818181818,17,0,1,568,3180,940.1485915492958,1.0
20264,1.0,605,2026-08-05T04:50,COMPLETA,29441.0393,780.8823529411765,13.0,970.0,3015.0,9,0.5555555555555556,17,0,0,569,3186,940.1720562390159,1.0
20264,1.0,606,2026-08-05T05:00,COMPLETA,29015.4807,754.2315789473683,7.0,929.0,3159.5,10,0.6105769230769231,19,0,1,572,3205,938.3559440559441,1.0
20264,1.0,607,2026-08-05T05:10,COMPLETA,32561.4739,786.0166666666667,30.5,760.0,2741.4,8,0.6988636363636364,18,0,0,573,3208,940.1438045375219,1.0
20264,1.0,608,2026-08-05T05:20,COMPLETA,30828.1499,786.0166666666667,30.5,760.0,2741.4,8,0.6988636363636364,18,0,0,575,3221,937.7366956521739,1.0
20264,1.0,609,2026-08-05T05:30,COMPLETA,29168.0843,756.8315789473684,1.0,943.0,3195.9,11,0.5241935483870968,19,0,1,575,3221,937.7366956521739,1.0
20264,1.0,610,2026-08-05T05:40,COMPLETA,29072.9604,756.0947368421052,20.5,877.0,3078.9,10,0.5625,19,0,0,575,3221,937.7366956521739,1.0
20264,1.0,611,2026-08-05T05:50,COMPLETA,28352.195,756.0947368421052,20.5,877.0,3078.9,10,0.5625,19,0,0,575,3221,937.7366956521739,1.0
20264,1.0,612,2026-08-05T06:00,COMPLETA,27646.6893,756.0947368421052,20.5,877.0,3078.9,10,0.5625,19,0,0,575,3221,937.7366956521739,1.0
20264,1.0,613,2026-08-05T06:10,COMPLETA,22186.3792,730.78,20.5,945.0,3342.3,11,0.5862068965517241,20,0,0,575,3221,937.7366956521739,1.0
20264,1.0,614,2026-08-05T06:20,COMPLETA,22763.2326,730.78,20.5,945.0,3342.3,11,0.5862068965517241,20,0,0,576,3228,936.2982638888888,1.0
20264,1.0,615,2026-08-05T06:30,COMPLETA,21803.6534,792.7772727272727,20.5,1019.0,3633.3,12,0.58984375,22,0,0,576,3228,936.2982638888888,1.0
20264,1.0,616,2026-08-05T06:40,COMPLETA,21972.7961,792.7772727272727,20.5,1019.0,3633.3,12,0.58984375,22,0,0,577,3233,937.6980935875215,1.0
20264,1.0,617,2026-08-05T06:50,COMPLETA,27546.2841,883.5833333333334,8.5,1226.0,4258.5,14,0.6213235294117647,24,0,0,577,3233,937.6980935875215,1.0
20264,1.0,618,2026-08-05T07:00,COMPLETA,37013.9377,955.1851851851852,4.0,1234.0,4488.0,14,0.6985294117647058,27,0,12,580,3253,936.8618965517239,1.0
20264,1.0,619,2026-08-05T07:10,COMPLETA,2124.3734,364.75,20.5,311.0,946.5,4,0.3125,4,0,0,580,3253,936.8618965517239,1.0
20264,1.0,620,2026-08-05T07:20,COMPLETA,2243.8983,379.6,20.5,393.0,1189.5,5,0.2916666666666667,5,0,2,580,3253,936.8618965517239,1.0
20264,1.0,621,2026-08-05T07:30,COMPLETA,2316.7214,810.14,32.0,468.0,1350.6,4,0.35,5,0,1,580,3253,936.8618965517239,1.0
20264,1.0,622,2026-08-05T07:40,COMPLETA,2285.4047,440.38,32.0,354.0,1105.2,4,0.375,5,0,1,580,3253,936.8618965517239,1.0
20264,1.0,623,2026-08-05T07:50,COMPLETA,2465.3806,810.22,32.0,466.0,1345.8,4,0.375,5,0,1,580,3253,936.8618965517239,1.0
20264,1.0,624,2026-08-05T08:00,COMPLETA,2316.0603,817.8199999999999,32.0,436.0,1273.8,4,0.375,5,0,1,580,3253,936.8618965517239,1.0
20264,1.0,625,2026-08-05T08:10,COMPLETA,2183.3459,505.625,32.0,345.0,937.5,3,0.375,4,0,0,581,3260,935.547848537005,1.0
20264,1.0,626,2026-08-05T08:20,COMPLETA,2254.5809,406.02,7.6,448.0,1304.7,4,0.425,5,0,1,581,3260,935.547848537005,1.0
20264,1.0,627,2026-08-05T08:30,COMPLETA,2199.1095,505.625,32.0,345.0,937.5,3,0.375,4,0,0,582,3270,937.5056701030927,1.0
20264,1.0,628,2026-08-05T08:40,COMPLETA,2534.2731,719.3,32.0,433.0,1189.5,4,0.34375,5,0,0,584,3281,940.5224315068493,1.0
20264,1.0,629,2026-08-05T08:50,COMPLETA,3277.8723,856.3285714285714,32.0,541.0,1572.9,5,0.3942307692307692,7,0,1,585,3291,941.8035897435897,1.0
20264,1.0,630,2026-08-05T09:00,COMPLETA,2925.3358,677.25,32.0,440.0,1260.0,4,0.40625,6,0,0,588,3306,942.8799319727891,1.0
20264,1.0,631,2026-08-05T09:10,COMPLETA,2964.3911,574.0714285714286,32.0,533.0,1519.5,5,0.4083333333333333,7,0,0,589,3313,941.313921901528,1.0
20264,1.0,632,2026-08-05T09:20,COMPLETA,2954.1719,574.0714285714286,32.0,533.0,1519.5,5,0.4083333333333333,7,0,0,590,3318,940.1006779661018,1.0
20264,1.0,633,2026-08-05T09:30,COMPLETA,3006.0409,574.0714285714286,32.0,533.0,1519.5,5,0.4083333333333333,7,0,0,593,3332,941.8910623946038,1.0
20264,1.0,634,2026-08-05T09:40,COMPLETA,3262.3893,508.0,21.5,599.0,1738.5,6,0.4027777777777778,8,0,0,596,3349,941.2988255033557,1.0
20264,1.0,635,2026-08-05T09:50,COMPLETA,4053.9424,628.0,21.5,581.0,1867.5,7,0.4276315789473684,10,0,1,596,3349,941.2988255033557,1.0
20264,1.0,636,2026-08-05T10:00,COMPLETA,4542.4789,774.36,21.5,563.0,1824.3,7,0.4276315789473684,10,0,1,597,3352,943.1201005025125,1.0
20264,1.0,637,2026-08-05T10:10,COMPLETA,18658.6225,714.5071428571429,21.0,797.0,2497.8,8,0.5397727272727273,14,0,1,599,3366,943.4711185308847,1.0
20264,1.0,638,2026-08-05T10:20,COMPLETA,19012.0234,601.5357142857143,21.5,751.0,2386.5,8,0.5104166666666666,14,0,0,601,3379,942.8222961730448,1.0
20264,1.0,639,2026-08-05T10:30,COMPLETA,22050.2481,561.05625,21.5,647.0,2357.7,9,0.53,16,0,1,601,3379,942.8222961730448,1.0
20264,1.0,640,2026-08-05T10:40,COMPLETA,18270.835,566.4333333333333,27.5,854.0,2661.0,9,0.4722222222222222,15,0,1,601,3379,942.8222961730448,1.0
20264,1.0,641,2026-08-05T10:50,COMPLETA,19535.8696,697.2600000000001,5.2,684.0,2576.1,11,0.46,15,0,3,603,3391,945.5837479270315,1.0
20264,1.0,642,2026-08-05T11:00,COMPLETA,13766.0624,647.2076923076924,5.2,547.0,2077.9,8,0.5785714285714286,13,0,2,603,3391,945.5837479270315,1.0
20264,1.0,643,2026-08-05T11:10,COMPLETA,15504.6976,662.5583333333333,5.2,435.0,1766.7,6,0.6015625,12,0,1,603,3391,945.5837479270315,1.0
20264,1.0,644,2026-08-05T11:20,COMPLETA,21112.2904,699.2583333333333,79.5,514.0,1819.8,6,0.5703125,12,0,1,603,3391,945.5837479270315,1.0
20264,1.0,645,2026-08-05T11:30,COMPLETA,15069.5488,730.2272727272727,79.5,474.0,1731.0,6,0.4791666666666667,11,0,0,606,3403,944.7575907590759,1.0
20264,1.0,646,2026-08-05T11:40,COMPLETA,20378.0825,807.2083333333334,19.5,482.0,1863.0,5,0.6583333333333333,12,0,0,609,3416,945.252052545156,1.0
20264,1.0,647,2026-08-05T11:50,COMPLETA,26891.5937,909.5,45.0,489.0,1813.5,6,0.5555555555555556,13,0,1,609,3422,945.252052545156,1.0
20264,1.0,648,2026-08-05T12:00,COMPLETA,30182.2145,752.7785714285714,79.5,573.0,2084.7,7,0.5789473684210527,14,0,1,610,3429,943.7090163934427,1.0
20264,1.0,649,2026-08-05T12:10,COMPLETA,32428.2112,777.4285714285714,63.5,711.0,2386.5,7,0.5476190476190477,14,0,0,610,3429,943.7090163934427,1.0
20264,1.0,650,2026-08-05T12:20,COMPLETA,32879.3509,777.4285714285714,63.5,711.0,2386.5,7,0.5476190476190477,14,0,0,611,3436,942.176923076923,1.0
20264,1.0,651,2026-08-05T12:30,COMPLETA,31213.2644,777.4285714285714,63.5,711.0,2386.5,7,0.5476190476190477,14,0,0,612,3440,943.945588235294,1.0
20264,1.0,652,2026-08-05T12:40,COMPLETA,31180.5727,777.4285714285714,63.5,711.0,2386.5,7,0.5476190476190477,14,0,0,613,3442,943.0288743882544,1.0
20264,1.0,653,2026-08-05T12:50,COMPLETA,29107.6447,754.4666666666667,79.5,584.0,2196.0,6,0.7013888888888888,15,0,0,617,3468,940.9095623987033,1.0
20264,1.0,654,2026-08-05T13:00,COMPLETA,30109.0957,755.5666666666667,63.5,737.0,2485.5,7,0.6011904761904762,15,0,0,621,3494,938.5233494363928,1.0
20264,1.0,655,2026-08-05T13:10,COMPLETA,29793.7784,763.7666666666667,63.5,674.0,2511.0,8,0.5260416666666666,15,0,0,622,3498,939.8745980707394,1.0
20264,1.0,656,2026-08-05T13:20,COMPLETA,34816.4589,801.9117647058823,79.5,801.0,2761.5,9,0.5138888888888888,17,0,2,624,3501,940.7038461538459,1.0
20264,1.0,657,2026-08-05T13:30,COMPLETA,57100.9061,931.5210526315789,79.5,979.0,3401.7,11,0.5086206896551724,19,0,1,624,3501,940.7038461538459,1.0
20264,1.0,658,2026-08-05T13:40,COMPLETA,56710.0193,1006.8894736842104,57.0,1068.0,3430.2,10,0.5480769230769231,19,0,0,625,3503,939.4217599999997,1.0
20264,1.0,659,2026-08-05T13:50,COMPLETA,70827.4583,1108.6857142857143,51.6,1092.0,3844.2,12,0.48046875,21,0,0,625,3503,939.4217599999997,1.0
20264,1.0,660,2026-08-05T14:00,COMPLETA,71043.4821,1108.6857142857143,51.6,1092.0,3844.2,12,0.48046875,21,0,0,625,3503,939.4217599999997,1.0
20264,1.0,661,2026-08-05T14:10,COMPLETA,68065.3296,1108.6857142857143,51.6,1092.0,3844.2,12,0.48046875,21,0,0,625,3503,939.4217599999997,1.0
20264,1.0,662,2026-08-05T14:20,COMPLETA,78574.0257,1097.72,79.5,1321.0,4853.7,16,0.49295774647887325,25,0,0,625,3503,939.4217599999997,1.0
20264,1.0,663,2026-08-05T14:30,COMPLETA,89194.0731,1125.5115384615385,45.0,1310.0,4592.4,14,0.5404411764705882,26,0,0,626,3510,938.2789137380189,1.0
20264,1.0,664,2026-08-05T14:40,COMPLETA,88543.8864,1150.9185185185186,4.5,1355.0,4641.9,14,0.5477941176470589,27,0,0,627,3520,937.2019138755978,1.0
20264,1.0,665,2026-08-05T14:50,COMPLETA,92854.2767,1123.125,51.6,1189.0,4597.5,15,0.5571428571428572,28,0,0,627,3520,937.2019138755978,1.0
20264,1.0,666,2026-08-05T15:00,COMPLETA,97603.2643,1146.6033333333335,51.6,1395.0,5217.6,17,0.543918918918919,30,0,15,629,3534,935.0589825119234,1.0
20264,1.0,667,2026-08-05T15:10,COMPLETA,2459.5621,745.78,152.4,198.0,853.2,4,0.3125,5,0,1,629,3534,935.0589825119234,1.0
20264,1.0,668,2026-08-05T15:20,COMPLETA,2433.3213,894.125,344.0,180.0,690.0,3,0.3194444444444444,4,0,1,629,3534,935.0589825119234,1.0
20264,1.0,669,2026-08-05T15:30,COMPLETA,2522.1738,958.175,388.5,185.0,737.1,3,0.32142857142857145,4,0,1,629,3534,935.0589825119234,1.0
20264,1.0,670,2026-08-05T15:40,COMPLETA,2584.1235,837.25,116.5,247.0,790.5,3,0.3055555555555556,4,0,0,629,3534,935.0589825119234,1.0
20264,1.0,671,2026-08-05T15:50,COMPLETA,3092.6118,978.0,116.5,274.0,891.0,3,0.3888888888888889,5,0,0,629,3534,935.0589825119234,1.0
20264,1.0,672,2026-08-05T16:00,COMPLETA,3201.142,1155.5,116.5,333.0,1099.5,4,0.3333333333333333,6,0,1,629,3534,935.0589825119234,1.0
20264,1.0,673,2026-08-05T16:10,COMPLETA,2895.161,978.0,116.5,274.0,891.0,3,0.3888888888888889,5,0,0,629,3534,935.0589825119234,1.0
20264,1.0,674,2026-08-05T16:20,COMPLETA,2997.3213,978.0,116.5,274.0,891.0,3,0.3888888888888889,5,0,0,629,3534,935.0589825119234,1.0
20264,1.0,675,2026-08-05T16:30,COMPLETA,3562.5159,901.0833333333334,116.5,352.0,1128.0,4,0.375,6,0,0,631,3536,936.8836767036448,1.0
20264,1.0,676,2026-08-05T16:40,COMPLETA,3567.1212,901.0833333333334,116.5,352.0,1128.0,4,0.375,6,0,0,633,3540,937.2780410742495,1.0
20264,1.0,677,2026-08-05T16:50,COMPLETA,9993.2435,948.375,116.5,357.0,1324.5,5,0.4326923076923077,8,0,1,634,3544,938.9246056782332,1.0
20264,1.0,678,2026-08-05T17:00,COMPLETA,13496.6743,1053.5625,116.5,425.0,1357.5,4,0.5208333333333334,8,0,0,637,3560,936.9761381475664,1.0
20264,1.0,679,2026-08-05T17:10,COMPLETA,23724.3054,1109.2222222222222,116.5,404.0,1386.0,4,0.5729166666666666,9,0,0,639,3565,938.5483568075116,1.0
20264,1.0,680,2026-08-05T17:20,COMPLETA,37397.0906,1030.85,116.5,668.0,2022.0,6,0.4513888888888889,10,0,0,640,3571,937.1624999999998,1.0
20264,1.0,681,2026-08-05T17:30,COMPLETA,36015.7901,1030.85,116.5,668.0,2022.0,6,0.4513888888888889,10,0,0,642,3575,938.2831775700931,1.0
20264,1.0,682,2026-08-05T17:40,COMPLETA,40967.1299,990.0909090909091,116.5,779.0,2308.5,7,0.4166666666666667,11,0,0,643,3584,939.8822706065316,1.0
20264,1.0,683,2026-08-05T17:50,COMPLETA,40021.5899,990.0909090909091,116.5,779.0,2308.5,7,0.4166666666666667,11,0,0,644,3594,941.2054347826084,1.0
20264,1.0,684,2026-08-05T18:00,COMPLETA,35390.1884,990.0909090909091,116.5,779.0,2248.5,7,0.4166666666666667,11,0,0,648,3614,942.9233024691355,1.0
20264,1.0,685,2026-08-05T18:10,COMPLETA,35211.437,990.0909090909091,116.5,779.0,2248.5,7,0.4166666666666667,11,0,0,649,3618,942.4642526964558,1.0
20264,1.0,686,2026-08-05T18:20,COMPLETA,43631.9281,1032.8333333333333,116.5,688.0,2112.0,6,0.5486111111111112,12,0,1,650,3623,941.6704615384613,1.0
20264,1.0,687,2026-08-05T18:30,COMPLETA,52026.1829,1192.2083333333333,249.5,669.0,2036.5,6,0.5208333333333334,12,0,1,650,3623,941.6704615384613,1.0
20264,1.0,688,2026-08-05T18:40,COMPLETA,49870.1635,1124.7272727272727,304.5,552.0,1916.5,6,0.5069444444444444,11,0,0,650,3623,941.6704615384613,1.0
20264,1.0,689,2026-08-05T18:50,COMPLETA,50049.7067,1124.7272727272727,304.5,552.0,1916.5,6,0.5069444444444444,11,0,0,650,3623,941.6704615384613,1.0
20264,1.0,690,2026-08-05T19:00,COMPLETA,52780.7919,1191.7916666666667,249.5,672.0,2041.0,6,0.5208333333333334,12,0,1,650,3623,941.6704615384613,1.0
20264,1.0,691,2026-08-05T19:10,COMPLETA,59804.0575,1050.1,240.0,611.0,2088.9,7,0.5460526315789473,13,0,1,651,3629,942.5634408602148,1.0
20264,1.0,692,2026-08-05T19:20,COMPLETA,40318.2265,1054.7916666666667,124.5,654.0,2061.0,6,0.5625,12,0,0,651,3629,942.5634408602148,1.0
20264,1.0,693,2026-08-05T19:30,COMPLETA,39200.7833,1054.7916666666667,124.5,654.0,2061.0,6,0.5625,12,0,0,652,3634,941.7489263803678,1.0
20264,1.0,694,2026-08-05T19:40,COMPLETA,42918.1532,978.3461538461538,156.5,629.0,2151.5,7,0.5238095238095238,13,0,1,653,3641,941.2562021439508,1.0
20264,1.0,695,2026-08-05T19:50,COMPLETA,53306.0646,1099.6153846153845,271.5,614.0,2061.0,6,0.6041666666666666,13,0,0,654,3647,942.2282874617734,1.0
20264,1.0,696,2026-08-05T20:00,COMPLETA,50400.6549,1066.75,205.5,671.0,2273.5,6,0.6458333333333334,14,0,0,655,3653,941.4203053435111,1.0
20264,1.0,697,2026-08-05T20:10,COMPLETA,60530.9718,1147.4333333333334,292.5,939.0,2930.5,9,0.48,15,0,1,655,3653,941.4203053435111,1.0
20264,1.0,698,2026-08-05T20:20,COMPLETA,59293.2697,1001.3666666666667,64.0,791.0,2626.5,7,0.5833333333333334,15,0,0,657,3664,941.8299847792996,1.0
20264,1.0,699,2026-08-05T20:30,COMPLETA,59177.1578,1001.3666666666667,64.0,791.0,2626.5,7,0.5833333333333334,15,0,0,657,3664,941.8299847792996,1.0
20264,1.0,700,2026-08-05T20:40,COMPLETA,71493.7044,1061.49375,50.5,840.0,2625.7,7,0.6578947368421053,16,0,1,657,3664,941.8299847792996,1.0
20264,1.0,701,2026-08-05T20:50,COMPLETA,68793.289,997.53125,64.0,911.0,2746.5,8,0.546875,16,0,0,659,3673,943.6491654021241,1.0
20264,1.0,702,2026-08-05T21:00,COMPLETA,65100.6034,973.2777777777778,172.0,870.0,2911.0,8,0.5989583333333334,18,0,1,661,3684,942.6234493192131,1.0
20264,1.0,703,2026-08-05T21:10,COMPLETA,72556.2761,956.7105263157895,98.5,1056.0,3504.0,10,0.55,19,0,0,662,3691,941.4359516616312,1.0
20264,1.0,704,2026-08-05T21:20,COMPLETA,68221.1762,905.975,64.0,1243.0,3724.5,10,0.5916666666666667,20,0,1,664,3704,943.7614457831323,1.0
20264,1.0,705,2026-08-05T21:30,COMPLETA,62479.2076,858.7368421052631,158.5,1159.0,3628.5,10,0.5708333333333333,19,0,0,664,3704,943.7614457831323,1.0
20264,1.0,706,2026-08-05T21:40,COMPLETA,67528.3433,802.0952380952381,24.0,1300.0,3966.0,11,0.592741935483871,21,0,0,665,3707,945.4550375939848,1.0
20264,1.0,707,2026-08-05T21:50,COMPLETA,67694.7536,802.0952380952381,24.0,1300.0,3966.0,11,0.592741935483871,21,0,0,666,3713,944.2103603603601,1.0
20264,1.0,708,2026-08-05T22:00,COMPLETA,67389.3618,837.2521739130434,7.5,1128.0,3878.4,11,0.6551724137931034,23,0,0,666,3713,944.2103603603601,1.0
20264,1.0,709,2026-08-05T22:10,COMPLETA,69798.0453,887.3125,13.5,1190.0,4392.0,14,0.5735294117647058,24,0,0,666,3713,944.2103603603601,1.0
20264,1.0,710,2026-08-05T22:20,COMPLETA,69645.0316,887.3125,13.5,1190.0,4392.0,14,0.5735294117647058,24,0,0,666,3713,944.2103603603601,1.0
20264,1.0,711,2026-08-05T22:30,COMPLETA,69911.8598,887.3125,13.5,1190.0,4392.0,14,0.5735294117647058,24,0,0,666,3713,944.2103603603601,1.0
20264,1.0,712,2026-08-05T22:40,COMPLETA,87119.2304,891.7846153846154,9.0,1546.0,5456.9,17,0.5709459459459459,26,0,0,667,3715,945.8433283358319,1.0
20264,1.0,713,2026-08-05T22:50,COMPLETA,88632.4134,874.5407407407408,9.0,1568.0,5679.5,17,0.6047297297297297,27,0,0,669,3722,947.1860986547083,1.0
20264,1.0,714,2026-08-05T23:00,COMPLETA,104329.9128,962.7620689655173,35.4,1303.0,4980.0,16,0.6701388888888888,29,0,13,669,3722,947.1860986547083,1.0
20264,1.0,715,2026-08-05T23:10,COMPLETA,2377.611,516.75,117.5,246.0,945.0,4,0.325,4,0,1,669,3722,947.1860986547083,1.0
20264,1.0,716,2026-08-05T23:20,COMPLETA,2064.4743,1216.0666666666666,67.0,241.0,752.1,3,0.25,3,0,2,669,3722,947.1860986547083,1.0
20264,1.0,717,2026-08-05T23:30,COMPLETA,1059.2804,1524.0,1524.0,81.0,241.5,1,0.2916666666666667,1,0,0,669,3722,947.1860986547083,1.0
20264,1.0,718,2026-08-05T23:40,COMPLETA,2696.2058,1168.5,200.5,256.0,804.0,3,0.4444444444444444,4,0,0,669,3722,947.1860986547083,1.0
20264,1.0,719,2026-08-05T23:50,COMPLETA,3270.4737,1018.7333333333332,125.4,339.0,1133.7,4,0.525,6,0,0,669,3722,947.1860986547083,1.0
20264,1.0,720,2026-08-06T00:00,COMPLETA,3253.1219,1018.7333333333332,125.4,339.0,1133.7,4,0.525,6,0,1,669,3722,947.1860986547083,1.0
20264,1.0,721,2026-08-06T00:10,COMPLETA,3132.3808,1218.1,200.5,401.0,1141.5,4,0.3854166666666667,5,0,0,669,3722,947.1860986547083,1.0
20264,1.0,722,2026-08-06T00:20,COMPLETA,3505.7601,1044.5,173.5,359.0,1138.5,4,0.4895833333333333,6,0,0,670,3731,947.0932835820894,1.0
20264,1.0,723,2026-08-06T00:30,COMPLETA,3511.8077,1044.5,173.5,359.0,1138.5,4,0.4895833333333333,6,0,0,673,3748,951.2420505200593,1.0
20264,1.0,724,2026-08-06T00:40,COMPLETA,3439.9922,1044.5,173.5,359.0,1138.5,4,0.4895833333333333,6,0,0,675,3767,949.8805925925925,1.0
20264,1.0,725,2026-08-06T00:50,COMPLETA,42321.3788,1198.9,86.5,508.0,1794.0,6,0.5625,10,0,2,677,3773,950.8200886262924,1.0
20264,1.0,726,2026-08-06T01:00,COMPLETA,13541.5451,1168.375,92.5,452.0,1398.0,4,0.625,8,0,0,677,3773,950.8200886262924,1.0
20264,1.0,727,2026-08-06T01:10,COMPLETA,14479.536,1168.375,92.5,452.0,1398.0,4,0.625,8,0,0,679,3779,953.941384388807,1.0
20264,1.0,728,2026-08-06T01:20,COMPLETA,14477.313,1168.375,92.5,452.0,1398.0,4,0.625,8,0,0,681,3797,951.8850220264317,1.0
20264,1.0,729,2026-08-06T01:30,COMPLETA,39896.6575,1304.95,136.0,557.0,1802.1,6,0.5390625,10,0,1,682,3798,950.541202346041,1.0
20264,1.0,730,2026-08-06T01:40,COMPLETA,63178.6413,1332.7454545454545,86.5,556.0,1893.6,6,0.6015625,11,0,1,683,3803,949.3330893118595,1.0
20264,1.0,731,2026-08-06T01:50,COMPLETA,47342.1629,1261.75,133.0,513.0,1669.5,5,0.6166666666666667,10,0,0,683,3803,949.3330893118595,1.0
20264,1.0,732,2026-08-06T02:00,COMPLETA,56522.1623,1319.1636363636362,136.0,547.0,1802.1,6,0.6015625,11,0,0,684,3809,950.1980994152046,1.0
20264,1.0,733,2026-08-06T02:10,COMPLETA,63615.4372,1210.6153846153845,92.5,568.0,2044.2,8,0.53125,13,0,1,685,3817,949.2474452554744,1.0
20264,1.0,734,2026-08-06T02:20,COMPLETA,56912.6008,1221.1916666666666,92.5,588.0,2043.6,7,0.5526315789473685,12,0,1,687,3827,950.8464337700145,1.0
20264,1.0,735,2026-08-06T02:30,COMPLETA,53883.4218,1098.9166666666667,92.5,613.0,1999.5,6,0.625,12,0,0,688,3828,952.4640988372093,1.0
20264,1.0,736,2026-08-06T02:40,COMPLETA,70768.2729,1202.142857142857,34.0,783.0,2539.5,8,0.5738636363636364,14,0,1,690,3843,950.7323188405798,1.0
20264,1.0,737,2026-08-06T02:50,COMPLETA,79323.6049,1171.7142857142858,92.5,738.0,2487.0,7,0.6190476190476191,14,0,0,691,3848,949.7652677279306,1.0
20264,1.0,738,2026-08-06T03:00,COMPLETA,76452.7038,1171.7142857142858,92.5,738.0,2487.0,7,0.6190476190476191,14,0,0,693,3859,950.1161616161617,1.0
20264,1.0,739,2026-08-06T03:10,COMPLETA,77149.4029,1157.1,26.5,737.0,2503.5,8,0.6079545454545454,15,0,1,695,3874,948.1345323741007,1.0
20264,1.0,740,2026-08-06T03:20,COMPLETA,72154.3501,1171.7142857142858,92.5,738.0,2487.0,7,0.6190476190476191,14,0,0,696,3881,947.7514367816092,1.0
20264,1.0,741,2026-08-06T03:30,COMPLETA,82201.7493,1102.4,28.0,844.0,2646.0,8,0.5677083333333334,15,0,0,697,3889,947.0014347202296,1.0
20264,1.0,742,2026-08-06T03:40,COMPLETA,72610.262,1032.5888888888887,28.0,986.0,3283.8,10,0.5625,18,0,1,699,3900,948.1948497854077,1.0
20264,1.0,743,2026-08-06T03:50,COMPLETA,109887.8551,1149.578947368421,28.0,958.0,3117.0,9,0.625,19,0,0,700,3909,949.1095714285714,1.0
20264,1.0,744,2026-08-06T04:00,COMPLETA,91537.9564,1121.95,67.0,1034.0,3411.0,10,0.6041666666666666,20,0,0,702,3913,950.7103988603988,1.0
20264,1.0,745,2026-08-06T04:10,COMPLETA,93926.1431,1123.3600000000001,2.5,1190.0,3684.6,11,0.5846774193548387,20,0,1,703,3917,952.2058321479374,1.0
20264,1.0,746,2026-08-06T04:20,COMPLETA,96471.3775,1196.921052631579,142.0,966.0,3129.0,9,0.6481481481481481,19,0,1,703,3917,952.2058321479374,1.0
20264,1.0,747,2026-08-06T04:30,COMPLETA,92816.1285,1225.1842105263158,62.5,1071.0,3377.5,10,0.5625,19,0,1,703,3921,952.2058321479374,1.0
20264,1.0,748,2026-08-06T04:40,COMPLETA,96591.3296,1226.0526315789473,173.5,977.0,3296.5,9,0.6111111111111112,19,0,0,705,3926,953.8052482269503,1.0
20264,1.0,749,2026-08-06T04:50,COMPLETA,84237.7599,1205.8428571428572,28.5,1006.0,3416.1,10,0.6294642857142857,21,0,1,706,3928,953.2212464589235,1.0
20264,1.0,750,2026-08-06T05:00,COMPLETA,93968.5471,1136.9285714285713,161.5,1012.0,3330.0,9,0.6851851851851852,21,0,0,707,3934,954.1615275813296,1.0
20264,1.0,751,2026-08-06T05:10,COMPLETA,101400.187,1089.1565217391303,136.5,1179.0,4009.1,11,0.657258064516129,23,0,0,707,3934,954.1615275813296,1.0
20264,1.0,752,2026-08-06T05:20,COMPLETA,102102.0865,1071.6583333333333,48.0,1223.0,4256.7,12,0.6484375,24,0,1,707,3934,954.1615275813296,1.0
20264,1.0,753,2026-08-06T05:30,COMPLETA,98294.6062,1125.2541666666666,136.5,1202.0,4137.6,12,0.66796875,24,0,0,707,3934,954.1615275813296,1.0
20264,1.0,754,2026-08-06T05:40,COMPLETA,102149.7053,1132.9166666666667,28.5,1122.0,4070.3,12,0.66796875,24,0,0,707,3934,954.1615275813296,1.0
20264,1.0,755,2026-08-06T05:50,COMPLETA,107077.4786,1119.3333333333333,161.5,1123.0,3920.0,10,0.7125,24,0,0,707,3934,954.1615275813296,1.0
20264,1.0,756,2026-08-06T06:00,COMPLETA,109269.0672,1103.624,103.6,1119.0,4418.6,13,0.678030303030303,25,0,0,707,3934,954.1615275813296,1.0
20264,1.0,757,2026-08-06T06:10,COMPLETA,89391.1519,1048.923076923077,80.4,1424.0,5053.2,14,0.6801470588235294,26,0,0,709,3942,951.7038081805358,1.0
20264,1.0,758,2026-08-06T06:20,COMPLETA,113941.4723,1075.1629629629629,62.8,1568.0,5261.4,14,0.7169117647058824,27,0,0,709,3942,951.7038081805358,1.0
20264,1.0,759,2026-08-06T06:30,COMPLETA,156464.168,1109.5357142857142,62.8,1486.0,5050.2,13,0.7424242424242424,28,0,0,709,3942,951.7038081805358,1.0
20264,1.0,760,2026-08-06T06:40,COMPLETA,156417.3636,1084.1482758620689,80.4,1716.0,6470.4,19,0.6602564102564102,29,0,0,710,3944,953.2622535211266,1.0
20264,1.0,761,2026-08-06T06:50,COMPLETA,129057.7415,1068.2424242424242,47.8,1870.0,7142.3,21,0.6920731707317073,33,0,0,711,3947,952.8022503516171,1.0
20264,1.0,762,2026-08-06T07:00,COMPLETA,131737.7611,1092.020588235294,62.8,1890.0,7147.9,21,0.7225609756097561,34,0,17,713,3964,950.794389901823,1.0
20264,1.0,763,2026-08-06T07:10,COMPLETA,9147.9709,715.4100000000001,47.0,546.0,2062.3,9,0.30357142857142855,10,0,4,713,3964,950.794389901823,1.0
20264,1.0,764,2026-08-06T07:20,COMPLETA,7650.4204,745.5625,31.0,520.0,1850.7,7,0.41911764705882354,8,0,3,713,3964,950.794389901823,1.0
20264,1.0,765,2026-08-06T07:30,COMPLETA,5282.0023,946.6,47.0,349.0,1270.5,5,0.40384615384615385,7,0,1,713,3964,950.794389901823,1.0
20264,1.0,766,2026-08-06T07:40,COMPLETA,5011.4492,941.6666666666666,47.0,319.0,1078.5,4,0.4270833333333333,6,0,0,713,3964,950.794389901823,1.0
20264,1.0,767,2026-08-06T07:50,COMPLETA,4785.4368,941.6666666666666,47.0,319.0,1078.5,4,0.4270833333333333,6,0,0,713,3964,950.794389901823,1.0
20264,1.0,768,2026-08-06T08:00,COMPLETA,5110.6884,941.6666666666666,47.0,319.0,1078.5,4,0.4270833333333333,6,0,0,713,3964,950.794389901823,1.0
20264,1.0,769,2026-08-06T08:10,COMPLETA,5966.0698,858.0714285714286,47.0,321.0,1141.5,4,0.53125,7,0,0,713,3964,950.794389901823,1.0
20264,1.0,770,2026-08-06T08:20,COMPLETA,32554.7312,970.1727272727272,47.0,487.0,2131.9,8,0.47058823529411764,11,0,2,714,3965,952.3375350140053,1.0
20264,1.0,771,2026-08-06T08:30,COMPLETA,20472.0339,863.39,47.0,499.0,1791.9,7,0.40131578947368424,10,0,0,714,3965,952.3375350140053,1.0
20264,1.0,772,2026-08-06T08:40,COMPLETA,31080.7592,968.0818181818181,47.0,483.0,1985.9,8,0.4166666666666667,11,0,1,714,3965,952.3375350140053,1.0
20264,1.0,773,2026-08-06T08:50,COMPLETA,21139.5998,863.39,47.0,499.0,1791.9,7,0.40131578947368424,10,0,0,716,3987,950.9391061452511,1.0
20264,1.0,774,2026-08-06T09:00,COMPLETA,33415.1955,962.5818181818181,47.0,493.0,1984.9,8,0.4166666666666667,11,0,1,716,3991,950.9391061452511,1.0
20264,1.0,775,2026-08-06T09:10,COMPLETA,25030.8791,796.7727272727273,17.0,503.0,1950.3,8,0.425,11,0,0,719,4000,948.5828929068147,1.0
20264,1.0,776,2026-08-06T09:20,COMPLETA,35677.1779,894.3916666666668,17.0,546.0,2173.5,9,0.4226190476190476,12,0,0,721,4011,948.749930651872,1.0
20264,1.0,777,2026-08-06T09:30,COMPLETA,69687.7132,1036.54,17.0,682.0,2906.3,12,0.4095744680851064,15,0,1,723,4023,951.0040110650065,1.0
20264,1.0,778,2026-08-06T09:40,COMPLETA,90133.6759,1096.58125,17.0,666.0,2819.7,12,0.4322916666666667,16,0,0,725,4038,950.636413793103,1.0
20264,1.0,779,2026-08-06T09:50,COMPLETA,97460.8248,1027.1941176470589,8.0,827.0,3093.6,14,0.39732142857142855,17,0,0,727,4050,949.3753782668496,1.0
20264,1.0,780,2026-08-06T10:00,COMPLETA,100011.6212,1027.1941176470589,8.0,827.0,3033.6,14,0.39732142857142855,17,0,0,728,4057,948.6124999999995,1.0
20264,1.0,781,2026-08-06T10:10,COMPLETA,99874.4522,1027.7611111111112,8.0,794.0,3008.4,15,0.3922413793103448,18,0,1,729,4064,947.7001371742108,1.0
20264,1.0,782,2026-08-06T10:20,COMPLETA,132801.3991,1055.8714285714286,17.0,1021.0,3718.0,18,0.4053030303030303,21,0,2,731,4074,949.6688098495208,1.0
20264,1.0,783,2026-08-06T10:30,COMPLETA,103922.4089,1007.93,17.0,949.0,3425.4,17,0.4015151515151515,20,0,4,732,4084,948.5211748633875,1.0
20264,1.0,784,2026-08-06T10:40,COMPLETA,120308.7286,1136.322222222222,17.0,775.0,2891.1,13,0.44907407407407407,18,0,3,733,4093,949.6023192360159,1.0
20264,1.0,785,2026-08-06T10:50,COMPLETA,77151.3067,910.4428571428572,8.0,724.0,2463.0,11,0.42,14,0,0,736,4106,949.2968749999995,1.0
20264,1.0,786,2026-08-06T11:00,COMPLETA,76431.7829,910.4428571428572,8.0,724.0,2463.0,11,0.42,14,0,1,737,4108,950.7130257801895,1.0
20264,1.0,787,2026-08-06T11:10,COMPLETA,54198.1603,971.646153846154,17.0,610.0,2122.5,10,0.4166666666666667,13,0,2,738,4114,951.5088075880755,1.0
20264,1.0,788,2026-08-06T11:20,COMPLETA,56538.8381,702.5923076923077,17.0,744.0,2728.1,9,0.425,13,0,1,739,4119,950.9722598105543,1.0
20264,1.0,789,2026-08-06T11:30,COMPLETA,64112.2416,843.8846153846155,24.6,670.0,2254.8,9,0.4880952380952381,13,0,0,740,4127,952.2168918918915,1.0
20264,1.0,790,2026-08-06T11:40,COMPLETA,78434.094,864.65,24.6,775.0,2916.5,12,0.5523255813953488,16,0,1,741,4139,953.3535762483126,1.0
20264,1.0,791,2026-08-06T11:50,COMPLETA,83759.3027,766.28125,24.6,765.0,2685.9,12,0.515625,16,0,3,742,4144,953.9959568733149,1.0
20264,1.0,792,2026-08-06T12:00,COMPLETA,110223.625,917.7,24.6,811.0,2689.2,10,0.4947916666666667,16,0,0,743,4148,955.3647375504706,1.0
20264,1.0,793,2026-08-06T12:10,COMPLETA,137813.6345,1011.7611111111112,5.0,810.0,2867.7,10,0.578125,18,0,1,746,4156,958.0756032171578,1.0
20264,1.0,794,2026-08-06T12:20,COMPLETA,126843.1959,953.7647058823529,5.0,790.0,2705.1,9,0.592391304347826,17,0,0,750,4169,959.5043999999996,1.0
20264,1.0,795,2026-08-06T12:30,COMPLETA,180909.5143,1068.095238095238,5.0,889.0,3430.2,14,0.5166666666666667,21,0,2,752,4179,959.3527925531911,1.0
20264,1.0,796,2026-08-06T12:40,COMPLETA,196693.9486,1023.345,5.0,903.0,3252.9,12,0.5223214285714286,20,0,0,753,4182,960.7555112881802,1.0
20264,1.0,797,2026-08-06T12:50,COMPLETA,158633.1579,1001.3380952380953,5.0,927.0,3357.9,13,0.5086206896551724,21,0,2,755,4192,960.8427814569533,1.0
20264,1.0,798,2026-08-06T13:00,COMPLETA,149243.752,987.7315789473685,86.0,826.0,3720.8,13,0.5231481481481481,19,0,1,758,4210,962.144854881266,1.0
20264,1.0,799,2026-08-06T13:10,COMPLETA,182222.0787,915.9150000000002,0.0,883.0,3698.3,12,0.5208333333333334,20,0,1,762,4233,963.233989501312,1.0
20264,1.0,800,2026-08-06T13:20,COMPLETA,162040.2921,910.1049999999999,5.0,978.0,3564.0,13,0.5,20,0,0,763,4237,962.0905635648752,1.0
20264,1.0,801,2026-08-06T13:30,COMPLETA,200073.7554,989.8478260869567,5.0,951.0,3808.5,13,0.5846774193548387,23,0,0,764,4239,963.4284031413608,1.0
20264,1.0,802,2026-08-06T13:40,COMPLETA,206706.6435,1024.2208333333333,5.0,1068.0,4176.6,15,0.5357142857142857,24,0,0,765,4243,964.6856209150322,1.0
20264,1.0,803,2026-08-06T13:50,COMPLETA,197758.5627,1024.2208333333333,5.0,1068.0,4176.6,15,0.5357142857142857,24,0,0,765,4243,964.6856209150322,1.0
20264,1.0,804,2026-08-06T14:00,COMPLETA,195548.5515,1037.6538461538462,5.0,1007.0,4608.2,16,0.5451388888888888,26,0,0,768,4264,963.5201822916662,1.0
20264,1.0,805,2026-08-06T14:10,COMPLETA,180410.5991,989.8633333333333,5.0,1188.0,4975.2,18,0.5822368421052632,30,0,0,768,4264,963.5201822916662,1.0
20264,1.0,806,2026-08-06T14:20,COMPLETA,211319.0885,947.5281249999999,5.0,1426.0,5820.6,20,0.590625,32,0,0,770,4271,964.7907792207787,1.0
20264,1.0,807,2026-08-06T14:30,COMPLETA,215483.8707,947.5281249999999,5.0,1426.0,5820.6,20,0.590625,32,0,0,770,4271,964.7907792207787,1.0
20264,1.0,808,2026-08-06T14:40,COMPLETA,213810.5746,947.5281249999999,5.0,1426.0,5820.6,20,0.590625,32,0,0,774,4282,966.3387596899221,1.0
20264,1.0,809,2026-08-06T14:50,COMPLETA,205944.601,947.5281249999999,5.0,1426.0,5820.6,20,0.590625,32,0,0,776,4287,966.8416237113398,1.0
20264,1.0,810,2026-08-06T15:00,COMPLETA,219660.5093,947.5281249999999,5.0,1426.0,5820.6,20,0.590625,32,0,16,778,4295,964.8158097686372,1.0
20264,1.0,811,2026-08-06T15:10,COMPLETA,7208.007,694.4777777777778,16.8,438.0,1788.6,7,0.5,9,0,2,778,4295,964.8158097686372,1.0
20264,1.0,812,2026-08-06T15:20,COMPLETA,5883.8552,531.7875,9.5,471.0,2033.6,6,0.53125,8,0,1,778,4295,964.8158097686372,1.0
20264,1.0,813,2026-08-06T15:30,COMPLETA,48287.4259,700.2727272727273,9.5,478.0,1897.4,7,0.5882352941176471,11,0,3,778,4295,964.8158097686372,1.0
20264,1.0,814,2026-08-06T15:40,COMPLETA,8784.3493,794.3571428571429,70.5,464.0,1436.0,5,0.45,7,0,0,778,4295,964.8158097686372,1.0
20264,1.0,815,2026-08-06T15:50,COMPLETA,19781.6175,738.6375,135.0,521.0,1679.3,6,0.4296875,8,0,1,778,4295,964.8158097686372,1.0
20264,1.0,816,2026-08-06T16:00,COMPLETA,42571.272,948.9888888888888,70.5,575.0,1874.7,7,0.45588235294117646,9,0,2,778,4295,964.8158097686372,1.0
20264,1.0,817,2026-08-06T16:10,COMPLETA,45842.6127,869.5,26.5,526.0,1589.0,5,0.5333333333333333,8,0,0,778,4295,964.8158097686372,1.0
20264,1.0,818,2026-08-06T16:20,COMPLETA,90007.568,948.1111111111111,36.0,671.0,1986.5,6,0.5,9,0,0,778,4295,964.8158097686372,1.0
20264,1.0,819,2026-08-06T16:30,COMPLETA,96795.2638,1004.05,26.5,616.0,1964.0,6,0.5625,10,0,0,782,4316,962.7725063938614,1.0
20264,1.0,820,2026-08-06T16:40,COMPLETA,97435.3896,1004.05,26.5,616.0,1964.0,6,0.5625,10,0,0,784,4329,965.2429846938771,1.0
20264,1.0,821,2026-08-06T16:50,COMPLETA,81715.6856,1004.05,26.5,616.0,1964.0,6,0.5625,10,0,0,785,4330,965.14178343949,1.0
20264,1.0,822,2026-08-06T17:00,COMPLETA,116252.8558,1093.2727272727273,9.0,725.0,2264.5,7,0.5608108108108109,11,0,1,787,4341,963.2036848792881,1.0
20264,1.0,823,2026-08-06T17:10,COMPLETA,89564.9766,895.6363636363636,16.0,745.0,2197.5,7,0.5119047619047619,11,0,0,790,4363,962.0121518987337,1.0
20264,1.0,824,2026-08-06T17:20,COMPLETA,92301.8336,895.6363636363636,16.0,745.0,2197.5,7,0.5119047619047619,11,0,0,795,4378,964.1080503144649,1.0
20264,1.0,825,2026-08-06T17:30,COMPLETA,88237.2838,895.6363636363636,16.0,745.0,2197.5,7,0.5119047619047619,11,0,0,797,4391,964.3549560853194,1.0
20264,1.0,826,2026-08-06T17:40,COMPLETA,87536.8862,879.875,15.0,644.0,2166.0,8,0.5,12,0,0,798,4397,964.8169172932326,1.0
20264,1.0,827,2026-08-06T17:50,COMPLETA,99759.6748,876.2466666666666,26.5,886.0,2888.4,11,0.49137931034482757,15,0,2,799,4398,964.0719649561946,1.0
20264,1.0,828,2026-08-06T18:00,COMPLETA,103867.1527,872.9642857142857,16.0,683.0,2524.5,9,0.4861111111111111,14,0,0,801,4408,964.5072409488134,1.0
20264,1.0,829,2026-08-06T18:10,COMPLETA,104279.9001,987.7470588235294,15.0,886.0,3074.0,12,0.46484375,17,0,1,801,4408,964.5072409488134,1.0
20264,1.0,830,2026-08-06T18:20,COMPLETA,104598.1068,911.0235294117647,33.0,824.0,2859.6,11,0.5043103448275862,17,0,1,802,4414,963.5988778054858,1.0
20264,1.0,831,2026-08-06T18:30,COMPLETA,101555.8337,948.9588235294117,23.8,845.0,2871.3,12,0.5042372881355932,17,0,3,802,4414,963.5988778054858,1.0
20264,1.0,832,2026-08-06T18:40,COMPLETA,119378.8185,978.42,23.8,737.0,2499.9,10,0.5133928571428571,15,0,0,802,4414,963.5988778054858,1.0
20264,1.0,833,2026-08-06T18:50,COMPLETA,114106.5373,978.42,23.8,737.0,2499.9,10,0.5133928571428571,15,0,0,803,4424,963.3907845579073,1.0
20264,1.0,834,2026-08-06T19:00,COMPLETA,100000.4803,884.0176470588235,23.2,870.0,3018.9,11,0.5601851851851852,17,0,3,806,4437,966.3031017369722,1.0
20264,1.0,835,2026-08-06T19:10,COMPLETA,85298.3333,957.5266666666666,23.8,680.0,2530.4,10,0.5240384615384616,15,0,0,807,4442,965.4477075588594,1.0
20264,1.0,836,2026-08-06T19:20,COMPLETA,124172.4384,993.5875,23.8,797.0,2661.9,11,0.5277777777777778,16,0,1,807,4442,965.4477075588594,1.0
20264,1.0,837,2026-08-06T19:30,COMPLETA,127740.0706,1022.1625,31.5,892.0,2989.8,11,0.5129310344827587,16,0,0,808,4447,966.5331683168312,1.0
20264,1.0,838,2026-08-06T19:40,COMPLETA,116713.6639,982.8,33.0,944.0,2958.0,10,0.5669642857142857,17,0,2,808,4447,966.5331683168312,1.0
20264,1.0,839,2026-08-06T19:50,COMPLETA,94959.3941,976.0333333333333,33.0,978.0,3027.0,9,0.5324074074074074,15,0,0,809,4450,967.8909765142146,1.0
20264,1.0,840,2026-08-06T20:00,COMPLETA,129877.3036,988.8529411764706,33.0,941.0,2911.5,9,0.5879629629629629,17,0,1,810,4454,967.4274074074069,1.0
20264,1.0,841,2026-08-06T20:10,COMPLETA,131904.0053,1050.75,53.5,906.0,2975.5,9,0.585,16,0,1,811,4457,968.7501849568429,1.0
20264,1.0,842,2026-08-06T20:20,COMPLETA,157028.9383,1202.0222222222224,51.5,1076.0,3447.2,11,0.5526315789473685,18,0,2,811,4457,968.7501849568429,1.0
20264,1.0,843,2026-08-06T20:30,COMPLETA,136775.5325,1135.90625,55.0,984.0,3036.0,10,0.5125,16,0,0,814,4467,966.9997542997538,1.0
20264,1.0,844,2026-08-06T20:40,COMPLETA,132825.9398,1054.2176470588236,44.5,985.0,2999.1,9,0.635,17,0,1,815,4475,966.3083435582816,1.0
20264,1.0,845,2026-08-06T20:50,COMPLETA,145705.7164,1156.5882352941176,64.0,1046.0,3189.0,9,0.5972222222222222,17,0,0,817,4485,966.0558139534879,1.0
20264,1.0,846,2026-08-06T21:00,COMPLETA,143376.963,1156.5882352941176,64.0,1046.0,3189.0,9,0.5972222222222222,17,0,0,819,4495,964.6332112332108,1.0
20264,1.0,847,2026-08-06T21:10,COMPLETA,177500.0479,1092.8052631578946,19.5,1018.0,3239.4,10,0.625,19,0,1,819,4495,964.6332112332108,1.0
20264,1.0,848,2026-08-06T21:20,COMPLETA,176156.3231,1164.6842105263158,41.5,975.0,3276.5,10,0.5708333333333333,19,0,1,822,4512,964.327737226277,1.0
20264,1.0,849,2026-08-06T21:30,COMPLETA,172802.2681,1166.9473684210527,55.0,1141.0,3538.0,10,0.575,19,0,0,824,4519,964.4745145631064,1.0
20264,1.0,850,2026-08-06T21:40,COMPLETA,166932.9822,1166.9473684210527,55.0,1141.0,3538.0,10,0.575,19,0,0,825,4524,965.3375757575753,1.0
20264,1.0,851,2026-08-06T21:50,COMPLETA,195214.6444,1091.1190476190477,4.5,1146.0,3761.7,11,0.625,21,0,0,826,4525,966.6754237288131,1.0
20264,1.0,852,2026-08-06T22:00,COMPLETA,199190.7739,1091.1190476190477,4.5,1146.0,3761.7,11,0.625,21,0,0,827,4528,966.6721886336151,1.0
20264,1.0,853,2026-08-06T22:10,COMPLETA,185853.2638,1091.1190476190477,4.5,1146.0,3761.7,11,0.625,21,0,0,828,4532,965.6776570048305,1.0
20264,1.0,854,2026-08-06T22:20,COMPLETA,200211.9395,1091.1190476190477,4.5,1146.0,3761.7,11,0.625,21,0,0,829,4534,966.9784077201443,1.0
20264,1.0,855,2026-08-06T22:30,COMPLETA,192445.0909,1091.1190476190477,4.5,1146.0,3761.7,11,0.625,21,0,0,832,4557,964.7665865384611,1.0
20264,1.0,856,2026-08-06T22:40,COMPLETA,200970.1793,1069.8625,99.0,1409.0,4689.6,14,0.5845588235294118,24,0,0,833,4566,965.8617046818722,1.0
20264,1.0,857,2026-08-06T22:50,COMPLETA,232310.8666,1037.626923076923,53.5,1397.0,4916.6,15,0.6214285714285714,26,0,0,834,4571,964.9146282973616,1.0
20264,1.0,858,2026-08-06T23:00,COMPLETA,208180.6985,987.9642857142857,34.0,1528.0,5333.3,15,0.675,28,0,14,835,4575,964.2031137724547,1.0
20264,1.0,859,2026-08-06T23:10,COMPLETA,3175.4717,872.8666666666667,38.2,130.0,637.0999999999999,3,0.5,3,0,1,835,4575,964.2031137724547,1.0
20264,1.0,860,2026-08-06T23:20,COMPLETA,3041.8566,1032.8999999999999,38.2,160.0,605.9,2,0.78125,3,0,0,835,4575,964.2031137724547,1.0
20264,1.0,861,2026-08-06T23:30,COMPLETA,2979.9414,1032.8999999999999,38.2,160.0,605.9,2,0.78125,3,0,1,835,4575,964.2031137724547,1.0
20264,1.0,862,2026-08-06T23:40,COMPLETA,2927.8906,1530.25,1470.5,97.0,325.5,1,0.7083333333333334,2,0,0,835,4575,964.2031137724547,1.0
20264,1.0,863,2026-08-06T23:50,COMPLETA,3223.5801,1070.8333333333333,39.5,136.0,504.0,2,0.5416666666666666,3,0,0,835,4575,964.2031137724547,1.0
20264,1.0,864,2026-08-07T00:00,COMPLETA,3202.0209,1070.8333333333333,39.5,136.0,504.0,2,0.5416666666666666,3,0,0,835,4575,964.2031137724547,1.0
20264,1.0,865,2026-08-07T00:10,COMPLETA,3263.6913,1070.8333333333333,39.5,136.0,504.0,2,0.5416666666666666,3,0,0,835,4575,964.2031137724547,1.0
20264,1.0,866,2026-08-07T00:20,COMPLETA,3390.9605,846.5,39.5,193.0,709.5,3,0.4444444444444444,4,0,0,836,4582,964.246531100478,1.0
20264,1.0,867,2026-08-07T00:30,COMPLETA,4415.5952,721.4,131.0,233.0,889.5,4,0.4270833333333333,5,0,0,836,4582,964.246531100478,1.0
20264,1.0,868,2026-08-07T00:40,COMPLETA,4606.0161,721.4,131.0,233.0,889.5,4,0.4270833333333333,5,0,0,837,4585,964.2777777777774,1.0
20264,1.0,869,2026-08-07T00:50,COMPLETA,4321.5994,721.4,131.0,233.0,889.5,4,0.4270833333333333,5,0,0,840,4603,963.3541666666663,1.0
20264,1.0,870,2026-08-07T01:00,COMPLETA,4982.8893,629.1666666666666,65.0,242.0,963.0,4,0.5104166666666666,6,0,0,842,4608,963.996555819477,1.0
20264,1.0,871,2026-08-07T01:10,COMPLETA,8394.1522,915.9375,84.5,452.0,1665.0,7,0.39473684210526316,8,0,1,843,4612,965.2451957295369,1.0
20264,1.0,872,2026-08-07T01:20,COMPLETA,6173.8088,678.0125,1.0,339.0,1320.9,5,0.6346153846153846,8,0,0,843,4612,965.2451957295369,1.0
20264,1.0,873,2026-08-07T01:30,COMPLETA,8016.7675,854.0111111111112,1.0,529.0,1830.1,8,0.4791666666666667,9,0,1,843,4612,965.2451957295369,1.0
20264,1.0,874,2026-08-07T01:40,COMPLETA,8025.4513,712.4888888888888,47.4,558.0,1861.2,8,0.4375,9,0,1,844,4617,966.209360189573,1.0
20264,1.0,875,2026-08-07T01:50,COMPLETA,8777.3397,760.1666666666666,1.0,539.0,1738.5,6,0.5625,9,0,1,846,4635,966.6249408983447,1.0
20264,1.0,876,2026-08-07T02:00,COMPLETA,11049.2472,762.49,1.0,429.0,1561.5,6,0.5625,10,0,0,846,4635,966.6249408983447,1.0
20264,1.0,877,2026-08-07T02:10,COMPLETA,11037.2192,762.49,1.0,429.0,1561.5,6,0.5625,10,0,0,848,4643,966.7179245283014,1.0
20264,1.0,878,2026-08-07T02:20,COMPLETA,16773.4323,729.3545454545455,1.0,762.0,2350.7,9,0.42934782608695654,11,0,0,852,4675,965.2403755868539,1.0
20264,1.0,879,2026-08-07T02:30,COMPLETA,17853.3711,654.0333333333333,1.0,616.0,2082.0,8,0.48863636363636365,12,0,0,852,4675,965.2403755868539,1.0
20264,1.0,880,2026-08-07T02:40,COMPLETA,22238.6752,633.4692307692308,1.0,801.0,2528.1,9,0.4891304347826087,13,0,2,853,4683,964.1535756154742,1.0
20264,1.0,881,2026-08-07T02:50,COMPLETA,11894.61,685.4545454545455,1.0,489.0,1753.5,6,0.5902777777777778,11,0,0,854,4684,965.4367681498824,1.0
20264,1.0,882,2026-08-07T03:00,COMPLETA,11869.9635,685.4545454545455,1.0,489.0,1753.5,6,0.5902777777777778,11,0,0,855,4691,966.7309941520463,1.0
20264,1.0,883,2026-08-07T03:10,COMPLETA,51109.6947,865.3866666666667,1.0,682.0,2501.6,11,0.4846938775510204,15,0,3,855,4691,966.7309941520463,1.0
20264,1.0,884,2026-08-07T03:20,COMPLETA,21106.2506,673.2416666666667,1.0,680.0,2116.2,8,0.4943181818181818,12,0,2,857,4709,966.7578763127183,1.0
20264,1.0,885,2026-08-07T03:30,COMPLETA,10792.7902,824.0,67.5,487.0,1630.5,6,0.4930555555555556,9,0,0,858,4718,967.1637529137523,1.0
20264,1.0,886,2026-08-07T03:40,COMPLETA,46101.8983,944.9,67.5,588.0,2031.3,7,0.5526315789473685,12,0,1,860,4734,967.2139534883715,1.0
20264,1.0,887,2026-08-07T03:50,COMPLETA,63047.2569,1007.6153846153846,67.5,652.0,2227.0,7,0.6486486486486487,13,0,1,861,4739,966.571428571428,1.0
20264,1.0,888,2026-08-07T04:00,COMPLETA,65133.0546,991.1153846153846,5.0,749.0,2503.5,8,0.5260416666666666,13,0,0,862,4745,967.4593967517396,1.0
20264,1.0,889,2026-08-07T04:10,COMPLETA,99862.291,1038.4933333333333,93.5,923.0,3090.7,10,0.5147058823529411,15,0,2,864,4750,966.6995370370365,1.0
20264,1.0,890,2026-08-07T04:20,COMPLETA,73785.7766,920.3214285714286,24.0,715.0,2421.5,9,0.49537037037037035,14,0,0,864,4750,966.6995370370365,1.0
20264,1.0,891,2026-08-07T04:30,COMPLETA,112697.1208,987.7125,67.5,1010.0,3238.2,12,0.44921875,16,0,1,864,4750,966.6995370370365,1.0
20264,1.0,892,2026-08-07T04:40,COMPLETA,105395.3223,881.7058823529412,57.5,930.0,2961.0,10,0.5,17,0,1,864,4750,966.6995370370365,1.0
20264,1.0,893,2026-08-07T04:50,COMPLETA,96411.051,891.0625,57.5,1008.0,3012.0,10,0.49166666666666664,16,0,1,867,4760,965.3372549019603,1.0
20264,1.0,894,2026-08-07T05:00,COMPLETA,115026.9993,957.6333333333333,117.5,858.0,2787.0,10,0.4666666666666667,15,0,0,869,4767,967.0395857307244,1.0
20264,1.0,895,2026-08-07T05:10,COMPLETA,112715.7899,957.6333333333333,117.5,858.0,2787.0,10,0.4666666666666667,15,0,1,869,4767,967.0395857307244,1.0
20264,1.0,896,2026-08-07T05:20,COMPLETA,119693.4431,995.3928571428571,57.5,777.0,2485.5,7,0.625,14,0,0,871,4778,967.1554535017217,1.0
20264,1.0,897,2026-08-07T05:30,COMPLETA,127444.2802,995.3928571428571,57.5,777.0,2485.5,7,0.625,14,0,0,873,4786,968.0777777777772,1.0
20264,1.0,898,2026-08-07T05:40,COMPLETA,124621.3957,995.3928571428571,57.5,777.0,2485.5,7,0.625,14,0,0,873,4786,968.0777777777772,1.0
20264,1.0,899,2026-08-07T05:50,COMPLETA,151500.9549,1002.2647058823529,89.0,1119.0,3545.0,10,0.5333333333333333,17,0,0,875,4797,969.7796571428566,1.0
20264,1.0,900,2026-08-07T06:00,COMPLETA,147931.196801,1002.2647058823529,89.0,1119.0,3545.0,10,0.5333333333333333,17,0,0,877,4806,970.5320410490303,1.0
20264,1.0,901,2026-08-07T06:10,COMPLETA,163705.4678,968.6210526315789,89.0,1210.0,4054.0,12,0.54296875,19,0,0,878,4812,969.5701594533025,1.0
20264,1.0,902,2026-08-07T06:20,COMPLETA,196065.589201,1035.2681818181818,18.5,1175.0,4085.2,12,0.609375,22,0,0,878,4812,969.5701594533025,1.0
20264,1.0,903,2026-08-07T06:30,COMPLETA,212303.9195,1075.7217391304348,78.5,1244.0,4416.4,13,0.5984848484848485,23,0,0,880,4816,970.6856818181815,1.0
20264,1.0,904,2026-08-07T06:40,COMPLETA,210426.5628,1075.7217391304348,78.5,1244.0,4416.4,13,0.5984848484848485,23,0,0,880,4816,970.6856818181815,1.0
20264,1.0,905,2026-08-07T06:50,COMPLETA,208283.7286,1075.7217391304348,78.5,1244.0,4416.4,13,0.5984848484848485,23,0,0,883,4831,968.4177802944504,1.0
20264,1.0,906,2026-08-07T07:00,COMPLETA,205845.9572,1064.6125,93.5,1246.0,4539.6,14,0.5919117647058824,24,0,9,884,4838,967.8194570135743,1.0
20264,1.0,907,2026-08-07T07:10,COMPLETA,54864.050499,1011.0600000000001,57.5,631.0,1995.3,7,0.48026315789473684,10,0,2,884,4838,967.8194570135743,1.0
20264,1.0,908,2026-08-07T07:20,COMPLETA,14371.518,840.1428571428571,77.0,502.0,1473.0,5,0.45,7,0,0,884,4838,967.8194570135743,1.0
20264,1.0,909,2026-08-07T07:30,COMPLETA,13198.8627,840.1428571428571,77.0,502.0,1473.0,5,0.45,7,0,1,884,4838,967.8194570135743,1.0
20264,1.0,910,2026-08-07T07:40,COMPLETA,17277.152401,886.7142857142857,93.5,625.0,1717.5,5,0.4583333333333333,7,0,0,884,4838,967.8194570135743,1.0
20264,1.0,911,2026-08-07T07:50,COMPLETA,16940.280399,886.7142857142857,93.5,625.0,1717.5,5,0.4583333333333333,7,0,1,884,4838,967.8194570135743,1.0
20264,1.0,912,2026-08-07T08:00,COMPLETA,45494.8028,1111.5,410.0,379.0,1228.5,4,0.5520833333333334,7,0,0,884,4838,967.8194570135743,1.0
20264,1.0,913,2026-08-07T08:10,COMPLETA,90349.937,966.6111111111111,43.0,581.0,1807.5,6,0.4765625,9,0,2,884,4838,967.8194570135743,1.0
20264,1.0,914,2026-08-07T08:20,COMPLETA,46756.0716,966.6875,61.0,491.0,1576.5,5,0.5,8,0,1,884,4838,967.8194570135743,1.0
20264,1.0,915,2026-08-07T08:30,COMPLETA,145253.659499,1251.9333333333334,374.0,506.0,1691.2,5,0.5769230769230769,9,0,1,885,4839,967.7880225988697,1.0
20264,1.0,916,2026-08-07T08:40,COMPLETA,78599.7323,1148.0,463.0,521.0,1561.5,4,0.6041666666666666,8,0,0,885,4845,967.7880225988697,1.0
20264,1.0,917,2026-08-07T08:50,COMPLETA,73351.636599,1148.0,463.0,521.0,1561.5,4,0.6041666666666666,8,0,0,885,4847,967.7880225988697,1.0
20264,1.0,918,2026-08-07T09:00,COMPLETA,68427.2209,1148.0,463.0,521.0,1561.5,4,0.6041666666666666,8,0,0,887,4858,968.1329199549039,1.0
20264,1.0,919,2026-08-07T09:10,COMPLETA,71882.6365,1148.0,463.0,521.0,1561.5,4,0.6041666666666666,8,0,0,888,4861,969.2843468468465,1.0
20264,1.0,920,2026-08-07T09:20,COMPLETA,122925.7162,1142.5777777777778,477.5,584.0,1797.6,6,0.4765625,9,0,1,891,4870,971.5433221099884,1.0
20264,1.0,921,2026-08-07T09:30,COMPLETA,73677.088099,1148.0,463.0,521.0,1561.5,4,0.6041666666666666,8,0,0,891,4870,971.5433221099884,1.0
20264,1.0,922,2026-08-07T09:40,COMPLETA,72903.745399,1112.55,289.0,539.0,1828.5,6,0.5069444444444444,10,0,0,891,4870,971.5433221099884,1.0
20264,1.0,923,2026-08-07T09:50,COMPLETA,64226.4452,1024.2727272727273,168.5,547.0,1842.0,6,0.5625,11,0,0,893,4885,970.7923852183646,1.0
20264,1.0,924,2026-08-07T10:00,COMPLETA,59719.3122,1024.2727272727273,168.5,547.0,1842.0,6,0.5625,11,0,0,894,4886,970.7903803131987,1.0
20264,1.0,925,2026-08-07T10:10,COMPLETA,57515.5224,1024.2727272727273,168.5,547.0,1842.0,6,0.5625,11,0,0,895,4888,972.0067039106141,1.0
20264,1.0,926,2026-08-07T10:20,COMPLETA,63092.240701,914.6153846153846,161.0,807.0,2530.5,8,0.4791666666666667,13,0,0,895,4888,972.0067039106141,1.0
20264,1.0,927,2026-08-07T10:30,COMPLETA,57341.2046,914.6153846153846,161.0,807.0,2530.5,8,0.4791666666666667,13,0,0,897,4906,972.1086956521735,1.0
20264,1.0,928,2026-08-07T10:40,COMPLETA,69493.4228,927.4666666666667,154.5,800.0,2520.0,7,0.6369047619047619,15,0,0,898,4914,971.1915367483292,1.0
20264,1.0,929,2026-08-07T10:50,COMPLETA,93604.9393,965.1875,114.5,788.0,2742.0,8,0.5833333333333334,16,0,0,900,4926,970.2352222222218,1.0
20264,1.0,930,2026-08-07T11:00,COMPLETA,87723.525301,958.8611111111111,45.5,978.0,3087.0,9,0.5925925925925926,18,0,0,901,4934,970.7854605993336,1.0
20264,1.0,931,2026-08-07T11:10,COMPLETA,71126.3546,908.05,10.0,1173.0,3823.5,13,0.5340909090909091,20,0,2,902,4943,970.5523281596448,1.0
20264,1.0,932,2026-08-07T11:20,COMPLETA,94103.5958,878.9047619047619,50.0,1230.0,3864.0,12,0.5625,21,0,2,904,4955,969.0527654867252,1.0
20264,1.0,933,2026-08-07T11:30,COMPLETA,85755.6793,953.7894736842105,47.0,1036.0,3391.8,10,0.5982142857142857,19,0,1,905,4962,968.0295027624305,1.0
20264,1.0,934,2026-08-07T11:40,COMPLETA,67235.2953,943.7647058823529,101.0,1013.0,3139.5,9,0.5648148148148148,17,0,0,905,4962,968.0295027624305,1.0
20264,1.0,935,2026-08-07T11:50,COMPLETA,68328.8725,892.8555555555555,74.5,1075.0,3299.7,10,0.5491071428571429,18,0,1,905,4962,968.0295027624305,1.0
20264,1.0,936,2026-08-07T12:00,COMPLETA,85756.538799,991.1333333333334,51.5,983.0,3077.7,9,0.625,18,0,1,906,4968,967.6657836644587,1.0
20264,1.0,937,2026-08-07T12:10,COMPLETA,77869.5707,933.0294117647059,74.5,1147.0,3398.1,10,0.5446428571428571,17,0,1,906,4968,967.6657836644587,1.0
20264,1.0,938,2026-08-07T12:20,COMPLETA,88028.4128,982.8055555555555,44.5,888.0,2892.0,8,0.6510416666666666,18,0,1,907,4977,968.1121278941562,1.0
20264,1.0,939,2026-08-07T12:30,COMPLETA,75133.734101,915.9444444444445,77.5,1064.0,3238.5,10,0.5041666666666667,18,0,0,908,4987,968.8581497797353,1.0
20264,1.0,940,2026-08-07T12:40,COMPLETA,81771.853699,959.4473684210526,77.5,1000.0,3180.0,9,0.5879629629629629,19,0,2,910,4998,969.0430769230765,1.0
20264,1.0,941,2026-08-07T12:50,COMPLETA,93825.0178,1010.3611111111111,140.5,977.0,3025.5,8,0.6302083333333334,18,0,1,910,4998,969.0430769230765,1.0
20264,1.0,942,2026-08-07T13:00,COMPLETA,115908.012199,1148.442105263158,74.0,1113.0,3393.7,9,0.645,19,0,1,913,5012,966.5050383351584,1.0
20264,1.0,943,2026-08-07T13:10,COMPLETA,106920.3311,1094.1944444444443,74.5,1017.0,3205.5,9,0.5787037037037037,18,0,0,913,5012,966.5050383351584,1.0
20264,1.0,944,2026-08-07T13:20,COMPLETA,107103.8542,1094.1944444444443,74.5,1017.0,3205.5,9,0.5787037037037037,18,0,0,913,5012,966.5050383351584,1.0
20264,1.0,945,2026-08-07T13:30,COMPLETA,100632.9456,1094.1944444444443,74.5,1017.0,3205.5,9,0.5787037037037037,18,0,0,914,5016,965.7566739606123,1.0
20264,1.0,946,2026-08-07T13:40,COMPLETA,105611.580099,1094.1944444444443,74.5,1017.0,3205.5,9,0.5787037037037037,18,0,0,914,5016,965.7566739606123,1.0
20264,1.0,947,2026-08-07T13:50,COMPLETA,129691.6303,1058.1315789473683,77.5,1162.0,3605.5,10,0.525,19,0,0,915,5023,966.6787978142072,1.0
20264,1.0,948,2026-08-07T14:00,COMPLETA,100019.603099,1100.35,74.5,1170.0,3615.0,10,0.55,20,0,0,917,5031,968.6183206106866,1.0
20264,1.0,949,2026-08-07T14:10,COMPLETA,87255.845401,1100.35,74.5,1170.0,3615.0,10,0.55,20,0,0,919,5044,967.1795429815013,1.0
20264,1.0,950,2026-08-07T14:20,COMPLETA,117177.3587,1078.5,82.0,1170.0,3744.0,10,0.5791666666666667,21,0,0,919,5044,967.1795429815013,1.0
20264,1.0,951,2026-08-07T14:30,COMPLETA,124991.9434,1078.5,82.0,1170.0,3744.0,10,0.5791666666666667,21,0,0,921,5055,965.4636264929421,1.0
20264,1.0,952,2026-08-07T14:40,COMPLETA,128918.4895,1043.7727272727273,32.0,1302.0,4115.5,10,0.6041666666666666,22,0,0,921,5055,965.4636264929421,1.0
20264,1.0,953,2026-08-07T14:50,COMPLETA,132175.1648,1043.7727272727273,32.0,1302.0,4115.5,10,0.6041666666666666,22,0,0,922,5060,964.9224511930582,1.0
20264,1.0,954,2026-08-07T15:00,COMPLETA,129037.2943,1043.7727272727273,32.0,1302.0,4115.5,10,0.6041666666666666,22,0,10,923,5064,966.0811484290354,1.0
20264,1.0,955,2026-08-07T15:10,SIN_DEMANDA,0,,,,,,,0,0,0,923,5064,966.0811484290354,1.0
20264,1.0,956,2026-08-07T15:20,COMPLETA,1246.3468,1544.0,1544.0,75.0,232.5,1,0.2916666666666667,1,0,0,923,5064,966.0811484290354,1.0
20264,1.0,957,2026-08-07T15:30,COMPLETA,1417.8628,1544.0,1544.0,75.0,232.5,1,0.2916666666666667,1,0,0,923,5064,966.0811484290354,1.0
20264,1.0,958,2026-08-07T15:40,COMPLETA,2552.6071,846.7333333333332,369.0,124.0,542.8,2,0.5625,3,0,1,923,5064,966.0811484290354,1.0
20264,1.0,959,2026-08-07T15:50,COMPLETA,2775.0184,813.8333333333334,330.0,158.0,537.0,2,0.5416666666666666,3,0,0,923,5064,966.0811484290354,1.0
20264,1.0,960,2026-08-07T16:00,COMPLETA,3429.6564,1112.6166666666666,123.0,261.0,1109.1,5,0.45454545454545453,6,0,2,923,5064,966.0811484290354,1.0
20264,1.0,961,2026-08-07T16:10,COMPLETA,3037.9604,641.125,123.0,197.0,715.5,3,0.4861111111111111,4,0,0,923,5064,966.0811484290354,1.0
20264,1.0,962,2026-08-07T16:20,COMPLETA,3502.7918,838.8,123.0,199.0,778.5,3,0.6111111111111112,5,0,0,925,5072,966.4166486486483,1.0
20264,1.0,963,2026-08-07T16:30,COMPLETA,3486.6512,838.8,123.0,199.0,778.5,3,0.6111111111111112,5,0,0,925,5072,966.4166486486483,1.0
20264,1.0,964,2026-08-07T16:40,COMPLETA,3852.6037,643.6,123.0,331.0,1238.1,5,0.5480769230769231,7,0,1,926,5082,965.7903887688981,1.0
20264,1.0,965,2026-08-07T16:50,COMPLETA,4195.4485,623.1428571428571,7.0,363.0,1264.5,5,0.5166666666666667,7,0,0,927,5092,965.3175836030201,1.0
20264,1.0,966,2026-08-07T17:00,COMPLETA,4182.6013,606.8125,7.0,465.0,1537.5,6,0.4861111111111111,8,0,0,927,5092,965.3175836030201,1.0
20264,1.0,967,2026-08-07T17:10,COMPLETA,4373.6178,606.8125,7.0,465.0,1537.5,6,0.4861111111111111,8,0,0,928,5094,964.9532327586203,1.0
20264,1.0,968,2026-08-07T17:20,COMPLETA,4715.2354,606.8125,7.0,465.0,1537.5,6,0.4861111111111111,8,0,0,929,5102,965.5835306781481,1.0
20264,1.0,969,2026-08-07T17:30,COMPLETA,4825.5334,603.1888888888889,7.0,536.0,1767.9,7,0.4868421052631579,9,0,1,931,5116,967.1759398496237,1.0
20264,1.0,970,2026-08-07T17:40,COMPLETA,4591.394,606.8125,7.0,465.0,1537.5,6,0.4861111111111111,8,0,0,931,5116,967.1759398496237,1.0
20264,1.0,971,2026-08-07T17:50,COMPLETA,13761.8027,856.25,7.0,591.0,2026.5,7,0.5892857142857143,12,0,0,934,5130,968.7792291220552,1.0
20264,1.0,972,2026-08-07T18:00,COMPLETA,13760.9588,856.25,7.0,591.0,2026.5,7,0.5892857142857143,12,0,0,936,5143,967.5110042735038,1.0
20264,1.0,973,2026-08-07T18:10,COMPLETA,30163.6692,1023.9285714285714,7.0,756.0,2553.9,9,0.5652173913043478,14,0,2,937,5147,966.6387406616857,1.0
20264,1.0,974,2026-08-07T18:20,COMPLETA,22786.7482,890.4214285714287,7.0,708.0,2735.7,10,0.5677083333333334,14,0,1,937,5147,966.6387406616857,1.0
20264,1.0,975,2026-08-07T18:30,COMPLETA,23635.3699,700.0466666666667,41.5,880.0,3164.1,12,0.5401785714285714,15,0,1,940,5165,966.4138297872336,1.0
20264,1.0,976,2026-08-07T18:40,COMPLETA,23905.8249,714.7466666666667,41.5,837.0,2981.1,11,0.5555555555555556,15,0,0,940,5165,966.4138297872336,1.0
20264,1.0,977,2026-08-07T18:50,COMPLETA,31294.4581,718.40625,41.5,925.0,3056.7,12,0.5491071428571429,16,0,3,941,5170,967.0281615302864,1.0
20264,1.0,978,2026-08-07T19:00,COMPLETA,31584.6181,807.1466666666668,75.2,849.0,2767.5,10,0.5817307692307693,15,0,1,942,5175,967.7786624203817,1.0
20264,1.0,979,2026-08-07T19:10,COMPLETA,47834.9235,911.74375,41.5,811.0,2863.8,11,0.5787037037037037,16,0,2,942,5175,967.7786624203817,1.0
20264,1.0,980,2026-08-07T19:20,COMPLETA,35115.3924,822.08,21.0,748.0,2523.6,9,0.615,15,0,0,942,5175,967.7786624203817,1.0
20264,1.0,981,2026-08-07T19:30,COMPLETA,42381.3335,800.575,41.5,887.0,3193.2,12,0.5466101694915254,16,0,3,942,5177,967.7786624203817,1.0
20264,1.0,982,2026-08-07T19:40,COMPLETA,46000.9436,788.1374999999999,13.5,782.0,2813.1,10,0.5961538461538461,16,0,1,942,5177,967.7786624203817,1.0
20264,1.0,983,2026-08-07T19:50,COMPLETA,69451.8566,900.4588235294117,18.5,992.0,3280.5,12,0.5708333333333333,17,0,2,943,5181,967.3612937433717,1.0
20264,1.0,984,2026-08-07T20:00,COMPLETA,67752.8135,862.1125,41.5,819.0,2921.1,11,0.5201612903225806,16,0,1,943,5183,967.3612937433717,1.0
20264,1.0,985,2026-08-07T20:10,COMPLETA,94247.162,964.26875,21.0,952.0,3180.6,11,0.5161290322580645,16,0,0,944,5187,966.7438559322028,1.0
20264,1.0,986,2026-08-07T20:20,COMPLETA,107125.3467,982.6555555555556,8.0,879.0,3135.9,11,0.6481481481481481,18,0,0,946,5198,968.4471458773779,1.0
20264,1.0,987,2026-08-07T20:30,COMPLETA,107218.0963,982.6555555555556,8.0,879.0,3135.9,11,0.6481481481481481,18,0,0,948,5206,970.3314345991556,1.0
20264,1.0,988,2026-08-07T20:40,COMPLETA,106155.5208,982.6555555555556,8.0,879.0,3135.9,11,0.6481481481481481,18,0,1,948,5208,970.3314345991556,1.0
20264,1.0,989,2026-08-07T20:50,COMPLETA,103443.6407,1000.9,27.0,1028.0,3294.6,10,0.6071428571428571,17,0,0,951,5216,972.5558359621446,1.0
20264,1.0,990,2026-08-07T21:00,COMPLETA,103622.0014,957.1833333333333,19.0,893.0,3212.1,10,0.6473214285714286,18,0,0,952,5221,973.3598739495793,1.0
20264,1.0,991,2026-08-07T21:10,COMPLETA,104224.1468,957.1833333333333,19.0,893.0,3212.1,10,0.6473214285714286,18,0,0,954,5237,973.4597484276725,1.0
20264,1.0,992,2026-08-07T21:20,COMPLETA,98987.5276,928.336842105263,26.5,713.0,2841.9,10,0.7163461538461539,19,0,1,955,5245,972.4739267015701,1.0
20264,1.0,993,2026-08-07T21:30,COMPLETA,116564.6665,970.6333333333332,19.0,1074.0,3808.2,13,0.5340909090909091,18,0,0,957,5263,973.0711598746076,1.0
20264,1.0,994,2026-08-07T21:40,COMPLETA,115414.8957,970.6333333333332,19.0,1074.0,3808.2,13,0.5340909090909091,18,0,0,957,5263,973.0711598746076,1.0
20264,1.0,995,2026-08-07T21:50,COMPLETA,106947.358,943.4263157894736,23.5,935.0,3282.3,11,0.6088709677419355,19,0,0,957,5263,973.0711598746076,1.0
20264,1.0,996,2026-08-07T22:00,COMPLETA,103393.4303,1006.925,26.5,942.0,3524.2,11,0.6290322580645161,20,0,0,959,5273,971.782168925964,1.0
20264,1.0,997,2026-08-07T22:10,COMPLETA,101690.205,1006.925,26.5,942.0,3524.2,11,0.6290322580645161,20,0,0,959,5273,971.782168925964,1.0
20264,1.0,998,2026-08-07T22:20,COMPLETA,100803.4965,1006.925,26.5,942.0,3524.2,11,0.6290322580645161,20,0,0,960,5279,970.8506249999995,1.0
20264,1.0,999,2026-08-07T22:30,COMPLETA,142077.6882,1038.3857142857141,23.5,807.0,3270.3,11,0.6491935483870968,21,0,0,961,5286,971.6472424557747,1.0
20264,1.0,1000,2026-08-07T22:40,COMPLETA,142327.2802,1038.3857142857141,23.5,807.0,3270.3,11,0.6491935483870968,21,0,0,962,5290,971.2349272349268,1.0
20264,1.0,1001,2026-08-07T22:50,COMPLETA,128629.1652,1040.3954545454544,26.5,942.0,3744.1,12,0.64453125,22,0,0,964,5307,969.4143153526967,1.0
20264,1.0,1002,2026-08-07T23:00,COMPLETA,132075.0393,997.4375,26.5,1299.0,5253.8,16,0.6284722222222222,24,0,16,965,5314,969.2012435233156,1.0
20264,1.0,1003,2026-08-07T23:10,COMPLETA,956.5729,377.6,377.6,32.0,196.8,1,0.125,1,0,1,965,5314,969.2012435233156,1.0
20264,1.0,1004,2026-08-07T23:20,SIN_DEMANDA,0,,,,,,,0,0,0,965,5314,969.2012435233156,1.0
20264,1.0,1005,2026-08-07T23:30,COMPLETA,2315.5463,103.1,94.0,90.0,400.2,2,0.34375,2,0,0,965,5314,969.2012435233156,1.0
20264,1.0,1006,2026-08-07T23:40,COMPLETA,2446.6825,103.1,94.0,90.0,400.2,2,0.34375,2,0,0,965,5314,969.2012435233156,1.0
20264,1.0,1007,2026-08-07T23:50,COMPLETA,2799.8633,688.2,94.0,207.0,850.8,4,0.328125,4,0,2,965,5314,969.2012435233156,1.0
20264,1.0,1008,2026-08-08T00:00,COMPLETA,2214.0206,836.0,94.0,140.0,450.0,2,0.2708333333333333,2,0,0,965,5314,969.2012435233156,1.0
20264,1.0,1009,2026-08-08T00:10,COMPLETA,2493.2926,601.0,94.0,158.0,660.0,3,0.3076923076923077,3,0,1,965,5318,969.2012435233156,1.0
20264,1.0,1010,2026-08-08T00:20,COMPLETA,2714.5614,673.7,54.0,282.0,1150.8,5,0.3333333333333333,4,0,2,966,5328,968.7854037267076,1.0
20264,1.0,1011,2026-08-08T00:30,COMPLETA,2278.0672,575.3333333333334,54.0,196.0,704.4,3,0.375,3,0,0,968,5348,968.6360537190078,1.0
20264,1.0,1012,2026-08-08T00:40,COMPLETA,2603.381,450.1,30.4,312.0,1222.8,5,0.3611111111111111,4,0,2,969,5352,967.934881320949,1.0
20264,1.0,1013,2026-08-08T00:50,COMPLETA,2580.7748,600.1333333333333,94.0,168.0,637.2,3,0.25,3,0,1,970,5353,967.3262886597934,1.0
20264,1.0,1014,2026-08-08T01:00,COMPLETA,2505.6483,1244.7333333333333,94.0,156.0,608.4,3,0.30357142857142855,3,0,1,970,5353,967.3262886597934,1.0
20264,1.0,1015,2026-08-08T01:10,COMPLETA,2481.7207,764.6,94.0,216.0,772.8,3,0.44642857142857145,4,0,0,973,5374,967.3541623843777,1.0
20264,1.0,1016,2026-08-08T01:20,COMPLETA,2875.6425,764.6,94.0,216.0,772.8,3,0.44642857142857145,4,0,0,974,5382,968.2752566735107,1.0
20264,1.0,1017,2026-08-08T01:30,COMPLETA,3838.2595,721.9857142857143,44.0,387.0,1389.3,6,0.390625,7,0,0,978,5401,968.5127811860934,1.0
20264,1.0,1018,2026-08-08T01:40,COMPLETA,6214.636,900.7111111111111,44.0,460.0,1558.8,6,0.484375,9,0,0,979,5411,969.3672114402445,1.0
20264,1.0,1019,2026-08-08T01:50,COMPLETA,17706.6075,969.8545454545455,44.0,625.0,2173.8,9,0.38095238095238093,11,0,2,981,5419,968.4175331294591,1.0
20264,1.0,1020,2026-08-08T02:00,COMPLETA,16760.1693,1071.77,44.0,530.0,1769.4,6,0.5078125,10,0,0,983,5432,967.0606307222781,1.0
20264,1.0,1021,2026-08-08T02:10,COMPLETA,18267.8018,983.1666666666666,13.5,658.0,2203.2,9,0.4076086956521739,12,0,0,985,5443,967.8384771573599,1.0
20264,1.0,1022,2026-08-08T02:20,COMPLETA,27295.5076,1034.8076923076924,13.5,689.0,2429.7,10,0.3894230769230769,13,0,0,986,5455,968.6170385395532,1.0
20264,1.0,1023,2026-08-08T02:30,COMPLETA,26718.778,1034.8076923076924,13.5,689.0,2369.7,10,0.3894230769230769,13,0,1,987,5460,969.72502532928,1.0
20264,1.0,1024,2026-08-08T02:40,COMPLETA,60112.8246,1138.1125,13.5,832.0,2847.9,11,0.4537037037037037,16,0,1,989,5474,967.9242669362986,1.0
20264,1.0,1025,2026-08-08T02:50,COMPLETA,43190.0136,1179.6533333333334,13.5,804.0,2556.6,10,0.4567307692307692,15,0,0,989,5474,967.9242669362986,1.0
20264,1.0,1026,2026-08-08T03:00,COMPLETA,50516.0832,1134.2124999999999,13.5,689.0,2402.1,10,0.5104166666666666,16,0,2,989,5474,967.9242669362986,1.0
20264,1.0,1027,2026-08-08T03:10,COMPLETA,42703.1874,1171.3866666666665,13.5,889.0,2789.7,10,0.45982142857142855,15,0,1,989,5476,967.9242669362986,1.0
20264,1.0,1028,2026-08-08T03:20,COMPLETA,66917.5467,1151.6941176470589,13.5,1003.0,3080.7,11,0.49193548387096775,17,0,1,991,5486,969.3179616548935,1.0
20264,1.0,1029,2026-08-08T03:30,COMPLETA,70814.0952,1047.264705882353,13.5,956.0,3054.0,9,0.5925925925925926,17,0,0,992,5494,968.7919354838704,1.0
20264,1.0,1030,2026-08-08T03:40,COMPLETA,60322.9466,1016.8277777777779,4.5,1106.0,3426.3,11,0.5560344827586207,18,0,2,995,5505,968.0201005025119,1.0
20264,1.0,1031,2026-08-08T03:50,COMPLETA,77696.1123,1068.0529411764708,4.5,1020.0,3046.2,10,0.5491071428571429,17,0,0,995,5505,968.0201005025119,1.0
20264,1.0,1032,2026-08-08T04:00,COMPLETA,58058.9311,1068.0529411764708,4.5,1020.0,3046.2,10,0.5491071428571429,17,0,1,996,5514,967.3915662650596,1.0
20264,1.0,1033,2026-08-08T04:10,COMPLETA,55972.5531,1219.5222222222224,70.0,995.0,3068.7,10,0.5669642857142857,18,0,1,997,5520,966.4517552657968,1.0
20264,1.0,1034,2026-08-08T04:20,COMPLETA,74334.1622,1202.988888888889,16.5,1161.0,3540.9,11,0.5474137931034483,18,0,1,997,5520,966.4517552657968,1.0
20264,1.0,1035,2026-08-08T04:30,COMPLETA,73500.5069,1197.3277777777778,39.0,1063.0,3197.7,9,0.655,18,0,0,999,5524,966.9089089089083,1.0
20264,1.0,1036,2026-08-08T04:40,COMPLETA,76545.5724,1197.3277777777778,39.0,1063.0,3197.7,9,0.655,18,0,1,1001,5531,965.5692307692302,1.0
20264,1.0,1037,2026-08-08T04:50,COMPLETA,74786.9328,1181.361111111111,70.0,1119.0,3538.5,10,0.5666666666666667,18,0,0,1003,5540,966.3944167497502,1.0
20264,1.0,1038,2026-08-08T05:00,COMPLETA,61292.2394,1148.0,57.0,1196.0,3594.0,10,0.5916666666666667,19,0,0,1003,5540,966.3944167497502,1.0
20264,1.0,1039,2026-08-08T05:10,COMPLETA,61383.8103,1115.51,29.2,1150.0,3780.6,12,0.6208333333333333,20,0,2,1003,5540,966.3944167497502,1.0
20264,1.0,1040,2026-08-08T05:20,COMPLETA,67992.8645,897.5,20.8,1159.0,3910.5,12,0.578125,21,0,0,1005,5549,966.6691542288553,1.0
20264,1.0,1041,2026-08-08T05:30,COMPLETA,113048.4686,883.725,20.8,1334.0,4565.7,15,0.6107142857142858,24,0,0,1005,5549,966.6691542288553,1.0
20264,1.0,1042,2026-08-08T05:40,COMPLETA,108629.3547,875.66,10.0,1256.0,4655.7,15,0.6464285714285715,25,0,0,1005,5549,966.6691542288553,1.0
20264,1.0,1043,2026-08-08T05:50,COMPLETA,112087.9483,875.66,10.0,1256.0,4655.7,15,0.6464285714285715,25,0,0,1007,5551,967.155809334657,1.0
20264,1.0,1044,2026-08-08T06:00,COMPLETA,111931.1473,873.3759999999999,0.2,1267.0,4634.7,15,0.6464285714285715,25,0,0,1007,5551,967.155809334657,1.0
20264,1.0,1045,2026-08-08T06:10,COMPLETA,111019.8366,861.196153846154,0.2,1334.0,4865.1,16,0.6319444444444444,26,0,0,1009,5560,965.7536174430124,1.0
20264,1.0,1046,2026-08-08T06:20,COMPLETA,108032.2208,861.196153846154,0.2,1334.0,4865.1,16,0.6319444444444444,26,0,0,1009,5560,965.7536174430124,1.0
20264,1.0,1047,2026-08-08T06:30,COMPLETA,109044.0783,880.6037037037038,0.2,1478.0,5281.2,17,0.6452702702702703,27,0,0,1011,5572,965.9329376854596,1.0
20264,1.0,1048,2026-08-08T06:40,COMPLETA,116429.9193,841.9068965517241,0.2,1411.0,5422.4,17,0.6790540540540541,29,0,0,1012,5573,966.9689723320155,1.0
20264,1.0,1049,2026-08-08T06:50,COMPLETA,135875.3006,827.0100000000001,1.0,1544.0,5600.3,15,0.7321428571428571,30,0,0,1012,5573,966.9689723320155,1.0
20264,1.0,1050,2026-08-08T07:00,COMPLETA,138183.6517,830.71875,20.8,1710.0,6909.6,23,0.6337209302325582,32,0,20,1013,5579,967.8931885488644,1.0
20264,1.0,1051,2026-08-08T07:10,COMPLETA,3894.9752,110.05,47.8,217.0,1000.8,4,0.65625,4,0,1,1013,5579,967.8931885488644,1.0
20264,1.0,1052,2026-08-08T07:20,COMPLETA,4192.16,389.6,88.4,329.0,1298.7,5,0.5535714285714286,5,0,1,1013,5579,967.8931885488644,1.0
20264,1.0,1053,2026-08-08T07:30,COMPLETA,4411.1667,384.78000000000003,88.4,310.0,1200.0,5,0.4861111111111111,5,0,3,1013,5579,967.8931885488644,1.0
20264,1.0,1054,2026-08-08T07:40,COMPLETA,4575.6951,599.8333333333334,120.0,205.0,667.5,3,0.2777777777777778,3,0,0,1013,5579,967.8931885488644,1.0
20264,1.0,1055,2026-08-08T07:50,COMPLETA,4636.0962,699.5,124.5,213.0,827.5,4,0.3157894736842105,4,0,1,1013,5579,967.8931885488644,1.0
20264,1.0,1056,2026-08-08T08:00,COMPLETA,4902.7533,829.625,124.5,219.0,748.5,3,0.4027777777777778,4,0,0,1013,5579,967.8931885488644,1.0
20264,1.0,1057,2026-08-08T08:10,COMPLETA,6747.7442,971.9166666666666,124.5,305.0,1135.5,5,0.375,6,0,0,1013,5579,967.8931885488644,1.0
20264,1.0,1058,2026-08-08T08:20,COMPLETA,6637.0862,971.9166666666666,124.5,305.0,1135.5,5,0.375,6,0,0,1013,5579,967.8931885488644,1.0
20264,1.0,1059,2026-08-08T08:30,COMPLETA,10774.2978,1053.357142857143,120.0,328.0,1290.0,5,0.4423076923076923,7,0,0,1014,5582,967.9126232741613,1.0
20264,1.0,1060,2026-08-08T08:40,COMPLETA,14029.6616,919.75,13.0,370.0,1413.0,6,0.3984375,8,0,0,1016,5594,966.5422244094484,1.0
20264,1.0,1061,2026-08-08T08:50,COMPLETA,32201.0323,987.5,13.0,411.0,1534.5,6,0.4453125,9,0,0,1020,5621,965.0866666666662,1.0
20264,1.0,1062,2026-08-08T09:00,COMPLETA,30263.803,987.5,13.0,411.0,1534.5,6,0.4453125,9,0,0,1022,5628,964.1469667318978,1.0
20264,1.0,1063,2026-08-08T09:10,COMPLETA,66104.6882,1008.0363636363636,13.0,528.0,2000.4,8,0.41875,11,0,0,1025,5652,962.6513170731704,1.0
20264,1.0,1064,2026-08-08T09:20,COMPLETA,67970.6766,1008.0363636363636,13.0,528.0,2000.4,8,0.41875,11,0,0,1026,5661,962.4240740740737,1.0
20264,1.0,1065,2026-08-08T09:30,COMPLETA,81809.9572,932.6999999999999,13.0,587.0,2148.9,8,0.475,12,0,0,1027,5662,961.5259006815966,1.0
20264,1.0,1066,2026-08-08T09:40,COMPLETA,97409.778,983.7230769230769,13.0,721.0,2469.9,9,0.4673913043478261,13,0,0,1028,5669,962.2228599221786,1.0
20264,1.0,1067,2026-08-08T09:50,COMPLETA,94057.9753,932.7428571428571,29.0,720.0,2468.4,10,0.4567307692307692,14,0,0,1031,5701,961.32046556741,1.0
20264,1.0,1068,2026-08-08T10:00,COMPLETA,93220.0849,862.05,0.5,788.0,2770.3,12,0.425,16,0,0,1032,5708,960.4519379844958,1.0
20264,1.0,1069,2026-08-08T10:10,COMPLETA,82394.909,779.2388888888888,0.5,784.0,2925.6,12,0.5041666666666667,18,0,1,1035,5728,960.2591304347824,1.0
20264,1.0,1070,2026-08-08T10:20,COMPLETA,76412.4491,790.357894736842,0.5,981.0,3558.0,14,0.4963235294117647,19,0,3,1036,5733,959.4659266409263,1.0
20264,1.0,1071,2026-08-08T10:30,COMPLETA,75807.3743,844.9611111111111,0.5,993.0,3399.3,12,0.52734375,18,0,0,1037,5742,958.9481195756989,1.0
20264,1.0,1072,2026-08-08T10:40,COMPLETA,79428.4523,844.9611111111111,0.5,993.0,3399.3,12,0.52734375,18,0,0,1038,5747,959.675529865125,1.0
20264,1.0,1073,2026-08-08T10:50,COMPLETA,85044.9049,844.9611111111111,0.5,993.0,3399.3,12,0.52734375,18,0,0,1039,5749,958.8948989412894,1.0
20264,1.0,1074,2026-08-08T11:00,COMPLETA,84882.7352,853.411111111111,0.5,1182.0,3830.1,14,0.4963235294117647,18,0,2,1041,5763,958.9661863592696,1.0
20264,1.0,1075,2026-08-08T11:10,COMPLETA,98319.6,986.6176470588235,0.5,874.0,2931.0,10,0.5333333333333333,17,0,1,1041,5763,958.9661863592696,1.0
20264,1.0,1076,2026-08-08T11:20,COMPLETA,129651.1258,1089.5111111111112,0.5,977.0,3317.1,11,0.5517241379310345,18,0,2,1041,5763,958.9661863592696,1.0
20264,1.0,1077,2026-08-08T11:30,COMPLETA,156939.808,1013.9666666666666,0.5,1005.0,3793.8,14,0.5220588235294118,21,0,3,1042,5768,959.5713051823413,1.0
20264,1.0,1078,2026-08-08T11:40,COMPLETA,138726.9695,1038.7222222222222,0.5,865.0,2977.5,9,0.625,18,0,0,1043,5774,960.1858101629911,1.0
20264,1.0,1079,2026-08-08T11:50,COMPLETA,130840.4843,1029.1263157894737,0.5,942.0,3512.4,11,0.5846774193548387,19,0,0,1044,5775,959.8478927203063,1.0
20264,1.0,1080,2026-08-08T12:00,COMPLETA,166160.9885,1013.7809523809523,0.5,1219.0,4259.7,13,0.6098484848484849,21,0,0,1045,5777,959.7510047846887,1.0
20264,1.0,1081,2026-08-08T12:10,COMPLETA,166595.97,941.5739130434781,0.5,1133.0,4124.7,14,0.67578125,23,0,4,1046,5788,959.2086998087951,1.0
20264,1.0,1082,2026-08-08T12:20,COMPLETA,189858.409,1009.0909090909091,24.8,1139.0,4031.1,12,0.6328125,22,0,1,1049,5803,959.9142993326975,1.0
20264,1.0,1083,2026-08-08T12:30,COMPLETA,224780.1174,1041.590476190476,24.8,1064.0,3931.2,12,0.625,21,0,0,1049,5803,959.9142993326975,1.0
20264,1.0,1084,2026-08-08T12:40,COMPLETA,185802.8909,1041.590476190476,24.8,1064.0,3931.2,12,0.625,21,0,0,1050,5811,959.1019999999997,1.0
20264,1.0,1085,2026-08-08T12:50,COMPLETA,216633.3071,1041.590476190476,24.8,1064.0,3931.2,12,0.625,21,0,0,1050,5811,959.1019999999997,1.0
20264,1.0,1086,2026-08-08T13:00,COMPLETA,219003.8412,1015.6318181818181,24.8,1022.0,3688.2,11,0.728448275862069,22,0,0,1050,5811,959.1019999999997,1.0
20264,1.0,1087,2026-08-08T13:10,COMPLETA,213927.8668,1030.1478260869565,24.8,1195.0,4187.7,12,0.6953125,23,0,0,1050,5811,959.1019999999997,1.0
20264,1.0,1088,2026-08-08T13:20,COMPLETA,212409.9492,985.9458333333332,24.8,1269.0,4502.1,13,0.678030303030303,24,0,0,1052,5831,959.589733840304,1.0
20264,1.0,1089,2026-08-08T13:30,COMPLETA,207684.0113,985.9458333333332,24.8,1269.0,4502.1,13,0.678030303030303,24,0,0,1054,5844,958.2550284629979,1.0
20264,1.0,1090,2026-08-08T13:40,COMPLETA,206171.6401,961.2719999999999,10.0,1241.0,4421.1,14,0.70703125,25,0,1,1055,5849,958.9836966824643,1.0
20264,1.0,1091,2026-08-08T13:50,COMPLETA,231696.0072,886.1192307692309,10.0,1106.0,4393.2,14,0.703125,26,0,0,1056,5853,958.0888257575756,1.0
20264,1.0,1092,2026-08-08T14:00,COMPLETA,248996.4597,923.5074074074074,5.0,1425.0,5245.5,17,0.6351351351351351,27,0,0,1059,5868,956.3915958451367,0.5
20264,1.0,1093,2026-08-08T14:10,COMPLETA,241706.1797,923.5074074074074,5.0,1425.0,5245.5,17,0.6351351351351351,27,0,0,1060,5872,956.3580188679244,0.5
20264,1.0,1094,2026-08-08T14:20,COMPLETA,201173.48,923.5074074074074,5.0,1425.0,5245.5,17,0.6351351351351351,27,0,0,1061,5882,955.5646559849198,0.5
20264,1.0,1095,2026-08-08T14:30,COMPLETA,210871.4458,911.3928571428571,10.0,1279.0,5021.1,17,0.6785714285714286,28,0,0,1062,5884,954.9814500941618,0.5
20264,1.0,1096,2026-08-08T14:40,COMPLETA,215915.389,936.3700000000001,10.0,1358.0,5812.8,20,0.63125,30,0,0,1062,5884,954.9814500941618,0.5
20264,1.0,1097,2026-08-08T14:50,COMPLETA,215141.0577,936.3700000000001,10.0,1358.0,5812.8,20,0.63125,30,0,0,1062,5884,954.9814500941618,0.5
20264,1.0,1098,2026-08-08T15:00,COMPLETA,203982.5518,936.3700000000001,10.0,1358.0,5812.8,20,0.63125,30,0,17,1064,5896,956.5867481203006,0.5
20264,1.0,1099,2026-08-08T15:10,COMPLETA,4563.1275,546.5333333333333,10.0,281.0,1185.9,5,0.5,6,0,4,1064,5896,956.5867481203006,0.5
20264,1.0,1100,2026-08-08T15:20,COMPLETA,3635.1702,1121.0,1099.5,112.0,348.0,1,0.5833333333333334,2,0,0,1064,5896,956.5867481203006,0.5
20264,1.0,1101,2026-08-08T15:30,COMPLETA,3665.7768,1121.0,1099.5,112.0,348.0,1,0.5833333333333334,2,0,0,1064,5896,956.5867481203006,0.5
20264,1.0,1102,2026-08-08T15:40,COMPLETA,3678.5471,1121.0,1099.5,112.0,348.0,1,0.5833333333333334,2,0,0,1064,5896,956.5867481203006,0.5
20264,1.0,1103,2026-08-08T15:50,COMPLETA,3718.616,1121.0,1099.5,112.0,348.0,1,0.5833333333333334,2,0,0,1064,5896,956.5867481203006,0.5
20264,1.0,1104,2026-08-08T16:00,COMPLETA,3563.9798,1121.0,1099.5,112.0,348.0,1,0.5833333333333334,2,0,0,1064,5896,956.5867481203006,0.5
20264,1.0,1105,2026-08-08T16:10,COMPLETA,4427.9987,1110.875,141.0,208.0,732.5,3,0.3333333333333333,4,0,1,1065,5905,955.9542723004693,0.5
20264,1.0,1106,2026-08-08T16:20,COMPLETA,4854.8226,544.8,130.0,308.0,1038.0,4,0.3875,5,0,1,1066,5907,955.6293621013132,0.5
20264,1.0,1107,2026-08-08T16:30,COMPLETA,5582.4955,818.8,172.5,301.0,931.5,3,0.5277777777777778,5,0,0,1068,5920,955.7463483146065,0.5
20264,1.0,1108,2026-08-08T16:40,COMPLETA,5663.1734,606.4571428571428,13.0,415.0,1391.1,5,0.46153846153846156,7,0,1,1070,5929,954.068504672897,0.5
20264,1.0,1109,2026-08-08T16:50,COMPLETA,7203.6432,681.1777777777778,13.0,498.0,1827.5,7,0.44696969696969696,9,0,2,1070,5929,954.068504672897,0.5
20264,1.0,1110,2026-08-08T17:00,COMPLETA,6543.4791,807.8571428571429,13.0,432.0,1368.5,5,0.43333333333333335,7,0,0,1074,5952,953.758100558659,0.5
20264,1.0,1111,2026-08-08T17:10,COMPLETA,6970.7252,745.8125,13.0,509.0,1604.0,6,0.375,8,0,0,1076,5963,952.5986059479552,0.5
20264,1.0,1112,2026-08-08T17:20,COMPLETA,6644.7187,745.8125,13.0,509.0,1604.0,6,0.375,8,0,0,1080,5995,952.9168518518516,0.5
20264,1.0,1113,2026-08-08T17:30,COMPLETA,41739.3897,877.7,13.0,712.0,2183.4,8,0.4625,11,0,1,1080,5995,952.9168518518516,0.5
20264,1.0,1114,2026-08-08T17:40,COMPLETA,20057.5152,762.5699999999999,11.0,562.0,1802.4,6,0.5546875,10,0,0,1081,6000,952.0445883441256,0.5
20264,1.0,1115,2026-08-08T17:50,COMPLETA,19993.5948,762.5699999999999,11.0,562.0,1802.4,6,0.5546875,10,0,1,1084,6019,953.0845940959407,0.5
20264,1.0,1116,2026-08-08T18:00,COMPLETA,13117.7223,823.0555555555555,13.0,584.0,1716.0,6,0.4791666666666667,9,0,1,1085,6024,952.5051612903223,0.5
20264,1.0,1117,2026-08-08T18:10,COMPLETA,9261.1201,805.0555555555555,13.0,562.0,1813.0,6,0.4513888888888889,9,0,0,1086,6026,951.7477900552484,0.5
20264,1.0,1118,2026-08-08T18:20,COMPLETA,16135.3399,881.75,11.0,560.0,1750.0,6,0.5069444444444444,10,0,0,1086,6028,951.7477900552484,0.5
20264,1.0,1119,2026-08-08T18:30,COMPLETA,32228.2906,988.2636363636364,13.0,586.0,1874.2,7,0.506578947368421,11,0,2,1088,6036,951.4964154411763,0.5
20264,1.0,1120,2026-08-08T18:40,COMPLETA,34364.977,1096.3799999999999,45.5,533.0,1750.9,6,0.53125,10,0,1,1089,6044,952.2342516069787,0.5
20264,1.0,1121,2026-08-08T18:50,COMPLETA,26497.8774,1092.83,45.5,546.0,1710.4,6,0.53125,10,0,1,1091,6050,950.9196150320804,0.5
20264,1.0,1122,2026-08-08T19:00,COMPLETA,30394.9268,1055.9,45.5,608.0,1822.0,6,0.4861111111111111,10,0,1,1091,6050,950.9196150320804,0.5
20264,1.0,1123,2026-08-08T19:10,COMPLETA,25348.6111,1170.5,14.0,512.0,1608.0,5,0.5666666666666667,9,0,0,1093,6061,950.644464775846,0.5
20264,1.0,1124,2026-08-08T19:20,COMPLETA,79802.2948,950.5583333333333,29.0,654.0,2151.0,7,0.5955882352941176,12,0,2,1094,6065,951.6466179159046,0.5
20264,1.0,1125,2026-08-08T19:30,COMPLETA,92018.5064,1135.05,29.0,643.0,2040.3,6,0.71875,12,0,1,1094,6065,951.6466179159046,0.5
20264,1.0,1126,2026-08-08T19:40,COMPLETA,76617.452,1015.1750000000001,110.0,642.0,1960.8,6,0.6953125,12,0,2,1094,6066,951.6466179159046,0.5
20264,1.0,1127,2026-08-08T19:50,COMPLETA,67136.0559,1064.5636363636365,11.0,538.0,1788.6,6,0.6328125,11,0,1,1095,6074,952.4697716894974,0.5
20264,1.0,1128,2026-08-08T20:00,COMPLETA,42264.9701,1015.8181818181819,59.0,941.0,2671.5,8,0.453125,11,0,0,1095,6074,952.4697716894974,0.5
20264,1.0,1129,2026-08-08T20:10,COMPLETA,41575.7013,1015.8181818181819,59.0,941.0,2671.5,8,0.453125,11,0,0,1097,6088,954.1119416590699,0.5
20264,1.0,1130,2026-08-08T20:20,COMPLETA,51454.3704,887.8153846153847,57.0,900.0,2638.8,9,0.495,13,0,1,1099,6098,952.6515013648768,0.5
20264,1.0,1131,2026-08-08T20:30,COMPLETA,42332.5076,960.3333333333334,11.0,642.0,1983.0,6,0.6597222222222222,12,0,1,1099,6098,952.6515013648768,0.5
20264,1.0,1132,2026-08-08T20:40,COMPLETA,41356.0021,1042.590909090909,30.0,659.0,2008.5,6,0.5972222222222222,11,0,0,1101,6111,953.2709355131694,0.5
20264,1.0,1133,2026-08-08T20:50,COMPLETA,57784.3413,1135.9583333333333,110.0,759.0,2278.5,7,0.5238095238095238,12,0,0,1104,6128,954.0363224637678,0.5
20264,1.0,1134,2026-08-08T21:00,COMPLETA,92182.3464,1063.607142857143,110.0,725.0,2374.5,8,0.5340909090909091,14,0,2,1104,6128,954.0363224637678,0.5
20264,1.0,1135,2026-08-08T21:10,COMPLETA,64854.184,1019.9583333333334,170.0,576.0,1944.0,5,0.7583333333333333,12,0,0,1104,6128,954.0363224637678,0.5
20264,1.0,1136,2026-08-08T21:20,COMPLETA,91534.8416,1164.5,170.0,785.0,2557.5,8,0.5,14,0,1,1105,6129,953.4954751131218,0.5
20264,1.0,1137,2026-08-08T21:30,COMPLETA,101983.7102,1042.46875,147.5,845.0,2707.5,9,0.5370370370370371,16,0,1,1107,6134,952.3705510388432,0.5
20264,1.0,1138,2026-08-08T21:40,COMPLETA,117604.0878,1092.4666666666667,11.0,850.0,2775.0,8,0.5520833333333334,15,0,0,1110,6141,952.0374774774772,0.5
20264,1.0,1139,2026-08-08T21:50,COMPLETA,113994.5497,1092.4666666666667,11.0,850.0,2775.0,8,0.5520833333333334,15,0,0,1111,6145,953.0019801980195,0.5
20264,1.0,1140,2026-08-08T22:00,COMPLETA,108995.2706,1092.4666666666667,11.0,850.0,2775.0,8,0.5520833333333334,15,0,0,1111,6145,953.0019801980195,0.5
20264,1.0,1141,2026-08-08T22:10,COMPLETA,94331.0443,1079.81875,48.0,663.0,2565.3,8,0.6193181818181818,16,0,0,1112,6149,952.2633093525178,0.5
20264,1.0,1142,2026-08-08T22:20,COMPLETA,114296.1603,1133.4705882352941,110.0,913.0,2929.5,9,0.5092592592592593,17,0,0,1112,6149,952.2633093525178,0.5
20264,1.0,1143,2026-08-08T22:30,COMPLETA,129523.5868,1062.978947368421,57.5,1120.0,3610.8,11,0.49193548387096775,19,0,0,1112,6149,952.2633093525178,0.5
20264,1.0,1144,2026-08-08T22:40,COMPLETA,129921.455,1062.978947368421,57.5,1120.0,3610.8,11,0.49193548387096775,19,0,0,1114,6152,952.9535906642727,0.5
20264,1.0,1145,2026-08-08T22:50,COMPLETA,129257.2013,1062.978947368421,57.5,1120.0,3610.8,11,0.49193548387096775,19,0,0,1117,6176,952.8480752014323,0.5
20264,1.0,1146,2026-08-08T23:00,COMPLETA,133986.8849,1053.6999999999998,166.5,1195.0,4037.1,13,0.5113636363636364,21,0,12,1118,6185,952.0467799642216,0.5
20264,1.0,1147,2026-08-08T23:10,COMPLETA,2932.5761,353.0,149.5,140.0,450.0,2,0.2708333333333333,2,0,0,1118,6185,952.0467799642216,0.5
20264,1.0,1148,2026-08-08T23:20,COMPLETA,4067.0934,961.26,88.5,248.0,884.4,3,0.5714285714285714,5,0,2,1118,6185,952.0467799642216,0.5
20264,1.0,1149,2026-08-08T23:30,COMPLETA,2082.2025,88.5,88.5,68.0,222.0,1,0.4166666666666667,1,0,0,1118,6185,952.0467799642216,0.5
20264,1.0,1150,2026-08-08T23:40,COMPLETA,2021.5176,88.5,88.5,68.0,222.0,1,0.4166666666666667,1,0,0,1118,6185,952.0467799642216,0.5
20264,1.0,1151,2026-08-08T23:50,COMPLETA,2995.4751,901.25,219.0,141.0,451.5,2,0.3541666666666667,2,0,0,1118,6185,952.0467799642216,0.5
20264,1.0,1152,2026-08-09T00:00,COMPLETA,3598.7365,790.6,88.5,252.0,850.2,3,0.5,4,0,1,1118,6185,952.0467799642216,0.5
20264,1.0,1153,2026-08-09T00:10,COMPLETA,3508.5566,1108.8333333333333,219.0,153.0,529.5,2,0.4791666666666667,3,0,0,1118,6185,952.0467799642216,0.5
20264,1.0,1154,2026-08-09T00:20,COMPLETA,3656.8874,1108.8333333333333,219.0,153.0,529.5,2,0.4791666666666667,3,0,0,1120,6196,952.8070535714285,0.5
20264,1.0,1155,2026-08-09T00:30,COMPLETA,3544.496,873.775,168.6,157.0,779.1,4,0.515625,4,0,2,1121,6197,953.7193577163247,0.5
20264,1.0,1156,2026-08-09T00:40,COMPLETA,3417.3404,823.875,5.5,146.0,641.5,3,0.3888888888888889,4,0,0,1121,6197,953.7193577163247,0.5
20264,1.0,1157,2026-08-09T00:50,COMPLETA,4060.6935,708.2,5.5,265.0,937.5,4,0.3541666666666667,5,0,0,1123,6203,953.1793410507568,0.5
20264,1.0,1158,2026-08-09T01:00,COMPLETA,3939.7873,708.2,5.5,265.0,937.5,4,0.3541666666666667,5,0,0,1125,6210,954.7431111111111,0.5
20264,1.0,1159,2026-08-09T01:10,COMPLETA,4156.3373,708.2,5.5,265.0,937.5,4,0.3541666666666667,5,0,0,1126,6214,955.7182948490231,0.5
20264,1.0,1160,2026-08-09T01:20,COMPLETA,4079.7524,708.2,5.5,265.0,937.5,4,0.3541666666666667,5,0,0,1127,6221,955.8951197870452,0.5
20264,1.0,1161,2026-08-09T01:30,COMPLETA,4372.5772,580.0833333333334,5.5,236.0,896.5,4,0.4270833333333333,6,0,0,1128,6226,955.7724290780142,0.5
20264,1.0,1162,2026-08-09T01:40,COMPLETA,4102.7216,545.1,5.5,291.0,1088.5,5,0.40384615384615385,7,0,2,1130,6245,954.3773451327435,0.5
20264,1.0,1163,2026-08-09T01:50,COMPLETA,4267.8538,560.5,5.5,274.0,953.5,4,0.4270833333333333,6,0,0,1131,6250,954.0255526083114,0.5
20264,1.0,1164,2026-08-09T02:00,COMPLETA,4290.751,494.5,5.5,384.0,1298.5,6,0.3472222222222222,7,0,0,1132,6259,953.3656360424029,0.5
20264,1.0,1165,2026-08-09T02:10,COMPLETA,4431.6024,494.5,5.5,384.0,1298.5,6,0.3472222222222222,7,0,0,1133,6264,952.6163283318624,0.5
20264,1.0,1166,2026-08-09T02:20,COMPLETA,4356.3826,494.5,5.5,384.0,1298.5,6,0.3472222222222222,7,0,0,1134,6271,952.836684303351,0.5
20264,1.0,1167,2026-08-09T02:30,COMPLETA,4280.1721,494.5,5.5,384.0,1298.5,6,0.3472222222222222,7,0,0,1135,6277,953.6368281938327,0.5
20264,1.0,1168,2026-08-09T02:40,COMPLETA,4659.4512,683.125,5.5,340.0,1232.5,6,0.375,8,0,1,1135,6277,953.6368281938327,0.5
20264,1.0,1169,2026-08-09T02:50,COMPLETA,4367.8998,435.625,5.5,406.0,1391.5,7,0.34523809523809523,8,0,0,1136,6285,953.1441901408451,0.5
20264,1.0,1170,2026-08-09T03:00,COMPLETA,4948.2523,725.14,5.5,418.0,1545.7,8,0.3806818181818182,10,0,1,1137,6294,953.050835532102,0.5
20264,1.0,1171,2026-08-09T03:10,COMPLETA,4469.6438,575.1111111111111,5.5,400.0,1442.5,7,0.39285714285714285,9,0,0,1137,6294,953.050835532102,0.5
20264,1.0,1172,2026-08-09T03:20,COMPLETA,5192.0728,524.5363636363636,5.5,532.0,1877.4,10,0.40625,11,0,3,1140,6314,953.7195614035088,0.5
20264,1.0,1173,2026-08-09T03:30,COMPLETA,4858.1495,584.8888888888889,5.5,489.0,1573.5,7,0.39285714285714285,9,0,1,1140,6314,953.7195614035088,0.5
20264,1.0,1174,2026-08-09T03:40,COMPLETA,5024.7154,685.3,5.5,530.0,1757.4,8,0.36875,8,0,3,1140,6314,953.7195614035088,0.5
20264,1.0,1175,2026-08-09T03:50,COMPLETA,6372.8106,794.875,5.5,338.0,1209.0,5,0.53,8,0,2,1140,6314,953.7195614035088,0.5
20264,1.0,1176,2026-08-09T04:00,COMPLETA,5932.0212,1142.5,5.5,313.0,1069.5,4,0.40625,6,0,0,1142,6324,953.6313485113835,0.5
20264,1.0,1177,2026-08-09T04:10,COMPLETA,5669.6954,1142.5,5.5,313.0,1069.5,4,0.40625,6,0,0,1142,6324,953.6313485113835,0.5
20264,1.0,1178,2026-08-09T04:20,COMPLETA,5952.1609,1142.5,5.5,313.0,1069.5,4,0.40625,6,0,0,1142,6324,953.6313485113835,0.5
20264,1.0,1179,2026-08-09T04:30,COMPLETA,23216.3709,1319.9375,5.5,507.0,1600.5,6,0.3888888888888889,8,0,0,1144,6335,954.2503496503496,0.5
20264,1.0,1180,2026-08-09T04:40,COMPLETA,24328.6339,1185.611111111111,5.5,467.0,1540.5,5,0.5416666666666666,9,0,0,1146,6354,954.4397033158813,0.5
20264,1.0,1181,2026-08-09T04:50,COMPLETA,27845.4721,1236.25,5.5,549.0,1843.5,6,0.5138888888888888,10,0,0,1146,6354,954.4397033158813,0.5
20264,1.0,1182,2026-08-09T05:00,COMPLETA,46682.4117,1207.590909090909,5.5,623.0,2014.5,7,0.47023809523809523,11,0,0,1147,6358,953.8952920662597,0.5
20264,1.0,1183,2026-08-09T05:10,COMPLETA,41921.2226,1105.0833333333333,104.5,801.0,2341.5,7,0.5238095238095238,12,0,0,1149,6374,952.4868581375108,0.5
20264,1.0,1184,2026-08-09T05:20,COMPLETA,68080.544,1165.6923076923076,104.5,767.0,2353.0,7,0.5595238095238095,13,0,1,1151,6381,951.4776715899217,0.5
20264,1.0,1185,2026-08-09T05:30,COMPLETA,67391.7065,1148.0,13.5,747.0,2380.5,7,0.5595238095238095,13,0,0,1153,6397,950.1411968777102,0.5
20264,1.0,1186,2026-08-09T05:40,COMPLETA,58170.9994,1075.2142857142858,12.5,776.0,2544.0,8,0.5364583333333334,14,0,0,1153,6398,950.1411968777102,0.5
20264,1.0,1187,2026-08-09T05:50,COMPLETA,68759.6601,1070.6785714285713,4.0,983.0,2914.5,9,0.47685185185185186,14,0,0,1154,6402,950.6224436741766,0.5
20264,1.0,1188,2026-08-09T06:00,COMPLETA,53280.4121,1004.7666666666667,13.5,935.0,2902.5,9,0.4861111111111111,15,0,0,1154,6402,950.6224436741766,0.5
20264,1.0,1189,2026-08-09T06:10,COMPLETA,50321.3111,1018.6411764705883,13.5,948.0,3067.2,10,0.5267857142857143,17,0,0,1155,6412,949.8655411255409,0.5
20264,1.0,1190,2026-08-09T06:20,COMPLETA,62869.0924,1018.0777777777779,29.5,860.0,2995.2,10,0.5491071428571429,18,0,0,1155,6412,949.8655411255409,0.5
20264,1.0,1191,2026-08-09T06:30,COMPLETA,66111.1072,984.6,13.5,934.0,3363.2,11,0.5657894736842105,19,0,0,1155,6412,949.8655411255409,0.5
20264,1.0,1192,2026-08-09T06:40,COMPLETA,73706.0001,1040.845,4.0,895.0,3227.7,11,0.5241935483870968,20,0,0,1156,6420,949.8336505190309,0.5
20264,1.0,1193,2026-08-09T06:50,COMPLETA,74259.0224,1003.2409090909092,0.5,873.0,3477.9,12,0.5958333333333333,22,0,0,1157,6425,949.1030250648225,0.5
20264,1.0,1194,2026-08-09T07:00,COMPLETA,88154.5439,1004.1666666666669,71.6,1250.0,4443.0,15,0.5178571428571429,24,0,12,1157,6425,949.1030250648225,0.5
20264,1.0,1195,2026-08-09T07:10,COMPLETA,3058.7863,985.5,190.0,311.0,1083.5,4,0.3815789473684211,5,0,2,1157,6425,949.1030250648225,0.5
20264,1.0,1196,2026-08-09T07:20,COMPLETA,2699.6826,906.0,190.0,231.0,646.5,2,0.4791666666666667,3,0,0,1157,6425,949.1030250648225,0.5
20264,1.0,1197,2026-08-09T07:30,COMPLETA,3922.5,836.5666666666666,63.5,536.0,1645.2,6,0.3515625,6,0,3,1157,6425,949.1030250648225,0.5
20264,1.0,1198,2026-08-09T07:40,COMPLETA,3117.7133,966.74,38.8,386.0,1234.8,5,0.36363636363636365,5,0,1,1157,6425,949.1030250648225,0.5
20264,1.0,1199,2026-08-09T07:50,COMPLETA,2928.9164,690.575,38.8,368.0,1071.6,4,0.3875,4,0,0,1157,6425,949.1030250648225,0.5
20264,1.0,1200,2026-08-09T08:00,COMPLETA,2989.506,690.575,38.8,368.0,1071.6,4,0.3875,4,0,0,1157,6425,949.1030250648225,0.5
20264,1.0,1201,2026-08-09T08:10,COMPLETA,3028.1517,690.575,38.8,368.0,1071.6,4,0.3875,4,0,0,1157,6425,949.1030250648225,0.5
20264,1.0,1202,2026-08-09T08:20,COMPLETA,2977.1972,621.1400000000001,38.8,426.0,1330.8,5,0.38636363636363635,5,0,1,1159,6439,947.6029335634166,0.5
20264,1.0,1203,2026-08-09T08:30,COMPLETA,3298.4436,744.1400000000001,38.8,416.0,1306.8,5,0.36363636363636365,5,0,1,1160,6443,947.3208620689653,0.5
20264,1.0,1204,2026-08-09T08:40,COMPLETA,3095.7455,640.1600000000001,38.8,378.0,1146.6,4,0.475,5,0,0,1163,6449,948.4292347377469,0.5
20264,1.0,1205,2026-08-09T08:50,COMPLETA,3338.0601,640.1600000000001,38.8,378.0,1146.6,4,0.475,5,0,0,1163,6449,948.4292347377469,0.5
20264,1.0,1206,2026-08-09T09:00,COMPLETA,3192.7666,640.1600000000001,38.8,378.0,1146.6,4,0.475,5,0,0,1164,6452,947.719243986254,0.5
20264,1.0,1207,2026-08-09T09:10,COMPLETA,3310.0474,869.0333333333334,38.8,436.0,1360.8,5,0.4431818181818182,6,0,1,1167,6464,948.9859468723218,0.5
20264,1.0,1208,2026-08-09T09:20,COMPLETA,3510.8199,776.0500000000001,38.8,424.0,1215.6,4,0.55,6,0,1,1167,6464,948.9859468723218,0.5
20264,1.0,1209,2026-08-09T09:30,COMPLETA,3596.593,773.3333333333334,22.5,423.0,1234.5,4,0.4583333333333333,6,0,0,1168,6469,948.8725171232874,0.5
20264,1.0,1210,2026-08-09T09:40,COMPLETA,3533.6795,805.5142857142857,22.5,455.0,1374.9,5,0.4519230769230769,7,0,1,1170,6482,949.4551282051278,0.5
20264,1.0,1211,2026-08-09T09:50,COMPLETA,3306.6012,773.3333333333334,22.5,423.0,1234.5,4,0.4583333333333333,6,0,0,1171,6487,949.3851409052088,0.5
20264,1.0,1212,2026-08-09T10:00,COMPLETA,3118.6878,773.3333333333334,22.5,423.0,1234.5,4,0.4583333333333333,6,0,0,1173,6503,949.4940323955665,0.5
20264,1.0,1213,2026-08-09T10:10,COMPLETA,3542.9142,889.475,22.5,489.0,1539.9,6,0.41964285714285715,8,0,2,1174,6512,948.7517035775123,0.5
20264,1.0,1214,2026-08-09T10:20,COMPLETA,3335.166,773.3333333333334,22.5,423.0,1234.5,4,0.4583333333333333,6,0,0,1174,6512,948.7517035775123,0.5
20264,1.0,1215,2026-08-09T10:30,COMPLETA,3300.2651,773.3333333333334,22.5,423.0,1234.5,4,0.4583333333333333,6,0,0,1176,6516,948.245153061224,0.5
20264,1.0,1216,2026-08-09T10:40,COMPLETA,3347.9618,773.3333333333334,22.5,423.0,1234.5,4,0.4583333333333333,6,0,0,1177,6526,948.9641461342391,0.5
20264,1.0,1217,2026-08-09T10:50,COMPLETA,3338.2208,773.3333333333334,22.5,423.0,1234.5,4,0.4583333333333333,6,0,0,1177,6526,948.9641461342391,0.5
20264,1.0,1218,2026-08-09T11:00,COMPLETA,3767.5647,898.0,22.5,433.0,1249.5,4,0.5520833333333334,7,0,0,1178,6534,948.1915110356531,0.5
20264,1.0,1219,2026-08-09T11:10,COMPLETA,3901.7811,803.375,22.5,477.0,1375.5,5,0.4583333333333333,8,0,2,1178,6534,948.1915110356531,0.5
20264,1.0,1220,2026-08-09T11:20,COMPLETA,6947.9723,1080.4375,128.0,529.0,1573.5,5,0.48333333333333334,8,0,0,1179,6539,948.887277353689,0.5
20264,1.0,1221,2026-08-09T11:30,COMPLETA,6908.2332,1080.4375,128.0,529.0,1573.5,5,0.48333333333333334,8,0,0,1180,6542,948.9014406779656,0.5
20264,1.0,1222,2026-08-09T11:40,COMPLETA,6705.4298,1080.4375,128.0,529.0,1573.5,5,0.48333333333333334,8,0,0,1183,6559,949.6801352493655,0.5
20264,1.0,1223,2026-08-09T11:50,COMPLETA,6641.2453,957.1111111111111,62.0,675.0,1912.5,6,0.4513888888888889,9,0,0,1184,6560,949.1935810810807,0.5
20264,1.0,1224,2026-08-09T12:00,COMPLETA,8352.3635,954.6600000000001,62.0,599.0,1776.3,6,0.5390625,10,0,1,1184,6560,949.1935810810807,0.5
20264,1.0,1225,2026-08-09T12:10,COMPLETA,6286.5963,957.1111111111111,62.0,675.0,1912.5,6,0.4513888888888889,9,0,0,1184,6560,949.1935810810807,0.5
20264,1.0,1226,2026-08-09T12:20,COMPLETA,6107.9692,957.1111111111111,62.0,675.0,1912.5,6,0.4513888888888889,9,0,0,1184,6560,949.1935810810807,0.5
20264,1.0,1227,2026-08-09T12:30,COMPLETA,7830.9492,1035.1,62.0,681.0,1921.5,6,0.5,10,0,0,1185,6562,950.0956962025311,0.5
20264,1.0,1228,2026-08-09T12:40,COMPLETA,7898.3821,1035.1,62.0,681.0,1921.5,6,0.5,10,0,1,1185,6562,950.0956962025311,0.5
20264,1.0,1229,2026-08-09T12:50,COMPLETA,11415.2615,1104.1,53.0,611.0,1816.5,5,0.625,10,0,0,1189,6585,949.0495374264083,0.5
20264,1.0,1230,2026-08-09T13:00,COMPLETA,20161.3037,1162.0454545454545,69.5,795.0,2212.5,6,0.5625,11,0,0,1189,6585,949.0495374264083,0.5
20264,1.0,1231,2026-08-09T13:10,COMPLETA,30341.2016,1135.6666666666667,69.5,894.0,2541.0,7,0.5297619047619048,12,0,0,1191,6599,948.6246011754823,0.5
20264,1.0,1232,2026-08-09T13:20,COMPLETA,39969.4874,1041.1642857142856,63.5,960.0,2792.4,8,0.5795454545454546,14,0,0,1191,6599,948.6246011754823,0.5
20264,1.0,1233,2026-08-09T13:30,COMPLETA,40465.0596,1041.1642857142856,63.5,960.0,2792.4,8,0.5795454545454546,14,0,0,1191,6599,948.6246011754823,0.5
20264,1.0,1234,2026-08-09T13:40,COMPLETA,32309.8962,979.8199999999999,63.5,978.0,2999.4,9,0.56,15,0,0,1191,6599,948.6246011754823,0.5
20264,1.0,1235,2026-08-09T13:50,COMPLETA,41803.8625,1024.05,52.0,1140.0,3362.4,9,0.605,16,0,0,1191,6599,948.6246011754823,0.5
20264,1.0,1236,2026-08-09T14:00,COMPLETA,42234.671,972.1470588235294,63.5,1076.0,3252.0,10,0.5491071428571429,17,0,0,1192,6603,948.6363255033554,0.5
20264,1.0,1237,2026-08-09T14:10,COMPLETA,33116.6205,931.2777777777778,58.0,1035.0,3190.5,9,0.65,18,0,0,1192,6603,948.6363255033554,0.5
20264,1.0,1238,2026-08-09T14:20,COMPLETA,46408.7645,990.1749999999998,68.5,1144.0,3759.0,12,0.5625,20,0,0,1192,6603,948.6363255033554,0.5
20264,1.0,1239,2026-08-09T14:30,COMPLETA,47544.5899,990.1749999999998,68.5,1144.0,3759.0,12,0.5625,20,0,0,1192,6603,948.6363255033554,0.5
20264,1.0,1240,2026-08-09T14:40,COMPLETA,47801.194,990.1749999999998,68.5,1144.0,3759.0,12,0.5625,20,0,0,1192,6603,948.6363255033554,0.5
20264,1.0,1241,2026-08-09T14:50,COMPLETA,47511.0976,990.1749999999998,68.5,1144.0,3759.0,12,0.5625,20,0,0,1193,6610,947.8931265716677,0.5
20264,1.0,1242,2026-08-09T15:00,COMPLETA,57150.7443,1004.773913043478,16.0,1087.0,4073.9,14,0.5912698412698413,23,0,13,1193,6610,947.8931265716677,0.5
20264,1.0,1243,2026-08-09T15:10,COMPLETA,2773.8178,801.75,56.5,381.0,991.5,3,0.3888888888888889,4,0,1,1193,6610,947.8931265716677,0.5
20264,1.0,1244,2026-08-09T15:20,COMPLETA,2509.2819,1050.1666666666667,789.0,264.0,696.0,2,0.4375,3,0,0,1193,6610,947.8931265716677,0.5
20264,1.0,1245,2026-08-09T15:30,COMPLETA,2701.892,1050.1666666666667,789.0,264.0,696.0,2,0.4375,3,0,0,1193,6610,947.8931265716677,0.5
20264,1.0,1246,2026-08-09T15:40,COMPLETA,2771.6339,823.475,143.4,292.0,883.2,3,0.4107142857142857,4,0,1,1193,6610,947.8931265716677,0.5
20264,1.0,1247,2026-08-09T15:50,COMPLETA,2806.9786,810.125,96.0,380.0,990.0,3,0.4305555555555556,4,0,0,1193,6610,947.8931265716677,0.5
20264,1.0,1248,2026-08-09T16:00,COMPLETA,3105.067,810.125,96.0,380.0,990.0,3,0.4305555555555556,4,0,0,1193,6610,947.8931265716677,0.5
20264,1.0,1249,2026-08-09T16:10,COMPLETA,2856.1438,810.125,96.0,380.0,990.0,3,0.4305555555555556,4,0,0,1193,6610,947.8931265716677,0.5
20264,1.0,1250,2026-08-09T16:20,COMPLETA,3264.6679,613.8666666666667,96.0,523.0,1511.1,5,0.33653846153846156,6,0,2,1194,6612,947.9004187604687,0.5
20264,1.0,1251,2026-08-09T16:30,COMPLETA,4607.6067,798.6875,67.0,516.0,1614.0,6,0.3888888888888889,8,0,0,1196,6623,948.7556020066887,0.5
20264,1.0,1252,2026-08-09T16:40,COMPLETA,17351.0762,989.1,42.0,575.0,1937.4,7,0.42105263157894735,10,0,1,1197,6627,948.7873851294902,0.5
20264,1.0,1253,2026-08-09T16:50,COMPLETA,22214.1433,1027.15,83.0,691.0,2056.5,7,0.39285714285714285,10,0,0,1200,6642,946.8369166666665,0.5
20264,1.0,1254,2026-08-09T17:00,COMPLETA,19021.2719,1027.15,83.0,691.0,2056.5,7,0.39285714285714285,10,0,0,1201,6645,947.7504579517067,0.5
20264,1.0,1255,2026-08-09T17:10,COMPLETA,18803.0887,1027.15,83.0,691.0,2056.5,7,0.39285714285714285,10,0,0,1201,6645,947.7504579517067,0.5
20264,1.0,1256,2026-08-09T17:20,COMPLETA,18420.5783,1027.15,83.0,691.0,2056.5,7,0.39285714285714285,10,0,0,1202,6647,947.0812811980031,0.5
20264,1.0,1257,2026-08-09T17:30,COMPLETA,20946.926,846.976923076923,23.0,869.0,2611.5,10,0.40625,13,0,2,1203,6654,946.5741479634246,0.5
20264,1.0,1258,2026-08-09T17:40,COMPLETA,30747.7796,994.4083333333333,23.0,749.0,2277.9,8,0.4659090909090909,12,0,1,1204,6663,947.3938538205978,0.5
20264,1.0,1259,2026-08-09T17:50,COMPLETA,28381.0029,1000.3166666666666,42.0,604.0,1947.6,7,0.5526315789473685,12,0,1,1205,6673,947.2528630705392,0.5
20264,1.0,1260,2026-08-09T18:00,COMPLETA,38526.5826,1165.5583333333332,102.0,738.0,2242.8,8,0.5,12,0,1,1205,6673,947.2528630705392,0.5
20264,1.0,1261,2026-08-09T18:10,COMPLETA,37547.9928,1113.8071428571427,63.5,846.0,2550.6,9,0.5,14,0,0,1207,6685,948.6662800331397,0.5
20264,1.0,1262,2026-08-09T18:20,COMPLETA,33177.5877,1014.4533333333333,51.0,939.0,2870.1,10,0.47767857142857145,15,0,1,1208,6692,947.9277317880792,0.5
20264,1.0,1263,2026-08-09T18:30,COMPLETA,26050.3918,970.54375,51.0,1119.0,3200.1,11,0.46774193548387094,16,0,1,1209,6694,947.2358974358972,0.5
20264,1.0,1264,2026-08-09T18:40,COMPLETA,24509.137,891.7,51.0,963.0,2944.5,10,0.4708333333333333,15,0,0,1209,6694,947.2358974358972,0.5
20264,1.0,1265,2026-08-09T18:50,COMPLETA,25265.1552,869.3125,51.0,990.0,3045.0,10,0.5,16,0,0,1210,6696,946.7218181818179,0.5
20264,1.0,1266,2026-08-09T19:00,COMPLETA,24990.7014,869.3125,51.0,990.0,3045.0,10,0.5,16,0,0,1211,6700,946.0602807597026,0.5
20264,1.0,1267,2026-08-09T19:10,COMPLETA,35828.1213,924.8944444444444,51.0,998.0,3034.8,10,0.5982142857142857,18,0,1,1211,6700,946.0602807597026,0.5
20264,1.0,1268,2026-08-09T19:20,COMPLETA,42553.4195,941.3421052631579,36.0,1304.0,3633.0,11,0.6206896551724138,19,0,1,1213,6715,945.9319868095629,0.5
20264,1.0,1269,2026-08-09T19:30,COMPLETA,48996.1411,962.5857142857143,110.5,1061.0,3330.9,11,0.6422413793103449,21,0,3,1214,6722,945.2907742998351,0.5
20264,1.0,1270,2026-08-09T19:40,COMPLETA,51604.8717,947.4904761904761,72.0,1281.0,3900.6,13,0.5846774193548387,21,0,3,1215,6725,944.5473251028804,0.5
20264,1.0,1271,2026-08-09T19:50,COMPLETA,43640.3878,909.35,46.5,1121.0,3421.5,10,0.625,20,0,0,1217,6737,945.2398520953161,0.5
20264,1.0,1272,2026-08-09T20:00,COMPLETA,43452.8061,909.35,46.5,1121.0,3421.5,10,0.625,20,0,2,1219,6743,946.9941755537322,0.5
20264,1.0,1273,2026-08-09T20:10,COMPLETA,49103.9705,1055.9444444444443,16.5,1003.0,3124.5,8,0.7135416666666666,18,0,0,1222,6759,945.8978723404254,0.5
20264,1.0,1274,2026-08-09T20:20,COMPLETA,60882.1678,1079.6399999999999,180.0,1189.0,3657.9,11,0.5846774193548387,20,0,1,1222,6759,945.8978723404254,0.5
20264,1.0,1275,2026-08-09T20:30,COMPLETA,56485.0205,1105.2105263157894,25.5,1125.0,3427.5,9,0.6574074074074074,19,0,0,1222,6759,945.8978723404254,0.5
20264,1.0,1276,2026-08-09T20:40,COMPLETA,69152.4565,1181.9714285714285,16.5,1320.0,4012.2,12,0.60546875,21,0,1,1222,6759,945.8978723404254,0.5
20264,1.0,1277,2026-08-09T20:50,COMPLETA,51399.18,1136.575,127.5,986.0,3399.0,9,0.7037037037037037,20,0,0,1223,6763,945.4480784955027,0.5
20264,1.0,1278,2026-08-09T21:00,COMPLETA,56972.219,1163.6666666666667,55.5,1105.0,3577.5,9,0.7361111111111112,21,0,0,1223,6763,945.4480784955027,0.5
20264,1.0,1279,2026-08-09T21:10,COMPLETA,55223.2534,1123.0454545454545,109.0,1210.0,3915.0,10,0.6875,22,0,0,1225,6775,943.9784489795917,0.5
20264,1.0,1280,2026-08-09T21:20,COMPLETA,60240.8515,1153.3652173913044,109.0,1417.0,4130.7,11,0.6814516129032258,23,0,1,1228,6795,943.0586319218239,0.5
20264,1.0,1281,2026-08-09T21:30,COMPLETA,55895.4622,1139.0458333333333,180.0,1281.0,4050.3,11,0.7056451612903226,24,0,0,1231,6813,943.4045491470347,0.5
20264,1.0,1282,2026-08-09T21:40,COMPLETA,55128.9163,1139.0458333333333,180.0,1281.0,4050.3,11,0.7056451612903226,24,0,0,1233,6823,942.4158961881589,0.5
20264,1.0,1283,2026-08-09T21:50,COMPLETA,55294.7718,1139.0458333333333,180.0,1281.0,4050.3,11,0.7056451612903226,24,0,0,1233,6823,942.4158961881589,0.5
20264,1.0,1284,2026-08-09T22:00,COMPLETA,54302.5597,1139.0458333333333,180.0,1281.0,4050.3,11,0.7056451612903226,24,0,0,1233,6823,942.4158961881589,0.5
20264,1.0,1285,2026-08-09T22:10,COMPLETA,69315.949,1171.588,111.0,1595.0,5155.5,14,0.6470588235294118,25,0,0,1235,6832,942.6267206477731,0.5
20264,1.0,1286,2026-08-09T22:20,COMPLETA,68522.5935,1171.588,111.0,1595.0,5155.5,14,0.6470588235294118,25,0,0,1236,6834,943.4885113268607,0.5
20264,1.0,1287,2026-08-09T22:30,COMPLETA,68515.3715,1171.588,111.0,1595.0,5155.5,14,0.6470588235294118,25,0,0,1236,6834,943.4885113268607,0.5
20264,1.0,1288,2026-08-09T22:40,COMPLETA,59153.2725,1163.2851851851851,22.0,1391.0,4681.5,13,0.7272727272727273,27,0,0,1236,6834,943.4885113268607,0.5
20264,1.0,1289,2026-08-09T22:50,COMPLETA,75037.0884,1157.7714285714285,22.0,1798.0,6082.2,17,0.6824324324324325,28,0,0,1239,6859,941.4433414043582,0.5
20264,1.0,1290,2026-08-09T23:00,COMPLETA,70639.6227,1124.3724137931033,22.0,1679.0,5778.0,17,0.6925675675675675,29,0,14,1240,6863,942.3457258064514,0.5
20264,1.0,1291,2026-08-09T23:10,COMPLETA,3180.9038,626.2,128.0,231.0,826.5,3,0.5,5,0,0,1240,6863,942.3457258064514,0.5
20264,1.0,1292,2026-08-09T23:20,COMPLETA,3209.65,626.2,128.0,231.0,826.5,3,0.5,5,0,1,1240,6863,942.3457258064514,0.5
20264,1.0,1293,2026-08-09T23:30,COMPLETA,8243.7897,1230.3714285714286,221.0,336.0,1290.4,5,0.40384615384615385,7,0,2,1240,6863,942.3457258064514,0.5
20264,1.0,1294,2026-08-09T23:40,COMPLETA,8906.7781,1022.9166666666666,194.0,301.0,1051.5,4,0.5,6,0,0,1240,6863,942.3457258064514,0.5
20264,1.0,1295,2026-08-09T23:50,COMPLETA,18705.245,973.6875,215.0,531.0,1576.5,4,0.7083333333333334,8,0,0,1240,6863,942.3457258064514,0.5
20264,1.0,1296,2026-08-10T00:00,COMPLETA,26386.1303,1047.2222222222222,149.0,534.0,1641.0,5,0.6416666666666667,9,0,0,1240,6863,942.3457258064514,0.5
20264,1.0,1297,2026-08-10T00:10,COMPLETA,27227.5615,1047.2222222222222,149.0,534.0,1641.0,5,0.6416666666666667,9,0,0,1241,6869,942.9551168412569,0.5
20264,1.0,1298,2026-08-10T00:20,COMPLETA,27363.0639,1047.2222222222222,149.0,534.0,1641.0,5,0.6416666666666667,9,0,0,1241,6869,942.9551168412569,0.5
20264,1.0,1299,2026-08-10T00:30,COMPLETA,27241.393,1047.2222222222222,149.0,534.0,1641.0,5,0.6416666666666667,9,0,0,1241,6869,942.9551168412569,0.5
20264,1.0,1300,2026-08-10T00:40,COMPLETA,40504.5313,1032.8363636363638,279.5,681.0,2192.1,7,0.5657894736842105,11,0,1,1242,6872,943.7817230273752,0.5
20264,1.0,1301,2026-08-10T00:50,COMPLETA,49182.1216,1057.6499999999999,279.5,871.0,2625.9,9,0.475,12,0,1,1244,6886,943.1534565916398,0.5
20264,1.0,1302,2026-08-10T01:00,COMPLETA,45744.1452,913.6923076923077,42.0,690.0,2355.0,7,0.6309523809523809,13,0,0,1246,6890,943.7206260032102,0.5
20264,1.0,1303,2026-08-10T01:10,COMPLETA,50154.1237,815.5625,42.0,883.0,2972.5,10,0.5357142857142857,16,0,1,1248,6899,943.9838942307691,0.5
20264,1.0,1304,2026-08-10T01:20,COMPLETA,47517.4061,828.7,42.0,876.0,2944.0,9,0.5509259259259259,15,0,0,1248,6899,943.9838942307691,0.5
20264,1.0,1305,2026-08-10T01:30,COMPLETA,47882.2736,828.7,42.0,876.0,2944.0,9,0.5509259259259259,15,0,0,1249,6904,944.7052842273819,0.5
20264,1.0,1306,2026-08-10T01:40,COMPLETA,51140.5362,868.75,42.0,869.0,2803.5,8,0.65625,16,0,0,1250,6913,944.1859199999999,0.5
20264,1.0,1307,2026-08-10T01:50,COMPLETA,49785.7742,868.75,42.0,869.0,2803.5,8,0.65625,16,0,0,1251,6916,945.0447641886491,0.5
20264,1.0,1308,2026-08-10T02:00,COMPLETA,50125.5827,868.75,42.0,869.0,2803.5,8,0.65625,16,0,0,1252,6928,945.7384185303514,0.5
20264,1.0,1309,2026-08-10T02:10,COMPLETA,46817.795,838.8294117647059,38.6,927.0,2959.8,10,0.6490384615384616,17,0,2,1252,6928,945.7384185303514,0.5
20264,1.0,1310,2026-08-10T02:20,COMPLETA,69508.8849,921.3857142857142,24.5,1080.0,3674.7,12,0.6171875,21,0,1,1254,6942,945.7153110047847,0.5
20264,1.0,1311,2026-08-10T02:30,COMPLETA,88630.7665,980.547619047619,33.0,1181.0,3658.5,11,0.6653225806451613,21,0,2,1257,6968,944.817183770883,0.5
20264,1.0,1312,2026-08-10T02:40,COMPLETA,78185.9867,987.6363636363636,33.0,1019.0,3503.7,11,0.75,22,0,2,1258,6969,944.3753577106518,0.5
20264,1.0,1313,2026-08-10T02:50,COMPLETA,71609.5784,949.2190476190475,33.0,1098.0,3682.0,11,0.6933962264150944,21,0,2,1258,6969,944.3753577106518,0.5
20264,1.0,1314,2026-08-10T03:00,COMPLETA,90459.0662,1079.2549999999999,49.6,1120.0,3750.9,11,0.6120689655172413,20,0,1,1258,6969,944.3753577106518,0.5
20264,1.0,1315,2026-08-10T03:10,COMPLETA,92700.9124,977.1049999999999,49.6,1117.0,3511.5,9,0.735,20,0,0,1259,6972,944.3693407466243,0.5
20264,1.0,1316,2026-08-10T03:20,COMPLETA,91458.1878,977.1049999999999,49.6,1117.0,3451.5,9,0.735,20,0,0,1259,6972,944.3693407466243,0.5
20264,1.0,1317,2026-08-10T03:30,COMPLETA,93493.4988,988.385,29.5,1145.0,3564.3,10,0.65625,20,0,0,1260,6982,944.8857142857142,0.5
20264,1.0,1318,2026-08-10T03:40,COMPLETA,86278.3746,973.35,29.5,1285.0,4016.4,12,0.609375,22,0,1,1260,6986,944.8857142857142,0.5
20264,1.0,1319,2026-08-10T03:50,COMPLETA,87772.5687,1064.8863636363637,99.2,1325.0,4128.3,12,0.58203125,22,0,1,1262,6995,944.8114104595879,0.5
20264,1.0,1320,2026-08-10T04:00,COMPLETA,105594.0326,1018.9380952380952,99.2,1126.0,3650.4,10,0.6607142857142857,21,0,1,1263,7005,944.3558986539985,0.5
20264,1.0,1321,2026-08-10T04:10,COMPLETA,98672.6299,1067.325,116.0,1063.0,3454.5,9,0.6666666666666666,20,0,0,1265,7020,944.8260869565217,0.5
20264,1.0,1322,2026-08-10T04:20,COMPLETA,115943.9402,1074.7636363636364,227.5,1161.0,3778.2,11,0.646551724137931,22,0,1,1269,7037,944.9558707643814,0.5
20264,1.0,1323,2026-08-10T04:30,COMPLETA,122681.9882,1014.3416666666667,162.5,1374.0,4229.4,12,0.64453125,24,0,1,1269,7037,944.9558707643814,0.5
20264,1.0,1324,2026-08-10T04:40,COMPLETA,105728.9693,1019.8260869565217,20.0,1298.0,4162.6,12,0.6328125,23,0,0,1272,7052,944.8161163522013,0.5
20264,1.0,1325,2026-08-10T04:50,COMPLETA,107697.3022,982.8125,95.5,1227.0,4021.0,11,0.6774193548387096,24,0,0,1273,7061,945.4808326787117,0.5
20264,1.0,1326,2026-08-10T05:00,COMPLETA,121604.8737,1019.64,37.0,1298.0,4272.0,12,0.66796875,25,0,0,1273,7061,945.4808326787117,0.5
20264,1.0,1327,2026-08-10T05:10,COMPLETA,119809.1241,995.4250000000001,95.5,1417.0,4695.3,14,0.6838235294117647,28,0,2,1276,7077,945.8170846394985,0.5
20264,1.0,1328,2026-08-10T05:20,COMPLETA,129692.2168,1054.3076923076924,37.0,1427.0,4722.0,13,0.6931818181818182,26,0,0,1276,7077,945.8170846394985,0.5
20264,1.0,1329,2026-08-10T05:30,COMPLETA,118802.7987,1005.6928571428571,69.0,1362.0,5016.0,16,0.6736111111111112,28,0,1,1276,7077,945.8170846394985,0.5
20264,1.0,1330,2026-08-10T05:40,COMPLETA,142082.5588,1009.5571428571428,69.0,1354.0,4889.4,15,0.6642857142857143,28,0,0,1278,7084,946.1436619718311,0.5
20264,1.0,1331,2026-08-10T05:50,COMPLETA,124395.8342,1036.593103448276,19.0,1359.0,5104.8,15,0.6714285714285714,29,0,0,1278,7084,946.1436619718311,0.5
20264,1.0,1332,2026-08-10T06:00,COMPLETA,134597.702,1069.34,35.5,1340.0,4999.2,16,0.6701388888888888,30,0,0,1280,7097,945.84984375,0.5
20264,1.0,1333,2026-08-10T06:10,COMPLETA,138791.555,1033.309375,49.2,1645.0,6129.2,20,0.629746835443038,32,0,0,1282,7108,946.1467238689548,0.5
20264,1.0,1334,2026-08-10T06:20,COMPLETA,133457.8214,1033.309375,49.2,1645.0,6129.2,20,0.629746835443038,32,0,0,1284,7120,946.28769470405,0.5
20264,1.0,1335,2026-08-10T06:30,COMPLETA,121485.2237,1075.5314285714287,49.2,1777.0,6609.8,21,0.6728395061728395,35,0,0,1284,7120,946.28769470405,0.5
20264,1.0,1336,2026-08-10T06:40,COMPLETA,135471.2632,1075.5314285714287,49.2,1777.0,6609.8,21,0.6728395061728395,35,0,0,1285,7122,945.8158754863814,0.5
20264,1.0,1337,2026-08-10T06:50,COMPLETA,137147.3035,1047.9805555555554,12.0,1728.0,6738.6,21,0.7006172839506173,36,0,0,1285,7130,945.8158754863814,0.5
20264,1.0,1338,2026-08-10T07:00,COMPLETA,118496.6017,1011.257894736842,2.4,1712.0,6917.3,21,0.7438271604938271,38,0,17,1287,7138,945.1793317793318,0.5
20264,1.0,1339,2026-08-10T07:10,COMPLETA,15242.5682,913.311111111111,67.0,556.0,1793.4,6,0.5535714285714286,9,0,2,1287,7138,945.1793317793318,0.5
20264,1.0,1340,2026-08-10T07:20,COMPLETA,15633.5541,1057.375,373.0,526.0,1569.0,5,0.4666666666666667,8,0,2,1287,7138,945.1793317793318,0.5
20264,1.0,1341,2026-08-10T07:30,COMPLETA,4272.9946,1255.375,948.5,283.0,844.5,3,0.4583333333333333,4,0,0,1287,7138,945.1793317793318,0.5
20264,1.0,1342,2026-08-10T07:40,COMPLETA,4280.3242,1255.375,948.5,283.0,844.5,3,0.4583333333333333,4,0,0,1287,7138,945.1793317793318,0.5
20264,1.0,1343,2026-08-10T07:50,COMPLETA,8210.2997,1212.8857142857144,496.5,443.0,1524.6,6,0.4017857142857143,7,0,2,1287,7138,945.1793317793318,0.5
20264,1.0,1344,2026-08-10T08:00,COMPLETA,5223.8119,1231.7,496.5,472.0,1467.6,5,0.41346153846153844,6,0,1,1287,7138,945.1793317793318,0.5
20264,1.0,1345,2026-08-10T08:10,COMPLETA,6386.0518,1124.0833333333333,502.5,411.0,1216.5,3,0.625,6,0,0,1287,7138,945.1793317793318,0.5
20264,1.0,1346,2026-08-10T08:20,COMPLETA,6181.4081,1124.0833333333333,502.5,411.0,1216.5,3,0.625,6,0,0,1287,7138,945.1793317793318,0.5
20264,1.0,1347,2026-08-10T08:30,COMPLETA,14183.1864,1080.25,280.0,545.0,1793.5,5,0.54,8,0,1,1292,7163,945.6203560371517,0.5
20264,1.0,1348,2026-08-10T08:40,COMPLETA,41269.9101,1050.5,308.0,585.0,1924.5,5,0.63,10,0,1,1294,7167,947.2240340030911,0.5
20264,1.0,1349,2026-08-10T08:50,COMPLETA,42038.5593,1117.1363636363637,57.5,585.0,2027.5,6,0.5806451612903226,11,0,0,1294,7171,947.2240340030911,0.5
20264,1.0,1350,2026-08-10T09:00,COMPLETA,40250.8446,1117.1363636363637,57.5,585.0,2027.5,6,0.5806451612903226,11,0,0,1296,7179,947.7449845679013,0.5
20264,1.0,1351,2026-08-10T09:10,COMPLETA,48135.3365,1032.3307692307692,57.5,669.0,2296.9,8,0.5448717948717948,13,0,1,1296,7179,947.7449845679013,0.5
20264,1.0,1352,2026-08-10T09:20,COMPLETA,63431.5999,1195.74,57.5,777.0,2776.3,9,0.5853658536585366,15,0,1,1296,7179,947.7449845679013,0.5
20264,1.0,1353,2026-08-10T09:30,COMPLETA,63890.2775,1097.2666666666667,48.0,833.0,2733.7,9,0.55,15,0,0,1299,7202,948.0017705927637,0.5
20264,1.0,1354,2026-08-10T09:40,COMPLETA,56203.1529,974.1647058823529,48.8,758.0,2788.0,10,0.6744186046511628,17,0,0,1304,7226,948.0186349693251,0.5
20264,1.0,1355,2026-08-10T09:50,COMPLETA,72085.7625,1089.665,48.8,1126.0,3764.8,13,0.5833333333333334,20,0,1,1305,7230,948.851570881226,0.5
20264,1.0,1356,2026-08-10T10:00,COMPLETA,67768.6422,1040.5947368421052,48.8,886.0,3034.8,11,0.655,19,0,0,1308,7243,949.8570336391438,0.5
20264,1.0,1357,2026-08-10T10:10,COMPLETA,67893.1768,1040.5947368421052,48.8,886.0,3034.8,11,0.655,19,0,2,1310,7249,950.4768702290075,0.5
20264,1.0,1358,2026-08-10T10:20,COMPLETA,76248.0455,1110.2105263157894,55.0,1087.0,3560.4,11,0.6326530612244898,19,0,2,1311,7255,949.8463005339436,0.5
20264,1.0,1359,2026-08-10T10:30,COMPLETA,69933.2881,1064.764705882353,55.0,848.0,2731.2,8,0.7375,17,0,1,1312,7261,949.4302591463414,0.5
20264,1.0,1360,2026-08-10T10:40,COMPLETA,70667.3745,1062.0333333333333,55.0,920.0,3093.0,10,0.6382978723404256,18,0,1,1312,7261,949.4302591463414,0.5
20264,1.0,1361,2026-08-10T10:50,COMPLETA,79182.475,1043.9333333333334,55.0,810.0,2754.6,9,0.7083333333333334,18,0,1,1314,7269,948.7387366818873,0.5
20264,1.0,1362,2026-08-10T11:00,COMPLETA,67123.134,1069.270588235294,55.0,1028.0,3129.0,10,0.5673076923076923,17,0,0,1315,7276,948.4423574144487,0.5
20264,1.0,1363,2026-08-10T11:10,COMPLETA,68888.6145,987.4526315789473,18.0,1041.0,3268.5,10,0.6586538461538461,19,0,0,1316,7281,948.9705167173252,0.5
20264,1.0,1364,2026-08-10T11:20,COMPLETA,66134.0718,935.4799999999999,55.0,1025.0,3304.5,10,0.6826923076923077,20,0,2,1317,7285,949.148595292331,0.5
20264,1.0,1365,2026-08-10T11:30,COMPLETA,66882.2791,935.47,52.0,1244.0,3742.2,11,0.5685483870967742,20,0,1,1322,7318,947.6117246596066,0.5
20264,1.0,1366,2026-08-10T11:40,COMPLETA,59647.6033,942.9200000000001,52.0,1031.0,3235.5,10,0.6294642857142857,20,0,1,1324,7330,947.9601208459214,0.5
20264,1.0,1367,2026-08-10T11:50,COMPLETA,63608.2753,941.28,24.0,1336.0,4241.7,13,0.5227272727272727,20,0,1,1325,7334,947.456,0.5
20264,1.0,1368,2026-08-10T12:00,COMPLETA,67772.3218,925.2850000000001,21.2,1258.0,3833.4,11,0.5766129032258065,20,0,0,1326,7342,946.7782805429864,0.5
20264,1.0,1369,2026-08-10T12:10,COMPLETA,66309.1291,879.4285714285714,51.0,1390.0,4229.4,11,0.6129032258064516,21,0,0,1330,7362,946.2956390977444,0.5
20264,1.0,1370,2026-08-10T12:20,COMPLETA,63334.828,854.3727272727273,44.5,1198.0,3849.6,11,0.6169354838709677,22,0,1,1330,7362,946.2956390977444,0.5
20264,1.0,1371,2026-08-10T12:30,COMPLETA,66303.5046,882.008695652174,21.2,1411.0,4322.7,12,0.65234375,23,0,2,1330,7362,946.2956390977444,0.5
20264,1.0,1372,2026-08-10T12:40,COMPLETA,61687.8698,886.025,80.0,1260.0,4087.8,11,0.6693548387096774,24,0,1,1331,7367,946.7447032306536,0.5
20264,1.0,1373,2026-08-10T12:50,COMPLETA,65744.6374,894.0173913043479,20.5,1439.0,4659.3,12,0.640625,23,0,0,1335,7391,947.9482397003746,0.5
20264,1.0,1374,2026-08-10T13:00,COMPLETA,65702.673,909.048,10.2,1284.0,4252.2,13,0.6704545454545454,25,0,2,1339,7411,949.9646751306946,0.5
20264,1.0,1375,2026-08-10T13:10,COMPLETA,61491.7613,853.8291666666668,10.2,1359.0,4337.7,12,0.6640625,24,0,0,1341,7420,949.9177479492915,0.5
20264,1.0,1376,2026-08-10T13:20,COMPLETA,70467.8899,840.0999999999999,9.0,1604.0,5502.6,16,0.6319444444444444,26,0,0,1343,7432,950.0500372300819,0.5
20264,1.0,1377,2026-08-10T13:30,COMPLETA,62629.1222,815.3703703703703,10.2,1392.0,4822.8,13,0.7159090909090909,27,0,0,1343,7432,950.0500372300819,0.5
20264,1.0,1378,2026-08-10T13:40,COMPLETA,67794.9823,842.5206896551725,10.2,1772.0,6447.0,19,0.6378205128205128,29,0,0,1345,7434,950.457249070632,0.5
20264,1.0,1379,2026-08-10T13:50,COMPLETA,74977.8025,817.5838709677419,6.0,1533.0,5670.9,17,0.6959459459459459,31,0,0,1345,7434,950.457249070632,0.5
20264,1.0,1380,2026-08-10T14:00,COMPLETA,69114.9928,821.2187500000001,10.2,1492.0,5651.4,18,0.680921052631579,32,0,0,1345,7434,950.457249070632,0.5
20264,1.0,1381,2026-08-10T14:10,COMPLETA,67197.6613,821.2187500000001,10.2,1492.0,5651.4,18,0.680921052631579,32,0,0,1345,7438,950.457249070632,0.5
20264,1.0,1382,2026-08-10T14:20,COMPLETA,67391.617,821.2187500000001,10.2,1492.0,5651.4,18,0.680921052631579,32,0,0,1345,7438,950.457249070632,0.5
20264,1.0,1383,2026-08-10T14:30,COMPLETA,67550.5085,821.2187500000001,10.2,1492.0,5651.4,18,0.680921052631579,32,0,0,1346,7445,949.7897473997028,0.5
20264,1.0,1384,2026-08-10T14:40,COMPLETA,67860.8398,821.2187500000001,10.2,1492.0,5651.4,18,0.680921052631579,32,0,0,1347,7447,949.5319970304381,0.5
20264,1.0,1385,2026-08-10T14:50,COMPLETA,70773.3084,780.7205882352941,6.0,1971.0,7511.7,22,0.676829268292683,34,0,0,1347,7451,949.5319970304381,0.5
20264,1.0,1386,2026-08-10T15:00,COMPLETA,75980.3569,781.8399999999999,10.2,1901.0,6864.0,21,0.6859756097560976,35,0,18,1348,7454,950.3357566765579,0.5
20264,1.0,1387,2026-08-10T15:10,COMPLETA,3795.6611,704.9,84.0,330.0,1122.0,4,0.475,6,0,0,1348,7454,950.3357566765579,0.5
20264,1.0,1388,2026-08-10T15:20,COMPLETA,4310.6147,804.1285714285714,95.5,421.0,1378.5,5,0.4230769230769231,7,0,2,1348,7454,950.3357566765579,0.5
20264,1.0,1389,2026-08-10T15:30,COMPLETA,4177.8853,1051.0,120.0,221.0,811.5,3,0.4583333333333333,5,0,0,1348,7454,950.3357566765579,0.5
20264,1.0,1390,2026-08-10T15:40,COMPLETA,14825.9979,1169.2142857142858,133.5,375.0,1222.5,4,0.5104166666666666,7,0,0,1348,7454,950.3357566765579,0.5
20264,1.0,1391,2026-08-10T15:50,COMPLETA,15018.2935,1169.2142857142858,133.5,375.0,1222.5,4,0.5104166666666666,7,0,0,1348,7454,950.3357566765579,0.5
20264,1.0,1392,2026-08-10T16:00,COMPLETA,27950.0942,1014.781818181818,22.8,507.0,1978.2,7,0.5666666666666667,11,0,3,1348,7454,950.3357566765579,0.5
20264,1.0,1393,2026-08-10T16:10,COMPLETA,35606.6723,1097.2,133.5,469.0,1731.0,6,0.5803571428571429,10,0,1,1348,7454,950.3357566765579,0.5
20264,1.0,1394,2026-08-10T16:20,COMPLETA,44541.8632,934.0999999999999,69.0,684.0,2725.4,9,0.5277777777777778,13,0,3,1349,7458,950.3197924388437,0.5
20264,1.0,1395,2026-08-10T16:30,COMPLETA,54903.7886,992.0500000000001,0.2,490.0,1900.5,6,0.7589285714285714,12,0,0,1350,7463,950.0665925925927,0.5
20264,1.0,1396,2026-08-10T16:40,COMPLETA,55555.3918,992.0500000000001,0.2,490.0,1900.5,6,0.7589285714285714,12,0,0,1350,7463,950.0665925925927,0.5
20264,1.0,1397,2026-08-10T16:50,COMPLETA,63093.5221,957.3923076923077,0.2,733.0,2505.0,8,0.59375,13,0,0,1352,7476,949.0670118343196,0.5
20264,1.0,1398,2026-08-10T17:00,COMPLETA,63547.0955,895.4055555555556,0.2,1039.0,4028.0,14,0.5787037037037037,18,0,2,1357,7494,947.6120117907149,0.5
20264,1.0,1399,2026-08-10T17:10,COMPLETA,60908.3586,908.7823529411766,0.2,850.0,3305.5,11,0.7317073170731707,17,0,1,1357,7494,947.6120117907149,0.5
20264,1.0,1400,2026-08-10T17:20,COMPLETA,62428.6995,873.9687500000001,0.2,813.0,3091.2,12,0.5625,16,0,0,1360,7508,948.6563235294118,0.5
20264,1.0,1401,2026-08-10T17:30,COMPLETA,63123.6082,873.9687500000001,0.2,813.0,3091.2,12,0.5625,16,0,1,1364,7523,948.7200146627566,0.5
20264,1.0,1402,2026-08-10T17:40,COMPLETA,57341.7418,866.5133333333334,0.2,789.0,2905.5,10,0.6420454545454546,15,0,0,1365,7527,949.5356043956044,0.5
20264,1.0,1403,2026-08-10T17:50,COMPLETA,62918.8203,846.6529411764706,0.2,961.0,3596.1,13,0.5990566037735849,17,0,1,1366,7529,949.1119326500733,0.5
20264,1.0,1404,2026-08-10T18:00,COMPLETA,54431.2967,846.79375,0.2,900.0,2952.0,10,0.6988636363636364,16,0,0,1367,7536,948.8726408193124,0.5
20264,1.0,1405,2026-08-10T18:10,COMPLETA,73484.5353,858.3833333333334,0.0,1027.0,3427.2,12,0.5982142857142857,18,0,0,1368,7546,948.7605263157895,0.5
20264,1.0,1406,2026-08-10T18:20,COMPLETA,72907.8907,858.3833333333334,0.0,1027.0,3427.2,12,0.5982142857142857,18,0,1,1369,7548,948.3268078889702,0.5
20264,1.0,1407,2026-08-10T18:30,COMPLETA,84723.4544,846.8722222222223,0.2,892.0,3017.7,10,0.65625,18,0,1,1370,7556,947.7043065693432,0.5
20264,1.0,1408,2026-08-10T18:40,COMPLETA,91887.4303,1022.9631578947368,0.2,888.0,3129.3,11,0.655,19,0,3,1372,7573,947.8964285714287,0.5
20264,1.0,1409,2026-08-10T18:50,COMPLETA,79538.1886,922.364705882353,0.2,779.0,2709.7,9,0.6467391304347826,17,0,2,1373,7580,948.3375091041516,0.5
20264,1.0,1410,2026-08-10T19:00,COMPLETA,74244.1627,1003.1666666666666,105.0,784.0,2556.0,7,0.6666666666666666,15,0,0,1373,7580,948.3375091041516,0.5
20264,1.0,1411,2026-08-10T19:10,COMPLETA,73780.4339,1003.1666666666666,105.0,784.0,2556.0,7,0.6666666666666666,15,0,0,1377,7609,947.1688453159043,0.5
20264,1.0,1412,2026-08-10T19:20,COMPLETA,74076.6679,1046.9375,69.0,735.0,2497.0,7,0.7142857142857143,16,0,0,1378,7612,946.6933962264153,0.5
20264,1.0,1413,2026-08-10T19:30,COMPLETA,82428.9393,974.2777777777778,136.0,885.0,2896.0,8,0.703125,18,0,0,1379,7616,947.3219724438001,0.5
20264,1.0,1414,2026-08-10T19:40,COMPLETA,87471.3641,969.9947368421053,60.5,847.0,2957.7,9,0.68,19,0,1,1381,7626,946.3710354815354,0.5
20264,1.0,1415,2026-08-10T19:50,COMPLETA,101078.9736,1009.5526315789474,75.0,1110.0,3465.0,9,0.6527777777777778,19,0,0,1383,7640,945.8372378886481,0.5
20264,1.0,1416,2026-08-10T20:00,COMPLETA,103145.4875,1009.5526315789474,75.0,1110.0,3465.0,9,0.6527777777777778,19,0,1,1383,7640,945.8372378886481,0.5
20264,1.0,1417,2026-08-10T20:10,COMPLETA,94415.3984,1020.75,75.0,1012.0,3266.5,10,0.5541666666666667,18,0,0,1386,7657,947.3163059163062,0.5
20264,1.0,1418,2026-08-10T20:20,COMPLETA,95082.5027,1020.75,75.0,1012.0,3266.5,10,0.5541666666666667,18,0,0,1387,7660,948.1176640230717,0.5
20264,1.0,1419,2026-08-10T20:30,COMPLETA,99718.1595,879.9454545454545,1.5,1013.0,3360.9,10,0.6919642857142857,22,0,1,1389,7676,946.772930165587,0.2
20264,1.0,1420,2026-08-10T20:40,COMPLETA,91090.3844,874.8681818181819,8.4,1146.0,3890.4,12,0.62109375,22,0,2,1390,7680,946.4522302158276,0.2
20264,1.0,1421,2026-08-10T20:50,COMPLETA,119433.2256,1023.2782608695651,76.4,1274.0,4235.7,14,0.5477941176470589,23,0,2,1392,7690,945.9198994252876,0.2
20264,1.0,1422,2026-08-10T21:00,COMPLETA,101527.3735,1030.3363636363638,76.4,1225.0,3934.2,11,0.6209677419354839,22,0,0,1394,7706,944.8317790530848,0.2
20264,1.0,1423,2026-08-10T21:10,COMPLETA,114106.3727,1058.821739130435,13.0,1249.0,4117.7,12,0.62890625,23,0,0,1396,7718,945.5433381088827,0.2
20264,1.0,1424,2026-08-10T21:20,COMPLETA,118103.8585,1057.66,93.5,1309.0,4438.5,13,0.6515151515151515,25,0,0,1397,7724,944.9858983536151,0.2
20264,1.0,1425,2026-08-10T21:30,COMPLETA,123908.7112,1032.196153846154,76.4,1258.0,4455.3,13,0.6666666666666666,26,0,0,1398,7725,944.7126609442062,0.2
20264,1.0,1426,2026-08-10T21:40,COMPLETA,127080.8343,990.8296296296295,7.6,1377.0,4833.6,14,0.6654411764705882,27,0,0,1399,7730,944.9609006433169,0.2
20264,1.0,1427,2026-08-10T21:50,COMPLETA,128048.3722,990.8296296296295,7.6,1377.0,4833.6,14,0.6654411764705882,27,0,0,1399,7730,944.9609006433169,0.2
20264,1.0,1428,2026-08-10T22:00,COMPLETA,126882.8526,990.8296296296295,7.6,1377.0,4833.6,14,0.6654411764705882,27,0,0,1400,7736,945.3055714285716,0.2
20264,1.0,1429,2026-08-10T22:10,COMPLETA,139543.1323,1009.5258064516129,31.2,1688.0,6199.4,19,0.6794871794871795,31,0,0,1400,7736,945.3055714285716,0.2
20264,1.0,1430,2026-08-10T22:20,COMPLETA,140247.5096,1009.5258064516129,31.2,1688.0,6199.4,19,0.6794871794871795,31,0,0,1400,7736,945.3055714285716,0.2
20264,1.0,1431,2026-08-10T22:30,COMPLETA,119534.9733,974.3031249999999,9.0,1462.0,5820.0,18,0.7203947368421053,32,0,0,1402,7742,945.6830242510702,0.2
20264,1.0,1432,2026-08-10T22:40,COMPLETA,128894.4116,981.0882352941175,34.6,1684.0,6355.8,20,0.721875,34,0,0,1403,7750,945.0996436208128,0.2
20264,1.0,1433,2026-08-10T22:50,COMPLETA,131153.3865,1011.1085714285713,7.6,1706.0,6494.4,21,0.7225609756097561,35,0,0,1404,7757,944.5012820512823,0.2
20264,1.0,1434,2026-08-10T23:00,COMPLETA,131238.4332,1039.6805555555557,7.6,1606.0,6246.6,19,0.7788461538461539,36,0,15,1406,7767,944.0895448079661,0.2
20264,1.0,1435,2026-08-10T23:10,COMPLETA,31818.616,889.225,7.6,545.0,2030.4,7,0.5588235294117647,12,0,1,1406,7767,944.0895448079661,0.2
20264,1.0,1436,2026-08-10T23:20,COMPLETA,30719.3258,786.9833333333332,2.0,568.0,2210.5,8,0.4791666666666667,12,0,3,1406,7767,944.0895448079661,0.2
20264,1.0,1437,2026-08-10T23:30,COMPLETA,19867.364,1096.73,2.0,470.0,1913.8,6,0.5648148148148148,10,0,1,1406,7767,944.0895448079661,0.2
20264,1.0,1438,2026-08-10T23:40,COMPLETA,22813.6755,913.4799999999999,2.0,524.0,1741.8,5,0.625,10,0,0,1406,7767,944.0895448079661,0.2
20264,1.0,1439,2026-08-10T23:50,COMPLETA,22877.6785,874.8454545454545,2.0,499.0,2070.3,7,0.5227272727272727,11,0,3,1406,7767,944.0895448079661,0.2
20264,1.0,1440,2026-08-11T00:00,COMPLETA,9064.5649,1023.5,445.5,320.0,1080.0,3,0.6666666666666666,7,0,0,1406,7767,944.0895448079661,0.2
20264,1.0,1441,2026-08-11T00:10,COMPLETA,39133.3102,919.1,227.5,440.0,1500.0,4,0.6770833333333334,10,0,0,1407,7773,944.870220326937,0.2
20264,1.0,1442,2026-08-11T00:20,COMPLETA,39482.5072,919.1,227.5,440.0,1500.0,4,0.6770833333333334,10,0,0,1407,7773,944.870220326937,0.2
20264,1.0,1443,2026-08-11T00:30,COMPLETA,52064.4422,1011.7272727272727,227.5,482.0,1724.4,5,0.6634615384615384,11,0,0,1409,7789,944.7899219304475,0.2
20264,1.0,1444,2026-08-11T00:40,COMPLETA,75104.6678,874.6800000000001,99.5,738.0,2757.5,9,0.5304878048780488,15,0,2,1409,7789,944.7899219304475,0.2
20264,1.0,1445,2026-08-11T00:50,COMPLETA,67302.1003,816.0357142857143,15.5,636.0,2255.4,7,0.5921052631578947,14,0,0,1409,7789,944.7899219304475,0.2
20264,1.0,1446,2026-08-11T01:00,COMPLETA,69996.3378,870.8666666666667,15.5,697.0,2481.4,8,0.5568181818181818,15,0,0,1414,7819,945.9867751060824,0.2
20264,1.0,1447,2026-08-11T01:10,COMPLETA,70205.3791,870.8666666666667,15.5,697.0,2481.4,8,0.5568181818181818,15,0,0,1416,7830,944.8852401129947,0.2
20264,1.0,1448,2026-08-11T01:20,COMPLETA,94009.3447,942.19375,15.5,730.0,2692.3,9,0.5434782608695652,16,0,0,1416,7830,944.8852401129947,0.2
20264,1.0,1449,2026-08-11T01:30,COMPLETA,99433.6435,869.8888888888889,15.5,837.0,3066.4,10,0.5572916666666666,18,0,0,1421,7847,943.9759324419426,0.2
20264,1.0,1450,2026-08-11T01:40,COMPLETA,99208.9167,869.8888888888889,15.5,837.0,3066.4,10,0.5572916666666666,18,0,0,1423,7859,943.0072382290938,0.2
20264,1.0,1451,2026-08-11T01:50,COMPLETA,106885.1886,839.4380952380952,15.5,755.0,3209.2,12,0.5769230769230769,21,0,1,1424,7866,942.5855337078656,0.2
20264,1.0,1452,2026-08-11T02:00,COMPLETA,92963.5374,863.0904761904761,15.5,884.0,3244.8,11,0.63,21,0,0,1427,7883,943.0306236860549,0.2
20264,1.0,1453,2026-08-11T02:10,COMPLETA,91519.8002,863.0904761904761,15.5,884.0,3184.8,11,0.63,21,0,0,1429,7890,943.7982505248428,0.2
20264,1.0,1454,2026-08-11T02:20,COMPLETA,97264.0451,870.8318181818181,9.5,1099.0,3803.1,14,0.49609375,22,0,0,1430,7902,943.761328671329,0.2
20264,1.0,1455,2026-08-11T02:30,COMPLETA,96802.8627,870.8318181818181,9.5,1099.0,3743.1,14,0.49609375,22,0,0,1431,7906,943.3212438853951,0.2
20264,1.0,1456,2026-08-11T02:40,COMPLETA,94587.9504,853.4478260869565,15.5,1096.0,3738.6,14,0.52734375,23,0,2,1431,7906,943.3212438853951,0.2
20264,1.0,1457,2026-08-11T02:50,COMPLETA,85351.945,879.8272727272728,9.5,1043.0,3633.9,13,0.532258064516129,22,0,0,1432,7915,943.924022346369,0.2
20264,1.0,1458,2026-08-11T03:00,COMPLETA,115538.0454,948.0640000000001,15.5,1304.0,4290.6,15,0.5428571428571428,25,0,2,1434,7931,942.787447698745,0.2
20264,1.0,1459,2026-08-11T03:10,COMPLETA,104821.3613,980.5869565217392,15.5,1148.0,3881.1,13,0.5967741935483871,23,0,2,1434,7931,942.787447698745,0.2
20264,1.0,1460,2026-08-11T03:20,COMPLETA,83939.8501,884.6826086956522,57.5,1214.0,4057.1,13,0.6022727272727273,23,0,1,1436,7942,942.8615598885797,0.2
20264,1.0,1461,2026-08-11T03:30,COMPLETA,83739.6506,885.2260869565217,72.5,1279.0,4097.2,13,0.571969696969697,23,0,1,1438,7951,943.5462447844232,0.2
20264,1.0,1462,2026-08-11T03:40,COMPLETA,79209.6861,887.5772727272728,54.5,1037.0,3427.5,10,0.6875,22,0,2,1439,7959,943.0507296733846,0.2
20264,1.0,1463,2026-08-11T03:50,COMPLETA,71724.8462,877.6,10.0,1043.0,3399.5,9,0.6435185185185185,20,0,0,1440,7969,942.6875000000003,0.2
20264,1.0,1464,2026-08-11T04:00,COMPLETA,65806.2719,890.125,36.5,941.0,3151.5,9,0.6435185185185185,20,0,0,1441,7970,942.2632893823736,0.2
20264,1.0,1465,2026-08-11T04:10,COMPLETA,65146.5291,890.125,36.5,941.0,3151.5,9,0.6435185185185185,20,0,1,1442,7978,942.7426490984745,0.2
20264,1.0,1466,2026-08-11T04:20,COMPLETA,79740.7395,889.57,179.0,1103.0,3603.7,10,0.6116071428571429,20,0,1,1444,7986,942.9099722991693,0.2
20264,1.0,1467,2026-08-11T04:30,COMPLETA,83945.1256,950.7782608695653,12.5,1191.0,3938.7,11,0.6612903225806451,23,0,1,1446,7994,943.0686721991705,0.2
20264,1.0,1468,2026-08-11T04:40,COMPLETA,76190.6784,931.3695652173913,66.0,1136.0,3916.0,11,0.6598360655737705,23,0,1,1448,8006,942.6665745856357,0.2
20264,1.0,1469,2026-08-11T04:50,COMPLETA,76588.796,958.75,41.0,1045.0,3547.5,9,0.7407407407407407,22,0,0,1449,8013,943.1944099378885,0.2
20264,1.0,1470,2026-08-11T05:00,COMPLETA,74936.5803,958.75,41.0,1045.0,3547.5,9,0.7407407407407407,22,0,0,1449,8013,943.1944099378885,0.2
20264,1.0,1471,2026-08-11T05:10,COMPLETA,70855.9891,942.795652173913,3.5,1255.0,4017.1,11,0.6814516129032258,23,0,1,1449,8021,943.1944099378885,0.2
20264,1.0,1472,2026-08-11T05:20,COMPLETA,86056.7327,964.5869565217391,60.5,1297.0,3935.5,10,0.7083333333333334,23,0,0,1450,8025,943.833310344828,0.2
20264,1.0,1473,2026-08-11T05:30,COMPLETA,85784.6109,964.5869565217391,60.5,1297.0,3935.5,10,0.7083333333333334,23,0,0,1452,8028,943.281060606061,0.2
20264,1.0,1474,2026-08-11T05:40,COMPLETA,97889.6077,991.6360000000001,44.0,1454.0,4894.5,14,0.6838235294117647,25,0,0,1453,8030,943.9385409497596,0.2
20264,1.0,1475,2026-08-11T05:50,COMPLETA,97643.0595,991.6360000000001,44.0,1454.0,4894.5,14,0.6838235294117647,25,0,0,1453,8030,943.9385409497596,0.2
20264,1.0,1476,2026-08-11T06:00,COMPLETA,108134.3845,985.1692307692308,114.5,1600.0,5364.4,14,0.7095588235294118,26,0,0,1455,8048,943.4898281786946,0.2
20264,1.0,1477,2026-08-11T06:10,COMPLETA,101957.1767,985.1692307692308,114.5,1600.0,5364.4,14,0.7095588235294118,26,0,0,1455,8048,943.4898281786946,0.2
20264,1.0,1478,2026-08-11T06:20,COMPLETA,107504.4777,966.8642857142858,54.5,1585.0,5489.7,16,0.6979166666666666,28,0,0,1456,8051,943.0872939560444,0.2
20264,1.0,1479,2026-08-11T06:30,COMPLETA,107159.3996,966.8642857142858,54.5,1585.0,5489.7,16,0.6979166666666666,28,0,0,1456,8051,943.0872939560444,0.2
20264,1.0,1480,2026-08-11T06:40,COMPLETA,107392.9197,966.8642857142858,54.5,1585.0,5489.7,16,0.6979166666666666,28,0,0,1458,8060,942.4248971193418,0.2
20264,1.0,1481,2026-08-11T06:50,COMPLETA,88133.7956,946.3612903225807,112.5,1636.0,5935.7,18,0.7368421052631579,31,0,0,1459,8068,942.6339958875946,0.2
20264,1.0,1482,2026-08-11T07:00,COMPLETA,90357.6885,923.109375,23.5,1575.0,5772.4,16,0.7881944444444444,32,0,14,1460,8069,942.2178082191784,0.2
20264,1.0,1483,2026-08-11T07:10,COMPLETA,5530.1067,563.9285714285714,167.0,475.0,1532.5,5,0.5288461538461539,7,0,2,1460,8069,942.2178082191784,0.2
20264,1.0,1484,2026-08-11T07:20,COMPLETA,3756.112,836.7,294.0,250.0,940.0,3,0.6153846153846154,5,0,1,1460,8069,942.2178082191784,0.2
20264,1.0,1485,2026-08-11T07:30,COMPLETA,3973.0974,788.8399999999999,7.5,312.0,1043.1,4,0.4125,5,0,1,1460,8069,942.2178082191784,0.2
20264,1.0,1486,2026-08-11T07:40,COMPLETA,3563.1021,535.125,294.0,230.0,705.0,2,0.625,4,0,1,1460,8069,942.2178082191784,0.2
20264,1.0,1487,2026-08-11T07:50,COMPLETA,2881.3279,212.75,22.5,88.0,462.5,1,0.5833333333333334,2,0,0,1460,8069,942.2178082191784,0.2
20264,1.0,1488,2026-08-11T08:00,COMPLETA,2835.0526,813.6999999999999,22.5,133.0,710.7,2,0.5625,3,0,1,1460,8069,942.2178082191784,0.2
20264,1.0,1489,2026-08-11T08:10,COMPLETA,3200.9718,758.725,22.5,170.0,987.7,3,0.5277777777777778,4,0,2,1460,8069,942.2178082191784,0.2
20264,1.0,1490,2026-08-11T08:20,COMPLETA,2709.2479,212.75,22.5,88.0,462.5,1,0.5833333333333334,2,0,0,1460,8069,942.2178082191784,0.2
20264,1.0,1491,2026-08-11T08:30,COMPLETA,3441.4674,443.12,127.5,315.0,1123.2,4,0.484375,5,0,2,1462,8085,941.4898768809852,0.2
20264,1.0,1492,2026-08-11T08:40,COMPLETA,3039.2249,312.0,127.5,192.0,648.0,2,0.4791666666666667,3,0,0,1464,8094,941.6773224043718,0.2
20264,1.0,1493,2026-08-11T08:50,COMPLETA,3471.3053,483.6,127.5,210.0,751.2,3,0.4642857142857143,4,0,1,1464,8094,941.6773224043718,0.2
20264,1.0,1494,2026-08-11T09:00,COMPLETA,4074.2096,533.2,28.0,196.0,774.0,3,0.5972222222222222,5,0,0,1465,8098,942.4204778156998,0.2
20264,1.0,1495,2026-08-11T09:10,COMPLETA,4531.0762,447.5833333333333,18.0,343.0,1114.5,4,0.53125,6,0,0,1466,8100,943.1712141882675,0.2
20264,1.0,1496,2026-08-11T09:20,COMPLETA,4508.0007,447.5833333333333,18.0,343.0,1114.5,4,0.53125,6,0,0,1468,8109,942.2497275204362,0.2
20264,1.0,1497,2026-08-11T09:30,COMPLETA,5314.026,643.5714285714286,18.0,373.0,1279.5,5,0.4666666666666667,7,0,0,1469,8115,942.8693669162698,0.2
20264,1.0,1498,2026-08-11T09:40,COMPLETA,5562.7592,643.5714285714286,18.0,373.0,1279.5,5,0.4666666666666667,7,0,0,1472,8138,944.7841711956523,0.2
20264,1.0,1499,2026-08-11T09:50,COMPLETA,19678.4177,719.6,18.0,500.0,1784.0,7,0.527027027027027,10,0,1,1473,8144,944.7086218601495,0.2
20264,1.0,1500,2026-08-11T10:00,COMPLETA,26414.2076,691.0,18.0,506.0,1719.0,6,0.5694444444444444,10,0,0,1473,8144,944.7086218601495,0.2
20264,1.0,1501,2026-08-11T10:10,COMPLETA,25177.9907,691.0,18.0,506.0,1719.0,6,0.5694444444444444,10,0,0,1475,8151,944.2132881355933,0.2
20264,1.0,1502,2026-08-11T10:20,COMPLETA,51581.1737,857.7692307692307,18.0,692.0,2353.4,9,0.5054347826086957,13,0,2,1477,8158,944.975355450237,0.2
20264,1.0,1503,2026-08-11T10:30,COMPLETA,42711.1569,680.2153846153846,28.0,583.0,2058.6,7,0.6776315789473685,13,0,1,1480,8190,944.5893243243245,0.2
20264,1.0,1504,2026-08-11T10:40,COMPLETA,63160.0392,803.2692307692307,4.5,634.0,2343.5,7,0.6369047619047619,13,0,0,1483,8206,945.2503034389752,0.2
20264,1.0,1505,2026-08-11T10:50,COMPLETA,61963.1007,803.2692307692307,4.5,634.0,2343.5,7,0.6369047619047619,13,0,0,1484,8211,945.1561320754719,0.2
20264,1.0,1506,2026-08-11T11:00,COMPLETA,78651.6556,928.4733333333334,28.0,792.0,2572.8,8,0.6590909090909091,15,0,1,1486,8220,945.5438761776583,0.2
20264,1.0,1507,2026-08-11T11:10,COMPLETA,73861.6427,933.3533333333332,28.0,736.0,2438.4,8,0.6534090909090909,15,0,1,1487,8228,945.947679892401,0.2
20264,1.0,1508,2026-08-11T11:20,COMPLETA,75760.8364,883.78125,28.0,1078.0,3324.0,10,0.53125,16,0,1,1488,8232,945.9241935483872,0.2
20264,1.0,1509,2026-08-11T11:30,COMPLETA,78007.0332,954.2294117647059,38.0,1042.0,3586.0,12,0.5545454545454546,17,0,2,1488,8232,945.9241935483872,0.2
20264,1.0,1510,2026-08-11T11:40,COMPLETA,78424.9126,839.0882352941177,28.0,926.0,3216.3,11,0.6132075471698113,17,0,1,1488,8232,945.9241935483872,0.2
20264,1.0,1511,2026-08-11T11:50,COMPLETA,76704.6763,812.5588235294117,28.0,1215.0,3703.8,11,0.5905172413793104,17,0,1,1491,8246,946.4708920187794,0.2
20264,1.0,1512,2026-08-11T12:00,COMPLETA,103664.4126,803.5600000000001,13.6,1132.0,3924.0,14,0.5441176470588235,20,0,1,1495,8276,946.2064214046824,0.2
20264,1.0,1513,2026-08-11T12:10,COMPLETA,119372.7902,873.9047619047619,28.0,1236.0,3987.6,13,0.571969696969697,21,0,2,1498,8300,946.8112149532711,0.2
20264,1.0,1514,2026-08-11T12:20,COMPLETA,121659.7474,871.78,13.6,1164.0,3916.2,13,0.571969696969697,20,0,0,1498,8300,946.8112149532711,0.2
20264,1.0,1515,2026-08-11T12:30,COMPLETA,124105.9484,936.8095238095239,28.0,1104.0,3616.6,12,0.6111111111111112,21,0,1,1499,8307,947.5657104736492,0.2
20264,1.0,1516,2026-08-11T12:40,COMPLETA,115452.405,871.78,13.6,1164.0,3916.2,13,0.571969696969697,20,0,1,1499,8307,947.5657104736492,0.2
20264,1.0,1517,2026-08-11T12:50,COMPLETA,107213.5109,869.5799999999999,13.6,1202.0,3811.8,11,0.6008064516129032,20,0,0,1499,8307,947.5657104736492,0.2
20264,1.0,1518,2026-08-11T13:00,COMPLETA,109987.6228,870.6857142857143,13.6,1246.0,3946.2,13,0.5795454545454546,21,0,2,1502,8316,948.8545272969376,0.2
20264,1.0,1519,2026-08-11T13:10,COMPLETA,130319.9441,959.64,35.0,1252.0,4242.8,12,0.57421875,20,0,0,1502,8316,948.8545272969376,0.2
20264,1.0,1520,2026-08-11T13:20,COMPLETA,147159.2689,962.1409090909091,0.5,1251.0,4310.4,14,0.5845588235294118,22,0,1,1504,8326,948.2063164893619,0.2
20264,1.0,1521,2026-08-11T13:30,COMPLETA,142912.8311,1040.4045454545453,10.8,1111.0,3911.1,12,0.6484375,22,0,0,1506,8335,949.3890438247014,0.2
20264,1.0,1522,2026-08-11T13:40,COMPLETA,152718.1274,1043.2954545454545,13.6,1184.0,4037.4,12,0.6484375,22,0,0,1507,8337,948.8290643662909,0.2
20264,1.0,1523,2026-08-11T13:50,COMPLETA,154464.5412,1077.9739130434782,6.0,1362.0,4659.6,13,0.6553030303030303,23,0,0,1510,8344,951.0189403973513,0.2
20264,1.0,1524,2026-08-11T14:00,COMPLETA,155374.0907,1145.96,12.0,1305.0,4750.7,14,0.6654411764705882,25,0,0,1511,8351,950.7839841164795,0.2
20264,1.0,1525,2026-08-11T14:10,COMPLETA,170785.2485,1103.6384615384616,13.6,1443.0,4954.2,14,0.7022058823529411,26,0,0,1512,8353,951.4845238095241,0.2
20264,1.0,1526,2026-08-11T14:20,COMPLETA,154524.3612,1058.7037037037037,13.6,1587.0,5367.6,15,0.7071428571428572,27,0,0,1513,8358,951.2438863185727,0.2
20264,1.0,1527,2026-08-11T14:30,COMPLETA,164619.3336,1007.34,7.5,1611.0,5850.8,17,0.7297297297297297,30,0,0,1513,8360,951.2438863185727,0.2
20264,1.0,1528,2026-08-11T14:40,COMPLETA,162786.6329,1007.34,7.5,1611.0,5850.8,17,0.7297297297297297,30,0,0,1513,8360,951.2438863185727,0.2
20264,1.0,1529,2026-08-11T14:50,COMPLETA,171767.6902,966.309375,13.6,1683.0,6595.2,21,0.6829268292682927,32,0,0,1515,8366,950.7310891089111,0.2
20264,1.0,1530,2026-08-11T15:00,COMPLETA,178603.081,961.1848484848485,13.6,1654.0,6401.1,21,0.698170731707317,33,0,19,1517,8379,949.5392880685566,0.2
20264,1.0,1531,2026-08-11T15:10,COMPLETA,3487.6356,653.1,74.6,206.0,834.0,3,0.775,5,0,0,1517,8379,949.5392880685566,0.2
20264,1.0,1532,2026-08-11T15:20,COMPLETA,4178.7877,823.6142857142856,74.6,258.0,1232.4,5,0.7115384615384616,7,0,2,1517,8379,949.5392880685566,0.2
20264,1.0,1533,2026-08-11T15:30,COMPLETA,4207.0469,493.2833333333333,63.5,385.0,1315.3,5,0.48863636363636365,6,0,1,1517,8379,949.5392880685566,0.2
20264,1.0,1534,2026-08-11T15:40,COMPLETA,3483.5671,449.73999999999995,63.5,355.0,1210.3,5,0.4431818181818182,5,0,0,1517,8379,949.5392880685566,0.2
20264,1.0,1535,2026-08-11T15:50,COMPLETA,3293.7183,449.73999999999995,63.5,355.0,1210.3,5,0.4431818181818182,5,0,0,1517,8379,949.5392880685566,0.2
20264,1.0,1536,2026-08-11T16:00,COMPLETA,3431.0401,449.73999999999995,63.5,355.0,1210.3,5,0.4431818181818182,5,0,0,1517,8379,949.5392880685566,0.2
20264,1.0,1537,2026-08-11T16:10,COMPLETA,3301.4123,449.73999999999995,63.5,355.0,1210.3,5,0.4431818181818182,5,0,1,1517,8379,949.5392880685566,0.2
20264,1.0,1538,2026-08-11T16:20,COMPLETA,3509.5533,454.62,36.0,348.0,1351.3000000000002,6,0.4479166666666667,5,0,1,1517,8379,949.5392880685566,0.2
20264,1.0,1539,2026-08-11T16:30,COMPLETA,3748.7918,347.0142857142857,36.0,357.0,1532.7,6,0.5217391304347826,7,0,1,1517,8387,949.5392880685566,0.2
20264,1.0,1540,2026-08-11T16:40,COMPLETA,4232.9947,393.15714285714284,36.0,321.0,1352.7,6,0.4891304347826087,7,0,1,1522,8412,949.177858081472,0.2
20264,1.0,1541,2026-08-11T16:50,COMPLETA,4044.9482,476.3,36.0,351.0,1398.7,6,0.46875,7,0,1,1523,8413,949.9059093893634,0.2
20264,1.0,1542,2026-08-11T17:00,COMPLETA,3850.0561,624.9571428571428,36.0,373.0,1391.5,6,0.5,7,0,1,1527,8427,950.1374590700723,0.2
20264,1.0,1543,2026-08-11T17:10,COMPLETA,4076.1059,612.4714285714286,36.0,359.0,1417.9,6,0.4895833333333333,7,0,0,1528,8432,950.6259162303668,0.2
20264,1.0,1544,2026-08-11T17:20,COMPLETA,4453.6673,781.2375,36.0,505.0,1884.4,8,0.3984375,8,0,0,1531,8448,951.4960809928155,0.2
20264,1.0,1545,2026-08-11T17:30,COMPLETA,4940.8161,865.4000000000001,36.0,456.0,1842.1,7,0.58,9,0,1,1531,8448,951.4960809928155,0.2
20264,1.0,1546,2026-08-11T17:40,COMPLETA,4330.9456,747.075,36.0,489.0,1638.6,7,0.45,8,0,0,1531,8448,951.4960809928155,0.2
20264,1.0,1547,2026-08-11T17:50,COMPLETA,4491.5158,747.075,36.0,489.0,1638.6,7,0.45,8,0,0,1534,8467,951.0042372881359,0.2
20264,1.0,1548,2026-08-11T18:00,COMPLETA,4148.8463,747.075,36.0,489.0,1578.6,7,0.45,8,0,1,1536,8482,949.9711588541669,0.2
20264,1.0,1549,2026-08-11T18:10,COMPLETA,3723.5613,572.3,25.5,448.0,1435.2,5,0.4807692307692308,7,0,1,1538,8489,949.0366059817949,0.2
20264,1.0,1550,2026-08-11T18:20,COMPLETA,3487.3383,338.75,25.5,356.0,1074.0,4,0.4895833333333333,6,0,0,1539,8496,949.5801169590646,0.2
20264,1.0,1551,2026-08-11T18:30,COMPLETA,3617.4763,299.95714285714286,25.5,423.0,1294.8,5,0.5,7,0,1,1539,8501,949.5801169590646,0.2
20264,1.0,1552,2026-08-11T18:40,COMPLETA,3405.5077,606.7857142857143,67.2,502.0,1512.0,6,0.4375,7,0,2,1542,8521,950.5261348897538,0.2
20264,1.0,1553,2026-08-11T18:50,COMPLETA,3947.5571,897.3333333333334,63.5,331.0,1096.5,4,0.5208333333333334,6,0,0,1542,8521,950.5261348897538,0.2
20264,1.0,1554,2026-08-11T19:00,COMPLETA,3930.3586,1001.1428571428571,5.0,352.0,1209.5,4,0.5833333333333334,7,0,0,1543,8526,950.2208684381079,0.2
20264,1.0,1555,2026-08-11T19:10,COMPLETA,5775.2836,1228.6333333333334,26.0,461.0,1529.5,6,0.5535714285714286,9,0,1,1543,8526,950.2208684381079,0.2
20264,1.0,1556,2026-08-11T19:20,COMPLETA,4466.4005,1132.4,63.5,362.0,1281.0,5,0.5576923076923077,8,0,1,1544,8531,950.7323834196894,0.2
20264,1.0,1557,2026-08-11T19:30,COMPLETA,5392.9745,985.5777777777779,113.5,430.0,1446.6,5,0.6346153846153846,9,0,1,1547,8548,951.2956690368459,0.2
20264,1.0,1558,2026-08-11T19:40,COMPLETA,6177.3115,938.95,59.5,509.0,1663.5,5,0.625,10,0,0,1548,8558,951.8277777777781,0.2
20264,1.0,1559,2026-08-11T19:50,COMPLETA,9766.8565,1006.6363636363636,50.5,581.0,2011.5,6,0.5902777777777778,11,0,0,1549,8568,951.2297611362173,0.2
20264,1.0,1560,2026-08-11T20:00,COMPLETA,9942.0404,1006.6363636363636,50.5,581.0,2011.5,6,0.5902777777777778,11,0,0,1550,8577,951.6418709677423,0.2
20264,1.0,1561,2026-08-11T20:10,COMPLETA,26978.908,1128.7307692307693,69.5,892.0,2718.0,8,0.515625,13,0,0,1551,8581,952.2352675693105,0.2
20264,1.0,1562,2026-08-11T20:20,COMPLETA,32577.4047,1004.42,63.5,780.0,2504.4,8,0.6136363636363636,15,0,1,1553,8593,952.5585962652934,0.2
20264,1.0,1563,2026-08-11T20:30,COMPLETA,32982.7112,1039.6333333333334,43.0,1005.0,2941.5,9,0.55,15,0,1,1554,8599,952.000643500644,0.2
20264,1.0,1564,2026-08-11T20:40,COMPLETA,29476.4863,1067.7857142857142,39.5,790.0,2625.0,8,0.5520833333333334,14,0,0,1554,8599,952.000643500644,0.2
20264,1.0,1565,2026-08-11T20:50,COMPLETA,34673.6573,1143.0666666666666,69.5,942.0,2955.0,10,0.5,15,0,1,1556,8612,952.2633676092549,0.2
20264,1.0,1566,2026-08-11T21:00,COMPLETA,31102.3034,1132.7333333333333,55.0,763.0,2524.5,8,0.5572916666666666,15,0,1,1561,8630,953.2316463805257,0.2
20264,1.0,1567,2026-08-11T21:10,COMPLETA,43162.1527,1149.3117647058823,69.5,1034.0,3212.4,10,0.5267857142857143,17,0,1,1562,8640,952.66171574904,0.2
20264,1.0,1568,2026-08-11T21:20,COMPLETA,39729.2561,1058.9941176470586,60.5,984.0,3106.2,11,0.5,17,0,2,1564,8649,951.6309462915605,0.2
20264,1.0,1569,2026-08-11T21:30,COMPLETA,26687.1035,1001.3625,52.0,753.0,2734.9,9,0.595,16,0,0,1564,8649,951.6309462915605,0.2
20264,1.0,1570,2026-08-11T21:40,COMPLETA,32887.76,1053.929411764706,39.5,790.0,2786.4,9,0.62,17,0,0,1566,8661,950.5942528735636,0.2
20264,1.0,1571,2026-08-11T21:50,COMPLETA,29635.88,992.7388888888888,34.0,1099.0,3549.9,11,0.5362903225806451,18,0,0,1566,8661,950.5942528735636,0.2
20264,1.0,1572,2026-08-11T22:00,COMPLETA,45567.8611,1080.8181818181818,4.0,1261.0,4202.5,13,0.571969696969697,22,0,0,1566,8661,950.5942528735636,0.2
20264,1.0,1573,2026-08-11T22:10,COMPLETA,41668.7059,1080.8181818181818,4.0,1261.0,4202.5,13,0.571969696969697,22,0,0,1566,8661,950.5942528735636,0.2
20264,1.0,1574,2026-08-11T22:20,COMPLETA,40564.9861,1080.8181818181818,4.0,1261.0,4202.5,13,0.571969696969697,22,0,0,1567,8665,951.3035098915128,0.2
20264,1.0,1575,2026-08-11T22:30,COMPLETA,41804.1809,1059.396,31.0,1434.0,5306.9,19,0.5324675324675324,25,0,0,1568,8666,952.0163265306126,0.2
20264,1.0,1576,2026-08-11T22:40,COMPLETA,50238.9487,1039.9285714285716,0.5,1529.0,5807.3,19,0.6038961038961039,28,0,0,1568,8666,952.0163265306126,0.2
20264,1.0,1577,2026-08-11T22:50,COMPLETA,64093.1897,1051.5,43.8,1409.0,5530.9,19,0.6363636363636364,30,0,0,1570,8674,952.4850955414016,0.2
20264,1.0,1578,2026-08-11T23:00,COMPLETA,68971.0525,1023.5903225806452,20.5,1549.0,6318.8,22,0.6189024390243902,31,0,19,1572,8681,952.623218829517,0.2
20264,1.0,1579,2026-08-11T23:10,COMPLETA,2968.1547,525.2,72.0,240.0,1222.2,6,0.4125,4,0,2,1572,8681,952.623218829517,0.2
20264,1.0,1580,2026-08-11T23:20,COMPLETA,2946.158,886.0,72.0,216.0,941.4,4,0.453125,4,0,0,1572,8681,952.623218829517,0.2
20264,1.0,1581,2026-08-11T23:30,COMPLETA,3166.2331,786.5,72.0,230.0,1022.4,4,0.5625,5,0,2,1572,8681,952.623218829517,0.2
20264,1.0,1582,2026-08-11T23:40,COMPLETA,3228.4837,1111.8600000000001,72.0,175.0,840.5999999999999,3,0.65,5,0,1,1572,8681,952.623218829517,0.2
20264,1.0,1583,2026-08-11T23:50,COMPLETA,2694.0545,885.875,72.0,109.0,562.2,2,0.78125,4,0,1,1572,8681,952.623218829517,0.2
20264,1.0,1584,2026-08-12T00:00,COMPLETA,2514.7658,1157.1666666666667,388.5,66.0,339.0,1,0.7916666666666666,3,0,0,1572,8681,952.623218829517,0.2
20264,1.0,1585,2026-08-12T00:10,COMPLETA,3932.8402,819.5571428571428,121.0,293.0,1133.7,4,0.5625,7,0,1,1572,8681,952.623218829517,0.2
20264,1.0,1586,2026-08-12T00:20,COMPLETA,5404.2955,841.425,121.0,351.0,1367.7,5,0.4423076923076923,8,0,1,1573,8683,952.2523204068663,0.2
20264,1.0,1587,2026-08-12T00:30,COMPLETA,7184.6524,822.3125,127.0,317.0,1255.5,5,0.44166666666666665,8,0,0,1573,8683,952.2523204068663,0.2
20264,1.0,1588,2026-08-12T00:40,COMPLETA,18744.0455,739.2333333333332,44.5,529.0,1991.1,7,0.47368421052631576,12,0,0,1574,8692,951.7206480304959,0.2
20264,1.0,1589,2026-08-12T00:50,COMPLETA,18138.8266,739.2333333333332,44.5,529.0,1991.1,7,0.47368421052631576,12,0,0,1577,8707,951.4218769816109,0.2
20264,1.0,1590,2026-08-12T01:00,COMPLETA,17580.3418,739.2333333333332,44.5,529.0,1991.1,7,0.47368421052631576,12,0,0,1580,8720,952.1652531645573,0.2
20264,1.0,1591,2026-08-12T01:10,COMPLETA,20342.4253,760.0999999999999,10.0,608.0,2306.6,9,0.4111111111111111,13,0,1,1581,8721,952.8074003795069,0.2
20264,1.0,1592,2026-08-12T01:20,COMPLETA,20448.0278,694.8307692307692,127.0,606.0,2226.6,8,0.4431818181818182,13,0,0,1584,8742,952.4008838383842,0.2
20264,1.0,1593,2026-08-12T01:30,COMPLETA,21743.3817,694.8307692307692,127.0,606.0,2226.6,8,0.4431818181818182,13,0,0,1586,8758,953.6046658259776,0.2
20264,1.0,1594,2026-08-12T01:40,COMPLETA,28270.9316,714.8399999999999,89.8,651.0,2495.7,9,0.47282608695652173,15,0,0,1586,8762,953.6046658259776,0.2
20264,1.0,1595,2026-08-12T01:50,COMPLETA,27683.9286,802.1374999999999,89.8,643.0,2612.7,10,0.4635416666666667,16,0,0,1588,8777,953.7660579345091,0.2
20264,1.0,1596,2026-08-12T02:00,COMPLETA,27520.3279,802.1374999999999,89.8,643.0,2432.7,10,0.4635416666666667,16,0,0,1594,8815,951.8734002509412,0.2
20264,1.0,1597,2026-08-12T02:10,COMPLETA,31975.5207,767.2941176470587,89.8,763.0,2705.1,11,0.455,17,0,1,1594,8815,951.8734002509412,0.2
20264,1.0,1598,2026-08-12T02:20,COMPLETA,32148.9048,765.9352941176469,89.8,729.0,2694.3,11,0.4212962962962963,17,0,0,1594,8815,951.8734002509412,0.2
20264,1.0,1599,2026-08-12T02:30,COMPLETA,41592.2546,864.9842105263157,89.8,1023.0,3384.3,13,0.4153225806451613,19,0,2,1594,8816,951.8734002509412,0.2
20264,1.0,1600,2026-08-12T02:40,COMPLETA,42461.4578,948.7117647058824,127.0,814.0,2910.0,11,0.3911290322580645,17,0,0,1594,8816,951.8734002509412,0.2
20264,1.0,1601,2026-08-12T02:50,COMPLETA,44074.3741,929.3315789473684,67.0,984.0,3213.6,11,0.46774193548387094,19,0,1,1596,8824,952.2676065162909,0.2
20264,1.0,1602,2026-08-12T03:00,COMPLETA,44928.2843,951.1899999999999,121.0,999.0,3323.7,12,0.484375,20,0,0,1598,8838,951.8911764705884,0.2
20264,1.0,1603,2026-08-12T03:10,COMPLETA,51447.0826,997.7142857142857,110.0,1072.0,3507.6,12,0.48828125,21,0,1,1600,8845,951.6972500000002,0.2
20264,1.0,1604,2026-08-12T03:20,COMPLETA,42584.0463,951.1899999999999,121.0,999.0,3323.7,12,0.484375,20,0,1,1602,8857,951.9906991260926,0.2
20264,1.0,1605,2026-08-12T03:30,COMPLETA,34309.7061,905.7105263157895,67.0,783.0,2756.1,9,0.61,19,0,1,1602,8861,951.9906991260926,0.2
20264,1.0,1606,2026-08-12T03:40,COMPLETA,33636.7324,878.5,61.0,860.0,3051.6,10,0.5446428571428571,18,0,1,1602,8861,951.9906991260926,0.2
20264,1.0,1607,2026-08-12T03:50,COMPLETA,38775.1543,963.5,10.0,891.0,3016.5,9,0.5694444444444444,18,0,0,1602,8861,951.9906991260926,0.2
20264,1.0,1608,2026-08-12T04:00,COMPLETA,38712.1003,963.5,10.0,891.0,2956.5,9,0.5694444444444444,18,0,0,1603,8863,951.6287585776671,0.2
20264,1.0,1609,2026-08-12T04:10,COMPLETA,41672.767,1019.5684210526315,95.0,952.0,3190.8,11,0.5387931034482759,19,0,2,1605,8869,950.7317757009349,0.2
20264,1.0,1610,2026-08-12T04:20,COMPLETA,46905.1578,978.9777777777776,55.0,994.0,3328.8,10,0.5223214285714286,18,0,1,1606,8875,951.128268991283,0.2
20264,1.0,1611,2026-08-12T04:30,COMPLETA,52695.9689,940.4315789473683,6.5,909.0,3188.1,10,0.5625,19,0,2,1606,8875,951.128268991283,0.2
20264,1.0,1612,2026-08-12T04:40,COMPLETA,54250.8659,1043.3055555555557,6.5,878.0,3079.5,9,0.5740740740740741,18,0,0,1608,8886,952.2602611940301,0.2
20264,1.0,1613,2026-08-12T04:50,COMPLETA,57226.9223,1047.0736842105264,6.5,833.0,3079.2,10,0.6009615384615384,19,0,2,1608,8886,952.2602611940301,0.2
20264,1.0,1614,2026-08-12T05:00,COMPLETA,52937.4413,1094.1176470588234,6.5,838.0,2877.0,8,0.6145833333333334,17,0,0,1611,8897,953.0634388578525,0.2
20264,1.0,1615,2026-08-12T05:10,COMPLETA,63926.9267,1143.2611111111112,6.5,864.0,2946.6,9,0.62,18,0,1,1613,8903,952.5945443273406,0.2
20264,1.0,1616,2026-08-12T05:20,COMPLETA,73234.916,1193.4842105263158,6.5,878.0,3192.6,10,0.5961538461538461,19,0,1,1614,8911,952.9510532837674,0.2
20264,1.0,1617,2026-08-12T05:30,COMPLETA,65459.8539,1076.1526315789474,6.5,835.0,3151.2,10,0.5580357142857143,19,0,0,1614,8911,952.9510532837674,0.2
20264,1.0,1618,2026-08-12T05:40,COMPLETA,57881.2588,1043.43,6.5,915.0,3309.3,11,0.5775862068965517,20,0,1,1615,8921,952.3736842105266,0.2
20264,1.0,1619,2026-08-12T05:50,COMPLETA,51522.4932,976.86,6.5,788.0,3135.6,10,0.6201923076923077,20,0,0,1615,8921,952.3736842105266,0.2
20264,1.0,1620,2026-08-12T06:00,COMPLETA,47382.515,936.1761904761905,6.5,952.0,3561.6,12,0.51953125,21,0,0,1617,8935,951.3821892393324,0.2
20264,1.0,1621,2026-08-12T06:10,COMPLETA,76432.755,1006.6833333333334,6.5,1065.0,4052.7,13,0.5984848484848485,24,0,0,1618,8941,951.056983930779,0.2
20264,1.0,1622,2026-08-12T06:20,COMPLETA,71160.0207,1000.7153846153846,6.5,1008.0,4141.8,14,0.6433823529411765,26,0,0,1620,8944,951.7422222222225,0.2
20264,1.0,1623,2026-08-12T06:30,COMPLETA,75329.7231,958.6777777777778,6.5,1234.0,4775.4,15,0.6535714285714286,27,0,0,1621,8945,951.5181986428133,0.2
20264,1.0,1624,2026-08-12T06:40,COMPLETA,83197.1906,969.0344827586207,5.6,1301.0,4896.0,16,0.6736111111111112,29,0,0,1622,8946,951.0009864364985,0.2
20264,1.0,1625,2026-08-12T06:50,COMPLETA,86679.9654,969.0344827586207,5.6,1301.0,4896.0,16,0.6736111111111112,29,0,0,1623,8952,951.4194701170675,0.2
20264,1.0,1626,2026-08-12T07:00,COMPLETA,84862.4399,969.0344827586207,5.6,1301.0,4896.0,16,0.6736111111111112,29,0,12,1626,8969,952.4894218942193,0.2
20264,1.0,1627,2026-08-12T07:10,COMPLETA,3081.0489,468.4666666666667,36.8,281.0,1092.3,5,0.4326923076923077,6,0,0,1626,8969,952.4894218942193,0.2
20264,1.0,1628,2026-08-12T07:20,COMPLETA,3412.4073,462.9714285714286,36.8,384.0,1366.8,6,0.421875,7,0,0,1626,8969,952.4894218942193,0.2
20264,1.0,1629,2026-08-12T07:30,COMPLETA,3355.0323,462.9714285714286,36.8,384.0,1366.8,6,0.421875,7,0,3,1626,8969,952.4894218942193,0.2
20264,1.0,1630,2026-08-12T07:40,COMPLETA,2781.6047,733.75,58.0,207.0,670.5,2,0.6666666666666666,4,0,0,1626,8969,952.4894218942193,0.2
20264,1.0,1631,2026-08-12T07:50,COMPLETA,2848.78,1010.9200000000001,58.0,288.0,1000.8,4,0.425,5,0,1,1626,8969,952.4894218942193,0.2
20264,1.0,1632,2026-08-12T08:00,COMPLETA,2886.0583,795.5600000000001,58.0,292.0,1010.4,4,0.4125,5,0,1,1626,8969,952.4894218942193,0.2
20264,1.0,1633,2026-08-12T08:10,COMPLETA,3008.1957,789.6800000000001,58.0,314.0,1063.2,4,0.45,5,0,1,1626,8969,952.4894218942193,0.2
20264,1.0,1634,2026-08-12T08:20,COMPLETA,3174.9293,628.9,58.0,334.0,1041.0,4,0.4270833333333333,5,0,0,1629,8986,952.3112338858198,0.2
20264,1.0,1635,2026-08-12T08:30,COMPLETA,3295.0698,519.85,40.6,431.0,1497.9,5,0.5795454545454546,6,0,2,1630,8990,951.93018404908,0.2
20264,1.0,1636,2026-08-12T08:40,COMPLETA,3391.1398,513.0833333333334,0.0,349.0,1123.5,4,0.4895833333333333,6,0,0,1631,8995,952.3591048436544,0.2
20264,1.0,1637,2026-08-12T08:50,COMPLETA,3140.8926,513.0833333333334,0.0,349.0,1123.5,4,0.4895833333333333,6,0,0,1632,9000,951.7981004901964,0.2
20264,1.0,1638,2026-08-12T09:00,COMPLETA,3634.8236,513.0833333333334,0.0,349.0,1123.5,4,0.4895833333333333,6,0,0,1633,9001,951.2445192896513,0.2
20264,1.0,1639,2026-08-12T09:10,COMPLETA,3683.5656,654.4625,0.0,430.0,1437.9,6,0.4732142857142857,8,0,2,1634,9005,950.9588127294984,0.2
20264,1.0,1640,2026-08-12T09:20,COMPLETA,3318.2768,513.0833333333334,0.0,349.0,1123.5,4,0.4895833333333333,6,0,0,1635,9010,951.4475229357801,0.2
20264,1.0,1641,2026-08-12T09:30,COMPLETA,3648.8886,677.0,0.0,473.0,1549.5,6,0.375,7,0,0,1636,9012,952.121210268949,0.2
20264,1.0,1642,2026-08-12T09:40,COMPLETA,3536.1915,677.0,0.0,473.0,1549.5,6,0.375,7,0,0,1638,9028,951.3353479853483,0.2
20264,1.0,1643,2026-08-12T09:50,COMPLETA,4164.4589,972.4000000000001,0.0,537.0,1750.8,7,0.45588235294117646,9,0,1,1642,9048,951.0987210718639,0.2
20264,1.0,1644,2026-08-12T10:00,COMPLETA,3932.2066,843.675,0.0,471.0,1532.4,6,0.453125,8,0,1,1642,9048,951.0987210718639,0.2
20264,1.0,1645,2026-08-12T10:10,COMPLETA,4091.3765,806.3222222222222,0.0,478.0,1609.2,6,0.4921875,9,0,1,1643,9063,950.6467437614124,0.2
20264,1.0,1646,2026-08-12T10:20,COMPLETA,4167.1822,637.7222222222222,0.0,559.0,1738.5,6,0.4722222222222222,9,0,0,1644,9067,950.644768856448,0.2
20264,1.0,1647,2026-08-12T10:30,COMPLETA,4190.2684,616.65,0.0,600.0,1898.7,7,0.46710526315789475,10,0,1,1645,9071,951.2246200607906,0.2
20264,1.0,1648,2026-08-12T10:40,COMPLETA,4149.1912,635.3888888888889,0.0,573.0,1699.5,6,0.4722222222222222,9,0,1,1646,9074,951.9007897934389,0.2
20264,1.0,1649,2026-08-12T10:50,COMPLETA,3962.1311,714.8125,58.0,509.0,1483.5,5,0.5166666666666667,8,0,0,1646,9074,951.9007897934389,0.2
20264,1.0,1650,2026-08-12T11:00,COMPLETA,3847.6532,714.8125,58.0,509.0,1483.5,5,0.5166666666666667,8,0,1,1647,9081,952.3252580449305,0.2
20264,1.0,1651,2026-08-12T11:10,COMPLETA,3447.9004,799.4285714285714,58.0,417.0,1285.5,4,0.5520833333333334,7,0,0,1648,9087,952.7652912621362,0.2
20264,1.0,1652,2026-08-12T11:20,COMPLETA,3816.353,822.8125,58.0,451.0,1396.5,5,0.45,8,0,1,1649,9097,953.1847786537298,0.2
20264,1.0,1653,2026-08-12T11:30,COMPLETA,4587.3076,796.625,64.0,449.0,1453.5,5,0.5,8,0,0,1649,9097,953.1847786537298,0.2
20264,1.0,1654,2026-08-12T11:40,COMPLETA,6084.0092,782.0,58.0,563.0,1744.5,6,0.4861111111111111,9,0,0,1651,9105,953.1073288915811,0.2
20264,1.0,1655,2026-08-12T11:50,COMPLETA,7198.3859,763.3,58.0,642.0,1923.0,7,0.44047619047619047,10,0,1,1652,9115,952.5549636803877,0.2
20264,1.0,1656,2026-08-12T12:00,COMPLETA,5966.332,782.0,58.0,563.0,1744.5,6,0.4861111111111111,9,0,0,1654,9131,953.6081015719471,0.2
20264,1.0,1657,2026-08-12T12:10,COMPLETA,11643.7767,637.6166666666667,64.0,649.0,2063.7,7,0.5735294117647058,12,0,2,1655,9138,953.111057401813,0.2
20264,1.0,1658,2026-08-12T12:20,COMPLETA,7397.0991,713.3,64.0,514.0,1671.0,5,0.625,10,0,0,1658,9149,955.0288299155611,0.2
20264,1.0,1659,2026-08-12T12:30,COMPLETA,11870.9714,831.0,58.0,676.0,2112.0,7,0.5197368421052632,11,0,1,1659,9152,954.6671488848706,0.2
20264,1.0,1660,2026-08-12T12:40,COMPLETA,11341.5266,822.1363636363636,64.0,582.0,1893.0,6,0.5347222222222222,11,0,0,1660,9158,954.0920481927712,0.0
20264,1.0,1661,2026-08-12T12:50,COMPLETA,11096.3516,822.1363636363636,64.0,582.0,1893.0,6,0.5347222222222222,11,0,0,1662,9169,953.856077015644,0.0
20264,1.0,1662,2026-08-12T13:00,COMPLETA,11122.3223,822.1363636363636,64.0,582.0,1893.0,6,0.5347222222222222,11,0,0,1662,9169,953.856077015644,0.0
20264,1.0,1663,2026-08-12T13:10,COMPLETA,20505.8679,834.1583333333333,64.0,724.0,2251.2,7,0.5131578947368421,12,0,1,1664,9184,953.566887019231,0.0
20264,1.0,1664,2026-08-12T13:20,COMPLETA,29674.2334,1070.3857142857144,64.0,721.0,2489.7,9,0.45108695652173914,14,0,1,1664,9184,953.566887019231,0.0
20264,1.0,1665,2026-08-12T13:30,COMPLETA,27932.0621,941.7928571428572,112.5,779.0,2595.3,9,0.45,14,0,0,1664,9184,953.566887019231,0.0
20264,1.0,1666,2026-08-12T13:40,COMPLETA,40884.7941,924.06,25.5,749.0,2733.3,10,0.4519230769230769,15,0,0,1664,9184,953.566887019231,0.0
20264,1.0,1667,2026-08-12T13:50,COMPLETA,40336.8088,884.50625,56.0,738.0,2744.4,10,0.47596153846153844,16,0,0,1665,9186,953.078858858859,0.0
20264,1.0,1668,2026-08-12T14:00,COMPLETA,49933.5981,896.9722222222222,42.5,928.0,3255.0,11,0.4596774193548387,18,0,0,1667,9194,953.5328734253151,0.0
20264,1.0,1669,2026-08-12T14:10,COMPLETA,46846.5927,896.9722222222222,42.5,928.0,3255.0,11,0.4596774193548387,18,0,0,1669,9204,952.6807669263032,0.0
20264,1.0,1670,2026-08-12T14:20,COMPLETA,59902.4596,903.9157894736843,35.5,994.0,3520.8,11,0.5129310344827587,19,0,0,1669,9204,952.6807669263032,0.0
20264,1.0,1671,2026-08-12T14:30,COMPLETA,58822.7734,944.85,42.5,926.0,3432.0,11,0.5201612903225806,20,0,0,1669,9204,952.6807669263032,0.0
20264,1.0,1672,2026-08-12T14:40,COMPLETA,64323.1796,931.8619047619047,42.5,966.0,3726.0,13,0.5189393939393939,21,0,0,1669,9204,952.6807669263032,0.0
20264,1.0,1673,2026-08-12T14:50,COMPLETA,58294.5234,908.7227272727273,42.5,1123.0,4263.3,13,0.5568181818181818,22,0,0,1670,9205,952.6979640718563,0.0
20264,1.0,1674,2026-08-12T15:00,COMPLETA,57620.8257,876.6217391304349,5.6,1062.0,4123.8,14,0.5514705882352942,23,0,14,1671,9207,953.3608617594255,0.0
20264,1.0,1675,2026-08-12T15:10,COMPLETA,1808.0602,131.0,131.0,90.0,255.0,1,0.375,1,0,0,1671,9207,953.3608617594255,0.0
20264,1.0,1676,2026-08-12T15:20,COMPLETA,2273.8158,107.9,84.8,166.0,557.4,2,0.375,2,0,1,1671,9207,953.3608617594255,0.0
20264,1.0,1677,2026-08-12T15:30,COMPLETA,1757.5144,131.0,131.0,90.0,255.0,1,0.375,1,0,0,1671,9207,953.3608617594255,0.0
20264,1.0,1678,2026-08-12T15:40,COMPLETA,1753.5492,131.0,131.0,90.0,255.0,1,0.375,1,0,0,1671,9207,953.3608617594255,0.0
20264,1.0,1679,2026-08-12T15:50,COMPLETA,1726.5521,131.0,131.0,90.0,255.0,1,0.375,1,0,0,1671,9207,953.3608617594255,0.0
20264,1.0,1680,2026-08-12T16:00,COMPLETA,2463.7292,246.33333333333334,48.5,182.0,633.0,3,0.2777777777777778,3,0,0,1671,9207,953.3608617594255,0.0
20264,1.0,1681,2026-08-12T16:10,COMPLETA,2537.8797,341.21999999999997,48.5,301.0,1047.3,4,0.3625,5,0,1,1672,9215,952.8639354066986,0.0
20264,1.0,1682,2026-08-12T16:20,COMPLETA,3234.2698,531.2833333333333,48.5,294.0,1053.6,4,0.45,6,0,1,1672,9215,952.8639354066986,0.0
20264,1.0,1683,2026-08-12T16:30,COMPLETA,3255.0466,477.3333333333333,77.0,364.0,1196.4,4,0.45,6,0,1,1673,9224,952.4745965331739,0.0
20264,1.0,1684,2026-08-12T16:40,COMPLETA,4349.511,837.3571428571429,131.0,444.0,1326.0,4,0.5104166666666666,7,0,0,1674,9233,951.989844683393,0.0
20264,1.0,1685,2026-08-12T16:50,COMPLETA,7153.6382,942.5,131.0,513.0,1609.5,5,0.5,9,0,0,1675,9237,951.7397014925373,0.0
20264,1.0,1686,2026-08-12T17:00,COMPLETA,6304.2051,942.5,131.0,513.0,1609.5,5,0.5,9,0,0,1677,9245,952.1371496720334,0.0
20264,1.0,1687,2026-08-12T17:10,COMPLETA,9396.4714,798.1363636363636,13.5,657.0,2015.5,7,0.49324324324324326,11,0,2,1678,9247,952.7208581644816,0.0
20264,1.0,1688,2026-08-12T17:20,COMPLETA,4750.6529,770.5,13.5,575.0,1642.5,5,0.5333333333333333,8,0,0,1679,9249,953.2949374627756,0.0
20264,1.0,1689,2026-08-12T17:30,COMPLETA,4953.2405,770.5,13.5,575.0,1642.5,5,0.5333333333333333,8,0,0,1680,9256,953.1542857142858,0.0
20264,1.0,1690,2026-08-12T17:40,COMPLETA,4923.6368,770.5,13.5,575.0,1582.5,5,0.5333333333333333,8,0,0,1685,9289,951.6086053412464,0.0
20264,1.0,1691,2026-08-12T17:50,COMPLETA,7080.3152,864.6666666666666,13.5,524.0,1566.0,5,0.575,9,0,0,1687,9304,952.1594546532307,0.0
20264,1.0,1692,2026-08-12T18:00,COMPLETA,34162.9169,1000.1363636363636,13.5,700.0,2069.0,6,0.5763888888888888,11,0,1,1688,9307,951.6456161137443,0.0
20264,1.0,1693,2026-08-12T18:10,COMPLETA,40411.8571,1007.6363636363636,90.5,715.0,2162.0,6,0.5625,11,0,0,1688,9307,951.6456161137443,0.0
20264,1.0,1694,2026-08-12T18:20,COMPLETA,44632.2788,972.2083333333334,90.5,804.0,2384.0,7,0.5416666666666666,12,0,0,1688,9307,951.6456161137443,0.0
20264,1.0,1695,2026-08-12T18:30,COMPLETA,44687.8734,972.2083333333334,90.5,804.0,2384.0,7,0.5416666666666666,12,0,0,1689,9310,951.423564239195,0.0
20264,1.0,1696,2026-08-12T18:40,COMPLETA,97766.7346,1069.9875,75.5,872.0,2794.4,8,0.6534090909090909,16,0,2,1690,9315,951.0517159763316,0.0
20264,1.0,1697,2026-08-12T18:50,COMPLETA,96387.4005,974.46875,56.0,868.0,3187.0,8,0.6510416666666666,16,0,0,1692,9327,950.9207446808513,0.0
20264,1.0,1698,2026-08-12T19:00,COMPLETA,86729.8186,920.5941176470589,56.0,968.0,3204.2,9,0.635,17,0,1,1693,9330,950.5770230360309,0.0
20264,1.0,1699,2026-08-12T19:10,COMPLETA,86695.5746,935.3235294117648,56.0,965.0,3197.0,9,0.64,17,0,1,1693,9330,950.5770230360309,0.0
20264,1.0,1700,2026-08-12T19:20,COMPLETA,98214.9231,911.6055555555556,10.0,1005.0,3421.7,11,0.5517241379310345,18,0,2,1694,9340,950.8237308146402,0.0
20264,1.0,1701,2026-08-12T19:30,COMPLETA,96383.5878,974.46875,56.0,868.0,3187.0,8,0.6510416666666666,16,0,0,1695,9348,950.5129203539825,0.0
20264,1.0,1702,2026-08-12T19:40,COMPLETA,101453.3848,974.46875,56.0,868.0,3187.0,8,0.6510416666666666,16,0,0,1697,9355,951.169946965233,0.0
20264,1.0,1703,2026-08-12T19:50,COMPLETA,103093.964,974.46875,56.0,868.0,3187.0,8,0.6510416666666666,16,0,0,1698,9363,950.9077738515904,0.0
20264,1.0,1704,2026-08-12T20:00,COMPLETA,98576.3117,951.8823529411765,56.0,1127.0,3749.5,10,0.5625,17,0,0,1698,9363,950.9077738515904,0.0
20264,1.0,1705,2026-08-12T20:10,COMPLETA,102154.4663,951.8823529411765,56.0,1127.0,3749.5,10,0.5625,17,0,0,1699,9373,950.6812242495588,0.0
20264,1.0,1706,2026-08-12T20:20,COMPLETA,110278.3452,1033.0277777777778,56.0,909.0,3121.5,10,0.6071428571428571,18,0,1,1699,9373,950.6812242495588,0.0
20264,1.0,1707,2026-08-12T20:30,COMPLETA,130279.9397,1074.4894736842107,4.0,1301.0,4153.0,14,0.5404411764705882,19,0,3,1700,9378,950.1975882352943,0.0
20264,1.0,1708,2026-08-12T20:40,COMPLETA,114986.418,972.6263157894738,56.0,981.0,3280.4,10,0.6607142857142857,19,0,2,1703,9390,950.8876688197302,0.0
20264,1.0,1709,2026-08-12T20:50,COMPLETA,123398.8662,990.6176470588235,10.0,924.0,2999.0,9,0.6111111111111112,17,0,2,1703,9390,950.8876688197302,0.0
20264,1.0,1710,2026-08-12T21:00,COMPLETA,114649.875,988.2842105263156,6.6,980.0,3780.2,13,0.5362903225806451,19,0,1,1705,9402,950.0068035190618,0.0
20264,1.0,1711,2026-08-12T21:10,COMPLETA,114743.2842,922.6666666666666,7.5,817.0,2931.5,9,0.6064814814814815,18,0,0,1707,9406,949.3137668424138,0.0
20264,1.0,1712,2026-08-12T21:20,COMPLETA,147825.6319,919.242857142857,118.5,1057.0,3748.4,12,0.55078125,21,0,2,1708,9408,948.8180327868855,0.0
20264,1.0,1713,2026-08-12T21:30,COMPLETA,162098.577,1006.6318181818183,0.0,1146.0,3745.2,11,0.6451612903225806,22,0,1,1708,9408,948.8180327868855,0.0
20264,1.0,1714,2026-08-12T21:40,COMPLETA,179780.6775,999.4260869565219,72.0,1312.0,4461.2,12,0.62890625,23,0,0,1708,9408,948.8180327868855,0.0
20264,1.0,1715,2026-08-12T21:50,COMPLETA,215441.0528,1040.7833333333333,40.5,1308.0,4551.7,13,0.6325757575757576,24,0,0,1710,9418,948.9659064327487,0.0
20264,1.0,1716,2026-08-12T22:00,COMPLETA,456215.2592,1040.7833333333333,40.5,1308.0,4551.7,13,0.6325757575757576,24,0,0,1711,9426,948.4440093512568,0.0
20264,1.0,1717,2026-08-12T22:10,COMPLETA,576422.56,999.1925925925926,29.8,1681.0,5810.1,16,0.6527777777777778,27,0,0,1712,9428,949.0923481308413,0.0
20264,1.0,1718,2026-08-12T22:20,COMPLETA,283340.9747,958.248275862069,29.8,1544.0,5668.0,17,0.6554054054054054,29,0,0,1713,9437,948.6197314652658,0.0
20264,1.0,1719,2026-08-12T22:30,COMPLETA,243127.5836,983.1766666666667,29.8,1577.0,5811.2,17,0.6756756756756757,30,0,0,1714,9449,949.1213535589267,0.0
20264,1.0,1720,2026-08-12T22:40,COMPLETA,243853.8213,994.3806451612904,79.0,1743.0,6747.5,21,0.6402439024390244,31,0,0,1714,9449,949.1213535589267,0.0
20264,1.0,1721,2026-08-12T22:50,COMPLETA,245301.4685,994.3806451612904,79.0,1743.0,6747.5,21,0.6402439024390244,31,0,0,1715,9459,949.7597667638486,0.0
20264,1.0,1722,2026-08-12T23:00,COMPLETA,236277.6366,1020.4687500000002,43.5,1697.0,6569.9,20,0.659375,32,0,15,1719,9471,948.5116346713206,0.0
20264,1.0,1723,2026-08-12T23:10,COMPLETA,3890.1461,875.76,97.0,247.0,985.2,4,0.375,5,0,2,1719,9471,948.5116346713206,0.0
20264,1.0,1724,2026-08-12T23:20,COMPLETA,3009.9541,505.0,97.0,164.0,546.0,2,0.375,3,0,0,1719,9471,948.5116346713206,0.0
20264,1.0,1725,2026-08-12T23:30,COMPLETA,3134.7402,505.0,97.0,164.0,546.0,2,0.375,3,0,1,1719,9471,948.5116346713206,0.0
20264,1.0,1726,2026-08-12T23:40,COMPLETA,3336.9136,497.3333333333333,74.0,200.0,600.0,2,0.3541666666666667,3,0,0,1719,9471,948.5116346713206,0.0
20264,1.0,1727,2026-08-12T23:50,COMPLETA,3094.2067,497.3333333333333,74.0,200.0,600.0,2,0.3541666666666667,3,0,0,1719,9471,948.5116346713206,0.0
20264,1.0,1728,2026-08-13T00:00,COMPLETA,3484.8563,457.375,74.0,200.0,660.0,2,0.5,4,0,0,1719,9471,948.5116346713206,0.0
20264,1.0,1729,2026-08-13T00:10,COMPLETA,4166.7545,479.9,101.0,319.0,958.5,3,0.4583333333333333,5,0,0,1719,9471,948.5116346713206,0.0
20264,1.0,1730,2026-08-13T00:20,COMPLETA,4239.7969,479.9,101.0,319.0,958.5,3,0.4583333333333333,5,0,0,1720,9475,948.1680813953491,0.0
20264,1.0,1731,2026-08-13T00:30,COMPLETA,4883.219,457.9166666666667,101.0,365.0,1147.5,3,0.5694444444444444,6,0,0,1721,9484,947.8016269610694,0.0
20264,1.0,1732,2026-08-13T00:40,COMPLETA,6039.3247,614.0714285714286,104.0,421.0,1291.5,4,0.4895833333333333,7,0,0,1722,9485,948.4498257839723,0.0
20264,1.0,1733,2026-08-13T00:50,COMPLETA,7679.4967,558.375,30.5,312.0,1188.0,4,0.5416666666666666,8,0,0,1724,9496,948.6867749419955,0.0
20264,1.0,1734,2026-08-13T01:00,COMPLETA,7108.2616,558.375,30.5,312.0,1188.0,4,0.5416666666666666,8,0,0,1726,9502,948.1787949015064,0.0
20264,1.0,1735,2026-08-13T01:10,COMPLETA,7190.3924,558.375,30.5,312.0,1188.0,4,0.5416666666666666,8,0,0,1727,9510,948.7510133178923,0.0
20264,1.0,1736,2026-08-13T01:20,COMPLETA,12685.1563,498.3,25.0,429.0,1603.5,6,0.4583333333333333,10,0,0,1729,9528,948.0072296124928,0.0
20264,1.0,1737,2026-08-13T01:30,COMPLETA,10328.9891,498.3,25.0,429.0,1603.5,6,0.4583333333333333,10,0,0,1730,9538,947.8945086705203,0.0
20264,1.0,1738,2026-08-13T01:40,COMPLETA,19875.74,607.625,25.0,569.0,2116.5,8,0.4375,12,0,1,1730,9538,947.8945086705203,0.0
20264,1.0,1739,2026-08-13T01:50,COMPLETA,9882.3181,475.0,5.5,493.0,1822.0,7,0.4523809523809524,11,0,0,1731,9546,947.4979780473715,0.0
20264,1.0,1740,2026-08-13T02:00,COMPLETA,28902.0785,554.1076923076923,1.5,543.0,2116.2,8,0.5056818181818182,13,0,1,1731,9546,947.4979780473715,0.0
20264,1.0,1741,2026-08-13T02:10,COMPLETA,38964.2902,683.6538461538462,25.0,563.0,2089.5,8,0.5,13,0,1,1734,9567,948.8837946943484,0.0
20264,1.0,1742,2026-08-13T02:20,COMPLETA,25405.9983,602.7916666666666,25.0,524.0,1986.0,8,0.4427083333333333,12,0,0,1734,9572,948.8837946943484,0.0
20264,1.0,1743,2026-08-13T02:30,COMPLETA,25165.5118,602.7916666666666,25.0,524.0,1986.0,8,0.4427083333333333,12,0,0,1735,9579,948.4394812680115,0.0
20264,1.0,1744,2026-08-13T02:40,COMPLETA,50892.3948,598.3071428571428,5.5,609.0,2293.8,9,0.495,14,0,2,1738,9596,949.3527042577675,0.0
20264,1.0,1745,2026-08-13T02:50,COMPLETA,35372.2548,548.4166666666666,25.0,632.0,2088.0,7,0.5059523809523809,12,0,0,1739,9602,949.8740655549166,0.0
20264,1.0,1746,2026-08-13T03:00,COMPLETA,43383.1044,583.4230769230769,1.0,722.0,2403.0,9,0.4398148148148148,13,0,0,1740,9611,950.2635057471265,0.0
20264,1.0,1747,2026-08-13T03:10,COMPLETA,44709.7493,596.4615384615385,1.0,689.0,2353.5,9,0.4398148148148148,13,0,0,1740,9611,950.2635057471265,0.0
20264,1.0,1748,2026-08-13T03:20,COMPLETA,37644.9611,596.4615384615385,1.0,689.0,2293.5,9,0.4398148148148148,13,0,0,1741,9617,950.5786904078116,0.0
20264,1.0,1749,2026-08-13T03:30,COMPLETA,78966.2342,663.425,1.0,818.0,2648.4,10,0.5089285714285714,16,0,2,1741,9617,950.5786904078116,0.0
20264,1.0,1750,2026-08-13T03:40,COMPLETA,34623.5494,664.7692307692307,25.0,678.0,2277.0,8,0.5104166666666666,13,0,0,1741,9617,950.5786904078116,0.0
20264,1.0,1751,2026-08-13T03:50,COMPLETA,66384.4995,742.0,1.5,650.0,2411.0,8,0.5416666666666666,14,0,1,1741,9617,950.5786904078116,0.0
20264,1.0,1752,2026-08-13T04:00,COMPLETA,100431.4303,832.5529411764705,1.0,875.0,2847.0,10,0.625,17,0,3,1742,9621,950.1032721010332,0.0
20264,1.0,1753,2026-08-13T04:10,COMPLETA,100298.8558,958.5357142857143,44.0,956.0,2816.5,8,0.5572916666666666,14,0,0,1745,9632,950.8139828080228,0.0
20264,1.0,1754,2026-08-13T04:20,COMPLETA,100840.3779,958.5357142857143,44.0,956.0,2816.5,8,0.5572916666666666,14,0,0,1746,9641,950.4924971363115,0.0
20264,1.0,1755,2026-08-13T04:30,COMPLETA,106800.9603,885.29375,101.0,1020.0,3107.0,10,0.5528846153846154,16,0,2,1748,9653,949.8860983981693,0.0
20264,1.0,1756,2026-08-13T04:40,COMPLETA,127401.1014,1010.4333333333333,104.0,919.0,2818.5,8,0.6041666666666666,15,0,0,1748,9653,949.8860983981693,0.0
20264,1.0,1757,2026-08-13T04:50,COMPLETA,120290.2258,956.41875,20.2,864.0,2857.8,9,0.605,16,0,0,1749,9661,949.7337907375643,0.0
20264,1.0,1758,2026-08-13T05:00,COMPLETA,107076.69,1023.7705882352942,20.2,845.0,2863.5,10,0.6009615384615384,17,0,1,1749,9661,949.7337907375643,0.0
20264,1.0,1759,2026-08-13T05:10,COMPLETA,115745.0809,956.41875,20.2,864.0,2857.8,9,0.605,16,0,0,1750,9669,949.6462285714285,0.0
20264,1.0,1760,2026-08-13T05:20,COMPLETA,100495.5877,911.3352941176471,20.2,851.0,2838.3,10,0.5669642857142857,17,0,0,1753,9685,949.5340559041642,0.0
20264,1.0,1761,2026-08-13T05:30,COMPLETA,111654.0198,963.0333333333334,20.2,1074.0,3567.0,12,0.5078125,18,0,0,1756,9701,948.4814920273349,0.0
20264,1.0,1762,2026-08-13T05:40,COMPLETA,111102.0724,963.0333333333334,20.2,1074.0,3567.0,12,0.5078125,18,0,1,1757,9706,948.0548093340923,0.0
20264,1.0,1763,2026-08-13T05:50,COMPLETA,110171.9748,1014.0352941176471,20.2,883.0,3040.5,10,0.5961538461538461,17,0,0,1758,9710,947.6060864618885,0.0
20264,1.0,1764,2026-08-13T06:00,COMPLETA,110483.2325,1014.0352941176471,20.2,883.0,3040.5,10,0.5961538461538461,17,0,0,1760,9724,947.8150568181818,0.0
20264,1.0,1765,2026-08-13T06:10,COMPLETA,103064.7162,1024.363157894737,15.0,1005.0,3426.9,12,0.55,19,0,0,1760,9724,947.8150568181818,0.0
20264,1.0,1766,2026-08-13T06:20,COMPLETA,117649.6174,922.4818181818183,20.2,1083.0,3980.4,14,0.5330882352941176,22,0,0,1760,9724,947.8150568181818,0.0
20264,1.0,1767,2026-08-13T06:30,COMPLETA,110856.1712,896.4956521739131,20.2,1269.0,4624.2,16,0.5381944444444444,23,0,0,1762,9733,947.1271850170261,0.0
20264,1.0,1768,2026-08-13T06:40,COMPLETA,131405.2192,936.54,6.4,1202.0,4793.2,17,0.5616438356164384,25,0,0,1762,9733,947.1271850170261,0.0
20264,1.0,1769,2026-08-13T06:50,COMPLETA,149366.4968,907.4153846153847,20.2,1318.0,4921.5,17,0.5787671232876712,26,0,0,1764,9742,947.5147392290249,0.0
20264,1.0,1770,2026-08-13T07:00,COMPLETA,145432.529,907.4153846153847,20.2,1318.0,4921.5,17,0.5787671232876712,26,0,12,1765,9748,947.05835694051,0.0
20264,1.0,1771,2026-08-13T07:10,COMPLETA,5666.5146,422.3333333333333,11.0,357.0,1566.2,6,0.5446428571428571,9,0,1,1765,9748,947.05835694051,0.0
20264,1.0,1772,2026-08-13T07:20,COMPLETA,5136.9186,408.65,11.0,311.0,1335.8,5,0.5576923076923077,8,0,2,1765,9748,947.05835694051,0.0
20264,1.0,1773,2026-08-13T07:30,COMPLETA,4030.3403,603.8,192.5,283.0,944.0,3,0.5,5,0,2,1765,9748,947.05835694051,0.0
20264,1.0,1774,2026-08-13T07:40,COMPLETA,2795.8977,1014.25,585.0,96.0,361.0,1,0.5,2,0,0,1765,9748,947.05835694051,0.0
20264,1.0,1775,2026-08-13T07:50,COMPLETA,3793.2661,1054.25,125.5,231.0,803.5,3,0.2777777777777778,4,0,1,1765,9748,947.05835694051,0.0
20264,1.0,1776,2026-08-13T08:00,COMPLETA,3274.5182,539.85,5.4,336.0,1211.5,4,0.4375,4,0,1,1765,9748,947.05835694051,0.0
20264,1.0,1777,2026-08-13T08:10,COMPLETA,3274.6898,562.25,95.0,245.0,873.1,3,0.35714285714285715,4,0,1,1765,9748,947.05835694051,0.0
20264,1.0,1778,2026-08-13T08:20,COMPLETA,3290.1706,585.0,125.5,243.0,821.5,3,0.3472222222222222,4,0,0,1765,9748,947.05835694051,0.0
20264,1.0,1779,2026-08-13T08:30,COMPLETA,3433.7963,585.0,125.5,243.0,821.5,3,0.3472222222222222,4,0,0,1766,9757,946.5335220838052,0.0
20264,1.0,1780,2026-08-13T08:40,COMPLETA,3430.4357,585.0,125.5,243.0,821.5,3,0.3472222222222222,4,0,0,1767,9759,947.136389360498,0.0
20264,1.0,1781,2026-08-13T08:50,COMPLETA,3983.0973,520.8833333333333,125.5,363.0,1212.9,4,0.425,6,0,1,1769,9769,947.2681741096665,0.0
20264,1.0,1782,2026-08-13T09:00,COMPLETA,4649.6736,542.5,145.5,447.0,1330.5,5,0.325,6,0,0,1770,9779,947.7810169491524,0.0
20264,1.0,1783,2026-08-13T09:10,COMPLETA,7314.9297,682.8571428571429,125.5,470.0,1425.0,5,0.4083333333333333,7,0,0,1771,9784,947.7705251270468,0.0
20264,1.0,1784,2026-08-13T09:20,COMPLETA,8040.1574,637.45,145.5,475.0,1575.9,6,0.3984375,8,0,0,1774,9793,948.4780721533257,0.0
20264,1.0,1785,2026-08-13T09:30,COMPLETA,32001.825,657.0600000000001,62.5,532.0,1815.6,7,0.4338235294117647,10,0,1,1777,9814,947.5962858750703,0.0
20264,1.0,1786,2026-08-13T09:40,COMPLETA,41347.4844,657.0,145.5,525.0,1757.7,7,0.4485294117647059,10,0,1,1777,9814,947.5962858750703,0.0
20264,1.0,1787,2026-08-13T09:50,COMPLETA,24532.3199,705.0,128.5,625.0,1871.7,7,0.375,9,0,0,1778,9820,947.0769403824521,0.0
20264,1.0,1788,2026-08-13T10:00,COMPLETA,46489.4118,594.7818181818183,113.0,667.0,2092.5,8,0.41875,11,0,2,1778,9820,947.0769403824521,0.0
20264,1.0,1789,2026-08-13T10:10,COMPLETA,33142.3757,582.6,125.5,730.0,2244.0,8,0.3489583333333333,10,0,0,1780,9837,946.4611235955056,0.0
20264,1.0,1790,2026-08-13T10:20,COMPLETA,52643.3991,679.125,3.5,657.0,2077.5,8,0.46875,12,0,2,1781,9843,946.9235261089275,0.0
20264,1.0,1791,2026-08-13T10:30,COMPLETA,28573.8561,582.6,125.5,730.0,2184.0,8,0.3489583333333333,10,0,0,1782,9855,946.3983164983164,0.0
20264,1.0,1792,2026-08-13T10:40,COMPLETA,51840.2276,590.5833333333334,86.0,676.0,2163.0,8,0.4114583333333333,12,0,0,1782,9855,946.3983164983164,0.0
20264,1.0,1793,2026-08-13T10:50,COMPLETA,68531.6392,670.6153846153846,107.0,763.0,2473.5,9,0.4074074074074074,13,0,1,1783,9860,946.8521031968592,0.0
20264,1.0,1794,2026-08-13T11:00,COMPLETA,62843.2077,693.9285714285714,3.5,874.0,2811.0,10,0.42083333333333334,14,0,1,1784,9868,947.2790358744394,0.0
20264,1.0,1795,2026-08-13T11:10,COMPLETA,87875.5043,784.4666666666667,23.5,1018.0,3027.0,10,0.4666666666666667,15,0,0,1785,9870,946.9576470588235,0.0
20264,1.0,1796,2026-08-13T11:20,COMPLETA,99666.119,745.3125,40.5,979.0,3028.5,9,0.5648148148148148,16,0,0,1787,9887,946.4022943480693,0.0
20264,1.0,1797,2026-08-13T11:30,COMPLETA,91701.1809,756.40625,23.5,764.0,2595.0,8,0.6354166666666666,16,0,1,1789,9894,945.7281721632196,0.0
20264,1.0,1798,2026-08-13T11:40,COMPLETA,91337.0545,724.74,170.5,836.0,2704.3,9,0.55,15,0,1,1789,9894,945.7281721632196,0.0
20264,1.0,1799,2026-08-13T11:50,COMPLETA,94826.6795,794.5333333333333,40.5,1046.0,2898.0,9,0.5277777777777778,15,0,2,1790,9897,945.7244134078212,0.0
20264,1.0,1800,2026-08-13T12:00,COMPLETA,95821.0701,728.7933333333333,97.5,737.0,2528.7,9,0.56,15,0,1,1794,9920,944.1414715719064,0.0
20264,1.0,1801,2026-08-13T12:10,COMPLETA,75742.5964,726.7142857142857,37.5,673.0,2269.5,7,0.6488095238095238,14,0,1,1794,9920,944.1414715719064,0.0
20264,1.0,1802,2026-08-13T12:20,COMPLETA,88127.0446,847.6071428571429,98.5,815.0,2542.5,8,0.5729166666666666,14,0,0,1795,9924,944.7510863509749,0.0
20264,1.0,1803,2026-08-13T12:30,COMPLETA,125195.2612,857.3882352941175,18.0,892.0,2920.8,10,0.6057692307692307,17,0,2,1795,9924,944.7510863509749,0.0
20264,1.0,1804,2026-08-13T12:40,COMPLETA,95297.0609,793.5333333333333,36.0,771.0,2597.5,8,0.625,15,0,0,1799,9946,944.7888827126181,0.0
20264,1.0,1805,2026-08-13T12:50,COMPLETA,98938.2134,903.6764705882352,34.0,799.0,2849.5,8,0.7291666666666666,17,0,0,1800,9953,944.3815,0.0
20264,1.0,1806,2026-08-13T13:00,COMPLETA,139922.7629,916.05,65.0,976.0,3486.5,11,0.6330645161290323,20,0,1,1801,9960,944.841588006663,0.0
20264,1.0,1807,2026-08-13T13:10,COMPLETA,147084.4233,949.2428571428572,65.4,1179.0,3988.7,12,0.64453125,21,0,1,1801,9960,944.841588006663,0.0
20264,1.0,1808,2026-08-13T13:20,COMPLETA,131970.7985,1003.8863636363636,98.5,1035.0,3592.5,10,0.7166666666666667,22,0,1,1802,9961,944.6572142064373,0.0
20264,1.0,1809,2026-08-13T13:30,COMPLETA,142620.0296,955.5999999999999,24.6,1357.0,4657.3,13,0.6477272727272727,21,0,0,1802,9961,944.6572142064373,0.0
20264,1.0,1810,2026-08-13T13:40,COMPLETA,143393.8227,958.9478260869565,14.0,1321.0,4320.9,11,0.717741935483871,23,0,0,1802,9961,944.6572142064373,0.0
20264,1.0,1811,2026-08-13T13:50,COMPLETA,159246.6919,961.0124999999999,79.5,1243.0,4294.9,12,0.69921875,24,0,0,1803,9965,944.2738768718802,0.0
20264,1.0,1812,2026-08-13T14:00,COMPLETA,157294.4338,961.0124999999999,79.5,1243.0,4294.9,12,0.69921875,24,0,0,1804,9968,944.0793791574279,0.0
20264,1.0,1813,2026-08-13T14:10,COMPLETA,151419.2065,945.9653846153846,27.5,1279.0,4744.0,14,0.6838235294117647,26,0,0,1804,9968,944.0793791574279,0.0
20264,1.0,1814,2026-08-13T14:20,COMPLETA,186880.5762,972.2689655172413,53.0,1385.0,5274.9,18,0.631578947368421,29,0,0,1805,9972,943.8941828254848,0.0
20264,1.0,1815,2026-08-13T14:30,COMPLETA,186406.4686,972.2689655172413,53.0,1385.0,5274.9,18,0.631578947368421,29,0,0,1806,9973,943.4619047619047,0.0
20264,1.0,1816,2026-08-13T14:40,COMPLETA,191436.976,966.8433333333334,50.0,1498.0,5602.2,17,0.6790540540540541,30,0,0,1810,9993,944.8400552486188,0.0
20264,1.0,1817,2026-08-13T14:50,COMPLETA,217577.0976,971.546875,65.4,1556.0,6178.9,20,0.64375,32,0,0,1812,9999,945.0670529801324,0.0
20264,1.0,1818,2026-08-13T15:00,COMPLETA,245900.5932,1062.082857142857,36.0,1674.0,6675.2,22,0.6607142857142857,35,0,19,1813,10005,944.703530060673,0.0
20264,1.0,1819,2026-08-13T15:10,COMPLETA,21664.7204,706.35,121.5,489.0,1573.5,4,0.75,10,0,1,1813,10005,944.703530060673,0.0
20264,1.0,1820,2026-08-13T15:20,COMPLETA,5277.4062,458.2857142857143,162.0,365.0,1207.5,4,0.5,7,0,2,1813,10005,944.703530060673,0.0
20264,1.0,1821,2026-08-13T15:30,COMPLETA,4287.0406,449.06000000000006,20.8,314.0,1043.6,3,0.6071428571428571,5,0,0,1813,10005,944.703530060673,0.0
20264,1.0,1822,2026-08-13T15:40,COMPLETA,6083.1707,617.5500000000001,20.8,326.0,1121.6,3,0.7321428571428571,6,0,1,1813,10005,944.703530060673,0.0
20264,1.0,1823,2026-08-13T15:50,COMPLETA,8063.1638,859.9285714285714,131.0,359.0,1332.3,5,0.5,7,0,1,1813,10005,944.703530060673,0.0
20264,1.0,1824,2026-08-13T16:00,COMPLETA,8388.1766,891.9666666666667,39.6,485.0,2104.3,8,0.5185185185185185,9,0,2,1813,10005,944.703530060673,0.0
20264,1.0,1825,2026-08-13T16:10,COMPLETA,6154.635,562.5857142857143,39.6,439.0,1625.9,6,0.5416666666666666,7,0,0,1813,10005,944.703530060673,0.0
20264,1.0,1826,2026-08-13T16:20,COMPLETA,10466.3292,776.3444444444444,39.6,477.0,2194.4,8,0.5480769230769231,9,0,2,1814,10015,944.2703969128996,0.0
20264,1.0,1827,2026-08-13T16:30,COMPLETA,14314.6419,652.45,4.4,619.0,2741.1,10,0.5294117647058824,10,0,2,1817,10031,943.6844799119427,0.0
20264,1.0,1828,2026-08-13T16:40,COMPLETA,12334.7398,586.6999999999999,4.4,596.0,2670.7,10,0.6532258064516129,11,0,1,1820,10046,944.6321978021979,0.0
20264,1.0,1829,2026-08-13T16:50,COMPLETA,8981.1172,400.47272727272724,4.4,650.0,2646.7,10,0.6111111111111112,11,0,0,1821,10047,944.6097748489841,0.0
20264,1.0,1830,2026-08-13T17:00,COMPLETA,9127.1727,400.47272727272724,4.4,650.0,2646.7,10,0.6111111111111112,11,0,0,1823,10051,944.9793746571586,0.0
20264,1.0,1831,2026-08-13T17:10,COMPLETA,8790.0714,400.47272727272724,4.4,650.0,2646.7,10,0.6111111111111112,11,0,0,1825,10061,946.1060821917808,0.0
20264,1.0,1832,2026-08-13T17:20,COMPLETA,15343.7993,503.80833333333334,4.4,748.0,2774.3,11,0.5714285714285714,12,0,2,1827,10070,946.3258894362343,0.0
20264,1.0,1833,2026-08-13T17:30,COMPLETA,13465.9288,543.5545454545454,4.4,607.0,2363.6,9,0.5657894736842105,11,0,0,1828,10072,946.295295404814,0.0
20264,1.0,1834,2026-08-13T17:40,COMPLETA,23387.1878,525.1333333333333,4.4,594.0,2308.6,9,0.618421052631579,12,0,0,1830,10079,946.5594535519126,0.0
20264,1.0,1835,2026-08-13T17:50,COMPLETA,22307.0819,525.1333333333333,4.4,594.0,2248.6,9,0.618421052631579,12,0,1,1830,10079,946.5594535519126,0.0
20264,1.0,1836,2026-08-13T18:00,COMPLETA,29979.3741,641.1416666666667,6.2,570.0,2237.9,8,0.6527777777777778,12,0,0,1830,10079,946.5594535519126,0.0
20264,1.0,1837,2026-08-13T18:10,COMPLETA,29068.841,641.1416666666667,6.2,570.0,2237.9,8,0.6527777777777778,12,0,1,1831,10089,946.1356089568542,0.0
20264,1.0,1838,2026-08-13T18:20,COMPLETA,63913.665,720.1692307692308,6.2,650.0,2425.1,8,0.59375,13,0,1,1836,10108,946.9441721132899,0.0
20264,1.0,1839,2026-08-13T18:30,COMPLETA,80328.9546,690.4642857142857,14.0,779.0,2660.8,9,0.525,14,0,0,1838,10115,948.1085418933625,0.0
20264,1.0,1840,2026-08-13T18:40,COMPLETA,76647.6601,690.4642857142857,14.0,779.0,2660.8,9,0.525,14,0,0,1840,10133,948.9975543478262,0.0
20264,1.0,1841,2026-08-13T18:50,COMPLETA,89196.5074,778.7666666666667,14.0,703.0,2558.8,9,0.535,15,0,0,1842,10150,949.8729641693812,0.0
20264,1.0,1842,2026-08-13T19:00,COMPLETA,99364.9665,856.0625,14.0,782.0,2787.8,10,0.5392156862745098,16,0,1,1843,10154,950.447097124254,0.0
20264,1.0,1843,2026-08-13T19:10,COMPLETA,101996.2535,851.6625,14.0,950.0,2982.3,10,0.5192307692307693,16,0,1,1845,10162,950.5153387533877,0.0
20264,1.0,1844,2026-08-13T19:20,COMPLETA,81049.0131,775.7133333333334,14.0,797.0,2569.1,9,0.535,15,0,1,1847,10178,949.5952355170549,0.0
20264,1.0,1845,2026-08-13T19:30,COMPLETA,84299.7217,681.8066666666667,14.0,784.0,2520.8,9,0.53,15,0,2,1848,10187,949.9704545454548,0.0
20264,1.0,1846,2026-08-13T19:40,COMPLETA,73502.6371,724.3461538461538,14.0,616.0,2092.0,6,0.6875,13,0,0,1848,10187,949.9704545454548,0.0
20264,1.0,1847,2026-08-13T19:50,COMPLETA,83997.2083,705.6785714285714,14.0,603.0,2222.0,7,0.6190476190476191,14,0,0,1850,10206,949.9631891891894,0.0
20264,1.0,1848,2026-08-13T20:00,COMPLETA,107144.3598,736.8733333333333,14.0,779.0,2766.8,10,0.48214285714285715,15,0,1,1851,10216,949.4694219340898,0.0
20264,1.0,1849,2026-08-13T20:10,COMPLETA,97077.5701,670.5,14.0,682.0,2429.5,7,0.6547619047619048,15,0,0,1853,10224,949.6005936319484,0.0
20264,1.0,1850,2026-08-13T20:20,COMPLETA,128391.8095,712.7352941176471,14.0,867.0,2887.0,8,0.6510416666666666,17,0,0,1853,10232,949.6005936319484,0.0
20264,1.0,1851,2026-08-13T20:30,COMPLETA,147546.5957,699.8499999999999,6.8,752.0,2975.1,9,0.7065217391304348,18,0,1,1856,10249,948.232489224138,0.0
20264,1.0,1852,2026-08-13T20:40,COMPLETA,186828.4288,768.0380952380953,6.8,1030.0,3533.0,10,0.6339285714285714,21,0,0,1856,10253,948.232489224138,0.0
20264,1.0,1853,2026-08-13T20:50,COMPLETA,196348.5792,769.1826086956522,6.8,1039.0,3746.2,12,0.578125,23,0,1,1858,10257,948.6599031216364,0.0
20264,1.0,1854,2026-08-13T21:00,COMPLETA,201971.9246,743.0652173913044,1.2,1324.0,4340.3,12,0.59765625,23,0,1,1858,10257,948.6599031216364,0.0
20264,1.0,1855,2026-08-13T21:10,COMPLETA,191265.998,764.5363636363636,2.5,1242.0,4056.5,11,0.6088709677419355,22,0,0,1860,10272,947.9481720430109,0.0
20264,1.0,1856,2026-08-13T21:20,COMPLETA,205769.9143,771.4260869565217,6.8,988.0,3563.0,11,0.6169354838709677,23,0,0,1862,10275,949.0924812030077,0.0
20264,1.0,1857,2026-08-13T21:30,COMPLETA,226028.3352,765.2541666666666,1.2,1491.0,4892.3,14,0.5919117647058824,24,0,0,1862,10275,949.0924812030077,0.0
20264,1.0,1858,2026-08-13T21:40,COMPLETA,236534.4353,749.1153846153846,1.2,1249.0,5111.8,15,0.6142857142857143,26,0,0,1862,10275,949.0924812030077,0.0
20264,1.0,1859,2026-08-13T21:50,COMPLETA,259923.8544,794.8370370370371,1.2,1329.0,4969.3,16,0.6006944444444444,27,0,0,1862,10275,949.0924812030077,0.0
20264,1.0,1860,2026-08-13T22:00,COMPLETA,221440.1756,827.7965517241379,6.8,1204.0,4689.9,15,0.6464285714285715,29,0,0,1862,10275,949.0924812030077,0.0
20264,1.0,1861,2026-08-13T22:10,COMPLETA,213171.3903,827.7965517241379,6.8,1204.0,4689.9,15,0.6464285714285715,29,0,0,1863,10279,949.0970477724103,0.0
20264,1.0,1862,2026-08-13T22:20,COMPLETA,212334.1929,827.7965517241379,6.8,1204.0,4689.9,15,0.6464285714285715,29,0,0,1863,10279,949.0970477724103,0.0
20264,1.0,1863,2026-08-13T22:30,COMPLETA,261795.0133,846.7935483870967,1.6,1453.0,5693.9,18,0.6452702702702703,31,0,0,1864,10287,948.6291845493564,0.0
20264,1.0,1864,2026-08-13T22:40,COMPLETA,260250.0664,858.6666666666666,1.6,1549.0,6031.2,18,0.6710526315789473,33,0,0,1866,10290,948.1359592711684,0.0
20264,1.0,1865,2026-08-13T22:50,COMPLETA,258720.9361,858.6666666666666,1.6,1549.0,6031.2,18,0.6710526315789473,33,0,0,1866,10290,948.1359592711684,0.0
20264,1.0,1866,2026-08-13T23:00,COMPLETA,270335.7451,890.4411764705883,1.2,1544.0,6048.5,19,0.6634615384615384,34,0,18,1866,10290,948.1359592711684,0.0
20264,1.0,1867,2026-08-13T23:10,COMPLETA,3242.5654,1205.7333333333333,6.8,149.0,657.7,3,0.25,3,0,2,1866,10290,948.1359592711684,0.0
20264,1.0,1868,2026-08-13T23:20,COMPLETA,3943.0309,1508.5,1403.0,99.0,388.5,1,0.7916666666666666,3,0,0,1866,10290,948.1359592711684,0.0
20264,1.0,1869,2026-08-13T23:30,COMPLETA,3816.8597,1508.5,1403.0,99.0,388.5,1,0.7916666666666666,3,0,0,1866,10290,948.1359592711684,0.0
20264,1.0,1870,2026-08-13T23:40,COMPLETA,5057.3532,1505.5,1387.0,213.0,679.5,2,0.5416666666666666,4,0,0,1866,10290,948.1359592711684,0.0
20264,1.0,1871,2026-08-13T23:50,COMPLETA,4840.6074,1505.5,1387.0,213.0,679.5,2,0.5416666666666666,4,0,0,1866,10290,948.1359592711684,0.0
20264,1.0,1872,2026-08-14T00:00,COMPLETA,4629.8713,1505.5,1387.0,213.0,679.5,2,0.5416666666666666,4,0,0,1866,10290,948.1359592711684,0.0
20264,1.0,1873,2026-08-14T00:10,COMPLETA,8491.7433,1181.6714285714286,73.6,422.0,1451.1,5,0.5,7,0,2,1866,10290,948.1359592711684,0.0
20264,1.0,1874,2026-08-14T00:20,COMPLETA,18662.4124,1331.9166666666667,112.5,356.0,1261.0,5,0.36666666666666664,6,0,0,1867,10298,947.9535083020891,0.0
20264,1.0,1875,2026-08-14T00:30,COMPLETA,18577.8465,1331.9166666666667,112.5,356.0,1261.0,5,0.36666666666666664,6,0,0,1868,10303,947.9091006423984,0.0
20264,1.0,1876,2026-08-14T00:40,COMPLETA,40743.3156,1404.9375,106.5,510.0,1590.0,5,0.5384615384615384,8,0,1,1871,10322,946.9406199893106,0.0
20264,1.0,1877,2026-08-14T00:50,COMPLETA,35132.3358,1324.5714285714287,4.5,513.0,1429.5,4,0.5520833333333334,7,0,0,1873,10332,946.1096102509343,0.0
20264,1.0,1878,2026-08-14T01:00,COMPLETA,32902.242,1324.5714285714287,4.5,513.0,1429.5,4,0.5520833333333334,7,0,0,1875,10340,947.00512,0.0
20264,1.0,1879,2026-08-14T01:10,COMPLETA,49950.1723,1401.5625,106.5,494.0,1559.0,5,0.56,8,0,1,1877,10343,947.5362812999467,0.0
20264,1.0,1880,2026-08-14T01:20,COMPLETA,33715.0072,1324.5714285714287,4.5,513.0,1429.5,4,0.5520833333333334,7,0,0,1880,10358,947.7340957446809,0.0
20264,1.0,1881,2026-08-14T01:30,COMPLETA,42267.1404,882.2909090909089,44.4,705.0,2339.4,8,0.5277777777777778,11,0,1,1880,10358,947.7340957446809,0.0
20264,1.0,1882,2026-08-14T01:40,COMPLETA,35046.7931,946.79,44.4,753.0,2322.3,8,0.45625,10,0,0,1883,10378,947.5348380244292,0.0
20264,1.0,1883,2026-08-14T01:50,COMPLETA,33536.9629,946.79,44.4,753.0,2322.3,8,0.45625,10,0,0,1883,10378,947.5348380244292,0.0
20264,1.0,1884,2026-08-14T02:00,COMPLETA,33059.842,946.79,44.4,768.0,2295.3,8,0.45625,10,0,1,1884,10386,947.457059447983,0.0
20264,1.0,1885,2026-08-14T02:10,COMPLETA,88754.8164,977.1857142857143,25.8,835.0,2712.0,10,0.5284090909090909,14,0,1,1885,10388,948.0412201591513,0.0
20264,1.0,1886,2026-08-14T02:20,COMPLETA,64189.1541,1028.6846153846154,12.0,825.0,2684.7,10,0.5056818181818182,13,0,0,1886,10393,947.7681336161189,0.0
20264,1.0,1887,2026-08-14T02:30,COMPLETA,65262.1395,1028.6846153846154,12.0,825.0,2684.7,10,0.5056818181818182,13,0,1,1888,10408,947.6469279661018,0.0
20264,1.0,1888,2026-08-14T02:40,COMPLETA,64440.435,872.1999999999999,25.8,838.0,2616.9,10,0.5052083333333334,14,0,1,1890,10419,948.5872486772488,0.0
20264,1.0,1889,2026-08-14T02:50,COMPLETA,67828.3449,916.9142857142857,25.8,921.0,2861.4,10,0.515625,14,0,1,1892,10434,948.5695031712474,0.0
20264,1.0,1890,2026-08-14T03:00,COMPLETA,112655.2089,979.6933333333333,25.8,905.0,2842.5,10,0.5192307692307693,15,0,1,1893,10439,948.3063919704174,0.0
20264,1.0,1891,2026-08-14T03:10,COMPLETA,87228.253,916.02,25.8,899.0,2857.3,10,0.48660714285714285,15,0,0,1895,10450,947.508443271768,0.0
20264,1.0,1892,2026-08-14T03:20,COMPLETA,88376.0858,916.02,25.8,899.0,2857.3,10,0.48660714285714285,15,0,0,1898,10461,947.3539515279243,0.0
20264,1.0,1893,2026-08-14T03:30,COMPLETA,108808.0649,1001.4588235294117,25.8,1084.0,3367.8,10,0.5625,17,0,0,1898,10461,947.3539515279243,0.0
20264,1.0,1894,2026-08-14T03:40,COMPLETA,124334.6979,982.1722222222223,25.8,1271.0,3838.5,13,0.48863636363636365,18,0,1,1898,10467,947.3539515279243,0.0
20264,1.0,1895,2026-08-14T03:50,COMPLETA,107826.6242,913.6947368421052,25.8,1144.0,3563.7,12,0.5546875,19,0,0,1898,10467,947.3539515279243,0.0
20264,1.0,1896,2026-08-14T04:00,COMPLETA,144687.8274,947.015,25.8,1314.0,3908.4,13,0.5643939393939394,20,0,2,1898,10467,947.3539515279243,0.0
20264,1.0,1897,2026-08-14T04:10,COMPLETA,126753.4076,986.1473684210526,13.5,1215.0,3610.2,12,0.54296875,19,0,1,1900,10476,946.7152631578948,0.0
20264,1.0,1898,2026-08-14T04:20,COMPLETA,104816.3711,945.9399999999999,25.8,1104.0,3895.4,14,0.5492424242424242,20,0,2,1901,10481,947.1499210941611,0.0
20264,1.0,1899,2026-08-14T04:30,COMPLETA,116801.0925,993.0315789473683,25.8,1168.0,3624.9,12,0.546875,19,0,2,1904,10497,948.5381827731094,0.0
20264,1.0,1900,2026-08-14T04:40,COMPLETA,187230.5896,1173.395,71.2,1334.0,4151.7,13,0.5416666666666666,20,0,2,1907,10520,948.0530676455166,0.0
20264,1.0,1901,2026-08-14T04:50,COMPLETA,163783.3929,1083.0666666666666,50.5,1223.0,3917.7,12,0.609375,21,0,1,1908,10526,947.5794549266247,0.0
20264,1.0,1902,2026-08-14T05:00,COMPLETA,190383.8203,1108.0333333333333,31.5,1414.0,4205.1,11,0.6330645161290323,21,0,0,1908,10526,947.5794549266247,0.0
20264,1.0,1903,2026-08-14T05:10,COMPLETA,226753.2954,1163.4083333333335,77.0,1612.0,5334.6,17,0.5675675675675675,24,0,2,1910,10533,947.2797905759163,0.0
20264,1.0,1904,2026-08-14T05:20,COMPLETA,189961.0283,1107.208695652174,59.0,1204.0,4021.8,12,0.6484375,23,0,0,1910,10533,947.2797905759163,0.0
20264,1.0,1905,2026-08-14T05:30,COMPLETA,189147.4734,1107.208695652174,59.0,1204.0,4021.8,12,0.6484375,23,0,0,1910,10533,947.2797905759163,0.0
20264,1.0,1906,2026-08-14T05:40,COMPLETA,190413.8111,1061.0541666666666,71.5,1284.0,4247.4,11,0.6935483870967742,24,0,0,1910,10533,947.2797905759163,0.0
20264,1.0,1907,2026-08-14T05:50,COMPLETA,188874.7189,1061.0541666666666,71.5,1284.0,4247.4,11,0.6935483870967742,24,0,0,1911,10539,946.7975928833073,0.0
20264,1.0,1908,2026-08-14T06:00,COMPLETA,191962.8078,1018.528,28.0,1545.0,5185.9,16,0.6180555555555556,25,0,0,1915,10570,946.5604177545692,0.0
20264,1.0,1909,2026-08-14T06:10,COMPLETA,195712.6112,1031.0653846153846,50.5,1242.0,4494.6,14,0.6654411764705882,26,0,0,1917,10579,946.1558163797602,0.0
20264,1.0,1910,2026-08-14T06:20,COMPLETA,221191.558,1045.1703703703704,28.0,1336.0,4845.9,15,0.6642857142857143,27,0,0,1918,10585,945.7081334723672,0.0
20264,1.0,1911,2026-08-14T06:30,COMPLETA,220814.4139,1045.1703703703704,28.0,1336.0,4845.9,15,0.6642857142857143,27,0,0,1919,10587,945.5468473163106,0.0
20264,1.0,1912,2026-08-14T06:40,COMPLETA,183788.4767,984.8793103448276,27.0,1444.0,5163.3,16,0.6979166666666666,29,0,0,1920,10591,945.1245833333335,0.0
20264,1.0,1913,2026-08-14T06:50,COMPLETA,182922.6481,984.8793103448276,27.0,1444.0,5163.3,16,0.6979166666666666,29,0,0,1920,10591,945.1245833333335,0.0
20264,1.0,1914,2026-08-14T07:00,COMPLETA,203158.7954,944.4366666666666,6.4,1775.0,6120.3,18,0.6907894736842105,30,0,16,1922,10596,946.258688865765,0.0
20264,1.0,1915,2026-08-14T07:10,COMPLETA,3738.5627,746.375,18.0,319.0,898.5,3,0.4722222222222222,4,0,0,1922,10596,946.258688865765,0.0
20264,1.0,1916,2026-08-14T07:20,COMPLETA,4551.6061,913.3,18.0,444.0,1266.0,4,0.4583333333333333,5,0,1,1922,10596,946.258688865765,0.0
20264,1.0,1917,2026-08-14T07:30,COMPLETA,4035.2184,1097.0,439.0,281.0,781.5,2,0.75,4,0,0,1922,10596,946.258688865765,0.0
20264,1.0,1918,2026-08-14T07:40,COMPLETA,4306.1044,1097.0,439.0,281.0,781.5,2,0.75,4,0,0,1922,10596,946.258688865765,0.0
20264,1.0,1919,2026-08-14T07:50,COMPLETA,4413.6708,935.9,131.0,402.0,1203.0,4,0.4583333333333333,5,0,0,1922,10596,946.258688865765,0.0
20264,1.0,1920,2026-08-14T08:00,COMPLETA,6434.9343,1175.7142857142858,131.0,392.0,1362.0,5,0.5096153846153846,7,0,1,1922,10596,946.258688865765,0.0
20264,1.0,1921,2026-08-14T08:10,COMPLETA,6565.4851,952.2857142857143,131.0,408.0,1332.0,4,0.6145833333333334,7,0,0,1922,10596,946.258688865765,0.0
20264,1.0,1922,2026-08-14T08:20,COMPLETA,6284.0168,952.2857142857143,131.0,408.0,1332.0,4,0.6145833333333334,7,0,0,1923,10606,946.7419136765471,0.0
20264,1.0,1923,2026-08-14T08:30,COMPLETA,6242.0089,952.2857142857143,131.0,408.0,1332.0,4,0.6145833333333334,7,0,0,1923,10606,946.7419136765471,0.0
20264,1.0,1924,2026-08-14T08:40,COMPLETA,10813.9736,916.688888888889,83.2,572.0,1824.6,6,0.5390625,9,0,1,1925,10615,946.3042597402598,0.0
20264,1.0,1925,2026-08-14T08:50,COMPLETA,17120.3406,959.8333333333334,131.0,633.0,1849.5,6,0.5069444444444444,9,0,0,1926,10621,945.8411734164071,0.0
20264,1.0,1926,2026-08-14T09:00,COMPLETA,22637.4469,836.0909090909091,131.0,598.0,1917.0,6,0.6041666666666666,11,0,0,1927,10622,945.4841203943955,0.0
20264,1.0,1927,2026-08-14T09:10,COMPLETA,44008.0018,805.75,131.0,697.0,2185.5,6,0.6736111111111112,12,0,0,1927,10622,945.4841203943955,0.0
20264,1.0,1928,2026-08-14T09:20,COMPLETA,51253.5012,777.7307692307693,92.0,686.0,2169.0,6,0.7291666666666666,13,0,0,1928,10633,945.2247925311204,0.0
20264,1.0,1929,2026-08-14T09:30,COMPLETA,51990.5061,731.1071428571429,110.0,798.0,2517.0,7,0.6607142857142857,14,0,0,1930,10646,945.1959067357514,0.0
20264,1.0,1930,2026-08-14T09:40,COMPLETA,63646.7417,830.5533333333333,131.0,960.0,2954.4,10,0.5,15,0,1,1930,10646,945.1959067357514,0.0
20264,1.0,1931,2026-08-14T09:50,COMPLETA,63248.7344,694.8,131.0,806.0,2649.0,8,0.609375,15,0,0,1932,10659,944.7800724637682,0.0
20264,1.0,1932,2026-08-14T10:00,COMPLETA,78050.3413,789.6411764705882,131.0,1040.0,3373.2,11,0.5517241379310345,17,0,1,1935,10686,946.055865633075,0.0
20264,1.0,1933,2026-08-14T10:10,COMPLETA,72257.4651,731.435294117647,131.0,735.0,2654.1,8,0.7443181818181818,17,0,1,1935,10686,946.055865633075,0.0
20264,1.0,1934,2026-08-14T10:20,COMPLETA,60220.5468,756.15625,131.0,976.0,3024.0,9,0.5879629629629629,16,0,0,1939,10709,946.8551315110882,0.0
20264,1.0,1935,2026-08-14T10:30,COMPLETA,75272.5609,747.8058823529412,44.0,808.0,2853.6,9,0.65,17,0,1,1939,10709,946.8551315110882,0.0
20264,1.0,1936,2026-08-14T10:40,COMPLETA,59302.0552,756.15625,131.0,976.0,3024.0,9,0.5879629629629629,16,0,0,1940,10718,946.383556701031,0.0
20264,1.0,1937,2026-08-14T10:50,COMPLETA,70792.3805,897.3555555555555,110.0,856.0,2947.2,10,0.625,18,0,2,1941,10720,945.899278722308,0.0
20264,1.0,1938,2026-08-14T11:00,COMPLETA,73905.7135,846.2368421052631,110.0,1179.0,3873.3,12,0.59765625,19,0,0,1942,10721,946.4795571575695,0.0
20264,1.0,1939,2026-08-14T11:10,COMPLETA,68338.2226,857.3666666666667,34.2,1376.0,4547.3,15,0.6014492753623188,21,0,2,1946,10741,946.5308324768756,0.0
20264,1.0,1940,2026-08-14T11:20,COMPLETA,71495.4374,756.3217391304348,34.2,1215.0,3885.3,13,0.6628787878787878,23,0,2,1946,10741,946.5308324768756,0.0
20264,1.0,1941,2026-08-14T11:30,COMPLETA,69443.9759,769.4380952380952,34.2,1078.0,3831.0,12,0.6640625,21,0,0,1947,10749,946.062249614792,0.0
20264,1.0,1942,2026-08-14T11:40,COMPLETA,64444.8726,755.5833333333334,9.8,1666.0,5599.4,18,0.6166666666666667,24,0,2,1947,10749,946.062249614792,0.0
20264,1.0,1943,2026-08-14T11:50,COMPLETA,57827.949,757.5772727272728,15.5,1230.0,3832.2,11,0.717741935483871,22,0,0,1947,10749,946.062249614792,0.0
20264,1.0,1944,2026-08-14T12:00,COMPLETA,67708.6806,804.6304347826087,45.0,1394.0,4529.9,14,0.7045454545454546,23,0,2,1948,10752,945.8995893223819,0.0
20264,1.0,1945,2026-08-14T12:10,COLAPSO_PLANIFICACION,72635.837999,,,1254.0,3988.0,12,0.6904761904761905,23,10,0,1952,10772,946.311219262295,0.0
