semilla,pedido_id,vehiculo,ubicacion_x,ubicacion_y,cantidad_parte,instante_entrega,deadline,holgura_min
20262,V202602-L00001,TA01,35,2,4,2026-02-01T01:50,2026-02-01T12:19,629.0
20262,V202602-L00001,TA01,35,2,4,2026-02-01T01:50,2026-02-01T12:19,629.0
20262,V202602-L00002,TA02,55,24,3,2026-02-01T02:47,2026-02-01T04:45,118.0
20262,V202602-L00004,TA03,28,46,3,2026-02-01T04:38:30,2026-02-01T06:40,121.5
20262,V202602-L00003,TA01,60,24,1,2026-02-01T05:24:30,2026-02-02T13:32,1927.5
20262,V202602-L00003,TA01,60,24,4,2026-02-01T05:24:30,2026-02-02T13:32,1927.5
20262,V202602-L00006,TA02,64,27,4,2026-02-01T06:00:30,2026-02-02T16:46,2085.5
20262,V202602-L00007,TA04,50,26,2,2026-02-01T06:52:30,2026-02-02T16:55,2042.5
20262,V202602-L00005,TA01,21,24,3,2026-02-01T08:58:30,2026-02-01T22:13,794.5
20262,V202602-L00005,TA01,21,24,4,2026-02-01T08:58:30,2026-02-01T22:13,794.5
20262,V202602-L00010,TA02,53,38,2,2026-02-01T08:22:30,2026-02-01T09:57,94.5
20262,V202602-L00008,TA03,50,39,4,2026-02-01T08:58:30,2026-02-01T09:09,10.5
20262,V202602-L00008,TA03,50,39,4,2026-02-01T08:58:30,2026-02-01T09:09,10.5
20262,V202602-L00009,TA04,66,18,4,2026-02-01T08:31:30,2026-02-01T17:22,530.5
20262,V202602-L00011,TA05,6,45,1,2026-02-01T10:08,2026-02-01T15:48,340.0
20262,V202602-L00013,TA06,58,48,3,2026-02-01T10:57:30,2026-02-02T20:19,2001.5
20262,V202602-L00014,TA07,35,13,2,2026-02-01T10:13:30,2026-02-02T20:53,2079.5
20262,V202602-L00012,TA02,57,33,4,2026-02-01T10:54,2026-02-01T12:09,75.0
20262,V202602-L00012,TA02,57,33,4,2026-02-01T10:54,2026-02-01T12:09,75.0
20262,V202602-L00016,TA04,20,48,4,2026-02-01T12:47,2026-02-02T22:17,2010.0
20262,V202602-L00015,TA01,17,40,1,2026-02-01T13:35:30,2026-02-02T03:08,812.5
20262,V202602-L00015,TA01,17,40,4,2026-02-01T13:35:30,2026-02-02T03:08,812.5
20262,V202602-L00017,TA02,54,24,3,2026-02-01T12:19,2026-02-01T19:08,409.0
20262,V202602-L00018,TA01,26,14,1,2026-02-01T17:00,2026-02-02T05:22,742.0
20262,V202602-L00018,TA01,26,14,4,2026-02-01T17:00,2026-02-02T05:22,742.0
20262,V202602-L00018,TA01,26,14,4,2026-02-01T17:00,2026-02-02T05:22,742.0
20262,V202602-L00019,TA01,25,45,3,2026-02-01T18:48,2026-02-02T01:27,399.0
20262,V202602-L00019,TA01,25,45,4,2026-02-01T18:48,2026-02-02T01:27,399.0
20262,V202602-L00020,TA07,13,9,1,2026-02-01T16:28:30,2026-02-02T01:51,562.5
20262,V202602-L00021,TA02,8,41,3,2026-02-01T18:33:30,2026-02-01T19:12,38.5
20262,V202602-L00021,TA02,8,41,4,2026-02-01T18:33:30,2026-02-01T19:12,38.5
20262,V202602-L00022,TA03,6,13,4,2026-02-01T17:57:30,2026-02-01T19:20,82.5
20262,V202602-L00022,TA03,6,13,4,2026-02-01T17:57:30,2026-02-01T19:20,82.5
20262,V202602-L00026,TA06,55,23,3,2026-02-01T20:19,2026-02-02T03:01,402.0
20262,V202602-L00025,TA03,48,0,4,2026-02-01T21:38,2026-02-03T05:39,1921.0
20262,V202602-L00025,TA03,48,0,4,2026-02-01T21:38,2026-02-03T05:39,1921.0
20262,V202602-L00023,TA02,34,10,1,2026-02-01T21:59,2026-02-02T10:22,743.0
20262,V202602-L00023,TA02,34,10,4,2026-02-01T21:59,2026-02-02T10:22,743.0
20262,V202602-L00028,TA01,58,2,4,2026-02-02T02:03,2026-02-02T07:56,353.0
20262,V202602-L00028,TA01,58,2,1,2026-02-02T02:03,2026-02-02T07:56,353.0
20262,V202602-L00024,TA01,52,45,2,2026-02-02T04:16:30,2026-02-03T05:05,1488.5
20262,V202602-L00024,TA01,52,45,4,2026-02-02T04:16:30,2026-02-03T05:05,1488.5
20262,V202602-L00027,TA02,63,30,4,2026-02-02T01:18,2026-02-02T07:11,353.0
20262,V202602-L00027,TA02,63,30,2,2026-02-02T01:18,2026-02-02T07:11,353.0
20262,V202602-L00029,TA02,63,38,4,2026-02-02T02:30,2026-02-02T05:28,178.0
20262,V202602-L00029,TA02,63,38,4,2026-02-02T02:30,2026-02-02T05:28,178.0
20262,V202602-L00030,TA03,44,15,3,2026-02-02T00:27,2026-02-03T09:40,1993.0
20262,V202602-L00031,TA07,46,7,4,2026-02-02T01:19,2026-02-03T11:32,2053.0
20262,V202602-L00032,TA08,30,31,3,2026-02-02T01:30,2026-02-03T11:55,2065.0
20262,V202602-L00035,TA09,9,1,2,2026-02-02T02:56:30,2026-02-02T13:04,607.5
20262,V202602-L00037,TA04,26,17,3,2026-02-02T06:52:30,2026-02-02T08:54,121.5
20262,V202602-L00037,TA04,26,17,4,2026-02-02T06:52:30,2026-02-02T08:54,121.5
20262,V202602-L00033,TA01,22,41,2,2026-02-02T09:52:30,2026-02-03T12:14,1581.5
20262,V202602-L00033,TA01,22,41,4,2026-02-02T09:52:30,2026-02-03T12:14,1581.5
20262,V202602-L00033,TA01,22,41,4,2026-02-02T09:52:30,2026-02-03T12:14,1581.5
20262,V202602-L00039,TA01,5,25,2,2026-02-02T11:42,2026-02-03T17:28,1786.0
20262,V202602-L00039,TA01,5,25,4,2026-02-02T11:42,2026-02-03T17:28,1786.0
20262,V202602-L00036,TA02,37,29,4,2026-02-02T08:33,2026-02-03T15:22,1849.0
20262,V202602-L00036,TA02,37,29,1,2026-02-02T08:33,2026-02-03T15:22,1849.0
20262,V202602-L00038,TA02,1,3,1,2026-02-02T11:06,2026-02-02T12:59,113.0
20262,V202602-L00038,TA02,1,3,4,2026-02-02T11:06,2026-02-02T12:59,113.0
20262,V202602-L00034,TA03,15,24,4,2026-02-02T09:07:30,2026-02-02T12:41,213.5
20262,V202602-L00034,TA03,15,24,1,2026-02-02T09:07:30,2026-02-02T12:41,213.5
20262,V202602-L00034,TA03,15,24,4,2026-02-02T09:07:30,2026-02-02T12:41,213.5
20262,V202602-L00040,TA06,40,33,2,2026-02-02T08:34:30,2026-02-02T18:29,594.5
20262,V202602-L00041,TA03,70,48,4,2026-02-02T14:54,2026-02-02T18:17,203.0
20262,V202602-L00041,TA03,70,48,4,2026-02-02T14:54,2026-02-02T18:17,203.0
20262,V202602-L00043,TA02,28,23,4,2026-02-02T14:16:30,2026-02-03T22:53,1956.5
20262,V202602-L00043,TA02,28,23,4,2026-02-02T14:16:30,2026-02-03T22:53,1956.5
20262,V202602-L00042,TA01,20,32,1,2026-02-02T17:36,2026-02-03T04:41,665.0
20262,V202602-L00042,TA01,20,32,4,2026-02-02T17:36,2026-02-03T04:41,665.0
20262,V202602-L00042,TA01,20,32,4,2026-02-02T17:36,2026-02-03T04:41,665.0
20262,V202602-L00044,TA01,27,7,1,2026-02-02T19:24,2026-02-03T05:37,613.0
20262,V202602-L00044,TA01,27,7,4,2026-02-02T19:24,2026-02-03T05:37,613.0
20262,V202602-L00044,TA01,27,7,4,2026-02-02T19:24,2026-02-03T05:37,613.0
20262,V202602-L00045,TA01,24,48,2,2026-02-02T21:33,2026-02-04T02:07,1714.0
20262,V202602-L00045,TA01,24,48,4,2026-02-02T21:33,2026-02-04T02:07,1714.0
20262,V202602-L00045,TA02,24,48,4,2026-02-02T16:55:30,2026-02-04T02:07,1991.5
20262,V202602-L00046,TA05,21,43,2,2026-02-02T16:21,2026-02-04T02:56,2075.0
20262,V202602-L00047,TA02,27,30,2,2026-02-02T20:51,2026-02-03T00:14,203.0
20262,V202602-L00047,TA02,27,30,4,2026-02-02T20:51,2026-02-03T00:14,203.0
20262,V202602-L00047,TA02,27,30,4,2026-02-02T20:51,2026-02-03T00:14,203.0
20262,V202602-L00050,TA05,10,21,2,2026-02-02T21:28:30,2026-02-03T03:53,384.5
20262,V202602-L00049,TA02,0,12,3,2026-02-02T22:58:30,2026-02-04T06:22,1883.5
20262,V202602-L00049,TA02,0,12,4,2026-02-02T22:58:30,2026-02-04T06:22,1883.5
20262,V202602-L00052,TA04,19,3,2,2026-02-02T22:38:30,2026-02-03T15:09,990.5
20262,V202602-L00048,TA01,22,6,4,2026-02-03T01:24,2026-02-03T05:08,224.0
20262,V202602-L00048,TA01,22,6,4,2026-02-03T01:24,2026-02-03T05:08,224.0
20262,V202602-L00053,TA01,62,42,1,2026-02-03T04:18,2026-02-03T05:27,69.0
20262,V202602-L00053,TA01,62,42,4,2026-02-03T04:18,2026-02-03T05:27,69.0
20262,V202602-L00053,TA01,62,42,4,2026-02-03T04:18,2026-02-03T05:27,69.0
20262,V202602-L00054,TA02,11,29,2,2026-02-03T01:28:30,2026-02-03T03:17,108.5
20262,V202602-L00054,TA02,11,29,4,2026-02-03T01:28:30,2026-02-03T03:17,108.5
20262,V202602-L00054,TA02,11,29,4,2026-02-03T01:28:30,2026-02-03T03:17,108.5
20262,V202602-L00055,TA05,25,37,3,2026-02-03T02:31,2026-02-03T19:07,996.0
20262,V202602-L00056,TA02,13,11,4,2026-02-03T06:24,2026-02-04T14:43,1939.0
20262,V202602-L00056,TA02,13,11,3,2026-02-03T06:24,2026-02-04T14:43,1939.0
20262,V202602-L00057,TA04,26,32,1,2026-02-03T05:28:30,2026-02-03T15:54,625.5
20262,V202602-L00060,TA01,0,49,2,2026-02-03T10:37:30,2026-02-03T12:58,140.5
20262,V202602-L00060,TA01,0,49,4,2026-02-03T10:37:30,2026-02-03T12:58,140.5
20262,V202602-L00060,TA01,0,49,4,2026-02-03T10:37:30,2026-02-03T12:58,140.5
20262,V202602-L00059,TA01,55,21,4,2026-02-03T13:42,2026-02-03T16:06,144.0
20262,V202602-L00059,TA01,55,21,4,2026-02-03T13:42,2026-02-03T16:06,144.0
20262,V202602-L00058,TA02,10,13,4,2026-02-03T08:27,2026-02-04T16:00,1893.0
20262,V202602-L00058,TA02,10,13,4,2026-02-03T08:27,2026-02-04T16:00,1893.0
20262,V202602-L00051,TA02,61,4,4,2026-02-03T10:57,2026-02-04T08:21,1284.0
20262,V202602-L00051,TA02,61,4,4,2026-02-03T10:57,2026-02-04T08:21,1284.0
20262,V202602-L00061,TA04,41,12,1,2026-02-03T08:34,2026-02-04T19:01,2067.0
20262,V202602-L00062,TA05,16,48,1,2026-02-03T09:31,2026-02-03T16:10,399.0
20262,V202602-L00063,TA03,56,50,1,2026-02-03T10:56,2026-02-03T21:17,621.0
20262,V202602-L00066,TA03,48,9,3,2026-02-03T14:15:30,2026-02-03T17:33,197.5
20262,V202602-L00066,TA03,48,9,4,2026-02-03T14:15:30,2026-02-03T17:33,197.5
20262,V202602-L00068,TA04,26,4,1,2026-02-03T12:46:30,2026-02-03T23:26,639.5
20262,V202602-L00069,TA06,68,40,4,2026-02-03T13:26,2026-02-04T05:47,981.0
20262,V202602-L00070,TA02,46,45,1,2026-02-03T14:43:30,2026-02-05T00:04,2000.5
20262,V202602-L00070,TA02,46,45,4,2026-02-03T14:43:30,2026-02-05T00:04,2000.5
20262,V202602-L00071,TA07,49,37,2,2026-02-03T14:27,2026-02-04T06:58,991.0
20262,V202602-L00065,TA01,16,0,2,2026-02-03T17:48,2026-02-04T21:23,1655.0
20262,V202602-L00065,TA01,16,0,4,2026-02-03T17:48,2026-02-04T21:23,1655.0
20262,V202602-L00065,TA01,16,0,4,2026-02-03T17:48,2026-02-04T21:23,1655.0
20262,V202602-L00064,TA01,1,24,1,2026-02-03T19:46:30,2026-02-03T21:19,92.5
20262,V202602-L00064,TA01,1,24,4,2026-02-03T19:46:30,2026-02-03T21:19,92.5
20262,V202602-L00072,TA06,64,15,4,2026-02-03T16:28:30,2026-02-03T21:56,327.5
20262,V202602-L00074,TA05,7,26,4,2026-02-03T16:55:30,2026-02-05T03:29,2073.5
20262,V202602-L00075,TA02,58,11,4,2026-02-03T18:59:30,2026-02-03T23:35,275.5
20262,V202602-L00075,TA02,58,11,4,2026-02-03T18:59:30,2026-02-03T23:35,275.5
20262,V202602-L00076,TA03,19,7,2,2026-02-03T18:07:30,2026-02-05T04:22,2054.5
20262,V202602-L00079,TA06,46,41,2,2026-02-03T20:37:30,2026-02-03T22:51,133.5
20262,V202602-L00077,TA03,38,27,4,2026-02-03T21:06,2026-02-04T01:30,264.0
20262,V202602-L00077,TA03,38,27,4,2026-02-03T21:06,2026-02-04T01:30,264.0
20262,V202602-L00080,TA02,56,41,4,2026-02-03T22:02:30,2026-02-04T14:39,996.5
20262,V202602-L00073,TA01,31,28,1,2026-02-04T01:25:30,2026-02-04T03:17,111.5
20262,V202602-L00073,TA01,31,28,4,2026-02-04T01:25:30,2026-02-04T03:17,111.5
20262,V202602-L00073,TA01,31,28,4,2026-02-04T01:25:30,2026-02-04T03:17,111.5
20262,V202602-L00078,TA01,29,6,1,2026-02-04T03:01:30,2026-02-05T05:50,1608.5
20262,V202602-L00078,TA01,29,6,4,2026-02-04T03:01:30,2026-02-05T05:50,1608.5
20262,V202602-L00067,TA01,68,5,4,2026-02-04T05:01:30,2026-02-04T22:26,1044.5
20262,V202602-L00067,TA01,68,5,4,2026-02-04T05:01:30,2026-02-04T22:26,1044.5
20262,V202602-L00081,TA02,1,15,4,2026-02-04T01:45,2026-02-05T09:43,1918.0
20262,V202602-L00081,TA02,1,15,4,2026-02-04T01:45,2026-02-05T09:43,1918.0
20262,V202602-L00082,TA02,55,11,2,2026-02-04T04:12,2026-02-05T09:56,1784.0
20262,V202602-L00082,TA02,55,11,4,2026-02-04T04:12,2026-02-05T09:56,1784.0
20262,V202602-L00083,TA04,16,26,4,2026-02-04T00:34:30,2026-02-05T10:24,2029.5
20262,V202602-L00084,TA05,7,26,1,2026-02-04T00:25:30,2026-02-04T06:55,389.5
20262,V202602-L00085,TA03,55,9,4,2026-02-04T02:54,2026-02-04T07:58,304.0
20262,V202602-L00085,TA03,55,9,4,2026-02-04T02:54,2026-02-04T07:58,304.0
20262,V202602-L00086,TA06,64,31,2,2026-02-04T02:46:30,2026-02-04T13:23,636.5
20262,V202602-L00088,TA07,46,19,2,2026-02-04T03:18:30,2026-02-04T09:42,383.5
20262,V202602-L00090,TA04,23,48,3,2026-02-04T04:51:30,2026-02-05T15:16,2064.5
20262,V202602-L00087,TA01,60,24,4,2026-02-04T08:09,2026-02-04T09:30,81.0
20262,V202602-L00087,TA01,60,24,2,2026-02-04T08:09,2026-02-04T09:30,81.0
20262,V202602-L00087,TA01,60,24,4,2026-02-04T08:09,2026-02-04T09:30,81.0
20262,V202602-L00091,TA01,53,37,2,2026-02-04T09:39,2026-02-05T16:23,1844.0
20262,V202602-L00091,TA01,53,37,4,2026-02-04T09:39,2026-02-05T16:23,1844.0
20262,V202602-L00092,TA02,47,18,3,2026-02-04T09:40:30,2026-02-05T18:02,1941.5
20262,V202602-L00092,TA02,47,18,4,2026-02-04T09:40:30,2026-02-05T18:02,1941.5
20262,V202602-L00089,TA03,36,13,3,2026-02-04T09:19:30,2026-02-04T10:31,71.5
20262,V202602-L00089,TA03,36,13,4,2026-02-04T09:19:30,2026-02-04T10:31,71.5
20262,V202602-L00093,TA08,40,8,3,2026-02-04T08:28:30,2026-02-05T00:28,959.5
20262,V202602-L00096,TA03,19,3,2,2026-02-04T12:03,2026-02-05T21:05,1982.0
20262,V202602-L00096,TA03,19,3,4,2026-02-04T12:03,2026-02-05T21:05,1982.0
20262,V202602-L00094,TA01,40,31,1,2026-02-04T13:49:30,2026-02-04T19:40,350.5
20262,V202602-L00094,TA01,40,31,4,2026-02-04T13:49:30,2026-02-04T19:40,350.5
20262,V202602-L00094,TA01,40,31,4,2026-02-04T13:49:30,2026-02-04T19:40,350.5
20262,V202602-L00097,TA01,62,19,1,2026-02-04T18:04:30,2026-02-06T00:40,1835.5
20262,V202602-L00097,TA01,62,19,4,2026-02-04T18:04:30,2026-02-06T00:40,1835.5
20262,V202602-L00095,TA01,66,49,3,2026-02-04T19:55:30,2026-02-04T20:14,18.5
20262,V202602-L00095,TA01,66,49,4,2026-02-04T19:55:30,2026-02-04T20:14,18.5
20262,V202602-L00099,TA02,21,5,2,2026-02-04T17:27,2026-02-05T02:01,514.0
20262,V202602-L00099,TA02,21,5,4,2026-02-04T17:27,2026-02-05T02:01,514.0
20262,V202602-L00098,TA06,51,12,1,2026-02-04T16:31:30,2026-02-06T01:29,1977.5
20262,V202602-L00100,TA04,8,37,3,2026-02-04T17:17:30,2026-02-06T04:08,2090.5
20262,V202602-L00101,TA07,56,41,4,2026-02-04T18:02:30,2026-02-05T00:33,390.5
20262,V202602-L00102,TA03,18,22,1,2026-02-04T18:55:30,2026-02-06T05:28,2072.5
20262,V202602-L00103,TA08,35,4,2,2026-02-04T19:37,2026-02-05T06:02,625.0
20262,V202602-L00106,TA06,62,8,1,2026-02-04T21:16,2026-02-06T07:31,2055.0
20262,V202602-L00107,TA07,56,31,2,2026-02-04T20:47:30,2026-02-06T07:32,2084.5
20262,V202602-L00109,TA02,58,3,4,2026-02-04T22:23,2026-02-05T00:15,112.0
20262,V202602-L00109,TA02,58,3,2,2026-02-04T22:23,2026-02-05T00:15,112.0
20262,V202602-L00109,TA02,58,3,4,2026-02-04T22:23,2026-02-05T00:15,112.0
20262,V202602-L00104,TA03,64,5,1,2026-02-04T22:29,2026-02-06T06:08,1899.0
20262,V202602-L00104,TA03,64,5,4,2026-02-04T22:29,2026-02-06T06:08,1899.0
20262,V202602-L00110,TA07,60,35,3,2026-02-04T22:11:30,2026-02-05T14:28,976.5
20262,V202602-L00111,TA01,65,31,4,2026-02-05T02:27,2026-02-05T04:39,132.0
20262,V202602-L00111,TA01,65,31,2,2026-02-05T02:27,2026-02-05T04:39,132.0
20262,V202602-L00111,TA01,65,31,4,2026-02-05T02:27,2026-02-05T04:39,132.0
20262,V202602-L00108,TA02,1,19,1,2026-02-05T01:51:30,2026-02-05T14:15,743.5
20262,V202602-L00108,TA02,1,19,4,2026-02-05T01:51:30,2026-02-05T14:15,743.5
20262,V202602-L00108,TA02,1,19,4,2026-02-05T01:51:30,2026-02-05T14:15,743.5
20262,V202602-L00113,TA02,39,19,2,2026-02-05T03:48:30,2026-02-06T10:21,1832.5
20262,V202602-L00113,TA02,39,19,4,2026-02-05T03:48:30,2026-02-06T10:21,1832.5
20262,V202602-L00113,TA02,39,19,4,2026-02-05T03:48:30,2026-02-06T10:21,1832.5
20262,V202602-L00105,TA04,20,40,4,2026-02-05T01:48,2026-02-05T02:38,50.0
20262,V202602-L00105,TA04,20,40,1,2026-02-05T01:48,2026-02-05T02:38,50.0
20262,V202602-L00112,TA08,34,17,1,2026-02-05T00:15,2026-02-06T09:58,2023.0
20262,V202602-L00116,TA03,46,28,4,2026-02-05T02:18,2026-02-05T18:54,996.0
20262,V202602-L00119,TA05,31,49,3,2026-02-05T03:35,2026-02-06T13:43,2048.0
20262,V202602-L00117,TA03,29,14,2,2026-02-05T04:43:30,2026-02-05T13:18,514.5
20262,V202602-L00117,TA03,29,14,4,2026-02-05T04:43:30,2026-02-05T13:18,514.5
20262,V202602-L00114,TA01,4,2,1,2026-02-05T06:42,2026-02-06T10:32,1670.0
20262,V202602-L00114,TA01,4,2,4,2026-02-05T06:42,2026-02-06T10:32,1670.0
20262,V202602-L00114,TA01,4,2,4,2026-02-05T06:42,2026-02-06T10:32,1670.0
20262,V202602-L00120,TA04,21,25,2,2026-02-05T05:43,2026-02-05T16:04,621.0
20262,V202602-L00121,TA05,31,26,4,2026-02-05T06:56:30,2026-02-05T23:07,970.5
20262,V202602-L00118,TA02,35,9,2,2026-02-05T08:19:30,2026-02-06T13:34,1754.5
20262,V202602-L00118,TA02,35,9,4,2026-02-05T08:19:30,2026-02-06T13:34,1754.5
20262,V202602-L00118,TA02,35,9,4,2026-02-05T08:19:30,2026-02-06T13:34,1754.5
20262,V202602-L00124,TA02,30,2,4,2026-02-05T09:37:30,2026-02-06T18:51,1993.5
20262,V202602-L00124,TA02,30,2,1,2026-02-05T09:37:30,2026-02-06T18:51,1993.5
20262,V202602-L00115,TA01,68,11,4,2026-02-05T09:40:30,2026-02-06T12:32,1611.5
20262,V202602-L00115,TA01,68,11,4,2026-02-05T09:40:30,2026-02-06T12:32,1611.5
20262,V202602-L00115,TA01,68,11,1,2026-02-05T09:40:30,2026-02-06T12:32,1611.5
20262,V202602-L00122,TA01,43,14,2,2026-02-05T11:28:30,2026-02-06T00:18,769.5
20262,V202602-L00122,TA01,43,14,4,2026-02-05T11:28:30,2026-02-06T00:18,769.5
20262,V202602-L00123,TA01,51,39,3,2026-02-05T13:18,2026-02-05T18:43,325.0
20262,V202602-L00123,TA01,51,39,4,2026-02-05T13:18,2026-02-05T18:43,325.0
20262,V202602-L00126,TA03,51,13,2,2026-02-05T12:37:30,2026-02-05T17:57,319.5
20262,V202602-L00126,TA03,51,13,4,2026-02-05T12:37:30,2026-02-05T17:57,319.5
20262,V202602-L00127,TA02,50,10,4,2026-02-05T13:04:30,2026-02-05T18:55,350.5
20262,V202602-L00127,TA02,50,10,1,2026-02-05T13:04:30,2026-02-05T18:55,350.5
20262,V202602-L00128,TA01,5,11,4,2026-02-05T17:42,2026-02-05T20:26,164.0
20262,V202602-L00128,TA01,5,11,4,2026-02-05T17:42,2026-02-05T20:26,164.0
20262,V202602-L00128,TA01,5,11,1,2026-02-05T17:42,2026-02-05T20:26,164.0
20262,V202602-L00129,TA01,29,38,2,2026-02-05T19:58:30,2026-02-07T02:20,1821.5
20262,V202602-L00129,TA01,29,38,4,2026-02-05T19:58:30,2026-02-07T02:20,1821.5
20262,V202602-L00125,TA02,34,50,3,2026-02-05T18:09,2026-02-05T20:32,143.0
20262,V202602-L00125,TA02,34,50,4,2026-02-05T18:09,2026-02-05T20:32,143.0
20262,V202602-L00132,TA04,7,27,1,2026-02-05T18:34,2026-02-06T05:10,636.0
20262,V202602-L00135,TA05,24,34,2,2026-02-05T19:34:30,2026-02-07T05:59,2064.5
20262,V202602-L00134,TA02,6,41,2,2026-02-05T21:13:30,2026-02-06T01:41,267.5
20262,V202602-L00134,TA02,6,41,4,2026-02-05T21:13:30,2026-02-06T01:41,267.5
20262,V202602-L00134,TA02,6,41,4,2026-02-05T21:13:30,2026-02-06T01:41,267.5
20262,V202602-L00136,TA08,23,1,4,2026-02-05T22:22:30,2026-02-07T08:21,2038.5
20262,V202602-L00133,TA01,32,21,1,2026-02-06T01:16:30,2026-02-06T01:31,14.5
20262,V202602-L00133,TA01,32,21,4,2026-02-06T01:16:30,2026-02-06T01:31,14.5
20262,V202602-L00133,TA01,32,21,4,2026-02-06T01:16:30,2026-02-06T01:31,14.5
20262,V202602-L00131,TA01,24,23,4,2026-02-06T02:31:30,2026-02-06T10:58,506.5
20262,V202602-L00131,TA01,24,23,4,2026-02-06T02:31:30,2026-02-06T10:58,506.5
20262,V202602-L00130,TA01,18,18,3,2026-02-06T04:15,2026-02-07T03:45,1410.0
20262,V202602-L00130,TA01,18,18,4,2026-02-06T04:15,2026-02-07T03:45,1410.0
20262,V202602-L00137,TA02,32,36,4,2026-02-06T00:33,2026-02-07T08:31,1918.0
20262,V202602-L00137,TA02,32,36,4,2026-02-06T00:33,2026-02-07T08:31,1918.0
20262,V202602-L00138,TA02,52,14,1,2026-02-06T02:48,2026-02-07T09:05,1817.0
20262,V202602-L00138,TA02,52,14,4,2026-02-06T02:48,2026-02-07T09:05,1817.0
20262,V202602-L00138,TA02,52,14,4,2026-02-06T02:48,2026-02-07T09:05,1817.0
20262,V202602-L00140,TA03,10,32,4,2026-02-06T01:57,2026-02-07T09:58,1921.0
20262,V202602-L00140,TA03,10,32,2,2026-02-06T01:57,2026-02-07T09:58,1921.0
20262,V202602-L00140,TA03,10,32,4,2026-02-06T01:57,2026-02-07T09:58,1921.0
20262,V202602-L00139,TA04,7,21,3,2026-02-06T00:33,2026-02-06T15:34,901.0
20262,V202602-L00141,TA02,37,6,4,2026-02-06T06:46:30,2026-02-07T13:28,1841.5
20262,V202602-L00141,TA02,37,6,4,2026-02-06T06:46:30,2026-02-07T13:28,1841.5
20262,V202602-L00143,TA01,44,9,2,2026-02-06T08:33,2026-02-06T15:03,390.0
20262,V202602-L00143,TA01,44,9,4,2026-02-06T08:33,2026-02-06T15:03,390.0
20262,V202602-L00143,TA01,44,9,4,2026-02-06T08:33,2026-02-06T15:03,390.0
20262,V202602-L00144,TA01,57,33,4,2026-02-06T10:28:30,2026-02-06T15:49,320.5
20262,V202602-L00144,TA01,57,33,4,2026-02-06T10:28:30,2026-02-06T15:49,320.5
20262,V202602-L00147,TA03,25,30,3,2026-02-06T09:25:30,2026-02-07T00:45,919.5
20262,V202602-L00147,TA03,25,30,4,2026-02-06T09:25:30,2026-02-07T00:45,919.5
20262,V202602-L00142,TA04,69,6,2,2026-02-06T10:13:30,2026-02-06T10:45,31.5
20262,V202602-L00142,TA04,69,6,4,2026-02-06T10:13:30,2026-02-06T10:45,31.5
20262,V202602-L00148,TA06,53,26,3,2026-02-06T08:47:30,2026-02-06T15:31,403.5
20262,V202602-L00146,TA02,6,12,2,2026-02-06T09:24:30,2026-02-06T23:14,829.5
20262,V202602-L00146,TA02,6,12,4,2026-02-06T09:24:30,2026-02-06T23:14,829.5
20262,V202602-L00145,TA02,69,15,4,2026-02-06T12:03:30,2026-02-07T15:54,1670.5
20262,V202602-L00145,TA02,69,15,4,2026-02-06T12:03:30,2026-02-07T15:54,1670.5
20262,V202602-L00151,TA05,59,47,1,2026-02-06T12:46,2026-02-06T13:08,22.0
20262,V202602-L00151,TA05,59,47,4,2026-02-06T12:46,2026-02-06T13:08,22.0
20262,V202602-L00151,TA05,59,47,4,2026-02-06T12:46,2026-02-06T13:08,22.0
20262,V202602-L00152,TA03,48,5,1,2026-02-06T12:37:30,2026-02-06T17:28,290.5
20262,V202602-L00152,TA03,48,5,4,2026-02-06T12:37:30,2026-02-06T17:28,290.5
20262,V202602-L00149,TA01,44,44,4,2026-02-06T14:55:30,2026-02-06T15:42,46.5
20262,V202602-L00149,TA01,44,44,4,2026-02-06T14:55:30,2026-02-06T15:42,46.5
20262,V202602-L00154,TA04,64,21,3,2026-02-06T14:39:30,2026-02-08T01:17,2077.5
20262,V202602-L00155,TA02,29,28,1,2026-02-06T17:28:30,2026-02-07T07:28,839.5
20262,V202602-L00155,TA02,29,28,4,2026-02-06T17:28:30,2026-02-07T07:28,839.5
20262,V202602-L00158,TA03,35,5,1,2026-02-06T16:55:30,2026-02-08T03:30,2074.5
20262,V202602-L00157,TA04,68,43,4,2026-02-06T19:19:30,2026-02-06T19:23,3.5
20262,V202602-L00157,TA04,68,43,4,2026-02-06T19:19:30,2026-02-06T19:23,3.5
20262,V202602-L00153,TA01,55,17,2,2026-02-06T18:31:30,2026-02-07T04:02,570.5
20262,V202602-L00153,TA01,55,17,4,2026-02-06T18:31:30,2026-02-07T04:02,570.5
20262,V202602-L00150,TA01,50,29,1,2026-02-06T19:57,2026-02-07T02:31,394.0
20262,V202602-L00150,TA01,50,29,4,2026-02-06T19:57,2026-02-07T02:31,394.0
20262,V202602-L00161,TA05,41,34,2,2026-02-06T18:44:30,2026-02-06T21:09,144.5
20262,V202602-L00159,TA02,57,42,1,2026-02-06T21:19:30,2026-02-08T04:07,1847.5
20262,V202602-L00159,TA02,57,42,4,2026-02-06T21:19:30,2026-02-08T04:07,1847.5
20262,V202602-L00163,TA03,29,49,3,2026-02-06T21:15:30,2026-02-07T07:14,598.5
20262,V202602-L00166,TA01,21,14,1,2026-02-07T01:13:30,2026-02-07T06:20,306.5
20262,V202602-L00166,TA01,21,14,4,2026-02-07T01:13:30,2026-02-07T06:20,306.5
20262,V202602-L00164,TA01,29,18,4,2026-02-07T02:31:30,2026-02-07T05:51,199.5
20262,V202602-L00164,TA01,29,18,1,2026-02-07T02:31:30,2026-02-07T05:51,199.5
20262,V202602-L00167,TA01,37,41,2,2026-02-07T04:18,2026-02-07T06:27,129.0
20262,V202602-L00167,TA01,37,41,4,2026-02-07T04:18,2026-02-07T06:27,129.0
20262,V202602-L00160,TA02,47,27,1,2026-02-07T01:54,2026-02-07T10:38,524.0
20262,V202602-L00160,TA02,47,27,4,2026-02-07T01:54,2026-02-07T10:38,524.0
20262,V202602-L00160,TA02,47,27,4,2026-02-07T01:54,2026-02-07T10:38,524.0
20262,V202602-L00162,TA02,55,44,4,2026-02-07T03:31:30,2026-02-07T07:04,212.5
20262,V202602-L00162,TA02,55,44,3,2026-02-07T03:31:30,2026-02-07T07:04,212.5
20262,V202602-L00156,TA03,4,27,3,2026-02-07T01:52:30,2026-02-08T03:16,1523.5
20262,V202602-L00156,TA03,4,27,4,2026-02-07T01:52:30,2026-02-08T03:16,1523.5
20262,V202602-L00165,TA08,10,10,1,2026-02-07T00:31:30,2026-02-07T09:53,561.5
20262,V202602-L00168,TA04,16,42,3,2026-02-07T02:13,2026-02-07T03:08,55.0
20262,V202602-L00168,TA04,16,42,4,2026-02-07T02:13,2026-02-07T03:08,55.0
20262,V202602-L00169,TA05,67,36,2,2026-02-07T00:48:30,2026-02-08T11:14,2065.5
20262,V202602-L00172,TA06,69,30,1,2026-02-07T03:02:30,2026-02-08T13:37,2074.5
20262,V202602-L00173,TA09,4,23,1,2026-02-07T03:41,2026-02-07T05:46,125.0
20262,V202602-L00175,TA01,30,5,1,2026-02-07T09:16:30,2026-02-07T10:37,80.5
20262,V202602-L00175,TA01,30,5,4,2026-02-07T09:16:30,2026-02-07T10:37,80.5
20262,V202602-L00175,TA01,30,5,4,2026-02-07T09:16:30,2026-02-07T10:37,80.5
20262,V202602-L00170,TA01,15,36,4,2026-02-07T11:25:30,2026-02-07T12:33,67.5
20262,V202602-L00170,TA01,15,36,4,2026-02-07T11:25:30,2026-02-07T12:33,67.5
20262,V202602-L00174,TA02,11,2,4,2026-02-07T09:46:30,2026-02-07T13:13,206.5
20262,V202602-L00174,TA02,11,2,4,2026-02-07T09:46:30,2026-02-07T13:13,206.5
20262,V202602-L00171,TA02,35,43,4,2026-02-07T12:24,2026-02-07T12:36,12.0
20262,V202602-L00171,TA02,35,43,2,2026-02-07T12:24,2026-02-07T12:36,12.0
20262,V202602-L00176,TA03,4,38,3,2026-02-07T08:42,2026-02-08T01:27,1005.0
20262,V202602-L00177,TA04,33,47,4,2026-02-07T09:25,2026-02-07T15:37,372.0
20262,V202602-L00180,TA03,53,10,1,2026-02-07T12:46:30,2026-02-07T12:51,4.5
20262,V202602-L00180,TA03,53,10,4,2026-02-07T12:46:30,2026-02-07T12:51,4.5
20262,V202602-L00180,TA03,53,10,4,2026-02-07T12:46:30,2026-02-07T12:51,4.5
20262,V202602-L00179,TA03,17,3,3,2026-02-07T14:51,2026-02-07T16:41,110.0
20262,V202602-L00179,TA03,17,3,4,2026-02-07T14:51,2026-02-07T16:41,110.0
20262,V202602-L00182,TA08,30,32,2,2026-02-07T12:11:30,2026-02-07T18:35,383.5
20262,V202602-L00183,TA05,69,47,1,2026-02-07T12:58,2026-02-08T23:10,2052.0
20262,V202602-L00184,TA06,62,7,1,2026-02-07T13:37:30,2026-02-08T23:54,2056.5
20262,V202602-L00185,TA04,19,49,2,2026-02-07T13:47,2026-02-07T16:14,147.0
20262,V202602-L00187,TA09,3,27,4,2026-02-07T14:40,2026-02-08T07:09,989.0
20262,V202602-L00181,TA01,3,39,2,2026-02-07T18:12,2026-02-08T03:25,553.0
20262,V202602-L00181,TA01,3,39,4,2026-02-07T18:12,2026-02-08T03:25,553.0
20262,V202602-L00181,TA01,3,39,4,2026-02-07T18:12,2026-02-08T03:25,553.0
20262,V202602-L00178,TA01,53,2,2,2026-02-07T21:22:30,2026-02-08T19:48,1345.5
20262,V202602-L00178,TA01,53,2,4,2026-02-07T21:22:30,2026-02-08T19:48,1345.5
20262,V202602-L00186,TA02,38,8,1,2026-02-07T17:24,2026-02-09T00:36,1872.0
20262,V202602-L00186,TA02,38,8,4,2026-02-07T17:24,2026-02-09T00:36,1872.0
20262,V202602-L00186,TA02,38,8,4,2026-02-07T17:24,2026-02-09T00:36,1872.0
20262,V202602-L00188,TA02,62,39,2,2026-02-07T19:46:30,2026-02-09T01:22,1775.5
20262,V202602-L00188,TA02,62,39,4,2026-02-07T19:46:30,2026-02-09T01:22,1775.5
20262,V202602-L00188,TA02,62,39,4,2026-02-07T19:46:30,2026-02-09T01:22,1775.5
20262,V202602-L00189,TA04,19,41,3,2026-02-07T16:15,2026-02-09T01:27,1992.0
20262,V202602-L00190,TA03,21,4,3,2026-02-07T17:14,2026-02-07T23:46,392.0
20262,V202602-L00190,TA03,21,4,4,2026-02-07T17:14,2026-02-07T23:46,392.0
20262,V202602-L00191,TA03,34,1,2,2026-02-07T20:08,2026-02-08T00:26,258.0
20262,V202602-L00191,TA03,34,1,4,2026-02-07T20:08,2026-02-08T00:26,258.0
20262,V202602-L00194,TA05,46,45,4,2026-02-07T20:33:30,2026-02-08T02:48,374.5
20262,V202602-L00199,TA02,42,26,3,2026-02-07T22:54,2026-02-08T01:29,155.0
20262,V202602-L00198,TA01,37,42,4,2026-02-08T00:58:30,2026-02-08T01:19,20.5
20262,V202602-L00198,TA01,37,42,4,2026-02-08T00:58:30,2026-02-08T01:19,20.5
20262,V202602-L00198,TA01,37,42,2,2026-02-08T00:58:30,2026-02-08T01:19,20.5
20262,V202602-L00196,TA01,14,6,2,2026-02-08T03:27,2026-02-08T15:09,702.0
20262,V202602-L00196,TA01,14,6,4,2026-02-08T03:27,2026-02-08T15:09,702.0
20262,V202602-L00193,TA01,57,1,1,2026-02-08T05:39,2026-02-08T06:41,62.0
20262,V202602-L00193,TA01,57,1,4,2026-02-08T05:39,2026-02-08T06:41,62.0
20262,V202602-L00197,TA03,2,42,4,2026-02-08T01:19:30,2026-02-09T09:15,1915.5
20262,V202602-L00197,TA03,2,42,4,2026-02-08T01:19:30,2026-02-09T09:15,1915.5
20262,V202602-L00200,TA04,11,35,3,2026-02-08T00:06,2026-02-08T10:15,609.0
20262,V202602-L00201,TA09,3,50,4,2026-02-08T00:51:30,2026-02-08T17:14,982.5
20262,V202602-L00202,TA02,49,30,4,2026-02-08T03:11:30,2026-02-09T12:10,1978.5
20262,V202602-L00202,TA02,49,30,4,2026-02-08T03:11:30,2026-02-09T12:10,1978.5
20262,V202602-L00202,TA02,49,30,2,2026-02-08T03:11:30,2026-02-09T12:10,1978.5
20262,V202602-L00203,TA04,17,27,1,2026-02-08T03:04,2026-02-08T09:38,394.0
20262,V202602-L00204,TA02,20,46,2,2026-02-08T10:03,2026-02-09T14:43,1720.0
20262,V202602-L00204,TA02,20,46,4,2026-02-08T10:03,2026-02-09T14:43,1720.0
20262,V202602-L00205,TA03,9,46,2,2026-02-08T08:16:30,2026-02-09T18:21,2044.5
20262,V202602-L00195,TA01,19,12,4,2026-02-08T09:37:30,2026-02-09T07:22,1304.5
20262,V202602-L00195,TA01,19,12,4,2026-02-08T09:37:30,2026-02-09T07:22,1304.5
20262,V202602-L00192,TA01,63,2,4,2026-02-08T11:58:30,2026-02-09T05:25,1046.5
20262,V202602-L00192,TA01,63,2,1,2026-02-08T11:58:30,2026-02-09T05:25,1046.5
20262,V202602-L00206,TA04,33,34,3,2026-02-08T08:57:30,2026-02-09T19:17,2059.5
20262,V202602-L00209,TA03,34,7,3,2026-02-08T12:19:30,2026-02-09T03:17,897.5
20262,V202602-L00209,TA03,34,7,4,2026-02-08T12:19:30,2026-02-09T03:17,897.5
20262,V202602-L00212,TA04,17,27,3,2026-02-08T12:34,2026-02-09T05:06,992.0
20262,V202602-L00213,TA08,33,0,4,2026-02-08T12:40,2026-02-09T23:07,2067.0
20262,V202602-L00208,TA02,13,31,4,2026-02-08T14:12,2026-02-09T20:35,1823.0
20262,V202602-L00208,TA02,13,31,4,2026-02-08T14:12,2026-02-09T20:35,1823.0
20262,V202602-L00214,TA03,48,3,2,2026-02-08T14:28:30,2026-02-08T16:20,111.5
20262,V202602-L00214,TA03,48,3,4,2026-02-08T14:28:30,2026-02-08T16:20,111.5
20262,V202602-L00214,TA03,48,3,4,2026-02-08T14:28:30,2026-02-08T16:20,111.5
20262,V202602-L00217,TA01,24,48,1,2026-02-08T18:12,2026-02-09T08:18,846.0
20262,V202602-L00217,TA01,24,48,4,2026-02-08T18:12,2026-02-09T08:18,846.0
20262,V202602-L00217,TA01,24,48,4,2026-02-08T18:12,2026-02-09T08:18,846.0
20262,V202602-L00211,TA01,46,1,1,2026-02-08T20:55:30,2026-02-09T22:58,1562.5
20262,V202602-L00211,TA01,46,1,4,2026-02-08T20:55:30,2026-02-09T22:58,1562.5
20262,V202602-L00210,TA02,11,20,2,2026-02-08T17:31:30,2026-02-09T21:53,1701.5
20262,V202602-L00210,TA02,11,20,4,2026-02-08T17:31:30,2026-02-09T21:53,1701.5
20262,V202602-L00215,TA02,27,50,4,2026-02-08T19:40:30,2026-02-10T01:22,1781.5
20262,V202602-L00215,TA02,27,50,4,2026-02-08T19:40:30,2026-02-10T01:22,1781.5
20262,V202602-L00216,TA05,59,29,3,2026-02-08T16:06,2026-02-10T02:16,2050.0
20262,V202602-L00220,TA03,13,15,2,2026-02-08T19:22:30,2026-02-08T21:54,151.5
20262,V202602-L00218,TA03,57,21,4,2026-02-08T22:45:30,2026-02-09T03:58,312.5
20262,V202602-L00218,TA03,57,21,4,2026-02-08T22:45:30,2026-02-09T03:58,312.5
20262,V202602-L00218,TA03,57,21,1,2026-02-08T22:45:30,2026-02-09T03:58,312.5
20262,V202602-L00219,TA01,40,29,2,2026-02-09T00:42,2026-02-09T05:33,291.0
20262,V202602-L00219,TA01,40,29,4,2026-02-09T00:42,2026-02-09T05:33,291.0
20262,V202602-L00223,TA01,41,36,4,2026-02-09T01:54,2026-02-09T08:47,413.0
20262,V202602-L00228,TA01,57,8,2,2026-02-09T04:00,2026-02-09T06:44,164.0
20262,V202602-L00228,TA01,57,8,4,2026-02-09T04:00,2026-02-09T06:44,164.0
20262,V202602-L00207,TA01,37,3,1,2026-02-09T05:37:30,2026-02-09T20:06,868.5
20262,V202602-L00207,TA01,37,3,4,2026-02-09T05:37:30,2026-02-09T20:06,868.5
20262,V202602-L00227,TA02,11,43,4,2026-02-09T02:06,2026-02-09T16:41,875.0
20262,V202602-L00227,TA02,11,43,3,2026-02-09T02:06,2026-02-09T16:41,875.0
20262,V202602-L00225,TA02,3,24,2,2026-02-09T03:46:30,2026-02-10T10:22,1835.5
20262,V202602-L00225,TA02,3,24,4,2026-02-09T03:46:30,2026-02-10T10:22,1835.5
20262,V202602-L00221,TA03,67,29,1,2026-02-09T00:18,2026-02-10T07:36,1878.0
20262,V202602-L00221,TA03,67,29,4,2026-02-09T00:18,2026-02-10T07:36,1878.0
20262,V202602-L00226,TA04,53,9,1,2026-02-09T01:45,2026-02-10T10:31,1966.0
20262,V202602-L00226,TA04,53,9,4,2026-02-09T01:45,2026-02-10T10:31,1966.0
20262,V202602-L00226,TA04,53,9,4,2026-02-09T01:45,2026-02-10T10:31,1966.0
20262,V202602-L00225,TA04,3,24,4,2026-02-09T04:22:30,2026-02-10T10:22,1799.5
20262,V202602-L00222,TA05,2,33,4,2026-02-09T01:40:30,2026-02-09T04:46,185.5
20262,V202602-L00222,TA05,2,33,4,2026-02-09T01:40:30,2026-02-09T04:46,185.5
20262,V202602-L00223,TA06,41,36,4,2026-02-09T00:37:30,2026-02-09T08:47,489.5
20262,V202602-L00224,TA07,65,25,4,2026-02-09T00:15,2026-02-09T15:59,944.0
20262,V202602-L00230,TA09,0,42,1,2026-02-09T03:24,2026-02-09T13:54,630.0
20262,V202602-L00231,TA03,49,11,2,2026-02-09T05:02,2026-02-09T06:19,77.0
20262,V202602-L00231,TA03,49,11,4,2026-02-09T05:02,2026-02-09T06:19,77.0
20262,V202602-L00231,TA03,49,11,4,2026-02-09T05:02,2026-02-09T06:19,77.0
20262,V202602-L00232,TA06,64,14,2,2026-02-09T05:00,2026-02-10T15:30,2070.0
20262,V202602-L00233,TA05,6,32,2,2026-02-09T05:48,2026-02-10T16:24,2076.0
20262,V202602-L00229,TA02,55,18,4,2026-02-09T09:49:30,2026-02-10T12:51,1621.5
20262,V202602-L00229,TA02,55,18,4,2026-02-09T09:49:30,2026-02-10T12:51,1621.5
20262,V202602-L00236,TA03,70,49,4,2026-02-09T08:52:30,2026-02-09T13:28,275.5
20262,V202602-L00238,TA06,70,7,4,2026-02-09T08:49:30,2026-02-10T00:48,958.5
20262,V202602-L00237,TA08,42,18,1,2026-02-09T08:31:30,2026-02-10T18:26,2034.5
20262,V202602-L00234,TA01,34,23,2,2026-02-09T08:48,2026-02-09T12:44,236.0
20262,V202602-L00234,TA01,34,23,4,2026-02-09T08:48,2026-02-09T12:44,236.0
20262,V202602-L00234,TA01,34,23,4,2026-02-09T08:48,2026-02-09T12:44,236.0
20262,V202602-L00235,TA01,62,6,4,2026-02-09T10:55:30,2026-02-09T23:03,727.5
20262,V202602-L00235,TA01,62,6,4,2026-02-09T10:55:30,2026-02-09T23:03,727.5
20262,V202602-L00239,TA04,13,42,4,2026-02-09T10:07:30,2026-02-09T20:53,645.5
20262,V202602-L00240,TA02,58,22,1,2026-02-09T12:15,2026-02-09T13:34,79.0
20262,V202602-L00240,TA02,58,22,4,2026-02-09T12:15,2026-02-09T13:34,79.0
20262,V202602-L00241,TA08,1,18,4,2026-02-09T12:55,2026-02-09T23:01,606.0
20262,V202602-L00243,TA03,59,23,1,2026-02-09T13:29,2026-02-11T00:18,2089.0
20262,V202602-L00244,TA01,52,45,2,2026-02-09T14:09,2026-02-09T16:21,132.0
20262,V202602-L00244,TA01,52,45,4,2026-02-09T14:09,2026-02-09T16:21,132.0
20262,V202602-L00245,TA10,38,11,4,2026-02-09T14:01,2026-02-10T06:35,994.0
20262,V202602-L00246,TA01,14,16,2,2026-02-09T17:21,2026-02-10T06:55,814.0
20262,V202602-L00246,TA01,14,16,4,2026-02-09T17:21,2026-02-10T06:55,814.0
20262,V202602-L00246,TA01,14,16,4,2026-02-09T17:21,2026-02-10T06:55,814.0
20262,V202602-L00242,TA01,10,10,4,2026-02-09T18:36,2026-02-10T23:25,1729.0
20262,V202602-L00242,TA01,10,10,1,2026-02-09T18:36,2026-02-10T23:25,1729.0
20262,V202602-L00242,TA01,10,10,4,2026-02-09T18:36,2026-02-10T23:25,1729.0
20262,V202602-L00247,TA02,68,28,4,2026-02-09T16:18,2026-02-10T02:04,586.0
20262,V202602-L00249,TA04,18,45,1,2026-02-09T16:19:30,2026-02-11T02:43,2063.5
20262,V202602-L00248,TA08,45,13,3,2026-02-09T16:28:30,2026-02-10T08:24,955.5
20262,V202602-L00250,TA05,11,30,2,2026-02-09T16:23:30,2026-02-10T09:04,1000.5
20262,V202602-L00252,TA10,34,16,4,2026-02-09T18:13:30,2026-02-10T10:57,1003.5
20262,V202602-L00253,TA03,69,18,2,2026-02-09T20:23:30,2026-02-10T01:03,279.5
20262,V202602-L00253,TA03,69,18,4,2026-02-09T20:23:30,2026-02-10T01:03,279.5
20262,V202602-L00251,TA02,22,9,2,2026-02-09T20:13:30,2026-02-09T20:15,1.5
20262,V202602-L00251,TA02,22,9,4,2026-02-09T20:13:30,2026-02-09T20:15,1.5
20262,V202602-L00251,TA02,22,9,4,2026-02-09T20:13:30,2026-02-09T20:15,1.5
20262,V202602-L00257,TA04,0,43,3,2026-02-09T21:15:30,2026-02-11T07:49,2073.5
20262,V202602-L00255,TA01,43,6,3,2026-02-09T21:43:30,2026-02-09T23:32,108.5
20262,V202602-L00255,TA01,43,6,4,2026-02-09T21:43:30,2026-02-09T23:32,108.5
20262,V202602-L00260,TA01,39,15,2,2026-02-10T00:19:30,2026-02-10T16:29,969.5
20262,V202602-L00260,TA01,39,15,4,2026-02-10T00:19:30,2026-02-10T16:29,969.5
20262,V202602-L00260,TA01,39,15,4,2026-02-10T00:19:30,2026-02-10T16:29,969.5
20262,V202602-L00254,TA01,12,50,2,2026-02-10T02:52:30,2026-02-11T06:25,1652.5
20262,V202602-L00254,TA01,12,50,4,2026-02-10T02:52:30,2026-02-11T06:25,1652.5
20262,V202602-L00258,TA02,38,30,4,2026-02-10T00:40:30,2026-02-11T09:40,1979.5
20262,V202602-L00258,TA02,38,30,2,2026-02-10T00:40:30,2026-02-11T09:40,1979.5
20262,V202602-L00254,TA02,12,50,4,2026-02-10T02:49:30,2026-02-11T06:25,1655.5
20262,V202602-L00256,TA03,0,26,4,2026-02-10T01:27,2026-02-10T03:41,134.0
20262,V202602-L00256,TA03,0,26,4,2026-02-10T01:27,2026-02-10T03:41,134.0
20262,V202602-L00259,TA06,52,26,2,2026-02-10T00:09,2026-02-10T16:02,953.0
20262,V202602-L00261,TA04,13,24,4,2026-02-10T00:32:30,2026-02-10T03:08,155.5
20262,V202602-L00262,TA07,61,10,4,2026-02-10T00:41:30,2026-02-10T17:08,986.5
20262,V202602-L00266,TA03,35,41,4,2026-02-10T06:01,2026-02-10T11:01,300.0
20262,V202602-L00266,TA03,35,41,4,2026-02-10T06:01,2026-02-10T11:01,300.0
20262,V202602-L00263,TA04,22,0,4,2026-02-10T05:37,2026-02-11T12:18,1841.0
20262,V202602-L00263,TA04,22,0,1,2026-02-10T05:37,2026-02-11T12:18,1841.0
20262,V202602-L00268,TA02,13,40,4,2026-02-10T05:14:30,2026-02-10T08:10,175.5
20262,V202602-L00268,TA02,13,40,1,2026-02-10T05:14:30,2026-02-10T08:10,175.5
20262,V202602-L00269,TA05,23,41,2,2026-02-10T06:11,2026-02-10T22:49,998.0
20262,V202602-L00270,TA09,28,37,4,2026-02-10T06:45:30,2026-02-10T23:12,986.5
20262,V202602-L00271,TA01,39,6,4,2026-02-10T09:28:30,2026-02-10T13:37,248.5
20262,V202602-L00271,TA01,39,6,2,2026-02-10T09:28:30,2026-02-10T13:37,248.5
20262,V202602-L00271,TA01,39,6,4,2026-02-10T09:28:30,2026-02-10T13:37,248.5
20262,V202602-L00272,TA01,17,1,4,2026-02-10T11:09,2026-02-10T13:41,152.0
20262,V202602-L00272,TA01,17,1,2,2026-02-10T11:09,2026-02-10T13:41,152.0
20262,V202602-L00272,TA01,17,1,4,2026-02-10T11:09,2026-02-10T13:41,152.0
20262,V202602-L00265,TA02,59,31,1,2026-02-10T10:12,2026-02-11T14:17,1685.0
20262,V202602-L00265,TA02,59,31,4,2026-02-10T10:12,2026-02-11T14:17,1685.0
20262,V202602-L00265,TA02,59,31,4,2026-02-10T10:12,2026-02-11T14:17,1685.0
20262,V202602-L00264,TA02,61,13,1,2026-02-10T11:42,2026-02-11T12:34,1492.0
20262,V202602-L00264,TA02,61,13,4,2026-02-10T11:42,2026-02-11T12:34,1492.0
20262,V202602-L00264,TA02,61,13,4,2026-02-10T11:42,2026-02-11T12:34,1492.0
20262,V202602-L00267,TA03,27,15,4,2026-02-10T08:57,2026-02-11T15:43,1846.0
20262,V202602-L00267,TA03,27,15,2,2026-02-10T08:57,2026-02-11T15:43,1846.0
20262,V202602-L00273,TA05,4,29,2,2026-02-10T08:25:30,2026-02-11T17:58,2012.5
20262,V202602-L00274,TA04,67,41,2,2026-02-10T09:50:30,2026-02-10T11:10,79.5
20262,V202602-L00274,TA04,67,41,4,2026-02-10T09:50:30,2026-02-10T11:10,79.5
20262,V202602-L00274,TA04,67,41,4,2026-02-10T09:50:30,2026-02-10T11:10,79.5
20262,V202602-L00276,TA06,53,21,2,2026-02-10T09:45,2026-02-11T02:25,1000.0
20262,V202602-L00277,TA07,52,22,3,2026-02-10T09:55,2026-02-11T02:39,1004.0
20262,V202602-L00275,TA03,0,43,2,2026-02-10T12:22:30,2026-02-10T15:19,176.5
20262,V202602-L00275,TA03,0,43,4,2026-02-10T12:22:30,2026-02-10T15:19,176.5
20262,V202602-L00275,TA03,0,43,4,2026-02-10T12:22:30,2026-02-10T15:19,176.5
20262,V202602-L00278,TA01,23,38,1,2026-02-10T14:25:30,2026-02-11T06:29,963.5
20262,V202602-L00278,TA01,23,38,4,2026-02-10T14:25:30,2026-02-11T06:29,963.5
20262,V202602-L00278,TA01,23,38,4,2026-02-10T14:25:30,2026-02-11T06:29,963.5
20262,V202602-L00279,TA05,17,42,1,2026-02-10T13:53:30,2026-02-10T20:38,404.5
20262,V202602-L00281,TA01,25,19,4,2026-02-10T17:18,2026-02-10T22:46,328.0
20262,V202602-L00281,TA01,25,19,4,2026-02-10T17:18,2026-02-10T22:46,328.0
20262,V202602-L00280,TA01,52,6,2,2026-02-10T19:18,2026-02-12T01:30,1812.0
20262,V202602-L00280,TA01,52,6,4,2026-02-10T19:18,2026-02-12T01:30,1812.0
20262,V202602-L00282,TA03,30,37,4,2026-02-10T16:28:30,2026-02-11T02:52,623.5
20262,V202602-L00283,TA02,27,44,3,2026-02-10T19:07:30,2026-02-10T19:47,39.5
20262,V202602-L00283,TA02,27,44,4,2026-02-10T19:07:30,2026-02-10T19:47,39.5
20262,V202602-L00284,TA04,69,46,3,2026-02-10T17:56:30,2026-02-12T04:04,2047.5
20262,V202602-L00286,TA06,50,48,4,2026-02-10T19:12,2026-02-12T05:21,2049.0
20262,V202602-L00287,TA07,47,28,4,2026-02-10T18:46:30,2026-02-12T05:24,2077.5
20262,V202602-L00288,TA08,42,26,2,2026-02-10T19:50:30,2026-02-12T06:10,2059.5
20262,V202602-L00289,TA01,10,1,1,2026-02-11T01:49:30,2026-02-11T06:36,286.5
20262,V202602-L00289,TA01,10,1,4,2026-02-11T01:49:30,2026-02-11T06:36,286.5
20262,V202602-L00285,TA01,70,20,4,2026-02-11T04:48,2026-02-12T05:12,1464.0
20262,V202602-L00285,TA01,70,20,4,2026-02-11T04:48,2026-02-12T05:12,1464.0
20262,V202602-L00290,TA10,43,13,4,2026-02-11T00:35:30,2026-02-11T03:09,153.5
20262,V202602-L00292,TA04,43,32,3,2026-02-11T01:38:30,2026-02-11T12:03,624.5
20262,V202602-L00291,TA02,24,18,4,2026-02-11T03:09,2026-02-12T11:33,1944.0
20262,V202602-L00291,TA02,24,18,4,2026-02-11T03:09,2026-02-12T11:33,1944.0
20262,V202602-L00294,TA02,46,50,4,2026-02-11T05:30,2026-02-12T12:58,1888.0
20262,V202602-L00295,TA06,40,27,1,2026-02-11T03:15:30,2026-02-11T05:42,146.5
20262,V202602-L00296,TA03,0,39,1,2026-02-11T03:19:30,2026-02-12T13:56,2076.5
20262,V202602-L00297,TA05,14,23,2,2026-02-11T03:35:30,2026-02-12T14:09,2073.5
20262,V202602-L00299,TA04,66,30,2,2026-02-11T06:08,2026-02-12T16:49,2081.0
20262,V202602-L00301,TA01,61,7,4,2026-02-11T08:36,2026-02-11T14:42,366.0
20262,V202602-L00301,TA01,61,7,1,2026-02-11T08:36,2026-02-11T14:42,366.0
20262,V202602-L00301,TA01,61,7,4,2026-02-11T08:36,2026-02-11T14:42,366.0
20262,V202602-L00293,TA01,61,20,4,2026-02-11T09:55:30,2026-02-12T12:25,1589.5
20262,V202602-L00293,TA01,61,20,4,2026-02-11T09:55:30,2026-02-12T12:25,1589.5
20262,V202602-L00293,TA01,61,20,1,2026-02-11T09:55:30,2026-02-12T12:25,1589.5
20262,V202602-L00294,TA02,46,50,1,2026-02-11T10:27,2026-02-12T12:58,1591.0
20262,V202602-L00294,TA02,46,50,4,2026-02-11T10:27,2026-02-12T12:58,1591.0
20262,V202602-L00298,TA02,43,49,4,2026-02-11T11:33,2026-02-11T11:47,14.0
20262,V202602-L00298,TA02,43,49,2,2026-02-11T11:33,2026-02-11T11:47,14.0
20262,V202602-L00300,TA04,56,47,3,2026-02-11T08:31:30,2026-02-11T09:57,85.5
20262,V202602-L00302,TA06,62,37,3,2026-02-11T09:42:30,2026-02-12T02:17,994.5
20262,V202602-L00306,TA01,31,9,2,2026-02-11T13:30,2026-02-11T14:21,51.0
20262,V202602-L00306,TA01,31,9,4,2026-02-11T13:30,2026-02-11T14:21,51.0
20262,V202602-L00307,TA03,37,43,2,2026-02-11T14:45,2026-02-13T00:59,2054.0
20262,V202602-L00308,TA05,20,39,1,2026-02-11T14:23:30,2026-02-13T01:09,2085.5
20262,V202602-L00309,TA04,37,26,2,2026-02-11T14:51:30,2026-02-13T01:12,2060.5
20262,V202602-L00304,TA01,47,43,2,2026-02-11T17:13:30,2026-02-11T22:07,293.5
20262,V202602-L00304,TA01,47,43,4,2026-02-11T17:13:30,2026-02-11T22:07,293.5
20262,V202602-L00304,TA01,47,43,4,2026-02-11T17:13:30,2026-02-11T22:07,293.5
20262,V202602-L00305,TA01,34,36,1,2026-02-11T18:43:30,2026-02-11T22:12,208.5
20262,V202602-L00305,TA01,34,36,4,2026-02-11T18:43:30,2026-02-11T22:12,208.5
20262,V202602-L00305,TA01,34,36,4,2026-02-11T18:43:30,2026-02-11T22:12,208.5
20262,V202602-L00303,TA01,33,34,1,2026-02-11T19:48,2026-02-12T20:18,1470.0
20262,V202602-L00303,TA01,33,34,4,2026-02-11T19:48,2026-02-12T20:18,1470.0
20262,V202602-L00312,TA02,43,23,4,2026-02-11T17:42,2026-02-12T08:10,868.0
20262,V202602-L00312,TA02,43,23,3,2026-02-11T17:42,2026-02-12T08:10,868.0
20262,V202602-L00311,TA02,44,0,4,2026-02-11T19:18,2026-02-12T07:38,740.0
20262,V202602-L00311,TA02,44,0,4,2026-02-11T19:18,2026-02-12T07:38,740.0
20262,V202602-L00316,TA03,13,49,3,2026-02-11T19:38,2026-02-12T12:11,993.0
20262,V202602-L00310,TA03,62,13,2,2026-02-11T22:45:30,2026-02-13T01:31,1605.5
20262,V202602-L00318,TA05,0,27,2,2026-02-11T20:24:30,2026-02-12T06:42,617.5
20262,V202602-L00319,TA10,42,5,4,2026-02-11T21:36,2026-02-13T07:59,2063.0
20262,V202602-L00314,TA02,2,20,4,2026-02-11T22:51,2026-02-13T05:16,1825.0
20262,V202602-L00314,TA02,2,20,4,2026-02-11T22:51,2026-02-13T05:16,1825.0
20262,V202602-L00314,TA02,2,20,1,2026-02-11T22:51,2026-02-13T05:16,1825.0
20262,V202602-L00320,TM01,33,15,4,2026-02-11T22:16:48,2026-02-12T00:57,160.2
20262,V202602-L00321,TA04,62,32,3,2026-02-11T22:35,2026-02-12T15:20,1005.0
20262,V202602-L00315,TA01,67,10,2,2026-02-12T02:04:30,2026-02-12T12:08,603.5
20262,V202602-L00315,TA01,67,10,4,2026-02-12T02:04:30,2026-02-12T12:08,603.5
20262,V202602-L00315,TA01,67,10,4,2026-02-12T02:04:30,2026-02-12T12:08,603.5
20262,V202602-L00323,TA01,68,5,4,2026-02-12T03:13:30,2026-02-12T16:02,768.5
20262,V202602-L00323,TA01,68,5,3,2026-02-12T03:13:30,2026-02-12T16:02,768.5
20262,V202602-L00313,TA01,65,36,4,2026-02-12T05:04:30,2026-02-12T10:45,340.5
20262,V202602-L00313,TA01,65,36,2,2026-02-12T05:04:30,2026-02-12T10:45,340.5
20262,V202602-L00324,TA04,56,33,3,2026-02-12T00:10:30,2026-02-12T02:15,124.5
20262,V202602-L00322,TA05,17,34,3,2026-02-12T00:13:30,2026-02-13T10:02,2028.5
20262,V202602-L00325,TA02,37,47,4,2026-02-12T03:33,2026-02-12T08:24,291.0
20262,V202602-L00325,TA02,37,47,4,2026-02-12T03:33,2026-02-12T08:24,291.0
20262,V202602-L00325,TA02,37,47,1,2026-02-12T03:33,2026-02-12T08:24,291.0
20262,V202602-L00326,TA05,17,45,1,2026-02-12T02:58,2026-02-12T13:38,640.0
20262,V202602-L00327,TA10,35,24,4,2026-02-12T03:17,2026-02-13T13:49,2072.0
20262,V202602-L00330,TA05,26,45,3,2026-02-12T05:51:30,2026-02-12T08:19,147.5
20262,V202602-L00332,TA10,19,24,4,2026-02-12T06:07,2026-02-12T08:39,152.0
20262,V202602-L00333,TA04,43,39,2,2026-02-12T06:29,2026-02-12T08:43,134.0
20262,V202602-L00333,TA04,43,39,4,2026-02-12T06:29,2026-02-12T08:43,134.0
20262,V202602-L00333,TA04,43,39,4,2026-02-12T06:29,2026-02-12T08:43,134.0
20262,V202602-L00329,TA01,27,25,4,2026-02-12T08:48,2026-02-12T12:05,197.0
20262,V202602-L00329,TA01,27,25,2,2026-02-12T08:48,2026-02-12T12:05,197.0
20262,V202602-L00329,TA01,27,25,4,2026-02-12T08:48,2026-02-12T12:05,197.0
20262,V202602-L00310,TA01,62,13,4,2026-02-12T13:00:30,2026-02-13T01:31,750.5
20262,V202602-L00317,TA02,32,33,2,2026-02-12T09:34:30,2026-02-13T06:15,1240.5
20262,V202602-L00317,TA02,32,33,4,2026-02-12T09:34:30,2026-02-13T06:15,1240.5
20262,V202602-L00331,TA02,50,21,1,2026-02-12T11:28:30,2026-02-13T16:21,1732.5
20262,V202602-L00331,TA02,50,21,4,2026-02-12T11:28:30,2026-02-13T16:21,1732.5
20262,V202602-L00310,TA02,62,13,4,2026-02-12T12:58:30,2026-02-13T01:31,752.5
20262,V202602-L00328,TA03,12,45,1,2026-02-12T10:13:30,2026-02-13T15:17,1743.5
20262,V202602-L00328,TA03,12,45,4,2026-02-12T10:13:30,2026-02-13T15:17,1743.5
20262,V202602-L00334,TA03,46,33,3,2026-02-12T12:22:30,2026-02-13T17:05,1722.5
20262,V202602-L00334,TA03,46,33,4,2026-02-12T12:22:30,2026-02-13T17:05,1722.5
20262,V202602-L00335,TA04,45,44,4,2026-02-12T08:51:30,2026-02-12T10:12,80.5
20262,V202602-L00335,TA04,45,44,4,2026-02-12T08:51:30,2026-02-12T10:12,80.5
20262,V202602-L00336,TA05,25,33,3,2026-02-12T08:57,2026-02-12T15:23,386.0
20262,V202602-L00339,TA09,27,32,3,2026-02-12T10:11:30,2026-02-13T02:32,980.5
20262,V202602-L00340,TA10,45,5,4,2026-02-12T10:40:30,2026-02-12T13:00,139.5
20262,V202602-L00342,TA05,55,32,4,2026-02-12T12:37:30,2026-02-12T13:30,52.5
20262,V202602-L00342,TA05,55,32,3,2026-02-12T12:37:30,2026-02-12T13:30,52.5
20262,V202602-L00341,TA04,25,48,2,2026-02-12T13:33:30,2026-02-12T17:14,220.5
20262,V202602-L00341,TA04,25,48,4,2026-02-12T13:33:30,2026-02-12T17:14,220.5
20262,V202602-L00346,TA05,56,20,1,2026-02-12T14:12,2026-02-13T00:52,640.0
20262,V202602-L00345,TA01,53,32,3,2026-02-12T14:42:30,2026-02-12T16:08,85.5
20262,V202602-L00345,TA01,53,32,4,2026-02-12T14:42:30,2026-02-12T16:08,85.5
20262,V202602-L00338,TA01,26,48,4,2026-02-12T18:06:30,2026-02-13T19:49,1542.5
20262,V202602-L00338,TA01,26,48,4,2026-02-12T18:06:30,2026-02-13T19:49,1542.5
20262,V202602-L00348,TA01,70,38,1,2026-02-12T20:27:30,2026-02-14T02:12,1784.5
20262,V202602-L00348,TA01,70,38,4,2026-02-12T20:27:30,2026-02-14T02:12,1784.5
20262,V202602-L00348,TA01,70,38,4,2026-02-12T20:27:30,2026-02-14T02:12,1784.5
20262,V202602-L00337,TA02,20,5,2,2026-02-12T17:28:30,2026-02-12T19:24,115.5
20262,V202602-L00337,TA02,20,5,4,2026-02-12T17:28:30,2026-02-12T19:24,115.5
20262,V202602-L00337,TA02,20,5,4,2026-02-12T17:28:30,2026-02-12T19:24,115.5
20262,V202602-L00343,TA02,52,9,4,2026-02-12T19:22:30,2026-02-13T22:31,1628.5
20262,V202602-L00343,TA02,52,9,1,2026-02-12T19:22:30,2026-02-13T22:31,1628.5
20262,V202602-L00343,TA02,52,9,4,2026-02-12T19:22:30,2026-02-13T22:31,1628.5
20262,V202602-L00344,TA03,69,17,2,2026-02-12T18:33,2026-02-12T18:50,17.0
20262,V202602-L00344,TA03,69,17,4,2026-02-12T18:33,2026-02-12T18:50,17.0
20262,V202602-L00347,TA09,39,18,4,2026-02-12T16:24,2026-02-14T02:09,2025.0
20262,V202602-L00349,TA05,61,5,3,2026-02-12T20:09,2026-02-12T22:30,141.0
20262,V202602-L00351,TA09,1,8,2,2026-02-12T21:08,2026-02-12T23:11,123.0
20262,V202602-L00352,TA06,69,0,2,2026-02-12T21:58:30,2026-02-13T03:55,356.5
20262,V202602-L00353,TA07,60,24,2,2026-02-12T21:09,2026-02-13T07:58,649.0
20262,V202602-L00354,TA10,21,7,3,2026-02-12T21:29:30,2026-02-13T08:04,634.5
20262,V202602-L00355,TA01,3,9,2,2026-02-13T02:09,2026-02-14T08:05,1796.0
20262,V202602-L00355,TA01,3,9,4,2026-02-13T02:09,2026-02-14T08:05,1796.0
20262,V202602-L00355,TA01,3,9,4,2026-02-13T02:09,2026-02-14T08:05,1796.0
20262,V202602-L00350,TA01,68,31,2,2026-02-13T05:19:30,2026-02-14T06:51,1531.5
20262,V202602-L00350,TA01,68,31,4,2026-02-13T05:19:30,2026-02-14T06:51,1531.5
20262,V202602-L00356,TA04,9,28,1,2026-02-13T00:49:30,2026-02-13T11:23,633.5
20262,V202602-L00357,TA09,30,23,2,2026-02-13T01:58,2026-02-14T12:36,2078.0
20262,V202602-L00358,TA10,24,28,2,2026-02-13T02:15:30,2026-02-13T18:49,993.5
20262,V202602-L00359,TA02,46,50,4,2026-02-13T03:31,2026-02-13T13:37,606.0
20262,V202602-L00361,TA01,2,25,4,2026-02-13T09:58:30,2026-02-13T13:31,212.5
20262,V202602-L00361,TA01,2,25,4,2026-02-13T09:58:30,2026-02-13T13:31,212.5
20262,V202602-L00360,TA01,36,46,1,2026-02-13T12:21,2026-02-13T23:00,639.0
20262,V202602-L00360,TA01,36,46,4,2026-02-13T12:21,2026-02-13T23:00,639.0
20262,V202602-L00362,TA04,13,24,3,2026-02-13T08:22:30,2026-02-13T14:50,387.5
20262,V202602-L00363,TA09,28,5,4,2026-02-13T08:59,2026-02-14T19:12,2053.0
20262,V202602-L00365,TA02,50,23,1,2026-02-13T11:42:30,2026-02-13T16:44,301.5
20262,V202602-L00365,TA02,50,23,4,2026-02-13T11:42:30,2026-02-13T16:44,301.5
20262,V202602-L00365,TA02,50,23,4,2026-02-13T11:42:30,2026-02-13T16:44,301.5
20262,V202602-L00366,TA03,45,2,2,2026-02-13T10:55:30,2026-02-14T02:56,960.5
20262,V202602-L00367,TA05,63,12,2,2026-02-13T10:31:30,2026-02-14T20:56,2064.5
20262,V202602-L00370,TA09,34,21,4,2026-02-13T12:01,2026-02-14T22:39,2078.0
20262,V202602-L00371,TA06,46,25,2,2026-02-13T12:09:30,2026-02-14T22:50,2080.5
20262,V202602-L00372,TA07,52,4,3,2026-02-13T12:42,2026-02-14T22:51,2049.0
20262,V202602-L00373,TA03,13,15,4,2026-02-13T13:03,2026-02-13T19:08,365.0
20262,V202602-L00373,TA03,13,15,1,2026-02-13T13:03,2026-02-13T19:08,365.0
20262,V202602-L00374,TA09,23,9,3,2026-02-13T13:53:30,2026-02-15T00:39,2085.5
20262,V202602-L00375,TA04,28,44,1,2026-02-13T14:23,2026-02-15T00:48,2065.0
20262,V202602-L00376,TA02,53,13,4,2026-02-13T14:47,2026-02-14T07:19,992.0
20262,V202602-L00377,TA01,33,36,1,2026-02-13T17:40:30,2026-02-14T01:28,467.5
20262,V202602-L00377,TA01,33,36,4,2026-02-13T17:40:30,2026-02-14T01:28,467.5
20262,V202602-L00377,TA01,33,36,4,2026-02-13T17:40:30,2026-02-14T01:28,467.5
20262,V202602-L00368,TA01,6,2,4,2026-02-13T20:12,2026-02-13T21:05,53.0
20262,V202602-L00368,TA01,6,2,4,2026-02-13T20:12,2026-02-13T21:05,53.0
20262,V202602-L00378,TA04,40,46,1,2026-02-13T16:54,2026-02-15T02:38,2024.0
20262,V202602-L00379,TA02,21,12,3,2026-02-13T17:56:30,2026-02-13T23:33,336.5
20262,V202602-L00379,TA02,21,12,4,2026-02-13T17:56:30,2026-02-13T23:33,336.5
20262,V202602-L00381,TA05,61,47,3,2026-02-13T18:46,2026-02-15T05:10,2064.0
20262,V202602-L00369,TA03,15,49,3,2026-02-13T20:40:30,2026-02-14T21:08,1467.5
20262,V202602-L00369,TA03,15,49,4,2026-02-13T20:40:30,2026-02-14T21:08,1467.5
20262,V202602-L00383,TA02,33,21,4,2026-02-13T20:28,2026-02-14T07:00,632.0
20262,V202602-L00383,TA02,33,21,3,2026-02-13T20:28,2026-02-14T07:00,632.0
20262,V202602-L00380,TA02,3,7,4,2026-02-13T22:34,2026-02-14T10:41,727.0
20262,V202602-L00380,TA02,3,7,2,2026-02-13T22:34,2026-02-14T10:41,727.0
20262,V202602-L00380,TA02,3,7,4,2026-02-13T22:34,2026-02-14T10:41,727.0
20262,V202602-L00384,TA04,3,46,2,2026-02-13T21:25:30,2026-02-15T07:54,2068.5
20262,V202602-L00385,TA05,42,5,3,2026-02-13T22:50:30,2026-02-14T00:05,74.5
20262,V202602-L00385,TA05,42,5,4,2026-02-13T22:50:30,2026-02-14T00:05,74.5
20262,V202602-L00386,TA09,18,26,2,2026-02-13T22:11:30,2026-02-15T08:37,2065.5
20262,V202602-L00387,TA03,17,34,1,2026-02-13T22:15,2026-02-14T00:41,146.0
20262,V202602-L00387,TA03,17,34,4,2026-02-13T22:15,2026-02-14T00:41,146.0
20262,V202602-L00387,TA03,17,34,4,2026-02-13T22:15,2026-02-14T00:41,146.0
20262,V202602-L00388,TA06,70,44,4,2026-02-13T22:45,2026-02-14T08:53,608.0
20262,V202602-L00391,TA01,20,12,4,2026-02-14T00:13:30,2026-02-14T02:04,110.5
20262,V202602-L00391,TA01,20,12,1,2026-02-14T00:13:30,2026-02-14T02:04,110.5
20262,V202602-L00391,TA01,20,12,4,2026-02-14T00:13:30,2026-02-14T02:04,110.5
20262,V202602-L00364,TA01,21,2,2,2026-02-14T01:30,2026-02-14T02:12,42.0
20262,V202602-L00364,TA01,21,2,4,2026-02-14T01:30,2026-02-14T02:12,42.0
20262,V202602-L00364,TA01,21,2,4,2026-02-14T01:30,2026-02-14T02:12,42.0
20262,V202602-L00390,TA03,2,34,4,2026-02-14T02:06,2026-02-14T09:32,446.0
20262,V202602-L00390,TA03,2,34,4,2026-02-14T02:06,2026-02-14T09:32,446.0
20262,V202602-L00382,TA04,48,16,4,2026-02-14T01:33,2026-02-14T02:30,57.0
20262,V202602-L00382,TA04,48,16,4,2026-02-14T01:33,2026-02-14T02:30,57.0
20262,V202602-L00389,TA07,49,10,2,2026-02-14T00:37:30,2026-02-15T09:25,1967.5
20262,V202602-L00392,TA02,25,43,2,2026-02-14T01:56:30,2026-02-15T10:27,1950.5
20262,V202602-L00392,TA02,25,43,4,2026-02-14T01:56:30,2026-02-15T10:27,1950.5
20262,V202602-L00394,TA06,57,9,4,2026-02-14T02:17,2026-02-15T12:41,2064.0
20262,V202602-L00395,TA08,67,27,1,2026-02-14T02:15,2026-02-14T04:51,156.0
20262,V202602-L00393,TA01,18,3,3,2026-02-14T05:00,2026-02-14T12:01,421.0
20262,V202602-L00393,TA01,18,3,4,2026-02-14T05:00,2026-02-14T12:01,421.0
20262,V202602-L00396,TA02,42,16,4,2026-02-14T05:56:30,2026-02-14T06:30,33.5
20262,V202602-L00396,TA02,42,16,4,2026-02-14T05:56:30,2026-02-14T06:30,33.5
20262,V202602-L00400,TA03,15,24,1,2026-02-14T06:31:30,2026-02-14T07:56,84.5
20262,V202602-L00400,TA03,15,24,4,2026-02-14T06:31:30,2026-02-14T07:56,84.5
20262,V202602-L00402,TA04,25,22,4,2026-02-14T06:55:30,2026-02-14T08:54,118.5
20262,V202602-L00402,TA04,25,22,1,2026-02-14T06:55:30,2026-02-14T08:54,118.5
20262,V202602-L00398,TA01,32,10,4,2026-02-14T08:13:30,2026-02-14T15:29,435.5
20262,V202602-L00398,TA01,32,10,4,2026-02-14T08:13:30,2026-02-14T15:29,435.5
20262,V202602-L00408,TA01,68,9,4,2026-02-14T10:09,2026-02-14T18:39,510.0
20262,V202602-L00408,TA01,68,9,2,2026-02-14T10:09,2026-02-14T18:39,510.0
20262,V202602-L00399,TA01,50,49,2,2026-02-14T12:36,2026-02-14T15:34,178.0
20262,V202602-L00399,TA01,50,49,4,2026-02-14T12:36,2026-02-14T15:34,178.0
20262,V202602-L00407,TA02,20,2,2,2026-02-14T08:28:30,2026-02-15T00:19,950.5
20262,V202602-L00407,TA02,20,2,4,2026-02-14T08:28:30,2026-02-15T00:19,950.5
20262,V202602-L00407,TA02,20,2,4,2026-02-14T08:28:30,2026-02-15T00:19,950.5
20262,V202602-L00397,TA02,9,19,4,2026-02-14T10:10:30,2026-02-14T21:03,652.5
20262,V202602-L00397,TA02,9,19,2,2026-02-14T10:10:30,2026-02-14T21:03,652.5
20262,V202602-L00404,TA02,54,39,1,2026-02-14T12:48,2026-02-15T17:39,1731.0
20262,V202602-L00404,TA02,54,39,4,2026-02-14T12:48,2026-02-15T17:39,1731.0
20262,V202602-L00403,TA03,64,6,1,2026-02-14T10:06,2026-02-15T17:21,1875.0
20262,V202602-L00403,TA03,64,6,4,2026-02-14T10:06,2026-02-15T17:21,1875.0
20262,V202602-L00405,TA05,35,20,3,2026-02-14T08:21,2026-02-14T23:48,927.0
20262,V202602-L00409,TA05,21,15,3,2026-02-14T09:49:30,2026-02-15T18:58,1988.5
20262,V202602-L00406,TA10,32,32,4,2026-02-14T08:34:30,2026-02-15T17:56,2001.5
20262,V202602-L00401,TA04,12,13,1,2026-02-14T08:34:30,2026-02-14T12:37,242.5
20262,V202602-L00401,TA04,12,13,4,2026-02-14T08:34:30,2026-02-14T12:37,242.5
20262,V202602-L00412,TA09,2,38,3,2026-02-14T08:55,2026-02-14T15:40,405.0
20262,V202602-L00411,TM01,13,13,1,2026-02-14T09:16,2026-02-15T19:37,2061.0
20262,V202602-L00416,TA06,18,38,2,2026-02-14T11:35,2026-02-15T21:20,2025.0
20262,V202602-L00417,TA07,59,9,1,2026-02-14T11:10,2026-02-15T21:37,2067.0
20262,V202602-L00413,TA04,27,27,2,2026-02-14T11:18,2026-02-14T12:08,50.0
20262,V202602-L00413,TA04,27,27,4,2026-02-14T11:18,2026-02-14T12:08,50.0
20262,V202602-L00413,TA04,27,27,4,2026-02-14T11:18,2026-02-14T12:08,50.0
20262,V202602-L00415,TA09,4,43,4,2026-02-14T11:29:30,2026-02-15T02:44,914.5
20262,V202602-L00419,TA06,14,49,3,2026-02-14T13:03:30,2026-02-15T23:10,2046.5
20262,V202602-L00421,TA03,67,39,4,2026-02-14T14:03,2026-02-14T20:28,385.0
20262,V202602-L00410,TA01,26,28,4,2026-02-14T17:27,2026-02-15T19:33,1566.0
20262,V202602-L00410,TA01,26,28,4,2026-02-14T17:27,2026-02-15T19:33,1566.0
20262,V202602-L00410,TA01,26,28,2,2026-02-14T17:27,2026-02-15T19:33,1566.0
20262,V202602-L00422,TA01,55,31,4,2026-02-14T19:15,2026-02-15T06:44,689.0
20262,V202602-L00422,TA01,55,31,3,2026-02-14T19:15,2026-02-15T06:44,689.0
20262,V202602-L00418,TA02,9,14,4,2026-02-14T17:31:30,2026-02-15T04:29,657.5
20262,V202602-L00418,TA02,9,14,4,2026-02-14T17:31:30,2026-02-15T04:29,657.5
20262,V202602-L00418,TA02,9,14,1,2026-02-14T17:31:30,2026-02-15T04:29,657.5
20262,V202602-L00420,TA02,20,6,4,2026-02-14T19:00,2026-02-14T20:27,87.0
20262,V202602-L00420,TA02,20,6,2,2026-02-14T19:00,2026-02-14T20:27,87.0
20262,V202602-L00414,TA03,57,41,3,2026-02-14T19:36:30,2026-02-14T20:41,64.5
20262,V202602-L00414,TA03,57,41,4,2026-02-14T19:36:30,2026-02-14T20:41,64.5
20262,V202602-L00423,TA04,13,19,2,2026-02-14T16:28:30,2026-02-14T22:25,356.5
20262,V202602-L00420,TA05,20,6,4,2026-02-14T16:22:30,2026-02-14T20:27,244.5
20262,V202602-L00424,TA07,49,43,3,2026-02-14T16:46,2026-02-14T23:08,382.0
20262,V202602-L00425,TA10,41,16,1,2026-02-14T16:44,2026-02-14T23:18,394.0
20262,V202602-L00426,TA08,54,3,1,2026-02-14T18:30:30,2026-02-16T04:47,2056.5
20262,V202602-L00427,TA07,40,32,2,2026-02-14T21:03,2026-02-15T13:24,981.0
20262,V202602-L00428,TA02,42,15,1,2026-02-14T22:14,2026-02-16T08:50,2076.0
20262,V202602-L00431,TA01,43,4,2,2026-02-15T00:55:30,2026-02-15T06:42,346.5
20262,V202602-L00431,TA01,43,4,4,2026-02-15T00:55:30,2026-02-15T06:42,346.5
20262,V202602-L00430,TA01,25,41,1,2026-02-15T03:18,2026-02-16T10:33,1875.0
20262,V202602-L00430,TA01,25,41,4,2026-02-15T03:18,2026-02-16T10:33,1875.0
20262,V202602-L00430,TA01,25,41,4,2026-02-15T03:18,2026-02-16T10:33,1875.0
20262,V202602-L00429,TA03,69,12,1,2026-02-15T00:40:30,2026-02-15T05:55,314.5
20262,V202602-L00432,TA02,2,17,4,2026-02-15T01:22,2026-02-16T11:32,2050.0
20262,V202602-L00433,TA04,27,3,3,2026-02-15T01:46:30,2026-02-15T08:23,396.5
20262,V202602-L00436,TA03,67,4,1,2026-02-15T04:29:30,2026-02-15T10:40,370.5
20262,V202602-L00437,TA02,2,41,3,2026-02-15T06:25,2026-02-15T10:47,262.0
20262,V202602-L00437,TA02,2,41,4,2026-02-15T06:25,2026-02-15T10:47,262.0
20262,V202602-L00438,TA06,26,28,4,2026-02-15T04:49,2026-02-16T15:03,2054.0
20262,V202602-L00441,TA04,20,27,1,2026-02-15T05:10,2026-02-15T21:38,988.0
20262,V202602-L00440,TA09,13,43,1,2026-02-15T04:49,2026-02-15T21:31,1002.0
20262,V202602-L00443,TA07,67,8,3,2026-02-15T06:33:30,2026-02-15T16:42,608.5
20262,V202602-L00444,TA03,50,24,2,2026-02-15T06:35,2026-02-15T13:17,402.0
20262,V202602-L00445,TA01,44,37,2,2026-02-15T09:58:30,2026-02-15T17:41,462.5
20262,V202602-L00445,TA01,44,37,4,2026-02-15T09:58:30,2026-02-15T17:41,462.5
20262,V202602-L00445,TA01,44,37,4,2026-02-15T09:58:30,2026-02-15T17:41,462.5
20262,V202602-L00435,TA01,3,43,4,2026-02-15T12:09,2026-02-15T18:45,396.0
20262,V202602-L00435,TA01,3,43,2,2026-02-15T12:09,2026-02-15T18:45,396.0
20262,V202602-L00435,TA01,3,43,4,2026-02-15T12:09,2026-02-15T18:45,396.0
20262,V202602-L00434,TA02,44,18,3,2026-02-15T09:30,2026-02-16T12:32,1622.0
20262,V202602-L00434,TA02,44,18,4,2026-02-15T09:30,2026-02-16T12:32,1622.0
20262,V202602-L00439,TA02,47,8,4,2026-02-15T10:49:30,2026-02-15T21:24,634.5
20262,V202602-L00439,TA02,47,8,2,2026-02-15T10:49:30,2026-02-15T21:24,634.5
20262,V202602-L00442,TA02,68,17,4,2026-02-15T12:34:30,2026-02-16T16:07,1652.5
20262,V202602-L00442,TA02,68,17,4,2026-02-15T12:34:30,2026-02-16T16:07,1652.5
20262,V202602-L00446,TA03,42,23,4,2026-02-15T09:18:30,2026-02-16T19:49,2070.5
20262,V202602-L00450,TA05,10,3,2,2026-02-15T12:12,2026-02-16T22:29,2057.0
20262,V202602-L00449,TA03,2,7,3,2026-02-15T13:39:30,2026-02-15T18:29,289.5
20262,V202602-L00449,TA03,2,7,4,2026-02-15T13:39:30,2026-02-15T18:29,289.5
20262,V202602-L00447,TA07,63,21,2,2026-02-15T11:58,2026-02-15T12:08,10.0
20262,V202602-L00447,TA07,63,21,4,2026-02-15T11:58,2026-02-15T12:08,10.0
20262,V202602-L00452,TA08,50,6,3,2026-02-15T13:32,2026-02-15T15:46,134.0
20262,V202602-L00454,TA07,45,27,3,2026-02-15T13:34,2026-02-17T00:05,2071.0
20262,V202602-L00455,TA06,33,14,2,2026-02-15T13:39,2026-02-15T20:29,410.0
20262,V202602-L00451,TA01,48,47,4,2026-02-15T18:21:30,2026-02-16T22:32,1690.5
20262,V202602-L00451,TA01,48,47,1,2026-02-15T18:21:30,2026-02-16T22:32,1690.5
20262,V202602-L00451,TA01,48,47,4,2026-02-15T18:21:30,2026-02-16T22:32,1690.5
20262,V202602-L00448,TA01,57,44,2,2026-02-15T19:39:30,2026-02-15T22:15,155.5
20262,V202602-L00448,TA01,57,44,4,2026-02-15T19:39:30,2026-02-15T22:15,155.5
20262,V202602-L00453,TA01,69,43,1,2026-02-15T20:59,2026-02-15T23:59,180.0
20262,V202602-L00453,TA01,69,43,4,2026-02-15T20:59,2026-02-15T23:59,180.0
20262,V202602-L00457,TA02,35,19,4,2026-02-15T17:24,2026-02-16T01:48,504.0
20262,V202602-L00457,TA02,35,19,4,2026-02-15T17:24,2026-02-16T01:48,504.0
20262,V202602-L00456,TA02,50,15,1,2026-02-15T18:52:30,2026-02-16T07:08,735.5
20262,V202602-L00456,TA02,50,15,4,2026-02-15T18:52:30,2026-02-16T07:08,735.5
20262,V202602-L00459,TA07,45,21,4,2026-02-15T20:17,2026-02-17T06:42,2065.0
20262,V202602-L00463,TA08,61,19,2,2026-02-15T20:48,2026-02-16T13:25,997.0
20262,V202602-L00462,TA03,65,27,1,2026-02-15T22:16:30,2026-02-17T06:54,1957.5
20262,V202602-L00462,TA03,65,27,4,2026-02-15T22:16:30,2026-02-17T06:54,1957.5
20262,V202602-L00467,TA07,44,21,2,2026-02-15T22:58:30,2026-02-17T09:24,2065.5
20262,V202602-L00460,TA01,32,50,1,2026-02-16T02:06,2026-02-17T06:46,1720.0
20262,V202602-L00460,TA01,32,50,4,2026-02-16T02:06,2026-02-17T06:46,1720.0
20262,V202602-L00465,TA01,57,49,1,2026-02-16T03:45,2026-02-16T14:15,630.0
20262,V202602-L00465,TA01,57,49,4,2026-02-16T03:45,2026-02-16T14:15,630.0
20262,V202602-L00461,TA02,1,23,1,2026-02-16T01:57,2026-02-17T06:53,1736.0
20262,V202602-L00461,TA02,1,23,4,2026-02-16T01:57,2026-02-17T06:53,1736.0
20262,V202602-L00461,TA02,1,23,4,2026-02-16T01:57,2026-02-17T06:53,1736.0
20262,V202602-L00458,TA02,0,14,4,2026-02-16T03:12,2026-02-17T03:41,1469.0
20262,V202602-L00458,TA02,0,14,3,2026-02-16T03:12,2026-02-17T03:41,1469.0
20262,V202602-L00466,TA02,13,34,4,2026-02-16T05:01:30,2026-02-17T08:54,1672.5
20262,V202602-L00466,TA02,13,34,4,2026-02-16T05:01:30,2026-02-17T08:54,1672.5
20262,V202602-L00464,TA03,49,34,2,2026-02-16T02:07:30,2026-02-16T07:53,345.5
20262,V202602-L00464,TA03,49,34,4,2026-02-16T02:07:30,2026-02-16T07:53,345.5
20262,V202602-L00468,TA04,39,37,2,2026-02-16T02:41,2026-02-16T03:45,64.0
20262,V202602-L00468,TA04,39,37,4,2026-02-16T02:41,2026-02-16T03:45,64.0
20262,V202602-L00468,TA04,39,37,4,2026-02-16T02:41,2026-02-16T03:45,64.0
20262,V202602-L00469,TA05,0,1,1,2026-02-16T03:20,2026-02-16T05:11,111.0
20262,V202602-L00469,TA05,0,1,4,2026-02-16T03:20,2026-02-16T05:11,111.0
20262,V202602-L00469,TA05,0,1,4,2026-02-16T03:20,2026-02-16T05:11,111.0
20262,V202602-L00472,TA09,22,50,3,2026-02-16T05:53,2026-02-17T16:14,2061.0
20262,V202602-L00473,TA03,43,10,3,2026-02-16T06:16:30,2026-02-16T08:24,127.5
20262,V202602-L00473,TA03,43,10,4,2026-02-16T06:16:30,2026-02-16T08:24,127.5
20262,V202602-L00474,TA01,38,41,1,2026-02-16T10:01:30,2026-02-16T17:34,452.5
20262,V202602-L00474,TA01,38,41,4,2026-02-16T10:01:30,2026-02-16T17:34,452.5
20262,V202602-L00470,TA01,14,43,4,2026-02-16T11:40:30,2026-02-17T14:05,1584.5
20262,V202602-L00470,TA01,14,43,4,2026-02-16T11:40:30,2026-02-17T14:05,1584.5
20262,V202602-L00471,TA02,28,0,3,2026-02-16T09:21,2026-02-17T15:21,1800.0
20262,V202602-L00471,TA02,28,0,4,2026-02-16T09:21,2026-02-17T15:21,1800.0
20262,V202602-L00477,TA02,55,6,1,2026-02-16T11:10:30,2026-02-17T18:48,1897.5
20262,V202602-L00477,TA02,55,6,4,2026-02-16T11:10:30,2026-02-17T18:48,1897.5
20262,V202602-L00476,TA03,42,31,3,2026-02-16T08:48,2026-02-16T10:28,100.0
20262,V202602-L00476,TA03,42,31,4,2026-02-16T08:48,2026-02-16T10:28,100.0
20262,V202602-L00475,TA04,12,44,2,2026-02-16T08:09,2026-02-17T00:14,965.0
20262,V202602-L00478,TA05,15,8,1,2026-02-16T09:07,2026-02-17T01:36,989.0
20262,V202602-L00479,TA06,31,16,2,2026-02-16T09:19,2026-02-17T20:07,2088.0
20262,V202602-L00480,TA10,42,7,4,2026-02-16T10:43,2026-02-16T21:02,619.0
20262,V202602-L00483,TA05,18,8,3,2026-02-16T12:12:30,2026-02-16T18:43,390.5
20262,V202602-L00485,TA04,16,4,4,2026-02-16T15:00,2026-02-16T16:26,86.0
20262,V202602-L00485,TA04,16,4,4,2026-02-16T15:00,2026-02-16T16:26,86.0
20262,V202602-L00485,TA04,16,4,2,2026-02-16T15:00,2026-02-16T16:26,86.0
20262,V202602-L00486,TA01,56,4,3,2026-02-16T17:57,2026-02-17T07:09,792.0
20262,V202602-L00486,TA01,56,4,4,2026-02-16T17:57,2026-02-17T07:09,792.0
20262,V202602-L00484,TA01,10,43,4,2026-02-16T21:04:30,2026-02-16T23:21,136.5
20262,V202602-L00484,TA01,10,43,4,2026-02-16T21:04:30,2026-02-16T23:21,136.5
20262,V202602-L00481,TA02,41,16,3,2026-02-16T17:28:30,2026-02-17T21:40,1691.5
20262,V202602-L00481,TA02,41,16,4,2026-02-16T17:28:30,2026-02-17T21:40,1691.5
20262,V202602-L00482,TA02,11,14,4,2026-02-16T19:16:30,2026-02-17T22:09,1612.5
20262,V202602-L00482,TA02,11,14,1,2026-02-16T19:16:30,2026-02-17T22:09,1612.5
20262,V202602-L00487,TA03,53,50,1,2026-02-16T17:00:30,2026-02-16T19:19,138.5
20262,V202602-L00489,TA04,38,1,4,2026-02-16T20:16,2026-02-18T06:39,2063.0
20262,V202602-L00490,TA05,25,21,1,2026-02-16T21:03:30,2026-02-18T07:48,2084.5
20262,V202602-L00491,TA03,10,6,3,2026-02-16T22:55,2026-02-17T00:06,71.0
20262,V202602-L00491,TA03,10,6,4,2026-02-16T22:55,2026-02-17T00:06,71.0
20262,V202602-L00492,TA02,4,16,2,2026-02-16T22:51:30,2026-02-17T00:42,110.5
20262,V202602-L00492,TA02,4,16,4,2026-02-16T22:51:30,2026-02-17T00:42,110.5
20262,V202602-L00488,TA01,3,5,4,2026-02-17T01:48,2026-02-17T02:24,36.0
20262,V202602-L00488,TA01,3,5,1,2026-02-17T01:48,2026-02-17T02:24,36.0
20262,V202602-L00488,TA01,3,5,4,2026-02-17T01:48,2026-02-17T02:24,36.0
20262,V202602-L00496,TA01,62,34,3,2026-02-17T05:00,2026-02-17T15:18,618.0
20262,V202602-L00496,TA01,62,34,4,2026-02-17T05:00,2026-02-17T15:18,618.0
20262,V202602-L00498,TA07,68,19,4,2026-02-17T00:28:30,2026-02-18T09:45,1996.5
20262,V202602-L00497,TA02,39,3,2,2026-02-17T01:03:30,2026-02-18T09:41,1957.5
20262,V202602-L00497,TA02,39,3,4,2026-02-17T01:03:30,2026-02-18T09:41,1957.5
20262,V202602-L00497,TA02,39,3,4,2026-02-17T01:03:30,2026-02-18T09:41,1957.5
20262,V202602-L00494,TA02,70,29,4,2026-02-17T03:29,2026-02-17T08:50,321.0
20262,V202602-L00494,TA02,70,29,2,2026-02-17T03:29,2026-02-17T08:50,321.0
20262,V202602-L00499,TA02,62,7,4,2026-02-17T05:14,2026-02-18T11:01,1787.0
20262,V202602-L00499,TA02,62,7,4,2026-02-17T05:14,2026-02-18T11:01,1787.0
20262,V202602-L00499,TA08,62,7,1,2026-02-17T01:07:30,2026-02-18T11:01,2033.5
20262,V202602-L00500,TA03,36,8,4,2026-02-17T05:52:30,2026-02-17T08:28,155.5
20262,V202602-L00495,TA01,3,32,4,2026-02-17T09:28:30,2026-02-18T09:05,1416.5
20262,V202602-L00495,TA01,3,32,4,2026-02-17T09:28:30,2026-02-18T09:05,1416.5
20262,V202602-L00495,TA01,3,32,2,2026-02-17T09:28:30,2026-02-18T09:05,1416.5
20262,V202602-L00501,TA01,17,7,4,2026-02-17T11:27,2026-02-18T17:22,1795.0
20262,V202602-L00501,TA01,17,7,4,2026-02-17T11:27,2026-02-18T17:22,1795.0
20262,V202602-L00493,TA02,52,5,2,2026-02-17T08:40:30,2026-02-17T08:50,9.5
20262,V202602-L00493,TA02,52,5,4,2026-02-17T08:40:30,2026-02-17T08:50,9.5
20262,V202602-L00502,TA03,65,19,4,2026-02-17T09:54:30,2026-02-17T19:02,547.5
20262,V202602-L00502,TA03,65,19,2,2026-02-17T09:54:30,2026-02-17T19:02,547.5
20262,V202602-L00506,TA04,5,16,4,2026-02-17T09:26,2026-02-18T19:43,2057.0
20262,V202602-L00507,TA05,12,7,1,2026-02-17T09:53,2026-02-17T12:13,140.0
20262,V202602-L00508,TA09,15,32,3,2026-02-17T09:33:30,2026-02-18T20:15,2081.5
20262,V202602-L00509,TA06,20,7,1,2026-02-17T10:21,2026-02-17T20:54,633.0
20262,V202602-L00510,TA07,41,50,1,2026-02-17T10:58:30,2026-02-18T02:54,955.5
20262,V202602-L00512,TA10,10,5,4,2026-02-17T11:39,2026-02-18T21:58,2059.0
20262,V202602-L00511,TA02,68,14,1,2026-02-17T13:41,2026-02-17T13:43,2.0
20262,V202602-L00511,TA02,68,14,4,2026-02-17T13:41,2026-02-17T13:43,2.0
20262,V202602-L00511,TA02,68,14,4,2026-02-17T13:41,2026-02-17T13:43,2.0
20262,V202602-L00504,TA03,35,12,1,2026-02-17T13:41,2026-02-17T15:24,103.0
20262,V202602-L00504,TA03,35,12,4,2026-02-17T13:41,2026-02-17T15:24,103.0
20262,V202602-L00504,TA03,35,12,4,2026-02-17T13:41,2026-02-17T15:24,103.0
20262,V202602-L00514,TA09,13,43,4,2026-02-17T14:19,2026-02-19T01:01,2082.0
20262,V202602-L00503,TA01,29,8,2,2026-02-17T16:12,2026-02-17T19:03,171.0
20262,V202602-L00503,TA01,29,8,4,2026-02-17T16:12,2026-02-17T19:03,171.0
20262,V202602-L00503,TA01,29,8,4,2026-02-17T16:12,2026-02-17T19:03,171.0
20262,V202602-L00513,TA01,61,1,3,2026-02-17T18:10:30,2026-02-18T05:35,684.5
20262,V202602-L00513,TA01,61,1,4,2026-02-17T18:10:30,2026-02-18T05:35,684.5
20262,V202602-L00505,TA01,17,42,4,2026-02-17T21:18,2026-02-18T19:41,1343.0
20262,V202602-L00505,TA01,17,42,1,2026-02-17T21:18,2026-02-18T19:41,1343.0
20262,V202602-L00515,TA02,52,29,4,2026-02-17T16:10:30,2026-02-19T01:14,1983.5
20262,V202602-L00515,TA02,52,29,2,2026-02-17T16:10:30,2026-02-19T01:14,1983.5
20262,V202602-L00505,TA02,17,42,4,2026-02-17T18:22:30,2026-02-18T19:41,1518.5
20262,V202602-L00516,TA07,62,43,3,2026-02-17T16:31:30,2026-02-18T08:09,937.5
20262,V202602-L00520,TA03,41,2,4,2026-02-17T19:49,2026-02-19T06:09,2060.0
20262,V202602-L00523,TA04,43,8,2,2026-02-17T20:33,2026-02-18T02:53,380.0
20262,V202602-L00523,TA04,43,8,4,2026-02-17T20:33,2026-02-18T02:53,380.0
20262,V202602-L00524,TA02,67,8,4,2026-02-17T22:43:30,2026-02-18T03:18,274.5
20262,V202602-L00524,TA02,67,8,2,2026-02-17T22:43:30,2026-02-18T03:18,274.5
20262,V202602-L00524,TA02,67,8,4,2026-02-17T22:43:30,2026-02-18T03:18,274.5
20262,V202602-L00521,TA05,54,23,1,2026-02-17T21:24,2026-02-18T02:14,290.0
20262,V202602-L00521,TA05,54,23,4,2026-02-17T21:24,2026-02-18T02:14,290.0
20262,V202602-L00526,TA07,56,24,2,2026-02-17T20:56,2026-02-19T07:45,2089.0
20262,V202602-L00522,TA03,67,6,4,2026-02-17T22:40,2026-02-19T06:38,1918.0
20262,V202602-L00522,TA03,67,6,2,2026-02-17T22:40,2026-02-19T06:38,1918.0
20262,V202602-L00527,TA08,61,22,3,2026-02-17T21:43:30,2026-02-19T08:24,2080.5
20262,V202602-L00528,TA07,53,18,2,2026-02-17T22:39:30,2026-02-18T15:18,998.5
20262,V202602-L00525,TA01,29,6,4,2026-02-18T01:13:30,2026-02-18T07:29,375.5
20262,V202602-L00525,TA01,29,6,1,2026-02-18T01:13:30,2026-02-18T07:29,375.5
20262,V202602-L00525,TA01,29,6,4,2026-02-18T01:13:30,2026-02-18T07:29,375.5
20262,V202602-L00529,TA01,21,8,4,2026-02-18T02:28:30,2026-02-18T15:28,779.5
20262,V202602-L00529,TA01,21,8,3,2026-02-18T02:28:30,2026-02-18T15:28,779.5
20262,V202602-L00517,TA01,7,23,4,2026-02-18T04:12,2026-02-19T03:29,1397.0
20262,V202602-L00517,TA01,7,23,4,2026-02-18T04:12,2026-02-19T03:29,1397.0
20262,V202602-L00517,TA04,7,23,2,2026-02-18T00:43:30,2026-02-19T03:29,1605.5
20262,V202602-L00532,TA05,31,49,3,2026-02-18T01:12,2026-02-19T10:53,2021.0
20262,V202602-L00531,TA09,8,30,4,2026-02-18T00:18,2026-02-19T10:35,2057.0
20262,V202602-L00530,TA02,58,38,3,2026-02-18T02:54,2026-02-19T10:19,1885.0
20262,V202602-L00530,TA02,58,38,4,2026-02-18T02:54,2026-02-19T10:19,1885.0
20262,V202602-L00533,TA03,5,12,4,2026-02-18T02:07,2026-02-18T03:07,60.0
20262,V202602-L00533,TA03,5,12,1,2026-02-18T02:07,2026-02-18T03:07,60.0
20262,V202602-L00535,TA06,7,2,2,2026-02-18T03:28,2026-02-18T05:38,130.0
20262,V202602-L00536,TA10,22,26,4,2026-02-18T03:45:30,2026-02-19T14:11,2065.5
20262,V202602-L00538,TA07,52,7,3,2026-02-18T04:37:30,2026-02-19T14:53,2055.5
20262,V202602-L00539,TA04,26,41,2,2026-02-18T04:55:30,2026-02-18T07:21,145.5
20262,V202602-L00518,TA03,18,50,4,2026-02-18T05:50:30,2026-02-19T03:30,1299.5
20262,V202602-L00518,TA03,18,50,2,2026-02-18T05:50:30,2026-02-19T03:30,1299.5
20262,V202602-L00541,TA05,23,50,4,2026-02-18T06:04:30,2026-02-19T16:25,2060.5
20262,V202602-L00534,TA01,37,42,1,2026-02-18T09:55:30,2026-02-18T12:24,148.5
20262,V202602-L00534,TA01,37,42,4,2026-02-18T09:55:30,2026-02-18T12:24,148.5
20262,V202602-L00534,TA01,37,42,4,2026-02-18T09:55:30,2026-02-18T12:24,148.5
20262,V202602-L00537,TA01,0,50,2,2026-02-18T12:03,2026-02-18T14:33,150.0
20262,V202602-L00537,TA01,0,50,4,2026-02-18T12:03,2026-02-18T14:33,150.0
20262,V202602-L00537,TA01,0,50,4,2026-02-18T12:03,2026-02-18T14:33,150.0
20262,V202602-L00542,TA02,57,5,1,2026-02-18T10:03,2026-02-19T17:42,1899.0
20262,V202602-L00542,TA02,57,5,4,2026-02-18T10:03,2026-02-19T17:42,1899.0
20262,V202602-L00542,TA02,57,5,4,2026-02-18T10:03,2026-02-19T17:42,1899.0
20262,V202602-L00540,TA02,70,2,3,2026-02-18T11:27,2026-02-18T15:25,238.0
20262,V202602-L00540,TA02,70,2,4,2026-02-18T11:27,2026-02-18T15:25,238.0
20262,V202602-L00519,TA02,63,24,4,2026-02-18T13:10:30,2026-02-19T03:39,868.5
20262,V202602-L00519,TA02,63,24,2,2026-02-18T13:10:30,2026-02-19T03:39,868.5
20262,V202602-L00544,TA03,14,23,1,2026-02-18T09:31:30,2026-02-19T18:02,1950.5
20262,V202602-L00544,TA03,14,23,4,2026-02-18T09:31:30,2026-02-19T18:02,1950.5
20262,V202602-L00543,TA04,11,24,1,2026-02-18T08:22:30,2026-02-18T10:02,99.5
20262,V202602-L00543,TA04,11,24,4,2026-02-18T08:22:30,2026-02-18T10:02,99.5
20262,V202602-L00545,TA05,21,37,1,2026-02-18T08:15,2026-02-19T18:51,2076.0
20262,V202602-L00547,TA09,26,38,3,2026-02-18T09:41,2026-02-18T12:16,155.0
20262,V202602-L00548,TA07,59,38,1,2026-02-18T09:49:30,2026-02-19T02:22,992.5
20262,V202602-L00549,TA04,29,26,1,2026-02-18T12:58:30,2026-02-18T20:58,479.5
20262,V202602-L00549,TA04,29,26,4,2026-02-18T12:58:30,2026-02-18T20:58,479.5
20262,V202602-L00553,TA03,19,11,4,2026-02-18T13:15,2026-02-19T22:30,1995.0
20262,V202602-L00553,TA03,19,11,4,2026-02-18T13:15,2026-02-19T22:30,1995.0
20262,V202602-L00554,TA03,4,21,1,2026-02-18T14:52:30,2026-02-19T04:57,844.5
20262,V202602-L00554,TA03,4,21,4,2026-02-18T14:52:30,2026-02-19T04:57,844.5
20262,V202602-L00557,TA07,55,37,1,2026-02-18T13:08,2026-02-18T23:42,634.0
20262,V202602-L00559,TA06,33,6,2,2026-02-18T14:21,2026-02-20T01:00,2079.0
20262,V202602-L00555,TA01,30,15,4,2026-02-18T17:04:30,2026-02-18T19:21,136.5
20262,V202602-L00555,TA01,30,15,2,2026-02-18T17:04:30,2026-02-18T19:21,136.5
20262,V202602-L00555,TA01,30,15,4,2026-02-18T17:04:30,2026-02-18T19:21,136.5
20262,V202602-L00546,TA01,45,28,1,2026-02-18T18:46:30,2026-02-19T19:14,1467.5
20262,V202602-L00546,TA01,45,28,4,2026-02-18T18:46:30,2026-02-19T19:14,1467.5
20262,V202602-L00546,TA01,45,28,4,2026-02-18T18:46:30,2026-02-19T19:14,1467.5
20262,V202602-L00556,TA01,49,31,1,2026-02-18T19:57,2026-02-19T05:41,584.0
20262,V202602-L00556,TA01,49,31,4,2026-02-18T19:57,2026-02-19T05:41,584.0
20262,V202602-L00550,TA02,12,12,4,2026-02-18T17:30,2026-02-19T20:59,1649.0
20262,V202602-L00550,TA02,12,12,3,2026-02-18T17:30,2026-02-19T20:59,1649.0
20262,V202602-L00551,TA02,59,42,4,2026-02-18T20:25:30,2026-02-19T21:17,1491.5
20262,V202602-L00551,TA02,59,42,4,2026-02-18T20:25:30,2026-02-19T21:17,1491.5
20262,V202602-L00560,TA05,8,23,2,2026-02-18T16:38:30,2026-02-18T23:03,384.5
20262,V202602-L00562,TA03,40,45,4,2026-02-18T19:04:30,2026-02-18T19:53,48.5
20262,V202602-L00562,TA03,40,45,4,2026-02-18T19:04:30,2026-02-18T19:53,48.5
20262,V202602-L00563,TA07,64,39,1,2026-02-18T17:38:30,2026-02-20T04:10,2071.5
20262,V202602-L00564,TA09,13,26,4,2026-02-18T18:39:30,2026-02-20T05:19,2079.5
20262,V202602-L00565,TA04,61,8,1,2026-02-18T20:50,2026-02-19T02:43,353.0
20262,V202602-L00565,TA04,61,8,4,2026-02-18T20:50,2026-02-19T02:43,353.0
20262,V202602-L00567,TA06,46,4,2,2026-02-18T22:13:30,2026-02-20T08:22,2048.5
20262,V202602-L00568,TA05,36,43,4,2026-02-18T22:43:30,2026-02-19T08:55,611.5
20262,V202602-L00569,TA07,68,25,1,2026-02-18T22:19:30,2026-02-19T08:56,636.5
20262,V202602-L00566,TA01,68,13,1,2026-02-19T02:07:30,2026-02-19T03:04,56.5
20262,V202602-L00566,TA01,68,13,4,2026-02-19T02:07:30,2026-02-19T03:04,56.5
20262,V202602-L00566,TA01,68,13,4,2026-02-19T02:07:30,2026-02-19T03:04,56.5
20262,V202602-L00552,TA01,67,6,1,2026-02-19T03:19:30,2026-02-19T21:41,1101.5
20262,V202602-L00552,TA01,67,6,4,2026-02-19T03:19:30,2026-02-19T21:41,1101.5
20262,V202602-L00558,TA01,20,26,2,2026-02-19T06:00,2026-02-20T00:20,1100.0
20262,V202602-L00558,TA01,20,26,4,2026-02-19T06:00,2026-02-20T00:20,1100.0
20262,V202602-L00558,TA01,20,26,4,2026-02-19T06:00,2026-02-20T00:20,1100.0
20262,V202602-L00570,TA02,7,24,3,2026-02-19T01:49:30,2026-02-20T10:17,1947.5
20262,V202602-L00570,TA02,7,24,4,2026-02-19T01:49:30,2026-02-20T10:17,1947.5
20262,V202602-L00561,TA03,41,45,1,2026-02-19T02:06,2026-02-19T09:23,437.0
20262,V202602-L00561,TA03,41,45,4,2026-02-19T02:06,2026-02-19T09:23,437.0
20262,V202602-L00574,TA05,14,23,2,2026-02-19T02:35:30,2026-02-19T09:10,394.5
20262,V202602-L00573,TA04,24,25,4,2026-02-19T04:35:30,2026-02-19T08:32,236.5
20262,V202602-L00573,TA04,24,25,4,2026-02-19T04:35:30,2026-02-19T08:32,236.5
20262,V202602-L00577,TA06,1,4,4,2026-02-19T04:24,2026-02-20T14:24,2040.0
20262,V202602-L00576,TA05,21,13,3,2026-02-19T05:10,2026-02-19T10:17,307.0
20262,V202602-L00576,TA05,21,13,4,2026-02-19T05:10,2026-02-19T10:17,307.0
20262,V202602-L00575,TA02,62,33,4,2026-02-19T05:40:30,2026-02-19T06:04,23.5
20262,V202602-L00575,TA02,62,33,4,2026-02-19T05:40:30,2026-02-19T06:04,23.5
20262,V202602-L00572,TA04,30,39,4,2026-02-19T06:38:30,2026-02-19T12:25,346.5
20262,V202602-L00572,TA04,30,39,1,2026-02-19T06:38:30,2026-02-19T12:25,346.5
20262,V202602-L00579,TA02,24,29,4,2026-02-19T09:31:30,2026-02-20T15:11,1779.5
20262,V202602-L00579,TA02,24,29,4,2026-02-19T09:31:30,2026-02-20T15:11,1779.5
20262,V202602-L00583,TA02,70,28,4,2026-02-19T11:42,2026-02-20T17:11,1769.0
20262,V202602-L00583,TA02,70,28,4,2026-02-19T11:42,2026-02-20T17:11,1769.0
20262,V202602-L00581,TA03,42,13,4,2026-02-19T09:43:30,2026-02-20T16:32,1848.5
20262,V202602-L00581,TA03,42,13,4,2026-02-19T09:43:30,2026-02-20T16:32,1848.5
20262,V202602-L00580,TA04,23,17,4,2026-02-19T09:16,2026-02-19T12:23,187.0
20262,V202602-L00580,TA04,23,17,4,2026-02-19T09:16,2026-02-19T12:23,187.0
20262,V202602-L00571,TA04,42,42,4,2026-02-19T11:22,2026-02-19T11:26,4.0
20262,V202602-L00571,TA04,42,42,1,2026-02-19T11:22,2026-02-19T11:26,4.0
20262,V202602-L00584,TA01,34,36,1,2026-02-19T09:12,2026-02-19T13:55,283.0
20262,V202602-L00584,TA01,34,36,4,2026-02-19T09:12,2026-02-19T13:55,283.0
20262,V202602-L00584,TA01,34,36,4,2026-02-19T09:12,2026-02-19T13:55,283.0
20262,V202602-L00582,TA01,38,24,2,2026-02-19T10:36,2026-02-19T16:50,374.0
20262,V202602-L00582,TA01,38,24,4,2026-02-19T10:36,2026-02-19T16:50,374.0
20262,V202602-L00578,TA01,70,14,4,2026-02-19T12:39,2026-02-19T14:30,111.0
20262,V202602-L00578,TA01,70,14,4,2026-02-19T12:39,2026-02-19T14:30,111.0
20262,V202602-L00585,TA05,27,32,4,2026-02-19T08:47,2026-02-19T15:20,393.0
20262,V202602-L00588,TA07,60,39,2,2026-02-19T09:22:30,2026-02-20T01:57,994.5
20262,V202602-L00589,TA08,51,32,2,2026-02-19T09:26:30,2026-02-19T16:02,395.5
20262,V202602-L00593,TA05,5,0,2,2026-02-19T13:04,2026-02-19T19:05,361.0
20262,V202602-L00591,TA03,53,34,4,2026-02-19T13:31:30,2026-02-19T13:33,1.5
20262,V202602-L00591,TA03,53,34,4,2026-02-19T13:31:30,2026-02-19T13:33,1.5
20262,V202602-L00594,TA07,68,43,2,2026-02-19T13:00:30,2026-02-20T05:13,972.5
20262,V202602-L00597,TA01,47,46,1,2026-02-19T18:22:30,2026-02-20T01:10,407.5
20262,V202602-L00597,TA01,47,46,4,2026-02-19T18:22:30,2026-02-20T01:10,407.5
20262,V202602-L00590,TA02,18,22,1,2026-02-19T17:30,2026-02-19T20:12,162.0
20262,V202602-L00590,TA02,18,22,4,2026-02-19T17:30,2026-02-19T20:12,162.0
20262,V202602-L00590,TA02,18,22,4,2026-02-19T17:30,2026-02-19T20:12,162.0
20262,V202602-L00596,TA02,40,33,1,2026-02-19T19:19:30,2026-02-19T20:54,94.5
20262,V202602-L00596,TA02,40,33,4,2026-02-19T19:19:30,2026-02-19T20:54,94.5
20262,V202602-L00596,TA02,40,33,4,2026-02-19T19:19:30,2026-02-19T20:54,94.5
20262,V202602-L00592,TA02,61,23,2,2026-02-19T21:06,2026-02-20T22:54,1548.0
20262,V202602-L00592,TA02,61,23,4,2026-02-19T21:06,2026-02-20T22:54,1548.0
20262,V202602-L00586,TA03,16,23,4,2026-02-19T17:34:30,2026-02-20T19:32,1557.5
20262,V202602-L00586,TA03,16,23,3,2026-02-19T17:34:30,2026-02-20T19:32,1557.5
20262,V202602-L00595,TA03,62,31,4,2026-02-19T19:55:30,2026-02-19T23:38,222.5
20262,V202602-L00595,TA03,62,31,3,2026-02-19T19:55:30,2026-02-19T23:38,222.5
20262,V202602-L00587,TA04,9,8,4,2026-02-19T17:40:30,2026-02-19T19:48,127.5
20262,V202602-L00587,TA04,9,8,2,2026-02-19T17:40:30,2026-02-19T19:48,127.5
20262,V202602-L00598,TA05,0,15,2,2026-02-19T16:42,2026-02-19T17:53,71.0
20262,V202602-L00598,TA05,0,15,4,2026-02-19T16:42,2026-02-19T17:53,71.0
20262,V202602-L00599,TA07,59,17,2,2026-02-19T17:28,2026-02-21T04:06,2078.0
20262,V202602-L00600,TA08,57,47,1,2026-02-19T19:40,2026-02-21T06:07,2067.0
20262,V202602-L00601,TA05,43,3,2,2026-02-19T20:10:30,2026-02-20T06:25,614.5
20262,V202602-L00603,TA07,52,50,4,2026-02-19T21:22,2026-02-20T07:40,618.0
20262,V202602-L00602,TA01,13,40,1,2026-02-19T22:34:30,2026-02-19T23:23,48.5
20262,V202602-L00602,TA01,13,40,4,2026-02-19T22:34:30,2026-02-19T23:23,48.5
20262,V202602-L00604,TA03,53,16,1,2026-02-19T22:52:30,2026-02-20T05:28,395.5
20262,V202602-L00605,TA01,34,21,4,2026-02-20T01:19:30,2026-02-20T16:02,882.5
20262,V202602-L00605,TA01,34,21,2,2026-02-20T01:19:30,2026-02-20T16:02,882.5
20262,V202602-L00607,TA01,49,27,3,2026-02-20T03:18,2026-02-21T10:40,1882.0
20262,V202602-L00607,TA01,49,27,4,2026-02-20T03:18,2026-02-21T10:40,1882.0
20262,V202602-L00606,TA02,16,38,4,2026-02-20T01:57,2026-02-20T02:34,37.0
20262,V202602-L00606,TA02,16,38,2,2026-02-20T01:57,2026-02-20T02:34,37.0
20262,V202602-L00608,TA09,18,46,1,2026-02-20T00:21,2026-02-20T06:56,395.0
20262,V202602-L00611,TA04,42,6,3,2026-02-20T04:24:30,2026-02-21T14:41,2056.5
20262,V202602-L00609,TA02,48,2,2,2026-02-20T06:27,2026-02-20T08:35,128.0
20262,V202602-L00609,TA02,48,2,4,2026-02-20T06:27,2026-02-20T08:35,128.0
20262,V202602-L00609,TA02,48,2,4,2026-02-20T06:27,2026-02-20T08:35,128.0
20262,V202602-L00613,TA05,20,19,2,2026-02-20T05:18,2026-02-20T11:54,396.0
20262,V202602-L00614,TA09,2,23,1,2026-02-20T06:27:30,2026-02-20T08:42,134.5
20262,V202602-L00616,TA03,49,16,1,2026-02-20T06:58:30,2026-02-20T09:28,149.5
20262,V202602-L00610,TA01,37,34,1,2026-02-20T09:49:30,2026-02-21T13:48,1678.5
20262,V202602-L00610,TA01,37,34,4,2026-02-20T09:49:30,2026-02-21T13:48,1678.5
20262,V202602-L00610,TA01,37,34,4,2026-02-20T09:49:30,2026-02-21T13:48,1678.5
20262,V202602-L00612,TA01,15,19,4,2026-02-20T11:45,2026-02-21T14:50,1625.0
20262,V202602-L00612,TA01,15,19,4,2026-02-20T11:45,2026-02-21T14:50,1625.0
20262,V202602-L00615,TA01,57,15,1,2026-02-20T13:54,2026-02-21T17:19,1645.0
20262,V202602-L00615,TA01,57,15,4,2026-02-20T13:54,2026-02-21T17:19,1645.0
20262,V202602-L00617,TA07,60,21,1,2026-02-20T08:13:30,2026-02-21T17:51,2017.5
20262,V202602-L00620,TA02,23,48,3,2026-02-20T10:19,2026-02-21T20:04,2025.0
20262,V202602-L00620,TA02,23,48,4,2026-02-20T10:19,2026-02-21T20:04,2025.0
20262,V202602-L00621,TA09,12,32,3,2026-02-20T09:19,2026-02-20T12:06,167.0
20262,V202602-L00622,TA04,26,18,1,2026-02-20T10:07:30,2026-02-21T20:55,2087.5
20262,V202602-L00618,TA03,64,34,4,2026-02-20T12:41,2026-02-21T18:03,1762.0
20262,V202602-L00618,TA03,64,34,1,2026-02-20T12:41,2026-02-21T18:03,1762.0
20262,V202602-L00623,TA04,9,26,4,2026-02-20T13:05,2026-02-21T03:55,890.0
20262,V202602-L00623,TA04,9,26,2,2026-02-20T13:05,2026-02-21T03:55,890.0
20262,V202602-L00626,TA07,62,41,2,2026-02-20T12:48:30,2026-02-21T23:17,2068.5
20262,V202602-L00624,TA02,0,14,4,2026-02-20T14:29:30,2026-02-21T22:19,1909.5
20262,V202602-L00624,TA02,0,14,2,2026-02-20T14:29:30,2026-02-21T22:19,1909.5
20262,V202602-L00630,TA03,58,17,3,2026-02-20T16:16:30,2026-02-20T18:07,110.5
20262,V202602-L00634,TA04,18,41,4,2026-02-20T16:13:30,2026-02-21T08:47,993.5
20262,V202602-L00628,TA05,17,14,4,2026-02-20T16:15,2026-02-20T17:07,52.0
20262,V202602-L00628,TA05,17,14,4,2026-02-20T16:15,2026-02-20T17:07,52.0
20262,V202602-L00631,TA07,41,29,1,2026-02-20T16:27,2026-02-22T02:20,2033.0
20262,V202602-L00632,TA08,55,46,2,2026-02-20T16:31:30,2026-02-22T02:33,2041.5
20262,V202602-L00627,TA01,14,1,3,2026-02-20T17:55:30,2026-02-20T19:29,93.5
20262,V202602-L00627,TA01,14,1,4,2026-02-20T17:55:30,2026-02-20T19:29,93.5
20262,V202602-L00633,TA01,29,10,2,2026-02-20T19:44:30,2026-02-20T22:43,178.5
20262,V202602-L00633,TA01,29,10,4,2026-02-20T19:44:30,2026-02-20T22:43,178.5
20262,V202602-L00633,TA01,29,10,4,2026-02-20T19:44:30,2026-02-20T22:43,178.5
20262,V202602-L00619,TA01,27,32,4,2026-02-20T21:20:30,2026-02-21T01:32,251.5
20262,V202602-L00619,TA01,27,32,3,2026-02-20T21:20:30,2026-02-21T01:32,251.5
20262,V202602-L00625,TA02,55,27,1,2026-02-20T17:11:30,2026-02-21T23:12,1800.5
20262,V202602-L00625,TA02,55,27,4,2026-02-20T17:11:30,2026-02-21T23:12,1800.5
20262,V202602-L00629,TA02,1,36,3,2026-02-20T19:46,2026-02-21T01:31,345.0
20262,V202602-L00629,TA02,1,36,4,2026-02-20T19:46,2026-02-21T01:31,345.0
20262,V202602-L00636,TA06,51,32,1,2026-02-20T18:03,2026-02-20T23:56,353.0
20262,V202602-L00637,TA09,68,39,2,2026-02-20T18:45:30,2026-02-21T00:14,328.5
20262,V202602-L00638,TA10,36,22,2,2026-02-20T17:45:30,2026-02-22T04:15,2069.5
20262,V202602-L00641,TA03,53,7,3,2026-02-20T19:09,2026-02-20T21:01,112.0
20262,V202602-L00642,TA04,11,45,1,2026-02-20T19:02,2026-02-21T11:45,1003.0
20262,V202602-L00640,TA07,62,19,4,2026-02-20T19:13:30,2026-02-22T04:52,2018.5
20262,V202602-L00643,TA04,12,32,3,2026-02-20T20:23,2026-02-22T06:40,2057.0
20262,V202602-L00645,TA03,67,7,1,2026-02-20T22:55,2026-02-21T01:06,131.0
20262,V202602-L00646,TA01,23,9,2,2026-02-21T00:40:30,2026-02-21T05:27,286.5
20262,V202602-L00646,TA01,23,9,4,2026-02-21T00:40:30,2026-02-21T05:27,286.5
20262,V202602-L00646,TA01,23,9,4,2026-02-21T00:40:30,2026-02-21T05:27,286.5
20262,V202602-L00647,TA01,34,4,2,2026-02-21T02:28:30,2026-02-21T16:20,831.5
20262,V202602-L00647,TA01,34,4,4,2026-02-21T02:28:30,2026-02-21T16:20,831.5
20262,V202602-L00639,TA02,35,7,4,2026-02-21T01:45,2026-02-22T04:23,1598.0
20262,V202602-L00639,TA02,35,7,4,2026-02-21T01:45,2026-02-22T04:23,1598.0
20262,V202602-L00644,TA02,52,42,2,2026-02-21T04:03,2026-02-22T08:54,1731.0
20262,V202602-L00644,TA02,52,42,4,2026-02-21T04:03,2026-02-22T08:54,1731.0
20262,V202602-L00635,TA04,60,33,2,2026-02-21T02:26:30,2026-02-21T03:35,68.5
20262,V202602-L00635,TA04,60,33,4,2026-02-21T02:26:30,2026-02-21T03:35,68.5
20262,V202602-L00649,TA05,14,5,1,2026-02-21T00:53,2026-02-21T17:13,980.0
20262,V202602-L00648,TA03,26,43,2,2026-02-21T02:29:30,2026-02-21T03:04,34.5
20262,V202602-L00648,TA03,26,43,4,2026-02-21T02:29:30,2026-02-21T03:04,34.5
20262,V202602-L00648,TA03,26,43,4,2026-02-21T02:29:30,2026-02-21T03:04,34.5
20262,V202602-L00654,TA05,1,31,1,2026-02-21T04:44:30,2026-02-21T10:38,353.5
20262,V202602-L00651,TA04,61,25,1,2026-02-21T06:52,2026-02-22T12:01,1749.0
20262,V202602-L00651,TA04,61,25,4,2026-02-21T06:52,2026-02-22T12:01,1749.0
20262,V202602-L00652,TA01,7,25,2,2026-02-21T05:40:30,2026-02-21T19:22,821.5
20262,V202602-L00652,TA01,7,25,4,2026-02-21T05:40:30,2026-02-21T19:22,821.5
20262,V202602-L00652,TA01,7,25,4,2026-02-21T05:40:30,2026-02-21T19:22,821.5
20262,V202602-L00655,TA03,49,20,1,2026-02-21T06:38:30,2026-02-22T15:28,1969.5
20262,V202602-L00655,TA03,49,20,4,2026-02-21T06:38:30,2026-02-22T15:28,1969.5
20262,V202602-L00656,TA01,48,7,1,2026-02-21T09:40:30,2026-02-21T12:09,148.5
20262,V202602-L00656,TA01,48,7,4,2026-02-21T09:40:30,2026-02-21T12:09,148.5
20262,V202602-L00656,TA01,48,7,4,2026-02-21T09:40:30,2026-02-21T12:09,148.5
20262,V202602-L00658,TA01,27,15,1,2026-02-21T11:24,2026-02-21T13:58,154.0
20262,V202602-L00658,TA01,27,15,4,2026-02-21T11:24,2026-02-21T13:58,154.0
20262,V202602-L00658,TA01,27,15,4,2026-02-21T11:24,2026-02-21T13:58,154.0
20262,V202602-L00659,TA01,39,34,4,2026-02-21T13:10:30,2026-02-21T14:07,56.5
20262,V202602-L00657,TA02,13,23,4,2026-02-21T09:39,2026-02-21T23:02,803.0
20262,V202602-L00657,TA02,13,23,4,2026-02-21T09:39,2026-02-21T23:02,803.0
20262,V202602-L00650,TA02,24,46,2,2026-02-21T11:30,2026-02-22T11:28,1438.0
20262,V202602-L00650,TA02,24,46,4,2026-02-21T11:30,2026-02-22T11:28,1438.0
20262,V202602-L00659,TA02,39,34,4,2026-02-21T13:10:30,2026-02-21T14:07,56.5
20262,V202602-L00653,TA03,69,20,3,2026-02-21T10:32:30,2026-02-22T14:05,1652.5
20262,V202602-L00653,TA03,69,20,4,2026-02-21T10:32:30,2026-02-22T14:05,1652.5
20262,V202602-L00661,TA05,2,38,2,2026-02-21T08:25,2026-02-22T19:10,2085.0
20262,V202602-L00660,TA10,46,7,3,2026-02-21T08:49,2026-02-22T01:02,973.0
20262,V202602-L00662,TA04,69,48,1,2026-02-21T09:49:30,2026-02-22T19:52,2042.5
20262,V202602-L00664,TA06,61,45,2,2026-02-21T10:33,2026-02-21T16:57,384.0
20262,V202602-L00663,TA07,43,5,1,2026-02-21T10:54,2026-02-22T20:55,2041.0
20262,V202602-L00667,TA08,44,19,4,2026-02-21T11:51:30,2026-02-22T22:16,2064.5
20262,V202602-L00665,TA03,41,22,4,2026-02-21T14:38:30,2026-02-21T17:23,164.5
20262,V202602-L00665,TA03,41,22,1,2026-02-21T14:38:30,2026-02-21T17:23,164.5
20262,V202602-L00665,TA03,41,22,4,2026-02-21T14:38:30,2026-02-21T17:23,164.5
20262,V202602-L00672,TA01,11,6,4,2026-02-21T17:40:30,2026-02-22T01:37,476.5
20262,V202602-L00672,TA01,11,6,4,2026-02-21T17:40:30,2026-02-22T01:37,476.5
20262,V202602-L00672,TA01,11,6,1,2026-02-21T17:40:30,2026-02-22T01:37,476.5
20262,V202602-L00669,TA01,1,22,2,2026-02-21T19:19:30,2026-02-22T23:42,1702.5
20262,V202602-L00669,TA01,1,22,4,2026-02-21T19:19:30,2026-02-22T23:42,1702.5
20262,V202602-L00669,TA01,1,22,4,2026-02-21T19:19:30,2026-02-22T23:42,1702.5
20262,V202602-L00666,TA02,66,29,4,2026-02-21T16:16:30,2026-02-22T21:55,1778.5
20262,V202602-L00666,TA02,66,29,4,2026-02-21T16:16:30,2026-02-22T21:55,1778.5
20262,V202602-L00666,TA02,66,29,2,2026-02-21T16:16:30,2026-02-22T21:55,1778.5
20262,V202602-L00668,TA02,63,20,1,2026-02-21T17:34:30,2026-02-22T23:33,1798.5
20262,V202602-L00668,TA02,63,20,4,2026-02-21T17:34:30,2026-02-22T23:33,1798.5
20262,V202602-L00668,TA02,63,20,4,2026-02-21T17:34:30,2026-02-22T23:33,1798.5
20262,V202602-L00670,TA02,18,1,4,2026-02-21T20:10:30,2026-02-23T00:30,1699.5
20262,V202602-L00673,TA04,46,37,2,2026-02-21T16:31:30,2026-02-21T22:22,350.5
20262,V202602-L00671,TA03,23,38,1,2026-02-21T17:56:30,2026-02-21T20:39,162.5
20262,V202602-L00671,TA03,23,38,4,2026-02-21T17:56:30,2026-02-21T20:39,162.5
20262,V202602-L00670,TA07,18,1,3,2026-02-21T16:43,2026-02-23T00:30,1907.0
20262,V202602-L00674,TA06,45,29,4,2026-02-21T17:01,2026-02-23T03:40,2079.0
20262,V202602-L00675,TA05,12,5,2,2026-02-21T18:34:30,2026-02-21T19:58,83.5
20262,V202602-L00675,TA05,12,5,4,2026-02-21T18:34:30,2026-02-21T19:58,83.5
20262,V202602-L00676,TA04,40,14,1,2026-02-21T19:48,2026-02-21T20:00,12.0
20262,V202602-L00676,TA04,40,14,4,2026-02-21T19:48,2026-02-21T20:00,12.0
20262,V202602-L00679,TA03,16,33,1,2026-02-21T20:26:30,2026-02-23T07:02,2075.5
20262,V202602-L00683,TA01,55,35,2,2026-02-22T02:21,2026-02-22T15:33,792.0
20262,V202602-L00683,TA01,55,35,4,2026-02-22T02:21,2026-02-22T15:33,792.0
20262,V202602-L00683,TA01,55,35,4,2026-02-22T02:21,2026-02-22T15:33,792.0
20262,V202602-L00677,TA01,64,47,4,2026-02-22T03:52:30,2026-02-22T04:12,19.5
20262,V202602-L00677,TA01,64,47,4,2026-02-22T03:52:30,2026-02-22T04:12,19.5
20262,V202602-L00678,TA02,17,19,2,2026-02-22T00:22:30,2026-02-23T05:23,1740.5
20262,V202602-L00678,TA02,17,19,4,2026-02-22T00:22:30,2026-02-23T05:23,1740.5
20262,V202602-L00678,TA02,17,19,4,2026-02-22T00:22:30,2026-02-23T05:23,1740.5
20262,V202602-L00680,TA02,14,17,2,2026-02-22T01:30,2026-02-23T07:58,1828.0
20262,V202602-L00680,TA02,14,17,4,2026-02-22T01:30,2026-02-23T07:58,1828.0
20262,V202602-L00680,TA02,14,17,4,2026-02-22T01:30,2026-02-23T07:58,1828.0
20262,V202602-L00681,TA03,55,9,4,2026-02-22T01:57,2026-02-23T08:31,1834.0
20262,V202602-L00681,TA03,55,9,4,2026-02-22T01:57,2026-02-23T08:31,1834.0
20262,V202602-L00681,TA03,55,9,2,2026-02-22T01:57,2026-02-23T08:31,1834.0
20262,V202602-L00682,TA04,5,2,3,2026-02-22T00:51,2026-02-23T09:15,1944.0
20262,V202602-L00684,TA06,63,34,3,2026-02-22T00:19:30,2026-02-22T10:18,598.5
20262,V202602-L00685,TA05,17,7,3,2026-02-22T01:35:30,2026-02-23T12:10,2074.5
20262,V202602-L00686,TA08,58,3,3,2026-02-22T02:07:30,2026-02-22T12:21,613.5
20262,V202602-L00689,TA02,56,2,4,2026-02-22T04:55:30,2026-02-23T14:16,2000.5
20262,V202602-L00689,TA02,56,2,4,2026-02-22T04:55:30,2026-02-23T14:16,2000.5
20262,V202602-L00691,TA03,38,23,4,2026-02-22T06:34:30,2026-02-22T07:55,80.5
20262,V202602-L00691,TA03,38,23,4,2026-02-22T06:34:30,2026-02-22T07:55,80.5
20262,V202602-L00692,TA04,28,1,2,2026-02-22T05:31,2026-02-22T08:08,157.0
20262,V202602-L00692,TA04,28,1,4,2026-02-22T05:31,2026-02-22T08:08,157.0
20262,V202602-L00693,TA06,47,39,2,2026-02-22T06:23,2026-02-23T16:45,2062.0
20262,V202602-L00687,TA01,63,40,2,2026-02-22T10:37:30,2026-02-23T13:25,1607.5
20262,V202602-L00687,TA01,63,40,4,2026-02-22T10:37:30,2026-02-23T13:25,1607.5
20262,V202602-L00687,TA01,63,40,4,2026-02-22T10:37:30,2026-02-23T13:25,1607.5
20262,V202602-L00694,TA01,32,43,1,2026-02-22T12:28:30,2026-02-23T17:42,1753.5
20262,V202602-L00694,TA01,32,43,4,2026-02-22T12:28:30,2026-02-23T17:42,1753.5
20262,V202602-L00688,TA02,18,40,4,2026-02-22T09:18,2026-02-22T13:33,255.0
20262,V202602-L00688,TA02,18,40,4,2026-02-22T09:18,2026-02-22T13:33,255.0
20262,V202602-L00690,TA02,1,43,1,2026-02-22T10:48,2026-02-23T15:48,1740.0
20262,V202602-L00690,TA02,1,43,4,2026-02-22T10:48,2026-02-23T15:48,1740.0
20262,V202602-L00697,TA03,45,18,4,2026-02-22T08:37:30,2026-02-23T18:34,2036.5
20262,V202602-L00697,TA03,45,18,1,2026-02-22T08:37:30,2026-02-23T18:34,2036.5
20262,V202602-L00697,TA03,45,18,4,2026-02-22T08:37:30,2026-02-23T18:34,2036.5
20262,V202602-L00695,TA03,62,39,1,2026-02-22T10:34:30,2026-02-23T17:57,1882.5
20262,V202602-L00695,TA03,62,39,4,2026-02-22T10:34:30,2026-02-23T17:57,1882.5
20262,V202602-L00698,TA04,28,15,1,2026-02-22T08:03,2026-02-23T18:58,2095.0
20262,V202602-L00696,TA06,44,33,1,2026-02-22T08:28:30,2026-02-22T14:33,364.5
20262,V202602-L00700,TA08,42,41,1,2026-02-22T09:23:30,2026-02-22T11:32,128.5
20262,V202602-L00701,TA05,25,8,4,2026-02-22T09:22,2026-02-23T02:07,1005.0
20262,V202602-L00702,TA04,55,14,2,2026-02-22T10:48,2026-02-22T16:15,327.0
20262,V202602-L00702,TA04,55,14,4,2026-02-22T10:48,2026-02-22T16:15,327.0
20262,V202602-L00704,TA07,9,35,3,2026-02-22T11:48:30,2026-02-23T21:43,2034.5
20262,V202602-L00706,TA05,14,12,3,2026-02-22T13:12:30,2026-02-23T05:41,988.5
20262,V202602-L00703,TA03,62,6,1,2026-02-22T13:39,2026-02-22T17:16,217.0
20262,V202602-L00703,TA03,62,6,4,2026-02-22T13:39,2026-02-22T17:16,217.0
20262,V202602-L00703,TA03,62,6,4,2026-02-22T13:39,2026-02-22T17:16,217.0
20262,V202602-L00699,TA02,62,45,4,2026-02-22T14:37:30,2026-02-22T15:12,34.5
20262,V202602-L00699,TA02,62,45,4,2026-02-22T14:37:30,2026-02-22T15:12,34.5
20262,V202602-L00707,TA10,25,4,3,2026-02-22T13:38,2026-02-22T20:11,393.0
20262,V202602-L00705,TA01,28,44,1,2026-02-22T16:33,2026-02-23T21:59,1766.0
20262,V202602-L00705,TA01,28,44,4,2026-02-22T16:33,2026-02-23T21:59,1766.0
20262,V202602-L00705,TA01,28,44,4,2026-02-22T16:33,2026-02-23T21:59,1766.0
20262,V202602-L00709,TA01,69,48,4,2026-02-22T18:40:30,2026-02-24T01:40,1859.5
20262,V202602-L00709,TA01,69,48,1,2026-02-22T18:40:30,2026-02-24T01:40,1859.5
20262,V202602-L00711,TA07,14,49,4,2026-02-22T16:19:30,2026-02-23T07:57,937.5
20262,V202602-L00708,TA02,62,20,3,2026-02-22T16:30,2026-02-22T17:13,43.0
20262,V202602-L00708,TA02,62,20,4,2026-02-22T16:30,2026-02-22T17:13,43.0
20262,V202602-L00713,TA07,16,39,1,2026-02-22T19:07:30,2026-02-23T05:51,643.5
20262,V202602-L00715,TA02,22,4,2,2026-02-22T21:17,2026-02-24T06:43,2006.0
20262,V202602-L00715,TA02,22,4,4,2026-02-22T21:17,2026-02-24T06:43,2006.0
20262,V202602-L00715,TA02,22,4,4,2026-02-22T21:17,2026-02-24T06:43,2006.0
20262,V202602-L00714,TA03,64,26,3,2026-02-22T20:02,2026-02-22T22:42,160.0
20262,V202602-L00716,TA07,1,30,1,2026-02-22T20:58:30,2026-02-22T23:25,146.5
20262,V202602-L00717,TA01,65,29,2,2026-02-22T21:55,2026-02-23T00:36,161.0
20262,V202602-L00717,TA01,65,29,4,2026-02-22T21:55,2026-02-23T00:36,161.0
20262,V202602-L00719,TA01,7,14,2,2026-02-23T01:34:30,2026-02-23T15:46,851.5
20262,V202602-L00719,TA01,7,14,4,2026-02-23T01:34:30,2026-02-23T15:46,851.5
20262,V202602-L00710,TA01,22,37,2,2026-02-23T03:31:30,2026-02-24T01:54,1342.5
20262,V202602-L00710,TA01,22,37,4,2026-02-23T03:31:30,2026-02-24T01:54,1342.5
20262,V202602-L00718,TA01,1,46,2,2026-02-23T05:16:30,2026-02-24T08:51,1654.5
20262,V202602-L00718,TA01,1,46,4,2026-02-23T05:16:30,2026-02-24T08:51,1654.5
20262,V202602-L00718,TA01,1,46,4,2026-02-23T05:16:30,2026-02-24T08:51,1654.5
20262,V202602-L00712,TA02,68,4,2,2026-02-23T01:16:30,2026-02-24T05:29,1692.5
20262,V202602-L00712,TA02,68,4,4,2026-02-23T01:16:30,2026-02-24T05:29,1692.5
20262,V202602-L00712,TA02,68,4,4,2026-02-23T01:16:30,2026-02-24T05:29,1692.5
20262,V202602-L00720,TA07,16,40,3,2026-02-23T00:09,2026-02-23T10:26,617.0
20262,V202602-L00721,TA03,11,5,2,2026-02-23T02:32,2026-02-23T03:48,76.0
20262,V202602-L00721,TA03,11,5,4,2026-02-23T02:32,2026-02-23T03:48,76.0
20262,V202602-L00721,TA03,11,5,4,2026-02-23T02:32,2026-02-23T03:48,76.0
20262,V202602-L00722,TA05,18,32,4,2026-02-23T02:20:30,2026-02-24T12:33,2052.5
20262,V202602-L00723,TA10,30,48,1,2026-02-23T02:45:30,2026-02-24T12:50,2044.5
20262,V202602-L00724,TA07,26,28,1,2026-02-23T02:56,2026-02-24T13:15,2059.0
20262,V202602-L00726,TA04,11,39,1,2026-02-23T04:07,2026-02-24T13:38,2011.0
20262,V202602-L00727,TA02,35,41,4,2026-02-23T06:04:30,2026-02-23T10:00,235.5
20262,V202602-L00727,TA02,35,41,4,2026-02-23T06:04:30,2026-02-23T10:00,235.5
20262,V202602-L00725,TA03,61,15,4,2026-02-23T06:02,2026-02-23T19:25,803.0
20262,V202602-L00732,TA06,70,18,4,2026-02-23T06:53,2026-02-23T13:11,378.0
20262,V202602-L00734,TA01,7,41,1,2026-02-23T10:09,2026-02-23T13:30,201.0
20262,V202602-L00734,TA01,7,41,4,2026-02-23T10:09,2026-02-23T13:30,201.0
20262,V202602-L00734,TA01,7,41,4,2026-02-23T10:09,2026-02-23T13:30,201.0
20262,V202602-L00731,TA01,13,18,1,2026-02-23T11:52:30,2026-02-24T16:47,1734.5
20262,V202602-L00731,TA01,13,18,4,2026-02-23T11:52:30,2026-02-24T16:47,1734.5
20262,V202602-L00730,TA01,35,18,4,2026-02-23T13:25:30,2026-02-23T21:44,498.5
20262,V202602-L00730,TA01,35,18,4,2026-02-23T13:25:30,2026-02-23T21:44,498.5
20262,V202602-L00725,TA02,61,15,1,2026-02-23T10:03,2026-02-23T19:25,562.0
20262,V202602-L00725,TA02,61,15,4,2026-02-23T10:03,2026-02-23T19:25,562.0
20262,V202602-L00728,TA02,58,1,2,2026-02-23T11:28:30,2026-02-24T15:10,1661.5
20262,V202602-L00728,TA02,58,1,4,2026-02-23T11:28:30,2026-02-24T15:10,1661.5
20262,V202602-L00728,TA02,58,1,4,2026-02-23T11:28:30,2026-02-24T15:10,1661.5
20262,V202602-L00730,TA02,35,18,2,2026-02-23T13:28:30,2026-02-23T21:44,495.5
20262,V202602-L00729,TA03,43,45,2,2026-02-23T08:48,2026-02-24T15:23,1835.0
20262,V202602-L00729,TA03,43,45,4,2026-02-23T08:48,2026-02-24T15:23,1835.0
20262,V202602-L00729,TA03,43,45,4,2026-02-23T08:48,2026-02-24T15:23,1835.0
20262,V202602-L00733,TA04,19,9,3,2026-02-23T09:33,2026-02-23T13:25,232.0
20262,V202602-L00733,TA04,19,9,4,2026-02-23T09:33,2026-02-23T13:25,232.0
20262,V202602-L00735,TA08,53,49,1,2026-02-23T08:39,2026-02-23T13:37,298.0
20262,V202602-L00737,TA07,35,24,3,2026-02-23T08:57,2026-02-23T11:23,146.0
20262,V202602-L00741,TA04,9,14,2,2026-02-23T13:07,2026-02-23T15:40,153.0
20262,V202602-L00742,TA01,19,19,2,2026-02-23T16:19:30,2026-02-23T20:04,224.5
20262,V202602-L00742,TA01,19,19,4,2026-02-23T16:19:30,2026-02-23T20:04,224.5
20262,V202602-L00742,TA01,19,19,4,2026-02-23T16:19:30,2026-02-23T20:04,224.5
20262,V202602-L00740,TA01,31,38,4,2026-02-23T18:06,2026-02-23T23:38,332.0
20262,V202602-L00740,TA01,31,38,1,2026-02-23T18:06,2026-02-23T23:38,332.0
20262,V202602-L00738,TA01,12,45,4,2026-02-23T19:45,2026-02-23T20:50,65.0
20262,V202602-L00738,TA01,12,45,4,2026-02-23T19:45,2026-02-23T20:50,65.0
20262,V202602-L00739,TA02,28,13,3,2026-02-23T16:03,2026-02-24T21:39,1776.0
20262,V202602-L00739,TA02,28,13,4,2026-02-23T16:03,2026-02-24T21:39,1776.0
20262,V202602-L00743,TA02,18,11,2,2026-02-23T17:21,2026-02-25T01:39,1938.0
20262,V202602-L00743,TA02,18,11,4,2026-02-23T17:21,2026-02-25T01:39,1938.0
20262,V202602-L00743,TA02,18,11,4,2026-02-23T17:21,2026-02-25T01:39,1938.0
20262,V202602-L00736,TA02,63,34,2,2026-02-23T20:03,2026-02-24T19:03,1380.0
20262,V202602-L00736,TA02,63,34,4,2026-02-23T20:03,2026-02-24T19:03,1380.0
20262,V202602-L00744,TA03,48,4,4,2026-02-23T17:51,2026-02-25T02:20,1949.0
20262,V202602-L00744,TA03,48,4,2,2026-02-23T17:51,2026-02-25T02:20,1949.0
20262,V202602-L00744,TA03,48,4,4,2026-02-23T17:51,2026-02-25T02:20,1949.0
20262,V202602-L00745,TA05,25,46,1,2026-02-23T16:31:30,2026-02-25T02:41,2049.5
20262,V202602-L00747,TA04,22,4,2,2026-02-23T16:52:30,2026-02-23T23:30,397.5
20262,V202602-L00746,TA06,52,44,2,2026-02-23T17:03,2026-02-24T09:23,980.0
20262,V202602-L00751,TA04,31,4,1,2026-02-23T20:21,2026-02-24T02:52,391.0
20262,V202602-L00748,TA03,47,5,4,2026-02-23T21:33:30,2026-02-24T05:29,475.5
20262,V202602-L00748,TA03,47,5,2,2026-02-23T21:33:30,2026-02-24T05:29,475.5
20262,V202602-L00753,TA01,43,9,4,2026-02-24T01:30,2026-02-24T03:42,132.0
20262,V202602-L00753,TA01,43,9,2,2026-02-24T01:30,2026-02-24T03:42,132.0
20262,V202602-L00753,TA01,43,9,4,2026-02-24T01:30,2026-02-24T03:42,132.0
20262,V202602-L00757,TA01,25,38,1,2026-02-24T03:49:30,2026-02-24T06:05,135.5
20262,V202602-L00757,TA01,25,38,4,2026-02-24T03:49:30,2026-02-24T06:05,135.5
20262,V202602-L00757,TA01,25,38,4,2026-02-24T03:49:30,2026-02-24T06:05,135.5
20262,V202602-L00750,TA01,50,40,1,2026-02-24T05:33,2026-02-24T06:18,45.0
20262,V202602-L00750,TA01,50,40,4,2026-02-24T05:33,2026-02-24T06:18,45.0
20262,V202602-L00755,TA02,28,30,4,2026-02-24T01:30,2026-02-24T15:29,839.0
20262,V202602-L00755,TA02,28,30,1,2026-02-24T01:30,2026-02-24T15:29,839.0
20262,V202602-L00755,TA02,28,30,4,2026-02-24T01:30,2026-02-24T15:29,839.0
20262,V202602-L00752,TA02,9,11,1,2026-02-24T03:27,2026-02-25T07:30,1683.0
20262,V202602-L00752,TA02,9,11,4,2026-02-24T03:27,2026-02-25T07:30,1683.0
20262,V202602-L00754,TA03,7,20,3,2026-02-24T00:39,2026-02-25T09:01,1942.0
20262,V202602-L00754,TA03,7,20,4,2026-02-24T00:39,2026-02-25T09:01,1942.0
20262,V202602-L00749,TA03,52,36,4,2026-02-24T03:10:30,2026-02-25T05:48,1597.5
20262,V202602-L00749,TA03,52,36,3,2026-02-24T03:10:30,2026-02-25T05:48,1597.5
20262,V202602-L00756,TA05,9,29,2,2026-02-24T00:18,2026-02-24T05:54,336.0
20262,V202602-L00758,TA04,47,1,2,2026-02-24T00:59:30,2026-02-24T03:10,130.5
20262,V202602-L00762,TA06,57,13,3,2026-02-24T04:11,2026-02-24T14:43,632.0
20262,V202602-L00765,TA05,3,26,4,2026-02-24T06:11:30,2026-02-24T22:32,980.5
20262,V202602-L00759,TA01,56,31,4,2026-02-24T08:10:30,2026-02-24T09:16,65.5
20262,V202602-L00759,TA01,56,31,2,2026-02-24T08:10:30,2026-02-24T09:16,65.5
20262,V202602-L00759,TA01,56,31,4,2026-02-24T08:10:30,2026-02-24T09:16,65.5
20262,V202602-L00763,TA01,44,6,4,2026-02-24T10:06,2026-02-24T10:46,40.0
20262,V202602-L00763,TA01,44,6,1,2026-02-24T10:06,2026-02-24T10:46,40.0
20262,V202602-L00763,TA01,44,6,4,2026-02-24T10:06,2026-02-24T10:46,40.0
20262,V202602-L00764,TA02,32,4,2,2026-02-24T08:22:30,2026-02-25T15:26,1863.5
20262,V202602-L00764,TA02,32,4,4,2026-02-24T08:22:30,2026-02-25T15:26,1863.5
20262,V202602-L00764,TA02,32,4,4,2026-02-24T08:22:30,2026-02-25T15:26,1863.5
20262,V202602-L00760,TA02,52,42,2,2026-02-24T10:49:30,2026-02-25T13:47,1617.5
20262,V202602-L00760,TA02,52,42,4,2026-02-24T10:49:30,2026-02-25T13:47,1617.5
20262,V202602-L00767,TA03,43,49,3,2026-02-24T10:21,2026-02-25T18:57,1956.0
20262,V202602-L00767,TA03,43,49,4,2026-02-24T10:21,2026-02-25T18:57,1956.0
20262,V202602-L00761,TA04,61,15,3,2026-02-24T08:52:30,2026-02-24T14:13,320.5
20262,V202602-L00761,TA04,61,15,4,2026-02-24T08:52:30,2026-02-24T14:13,320.5
20262,V202602-L00766,TA06,70,30,1,2026-02-24T08:42,2026-02-25T18:42,2040.0
20262,V202602-L00771,TA08,66,9,3,2026-02-24T11:20:30,2026-02-24T17:31,370.5
20262,V202602-L00768,TA04,49,24,4,2026-02-24T13:42:30,2026-02-25T01:03,680.5
20262,V202602-L00768,TA04,49,24,4,2026-02-24T13:42:30,2026-02-25T01:03,680.5
20262,V202602-L00770,TA05,19,47,2,2026-02-24T14:30,2026-02-24T20:46,376.0
20262,V202602-L00770,TA05,19,47,4,2026-02-24T14:30,2026-02-24T20:46,376.0
20262,V202602-L00773,TA01,47,37,1,2026-02-24T13:48,2026-02-24T18:47,299.0
20262,V202602-L00773,TA01,47,37,4,2026-02-24T13:48,2026-02-24T18:47,299.0
20262,V202602-L00773,TA01,47,37,4,2026-02-24T13:48,2026-02-24T18:47,299.0
20262,V202602-L00776,TA03,21,20,4,2026-02-24T14:37:30,2026-02-25T23:27,1969.5
20262,V202602-L00776,TA03,21,20,4,2026-02-24T14:37:30,2026-02-25T23:27,1969.5
20262,V202602-L00777,TA06,44,36,3,2026-02-24T13:43,2026-02-24T16:10,147.0
20262,V202602-L00778,TA07,8,15,4,2026-02-24T14:40,2026-02-26T01:05,2065.0
20262,V202602-L00774,TA01,65,13,1,2026-02-24T18:03,2026-02-24T18:49,46.0
20262,V202602-L00774,TA01,65,13,4,2026-02-24T18:03,2026-02-24T18:49,46.0
20262,V202602-L00774,TA01,65,13,4,2026-02-24T18:03,2026-02-24T18:49,46.0
20262,V202602-L00769,TA01,6,32,2,2026-02-24T21:00,2026-02-25T20:44,1424.0
20262,V202602-L00769,TA01,6,32,4,2026-02-24T21:00,2026-02-25T20:44,1424.0
20262,V202602-L00769,TA01,6,32,4,2026-02-24T21:00,2026-02-25T20:44,1424.0
20262,V202602-L00772,TA02,12,36,4,2026-02-24T18:00,2026-02-25T22:00,1680.0
20262,V202602-L00772,TA02,12,36,4,2026-02-24T18:00,2026-02-25T22:00,1680.0
20262,V202602-L00775,TA02,65,4,2,2026-02-24T21:07:30,2026-02-25T23:21,1573.5
20262,V202602-L00775,TA02,65,4,4,2026-02-24T21:07:30,2026-02-25T23:21,1573.5
20262,V202602-L00779,TA05,13,39,3,2026-02-24T16:03,2026-02-25T02:02,599.0
20262,V202602-L00780,TA03,19,2,2,2026-02-24T17:00,2026-02-24T19:22,142.0
20262,V202602-L00780,TA03,19,2,4,2026-02-24T17:00,2026-02-24T19:22,142.0
20262,V202602-L00780,TA03,19,2,4,2026-02-24T17:00,2026-02-24T19:22,142.0
20262,V202602-L00781,TA03,53,12,1,2026-02-24T19:06,2026-02-24T23:24,258.0
20262,V202602-L00781,TA03,53,12,4,2026-02-24T19:06,2026-02-24T23:24,258.0
20262,V202602-L00784,TA07,12,1,1,2026-02-24T20:32,2026-02-25T02:42,370.0
20262,V202602-L00785,TA04,14,42,1,2026-02-24T22:26,2026-02-24T23:16,50.0
20262,V202602-L00785,TA04,14,42,4,2026-02-24T22:26,2026-02-24T23:16,50.0
20262,V202602-L00786,TA03,54,36,3,2026-02-24T21:52:30,2026-02-25T00:19,146.5
20262,V202602-L00786,TA03,54,36,4,2026-02-24T21:52:30,2026-02-25T00:19,146.5
20262,V202602-L00787,TA05,24,17,4,2026-02-24T22:47:30,2026-02-25T00:31,103.5
20262,V202602-L00787,TA05,24,17,4,2026-02-24T22:47:30,2026-02-25T00:31,103.5
20262,V202602-L00787,TA05,24,17,1,2026-02-24T22:47:30,2026-02-25T00:31,103.5
20262,V202602-L00788,TA06,50,38,1,2026-02-24T22:07,2026-02-25T08:39,632.0
20262,V202602-L00789,TA01,17,41,4,2026-02-25T00:12,2026-02-25T04:56,284.0
20262,V202602-L00789,TA01,17,41,3,2026-02-25T00:12,2026-02-25T04:56,284.0
20262,V202602-L00782,TA01,36,20,4,2026-02-25T02:12,2026-02-26T06:28,1696.0
20262,V202602-L00782,TA01,36,20,4,2026-02-25T02:12,2026-02-26T06:28,1696.0
20262,V202602-L00782,TA01,36,20,1,2026-02-25T02:12,2026-02-26T06:28,1696.0
20262,V202602-L00791,TA02,69,27,2,2026-02-25T00:18,2026-02-25T06:53,395.0
20262,V202602-L00783,TA03,68,48,3,2026-02-25T00:48,2026-02-25T02:38,110.0
20262,V202602-L00783,TA03,68,48,4,2026-02-25T00:48,2026-02-25T02:38,110.0
20262,V202602-L00790,TA04,35,47,4,2026-02-25T00:48,2026-02-25T06:09,321.0
20262,V202602-L00792,TA10,38,42,3,2026-02-25T03:05,2026-02-26T13:16,2051.0
20262,V202602-L00793,TA02,32,47,3,2026-02-25T05:21:30,2026-02-26T13:47,1945.5
20262,V202602-L00793,TA02,32,47,4,2026-02-25T05:21:30,2026-02-26T13:47,1945.5
20262,V202602-L00795,TA03,40,28,1,2026-02-25T04:17,2026-02-25T10:45,388.0
20262,V202602-L00796,TA01,42,34,2,2026-02-25T05:27,2026-02-25T06:58,91.0
20262,V202602-L00796,TA01,42,34,4,2026-02-25T05:27,2026-02-25T06:58,91.0
20262,V202602-L00796,TA01,42,34,4,2026-02-25T05:27,2026-02-25T06:58,91.0
20262,V202602-L00797,TA06,52,21,2,2026-02-25T04:56:30,2026-02-25T11:31,394.5
20262,V202602-L00798,TA04,35,49,3,2026-02-25T05:41,2026-02-25T15:47,606.0
20262,V202602-L00794,TA01,2,40,4,2026-02-25T09:42,2026-02-25T10:17,35.0
20262,V202602-L00794,TA01,2,40,2,2026-02-25T09:42,2026-02-25T10:17,35.0
20262,V202602-L00794,TA01,2,40,4,2026-02-25T09:42,2026-02-25T10:17,35.0
20262,V202602-L00799,TA01,28,36,1,2026-02-25T11:27,2026-02-26T16:20,1733.0
20262,V202602-L00799,TA01,28,36,4,2026-02-25T11:27,2026-02-26T16:20,1733.0
20262,V202602-L00802,TA01,12,17,4,2026-02-25T13:19:30,2026-02-26T18:30,1750.5
20262,V202602-L00802,TA01,12,17,1,2026-02-25T13:19:30,2026-02-26T18:30,1750.5
20262,V202602-L00800,TA02,56,1,3,2026-02-25T10:01:30,2026-02-26T17:30,1888.5
20262,V202602-L00800,TA02,56,1,4,2026-02-25T10:01:30,2026-02-26T17:30,1888.5
20262,V202602-L00801,TA04,23,46,3,2026-02-25T08:28:30,2026-02-25T17:57,568.5
20262,V202602-L00804,TA03,50,14,3,2026-02-25T11:30,2026-02-26T21:57,2067.0
20262,V202602-L00806,TA06,69,19,3,2026-02-25T11:40,2026-02-26T22:09,2069.0
20262,V202602-L00807,TA08,41,23,4,2026-02-25T11:53,2026-02-25T18:12,379.0
20262,V202602-L00809,TA09,51,4,2,2026-02-25T12:43:30,2026-02-25T18:58,374.5
20262,V202602-L00808,TA02,50,37,4,2026-02-25T13:07:30,2026-02-25T14:47,99.5
20262,V202602-L00808,TA02,50,37,4,2026-02-25T13:07:30,2026-02-25T14:47,99.5
20262,V202602-L00808,TA02,50,37,2,2026-02-25T13:07:30,2026-02-25T14:47,99.5
20262,V202602-L00805,TA04,19,13,4,2026-02-25T13:52,2026-02-25T17:58,246.0
20262,V202602-L00805,TA04,19,13,4,2026-02-25T13:52,2026-02-25T17:58,246.0
20262,V202602-L00810,TA03,69,24,1,2026-02-25T13:22:30,2026-02-26T23:32,2049.5
20262,V202602-L00811,TA01,33,43,4,2026-02-25T17:01:30,2026-02-26T06:34,812.5
20262,V202602-L00811,TA01,33,43,4,2026-02-25T17:01:30,2026-02-26T06:34,812.5
20262,V202602-L00811,TA01,33,43,2,2026-02-25T17:01:30,2026-02-26T06:34,812.5
20262,V202602-L00813,TA01,18,20,2,2026-02-25T18:58:30,2026-02-26T07:00,721.5
20262,V202602-L00813,TA01,18,20,4,2026-02-25T18:58:30,2026-02-26T07:00,721.5
20262,V202602-L00803,TA02,58,12,4,2026-02-25T17:54,2026-02-26T19:30,1536.0
20262,V202602-L00803,TA02,58,12,4,2026-02-25T17:54,2026-02-26T19:30,1536.0
20262,V202602-L00803,TA02,58,12,1,2026-02-25T17:54,2026-02-26T19:30,1536.0
20262,V202602-L00816,TA02,5,13,4,2026-02-25T20:15,2026-02-27T02:34,1819.0
20262,V202602-L00816,TA02,5,13,2,2026-02-25T20:15,2026-02-27T02:34,1819.0
20262,V202602-L00812,TA03,43,25,4,2026-02-25T17:45,2026-02-25T20:35,170.0
20262,V202602-L00812,TA03,43,25,1,2026-02-25T17:45,2026-02-25T20:35,170.0
20262,V202602-L00815,TA04,28,1,4,2026-02-25T16:21,2026-02-25T18:17,116.0
20262,V202602-L00814,TA05,23,11,3,2026-02-25T16:10:30,2026-02-25T18:04,113.5
20262,V202602-L00818,TA06,66,46,1,2026-02-25T18:42,2026-02-27T05:00,2058.0
20262,V202602-L00821,TA07,16,15,1,2026-02-25T18:38,2026-02-25T21:18,160.0
20262,V202602-L00819,TA04,11,3,2,2026-02-25T19:52:30,2026-02-25T21:08,75.5
20262,V202602-L00819,TA04,11,3,4,2026-02-25T19:52:30,2026-02-25T21:08,75.5
20262,V202602-L00823,TA05,11,15,3,2026-02-25T19:35:30,2026-02-26T12:09,993.5
20262,V202602-L00820,TA03,11,10,3,2026-02-25T22:34:30,2026-02-27T05:08,1833.5
20262,V202602-L00820,TA03,11,10,4,2026-02-25T22:34:30,2026-02-27T05:08,1833.5
20262,V202602-L00822,TA01,43,31,2,2026-02-25T22:10:30,2026-02-26T05:45,454.5
20262,V202602-L00822,TA01,43,31,4,2026-02-25T22:10:30,2026-02-26T05:45,454.5
20262,V202602-L00822,TA01,43,31,4,2026-02-25T22:10:30,2026-02-26T05:45,454.5
20262,V202602-L00826,TA01,47,9,2,2026-02-26T01:42,2026-02-26T16:01,859.0
20262,V202602-L00826,TA01,47,9,4,2026-02-26T01:42,2026-02-26T16:01,859.0
20262,V202602-L00826,TA01,47,9,4,2026-02-26T01:42,2026-02-26T16:01,859.0
20262,V202602-L00827,TA01,38,3,4,2026-02-26T03:04:30,2026-02-27T10:59,1914.5
20262,V202602-L00827,TA01,38,3,3,2026-02-26T03:04:30,2026-02-27T10:59,1914.5
20262,V202602-L00817,TA01,4,11,4,2026-02-26T05:07:30,2026-02-26T09:43,275.5
20262,V202602-L00817,TA01,4,11,3,2026-02-26T05:07:30,2026-02-26T09:43,275.5
20262,V202602-L00824,TA02,37,26,1,2026-02-26T00:33,2026-02-27T06:49,1816.0
20262,V202602-L00824,TA02,37,26,4,2026-02-26T00:33,2026-02-27T06:49,1816.0
20262,V202602-L00824,TA02,37,26,4,2026-02-26T00:33,2026-02-27T06:49,1816.0
20262,V202602-L00825,TA02,1,7,1,2026-02-26T02:55:30,2026-02-27T08:34,1778.5
20262,V202602-L00825,TA02,1,7,4,2026-02-26T02:55:30,2026-02-27T08:34,1778.5
20262,V202602-L00829,TA03,70,8,4,2026-02-26T02:13:30,2026-02-26T08:00,346.5
20262,V202602-L00829,TA03,70,8,4,2026-02-26T02:13:30,2026-02-26T08:00,346.5
20262,V202602-L00831,TA10,0,36,2,2026-02-26T02:11,2026-02-26T04:45,154.0
20262,V202602-L00833,TA04,24,45,4,2026-02-26T05:01,2026-02-26T07:04,123.0
20262,V202602-L00833,TA04,24,45,4,2026-02-26T05:01,2026-02-26T07:04,123.0
20262,V202602-L00833,TA04,24,45,1,2026-02-26T05:01,2026-02-26T07:04,123.0
20262,V202602-L00834,TA05,0,12,1,2026-02-26T05:33:30,2026-02-26T07:42,128.5
20262,V202602-L00835,TA07,40,21,1,2026-02-26T05:20,2026-02-26T07:47,147.0
20262,V202602-L00836,TA10,2,3,4,2026-02-26T06:17:30,2026-02-27T16:08,2030.5
20262,V202602-L00837,TA03,63,21,3,2026-02-26T05:48,2026-02-27T16:19,2071.0
20262,V202602-L00837,TA03,63,21,4,2026-02-26T05:48,2026-02-27T16:19,2071.0
20262,V202602-L00838,TA06,55,21,4,2026-02-26T05:42,2026-02-26T16:28,646.0
20262,V202602-L00828,TA02,8,27,4,2026-02-26T06:33,2026-02-26T11:56,323.0
20262,V202602-L00828,TA02,8,27,4,2026-02-26T06:33,2026-02-26T11:56,323.0
20262,V202602-L00841,TA01,2,22,1,2026-02-26T08:49:30,2026-02-26T10:32,102.5
20262,V202602-L00841,TA01,2,22,4,2026-02-26T08:49:30,2026-02-26T10:32,102.5
20262,V202602-L00841,TA01,2,22,4,2026-02-26T08:49:30,2026-02-26T10:32,102.5
20262,V202602-L00839,TA01,22,27,1,2026-02-26T10:27,2026-02-26T16:29,362.0
20262,V202602-L00839,TA01,22,27,4,2026-02-26T10:27,2026-02-26T16:29,362.0
20262,V202602-L00839,TA01,22,27,4,2026-02-26T10:27,2026-02-26T16:29,362.0
20262,V202602-L00840,TA01,31,24,1,2026-02-26T11:45,2026-02-26T18:05,380.0
20262,V202602-L00840,TA01,31,24,4,2026-02-26T11:45,2026-02-26T18:05,380.0
20262,V202602-L00830,TA02,60,26,2,2026-02-26T10:12,2026-02-27T12:13,1561.0
20262,V202602-L00830,TA02,60,26,4,2026-02-26T10:12,2026-02-27T12:13,1561.0
20262,V202602-L00832,TA02,67,37,4,2026-02-26T11:39,2026-02-27T14:39,1620.0
20262,V202602-L00832,TA02,67,37,4,2026-02-26T11:39,2026-02-27T14:39,1620.0
20262,V202602-L00840,TA03,31,24,4,2026-02-26T09:28:30,2026-02-26T18:05,516.5
20262,V202602-L00842,TA04,0,20,3,2026-02-26T08:45,2026-02-27T18:49,2044.0
20262,V202602-L00843,TA05,29,15,1,2026-02-26T08:14:30,2026-02-27T01:03,1008.5
20262,V202602-L00845,TA07,24,46,4,2026-02-26T10:12:30,2026-02-27T20:11,2038.5
20262,V202602-L00848,TA03,17,3,3,2026-02-26T12:21,2026-02-26T17:59,338.0
20262,V202602-L00848,TA03,17,3,4,2026-02-26T12:21,2026-02-26T17:59,338.0
20262,V202602-L00846,TA01,18,11,2,2026-02-26T14:24,2026-02-27T20:20,1796.0
20262,V202602-L00846,TA01,18,11,4,2026-02-26T14:24,2026-02-27T20:20,1796.0
20262,V202602-L00847,TA01,21,34,4,2026-02-26T16:39,2026-02-27T20:24,1665.0
20262,V202602-L00847,TA01,21,34,4,2026-02-26T16:39,2026-02-27T20:24,1665.0
20262,V202602-L00849,TA01,29,45,1,2026-02-26T18:07:30,2026-02-26T22:58,290.5
20262,V202602-L00849,TA01,29,45,4,2026-02-26T18:07:30,2026-02-26T22:58,290.5
20262,V202602-L00851,TA01,3,3,4,2026-02-26T20:49:30,2026-02-28T00:48,1678.5
20262,V202602-L00851,TA01,3,3,1,2026-02-26T20:49:30,2026-02-28T00:48,1678.5
20262,V202602-L00854,TA02,45,1,4,2026-02-26T17:51,2026-02-27T08:29,878.0
20262,V202602-L00854,TA02,45,1,4,2026-02-26T17:51,2026-02-27T08:29,878.0
20262,V202602-L00844,TA04,49,50,4,2026-02-26T17:13:30,2026-02-26T19:44,150.5
20262,V202602-L00844,TA04,49,50,4,2026-02-26T17:13:30,2026-02-26T19:44,150.5
20262,V202602-L00853,TA05,31,30,3,2026-02-26T17:15:30,2026-02-26T17:58,42.5
20262,V202602-L00855,TA06,70,49,3,2026-02-26T18:22:30,2026-02-28T04:24,2041.5
20262,V202602-L00852,TA03,17,14,3,2026-02-26T20:35,2026-02-26T21:26,51.0
20262,V202602-L00852,TA03,17,14,4,2026-02-26T20:35,2026-02-26T21:26,51.0
20262,V202602-L00857,TA02,16,10,4,2026-02-26T21:00,2026-02-26T23:12,132.0
20262,V202602-L00857,TA02,16,10,4,2026-02-26T21:00,2026-02-26T23:12,132.0
20262,V202602-L00857,TA02,16,10,1,2026-02-26T21:00,2026-02-26T23:12,132.0
20262,V202602-L00859,TA07,24,45,2,2026-02-26T21:28:30,2026-02-28T07:53,2064.5
20262,V202602-L00861,TA05,23,12,3,2026-02-26T21:29,2026-02-27T04:20,411.0
20262,V202602-L00862,TA03,4,20,4,2026-02-26T22:53:30,2026-02-27T15:05,971.5
20262,V202602-L00862,TA03,4,20,3,2026-02-26T22:53:30,2026-02-27T15:05,971.5
20262,V202602-L00863,TA04,70,43,1,2026-02-26T22:53:30,2026-02-28T09:09,2055.5
20262,V202602-L00860,TA02,27,27,4,2026-02-26T22:42,2026-02-28T08:11,2009.0
20262,V202602-L00860,TA02,27,27,4,2026-02-26T22:42,2026-02-28T08:11,2009.0
20262,V202602-L00856,TA01,41,38,4,2026-02-27T00:57,2026-02-28T06:09,1752.0
20262,V202602-L00856,TA01,41,38,4,2026-02-27T00:57,2026-02-28T06:09,1752.0
20262,V202602-L00856,TA01,41,38,2,2026-02-27T00:57,2026-02-28T06:09,1752.0
20262,V202602-L00858,TA01,32,39,4,2026-02-27T02:12,2026-02-27T13:29,677.0
20262,V202602-L00858,TA01,32,39,3,2026-02-27T02:12,2026-02-27T13:29,677.0
20262,V202602-L00850,TA01,20,7,2,2026-02-27T04:18,2026-02-28T00:08,1190.0
20262,V202602-L00850,TA01,20,7,4,2026-02-27T04:18,2026-02-28T00:08,1190.0
20262,V202602-L00866,TA02,52,14,4,2026-02-27T00:39,2026-02-28T10:18,2019.0
20262,V202602-L00866,TA02,52,14,1,2026-02-27T00:39,2026-02-28T10:18,2019.0
20262,V202602-L00866,TA02,52,14,4,2026-02-27T00:39,2026-02-28T10:18,2019.0
20262,V202602-L00864,TA02,62,7,3,2026-02-27T02:04:30,2026-02-28T09:19,1874.5
20262,V202602-L00864,TA02,62,7,4,2026-02-27T02:04:30,2026-02-28T09:19,1874.5
20262,V202602-L00865,TA06,36,28,2,2026-02-27T00:33,2026-02-27T02:00,87.0
20262,V202602-L00867,TA08,47,33,3,2026-02-27T00:24,2026-02-27T16:54,990.0
20262,V202602-L00868,TA04,52,34,1,2026-02-27T01:28,2026-02-27T18:07,999.0
20262,V202602-L00870,TA03,25,3,1,2026-02-27T04:51,2026-02-27T05:54,63.0
20262,V202602-L00870,TA03,25,3,4,2026-02-27T04:51,2026-02-27T05:54,63.0
20262,V202602-L00870,TA03,25,3,4,2026-02-27T04:51,2026-02-27T05:54,63.0
20262,V202602-L00871,TA06,70,37,3,2026-02-27T03:54:30,2026-02-27T06:19,144.5
20262,V202602-L00872,TA04,69,8,2,2026-02-27T04:36:30,2026-02-27T20:41,964.5
20262,V202602-L00873,TA02,41,42,4,2026-02-27T06:52:30,2026-02-27T06:53,0.5
20262,V202602-L00873,TA02,41,42,4,2026-02-27T06:52:30,2026-02-27T06:53,0.5
20262,V202602-L00875,TA07,12,30,2,2026-02-27T04:52,2026-02-27T11:33,401.0
20262,V202602-L00876,TA05,52,30,2,2026-02-27T05:51:30,2026-02-27T07:46,114.5
20262,V202602-L00876,TA05,52,30,4,2026-02-27T05:51:30,2026-02-27T07:46,114.5
20262,V202602-L00874,TA04,49,25,4,2026-02-27T06:38,2026-02-27T07:26,48.0
20262,V202602-L00874,TA04,49,25,2,2026-02-27T06:38,2026-02-27T07:26,48.0
20262,V202602-L00881,TA06,57,23,1,2026-02-27T06:36,2026-02-28T17:25,2089.0
20262,V202602-L00877,TA01,19,4,4,2026-02-27T08:27,2026-02-27T22:21,834.0
20262,V202602-L00877,TA01,19,4,1,2026-02-27T08:27,2026-02-27T22:21,834.0
20262,V202602-L00879,TA01,29,17,4,2026-02-27T10:07:30,2026-02-28T16:48,1840.5
20262,V202602-L00879,TA01,29,17,4,2026-02-27T10:07:30,2026-02-28T16:48,1840.5
20262,V202602-L00878,TA01,38,37,4,2026-02-27T11:51,2026-02-28T16:40,1729.0
20262,V202602-L00878,TA01,38,37,2,2026-02-27T11:51,2026-02-28T16:40,1729.0
20262,V202602-L00878,TA01,38,37,4,2026-02-27T11:51,2026-02-28T16:40,1729.0
20262,V202602-L00882,TA03,13,43,4,2026-02-27T09:04:30,2026-02-28T17:44,1959.5
20262,V202602-L00882,TA03,13,43,1,2026-02-27T09:04:30,2026-02-28T17:44,1959.5
20262,V202602-L00869,TA04,17,42,3,2026-02-27T09:22:30,2026-02-27T09:37,14.5
20262,V202602-L00869,TA04,17,42,4,2026-02-27T09:22:30,2026-02-27T09:37,14.5
20262,V202602-L00883,TA10,20,24,1,2026-02-27T08:25:30,2026-02-27T23:45,919.5
20262,V202602-L00886,TA05,57,33,3,2026-02-27T08:29,2026-02-28T19:19,2090.0
20262,V202602-L00885,TA02,33,28,4,2026-02-27T10:13:30,2026-02-27T19:13,539.5
20262,V202602-L00885,TA02,33,28,4,2026-02-27T10:13:30,2026-02-27T19:13,539.5
20262,V202602-L00880,TA02,46,8,2,2026-02-27T12:03,2026-02-28T17:18,1755.0
20262,V202602-L00887,TA03,10,3,4,2026-02-27T12:54,2026-02-27T13:12,18.0
20262,V202602-L00887,TA03,10,3,4,2026-02-27T12:54,2026-02-27T13:12,18.0
20262,V202602-L00889,TA10,20,18,3,2026-02-27T12:26:30,2026-02-27T19:05,398.5
20262,V202602-L00892,TA10,20,10,3,2026-02-27T14:26:30,2026-02-27T21:04,397.5
20262,V202602-L00893,TA05,56,37,4,2026-02-27T14:46:30,2026-03-01T01:23,2076.5
20262,V202602-L00884,TA01,46,7,4,2026-02-27T17:52:30,2026-02-28T00:35,402.5
20262,V202602-L00884,TA01,46,7,3,2026-02-27T17:52:30,2026-02-28T00:35,402.5
20262,V202602-L00880,TA01,46,8,4,2026-02-27T18:54,2026-02-28T17:18,1344.0
20262,V202602-L00880,TA01,46,8,4,2026-02-27T18:54,2026-02-28T17:18,1344.0
20262,V202602-L00888,TA01,20,35,1,2026-02-27T21:13:30,2026-02-28T04:39,445.5
20262,V202602-L00888,TA01,20,35,4,2026-02-27T21:13:30,2026-02-28T04:39,445.5
20262,V202602-L00890,TA02,0,6,3,2026-02-27T16:52:30,2026-03-01T00:39,1906.5
20262,V202602-L00890,TA02,0,6,4,2026-02-27T16:52:30,2026-03-01T00:39,1906.5
20262,V202602-L00891,TA02,5,26,4,2026-02-27T18:30,2026-02-28T06:41,731.0
20262,V202602-L00891,TA02,5,26,4,2026-02-27T18:30,2026-02-28T06:41,731.0
20262,V202602-L00896,TA03,28,23,4,2026-02-27T16:15,2026-02-28T08:50,995.0
20262,V202602-L00895,TA04,27,50,4,2026-02-27T16:40:30,2026-03-01T02:47,2046.5
20262,V202602-L00894,TA06,66,21,3,2026-02-27T16:22:30,2026-03-01T01:57,2014.5
20262,V202602-L00898,TA05,41,44,1,2026-02-27T18:29:30,2026-02-27T20:37,127.5
20262,V202602-L00900,TA10,0,14,2,2026-02-27T18:40:30,2026-02-28T10:56,975.5
20262,V202602-L00899,TM01,31,5,2,2026-02-27T18:31:12,2026-03-01T04:53,2061.8
20262,V202602-L00897,TA03,60,14,2,2026-02-27T19:19:30,2026-02-27T20:02,42.5
20262,V202602-L00897,TA03,60,14,4,2026-02-27T19:19:30,2026-02-27T20:02,42.5
20262,V202602-L00897,TA03,60,14,4,2026-02-27T19:19:30,2026-02-27T20:02,42.5
20262,V202602-L00902,TM02,27,6,3,2026-02-27T18:59:12,2026-03-01T05:36,2076.8
20262,V202602-L00904,TA06,65,18,2,2026-02-27T19:15:30,2026-03-01T05:48,2072.5
20262,V202602-L00905,TA04,30,42,1,2026-02-27T20:03,2026-03-01T06:25,2062.0
20262,V202602-L00907,TA07,0,12,4,2026-02-27T20:57,2026-02-28T13:00,963.0
20262,V202602-L00901,TA03,20,50,2,2026-02-27T22:52:30,2026-03-01T05:19,1826.5
20262,V202602-L00908,TA02,18,22,2,2026-02-27T22:22:30,2026-02-27T23:21,58.5
20262,V202602-L00908,TA02,18,22,4,2026-02-27T22:22:30,2026-02-27T23:21,58.5
20262,V202602-L00910,TA05,56,42,4,2026-02-27T21:54,2026-02-28T08:23,629.0
20262,V202602-L00903,TA01,48,48,4,2026-02-28T01:09,2026-02-28T01:43,34.0
20262,V202602-L00903,TA01,48,48,2,2026-02-28T01:09,2026-02-28T01:43,34.0
20262,V202602-L00903,TA01,48,48,4,2026-02-28T01:09,2026-02-28T01:43,34.0
20262,V202602-L00901,TA01,20,50,4,2026-02-28T02:54,2026-03-01T05:19,1585.0
20262,V202602-L00901,TA01,20,50,4,2026-02-28T02:54,2026-03-01T05:19,1585.0
20262,V202602-L00906,TA01,29,32,1,2026-02-28T04:34:30,2026-02-28T06:51,136.5
20262,V202602-L00906,TA01,29,32,4,2026-02-28T04:34:30,2026-02-28T06:51,136.5
20262,V202602-L00909,TA02,9,17,4,2026-02-28T00:31:30,2026-03-01T07:43,1871.5
20262,V202602-L00909,TA02,9,17,4,2026-02-28T00:31:30,2026-03-01T07:43,1871.5
20262,V202602-L00909,TA02,9,17,1,2026-02-28T00:31:30,2026-03-01T07:43,1871.5
20262,V202602-L00911,TA04,4,34,1,2026-02-28T00:38,2026-03-01T11:18,2080.0
20262,V202602-L00913,TA05,47,16,2,2026-02-28T01:11:30,2026-02-28T03:40,148.5
20262,V202602-L00914,TA03,26,33,2,2026-02-28T01:48:30,2026-03-01T12:12,2063.5
20262,V202602-L00915,TA07,24,49,1,2026-02-28T02:47,2026-03-01T12:41,2034.0
20262,V202602-L00912,TA02,13,4,2,2026-02-28T03:39,2026-02-28T07:39,240.0
20262,V202602-L00912,TA02,13,4,4,2026-02-28T03:39,2026-02-28T07:39,240.0
20262,V202602-L00912,TA02,13,4,4,2026-02-28T03:39,2026-02-28T07:39,240.0
20262,V202602-L00916,TA10,25,21,3,2026-02-28T03:13:30,2026-03-01T13:58,2084.5
20262,V202602-L00919,TA03,8,46,4,2026-02-28T06:28,2026-02-28T17:05,637.0
20262,V202602-L00917,TA01,5,28,3,2026-02-28T08:54,2026-02-28T11:48,174.0
20262,V202602-L00917,TA01,5,28,4,2026-02-28T08:54,2026-02-28T11:48,174.0
20262,V202602-L00918,TA01,61,20,2,2026-02-28T11:30,2026-02-28T12:40,70.0
20262,V202602-L00918,TA01,61,20,4,2026-02-28T11:30,2026-02-28T12:40,70.0
20262,V202602-L00920,TA05,65,5,1,2026-02-28T08:45,2026-02-28T13:37,292.0
20262,V202602-L00921,TA02,60,40,4,2026-02-28T09:58:30,2026-02-28T19:01,542.5
20262,V202602-L00921,TA02,60,40,2,2026-02-28T09:58:30,2026-02-28T19:01,542.5
20262,V202602-L00923,TA03,18,50,2,2026-02-28T11:39,2026-03-01T01:45,846.0
20262,V202602-L00923,TA03,18,50,4,2026-02-28T11:39,2026-03-01T01:45,846.0
20262,V202602-L00923,TA03,18,50,4,2026-02-28T11:39,2026-03-01T01:45,846.0
20262,V202602-L00925,TA06,50,7,2,2026-02-28T10:10:30,2026-03-01T20:22,2051.5
20262,V202602-L00930,TA04,25,22,3,2026-02-28T12:03:30,2026-02-28T13:47,103.5
20262,V202602-L00930,TA04,25,22,4,2026-02-28T12:03:30,2026-02-28T13:47,103.5
20262,V202602-L00932,TA08,43,45,1,2026-02-28T11:58,2026-02-28T18:09,371.0
20262,V202602-L00931,TA05,1,39,4,2026-02-28T13:51,2026-03-01T22:05,1934.0
20262,V202602-L00931,TA05,1,39,4,2026-02-28T13:51,2026-03-01T22:05,1934.0
20262,V202602-L00931,TA05,1,39,1,2026-02-28T13:51,2026-03-01T22:05,1934.0
20262,V202602-L00934,TA09,50,12,2,2026-02-28T12:23,2026-03-01T22:46,2063.0
20262,V202602-L00929,TA02,69,45,4,2026-02-28T13:07:30,2026-02-28T13:38,30.5
20262,V202602-L00929,TA02,69,45,4,2026-02-28T13:07:30,2026-02-28T13:38,30.5
20262,V202602-L00929,TA02,69,45,1,2026-02-28T13:07:30,2026-02-28T13:38,30.5
20262,V202602-L00936,TA06,60,31,1,2026-02-28T13:01:30,2026-03-01T23:25,2063.5
20262,V202602-L00933,TA04,10,24,4,2026-02-28T13:59,2026-02-28T14:28,29.0
20262,V202602-L00933,TA04,10,24,3,2026-02-28T13:59,2026-02-28T14:28,29.0
20262,V202602-L00937,TA07,6,47,4,2026-02-28T14:12:30,2026-03-02T00:43,2070.5
20262,V202602-L00939,TA01,62,31,3,2026-02-28T14:33:30,2026-02-28T21:12,398.5
20262,V202602-L00926,TA01,25,32,1,2026-02-28T17:34:30,2026-03-01T02:25,530.5
20262,V202602-L00926,TA01,25,32,4,2026-02-28T17:34:30,2026-03-01T02:25,530.5
20262,V202602-L00926,TA01,25,32,4,2026-02-28T17:34:30,2026-03-01T02:25,530.5
20262,V202602-L00922,TA01,22,24,2,2026-02-28T18:51,2026-03-01T19:29,1478.0
20262,V202602-L00922,TA01,22,24,4,2026-02-28T18:51,2026-03-01T19:29,1478.0
20262,V202602-L00928,TA01,47,25,3,2026-02-28T20:30,2026-03-01T02:45,375.0
20262,V202602-L00928,TA01,47,25,4,2026-02-28T20:30,2026-03-01T02:45,375.0
20262,V202602-L00935,TA02,10,3,4,2026-02-28T17:46:30,2026-03-01T23:06,1759.5
20262,V202602-L00935,TA02,10,3,2,2026-02-28T17:46:30,2026-03-01T23:06,1759.5
20262,V202602-L00938,TA02,47,20,4,2026-02-28T20:07:30,2026-03-02T00:59,1731.5
20262,V202602-L00938,TA02,47,20,1,2026-02-28T20:07:30,2026-03-02T00:59,1731.5
20262,V202602-L00938,TA02,47,20,4,2026-02-28T20:07:30,2026-03-02T00:59,1731.5
20262,V202602-L00940,TA03,65,29,2,2026-02-28T18:18,2026-03-02T02:25,1927.0
20262,V202602-L00940,TA03,65,29,4,2026-02-28T18:18,2026-03-02T02:25,1927.0
20262,V202602-L00940,TA03,65,29,4,2026-02-28T18:18,2026-03-02T02:25,1927.0
20262,V202602-L00924,TA03,51,17,4,2026-02-28T19:57,2026-03-01T19:54,1437.0
20262,V202602-L00924,TA03,51,17,4,2026-02-28T19:57,2026-03-01T19:54,1437.0
20262,V202602-L00927,TA04,54,7,1,2026-02-28T17:49:30,2026-03-01T20:43,1613.5
20262,V202602-L00927,TA04,54,7,4,2026-02-28T17:49:30,2026-03-01T20:43,1613.5
20262,V202602-L00941,TA06,50,6,1,2026-02-28T16:42,2026-03-02T02:44,2042.0
20262,V202602-L00942,TA05,5,32,2,2026-02-28T16:59:30,2026-02-28T19:31,151.5
20262,V202602-L00945,TA07,27,43,3,2026-02-28T18:30,2026-03-01T00:56,386.0
20262,V202602-L00946,TA10,19,5,3,2026-02-28T19:05:30,2026-03-02T05:34,2068.5
20262,V202602-L00944,TA04,35,13,3,2026-02-28T22:38,2026-03-01T10:29,711.0
20262,V202602-L00951,TA10,28,21,4,2026-02-28T21:32,2026-03-01T08:15,643.0
20262,V202602-L00944,TM01,35,13,4,2026-02-28T21:51:36,2026-03-01T10:29,757.4
20262,V202602-L00949,TA01,22,36,1,2026-03-01T01:45,2026-03-02T08:06,1821.0
20262,V202602-L00949,TA01,22,36,4,2026-03-01T01:45,2026-03-02T08:06,1821.0
20262,V202602-L00949,TA01,22,36,4,2026-03-01T01:45,2026-03-02T08:06,1821.0
20262,V202602-L00950,TA01,4,43,3,2026-03-01T03:22:30,2026-03-01T08:11,288.5
20262,V202602-L00950,TA01,4,43,4,2026-03-01T03:22:30,2026-03-01T08:11,288.5
20262,V202602-L00947,TA02,3,6,4,2026-03-01T01:52:30,2026-03-02T05:55,1682.5
20262,V202602-L00947,TA02,3,6,2,2026-03-01T01:52:30,2026-03-02T05:55,1682.5
20262,V202602-L00947,TA02,3,6,4,2026-03-01T01:52:30,2026-03-02T05:55,1682.5
20262,V202602-L00948,TA02,28,1,4,2026-03-01T03:37:30,2026-03-02T07:38,1680.5
20262,V202602-L00948,TA02,28,1,1,2026-03-01T03:37:30,2026-03-02T07:38,1680.5
20262,V202602-L00948,TA02,28,1,4,2026-03-01T03:37:30,2026-03-02T07:38,1680.5
20262,V202602-L00943,TA03,63,49,3,2026-03-01T02:51,2026-03-01T03:45,54.0
20262,V202602-L00943,TA03,63,49,4,2026-03-01T02:51,2026-03-01T03:45,54.0
20262,V202602-L00953,TA04,37,6,2,2026-03-01T00:27,2026-03-01T06:40,373.0
20262,V202602-L00952,TA06,60,3,1,2026-03-01T00:40:30,2026-03-01T09:30,529.5
20262,V202603-L00004,TA05,29,48,3,2026-03-01T05:50:30,2026-03-01T16:03,612.5
20262,V202603-L00005,TA06,40,42,3,2026-03-01T05:58,2026-03-01T22:06,968.0
20262,V202603-L00007,TA02,16,4,2,2026-03-01T06:30,2026-03-01T22:49,979.0
20262,V202603-L00007,TA02,16,4,4,2026-03-01T06:30,2026-03-01T22:49,979.0
20262,V202603-L00001,TA01,15,24,4,2026-03-01T09:31:30,2026-03-01T18:59,567.5
20262,V202603-L00001,TA01,15,24,1,2026-03-01T09:31:30,2026-03-01T18:59,567.5
20262,V202603-L00001,TA01,15,24,4,2026-03-01T09:31:30,2026-03-01T18:59,567.5
20262,V202603-L00008,TA01,18,31,1,2026-03-01T10:46:30,2026-03-01T23:29,762.5
20262,V202603-L00008,TA01,18,31,4,2026-03-01T10:46:30,2026-03-01T23:29,762.5
20262,V202603-L00008,TA01,18,31,4,2026-03-01T10:46:30,2026-03-01T23:29,762.5
20262,V202603-L00006,TA01,12,48,2,2026-03-01T12:21,2026-03-01T12:26,5.0
20262,V202603-L00006,TA01,12,48,4,2026-03-01T12:21,2026-03-01T12:26,5.0
20262,V202603-L00009,TA02,17,3,3,2026-03-01T08:33,2026-03-02T18:26,2033.0
20262,V202603-L00009,TA02,17,3,4,2026-03-01T08:33,2026-03-02T18:26,2033.0
20262,V202603-L00003,TA02,70,17,3,2026-03-01T11:13:30,2026-03-02T15:57,1723.5
20262,V202603-L00003,TA02,70,17,4,2026-03-01T11:13:30,2026-03-02T15:57,1723.5
20262,V202603-L00002,TA03,29,50,3,2026-03-01T10:01:30,2026-03-02T14:01,1679.5
20262,V202603-L00002,TA03,29,50,4,2026-03-01T10:01:30,2026-03-02T14:01,1679.5
20262,V202603-L00006,TA04,12,48,4,2026-03-01T09:13:30,2026-03-01T12:26,192.5
20262,V202603-L00010,TA05,13,44,2,2026-03-01T08:10:30,2026-03-02T00:46,995.5
20262,V202603-L00012,TA03,37,33,1,2026-03-01T13:30,2026-03-01T13:49,19.0
20262,V202603-L00012,TA03,37,33,4,2026-03-01T13:30,2026-03-01T13:49,19.0
20262,V202603-L00013,TA04,37,12,2,2026-03-01T13:56:30,2026-03-01T15:37,100.5
20262,V202603-L00013,TA04,37,12,4,2026-03-01T13:56:30,2026-03-01T15:37,100.5
20262,V202603-L00014,TA05,38,10,2,2026-03-01T14:31,2026-03-01T16:10,99.0
20262,V202603-L00014,TA05,38,10,4,2026-03-01T14:31,2026-03-01T16:10,99.0
20262,V202603-L00017,TA01,47,46,1,2026-03-01T17:04:30,2026-03-01T18:08,63.5
20262,V202603-L00017,TA01,47,46,4,2026-03-01T17:04:30,2026-03-01T18:08,63.5
20262,V202603-L00017,TA01,47,46,4,2026-03-01T17:04:30,2026-03-01T18:08,63.5
20262,V202603-L00018,TA01,32,21,4,2026-03-01T19:04:30,2026-03-02T02:34,449.5
20262,V202603-L00018,TA01,32,21,4,2026-03-01T19:04:30,2026-03-02T02:34,449.5
20262,V202603-L00016,TA01,7,18,4,2026-03-01T20:55:30,2026-03-02T01:43,287.5
20262,V202603-L00016,TA01,7,18,3,2026-03-01T20:55:30,2026-03-02T01:43,287.5
20262,V202603-L00015,TA02,47,13,2,2026-03-01T17:51,2026-03-03T01:03,1872.0
20262,V202603-L00015,TA02,47,13,4,2026-03-01T17:51,2026-03-03T01:03,1872.0
20262,V202603-L00015,TA02,47,13,4,2026-03-01T17:51,2026-03-03T01:03,1872.0
20262,V202603-L00011,TA02,50,23,4,2026-03-01T19:10:30,2026-03-02T19:19,1448.5
20262,V202603-L00011,TA02,50,23,2,2026-03-01T19:10:30,2026-03-02T19:19,1448.5
20262,V202603-L00019,TA06,0,30,3,2026-03-01T16:30,2026-03-02T08:35,965.0
20262,V202603-L00021,TA03,8,32,1,2026-03-01T19:00,2026-03-01T23:51,291.0
20262,V202603-L00021,TA03,8,32,4,2026-03-01T19:00,2026-03-01T23:51,291.0
20262,V202603-L00023,TA04,35,33,1,2026-03-01T18:10:30,2026-03-02T04:25,614.5
20262,V202603-L00025,TA08,57,4,3,2026-03-01T18:14:30,2026-03-01T20:39,144.5
20262,V202603-L00027,TA09,66,2,4,2026-03-01T19:51,2026-03-02T11:57,966.0
20262,V202603-L00029,TA05,46,3,1,2026-03-01T20:30,2026-03-03T06:28,2038.0
20262,V202603-L00031,TA04,60,6,1,2026-03-01T21:52:30,2026-03-02T03:41,348.5
20262,V202603-L00031,TA04,60,6,4,2026-03-01T21:52:30,2026-03-02T03:41,348.5
20262,V202603-L00028,TA06,24,30,4,2026-03-01T22:17,2026-03-02T02:02,225.0
20262,V202603-L00028,TA06,24,30,4,2026-03-01T22:17,2026-03-02T02:02,225.0
20262,V202603-L00022,TA03,34,33,4,2026-03-01T22:58:30,2026-03-02T00:22,83.5
20262,V202603-L00022,TA03,34,33,4,2026-03-01T22:58:30,2026-03-02T00:22,83.5
20262,V202603-L00020,TA02,21,22,4,2026-03-01T22:52:30,2026-03-03T03:25,1712.5
20262,V202603-L00020,TA02,21,22,4,2026-03-01T22:52:30,2026-03-03T03:25,1712.5
20262,V202603-L00024,TA05,44,12,4,2026-03-01T22:43:30,2026-03-02T10:26,702.5
20262,V202603-L00026,TA01,13,32,1,2026-03-02T00:48,2026-03-03T05:24,1716.0
20262,V202603-L00026,TA01,13,32,4,2026-03-02T00:48,2026-03-03T05:24,1716.0
20262,V202603-L00026,TA01,13,32,4,2026-03-02T00:48,2026-03-03T05:24,1716.0
20262,V202603-L00033,TA01,46,47,3,2026-03-02T03:00,2026-03-02T08:37,337.0
20262,V202603-L00033,TA01,46,47,4,2026-03-02T03:00,2026-03-02T08:37,337.0
20262,V202603-L00024,TA01,44,12,2,2026-03-02T04:55:30,2026-03-02T10:26,330.5
20262,V202603-L00024,TA01,44,12,4,2026-03-02T04:55:30,2026-03-02T10:26,330.5
20262,V202603-L00035,TA02,39,46,2,2026-03-02T01:19:30,2026-03-03T10:01,1961.5
20262,V202603-L00035,TA02,39,46,4,2026-03-02T01:19:30,2026-03-03T10:01,1961.5
20262,V202603-L00037,TA04,50,21,4,2026-03-02T02:39:30,2026-03-03T13:17,2077.5
20262,V202603-L00038,TA07,11,41,1,2026-03-02T02:36,2026-03-02T19:24,1008.0
20262,V202603-L00039,TA08,59,33,1,2026-03-02T03:02,2026-03-02T05:46,164.0
20262,V202603-L00040,TA09,65,9,1,2026-03-02T03:39,2026-03-03T13:51,2052.0
20262,V202603-L00041,TA03,68,7,4,2026-03-02T04:32,2026-03-03T14:11,2019.0
20262,V202603-L00041,TA03,68,7,4,2026-03-02T04:32,2026-03-03T14:11,2019.0
20262,V202603-L00042,TA04,66,29,3,2026-03-02T04:15:30,2026-03-03T14:29,2053.5
20262,V202603-L00034,TA02,43,28,1,2026-03-02T05:55:30,2026-03-03T09:31,1655.5
20262,V202603-L00034,TA02,43,28,4,2026-03-02T05:55:30,2026-03-03T09:31,1655.5
20262,V202603-L00034,TA02,43,28,4,2026-03-02T05:55:30,2026-03-03T09:31,1655.5
20262,V202603-L00045,TA07,2,49,2,2026-03-02T04:51:30,2026-03-02T07:19,147.5
20262,V202603-L00047,TA08,65,9,3,2026-03-02T05:49,2026-03-02T22:09,980.0
20262,V202603-L00048,TA05,50,21,4,2026-03-02T06:15,2026-03-02T22:12,957.0
20262,V202603-L00050,TA04,51,22,4,2026-03-02T05:56:30,2026-03-02T16:40,643.5
20262,V202603-L00046,TA01,44,28,4,2026-03-02T08:46:30,2026-03-02T11:32,165.5
20262,V202603-L00046,TA01,44,28,4,2026-03-02T08:46:30,2026-03-02T11:32,165.5
20262,V202603-L00046,TA01,44,28,1,2026-03-02T08:46:30,2026-03-02T11:32,165.5
20262,V202603-L00032,TA01,41,9,1,2026-03-02T10:19:30,2026-03-03T08:26,1326.5
20262,V202603-L00032,TA01,41,9,4,2026-03-02T10:19:30,2026-03-03T08:26,1326.5
20262,V202603-L00030,TA01,31,48,4,2026-03-02T12:33,2026-03-03T07:37,1144.0
20262,V202603-L00048,TA02,50,21,2,2026-03-02T09:49:30,2026-03-02T22:12,742.5
20262,V202603-L00048,TA02,50,21,4,2026-03-02T09:49:30,2026-03-02T22:12,742.5
20262,V202603-L00043,TA02,25,44,1,2026-03-02T12:01:30,2026-03-02T20:33,511.5
20262,V202603-L00043,TA02,25,44,4,2026-03-02T12:01:30,2026-03-02T20:33,511.5
20262,V202603-L00043,TA02,25,44,4,2026-03-02T12:01:30,2026-03-02T20:33,511.5
20262,V202603-L00030,TA02,31,48,2,2026-03-02T13:16:30,2026-03-03T07:37,1100.5
20262,V202603-L00032,TA03,41,9,4,2026-03-02T09:33,2026-03-03T08:26,1373.0
20262,V202603-L00036,TA03,19,35,4,2026-03-02T11:45,2026-03-03T12:38,1493.0
20262,V202603-L00036,TA03,19,35,4,2026-03-02T11:45,2026-03-03T12:38,1493.0
20262,V202603-L00036,TA03,19,35,2,2026-03-02T11:45,2026-03-03T12:38,1493.0
20262,V202603-L00052,TA04,54,37,1,2026-03-02T10:19:30,2026-03-03T18:35,1935.5
20262,V202603-L00052,TA04,54,37,4,2026-03-02T10:19:30,2026-03-03T18:35,1935.5
20262,V202603-L00049,TA04,70,32,4,2026-03-02T11:51,2026-03-03T16:27,1716.0
20262,V202603-L00049,TA04,70,32,2,2026-03-02T11:51,2026-03-03T16:27,1716.0
20262,V202603-L00044,TA04,69,35,4,2026-03-02T12:57,2026-03-03T15:09,1572.0
20262,V202603-L00044,TA04,69,35,2,2026-03-02T12:57,2026-03-03T15:09,1572.0
20262,V202603-L00051,TA05,44,20,3,2026-03-02T09:39,2026-03-02T16:41,422.0
20262,V202603-L00051,TA05,44,20,4,2026-03-02T09:39,2026-03-02T16:41,422.0
20262,V202603-L00055,TA07,0,41,3,2026-03-02T11:42:30,2026-03-02T14:13,150.5
20262,V202603-L00056,TA08,47,38,1,2026-03-02T11:51:30,2026-03-03T04:18,986.5
20262,V202603-L00057,TA05,68,25,2,2026-03-02T12:29:30,2026-03-03T23:06,2076.5
20262,V202603-L00058,TA06,29,12,3,2026-03-02T12:46,2026-03-03T23:36,2090.0
20262,V202603-L00060,TA08,60,6,2,2026-03-02T14:06,2026-03-03T06:29,983.0
20262,V202603-L00063,TA05,60,41,3,2026-03-02T14:55:30,2026-03-02T21:30,394.5
20262,V202603-L00061,TA01,38,26,4,2026-03-02T16:57,2026-03-02T17:11,14.0
20262,V202603-L00061,TA01,38,26,2,2026-03-02T16:57,2026-03-02T17:11,14.0
20262,V202603-L00061,TA01,38,26,4,2026-03-02T16:57,2026-03-02T17:11,14.0
20262,V202603-L00059,TA01,62,37,3,2026-03-02T18:49:30,2026-03-03T05:53,663.5
20262,V202603-L00059,TA01,62,37,4,2026-03-02T18:49:30,2026-03-03T05:53,663.5
20262,V202603-L00053,TA01,5,31,2,2026-03-02T21:24,2026-03-03T21:00,1416.0
20262,V202603-L00053,TA01,5,31,4,2026-03-02T21:24,2026-03-03T21:00,1416.0
20262,V202603-L00062,TA02,55,40,4,2026-03-02T17:07:30,2026-03-04T01:27,1939.5
20262,V202603-L00062,TA02,55,40,4,2026-03-02T17:07:30,2026-03-04T01:27,1939.5
20262,V202603-L00062,TA02,55,40,2,2026-03-02T17:07:30,2026-03-04T01:27,1939.5
20262,V202603-L00054,TA02,70,9,3,2026-03-02T19:16:30,2026-03-03T21:18,1561.5
20262,V202603-L00054,TA02,70,9,4,2026-03-02T19:16:30,2026-03-03T21:18,1561.5
20262,V202603-L00064,TA03,38,48,1,2026-03-02T16:54,2026-03-02T22:42,348.0
20262,V202603-L00069,TA04,60,48,2,2026-03-02T18:26,2026-03-03T04:49,623.0
20262,V202603-L00068,TA03,68,7,2,2026-03-02T21:58:30,2026-03-02T23:54,115.5
20262,V202603-L00068,TA03,68,7,4,2026-03-02T21:58:30,2026-03-02T23:54,115.5
20262,V202603-L00073,TA06,37,1,2,2026-03-02T20:44:30,2026-03-04T07:04,2059.5
20262,V202603-L00075,TA05,61,15,1,2026-03-02T21:04,2026-03-03T03:31,387.0
20262,V202603-L00074,TA04,32,8,1,2026-03-02T22:23,2026-03-02T23:26,63.0
20262,V202603-L00074,TA04,32,8,4,2026-03-02T22:23,2026-03-02T23:26,63.0
20262,V202603-L00074,TA04,32,8,4,2026-03-02T22:23,2026-03-02T23:26,63.0
20262,V202603-L00078,TA06,19,11,1,2026-03-02T22:35:30,2026-03-03T00:21,105.5
20262,V202603-L00078,TA06,19,11,4,2026-03-02T22:35:30,2026-03-03T00:21,105.5
20262,V202603-L00079,TA01,28,32,4,2026-03-03T00:33,2026-03-03T00:33,0.0
20262,V202603-L00079,TA01,28,32,1,2026-03-03T00:33,2026-03-03T00:33,0.0
20262,V202603-L00079,TA01,28,32,4,2026-03-03T00:33,2026-03-03T00:33,0.0
20262,V202603-L00077,TA01,66,24,4,2026-03-03T02:42,2026-03-03T08:14,332.0
20262,V202603-L00077,TA01,66,24,4,2026-03-03T02:42,2026-03-03T08:14,332.0
20262,V202603-L00072,TA01,66,41,2,2026-03-03T04:07:30,2026-03-03T12:43,515.5
20262,V202603-L00072,TA01,66,41,4,2026-03-03T04:07:30,2026-03-03T12:43,515.5
20262,V202603-L00065,TA02,10,39,3,2026-03-03T02:07:30,2026-03-04T03:26,1518.5
20262,V202603-L00065,TA02,10,39,4,2026-03-03T02:07:30,2026-03-04T03:26,1518.5
20262,V202603-L00070,TA02,5,40,2,2026-03-03T03:16:30,2026-03-04T06:07,1610.5
20262,V202603-L00070,TA02,5,40,4,2026-03-03T03:16:30,2026-03-04T06:07,1610.5
20262,V202603-L00071,TA02,7,35,4,2026-03-03T04:27,2026-03-04T06:13,1546.0
20262,V202603-L00071,TA02,7,35,4,2026-03-03T04:27,2026-03-04T06:13,1546.0
20262,V202603-L00076,TA03,23,22,4,2026-03-03T01:22:30,2026-03-03T04:04,161.5
20262,V202603-L00076,TA03,23,22,4,2026-03-03T01:22:30,2026-03-03T04:04,161.5
20262,V202603-L00066,TA04,70,15,4,2026-03-03T01:06,2026-03-04T03:29,1583.0
20262,V202603-L00066,TA04,70,15,1,2026-03-03T01:06,2026-03-04T03:29,1583.0
20262,V202603-L00067,TA05,0,42,4,2026-03-03T02:27,2026-03-04T03:44,1517.0
20262,V202603-L00067,TA05,0,42,1,2026-03-03T02:27,2026-03-04T03:44,1517.0
20262,V202603-L00082,TA06,8,49,2,2026-03-03T01:21,2026-03-03T02:55,94.0
20262,V202603-L00081,TA07,38,42,3,2026-03-03T00:45,2026-03-03T02:33,108.0
20262,V202603-L00080,TA08,5,6,3,2026-03-03T01:49:30,2026-03-03T02:21,31.5
20262,V202603-L00080,TA08,5,6,4,2026-03-03T01:49:30,2026-03-03T02:21,31.5
