semilla,factor_carga,ciclo,instante,estado,Ta_ms,holgura_plan_promedio_min,holgura_plan_minima_min,distancia_plan_km,tiempo_plan_rutas_min,vehiculos_plan,utilizacion_capacidad_plan,pedidos_plan,paquetes_sin_plan,rutas_despachadas,pedidos_entregados_acum,paquetes_entregados_acum,holgura_real_promedio_min,holgura_real_minima_min
20262,1.0,0,2026-01-01T00:00,SIN_DEMANDA,0,,,,,,,0,0,0,0,0,,
20262,1.0,1,2026-01-01T00:10,SIN_DEMANDA,0,,,,,,,0,0,0,0,0,,
20262,1.0,2,2026-01-01T00:20,SIN_DEMANDA,0,,,,,,,0,0,0,0,0,,
20262,1.0,3,2026-01-01T00:30,SIN_DEMANDA,0,,,,,,,0,0,0,0,0,,
20262,1.0,4,2026-01-01T00:40,SIN_DEMANDA,0,,,,,,,0,0,0,0,0,,
20262,1.0,5,2026-01-01T00:50,SIN_DEMANDA,0,,,,,,,0,0,0,0,0,,
20262,1.0,6,2026-01-01T01:00,SIN_DEMANDA,0,,,,,,,0,0,0,0,0,,
20262,1.0,7,2026-01-01T01:10,SIN_DEMANDA,0,,,,,,,0,0,0,0,0,,
20262,1.0,8,2026-01-01T01:20,SIN_DEMANDA,0,,,,,,,0,0,0,0,0,,
20262,1.0,9,2026-01-01T01:30,COMPLETA,1524.9454,2031.0,2031.0,50.0,135.0,1,0.08333333333333333,1,0,1,0,0,,
20262,1.0,10,2026-01-01T01:40,SIN_DEMANDA,0,,,,,,,0,0,0,0,0,,
20262,1.0,11,2026-01-01T01:50,SIN_DEMANDA,0,,,,,,,0,0,0,0,0,,
20262,1.0,12,2026-01-01T02:00,SIN_DEMANDA,0,,,,,,,0,0,0,0,0,,
20262,1.0,13,2026-01-01T02:10,SIN_DEMANDA,0,,,,,,,0,0,0,0,0,,
20262,1.0,14,2026-01-01T02:20,SIN_DEMANDA,0,,,,,,,0,0,0,0,0,,
20262,1.0,15,2026-01-01T02:30,SIN_DEMANDA,0,,,,,,,0,0,0,0,0,,
20262,1.0,16,2026-01-01T02:40,SIN_DEMANDA,0,,,,,,,0,0,0,0,0,,
20262,1.0,17,2026-01-01T02:50,SIN_DEMANDA,0,,,,,,,0,0,0,0,0,,
20262,1.0,18,2026-01-01T03:00,SIN_DEMANDA,0,,,,,,,0,0,0,0,0,,
20262,1.0,19,2026-01-01T03:10,SIN_DEMANDA,0,,,,,,,0,0,0,0,0,,
20262,1.0,20,2026-01-01T03:20,SIN_DEMANDA,0,,,,,,,0,0,0,0,0,,
20262,1.0,21,2026-01-01T03:30,SIN_DEMANDA,0,,,,,,,0,0,0,0,0,,
20262,1.0,22,2026-01-01T03:40,SIN_DEMANDA,0,,,,,,,0,0,0,1,2,2031.0,2031.0
20262,1.0,23,2026-01-01T03:50,SIN_DEMANDA,0,,,,,,,0,0,0,1,2,2031.0,2031.0
20262,1.0,24,2026-01-01T04:00,SIN_DEMANDA,0,,,,,,,0,0,0,1,2,2031.0,2031.0
20262,1.0,25,2026-01-01T04:10,SIN_DEMANDA,0,,,,,,,0,0,0,1,2,2031.0,2031.0
20262,1.0,26,2026-01-01T04:20,SIN_DEMANDA,0,,,,,,,0,0,0,1,2,2031.0,2031.0
20262,1.0,27,2026-01-01T04:30,SIN_DEMANDA,0,,,,,,,0,0,0,1,2,2031.0,2031.0
20262,1.0,28,2026-01-01T04:40,SIN_DEMANDA,0,,,,,,,0,0,0,1,2,2031.0,2031.0
20262,1.0,29,2026-01-01T04:50,SIN_DEMANDA,0,,,,,,,0,0,0,1,2,2031.0,2031.0
20262,1.0,30,2026-01-01T05:00,COMPLETA,2665.9658,691.5,691.5,102.0,350.5,1,0.25,1,0,0,1,2,2031.0,2031.0
20262,1.0,31,2026-01-01T05:10,COMPLETA,2850.9884,691.5,691.5,102.0,350.5,1,0.25,1,0,0,1,2,2031.0,2031.0
20262,1.0,32,2026-01-01T05:20,COMPLETA,2621.9143,691.5,691.5,102.0,350.5,1,0.25,1,0,0,1,2,2031.0,2031.0
20262,1.0,33,2026-01-01T05:30,COMPLETA,2770.8952,691.5,691.5,102.0,350.5,1,0.25,1,0,0,1,2,2031.0,2031.0
20262,1.0,34,2026-01-01T05:40,COMPLETA,2619.5053,691.5,691.5,102.0,350.5,1,0.25,1,0,0,1,2,2031.0,2031.0
20262,1.0,35,2026-01-01T05:50,COMPLETA,2497.8072,691.5,691.5,102.0,350.5,1,0.25,1,0,0,1,2,2031.0,2031.0
20262,1.0,36,2026-01-01T06:00,COMPLETA,2567.0638,691.5,691.5,102.0,350.5,1,0.25,1,0,0,1,2,2031.0,2031.0
20262,1.0,37,2026-01-01T06:10,COMPLETA,2691.7699,691.5,691.5,102.0,350.5,1,0.25,1,0,0,1,2,2031.0,2031.0
20262,1.0,38,2026-01-01T06:20,COMPLETA,2693.1117,691.5,691.5,102.0,350.5,1,0.25,1,0,0,1,2,2031.0,2031.0
20262,1.0,39,2026-01-01T06:30,COMPLETA,2568.6315,691.5,691.5,102.0,350.5,1,0.25,1,0,0,1,2,2031.0,2031.0
20262,1.0,40,2026-01-01T06:40,COMPLETA,2660.2747,691.5,691.5,102.0,350.5,1,0.25,1,0,0,1,2,2031.0,2031.0
20262,1.0,41,2026-01-01T06:50,COMPLETA,2712.5604,691.5,691.5,102.0,350.5,1,0.25,1,0,0,1,2,2031.0,2031.0
20262,1.0,42,2026-01-01T07:00,COMPLETA,2747.4462,691.5,691.5,102.0,350.5,1,0.25,1,0,1,1,2,2031.0,2031.0
20262,1.0,43,2026-01-01T07:10,SIN_DEMANDA,0,,,,,,,0,0,0,1,2,2031.0,2031.0
20262,1.0,44,2026-01-01T07:20,SIN_DEMANDA,0,,,,,,,0,0,0,1,2,2031.0,2031.0
20262,1.0,45,2026-01-01T07:30,SIN_DEMANDA,0,,,,,,,0,0,0,1,2,2031.0,2031.0
20262,1.0,46,2026-01-01T07:40,SIN_DEMANDA,0,,,,,,,0,0,0,1,2,2031.0,2031.0
20262,1.0,47,2026-01-01T07:50,SIN_DEMANDA,0,,,,,,,0,0,0,1,2,2031.0,2031.0
20262,1.0,48,2026-01-01T08:00,SIN_DEMANDA,0,,,,,,,0,0,0,1,2,2031.0,2031.0
20262,1.0,49,2026-01-01T08:10,SIN_DEMANDA,0,,,,,,,0,0,0,1,2,2031.0,2031.0
20262,1.0,50,2026-01-01T08:20,SIN_DEMANDA,0,,,,,,,0,0,0,1,2,2031.0,2031.0
20262,1.0,51,2026-01-01T08:30,SIN_DEMANDA,0,,,,,,,0,0,0,1,2,2031.0,2031.0
20262,1.0,52,2026-01-01T08:40,SIN_DEMANDA,0,,,,,,,0,0,0,1,2,2031.0,2031.0
20262,1.0,53,2026-01-01T08:50,SIN_DEMANDA,0,,,,,,,0,0,0,1,2,2031.0,2031.0
20262,1.0,54,2026-01-01T09:00,COMPLETA,3500.3152,90.0,90.0,54.0,160.0,1,0.375,1,0,1,1,2,2031.0,2031.0
20262,1.0,55,2026-01-01T09:10,SIN_DEMANDA,0,,,,,,,0,0,0,1,2,2031.0,2031.0
20262,1.0,56,2026-01-01T09:20,SIN_DEMANDA,0,,,,,,,0,0,0,1,2,2031.0,2031.0
20262,1.0,57,2026-01-01T09:30,SIN_DEMANDA,0,,,,,,,0,0,0,1,2,2031.0,2031.0
20262,1.0,58,2026-01-01T09:40,SIN_DEMANDA,0,,,,,,,0,0,0,1,2,2031.0,2031.0
20262,1.0,59,2026-01-01T09:50,SIN_DEMANDA,0,,,,,,,0,0,0,1,2,2031.0,2031.0
20262,1.0,60,2026-01-01T10:00,SIN_DEMANDA,0,,,,,,,0,0,0,1,2,2031.0,2031.0
20262,1.0,61,2026-01-01T10:10,SIN_DEMANDA,0,,,,,,,0,0,0,1,2,2031.0,2031.0
20262,1.0,62,2026-01-01T10:20,COMPLETA,4533.5581,963.0,171.5,66.0,279.0,2,0.25,2,0,1,1,2,2031.0,2031.0
20262,1.0,63,2026-01-01T10:30,COMPLETA,3646.7906,1754.5,1754.5,56.0,204.0,1,0.4166666666666667,1,0,0,1,2,2031.0,2031.0
20262,1.0,64,2026-01-01T10:40,COMPLETA,3651.5996,1754.5,1754.5,56.0,204.0,1,0.4166666666666667,1,0,0,1,2,2031.0,2031.0
20262,1.0,65,2026-01-01T10:50,COMPLETA,3691.3649,1754.5,1754.5,56.0,204.0,1,0.4166666666666667,1,0,0,1,2,2031.0,2031.0
20262,1.0,66,2026-01-01T11:00,COMPLETA,3528.0907,1754.5,1754.5,56.0,204.0,1,0.4166666666666667,1,0,0,1,2,2031.0,2031.0
20262,1.0,67,2026-01-01T11:10,COMPLETA,3651.9836,1754.5,1754.5,56.0,204.0,1,0.4166666666666667,1,0,0,1,2,2031.0,2031.0
20262,1.0,68,2026-01-01T11:20,COMPLETA,3599.5471,1754.5,1754.5,56.0,204.0,1,0.4166666666666667,1,0,0,1,2,2031.0,2031.0
20262,1.0,69,2026-01-01T11:30,COMPLETA,3139.8393,1754.5,1754.5,56.0,204.0,1,0.4166666666666667,1,0,0,4,19,746.0,90.0
20262,1.0,70,2026-01-01T11:40,COMPLETA,3506.7806,1754.5,1754.5,56.0,204.0,1,0.4166666666666667,1,0,0,4,19,746.0,90.0
20262,1.0,71,2026-01-01T11:50,COMPLETA,3589.8914,1754.5,1754.5,56.0,204.0,1,0.4166666666666667,1,0,0,4,19,746.0,90.0
20262,1.0,72,2026-01-01T12:00,COMPLETA,3668.4199,1754.5,1754.5,56.0,204.0,1,0.4166666666666667,1,0,0,4,19,746.0,90.0
20262,1.0,73,2026-01-01T12:10,COMPLETA,3461.8966,1754.5,1754.5,56.0,204.0,1,0.4166666666666667,1,0,0,4,19,746.0,90.0
20262,1.0,74,2026-01-01T12:20,COMPLETA,3607.8788,1754.5,1754.5,56.0,204.0,1,0.4166666666666667,1,0,0,4,19,746.0,90.0
20262,1.0,75,2026-01-01T12:30,COMPLETA,3426.1388,1754.5,1754.5,56.0,204.0,1,0.4166666666666667,1,0,0,4,19,746.0,90.0
20262,1.0,76,2026-01-01T12:40,COMPLETA,3401.4373,1754.5,1754.5,56.0,204.0,1,0.4166666666666667,1,0,0,4,19,746.0,90.0
20262,1.0,77,2026-01-01T12:50,COMPLETA,3641.2149,1754.5,1754.5,56.0,204.0,1,0.4166666666666667,1,0,0,4,19,746.0,90.0
20262,1.0,78,2026-01-01T13:00,COMPLETA,4840.7165,947.75,141.0,86.0,309.0,1,0.8333333333333334,2,0,0,4,19,746.0,90.0
20262,1.0,79,2026-01-01T13:10,COMPLETA,4858.1378,947.75,141.0,86.0,309.0,1,0.8333333333333334,2,0,0,4,19,746.0,90.0
20262,1.0,80,2026-01-01T13:20,COMPLETA,3791.2688,947.75,141.0,86.0,309.0,1,0.8333333333333334,2,0,0,4,19,746.0,90.0
20262,1.0,81,2026-01-01T13:30,COMPLETA,3653.0688,947.75,141.0,86.0,309.0,1,0.8333333333333334,2,0,0,4,19,746.0,90.0
20262,1.0,82,2026-01-01T13:40,COMPLETA,3599.9819,947.75,141.0,86.0,309.0,1,0.8333333333333334,2,0,0,4,19,746.0,90.0
20262,1.0,83,2026-01-01T13:50,COMPLETA,3557.0014,947.75,141.0,86.0,309.0,1,0.8333333333333334,2,0,0,4,19,746.0,90.0
20262,1.0,84,2026-01-01T14:00,COMPLETA,3892.2725,947.75,141.0,86.0,309.0,1,0.8333333333333334,2,0,0,4,19,746.0,90.0
20262,1.0,85,2026-01-01T14:10,COMPLETA,3756.3787,947.75,141.0,86.0,309.0,1,0.8333333333333334,2,0,0,4,19,746.0,90.0
20262,1.0,86,2026-01-01T14:20,COMPLETA,4697.9839,947.75,141.0,86.0,309.0,1,0.8333333333333334,2,0,0,4,19,746.0,90.0
20262,1.0,87,2026-01-01T14:30,COMPLETA,4708.8213,947.75,141.0,86.0,309.0,1,0.8333333333333334,2,0,0,4,19,746.0,90.0
20262,1.0,88,2026-01-01T14:40,COMPLETA,4285.0118,947.75,141.0,86.0,309.0,1,0.8333333333333334,2,0,0,4,19,746.0,90.0
20262,1.0,89,2026-01-01T14:50,COMPLETA,3838.4472,947.75,141.0,86.0,309.0,1,0.8333333333333334,2,0,0,4,19,746.0,90.0
20262,1.0,90,2026-01-01T15:00,COMPLETA,4060.6429,936.3333333333334,141.0,166.0,549.0,2,0.5833333333333334,3,0,2,4,19,746.0,90.0
20262,1.0,91,2026-01-01T15:10,SIN_DEMANDA,0,,,,,,,0,0,0,4,19,746.0,90.0
20262,1.0,92,2026-01-01T15:20,SIN_DEMANDA,0,,,,,,,0,0,0,4,19,746.0,90.0
20262,1.0,93,2026-01-01T15:30,SIN_DEMANDA,0,,,,,,,0,0,0,4,19,746.0,90.0
20262,1.0,94,2026-01-01T15:40,SIN_DEMANDA,0,,,,,,,0,0,0,4,19,746.0,90.0
20262,1.0,95,2026-01-01T15:50,SIN_DEMANDA,0,,,,,,,0,0,0,4,19,746.0,90.0
20262,1.0,96,2026-01-01T16:00,SIN_DEMANDA,0,,,,,,,0,0,0,4,19,746.0,90.0
20262,1.0,97,2026-01-01T16:10,SIN_DEMANDA,0,,,,,,,0,0,0,4,19,746.0,90.0
20262,1.0,98,2026-01-01T16:20,SIN_DEMANDA,0,,,,,,,0,0,0,4,19,746.0,90.0
20262,1.0,99,2026-01-01T16:30,COMPLETA,1272.6649,368.5,368.5,62.0,213.0,1,0.16666666666666666,1,0,1,4,19,746.0,90.0
20262,1.0,100,2026-01-01T16:40,SIN_DEMANDA,0,,,,,,,0,0,0,4,19,746.0,90.0
20262,1.0,101,2026-01-01T16:50,SIN_DEMANDA,0,,,,,,,0,0,0,4,19,746.0,90.0
20262,1.0,102,2026-01-01T17:00,SIN_DEMANDA,0,,,,,,,0,0,0,4,19,746.0,90.0
20262,1.0,103,2026-01-01T17:10,SIN_DEMANDA,0,,,,,,,0,0,0,5,29,947.7,90.0
20262,1.0,104,2026-01-01T17:20,SIN_DEMANDA,0,,,,,,,0,0,0,5,29,947.7,90.0
20262,1.0,105,2026-01-01T17:30,SIN_DEMANDA,0,,,,,,,0,0,0,5,29,947.7,90.0
20262,1.0,106,2026-01-01T17:40,SIN_DEMANDA,0,,,,,,,0,0,0,5,29,947.7,90.0
20262,1.0,107,2026-01-01T17:50,SIN_DEMANDA,0,,,,,,,0,0,0,6,37,942.0,90.0
20262,1.0,108,2026-01-01T18:00,SIN_DEMANDA,0,,,,,,,0,0,0,6,37,942.0,90.0
20262,1.0,109,2026-01-01T18:10,SIN_DEMANDA,0,,,,,,,0,0,0,6,37,942.0,90.0
20262,1.0,110,2026-01-01T18:20,COMPLETA,2991.1631,1619.5,1619.5,76.0,341.5,1,0.4166666666666667,1,0,0,7,41,860.0714285714286,90.0
20262,1.0,111,2026-01-01T18:30,COMPLETA,2814.3509,1619.5,1619.5,76.0,341.5,1,0.4166666666666667,1,0,0,7,41,860.0714285714286,90.0
20262,1.0,112,2026-01-01T18:40,COMPLETA,2668.4582,1619.5,1619.5,76.0,341.5,1,0.4166666666666667,1,0,0,8,51,770.1875,90.0
20262,1.0,113,2026-01-01T18:50,COMPLETA,2541.2408,1619.5,1619.5,76.0,341.5,1,0.4166666666666667,1,0,0,8,51,770.1875,90.0
20262,1.0,114,2026-01-01T19:00,COMPLETA,2787.6905,1619.5,1619.5,76.0,341.5,1,0.4166666666666667,1,0,0,8,51,770.1875,90.0
20262,1.0,115,2026-01-01T19:10,COMPLETA,2864.7937,1619.5,1619.5,76.0,341.5,1,0.4166666666666667,1,0,0,8,51,770.1875,90.0
20262,1.0,116,2026-01-01T19:20,COMPLETA,2951.2021,1619.5,1619.5,76.0,341.5,1,0.4166666666666667,1,0,0,8,51,770.1875,90.0
20262,1.0,117,2026-01-01T19:30,COMPLETA,2788.4357,1619.5,1619.5,76.0,341.5,1,0.4166666666666667,1,0,0,8,51,770.1875,90.0
20262,1.0,118,2026-01-01T19:40,COMPLETA,2461.0392,1619.5,1619.5,76.0,341.5,1,0.4166666666666667,1,0,0,8,51,770.1875,90.0
20262,1.0,119,2026-01-01T19:50,COMPLETA,2526.4448,1619.5,1619.5,76.0,341.5,1,0.4166666666666667,1,0,0,8,51,770.1875,90.0
20262,1.0,120,2026-01-01T20:00,COMPLETA,3909.9835,1612.75,1606.0,120.0,467.5,1,0.75,2,0,0,8,51,770.1875,90.0
20262,1.0,121,2026-01-01T20:10,COMPLETA,3758.1953,1612.75,1606.0,120.0,467.5,1,0.75,2,0,0,8,51,770.1875,90.0
20262,1.0,122,2026-01-01T20:20,COMPLETA,3783.2194,1612.75,1606.0,120.0,467.5,1,0.75,2,0,0,8,51,770.1875,90.0
20262,1.0,123,2026-01-01T20:30,COMPLETA,3750.0568,1612.75,1606.0,120.0,467.5,1,0.75,2,0,0,8,51,770.1875,90.0
20262,1.0,124,2026-01-01T20:40,COMPLETA,3400.8442,1612.75,1606.0,120.0,467.5,1,0.75,2,0,0,8,51,770.1875,90.0
20262,1.0,125,2026-01-01T20:50,COMPLETA,3505.9485,1612.75,1606.0,120.0,467.5,1,0.75,2,0,0,8,51,770.1875,90.0
20262,1.0,126,2026-01-01T21:00,COMPLETA,3467.5503,1612.75,1606.0,120.0,467.5,1,0.75,2,0,0,8,51,770.1875,90.0
20262,1.0,127,2026-01-01T21:10,COMPLETA,3685.6439,1612.75,1606.0,120.0,467.5,1,0.75,2,0,0,8,51,770.1875,90.0
20262,1.0,128,2026-01-01T21:20,COMPLETA,3534.4371,1612.75,1606.0,120.0,467.5,1,0.75,2,0,0,8,51,770.1875,90.0
20262,1.0,129,2026-01-01T21:30,COMPLETA,3555.8227,1612.75,1606.0,120.0,467.5,1,0.75,2,0,0,8,51,770.1875,90.0
20262,1.0,130,2026-01-01T21:40,COMPLETA,3426.2507,1612.75,1606.0,120.0,467.5,1,0.75,2,0,0,8,51,770.1875,90.0
20262,1.0,131,2026-01-01T21:50,COMPLETA,3585.25,1210.8333333333333,407.0,196.0,809.0,2,0.5416666666666666,3,0,0,8,51,770.1875,90.0
20262,1.0,132,2026-01-01T22:00,COMPLETA,3726.1857,1210.8333333333333,407.0,196.0,809.0,2,0.5416666666666666,3,0,0,8,51,770.1875,90.0
20262,1.0,133,2026-01-01T22:10,COMPLETA,3467.3529,1210.8333333333333,407.0,196.0,809.0,2,0.5416666666666666,3,0,0,8,51,770.1875,90.0
20262,1.0,134,2026-01-01T22:20,COMPLETA,3684.0949,1210.8333333333333,407.0,196.0,809.0,2,0.5416666666666666,3,0,0,8,51,770.1875,90.0
20262,1.0,135,2026-01-01T22:30,COMPLETA,3622.0357,1210.8333333333333,407.0,196.0,809.0,2,0.5416666666666666,3,0,0,8,51,770.1875,90.0
20262,1.0,136,2026-01-01T22:40,COMPLETA,3678.789,1210.8333333333333,407.0,196.0,809.0,2,0.5416666666666666,3,0,0,8,51,770.1875,90.0
20262,1.0,137,2026-01-01T22:50,COMPLETA,3657.8306,1210.8333333333333,407.0,196.0,809.0,2,0.5416666666666666,3,0,0,8,51,770.1875,90.0
20262,1.0,138,2026-01-01T23:00,COMPLETA,3576.2137,1210.8333333333333,407.0,196.0,809.0,2,0.5416666666666666,3,0,2,8,51,770.1875,90.0
20262,1.0,139,2026-01-01T23:10,COMPLETA,1244.4387,1884.0,1884.0,48.0,282.0,1,0.16666666666666666,1,0,1,8,51,770.1875,90.0
20262,1.0,140,2026-01-01T23:20,SIN_DEMANDA,0,,,,,,,0,0,0,8,51,770.1875,90.0
20262,1.0,141,2026-01-01T23:30,SIN_DEMANDA,0,,,,,,,0,0,0,8,51,770.1875,90.0
20262,1.0,142,2026-01-01T23:40,SIN_DEMANDA,0,,,,,,,0,0,0,8,51,770.1875,90.0
20262,1.0,143,2026-01-01T23:50,SIN_DEMANDA,0,,,,,,,0,0,0,8,51,770.1875,90.0
20262,1.0,144,2026-01-02T00:00,SIN_DEMANDA,0,,,,,,,0,0,0,8,51,770.1875,90.0
20262,1.0,145,2026-01-02T00:10,SIN_DEMANDA,0,,,,,,,0,0,0,8,51,770.1875,90.0
20262,1.0,146,2026-01-02T00:20,SIN_DEMANDA,0,,,,,,,0,0,0,8,51,770.1875,90.0
20262,1.0,147,2026-01-02T00:30,SIN_DEMANDA,0,,,,,,,0,0,0,8,51,770.1875,90.0
20262,1.0,148,2026-01-02T00:40,SIN_DEMANDA,0,,,,,,,0,0,0,8,51,770.1875,90.0
20262,1.0,149,2026-01-02T00:50,SIN_DEMANDA,0,,,,,,,0,0,0,8,51,770.1875,90.0
20262,1.0,150,2026-01-02T01:00,SIN_DEMANDA,0,,,,,,,0,0,0,8,51,770.1875,90.0
20262,1.0,151,2026-01-02T01:10,SIN_DEMANDA,0,,,,,,,0,0,0,8,51,770.1875,90.0
20262,1.0,152,2026-01-02T01:20,SIN_DEMANDA,0,,,,,,,0,0,0,8,51,770.1875,90.0
20262,1.0,153,2026-01-02T01:30,COMPLETA,2020.4028,640.0,640.0,70.0,225.0,1,0.2916666666666667,1,0,0,8,51,770.1875,90.0
20262,1.0,154,2026-01-02T01:40,COMPLETA,2074.9689,640.0,640.0,70.0,225.0,1,0.2916666666666667,1,0,0,8,51,770.1875,90.0
20262,1.0,155,2026-01-02T01:50,COMPLETA,1819.3152,640.0,640.0,70.0,225.0,1,0.2916666666666667,1,0,0,8,51,770.1875,90.0
20262,1.0,156,2026-01-02T02:00,COMPLETA,1934.766,640.0,640.0,70.0,225.0,1,0.2916666666666667,1,0,0,8,51,770.1875,90.0
20262,1.0,157,2026-01-02T02:10,COMPLETA,1912.9143,640.0,640.0,70.0,225.0,1,0.2916666666666667,1,0,0,8,51,770.1875,90.0
20262,1.0,158,2026-01-02T02:20,COMPLETA,2023.7321,640.0,640.0,70.0,225.0,1,0.2916666666666667,1,0,0,8,51,770.1875,90.0
20262,1.0,159,2026-01-02T02:30,COMPLETA,2036.5127,640.0,640.0,70.0,225.0,1,0.2916666666666667,1,0,0,8,51,770.1875,90.0
20262,1.0,160,2026-01-02T02:40,COMPLETA,1864.1054,640.0,640.0,70.0,225.0,1,0.2916666666666667,1,0,0,8,51,770.1875,90.0
20262,1.0,161,2026-01-02T02:50,COMPLETA,1917.6229,640.0,640.0,70.0,225.0,1,0.2916666666666667,1,0,0,8,51,770.1875,90.0
20262,1.0,162,2026-01-02T03:00,COMPLETA,2025.1254,640.0,640.0,70.0,225.0,1,0.2916666666666667,1,0,0,8,51,770.1875,90.0
20262,1.0,163,2026-01-02T03:10,COMPLETA,2066.6195,640.0,640.0,70.0,225.0,1,0.2916666666666667,1,0,0,9,59,729.8333333333334,90.0
20262,1.0,164,2026-01-02T03:20,COMPLETA,2055.8359,640.0,640.0,70.0,225.0,1,0.2916666666666667,1,0,0,9,59,729.8333333333334,90.0
20262,1.0,165,2026-01-02T03:30,COMPLETA,2043.0812,640.0,640.0,70.0,225.0,1,0.2916666666666667,1,0,0,10,67,827.35,90.0
20262,1.0,166,2026-01-02T03:40,COMPLETA,2605.8195,640.0,640.0,70.0,225.0,1,0.2916666666666667,1,0,0,10,67,827.35,90.0
20262,1.0,167,2026-01-02T03:50,COMPLETA,2713.4169,640.0,640.0,70.0,225.0,1,0.2916666666666667,1,0,0,11,71,923.4090909090909,90.0
20262,1.0,168,2026-01-02T04:00,COMPLETA,2403.9533,640.0,640.0,70.0,225.0,1,0.2916666666666667,1,0,0,11,71,923.4090909090909,90.0
20262,1.0,169,2026-01-02T04:10,COMPLETA,2321.0957,640.0,640.0,70.0,225.0,1,0.2916666666666667,1,0,0,11,71,923.4090909090909,90.0
20262,1.0,170,2026-01-02T04:20,COMPLETA,2167.8642,640.0,640.0,70.0,225.0,1,0.2916666666666667,1,0,0,11,71,923.4090909090909,90.0
20262,1.0,171,2026-01-02T04:30,COMPLETA,2615.6925,640.0,640.0,70.0,225.0,1,0.2916666666666667,1,0,0,11,71,923.4090909090909,90.0
20262,1.0,172,2026-01-02T04:40,COMPLETA,3081.1382,640.0,640.0,70.0,225.0,1,0.2916666666666667,1,0,0,11,71,923.4090909090909,90.0
20262,1.0,173,2026-01-02T04:50,COMPLETA,2749.5987,640.0,640.0,70.0,225.0,1,0.2916666666666667,1,0,0,11,71,923.4090909090909,90.0
20262,1.0,174,2026-01-02T05:00,COMPLETA,2672.9926,640.0,640.0,70.0,225.0,1,0.2916666666666667,1,0,0,12,81,973.1666666666666,90.0
20262,1.0,175,2026-01-02T05:10,COMPLETA,4524.0886,1207.75,640.0,122.0,363.0,1,0.5416666666666666,2,0,0,12,81,973.1666666666666,90.0
20262,1.0,176,2026-01-02T05:20,COMPLETA,4468.7177,1207.75,640.0,122.0,363.0,1,0.5416666666666666,2,0,0,12,81,973.1666666666666,90.0
20262,1.0,177,2026-01-02T05:30,COMPLETA,4479.3918,1207.75,640.0,122.0,363.0,1,0.5416666666666666,2,0,0,12,81,973.1666666666666,90.0
20262,1.0,178,2026-01-02T05:40,COMPLETA,4194.1032,1207.75,640.0,122.0,363.0,1,0.5416666666666666,2,0,0,12,81,973.1666666666666,90.0
20262,1.0,179,2026-01-02T05:50,COMPLETA,4414.0639,1207.75,640.0,122.0,363.0,1,0.5416666666666666,2,0,0,12,81,973.1666666666666,90.0
20262,1.0,180,2026-01-02T06:00,COMPLETA,4970.6569,1207.75,640.0,122.0,363.0,1,0.5416666666666666,2,0,0,12,81,973.1666666666666,90.0
20262,1.0,181,2026-01-02T06:10,COMPLETA,4559.7253,1207.75,640.0,122.0,363.0,1,0.5416666666666666,2,0,0,12,81,973.1666666666666,90.0
20262,1.0,182,2026-01-02T06:20,COMPLETA,4465.1219,1207.75,640.0,122.0,363.0,1,0.5416666666666666,2,0,0,12,81,973.1666666666666,90.0
20262,1.0,183,2026-01-02T06:30,COMPLETA,4345.874,1207.75,640.0,122.0,363.0,1,0.5416666666666666,2,0,0,12,81,973.1666666666666,90.0
20262,1.0,184,2026-01-02T06:40,COMPLETA,4409.3293,1207.75,640.0,122.0,363.0,1,0.5416666666666666,2,0,0,12,81,973.1666666666666,90.0
20262,1.0,185,2026-01-02T06:50,COMPLETA,4541.9366,1207.75,640.0,122.0,363.0,1,0.5416666666666666,2,0,0,12,81,973.1666666666666,90.0
20262,1.0,186,2026-01-02T07:00,COMPLETA,4428.9352,1207.75,640.0,122.0,363.0,1,0.5416666666666666,2,0,1,12,81,973.1666666666666,90.0
20262,1.0,187,2026-01-02T07:10,SIN_DEMANDA,0,,,,,,,0,0,0,12,81,973.1666666666666,90.0
20262,1.0,188,2026-01-02T07:20,SIN_DEMANDA,0,,,,,,,0,0,0,12,81,973.1666666666666,90.0
20262,1.0,189,2026-01-02T07:30,SIN_DEMANDA,0,,,,,,,0,0,0,12,81,973.1666666666666,90.0
20262,1.0,190,2026-01-02T07:40,SIN_DEMANDA,0,,,,,,,0,0,0,12,81,973.1666666666666,90.0
20262,1.0,191,2026-01-02T07:50,SIN_DEMANDA,0,,,,,,,0,0,0,12,81,973.1666666666666,90.0
20262,1.0,192,2026-01-02T08:00,SIN_DEMANDA,0,,,,,,,0,0,0,12,81,973.1666666666666,90.0
20262,1.0,193,2026-01-02T08:10,SIN_DEMANDA,0,,,,,,,0,0,0,12,81,973.1666666666666,90.0
20262,1.0,194,2026-01-02T08:20,SIN_DEMANDA,0,,,,,,,0,0,0,12,81,973.1666666666666,90.0
20262,1.0,195,2026-01-02T08:30,SIN_DEMANDA,0,,,,,,,0,0,0,12,81,973.1666666666666,90.0
20262,1.0,196,2026-01-02T08:40,SIN_DEMANDA,0,,,,,,,0,0,0,12,81,973.1666666666666,90.0
20262,1.0,197,2026-01-02T08:50,SIN_DEMANDA,0,,,,,,,0,0,0,13,88,947.5384615384615,90.0
20262,1.0,198,2026-01-02T09:00,SIN_DEMANDA,0,,,,,,,0,0,0,13,88,947.5384615384615,90.0
20262,1.0,199,2026-01-02T09:10,SIN_DEMANDA,0,,,,,,,0,0,0,13,88,947.5384615384615,90.0
20262,1.0,200,2026-01-02T09:20,SIN_DEMANDA,0,,,,,,,0,0,0,13,88,947.5384615384615,90.0
20262,1.0,201,2026-01-02T09:30,SIN_DEMANDA,0,,,,,,,0,0,0,13,88,947.5384615384615,90.0
20262,1.0,202,2026-01-02T09:40,SIN_DEMANDA,0,,,,,,,0,0,0,13,88,947.5384615384615,90.0
20262,1.0,203,2026-01-02T09:50,SIN_DEMANDA,0,,,,,,,0,0,0,13,88,947.5384615384615,90.0
20262,1.0,204,2026-01-02T10:00,SIN_DEMANDA,0,,,,,,,0,0,0,13,88,947.5384615384615,90.0
20262,1.0,205,2026-01-02T10:10,SIN_DEMANDA,0,,,,,,,0,0,0,13,88,947.5384615384615,90.0
20262,1.0,206,2026-01-02T10:20,SIN_DEMANDA,0,,,,,,,0,0,0,13,88,947.5384615384615,90.0
20262,1.0,207,2026-01-02T10:30,SIN_DEMANDA,0,,,,,,,0,0,0,13,88,947.5384615384615,90.0
20262,1.0,208,2026-01-02T10:40,SIN_DEMANDA,0,,,,,,,0,0,0,13,88,947.5384615384615,90.0
20262,1.0,209,2026-01-02T10:50,SIN_DEMANDA,0,,,,,,,0,0,0,13,88,947.5384615384615,90.0
20262,1.0,210,2026-01-02T11:00,SIN_DEMANDA,0,,,,,,,0,0,0,13,88,947.5384615384615,90.0
20262,1.0,211,2026-01-02T11:10,SIN_DEMANDA,0,,,,,,,0,0,0,13,88,947.5384615384615,90.0
20262,1.0,212,2026-01-02T11:20,SIN_DEMANDA,0,,,,,,,0,0,0,13,88,947.5384615384615,90.0
20262,1.0,213,2026-01-02T11:30,SIN_DEMANDA,0,,,,,,,0,0,0,13,88,947.5384615384615,90.0
20262,1.0,214,2026-01-02T11:40,SIN_DEMANDA,0,,,,,,,0,0,0,14,94,1006.6785714285714,90.0
20262,1.0,215,2026-01-02T11:50,SIN_DEMANDA,0,,,,,,,0,0,0,14,94,1006.6785714285714,90.0
20262,1.0,216,2026-01-02T12:00,SIN_DEMANDA,0,,,,,,,0,0,0,14,94,1006.6785714285714,90.0
20262,1.0,217,2026-01-02T12:10,SIN_DEMANDA,0,,,,,,,0,0,0,14,94,1006.6785714285714,90.0
20262,1.0,218,2026-01-02T12:20,SIN_DEMANDA,0,,,,,,,0,0,0,14,94,1006.6785714285714,90.0
20262,1.0,219,2026-01-02T12:30,SIN_DEMANDA,0,,,,,,,0,0,0,14,94,1006.6785714285714,90.0
20262,1.0,220,2026-01-02T12:40,SIN_DEMANDA,0,,,,,,,0,0,0,14,94,1006.6785714285714,90.0
20262,1.0,221,2026-01-02T12:50,SIN_DEMANDA,0,,,,,,,0,0,0,14,94,1006.6785714285714,90.0
20262,1.0,222,2026-01-02T13:00,SIN_DEMANDA,0,,,,,,,0,0,0,14,94,1006.6785714285714,90.0
20262,1.0,223,2026-01-02T13:10,SIN_DEMANDA,0,,,,,,,0,0,0,14,94,1006.6785714285714,90.0
20262,1.0,224,2026-01-02T13:20,SIN_DEMANDA,0,,,,,,,0,0,0,14,94,1006.6785714285714,90.0
20262,1.0,225,2026-01-02T13:30,SIN_DEMANDA,0,,,,,,,0,0,0,14,94,1006.6785714285714,90.0
20262,1.0,226,2026-01-02T13:40,SIN_DEMANDA,0,,,,,,,0,0,0,14,94,1006.6785714285714,90.0
20262,1.0,227,2026-01-02T13:50,SIN_DEMANDA,0,,,,,,,0,0,0,14,94,1006.6785714285714,90.0
20262,1.0,228,2026-01-02T14:00,COMPLETA,2680.5509,1928.5,1928.5,112.0,288.0,1,0.20833333333333334,1,0,0,14,94,1006.6785714285714,90.0
20262,1.0,229,2026-01-02T14:10,COMPLETA,4596.4428,1909.0,1823.5,134.0,381.0,1,0.625,2,0,0,14,94,1006.6785714285714,90.0
20262,1.0,230,2026-01-02T14:20,COMPLETA,3500.2415,1909.0,1823.5,134.0,381.0,1,0.625,2,0,0,14,94,1006.6785714285714,90.0
20262,1.0,231,2026-01-02T14:30,COMPLETA,3655.7308,1909.0,1823.5,134.0,381.0,1,0.625,2,0,0,14,94,1006.6785714285714,90.0
20262,1.0,232,2026-01-02T14:40,COMPLETA,4079.8685,1386.3333333333333,362.0,340.0,810.0,2,0.5,3,0,0,14,94,1006.6785714285714,90.0
20262,1.0,233,2026-01-02T14:50,COMPLETA,4435.0622,1544.5,362.0,262.0,753.0,2,0.625,4,0,0,14,94,1006.6785714285714,90.0
20262,1.0,234,2026-01-02T15:00,COMPLETA,4948.9052,1431.7,416.0,466.0,1239.0,4,0.3854166666666667,5,0,4,14,94,1006.6785714285714,90.0
20262,1.0,235,2026-01-02T15:10,SIN_DEMANDA,0,,,,,,,0,0,0,14,94,1006.6785714285714,90.0
20262,1.0,236,2026-01-02T15:20,SIN_DEMANDA,0,,,,,,,0,0,0,14,94,1006.6785714285714,90.0
20262,1.0,237,2026-01-02T15:30,SIN_DEMANDA,0,,,,,,,0,0,0,14,94,1006.6785714285714,90.0
20262,1.0,238,2026-01-02T15:40,SIN_DEMANDA,0,,,,,,,0,0,0,14,94,1006.6785714285714,90.0
20262,1.0,239,2026-01-02T15:50,SIN_DEMANDA,0,,,,,,,0,0,0,14,94,1006.6785714285714,90.0
20262,1.0,240,2026-01-02T16:00,SIN_DEMANDA,0,,,,,,,0,0,0,14,94,1006.6785714285714,90.0
20262,1.0,241,2026-01-02T16:10,SIN_DEMANDA,0,,,,,,,0,0,0,14,94,1006.6785714285714,90.0
20262,1.0,242,2026-01-02T16:20,SIN_DEMANDA,0,,,,,,,0,0,0,14,94,1006.6785714285714,90.0
20262,1.0,243,2026-01-02T16:30,SIN_DEMANDA,0,,,,,,,0,0,0,14,94,1006.6785714285714,90.0
20262,1.0,244,2026-01-02T16:40,SIN_DEMANDA,0,,,,,,,0,0,0,14,94,1006.6785714285714,90.0
20262,1.0,245,2026-01-02T16:50,COMPLETA,2118.8566,20.5,20.5,58.0,207.0,1,0.3333333333333333,1,0,0,15,99,1072.3333333333333,90.0
20262,1.0,246,2026-01-02T17:00,COMPLETA,1954.6807,20.5,20.5,58.0,207.0,1,0.3333333333333333,1,0,0,15,99,1072.3333333333333,90.0
20262,1.0,247,2026-01-02T17:10,COMPLETA,1935.1348,20.5,20.5,58.0,207.0,1,0.3333333333333333,1,0,0,15,99,1072.3333333333333,90.0
20262,1.0,248,2026-01-02T17:20,COMPLETA,1991.7038,20.5,20.5,58.0,207.0,1,0.3333333333333333,1,0,0,15,99,1072.3333333333333,90.0
20262,1.0,249,2026-01-02T17:30,COMPLETA,1933.6729,20.5,20.5,58.0,207.0,1,0.3333333333333333,1,0,0,16,106,1063.40625,90.0
20262,1.0,250,2026-01-02T17:40,COMPLETA,1944.6511,20.5,20.5,58.0,207.0,1,0.3333333333333333,1,0,0,16,106,1063.40625,90.0
20262,1.0,251,2026-01-02T17:50,COMPLETA,2021.7312,20.5,20.5,58.0,147.0,1,0.3333333333333333,1,0,0,16,106,1063.40625,90.0
20262,1.0,252,2026-01-02T18:00,COMPLETA,1697.0566,20.5,20.5,58.0,147.0,1,0.3333333333333333,1,0,0,16,106,1063.40625,90.0
20262,1.0,253,2026-01-02T18:10,COMPLETA,1884.2125,20.5,20.5,58.0,147.0,1,0.3333333333333333,1,0,0,16,106,1063.40625,90.0
20262,1.0,254,2026-01-02T18:20,COMPLETA,1869.3069,20.5,20.5,58.0,147.0,1,0.3333333333333333,1,0,0,17,112,1115.2058823529412,90.0
20262,1.0,255,2026-01-02T18:30,COMPLETA,2039.7339,20.5,20.5,58.0,147.0,1,0.3333333333333333,1,0,1,17,112,1115.2058823529412,90.0
20262,1.0,256,2026-01-02T18:40,COMPLETA,1835.3397,108.0,108.0,70.0,165.0,1,0.25,1,0,1,17,112,1115.2058823529412,90.0
20262,1.0,257,2026-01-02T18:50,SIN_DEMANDA,0,,,,,,,0,0,0,18,122,1157.5555555555557,90.0
20262,1.0,258,2026-01-02T19:00,SIN_DEMANDA,0,,,,,,,0,0,0,18,122,1157.5555555555557,90.0
20262,1.0,259,2026-01-02T19:10,SIN_DEMANDA,0,,,,,,,0,0,0,18,122,1157.5555555555557,90.0
20262,1.0,260,2026-01-02T19:20,SIN_DEMANDA,0,,,,,,,0,0,0,18,122,1157.5555555555557,90.0
20262,1.0,261,2026-01-02T19:30,SIN_DEMANDA,0,,,,,,,0,0,0,18,122,1157.5555555555557,90.0
20262,1.0,262,2026-01-02T19:40,SIN_DEMANDA,0,,,,,,,0,0,0,18,122,1157.5555555555557,90.0
20262,1.0,263,2026-01-02T19:50,SIN_DEMANDA,0,,,,,,,0,0,0,19,131,1118.5263157894738,90.0
20262,1.0,264,2026-01-02T20:00,SIN_DEMANDA,0,,,,,,,0,0,0,19,131,1118.5263157894738,90.0
20262,1.0,265,2026-01-02T20:10,SIN_DEMANDA,0,,,,,,,0,0,0,19,131,1118.5263157894738,90.0
20262,1.0,266,2026-01-02T20:20,SIN_DEMANDA,0,,,,,,,0,0,0,19,131,1118.5263157894738,90.0
20262,1.0,267,2026-01-02T20:30,SIN_DEMANDA,0,,,,,,,0,0,0,20,139,1063.625,20.5
20262,1.0,268,2026-01-02T20:40,SIN_DEMANDA,0,,,,,,,0,0,0,20,139,1063.625,20.5
20262,1.0,269,2026-01-02T20:50,SIN_DEMANDA,0,,,,,,,0,0,0,21,145,1018.1190476190476,20.5
20262,1.0,270,2026-01-02T21:00,SIN_DEMANDA,0,,,,,,,0,0,0,21,145,1018.1190476190476,20.5
20262,1.0,271,2026-01-02T21:10,SIN_DEMANDA,0,,,,,,,0,0,0,21,145,1018.1190476190476,20.5
20262,1.0,272,2026-01-02T21:20,SIN_DEMANDA,0,,,,,,,0,0,0,21,145,1018.1190476190476,20.5
20262,1.0,273,2026-01-02T21:30,SIN_DEMANDA,0,,,,,,,0,0,0,21,145,1018.1190476190476,20.5
20262,1.0,274,2026-01-02T21:40,SIN_DEMANDA,0,,,,,,,0,0,0,21,145,1018.1190476190476,20.5
20262,1.0,275,2026-01-02T21:50,COMPLETA,2016.0805,1894.0,1894.0,94.0,261.0,1,0.2916666666666667,1,0,0,21,145,1018.1190476190476,20.5
20262,1.0,276,2026-01-02T22:00,COMPLETA,1931.7348,1894.0,1894.0,94.0,261.0,1,0.2916666666666667,1,0,0,21,145,1018.1190476190476,20.5
20262,1.0,277,2026-01-02T22:10,COMPLETA,2722.2604,997.25,100.5,124.0,426.0,2,0.1875,2,0,0,21,145,1018.1190476190476,20.5
20262,1.0,278,2026-01-02T22:20,COMPLETA,3177.5929,997.25,100.5,124.0,426.0,2,0.1875,2,0,0,21,145,1018.1190476190476,20.5
20262,1.0,279,2026-01-02T22:30,COMPLETA,2820.0611,997.25,100.5,124.0,426.0,2,0.1875,2,0,0,21,145,1018.1190476190476,20.5
20262,1.0,280,2026-01-02T22:40,COMPLETA,2900.7835,997.25,100.5,124.0,426.0,2,0.1875,2,0,0,21,145,1018.1190476190476,20.5
20262,1.0,281,2026-01-02T22:50,COMPLETA,3426.4351,997.25,100.5,124.0,426.0,2,0.1875,2,0,0,21,145,1018.1190476190476,20.5
20262,1.0,282,2026-01-02T23:00,COMPLETA,3471.7637,997.25,100.5,124.0,426.0,2,0.1875,2,0,2,21,145,1018.1190476190476,20.5
20262,1.0,283,2026-01-02T23:10,SIN_DEMANDA,0,,,,,,,0,0,0,21,145,1018.1190476190476,20.5
20262,1.0,284,2026-01-02T23:20,SIN_DEMANDA,0,,,,,,,0,0,0,21,145,1018.1190476190476,20.5
20262,1.0,285,2026-01-02T23:30,SIN_DEMANDA,0,,,,,,,0,0,0,21,145,1018.1190476190476,20.5
20262,1.0,286,2026-01-02T23:40,COMPLETA,3269.9943,465.5,465.5,98.0,267.0,1,0.375,1,0,0,21,145,1018.1190476190476,20.5
20262,1.0,287,2026-01-02T23:50,COMPLETA,2872.8328,465.5,465.5,98.0,267.0,1,0.375,1,0,0,21,145,1018.1190476190476,20.5
20262,1.0,288,2026-01-03T00:00,COMPLETA,2702.2131,465.5,465.5,98.0,267.0,1,0.375,1,0,0,21,145,1018.1190476190476,20.5
20262,1.0,289,2026-01-03T00:10,COMPLETA,2862.8615,465.5,465.5,98.0,267.0,1,0.375,1,0,0,21,145,1018.1190476190476,20.5
20262,1.0,290,2026-01-03T00:20,COMPLETA,2938.7113,465.5,465.5,98.0,267.0,1,0.375,1,0,0,21,145,1018.1190476190476,20.5
20262,1.0,291,2026-01-03T00:30,COMPLETA,2826.9918,465.5,465.5,98.0,267.0,1,0.375,1,0,0,22,147,976.4090909090909,20.5
20262,1.0,292,2026-01-03T00:40,COMPLETA,4056.1621,465.5,465.5,98.0,267.0,1,0.375,1,0,0,22,147,976.4090909090909,20.5
20262,1.0,293,2026-01-03T00:50,COMPLETA,3767.5222,465.5,465.5,98.0,267.0,1,0.375,1,0,0,22,147,976.4090909090909,20.5
20262,1.0,294,2026-01-03T01:00,COMPLETA,3320.7365,465.5,465.5,98.0,267.0,1,0.375,1,0,0,22,147,976.4090909090909,20.5
20262,1.0,295,2026-01-03T01:10,COMPLETA,3506.406,465.5,465.5,98.0,267.0,1,0.375,1,0,0,22,147,976.4090909090909,20.5
20262,1.0,296,2026-01-03T01:20,COMPLETA,4590.2094,439.5,413.5,168.0,432.0,1,0.7916666666666666,2,0,0,22,147,976.4090909090909,20.5
20262,1.0,297,2026-01-03T01:30,COMPLETA,4511.8185,439.5,413.5,168.0,432.0,1,0.7916666666666666,2,0,0,22,147,976.4090909090909,20.5
20262,1.0,298,2026-01-03T01:40,COMPLETA,4428.9694,439.5,413.5,168.0,432.0,1,0.7916666666666666,2,0,0,22,147,976.4090909090909,20.5
20262,1.0,299,2026-01-03T01:50,COMPLETA,4727.4253,439.5,413.5,168.0,432.0,1,0.7916666666666666,2,0,0,22,147,976.4090909090909,20.5
20262,1.0,300,2026-01-03T02:00,COMPLETA,4631.0873,439.5,413.5,168.0,432.0,1,0.7916666666666666,2,0,0,22,147,976.4090909090909,20.5
20262,1.0,301,2026-01-03T02:10,COMPLETA,4658.3339,439.5,413.5,168.0,432.0,1,0.7916666666666666,2,0,0,23,154,1016.304347826087,20.5
20262,1.0,302,2026-01-03T02:20,COMPLETA,4784.3194,439.5,413.5,168.0,432.0,1,0.7916666666666666,2,0,0,23,154,1016.304347826087,20.5
20262,1.0,303,2026-01-03T02:30,COMPLETA,4615.599,439.5,413.5,168.0,432.0,1,0.7916666666666666,2,0,0,23,154,1016.304347826087,20.5
20262,1.0,304,2026-01-03T02:40,COMPLETA,3869.3196,439.5,413.5,168.0,432.0,1,0.7916666666666666,2,0,0,23,154,1016.304347826087,20.5
20262,1.0,305,2026-01-03T02:50,COMPLETA,3683.617,439.5,413.5,168.0,432.0,1,0.7916666666666666,2,0,0,23,154,1016.304347826087,20.5
20262,1.0,306,2026-01-03T03:00,COMPLETA,4124.422,439.5,413.5,168.0,432.0,1,0.7916666666666666,2,0,0,23,154,1016.304347826087,20.5
20262,1.0,307,2026-01-03T03:10,COMPLETA,3406.9371,749.0,701.5,272.0,588.0,3,0.2638888888888889,2,0,2,23,154,1016.304347826087,20.5
20262,1.0,308,2026-01-03T03:20,COMPLETA,1345.6851,840.5,840.5,70.0,165.0,1,0.08333333333333333,1,0,1,23,154,1016.304347826087,20.5
20262,1.0,309,2026-01-03T03:30,SIN_DEMANDA,0,,,,,,,0,0,0,23,154,1016.304347826087,20.5
20262,1.0,310,2026-01-03T03:40,SIN_DEMANDA,0,,,,,,,0,0,0,23,154,1016.304347826087,20.5
20262,1.0,311,2026-01-03T03:50,SIN_DEMANDA,0,,,,,,,0,0,0,23,154,1016.304347826087,20.5
20262,1.0,312,2026-01-03T04:00,SIN_DEMANDA,0,,,,,,,0,0,0,23,154,1016.304347826087,20.5
20262,1.0,313,2026-01-03T04:10,SIN_DEMANDA,0,,,,,,,0,0,0,23,154,1016.304347826087,20.5
20262,1.0,314,2026-01-03T04:20,COMPLETA,2069.2809,227.5,227.5,88.0,367.0,1,0.2916666666666667,1,0,0,23,154,1016.304347826087,20.5
20262,1.0,315,2026-01-03T04:30,COMPLETA,2038.1965,227.5,227.5,88.0,367.0,1,0.2916666666666667,1,0,0,23,154,1016.304347826087,20.5
20262,1.0,316,2026-01-03T04:40,COMPLETA,2117.6483,227.5,227.5,88.0,367.0,1,0.2916666666666667,1,0,0,23,154,1016.304347826087,20.5
20262,1.0,317,2026-01-03T04:50,COMPLETA,1996.5171,227.5,227.5,88.0,367.0,1,0.2916666666666667,1,0,0,23,154,1016.304347826087,20.5
20262,1.0,318,2026-01-03T05:00,COMPLETA,2083.4603,227.5,227.5,88.0,367.0,1,0.2916666666666667,1,0,0,23,154,1016.304347826087,20.5
20262,1.0,319,2026-01-03T05:10,COMPLETA,2000.6694,227.5,227.5,88.0,367.0,1,0.2916666666666667,1,0,0,23,154,1016.304347826087,20.5
20262,1.0,320,2026-01-03T05:20,COMPLETA,2016.1105,227.5,227.5,88.0,367.0,1,0.2916666666666667,1,0,0,23,156,1016.304347826087,20.5
20262,1.0,321,2026-01-03T05:30,COMPLETA,1957.9829,227.5,227.5,88.0,367.0,1,0.2916666666666667,1,0,0,23,156,1016.304347826087,20.5
20262,1.0,322,2026-01-03T05:40,COMPLETA,2030.4581,227.5,227.5,88.0,367.0,1,0.2916666666666667,1,0,0,23,156,1016.304347826087,20.5
20262,1.0,323,2026-01-03T05:50,COMPLETA,2317.445,227.5,227.5,88.0,367.0,1,0.2916666666666667,1,0,0,23,156,1016.304347826087,20.5
20262,1.0,324,2026-01-03T06:00,COMPLETA,2004.0396,227.5,227.5,88.0,367.0,1,0.2916666666666667,1,0,0,25,173,994.92,20.5
20262,1.0,325,2026-01-03T06:10,COMPLETA,1968.0883,227.5,227.5,88.0,367.0,1,0.2916666666666667,1,0,0,25,173,994.92,20.5
20262,1.0,326,2026-01-03T06:20,COMPLETA,1906.2555,227.5,227.5,88.0,367.0,1,0.2916666666666667,1,0,0,25,173,994.92,20.5
20262,1.0,327,2026-01-03T06:30,COMPLETA,2273.4426,227.5,227.5,88.0,367.0,1,0.2916666666666667,1,0,0,25,173,994.92,20.5
20262,1.0,328,2026-01-03T06:40,COMPLETA,1881.7837,227.5,227.5,88.0,367.0,1,0.2916666666666667,1,0,0,25,173,994.92,20.5
20262,1.0,329,2026-01-03T06:50,COMPLETA,2200.0475,227.5,227.5,88.0,367.0,1,0.2916666666666667,1,0,0,25,173,994.92,20.5
20262,1.0,330,2026-01-03T07:00,COMPLETA,1995.5414,227.5,227.5,88.0,367.0,1,0.2916666666666667,1,0,1,25,173,994.92,20.5
20262,1.0,331,2026-01-03T07:10,SIN_DEMANDA,0,,,,,,,0,0,0,25,173,994.92,20.5
20262,1.0,332,2026-01-03T07:20,SIN_DEMANDA,0,,,,,,,0,0,0,25,173,994.92,20.5
20262,1.0,333,2026-01-03T07:30,SIN_DEMANDA,0,,,,,,,0,0,0,25,173,994.92,20.5
20262,1.0,334,2026-01-03T07:40,SIN_DEMANDA,0,,,,,,,0,0,0,25,173,994.92,20.5
20262,1.0,335,2026-01-03T07:50,SIN_DEMANDA,0,,,,,,,0,0,0,25,173,994.92,20.5
20262,1.0,336,2026-01-03T08:00,SIN_DEMANDA,0,,,,,,,0,0,0,25,173,994.92,20.5
20262,1.0,337,2026-01-03T08:10,SIN_DEMANDA,0,,,,,,,0,0,0,25,173,994.92,20.5
20262,1.0,338,2026-01-03T08:20,SIN_DEMANDA,0,,,,,,,0,0,0,25,173,994.92,20.5
20262,1.0,339,2026-01-03T08:30,SIN_DEMANDA,0,,,,,,,0,0,0,25,173,994.92,20.5
20262,1.0,340,2026-01-03T08:40,COMPLETA,1232.8082,2019.5,2019.5,64.0,223.5,1,0.125,1,0,1,25,173,994.92,20.5
20262,1.0,341,2026-01-03T08:50,SIN_DEMANDA,0,,,,,,,0,0,0,25,173,994.92,20.5
20262,1.0,342,2026-01-03T09:00,SIN_DEMANDA,0,,,,,,,0,0,0,25,173,994.92,20.5
20262,1.0,343,2026-01-03T09:10,SIN_DEMANDA,0,,,,,,,0,0,0,25,173,994.92,20.5
20262,1.0,344,2026-01-03T09:20,SIN_DEMANDA,0,,,,,,,0,0,0,25,173,994.92,20.5
20262,1.0,345,2026-01-03T09:30,SIN_DEMANDA,0,,,,,,,0,0,0,25,173,994.92,20.5
20262,1.0,346,2026-01-03T09:40,SIN_DEMANDA,0,,,,,,,0,0,0,25,173,994.92,20.5
20262,1.0,347,2026-01-03T09:50,SIN_DEMANDA,0,,,,,,,0,0,0,25,173,994.92,20.5
20262,1.0,348,2026-01-03T10:00,SIN_DEMANDA,0,,,,,,,0,0,0,25,173,994.92,20.5
20262,1.0,349,2026-01-03T10:10,COMPLETA,1148.3863,989.5,989.5,38.0,117.0,1,0.125,1,0,1,25,173,994.92,20.5
20262,1.0,350,2026-01-03T10:20,SIN_DEMANDA,0,,,,,,,0,0,0,25,173,994.92,20.5
20262,1.0,351,2026-01-03T10:30,SIN_DEMANDA,0,,,,,,,0,0,0,25,173,994.92,20.5
20262,1.0,352,2026-01-03T10:40,SIN_DEMANDA,0,,,,,,,0,0,0,25,173,994.92,20.5
20262,1.0,353,2026-01-03T10:50,SIN_DEMANDA,0,,,,,,,0,0,0,25,173,994.92,20.5
20262,1.0,354,2026-01-03T11:00,COMPLETA,4018.1813,1019.5,225.0,118.0,357.0,1,0.7083333333333334,2,0,0,26,176,1034.326923076923,20.5
20262,1.0,355,2026-01-03T11:10,COMPLETA,5323.1401,791.1666666666666,228.0,210.0,615.0,2,0.5208333333333334,3,0,0,26,176,1034.326923076923,20.5
20262,1.0,356,2026-01-03T11:20,COMPLETA,4347.5865,791.1666666666666,228.0,210.0,615.0,2,0.5208333333333334,3,0,0,26,176,1034.326923076923,20.5
20262,1.0,357,2026-01-03T11:30,COMPLETA,4635.4853,791.1666666666666,228.0,210.0,615.0,2,0.5208333333333334,3,0,0,26,176,1034.326923076923,20.5
20262,1.0,358,2026-01-03T11:40,COMPLETA,4642.0362,791.1666666666666,228.0,210.0,615.0,2,0.5208333333333334,3,0,0,27,179,1032.6666666666667,20.5
20262,1.0,359,2026-01-03T11:50,COMPLETA,4429.7418,791.1666666666666,228.0,210.0,615.0,2,0.5208333333333334,3,0,0,27,179,1032.6666666666667,20.5
20262,1.0,360,2026-01-03T12:00,COMPLETA,4474.9823,791.1666666666666,228.0,210.0,615.0,2,0.5208333333333334,3,0,0,27,179,1032.6666666666667,20.5
20262,1.0,361,2026-01-03T12:10,COMPLETA,4595.716,791.1666666666666,228.0,210.0,615.0,2,0.5208333333333334,3,0,0,27,179,1032.6666666666667,20.5
20262,1.0,362,2026-01-03T12:20,COMPLETA,4462.4009,791.1666666666666,228.0,210.0,615.0,2,0.5208333333333334,3,0,0,27,179,1032.6666666666667,20.5
20262,1.0,363,2026-01-03T12:30,COMPLETA,4794.5976,791.1666666666666,228.0,210.0,615.0,2,0.5208333333333334,3,0,0,27,179,1032.6666666666667,20.5
20262,1.0,364,2026-01-03T12:40,COMPLETA,5027.7022,791.1666666666666,228.0,210.0,615.0,2,0.5208333333333334,3,0,0,28,186,1003.9107142857143,20.5
20262,1.0,365,2026-01-03T12:50,COMPLETA,5089.2403,791.1666666666666,228.0,210.0,615.0,2,0.5208333333333334,3,0,0,28,186,1003.9107142857143,20.5
20262,1.0,366,2026-01-03T13:00,COMPLETA,5093.794,791.1666666666666,228.0,210.0,615.0,2,0.5208333333333334,3,0,0,28,186,1003.9107142857143,20.5
20262,1.0,367,2026-01-03T13:10,COMPLETA,5084.0402,791.1666666666666,228.0,210.0,615.0,2,0.5208333333333334,3,0,0,28,186,1003.9107142857143,20.5
20262,1.0,368,2026-01-03T13:20,COMPLETA,3949.5549,791.1666666666666,228.0,210.0,615.0,2,0.5208333333333334,3,0,0,28,186,1003.9107142857143,20.5
20262,1.0,369,2026-01-03T13:30,COMPLETA,3906.4588,791.1666666666666,228.0,210.0,615.0,2,0.5208333333333334,3,0,0,28,186,1003.9107142857143,20.5
20262,1.0,370,2026-01-03T13:40,COMPLETA,3773.0127,791.1666666666666,228.0,210.0,615.0,2,0.5208333333333334,3,0,0,28,186,1003.9107142857143,20.5
20262,1.0,371,2026-01-03T13:50,COMPLETA,4008.6746,791.1666666666666,228.0,210.0,615.0,2,0.5208333333333334,3,0,0,28,186,1003.9107142857143,20.5
20262,1.0,372,2026-01-03T14:00,COMPLETA,4127.9683,693.125,225.0,176.0,712.5,3,0.3611111111111111,4,0,0,28,186,1003.9107142857143,20.5
20262,1.0,373,2026-01-03T14:10,COMPLETA,4291.0377,940.4,228.0,304.0,1024.5,4,0.2916666666666667,5,0,0,28,186,1003.9107142857143,20.5
20262,1.0,374,2026-01-03T14:20,COMPLETA,4059.687,940.4,228.0,304.0,1024.5,4,0.2916666666666667,5,0,0,28,186,1003.9107142857143,20.5
20262,1.0,375,2026-01-03T14:30,COMPLETA,4219.945,940.4,228.0,304.0,1024.5,4,0.2916666666666667,5,0,0,28,186,1003.9107142857143,20.5
20262,1.0,376,2026-01-03T14:40,COMPLETA,4574.3298,940.4,228.0,304.0,1024.5,4,0.2916666666666667,5,0,0,28,186,1003.9107142857143,20.5
20262,1.0,377,2026-01-03T14:50,COMPLETA,4052.1933,940.4,228.0,304.0,1024.5,4,0.2916666666666667,5,0,0,28,186,1003.9107142857143,20.5
20262,1.0,378,2026-01-03T15:00,COMPLETA,4247.9278,940.4,228.0,304.0,1024.5,4,0.2916666666666667,5,0,4,28,186,1003.9107142857143,20.5
20262,1.0,379,2026-01-03T15:10,SIN_DEMANDA,0,,,,,,,0,0,0,28,186,1003.9107142857143,20.5
20262,1.0,380,2026-01-03T15:20,SIN_DEMANDA,0,,,,,,,0,0,0,28,186,1003.9107142857143,20.5
20262,1.0,381,2026-01-03T15:30,SIN_DEMANDA,0,,,,,,,0,0,0,28,186,1003.9107142857143,20.5
20262,1.0,382,2026-01-03T15:40,SIN_DEMANDA,0,,,,,,,0,0,0,28,186,1003.9107142857143,20.5
20262,1.0,383,2026-01-03T15:50,SIN_DEMANDA,0,,,,,,,0,0,0,28,186,1003.9107142857143,20.5
20262,1.0,384,2026-01-03T16:00,SIN_DEMANDA,0,,,,,,,0,0,0,28,186,1003.9107142857143,20.5
20262,1.0,385,2026-01-03T16:10,SIN_DEMANDA,0,,,,,,,0,0,0,28,186,1003.9107142857143,20.5
20262,1.0,386,2026-01-03T16:20,COMPLETA,2601.6488,520.5,520.5,102.0,273.0,1,0.25,1,0,0,29,187,980.8793103448276,20.5
20262,1.0,387,2026-01-03T16:30,COMPLETA,2700.7423,520.5,520.5,102.0,273.0,1,0.25,1,0,0,30,195,961.3333333333334,20.5
20262,1.0,388,2026-01-03T16:40,COMPLETA,2749.3833,520.5,520.5,102.0,273.0,1,0.25,1,0,0,30,195,961.3333333333334,20.5
20262,1.0,389,2026-01-03T16:50,COMPLETA,3957.5292,456.5,392.5,136.0,444.0,2,0.14583333333333334,2,0,1,30,195,961.3333333333334,20.5
20262,1.0,390,2026-01-03T17:00,COMPLETA,2756.7912,520.5,520.5,102.0,273.0,1,0.25,1,0,0,31,197,994.5967741935484,20.5
20262,1.0,391,2026-01-03T17:10,COMPLETA,2483.9164,520.5,520.5,102.0,273.0,1,0.25,1,0,0,31,197,994.5967741935484,20.5
20262,1.0,392,2026-01-03T17:20,COMPLETA,2630.3775,520.5,520.5,102.0,273.0,1,0.25,1,0,0,31,197,994.5967741935484,20.5
20262,1.0,393,2026-01-03T17:30,COMPLETA,2456.012,520.5,520.5,102.0,273.0,1,0.25,1,0,0,31,197,994.5967741935484,20.5
20262,1.0,394,2026-01-03T17:40,COMPLETA,2112.3998,520.5,520.5,102.0,273.0,1,0.25,1,0,0,31,197,994.5967741935484,20.5
20262,1.0,395,2026-01-03T17:50,COMPLETA,1947.1287,520.5,520.5,102.0,273.0,1,0.25,1,0,0,32,204,1018.234375,20.5
20262,1.0,396,2026-01-03T18:00,COMPLETA,2043.1746,520.5,520.5,102.0,273.0,1,0.25,1,0,0,32,204,1018.234375,20.5
20262,1.0,397,2026-01-03T18:10,COMPLETA,2552.3589,520.5,520.5,102.0,273.0,1,0.25,1,0,0,32,204,1018.234375,20.5
20262,1.0,398,2026-01-03T18:20,COMPLETA,3724.6687,268.25,16.0,196.0,534.0,2,0.2916666666666667,2,0,0,33,205,999.2727272727273,20.5
20262,1.0,399,2026-01-03T18:30,COMPLETA,3590.9973,268.25,16.0,196.0,534.0,2,0.2916666666666667,2,0,0,33,205,999.2727272727273,20.5
20262,1.0,400,2026-01-03T18:40,COMPLETA,3737.0141,393.5,16.0,208.0,612.0,3,0.2361111111111111,3,0,1,33,205,999.2727272727273,20.5
20262,1.0,401,2026-01-03T18:50,COMPLETA,3441.6999,382.25,244.0,190.0,465.0,2,0.2916666666666667,2,0,0,33,205,999.2727272727273,20.5
20262,1.0,402,2026-01-03T19:00,COMPLETA,3537.3495,382.25,244.0,190.0,465.0,2,0.2916666666666667,2,0,0,33,205,999.2727272727273,20.5
20262,1.0,403,2026-01-03T19:10,COMPLETA,3723.9331,919.8333333333334,244.0,280.0,660.0,3,0.2361111111111111,3,0,1,34,215,976.5882352941177,20.5
20262,1.0,404,2026-01-03T19:20,COMPLETA,3476.4872,382.25,244.0,190.0,465.0,2,0.2916666666666667,2,0,1,34,215,976.5882352941177,20.5
20262,1.0,405,2026-01-03T19:30,COMPLETA,2008.505,520.5,520.5,102.0,273.0,1,0.25,1,0,0,34,215,976.5882352941177,20.5
20262,1.0,406,2026-01-03T19:40,COMPLETA,1915.4054,520.5,520.5,102.0,273.0,1,0.25,1,0,0,34,215,976.5882352941177,20.5
20262,1.0,407,2026-01-03T19:50,COMPLETA,1997.2543,520.5,520.5,102.0,273.0,1,0.25,1,0,0,35,218,967.0857142857143,20.5
20262,1.0,408,2026-01-03T20:00,COMPLETA,2012.6326,520.5,520.5,102.0,273.0,1,0.25,1,0,0,35,218,967.0857142857143,20.5
20262,1.0,409,2026-01-03T20:10,COMPLETA,2287.5995,520.5,520.5,102.0,273.0,1,0.25,1,0,0,35,218,967.0857142857143,20.5
20262,1.0,410,2026-01-03T20:20,COMPLETA,1961.148,520.5,520.5,102.0,273.0,1,0.25,1,0,0,35,218,967.0857142857143,20.5
20262,1.0,411,2026-01-03T20:30,COMPLETA,2022.3332,520.5,520.5,102.0,273.0,1,0.25,1,0,0,35,218,967.0857142857143,20.5
20262,1.0,412,2026-01-03T20:40,COMPLETA,1786.576,520.5,520.5,102.0,273.0,1,0.25,1,0,0,35,218,967.0857142857143,20.5
20262,1.0,413,2026-01-03T20:50,COMPLETA,2502.7154,520.5,520.5,102.0,273.0,1,0.25,1,0,0,35,218,967.0857142857143,20.5
20262,1.0,414,2026-01-03T21:00,COMPLETA,2552.8279,520.5,520.5,102.0,273.0,1,0.25,1,0,0,35,218,967.0857142857143,20.5
20262,1.0,415,2026-01-03T21:10,COMPLETA,2574.9403,520.5,520.5,102.0,273.0,1,0.25,1,0,0,35,218,967.0857142857143,20.5
20262,1.0,416,2026-01-03T21:20,COMPLETA,2592.7666,520.5,520.5,102.0,273.0,1,0.25,1,0,0,35,218,967.0857142857143,20.5
20262,1.0,417,2026-01-03T21:30,COMPLETA,2607.9533,520.5,520.5,102.0,273.0,1,0.25,1,0,0,35,218,967.0857142857143,20.5
20262,1.0,418,2026-01-03T21:40,COMPLETA,3063.5647,520.5,520.5,102.0,273.0,1,0.25,1,0,0,35,218,967.0857142857143,20.5
20262,1.0,419,2026-01-03T21:50,COMPLETA,2724.6746,520.5,520.5,102.0,273.0,1,0.25,1,0,0,36,221,995.6388888888889,20.5
20262,1.0,420,2026-01-03T22:00,COMPLETA,2638.1328,520.5,520.5,102.0,273.0,1,0.25,1,0,0,36,221,995.6388888888889,20.5
20262,1.0,421,2026-01-03T22:10,COMPLETA,4353.187,1161.0,520.5,128.0,372.0,1,0.5833333333333334,2,0,0,36,221,995.6388888888889,20.5
20262,1.0,422,2026-01-03T22:20,COMPLETA,4762.9112,1445.6666666666667,520.5,182.0,573.0,2,0.375,3,0,0,37,229,975.3243243243244,20.5
20262,1.0,423,2026-01-03T22:30,COMPLETA,4710.7318,1445.6666666666667,520.5,182.0,573.0,2,0.375,3,0,0,37,229,975.3243243243244,20.5
20262,1.0,424,2026-01-03T22:40,COMPLETA,4690.9569,1445.6666666666667,520.5,182.0,573.0,2,0.375,3,0,0,37,229,975.3243243243244,20.5
20262,1.0,425,2026-01-03T22:50,COMPLETA,4219.7268,1445.6666666666667,520.5,182.0,573.0,2,0.375,3,0,0,37,229,975.3243243243244,20.5
20262,1.0,426,2026-01-03T23:00,COMPLETA,3801.8586,1445.6666666666667,520.5,182.0,573.0,2,0.375,3,0,2,37,229,975.3243243243244,20.5
20262,1.0,427,2026-01-03T23:10,SIN_DEMANDA,0,,,,,,,0,0,0,37,229,975.3243243243244,20.5
20262,1.0,428,2026-01-03T23:20,SIN_DEMANDA,0,,,,,,,0,0,0,37,229,975.3243243243244,20.5
20262,1.0,429,2026-01-03T23:30,SIN_DEMANDA,0,,,,,,,0,0,0,37,229,975.3243243243244,20.5
20262,1.0,430,2026-01-03T23:40,SIN_DEMANDA,0,,,,,,,0,0,0,37,229,975.3243243243244,20.5
20262,1.0,431,2026-01-03T23:50,SIN_DEMANDA,0,,,,,,,0,0,0,37,229,975.3243243243244,20.5
20262,1.0,432,2026-01-04T00:00,SIN_DEMANDA,0,,,,,,,0,0,0,37,229,975.3243243243244,20.5
20262,1.0,433,2026-01-04T00:10,SIN_DEMANDA,0,,,,,,,0,0,0,37,229,975.3243243243244,20.5
20262,1.0,434,2026-01-04T00:20,SIN_DEMANDA,0,,,,,,,0,0,0,37,229,975.3243243243244,20.5
20262,1.0,435,2026-01-04T00:30,SIN_DEMANDA,0,,,,,,,0,0,0,37,229,975.3243243243244,20.5
20262,1.0,436,2026-01-04T00:40,SIN_DEMANDA,0,,,,,,,0,0,0,37,229,975.3243243243244,20.5
20262,1.0,437,2026-01-04T00:50,SIN_DEMANDA,0,,,,,,,0,0,0,38,233,1002.6842105263158,20.5
20262,1.0,438,2026-01-04T01:00,SIN_DEMANDA,0,,,,,,,0,0,0,38,233,1002.6842105263158,20.5
20262,1.0,439,2026-01-04T01:10,SIN_DEMANDA,0,,,,,,,0,0,0,38,233,1002.6842105263158,20.5
20262,1.0,440,2026-01-04T01:20,COMPLETA,2219.7976,559.0,559.0,114.0,291.0,1,0.3333333333333333,1,0,0,38,233,1002.6842105263158,20.5
20262,1.0,441,2026-01-04T01:30,COMPLETA,2208.9478,559.0,559.0,114.0,291.0,1,0.3333333333333333,1,0,0,38,233,1002.6842105263158,20.5
20262,1.0,442,2026-01-04T01:40,COMPLETA,2053.0217,559.0,559.0,114.0,291.0,1,0.3333333333333333,1,0,0,39,239,990.3205128205128,20.5
20262,1.0,443,2026-01-04T01:50,COMPLETA,2250.1367,559.0,559.0,114.0,291.0,1,0.3333333333333333,1,0,0,39,239,990.3205128205128,20.5
20262,1.0,444,2026-01-04T02:00,COMPLETA,3104.9162,779.25,559.0,140.0,390.0,2,0.20833333333333334,2,0,1,39,239,990.3205128205128,20.5
20262,1.0,445,2026-01-04T02:10,COMPLETA,2337.2032,559.0,559.0,114.0,291.0,1,0.3333333333333333,1,0,0,39,239,990.3205128205128,20.5
20262,1.0,446,2026-01-04T02:20,COMPLETA,2096.8637,559.0,559.0,114.0,291.0,1,0.3333333333333333,1,0,0,39,239,990.3205128205128,20.5
20262,1.0,447,2026-01-04T02:30,COMPLETA,3696.8204,323.75,88.5,170.0,435.0,2,0.3125,2,0,1,39,239,990.3205128205128,20.5
20262,1.0,448,2026-01-04T02:40,COMPLETA,2370.9639,559.0,559.0,114.0,291.0,1,0.3333333333333333,1,0,0,39,239,990.3205128205128,20.5
20262,1.0,449,2026-01-04T02:50,COMPLETA,2013.2201,559.0,559.0,114.0,291.0,1,0.3333333333333333,1,0,0,39,239,990.3205128205128,20.5
20262,1.0,450,2026-01-04T03:00,COMPLETA,2027.8103,559.0,559.0,114.0,291.0,1,0.3333333333333333,1,0,0,39,239,990.3205128205128,20.5
20262,1.0,451,2026-01-04T03:10,COMPLETA,1954.7409,559.0,559.0,114.0,291.0,1,0.3333333333333333,1,0,0,39,239,990.3205128205128,20.5
20262,1.0,452,2026-01-04T03:20,COMPLETA,2098.8471,559.0,559.0,114.0,291.0,1,0.3333333333333333,1,0,0,40,241,990.55,20.5
20262,1.0,453,2026-01-04T03:30,COMPLETA,1982.2261,559.0,559.0,114.0,291.0,1,0.3333333333333333,1,0,0,40,241,990.55,20.5
20262,1.0,454,2026-01-04T03:40,COMPLETA,2225.1989,559.0,559.0,114.0,291.0,1,0.3333333333333333,1,0,0,40,241,990.55,20.5
20262,1.0,455,2026-01-04T03:50,COMPLETA,2208.8099,559.0,559.0,114.0,291.0,1,0.3333333333333333,1,0,0,40,241,990.55,20.5
20262,1.0,456,2026-01-04T04:00,COMPLETA,1995.6856,559.0,559.0,114.0,291.0,1,0.3333333333333333,1,0,0,40,241,990.55,20.5
20262,1.0,457,2026-01-04T04:10,COMPLETA,1983.1563,559.0,559.0,114.0,291.0,1,0.3333333333333333,1,0,0,41,249,1010.329268292683,20.5
20262,1.0,458,2026-01-04T04:20,COMPLETA,2012.7244,559.0,559.0,114.0,291.0,1,0.3333333333333333,1,0,0,41,249,1010.329268292683,20.5
20262,1.0,459,2026-01-04T04:30,COMPLETA,2053.566,559.0,559.0,114.0,291.0,1,0.3333333333333333,1,0,0,41,249,1010.329268292683,20.5
20262,1.0,460,2026-01-04T04:40,COMPLETA,3570.9034,345.25,131.5,148.0,402.0,2,0.3125,2,0,0,41,249,1010.329268292683,20.5
20262,1.0,461,2026-01-04T04:50,COMPLETA,3657.9398,345.25,131.5,148.0,402.0,2,0.3125,2,0,1,41,249,1010.329268292683,20.5
20262,1.0,462,2026-01-04T05:00,COMPLETA,1776.7454,559.0,559.0,114.0,291.0,1,0.3333333333333333,1,0,0,42,256,988.3809523809524,20.5
20262,1.0,463,2026-01-04T05:10,COMPLETA,2140.2013,559.0,559.0,114.0,291.0,1,0.3333333333333333,1,0,0,42,256,988.3809523809524,20.5
20262,1.0,464,2026-01-04T05:20,COMPLETA,2267.5533,559.0,559.0,114.0,291.0,1,0.3333333333333333,1,0,0,42,256,988.3809523809524,20.5
20262,1.0,465,2026-01-04T05:30,COMPLETA,2436.6199,559.0,559.0,114.0,291.0,1,0.3333333333333333,1,0,0,42,256,988.3809523809524,20.5
20262,1.0,466,2026-01-04T05:40,COMPLETA,2433.1682,559.0,559.0,114.0,291.0,1,0.3333333333333333,1,0,0,42,256,988.3809523809524,20.5
20262,1.0,467,2026-01-04T05:50,COMPLETA,2728.9575,559.0,559.0,114.0,291.0,1,0.3333333333333333,1,0,0,42,256,988.3809523809524,20.5
20262,1.0,468,2026-01-04T06:00,COMPLETA,2437.5465,559.0,559.0,114.0,291.0,1,0.3333333333333333,1,0,0,42,256,988.3809523809524,20.5
20262,1.0,469,2026-01-04T06:10,COMPLETA,2509.9541,559.0,559.0,114.0,291.0,1,0.3333333333333333,1,0,0,42,256,988.3809523809524,20.5
20262,1.0,470,2026-01-04T06:20,COMPLETA,4455.8765,1192.25,559.0,116.0,354.0,1,0.5833333333333334,2,0,0,43,263,968.453488372093,20.5
20262,1.0,471,2026-01-04T06:30,COMPLETA,4610.6245,1192.25,559.0,116.0,354.0,1,0.5833333333333334,2,0,0,43,263,968.453488372093,20.5
20262,1.0,472,2026-01-04T06:40,COMPLETA,5476.1047,1459.0,463.0,218.0,627.0,2,0.4791666666666667,3,0,0,43,263,968.453488372093,20.5
20262,1.0,473,2026-01-04T06:50,COMPLETA,4254.3191,1459.0,463.0,218.0,627.0,2,0.4791666666666667,3,0,0,43,263,968.453488372093,20.5
20262,1.0,474,2026-01-04T07:00,COMPLETA,4520.1993,1459.0,463.0,218.0,627.0,2,0.4791666666666667,3,0,2,43,263,968.453488372093,20.5
20262,1.0,475,2026-01-04T07:10,SIN_DEMANDA,0,,,,,,,0,0,0,43,263,968.453488372093,20.5
20262,1.0,476,2026-01-04T07:20,SIN_DEMANDA,0,,,,,,,0,0,0,43,263,968.453488372093,20.5
20262,1.0,477,2026-01-04T07:30,SIN_DEMANDA,0,,,,,,,0,0,0,43,263,968.453488372093,20.5
20262,1.0,478,2026-01-04T07:40,SIN_DEMANDA,0,,,,,,,0,0,0,43,263,968.453488372093,20.5
20262,1.0,479,2026-01-04T07:50,SIN_DEMANDA,0,,,,,,,0,0,0,43,263,968.453488372093,20.5
20262,1.0,480,2026-01-04T08:00,SIN_DEMANDA,0,,,,,,,0,0,0,43,263,968.453488372093,20.5
20262,1.0,481,2026-01-04T08:10,SIN_DEMANDA,0,,,,,,,0,0,0,43,263,968.453488372093,20.5
20262,1.0,482,2026-01-04T08:20,SIN_DEMANDA,0,,,,,,,0,0,0,43,263,968.453488372093,20.5
20262,1.0,483,2026-01-04T08:30,SIN_DEMANDA,0,,,,,,,0,0,0,43,263,968.453488372093,20.5
20262,1.0,484,2026-01-04T08:40,SIN_DEMANDA,0,,,,,,,0,0,0,43,263,968.453488372093,20.5
20262,1.0,485,2026-01-04T08:50,SIN_DEMANDA,0,,,,,,,0,0,0,43,263,968.453488372093,20.5
20262,1.0,486,2026-01-04T09:00,SIN_DEMANDA,0,,,,,,,0,0,0,43,263,968.453488372093,20.5
20262,1.0,487,2026-01-04T09:10,COMPLETA,2967.685,1569.5,1569.5,108.0,339.5,1,0.25,1,0,0,43,263,968.453488372093,20.5
20262,1.0,488,2026-01-04T09:20,COMPLETA,2801.7455,1569.5,1569.5,108.0,339.5,1,0.25,1,0,0,43,263,968.453488372093,20.5
20262,1.0,489,2026-01-04T09:30,COMPLETA,2520.7224,1569.5,1569.5,108.0,339.5,1,0.25,1,0,0,43,263,968.453488372093,20.5
20262,1.0,490,2026-01-04T09:40,COMPLETA,2631.9375,1569.5,1569.5,108.0,339.5,1,0.25,1,0,0,43,263,968.453488372093,20.5
20262,1.0,491,2026-01-04T09:50,COMPLETA,2794.602,1569.5,1569.5,108.0,339.5,1,0.25,1,0,0,44,272,991.3181818181819,20.5
20262,1.0,492,2026-01-04T10:00,COMPLETA,3020.7251,1569.5,1569.5,108.0,339.5,1,0.25,1,0,0,45,278,1012.3888888888889,20.5
20262,1.0,493,2026-01-04T10:10,COMPLETA,2758.9179,1569.5,1569.5,108.0,339.5,1,0.25,1,0,0,45,278,1012.3888888888889,20.5
20262,1.0,494,2026-01-04T10:20,COMPLETA,3694.0727,1816.75,1569.5,144.0,453.5,2,0.1875,2,0,1,45,278,1012.3888888888889,20.5
20262,1.0,495,2026-01-04T10:30,COMPLETA,2380.8632,1569.5,1569.5,108.0,339.5,1,0.25,1,0,0,45,278,1012.3888888888889,20.5
20262,1.0,496,2026-01-04T10:40,COMPLETA,2681.0461,1569.5,1569.5,108.0,339.5,1,0.25,1,0,0,45,278,1012.3888888888889,20.5
20262,1.0,497,2026-01-04T10:50,COMPLETA,2582.0123,1569.5,1569.5,108.0,339.5,1,0.25,1,0,0,45,278,1012.3888888888889,20.5
20262,1.0,498,2026-01-04T11:00,COMPLETA,3927.9565,1811.0,1569.5,162.0,480.5,2,0.20833333333333334,2,0,1,45,278,1012.3888888888889,20.5
20262,1.0,499,2026-01-04T11:10,COMPLETA,2727.7951,1569.5,1569.5,108.0,339.5,1,0.25,1,0,0,45,278,1012.3888888888889,20.5
20262,1.0,500,2026-01-04T11:20,COMPLETA,2649.4026,1569.5,1569.5,108.0,339.5,1,0.25,1,0,0,45,278,1012.3888888888889,20.5
20262,1.0,501,2026-01-04T11:30,COMPLETA,2530.1133,1569.5,1569.5,108.0,339.5,1,0.25,1,0,0,45,278,1012.3888888888889,20.5
20262,1.0,502,2026-01-04T11:40,COMPLETA,2733.5016,1569.5,1569.5,108.0,339.5,1,0.25,1,0,0,46,286,1000.445652173913,20.5
20262,1.0,503,2026-01-04T11:50,COMPLETA,2577.7315,1569.5,1569.5,108.0,339.5,1,0.25,1,0,0,47,289,1023.0744680851063,20.5
20262,1.0,504,2026-01-04T12:00,COMPLETA,3669.0567,1823.25,1569.5,136.0,441.5,2,0.1875,2,0,1,47,289,1023.0744680851063,20.5
20262,1.0,505,2026-01-04T12:10,COMPLETA,2251.4894,1569.5,1569.5,108.0,339.5,1,0.25,1,0,0,47,289,1023.0744680851063,20.5
20262,1.0,506,2026-01-04T12:20,COMPLETA,2224.5996,1569.5,1569.5,108.0,339.5,1,0.25,1,0,0,47,289,1023.0744680851063,20.5
20262,1.0,507,2026-01-04T12:30,COMPLETA,2147.7451,1569.5,1569.5,108.0,339.5,1,0.25,1,0,0,47,289,1023.0744680851063,20.5
20262,1.0,508,2026-01-04T12:40,COMPLETA,1962.1424,1569.5,1569.5,108.0,339.5,1,0.25,1,0,0,47,289,1023.0744680851063,20.5
20262,1.0,509,2026-01-04T12:50,COMPLETA,2170.5796,1569.5,1569.5,108.0,339.5,1,0.25,1,0,0,48,293,1044.5208333333333,20.5
20262,1.0,510,2026-01-04T13:00,COMPLETA,2120.92,1569.5,1569.5,108.0,339.5,1,0.25,1,0,0,48,293,1044.5208333333333,20.5
20262,1.0,511,2026-01-04T13:10,COMPLETA,2151.4618,1569.5,1569.5,108.0,339.5,1,0.25,1,0,0,48,293,1044.5208333333333,20.5
20262,1.0,512,2026-01-04T13:20,COMPLETA,2108.7661,1569.5,1569.5,108.0,339.5,1,0.25,1,0,0,48,293,1044.5208333333333,20.5
20262,1.0,513,2026-01-04T13:30,COMPLETA,2270.4102,1569.5,1569.5,108.0,339.5,1,0.25,1,0,0,49,296,1065.591836734694,20.5
20262,1.0,514,2026-01-04T13:40,COMPLETA,3205.4822,956.0,303.0,80.0,300.0,1,0.2916666666666667,2,0,0,49,296,1065.591836734694,20.5
20262,1.0,515,2026-01-04T13:50,COMPLETA,3482.5423,956.0,303.0,80.0,300.0,1,0.2916666666666667,2,0,0,49,296,1065.591836734694,20.5
20262,1.0,516,2026-01-04T14:00,COMPLETA,3660.897,956.0,303.0,80.0,300.0,1,0.2916666666666667,2,0,0,49,296,1065.591836734694,20.5
20262,1.0,517,2026-01-04T14:10,COMPLETA,3375.6857,956.0,303.0,80.0,300.0,1,0.2916666666666667,2,0,0,49,296,1065.591836734694,20.5
20262,1.0,518,2026-01-04T14:20,COMPLETA,3459.9429,956.0,303.0,80.0,300.0,1,0.2916666666666667,2,0,0,49,296,1065.591836734694,20.5
20262,1.0,519,2026-01-04T14:30,COMPLETA,3430.1679,956.0,303.0,80.0,300.0,1,0.2916666666666667,2,0,0,49,296,1065.591836734694,20.5
20262,1.0,520,2026-01-04T14:40,COMPLETA,3573.2969,956.0,303.0,80.0,300.0,1,0.2916666666666667,2,0,0,49,296,1065.591836734694,20.5
20262,1.0,521,2026-01-04T14:50,COMPLETA,3536.2703,956.0,303.0,80.0,300.0,1,0.2916666666666667,2,0,0,49,296,1065.591836734694,20.5
20262,1.0,522,2026-01-04T15:00,COMPLETA,3661.9576,956.0,303.0,80.0,300.0,1,0.2916666666666667,2,0,1,49,296,1065.591836734694,20.5
20262,1.0,523,2026-01-04T15:10,SIN_DEMANDA,0,,,,,,,0,0,0,49,296,1065.591836734694,20.5
20262,1.0,524,2026-01-04T15:20,SIN_DEMANDA,0,,,,,,,0,0,0,49,296,1065.591836734694,20.5
20262,1.0,525,2026-01-04T15:30,SIN_DEMANDA,0,,,,,,,0,0,0,49,296,1065.591836734694,20.5
20262,1.0,526,2026-01-04T15:40,COMPLETA,2696.8316,63.5,63.5,84.0,263.5,1,0.20833333333333334,1,0,1,49,296,1065.591836734694,20.5
20262,1.0,527,2026-01-04T15:50,SIN_DEMANDA,0,,,,,,,0,0,0,49,296,1065.591836734694,20.5
20262,1.0,528,2026-01-04T16:00,COMPLETA,2759.9886,1514.5,1514.5,132.0,318.0,1,0.3333333333333333,1,0,0,49,296,1065.591836734694,20.5
20262,1.0,529,2026-01-04T16:10,COMPLETA,2861.4775,1514.5,1514.5,132.0,318.0,1,0.3333333333333333,1,0,0,49,296,1065.591836734694,20.5
20262,1.0,530,2026-01-04T16:20,COMPLETA,2456.1746,1514.5,1514.5,132.0,318.0,1,0.3333333333333333,1,0,0,49,296,1065.591836734694,20.5
20262,1.0,531,2026-01-04T16:30,COMPLETA,2226.0349,1514.5,1514.5,132.0,318.0,1,0.3333333333333333,1,0,0,49,296,1065.591836734694,20.5
20262,1.0,532,2026-01-04T16:40,COMPLETA,3106.8704,952.5,390.5,142.0,472.0,2,0.22916666666666666,2,0,1,50,297,1050.34,20.5
20262,1.0,533,2026-01-04T16:50,COMPLETA,2344.7081,1514.5,1514.5,132.0,318.0,1,0.3333333333333333,1,0,0,50,297,1050.34,20.5
20262,1.0,534,2026-01-04T17:00,COMPLETA,2505.8008,1514.5,1514.5,132.0,318.0,1,0.3333333333333333,1,0,0,50,297,1050.34,20.5
20262,1.0,535,2026-01-04T17:10,COMPLETA,2329.9787,1514.5,1514.5,132.0,318.0,1,0.3333333333333333,1,0,0,50,297,1050.34,20.5
20262,1.0,536,2026-01-04T17:20,COMPLETA,2481.3952,1514.5,1514.5,132.0,318.0,1,0.3333333333333333,1,0,0,50,297,1050.34,20.5
20262,1.0,537,2026-01-04T17:30,COMPLETA,2730.1745,1514.5,1514.5,132.0,318.0,1,0.3333333333333333,1,0,0,50,297,1050.34,20.5
20262,1.0,538,2026-01-04T17:40,COMPLETA,2532.4519,1514.5,1514.5,132.0,318.0,1,0.3333333333333333,1,0,0,50,297,1050.34,20.5
20262,1.0,539,2026-01-04T17:50,COMPLETA,2605.7783,1514.5,1514.5,132.0,318.0,1,0.3333333333333333,1,0,0,50,297,1050.34,20.5
20262,1.0,540,2026-01-04T18:00,COMPLETA,3946.8203,1789.25,1514.5,194.0,471.0,2,0.25,2,0,1,50,297,1050.34,20.5
20262,1.0,541,2026-01-04T18:10,COMPLETA,2653.9625,1514.5,1514.5,132.0,318.0,1,0.3333333333333333,1,0,0,51,300,1037.4019607843138,20.5
20262,1.0,542,2026-01-04T18:20,COMPLETA,2442.1832,1514.5,1514.5,132.0,318.0,1,0.3333333333333333,1,0,0,52,306,1048.3942307692307,20.5
20262,1.0,543,2026-01-04T18:30,COMPLETA,2614.8464,1514.5,1514.5,132.0,318.0,1,0.3333333333333333,1,0,0,52,306,1048.3942307692307,20.5
20262,1.0,544,2026-01-04T18:40,COMPLETA,2074.5503,1514.5,1514.5,132.0,318.0,1,0.3333333333333333,1,0,0,53,311,1029.811320754717,20.5
20262,1.0,545,2026-01-04T18:50,COMPLETA,2268.8069,1514.5,1514.5,132.0,318.0,1,0.3333333333333333,1,0,0,53,311,1029.811320754717,20.5
20262,1.0,546,2026-01-04T19:00,COMPLETA,1966.2452,1514.5,1514.5,132.0,318.0,1,0.3333333333333333,1,0,0,53,311,1029.811320754717,20.5
20262,1.0,547,2026-01-04T19:10,COMPLETA,2465.5453,1514.5,1514.5,132.0,318.0,1,0.3333333333333333,1,0,0,53,311,1029.811320754717,20.5
20262,1.0,548,2026-01-04T19:20,COMPLETA,2445.0985,1514.5,1514.5,132.0,318.0,1,0.3333333333333333,1,0,0,53,311,1029.811320754717,20.5
20262,1.0,549,2026-01-04T19:30,COMPLETA,2375.4577,1514.5,1514.5,132.0,318.0,1,0.3333333333333333,1,0,0,54,315,1048.962962962963,20.5
20262,1.0,550,2026-01-04T19:40,COMPLETA,3052.0463,1514.5,1514.5,132.0,318.0,1,0.3333333333333333,1,0,0,54,315,1048.962962962963,20.5
20262,1.0,551,2026-01-04T19:50,COMPLETA,3734.7104,1253.25,992.0,164.0,426.0,2,0.1875,2,0,1,54,315,1048.962962962963,20.5
20262,1.0,552,2026-01-04T20:00,COMPLETA,2484.1302,1514.5,1514.5,132.0,318.0,1,0.3333333333333333,1,0,0,54,315,1048.962962962963,20.5
20262,1.0,553,2026-01-04T20:10,COMPLETA,2442.0637,1514.5,1514.5,132.0,318.0,1,0.3333333333333333,1,0,0,54,315,1048.962962962963,20.5
20262,1.0,554,2026-01-04T20:20,COMPLETA,2399.213,1514.5,1514.5,132.0,318.0,1,0.3333333333333333,1,0,0,54,315,1048.962962962963,20.5
20262,1.0,555,2026-01-04T20:30,COMPLETA,2263.206,1514.5,1514.5,132.0,318.0,1,0.3333333333333333,1,0,0,54,315,1048.962962962963,20.5
20262,1.0,556,2026-01-04T20:40,COMPLETA,2371.1377,1514.5,1514.5,132.0,318.0,1,0.3333333333333333,1,0,0,54,315,1048.962962962963,20.5
20262,1.0,557,2026-01-04T20:50,COMPLETA,2545.8455,1514.5,1514.5,132.0,318.0,1,0.3333333333333333,1,0,0,54,315,1048.962962962963,20.5
20262,1.0,558,2026-01-04T21:00,COMPLETA,2607.4577,1514.5,1514.5,132.0,318.0,1,0.3333333333333333,1,0,0,54,315,1048.962962962963,20.5
20262,1.0,559,2026-01-04T21:10,COMPLETA,2641.7935,1514.5,1514.5,132.0,318.0,1,0.3333333333333333,1,0,0,54,315,1048.962962962963,20.5
20262,1.0,560,2026-01-04T21:20,COMPLETA,2461.5646,1514.5,1514.5,132.0,318.0,1,0.3333333333333333,1,0,0,55,316,1047.9272727272728,20.5
20262,1.0,561,2026-01-04T21:30,COMPLETA,2831.7324,1514.5,1514.5,132.0,318.0,1,0.3333333333333333,1,0,0,55,316,1047.9272727272728,20.5
20262,1.0,562,2026-01-04T21:40,COMPLETA,2469.8362,1514.5,1514.5,132.0,318.0,1,0.3333333333333333,1,0,0,55,316,1047.9272727272728,20.5
20262,1.0,563,2026-01-04T21:50,COMPLETA,2417.9535,1514.5,1514.5,132.0,318.0,1,0.3333333333333333,1,0,0,55,316,1047.9272727272728,20.5
20262,1.0,564,2026-01-04T22:00,COMPLETA,4477.953,956.0,457.5,132.0,378.0,1,0.7083333333333334,2,0,0,55,316,1047.9272727272728,20.5
20262,1.0,565,2026-01-04T22:10,COMPLETA,5024.549,956.0,457.5,132.0,378.0,1,0.7083333333333334,2,0,0,55,316,1047.9272727272728,20.5
20262,1.0,566,2026-01-04T22:20,COMPLETA,4368.3966,956.0,457.5,132.0,378.0,1,0.7083333333333334,2,0,0,55,316,1047.9272727272728,20.5
20262,1.0,567,2026-01-04T22:30,COMPLETA,4249.4823,956.0,457.5,132.0,378.0,1,0.7083333333333334,2,0,0,55,316,1047.9272727272728,20.5
20262,1.0,568,2026-01-04T22:40,COMPLETA,4240.3715,956.0,457.5,132.0,378.0,1,0.7083333333333334,2,0,0,55,316,1047.9272727272728,20.5
20262,1.0,569,2026-01-04T22:50,COMPLETA,3925.3783,956.0,457.5,132.0,378.0,1,0.7083333333333334,2,0,0,55,316,1047.9272727272728,20.5
20262,1.0,570,2026-01-04T23:00,COMPLETA,4168.9368,956.0,457.5,132.0,378.0,1,0.7083333333333334,2,0,1,55,316,1047.9272727272728,20.5
20262,1.0,571,2026-01-04T23:10,SIN_DEMANDA,0,,,,,,,0,0,0,55,316,1047.9272727272728,20.5
20262,1.0,572,2026-01-04T23:20,SIN_DEMANDA,0,,,,,,,0,0,0,55,316,1047.9272727272728,20.5
20262,1.0,573,2026-01-04T23:30,SIN_DEMANDA,0,,,,,,,0,0,0,55,316,1047.9272727272728,20.5
20262,1.0,574,2026-01-04T23:40,SIN_DEMANDA,0,,,,,,,0,0,0,55,316,1047.9272727272728,20.5
20262,1.0,575,2026-01-04T23:50,SIN_DEMANDA,0,,,,,,,0,0,0,55,316,1047.9272727272728,20.5
20262,1.0,576,2026-01-05T00:00,SIN_DEMANDA,0,,,,,,,0,0,0,55,316,1047.9272727272728,20.5
20262,1.0,577,2026-01-05T00:10,SIN_DEMANDA,0,,,,,,,0,0,0,55,316,1047.9272727272728,20.5
20262,1.0,578,2026-01-05T00:20,SIN_DEMANDA,0,,,,,,,0,0,0,55,316,1047.9272727272728,20.5
20262,1.0,579,2026-01-05T00:30,COMPLETA,2726.1619,1225.5,396.0,88.0,372.0,2,0.10416666666666667,2,0,2,55,316,1047.9272727272728,20.5
20262,1.0,580,2026-01-05T00:40,SIN_DEMANDA,0,,,,,,,0,0,0,55,316,1047.9272727272728,20.5
20262,1.0,581,2026-01-05T00:50,SIN_DEMANDA,0,,,,,,,0,0,0,55,316,1047.9272727272728,20.5
20262,1.0,582,2026-01-05T01:00,SIN_DEMANDA,0,,,,,,,0,0,0,55,316,1047.9272727272728,20.5
20262,1.0,583,2026-01-05T01:10,SIN_DEMANDA,0,,,,,,,0,0,0,55,316,1047.9272727272728,20.5
20262,1.0,584,2026-01-05T01:20,SIN_DEMANDA,0,,,,,,,0,0,0,55,316,1047.9272727272728,20.5
20262,1.0,585,2026-01-05T01:30,SIN_DEMANDA,0,,,,,,,0,0,0,55,316,1047.9272727272728,20.5
20262,1.0,586,2026-01-05T01:40,SIN_DEMANDA,0,,,,,,,0,0,0,55,316,1047.9272727272728,20.5
20262,1.0,587,2026-01-05T01:50,SIN_DEMANDA,0,,,,,,,0,0,0,55,316,1047.9272727272728,20.5
20262,1.0,588,2026-01-05T02:00,SIN_DEMANDA,0,,,,,,,0,0,0,56,317,1036.2857142857142,20.5
20262,1.0,589,2026-01-05T02:10,SIN_DEMANDA,0,,,,,,,0,0,0,56,317,1036.2857142857142,20.5
20262,1.0,590,2026-01-05T02:20,SIN_DEMANDA,0,,,,,,,0,0,0,58,330,1043.8706896551723,20.5
20262,1.0,591,2026-01-05T02:30,SIN_DEMANDA,0,,,,,,,0,0,0,58,330,1043.8706896551723,20.5
20262,1.0,592,2026-01-05T02:40,SIN_DEMANDA,0,,,,,,,0,0,0,58,330,1043.8706896551723,20.5
20262,1.0,593,2026-01-05T02:50,SIN_DEMANDA,0,,,,,,,0,0,0,58,330,1043.8706896551723,20.5
20262,1.0,594,2026-01-05T03:00,SIN_DEMANDA,0,,,,,,,0,0,0,58,330,1043.8706896551723,20.5
20262,1.0,595,2026-01-05T03:10,COMPLETA,2679.2154,1742.0,1742.0,98.0,267.0,1,0.2916666666666667,1,0,0,58,330,1043.8706896551723,20.5
20262,1.0,596,2026-01-05T03:20,COMPLETA,2393.2466,1742.0,1742.0,98.0,267.0,1,0.2916666666666667,1,0,0,58,330,1043.8706896551723,20.5
20262,1.0,597,2026-01-05T03:30,COMPLETA,2680.4121,1742.0,1742.0,98.0,267.0,1,0.2916666666666667,1,0,0,58,330,1043.8706896551723,20.5
20262,1.0,598,2026-01-05T03:40,COMPLETA,2817.4308,1742.0,1742.0,98.0,267.0,1,0.2916666666666667,1,0,0,59,338,1050.8305084745762,20.5
20262,1.0,599,2026-01-05T03:50,COMPLETA,2904.4652,1742.0,1742.0,98.0,267.0,1,0.2916666666666667,1,0,0,59,338,1050.8305084745762,20.5
20262,1.0,600,2026-01-05T04:00,COMPLETA,2825.6289,1742.0,1742.0,98.0,267.0,1,0.2916666666666667,1,0,0,59,338,1050.8305084745762,20.5
20262,1.0,601,2026-01-05T04:10,COMPLETA,2508.2995,1742.0,1742.0,98.0,267.0,1,0.2916666666666667,1,0,0,59,338,1050.8305084745762,20.5
20262,1.0,602,2026-01-05T04:20,COMPLETA,4345.3506,1196.0,767.0,136.0,384.0,1,0.6666666666666666,2,0,0,59,338,1050.8305084745762,20.5
20262,1.0,603,2026-01-05T04:30,COMPLETA,4557.4937,1196.0,767.0,136.0,384.0,1,0.6666666666666666,2,0,0,59,338,1050.8305084745762,20.5
20262,1.0,604,2026-01-05T04:40,COMPLETA,4732.0465,1196.0,767.0,136.0,384.0,1,0.6666666666666666,2,0,0,59,338,1050.8305084745762,20.5
20262,1.0,605,2026-01-05T04:50,COMPLETA,4646.4374,1196.0,767.0,136.0,384.0,1,0.6666666666666666,2,0,0,59,338,1050.8305084745762,20.5
20262,1.0,606,2026-01-05T05:00,COMPLETA,5028.4528,1196.0,767.0,136.0,384.0,1,0.6666666666666666,2,0,0,59,338,1050.8305084745762,20.5
20262,1.0,607,2026-01-05T05:10,COMPLETA,4796.2209,1196.0,767.0,136.0,384.0,1,0.6666666666666666,2,0,0,59,338,1050.8305084745762,20.5
20262,1.0,608,2026-01-05T05:20,COMPLETA,4764.3095,1196.0,767.0,136.0,384.0,1,0.6666666666666666,2,0,0,59,338,1050.8305084745762,20.5
20262,1.0,609,2026-01-05T05:30,COMPLETA,4938.8683,1196.0,767.0,136.0,384.0,1,0.6666666666666666,2,0,0,59,338,1050.8305084745762,20.5
20262,1.0,610,2026-01-05T05:40,COMPLETA,4613.2174,1196.0,767.0,136.0,384.0,1,0.6666666666666666,2,0,0,59,338,1050.8305084745762,20.5
20262,1.0,611,2026-01-05T05:50,COMPLETA,4318.7199,1468.1666666666667,767.0,158.0,537.0,2,0.4166666666666667,3,0,0,59,338,1050.8305084745762,20.5
20262,1.0,612,2026-01-05T06:00,COMPLETA,4011.5728,1468.1666666666667,767.0,158.0,537.0,2,0.4166666666666667,3,0,0,59,338,1050.8305084745762,20.5
20262,1.0,613,2026-01-05T06:10,COMPLETA,3965.6287,1468.1666666666667,767.0,158.0,537.0,2,0.4166666666666667,3,0,0,59,338,1050.8305084745762,20.5
20262,1.0,614,2026-01-05T06:20,COMPLETA,3914.4549,1468.1666666666667,767.0,158.0,537.0,2,0.4166666666666667,3,0,0,59,338,1050.8305084745762,20.5
20262,1.0,615,2026-01-05T06:30,COMPLETA,3974.2533,1468.1666666666667,767.0,158.0,537.0,2,0.4166666666666667,3,0,0,59,338,1050.8305084745762,20.5
20262,1.0,616,2026-01-05T06:40,COMPLETA,4005.6205,1468.1666666666667,767.0,158.0,537.0,2,0.4166666666666667,3,0,0,59,338,1050.8305084745762,20.5
20262,1.0,617,2026-01-05T06:50,COMPLETA,3674.8521,1468.1666666666667,767.0,158.0,537.0,2,0.4166666666666667,3,0,0,59,338,1050.8305084745762,20.5
20262,1.0,618,2026-01-05T07:00,COMPLETA,3883.4529,1468.1666666666667,767.0,158.0,537.0,2,0.4166666666666667,3,0,2,59,338,1050.8305084745762,20.5
20262,1.0,619,2026-01-05T07:10,SIN_DEMANDA,0,,,,,,,0,0,0,59,338,1050.8305084745762,20.5
20262,1.0,620,2026-01-05T07:20,SIN_DEMANDA,0,,,,,,,0,0,0,59,338,1050.8305084745762,20.5
20262,1.0,621,2026-01-05T07:30,SIN_DEMANDA,0,,,,,,,0,0,0,59,338,1050.8305084745762,20.5
20262,1.0,622,2026-01-05T07:40,SIN_DEMANDA,0,,,,,,,0,0,0,59,338,1050.8305084745762,20.5
20262,1.0,623,2026-01-05T07:50,SIN_DEMANDA,0,,,,,,,0,0,0,59,338,1050.8305084745762,20.5
20262,1.0,624,2026-01-05T08:00,SIN_DEMANDA,0,,,,,,,0,0,0,59,338,1050.8305084745762,20.5
20262,1.0,625,2026-01-05T08:10,SIN_DEMANDA,0,,,,,,,0,0,0,59,338,1050.8305084745762,20.5
20262,1.0,626,2026-01-05T08:20,COMPLETA,1289.1471,371.0,371.0,60.0,210.0,1,0.041666666666666664,1,0,1,60,342,1066.8583333333333,20.5
20262,1.0,627,2026-01-05T08:30,SIN_DEMANDA,0,,,,,,,0,0,0,60,342,1066.8583333333333,20.5
20262,1.0,628,2026-01-05T08:40,COMPLETA,2019.1666,288.0,288.0,60.0,223.0,1,0.20833333333333334,1,0,0,60,342,1066.8583333333333,20.5
20262,1.0,629,2026-01-05T08:50,COMPLETA,2151.1746,288.0,288.0,60.0,223.0,1,0.20833333333333334,1,0,0,60,342,1066.8583333333333,20.5
20262,1.0,630,2026-01-05T09:00,COMPLETA,2544.1343,288.0,288.0,60.0,223.0,1,0.20833333333333334,1,0,0,60,342,1066.8583333333333,20.5
20262,1.0,631,2026-01-05T09:10,COMPLETA,3025.6633,288.0,288.0,60.0,223.0,1,0.20833333333333334,1,0,0,60,342,1066.8583333333333,20.5
20262,1.0,632,2026-01-05T09:20,COMPLETA,2639.5769,288.0,288.0,80.0,180.0,1,0.20833333333333334,1,0,0,60,342,1066.8583333333333,20.5
20262,1.0,633,2026-01-05T09:30,COMPLETA,2640.9723,288.0,288.0,80.0,180.0,1,0.20833333333333334,1,0,1,61,351,1061.9426229508197,20.5
20262,1.0,634,2026-01-05T09:40,COMPLETA,3435.6095,551.0,551.0,104.0,276.0,1,0.4166666666666667,1,0,0,61,351,1061.9426229508197,20.5
20262,1.0,635,2026-01-05T09:50,COMPLETA,3503.1349,551.0,551.0,104.0,276.0,1,0.4166666666666667,1,0,0,61,351,1061.9426229508197,20.5
20262,1.0,636,2026-01-05T10:00,COMPLETA,3728.8397,551.0,551.0,104.0,276.0,1,0.4166666666666667,1,0,0,61,351,1061.9426229508197,20.5
20262,1.0,637,2026-01-05T10:10,COMPLETA,3366.7187,551.0,551.0,104.0,276.0,1,0.4166666666666667,1,0,0,62,352,1050.7983870967741,20.5
20262,1.0,638,2026-01-05T10:20,COMPLETA,3509.2032,551.0,551.0,104.0,276.0,1,0.4166666666666667,1,0,0,62,352,1050.7983870967741,20.5
20262,1.0,639,2026-01-05T10:30,COMPLETA,3475.4619,551.0,551.0,104.0,276.0,1,0.4166666666666667,1,0,0,62,352,1050.7983870967741,20.5
20262,1.0,640,2026-01-05T10:40,COMPLETA,2907.9248,551.0,551.0,104.0,276.0,1,0.4166666666666667,1,0,0,62,352,1050.7983870967741,20.5
20262,1.0,641,2026-01-05T10:50,COMPLETA,4331.2668,1551.1666666666667,551.0,204.0,546.0,3,0.20833333333333334,3,0,2,62,352,1050.7983870967741,20.5
20262,1.0,642,2026-01-05T11:00,COMPLETA,3351.7475,551.0,551.0,104.0,276.0,1,0.4166666666666667,1,0,0,62,352,1050.7983870967741,20.5
20262,1.0,643,2026-01-05T11:10,COMPLETA,3366.1805,551.0,551.0,104.0,276.0,1,0.4166666666666667,1,0,0,62,352,1050.7983870967741,20.5
20262,1.0,644,2026-01-05T11:20,COMPLETA,3625.2206,551.0,551.0,104.0,276.0,1,0.4166666666666667,1,0,0,62,352,1050.7983870967741,20.5
20262,1.0,645,2026-01-05T11:30,COMPLETA,3359.6654,551.0,551.0,104.0,276.0,1,0.4166666666666667,1,0,0,62,352,1050.7983870967741,20.5
20262,1.0,646,2026-01-05T11:40,COMPLETA,3349.5856,551.0,551.0,104.0,276.0,1,0.4166666666666667,1,0,0,62,352,1050.7983870967741,20.5
20262,1.0,647,2026-01-05T11:50,COMPLETA,3455.5267,551.0,551.0,104.0,276.0,1,0.4166666666666667,1,0,0,63,357,1038.6904761904761,20.5
20262,1.0,648,2026-01-05T12:00,COMPLETA,3267.2045,551.0,551.0,104.0,276.0,1,0.4166666666666667,1,0,0,65,368,1063.8,20.5
20262,1.0,649,2026-01-05T12:10,COMPLETA,3296.4022,551.0,551.0,104.0,276.0,1,0.4166666666666667,1,0,0,65,368,1063.8,20.5
20262,1.0,650,2026-01-05T12:20,COMPLETA,3426.6341,551.0,551.0,104.0,276.0,1,0.4166666666666667,1,0,0,65,368,1063.8,20.5
20262,1.0,651,2026-01-05T12:30,COMPLETA,3182.0033,551.0,551.0,104.0,276.0,1,0.4166666666666667,1,0,0,65,368,1063.8,20.5
20262,1.0,652,2026-01-05T12:40,COMPLETA,3492.2515,551.0,551.0,104.0,276.0,1,0.4166666666666667,1,0,0,65,368,1063.8,20.5
20262,1.0,653,2026-01-05T12:50,COMPLETA,3538.5282,551.0,551.0,104.0,276.0,1,0.4166666666666667,1,0,0,65,368,1063.8,20.5
20262,1.0,654,2026-01-05T13:00,COMPLETA,3369.7917,551.0,551.0,104.0,276.0,1,0.4166666666666667,1,0,0,65,368,1063.8,20.5
20262,1.0,655,2026-01-05T13:10,COMPLETA,3230.1781,551.0,551.0,104.0,276.0,1,0.4166666666666667,1,0,0,65,368,1063.8,20.5
20262,1.0,656,2026-01-05T13:20,COMPLETA,3618.258,551.0,551.0,104.0,276.0,1,0.4166666666666667,1,0,0,66,369,1078.2575757575758,20.5
20262,1.0,657,2026-01-05T13:30,COMPLETA,3148.7303,551.0,551.0,104.0,276.0,1,0.4166666666666667,1,0,0,66,369,1078.2575757575758,20.5
20262,1.0,658,2026-01-05T13:40,COMPLETA,2806.3517,551.0,551.0,104.0,276.0,1,0.4166666666666667,1,0,0,66,369,1078.2575757575758,20.5
20262,1.0,659,2026-01-05T13:50,COMPLETA,2678.2416,551.0,551.0,104.0,276.0,1,0.4166666666666667,1,0,0,66,369,1078.2575757575758,20.5
20262,1.0,660,2026-01-05T14:00,COMPLETA,2660.1852,551.0,551.0,104.0,276.0,1,0.4166666666666667,1,0,0,66,369,1078.2575757575758,20.5
20262,1.0,661,2026-01-05T14:10,COMPLETA,2983.9509,551.0,551.0,104.0,276.0,1,0.4166666666666667,1,0,0,66,369,1078.2575757575758,20.5
20262,1.0,662,2026-01-05T14:20,COMPLETA,3001.9652,551.0,551.0,104.0,276.0,1,0.4166666666666667,1,0,0,66,369,1078.2575757575758,20.5
20262,1.0,663,2026-01-05T14:30,COMPLETA,3395.7224,551.0,551.0,104.0,276.0,1,0.4166666666666667,1,0,0,66,369,1078.2575757575758,20.5
20262,1.0,664,2026-01-05T14:40,COMPLETA,3732.9259,551.0,551.0,104.0,276.0,1,0.4166666666666667,1,0,0,66,369,1078.2575757575758,20.5
20262,1.0,665,2026-01-05T14:50,COMPLETA,3643.2608,551.0,551.0,104.0,276.0,1,0.4166666666666667,1,0,0,66,369,1078.2575757575758,20.5
20262,1.0,666,2026-01-05T15:00,COMPLETA,3295.8296,551.0,551.0,104.0,276.0,1,0.4166666666666667,1,0,1,66,369,1078.2575757575758,20.5
20262,1.0,667,2026-01-05T15:10,SIN_DEMANDA,0,,,,,,,0,0,0,66,369,1078.2575757575758,20.5
20262,1.0,668,2026-01-05T15:20,SIN_DEMANDA,0,,,,,,,0,0,0,66,369,1078.2575757575758,20.5
20262,1.0,669,2026-01-05T15:30,COMPLETA,1931.356,2062.0,2062.0,36.0,174.0,1,0.08333333333333333,1,0,1,66,369,1078.2575757575758,20.5
20262,1.0,670,2026-01-05T15:40,SIN_DEMANDA,0,,,,,,,0,0,0,66,369,1078.2575757575758,20.5
20262,1.0,671,2026-01-05T15:50,COMPLETA,3573.1895,365.0,365.0,50.0,195.0,1,0.4166666666666667,1,0,0,66,369,1078.2575757575758,20.5
20262,1.0,672,2026-01-05T16:00,COMPLETA,3577.0653,365.0,365.0,50.0,195.0,1,0.4166666666666667,1,0,0,66,369,1078.2575757575758,20.5
20262,1.0,673,2026-01-05T16:10,COMPLETA,3834.6505,365.0,365.0,50.0,195.0,1,0.4166666666666667,1,0,0,66,369,1078.2575757575758,20.5
20262,1.0,674,2026-01-05T16:20,COMPLETA,3660.8744,365.0,365.0,50.0,195.0,1,0.4166666666666667,1,0,0,66,369,1078.2575757575758,20.5
20262,1.0,675,2026-01-05T16:30,COMPLETA,3678.6939,365.0,365.0,50.0,195.0,1,0.4166666666666667,1,0,0,66,369,1078.2575757575758,20.5
20262,1.0,676,2026-01-05T16:40,COMPLETA,3656.6003,365.0,365.0,50.0,195.0,1,0.4166666666666667,1,0,0,66,369,1078.2575757575758,20.5
20262,1.0,677,2026-01-05T16:50,COMPLETA,3333.5255,365.0,365.0,50.0,195.0,1,0.4166666666666667,1,0,0,66,369,1078.2575757575758,20.5
20262,1.0,678,2026-01-05T17:00,COMPLETA,4568.2754,653.75,365.0,116.0,354.0,2,0.3125,2,0,1,67,371,1092.9402985074628,20.5
20262,1.0,679,2026-01-05T17:10,COMPLETA,3204.4567,365.0,365.0,50.0,195.0,1,0.4166666666666667,1,0,0,67,371,1092.9402985074628,20.5
20262,1.0,680,2026-01-05T17:20,COMPLETA,3205.2384,365.0,365.0,50.0,195.0,1,0.4166666666666667,1,0,0,67,371,1092.9402985074628,20.5
20262,1.0,681,2026-01-05T17:30,COMPLETA,3134.1132,365.0,365.0,50.0,195.0,1,0.4166666666666667,1,0,0,67,371,1092.9402985074628,20.5
20262,1.0,682,2026-01-05T17:40,COMPLETA,3166.2604,365.0,365.0,50.0,195.0,1,0.4166666666666667,1,0,0,67,371,1092.9402985074628,20.5
20262,1.0,683,2026-01-05T17:50,COMPLETA,3392.793,365.0,365.0,50.0,195.0,1,0.4166666666666667,1,0,0,67,371,1092.9402985074628,20.5
20262,1.0,684,2026-01-05T18:00,COMPLETA,3152.5022,365.0,365.0,50.0,195.0,1,0.4166666666666667,1,0,0,67,371,1092.9402985074628,20.5
20262,1.0,685,2026-01-05T18:10,COMPLETA,3146.2006,365.0,365.0,50.0,195.0,1,0.4166666666666667,1,0,0,67,371,1092.9402985074628,20.5
20262,1.0,686,2026-01-05T18:20,COMPLETA,3092.6946,365.0,365.0,50.0,195.0,1,0.4166666666666667,1,0,0,67,371,1092.9402985074628,20.5
20262,1.0,687,2026-01-05T18:30,COMPLETA,3176.3722,365.0,365.0,50.0,195.0,1,0.4166666666666667,1,0,0,68,381,1084.9705882352941,20.5
20262,1.0,688,2026-01-05T18:40,COMPLETA,3307.0189,365.0,365.0,50.0,195.0,1,0.4166666666666667,1,0,0,68,381,1084.9705882352941,20.5
20262,1.0,689,2026-01-05T18:50,COMPLETA,3430.9913,365.0,365.0,50.0,195.0,1,0.4166666666666667,1,0,0,68,381,1084.9705882352941,20.5
20262,1.0,690,2026-01-05T19:00,COMPLETA,3499.053,365.0,365.0,50.0,195.0,1,0.4166666666666667,1,0,0,68,381,1084.9705882352941,20.5
20262,1.0,691,2026-01-05T19:10,COMPLETA,4467.907,253.75,142.5,100.0,330.0,2,0.2708333333333333,2,0,1,68,381,1084.9705882352941,20.5
20262,1.0,692,2026-01-05T19:20,COMPLETA,4728.6048,504.5,365.0,162.0,483.0,2,0.3541666666666667,2,0,0,69,386,1082.9057971014493,20.5
20262,1.0,693,2026-01-05T19:30,COMPLETA,4786.2197,504.5,365.0,162.0,423.0,2,0.3541666666666667,2,0,1,69,386,1082.9057971014493,20.5
20262,1.0,694,2026-01-05T19:40,COMPLETA,2928.5422,707.0,707.0,70.0,225.0,1,0.2916666666666667,1,0,0,69,386,1082.9057971014493,20.5
20262,1.0,695,2026-01-05T19:50,COMPLETA,2435.6905,707.0,707.0,70.0,225.0,1,0.2916666666666667,1,0,0,69,386,1082.9057971014493,20.5
20262,1.0,696,2026-01-05T20:00,COMPLETA,2223.4862,707.0,707.0,70.0,225.0,1,0.2916666666666667,1,0,0,69,386,1082.9057971014493,20.5
20262,1.0,697,2026-01-05T20:10,COMPLETA,2391.2268,707.0,707.0,70.0,225.0,1,0.2916666666666667,1,0,0,69,386,1082.9057971014493,20.5
20262,1.0,698,2026-01-05T20:20,COMPLETA,3588.7372,549.5,392.0,102.0,333.0,2,0.20833333333333334,2,0,1,69,386,1082.9057971014493,20.5
20262,1.0,699,2026-01-05T20:30,COMPLETA,2759.5136,707.0,707.0,70.0,225.0,1,0.2916666666666667,1,0,0,69,386,1082.9057971014493,20.5
20262,1.0,700,2026-01-05T20:40,COMPLETA,2632.9193,707.0,707.0,70.0,225.0,1,0.2916666666666667,1,0,0,69,386,1082.9057971014493,20.5
20262,1.0,701,2026-01-05T20:50,COMPLETA,4326.9499,457.0,279.0,78.0,297.0,1,0.5416666666666666,2,0,0,70,389,1069.4714285714285,20.5
20262,1.0,702,2026-01-05T21:00,COMPLETA,4893.5058,358.5,161.5,100.0,390.0,2,0.3541666666666667,3,0,1,70,389,1069.4714285714285,20.5
20262,1.0,703,2026-01-05T21:10,COMPLETA,4622.5886,457.0,279.0,78.0,297.0,1,0.5416666666666666,2,0,0,70,389,1069.4714285714285,20.5
20262,1.0,704,2026-01-05T21:20,COMPLETA,4558.6525,457.0,279.0,78.0,297.0,1,0.5416666666666666,2,0,0,70,389,1069.4714285714285,20.5
20262,1.0,705,2026-01-05T21:30,COMPLETA,4199.608,457.0,279.0,78.0,297.0,1,0.5416666666666666,2,0,0,70,389,1069.4714285714285,20.5
20262,1.0,706,2026-01-05T21:40,COMPLETA,4467.1907,457.0,279.0,78.0,297.0,1,0.5416666666666666,2,0,0,70,389,1069.4714285714285,20.5
20262,1.0,707,2026-01-05T21:50,COMPLETA,4934.6159,457.0,279.0,78.0,297.0,1,0.5416666666666666,2,0,0,72,402,1050.2777777777778,20.5
20262,1.0,708,2026-01-05T22:00,COMPLETA,4196.3854,457.0,279.0,78.0,297.0,1,0.5416666666666666,2,0,0,72,402,1050.2777777777778,20.5
20262,1.0,709,2026-01-05T22:10,COMPLETA,4155.6812,457.0,279.0,78.0,297.0,1,0.5416666666666666,2,0,0,72,402,1050.2777777777778,20.5
20262,1.0,710,2026-01-05T22:20,COMPLETA,4311.1423,457.0,279.0,78.0,297.0,1,0.5416666666666666,2,0,0,73,406,1038.1027397260275,20.5
20262,1.0,711,2026-01-05T22:30,COMPLETA,4453.8356,457.0,279.0,78.0,297.0,1,0.5416666666666666,2,0,0,73,406,1038.1027397260275,20.5
20262,1.0,712,2026-01-05T22:40,COMPLETA,4533.5553,990.5,279.0,96.0,444.0,2,0.2916666666666667,3,0,0,73,406,1038.1027397260275,20.5
20262,1.0,713,2026-01-05T22:50,COMPLETA,4913.3537,990.5,279.0,96.0,444.0,2,0.2916666666666667,3,0,0,73,406,1038.1027397260275,20.5
20262,1.0,714,2026-01-05T23:00,COMPLETA,4423.5156,990.5,279.0,96.0,444.0,2,0.2916666666666667,3,0,2,73,406,1038.1027397260275,20.5
20262,1.0,715,2026-01-05T23:10,SIN_DEMANDA,0,,,,,,,0,0,0,73,406,1038.1027397260275,20.5
20262,1.0,716,2026-01-05T23:20,SIN_DEMANDA,0,,,,,,,0,0,0,73,406,1038.1027397260275,20.5
20262,1.0,717,2026-01-05T23:30,SIN_DEMANDA,0,,,,,,,0,0,0,73,406,1038.1027397260275,20.5
20262,1.0,718,2026-01-05T23:40,SIN_DEMANDA,0,,,,,,,0,0,0,73,406,1038.1027397260275,20.5
20262,1.0,719,2026-01-05T23:50,SIN_DEMANDA,0,,,,,,,0,0,0,73,406,1038.1027397260275,20.5
20262,1.0,720,2026-01-06T00:00,SIN_DEMANDA,0,,,,,,,0,0,0,73,406,1038.1027397260275,20.5
20262,1.0,721,2026-01-06T00:10,SIN_DEMANDA,0,,,,,,,0,0,0,74,412,1027.8445945945946,20.5
20262,1.0,722,2026-01-06T00:20,SIN_DEMANDA,0,,,,,,,0,0,0,75,413,1041.5733333333333,20.5
20262,1.0,723,2026-01-06T00:30,SIN_DEMANDA,0,,,,,,,0,0,0,75,413,1041.5733333333333,20.5
20262,1.0,724,2026-01-06T00:40,SIN_DEMANDA,0,,,,,,,0,0,0,75,413,1041.5733333333333,20.5
20262,1.0,725,2026-01-06T00:50,COMPLETA,1320.2079,149.0,149.0,32.0,168.0,1,0.041666666666666664,1,0,1,75,413,1041.5733333333333,20.5
20262,1.0,726,2026-01-06T01:00,SIN_DEMANDA,0,,,,,,,0,0,0,75,413,1041.5733333333333,20.5
20262,1.0,727,2026-01-06T01:10,COMPLETA,2417.8019,30.5,30.5,46.0,189.0,1,0.20833333333333334,1,0,0,75,413,1041.5733333333333,20.5
20262,1.0,728,2026-01-06T01:20,COMPLETA,2521.4438,30.5,30.5,46.0,189.0,1,0.20833333333333334,1,0,0,75,413,1041.5733333333333,20.5
20262,1.0,729,2026-01-06T01:30,COMPLETA,2245.2045,30.5,30.5,46.0,189.0,1,0.20833333333333334,1,0,0,75,413,1041.5733333333333,20.5
20262,1.0,730,2026-01-06T01:40,COMPLETA,2453.7357,30.5,30.5,46.0,189.0,1,0.20833333333333334,1,0,0,75,413,1041.5733333333333,20.5
20262,1.0,731,2026-01-06T01:50,COMPLETA,2207.9191,30.5,30.5,46.0,189.0,1,0.20833333333333334,1,0,0,75,413,1041.5733333333333,20.5
20262,1.0,732,2026-01-06T02:00,COMPLETA,2452.9943,30.5,30.5,46.0,189.0,1,0.20833333333333334,1,0,0,75,413,1041.5733333333333,20.5
20262,1.0,733,2026-01-06T02:10,COMPLETA,2697.3707,30.5,30.5,46.0,189.0,1,0.20833333333333334,1,0,0,75,413,1041.5733333333333,20.5
20262,1.0,734,2026-01-06T02:20,COMPLETA,2374.8989,30.5,30.5,46.0,189.0,1,0.20833333333333334,1,0,0,76,414,1029.828947368421,20.5
20262,1.0,735,2026-01-06T02:30,COMPLETA,2544.6386,30.5,30.5,46.0,189.0,1,0.20833333333333334,1,0,0,76,414,1029.828947368421,20.5
20262,1.0,736,2026-01-06T02:40,COMPLETA,3513.3515,1041.5,30.5,100.0,330.0,2,0.1875,2,0,1,77,421,1024.7012987012988,20.5
20262,1.0,737,2026-01-06T02:50,COMPLETA,2561.2304,30.5,30.5,46.0,189.0,1,0.20833333333333334,1,0,0,77,421,1024.7012987012988,20.5
20262,1.0,738,2026-01-06T03:00,COMPLETA,2750.8039,30.5,30.5,46.0,189.0,1,0.20833333333333334,1,0,0,77,421,1024.7012987012988,20.5
20262,1.0,739,2026-01-06T03:10,COMPLETA,2624.2365,30.5,30.5,46.0,189.0,1,0.20833333333333334,1,0,0,77,421,1024.7012987012988,20.5
20262,1.0,740,2026-01-06T03:20,COMPLETA,2715.0159,30.5,30.5,46.0,189.0,1,0.20833333333333334,1,0,0,77,421,1024.7012987012988,20.5
20262,1.0,741,2026-01-06T03:30,COMPLETA,4307.0777,1035.75,30.5,78.0,357.0,2,0.2916666666666667,2,0,0,77,421,1024.7012987012988,20.5
20262,1.0,742,2026-01-06T03:40,COMPLETA,4298.4012,1035.75,30.5,78.0,297.0,2,0.2916666666666667,2,0,0,77,421,1024.7012987012988,20.5
20262,1.0,743,2026-01-06T03:50,COMPLETA,4208.5611,1035.75,30.5,78.0,297.0,2,0.2916666666666667,2,0,1,77,421,1024.7012987012988,20.5
20262,1.0,744,2026-01-06T04:00,COMPLETA,2207.4751,30.5,30.5,46.0,189.0,1,0.20833333333333334,1,0,0,77,421,1024.7012987012988,20.5
20262,1.0,745,2026-01-06T04:10,COMPLETA,2885.5996,30.5,30.5,46.0,189.0,1,0.20833333333333334,1,0,0,77,421,1024.7012987012988,20.5
20262,1.0,746,2026-01-06T04:20,COMPLETA,2508.4485,30.5,30.5,46.0,189.0,1,0.20833333333333334,1,0,0,77,421,1024.7012987012988,20.5
20262,1.0,747,2026-01-06T04:30,COMPLETA,3677.2408,961.75,30.5,122.0,423.0,2,0.125,2,0,0,78,425,1037.878205128205,20.5
20262,1.0,748,2026-01-06T04:40,COMPLETA,3344.8265,961.75,30.5,122.0,423.0,2,0.125,2,0,0,78,425,1037.878205128205,20.5
20262,1.0,749,2026-01-06T04:50,COMPLETA,4582.2792,1285.3333333333333,30.5,168.0,612.0,3,0.16666666666666666,3,0,0,78,425,1037.878205128205,20.5
20262,1.0,750,2026-01-06T05:00,COMPLETA,4776.8629,1285.3333333333333,30.5,168.0,612.0,3,0.16666666666666666,3,0,0,78,425,1037.878205128205,20.5
20262,1.0,751,2026-01-06T05:10,COMPLETA,4704.4934,1285.3333333333333,30.5,168.0,612.0,3,0.16666666666666666,3,0,0,78,425,1037.878205128205,20.5
20262,1.0,752,2026-01-06T05:20,COMPLETA,4396.9876,1285.3333333333333,30.5,168.0,612.0,3,0.16666666666666666,3,0,0,78,425,1037.878205128205,20.5
20262,1.0,753,2026-01-06T05:30,COMPLETA,4789.505,1285.3333333333333,30.5,168.0,612.0,3,0.16666666666666666,3,0,0,79,434,1050.5759493670887,20.5
20262,1.0,754,2026-01-06T05:40,COMPLETA,4743.2556,1285.3333333333333,30.5,168.0,612.0,3,0.16666666666666666,3,0,0,79,434,1050.5759493670887,20.5
20262,1.0,755,2026-01-06T05:50,COMPLETA,4064.8556,1285.3333333333333,30.5,168.0,612.0,3,0.16666666666666666,3,0,0,79,434,1050.5759493670887,20.5
20262,1.0,756,2026-01-06T06:00,COMPLETA,4352.2793,1285.3333333333333,30.5,168.0,612.0,3,0.16666666666666666,3,0,0,79,434,1050.5759493670887,20.5
20262,1.0,757,2026-01-06T06:10,COMPLETA,4156.5281,1285.3333333333333,30.5,168.0,612.0,3,0.16666666666666666,3,0,0,79,434,1050.5759493670887,20.5
20262,1.0,758,2026-01-06T06:20,COMPLETA,4206.9015,1285.3333333333333,30.5,168.0,612.0,3,0.16666666666666666,3,0,0,79,434,1050.5759493670887,20.5
20262,1.0,759,2026-01-06T06:30,COMPLETA,4498.0451,1285.3333333333333,30.5,168.0,612.0,3,0.16666666666666666,3,0,0,79,434,1050.5759493670887,20.5
20262,1.0,760,2026-01-06T06:40,COMPLETA,4381.4498,1285.3333333333333,30.5,168.0,612.0,3,0.16666666666666666,3,0,0,79,434,1050.5759493670887,20.5
20262,1.0,761,2026-01-06T06:50,COMPLETA,4082.5045,1285.3333333333333,30.5,168.0,612.0,3,0.16666666666666666,3,0,0,79,434,1050.5759493670887,20.5
20262,1.0,762,2026-01-06T07:00,COMPLETA,4634.0614,1285.3333333333333,30.5,168.0,612.0,3,0.16666666666666666,3,0,3,79,434,1050.5759493670887,20.5
20262,1.0,763,2026-01-06T07:10,SIN_DEMANDA,0,,,,,,,0,0,0,79,434,1050.5759493670887,20.5
20262,1.0,764,2026-01-06T07:20,SIN_DEMANDA,0,,,,,,,0,0,0,79,434,1050.5759493670887,20.5
20262,1.0,765,2026-01-06T07:30,COMPLETA,1410.2702,2067.5,2067.5,42.0,183.0,1,0.125,1,0,1,79,434,1050.5759493670887,20.5
20262,1.0,766,2026-01-06T07:40,SIN_DEMANDA,0,,,,,,,0,0,0,79,434,1050.5759493670887,20.5
20262,1.0,767,2026-01-06T07:50,SIN_DEMANDA,0,,,,,,,0,0,0,79,434,1050.5759493670887,20.5
20262,1.0,768,2026-01-06T08:00,SIN_DEMANDA,0,,,,,,,0,0,0,79,434,1050.5759493670887,20.5
20262,1.0,769,2026-01-06T08:10,SIN_DEMANDA,0,,,,,,,0,0,0,79,434,1050.5759493670887,20.5
20262,1.0,770,2026-01-06T08:20,COMPLETA,1626.1676,2079.0,2079.0,28.0,162.0,1,0.041666666666666664,1,0,1,79,434,1050.5759493670887,20.5
20262,1.0,771,2026-01-06T08:30,SIN_DEMANDA,0,,,,,,,0,0,0,79,434,1050.5759493670887,20.5
20262,1.0,772,2026-01-06T08:40,SIN_DEMANDA,0,,,,,,,0,0,0,81,445,1048.8703703703704,20.5
20262,1.0,773,2026-01-06T08:50,SIN_DEMANDA,0,,,,,,,0,0,0,81,445,1048.8703703703704,20.5
20262,1.0,774,2026-01-06T09:00,COMPLETA,2471.0759,127.5,127.5,58.0,147.0,1,0.25,1,0,1,82,446,1059.1646341463415,20.5
20262,1.0,775,2026-01-06T09:10,SIN_DEMANDA,0,,,,,,,0,0,0,83,449,1071.313253012048,20.5
20262,1.0,776,2026-01-06T09:20,COMPLETA,2997.7141,251.0,251.0,88.0,252.0,1,0.375,1,0,0,83,449,1071.313253012048,20.5
20262,1.0,777,2026-01-06T09:30,COMPLETA,3285.1454,251.0,251.0,88.0,252.0,1,0.375,1,0,0,83,449,1071.313253012048,20.5
20262,1.0,778,2026-01-06T09:40,COMPLETA,3490.2686,251.0,251.0,88.0,192.0,1,0.375,1,0,0,83,449,1071.313253012048,20.5
20262,1.0,779,2026-01-06T09:50,COMPLETA,3410.4745,251.0,251.0,88.0,192.0,1,0.375,1,0,0,84,450,1083.3095238095239,20.5
20262,1.0,780,2026-01-06T10:00,COMPLETA,3337.2447,251.0,251.0,88.0,192.0,1,0.375,1,0,1,84,450,1083.3095238095239,20.5
20262,1.0,781,2026-01-06T10:10,SIN_DEMANDA,0,,,,,,,0,0,0,84,450,1083.3095238095239,20.5
20262,1.0,782,2026-01-06T10:20,SIN_DEMANDA,0,,,,,,,0,0,0,84,450,1083.3095238095239,20.5
20262,1.0,783,2026-01-06T10:30,SIN_DEMANDA,0,,,,,,,0,0,0,84,450,1083.3095238095239,20.5
20262,1.0,784,2026-01-06T10:40,SIN_DEMANDA,0,,,,,,,0,0,0,84,450,1083.3095238095239,20.5
20262,1.0,785,2026-01-06T10:50,SIN_DEMANDA,0,,,,,,,0,0,0,85,456,1072.0647058823529,20.5
20262,1.0,786,2026-01-06T11:00,COMPLETA,1233.2904,383.0,383.0,48.0,132.0,1,0.125,1,0,1,85,456,1072.0647058823529,20.5
20262,1.0,787,2026-01-06T11:10,SIN_DEMANDA,0,,,,,,,0,0,0,85,456,1072.0647058823529,20.5
20262,1.0,788,2026-01-06T11:20,SIN_DEMANDA,0,,,,,,,0,0,0,85,456,1072.0647058823529,20.5
20262,1.0,789,2026-01-06T11:30,SIN_DEMANDA,0,,,,,,,0,0,0,85,456,1072.0647058823529,20.5
20262,1.0,790,2026-01-06T11:40,SIN_DEMANDA,0,,,,,,,0,0,0,85,456,1072.0647058823529,20.5
20262,1.0,791,2026-01-06T11:50,SIN_DEMANDA,0,,,,,,,0,0,0,85,456,1072.0647058823529,20.5
20262,1.0,792,2026-01-06T12:00,SIN_DEMANDA,0,,,,,,,0,0,0,85,456,1072.0647058823529,20.5
20262,1.0,793,2026-01-06T12:10,SIN_DEMANDA,0,,,,,,,0,0,0,85,456,1072.0647058823529,20.5
20262,1.0,794,2026-01-06T12:20,SIN_DEMANDA,0,,,,,,,0,0,0,85,456,1072.0647058823529,20.5
20262,1.0,795,2026-01-06T12:30,SIN_DEMANDA,0,,,,,,,0,0,0,85,456,1072.0647058823529,20.5
20262,1.0,796,2026-01-06T12:40,COMPLETA,1658.112,1912.5,1912.5,58.0,207.0,1,0.08333333333333333,1,0,0,86,459,1064.0523255813953,20.5
20262,1.0,797,2026-01-06T12:50,COMPLETA,2726.3272,1033.25,154.0,86.0,309.0,2,0.0625,2,0,1,86,459,1064.0523255813953,20.5
20262,1.0,798,2026-01-06T13:00,COMPLETA,1658.5595,1912.5,1912.5,58.0,207.0,1,0.08333333333333333,1,0,0,87,468,1054.7068965517242,20.5
20262,1.0,799,2026-01-06T13:10,COMPLETA,1465.7873,1912.5,1912.5,58.0,207.0,1,0.08333333333333333,1,0,0,87,468,1054.7068965517242,20.5
20262,1.0,800,2026-01-06T13:20,COMPLETA,1709.8465,1912.5,1912.5,58.0,207.0,1,0.08333333333333333,1,0,0,87,468,1054.7068965517242,20.5
20262,1.0,801,2026-01-06T13:30,COMPLETA,1884.7725,1912.5,1912.5,58.0,207.0,1,0.08333333333333333,1,0,0,87,468,1054.7068965517242,20.5
20262,1.0,802,2026-01-06T13:40,COMPLETA,1694.566,1912.5,1912.5,58.0,207.0,1,0.08333333333333333,1,0,0,87,468,1054.7068965517242,20.5
20262,1.0,803,2026-01-06T13:50,COMPLETA,2303.6308,1912.5,1912.5,58.0,207.0,1,0.08333333333333333,1,0,0,87,468,1054.7068965517242,20.5
20262,1.0,804,2026-01-06T14:00,COMPLETA,2213.5387,1912.5,1912.5,58.0,207.0,1,0.08333333333333333,1,0,0,87,468,1054.7068965517242,20.5
20262,1.0,805,2026-01-06T14:10,COMPLETA,1865.2432,1912.5,1912.5,58.0,207.0,1,0.08333333333333333,1,0,0,87,468,1054.7068965517242,20.5
20262,1.0,806,2026-01-06T14:20,COMPLETA,2192.1271,1912.5,1912.5,58.0,207.0,1,0.08333333333333333,1,0,0,88,469,1044.471590909091,20.5
20262,1.0,807,2026-01-06T14:30,COMPLETA,3155.5599,1143.0,373.5,72.0,433.5,2,0.0625,2,0,0,88,469,1044.471590909091,20.5
20262,1.0,808,2026-01-06T14:40,COMPLETA,5247.5599,776.3333333333334,43.0,116.0,474.0,2,0.22916666666666666,3,0,0,88,469,1044.471590909091,20.5
20262,1.0,809,2026-01-06T14:50,COMPLETA,5792.2339,776.3333333333334,43.0,116.0,474.0,2,0.22916666666666666,3,0,0,88,469,1044.471590909091,20.5
20262,1.0,810,2026-01-06T15:00,COMPLETA,5417.2247,776.3333333333334,43.0,116.0,474.0,2,0.22916666666666666,3,0,2,88,469,1044.471590909091,20.5
20262,1.0,811,2026-01-06T15:10,SIN_DEMANDA,0,,,,,,,0,0,0,88,469,1044.471590909091,20.5
20262,1.0,812,2026-01-06T15:20,SIN_DEMANDA,0,,,,,,,0,0,0,88,469,1044.471590909091,20.5
20262,1.0,813,2026-01-06T15:30,SIN_DEMANDA,0,,,,,,,0,0,0,88,469,1044.471590909091,20.5
20262,1.0,814,2026-01-06T15:40,SIN_DEMANDA,0,,,,,,,0,0,0,88,469,1044.471590909091,20.5
20262,1.0,815,2026-01-06T15:50,COMPLETA,2850.1899,405.0,405.0,20.0,150.0,1,0.125,1,0,1,88,469,1044.471590909091,20.5
20262,1.0,816,2026-01-06T16:00,SIN_DEMANDA,0,,,,,,,0,0,0,88,469,1044.471590909091,20.5
20262,1.0,817,2026-01-06T16:10,SIN_DEMANDA,0,,,,,,,0,0,0,88,469,1044.471590909091,20.5
20262,1.0,818,2026-01-06T16:20,SIN_DEMANDA,0,,,,,,,0,0,0,89,470,1036.9325842696628,20.5
20262,1.0,819,2026-01-06T16:30,SIN_DEMANDA,0,,,,,,,0,0,0,89,470,1036.9325842696628,20.5
20262,1.0,820,2026-01-06T16:40,COMPLETA,4761.2795,216.0,216.0,86.0,261.5,1,0.4166666666666667,1,0,0,89,470,1036.9325842696628,20.5
20262,1.0,821,2026-01-06T16:50,COMPLETA,4373.0522,216.0,216.0,86.0,261.5,1,0.4166666666666667,1,0,0,90,472,1046.661111111111,20.5
20262,1.0,822,2026-01-06T17:00,COMPLETA,3597.8813,216.0,216.0,86.0,261.5,1,0.4166666666666667,1,0,0,90,472,1046.661111111111,20.5
20262,1.0,823,2026-01-06T17:10,COMPLETA,3586.0543,216.0,216.0,86.0,261.5,1,0.4166666666666667,1,0,0,91,475,1039.60989010989,20.5
20262,1.0,824,2026-01-06T17:20,COMPLETA,3521.7055,216.0,216.0,86.0,261.5,1,0.4166666666666667,1,0,0,91,475,1039.60989010989,20.5
20262,1.0,825,2026-01-06T17:30,COMPLETA,3597.9468,216.0,216.0,86.0,261.5,1,0.4166666666666667,1,0,0,91,475,1039.60989010989,20.5
20262,1.0,826,2026-01-06T17:40,COMPLETA,3452.402,216.0,216.0,86.0,261.5,1,0.4166666666666667,1,0,0,91,475,1039.60989010989,20.5
20262,1.0,827,2026-01-06T17:50,COMPLETA,3266.2598,216.0,216.0,86.0,261.5,1,0.4166666666666667,1,0,0,91,475,1039.60989010989,20.5
20262,1.0,828,2026-01-06T18:00,COMPLETA,4313.2506,172.75,129.5,152.0,420.5,2,0.25,2,0,1,92,483,1028.7771739130435,20.5
20262,1.0,829,2026-01-06T18:10,COMPLETA,3167.9426,216.0,216.0,86.0,189.0,1,0.4166666666666667,1,0,0,92,483,1028.7771739130435,20.5
20262,1.0,830,2026-01-06T18:20,COMPLETA,3443.9804,216.0,216.0,86.0,189.0,1,0.4166666666666667,1,0,1,92,483,1028.7771739130435,20.5
20262,1.0,831,2026-01-06T18:30,SIN_DEMANDA,0,,,,,,,0,0,0,92,483,1028.7771739130435,20.5
20262,1.0,832,2026-01-06T18:40,SIN_DEMANDA,0,,,,,,,0,0,0,92,483,1028.7771739130435,20.5
20262,1.0,833,2026-01-06T18:50,SIN_DEMANDA,0,,,,,,,0,0,0,92,483,1028.7771739130435,20.5
20262,1.0,834,2026-01-06T19:00,SIN_DEMANDA,0,,,,,,,0,0,0,92,483,1028.7771739130435,20.5
20262,1.0,835,2026-01-06T19:10,SIN_DEMANDA,0,,,,,,,0,0,0,92,483,1028.7771739130435,20.5
20262,1.0,836,2026-01-06T19:20,SIN_DEMANDA,0,,,,,,,0,0,0,92,483,1028.7771739130435,20.5
20262,1.0,837,2026-01-06T19:30,SIN_DEMANDA,0,,,,,,,0,0,0,92,483,1028.7771739130435,20.5
20262,1.0,838,2026-01-06T19:40,SIN_DEMANDA,0,,,,,,,0,0,0,92,483,1028.7771739130435,20.5
20262,1.0,839,2026-01-06T19:50,COMPLETA,3435.5049,306.0,306.0,84.0,186.0,1,0.375,1,0,1,93,485,1019.1075268817204,20.5
20262,1.0,840,2026-01-06T20:00,SIN_DEMANDA,0,,,,,,,0,0,0,93,485,1019.1075268817204,20.5
20262,1.0,841,2026-01-06T20:10,SIN_DEMANDA,0,,,,,,,0,0,0,93,485,1019.1075268817204,20.5
20262,1.0,842,2026-01-06T20:20,SIN_DEMANDA,0,,,,,,,0,0,0,93,485,1019.1075268817204,20.5
20262,1.0,843,2026-01-06T20:30,SIN_DEMANDA,0,,,,,,,0,0,0,93,485,1019.1075268817204,20.5
20262,1.0,844,2026-01-06T20:40,SIN_DEMANDA,0,,,,,,,0,0,0,93,485,1019.1075268817204,20.5
20262,1.0,845,2026-01-06T20:50,SIN_DEMANDA,0,,,,,,,0,0,0,93,485,1019.1075268817204,20.5
20262,1.0,846,2026-01-06T21:00,SIN_DEMANDA,0,,,,,,,0,0,0,94,495,1010.563829787234,20.5
20262,1.0,847,2026-01-06T21:10,SIN_DEMANDA,0,,,,,,,0,0,0,94,495,1010.563829787234,20.5
20262,1.0,848,2026-01-06T21:20,COMPLETA,1582.795,507.5,507.5,58.0,207.0,1,0.041666666666666664,1,0,0,94,495,1010.563829787234,20.5
20262,1.0,849,2026-01-06T21:30,COMPLETA,1490.198,507.5,507.5,58.0,207.0,1,0.041666666666666664,1,0,0,94,495,1010.563829787234,20.5
20262,1.0,850,2026-01-06T21:40,COMPLETA,1237.41,507.5,507.5,58.0,207.0,1,0.041666666666666664,1,0,0,94,495,1010.563829787234,20.5
20262,1.0,851,2026-01-06T21:50,COMPLETA,1346.5541,507.5,507.5,58.0,207.0,1,0.041666666666666664,1,0,0,94,495,1010.563829787234,20.5
20262,1.0,852,2026-01-06T22:00,COMPLETA,1373.5829,507.5,507.5,58.0,207.0,1,0.041666666666666664,1,0,0,94,495,1010.563829787234,20.5
20262,1.0,853,2026-01-06T22:10,COMPLETA,1171.3076,507.5,507.5,58.0,207.0,1,0.041666666666666664,1,0,0,94,495,1010.563829787234,20.5
20262,1.0,854,2026-01-06T22:20,COMPLETA,1384.3227,507.5,507.5,58.0,207.0,1,0.041666666666666664,1,0,0,94,495,1010.563829787234,20.5
20262,1.0,855,2026-01-06T22:30,COMPLETA,1472.8325,507.5,507.5,58.0,207.0,1,0.041666666666666664,1,0,0,94,495,1010.563829787234,20.5
20262,1.0,856,2026-01-06T22:40,COMPLETA,2069.2019,446.25,385.0,74.0,351.0,2,0.08333333333333333,2,0,0,95,504,1003.1473684210526,20.5
20262,1.0,857,2026-01-06T22:50,COMPLETA,2126.4824,446.25,385.0,74.0,351.0,2,0.08333333333333333,2,0,0,95,504,1003.1473684210526,20.5
20262,1.0,858,2026-01-06T23:00,COMPLETA,2015.9315,446.25,385.0,74.0,351.0,2,0.08333333333333333,2,0,2,95,504,1003.1473684210526,20.5
20262,1.0,859,2026-01-06T23:10,SIN_DEMANDA,0,,,,,,,0,0,0,95,504,1003.1473684210526,20.5
20262,1.0,860,2026-01-06T23:20,SIN_DEMANDA,0,,,,,,,0,0,0,95,504,1003.1473684210526,20.5
20262,1.0,861,2026-01-06T23:30,SIN_DEMANDA,0,,,,,,,0,0,0,95,504,1003.1473684210526,20.5
20262,1.0,862,2026-01-06T23:40,SIN_DEMANDA,0,,,,,,,0,0,0,95,504,1003.1473684210526,20.5
20262,1.0,863,2026-01-06T23:50,SIN_DEMANDA,0,,,,,,,0,0,0,95,504,1003.1473684210526,20.5
20262,1.0,864,2026-01-07T00:00,SIN_DEMANDA,0,,,,,,,0,0,0,95,504,1003.1473684210526,20.5
20262,1.0,865,2026-01-07T00:10,SIN_DEMANDA,0,,,,,,,0,0,0,95,504,1003.1473684210526,20.5
20262,1.0,866,2026-01-07T00:20,SIN_DEMANDA,0,,,,,,,0,0,0,96,507,996.7083333333334,20.5
20262,1.0,867,2026-01-07T00:30,SIN_DEMANDA,0,,,,,,,0,0,0,96,507,996.7083333333334,20.5
20262,1.0,868,2026-01-07T00:40,SIN_DEMANDA,0,,,,,,,0,0,0,96,507,996.7083333333334,20.5
20262,1.0,869,2026-01-07T00:50,COMPLETA,1228.6773,601.5,601.5,78.0,237.0,1,0.16666666666666666,1,0,1,97,508,991.6649484536083,20.5
20262,1.0,870,2026-01-07T01:00,COMPLETA,2093.1047,223.5,223.5,94.0,261.0,1,0.25,1,0,0,97,508,991.6649484536083,20.5
20262,1.0,871,2026-01-07T01:10,COMPLETA,1974.3524,223.5,223.5,94.0,261.0,1,0.25,1,0,0,97,508,991.6649484536083,20.5
20262,1.0,872,2026-01-07T01:20,COMPLETA,2108.234,223.5,223.5,94.0,261.0,1,0.25,1,0,0,97,508,991.6649484536083,20.5
20262,1.0,873,2026-01-07T01:30,COMPLETA,1886.6162,223.5,223.5,94.0,261.0,1,0.25,1,0,0,97,508,991.6649484536083,20.5
20262,1.0,874,2026-01-07T01:40,COMPLETA,1752.3725,223.5,223.5,94.0,261.0,1,0.25,1,0,0,97,508,991.6649484536083,20.5
20262,1.0,875,2026-01-07T01:50,COMPLETA,2091.5497,223.5,223.5,94.0,201.0,1,0.25,1,0,0,97,508,991.6649484536083,20.5
20262,1.0,876,2026-01-07T02:00,COMPLETA,2074.1075,223.5,223.5,94.0,201.0,1,0.25,1,0,0,97,508,991.6649484536083,20.5
20262,1.0,877,2026-01-07T02:10,COMPLETA,2025.8486,223.5,223.5,94.0,201.0,1,0.25,1,0,0,97,508,991.6649484536083,20.5
20262,1.0,878,2026-01-07T02:20,COMPLETA,1901.5258,223.5,223.5,94.0,201.0,1,0.25,1,0,1,97,508,991.6649484536083,20.5
20262,1.0,879,2026-01-07T02:30,SIN_DEMANDA,0,,,,,,,0,0,0,97,508,991.6649484536083,20.5
20262,1.0,880,2026-01-07T02:40,COMPLETA,1924.6666,20.5,20.5,122.0,303.0,1,0.20833333333333334,1,0,0,97,508,991.6649484536083,20.5
20262,1.0,881,2026-01-07T02:50,COMPLETA,1991.5024,20.5,20.5,122.0,303.0,1,0.20833333333333334,1,0,0,98,512,987.6836734693877,20.5
20262,1.0,882,2026-01-07T03:00,COMPLETA,1944.1603,20.5,20.5,122.0,303.0,1,0.20833333333333334,1,0,0,98,512,987.6836734693877,20.5
20262,1.0,883,2026-01-07T03:10,COMPLETA,1973.8141,20.5,20.5,122.0,303.0,1,0.20833333333333334,1,0,0,98,512,987.6836734693877,20.5
20262,1.0,884,2026-01-07T03:20,COMPLETA,1851.8771,20.5,20.5,122.0,303.0,1,0.20833333333333334,1,0,0,98,512,987.6836734693877,20.5
20262,1.0,885,2026-01-07T03:30,COMPLETA,1823.1158,20.5,20.5,122.0,303.0,1,0.20833333333333334,1,0,0,98,512,987.6836734693877,20.5
20262,1.0,886,2026-01-07T03:40,COMPLETA,2095.302,20.5,20.5,122.0,303.0,1,0.20833333333333334,1,0,0,98,512,987.6836734693877,20.5
20262,1.0,887,2026-01-07T03:50,COMPLETA,2037.8107,20.5,20.5,122.0,303.0,1,0.20833333333333334,1,0,0,98,512,987.6836734693877,20.5
20262,1.0,888,2026-01-07T04:00,COMPLETA,2077.2823,20.5,20.5,122.0,303.0,1,0.20833333333333334,1,0,0,98,512,987.6836734693877,20.5
20262,1.0,889,2026-01-07T04:10,COMPLETA,3123.0417,1055.0,20.5,136.0,384.0,2,0.1875,2,0,1,98,512,987.6836734693877,20.5
20262,1.0,890,2026-01-07T04:20,COMPLETA,2906.8172,20.5,20.5,122.0,303.0,1,0.20833333333333334,1,0,0,98,512,987.6836734693877,20.5
20262,1.0,891,2026-01-07T04:30,COMPLETA,2606.2341,20.5,20.5,122.0,303.0,1,0.20833333333333334,1,0,0,98,512,987.6836734693877,20.5
20262,1.0,892,2026-01-07T04:40,COMPLETA,3731.0246,326.0,20.5,148.0,402.0,2,0.16666666666666666,2,0,1,98,512,987.6836734693877,20.5
20262,1.0,893,2026-01-07T04:50,COMPLETA,2515.5682,20.5,20.5,122.0,303.0,1,0.20833333333333334,1,0,0,98,512,987.6836734693877,20.5
20262,1.0,894,2026-01-07T05:00,COMPLETA,2589.2165,20.5,20.5,122.0,303.0,1,0.20833333333333334,1,0,0,98,512,987.6836734693877,20.5
20262,1.0,895,2026-01-07T05:10,COMPLETA,2821.6831,20.5,20.5,122.0,303.0,1,0.20833333333333334,1,0,0,98,512,987.6836734693877,20.5
20262,1.0,896,2026-01-07T05:20,COMPLETA,3141.5189,20.5,20.5,122.0,303.0,1,0.20833333333333334,1,0,0,99,518,979.9646464646464,20.5
20262,1.0,897,2026-01-07T05:30,COMPLETA,3197.0826,20.5,20.5,122.0,303.0,1,0.20833333333333334,1,0,0,100,522,991.06,20.5
20262,1.0,898,2026-01-07T05:40,COMPLETA,3170.467,20.5,20.5,122.0,303.0,1,0.20833333333333334,1,0,0,100,522,991.06,20.5
20262,1.0,899,2026-01-07T05:50,COMPLETA,3237.8482,20.5,20.5,122.0,303.0,1,0.20833333333333334,1,0,0,100,522,991.06,20.5
20262,1.0,900,2026-01-07T06:00,COMPLETA,3424.0647,20.5,20.5,122.0,303.0,1,0.20833333333333334,1,0,0,101,525,987.5,20.5
20262,1.0,901,2026-01-07T06:10,COMPLETA,3309.9767,20.5,20.5,122.0,303.0,1,0.20833333333333334,1,0,0,101,525,987.5,20.5
20262,1.0,902,2026-01-07T06:20,COMPLETA,2905.8364,20.5,20.5,122.0,303.0,1,0.20833333333333334,1,0,0,101,525,987.5,20.5
20262,1.0,903,2026-01-07T06:30,COMPLETA,2754.8065,20.5,20.5,122.0,303.0,1,0.20833333333333334,1,0,0,101,525,987.5,20.5
20262,1.0,904,2026-01-07T06:40,COMPLETA,2596.3094,20.5,20.5,122.0,303.0,1,0.20833333333333334,1,0,0,101,525,987.5,20.5
20262,1.0,905,2026-01-07T06:50,COMPLETA,2613.4219,20.5,20.5,122.0,303.0,1,0.20833333333333334,1,0,0,101,525,987.5,20.5
20262,1.0,906,2026-01-07T07:00,COMPLETA,3181.5461,20.5,20.5,122.0,303.0,1,0.20833333333333334,1,0,1,101,525,987.5,20.5
20262,1.0,907,2026-01-07T07:10,SIN_DEMANDA,0,,,,,,,0,0,0,101,525,987.5,20.5
20262,1.0,908,2026-01-07T07:20,SIN_DEMANDA,0,,,,,,,0,0,0,101,525,987.5,20.5
20262,1.0,909,2026-01-07T07:30,SIN_DEMANDA,0,,,,,,,0,0,0,101,525,987.5,20.5
20262,1.0,910,2026-01-07T07:40,SIN_DEMANDA,0,,,,,,,0,0,0,101,525,987.5,20.5
20262,1.0,911,2026-01-07T07:50,SIN_DEMANDA,0,,,,,,,0,0,0,101,525,987.5,20.5
20262,1.0,912,2026-01-07T08:00,COMPLETA,3067.0321,1590.5,1590.5,68.0,222.0,1,0.25,1,0,0,101,525,987.5,20.5
20262,1.0,913,2026-01-07T08:10,COMPLETA,2778.9177,1590.5,1590.5,68.0,222.0,1,0.25,1,0,0,101,525,987.5,20.5
20262,1.0,914,2026-01-07T08:20,COMPLETA,2995.101,1590.5,1590.5,68.0,222.0,1,0.25,1,0,0,101,525,987.5,20.5
20262,1.0,915,2026-01-07T08:30,COMPLETA,2999.7452,1590.5,1590.5,68.0,222.0,1,0.25,1,0,0,101,525,987.5,20.5
20262,1.0,916,2026-01-07T08:40,COMPLETA,4931.8512,1557.75,1525.0,108.0,342.0,1,0.4583333333333333,2,0,0,101,525,987.5,20.5
20262,1.0,917,2026-01-07T08:50,COMPLETA,4467.9985,1557.75,1525.0,108.0,342.0,1,0.4583333333333333,2,0,0,101,525,987.5,20.5
20262,1.0,918,2026-01-07T09:00,COMPLETA,4697.2042,1557.75,1525.0,108.0,342.0,1,0.4583333333333333,2,0,0,101,525,987.5,20.5
20262,1.0,919,2026-01-07T09:10,COMPLETA,4729.4479,1557.75,1525.0,108.0,342.0,1,0.4583333333333333,2,0,0,101,525,987.5,20.5
20262,1.0,920,2026-01-07T09:20,COMPLETA,4468.931,1729.5,1525.0,146.0,459.0,2,0.2708333333333333,3,0,1,101,525,987.5,20.5
20262,1.0,921,2026-01-07T09:30,COMPLETA,4043.4356,1557.75,1525.0,108.0,342.0,1,0.4583333333333333,2,0,0,101,525,987.5,20.5
20262,1.0,922,2026-01-07T09:40,COMPLETA,4106.3416,1557.75,1525.0,108.0,342.0,1,0.4583333333333333,2,0,0,101,525,987.5,20.5
20262,1.0,923,2026-01-07T09:50,COMPLETA,4051.259,1557.75,1525.0,108.0,342.0,1,0.4583333333333333,2,0,0,101,525,987.5,20.5
20262,1.0,924,2026-01-07T10:00,COMPLETA,4332.2849,1557.75,1525.0,108.0,342.0,1,0.4583333333333333,2,0,0,101,525,987.5,20.5
20262,1.0,925,2026-01-07T10:10,COMPLETA,4061.9046,1557.75,1525.0,108.0,342.0,1,0.4583333333333333,2,0,0,101,525,987.5,20.5
20262,1.0,926,2026-01-07T10:20,COMPLETA,4048.2779,1557.75,1525.0,108.0,342.0,1,0.4583333333333333,2,0,0,102,530,978.0196078431372,20.5
20262,1.0,927,2026-01-07T10:30,COMPLETA,3779.6749,1557.75,1525.0,108.0,342.0,1,0.4583333333333333,2,0,0,102,530,978.0196078431372,20.5
20262,1.0,928,2026-01-07T10:40,COMPLETA,3527.7058,1557.75,1525.0,108.0,342.0,1,0.4583333333333333,2,0,0,102,530,978.0196078431372,20.5
20262,1.0,929,2026-01-07T10:50,COMPLETA,3868.6108,1716.1666666666667,1624.0,138.0,447.0,2,0.3333333333333333,3,0,0,103,532,988.6504854368932,20.5
20262,1.0,930,2026-01-07T11:00,COMPLETA,4185.8128,1716.1666666666667,1624.0,138.0,447.0,2,0.3333333333333333,3,0,0,103,532,988.6504854368932,20.5
20262,1.0,931,2026-01-07T11:10,COMPLETA,3731.9521,1716.1666666666667,1624.0,138.0,447.0,2,0.3333333333333333,3,0,1,103,532,988.6504854368932,20.5
20262,1.0,932,2026-01-07T11:20,COMPLETA,3514.5148,1636.0,1624.0,112.0,348.0,1,0.4166666666666667,2,0,0,103,532,988.6504854368932,20.5
20262,1.0,933,2026-01-07T11:30,COMPLETA,3405.8688,1636.0,1624.0,112.0,348.0,1,0.4166666666666667,2,0,0,103,532,988.6504854368932,20.5
20262,1.0,934,2026-01-07T11:40,COMPLETA,3724.0992,1783.6666666666667,1624.0,128.0,432.0,2,0.2916666666666667,3,0,1,103,532,988.6504854368932,20.5
20262,1.0,935,2026-01-07T11:50,COMPLETA,4198.0569,1636.0,1624.0,112.0,348.0,1,0.4166666666666667,2,0,0,103,532,988.6504854368932,20.5
20262,1.0,936,2026-01-07T12:00,COMPLETA,4009.7071,1636.0,1624.0,112.0,348.0,1,0.4166666666666667,2,0,0,103,532,988.6504854368932,20.5
20262,1.0,937,2026-01-07T12:10,COMPLETA,4158.8682,1636.0,1624.0,112.0,348.0,1,0.4166666666666667,2,0,0,103,532,988.6504854368932,20.5
20262,1.0,938,2026-01-07T12:20,COMPLETA,4004.1789,1636.0,1624.0,112.0,348.0,1,0.4166666666666667,2,0,0,103,532,988.6504854368932,20.5
20262,1.0,939,2026-01-07T12:30,COMPLETA,3526.1567,1636.0,1624.0,112.0,348.0,1,0.4166666666666667,2,0,0,103,532,988.6504854368932,20.5
20262,1.0,940,2026-01-07T12:40,COMPLETA,3976.2762,1753.1666666666667,1618.0,172.0,498.0,2,0.3958333333333333,3,0,0,104,538,997.1875,20.5
20262,1.0,941,2026-01-07T12:50,COMPLETA,3999.6625,1753.1666666666667,1618.0,172.0,498.0,2,0.3958333333333333,3,0,1,104,538,997.1875,20.5
20262,1.0,942,2026-01-07T13:00,COMPLETA,3746.9421,1724.25,1618.0,132.0,378.0,1,0.5833333333333334,2,0,0,105,542,1007.4904761904762,20.5
20262,1.0,943,2026-01-07T13:10,COMPLETA,3733.9136,1724.25,1618.0,132.0,378.0,1,0.5833333333333334,2,0,0,105,542,1007.4904761904762,20.5
20262,1.0,944,2026-01-07T13:20,COMPLETA,3387.6814,1724.25,1618.0,132.0,378.0,1,0.5833333333333334,2,0,0,105,542,1007.4904761904762,20.5
20262,1.0,945,2026-01-07T13:30,COMPLETA,3924.7554,1724.25,1618.0,132.0,378.0,1,0.5833333333333334,2,0,0,105,542,1007.4904761904762,20.5
20262,1.0,946,2026-01-07T13:40,COMPLETA,3780.0612,1724.25,1618.0,132.0,378.0,1,0.5833333333333334,2,0,0,105,542,1007.4904761904762,20.5
20262,1.0,947,2026-01-07T13:50,COMPLETA,3829.4613,1724.25,1618.0,132.0,378.0,1,0.5833333333333334,2,0,0,105,542,1007.4904761904762,20.5
20262,1.0,948,2026-01-07T14:00,COMPLETA,3842.7063,1724.25,1618.0,132.0,378.0,1,0.5833333333333334,2,0,0,105,542,1007.4904761904762,20.5
20262,1.0,949,2026-01-07T14:10,COMPLETA,4026.5134,1724.25,1618.0,132.0,378.0,1,0.5833333333333334,2,0,0,105,542,1007.4904761904762,20.5
20262,1.0,950,2026-01-07T14:20,COMPLETA,4076.3643,1724.25,1618.0,132.0,378.0,1,0.5833333333333334,2,0,0,105,542,1007.4904761904762,20.5
20262,1.0,951,2026-01-07T14:30,COMPLETA,3936.4094,1191.6666666666667,126.5,154.0,531.0,2,0.3333333333333333,3,0,0,106,547,1015.0707547169811,20.5
20262,1.0,952,2026-01-07T14:40,COMPLETA,3769.067,1191.6666666666667,126.5,154.0,531.0,2,0.3333333333333333,3,0,0,106,547,1015.0707547169811,20.5
20262,1.0,953,2026-01-07T14:50,COMPLETA,4303.6035,923.5,119.0,196.0,714.0,3,0.3611111111111111,4,0,0,106,547,1015.0707547169811,20.5
20262,1.0,954,2026-01-07T15:00,COMPLETA,3988.8318,923.5,119.0,196.0,714.0,3,0.3611111111111111,4,0,3,106,547,1015.0707547169811,20.5
20262,1.0,955,2026-01-07T15:10,SIN_DEMANDA,0,,,,,,,0,0,0,106,547,1015.0707547169811,20.5
20262,1.0,956,2026-01-07T15:20,SIN_DEMANDA,0,,,,,,,0,0,0,106,547,1015.0707547169811,20.5
20262,1.0,957,2026-01-07T15:30,SIN_DEMANDA,0,,,,,,,0,0,0,106,547,1015.0707547169811,20.5
20262,1.0,958,2026-01-07T15:40,SIN_DEMANDA,0,,,,,,,0,0,0,106,547,1015.0707547169811,20.5
20262,1.0,959,2026-01-07T15:50,SIN_DEMANDA,0,,,,,,,0,0,0,106,547,1015.0707547169811,20.5
20262,1.0,960,2026-01-07T16:00,SIN_DEMANDA,0,,,,,,,0,0,0,106,547,1015.0707547169811,20.5
20262,1.0,961,2026-01-07T16:10,SIN_DEMANDA,0,,,,,,,0,0,0,106,547,1015.0707547169811,20.5
20262,1.0,962,2026-01-07T16:20,SIN_DEMANDA,0,,,,,,,0,0,0,107,549,1006.7663551401869,20.5
20262,1.0,963,2026-01-07T16:30,SIN_DEMANDA,0,,,,,,,0,0,0,107,549,1006.7663551401869,20.5
20262,1.0,964,2026-01-07T16:40,SIN_DEMANDA,0,,,,,,,0,0,0,107,549,1006.7663551401869,20.5
20262,1.0,965,2026-01-07T16:50,SIN_DEMANDA,0,,,,,,,0,0,0,107,549,1006.7663551401869,20.5
20262,1.0,966,2026-01-07T17:00,SIN_DEMANDA,0,,,,,,,0,0,0,108,559,998.5462962962963,20.5
20262,1.0,967,2026-01-07T17:10,SIN_DEMANDA,0,,,,,,,0,0,0,108,559,998.5462962962963,20.5
20262,1.0,968,2026-01-07T17:20,SIN_DEMANDA,0,,,,,,,0,0,0,108,559,998.5462962962963,20.5
20262,1.0,969,2026-01-07T17:30,SIN_DEMANDA,0,,,,,,,0,0,0,108,559,998.5462962962963,20.5
20262,1.0,970,2026-01-07T17:40,SIN_DEMANDA,0,,,,,,,0,0,0,108,559,998.5462962962963,20.5
20262,1.0,971,2026-01-07T17:50,SIN_DEMANDA,0,,,,,,,0,0,0,108,559,998.5462962962963,20.5
20262,1.0,972,2026-01-07T18:00,SIN_DEMANDA,0,,,,,,,0,0,0,108,559,998.5462962962963,20.5
20262,1.0,973,2026-01-07T18:10,SIN_DEMANDA,0,,,,,,,0,0,0,109,568,1006.1788990825688,20.5
20262,1.0,974,2026-01-07T18:20,COMPLETA,1976.6815,628.5,628.5,82.0,246.5,1,0.3333333333333333,1,0,0,109,568,1006.1788990825688,20.5
20262,1.0,975,2026-01-07T18:30,COMPLETA,2005.0525,628.5,628.5,82.0,246.5,1,0.3333333333333333,1,0,0,109,568,1006.1788990825688,20.5
20262,1.0,976,2026-01-07T18:40,COMPLETA,1971.0834,628.5,628.5,82.0,246.5,1,0.3333333333333333,1,0,0,109,568,1006.1788990825688,20.5
20262,1.0,977,2026-01-07T18:50,COMPLETA,1984.9176,628.5,628.5,82.0,246.5,1,0.3333333333333333,1,0,0,109,568,1006.1788990825688,20.5
20262,1.0,978,2026-01-07T19:00,COMPLETA,1829.3693,628.5,628.5,82.0,246.5,1,0.3333333333333333,1,0,0,109,568,1006.1788990825688,20.5
20262,1.0,979,2026-01-07T19:10,COMPLETA,1773.081,628.5,628.5,82.0,246.5,1,0.3333333333333333,1,0,0,109,568,1006.1788990825688,20.5
20262,1.0,980,2026-01-07T19:20,COMPLETA,1954.231,628.5,628.5,82.0,246.5,1,0.3333333333333333,1,0,0,109,568,1006.1788990825688,20.5
20262,1.0,981,2026-01-07T19:30,COMPLETA,2369.1705,628.5,628.5,82.0,246.5,1,0.3333333333333333,1,0,0,109,568,1006.1788990825688,20.5
20262,1.0,982,2026-01-07T19:40,COMPLETA,2619.0874,628.5,628.5,82.0,246.5,1,0.3333333333333333,1,0,0,109,568,1006.1788990825688,20.5
20262,1.0,983,2026-01-07T19:50,COMPLETA,4480.974,1177.25,550.5,94.0,324.5,1,0.7083333333333334,2,0,0,109,568,1006.1788990825688,20.5
20262,1.0,984,2026-01-07T20:00,COMPLETA,3966.4003,1177.25,550.5,94.0,324.5,1,0.7083333333333334,2,0,0,110,573,1011.7409090909091,20.5
20262,1.0,985,2026-01-07T20:10,COMPLETA,3761.0008,836.5,155.0,126.0,432.5,2,0.375,3,0,1,110,573,1011.7409090909091,20.5
20262,1.0,986,2026-01-07T20:20,COMPLETA,3803.4589,1475.0,550.5,128.0,435.5,2,0.4375,3,0,1,110,573,1011.7409090909091,20.5
20262,1.0,987,2026-01-07T20:30,COMPLETA,3559.7364,1177.25,550.5,94.0,324.5,1,0.7083333333333334,2,0,0,110,573,1011.7409090909091,20.5
20262,1.0,988,2026-01-07T20:40,COMPLETA,3821.9934,1177.25,550.5,94.0,324.5,1,0.7083333333333334,2,0,0,110,573,1011.7409090909091,20.5
20262,1.0,989,2026-01-07T20:50,COMPLETA,3984.5395,1177.25,550.5,94.0,324.5,1,0.7083333333333334,2,0,0,110,573,1011.7409090909091,20.5
20262,1.0,990,2026-01-07T21:00,COMPLETA,4301.3633,1177.25,550.5,94.0,324.5,1,0.7083333333333334,2,0,0,110,573,1011.7409090909091,20.5
20262,1.0,991,2026-01-07T21:10,COMPLETA,4741.0572,1177.25,550.5,94.0,324.5,1,0.7083333333333334,2,0,0,110,573,1011.7409090909091,20.5
20262,1.0,992,2026-01-07T21:20,COMPLETA,3783.5118,1177.25,550.5,94.0,324.5,1,0.7083333333333334,2,0,0,110,573,1011.7409090909091,20.5
20262,1.0,993,2026-01-07T21:30,COMPLETA,4554.6341,1177.25,550.5,94.0,324.5,1,0.7083333333333334,2,0,0,110,573,1011.7409090909091,20.5
20262,1.0,994,2026-01-07T21:40,COMPLETA,4835.3285,1177.25,550.5,94.0,324.5,1,0.7083333333333334,2,0,0,111,574,1004.0225225225225,20.5
20262,1.0,995,2026-01-07T21:50,COMPLETA,4818.934,804.3333333333334,58.5,142.0,516.5,2,0.4166666666666667,3,0,0,112,578,1013.5446428571429,20.5
20262,1.0,996,2026-01-07T22:00,COMPLETA,4440.884,804.3333333333334,58.5,142.0,516.5,2,0.4166666666666667,3,0,0,112,578,1013.5446428571429,20.5
20262,1.0,997,2026-01-07T22:10,COMPLETA,5089.8083,804.3333333333334,58.5,142.0,516.5,2,0.4166666666666667,3,0,0,112,578,1013.5446428571429,20.5
20262,1.0,998,2026-01-07T22:20,COMPLETA,4923.129,804.3333333333334,58.5,142.0,516.5,2,0.4166666666666667,3,0,0,112,578,1013.5446428571429,20.5
20262,1.0,999,2026-01-07T22:30,COMPLETA,4580.7716,804.3333333333334,58.5,142.0,516.5,2,0.4166666666666667,3,0,0,112,578,1013.5446428571429,20.5
20262,1.0,1000,2026-01-07T22:40,COMPLETA,4695.2416,804.3333333333334,58.5,142.0,516.5,2,0.4166666666666667,3,0,0,112,578,1013.5446428571429,20.5
20262,1.0,1001,2026-01-07T22:50,COMPLETA,4532.5302,804.3333333333334,58.5,142.0,516.5,2,0.4166666666666667,3,0,0,112,578,1013.5446428571429,20.5
20262,1.0,1002,2026-01-07T23:00,COMPLETA,4809.6658,804.3333333333334,58.5,142.0,516.5,2,0.4166666666666667,3,0,2,112,578,1013.5446428571429,20.5
20262,1.0,1003,2026-01-07T23:10,COMPLETA,1918.569,2036.5,2036.5,70.0,225.0,1,0.041666666666666664,1,0,1,112,578,1013.5446428571429,20.5
20262,1.0,1004,2026-01-07T23:20,SIN_DEMANDA,0,,,,,,,0,0,0,112,578,1013.5446428571429,20.5
20262,1.0,1005,2026-01-07T23:30,SIN_DEMANDA,0,,,,,,,0,0,0,112,578,1013.5446428571429,20.5
20262,1.0,1006,2026-01-07T23:40,SIN_DEMANDA,0,,,,,,,0,0,0,112,578,1013.5446428571429,20.5
20262,1.0,1007,2026-01-07T23:50,SIN_DEMANDA,0,,,,,,,0,0,0,112,578,1013.5446428571429,20.5
20262,1.0,1008,2026-01-08T00:00,SIN_DEMANDA,0,,,,,,,0,0,0,112,578,1013.5446428571429,20.5
20262,1.0,1009,2026-01-08T00:10,SIN_DEMANDA,0,,,,,,,0,0,0,112,578,1013.5446428571429,20.5
20262,1.0,1010,2026-01-08T00:20,SIN_DEMANDA,0,,,,,,,0,0,0,112,578,1013.5446428571429,20.5
20262,1.0,1011,2026-01-08T00:30,SIN_DEMANDA,0,,,,,,,0,0,0,112,578,1013.5446428571429,20.5
20262,1.0,1012,2026-01-08T00:40,SIN_DEMANDA,0,,,,,,,0,0,0,112,578,1013.5446428571429,20.5
20262,1.0,1013,2026-01-08T00:50,SIN_DEMANDA,0,,,,,,,0,0,0,113,581,1005.0929203539823,20.5
20262,1.0,1014,2026-01-08T01:00,SIN_DEMANDA,0,,,,,,,0,0,0,113,581,1005.0929203539823,20.5
20262,1.0,1015,2026-01-08T01:10,SIN_DEMANDA,0,,,,,,,0,0,0,114,582,1014.140350877193,20.5
20262,1.0,1016,2026-01-08T01:20,SIN_DEMANDA,0,,,,,,,0,0,0,114,582,1014.140350877193,20.5
20262,1.0,1017,2026-01-08T01:30,SIN_DEMANDA,0,,,,,,,0,0,0,114,582,1014.140350877193,20.5
20262,1.0,1018,2026-01-08T01:40,SIN_DEMANDA,0,,,,,,,0,0,0,115,591,1021.008695652174,20.5
20262,1.0,1019,2026-01-08T01:50,SIN_DEMANDA,0,,,,,,,0,0,0,115,591,1021.008695652174,20.5
20262,1.0,1020,2026-01-08T02:00,COMPLETA,2957.8244,288.5,288.5,76.0,234.0,1,0.2916666666666667,1,0,0,115,591,1021.008695652174,20.5
20262,1.0,1021,2026-01-08T02:10,COMPLETA,2734.0309,288.5,288.5,76.0,174.0,1,0.2916666666666667,1,0,0,115,591,1021.008695652174,20.5
20262,1.0,1022,2026-01-08T02:20,COMPLETA,2693.206,288.5,288.5,76.0,174.0,1,0.2916666666666667,1,0,0,115,591,1021.008695652174,20.5
20262,1.0,1023,2026-01-08T02:30,COMPLETA,2643.7302,288.5,288.5,76.0,174.0,1,0.2916666666666667,1,0,0,115,591,1021.008695652174,20.5
20262,1.0,1024,2026-01-08T02:40,COMPLETA,2690.6945,288.5,288.5,76.0,174.0,1,0.2916666666666667,1,0,0,115,591,1021.008695652174,20.5
20262,1.0,1025,2026-01-08T02:50,COMPLETA,2482.6999,288.5,288.5,76.0,174.0,1,0.2916666666666667,1,0,1,115,591,1021.008695652174,20.5
20262,1.0,1026,2026-01-08T03:00,SIN_DEMANDA,0,,,,,,,0,0,0,115,591,1021.008695652174,20.5
20262,1.0,1027,2026-01-08T03:10,SIN_DEMANDA,0,,,,,,,0,0,0,116,599,1016.9525862068965,20.5
20262,1.0,1028,2026-01-08T03:20,SIN_DEMANDA,0,,,,,,,0,0,0,116,599,1016.9525862068965,20.5
20262,1.0,1029,2026-01-08T03:30,SIN_DEMANDA,0,,,,,,,0,0,0,116,599,1016.9525862068965,20.5
20262,1.0,1030,2026-01-08T03:40,SIN_DEMANDA,0,,,,,,,0,0,0,116,599,1016.9525862068965,20.5
20262,1.0,1031,2026-01-08T03:50,SIN_DEMANDA,0,,,,,,,0,0,0,116,599,1016.9525862068965,20.5
20262,1.0,1032,2026-01-08T04:00,SIN_DEMANDA,0,,,,,,,0,0,0,116,599,1016.9525862068965,20.5
20262,1.0,1033,2026-01-08T04:10,SIN_DEMANDA,0,,,,,,,0,0,0,116,599,1016.9525862068965,20.5
20262,1.0,1034,2026-01-08T04:20,SIN_DEMANDA,0,,,,,,,0,0,0,116,599,1016.9525862068965,20.5
20262,1.0,1035,2026-01-08T04:30,SIN_DEMANDA,0,,,,,,,0,0,0,116,599,1016.9525862068965,20.5
20262,1.0,1036,2026-01-08T04:40,SIN_DEMANDA,0,,,,,,,0,0,0,116,599,1016.9525862068965,20.5
20262,1.0,1037,2026-01-08T04:50,SIN_DEMANDA,0,,,,,,,0,0,0,116,599,1016.9525862068965,20.5
20262,1.0,1038,2026-01-08T05:00,SIN_DEMANDA,0,,,,,,,0,0,0,116,599,1016.9525862068965,20.5
20262,1.0,1039,2026-01-08T05:10,SIN_DEMANDA,0,,,,,,,0,0,0,117,606,1010.7264957264957,20.5
20262,1.0,1040,2026-01-08T05:20,SIN_DEMANDA,0,,,,,,,0,0,0,117,606,1010.7264957264957,20.5
20262,1.0,1041,2026-01-08T05:30,SIN_DEMANDA,0,,,,,,,0,0,0,117,606,1010.7264957264957,20.5
20262,1.0,1042,2026-01-08T05:40,COMPLETA,3799.322,64.0,64.0,36.0,174.0,1,0.375,1,0,0,117,606,1010.7264957264957,20.5
20262,1.0,1043,2026-01-08T05:50,COMPLETA,3253.3515,64.0,64.0,36.0,174.0,1,0.375,1,0,0,117,606,1010.7264957264957,20.5
20262,1.0,1044,2026-01-08T06:00,COMPLETA,3533.918,64.0,64.0,36.0,174.0,1,0.375,1,0,0,117,606,1010.7264957264957,20.5
20262,1.0,1045,2026-01-08T06:10,COMPLETA,3782.0758,64.0,64.0,36.0,174.0,1,0.375,1,0,0,117,606,1010.7264957264957,20.5
20262,1.0,1046,2026-01-08T06:20,COMPLETA,3445.3428,64.0,64.0,36.0,174.0,1,0.375,1,0,0,117,606,1010.7264957264957,20.5
20262,1.0,1047,2026-01-08T06:30,COMPLETA,3399.897,64.0,64.0,36.0,174.0,1,0.375,1,0,0,117,606,1010.7264957264957,20.5
20262,1.0,1048,2026-01-08T06:40,COMPLETA,4224.6037,1042.75,64.0,106.0,399.0,2,0.20833333333333334,2,0,0,117,606,1010.7264957264957,20.5
20262,1.0,1049,2026-01-08T06:50,COMPLETA,4500.6866,1042.75,64.0,106.0,399.0,2,0.20833333333333334,2,0,0,117,606,1010.7264957264957,20.5
20262,1.0,1050,2026-01-08T07:00,COMPLETA,4172.7781,1042.75,64.0,106.0,399.0,2,0.20833333333333334,2,0,2,117,606,1010.7264957264957,20.5
20262,1.0,1051,2026-01-08T07:10,COMPLETA,2709.4572,1823.0,1823.0,80.0,240.0,1,0.3333333333333333,1,0,0,117,606,1010.7264957264957,20.5
20262,1.0,1052,2026-01-08T07:20,COMPLETA,2658.5777,1823.0,1823.0,80.0,240.0,1,0.3333333333333333,1,0,0,117,606,1010.7264957264957,20.5
20262,1.0,1053,2026-01-08T07:30,COMPLETA,2720.8362,1823.0,1823.0,80.0,240.0,1,0.3333333333333333,1,0,0,117,606,1010.7264957264957,20.5
20262,1.0,1054,2026-01-08T07:40,COMPLETA,2576.0001,1823.0,1823.0,80.0,240.0,1,0.3333333333333333,1,0,0,117,606,1010.7264957264957,20.5
20262,1.0,1055,2026-01-08T07:50,COMPLETA,2496.8166,1823.0,1823.0,80.0,240.0,1,0.3333333333333333,1,0,0,117,606,1010.7264957264957,20.5
20262,1.0,1056,2026-01-08T08:00,COMPLETA,2442.6327,1823.0,1823.0,80.0,240.0,1,0.3333333333333333,1,0,0,117,606,1010.7264957264957,20.5
20262,1.0,1057,2026-01-08T08:10,COMPLETA,2457.2595,1823.0,1823.0,80.0,240.0,1,0.3333333333333333,1,0,0,117,606,1010.7264957264957,20.5
20262,1.0,1058,2026-01-08T08:20,COMPLETA,2582.9728,1823.0,1823.0,80.0,240.0,1,0.3333333333333333,1,0,0,117,606,1010.7264957264957,20.5
20262,1.0,1059,2026-01-08T08:30,COMPLETA,2655.4408,1823.0,1823.0,80.0,240.0,1,0.3333333333333333,1,0,0,118,615,1002.7033898305085,20.5
20262,1.0,1060,2026-01-08T08:40,COMPLETA,2774.2581,1823.0,1823.0,80.0,240.0,1,0.3333333333333333,1,0,0,118,615,1002.7033898305085,20.5
20262,1.0,1061,2026-01-08T08:50,COMPLETA,2833.5187,1823.0,1823.0,80.0,240.0,1,0.3333333333333333,1,0,0,118,615,1002.7033898305085,20.5
20262,1.0,1062,2026-01-08T09:00,COMPLETA,2903.1895,1823.0,1823.0,80.0,240.0,1,0.3333333333333333,1,0,0,119,616,1011.2647058823529,20.5
20262,1.0,1063,2026-01-08T09:10,COMPLETA,2720.1539,1823.0,1823.0,80.0,240.0,1,0.3333333333333333,1,0,0,119,616,1011.2647058823529,20.5
20262,1.0,1064,2026-01-08T09:20,COMPLETA,3352.7716,1095.25,367.5,150.0,405.0,2,0.1875,2,0,1,119,616,1011.2647058823529,20.5
20262,1.0,1065,2026-01-08T09:30,COMPLETA,2662.7756,1823.0,1823.0,80.0,180.0,1,0.3333333333333333,1,0,0,119,616,1011.2647058823529,20.5
20262,1.0,1066,2026-01-08T09:40,COMPLETA,2612.2337,1823.0,1823.0,80.0,180.0,1,0.3333333333333333,1,0,0,119,616,1011.2647058823529,20.5
20262,1.0,1067,2026-01-08T09:50,COMPLETA,5399.369,1866.5,1763.0,174.0,441.0,2,0.3125,2,0,1,119,616,1011.2647058823529,20.5
20262,1.0,1068,2026-01-08T10:00,COMPLETA,2743.5475,1517.0,1517.0,80.0,240.0,1,0.3333333333333333,1,0,0,119,616,1011.2647058823529,20.5
20262,1.0,1069,2026-01-08T10:10,COMPLETA,2699.3416,1517.0,1517.0,80.0,240.0,1,0.3333333333333333,1,0,0,119,616,1011.2647058823529,20.5
20262,1.0,1070,2026-01-08T10:20,COMPLETA,2631.3941,1517.0,1517.0,80.0,240.0,1,0.3333333333333333,1,0,0,119,616,1011.2647058823529,20.5
20262,1.0,1071,2026-01-08T10:30,COMPLETA,2692.5364,1517.0,1517.0,80.0,240.0,1,0.3333333333333333,1,0,0,119,616,1011.2647058823529,20.5
20262,1.0,1072,2026-01-08T10:40,COMPLETA,2428.7213,1517.0,1517.0,80.0,240.0,1,0.3333333333333333,1,0,0,119,616,1011.2647058823529,20.5
20262,1.0,1073,2026-01-08T10:50,COMPLETA,2712.5988,1517.0,1517.0,80.0,240.0,1,0.3333333333333333,1,0,0,119,616,1011.2647058823529,20.5
20262,1.0,1074,2026-01-08T11:00,COMPLETA,2603.5547,1517.0,1517.0,80.0,240.0,1,0.3333333333333333,1,0,0,119,616,1011.2647058823529,20.5
20262,1.0,1075,2026-01-08T11:10,COMPLETA,4436.2986,922.25,327.5,160.0,420.0,2,0.2916666666666667,2,0,1,119,616,1011.2647058823529,20.5
20262,1.0,1076,2026-01-08T11:20,COMPLETA,2721.5664,1517.0,1517.0,80.0,240.0,1,0.3333333333333333,1,0,0,120,617,1005.9,20.5
20262,1.0,1077,2026-01-08T11:30,COMPLETA,2832.1711,1517.0,1517.0,80.0,240.0,1,0.3333333333333333,1,0,0,120,617,1005.9,20.5
20262,1.0,1078,2026-01-08T11:40,COMPLETA,4838.5009,1598.75,1403.0,140.0,390.0,1,0.5416666666666666,2,0,0,120,617,1005.9,20.5
20262,1.0,1079,2026-01-08T11:50,COMPLETA,5225.1117,1598.75,1403.0,140.0,390.0,1,0.5416666666666666,2,0,0,120,617,1005.9,20.5
20262,1.0,1080,2026-01-08T12:00,COMPLETA,4480.9433,1598.75,1403.0,140.0,390.0,1,0.5416666666666666,2,0,0,120,617,1005.9,20.5
20262,1.0,1081,2026-01-08T12:10,COMPLETA,4975.911,1598.75,1403.0,140.0,390.0,1,0.5416666666666666,2,0,0,120,617,1005.9,20.5
20262,1.0,1082,2026-01-08T12:20,COMPLETA,4845.5437,1598.75,1403.0,140.0,390.0,1,0.5416666666666666,2,0,0,120,617,1005.9,20.5
20262,1.0,1083,2026-01-08T12:30,COMPLETA,5139.5234,1598.75,1403.0,140.0,390.0,1,0.5416666666666666,2,0,0,120,617,1005.9,20.5
20262,1.0,1084,2026-01-08T12:40,COMPLETA,4782.4061,1598.75,1403.0,140.0,390.0,1,0.5416666666666666,2,0,0,120,617,1005.9,20.5
20262,1.0,1085,2026-01-08T12:50,COMPLETA,4633.865,1598.75,1403.0,140.0,390.0,1,0.5416666666666666,2,0,0,120,617,1005.9,20.5
20262,1.0,1086,2026-01-08T13:00,COMPLETA,4578.7389,1598.75,1403.0,140.0,390.0,1,0.5416666666666666,2,0,0,121,624,1013.8677685950413,20.5
20262,1.0,1087,2026-01-08T13:10,COMPLETA,3882.9958,1598.75,1403.0,140.0,390.0,1,0.5416666666666666,2,0,0,121,624,1013.8677685950413,20.5
20262,1.0,1088,2026-01-08T13:20,COMPLETA,3709.3549,1598.75,1403.0,140.0,390.0,1,0.5416666666666666,2,0,0,121,624,1013.8677685950413,20.5
20262,1.0,1089,2026-01-08T13:30,COMPLETA,3864.0561,1598.75,1403.0,140.0,390.0,1,0.5416666666666666,2,0,0,121,624,1013.8677685950413,20.5
20262,1.0,1090,2026-01-08T13:40,COMPLETA,3690.3238,1598.75,1403.0,140.0,390.0,1,0.5416666666666666,2,0,0,121,624,1013.8677685950413,20.5
20262,1.0,1091,2026-01-08T13:50,COMPLETA,3832.8115,1598.75,1403.0,140.0,390.0,1,0.5416666666666666,2,0,0,122,630,1008.2418032786885,20.5
20262,1.0,1092,2026-01-08T14:00,COMPLETA,3764.7648,1598.75,1403.0,140.0,390.0,1,0.5416666666666666,2,0,0,122,630,1008.2418032786885,20.5
20262,1.0,1093,2026-01-08T14:10,COMPLETA,4192.6181,1598.75,1403.0,140.0,390.0,1,0.5416666666666666,2,0,0,122,630,1008.2418032786885,20.5
20262,1.0,1094,2026-01-08T14:20,COMPLETA,3675.9284,1598.75,1403.0,140.0,390.0,1,0.5416666666666666,2,0,0,122,630,1008.2418032786885,20.5
20262,1.0,1095,2026-01-08T14:30,COMPLETA,4087.3623,1089.8333333333333,72.0,222.0,633.0,2,0.4166666666666667,3,0,0,122,630,1008.2418032786885,20.5
20262,1.0,1096,2026-01-08T14:40,COMPLETA,3916.7069,1089.8333333333333,72.0,222.0,633.0,2,0.4166666666666667,3,0,0,122,630,1008.2418032786885,20.5
20262,1.0,1097,2026-01-08T14:50,COMPLETA,4008.7588,1089.8333333333333,72.0,222.0,633.0,2,0.4166666666666667,3,0,0,122,630,1008.2418032786885,20.5
20262,1.0,1098,2026-01-08T15:00,COMPLETA,4196.7734,1089.8333333333333,72.0,222.0,633.0,2,0.4166666666666667,3,0,2,122,630,1008.2418032786885,20.5
20262,1.0,1099,2026-01-08T15:10,SIN_DEMANDA,0,,,,,,,0,0,0,122,630,1008.2418032786885,20.5
20262,1.0,1100,2026-01-08T15:20,SIN_DEMANDA,0,,,,,,,0,0,0,122,630,1008.2418032786885,20.5
20262,1.0,1101,2026-01-08T15:30,SIN_DEMANDA,0,,,,,,,0,0,0,122,630,1008.2418032786885,20.5
20262,1.0,1102,2026-01-08T15:40,SIN_DEMANDA,0,,,,,,,0,0,0,122,630,1008.2418032786885,20.5
20262,1.0,1103,2026-01-08T15:50,SIN_DEMANDA,0,,,,,,,0,0,0,122,630,1008.2418032786885,20.5
20262,1.0,1104,2026-01-08T16:00,SIN_DEMANDA,0,,,,,,,0,0,0,122,630,1008.2418032786885,20.5
20262,1.0,1105,2026-01-08T16:10,COMPLETA,3994.6509,391.25,226.5,68.0,404.5,2,0.25,2,0,0,122,630,1008.2418032786885,20.5
20262,1.0,1106,2026-01-08T16:20,COMPLETA,4085.1644,391.25,226.5,68.0,404.5,2,0.25,2,0,0,122,630,1008.2418032786885,20.5
20262,1.0,1107,2026-01-08T16:30,COMPLETA,4590.915,391.25,226.5,68.0,404.5,2,0.25,2,0,0,122,630,1008.2418032786885,20.5
20262,1.0,1108,2026-01-08T16:40,COMPLETA,4867.6448,391.25,226.5,68.0,404.5,2,0.25,2,0,0,122,630,1008.2418032786885,20.5
20262,1.0,1109,2026-01-08T16:50,COMPLETA,4905.8214,391.25,226.5,68.0,404.5,2,0.25,2,0,0,122,630,1008.2418032786885,20.5
20262,1.0,1110,2026-01-08T17:00,COMPLETA,4915.4106,391.25,226.5,68.0,404.5,2,0.25,2,0,0,122,630,1008.2418032786885,20.5
20262,1.0,1111,2026-01-08T17:10,COMPLETA,4075.9777,391.25,226.5,68.0,404.5,2,0.25,2,0,0,122,630,1008.2418032786885,20.5
20262,1.0,1112,2026-01-08T17:20,COMPLETA,3769.5364,391.25,226.5,68.0,404.5,2,0.25,2,0,0,123,637,1000.630081300813,20.5
20262,1.0,1113,2026-01-08T17:30,COMPLETA,3646.888,391.25,226.5,68.0,404.5,2,0.25,2,0,0,123,637,1000.630081300813,20.5
20262,1.0,1114,2026-01-08T17:40,COMPLETA,3787.3422,376.0,226.5,78.0,542.5,3,0.2777777777777778,3,0,1,123,637,1000.630081300813,20.5
20262,1.0,1115,2026-01-08T17:50,COMPLETA,4026.6374,389.1666666666667,226.5,144.0,578.5,3,0.19444444444444445,3,0,1,124,642,1007.0322580645161,20.5
20262,1.0,1116,2026-01-08T18:00,COMPLETA,4689.5732,391.25,226.5,68.0,404.5,2,0.25,2,0,0,124,642,1007.0322580645161,20.5
20262,1.0,1117,2026-01-08T18:10,COMPLETA,4498.6289,391.25,226.5,68.0,404.5,2,0.25,2,0,0,124,642,1007.0322580645161,20.5
20262,1.0,1118,2026-01-08T18:20,COMPLETA,4694.8411,326.75,97.5,154.0,411.0,2,0.25,2,0,0,124,642,1007.0322580645161,20.5
20262,1.0,1119,2026-01-08T18:30,COMPLETA,4299.0637,326.75,97.5,154.0,411.0,2,0.25,2,0,0,124,642,1007.0322580645161,20.5
20262,1.0,1120,2026-01-08T18:40,COMPLETA,4224.0808,326.75,97.5,154.0,411.0,2,0.25,2,0,0,124,642,1007.0322580645161,20.5
20262,1.0,1121,2026-01-08T18:50,COMPLETA,4587.2533,326.75,97.5,154.0,411.0,2,0.25,2,0,0,124,642,1007.0322580645161,20.5
20262,1.0,1122,2026-01-08T19:00,COMPLETA,4974.3135,326.75,97.5,154.0,411.0,2,0.25,2,0,1,124,642,1007.0322580645161,20.5
20262,1.0,1123,2026-01-08T19:10,COMPLETA,3178.8052,556.0,556.0,42.0,183.0,1,0.20833333333333334,1,0,0,124,642,1007.0322580645161,20.5
20262,1.0,1124,2026-01-08T19:20,COMPLETA,4364.5001,1138.25,433.0,84.0,306.0,1,0.4583333333333333,2,0,0,124,642,1007.0322580645161,20.5
20262,1.0,1125,2026-01-08T19:30,COMPLETA,4656.4191,1138.25,433.0,84.0,306.0,1,0.4583333333333333,2,0,0,125,644,1002.056,20.5
20262,1.0,1126,2026-01-08T19:40,COMPLETA,5235.708,1292.3333333333333,301.0,132.0,438.0,1,0.6666666666666666,3,0,0,126,652,1005.2380952380952,20.5
20262,1.0,1127,2026-01-08T19:50,COMPLETA,5493.9225,1292.3333333333333,301.0,132.0,438.0,1,0.6666666666666666,3,0,0,126,652,1005.2380952380952,20.5
20262,1.0,1128,2026-01-08T20:00,COMPLETA,5178.5045,1292.3333333333333,301.0,132.0,438.0,1,0.6666666666666666,3,0,0,127,660,1000.0433070866142,20.5
20262,1.0,1129,2026-01-08T20:10,COMPLETA,5836.8957,1292.3333333333333,301.0,132.0,438.0,1,0.6666666666666666,3,0,0,127,660,1000.0433070866142,20.5
20262,1.0,1130,2026-01-08T20:20,COMPLETA,5201.6984,1292.3333333333333,301.0,132.0,438.0,1,0.6666666666666666,3,0,0,127,660,1000.0433070866142,20.5
20262,1.0,1131,2026-01-08T20:30,COMPLETA,5217.73,1292.3333333333333,301.0,132.0,438.0,1,0.6666666666666666,3,0,0,127,660,1000.0433070866142,20.5
20262,1.0,1132,2026-01-08T20:40,COMPLETA,4253.0263,1292.3333333333333,301.0,132.0,438.0,1,0.6666666666666666,3,0,0,127,660,1000.0433070866142,20.5
20262,1.0,1133,2026-01-08T20:50,COMPLETA,4913.4886,1292.3333333333333,301.0,132.0,438.0,1,0.6666666666666666,3,0,0,127,660,1000.0433070866142,20.5
20262,1.0,1134,2026-01-08T21:00,COMPLETA,5510.748,1292.3333333333333,301.0,132.0,438.0,1,0.6666666666666666,3,0,0,127,660,1000.0433070866142,20.5
20262,1.0,1135,2026-01-08T21:10,COMPLETA,5219.0956,1292.3333333333333,301.0,132.0,438.0,1,0.6666666666666666,3,0,0,127,660,1000.0433070866142,20.5
20262,1.0,1136,2026-01-08T21:20,COMPLETA,5298.4103,1292.3333333333333,301.0,132.0,438.0,1,0.6666666666666666,3,0,0,127,660,1000.0433070866142,20.5
20262,1.0,1137,2026-01-08T21:30,COMPLETA,4814.1166,1292.3333333333333,301.0,132.0,438.0,1,0.6666666666666666,3,0,0,127,660,1000.0433070866142,20.5
20262,1.0,1138,2026-01-08T21:40,COMPLETA,4776.9308,1292.3333333333333,301.0,132.0,438.0,1,0.6666666666666666,3,0,0,127,660,1000.0433070866142,20.5
20262,1.0,1139,2026-01-08T21:50,COMPLETA,5148.2081,1292.3333333333333,301.0,132.0,438.0,1,0.6666666666666666,3,0,0,127,660,1000.0433070866142,20.5
20262,1.0,1140,2026-01-08T22:00,COMPLETA,4933.5707,1292.3333333333333,301.0,132.0,438.0,1,0.6666666666666666,3,0,0,127,660,1000.0433070866142,20.5
20262,1.0,1141,2026-01-08T22:10,COMPLETA,4703.2788,1292.3333333333333,301.0,132.0,438.0,1,0.6666666666666666,3,0,0,127,660,1000.0433070866142,20.5
20262,1.0,1142,2026-01-08T22:20,COMPLETA,5502.1025,1128.375,336.5,132.0,618.0,3,0.2777777777777778,4,0,0,127,660,1000.0433070866142,20.5
20262,1.0,1143,2026-01-08T22:30,COMPLETA,5923.2611,1128.375,336.5,132.0,618.0,3,0.2777777777777778,4,0,0,127,660,1000.0433070866142,20.5
20262,1.0,1144,2026-01-08T22:40,COMPLETA,5929.5606,990.4,336.5,276.0,979.5,4,0.25,5,0,0,128,667,992.9921875,20.5
20262,1.0,1145,2026-01-08T22:50,COMPLETA,6809.0656,990.4,336.5,276.0,979.5,4,0.25,5,0,0,128,667,992.9921875,20.5
20262,1.0,1146,2026-01-08T23:00,COMPLETA,6258.4202,990.4,336.5,276.0,979.5,4,0.25,5,0,4,128,667,992.9921875,20.5
20262,1.0,1147,2026-01-08T23:10,SIN_DEMANDA,0,,,,,,,0,0,0,128,667,992.9921875,20.5
20262,1.0,1148,2026-01-08T23:20,SIN_DEMANDA,0,,,,,,,0,0,0,128,667,992.9921875,20.5
20262,1.0,1149,2026-01-08T23:30,SIN_DEMANDA,0,,,,,,,0,0,0,128,667,992.9921875,20.5
20262,1.0,1150,2026-01-08T23:40,SIN_DEMANDA,0,,,,,,,0,0,0,128,667,992.9921875,20.5
20262,1.0,1151,2026-01-08T23:50,SIN_DEMANDA,0,,,,,,,0,0,0,128,667,992.9921875,20.5
20262,1.0,1152,2026-01-09T00:00,SIN_DEMANDA,0,,,,,,,0,0,0,128,667,992.9921875,20.5
20262,1.0,1153,2026-01-09T00:10,COMPLETA,3263.8244,121.0,121.0,90.0,255.0,1,0.375,1,0,0,128,667,992.9921875,20.5
20262,1.0,1154,2026-01-09T00:20,COMPLETA,3437.7679,121.0,121.0,90.0,255.0,1,0.375,1,0,0,128,667,992.9921875,20.5
20262,1.0,1155,2026-01-09T00:30,COMPLETA,4612.7056,520.25,121.0,186.0,519.0,2,0.22916666666666666,2,0,1,128,667,992.9921875,20.5
20262,1.0,1156,2026-01-09T00:40,COMPLETA,3558.8712,121.0,121.0,90.0,255.0,1,0.375,1,0,0,128,667,992.9921875,20.5
20262,1.0,1157,2026-01-09T00:50,COMPLETA,3569.6629,121.0,121.0,90.0,255.0,1,0.375,1,0,0,130,675,984.876923076923,20.5
20262,1.0,1158,2026-01-09T01:00,COMPLETA,4465.6934,840.5,19.0,118.0,357.0,1,0.6666666666666666,2,0,0,131,680,981.6030534351145,20.5
20262,1.0,1159,2026-01-09T01:10,COMPLETA,4432.3147,840.5,19.0,118.0,357.0,1,0.6666666666666666,2,0,0,131,680,981.6030534351145,20.5
20262,1.0,1160,2026-01-09T01:20,COMPLETA,4488.8549,840.5,19.0,118.0,357.0,1,0.6666666666666666,2,0,0,131,680,981.6030534351145,20.5
20262,1.0,1161,2026-01-09T01:30,COMPLETA,4467.6912,840.5,19.0,118.0,357.0,1,0.6666666666666666,2,0,0,131,680,981.6030534351145,20.5
20262,1.0,1162,2026-01-09T01:40,COMPLETA,4185.9417,840.5,19.0,118.0,357.0,1,0.6666666666666666,2,0,0,132,686,987.655303030303,20.5
20262,1.0,1163,2026-01-09T01:50,COMPLETA,4622.622,840.5,19.0,118.0,357.0,1,0.6666666666666666,2,0,0,132,686,987.655303030303,20.5
20262,1.0,1164,2026-01-09T02:00,COMPLETA,4524.8753,840.5,19.0,118.0,357.0,1,0.6666666666666666,2,0,0,132,686,987.655303030303,20.5
20262,1.0,1165,2026-01-09T02:10,COMPLETA,4925.3977,840.5,19.0,118.0,357.0,1,0.6666666666666666,2,0,0,132,686,987.655303030303,20.5
20262,1.0,1166,2026-01-09T02:20,COMPLETA,4369.0321,840.5,19.0,118.0,357.0,1,0.6666666666666666,2,0,0,132,686,987.655303030303,20.5
20262,1.0,1167,2026-01-09T02:30,COMPLETA,5088.4424,662.0,20.0,142.0,513.0,2,0.4791666666666667,3,0,0,132,686,987.655303030303,20.5
20262,1.0,1168,2026-01-09T02:40,COMPLETA,4910.324,662.0,20.0,142.0,458.0,2,0.4791666666666667,3,0,0,132,686,987.655303030303,20.5
20262,1.0,1169,2026-01-09T02:50,COMPLETA,5443.9712,662.0,20.0,142.0,458.0,2,0.4791666666666667,3,0,0,132,686,987.655303030303,20.5
20262,1.0,1170,2026-01-09T03:00,COMPLETA,4913.8675,662.0,20.0,142.0,458.0,2,0.4791666666666667,3,0,0,132,686,987.655303030303,20.5
20262,1.0,1171,2026-01-09T03:10,COMPLETA,4700.9288,662.0,20.0,142.0,458.0,2,0.4791666666666667,3,0,1,133,688,987.1428571428571,20.5
20262,1.0,1172,2026-01-09T03:20,COMPLETA,4666.1071,97.5,74.0,154.0,471.0,2,0.3333333333333333,2,0,0,133,688,987.1428571428571,20.5
20262,1.0,1173,2026-01-09T03:30,COMPLETA,4385.2566,97.5,74.0,154.0,471.0,2,0.3333333333333333,2,0,0,133,688,987.1428571428571,20.5
20262,1.0,1174,2026-01-09T03:40,COMPLETA,4595.4938,97.5,74.0,154.0,471.0,2,0.3333333333333333,2,0,0,134,693,992.3470149253732,20.5
20262,1.0,1175,2026-01-09T03:50,COMPLETA,4436.1839,97.5,74.0,154.0,471.0,2,0.3333333333333333,2,0,0,134,693,992.3470149253732,20.5
20262,1.0,1176,2026-01-09T04:00,COMPLETA,4465.8168,97.5,74.0,154.0,471.0,2,0.3333333333333333,2,0,0,134,693,992.3470149253732,20.5
20262,1.0,1177,2026-01-09T04:10,COMPLETA,4789.4699,97.5,74.0,154.0,471.0,2,0.3333333333333333,2,0,0,134,693,992.3470149253732,20.5
20262,1.0,1178,2026-01-09T04:20,COMPLETA,4810.0289,97.5,74.0,154.0,471.0,2,0.3333333333333333,2,0,0,134,693,992.3470149253732,20.5
20262,1.0,1179,2026-01-09T04:30,COMPLETA,4677.9325,97.5,74.0,154.0,471.0,2,0.3333333333333333,2,0,0,134,693,992.3470149253732,20.5
20262,1.0,1180,2026-01-09T04:40,COMPLETA,4701.9081,97.5,74.0,154.0,471.0,2,0.3333333333333333,2,0,0,134,693,992.3470149253732,20.5
20262,1.0,1181,2026-01-09T04:50,COMPLETA,4638.2831,97.5,74.0,154.0,471.0,2,0.3333333333333333,2,0,0,134,693,992.3470149253732,20.5
20262,1.0,1182,2026-01-09T05:00,COMPLETA,4496.4184,92.5,6.0,228.0,762.0,4,0.20833333333333334,4,0,1,135,700,999.2185185185185,20.5
20262,1.0,1183,2026-01-09T05:10,COMPLETA,5065.8341,67.0,6.0,216.0,684.0,3,0.2638888888888889,3,0,0,135,700,999.2185185185185,20.5
20262,1.0,1184,2026-01-09T05:20,COMPLETA,4978.1594,67.0,6.0,216.0,684.0,3,0.2638888888888889,3,0,0,135,700,999.2185185185185,20.5
20262,1.0,1185,2026-01-09T05:30,COMPLETA,4794.7784,67.0,6.0,216.0,684.0,3,0.2638888888888889,3,0,0,135,700,999.2185185185185,20.5
20262,1.0,1186,2026-01-09T05:40,COMPLETA,5052.7655,67.0,6.0,216.0,684.0,3,0.2638888888888889,3,0,0,135,700,999.2185185185185,20.5
20262,1.0,1187,2026-01-09T05:50,COMPLETA,7206.7539,67.0,6.0,216.0,684.0,3,0.2638888888888889,3,0,0,135,700,999.2185185185185,20.5
20262,1.0,1188,2026-01-09T06:00,COMPLETA,5655.9768,67.0,6.0,216.0,684.0,3,0.2638888888888889,3,0,0,135,700,999.2185185185185,20.5
20262,1.0,1189,2026-01-09T06:10,COMPLETA,5238.4312,67.0,6.0,216.0,684.0,3,0.2638888888888889,3,0,0,136,701,993.1139705882352,20.5
20262,1.0,1190,2026-01-09T06:20,COMPLETA,5619.1474,67.0,6.0,216.0,684.0,3,0.2638888888888889,3,0,0,136,701,993.1139705882352,20.5
20262,1.0,1191,2026-01-09T06:30,COMPLETA,5154.6334,67.0,6.0,216.0,684.0,3,0.2638888888888889,3,0,0,136,701,993.1139705882352,20.5
20262,1.0,1192,2026-01-09T06:40,COMPLETA,5463.4653,67.0,6.0,216.0,684.0,3,0.2638888888888889,3,0,0,136,701,993.1139705882352,20.5
20262,1.0,1193,2026-01-09T06:50,COMPLETA,5093.0746,67.0,6.0,216.0,684.0,3,0.2638888888888889,3,0,0,136,701,993.1139705882352,20.5
20262,1.0,1194,2026-01-09T07:00,COMPLETA,4695.705,67.0,6.0,216.0,684.0,3,0.2638888888888889,3,0,3,136,701,993.1139705882352,20.5
20262,1.0,1195,2026-01-09T07:10,SIN_DEMANDA,0,,,,,,,0,0,0,136,701,993.1139705882352,20.5
20262,1.0,1196,2026-01-09T07:20,SIN_DEMANDA,0,,,,,,,0,0,0,136,701,993.1139705882352,20.5
20262,1.0,1197,2026-01-09T07:30,SIN_DEMANDA,0,,,,,,,0,0,0,136,701,993.1139705882352,20.5
20262,1.0,1198,2026-01-09T07:40,COMPLETA,3565.9667,1565.5,1565.5,82.0,243.0,1,0.4166666666666667,1,0,0,136,701,993.1139705882352,20.5
20262,1.0,1199,2026-01-09T07:50,COMPLETA,3579.2314,1565.5,1565.5,82.0,243.0,1,0.4166666666666667,1,0,0,136,701,993.1139705882352,20.5
20262,1.0,1200,2026-01-09T08:00,COMPLETA,3625.4786,1565.5,1565.5,82.0,243.0,1,0.4166666666666667,1,0,0,136,701,993.1139705882352,20.5
20262,1.0,1201,2026-01-09T08:10,COMPLETA,3091.9059,1565.5,1565.5,82.0,243.0,1,0.4166666666666667,1,0,0,136,701,993.1139705882352,20.5
20262,1.0,1202,2026-01-09T08:20,COMPLETA,4459.3141,1140.75,452.0,218.0,567.0,2,0.3125,2,0,0,136,701,993.1139705882352,20.5
20262,1.0,1203,2026-01-09T08:30,COMPLETA,4592.0241,1140.75,452.0,218.0,567.0,2,0.3125,2,0,0,136,701,993.1139705882352,20.5
20262,1.0,1204,2026-01-09T08:40,COMPLETA,4607.4311,1140.75,452.0,218.0,567.0,2,0.3125,2,0,0,136,701,993.1139705882352,20.5
20262,1.0,1205,2026-01-09T08:50,COMPLETA,4563.8566,1140.75,452.0,218.0,567.0,2,0.3125,2,0,0,137,704,985.9087591240876,6.0
20262,1.0,1206,2026-01-09T09:00,COMPLETA,4630.3374,1140.75,452.0,218.0,567.0,2,0.3125,2,0,0,137,704,985.9087591240876,6.0
20262,1.0,1207,2026-01-09T09:10,COMPLETA,4226.5249,1140.75,452.0,218.0,567.0,2,0.3125,2,0,0,138,711,979.3007246376811,6.0
20262,1.0,1208,2026-01-09T09:20,COMPLETA,4541.3208,1140.75,452.0,218.0,567.0,2,0.3125,2,0,0,138,711,979.3007246376811,6.0
20262,1.0,1209,2026-01-09T09:30,COMPLETA,4493.7325,1140.75,452.0,218.0,567.0,2,0.3125,2,0,0,138,711,979.3007246376811,6.0
20262,1.0,1210,2026-01-09T09:40,COMPLETA,4690.7067,1140.75,452.0,218.0,567.0,2,0.3125,2,0,0,138,711,979.3007246376811,6.0
20262,1.0,1211,2026-01-09T09:50,COMPLETA,4144.9787,1140.75,452.0,218.0,567.0,2,0.3125,2,0,0,138,711,979.3007246376811,6.0
20262,1.0,1212,2026-01-09T10:00,COMPLETA,4481.8939,1140.75,452.0,218.0,567.0,2,0.3125,2,0,0,138,711,979.3007246376811,6.0
20262,1.0,1213,2026-01-09T10:10,COMPLETA,4722.832,1140.75,452.0,218.0,507.0,2,0.3125,2,0,0,139,720,973.1258992805756,6.0
20262,1.0,1214,2026-01-09T10:20,COMPLETA,4563.9396,1140.75,452.0,218.0,507.0,2,0.3125,2,0,0,139,720,973.1258992805756,6.0
20262,1.0,1215,2026-01-09T10:30,COMPLETA,4180.3559,1140.75,452.0,218.0,507.0,2,0.3125,2,0,1,139,720,973.1258992805756,6.0
20262,1.0,1216,2026-01-09T10:40,COMPLETA,4278.784,1034.25,365.0,154.0,411.0,1,0.5,2,0,0,139,720,973.1258992805756,6.0
20262,1.0,1217,2026-01-09T10:50,COMPLETA,4585.4771,1034.25,365.0,154.0,411.0,1,0.5,2,0,0,139,720,973.1258992805756,6.0
20262,1.0,1218,2026-01-09T11:00,COMPLETA,4736.7473,1034.25,365.0,154.0,411.0,1,0.5,2,0,0,139,720,973.1258992805756,6.0
20262,1.0,1219,2026-01-09T11:10,COMPLETA,4268.6403,1034.25,365.0,154.0,411.0,1,0.5,2,0,0,139,720,973.1258992805756,6.0
20262,1.0,1220,2026-01-09T11:20,COMPLETA,4512.5755,1034.25,365.0,154.0,411.0,1,0.5,2,0,0,139,720,973.1258992805756,6.0
20262,1.0,1221,2026-01-09T11:30,COMPLETA,5095.8469,1368.5,374.0,220.0,570.0,2,0.4375,3,0,1,139,720,973.1258992805756,6.0
20262,1.0,1222,2026-01-09T11:40,COMPLETA,4135.9025,1043.25,374.0,148.0,402.0,1,0.5,2,0,0,139,720,973.1258992805756,6.0
20262,1.0,1223,2026-01-09T11:50,COMPLETA,4188.519,1043.25,374.0,148.0,402.0,1,0.5,2,0,0,139,720,973.1258992805756,6.0
20262,1.0,1224,2026-01-09T12:00,COMPLETA,4437.0866,1043.25,374.0,148.0,402.0,1,0.5,2,0,0,139,720,973.1258992805756,6.0
20262,1.0,1225,2026-01-09T12:10,COMPLETA,4350.9553,1043.25,374.0,148.0,402.0,1,0.5,2,0,0,139,720,973.1258992805756,6.0
20262,1.0,1226,2026-01-09T12:20,COMPLETA,4401.5816,1043.25,374.0,148.0,402.0,1,0.5,2,0,0,139,720,973.1258992805756,6.0
20262,1.0,1227,2026-01-09T12:30,COMPLETA,4493.3423,1043.25,374.0,148.0,402.0,1,0.5,2,0,0,139,720,973.1258992805756,6.0
20262,1.0,1228,2026-01-09T12:40,COMPLETA,5557.0308,1043.25,374.0,148.0,402.0,1,0.5,2,0,0,139,720,973.1258992805756,6.0
20262,1.0,1229,2026-01-09T12:50,COMPLETA,5015.3534,1043.25,374.0,148.0,402.0,1,0.5,2,0,0,139,720,973.1258992805756,6.0
20262,1.0,1230,2026-01-09T13:00,COMPLETA,5077.261,1043.25,374.0,148.0,402.0,1,0.5,2,0,0,139,720,973.1258992805756,6.0
20262,1.0,1231,2026-01-09T13:10,COMPLETA,5215.2416,1043.25,374.0,148.0,402.0,1,0.5,2,0,0,139,720,973.1258992805756,6.0
20262,1.0,1232,2026-01-09T13:20,COMPLETA,5025.3922,871.3333333333334,374.0,186.0,579.0,2,0.3333333333333333,3,0,0,140,730,979.2428571428571,6.0
20262,1.0,1233,2026-01-09T13:30,COMPLETA,6103.3485,871.3333333333334,374.0,186.0,579.0,2,0.3333333333333333,3,0,0,140,730,979.2428571428571,6.0
20262,1.0,1234,2026-01-09T13:40,COMPLETA,6012.2289,871.3333333333334,374.0,186.0,579.0,2,0.3333333333333333,3,0,0,140,730,979.2428571428571,6.0
20262,1.0,1235,2026-01-09T13:50,COMPLETA,5434.532,871.3333333333334,374.0,186.0,579.0,2,0.3333333333333333,3,0,0,141,739,986.6170212765958,6.0
20262,1.0,1236,2026-01-09T14:00,COMPLETA,5485.6493,871.3333333333334,374.0,186.0,579.0,2,0.3333333333333333,3,0,0,141,739,986.6170212765958,6.0
20262,1.0,1237,2026-01-09T14:10,COMPLETA,5624.0128,1150.25,401.0,280.0,840.0,3,0.3472222222222222,4,0,0,141,739,986.6170212765958,6.0
20262,1.0,1238,2026-01-09T14:20,COMPLETA,5758.3445,1150.25,401.0,280.0,840.0,3,0.3472222222222222,4,0,0,141,739,986.6170212765958,6.0
20262,1.0,1239,2026-01-09T14:30,COMPLETA,5922.4625,1150.25,401.0,280.0,840.0,3,0.3472222222222222,4,0,0,141,739,986.6170212765958,6.0
20262,1.0,1240,2026-01-09T14:40,COMPLETA,6522.3641,1150.25,401.0,280.0,840.0,3,0.3472222222222222,4,0,0,141,739,986.6170212765958,6.0
20262,1.0,1241,2026-01-09T14:50,COMPLETA,5121.7555,1150.25,401.0,280.0,840.0,3,0.3472222222222222,4,0,0,141,739,986.6170212765958,6.0
20262,1.0,1242,2026-01-09T15:00,COMPLETA,5708.1478,1150.25,401.0,280.0,840.0,3,0.3472222222222222,4,0,3,141,739,986.6170212765958,6.0
20262,1.0,1243,2026-01-09T15:10,SIN_DEMANDA,0,,,,,,,0,0,0,141,739,986.6170212765958,6.0
20262,1.0,1244,2026-01-09T15:20,COMPLETA,1834.7038,391.5,391.5,30.0,165.0,1,0.125,1,0,1,141,739,986.6170212765958,6.0
20262,1.0,1245,2026-01-09T15:30,SIN_DEMANDA,0,,,,,,,0,0,0,141,739,986.6170212765958,6.0
20262,1.0,1246,2026-01-09T15:40,COMPLETA,1703.6443,2074.0,2074.0,28.0,162.0,1,0.041666666666666664,1,0,1,141,739,986.6170212765958,6.0
20262,1.0,1247,2026-01-09T15:50,SIN_DEMANDA,0,,,,,,,0,0,0,141,739,986.6170212765958,6.0
20262,1.0,1248,2026-01-09T16:00,SIN_DEMANDA,0,,,,,,,0,0,0,141,739,986.6170212765958,6.0
20262,1.0,1249,2026-01-09T16:10,SIN_DEMANDA,0,,,,,,,0,0,0,141,739,986.6170212765958,6.0
20262,1.0,1250,2026-01-09T16:20,SIN_DEMANDA,0,,,,,,,0,0,0,141,739,986.6170212765958,6.0
20262,1.0,1251,2026-01-09T16:30,SIN_DEMANDA,0,,,,,,,0,0,0,142,743,983.3838028169014,6.0
20262,1.0,1252,2026-01-09T16:40,SIN_DEMANDA,0,,,,,,,0,0,0,142,743,983.3838028169014,6.0
20262,1.0,1253,2026-01-09T16:50,COMPLETA,3326.1905,3.5,3.5,76.0,234.0,1,0.4166666666666667,1,0,0,143,746,979.2447552447552,6.0
20262,1.0,1254,2026-01-09T17:00,COMPLETA,3465.9889,3.5,3.5,76.0,234.0,1,0.4166666666666667,1,0,0,143,746,979.2447552447552,6.0
20262,1.0,1255,2026-01-09T17:10,COMPLETA,3635.0408,3.5,3.5,76.0,234.0,1,0.4166666666666667,1,0,0,144,747,986.8472222222222,6.0
20262,1.0,1256,2026-01-09T17:20,COMPLETA,3562.7537,3.5,3.5,76.0,234.0,1,0.4166666666666667,1,0,0,144,747,986.8472222222222,6.0
20262,1.0,1257,2026-01-09T17:30,COMPLETA,3753.6511,3.5,3.5,76.0,234.0,1,0.4166666666666667,1,0,0,145,756,993.5586206896552,6.0
20262,1.0,1258,2026-01-09T17:40,COMPLETA,3923.6598,3.5,3.5,76.0,234.0,1,0.4166666666666667,1,0,0,145,756,993.5586206896552,6.0
20262,1.0,1259,2026-01-09T17:50,COMPLETA,3676.768,3.5,3.5,76.0,234.0,1,0.4166666666666667,1,0,0,145,756,993.5586206896552,6.0
20262,1.0,1260,2026-01-09T18:00,COMPLETA,3568.4441,3.5,3.5,76.0,234.0,1,0.4166666666666667,1,0,0,145,756,993.5586206896552,6.0
20262,1.0,1261,2026-01-09T18:10,COMPLETA,3466.9066,3.5,3.5,68.0,162.0,1,0.4166666666666667,1,0,0,146,763,998.4828767123288,6.0
20262,1.0,1262,2026-01-09T18:20,COMPLETA,3512.2764,3.5,3.5,68.0,162.0,1,0.4166666666666667,1,0,1,146,763,998.4828767123288,6.0
20262,1.0,1263,2026-01-09T18:30,SIN_DEMANDA,0,,,,,,,0,0,0,146,763,998.4828767123288,6.0
20262,1.0,1264,2026-01-09T18:40,SIN_DEMANDA,0,,,,,,,0,0,0,146,763,998.4828767123288,6.0
20262,1.0,1265,2026-01-09T18:50,SIN_DEMANDA,0,,,,,,,0,0,0,146,763,998.4828767123288,6.0
20262,1.0,1266,2026-01-09T19:00,SIN_DEMANDA,0,,,,,,,0,0,0,146,763,998.4828767123288,6.0
20262,1.0,1267,2026-01-09T19:10,SIN_DEMANDA,0,,,,,,,0,0,0,146,763,998.4828767123288,6.0
20262,1.0,1268,2026-01-09T19:20,SIN_DEMANDA,0,,,,,,,0,0,0,146,763,998.4828767123288,6.0
20262,1.0,1269,2026-01-09T19:30,SIN_DEMANDA,0,,,,,,,0,0,0,146,763,998.4828767123288,6.0
20262,1.0,1270,2026-01-09T19:40,SIN_DEMANDA,0,,,,,,,0,0,0,147,768,994.4183673469388,6.0
20262,1.0,1271,2026-01-09T19:50,SIN_DEMANDA,0,,,,,,,0,0,0,147,768,994.4183673469388,6.0
20262,1.0,1272,2026-01-09T20:00,COMPLETA,1712.5953,638.5,638.5,22.0,93.0,1,0.08333333333333333,1,0,1,147,768,994.4183673469388,6.0
20262,1.0,1273,2026-01-09T20:10,SIN_DEMANDA,0,,,,,,,0,0,0,147,768,994.4183673469388,6.0
20262,1.0,1274,2026-01-09T20:20,SIN_DEMANDA,0,,,,,,,0,0,0,147,768,994.4183673469388,6.0
20262,1.0,1275,2026-01-09T20:30,SIN_DEMANDA,0,,,,,,,0,0,0,147,768,994.4183673469388,6.0
20262,1.0,1276,2026-01-09T20:40,SIN_DEMANDA,0,,,,,,,0,0,0,147,768,994.4183673469388,6.0
20262,1.0,1277,2026-01-09T20:50,COMPLETA,2611.161,1863.0,1863.0,78.0,237.0,1,0.25,1,0,0,148,778,987.722972972973,3.5
20262,1.0,1278,2026-01-09T21:00,COMPLETA,2622.8184,1863.0,1863.0,78.0,237.0,1,0.25,1,0,0,148,778,987.722972972973,3.5
20262,1.0,1279,2026-01-09T21:10,COMPLETA,2970.9219,1863.0,1863.0,78.0,237.0,1,0.25,1,0,0,148,778,987.722972972973,3.5
20262,1.0,1280,2026-01-09T21:20,COMPLETA,2694.7339,1863.0,1863.0,78.0,237.0,1,0.25,1,0,0,149,780,985.3791946308725,3.5
20262,1.0,1281,2026-01-09T21:30,COMPLETA,2631.3078,1863.0,1863.0,78.0,237.0,1,0.25,1,0,0,149,780,985.3791946308725,3.5
20262,1.0,1282,2026-01-09T21:40,COMPLETA,2599.6109,1863.0,1863.0,78.0,237.0,1,0.25,1,0,0,149,780,985.3791946308725,3.5
20262,1.0,1283,2026-01-09T21:50,COMPLETA,2577.1619,1863.0,1863.0,78.0,237.0,1,0.25,1,0,0,149,780,985.3791946308725,3.5
20262,1.0,1284,2026-01-09T22:00,COMPLETA,2851.6343,1863.0,1863.0,78.0,237.0,1,0.25,1,0,0,149,780,985.3791946308725,3.5
20262,1.0,1285,2026-01-09T22:10,COMPLETA,2925.9986,1863.0,1863.0,78.0,237.0,1,0.25,1,0,0,149,780,985.3791946308725,3.5
20262,1.0,1286,2026-01-09T22:20,COMPLETA,2743.1857,1863.0,1863.0,78.0,237.0,1,0.25,1,0,0,149,780,985.3791946308725,3.5
20262,1.0,1287,2026-01-09T22:30,COMPLETA,2720.8096,1863.0,1863.0,78.0,237.0,1,0.25,1,0,0,149,780,985.3791946308725,3.5
20262,1.0,1288,2026-01-09T22:40,COMPLETA,2677.7023,1863.0,1863.0,78.0,237.0,1,0.25,1,0,0,149,780,985.3791946308725,3.5
20262,1.0,1289,2026-01-09T22:50,COMPLETA,5030.6188,1863.0,1863.0,78.0,237.0,1,0.25,1,0,0,149,780,985.3791946308725,3.5
20262,1.0,1290,2026-01-09T23:00,COMPLETA,3072.1674,1863.0,1863.0,78.0,237.0,1,0.25,1,0,1,149,780,985.3791946308725,3.5
20262,1.0,1291,2026-01-09T23:10,SIN_DEMANDA,0,,,,,,,0,0,0,149,780,985.3791946308725,3.5
20262,1.0,1292,2026-01-09T23:20,SIN_DEMANDA,0,,,,,,,0,0,0,149,780,985.3791946308725,3.5
20262,1.0,1293,2026-01-09T23:30,SIN_DEMANDA,0,,,,,,,0,0,0,149,780,985.3791946308725,3.5
20262,1.0,1294,2026-01-09T23:40,SIN_DEMANDA,0,,,,,,,0,0,0,149,780,985.3791946308725,3.5
20262,1.0,1295,2026-01-09T23:50,SIN_DEMANDA,0,,,,,,,0,0,0,149,780,985.3791946308725,3.5
20262,1.0,1296,2026-01-10T00:00,SIN_DEMANDA,0,,,,,,,0,0,0,149,780,985.3791946308725,3.5
20262,1.0,1297,2026-01-10T00:10,SIN_DEMANDA,0,,,,,,,0,0,0,149,780,985.3791946308725,3.5
20262,1.0,1298,2026-01-10T00:20,SIN_DEMANDA,0,,,,,,,0,0,0,149,780,985.3791946308725,3.5
20262,1.0,1299,2026-01-10T00:30,SIN_DEMANDA,0,,,,,,,0,0,0,149,780,985.3791946308725,3.5
20262,1.0,1300,2026-01-10T00:40,SIN_DEMANDA,0,,,,,,,0,0,0,149,780,985.3791946308725,3.5
20262,1.0,1301,2026-01-10T00:50,SIN_DEMANDA,0,,,,,,,0,0,0,149,780,985.3791946308725,3.5
20262,1.0,1302,2026-01-10T01:00,SIN_DEMANDA,0,,,,,,,0,0,0,149,780,985.3791946308725,3.5
20262,1.0,1303,2026-01-10T01:10,SIN_DEMANDA,0,,,,,,,0,0,0,149,780,985.3791946308725,3.5
20262,1.0,1304,2026-01-10T01:20,SIN_DEMANDA,0,,,,,,,0,0,0,149,780,985.3791946308725,3.5
20262,1.0,1305,2026-01-10T01:30,SIN_DEMANDA,0,,,,,,,0,0,0,149,780,985.3791946308725,3.5
20262,1.0,1306,2026-01-10T01:40,SIN_DEMANDA,0,,,,,,,0,0,0,150,786,991.23,3.5
20262,1.0,1307,2026-01-10T01:50,SIN_DEMANDA,0,,,,,,,0,0,0,150,786,991.23,3.5
20262,1.0,1308,2026-01-10T02:00,SIN_DEMANDA,0,,,,,,,0,0,0,150,786,991.23,3.5
20262,1.0,1309,2026-01-10T02:10,SIN_DEMANDA,0,,,,,,,0,0,0,150,786,991.23,3.5
20262,1.0,1310,2026-01-10T02:20,SIN_DEMANDA,0,,,,,,,0,0,0,150,786,991.23,3.5
20262,1.0,1311,2026-01-10T02:30,SIN_DEMANDA,0,,,,,,,0,0,0,150,786,991.23,3.5
20262,1.0,1312,2026-01-10T02:40,SIN_DEMANDA,0,,,,,,,0,0,0,150,786,991.23,3.5
20262,1.0,1313,2026-01-10T02:50,SIN_DEMANDA,0,,,,,,,0,0,0,150,786,991.23,3.5
20262,1.0,1314,2026-01-10T03:00,SIN_DEMANDA,0,,,,,,,0,0,0,150,786,991.23,3.5
20262,1.0,1315,2026-01-10T03:10,SIN_DEMANDA,0,,,,,,,0,0,0,150,786,991.23,3.5
20262,1.0,1316,2026-01-10T03:20,SIN_DEMANDA,0,,,,,,,0,0,0,150,786,991.23,3.5
20262,1.0,1317,2026-01-10T03:30,SIN_DEMANDA,0,,,,,,,0,0,0,150,786,991.23,3.5
20262,1.0,1318,2026-01-10T03:40,SIN_DEMANDA,0,,,,,,,0,0,0,150,786,991.23,3.5
20262,1.0,1319,2026-01-10T03:50,SIN_DEMANDA,0,,,,,,,0,0,0,150,786,991.23,3.5
20262,1.0,1320,2026-01-10T04:00,SIN_DEMANDA,0,,,,,,,0,0,0,150,786,991.23,3.5
20262,1.0,1321,2026-01-10T04:10,COMPLETA,2024.5218,2081.5,2081.5,18.0,87.0,1,0.041666666666666664,1,0,1,150,786,991.23,3.5
20262,1.0,1322,2026-01-10T04:20,SIN_DEMANDA,0,,,,,,,0,0,0,150,786,991.23,3.5
20262,1.0,1323,2026-01-10T04:30,SIN_DEMANDA,0,,,,,,,0,0,0,150,786,991.23,3.5
20262,1.0,1324,2026-01-10T04:40,SIN_DEMANDA,0,,,,,,,0,0,0,150,786,991.23,3.5
20262,1.0,1325,2026-01-10T04:50,SIN_DEMANDA,0,,,,,,,0,0,0,150,786,991.23,3.5
20262,1.0,1326,2026-01-10T05:00,SIN_DEMANDA,0,,,,,,,0,0,0,150,786,991.23,3.5
20262,1.0,1327,2026-01-10T05:10,SIN_DEMANDA,0,,,,,,,0,0,0,150,786,991.23,3.5
20262,1.0,1328,2026-01-10T05:20,COMPLETA,2702.6362,239.0,239.0,64.0,216.0,1,0.25,1,0,0,150,786,991.23,3.5
20262,1.0,1329,2026-01-10T05:30,COMPLETA,2773.2735,239.0,239.0,64.0,216.0,1,0.25,1,0,0,151,787,998.4503311258278,3.5
20262,1.0,1330,2026-01-10T05:40,COMPLETA,2836.1949,239.0,239.0,64.0,216.0,1,0.25,1,0,0,151,787,998.4503311258278,3.5
20262,1.0,1331,2026-01-10T05:50,COMPLETA,2729.0005,239.0,239.0,64.0,216.0,1,0.25,1,0,0,151,787,998.4503311258278,3.5
20262,1.0,1332,2026-01-10T06:00,COMPLETA,2823.5471,239.0,239.0,64.0,216.0,1,0.25,1,0,0,151,787,998.4503311258278,3.5
20262,1.0,1333,2026-01-10T06:10,COMPLETA,2784.1848,239.0,239.0,64.0,216.0,1,0.25,1,0,0,151,787,998.4503311258278,3.5
20262,1.0,1334,2026-01-10T06:20,COMPLETA,3145.9227,239.0,239.0,64.0,216.0,1,0.25,1,0,0,151,787,998.4503311258278,3.5
20262,1.0,1335,2026-01-10T06:30,COMPLETA,4569.5937,529.75,230.0,194.0,531.0,2,0.2916666666666667,2,0,0,151,787,998.4503311258278,3.5
20262,1.0,1336,2026-01-10T06:40,COMPLETA,4212.8387,529.75,230.0,194.0,531.0,2,0.2916666666666667,2,0,0,151,787,998.4503311258278,3.5
20262,1.0,1337,2026-01-10T06:50,COMPLETA,4598.259,529.75,230.0,194.0,531.0,2,0.2916666666666667,2,0,0,151,787,998.4503311258278,3.5
20262,1.0,1338,2026-01-10T07:00,COMPLETA,4472.3948,529.75,230.0,194.0,531.0,2,0.2916666666666667,2,0,2,151,787,998.4503311258278,3.5
20262,1.0,1339,2026-01-10T07:10,SIN_DEMANDA,0,,,,,,,0,0,0,151,787,998.4503311258278,3.5
20262,1.0,1340,2026-01-10T07:20,SIN_DEMANDA,0,,,,,,,0,0,0,151,787,998.4503311258278,3.5
20262,1.0,1341,2026-01-10T07:30,SIN_DEMANDA,0,,,,,,,0,0,0,151,787,998.4503311258278,3.5
20262,1.0,1342,2026-01-10T07:40,SIN_DEMANDA,0,,,,,,,0,0,0,151,787,998.4503311258278,3.5
20262,1.0,1343,2026-01-10T07:50,COMPLETA,2621.05,1584.5,1584.5,72.0,228.0,1,0.3333333333333333,1,0,0,151,787,998.4503311258278,3.5
20262,1.0,1344,2026-01-10T08:00,COMPLETA,2755.1447,1584.5,1584.5,72.0,228.0,1,0.3333333333333333,1,0,0,151,787,998.4503311258278,3.5
20262,1.0,1345,2026-01-10T08:10,COMPLETA,2644.6163,1584.5,1584.5,72.0,228.0,1,0.3333333333333333,1,0,0,151,787,998.4503311258278,3.5
20262,1.0,1346,2026-01-10T08:20,COMPLETA,2710.8063,1584.5,1584.5,72.0,228.0,1,0.3333333333333333,1,0,0,151,787,998.4503311258278,3.5
20262,1.0,1347,2026-01-10T08:30,COMPLETA,2594.5797,1584.5,1584.5,72.0,228.0,1,0.3333333333333333,1,0,0,151,787,998.4503311258278,3.5
20262,1.0,1348,2026-01-10T08:40,COMPLETA,3928.7188,1816.0,1584.5,134.0,441.0,2,0.1875,2,0,1,151,787,998.4503311258278,3.5
20262,1.0,1349,2026-01-10T08:50,COMPLETA,2864.0142,1584.5,1584.5,72.0,228.0,1,0.3333333333333333,1,0,0,151,787,998.4503311258278,3.5
20262,1.0,1350,2026-01-10T09:00,COMPLETA,3768.0995,982.25,380.0,116.0,354.0,2,0.22916666666666666,2,0,1,151,787,998.4503311258278,3.5
20262,1.0,1351,2026-01-10T09:10,COMPLETA,2604.4756,1584.5,1584.5,72.0,228.0,1,0.3333333333333333,1,0,0,151,787,998.4503311258278,3.5
20262,1.0,1352,2026-01-10T09:20,COMPLETA,2758.1684,1584.5,1584.5,72.0,228.0,1,0.3333333333333333,1,0,0,151,787,998.4503311258278,3.5
20262,1.0,1353,2026-01-10T09:30,COMPLETA,2758.1181,1584.5,1584.5,72.0,228.0,1,0.3333333333333333,1,0,0,152,793,993.3947368421053,3.5
20262,1.0,1354,2026-01-10T09:40,COMPLETA,2781.5787,1584.5,1584.5,72.0,228.0,1,0.3333333333333333,1,0,0,152,793,993.3947368421053,3.5
20262,1.0,1355,2026-01-10T09:50,COMPLETA,2791.202,1584.5,1584.5,72.0,228.0,1,0.3333333333333333,1,0,0,152,793,993.3947368421053,3.5
20262,1.0,1356,2026-01-10T10:00,COMPLETA,2768.472,1584.5,1584.5,72.0,228.0,1,0.3333333333333333,1,0,0,152,793,993.3947368421053,3.5
20262,1.0,1357,2026-01-10T10:10,COMPLETA,3789.0287,1109.0,633.5,106.0,339.0,2,0.20833333333333334,2,0,1,152,793,993.3947368421053,3.5
20262,1.0,1358,2026-01-10T10:20,COMPLETA,4932.1895,1597.75,1584.5,126.0,369.0,1,0.75,2,0,0,152,793,993.3947368421053,3.5
20262,1.0,1359,2026-01-10T10:30,COMPLETA,5014.0571,1597.75,1584.5,126.0,369.0,1,0.75,2,0,0,153,794,1000.2843137254902,3.5
20262,1.0,1360,2026-01-10T10:40,COMPLETA,4956.9521,1597.75,1584.5,126.0,369.0,1,0.75,2,0,0,155,805,995.1806451612903,3.5
20262,1.0,1361,2026-01-10T10:50,COMPLETA,4846.1549,1597.75,1584.5,126.0,369.0,1,0.75,2,0,0,155,805,995.1806451612903,3.5
20262,1.0,1362,2026-01-10T11:00,COMPLETA,5346.7894,1395.1666666666667,990.0,154.0,471.0,2,0.4583333333333333,3,0,1,155,805,995.1806451612903,3.5
20262,1.0,1363,2026-01-10T11:10,COMPLETA,5229.854,1597.75,1584.5,126.0,369.0,1,0.75,2,0,0,155,805,995.1806451612903,3.5
20262,1.0,1364,2026-01-10T11:20,COMPLETA,5689.7199,1726.3333333333333,1584.5,164.0,486.0,2,0.5416666666666666,3,0,0,155,805,995.1806451612903,3.5
20262,1.0,1365,2026-01-10T11:30,COMPLETA,6140.8443,1726.3333333333333,1584.5,164.0,486.0,2,0.5416666666666666,3,0,0,155,805,995.1806451612903,3.5
20262,1.0,1366,2026-01-10T11:40,COMPLETA,6077.2684,1918.0,1785.5,128.0,372.0,3,0.3611111111111111,3,0,0,156,807,992.8621794871794,3.5
20262,1.0,1367,2026-01-10T11:50,COMPLETA,6879.9426,1554.0,552.0,258.0,627.0,4,0.34375,4,0,0,156,807,992.8621794871794,3.5
20262,1.0,1368,2026-01-10T12:00,COMPLETA,7057.0149,1554.0,552.0,258.0,627.0,4,0.34375,4,0,2,156,807,992.8621794871794,3.5
20262,1.0,1369,2026-01-10T12:10,COMPLETA,4708.6334,1103.25,448.0,56.0,264.0,1,0.625,2,0,0,156,807,992.8621794871794,3.5
20262,1.0,1370,2026-01-10T12:20,COMPLETA,4860.1044,1103.25,448.0,56.0,264.0,1,0.625,2,0,0,156,807,992.8621794871794,3.5
20262,1.0,1371,2026-01-10T12:30,COMPLETA,5244.0046,1103.25,448.0,56.0,264.0,1,0.625,2,0,0,157,811,992.843949044586,3.5
20262,1.0,1372,2026-01-10T12:40,COMPLETA,5433.0228,1103.25,448.0,56.0,264.0,1,0.625,2,0,0,157,811,992.843949044586,3.5
20262,1.0,1373,2026-01-10T12:50,COMPLETA,5440.0116,1103.25,448.0,56.0,264.0,1,0.625,2,0,0,157,811,992.843949044586,3.5
20262,1.0,1374,2026-01-10T13:00,COMPLETA,5353.9392,1103.25,448.0,56.0,264.0,1,0.625,2,0,0,157,811,992.843949044586,3.5
20262,1.0,1375,2026-01-10T13:10,COMPLETA,5759.8407,1103.25,448.0,56.0,264.0,1,0.625,2,0,0,157,811,992.843949044586,3.5
20262,1.0,1376,2026-01-10T13:20,COMPLETA,5435.2955,1103.25,448.0,56.0,264.0,1,0.625,2,0,0,157,811,992.843949044586,3.5
20262,1.0,1377,2026-01-10T13:30,COMPLETA,5058.9529,1103.25,448.0,56.0,264.0,1,0.625,2,0,0,157,811,992.843949044586,3.5
20262,1.0,1378,2026-01-10T13:40,COMPLETA,4828.4828,1103.25,448.0,56.0,264.0,1,0.625,2,0,0,157,811,992.843949044586,3.5
20262,1.0,1379,2026-01-10T13:50,COMPLETA,5072.3632,1103.25,448.0,56.0,264.0,1,0.625,2,0,0,157,811,992.843949044586,3.5
20262,1.0,1380,2026-01-10T14:00,COMPLETA,5047.0261,1103.25,448.0,56.0,264.0,1,0.625,2,0,0,157,811,992.843949044586,3.5
20262,1.0,1381,2026-01-10T14:10,COMPLETA,5184.7606,1103.25,448.0,56.0,264.0,1,0.625,2,0,0,157,811,992.843949044586,3.5
20262,1.0,1382,2026-01-10T14:20,COMPLETA,5370.9762,1103.25,448.0,56.0,264.0,1,0.625,2,0,0,158,821,998.7246835443038,3.5
20262,1.0,1383,2026-01-10T14:30,COMPLETA,4962.8625,1103.25,448.0,56.0,264.0,1,0.625,2,0,0,158,821,998.7246835443038,3.5
20262,1.0,1384,2026-01-10T14:40,COMPLETA,5239.0434,1103.25,448.0,56.0,264.0,1,0.625,2,0,0,159,829,1003.503144654088,3.5
20262,1.0,1385,2026-01-10T14:50,COMPLETA,5274.3574,1103.25,448.0,56.0,264.0,1,0.625,2,0,0,159,829,1003.503144654088,3.5
20262,1.0,1386,2026-01-10T15:00,COMPLETA,5591.5459,936.8333333333334,448.0,120.0,480.0,2,0.3541666666666667,3,0,2,159,829,1003.503144654088,3.5
20262,1.0,1387,2026-01-10T15:10,SIN_DEMANDA,0,,,,,,,0,0,0,159,829,1003.503144654088,3.5
20262,1.0,1388,2026-01-10T15:20,SIN_DEMANDA,0,,,,,,,0,0,0,159,829,1003.503144654088,3.5
20262,1.0,1389,2026-01-10T15:30,SIN_DEMANDA,0,,,,,,,0,0,0,159,829,1003.503144654088,3.5
20262,1.0,1390,2026-01-10T15:40,COMPLETA,2982.4738,267.5,267.5,36.0,427.5,1,0.25,1,0,1,159,829,1003.503144654088,3.5
20262,1.0,1391,2026-01-10T15:50,SIN_DEMANDA,0,,,,,,,0,0,0,159,829,1003.503144654088,3.5
20262,1.0,1392,2026-01-10T16:00,SIN_DEMANDA,0,,,,,,,0,0,0,159,829,1003.503144654088,3.5
20262,1.0,1393,2026-01-10T16:10,SIN_DEMANDA,0,,,,,,,0,0,0,159,829,1003.503144654088,3.5
20262,1.0,1394,2026-01-10T16:20,SIN_DEMANDA,0,,,,,,,0,0,0,159,829,1003.503144654088,3.5
20262,1.0,1395,2026-01-10T16:30,SIN_DEMANDA,0,,,,,,,0,0,0,160,836,1000.03125,3.5
20262,1.0,1396,2026-01-10T16:40,SIN_DEMANDA,0,,,,,,,0,0,0,160,836,1000.03125,3.5
20262,1.0,1397,2026-01-10T16:50,SIN_DEMANDA,0,,,,,,,0,0,0,161,838,997.5714285714286,3.5
20262,1.0,1398,2026-01-10T17:00,SIN_DEMANDA,0,,,,,,,0,0,0,161,838,997.5714285714286,3.5
20262,1.0,1399,2026-01-10T17:10,SIN_DEMANDA,0,,,,,,,0,0,0,161,838,997.5714285714286,3.5
20262,1.0,1400,2026-01-10T17:20,SIN_DEMANDA,0,,,,,,,0,0,0,161,838,997.5714285714286,3.5
20262,1.0,1401,2026-01-10T17:30,SIN_DEMANDA,0,,,,,,,0,0,0,161,838,997.5714285714286,3.5
20262,1.0,1402,2026-01-10T17:40,SIN_DEMANDA,0,,,,,,,0,0,0,161,838,997.5714285714286,3.5
20262,1.0,1403,2026-01-10T17:50,SIN_DEMANDA,0,,,,,,,0,0,0,161,838,997.5714285714286,3.5
20262,1.0,1404,2026-01-10T18:00,SIN_DEMANDA,0,,,,,,,0,0,0,161,838,997.5714285714286,3.5
20262,1.0,1405,2026-01-10T18:10,SIN_DEMANDA,0,,,,,,,0,0,0,162,846,1002.2685185185185,3.5
20262,1.0,1406,2026-01-10T18:20,SIN_DEMANDA,0,,,,,,,0,0,0,162,846,1002.2685185185185,3.5
20262,1.0,1407,2026-01-10T18:30,SIN_DEMANDA,0,,,,,,,0,0,0,162,846,1002.2685185185185,3.5
20262,1.0,1408,2026-01-10T18:40,SIN_DEMANDA,0,,,,,,,0,0,0,162,846,1002.2685185185185,3.5
20262,1.0,1409,2026-01-10T18:50,SIN_DEMANDA,0,,,,,,,0,0,0,162,846,1002.2685185185185,3.5
20262,1.0,1410,2026-01-10T19:00,SIN_DEMANDA,0,,,,,,,0,0,0,162,846,1002.2685185185185,3.5
20262,1.0,1411,2026-01-10T19:10,SIN_DEMANDA,0,,,,,,,0,0,0,163,852,997.760736196319,3.5
20262,1.0,1412,2026-01-10T19:20,SIN_DEMANDA,0,,,,,,,0,0,0,163,852,997.760736196319,3.5
20262,1.0,1413,2026-01-10T19:30,SIN_DEMANDA,0,,,,,,,0,0,0,163,852,997.760736196319,3.5
20262,1.0,1414,2026-01-10T19:40,SIN_DEMANDA,0,,,,,,,0,0,0,163,852,997.760736196319,3.5
20262,1.0,1415,2026-01-10T19:50,SIN_DEMANDA,0,,,,,,,0,0,0,163,852,997.760736196319,3.5
20262,1.0,1416,2026-01-10T20:00,SIN_DEMANDA,0,,,,,,,0,0,0,163,852,997.760736196319,3.5
20262,1.0,1417,2026-01-10T20:10,SIN_DEMANDA,0,,,,,,,0,0,0,163,852,997.760736196319,3.5
20262,1.0,1418,2026-01-10T20:20,SIN_DEMANDA,0,,,,,,,0,0,0,163,852,997.760736196319,3.5
20262,1.0,1419,2026-01-10T20:30,SIN_DEMANDA,0,,,,,,,0,0,0,163,852,997.760736196319,3.5
20262,1.0,1420,2026-01-10T20:40,SIN_DEMANDA,0,,,,,,,0,0,0,163,852,997.760736196319,3.5
20262,1.0,1421,2026-01-10T20:50,SIN_DEMANDA,0,,,,,,,0,0,0,163,852,997.760736196319,3.5
20262,1.0,1422,2026-01-10T21:00,SIN_DEMANDA,0,,,,,,,0,0,0,163,852,997.760736196319,3.5
20262,1.0,1423,2026-01-10T21:10,SIN_DEMANDA,0,,,,,,,0,0,0,163,852,997.760736196319,3.5
20262,1.0,1424,2026-01-10T21:20,SIN_DEMANDA,0,,,,,,,0,0,0,163,852,997.760736196319,3.5
20262,1.0,1425,2026-01-10T21:30,SIN_DEMANDA,0,,,,,,,0,0,0,163,852,997.760736196319,3.5
20262,1.0,1426,2026-01-10T21:40,COMPLETA,2935.3447,244.5,244.5,80.0,240.0,1,0.25,1,0,0,163,852,997.760736196319,3.5
20262,1.0,1427,2026-01-10T21:50,COMPLETA,2829.2583,244.5,244.5,80.0,240.0,1,0.25,1,0,0,163,852,997.760736196319,3.5
20262,1.0,1428,2026-01-10T22:00,COMPLETA,2607.7658,244.5,244.5,80.0,240.0,1,0.25,1,0,0,163,852,997.760736196319,3.5
20262,1.0,1429,2026-01-10T22:10,COMPLETA,2735.0037,244.5,244.5,80.0,240.0,1,0.25,1,0,0,163,852,997.760736196319,3.5
20262,1.0,1430,2026-01-10T22:20,COMPLETA,3042.2859,244.5,244.5,80.0,240.0,1,0.25,1,0,0,163,852,997.760736196319,3.5
20262,1.0,1431,2026-01-10T22:30,COMPLETA,2780.8137,244.5,244.5,80.0,240.0,1,0.25,1,0,0,163,852,997.760736196319,3.5
20262,1.0,1432,2026-01-10T22:40,COMPLETA,2801.5287,244.5,244.5,80.0,240.0,1,0.25,1,0,0,163,852,997.760736196319,3.5
20262,1.0,1433,2026-01-10T22:50,COMPLETA,5228.7681,1419.1666666666667,184.5,94.0,441.0,2,0.2916666666666667,3,0,0,163,852,997.760736196319,3.5
20262,1.0,1434,2026-01-10T23:00,COMPLETA,4972.8311,1419.1666666666667,184.5,94.0,441.0,2,0.2916666666666667,3,0,2,163,852,997.760736196319,3.5
20262,1.0,1435,2026-01-10T23:10,COMPLETA,2803.0358,49.5,49.5,112.0,288.0,1,0.2916666666666667,1,0,1,163,852,997.760736196319,3.5
20262,1.0,1436,2026-01-10T23:20,SIN_DEMANDA,0,,,,,,,0,0,0,163,852,997.760736196319,3.5
20262,1.0,1437,2026-01-10T23:30,SIN_DEMANDA,0,,,,,,,0,0,0,163,852,997.760736196319,3.5
20262,1.0,1438,2026-01-10T23:40,COMPLETA,4048.7939,65.5,65.5,116.0,294.0,1,0.4166666666666667,1,0,0,163,852,997.760736196319,3.5
20262,1.0,1439,2026-01-10T23:50,COMPLETA,3724.8708,65.5,65.5,116.0,294.0,1,0.4166666666666667,1,0,0,163,852,997.760736196319,3.5
20262,1.0,1440,2026-01-11T00:00,COMPLETA,3812.6404,65.5,65.5,116.0,294.0,1,0.4166666666666667,1,0,0,163,852,997.760736196319,3.5
20262,1.0,1441,2026-01-11T00:10,COMPLETA,4992.0674,525.25,65.5,156.0,474.0,2,0.22916666666666666,2,0,1,163,852,997.760736196319,3.5
20262,1.0,1442,2026-01-11T00:20,COMPLETA,3715.6589,65.5,65.5,116.0,294.0,1,0.4166666666666667,1,0,0,164,853,1004.3567073170732,3.5
20262,1.0,1443,2026-01-11T00:30,COMPLETA,5000.358,113.0,65.5,138.0,447.0,2,0.2708333333333333,2,0,1,164,853,1004.3567073170732,3.5
20262,1.0,1444,2026-01-11T00:40,COMPLETA,3909.0696,65.5,65.5,116.0,294.0,1,0.4166666666666667,1,0,0,164,853,1004.3567073170732,3.5
20262,1.0,1445,2026-01-11T00:50,COMPLETA,3917.0938,65.5,65.5,116.0,294.0,1,0.4166666666666667,1,0,0,164,853,1004.3567073170732,3.5
20262,1.0,1446,2026-01-11T01:00,COMPLETA,3802.1715,65.5,65.5,116.0,294.0,1,0.4166666666666667,1,0,0,164,853,1004.3567073170732,3.5
20262,1.0,1447,2026-01-11T01:10,COMPLETA,3755.8817,65.5,65.5,116.0,294.0,1,0.4166666666666667,1,0,0,164,853,1004.3567073170732,3.5
20262,1.0,1448,2026-01-11T01:20,COMPLETA,3927.9797,65.5,65.5,116.0,294.0,1,0.4166666666666667,1,0,0,164,853,1004.3567073170732,3.5
20262,1.0,1449,2026-01-11T01:30,COMPLETA,3828.546,65.5,65.5,116.0,294.0,1,0.4166666666666667,1,0,0,165,860,1010.3515151515152,3.5
20262,1.0,1450,2026-01-11T01:40,COMPLETA,3908.1558,65.5,65.5,116.0,294.0,1,0.4166666666666667,1,0,0,166,861,1010.1987951807229,3.5
20262,1.0,1451,2026-01-11T01:50,COMPLETA,3793.5225,65.5,65.5,116.0,294.0,1,0.4166666666666667,1,0,0,167,864,1005.1107784431138,3.5
20262,1.0,1452,2026-01-11T02:00,COMPLETA,3636.9204,65.5,65.5,116.0,294.0,1,0.4166666666666667,1,0,0,167,864,1005.1107784431138,3.5
20262,1.0,1453,2026-01-11T02:10,COMPLETA,3492.537,65.5,65.5,116.0,294.0,1,0.4166666666666667,1,0,0,167,864,1005.1107784431138,3.5
20262,1.0,1454,2026-01-11T02:20,COMPLETA,3774.7863,65.5,65.5,116.0,294.0,1,0.4166666666666667,1,0,0,167,864,1005.1107784431138,3.5
20262,1.0,1455,2026-01-11T02:30,COMPLETA,3884.9612,65.5,65.5,116.0,294.0,1,0.4166666666666667,1,0,0,168,871,999.422619047619,3.5
20262,1.0,1456,2026-01-11T02:40,COMPLETA,3955.5784,65.5,65.5,116.0,294.0,1,0.4166666666666667,1,0,0,169,877,994.6005917159763,3.5
20262,1.0,1457,2026-01-11T02:50,COMPLETA,3909.0683,65.5,65.5,116.0,294.0,1,0.4166666666666667,1,0,0,169,877,994.6005917159763,3.5
20262,1.0,1458,2026-01-11T03:00,COMPLETA,5131.6768,346.75,65.5,152.0,408.0,2,0.2708333333333333,2,0,1,169,877,994.6005917159763,3.5
20262,1.0,1459,2026-01-11T03:10,COMPLETA,5304.8533,360.75,5.5,158.0,417.0,1,0.75,2,0,0,169,877,994.6005917159763,3.5
20262,1.0,1460,2026-01-11T03:20,COMPLETA,5502.7009,360.75,5.5,158.0,417.0,1,0.75,2,0,0,169,877,994.6005917159763,3.5
20262,1.0,1461,2026-01-11T03:30,COMPLETA,5167.9702,360.75,5.5,158.0,417.0,1,0.75,2,0,0,169,877,994.6005917159763,3.5
20262,1.0,1462,2026-01-11T03:40,COMPLETA,5648.4225,425.6666666666667,56.5,298.0,747.0,3,0.3888888888888889,3,0,1,169,877,994.6005917159763,3.5
20262,1.0,1463,2026-01-11T03:50,COMPLETA,5150.9136,336.5,119.5,158.0,417.0,2,0.4166666666666667,2,0,0,169,877,994.6005917159763,3.5
20262,1.0,1464,2026-01-11T04:00,COMPLETA,5075.3229,336.5,119.5,158.0,417.0,2,0.4166666666666667,2,0,1,169,877,994.6005917159763,3.5
20262,1.0,1465,2026-01-11T04:10,COMPLETA,3847.4615,56.5,56.5,122.0,303.0,1,0.4166666666666667,1,0,0,169,877,994.6005917159763,3.5
20262,1.0,1466,2026-01-11T04:20,COMPLETA,4039.2269,56.5,56.5,122.0,303.0,1,0.4166666666666667,1,0,0,169,877,994.6005917159763,3.5
20262,1.0,1467,2026-01-11T04:30,COMPLETA,3884.2053,56.5,56.5,122.0,303.0,1,0.4166666666666667,1,0,0,170,880,992.4441176470589,3.5
20262,1.0,1468,2026-01-11T04:40,COMPLETA,3816.5987,56.5,56.5,122.0,303.0,1,0.4166666666666667,1,0,0,170,880,992.4441176470589,3.5
20262,1.0,1469,2026-01-11T04:50,COMPLETA,3897.3126,56.5,56.5,122.0,303.0,1,0.4166666666666667,1,0,0,170,880,992.4441176470589,3.5
20262,1.0,1470,2026-01-11T05:00,COMPLETA,3890.9718,56.5,56.5,122.0,303.0,1,0.4166666666666667,1,0,0,170,880,992.4441176470589,3.5
20262,1.0,1471,2026-01-11T05:10,COMPLETA,3788.2125,56.5,56.5,122.0,303.0,1,0.4166666666666667,1,0,0,170,880,992.4441176470589,3.5
20262,1.0,1472,2026-01-11T05:20,COMPLETA,3611.2582,56.5,56.5,122.0,303.0,1,0.4166666666666667,1,0,0,170,880,992.4441176470589,3.5
20262,1.0,1473,2026-01-11T05:30,COMPLETA,4065.3544,56.5,56.5,122.0,303.0,1,0.4166666666666667,1,0,0,170,880,992.4441176470589,3.5
20262,1.0,1474,2026-01-11T05:40,COMPLETA,3912.358,56.5,56.5,122.0,303.0,1,0.4166666666666667,1,0,0,170,880,992.4441176470589,3.5
20262,1.0,1475,2026-01-11T05:50,COMPLETA,3943.4039,56.5,56.5,122.0,303.0,1,0.4166666666666667,1,0,0,171,888,991.9970760233919,3.5
20262,1.0,1476,2026-01-11T06:00,COMPLETA,3792.0846,56.5,56.5,122.0,303.0,1,0.4166666666666667,1,0,0,171,888,991.9970760233919,3.5
20262,1.0,1477,2026-01-11T06:10,COMPLETA,3968.2684,56.5,56.5,122.0,303.0,1,0.4166666666666667,1,0,0,171,888,991.9970760233919,3.5
20262,1.0,1478,2026-01-11T06:20,COMPLETA,5059.3958,1047.75,56.5,182.0,513.0,2,0.2708333333333333,2,0,0,171,888,991.9970760233919,3.5
20262,1.0,1479,2026-01-11T06:30,COMPLETA,4986.5617,1047.75,56.5,182.0,513.0,2,0.2708333333333333,2,0,0,172,898,989.4476744186046,3.5
20262,1.0,1480,2026-01-11T06:40,COMPLETA,4858.8426,1047.75,56.5,182.0,513.0,2,0.2708333333333333,2,0,0,172,898,989.4476744186046,3.5
20262,1.0,1481,2026-01-11T06:50,COMPLETA,5169.3052,1047.75,56.5,182.0,513.0,2,0.2708333333333333,2,0,0,172,898,989.4476744186046,3.5
20262,1.0,1482,2026-01-11T07:00,COMPLETA,5232.5704,1047.75,56.5,182.0,513.0,2,0.2708333333333333,2,0,2,172,898,989.4476744186046,3.5
20262,1.0,1483,2026-01-11T07:10,SIN_DEMANDA,0,,,,,,,0,0,0,172,898,989.4476744186046,3.5
20262,1.0,1484,2026-01-11T07:20,SIN_DEMANDA,0,,,,,,,0,0,0,172,898,989.4476744186046,3.5
20262,1.0,1485,2026-01-11T07:30,SIN_DEMANDA,0,,,,,,,0,0,0,172,898,989.4476744186046,3.5
20262,1.0,1486,2026-01-11T07:40,SIN_DEMANDA,0,,,,,,,0,0,0,172,898,989.4476744186046,3.5
20262,1.0,1487,2026-01-11T07:50,SIN_DEMANDA,0,,,,,,,0,0,0,172,898,989.4476744186046,3.5
20262,1.0,1488,2026-01-11T08:00,SIN_DEMANDA,0,,,,,,,0,0,0,172,898,989.4476744186046,3.5
20262,1.0,1489,2026-01-11T08:10,SIN_DEMANDA,0,,,,,,,0,0,0,172,898,989.4476744186046,3.5
20262,1.0,1490,2026-01-11T08:20,SIN_DEMANDA,0,,,,,,,0,0,0,172,898,989.4476744186046,3.5
20262,1.0,1491,2026-01-11T08:30,SIN_DEMANDA,0,,,,,,,0,0,0,173,901,995.514450867052,3.5
20262,1.0,1492,2026-01-11T08:40,SIN_DEMANDA,0,,,,,,,0,0,0,173,901,995.514450867052,3.5
20262,1.0,1493,2026-01-11T08:50,SIN_DEMANDA,0,,,,,,,0,0,0,173,901,995.514450867052,3.5
20262,1.0,1494,2026-01-11T09:00,SIN_DEMANDA,0,,,,,,,0,0,0,173,901,995.514450867052,3.5
20262,1.0,1495,2026-01-11T09:10,SIN_DEMANDA,0,,,,,,,0,0,0,173,901,995.514450867052,3.5
20262,1.0,1496,2026-01-11T09:20,SIN_DEMANDA,0,,,,,,,0,0,0,173,901,995.514450867052,3.5
20262,1.0,1497,2026-01-11T09:30,SIN_DEMANDA,0,,,,,,,0,0,0,173,901,995.514450867052,3.5
20262,1.0,1498,2026-01-11T09:40,COMPLETA,3005.9502,384.5,384.5,50.0,374.5,1,0.2916666666666667,1,0,0,173,901,995.514450867052,3.5
20262,1.0,1499,2026-01-11T09:50,COMPLETA,5227.7916,1129.75,823.5,226.0,1108.5,3,0.2222222222222222,2,0,1,173,901,995.514450867052,3.5
20262,1.0,1500,2026-01-11T10:00,COMPLETA,4107.5013,1436.0,1436.0,88.0,431.5,1,0.375,1,0,0,173,901,995.514450867052,3.5
20262,1.0,1501,2026-01-11T10:10,COMPLETA,4103.127,1436.0,1436.0,88.0,431.5,1,0.375,1,0,0,173,901,995.514450867052,3.5
20262,1.0,1502,2026-01-11T10:20,COMPLETA,3578.3281,1436.0,1436.0,88.0,431.5,1,0.375,1,0,0,173,901,995.514450867052,3.5
20262,1.0,1503,2026-01-11T10:30,COMPLETA,4078.8204,1436.0,1436.0,88.0,431.5,1,0.375,1,0,0,173,901,995.514450867052,3.5
20262,1.0,1504,2026-01-11T10:40,COMPLETA,4068.4352,1436.0,1436.0,88.0,431.5,1,0.375,1,0,0,174,911,990.1178160919541,3.5
20262,1.0,1505,2026-01-11T10:50,COMPLETA,3873.0887,1436.0,1436.0,88.0,431.5,1,0.375,1,0,0,174,911,990.1178160919541,3.5
20262,1.0,1506,2026-01-11T11:00,COMPLETA,4127.7577,1436.0,1436.0,88.0,431.5,1,0.375,1,0,0,174,911,990.1178160919541,3.5
20262,1.0,1507,2026-01-11T11:10,COMPLETA,4072.0108,1436.0,1436.0,88.0,431.5,1,0.375,1,0,0,174,911,990.1178160919541,3.5
20262,1.0,1508,2026-01-11T11:20,COMPLETA,3923.9483,1436.0,1436.0,88.0,431.5,1,0.375,1,0,0,174,911,990.1178160919541,3.5
20262,1.0,1509,2026-01-11T11:30,COMPLETA,3837.352,1436.0,1436.0,88.0,431.5,1,0.375,1,0,0,174,911,990.1178160919541,3.5
20262,1.0,1510,2026-01-11T11:40,COMPLETA,3889.0811,1436.0,1436.0,88.0,431.5,1,0.375,1,0,0,174,911,990.1178160919541,3.5
20262,1.0,1511,2026-01-11T11:50,COMPLETA,3885.1208,1436.0,1436.0,88.0,431.5,1,0.375,1,0,0,174,911,990.1178160919541,3.5
20262,1.0,1512,2026-01-11T12:00,COMPLETA,3885.339,1436.0,1436.0,88.0,431.5,1,0.375,1,0,0,174,911,990.1178160919541,3.5
20262,1.0,1513,2026-01-11T12:10,COMPLETA,3963.5528,1436.0,1436.0,88.0,431.5,1,0.375,1,0,0,174,911,990.1178160919541,3.5
20262,1.0,1514,2026-01-11T12:20,COMPLETA,3996.2815,1436.0,1436.0,88.0,431.5,1,0.375,1,0,0,174,911,990.1178160919541,3.5
20262,1.0,1515,2026-01-11T12:30,COMPLETA,4180.4225,1436.0,1436.0,88.0,431.5,1,0.375,1,0,0,174,911,990.1178160919541,3.5
20262,1.0,1516,2026-01-11T12:40,COMPLETA,4082.8138,1436.0,1436.0,88.0,431.5,1,0.375,1,0,0,174,911,990.1178160919541,3.5
20262,1.0,1517,2026-01-11T12:50,COMPLETA,5165.4725,922.25,408.5,102.0,512.5,2,0.22916666666666666,2,0,1,174,911,990.1178160919541,3.5
20262,1.0,1518,2026-01-11T13:00,COMPLETA,3781.875,1436.0,1436.0,88.0,431.5,1,0.375,1,0,0,174,911,990.1178160919541,3.5
20262,1.0,1519,2026-01-11T13:10,COMPLETA,4028.1048,1436.0,1436.0,88.0,431.5,1,0.375,1,0,0,174,911,990.1178160919541,3.5
20262,1.0,1520,2026-01-11T13:20,COMPLETA,3975.4689,1436.0,1436.0,88.0,431.5,1,0.375,1,0,0,174,911,990.1178160919541,3.5
20262,1.0,1521,2026-01-11T13:30,COMPLETA,5137.1052,859.0,183.5,142.0,393.0,1,0.7916666666666666,2,0,0,174,911,990.1178160919541,3.5
20262,1.0,1522,2026-01-11T13:40,COMPLETA,5232.2172,859.0,183.5,142.0,393.0,1,0.7916666666666666,2,0,0,174,911,990.1178160919541,3.5
20262,1.0,1523,2026-01-11T13:50,COMPLETA,5439.6516,859.0,183.5,142.0,393.0,1,0.7916666666666666,2,0,0,175,918,989.1657142857143,3.5
20262,1.0,1524,2026-01-11T14:00,COMPLETA,5420.5604,859.0,183.5,142.0,393.0,1,0.7916666666666666,2,0,0,175,918,989.1657142857143,3.5
20262,1.0,1525,2026-01-11T14:10,COMPLETA,5293.2332,859.0,183.5,142.0,393.0,1,0.7916666666666666,2,0,0,176,920,985.8664772727273,3.5
20262,1.0,1526,2026-01-11T14:20,COMPLETA,5000.3013,859.0,183.5,142.0,393.0,1,0.7916666666666666,2,0,0,176,920,985.8664772727273,3.5
20262,1.0,1527,2026-01-11T14:30,COMPLETA,5104.0929,859.0,183.5,142.0,393.0,1,0.7916666666666666,2,0,0,176,920,985.8664772727273,3.5
20262,1.0,1528,2026-01-11T14:40,COMPLETA,5231.4235,859.0,183.5,142.0,393.0,1,0.7916666666666666,2,0,0,176,920,985.8664772727273,3.5
20262,1.0,1529,2026-01-11T14:50,COMPLETA,5602.1418,692.0,130.0,122.0,511.5,2,0.5833333333333334,3,0,0,176,920,985.8664772727273,3.5
20262,1.0,1530,2026-01-11T15:00,COMPLETA,5514.6065,692.0,130.0,122.0,511.5,2,0.5833333333333334,3,0,2,176,920,985.8664772727273,3.5
20262,1.0,1531,2026-01-11T15:10,SIN_DEMANDA,0,,,,,,,0,0,0,176,920,985.8664772727273,3.5
20262,1.0,1532,2026-01-11T15:20,SIN_DEMANDA,0,,,,,,,0,0,0,176,920,985.8664772727273,3.5
20262,1.0,1533,2026-01-11T15:30,SIN_DEMANDA,0,,,,,,,0,0,0,176,920,985.8664772727273,3.5
20262,1.0,1534,2026-01-11T15:40,SIN_DEMANDA,0,,,,,,,0,0,0,176,920,985.8664772727273,3.5
20262,1.0,1535,2026-01-11T15:50,SIN_DEMANDA,0,,,,,,,0,0,0,176,920,985.8664772727273,3.5
20262,1.0,1536,2026-01-11T16:00,SIN_DEMANDA,0,,,,,,,0,0,0,176,920,985.8664772727273,3.5
20262,1.0,1537,2026-01-11T16:10,COMPLETA,2052.0887,2033.0,2033.0,56.0,232.5,1,0.16666666666666666,1,0,1,176,920,985.8664772727273,3.5
20262,1.0,1538,2026-01-11T16:20,SIN_DEMANDA,0,,,,,,,0,0,0,176,920,985.8664772727273,3.5
20262,1.0,1539,2026-01-11T16:30,SIN_DEMANDA,0,,,,,,,0,0,0,177,929,990.2203389830509,3.5
20262,1.0,1540,2026-01-11T16:40,SIN_DEMANDA,0,,,,,,,0,0,0,178,938,985.3876404494382,3.5
20262,1.0,1541,2026-01-11T16:50,SIN_DEMANDA,0,,,,,,,0,0,0,178,938,985.3876404494382,3.5
20262,1.0,1542,2026-01-11T17:00,SIN_DEMANDA,0,,,,,,,0,0,0,178,938,985.3876404494382,3.5
20262,1.0,1543,2026-01-11T17:10,SIN_DEMANDA,0,,,,,,,0,0,0,178,938,985.3876404494382,3.5
20262,1.0,1544,2026-01-11T17:20,SIN_DEMANDA,0,,,,,,,0,0,0,178,938,985.3876404494382,3.5
20262,1.0,1545,2026-01-11T17:30,COMPLETA,1947.3465,1954.0,1954.0,54.0,216.0,1,0.16666666666666666,1,0,1,178,938,985.3876404494382,3.5
20262,1.0,1546,2026-01-11T17:40,SIN_DEMANDA,0,,,,,,,0,0,0,178,938,985.3876404494382,3.5
20262,1.0,1547,2026-01-11T17:50,COMPLETA,4065.0111,1672.5,1672.5,94.0,261.0,1,0.4166666666666667,1,0,0,178,938,985.3876404494382,3.5
20262,1.0,1548,2026-01-11T18:00,COMPLETA,3897.0158,1672.5,1672.5,94.0,261.0,1,0.4166666666666667,1,0,0,178,938,985.3876404494382,3.5
20262,1.0,1549,2026-01-11T18:10,COMPLETA,3798.756,1672.5,1672.5,94.0,261.0,1,0.4166666666666667,1,0,0,178,938,985.3876404494382,3.5
20262,1.0,1550,2026-01-11T18:20,COMPLETA,4064.912,1672.5,1672.5,94.0,261.0,1,0.4166666666666667,1,0,0,180,952,986.7861111111112,3.5
20262,1.0,1551,2026-01-11T18:30,COMPLETA,4094.4643,1672.5,1672.5,94.0,261.0,1,0.4166666666666667,1,0,0,180,952,986.7861111111112,3.5
20262,1.0,1552,2026-01-11T18:40,COMPLETA,3774.963,1672.5,1672.5,94.0,261.0,1,0.4166666666666667,1,0,0,180,952,986.7861111111112,3.5
20262,1.0,1553,2026-01-11T18:50,COMPLETA,3894.7082,1672.5,1672.5,94.0,261.0,1,0.4166666666666667,1,0,0,180,952,986.7861111111112,3.5
20262,1.0,1554,2026-01-11T19:00,COMPLETA,3993.7376,1672.5,1672.5,94.0,261.0,1,0.4166666666666667,1,0,0,180,952,986.7861111111112,3.5
20262,1.0,1555,2026-01-11T19:10,COMPLETA,3698.8996,1672.5,1672.5,94.0,261.0,1,0.4166666666666667,1,0,0,180,952,986.7861111111112,3.5
20262,1.0,1556,2026-01-11T19:20,COMPLETA,3840.8362,1672.5,1672.5,94.0,261.0,1,0.4166666666666667,1,0,0,180,952,986.7861111111112,3.5
20262,1.0,1557,2026-01-11T19:30,COMPLETA,3910.4299,1672.5,1672.5,94.0,261.0,1,0.4166666666666667,1,0,0,180,952,986.7861111111112,3.5
20262,1.0,1558,2026-01-11T19:40,COMPLETA,3716.1771,1672.5,1672.5,94.0,261.0,1,0.4166666666666667,1,0,0,180,952,986.7861111111112,3.5
20262,1.0,1559,2026-01-11T19:50,COMPLETA,4043.7014,1672.5,1672.5,94.0,261.0,1,0.4166666666666667,1,0,0,180,952,986.7861111111112,3.5
20262,1.0,1560,2026-01-11T20:00,COMPLETA,3909.1801,1672.5,1672.5,94.0,261.0,1,0.4166666666666667,1,0,0,180,952,986.7861111111112,3.5
20262,1.0,1561,2026-01-11T20:10,COMPLETA,3668.5723,1672.5,1672.5,94.0,261.0,1,0.4166666666666667,1,0,0,180,952,986.7861111111112,3.5
20262,1.0,1562,2026-01-11T20:20,COMPLETA,3894.1799,1672.5,1672.5,94.0,261.0,1,0.4166666666666667,1,0,0,180,952,986.7861111111112,3.5
20262,1.0,1563,2026-01-11T20:30,COMPLETA,4100.0888,1672.5,1672.5,94.0,261.0,1,0.4166666666666667,1,0,0,180,952,986.7861111111112,3.5
20262,1.0,1564,2026-01-11T20:40,COMPLETA,3650.0325,1672.5,1672.5,94.0,261.0,1,0.4166666666666667,1,0,0,180,952,986.7861111111112,3.5
20262,1.0,1565,2026-01-11T20:50,COMPLETA,4059.7859,1672.5,1672.5,94.0,261.0,1,0.4166666666666667,1,0,0,180,952,986.7861111111112,3.5
20262,1.0,1566,2026-01-11T21:00,COMPLETA,3931.0914,1672.5,1672.5,94.0,261.0,1,0.4166666666666667,1,0,0,181,956,992.1298342541437,3.5
20262,1.0,1567,2026-01-11T21:10,COMPLETA,5450.591,1808.0,1672.5,144.0,456.0,2,0.25,2,0,0,181,956,992.1298342541437,3.5
20262,1.0,1568,2026-01-11T21:20,COMPLETA,5141.0705,1808.0,1672.5,144.0,456.0,2,0.25,2,0,0,181,956,992.1298342541437,3.5
20262,1.0,1569,2026-01-11T21:30,COMPLETA,5100.3563,1808.0,1672.5,144.0,456.0,2,0.25,2,0,0,181,956,992.1298342541437,3.5
20262,1.0,1570,2026-01-11T21:40,COMPLETA,5102.3289,1808.0,1672.5,144.0,456.0,2,0.25,2,0,0,181,956,992.1298342541437,3.5
20262,1.0,1571,2026-01-11T21:50,COMPLETA,4921.9689,1808.0,1672.5,144.0,456.0,2,0.25,2,0,0,181,956,992.1298342541437,3.5
20262,1.0,1572,2026-01-11T22:00,COMPLETA,4758.4177,1808.0,1672.5,144.0,456.0,2,0.25,2,0,0,181,956,992.1298342541437,3.5
20262,1.0,1573,2026-01-11T22:10,COMPLETA,5740.7898,1270.8333333333333,271.5,154.0,531.0,2,0.4375,3,0,0,181,956,992.1298342541437,3.5
20262,1.0,1574,2026-01-11T22:20,COMPLETA,5754.0921,1270.8333333333333,271.5,154.0,531.0,2,0.4375,3,0,0,181,956,992.1298342541437,3.5
20262,1.0,1575,2026-01-11T22:30,COMPLETA,5719.1994,1270.8333333333333,271.5,154.0,531.0,2,0.4375,3,0,0,181,956,992.1298342541437,3.5
20262,1.0,1576,2026-01-11T22:40,COMPLETA,5594.2824,1270.8333333333333,271.5,154.0,531.0,2,0.4375,3,0,0,181,956,992.1298342541437,3.5
20262,1.0,1577,2026-01-11T22:50,COMPLETA,5634.9529,1270.8333333333333,271.5,154.0,531.0,2,0.4375,3,0,0,181,956,992.1298342541437,3.5
20262,1.0,1578,2026-01-11T23:00,COMPLETA,5686.1791,1270.8333333333333,271.5,154.0,531.0,2,0.4375,3,0,2,181,956,992.1298342541437,3.5
20262,1.0,1579,2026-01-11T23:10,SIN_DEMANDA,0,,,,,,,0,0,0,181,956,992.1298342541437,3.5
20262,1.0,1580,2026-01-11T23:20,COMPLETA,2861.2784,437.5,437.5,102.0,273.0,1,0.25,1,0,0,181,956,992.1298342541437,3.5
20262,1.0,1581,2026-01-11T23:30,COMPLETA,2964.2528,437.5,437.5,102.0,273.0,1,0.25,1,0,0,181,956,992.1298342541437,3.5
20262,1.0,1582,2026-01-11T23:40,COMPLETA,2838.5388,437.5,437.5,102.0,273.0,1,0.25,1,0,0,181,956,992.1298342541437,3.5
20262,1.0,1583,2026-01-11T23:50,COMPLETA,2948.1173,437.5,437.5,102.0,273.0,1,0.25,1,0,0,181,956,992.1298342541437,3.5
20262,1.0,1584,2026-01-12T00:00,COMPLETA,3215.5561,437.5,437.5,102.0,273.0,1,0.25,1,0,0,181,956,992.1298342541437,3.5
20262,1.0,1585,2026-01-12T00:10,COMPLETA,3269.5989,437.5,437.5,102.0,273.0,1,0.25,1,0,0,181,956,992.1298342541437,3.5
20262,1.0,1586,2026-01-12T00:20,COMPLETA,2941.7385,437.5,437.5,102.0,273.0,1,0.25,1,0,0,181,956,992.1298342541437,3.5
20262,1.0,1587,2026-01-12T00:30,COMPLETA,3061.5665,437.5,437.5,102.0,273.0,1,0.25,1,0,0,181,956,992.1298342541437,3.5
20262,1.0,1588,2026-01-12T00:40,COMPLETA,3043.1287,437.5,437.5,102.0,273.0,1,0.25,1,0,0,182,958,997.3571428571429,3.5
20262,1.0,1589,2026-01-12T00:50,COMPLETA,2973.937,437.5,437.5,102.0,273.0,1,0.25,1,0,0,182,958,997.3571428571429,3.5
20262,1.0,1590,2026-01-12T01:00,COMPLETA,4290.3618,524.5,437.5,156.0,414.0,2,0.1875,2,0,1,182,958,997.3571428571429,3.5
20262,1.0,1591,2026-01-12T01:10,COMPLETA,5401.8646,973.0,437.5,132.0,378.0,1,0.4583333333333333,2,0,0,182,958,997.3571428571429,3.5
20262,1.0,1592,2026-01-12T01:20,COMPLETA,5604.5762,973.0,437.5,132.0,378.0,1,0.4583333333333333,2,0,0,182,958,997.3571428571429,3.5
20262,1.0,1593,2026-01-12T01:30,COMPLETA,5365.7522,973.0,437.5,132.0,378.0,1,0.4583333333333333,2,0,0,182,958,997.3571428571429,3.5
20262,1.0,1594,2026-01-12T01:40,COMPLETA,5606.2153,973.0,437.5,132.0,378.0,1,0.4583333333333333,2,0,0,183,967,993.3907103825137,3.5
20262,1.0,1595,2026-01-12T01:50,COMPLETA,5436.3191,973.0,437.5,132.0,378.0,1,0.4583333333333333,2,0,0,183,967,993.3907103825137,3.5
20262,1.0,1596,2026-01-12T02:00,COMPLETA,5531.9801,973.0,437.5,132.0,378.0,1,0.4583333333333333,2,0,0,183,967,993.3907103825137,3.5
20262,1.0,1597,2026-01-12T02:10,COMPLETA,5652.5036,701.5,158.5,150.0,465.0,2,0.2708333333333333,3,0,1,183,967,993.3907103825137,3.5
20262,1.0,1598,2026-01-12T02:20,COMPLETA,5465.0013,973.0,437.5,132.0,378.0,1,0.4583333333333333,2,0,0,183,967,993.3907103825137,3.5
20262,1.0,1599,2026-01-12T02:30,COMPLETA,5695.3035,973.0,437.5,132.0,378.0,1,0.4583333333333333,2,0,0,183,967,993.3907103825137,3.5
20262,1.0,1600,2026-01-12T02:40,COMPLETA,5825.2296,758.625,347.5,268.0,762.0,3,0.2916666666666667,4,0,1,183,967,993.3907103825137,3.5
20262,1.0,1601,2026-01-12T02:50,COMPLETA,6411.988,884.0,347.5,216.0,624.0,2,0.3958333333333333,3,0,0,184,970,991.3152173913044,3.5
20262,1.0,1602,2026-01-12T03:00,COMPLETA,6902.3779,884.0,347.5,216.0,624.0,2,0.3958333333333333,3,0,0,184,970,991.3152173913044,3.5
20262,1.0,1603,2026-01-12T03:10,COMPLETA,6013.2751,884.0,347.5,216.0,624.0,2,0.3958333333333333,3,0,0,184,970,991.3152173913044,3.5
20262,1.0,1604,2026-01-12T03:20,COMPLETA,6580.8059,1257.0,347.5,196.0,612.5,3,0.3194444444444444,4,0,2,185,980,994.5918918918919,3.5
20262,1.0,1605,2026-01-12T03:30,COMPLETA,5402.2039,513.25,347.5,122.0,363.0,1,0.5833333333333334,2,0,0,186,982,990.0967741935484,3.5
20262,1.0,1606,2026-01-12T03:40,COMPLETA,5677.8275,513.25,347.5,122.0,363.0,1,0.5833333333333334,2,0,0,186,982,990.0967741935484,3.5
20262,1.0,1607,2026-01-12T03:50,COMPLETA,5599.5535,513.25,347.5,122.0,363.0,1,0.5833333333333334,2,0,0,186,982,990.0967741935484,3.5
20262,1.0,1608,2026-01-12T04:00,COMPLETA,5079.7388,513.25,347.5,122.0,363.0,1,0.5833333333333334,2,0,0,186,982,990.0967741935484,3.5
20262,1.0,1609,2026-01-12T04:10,COMPLETA,5311.1092,513.25,347.5,122.0,363.0,1,0.5833333333333334,2,0,0,186,982,990.0967741935484,3.5
20262,1.0,1610,2026-01-12T04:20,COMPLETA,5420.3677,513.25,347.5,122.0,363.0,1,0.5833333333333334,2,0,0,187,984,986.8475935828877,3.5
20262,1.0,1611,2026-01-12T04:30,COMPLETA,5236.6216,513.25,347.5,122.0,363.0,1,0.5833333333333334,2,0,0,187,984,986.8475935828877,3.5
20262,1.0,1612,2026-01-12T04:40,COMPLETA,4989.8308,513.25,347.5,122.0,363.0,1,0.5833333333333334,2,0,0,187,984,986.8475935828877,3.5
20262,1.0,1613,2026-01-12T04:50,COMPLETA,5745.9403,983.1666666666666,347.5,180.0,570.0,2,0.3333333333333333,3,0,0,188,989,991.9255319148937,3.5
20262,1.0,1614,2026-01-12T05:00,COMPLETA,6315.1444,983.1666666666666,347.5,180.0,570.0,2,0.3333333333333333,3,0,0,189,993,997.5767195767196,3.5
20262,1.0,1615,2026-01-12T05:10,COMPLETA,6488.0332,983.1666666666666,347.5,180.0,570.0,2,0.3333333333333333,3,0,0,189,993,997.5767195767196,3.5
20262,1.0,1616,2026-01-12T05:20,COMPLETA,6092.1707,983.1666666666666,347.5,180.0,570.0,2,0.3333333333333333,3,0,0,189,993,997.5767195767196,3.5
20262,1.0,1617,2026-01-12T05:30,COMPLETA,5905.9665,983.1666666666666,347.5,180.0,570.0,2,0.3333333333333333,3,0,0,189,993,997.5767195767196,3.5
20262,1.0,1618,2026-01-12T05:40,COMPLETA,6517.2823,1229.125,347.5,248.0,792.0,3,0.2361111111111111,4,0,0,189,993,997.5767195767196,3.5
20262,1.0,1619,2026-01-12T05:50,COMPLETA,6570.9904,1229.125,347.5,248.0,792.0,3,0.2361111111111111,4,0,0,189,993,997.5767195767196,3.5
20262,1.0,1620,2026-01-12T06:00,COMPLETA,7029.9124,1229.125,347.5,248.0,792.0,3,0.2361111111111111,4,0,0,189,993,997.5767195767196,3.5
20262,1.0,1621,2026-01-12T06:10,COMPLETA,6474.0203,1229.125,347.5,248.0,792.0,3,0.2361111111111111,4,0,0,189,993,997.5767195767196,3.5
20262,1.0,1622,2026-01-12T06:20,COMPLETA,6541.5422,1229.125,347.5,248.0,792.0,3,0.2361111111111111,4,0,0,189,993,997.5767195767196,3.5
20262,1.0,1623,2026-01-12T06:30,COMPLETA,6183.4246,1229.125,347.5,248.0,792.0,3,0.2361111111111111,4,0,0,189,993,997.5767195767196,3.5
20262,1.0,1624,2026-01-12T06:40,COMPLETA,6186.6301,1229.125,347.5,248.0,792.0,3,0.2361111111111111,4,0,0,189,993,997.5767195767196,3.5
20262,1.0,1625,2026-01-12T06:50,COMPLETA,6460.3683,1229.125,347.5,248.0,792.0,3,0.2361111111111111,4,0,0,189,993,997.5767195767196,3.5
20262,1.0,1626,2026-01-12T07:00,COMPLETA,6057.5731,1229.125,347.5,248.0,792.0,3,0.2361111111111111,4,0,3,189,993,997.5767195767196,3.5
20262,1.0,1627,2026-01-12T07:10,SIN_DEMANDA,0,,,,,,,0,0,0,189,993,997.5767195767196,3.5
20262,1.0,1628,2026-01-12T07:20,SIN_DEMANDA,0,,,,,,,0,0,0,189,993,997.5767195767196,3.5
20262,1.0,1629,2026-01-12T07:30,SIN_DEMANDA,0,,,,,,,0,0,0,189,993,997.5767195767196,3.5
20262,1.0,1630,2026-01-12T07:40,SIN_DEMANDA,0,,,,,,,0,0,0,189,993,997.5767195767196,3.5
20262,1.0,1631,2026-01-12T07:50,SIN_DEMANDA,0,,,,,,,0,0,0,189,993,997.5767195767196,3.5
20262,1.0,1632,2026-01-12T08:00,SIN_DEMANDA,0,,,,,,,0,0,0,189,993,997.5767195767196,3.5
20262,1.0,1633,2026-01-12T08:10,SIN_DEMANDA,0,,,,,,,0,0,0,189,993,997.5767195767196,3.5
20262,1.0,1634,2026-01-12T08:20,SIN_DEMANDA,0,,,,,,,0,0,0,189,993,997.5767195767196,3.5
20262,1.0,1635,2026-01-12T08:30,SIN_DEMANDA,0,,,,,,,0,0,0,189,993,997.5767195767196,3.5
20262,1.0,1636,2026-01-12T08:40,SIN_DEMANDA,0,,,,,,,0,0,0,190,995,1002.4473684210526,3.5
20262,1.0,1637,2026-01-12T08:50,SIN_DEMANDA,0,,,,,,,0,0,0,190,995,1002.4473684210526,3.5
20262,1.0,1638,2026-01-12T09:00,SIN_DEMANDA,0,,,,,,,0,0,0,191,996,1007.4973821989529,3.5
20262,1.0,1639,2026-01-12T09:10,SIN_DEMANDA,0,,,,,,,0,0,0,191,996,1007.4973821989529,3.5
20262,1.0,1640,2026-01-12T09:20,SIN_DEMANDA,0,,,,,,,0,0,0,192,1004,1005.7864583333334,3.5
20262,1.0,1641,2026-01-12T09:30,SIN_DEMANDA,0,,,,,,,0,0,0,192,1004,1005.7864583333334,3.5
20262,1.0,1642,2026-01-12T09:40,SIN_DEMANDA,0,,,,,,,0,0,0,192,1004,1005.7864583333334,3.5
20262,1.0,1643,2026-01-12T09:50,SIN_DEMANDA,0,,,,,,,0,0,0,192,1004,1005.7864583333334,3.5
20262,1.0,1644,2026-01-12T10:00,SIN_DEMANDA,0,,,,,,,0,0,0,192,1004,1005.7864583333334,3.5
20262,1.0,1645,2026-01-12T10:10,SIN_DEMANDA,0,,,,,,,0,0,0,192,1004,1005.7864583333334,3.5
20262,1.0,1646,2026-01-12T10:20,SIN_DEMANDA,0,,,,,,,0,0,0,192,1004,1005.7864583333334,3.5
20262,1.0,1647,2026-01-12T10:30,SIN_DEMANDA,0,,,,,,,0,0,0,192,1004,1005.7864583333334,3.5
20262,1.0,1648,2026-01-12T10:40,SIN_DEMANDA,0,,,,,,,0,0,0,192,1004,1005.7864583333334,3.5
20262,1.0,1649,2026-01-12T10:50,SIN_DEMANDA,0,,,,,,,0,0,0,192,1004,1005.7864583333334,3.5
20262,1.0,1650,2026-01-12T11:00,SIN_DEMANDA,0,,,,,,,0,0,0,192,1004,1005.7864583333334,3.5
20262,1.0,1651,2026-01-12T11:10,SIN_DEMANDA,0,,,,,,,0,0,0,192,1004,1005.7864583333334,3.5
20262,1.0,1652,2026-01-12T11:20,SIN_DEMANDA,0,,,,,,,0,0,0,192,1004,1005.7864583333334,3.5
20262,1.0,1653,2026-01-12T11:30,SIN_DEMANDA,0,,,,,,,0,0,0,193,1010,1002.3756476683938,3.5
20262,1.0,1654,2026-01-12T11:40,COMPLETA,3239.7087,1804.5,1804.5,84.0,246.0,1,0.20833333333333334,1,0,0,193,1010,1002.3756476683938,3.5
20262,1.0,1655,2026-01-12T11:50,COMPLETA,2773.7379,1804.5,1804.5,84.0,246.0,1,0.20833333333333334,1,0,0,193,1010,1002.3756476683938,3.5
20262,1.0,1656,2026-01-12T12:00,COMPLETA,2872.2274,1804.5,1804.5,84.0,246.0,1,0.20833333333333334,1,0,0,193,1010,1002.3756476683938,3.5
20262,1.0,1657,2026-01-12T12:10,COMPLETA,3023.2925,1804.5,1804.5,84.0,246.0,1,0.20833333333333334,1,0,0,193,1010,1002.3756476683938,3.5
20262,1.0,1658,2026-01-12T12:20,COMPLETA,3152.8373,1804.5,1804.5,84.0,246.0,1,0.20833333333333334,1,0,0,193,1010,1002.3756476683938,3.5
20262,1.0,1659,2026-01-12T12:30,COMPLETA,3308.792,1804.5,1804.5,84.0,246.0,1,0.20833333333333334,1,0,0,193,1010,1002.3756476683938,3.5
20262,1.0,1660,2026-01-12T12:40,COMPLETA,3244.3328,1804.5,1804.5,84.0,246.0,1,0.20833333333333334,1,0,0,193,1010,1002.3756476683938,3.5
20262,1.0,1661,2026-01-12T12:50,COMPLETA,3207.9636,1804.5,1804.5,84.0,246.0,1,0.20833333333333334,1,0,0,193,1010,1002.3756476683938,3.5
20262,1.0,1662,2026-01-12T13:00,COMPLETA,4520.771,984.5,164.5,102.0,333.0,2,0.16666666666666666,2,0,1,193,1010,1002.3756476683938,3.5
20262,1.0,1663,2026-01-12T13:10,COMPLETA,3268.8612,1804.5,1804.5,84.0,246.0,1,0.20833333333333334,1,0,0,193,1010,1002.3756476683938,3.5
20262,1.0,1664,2026-01-12T13:20,COMPLETA,3239.0318,1804.5,1804.5,84.0,246.0,1,0.20833333333333334,1,0,0,193,1010,1002.3756476683938,3.5
20262,1.0,1665,2026-01-12T13:30,COMPLETA,3256.9687,1804.5,1804.5,84.0,246.0,1,0.20833333333333334,1,0,0,193,1010,1002.3756476683938,3.5
20262,1.0,1666,2026-01-12T13:40,COMPLETA,3279.0273,1804.5,1804.5,84.0,246.0,1,0.20833333333333334,1,0,0,193,1010,1002.3756476683938,3.5
20262,1.0,1667,2026-01-12T13:50,COMPLETA,2886.7798,1804.5,1804.5,84.0,246.0,1,0.20833333333333334,1,0,0,193,1010,1002.3756476683938,3.5
20262,1.0,1668,2026-01-12T14:00,COMPLETA,2875.0619,1804.5,1804.5,84.0,246.0,1,0.20833333333333334,1,0,0,193,1010,1002.3756476683938,3.5
20262,1.0,1669,2026-01-12T14:10,COMPLETA,2881.5435,1804.5,1804.5,84.0,246.0,1,0.20833333333333334,1,0,0,193,1010,1002.3756476683938,3.5
20262,1.0,1670,2026-01-12T14:20,COMPLETA,3011.0164,1804.5,1804.5,84.0,246.0,1,0.20833333333333334,1,0,0,194,1013,998.0567010309278,3.5
20262,1.0,1671,2026-01-12T14:30,COMPLETA,5297.1054,931.0,57.5,160.0,480.0,2,0.20833333333333334,2,0,0,194,1013,998.0567010309278,3.5
20262,1.0,1672,2026-01-12T14:40,COMPLETA,4925.8821,931.0,57.5,160.0,480.0,2,0.20833333333333334,2,0,0,194,1013,998.0567010309278,3.5
20262,1.0,1673,2026-01-12T14:50,COMPLETA,5174.8458,931.0,57.5,160.0,480.0,2,0.20833333333333334,2,0,0,194,1013,998.0567010309278,3.5
20262,1.0,1674,2026-01-12T15:00,COMPLETA,5312.384,931.0,57.5,160.0,480.0,2,0.20833333333333334,2,0,2,194,1013,998.0567010309278,3.5
20262,1.0,1675,2026-01-12T15:10,SIN_DEMANDA,0,,,,,,,0,0,0,194,1013,998.0567010309278,3.5
20262,1.0,1676,2026-01-12T15:20,SIN_DEMANDA,0,,,,,,,0,0,0,194,1013,998.0567010309278,3.5
20262,1.0,1677,2026-01-12T15:30,COMPLETA,3140.5062,1537.5,1537.5,100.0,270.0,1,0.3333333333333333,1,0,0,194,1013,998.0567010309278,3.5
20262,1.0,1678,2026-01-12T15:40,COMPLETA,3058.3151,1537.5,1537.5,100.0,270.0,1,0.3333333333333333,1,0,0,194,1013,998.0567010309278,3.5
20262,1.0,1679,2026-01-12T15:50,COMPLETA,3027.7353,1537.5,1537.5,100.0,270.0,1,0.3333333333333333,1,0,0,194,1013,998.0567010309278,3.5
20262,1.0,1680,2026-01-12T16:00,COMPLETA,3051.8914,1537.5,1537.5,100.0,270.0,1,0.3333333333333333,1,0,0,194,1013,998.0567010309278,3.5
20262,1.0,1681,2026-01-12T16:10,COMPLETA,3272.2402,1537.5,1537.5,100.0,270.0,1,0.3333333333333333,1,0,0,194,1013,998.0567010309278,3.5
20262,1.0,1682,2026-01-12T16:20,COMPLETA,5439.881,1161.0,447.5,242.0,723.0,3,0.25,2,0,1,194,1013,998.0567010309278,3.5
20262,1.0,1683,2026-01-12T16:30,COMPLETA,3952.041,447.5,447.5,50.0,195.0,1,0.4166666666666667,1,0,0,194,1013,998.0567010309278,3.5
20262,1.0,1684,2026-01-12T16:40,COMPLETA,3882.5539,447.5,447.5,50.0,195.0,1,0.4166666666666667,1,0,0,194,1013,998.0567010309278,3.5
20262,1.0,1685,2026-01-12T16:50,COMPLETA,3826.9738,447.5,447.5,50.0,195.0,1,0.4166666666666667,1,0,0,194,1013,998.0567010309278,3.5
20262,1.0,1686,2026-01-12T17:00,COMPLETA,3820.5723,447.5,447.5,50.0,195.0,1,0.4166666666666667,1,0,0,194,1013,998.0567010309278,3.5
20262,1.0,1687,2026-01-12T17:10,COMPLETA,5060.4724,697.0,447.5,148.0,402.0,2,0.25,2,0,1,194,1013,998.0567010309278,3.5
20262,1.0,1688,2026-01-12T17:20,COMPLETA,4155.486,447.5,447.5,50.0,195.0,1,0.4166666666666667,1,0,0,194,1013,998.0567010309278,3.5
20262,1.0,1689,2026-01-12T17:30,COMPLETA,5166.6312,482.75,447.5,110.0,405.0,2,0.3125,2,0,0,195,1018,993.2333333333333,3.5
20262,1.0,1690,2026-01-12T17:40,COMPLETA,5490.0216,1014.6666666666666,447.5,128.0,492.0,3,0.25,3,0,1,196,1023,997.3724489795918,3.5
20262,1.0,1691,2026-01-12T17:50,COMPLETA,5032.2152,482.75,447.5,110.0,405.0,2,0.3125,2,0,0,196,1023,997.3724489795918,3.5
20262,1.0,1692,2026-01-12T18:00,COMPLETA,4949.643,482.75,447.5,110.0,405.0,2,0.3125,2,0,0,196,1023,997.3724489795918,3.5
20262,1.0,1693,2026-01-12T18:10,COMPLETA,4855.5524,482.75,447.5,110.0,405.0,2,0.3125,2,0,0,196,1023,997.3724489795918,3.5
20262,1.0,1694,2026-01-12T18:20,COMPLETA,5004.1814,482.75,447.5,110.0,405.0,2,0.3125,2,0,0,196,1023,997.3724489795918,3.5
20262,1.0,1695,2026-01-12T18:30,COMPLETA,4981.4381,482.75,447.5,110.0,345.0,2,0.3125,2,0,0,196,1023,997.3724489795918,3.5
20262,1.0,1696,2026-01-12T18:40,COMPLETA,5013.3418,482.75,447.5,110.0,285.0,2,0.3125,2,0,0,196,1023,997.3724489795918,3.5
20262,1.0,1697,2026-01-12T18:50,COMPLETA,4978.1631,482.75,447.5,110.0,285.0,2,0.3125,2,0,1,196,1023,997.3724489795918,3.5
20262,1.0,1698,2026-01-12T19:00,COMPLETA,4928.9208,733.0,447.5,52.0,198.0,2,0.25,2,0,2,197,1026,1002.8604060913706,3.5
20262,1.0,1699,2026-01-12T19:10,SIN_DEMANDA,0,,,,,,,0,0,0,197,1026,1002.8604060913706,3.5
20262,1.0,1700,2026-01-12T19:20,COMPLETA,1675.3208,406.0,406.0,16.0,84.0,1,0.125,1,0,1,197,1026,1002.8604060913706,3.5
20262,1.0,1701,2026-01-12T19:30,SIN_DEMANDA,0,,,,,,,0,0,0,198,1028,1002.5757575757576,3.5
20262,1.0,1702,2026-01-12T19:40,COMPLETA,5015.2796,981.75,99.0,134.0,381.0,2,0.3125,2,0,1,198,1028,1002.5757575757576,3.5
20262,1.0,1703,2026-01-12T19:50,COMPLETA,3728.4903,1864.5,1864.5,46.0,189.0,1,0.375,1,0,0,198,1028,1002.5757575757576,3.5
20262,1.0,1704,2026-01-12T20:00,COMPLETA,3815.0679,1864.5,1864.5,46.0,189.0,1,0.375,1,0,0,198,1028,1002.5757575757576,3.5
20262,1.0,1705,2026-01-12T20:10,COMPLETA,3973.8078,1864.5,1864.5,46.0,189.0,1,0.375,1,0,0,200,1038,1007.015,3.5
20262,1.0,1706,2026-01-12T20:20,COMPLETA,3865.8448,1864.5,1864.5,46.0,189.0,1,0.375,1,0,0,200,1038,1007.015,3.5
20262,1.0,1707,2026-01-12T20:30,COMPLETA,3754.6913,1864.5,1864.5,46.0,189.0,1,0.375,1,0,0,200,1038,1007.015,3.5
20262,1.0,1708,2026-01-12T20:40,COMPLETA,3472.9058,1864.5,1864.5,46.0,189.0,1,0.375,1,0,0,201,1041,1004.0248756218906,3.5
20262,1.0,1709,2026-01-12T20:50,COMPLETA,3471.7136,1864.5,1864.5,46.0,189.0,1,0.375,1,0,0,203,1056,998.8891625615763,3.5
20262,1.0,1710,2026-01-12T21:00,COMPLETA,3924.2727,1864.5,1864.5,46.0,189.0,1,0.375,1,0,0,203,1056,998.8891625615763,3.5
20262,1.0,1711,2026-01-12T21:10,COMPLETA,3798.6106,1864.5,1864.5,46.0,189.0,1,0.375,1,0,0,203,1056,998.8891625615763,3.5
20262,1.0,1712,2026-01-12T21:20,COMPLETA,3735.3923,1864.5,1864.5,46.0,189.0,1,0.375,1,0,0,203,1056,998.8891625615763,3.5
20262,1.0,1713,2026-01-12T21:30,COMPLETA,3445.2281,1864.5,1864.5,46.0,189.0,1,0.375,1,0,0,203,1056,998.8891625615763,3.5
20262,1.0,1714,2026-01-12T21:40,COMPLETA,3584.9522,1864.5,1864.5,46.0,189.0,1,0.375,1,0,0,203,1056,998.8891625615763,3.5
20262,1.0,1715,2026-01-12T21:50,COMPLETA,4837.1337,1831.25,1798.0,136.0,384.0,1,0.7083333333333334,2,0,0,203,1056,998.8891625615763,3.5
20262,1.0,1716,2026-01-12T22:00,COMPLETA,4689.1404,1831.25,1798.0,136.0,384.0,1,0.7083333333333334,2,0,0,203,1056,998.8891625615763,3.5
20262,1.0,1717,2026-01-12T22:10,COMPLETA,4567.52,1831.25,1798.0,136.0,384.0,1,0.7083333333333334,2,0,0,204,1062,994.4779411764706,3.5
20262,1.0,1718,2026-01-12T22:20,COMPLETA,4846.0319,1831.25,1798.0,136.0,384.0,1,0.7083333333333334,2,0,0,204,1062,994.4779411764706,3.5
20262,1.0,1719,2026-01-12T22:30,COMPLETA,5101.6121,1831.25,1798.0,136.0,384.0,1,0.7083333333333334,2,0,0,204,1062,994.4779411764706,3.5
20262,1.0,1720,2026-01-12T22:40,COMPLETA,4966.0723,1831.25,1798.0,136.0,384.0,1,0.7083333333333334,2,0,0,204,1062,994.4779411764706,3.5
20262,1.0,1721,2026-01-12T22:50,COMPLETA,5096.3358,1831.25,1798.0,136.0,384.0,1,0.7083333333333334,2,0,0,204,1062,994.4779411764706,3.5
20262,1.0,1722,2026-01-12T23:00,COMPLETA,4946.7192,1831.25,1798.0,136.0,384.0,1,0.7083333333333334,2,0,1,204,1062,994.4779411764706,3.5
20262,1.0,1723,2026-01-12T23:10,SIN_DEMANDA,0,,,,,,,0,0,0,204,1062,994.4779411764706,3.5
20262,1.0,1724,2026-01-12T23:20,SIN_DEMANDA,0,,,,,,,0,0,0,204,1062,994.4779411764706,3.5
20262,1.0,1725,2026-01-12T23:30,SIN_DEMANDA,0,,,,,,,0,0,0,204,1062,994.4779411764706,3.5
20262,1.0,1726,2026-01-12T23:40,SIN_DEMANDA,0,,,,,,,0,0,0,204,1062,994.4779411764706,3.5
20262,1.0,1727,2026-01-12T23:50,SIN_DEMANDA,0,,,,,,,0,0,0,204,1062,994.4779411764706,3.5
20262,1.0,1728,2026-01-13T00:00,COMPLETA,1686.7344,2087.0,2087.0,12.0,138.0,1,0.16666666666666666,1,0,1,204,1062,994.4779411764706,3.5
20262,1.0,1729,2026-01-13T00:10,SIN_DEMANDA,0,,,,,,,0,0,0,204,1062,994.4779411764706,3.5
20262,1.0,1730,2026-01-13T00:20,COMPLETA,4550.3117,108.25,90.0,186.0,519.0,2,0.3333333333333333,2,0,1,204,1062,994.4779411764706,3.5
20262,1.0,1731,2026-01-13T00:30,COMPLETA,4694.3827,204.25,126.5,122.0,423.0,2,0.2916666666666667,2,0,0,204,1062,994.4779411764706,3.5
20262,1.0,1732,2026-01-13T00:40,COMPLETA,4793.6485,204.25,126.5,122.0,423.0,2,0.2916666666666667,2,0,0,205,1071,998.7219512195122,3.5
20262,1.0,1733,2026-01-13T00:50,COMPLETA,4780.4094,182.83333333333334,1.0,158.0,597.0,3,0.3055555555555556,3,0,1,205,1071,998.7219512195122,3.5
20262,1.0,1734,2026-01-13T01:00,COMPLETA,4599.6155,63.75,1.0,160.0,480.0,2,0.3333333333333333,2,0,0,205,1071,998.7219512195122,3.5
20262,1.0,1735,2026-01-13T01:10,COMPLETA,5144.9931,63.75,1.0,160.0,480.0,2,0.3333333333333333,2,0,0,206,1075,1004.004854368932,3.5
20262,1.0,1736,2026-01-13T01:20,COMPLETA,5059.5104,63.75,1.0,160.0,480.0,2,0.3333333333333333,2,0,0,206,1075,1004.004854368932,3.5
20262,1.0,1737,2026-01-13T01:30,COMPLETA,4833.7342,63.75,1.0,160.0,480.0,2,0.3333333333333333,2,0,0,206,1075,1004.004854368932,3.5
20262,1.0,1738,2026-01-13T01:40,COMPLETA,4516.2259,63.75,1.0,160.0,480.0,2,0.3333333333333333,2,0,0,206,1075,1004.004854368932,3.5
20262,1.0,1739,2026-01-13T01:50,COMPLETA,4806.2084,63.75,1.0,160.0,480.0,2,0.3333333333333333,2,0,0,206,1075,1004.004854368932,3.5
20262,1.0,1740,2026-01-13T02:00,COMPLETA,5018.7271,63.75,1.0,160.0,480.0,2,0.3333333333333333,2,0,0,206,1075,1004.004854368932,3.5
20262,1.0,1741,2026-01-13T02:10,COMPLETA,4564.8081,63.75,1.0,172.0,438.0,2,0.3333333333333333,2,0,1,206,1075,1004.004854368932,3.5
20262,1.0,1742,2026-01-13T02:20,COMPLETA,2954.8336,126.5,126.5,90.0,255.0,1,0.3333333333333333,1,0,0,206,1075,1004.004854368932,3.5
20262,1.0,1743,2026-01-13T02:30,COMPLETA,2955.6221,126.5,126.5,90.0,255.0,1,0.3333333333333333,1,0,0,206,1075,1004.004854368932,3.5
20262,1.0,1744,2026-01-13T02:40,COMPLETA,2987.1169,126.5,126.5,90.0,255.0,1,0.3333333333333333,1,0,0,206,1075,1004.004854368932,3.5
20262,1.0,1745,2026-01-13T02:50,COMPLETA,2872.7133,126.5,126.5,90.0,255.0,1,0.3333333333333333,1,0,0,207,1083,999.5893719806763,3.5
20262,1.0,1746,2026-01-13T03:00,COMPLETA,2865.3118,126.5,126.5,90.0,255.0,1,0.3333333333333333,1,0,0,207,1083,999.5893719806763,3.5
20262,1.0,1747,2026-01-13T03:10,COMPLETA,2743.6481,126.5,126.5,90.0,255.0,1,0.3333333333333333,1,0,0,207,1083,999.5893719806763,3.5
20262,1.0,1748,2026-01-13T03:20,COMPLETA,2745.7618,126.5,126.5,90.0,255.0,1,0.3333333333333333,1,0,0,207,1083,999.5893719806763,3.5
20262,1.0,1749,2026-01-13T03:30,COMPLETA,2834.7095,126.5,126.5,90.0,255.0,1,0.3333333333333333,1,0,0,208,1089,996.2019230769231,3.5
20262,1.0,1750,2026-01-13T03:40,COMPLETA,2737.9856,126.5,126.5,90.0,255.0,1,0.3333333333333333,1,0,0,208,1089,996.2019230769231,3.5
20262,1.0,1751,2026-01-13T03:50,COMPLETA,2662.6433,126.5,126.5,90.0,255.0,1,0.3333333333333333,1,0,0,209,1097,1000.0382775119617,3.5
20262,1.0,1752,2026-01-13T04:00,COMPLETA,2697.7806,126.5,126.5,90.0,255.0,1,0.3333333333333333,1,0,0,209,1097,1000.0382775119617,3.5
20262,1.0,1753,2026-01-13T04:10,COMPLETA,2780.6481,126.5,126.5,90.0,255.0,1,0.3333333333333333,1,0,0,209,1097,1000.0382775119617,3.5
20262,1.0,1754,2026-01-13T04:20,COMPLETA,2734.7978,126.5,126.5,90.0,255.0,1,0.3333333333333333,1,0,0,209,1097,1000.0382775119617,3.5
20262,1.0,1755,2026-01-13T04:30,COMPLETA,2663.0795,126.5,126.5,90.0,255.0,1,0.3333333333333333,1,0,0,209,1097,1000.0382775119617,3.5
20262,1.0,1756,2026-01-13T04:40,COMPLETA,3687.6146,137.5,126.5,120.0,360.0,2,0.22916666666666666,2,0,1,209,1097,1000.0382775119617,3.5
20262,1.0,1757,2026-01-13T04:50,COMPLETA,2525.1946,126.5,126.5,90.0,255.0,1,0.3333333333333333,1,0,0,210,1105,995.2809523809524,1.0
20262,1.0,1758,2026-01-13T05:00,COMPLETA,2373.4698,126.5,126.5,90.0,255.0,1,0.3333333333333333,1,0,0,210,1105,995.2809523809524,1.0
20262,1.0,1759,2026-01-13T05:10,COMPLETA,2698.0343,126.5,126.5,90.0,255.0,1,0.3333333333333333,1,0,0,210,1105,995.2809523809524,1.0
20262,1.0,1760,2026-01-13T05:20,COMPLETA,2610.7544,126.5,126.5,90.0,255.0,1,0.3333333333333333,1,0,0,210,1105,995.2809523809524,1.0
20262,1.0,1761,2026-01-13T05:30,COMPLETA,2554.4495,126.5,126.5,90.0,255.0,1,0.3333333333333333,1,0,0,210,1105,995.2809523809524,1.0
20262,1.0,1762,2026-01-13T05:40,COMPLETA,2516.9809,126.5,126.5,90.0,255.0,1,0.3333333333333333,1,0,0,210,1105,995.2809523809524,1.0
20262,1.0,1763,2026-01-13T05:50,COMPLETA,2639.8809,126.5,126.5,90.0,255.0,1,0.3333333333333333,1,0,0,210,1105,995.2809523809524,1.0
20262,1.0,1764,2026-01-13T06:00,COMPLETA,2612.225,126.5,126.5,90.0,255.0,1,0.3333333333333333,1,0,0,210,1105,995.2809523809524,1.0
20262,1.0,1765,2026-01-13T06:10,COMPLETA,2450.0139,126.5,126.5,90.0,255.0,1,0.3333333333333333,1,0,0,211,1108,991.2677725118483,1.0
20262,1.0,1766,2026-01-13T06:20,COMPLETA,2497.1858,126.5,126.5,90.0,255.0,1,0.3333333333333333,1,0,0,211,1108,991.2677725118483,1.0
20262,1.0,1767,2026-01-13T06:30,COMPLETA,2513.8913,126.5,126.5,90.0,255.0,1,0.3333333333333333,1,0,0,211,1108,991.2677725118483,1.0
20262,1.0,1768,2026-01-13T06:40,COMPLETA,2635.088,126.5,126.5,90.0,255.0,1,0.3333333333333333,1,0,0,211,1108,991.2677725118483,1.0
20262,1.0,1769,2026-01-13T06:50,COMPLETA,2784.5118,126.5,126.5,90.0,255.0,1,0.3333333333333333,1,0,0,211,1108,991.2677725118483,1.0
20262,1.0,1770,2026-01-13T07:00,COMPLETA,4524.6537,103.5,80.5,176.0,504.0,2,0.3125,2,0,2,211,1108,991.2677725118483,1.0
20262,1.0,1771,2026-01-13T07:10,SIN_DEMANDA,0,,,,,,,0,0,0,211,1108,991.2677725118483,1.0
20262,1.0,1772,2026-01-13T07:20,SIN_DEMANDA,0,,,,,,,0,0,0,211,1108,991.2677725118483,1.0
20262,1.0,1773,2026-01-13T07:30,SIN_DEMANDA,0,,,,,,,0,0,0,211,1108,991.2677725118483,1.0
20262,1.0,1774,2026-01-13T07:40,SIN_DEMANDA,0,,,,,,,0,0,0,211,1108,991.2677725118483,1.0
20262,1.0,1775,2026-01-13T07:50,SIN_DEMANDA,0,,,,,,,0,0,0,211,1108,991.2677725118483,1.0
20262,1.0,1776,2026-01-13T08:00,SIN_DEMANDA,0,,,,,,,0,0,0,211,1108,991.2677725118483,1.0
20262,1.0,1777,2026-01-13T08:10,SIN_DEMANDA,0,,,,,,,0,0,0,211,1108,991.2677725118483,1.0
20262,1.0,1778,2026-01-13T08:20,COMPLETA,1713.0993,617.0,617.0,44.0,186.0,1,0.041666666666666664,1,0,1,211,1108,991.2677725118483,1.0
20262,1.0,1779,2026-01-13T08:30,SIN_DEMANDA,0,,,,,,,0,0,0,211,1108,991.2677725118483,1.0
20262,1.0,1780,2026-01-13T08:40,SIN_DEMANDA,0,,,,,,,0,0,0,211,1108,991.2677725118483,1.0
20262,1.0,1781,2026-01-13T08:50,SIN_DEMANDA,0,,,,,,,0,0,0,211,1108,991.2677725118483,1.0
20262,1.0,1782,2026-01-13T09:00,SIN_DEMANDA,0,,,,,,,0,0,0,211,1108,991.2677725118483,1.0
20262,1.0,1783,2026-01-13T09:10,COMPLETA,4627.7546,1136.5,216.5,144.0,396.0,2,0.2916666666666667,2,0,1,211,1108,991.2677725118483,1.0
20262,1.0,1784,2026-01-13T09:20,COMPLETA,3533.0665,216.5,216.5,88.0,252.0,1,0.4166666666666667,1,0,0,211,1108,991.2677725118483,1.0
20262,1.0,1785,2026-01-13T09:30,COMPLETA,3670.8839,216.5,216.5,88.0,252.0,1,0.4166666666666667,1,0,0,211,1108,991.2677725118483,1.0
20262,1.0,1786,2026-01-13T09:40,COMPLETA,3451.3718,216.5,216.5,88.0,252.0,1,0.4166666666666667,1,0,0,212,1115,986.9716981132076,1.0
20262,1.0,1787,2026-01-13T09:50,COMPLETA,3778.0309,216.5,216.5,88.0,252.0,1,0.4166666666666667,1,0,0,212,1115,986.9716981132076,1.0
20262,1.0,1788,2026-01-13T10:00,COMPLETA,3468.4735,216.5,216.5,88.0,252.0,1,0.4166666666666667,1,0,0,213,1116,985.2347417840375,1.0
20262,1.0,1789,2026-01-13T10:10,COMPLETA,3493.1429,216.5,216.5,88.0,252.0,1,0.4166666666666667,1,0,0,213,1116,985.2347417840375,1.0
20262,1.0,1790,2026-01-13T10:20,COMPLETA,4665.6823,367.0,216.5,112.0,352.5,1,0.7083333333333334,2,0,0,214,1124,981.2219626168225,1.0
20262,1.0,1791,2026-01-13T10:30,COMPLETA,4461.0949,367.0,216.5,112.0,352.5,1,0.7083333333333334,2,0,0,214,1124,981.2219626168225,1.0
20262,1.0,1792,2026-01-13T10:40,COMPLETA,5069.4366,367.0,216.5,112.0,352.5,1,0.7083333333333334,2,0,0,214,1124,981.2219626168225,1.0
20262,1.0,1793,2026-01-13T10:50,COMPLETA,4611.5608,367.0,216.5,112.0,352.5,1,0.7083333333333334,2,0,0,214,1124,981.2219626168225,1.0
20262,1.0,1794,2026-01-13T11:00,COMPLETA,5178.9947,568.0,216.5,168.0,496.5,2,0.4375,3,0,1,215,1128,986.2232558139535,1.0
20262,1.0,1795,2026-01-13T11:10,COMPLETA,5210.6794,367.0,216.5,112.0,352.5,1,0.7083333333333334,2,0,0,215,1128,986.2232558139535,1.0
20262,1.0,1796,2026-01-13T11:20,COMPLETA,4937.8523,655.25,493.5,238.0,537.0,3,0.2361111111111111,2,0,3,215,1128,986.2232558139535,1.0
20262,1.0,1797,2026-01-13T11:30,SIN_DEMANDA,0,,,,,,,0,0,0,215,1128,986.2232558139535,1.0
20262,1.0,1798,2026-01-13T11:40,SIN_DEMANDA,0,,,,,,,0,0,0,215,1128,986.2232558139535,1.0
20262,1.0,1799,2026-01-13T11:50,SIN_DEMANDA,0,,,,,,,0,0,0,215,1128,986.2232558139535,1.0
20262,1.0,1800,2026-01-13T12:00,SIN_DEMANDA,0,,,,,,,0,0,0,215,1128,986.2232558139535,1.0
20262,1.0,1801,2026-01-13T12:10,SIN_DEMANDA,0,,,,,,,0,0,0,215,1128,986.2232558139535,1.0
20262,1.0,1802,2026-01-13T12:20,SIN_DEMANDA,0,,,,,,,0,0,0,215,1128,986.2232558139535,1.0
20262,1.0,1803,2026-01-13T12:30,SIN_DEMANDA,0,,,,,,,0,0,0,215,1128,986.2232558139535,1.0
20262,1.0,1804,2026-01-13T12:40,SIN_DEMANDA,0,,,,,,,0,0,0,215,1128,986.2232558139535,1.0
20262,1.0,1805,2026-01-13T12:50,SIN_DEMANDA,0,,,,,,,0,0,0,216,1132,986.1481481481482,1.0
20262,1.0,1806,2026-01-13T13:00,SIN_DEMANDA,0,,,,,,,0,0,0,217,1142,983.8778801843318,1.0
20262,1.0,1807,2026-01-13T13:10,SIN_DEMANDA,0,,,,,,,0,0,0,217,1142,983.8778801843318,1.0
20262,1.0,1808,2026-01-13T13:20,COMPLETA,3664.0875,203.5,203.5,108.0,282.0,1,0.375,1,0,0,217,1142,983.8778801843318,1.0
20262,1.0,1809,2026-01-13T13:30,COMPLETA,3764.022,203.5,203.5,108.0,282.0,1,0.375,1,0,0,217,1142,983.8778801843318,1.0
20262,1.0,1810,2026-01-13T13:40,COMPLETA,3758.1596,203.5,203.5,108.0,282.0,1,0.375,1,0,0,217,1142,983.8778801843318,1.0
20262,1.0,1811,2026-01-13T13:50,COMPLETA,3914.7897,203.5,203.5,108.0,282.0,1,0.375,1,0,0,217,1142,983.8778801843318,1.0
20262,1.0,1812,2026-01-13T14:00,COMPLETA,5097.286,335.25,143.5,108.0,342.0,1,0.5833333333333334,2,0,0,217,1142,983.8778801843318,1.0
20262,1.0,1813,2026-01-13T14:10,COMPLETA,5060.2885,335.25,143.5,108.0,342.0,1,0.5833333333333334,2,0,0,217,1142,983.8778801843318,1.0
20262,1.0,1814,2026-01-13T14:20,COMPLETA,4734.5755,335.25,143.5,108.0,342.0,1,0.5833333333333334,2,0,0,217,1142,983.8778801843318,1.0
20262,1.0,1815,2026-01-13T14:30,COMPLETA,4992.6519,335.25,143.5,108.0,342.0,1,0.5833333333333334,2,0,0,217,1142,983.8778801843318,1.0
20262,1.0,1816,2026-01-13T14:40,COMPLETA,4900.322,335.25,143.5,108.0,342.0,1,0.5833333333333334,2,0,0,218,1149,983.1123853211009,1.0
20262,1.0,1817,2026-01-13T14:50,COMPLETA,4827.6447,335.25,143.5,108.0,342.0,1,0.5833333333333334,2,0,0,218,1149,983.1123853211009,1.0
20262,1.0,1818,2026-01-13T15:00,COMPLETA,4876.2777,335.25,143.5,108.0,342.0,1,0.5833333333333334,2,0,1,218,1149,983.1123853211009,1.0
20262,1.0,1819,2026-01-13T15:10,SIN_DEMANDA,0,,,,,,,0,0,0,218,1149,983.1123853211009,1.0
20262,1.0,1820,2026-01-13T15:20,SIN_DEMANDA,0,,,,,,,0,0,0,218,1149,983.1123853211009,1.0
20262,1.0,1821,2026-01-13T15:30,SIN_DEMANDA,0,,,,,,,0,0,0,218,1149,983.1123853211009,1.0
20262,1.0,1822,2026-01-13T15:40,SIN_DEMANDA,0,,,,,,,0,0,0,218,1149,983.1123853211009,1.0
20262,1.0,1823,2026-01-13T15:50,SIN_DEMANDA,0,,,,,,,0,0,0,218,1149,983.1123853211009,1.0
20262,1.0,1824,2026-01-13T16:00,SIN_DEMANDA,0,,,,,,,0,0,0,218,1149,983.1123853211009,1.0
20262,1.0,1825,2026-01-13T16:10,SIN_DEMANDA,0,,,,,,,0,0,0,218,1149,983.1123853211009,1.0
20262,1.0,1826,2026-01-13T16:20,SIN_DEMANDA,0,,,,,,,0,0,0,218,1149,983.1123853211009,1.0
20262,1.0,1827,2026-01-13T16:30,SIN_DEMANDA,0,,,,,,,0,0,0,218,1149,983.1123853211009,1.0
20262,1.0,1828,2026-01-13T16:40,SIN_DEMANDA,0,,,,,,,0,0,0,218,1149,983.1123853211009,1.0
20262,1.0,1829,2026-01-13T16:50,SIN_DEMANDA,0,,,,,,,0,0,0,218,1149,983.1123853211009,1.0
20262,1.0,1830,2026-01-13T17:00,SIN_DEMANDA,0,,,,,,,0,0,0,218,1149,983.1123853211009,1.0
20262,1.0,1831,2026-01-13T17:10,SIN_DEMANDA,0,,,,,,,0,0,0,219,1154,981.0296803652968,1.0
20262,1.0,1832,2026-01-13T17:20,SIN_DEMANDA,0,,,,,,,0,0,0,219,1154,981.0296803652968,1.0
20262,1.0,1833,2026-01-13T17:30,COMPLETA,3981.9849,1632.5,1632.5,106.0,279.0,1,0.4166666666666667,1,0,0,219,1154,981.0296803652968,1.0
20262,1.0,1834,2026-01-13T17:40,COMPLETA,3892.7822,1632.5,1632.5,106.0,279.0,1,0.4166666666666667,1,0,0,219,1154,981.0296803652968,1.0
20262,1.0,1835,2026-01-13T17:50,COMPLETA,3915.926,1632.5,1632.5,106.0,279.0,1,0.4166666666666667,1,0,0,219,1154,981.0296803652968,1.0
20262,1.0,1836,2026-01-13T18:00,COMPLETA,4188.6577,1632.5,1632.5,106.0,279.0,1,0.4166666666666667,1,0,0,219,1154,981.0296803652968,1.0
20262,1.0,1837,2026-01-13T18:10,COMPLETA,4173.9826,1632.5,1632.5,106.0,279.0,1,0.4166666666666667,1,0,0,219,1154,981.0296803652968,1.0
20262,1.0,1838,2026-01-13T18:20,COMPLETA,4048.7347,1632.5,1632.5,106.0,279.0,1,0.4166666666666667,1,0,0,219,1154,981.0296803652968,1.0
20262,1.0,1839,2026-01-13T18:30,COMPLETA,4259.4573,1632.5,1632.5,106.0,279.0,1,0.4166666666666667,1,0,0,219,1154,981.0296803652968,1.0
20262,1.0,1840,2026-01-13T18:40,COMPLETA,4230.9053,1632.5,1632.5,106.0,279.0,1,0.4166666666666667,1,0,0,219,1154,981.0296803652968,1.0
20262,1.0,1841,2026-01-13T18:50,COMPLETA,3935.7259,1632.5,1632.5,106.0,279.0,1,0.4166666666666667,1,0,0,219,1154,981.0296803652968,1.0
20262,1.0,1842,2026-01-13T19:00,COMPLETA,4673.6255,1632.5,1632.5,106.0,279.0,1,0.4166666666666667,1,0,0,220,1163,977.2227272727273,1.0
20262,1.0,1843,2026-01-13T19:10,COMPLETA,4472.1921,1632.5,1632.5,106.0,279.0,1,0.4166666666666667,1,0,0,220,1163,977.2227272727273,1.0
20262,1.0,1844,2026-01-13T19:20,COMPLETA,4353.9841,1632.5,1632.5,106.0,279.0,1,0.4166666666666667,1,0,0,220,1163,977.2227272727273,1.0
20262,1.0,1845,2026-01-13T19:30,COMPLETA,3965.056,1632.5,1632.5,106.0,279.0,1,0.4166666666666667,1,0,0,220,1163,977.2227272727273,1.0
20262,1.0,1846,2026-01-13T19:40,COMPLETA,4196.7691,1632.5,1632.5,106.0,279.0,1,0.4166666666666667,1,0,0,220,1163,977.2227272727273,1.0
20262,1.0,1847,2026-01-13T19:50,COMPLETA,3901.6791,1632.5,1632.5,106.0,279.0,1,0.4166666666666667,1,0,0,220,1163,977.2227272727273,1.0
20262,1.0,1848,2026-01-13T20:00,COMPLETA,4590.6935,890.5,148.5,140.0,390.0,2,0.2916666666666667,2,0,1,220,1163,977.2227272727273,1.0
20262,1.0,1849,2026-01-13T20:10,COMPLETA,4238.3006,1632.5,1632.5,106.0,279.0,1,0.4166666666666667,1,0,0,220,1163,977.2227272727273,1.0
20262,1.0,1850,2026-01-13T20:20,COMPLETA,4231.5448,1632.5,1632.5,106.0,279.0,1,0.4166666666666667,1,0,0,220,1163,977.2227272727273,1.0
20262,1.0,1851,2026-01-13T20:30,COMPLETA,4195.4449,1632.5,1632.5,106.0,279.0,1,0.4166666666666667,1,0,0,220,1163,977.2227272727273,1.0
20262,1.0,1852,2026-01-13T20:40,COMPLETA,3897.933,1632.5,1632.5,106.0,279.0,1,0.4166666666666667,1,0,0,220,1163,977.2227272727273,1.0
20262,1.0,1853,2026-01-13T20:50,COMPLETA,3512.8794,1632.5,1632.5,106.0,279.0,1,0.4166666666666667,1,0,0,220,1163,977.2227272727273,1.0
20262,1.0,1854,2026-01-13T21:00,COMPLETA,3942.7369,1632.5,1632.5,106.0,279.0,1,0.4166666666666667,1,0,0,220,1163,977.2227272727273,1.0
20262,1.0,1855,2026-01-13T21:10,COMPLETA,3594.0276,1632.5,1632.5,106.0,279.0,1,0.4166666666666667,1,0,0,220,1163,977.2227272727273,1.0
20262,1.0,1856,2026-01-13T21:20,COMPLETA,5600.862,823.25,182.0,178.0,447.0,1,0.7916666666666666,2,0,0,220,1163,977.2227272727273,1.0
20262,1.0,1857,2026-01-13T21:30,COMPLETA,5283.946,823.25,182.0,178.0,447.0,1,0.7916666666666666,2,0,0,221,1167,973.472850678733,1.0
20262,1.0,1858,2026-01-13T21:40,COMPLETA,4970.3972,823.25,182.0,178.0,447.0,1,0.7916666666666666,2,0,0,221,1167,973.472850678733,1.0
20262,1.0,1859,2026-01-13T21:50,COMPLETA,5297.0935,823.25,182.0,178.0,447.0,1,0.7916666666666666,2,0,0,221,1167,973.472850678733,1.0
20262,1.0,1860,2026-01-13T22:00,COMPLETA,5505.2661,823.25,182.0,178.0,447.0,1,0.7916666666666666,2,0,0,221,1167,973.472850678733,1.0
20262,1.0,1861,2026-01-13T22:10,COMPLETA,5255.4611,823.25,182.0,178.0,447.0,1,0.7916666666666666,2,0,0,221,1167,973.472850678733,1.0
20262,1.0,1862,2026-01-13T22:20,COMPLETA,4923.8788,823.25,182.0,178.0,447.0,1,0.7916666666666666,2,0,0,221,1167,973.472850678733,1.0
20262,1.0,1863,2026-01-13T22:30,COMPLETA,5555.3099,823.25,182.0,178.0,447.0,1,0.7916666666666666,2,0,0,221,1167,973.472850678733,1.0
20262,1.0,1864,2026-01-13T22:40,COMPLETA,5047.6288,823.25,182.0,178.0,447.0,1,0.7916666666666666,2,0,0,221,1167,973.472850678733,1.0
20262,1.0,1865,2026-01-13T22:50,COMPLETA,4678.3704,823.25,182.0,178.0,447.0,1,0.7916666666666666,2,0,0,221,1167,973.472850678733,1.0
20262,1.0,1866,2026-01-13T23:00,COMPLETA,4675.5935,823.25,182.0,178.0,447.0,1,0.7916666666666666,2,0,1,221,1167,973.472850678733,1.0
20262,1.0,1867,2026-01-13T23:10,SIN_DEMANDA,0,,,,,,,0,0,0,221,1167,973.472850678733,1.0
20262,1.0,1868,2026-01-13T23:20,SIN_DEMANDA,0,,,,,,,0,0,0,221,1167,973.472850678733,1.0
20262,1.0,1869,2026-01-13T23:30,SIN_DEMANDA,0,,,,,,,0,0,0,221,1167,973.472850678733,1.0
20262,1.0,1870,2026-01-13T23:40,SIN_DEMANDA,0,,,,,,,0,0,0,221,1167,973.472850678733,1.0
20262,1.0,1871,2026-01-13T23:50,SIN_DEMANDA,0,,,,,,,0,0,0,221,1167,973.472850678733,1.0
20262,1.0,1872,2026-01-14T00:00,SIN_DEMANDA,0,,,,,,,0,0,0,221,1167,973.472850678733,1.0
20262,1.0,1873,2026-01-14T00:10,COMPLETA,2907.7236,498.0,498.0,94.0,261.0,1,0.3333333333333333,1,0,0,221,1167,973.472850678733,1.0
20262,1.0,1874,2026-01-14T00:20,COMPLETA,2738.3722,498.0,498.0,94.0,261.0,1,0.3333333333333333,1,0,0,221,1167,973.472850678733,1.0
20262,1.0,1875,2026-01-14T00:30,COMPLETA,3099.1589,498.0,498.0,94.0,261.0,1,0.3333333333333333,1,0,0,221,1167,973.472850678733,1.0
20262,1.0,1876,2026-01-14T00:40,COMPLETA,3060.0314,498.0,498.0,94.0,261.0,1,0.3333333333333333,1,0,0,221,1167,973.472850678733,1.0
20262,1.0,1877,2026-01-14T00:50,COMPLETA,3205.0563,498.0,498.0,94.0,261.0,1,0.3333333333333333,1,0,0,221,1167,973.472850678733,1.0
20262,1.0,1878,2026-01-14T01:00,COMPLETA,2942.1033,498.0,498.0,94.0,261.0,1,0.3333333333333333,1,0,0,221,1167,973.472850678733,1.0
20262,1.0,1879,2026-01-14T01:10,COMPLETA,5061.9051,498.0,498.0,94.0,261.0,1,0.3333333333333333,1,0,0,221,1167,973.472850678733,1.0
20262,1.0,1880,2026-01-14T01:20,COMPLETA,4309.1966,737.75,498.0,136.0,384.0,2,0.1875,2,0,1,221,1167,973.472850678733,1.0
20262,1.0,1881,2026-01-14T01:30,COMPLETA,2867.8938,498.0,498.0,94.0,261.0,1,0.3333333333333333,1,0,0,221,1167,973.472850678733,1.0
20262,1.0,1882,2026-01-14T01:40,COMPLETA,2866.6894,498.0,498.0,94.0,261.0,1,0.3333333333333333,1,0,0,221,1167,973.472850678733,1.0
20262,1.0,1883,2026-01-14T01:50,COMPLETA,2677.957,498.0,498.0,94.0,261.0,1,0.3333333333333333,1,0,0,221,1167,973.472850678733,1.0
20262,1.0,1884,2026-01-14T02:00,COMPLETA,2585.765,498.0,498.0,94.0,261.0,1,0.3333333333333333,1,0,0,221,1167,973.472850678733,1.0
20262,1.0,1885,2026-01-14T02:10,COMPLETA,2663.4447,498.0,498.0,94.0,261.0,1,0.3333333333333333,1,0,0,222,1176,969.9076576576576,1.0
20262,1.0,1886,2026-01-14T02:20,COMPLETA,2451.6228,498.0,498.0,94.0,261.0,1,0.3333333333333333,1,0,0,222,1176,969.9076576576576,1.0
20262,1.0,1887,2026-01-14T02:30,COMPLETA,2613.339,498.0,498.0,94.0,261.0,1,0.3333333333333333,1,0,0,222,1176,969.9076576576576,1.0
20262,1.0,1888,2026-01-14T02:40,COMPLETA,2962.0186,498.0,498.0,94.0,261.0,1,0.3333333333333333,1,0,0,222,1176,969.9076576576576,1.0
20262,1.0,1889,2026-01-14T02:50,COMPLETA,2960.8425,498.0,498.0,94.0,261.0,1,0.3333333333333333,1,0,0,222,1176,969.9076576576576,1.0
20262,1.0,1890,2026-01-14T03:00,COMPLETA,3225.0402,498.0,498.0,94.0,261.0,1,0.3333333333333333,1,0,0,222,1176,969.9076576576576,1.0
20262,1.0,1891,2026-01-14T03:10,COMPLETA,2760.2196,498.0,498.0,94.0,261.0,1,0.3333333333333333,1,0,0,223,1177,969.9417040358744,1.0
20262,1.0,1892,2026-01-14T03:20,COMPLETA,2732.0123,498.0,498.0,94.0,261.0,1,0.3333333333333333,1,0,0,223,1177,969.9417040358744,1.0
20262,1.0,1893,2026-01-14T03:30,COMPLETA,2741.2324,498.0,498.0,94.0,261.0,1,0.3333333333333333,1,0,0,223,1177,969.9417040358744,1.0
20262,1.0,1894,2026-01-14T03:40,COMPLETA,2788.1855,498.0,498.0,94.0,261.0,1,0.3333333333333333,1,0,0,223,1177,969.9417040358744,1.0
20262,1.0,1895,2026-01-14T03:50,COMPLETA,2559.8279,498.0,498.0,94.0,261.0,1,0.3333333333333333,1,0,0,223,1177,969.9417040358744,1.0
20262,1.0,1896,2026-01-14T04:00,COMPLETA,3171.8598,498.0,498.0,94.0,261.0,1,0.3333333333333333,1,0,0,223,1177,969.9417040358744,1.0
20262,1.0,1897,2026-01-14T04:10,COMPLETA,3754.6161,498.0,498.0,94.0,261.0,1,0.3333333333333333,1,0,0,223,1177,969.9417040358744,1.0
20262,1.0,1898,2026-01-14T04:20,COMPLETA,3075.0028,498.0,498.0,94.0,261.0,1,0.3333333333333333,1,0,0,223,1177,969.9417040358744,1.0
20262,1.0,1899,2026-01-14T04:30,COMPLETA,3113.4652,498.0,498.0,94.0,261.0,1,0.3333333333333333,1,0,0,223,1177,969.9417040358744,1.0
20262,1.0,1900,2026-01-14T04:40,COMPLETA,2819.5721,498.0,498.0,94.0,261.0,1,0.3333333333333333,1,0,0,223,1177,969.9417040358744,1.0
20262,1.0,1901,2026-01-14T04:50,COMPLETA,2761.5535,498.0,498.0,94.0,261.0,1,0.3333333333333333,1,0,0,223,1177,969.9417040358744,1.0
20262,1.0,1902,2026-01-14T05:00,COMPLETA,2597.543,498.0,498.0,94.0,261.0,1,0.3333333333333333,1,0,0,223,1177,969.9417040358744,1.0
20262,1.0,1903,2026-01-14T05:10,COMPLETA,2859.6568,498.0,498.0,94.0,261.0,1,0.3333333333333333,1,0,0,224,1187,972.1495535714286,1.0
20262,1.0,1904,2026-01-14T05:20,COMPLETA,2669.229,498.0,498.0,94.0,261.0,1,0.3333333333333333,1,0,0,224,1187,972.1495535714286,1.0
20262,1.0,1905,2026-01-14T05:30,COMPLETA,2569.9266,498.0,498.0,94.0,261.0,1,0.3333333333333333,1,0,0,224,1187,972.1495535714286,1.0
20262,1.0,1906,2026-01-14T05:40,COMPLETA,2641.8032,498.0,498.0,94.0,261.0,1,0.3333333333333333,1,0,0,224,1187,972.1495535714286,1.0
20262,1.0,1907,2026-01-14T05:50,COMPLETA,3109.4806,498.0,498.0,94.0,261.0,1,0.3333333333333333,1,0,0,224,1187,972.1495535714286,1.0
20262,1.0,1908,2026-01-14T06:00,COMPLETA,3623.4322,498.0,498.0,94.0,261.0,1,0.3333333333333333,1,0,0,224,1187,972.1495535714286,1.0
20262,1.0,1909,2026-01-14T06:10,COMPLETA,4603.5278,498.0,498.0,94.0,261.0,1,0.3333333333333333,1,0,0,224,1187,972.1495535714286,1.0
20262,1.0,1910,2026-01-14T06:20,COMPLETA,4823.8191,498.0,498.0,94.0,261.0,1,0.3333333333333333,1,0,0,224,1187,972.1495535714286,1.0
20262,1.0,1911,2026-01-14T06:30,COMPLETA,4407.5901,498.0,498.0,94.0,261.0,1,0.3333333333333333,1,0,0,224,1187,972.1495535714286,1.0
20262,1.0,1912,2026-01-14T06:40,COMPLETA,7709.9959,1232.25,498.0,200.0,540.0,2,0.3125,2,0,0,224,1187,972.1495535714286,1.0
20262,1.0,1913,2026-01-14T06:50,COMPLETA,7934.9809,950.8333333333334,388.0,220.0,690.0,3,0.25,3,0,0,224,1187,972.1495535714286,1.0
20262,1.0,1914,2026-01-14T07:00,COMPLETA,9217.9525,1223.875,388.0,278.0,897.0,4,0.25,4,0,4,224,1187,972.1495535714286,1.0
20262,1.0,1915,2026-01-14T07:10,SIN_DEMANDA,0,,,,,,,0,0,0,224,1187,972.1495535714286,1.0
20262,1.0,1916,2026-01-14T07:20,COMPLETA,2656.996,627.0,627.0,40.0,180.0,1,0.125,1,0,1,224,1187,972.1495535714286,1.0
20262,1.0,1917,2026-01-14T07:30,COMPLETA,2798.7779,369.0,369.0,56.0,204.0,1,0.08333333333333333,1,0,1,224,1187,972.1495535714286,1.0
20262,1.0,1918,2026-01-14T07:40,SIN_DEMANDA,0,,,,,,,0,0,0,224,1187,972.1495535714286,1.0
20262,1.0,1919,2026-01-14T07:50,SIN_DEMANDA,0,,,,,,,0,0,0,224,1187,972.1495535714286,1.0
20262,1.0,1920,2026-01-14T08:00,SIN_DEMANDA,0,,,,,,,0,0,0,224,1187,972.1495535714286,1.0
20262,1.0,1921,2026-01-14T08:10,SIN_DEMANDA,0,,,,,,,0,0,0,224,1187,972.1495535714286,1.0
20262,1.0,1922,2026-01-14T08:20,SIN_DEMANDA,0,,,,,,,0,0,0,225,1190,969.5533333333333,1.0
20262,1.0,1923,2026-01-14T08:30,SIN_DEMANDA,0,,,,,,,0,0,0,225,1190,969.5533333333333,1.0
20262,1.0,1924,2026-01-14T08:40,SIN_DEMANDA,0,,,,,,,0,0,0,225,1190,969.5533333333333,1.0
20262,1.0,1925,2026-01-14T08:50,SIN_DEMANDA,0,,,,,,,0,0,0,226,1193,968.0