semilla,factor_carga,ciclo,instante,estado,Ta_ms,holgura_plan_promedio_min,holgura_plan_minima_min,distancia_plan_km,tiempo_plan_rutas_min,vehiculos_plan,utilizacion_capacidad_plan,pedidos_plan,paquetes_sin_plan,rutas_despachadas,pedidos_entregados_acum,paquetes_entregados_acum,holgura_real_promedio_min,holgura_real_minima_min
20265,1.0,0,2026-02-01T00:00,SIN_DEMANDA,0,,,,,,,0,0,0,0,0,,
20265,1.0,1,2026-02-01T00:10,SIN_DEMANDA,0,,,,,,,0,0,0,0,0,,
20265,1.0,2,2026-02-01T00:20,COMPLETA,4637.5334,629.0,629.0,40.0,180.0,1,0.3333333333333333,1,0,1,0,0,,
20265,1.0,3,2026-02-01T00:30,SIN_DEMANDA,0,,,,,,,0,0,0,0,0,,
20265,1.0,4,2026-02-01T00:40,SIN_DEMANDA,0,,,,,,,0,0,0,0,0,,
20265,1.0,5,2026-02-01T00:50,COMPLETA,2332.7553,118.0,118.0,43.0,184.5,1,0.125,1,0,1,0,0,,
20265,1.0,6,2026-02-01T01:00,SIN_DEMANDA,0,,,,,,,0,0,0,0,0,,
20265,1.0,7,2026-02-01T01:10,SIN_DEMANDA,0,,,,,,,0,0,0,0,0,,
20265,1.0,8,2026-02-01T01:20,SIN_DEMANDA,0,,,,,,,0,0,0,0,0,,
20265,1.0,9,2026-02-01T01:30,SIN_DEMANDA,0,,,,,,,0,0,0,0,0,,
20265,1.0,10,2026-02-01T01:40,COMPLETA,2533.7004,1927.5,1927.5,49.0,503.0,1,0.20833333333333334,1,0,0,0,0,,
20265,1.0,11,2026-02-01T01:50,COMPLETA,2625.166,1927.5,1927.5,49.0,503.0,1,0.20833333333333334,1,0,0,1,8,629.0,629.0
20265,1.0,12,2026-02-01T02:00,COMPLETA,2357.2615,1927.5,1927.5,49.0,503.0,1,0.20833333333333334,1,0,0,1,8,629.0,629.0
20265,1.0,13,2026-02-01T02:10,COMPLETA,2515.5366,1927.5,1927.5,49.0,503.0,1,0.20833333333333334,1,0,0,1,8,629.0,629.0
20265,1.0,14,2026-02-01T02:20,COMPLETA,2193.5842,1927.5,1927.5,49.0,503.0,1,0.20833333333333334,1,0,0,1,8,629.0,629.0
20265,1.0,15,2026-02-01T02:30,COMPLETA,2702.7168,1927.5,1927.5,49.0,503.0,1,0.20833333333333334,1,0,0,1,8,629.0,629.0
20265,1.0,16,2026-02-01T02:40,COMPLETA,3213.4978,1024.5,121.5,112.0,657.5,2,0.16666666666666666,2,0,1,1,8,629.0,629.0
20265,1.0,17,2026-02-01T02:50,COMPLETA,2592.0093,1927.5,1927.5,49.0,133.5,1,0.20833333333333334,1,0,0,2,11,373.5,118.0
20265,1.0,18,2026-02-01T03:00,COMPLETA,2703.449,1927.5,1927.5,49.0,133.5,1,0.20833333333333334,1,0,0,2,11,373.5,118.0
20265,1.0,19,2026-02-01T03:10,COMPLETA,2586.577,1927.5,1927.5,49.0,133.5,1,0.20833333333333334,1,0,0,2,11,373.5,118.0
20265,1.0,20,2026-02-01T03:20,COMPLETA,2515.3456,1927.5,1927.5,49.0,133.5,1,0.20833333333333334,1,0,1,2,11,373.5,118.0
20265,1.0,21,2026-02-01T03:30,SIN_DEMANDA,0,,,,,,,0,0,0,2,11,373.5,118.0
20265,1.0,22,2026-02-01T03:40,SIN_DEMANDA,0,,,,,,,0,0,0,2,11,373.5,118.0
20265,1.0,23,2026-02-01T03:50,SIN_DEMANDA,0,,,,,,,0,0,0,2,11,373.5,118.0
20265,1.0,24,2026-02-01T04:00,SIN_DEMANDA,0,,,,,,,0,0,0,2,11,373.5,118.0
20265,1.0,25,2026-02-01T04:10,SIN_DEMANDA,0,,,,,,,0,0,0,2,11,373.5,118.0
20265,1.0,26,2026-02-01T04:20,COMPLETA,2292.9258,764.5,764.5,82.0,243.0,1,0.2916666666666667,1,0,0,2,11,373.5,118.0
20265,1.0,27,2026-02-01T04:30,COMPLETA,2376.0996,764.5,764.5,82.0,243.0,1,0.2916666666666667,1,0,0,2,11,373.5,118.0
20265,1.0,28,2026-02-01T04:40,COMPLETA,2275.544,764.5,764.5,82.0,243.0,1,0.2916666666666667,1,0,0,3,14,289.5,118.0
20265,1.0,29,2026-02-01T04:50,COMPLETA,3719.8194,1425.0,764.5,96.0,324.0,2,0.22916666666666666,2,0,1,3,14,289.5,118.0
20265,1.0,30,2026-02-01T05:00,COMPLETA,3146.9281,1407.0,764.5,98.0,327.0,2,0.1875,2,0,0,3,14,289.5,118.0
20265,1.0,31,2026-02-01T05:10,COMPLETA,4224.8777,951.5,10.5,136.0,504.0,3,0.2361111111111111,3,0,0,3,14,289.5,118.0
20265,1.0,32,2026-02-01T05:20,COMPLETA,4371.0272,951.5,10.5,136.0,504.0,3,0.2361111111111111,3,0,0,3,14,289.5,118.0
20265,1.0,33,2026-02-01T05:30,COMPLETA,4475.4069,834.25,10.5,207.0,730.5,4,0.21875,4,0,1,4,19,699.0,118.0
20265,1.0,34,2026-02-01T05:40,COMPLETA,3964.202,446.6666666666667,10.5,156.0,594.0,3,0.2638888888888889,3,0,0,4,19,699.0,118.0
20265,1.0,35,2026-02-01T05:50,COMPLETA,3969.7181,446.6666666666667,10.5,156.0,594.0,3,0.2638888888888889,3,0,0,4,19,699.0,118.0
20265,1.0,36,2026-02-01T06:00,COMPLETA,4056.3369,345.5,10.5,221.0,811.5,4,0.21875,4,0,0,4,19,699.0,118.0
20265,1.0,37,2026-02-01T06:10,COMPLETA,3620.4284,345.5,10.5,221.0,811.5,4,0.21875,4,0,0,5,23,976.3,118.0
20265,1.0,38,2026-02-01T06:20,COMPLETA,3921.9182,345.5,10.5,221.0,811.5,4,0.21875,4,0,0,5,23,976.3,118.0
20265,1.0,39,2026-02-01T06:30,COMPLETA,4111.1463,345.5,10.5,221.0,811.5,4,0.21875,4,0,0,5,23,976.3,118.0
20265,1.0,40,2026-02-01T06:40,COMPLETA,3961.4921,345.5,10.5,221.0,811.5,4,0.21875,4,0,0,5,23,976.3,118.0
20265,1.0,41,2026-02-01T06:50,COMPLETA,3723.5637,345.5,10.5,221.0,811.5,4,0.21875,4,0,0,6,25,1155.1666666666667,118.0
20265,1.0,42,2026-02-01T07:00,COMPLETA,4051.8302,345.5,10.5,221.0,811.5,4,0.21875,4,0,4,6,25,1155.1666666666667,118.0
20265,1.0,43,2026-02-01T07:10,SIN_DEMANDA,0,,,,,,,0,0,0,6,25,1155.1666666666667,118.0
20265,1.0,44,2026-02-01T07:20,SIN_DEMANDA,0,,,,,,,0,0,0,6,25,1155.1666666666667,118.0
20265,1.0,45,2026-02-01T07:30,SIN_DEMANDA,0,,,,,,,0,0,0,6,25,1155.1666666666667,118.0
20265,1.0,46,2026-02-01T07:40,SIN_DEMANDA,0,,,,,,,0,0,0,6,25,1155.1666666666667,118.0
20265,1.0,47,2026-02-01T07:50,COMPLETA,1707.8408,340.0,340.0,65.0,217.5,1,0.041666666666666664,1,0,1,6,25,1155.1666666666667,118.0
20265,1.0,48,2026-02-01T08:00,SIN_DEMANDA,0,,,,,,,0,0,0,6,25,1155.1666666666667,118.0
20265,1.0,49,2026-02-01T08:10,COMPLETA,2320.7577,75.0,75.0,12.0,138.0,1,0.3333333333333333,1,0,0,6,25,1155.1666666666667,118.0
20265,1.0,50,2026-02-01T08:20,COMPLETA,3013.5919,1038.25,75.0,99.0,388.5,2,0.22916666666666666,2,0,1,6,25,1155.1666666666667,118.0
20265,1.0,51,2026-02-01T08:30,COMPLETA,2099.4887,75.0,75.0,12.0,138.0,1,0.3333333333333333,1,0,0,7,27,1003.6428571428571,94.5
20265,1.0,52,2026-02-01T08:40,COMPLETA,1965.007,75.0,75.0,12.0,138.0,1,0.3333333333333333,1,0,0,7,27,1003.6428571428571,94.5
20265,1.0,53,2026-02-01T08:50,COMPLETA,2193.6761,75.0,75.0,12.0,138.0,1,0.3333333333333333,1,0,0,7,27,1003.6428571428571,94.5
20265,1.0,54,2026-02-01T09:00,COMPLETA,2989.3568,1077.25,75.0,30.0,225.0,2,0.20833333333333334,2,0,1,9,42,870.0555555555555,10.5
20265,1.0,55,2026-02-01T09:10,COMPLETA,3554.626,443.75,75.0,100.0,391.0,2,0.2708333333333333,2,0,0,9,42,870.0555555555555,10.5
20265,1.0,56,2026-02-01T09:20,COMPLETA,3518.1078,443.75,75.0,100.0,391.0,2,0.2708333333333333,2,0,0,10,46,831.3,10.5
20265,1.0,57,2026-02-01T09:30,COMPLETA,3755.6055,443.75,75.0,100.0,331.0,2,0.2708333333333333,2,0,0,10,46,831.3,10.5
20265,1.0,58,2026-02-01T09:40,COMPLETA,3787.4806,443.75,75.0,100.0,331.0,2,0.2708333333333333,2,0,1,10,46,831.3,10.5
20265,1.0,59,2026-02-01T09:50,COMPLETA,1946.0389,812.5,812.5,88.0,253.0,1,0.20833333333333334,1,0,0,10,46,831.3,10.5
20265,1.0,60,2026-02-01T10:00,COMPLETA,1960.7543,812.5,812.5,88.0,193.0,1,0.20833333333333334,1,0,0,10,46,831.3,10.5
20265,1.0,61,2026-02-01T10:10,COMPLETA,2091.086,812.5,812.5,88.0,193.0,1,0.20833333333333334,1,0,0,11,47,786.6363636363636,10.5
20265,1.0,62,2026-02-01T10:20,COMPLETA,2871.7437,1444.25,831.5,36.0,174.0,1,0.375,2,0,0,12,49,894.375,10.5
20265,1.0,63,2026-02-01T10:30,COMPLETA,3496.6249,1444.25,831.5,36.0,174.0,1,0.375,2,0,1,12,49,894.375,10.5
20265,1.0,64,2026-02-01T10:40,SIN_DEMANDA,0,,,,,,,0,0,0,12,49,894.375,10.5
20265,1.0,65,2026-02-01T10:50,SIN_DEMANDA,0,,,,,,,0,0,0,12,49,894.375,10.5
20265,1.0,66,2026-02-01T11:00,SIN_DEMANDA,0,,,,,,,0,0,0,14,60,914.9285714285714,10.5
20265,1.0,67,2026-02-01T11:10,COMPLETA,1735.5779,409.0,409.0,12.0,78.0,1,0.125,1,0,1,14,60,914.9285714285714,10.5
20265,1.0,68,2026-02-01T11:20,SIN_DEMANDA,0,,,,,,,0,0,0,14,60,914.9285714285714,10.5
20265,1.0,69,2026-02-01T11:30,COMPLETA,2885.0677,742.0,742.0,41.0,181.5,1,0.375,1,0,0,14,60,914.9285714285714,10.5
20265,1.0,70,2026-02-01T11:40,COMPLETA,2874.2057,742.0,742.0,41.0,181.5,1,0.375,1,0,0,14,60,914.9285714285714,10.5
20265,1.0,71,2026-02-01T11:50,COMPLETA,3224.2209,742.0,742.0,41.0,181.5,1,0.375,1,0,0,14,60,914.9285714285714,10.5
20265,1.0,72,2026-02-01T12:00,COMPLETA,2845.0456,742.0,742.0,41.0,181.5,1,0.375,1,0,0,15,64,991.0666666666667,10.5
20265,1.0,73,2026-02-01T12:10,COMPLETA,3217.214,742.0,742.0,41.0,181.5,1,0.375,1,0,0,15,64,991.0666666666667,10.5
20265,1.0,74,2026-02-01T12:20,COMPLETA,3227.4239,742.0,742.0,41.0,181.5,1,0.375,1,0,0,16,67,954.6875,10.5
20265,1.0,75,2026-02-01T12:30,COMPLETA,2964.3606,742.0,742.0,41.0,181.5,1,0.375,1,0,0,16,67,954.6875,10.5
20265,1.0,76,2026-02-01T12:40,COMPLETA,2971.5852,742.0,742.0,41.0,181.5,1,0.375,1,0,0,16,67,954.6875,10.5
20265,1.0,77,2026-02-01T12:50,COMPLETA,2696.1336,742.0,742.0,41.0,181.5,1,0.375,1,0,0,16,67,954.6875,10.5
20265,1.0,78,2026-02-01T13:00,COMPLETA,2963.434,742.0,742.0,41.0,181.5,1,0.375,1,0,0,16,67,954.6875,10.5
20265,1.0,79,2026-02-01T13:10,COMPLETA,3029.2326,742.0,742.0,41.0,181.5,1,0.375,1,0,0,16,67,954.6875,10.5
20265,1.0,80,2026-02-01T13:20,COMPLETA,2718.4853,742.0,742.0,41.0,181.5,1,0.375,1,0,0,17,72,947.4411764705883,10.5
20265,1.0,81,2026-02-01T13:30,COMPLETA,3814.817,570.5,399.0,92.0,318.0,1,0.6666666666666666,2,0,0,17,72,947.4411764705883,10.5
20265,1.0,82,2026-02-01T13:40,COMPLETA,3564.1878,570.5,399.0,92.0,318.0,1,0.6666666666666666,2,0,0,17,72,947.4411764705883,10.5
20265,1.0,83,2026-02-01T13:50,COMPLETA,3685.2148,570.5,399.0,92.0,318.0,1,0.6666666666666666,2,0,0,17,72,947.4411764705883,10.5
20265,1.0,84,2026-02-01T14:00,COMPLETA,4124.4176,567.8333333333334,399.0,130.0,495.0,2,0.3541666666666667,3,0,0,17,72,947.4411764705883,10.5
20265,1.0,85,2026-02-01T14:10,COMPLETA,3943.0229,567.8333333333334,399.0,130.0,495.0,2,0.3541666666666667,3,0,0,17,72,947.4411764705883,10.5
20265,1.0,86,2026-02-01T14:20,COMPLETA,4022.6512,567.8333333333334,399.0,130.0,495.0,2,0.3541666666666667,3,0,0,17,72,947.4411764705883,10.5
20265,1.0,87,2026-02-01T14:30,COMPLETA,3950.6258,567.8333333333334,399.0,130.0,495.0,2,0.3541666666666667,3,0,0,17,72,947.4411764705883,10.5
20265,1.0,88,2026-02-01T14:40,COMPLETA,4118.1508,567.8333333333334,399.0,130.0,495.0,2,0.3541666666666667,3,0,0,17,72,947.4411764705883,10.5
20265,1.0,89,2026-02-01T14:50,COMPLETA,3937.7089,567.8333333333334,399.0,130.0,495.0,2,0.3541666666666667,3,0,0,17,72,947.4411764705883,10.5
20265,1.0,90,2026-02-01T15:00,COMPLETA,3828.0747,567.8333333333334,399.0,130.0,495.0,2,0.3541666666666667,3,0,2,17,72,947.4411764705883,10.5
20265,1.0,91,2026-02-01T15:10,SIN_DEMANDA,0,,,,,,,0,0,0,17,72,947.4411764705883,10.5
20265,1.0,92,2026-02-01T15:20,COMPLETA,3462.154,60.5,38.5,183.0,514.5,2,0.3125,2,0,2,17,72,947.4411764705883,10.5
20265,1.0,93,2026-02-01T15:30,SIN_DEMANDA,0,,,,,,,0,0,0,17,72,947.4411764705883,10.5
20265,1.0,94,2026-02-01T15:40,SIN_DEMANDA,0,,,,,,,0,0,0,17,72,947.4411764705883,10.5
20265,1.0,95,2026-02-01T15:50,SIN_DEMANDA,0,,,,,,,0,0,0,17,72,947.4411764705883,10.5
20265,1.0,96,2026-02-01T16:00,SIN_DEMANDA,0,,,,,,,0,0,0,17,72,947.4411764705883,10.5
20265,1.0,97,2026-02-01T16:10,SIN_DEMANDA,0,,,,,,,0,0,0,17,72,947.4411764705883,10.5
20265,1.0,98,2026-02-01T16:20,SIN_DEMANDA,0,,,,,,,0,0,0,17,72,947.4411764705883,10.5
20265,1.0,99,2026-02-01T16:30,COMPLETA,2549.1261,547.0,547.0,71.0,226.5,1,0.20833333333333334,1,0,0,18,73,926.0555555555555,10.5
20265,1.0,100,2026-02-01T16:40,COMPLETA,2578.342,547.0,547.0,71.0,226.5,1,0.20833333333333334,1,0,0,18,73,926.0555555555555,10.5
20265,1.0,101,2026-02-01T16:50,COMPLETA,2426.7981,547.0,547.0,71.0,226.5,1,0.20833333333333334,1,0,0,18,73,926.0555555555555,10.5
20265,1.0,102,2026-02-01T17:00,COMPLETA,2504.1371,547.0,547.0,71.0,226.5,1,0.20833333333333334,1,0,0,19,82,916.3684210526316,10.5
20265,1.0,103,2026-02-01T17:10,COMPLETA,3895.9151,1038.75,547.0,126.0,369.0,1,0.4583333333333333,2,0,0,19,82,916.3684210526316,10.5
20265,1.0,104,2026-02-01T17:20,COMPLETA,3621.6301,1038.75,547.0,126.0,369.0,1,0.4583333333333333,2,0,0,19,82,916.3684210526316,10.5
20265,1.0,105,2026-02-01T17:30,COMPLETA,4040.7073,1038.75,547.0,126.0,369.0,1,0.4583333333333333,2,0,0,19,82,916.3684210526316,10.5
20265,1.0,106,2026-02-01T17:40,COMPLETA,4315.0667,1303.8333333333333,743.0,207.0,610.5,2,0.3958333333333333,3,0,0,19,82,916.3684210526316,10.5
20265,1.0,107,2026-02-01T17:50,COMPLETA,4326.9803,1303.8333333333333,743.0,207.0,610.5,2,0.3958333333333333,3,0,0,19,82,916.3684210526316,10.5
20265,1.0,108,2026-02-01T18:00,COMPLETA,4572.4618,1303.8333333333333,743.0,207.0,610.5,2,0.3958333333333333,3,0,0,20,90,874.675,10.5
20265,1.0,109,2026-02-01T18:10,COMPLETA,4432.9607,1303.8333333333333,743.0,207.0,610.5,2,0.3958333333333333,3,0,0,20,90,874.675,10.5
20265,1.0,110,2026-02-01T18:20,COMPLETA,4566.8398,1303.8333333333333,743.0,207.0,610.5,2,0.3958333333333333,3,0,0,20,90,874.675,10.5
20265,1.0,111,2026-02-01T18:30,COMPLETA,4327.7495,1303.8333333333333,743.0,207.0,610.5,2,0.3958333333333333,3,0,0,20,90,874.675,10.5
20265,1.0,112,2026-02-01T18:40,COMPLETA,4336.3197,1303.8333333333333,743.0,207.0,610.5,2,0.3958333333333333,3,0,0,21,97,834.8571428571429,10.5
20265,1.0,113,2026-02-01T18:50,COMPLETA,4244.1534,1303.8333333333333,743.0,207.0,610.5,2,0.3958333333333333,3,0,0,22,104,815.0454545454545,10.5
20265,1.0,114,2026-02-01T19:00,COMPLETA,4138.7974,1303.8333333333333,743.0,207.0,610.5,2,0.3958333333333333,3,0,0,22,104,815.0454545454545,10.5
20265,1.0,115,2026-02-01T19:10,COMPLETA,4817.7328,1078.375,402.0,219.0,796.5,3,0.3055555555555556,4,0,1,22,104,815.0454545454545,10.5
20265,1.0,116,2026-02-01T19:20,COMPLETA,5241.1523,1118.5,192.5,268.0,762.0,3,0.3472222222222222,4,0,0,22,104,815.0454545454545,10.5
20265,1.0,117,2026-02-01T19:30,COMPLETA,5082.5585,1118.5,192.5,268.0,762.0,3,0.3472222222222222,4,0,1,22,104,815.0454545454545,10.5
20265,1.0,118,2026-02-01T19:40,COMPLETA,4687.2441,877.8333333333334,222.5,217.0,565.5,2,0.3958333333333333,3,0,1,22,104,815.0454545454545,10.5
20265,1.0,119,2026-02-01T19:50,COMPLETA,3772.8045,517.25,325.5,122.0,363.0,2,0.22916666666666666,2,0,0,22,104,815.0454545454545,10.5
20265,1.0,120,2026-02-01T20:00,COMPLETA,4511.6254,440.8333333333333,229.5,146.0,459.0,2,0.3333333333333333,3,0,0,22,104,815.0454545454545,10.5
20265,1.0,121,2026-02-01T20:10,COMPLETA,4782.6805,440.8333333333333,229.5,146.0,459.0,2,0.3333333333333333,3,0,1,22,104,815.0454545454545,10.5
20265,1.0,122,2026-02-01T20:20,COMPLETA,4087.0227,334.25,257.0,85.0,307.5,1,0.4583333333333333,2,0,0,23,107,797.0869565217391,10.5
20265,1.0,123,2026-02-01T20:30,COMPLETA,4421.3666,334.25,257.0,85.0,307.5,1,0.4583333333333333,2,0,0,23,107,797.0869565217391,10.5
20265,1.0,124,2026-02-01T20:40,COMPLETA,3755.8258,334.25,257.0,85.0,307.5,1,0.4583333333333333,2,0,0,23,107,797.0869565217391,10.5
20265,1.0,125,2026-02-01T20:50,COMPLETA,3679.8692,334.25,257.0,85.0,307.5,1,0.4583333333333333,2,0,0,23,107,797.0869565217391,10.5
20265,1.0,126,2026-02-01T21:00,COMPLETA,3974.0336,334.25,257.0,85.0,307.5,1,0.4583333333333333,2,0,0,23,107,797.0869565217391,10.5
20265,1.0,127,2026-02-01T21:10,COMPLETA,4223.0145,334.25,257.0,85.0,307.5,1,0.4583333333333333,2,0,0,23,107,797.0869565217391,10.5
20265,1.0,128,2026-02-01T21:20,COMPLETA,4534.2705,334.25,257.0,85.0,307.5,1,0.4583333333333333,2,0,0,23,107,797.0869565217391,10.5
20265,1.0,129,2026-02-01T21:30,COMPLETA,5139.6806,250.16666666666666,82.0,101.0,391.5,1,0.7916666666666666,3,0,0,23,107,797.0869565217391,10.5
20265,1.0,130,2026-02-01T21:40,COMPLETA,5104.3429,686.5,79.0,164.0,606.0,2,0.4583333333333333,4,0,0,23,107,797.0869565217391,10.5
20265,1.0,131,2026-02-01T21:50,COMPLETA,4956.4065,686.5,79.0,164.0,606.0,2,0.4583333333333333,4,0,0,23,107,797.0869565217391,10.5
20265,1.0,132,2026-02-01T22:00,COMPLETA,5843.2797,686.5,79.0,164.0,606.0,2,0.4583333333333333,4,0,0,24,113,841.8125,10.5
20265,1.0,133,2026-02-01T22:10,COMPLETA,5785.0986,686.5,79.0,164.0,606.0,2,0.4583333333333333,4,0,0,24,113,841.8125,10.5
20265,1.0,134,2026-02-01T22:20,COMPLETA,4995.4896,686.5,79.0,164.0,606.0,2,0.4583333333333333,4,0,0,24,113,841.8125,10.5
20265,1.0,135,2026-02-01T22:30,COMPLETA,5250.9639,686.5,79.0,164.0,606.0,2,0.4583333333333333,4,0,0,24,113,841.8125,10.5
20265,1.0,136,2026-02-01T22:40,COMPLETA,4704.3098,686.5,79.0,164.0,606.0,2,0.4583333333333333,4,0,0,26,126,876.0192307692307,10.5
20265,1.0,137,2026-02-01T22:50,COMPLETA,4713.9629,686.5,79.0,164.0,606.0,2,0.4583333333333333,4,0,0,26,126,876.0192307692307,10.5
20265,1.0,138,2026-02-01T23:00,COMPLETA,4302.6416,686.5,79.0,164.0,606.0,2,0.4583333333333333,4,0,1,26,126,876.0192307692307,10.5
20265,1.0,139,2026-02-01T23:10,COMPLETA,2216.2684,325.5,325.5,61.0,211.5,1,0.25,1,0,0,26,126,876.0192307692307,10.5
20265,1.0,140,2026-02-01T23:20,COMPLETA,2081.3146,325.5,325.5,61.0,211.5,1,0.25,1,0,1,26,126,876.0192307692307,10.5
20265,1.0,141,2026-02-01T23:30,SIN_DEMANDA,0,,,,,,,0,0,0,26,126,876.0192307692307,10.5
20265,1.0,142,2026-02-01T23:40,COMPLETA,1970.2589,2053.0,2053.0,57.0,205.5,1,0.16666666666666666,1,0,1,26,126,876.0192307692307,10.5
20265,1.0,143,2026-02-01T23:50,SIN_DEMANDA,0,,,,,,,0,0,0,26,126,876.0192307692307,10.5
20265,1.0,144,2026-02-02T00:00,COMPLETA,1777.7367,2065.0,2065.0,40.0,180.0,1,0.125,1,0,1,26,126,876.0192307692307,10.5
20265,1.0,145,2026-02-02T00:10,SIN_DEMANDA,0,,,,,,,0,0,0,26,126,876.0192307692307,10.5
20265,1.0,146,2026-02-02T00:20,COMPLETA,4987.6481,1581.5,1581.5,88.0,252.0,1,0.4166666666666667,1,0,0,26,126,876.0192307692307,10.5
20265,1.0,147,2026-02-02T00:30,COMPLETA,3840.5747,1581.5,1581.5,88.0,252.0,1,0.4166666666666667,1,0,0,27,129,917.3888888888889,10.5
20265,1.0,148,2026-02-02T00:40,COMPLETA,3382.2924,1581.5,1581.5,88.0,252.0,1,0.4166666666666667,1,0,0,27,129,917.3888888888889,10.5
20265,1.0,149,2026-02-02T00:50,COMPLETA,4058.3875,842.0,183.5,102.0,333.0,1,0.7916666666666666,2,0,0,27,129,917.3888888888889,10.5
20265,1.0,150,2026-02-02T01:00,COMPLETA,4216.7041,842.0,183.5,102.0,333.0,1,0.7916666666666666,2,0,0,27,129,917.3888888888889,10.5
20265,1.0,151,2026-02-02T01:10,COMPLETA,4410.9527,763.8333333333334,183.5,164.0,486.0,2,0.4375,3,0,1,27,129,917.3888888888889,10.5
20265,1.0,152,2026-02-02T01:20,COMPLETA,3744.6083,842.0,183.5,102.0,333.0,1,0.7916666666666666,2,0,0,28,133,957.9464285714286,10.5
20265,1.0,153,2026-02-02T01:30,COMPLETA,4051.09,842.0,183.5,102.0,333.0,1,0.7916666666666666,2,0,0,29,136,996.1206896551724,10.5
20265,1.0,154,2026-02-02T01:40,COMPLETA,3744.0979,842.0,183.5,102.0,333.0,1,0.7916666666666666,2,0,0,29,136,996.1206896551724,10.5
20265,1.0,155,2026-02-02T01:50,COMPLETA,4106.1479,842.0,183.5,102.0,333.0,1,0.7916666666666666,2,0,0,30,142,973.7666666666667,10.5
20265,1.0,156,2026-02-02T02:00,COMPLETA,3759.0184,842.0,183.5,102.0,333.0,1,0.7916666666666666,2,0,0,30,142,973.7666666666667,10.5
20265,1.0,157,2026-02-02T02:10,COMPLETA,3932.7252,842.0,183.5,102.0,333.0,1,0.7916666666666666,2,0,0,31,147,953.5967741935484,10.5
20265,1.0,158,2026-02-02T02:20,COMPLETA,3546.4127,842.0,183.5,102.0,333.0,1,0.7916666666666666,2,0,0,31,147,953.5967741935484,10.5
20265,1.0,159,2026-02-02T02:30,COMPLETA,3785.745,842.0,183.5,102.0,333.0,1,0.7916666666666666,2,0,0,31,147,953.5967741935484,10.5
20265,1.0,160,2026-02-02T02:40,COMPLETA,3819.5131,842.0,183.5,102.0,333.0,1,0.7916666666666666,2,0,0,31,147,953.5967741935484,10.5
20265,1.0,161,2026-02-02T02:50,COMPLETA,3770.1496,842.0,183.5,102.0,333.0,1,0.7916666666666666,2,0,0,31,147,953.5967741935484,10.5
20265,1.0,162,2026-02-02T03:00,COMPLETA,4217.5735,842.0,183.5,102.0,333.0,1,0.7916666666666666,2,0,0,32,149,942.78125,10.5
20265,1.0,163,2026-02-02T03:10,COMPLETA,3697.9376,842.0,183.5,102.0,333.0,1,0.7916666666666666,2,0,0,32,149,942.78125,10.5
20265,1.0,164,2026-02-02T03:20,COMPLETA,4395.6647,842.0,183.5,102.0,333.0,1,0.7916666666666666,2,0,0,32,149,942.78125,10.5
20265,1.0,165,2026-02-02T03:30,COMPLETA,4230.8338,1220.6666666666667,390.5,192.0,528.0,2,0.5,3,0,1,32,149,942.78125,10.5
20265,1.0,166,2026-02-02T03:40,COMPLETA,4221.6105,1635.75,1491.5,108.0,342.0,1,0.625,2,0,0,32,149,942.78125,10.5
20265,1.0,167,2026-02-02T03:50,COMPLETA,3531.5112,1635.75,1491.5,108.0,342.0,1,0.625,2,0,0,32,149,942.78125,10.5
20265,1.0,168,2026-02-02T04:00,COMPLETA,3585.5638,1635.75,1491.5,108.0,342.0,1,0.625,2,0,0,32,149,942.78125,10.5
20265,1.0,169,2026-02-02T04:10,COMPLETA,3712.555,1635.75,1491.5,108.0,342.0,1,0.625,2,0,0,33,157,916.6060606060606,10.5
20265,1.0,170,2026-02-02T04:20,COMPLETA,3406.4311,1635.75,1491.5,108.0,342.0,1,0.625,2,0,0,33,157,916.6060606060606,10.5
20265,1.0,171,2026-02-02T04:30,COMPLETA,4186.5296,1635.75,1491.5,108.0,342.0,1,0.625,2,0,0,33,157,916.6060606060606,10.5
20265,1.0,172,2026-02-02T04:40,COMPLETA,4514.9337,1635.75,1491.5,108.0,342.0,1,0.625,2,0,0,33,157,916.6060606060606,10.5
20265,1.0,173,2026-02-02T04:50,COMPLETA,4214.0132,1635.75,1491.5,108.0,342.0,1,0.625,2,0,0,33,157,916.6060606060606,10.5
20265,1.0,174,2026-02-02T05:00,COMPLETA,4442.54,900.5,121.5,246.0,729.0,3,0.375,4,0,1,33,157,916.6060606060606,10.5
20265,1.0,175,2026-02-02T05:10,COMPLETA,4135.2439,1152.1666666666667,185.0,221.0,631.5,2,0.4166666666666667,3,0,0,33,157,916.6060606060606,10.5
20265,1.0,176,2026-02-02T05:20,COMPLETA,3957.011,1152.1666666666667,185.0,221.0,631.5,2,0.4166666666666667,3,0,0,33,157,916.6060606060606,10.5
20265,1.0,177,2026-02-02T05:30,COMPLETA,4293.3184,1297.125,179.0,272.0,768.0,2,0.5416666666666666,4,0,0,33,157,916.6060606060606,10.5
20265,1.0,178,2026-02-02T05:40,COMPLETA,4696.7415,1297.125,179.0,272.0,768.0,2,0.5416666666666666,4,0,0,33,157,916.6060606060606,10.5
20265,1.0,179,2026-02-02T05:50,COMPLETA,4532.1267,1297.125,179.0,272.0,768.0,2,0.5416666666666666,4,0,0,33,157,916.6060606060606,10.5
20265,1.0,180,2026-02-02T06:00,COMPLETA,4310.9149,1297.125,179.0,272.0,768.0,2,0.5416666666666666,4,0,0,33,157,916.6060606060606,10.5
20265,1.0,181,2026-02-02T06:10,COMPLETA,4615.3229,1297.125,179.0,272.0,768.0,2,0.5416666666666666,4,0,0,33,157,916.6060606060606,10.5
20265,1.0,182,2026-02-02T06:20,COMPLETA,4258.4596,1297.125,179.0,272.0,768.0,2,0.5416666666666666,4,0,0,34,166,901.1323529411765,10.5
20265,1.0,183,2026-02-02T06:30,COMPLETA,4507.6388,1159.6,50.0,337.0,985.5,3,0.3888888888888889,5,0,0,34,166,901.1323529411765,10.5
20265,1.0,184,2026-02-02T06:40,COMPLETA,4208.5876,1159.6,50.0,337.0,985.5,3,0.3888888888888889,5,0,0,34,166,901.1323529411765,10.5
20265,1.0,185,2026-02-02T06:50,COMPLETA,4062.8694,1159.6,50.0,337.0,985.5,3,0.3888888888888889,5,0,0,34,166,901.1323529411765,10.5
20265,1.0,186,2026-02-02T07:00,COMPLETA,4056.3585,1159.6,50.0,337.0,985.5,3,0.3888888888888889,5,0,3,35,173,878.8571428571429,10.5
20265,1.0,187,2026-02-02T07:10,SIN_DEMANDA,0,,,,,,,0,0,0,35,173,878.8571428571429,10.5
20265,1.0,188,2026-02-02T07:20,SIN_DEMANDA,0,,,,,,,0,0,0,35,173,878.8571428571429,10.5
20265,1.0,189,2026-02-02T07:30,SIN_DEMANDA,0,,,,,,,0,0,0,35,173,878.8571428571429,10.5
20265,1.0,190,2026-02-02T07:40,SIN_DEMANDA,0,,,,,,,0,0,0,35,173,878.8571428571429,10.5
20265,1.0,191,2026-02-02T07:50,SIN_DEMANDA,0,,,,,,,0,0,0,35,173,878.8571428571429,10.5
20265,1.0,192,2026-02-02T08:00,SIN_DEMANDA,0,,,,,,,0,0,0,35,173,878.8571428571429,10.5
20265,1.0,193,2026-02-02T08:10,SIN_DEMANDA,0,,,,,,,0,0,0,35,173,878.8571428571429,10.5
20265,1.0,194,2026-02-02T08:20,SIN_DEMANDA,0,,,,,,,0,0,0,35,173,878.8571428571429,10.5
20265,1.0,195,2026-02-02T08:30,SIN_DEMANDA,0,,,,,,,0,0,0,35,173,878.8571428571429,10.5
20265,1.0,196,2026-02-02T08:40,SIN_DEMANDA,0,,,,,,,0,0,0,36,175,870.9583333333334,10.5
20265,1.0,197,2026-02-02T08:50,SIN_DEMANDA,0,,,,,,,0,0,0,36,175,870.9583333333334,10.5
20265,1.0,198,2026-02-02T09:00,SIN_DEMANDA,0,,,,,,,0,0,0,36,175,870.9583333333334,10.5
20265,1.0,199,2026-02-02T09:10,SIN_DEMANDA,0,,,,,,,0,0,0,36,175,870.9583333333334,10.5
20265,1.0,200,2026-02-02T09:20,SIN_DEMANDA,0,,,,,,,0,0,0,36,175,870.9583333333334,10.5
20265,1.0,201,2026-02-02T09:30,SIN_DEMANDA,0,,,,,,,0,0,0,36,175,870.9583333333334,10.5
20265,1.0,202,2026-02-02T09:40,SIN_DEMANDA,0,,,,,,,0,0,0,37,180,895.6891891891892,10.5
20265,1.0,203,2026-02-02T09:50,SIN_DEMANDA,0,,,,,,,0,0,0,37,180,895.6891891891892,10.5
20265,1.0,204,2026-02-02T10:00,SIN_DEMANDA,0,,,,,,,0,0,0,38,190,913.7368421052631,10.5
20265,1.0,205,2026-02-02T10:10,SIN_DEMANDA,0,,,,,,,0,0,0,38,190,913.7368421052631,10.5
20265,1.0,206,2026-02-02T10:20,COMPLETA,2278.5154,35.0,35.0,102.0,273.0,1,0.3333333333333333,1,0,0,38,190,913.7368421052631,10.5
20265,1.0,207,2026-02-02T10:30,COMPLETA,2081.3624,35.0,35.0,102.0,273.0,1,0.3333333333333333,1,0,0,38,190,913.7368421052631,10.5
20265,1.0,208,2026-02-02T10:40,COMPLETA,1863.4825,35.0,35.0,102.0,273.0,1,0.3333333333333333,1,0,0,38,190,913.7368421052631,10.5
20265,1.0,209,2026-02-02T10:50,COMPLETA,3448.0069,380.75,21.5,139.0,448.5,2,0.3541666666666667,2,0,0,38,190,913.7368421052631,10.5
20265,1.0,210,2026-02-02T11:00,COMPLETA,4059.4076,925.0,197.0,202.0,603.0,3,0.3472222222222222,3,0,1,38,190,913.7368421052631,10.5
20265,1.0,211,2026-02-02T11:10,COMPLETA,4017.0099,1190.75,602.0,80.0,300.0,1,0.7083333333333334,2,0,0,38,190,913.7368421052631,10.5
20265,1.0,212,2026-02-02T11:20,COMPLETA,4028.9939,1190.75,602.0,80.0,300.0,1,0.7083333333333334,2,0,0,38,190,913.7368421052631,10.5
20265,1.0,213,2026-02-02T11:30,COMPLETA,4193.912,1190.75,602.0,80.0,300.0,1,0.7083333333333334,2,0,0,38,190,913.7368421052631,10.5
20265,1.0,214,2026-02-02T11:40,COMPLETA,3879.3682,1056.6666666666667,584.0,112.0,468.0,2,0.5416666666666666,3,0,0,38,190,913.7368421052631,10.5
20265,1.0,215,2026-02-02T11:50,COMPLETA,4807.6834,1056.6666666666667,584.0,112.0,468.0,2,0.5416666666666666,3,0,0,39,196,936.1025641025641,10.5
20265,1.0,216,2026-02-02T12:00,COMPLETA,4425.3057,1056.6666666666667,584.0,112.0,468.0,2,0.5416666666666666,3,0,0,39,196,936.1025641025641,10.5
20265,1.0,217,2026-02-02T12:10,COMPLETA,4297.908,1056.6666666666667,584.0,112.0,468.0,2,0.5416666666666666,3,0,0,40,201,913.95,10.5
20265,1.0,218,2026-02-02T12:20,COMPLETA,4240.2901,1056.6666666666667,584.0,112.0,468.0,2,0.5416666666666666,3,0,0,40,201,913.95,10.5
20265,1.0,219,2026-02-02T12:30,COMPLETA,4223.1221,1056.6666666666667,584.0,112.0,468.0,2,0.5416666666666666,3,0,0,40,201,913.95,10.5
20265,1.0,220,2026-02-02T12:40,COMPLETA,4093.085,1056.6666666666667,584.0,112.0,468.0,2,0.5416666666666666,3,0,0,40,201,913.95,10.5
20265,1.0,221,2026-02-02T12:50,COMPLETA,4187.2807,1056.6666666666667,584.0,112.0,468.0,2,0.5416666666666666,3,0,0,40,201,913.95,10.5
20265,1.0,222,2026-02-02T13:00,COMPLETA,4591.6723,1056.6666666666667,584.0,112.0,468.0,2,0.5416666666666666,3,0,0,40,201,913.95,10.5
20265,1.0,223,2026-02-02T13:10,COMPLETA,4540.9039,1056.6666666666667,584.0,112.0,468.0,2,0.5416666666666666,3,0,0,40,201,913.95,10.5
20265,1.0,224,2026-02-02T13:20,COMPLETA,4281.1611,1056.6666666666667,584.0,112.0,468.0,2,0.5416666666666666,3,0,0,40,201,913.95,10.5
20265,1.0,225,2026-02-02T13:30,COMPLETA,4538.7526,1056.6666666666667,584.0,112.0,468.0,2,0.5416666666666666,3,0,0,40,201,913.95,10.5
20265,1.0,226,2026-02-02T13:40,COMPLETA,4179.6208,1056.6666666666667,584.0,112.0,468.0,2,0.5416666666666666,3,0,0,40,201,913.95,10.5
20265,1.0,227,2026-02-02T13:50,COMPLETA,4202.5695,1056.6666666666667,584.0,112.0,468.0,2,0.5416666666666666,3,0,0,40,201,913.95,10.5
20265,1.0,228,2026-02-02T14:00,COMPLETA,4508.2241,1056.6666666666667,584.0,112.0,468.0,2,0.5416666666666666,3,0,0,40,201,913.95,10.5
20265,1.0,229,2026-02-02T14:10,COMPLETA,5342.1151,1240.875,613.0,179.0,628.5,2,0.75,4,0,0,40,201,913.95,10.5
20265,1.0,230,2026-02-02T14:20,COMPLETA,4944.9226,1240.875,613.0,179.0,628.5,2,0.75,4,0,0,40,201,913.95,10.5
20265,1.0,231,2026-02-02T14:30,COMPLETA,5054.0813,1240.875,613.0,179.0,628.5,2,0.75,4,0,0,40,201,913.95,10.5
20265,1.0,232,2026-02-02T14:40,COMPLETA,5115.8709,1240.875,613.0,179.0,628.5,2,0.75,4,0,0,40,201,913.95,10.5
20265,1.0,233,2026-02-02T14:50,COMPLETA,5474.9757,1240.875,613.0,179.0,628.5,2,0.75,4,0,0,40,201,913.95,10.5
20265,1.0,234,2026-02-02T15:00,COMPLETA,5822.1936,1417.6,613.0,213.0,799.5,3,0.5277777777777778,5,0,3,41,209,896.4634146341464,10.5
20265,1.0,235,2026-02-02T15:10,SIN_DEMANDA,0,,,,,,,0,0,0,41,209,896.4634146341464,10.5
20265,1.0,236,2026-02-02T15:20,SIN_DEMANDA,0,,,,,,,0,0,0,41,209,896.4634146341464,10.5
20265,1.0,237,2026-02-02T15:30,SIN_DEMANDA,0,,,,,,,0,0,0,41,209,896.4634146341464,10.5
20265,1.0,238,2026-02-02T15:40,SIN_DEMANDA,0,,,,,,,0,0,0,41,209,896.4634146341464,10.5
20265,1.0,239,2026-02-02T15:50,SIN_DEMANDA,0,,,,,,,0,0,0,41,209,896.4634146341464,10.5
20265,1.0,240,2026-02-02T16:00,SIN_DEMANDA,0,,,,,,,0,0,0,41,209,896.4634146341464,10.5
20265,1.0,241,2026-02-02T16:10,SIN_DEMANDA,0,,,,,,,0,0,0,41,209,896.4634146341464,10.5
20265,1.0,242,2026-02-02T16:20,COMPLETA,3497.1892,135.5,135.5,32.0,168.0,1,0.4166666666666667,1,0,0,42,217,918.8809523809524,10.5
20265,1.0,243,2026-02-02T16:30,COMPLETA,3273.6054,135.5,135.5,32.0,168.0,1,0.4166666666666667,1,0,0,42,217,918.8809523809524,10.5
20265,1.0,244,2026-02-02T16:40,COMPLETA,3160.9431,135.5,135.5,32.0,168.0,1,0.4166666666666667,1,0,0,42,217,918.8809523809524,10.5
20265,1.0,245,2026-02-02T16:50,COMPLETA,3382.5031,135.5,135.5,32.0,168.0,1,0.4166666666666667,1,0,0,42,217,918.8809523809524,10.5
20265,1.0,246,2026-02-02T17:00,COMPLETA,3622.1529,135.5,135.5,32.0,168.0,1,0.4166666666666667,1,0,0,43,219,945.0348837209302,10.5
20265,1.0,247,2026-02-02T17:10,COMPLETA,4185.2415,287.0,135.5,97.0,385.5,2,0.375,2,0,0,43,219,945.0348837209302,10.5
20265,1.0,248,2026-02-02T17:20,COMPLETA,3689.8026,287.0,135.5,97.0,385.5,2,0.375,2,0,0,43,219,945.0348837209302,10.5
20265,1.0,249,2026-02-02T17:30,COMPLETA,3966.3675,287.0,135.5,97.0,385.5,2,0.375,2,0,0,43,219,945.0348837209302,10.5
20265,1.0,250,2026-02-02T17:40,COMPLETA,4179.8289,287.0,135.5,97.0,385.5,2,0.375,2,0,0,44,228,938.6704545454545,10.5
20265,1.0,251,2026-02-02T17:50,COMPLETA,3649.0215,287.0,135.5,97.0,385.5,2,0.375,2,0,0,44,228,938.6704545454545,10.5
20265,1.0,252,2026-02-02T18:00,COMPLETA,4130.2137,287.0,135.5,97.0,385.5,2,0.375,2,0,0,45,238,960.6666666666666,10.5
20265,1.0,253,2026-02-02T18:10,COMPLETA,3926.3803,287.0,135.5,97.0,385.5,2,0.375,2,0,0,45,238,960.6666666666666,10.5
20265,1.0,254,2026-02-02T18:20,COMPLETA,3944.9925,287.0,135.5,97.0,385.5,2,0.375,2,0,0,45,238,960.6666666666666,10.5
20265,1.0,255,2026-02-02T18:30,COMPLETA,3904.6187,851.6666666666666,135.5,200.0,600.0,3,0.3472222222222222,3,0,1,45,238,960.6666666666666,10.5
20265,1.0,256,2026-02-02T18:40,COMPLETA,3694.1773,287.0,135.5,97.0,385.5,2,0.375,2,0,0,45,238,960.6666666666666,10.5
20265,1.0,257,2026-02-02T18:50,COMPLETA,3598.3322,287.0,135.5,97.0,385.5,2,0.375,2,0,0,45,238,960.6666666666666,10.5
20265,1.0,258,2026-02-02T19:00,COMPLETA,4193.1668,287.0,135.5,97.0,325.5,2,0.375,2,0,0,45,238,960.6666666666666,10.5
20265,1.0,259,2026-02-02T19:10,COMPLETA,4024.5128,287.0,135.5,97.0,325.5,2,0.375,2,0,0,45,238,960.6666666666666,10.5
20265,1.0,260,2026-02-02T19:20,COMPLETA,3828.6236,287.0,135.5,97.0,325.5,2,0.375,2,0,0,45,238,960.6666666666666,10.5
20265,1.0,261,2026-02-02T19:30,COMPLETA,3882.957,287.0,135.5,97.0,325.5,2,0.375,2,0,1,46,247,953.1086956521739,10.5
20265,1.0,262,2026-02-02T19:40,COMPLETA,3287.6611,135.5,135.5,32.0,168.0,1,0.4166666666666667,1,0,0,46,247,953.1086956521739,10.5
20265,1.0,263,2026-02-02T19:50,COMPLETA,3618.0973,135.5,135.5,32.0,168.0,1,0.4166666666666667,1,0,0,46,247,953.1086956521739,10.5
20265,1.0,264,2026-02-02T20:00,COMPLETA,4262.6352,260.0,135.5,70.0,285.0,2,0.25,2,0,1,46,247,953.1086956521739,10.5
20265,1.0,265,2026-02-02T20:10,COMPLETA,3020.3125,135.5,135.5,32.0,168.0,1,0.4166666666666667,1,0,0,46,247,953.1086956521739,10.5
20265,1.0,266,2026-02-02T20:20,COMPLETA,3458.8115,135.5,135.5,32.0,168.0,1,0.4166666666666667,1,0,0,46,247,953.1086956521739,10.5
20265,1.0,267,2026-02-02T20:30,COMPLETA,4194.1194,1048.0,75.5,146.0,339.0,2,0.375,2,0,2,46,247,953.1086956521739,10.5
20265,1.0,268,2026-02-02T20:40,SIN_DEMANDA,0,,,,,,,0,0,0,46,247,953.1086956521739,10.5
20265,1.0,269,2026-02-02T20:50,SIN_DEMANDA,0,,,,,,,0,0,0,46,247,953.1086956521739,10.5
20265,1.0,270,2026-02-02T21:00,SIN_DEMANDA,0,,,,,,,0,0,0,46,247,953.1086956521739,10.5
20265,1.0,271,2026-02-02T21:10,COMPLETA,1837.0928,990.5,990.5,38.0,117.0,1,0.08333333333333333,1,0,1,46,247,953.1086956521739,10.5
20265,1.0,272,2026-02-02T21:20,SIN_DEMANDA,0,,,,,,,0,0,0,46,247,953.1086956521739,10.5
20265,1.0,273,2026-02-02T21:30,COMPLETA,3090.1914,147.0,147.0,126.0,309.0,1,0.375,1,0,0,48,256,962.6770833333334,10.5
20265,1.0,274,2026-02-02T21:40,COMPLETA,2939.995,147.0,147.0,126.0,309.0,1,0.375,1,0,0,48,256,962.6770833333334,10.5
20265,1.0,275,2026-02-02T21:50,COMPLETA,3312.855,147.0,147.0,126.0,309.0,1,0.375,1,0,0,49,264,951.9795918367347,10.5
20265,1.0,276,2026-02-02T22:00,COMPLETA,2992.6345,147.0,147.0,126.0,309.0,1,0.375,1,0,0,49,264,951.9795918367347,10.5
20265,1.0,277,2026-02-02T22:10,COMPLETA,4042.5031,147.0,147.0,126.0,309.0,1,0.375,1,0,0,49,264,951.9795918367347,10.5
20265,1.0,278,2026-02-02T22:20,COMPLETA,3512.8699,147.0,147.0,126.0,309.0,1,0.375,1,0,0,49,264,951.9795918367347,10.5
20265,1.0,279,2026-02-02T22:30,COMPLETA,3025.9475,147.0,147.0,126.0,309.0,1,0.375,1,0,0,49,264,951.9795918367347,10.5
20265,1.0,280,2026-02-02T22:40,COMPLETA,3155.2922,147.0,147.0,126.0,309.0,1,0.375,1,0,0,50,266,952.75,10.5
20265,1.0,281,2026-02-02T22:50,COMPLETA,2896.226,147.0,147.0,126.0,309.0,1,0.375,1,0,0,51,274,973.6862745098039,10.5
20265,1.0,282,2026-02-02T23:00,COMPLETA,2753.228,147.0,147.0,126.0,309.0,1,0.375,1,0,0,52,284,956.4134615384615,10.5
20265,1.0,283,2026-02-02T23:10,COMPLETA,3356.2714,147.0,147.0,126.0,309.0,1,0.375,1,0,0,52,284,956.4134615384615,10.5
20265,1.0,284,2026-02-02T23:20,COMPLETA,4260.1305,138.75,130.5,167.0,490.5,2,0.3958333333333333,2,0,2,52,284,956.4134615384615,10.5
20265,1.0,285,2026-02-02T23:30,SIN_DEMANDA,0,,,,,,,0,0,0,52,284,956.4134615384615,10.5
20265,1.0,286,2026-02-02T23:40,SIN_DEMANDA,0,,,,,,,0,0,0,52,284,956.4134615384615,10.5
20265,1.0,287,2026-02-02T23:50,SIN_DEMANDA,0,,,,,,,0,0,0,52,284,956.4134615384615,10.5
20265,1.0,288,2026-02-03T00:00,SIN_DEMANDA,0,,,,,,,0,0,0,52,284,956.4134615384615,10.5
20265,1.0,289,2026-02-03T00:10,SIN_DEMANDA,0,,,,,,,0,0,0,52,284,956.4134615384615,10.5
20265,1.0,290,2026-02-03T00:20,SIN_DEMANDA,0,,,,,,,0,0,0,52,284,956.4134615384615,10.5
20265,1.0,291,2026-02-03T00:30,SIN_DEMANDA,0,,,,,,,0,0,0,52,284,956.4134615384615,10.5
20265,1.0,292,2026-02-03T00:40,SIN_DEMANDA,0,,,,,,,0,0,0,52,284,956.4134615384615,10.5
20265,1.0,293,2026-02-03T00:50,SIN_DEMANDA,0,,,,,,,0,0,0,52,284,956.4134615384615,10.5
20265,1.0,294,2026-02-03T01:00,SIN_DEMANDA,0,,,,,,,0,0,0,52,284,956.4134615384615,10.5
20265,1.0,295,2026-02-03T01:10,COMPLETA,1286.2008,996.0,996.0,28.0,102.0,1,0.125,1,0,1,53,294,940.8301886792453,10.5
20265,1.0,296,2026-02-03T01:20,SIN_DEMANDA,0,,,,,,,0,0,0,53,294,940.8301886792453,10.5
20265,1.0,297,2026-02-03T01:30,SIN_DEMANDA,0,,,,,,,0,0,0,53,294,940.8301886792453,10.5
20265,1.0,298,2026-02-03T01:40,SIN_DEMANDA,0,,,,,,,0,0,0,53,294,940.8301886792453,10.5
20265,1.0,299,2026-02-03T01:50,SIN_DEMANDA,0,,,,,,,0,0,0,53,294,940.8301886792453,10.5
20265,1.0,300,2026-02-03T02:00,SIN_DEMANDA,0,,,,,,,0,0,0,53,294,940.8301886792453,10.5
20265,1.0,301,2026-02-03T02:10,SIN_DEMANDA,0,,,,,,,0,0,0,53,294,940.8301886792453,10.5
20265,1.0,302,2026-02-03T02:20,SIN_DEMANDA,0,,,,,,,0,0,0,53,294,940.8301886792453,10.5
20265,1.0,303,2026-02-03T02:30,SIN_DEMANDA,0,,,,,,,0,0,0,53,294,940.8301886792453,10.5
20265,1.0,304,2026-02-03T02:40,SIN_DEMANDA,0,,,,,,,0,0,0,54,297,941.8518518518518,10.5
20265,1.0,305,2026-02-03T02:50,COMPLETA,2581.461,1753.0,1753.0,77.0,235.5,1,0.2916666666666667,1,0,0,54,297,941.8518518518518,10.5
20265,1.0,306,2026-02-03T03:00,COMPLETA,2297.5465,1753.0,1753.0,77.0,235.5,1,0.2916666666666667,1,0,0,55,306,927.4,10.5
20265,1.0,307,2026-02-03T03:10,COMPLETA,2355.9831,1753.0,1753.0,77.0,235.5,1,0.2916666666666667,1,0,0,55,306,927.4,10.5
20265,1.0,308,2026-02-03T03:20,COMPLETA,2629.4228,1753.0,1753.0,77.0,235.5,1,0.2916666666666667,1,0,0,55,306,927.4,10.5
20265,1.0,309,2026-02-03T03:30,COMPLETA,2639.862,1753.0,1753.0,77.0,235.5,1,0.2916666666666667,1,0,0,55,306,927.4,10.5
20265,1.0,310,2026-02-03T03:40,COMPLETA,2171.4972,1753.0,1753.0,77.0,235.5,1,0.2916666666666667,1,0,0,55,306,927.4,10.5
20265,1.0,311,2026-02-03T03:50,COMPLETA,2346.5277,1753.0,1753.0,77.0,235.5,1,0.2916666666666667,1,0,0,55,306,927.4,10.5
20265,1.0,312,2026-02-03T04:00,COMPLETA,4598.8119,1514.3333333333333,625.5,190.0,465.0,3,0.2222222222222222,3,0,2,55,306,927.4,10.5
20265,1.0,313,2026-02-03T04:10,COMPLETA,4769.301,1168.25,433.5,120.0,360.0,2,0.3125,2,0,0,55,306,927.4,10.5
20265,1.0,314,2026-02-03T04:20,COMPLETA,3903.5574,1168.25,433.5,120.0,360.0,2,0.3125,2,0,0,55,306,927.4,10.5
20265,1.0,315,2026-02-03T04:30,COMPLETA,3812.2765,1168.25,433.5,120.0,360.0,2,0.3125,2,0,1,55,306,927.4,10.5
20265,1.0,316,2026-02-03T04:40,COMPLETA,2178.929,387.0,387.0,57.0,205.5,1,0.3333333333333333,1,0,0,55,306,927.4,10.5
20265,1.0,317,2026-02-03T04:50,COMPLETA,2124.4145,387.0,387.0,57.0,205.5,1,0.3333333333333333,1,0,0,55,306,927.4,10.5
20265,1.0,318,2026-02-03T05:00,COMPLETA,4073.5004,200.75,14.5,155.0,412.5,1,0.75,2,0,0,55,306,927.4,10.5
20265,1.0,319,2026-02-03T05:10,COMPLETA,3845.2484,200.75,14.5,155.0,412.5,1,0.75,2,0,0,55,306,927.4,10.5
20265,1.0,320,2026-02-03T05:20,COMPLETA,3826.9224,200.75,14.5,155.0,412.5,1,0.75,2,0,0,55,306,927.4,10.5
20265,1.0,321,2026-02-03T05:30,COMPLETA,3851.1195,200.75,14.5,155.0,412.5,1,0.75,2,0,0,56,307,922.0089285714286,10.5
20265,1.0,322,2026-02-03T05:40,COMPLETA,3594.3413,200.75,14.5,155.0,412.5,1,0.75,2,0,0,56,307,922.0089285714286,10.5
20265,1.0,323,2026-02-03T05:50,COMPLETA,3999.3136,200.75,14.5,155.0,412.5,1,0.75,2,0,0,56,307,922.0089285714286,10.5
20265,1.0,324,2026-02-03T06:00,COMPLETA,4104.8451,200.75,14.5,155.0,412.5,1,0.75,2,0,0,56,307,922.0089285714286,10.5
20265,1.0,325,2026-02-03T06:10,COMPLETA,4028.8086,200.75,14.5,155.0,412.5,1,0.75,2,0,0,56,307,922.0089285714286,10.5
20265,1.0,326,2026-02-03T06:20,COMPLETA,3934.9799,200.75,14.5,155.0,412.5,1,0.75,2,0,0,56,307,922.0089285714286,10.5
20265,1.0,327,2026-02-03T06:30,COMPLETA,3953.1058,200.75,14.5,155.0,412.5,1,0.75,2,0,0,57,315,941.1754385964912,10.5
20265,1.0,328,2026-02-03T06:40,COMPLETA,3901.2066,200.75,14.5,155.0,412.5,1,0.75,2,0,0,57,315,941.1754385964912,10.5
20265,1.0,329,2026-02-03T06:50,COMPLETA,4072.6219,200.75,14.5,155.0,412.5,1,0.75,2,0,0,57,315,941.1754385964912,10.5
20265,1.0,330,2026-02-03T07:00,COMPLETA,4020.3181,200.75,14.5,155.0,412.5,1,0.75,2,0,0,58,322,957.7586206896551,10.5
20265,1.0,331,2026-02-03T07:10,COMPLETA,4039.7807,822.8333333333334,14.5,187.0,580.5,2,0.3958333333333333,3,0,1,58,322,957.7586206896551,10.5
20265,1.0,332,2026-02-03T07:20,COMPLETA,3966.0065,200.75,14.5,155.0,412.5,1,0.75,2,0,1,58,322,957.7586206896551,10.5
20265,1.0,333,2026-02-03T07:30,SIN_DEMANDA,0,,,,,,,0,0,0,58,322,957.7586206896551,10.5
20265,1.0,334,2026-02-03T07:40,SIN_DEMANDA,0,,,,,,,0,0,0,58,322,957.7586206896551,10.5
20265,1.0,335,2026-02-03T07:50,SIN_DEMANDA,0,,,,,,,0,0,0,58,322,957.7586206896551,10.5
20265,1.0,336,2026-02-03T08:00,SIN_DEMANDA,0,,,,,,,0,0,0,58,322,957.7586206896551,10.5
20265,1.0,337,2026-02-03T08:10,COMPLETA,1512.6963,399.0,399.0,28.0,162.0,1,0.041666666666666664,1,0,1,58,322,957.7586206896551,10.5
20265,1.0,338,2026-02-03T08:20,SIN_DEMANDA,0,,,,,,,0,0,0,58,322,957.7586206896551,10.5
20265,1.0,339,2026-02-03T08:30,SIN_DEMANDA,0,,,,,,,0,0,0,58,322,957.7586206896551,10.5
20265,1.0,340,2026-02-03T08:40,SIN_DEMANDA,0,,,,,,,0,0,0,59,323,976.5593220338983,10.5
20265,1.0,341,2026-02-03T08:50,SIN_DEMANDA,0,,,,,,,0,0,0,59,323,976.5593220338983,10.5
20265,1.0,342,2026-02-03T09:00,SIN_DEMANDA,0,,,,,,,0,0,0,59,323,976.5593220338983,10.5
20265,1.0,343,2026-02-03T09:10,SIN_DEMANDA,0,,,,,,,0,0,0,59,323,976.5593220338983,10.5
20265,1.0,344,2026-02-03T09:20,COMPLETA,3166.3654,413.75,206.5,148.0,402.0,2,0.125,2,0,1,59,323,976.5593220338983,10.5
20265,1.0,345,2026-02-03T09:30,COMPLETA,4052.0754,879.75,98.5,132.0,378.0,1,0.625,2,0,0,59,323,976.5593220338983,10.5
20265,1.0,346,2026-02-03T09:40,COMPLETA,4381.0816,705.1666666666666,98.5,184.0,516.0,2,0.4583333333333333,3,0,0,61,332,957.4262295081967,10.5
20265,1.0,347,2026-02-03T09:50,COMPLETA,4444.0148,705.1666666666666,98.5,184.0,516.0,2,0.4583333333333333,3,0,1,61,332,957.4262295081967,10.5
20265,1.0,348,2026-02-03T10:00,COMPLETA,3842.3355,879.75,98.5,132.0,378.0,1,0.625,2,0,0,61,332,957.4262295081967,10.5
20265,1.0,349,2026-02-03T10:10,COMPLETA,3938.9104,879.75,98.5,132.0,378.0,1,0.625,2,0,0,61,332,957.4262295081967,10.5
20265,1.0,350,2026-02-03T10:20,COMPLETA,4112.7513,879.75,98.5,132.0,378.0,1,0.625,2,0,0,61,332,957.4262295081967,10.5
20265,1.0,351,2026-02-03T10:30,COMPLETA,4538.4719,1224.8333333333333,98.5,215.0,562.5,2,0.4791666666666667,3,0,0,61,332,957.4262295081967,10.5
20265,1.0,352,2026-02-03T10:40,COMPLETA,4809.692,1224.8333333333333,98.5,215.0,562.5,2,0.4791666666666667,3,0,0,61,332,957.4262295081967,10.5
20265,1.0,353,2026-02-03T10:50,COMPLETA,4539.3179,1224.8333333333333,98.5,215.0,562.5,2,0.4791666666666667,3,0,0,61,332,957.4262295081967,10.5
20265,1.0,354,2026-02-03T11:00,COMPLETA,4332.8677,1224.8333333333333,98.5,215.0,562.5,2,0.4791666666666667,3,0,0,62,333,952.0,10.5
20265,1.0,355,2026-02-03T11:10,COMPLETA,4574.2024,1224.8333333333333,98.5,215.0,562.5,2,0.4791666666666667,3,0,0,62,333,952.0,10.5
20265,1.0,356,2026-02-03T11:20,COMPLETA,4534.3242,1224.8333333333333,98.5,215.0,562.5,2,0.4791666666666667,3,0,0,62,333,952.0,10.5
20265,1.0,357,2026-02-03T11:30,COMPLETA,4996.3265,1078.5,98.5,237.0,655.5,3,0.3333333333333333,4,0,1,62,333,952.0,10.5
20265,1.0,358,2026-02-03T11:40,COMPLETA,4691.3555,1224.8333333333333,98.5,215.0,562.5,2,0.4791666666666667,3,0,0,63,340,942.5396825396825,10.5
20265,1.0,359,2026-02-03T11:50,COMPLETA,5047.1237,1163.875,98.5,263.0,694.5,3,0.375,4,0,1,63,340,942.5396825396825,10.5
20265,1.0,360,2026-02-03T12:00,COMPLETA,4666.7894,1224.8333333333333,98.5,215.0,562.5,2,0.4791666666666667,3,0,0,63,340,942.5396825396825,10.5
20265,1.0,361,2026-02-03T12:10,COMPLETA,5259.2917,1380.875,98.5,294.0,801.0,3,0.3888888888888889,4,0,1,63,340,942.5396825396825,10.5
20265,1.0,362,2026-02-03T12:20,COMPLETA,4833.3659,1174.5,98.5,254.0,681.0,2,0.4166666666666667,3,0,0,63,340,942.5396825396825,10.5
20265,1.0,363,2026-02-03T12:30,COMPLETA,4904.8383,1174.5,98.5,254.0,681.0,2,0.4166666666666667,3,0,0,63,340,942.5396825396825,10.5
20265,1.0,364,2026-02-03T12:40,COMPLETA,4762.6971,1174.5,98.5,254.0,681.0,2,0.4166666666666667,3,0,0,63,340,942.5396825396825,10.5
20265,1.0,365,2026-02-03T12:50,COMPLETA,4717.542,1174.5,98.5,254.0,681.0,2,0.4166666666666667,3,0,0,65,351,923.6,10.5
20265,1.0,366,2026-02-03T13:00,COMPLETA,5302.3719,1128.625,98.5,290.0,795.0,3,0.3055555555555556,4,0,1,65,351,923.6,10.5
20265,1.0,367,2026-02-03T13:10,COMPLETA,5052.362,1174.5,98.5,254.0,681.0,2,0.4166666666666667,3,0,0,65,351,923.6,10.5
20265,1.0,368,2026-02-03T13:20,COMPLETA,4926.817,1174.5,98.5,254.0,681.0,2,0.4166666666666667,3,0,0,65,351,923.6,10.5
20265,1.0,369,2026-02-03T13:30,COMPLETA,5059.6603,1174.5,98.5,254.0,681.0,2,0.4166666666666667,3,0,0,66,355,924.469696969697,10.5
20265,1.0,370,2026-02-03T13:40,COMPLETA,4714.6129,1174.5,98.5,254.0,681.0,2,0.4166666666666667,3,0,0,66,355,924.469696969697,10.5
20265,1.0,371,2026-02-03T13:50,COMPLETA,4982.0739,1174.5,98.5,254.0,681.0,2,0.4166666666666667,3,0,0,66,355,924.469696969697,10.5
20265,1.0,372,2026-02-03T14:00,COMPLETA,5074.9782,962.75,98.5,292.0,858.0,3,0.3333333333333333,4,0,0,66,355,924.469696969697,10.5
20265,1.0,373,2026-02-03T14:10,COMPLETA,4979.294,962.75,98.5,292.0,858.0,3,0.3333333333333333,4,0,0,66,355,924.469696969697,10.5
20265,1.0,374,2026-02-03T14:20,COMPLETA,4913.7493,962.75,98.5,292.0,858.0,3,0.3333333333333333,4,0,0,66,355,924.469696969697,10.5
20265,1.0,375,2026-02-03T14:30,COMPLETA,5205.5868,962.75,98.5,292.0,858.0,3,0.3333333333333333,4,0,0,67,357,925.4626865671642,10.5
20265,1.0,376,2026-02-03T14:40,COMPLETA,5019.6179,962.75,98.5,292.0,858.0,3,0.3333333333333333,4,0,0,68,365,940.0147058823529,10.5
20265,1.0,377,2026-02-03T14:50,COMPLETA,5275.8969,962.75,98.5,292.0,858.0,3,0.3333333333333333,4,0,0,68,365,940.0147058823529,10.5
20265,1.0,378,2026-02-03T15:00,COMPLETA,4953.5993,962.75,98.5,292.0,858.0,3,0.3333333333333333,4,0,2,68,365,940.0147058823529,10.5
20265,1.0,379,2026-02-03T15:10,COMPLETA,2185.0034,1310.5,1310.5,118.0,297.0,1,0.20833333333333334,1,0,0,68,365,940.0147058823529,10.5
20265,1.0,380,2026-02-03T15:20,COMPLETA,3967.1454,937.75,565.0,197.0,535.5,2,0.2916666666666667,2,0,1,68,365,940.0147058823529,10.5
20265,1.0,381,2026-02-03T15:30,COMPLETA,3431.8904,1692.0,1310.5,152.0,468.0,2,0.1875,2,0,1,68,365,940.0147058823529,10.5
20265,1.0,382,2026-02-03T15:40,COMPLETA,4357.5471,721.75,133.0,177.0,505.5,2,0.2708333333333333,2,0,0,68,365,940.0147058823529,10.5
20265,1.0,383,2026-02-03T15:50,COMPLETA,4322.4668,721.75,133.0,177.0,505.5,2,0.2708333333333333,2,0,0,68,365,940.0147058823529,10.5
20265,1.0,384,2026-02-03T16:00,COMPLETA,4135.2857,721.75,133.0,177.0,505.5,2,0.2708333333333333,2,0,0,68,365,940.0147058823529,10.5
20265,1.0,385,2026-02-03T16:10,COMPLETA,4361.6935,721.75,133.0,177.0,505.5,2,0.2708333333333333,2,0,0,68,365,940.0147058823529,10.5
20265,1.0,386,2026-02-03T16:20,COMPLETA,4260.5141,721.75,133.0,177.0,505.5,2,0.2708333333333333,2,0,0,68,365,940.0147058823529,10.5
20265,1.0,387,2026-02-03T16:30,COMPLETA,4464.6909,1166.0,133.0,217.0,685.5,3,0.20833333333333334,3,0,1,69,369,931.1376811594203,10.5
20265,1.0,388,2026-02-03T16:40,COMPLETA,4255.1336,721.75,133.0,177.0,505.5,2,0.2708333333333333,2,0,0,69,369,931.1376811594203,10.5
20265,1.0,389,2026-02-03T16:50,COMPLETA,3942.4529,721.75,133.0,177.0,505.5,2,0.2708333333333333,2,0,0,69,369,931.1376811594203,10.5
20265,1.0,390,2026-02-03T17:00,COMPLETA,4133.0043,721.75,133.0,177.0,505.5,2,0.2708333333333333,2,0,0,70,373,947.4571428571429,10.5
20265,1.0,391,2026-02-03T17:10,COMPLETA,3880.6551,721.75,133.0,177.0,505.5,2,0.2708333333333333,2,0,0,70,373,947.4571428571429,10.5
20265,1.0,392,2026-02-03T17:20,COMPLETA,4128.471,721.75,133.0,177.0,505.5,2,0.2708333333333333,2,0,0,70,373,947.4571428571429,10.5
20265,1.0,393,2026-02-03T17:30,COMPLETA,4091.2653,629.5,122.0,233.0,769.5,4,0.21875,3,0,1,70,373,947.4571428571429,10.5
20265,1.0,394,2026-02-03T17:40,COMPLETA,4013.8598,721.75,133.0,177.0,505.5,2,0.2708333333333333,2,0,0,70,373,947.4571428571429,10.5
20265,1.0,395,2026-02-03T17:50,COMPLETA,4548.5103,1025.3333333333333,133.0,193.0,589.5,2,0.375,3,0,0,71,383,957.5070422535211,10.5
20265,1.0,396,2026-02-03T18:00,COMPLETA,4463.3865,1025.3333333333333,133.0,193.0,589.5,2,0.375,3,0,0,72,392,952.0555555555555,10.5
20265,1.0,397,2026-02-03T18:10,COMPLETA,4414.7466,1025.3333333333333,133.0,193.0,589.5,2,0.375,3,0,0,73,394,967.1575342465753,10.5
20265,1.0,398,2026-02-03T18:20,COMPLETA,4233.5134,1025.3333333333333,133.0,193.0,589.5,2,0.375,3,0,0,73,394,967.1575342465753,10.5
20265,1.0,399,2026-02-03T18:30,COMPLETA,4040.6168,1025.3333333333333,133.0,193.0,589.5,2,0.375,3,0,0,73,394,967.1575342465753,10.5
20265,1.0,400,2026-02-03T18:40,COMPLETA,4032.1924,1025.3333333333333,133.0,193.0,589.5,2,0.375,3,0,0,73,394,967.1575342465753,10.5
20265,1.0,401,2026-02-03T18:50,COMPLETA,4214.5638,1025.3333333333333,133.0,193.0,589.5,2,0.375,3,0,0,73,394,967.1575342465753,10.5
20265,1.0,402,2026-02-03T19:00,COMPLETA,4387.8569,802.375,133.0,243.0,664.5,3,0.2777777777777778,4,0,1,73,394,967.1575342465753,10.5
20265,1.0,403,2026-02-03T19:10,COMPLETA,3986.0453,1025.3333333333333,133.0,193.0,529.5,2,0.375,3,0,1,74,402,959.277027027027,10.5
20265,1.0,404,2026-02-03T19:20,COMPLETA,3796.7844,1471.5,1226.5,134.0,381.0,1,0.4166666666666667,2,0,0,74,402,959.277027027027,10.5
20265,1.0,405,2026-02-03T19:30,COMPLETA,3739.4774,1471.5,1226.5,134.0,381.0,1,0.4166666666666667,2,0,0,74,402,959.277027027027,10.5
20265,1.0,406,2026-02-03T19:40,COMPLETA,3973.412,1471.5,1226.5,134.0,381.0,1,0.4166666666666667,2,0,0,74,402,959.277027027027,10.5
20265,1.0,407,2026-02-03T19:50,COMPLETA,3938.2374,1471.5,1226.5,134.0,381.0,1,0.4166666666666667,2,0,0,75,407,947.8,10.5
20265,1.0,408,2026-02-03T20:00,COMPLETA,3747.2217,1471.5,1226.5,134.0,381.0,1,0.4166666666666667,2,0,0,75,407,947.8,10.5
20265,1.0,409,2026-02-03T20:10,COMPLETA,3893.4769,1471.5,1226.5,134.0,381.0,1,0.4166666666666667,2,0,0,75,407,947.8,10.5
20265,1.0,410,2026-02-03T20:20,COMPLETA,3459.3983,1471.5,1226.5,134.0,381.0,1,0.4166666666666667,2,0,0,75,407,947.8,10.5
20265,1.0,411,2026-02-03T20:30,COMPLETA,3923.6786,1471.5,1226.5,134.0,381.0,1,0.4166666666666667,2,0,0,75,407,947.8,10.5
20265,1.0,412,2026-02-03T20:40,COMPLETA,4476.5577,1313.1666666666667,996.5,164.0,486.0,2,0.2916666666666667,3,0,1,76,409,937.0855263157895,10.5
20265,1.0,413,2026-02-03T20:50,COMPLETA,4157.1852,1471.5,1226.5,134.0,381.0,1,0.4166666666666667,2,0,0,76,409,937.0855263157895,10.5
20265,1.0,414,2026-02-03T21:00,COMPLETA,3952.1808,1471.5,1226.5,134.0,381.0,1,0.4166666666666667,2,0,0,76,409,937.0855263157895,10.5
20265,1.0,415,2026-02-03T21:10,COMPLETA,3605.1843,1471.5,1226.5,134.0,381.0,1,0.4166666666666667,2,0,0,76,409,937.0855263157895,10.5
20265,1.0,416,2026-02-03T21:20,COMPLETA,4044.0045,1471.5,1226.5,134.0,381.0,1,0.4166666666666667,2,0,0,76,409,937.0855263157895,10.5
20265,1.0,417,2026-02-03T21:30,COMPLETA,3893.8688,1471.5,1226.5,134.0,381.0,1,0.4166666666666667,2,0,0,77,417,926.6428571428571,10.5
20265,1.0,418,2026-02-03T21:40,COMPLETA,3688.9013,1471.5,1226.5,134.0,381.0,1,0.4166666666666667,2,0,0,77,417,926.6428571428571,10.5
20265,1.0,419,2026-02-03T21:50,COMPLETA,4311.3781,1620.3333333333333,1226.5,231.0,646.5,2,0.375,3,0,0,77,417,926.6428571428571,10.5
20265,1.0,420,2026-02-03T22:00,COMPLETA,5251.1859,1671.0,1214.5,259.0,748.5,2,0.5,4,0,0,77,417,926.6428571428571,10.5
20265,1.0,421,2026-02-03T22:10,COMPLETA,5154.1771,1671.0,1214.5,259.0,748.5,2,0.5,4,0,0,78,421,927.5384615384615,10.5
20265,1.0,422,2026-02-03T22:20,COMPLETA,5318.661,1671.0,1214.5,259.0,748.5,2,0.5,4,0,0,78,421,927.5384615384615,10.5
20265,1.0,423,2026-02-03T22:30,COMPLETA,6617.2461,1744.8,1214.5,291.0,916.5,3,0.3888888888888889,5,0,0,78,421,927.5384615384615,10.5
20265,1.0,424,2026-02-03T22:40,COMPLETA,7145.0482,1744.8,1214.5,291.0,916.5,3,0.3888888888888889,5,0,0,78,421,927.5384615384615,10.5
20265,1.0,425,2026-02-03T22:50,COMPLETA,7044.6816,1744.8,1214.5,291.0,916.5,3,0.3888888888888889,5,0,0,78,421,927.5384615384615,10.5
20265,1.0,426,2026-02-03T23:00,COMPLETA,6728.6923,1513.6666666666667,389.5,315.0,1072.5,4,0.3020833333333333,6,0,4,78,421,927.5384615384615,10.5
20265,1.0,427,2026-02-03T23:10,SIN_DEMANDA,0,,,,,,,0,0,0,78,421,927.5384615384615,10.5
20265,1.0,428,2026-02-03T23:20,SIN_DEMANDA,0,,,,,,,0,0,0,78,421,927.5384615384615,10.5
20265,1.0,429,2026-02-03T23:30,SIN_DEMANDA,0,,,,,,,0,0,0,78,421,927.5384615384615,10.5
20265,1.0,430,2026-02-03T23:40,SIN_DEMANDA,0,,,,,,,0,0,0,78,421,927.5384615384615,10.5
20265,1.0,431,2026-02-03T23:50,SIN_DEMANDA,0,,,,,,,0,0,0,78,421,927.5384615384615,10.5
20265,1.0,432,2026-02-04T00:00,COMPLETA,2408.6262,145.0,145.0,40.0,180.0,1,0.3333333333333333,1,0,0,78,421,927.5384615384615,10.5
20265,1.0,433,2026-02-04T00:10,COMPLETA,2220.6021,145.0,145.0,40.0,180.0,1,0.3333333333333333,1,0,0,78,421,927.5384615384615,10.5
20265,1.0,434,2026-02-04T00:20,COMPLETA,2446.6239,145.0,145.0,40.0,180.0,1,0.3333333333333333,1,0,0,78,421,927.5384615384615,10.5
20265,1.0,435,2026-02-04T00:30,COMPLETA,2451.3088,145.0,145.0,40.0,180.0,1,0.3333333333333333,1,0,0,79,422,920.7278481012659,10.5
20265,1.0,436,2026-02-04T00:40,COMPLETA,2275.3267,145.0,145.0,40.0,180.0,1,0.3333333333333333,1,0,0,80,426,934.5875,10.5
20265,1.0,437,2026-02-04T00:50,COMPLETA,2536.5969,145.0,145.0,40.0,180.0,1,0.3333333333333333,1,0,0,80,426,934.5875,10.5
20265,1.0,438,2026-02-04T01:00,COMPLETA,2617.2369,145.0,145.0,40.0,180.0,1,0.3333333333333333,1,0,0,81,434,947.395061728395,10.5
20265,1.0,439,2026-02-04T01:10,COMPLETA,2599.9796,145.0,145.0,40.0,180.0,1,0.3333333333333333,1,0,0,81,434,947.395061728395,10.5
20265,1.0,440,2026-02-04T01:20,COMPLETA,2191.6226,145.0,145.0,40.0,180.0,1,0.3333333333333333,1,0,0,81,434,947.395061728395,10.5
20265,1.0,441,2026-02-04T01:30,COMPLETA,4062.1123,287.5,81.0,74.0,411.0,3,0.2777777777777778,3,0,1,81,434,947.395061728395,10.5
20265,1.0,442,2026-02-04T01:40,COMPLETA,3898.3402,113.0,81.0,52.0,318.0,2,0.375,2,0,0,81,434,947.395061728395,10.5
20265,1.0,443,2026-02-04T01:50,COMPLETA,3657.9496,203.16666666666666,81.0,90.0,435.0,3,0.2777777777777778,3,0,1,81,434,947.395061728395,10.5
20265,1.0,444,2026-02-04T02:00,COMPLETA,4087.5693,113.0,81.0,52.0,318.0,2,0.375,2,0,0,81,434,947.395061728395,10.5
20265,1.0,445,2026-02-04T02:10,COMPLETA,4059.4723,113.0,81.0,52.0,318.0,2,0.375,2,0,0,81,434,947.395061728395,10.5
20265,1.0,446,2026-02-04T02:20,COMPLETA,3934.7703,113.0,81.0,52.0,318.0,2,0.375,2,0,0,82,439,951.75,10.5
20265,1.0,447,2026-02-04T02:30,COMPLETA,3809.9865,113.0,81.0,52.0,318.0,2,0.375,2,0,0,82,439,951.75,10.5
20265,1.0,448,2026-02-04T02:40,COMPLETA,4017.7738,159.83333333333334,71.5,167.0,550.5,3,0.3472222222222222,3,0,1,82,439,951.75,10.5
20265,1.0,449,2026-02-04T02:50,COMPLETA,3656.9992,178.25,98.5,57.0,325.5,2,0.3541666666666667,2,0,0,84,446,955.9940476190476,10.5
20265,1.0,450,2026-02-04T03:00,COMPLETA,4148.9401,178.25,98.5,57.0,325.5,2,0.3541666666666667,2,0,0,84,446,955.9940476190476,10.5
20265,1.0,451,2026-02-04T03:10,COMPLETA,4448.6706,178.25,98.5,57.0,325.5,2,0.3541666666666667,2,0,0,84,446,955.9940476190476,10.5
20265,1.0,452,2026-02-04T03:20,COMPLETA,4184.4258,807.0,98.5,99.0,388.5,3,0.2777777777777778,3,0,1,85,448,949.2588235294118,10.5
20265,1.0,453,2026-02-04T03:30,COMPLETA,4116.3671,178.25,98.5,57.0,265.5,2,0.3541666666666667,2,0,0,85,448,949.2588235294118,10.5
20265,1.0,454,2026-02-04T03:40,COMPLETA,3888.5554,178.25,98.5,57.0,265.5,2,0.3541666666666667,2,0,0,85,448,949.2588235294118,10.5
20265,1.0,455,2026-02-04T03:50,COMPLETA,4252.5932,178.25,98.5,57.0,265.5,2,0.3541666666666667,2,0,0,85,448,949.2588235294118,10.5
20265,1.0,456,2026-02-04T04:00,COMPLETA,3874.1901,178.25,98.5,57.0,265.5,2,0.3541666666666667,2,0,1,85,448,949.2588235294118,10.5
20265,1.0,457,2026-02-04T04:10,COMPLETA,2597.877,71.5,71.5,63.0,214.5,1,0.2916666666666667,1,0,0,85,448,949.2588235294118,10.5
20265,1.0,458,2026-02-04T04:20,COMPLETA,2224.909,71.5,71.5,63.0,214.5,1,0.2916666666666667,1,0,0,85,448,949.2588235294118,10.5
20265,1.0,459,2026-02-04T04:30,COMPLETA,4240.429,938.25,71.5,169.0,493.5,2,0.2708333333333333,2,0,0,85,448,949.2588235294118,10.5
20265,1.0,460,2026-02-04T04:40,COMPLETA,3971.2811,938.25,71.5,169.0,493.5,2,0.2708333333333333,2,0,0,86,454,958.7209302325581,10.5
20265,1.0,461,2026-02-04T04:50,COMPLETA,4574.3722,938.25,71.5,169.0,493.5,2,0.2708333333333333,2,0,0,86,454,958.7209302325581,10.5
20265,1.0,462,2026-02-04T05:00,COMPLETA,3936.9339,938.25,71.5,169.0,493.5,2,0.2708333333333333,2,0,0,87,457,971.4310344827586,10.5
20265,1.0,463,2026-02-04T05:10,COMPLETA,3849.9689,938.25,71.5,169.0,493.5,2,0.2708333333333333,2,0,0,87,457,971.4310344827586,10.5
20265,1.0,464,2026-02-04T05:20,COMPLETA,3749.5044,938.25,71.5,169.0,493.5,2,0.2708333333333333,2,0,0,88,467,963.3238636363636,10.5
20265,1.0,465,2026-02-04T05:30,COMPLETA,4246.6455,938.25,71.5,169.0,493.5,2,0.2708333333333333,2,0,0,89,475,954.185393258427,10.5
20265,1.0,466,2026-02-04T05:40,COMPLETA,3695.9088,938.25,71.5,169.0,493.5,2,0.2708333333333333,2,0,0,89,475,954.185393258427,10.5
20265,1.0,467,2026-02-04T05:50,COMPLETA,3994.131,938.25,71.5,169.0,493.5,2,0.2708333333333333,2,0,0,89,475,954.185393258427,10.5
20265,1.0,468,2026-02-04T06:00,COMPLETA,3767.9951,938.25,71.5,169.0,493.5,2,0.2708333333333333,2,0,0,89,475,954.185393258427,10.5
20265,1.0,469,2026-02-04T06:10,COMPLETA,4276.1751,1252.6666666666667,71.5,169.0,553.5,2,0.4166666666666667,3,0,0,89,475,954.185393258427,10.5
20265,1.0,470,2026-02-04T06:20,COMPLETA,4256.3607,1252.6666666666667,71.5,169.0,553.5,2,0.4166666666666667,3,0,0,89,475,954.185393258427,10.5
20265,1.0,471,2026-02-04T06:30,COMPLETA,4561.5786,1179.375,71.5,207.0,730.5,3,0.3194444444444444,4,0,0,89,475,954.185393258427,10.5
20265,1.0,472,2026-02-04T06:40,COMPLETA,4656.9292,1179.375,71.5,207.0,730.5,3,0.3194444444444444,4,0,0,89,475,954.185393258427,10.5
20265,1.0,473,2026-02-04T06:50,COMPLETA,4823.2465,1179.375,71.5,207.0,730.5,3,0.3194444444444444,4,0,0,89,475,954.185393258427,10.5
20265,1.0,474,2026-02-04T07:00,COMPLETA,4793.5829,1179.375,71.5,207.0,730.5,3,0.3194444444444444,4,0,3,89,475,954.185393258427,10.5
20265,1.0,475,2026-02-04T07:10,SIN_DEMANDA,0,,,,,,,0,0,0,89,475,954.185393258427,10.5
20265,1.0,476,2026-02-04T07:20,SIN_DEMANDA,0,,,,,,,0,0,0,89,475,954.185393258427,10.5
20265,1.0,477,2026-02-04T07:30,SIN_DEMANDA,0,,,,,,,0,0,0,89,475,954.185393258427,10.5
20265,1.0,478,2026-02-04T07:40,COMPLETA,3282.7846,110.5,110.5,94.0,261.0,1,0.375,1,0,0,89,475,954.185393258427,10.5
20265,1.0,479,2026-02-04T07:50,COMPLETA,3335.9334,110.5,110.5,94.0,261.0,1,0.375,1,0,0,89,475,954.185393258427,10.5
20265,1.0,480,2026-02-04T08:00,COMPLETA,3437.8025,110.5,110.5,94.0,261.0,1,0.375,1,0,0,89,475,954.185393258427,10.5
20265,1.0,481,2026-02-04T08:10,COMPLETA,3054.4195,110.5,110.5,94.0,261.0,1,0.375,1,0,0,89,475,954.185393258427,10.5
20265,1.0,482,2026-02-04T08:20,COMPLETA,4075.4593,259.5,78.5,199.0,538.5,2,0.3333333333333333,2,0,0,89,475,954.185393258427,10.5
20265,1.0,483,2026-02-04T08:30,COMPLETA,4366.9414,259.5,78.5,199.0,538.5,2,0.3333333333333333,2,0,0,90,478,954.2444444444444,10.5
20265,1.0,484,2026-02-04T08:40,COMPLETA,4390.6324,259.5,78.5,199.0,538.5,2,0.3333333333333333,2,0,0,90,478,954.2444444444444,10.5
20265,1.0,485,2026-02-04T08:50,COMPLETA,3704.3404,259.5,78.5,199.0,538.5,2,0.3333333333333333,2,0,0,90,478,954.2444444444444,10.5
20265,1.0,486,2026-02-04T09:00,COMPLETA,4210.3434,259.5,78.5,199.0,538.5,2,0.3333333333333333,2,0,0,90,478,954.2444444444444,10.5
20265,1.0,487,2026-02-04T09:10,COMPLETA,4429.2911,840.3333333333334,78.5,280.0,720.0,3,0.3055555555555556,3,0,1,90,478,954.2444444444444,10.5
20265,1.0,488,2026-02-04T09:20,COMPLETA,4264.6669,1030.25,78.5,186.0,519.0,2,0.2708333333333333,2,0,0,91,485,944.5439560439561,10.5
20265,1.0,489,2026-02-04T09:30,COMPLETA,4169.4063,1030.25,78.5,186.0,519.0,2,0.2708333333333333,2,0,0,91,485,944.5439560439561,10.5
20265,1.0,490,2026-02-04T09:40,COMPLETA,3903.6397,1030.25,78.5,186.0,519.0,2,0.2708333333333333,2,0,0,91,485,944.5439560439561,10.5
20265,1.0,491,2026-02-04T09:50,COMPLETA,3896.1159,1030.25,78.5,186.0,519.0,2,0.2708333333333333,2,0,0,92,492,955.3804347826087,10.5
20265,1.0,492,2026-02-04T10:00,COMPLETA,3710.35,1030.25,78.5,186.0,519.0,2,0.2708333333333333,2,0,0,92,492,955.3804347826087,10.5
20265,1.0,493,2026-02-04T10:10,COMPLETA,3747.2337,1030.25,78.5,186.0,519.0,2,0.2708333333333333,2,0,0,92,492,955.3804347826087,10.5
20265,1.0,494,2026-02-04T10:20,COMPLETA,3508.0664,1030.25,78.5,186.0,459.0,2,0.2708333333333333,2,0,0,92,492,955.3804347826087,10.5
20265,1.0,495,2026-02-04T10:30,COMPLETA,3947.8154,1030.25,78.5,186.0,459.0,2,0.2708333333333333,2,0,1,92,492,955.3804347826087,10.5
20265,1.0,496,2026-02-04T10:40,COMPLETA,2356.1981,78.5,78.5,148.0,342.0,1,0.2916666666666667,1,0,0,92,492,955.3804347826087,10.5
20265,1.0,497,2026-02-04T10:50,COMPLETA,2299.5702,78.5,78.5,148.0,342.0,1,0.2916666666666667,1,0,0,92,492,955.3804347826087,10.5
20265,1.0,498,2026-02-04T11:00,COMPLETA,2086.1333,78.5,78.5,148.0,342.0,1,0.2916666666666667,1,0,0,92,492,955.3804347826087,10.5
20265,1.0,499,2026-02-04T11:10,COMPLETA,2601.6445,78.5,78.5,148.0,342.0,1,0.2916666666666667,1,0,0,92,492,955.3804347826087,10.5
20265,1.0,500,2026-02-04T11:20,COMPLETA,2264.5504,78.5,78.5,148.0,342.0,1,0.2916666666666667,1,0,0,93,498,963.8709677419355,10.5
20265,1.0,501,2026-02-04T11:30,COMPLETA,2039.3268,78.5,78.5,148.0,342.0,1,0.2916666666666667,1,0,0,93,498,963.8709677419355,10.5
20265,1.0,502,2026-02-04T11:40,COMPLETA,2539.1226,78.5,78.5,148.0,342.0,1,0.2916666666666667,1,0,0,93,498,963.8709677419355,10.5
20265,1.0,503,2026-02-04T11:50,COMPLETA,2221.4306,78.5,78.5,148.0,342.0,1,0.2916666666666667,1,0,0,93,498,963.8709677419355,10.5
20265,1.0,504,2026-02-04T12:00,COMPLETA,2045.5793,78.5,78.5,148.0,342.0,1,0.2916666666666667,1,0,0,94,507,958.5159574468086,10.5
20265,1.0,505,2026-02-04T12:10,COMPLETA,2308.3107,78.5,78.5,148.0,342.0,1,0.2916666666666667,1,0,0,95,513,969.2894736842105,10.5
20265,1.0,506,2026-02-04T12:20,COMPLETA,2262.1818,78.5,78.5,148.0,342.0,1,0.2916666666666667,1,0,0,95,513,969.2894736842105,10.5
20265,1.0,507,2026-02-04T12:30,COMPLETA,1971.1676,78.5,78.5,148.0,342.0,1,0.2916666666666667,1,0,0,95,513,969.2894736842105,10.5
20265,1.0,508,2026-02-04T12:40,COMPLETA,4190.3798,927.0,18.5,148.0,402.0,1,0.5,2,0,0,95,513,969.2894736842105,10.5
20265,1.0,509,2026-02-04T12:50,COMPLETA,4039.5323,927.0,18.5,148.0,402.0,1,0.5,2,0,0,95,513,969.2894736842105,10.5
20265,1.0,510,2026-02-04T13:00,COMPLETA,3846.6005,927.0,18.5,148.0,402.0,1,0.5,2,0,0,95,513,969.2894736842105,10.5
20265,1.0,511,2026-02-04T13:10,COMPLETA,3669.6925,927.0,18.5,148.0,402.0,1,0.5,2,0,0,95,513,969.2894736842105,10.5
20265,1.0,512,2026-02-04T13:20,COMPLETA,4268.0025,927.0,18.5,148.0,402.0,1,0.5,2,0,0,95,513,969.2894736842105,10.5
20265,1.0,513,2026-02-04T13:30,COMPLETA,4184.7411,1277.1666666666667,18.5,190.0,585.0,2,0.2708333333333333,3,0,0,95,513,969.2894736842105,10.5
20265,1.0,514,2026-02-04T13:40,COMPLETA,4363.2026,1277.1666666666667,18.5,190.0,585.0,2,0.2708333333333333,3,0,0,95,513,969.2894736842105,10.5
20265,1.0,515,2026-02-04T13:50,COMPLETA,4165.7705,1277.1666666666667,18.5,190.0,585.0,2,0.2708333333333333,3,0,0,95,513,969.2894736842105,10.5
20265,1.0,516,2026-02-04T14:00,COMPLETA,3692.031,1277.1666666666667,18.5,190.0,585.0,2,0.2708333333333333,3,0,0,95,513,969.2894736842105,10.5
20265,1.0,517,2026-02-04T14:10,COMPLETA,3947.2562,1102.5,18.5,220.0,750.0,3,0.2638888888888889,4,0,0,95,513,969.2894736842105,10.5
20265,1.0,518,2026-02-04T14:20,COMPLETA,4189.404,1102.5,18.5,220.0,750.0,3,0.2638888888888889,4,0,0,95,513,969.2894736842105,10.5
20265,1.0,519,2026-02-04T14:30,COMPLETA,4292.841,1102.5,18.5,220.0,750.0,3,0.2638888888888889,4,0,0,95,513,969.2894736842105,10.5
20265,1.0,520,2026-02-04T14:40,COMPLETA,4228.6804,1102.5,18.5,220.0,750.0,3,0.2638888888888889,4,0,0,95,513,969.2894736842105,10.5
20265,1.0,521,2026-02-04T14:50,COMPLETA,4215.512,1102.5,18.5,220.0,750.0,3,0.2638888888888889,4,0,0,95,513,969.2894736842105,10.5
20265,1.0,522,2026-02-04T15:00,COMPLETA,3957.8103,1102.5,18.5,220.0,750.0,3,0.2638888888888889,4,0,3,95,513,969.2894736842105,10.5
20265,1.0,523,2026-02-04T15:10,SIN_DEMANDA,0,,,,,,,0,0,0,95,513,969.2894736842105,10.5
20265,1.0,524,2026-02-04T15:20,SIN_DEMANDA,0,,,,,,,0,0,0,95,513,969.2894736842105,10.5
20265,1.0,525,2026-02-04T15:30,SIN_DEMANDA,0,,,,,,,0,0,0,95,513,969.2894736842105,10.5
20265,1.0,526,2026-02-04T15:40,SIN_DEMANDA,0,,,,,,,0,0,0,95,513,969.2894736842105,10.5
20265,1.0,527,2026-02-04T15:50,SIN_DEMANDA,0,,,,,,,0,0,0,95,513,969.2894736842105,10.5
20265,1.0,528,2026-02-04T16:00,SIN_DEMANDA,0,,,,,,,0,0,0,95,513,969.2894736842105,10.5
20265,1.0,529,2026-02-04T16:10,COMPLETA,1766.9676,2090.5,2090.5,10.0,135.0,1,0.125,1,0,1,95,513,969.2894736842105,10.5
20265,1.0,530,2026-02-04T16:20,SIN_DEMANDA,0,,,,,,,0,0,0,95,513,969.2894736842105,10.5
20265,1.0,531,2026-02-04T16:30,SIN_DEMANDA,0,,,,,,,0,0,0,96,519,965.21875,10.5
20265,1.0,532,2026-02-04T16:40,COMPLETA,1330.3748,390.5,390.5,30.0,165.0,1,0.16666666666666666,1,0,1,97,520,975.6546391752578,10.5
20265,1.0,533,2026-02-04T16:50,SIN_DEMANDA,0,,,,,,,0,0,0,97,520,975.6546391752578,10.5
20265,1.0,534,2026-02-04T17:00,SIN_DEMANDA,0,,,,,,,0,0,0,97,520,975.6546391752578,10.5
20265,1.0,535,2026-02-04T17:10,SIN_DEMANDA,0,,,,,,,0,0,0,97,520,975.6546391752578,10.5
20265,1.0,536,2026-02-04T17:20,SIN_DEMANDA,0,,,,,,,0,0,0,98,523,987.030612244898,10.5
20265,1.0,537,2026-02-04T17:30,COMPLETA,1549.4667,2072.5,2072.5,34.0,111.0,1,0.041666666666666664,1,0,1,98,523,987.030612244898,10.5
20265,1.0,538,2026-02-04T17:40,SIN_DEMANDA,0,,,,,,,0,0,0,98,523,987.030612244898,10.5
20265,1.0,539,2026-02-04T17:50,SIN_DEMANDA,0,,,,,,,0,0,0,98,523,987.030612244898,10.5
20265,1.0,540,2026-02-04T18:00,SIN_DEMANDA,0,,,,,,,0,0,0,98,523,987.030612244898,10.5
20265,1.0,541,2026-02-04T18:10,COMPLETA,3156.2328,1149.75,625.0,154.0,411.0,2,0.14583333333333334,2,0,1,100,532,989.55,10.5
20265,1.0,542,2026-02-04T18:20,COMPLETA,2353.3884,1674.5,1674.5,118.0,297.0,1,0.20833333333333334,1,0,0,100,532,989.55,10.5
20265,1.0,543,2026-02-04T18:30,COMPLETA,2370.7789,1674.5,1674.5,118.0,297.0,1,0.20833333333333334,1,0,0,100,532,989.55,10.5
20265,1.0,544,2026-02-04T18:40,COMPLETA,3757.7573,891.5,108.5,161.0,481.5,2,0.20833333333333334,2,0,0,100,532,989.55,10.5
20265,1.0,545,2026-02-04T18:50,COMPLETA,3859.8853,891.5,108.5,161.0,481.5,2,0.20833333333333334,2,0,0,100,532,989.55,10.5
20265,1.0,546,2026-02-04T19:00,COMPLETA,3735.3664,891.5,108.5,161.0,481.5,2,0.20833333333333334,2,0,0,101,533,1000.2722772277227,10.5
20265,1.0,547,2026-02-04T19:10,COMPLETA,3550.1825,891.5,108.5,161.0,481.5,2,0.20833333333333334,2,0,0,101,533,1000.2722772277227,10.5
20265,1.0,548,2026-02-04T19:20,COMPLETA,3860.1417,891.5,108.5,161.0,481.5,2,0.20833333333333334,2,0,0,101,533,1000.2722772277227,10.5
20265,1.0,549,2026-02-04T19:30,COMPLETA,3985.5493,891.5,108.5,161.0,481.5,2,0.20833333333333334,2,0,0,101,533,1000.2722772277227,10.5
20265,1.0,550,2026-02-04T19:40,COMPLETA,4272.7472,1480.625,108.5,219.0,688.5,4,0.13541666666666666,4,0,2,102,535,996.593137254902,10.5
20265,1.0,551,2026-02-04T19:50,COMPLETA,3767.8471,891.5,108.5,161.0,481.5,2,0.20833333333333334,2,0,0,102,535,996.593137254902,10.5
20265,1.0,552,2026-02-04T20:00,COMPLETA,4064.468,891.5,108.5,161.0,481.5,2,0.20833333333333334,2,0,0,103,542,987.0970873786408,10.5
20265,1.0,553,2026-02-04T20:10,COMPLETA,3936.6688,891.5,108.5,161.0,481.5,2,0.20833333333333334,2,0,0,103,542,987.0970873786408,10.5
20265,1.0,554,2026-02-04T20:20,COMPLETA,4311.842,612.875,44.0,331.0,856.5,3,0.4027777777777778,4,0,1,103,542,987.0970873786408,10.5
20265,1.0,555,2026-02-04T20:30,COMPLETA,4883.1836,865.875,44.0,330.0,915.0,4,0.22916666666666666,4,0,1,103,542,987.0970873786408,10.5
20265,1.0,556,2026-02-04T20:40,COMPLETA,4624.7609,626.75,44.0,318.0,897.0,3,0.4027777777777778,4,0,0,103,542,987.0970873786408,10.5
20265,1.0,557,2026-02-04T20:50,COMPLETA,5162.9149,626.75,44.0,318.0,897.0,3,0.4027777777777778,4,0,0,104,544,997.6490384615385,10.5
20265,1.0,558,2026-02-04T21:00,COMPLETA,4637.5886,626.75,44.0,318.0,897.0,3,0.4027777777777778,4,0,0,104,544,997.6490384615385,10.5
20265,1.0,559,2026-02-04T21:10,COMPLETA,5117.0038,626.75,44.0,318.0,897.0,3,0.4027777777777778,4,0,0,104,544,997.6490384615385,10.5
20265,1.0,560,2026-02-04T21:20,COMPLETA,4874.432,626.75,44.0,318.0,897.0,3,0.4027777777777778,4,0,0,105,545,1007.7190476190476,10.5
20265,1.0,561,2026-02-04T21:30,COMPLETA,5047.6948,626.75,44.0,318.0,897.0,3,0.4027777777777778,4,0,0,105,545,1007.7190476190476,10.5
20265,1.0,562,2026-02-04T21:40,COMPLETA,4893.2722,626.75,44.0,318.0,897.0,3,0.4027777777777778,4,0,0,105,545,1007.7190476190476,10.5
20265,1.0,563,2026-02-04T21:50,COMPLETA,4758.9604,626.75,44.0,318.0,897.0,3,0.4027777777777778,4,0,0,106,548,1007.6603773584906,10.5
20265,1.0,564,2026-02-04T22:00,COMPLETA,5169.5239,906.0,44.0,338.0,1047.0,4,0.3125,5,0,0,106,548,1007.6603773584906,10.5
20265,1.0,565,2026-02-04T22:10,COMPLETA,5382.7645,906.0,44.0,338.0,1047.0,4,0.3125,5,0,0,106,548,1007.6603773584906,10.5
20265,1.0,566,2026-02-04T22:20,COMPLETA,5148.269,906.0,44.0,338.0,1047.0,4,0.3125,5,0,0,106,548,1007.6603773584906,10.5
20265,1.0,567,2026-02-04T22:30,COMPLETA,6268.841,1072.4166666666667,44.0,517.0,1495.5,5,0.3333333333333333,6,0,0,107,558,999.2897196261682,10.5
20265,1.0,568,2026-02-04T22:40,COMPLETA,7149.2913,1199.7857142857142,44.0,463.0,1414.5,5,0.4083333333333333,7,0,0,107,558,999.2897196261682,10.5
20265,1.0,569,2026-02-04T22:50,COMPLETA,7122.6011,1199.7857142857142,44.0,463.0,1414.5,5,0.4083333333333333,7,0,0,107,558,999.2897196261682,10.5
20265,1.0,570,2026-02-04T23:00,COMPLETA,7033.6116,1199.7857142857142,44.0,463.0,1414.5,5,0.4083333333333333,7,0,5,107,558,999.2897196261682,10.5
20265,1.0,571,2026-02-04T23:10,SIN_DEMANDA,0,,,,,,,0,0,0,107,558,999.2897196261682,10.5
20265,1.0,572,2026-02-04T23:20,SIN_DEMANDA,0,,,,,,,0,0,0,107,558,999.2897196261682,10.5
20265,1.0,573,2026-02-04T23:30,SIN_DEMANDA,0,,,,,,,0,0,0,107,558,999.2897196261682,10.5
20265,1.0,574,2026-02-04T23:40,SIN_DEMANDA,0,,,,,,,0,0,0,107,558,999.2897196261682,10.5
20265,1.0,575,2026-02-04T23:50,SIN_DEMANDA,0,,,,,,,0,0,0,107,558,999.2897196261682,10.5
20265,1.0,576,2026-02-05T00:00,SIN_DEMANDA,0,,,,,,,0,0,0,107,558,999.2897196261682,10.5
20265,1.0,577,2026-02-05T00:10,SIN_DEMANDA,0,,,,,,,0,0,0,107,558,999.2897196261682,10.5
20265,1.0,578,2026-02-05T00:20,SIN_DEMANDA,0,,,,,,,0,0,0,108,559,1008.7685185185185,10.5
20265,1.0,579,2026-02-05T00:30,SIN_DEMANDA,0,,,,,,,0,0,0,108,559,1008.7685185185185,10.5
20265,1.0,580,2026-02-05T00:40,COMPLETA,3016.3975,1581.5,1581.5,114.0,291.0,1,0.375,1,0,0,108,559,1008.7685185185185,10.5
20265,1.0,581,2026-02-05T00:50,COMPLETA,3241.595,1581.5,1581.5,114.0,291.0,1,0.375,1,0,0,108,559,1008.7685185185185,10.5
20265,1.0,582,2026-02-05T01:00,COMPLETA,4116.9383,1288.75,996.0,138.0,387.0,2,0.2708333333333333,2,0,1,108,559,1008.7685185185185,10.5
20265,1.0,583,2026-02-05T01:10,COMPLETA,3378.259,1581.5,1581.5,114.0,291.0,1,0.375,1,0,0,108,559,1008.7685185185185,10.5
20265,1.0,584,2026-02-05T01:20,COMPLETA,4225.4244,875.5,250.5,128.0,372.0,1,0.625,2,0,0,108,559,1008.7685185185185,10.5
20265,1.0,585,2026-02-05T01:30,COMPLETA,4251.6609,875.5,250.5,128.0,372.0,1,0.625,2,0,0,109,569,1017.5963302752293,10.5
20265,1.0,586,2026-02-05T01:40,COMPLETA,5095.2386,1173.5,315.0,122.0,483.0,2,0.5208333333333334,3,0,0,109,569,1017.5963302752293,10.5
20265,1.0,587,2026-02-05T01:50,COMPLETA,5296.2598,1392.125,315.0,182.0,633.0,3,0.3888888888888889,4,0,1,109,569,1017.5963302752293,10.5
20265,1.0,588,2026-02-05T02:00,COMPLETA,4987.2651,1173.5,315.0,122.0,483.0,2,0.5208333333333334,3,0,0,111,583,1006.3558558558559,10.5
20265,1.0,589,2026-02-05T02:10,COMPLETA,5181.7378,1173.5,315.0,122.0,483.0,2,0.5208333333333334,3,0,0,111,583,1006.3558558558559,10.5
20265,1.0,590,2026-02-05T02:20,COMPLETA,5289.264,1173.5,315.0,122.0,483.0,2,0.5208333333333334,3,0,0,113,592,1012.1769911504425,10.5
20265,1.0,591,2026-02-05T02:30,COMPLETA,5241.6714,1173.5,315.0,122.0,483.0,2,0.5208333333333334,3,0,0,113,592,1012.1769911504425,10.5
20265,1.0,592,2026-02-05T02:40,COMPLETA,4817.6535,1173.5,315.0,122.0,483.0,2,0.5208333333333334,3,0,0,113,592,1012.1769911504425,10.5
20265,1.0,593,2026-02-05T02:50,COMPLETA,5097.6671,1173.5,315.0,122.0,483.0,2,0.5208333333333334,3,0,0,113,592,1012.1769911504425,10.5
20265,1.0,594,2026-02-05T03:00,COMPLETA,4890.557,1173.5,315.0,122.0,483.0,2,0.5208333333333334,3,0,0,113,592,1012.1769911504425,10.5
20265,1.0,595,2026-02-05T03:10,COMPLETA,5206.3952,1173.5,315.0,122.0,483.0,2,0.5208333333333334,3,0,0,113,592,1012.1769911504425,10.5
20265,1.0,596,2026-02-05T03:20,COMPLETA,5204.844,1173.5,315.0,122.0,483.0,2,0.5208333333333334,3,0,0,113,592,1012.1769911504425,10.5
20265,1.0,597,2026-02-05T03:30,COMPLETA,5216.4235,1173.5,315.0,122.0,483.0,2,0.5208333333333334,3,0,0,115,611,1011.4652173913043,10.5
20265,1.0,598,2026-02-05T03:40,COMPLETA,5077.5354,1173.5,315.0,122.0,483.0,2,0.5208333333333334,3,0,0,116,614,1020.4008620689655,10.5
20265,1.0,599,2026-02-05T03:50,COMPLETA,4763.9547,1173.5,315.0,122.0,483.0,2,0.5208333333333334,3,0,0,116,614,1020.4008620689655,10.5
20265,1.0,600,2026-02-05T04:00,COMPLETA,5115.2876,1173.5,315.0,122.0,483.0,2,0.5208333333333334,3,0,0,116,614,1020.4008620689655,10.5
20265,1.0,601,2026-02-05T04:10,COMPLETA,5467.464,1035.375,315.0,166.0,609.0,3,0.375,4,0,1,116,614,1020.4008620689655,10.5
20265,1.0,602,2026-02-05T04:20,COMPLETA,5059.144,1173.5,315.0,122.0,483.0,2,0.5208333333333334,3,0,0,116,614,1020.4008620689655,10.5
20265,1.0,603,2026-02-05T04:30,COMPLETA,4974.1588,1209.0,385.5,149.0,463.5,2,0.5208333333333334,3,0,0,116,614,1020.4008620689655,10.5
20265,1.0,604,2026-02-05T04:40,COMPLETA,5338.0214,1209.0,385.5,149.0,463.5,2,0.5208333333333334,3,0,1,116,614,1020.4008620689655,10.5
20265,1.0,605,2026-02-05T04:50,COMPLETA,4379.6375,1667.25,1580.0,75.0,292.5,1,0.7916666666666666,2,0,0,116,614,1020.4008620689655,10.5
20265,1.0,606,2026-02-05T05:00,COMPLETA,4383.0398,1667.25,1580.0,75.0,292.5,1,0.7916666666666666,2,0,0,116,614,1020.4008620689655,10.5
20265,1.0,607,2026-02-05T05:10,COMPLETA,4676.3777,1435.0,970.5,122.0,423.0,2,0.4791666666666667,3,0,1,116,614,1020.4008620689655,10.5
20265,1.0,608,2026-02-05T05:20,COMPLETA,4614.8933,1667.25,1580.0,75.0,292.5,1,0.7916666666666666,2,0,0,116,614,1020.4008620689655,10.5
20265,1.0,609,2026-02-05T05:30,COMPLETA,4495.972,1667.25,1580.0,75.0,292.5,1,0.7916666666666666,2,0,0,116,614,1020.4008620689655,10.5
20265,1.0,610,2026-02-05T05:40,COMPLETA,4711.2104,1667.25,1580.0,75.0,292.5,1,0.7916666666666666,2,0,0,116,614,1020.4008620689655,10.5
20265,1.0,611,2026-02-05T05:50,COMPLETA,3986.2989,1667.25,1580.0,75.0,292.5,1,0.7916666666666666,2,0,0,117,616,1016.9871794871794,10.5
20265,1.0,612,2026-02-05T06:00,COMPLETA,4199.1597,1667.25,1580.0,75.0,292.5,1,0.7916666666666666,2,0,0,117,616,1016.9871794871794,10.5
20265,1.0,613,2026-02-05T06:10,COMPLETA,4374.8499,1667.25,1580.0,75.0,292.5,1,0.7916666666666666,2,0,0,117,616,1016.9871794871794,10.5
20265,1.0,614,2026-02-05T06:20,COMPLETA,5024.4033,1429.5,954.0,117.0,475.5,2,0.5208333333333334,3,0,0,117,616,1016.9871794871794,10.5
20265,1.0,615,2026-02-05T06:30,COMPLETA,4388.8025,1429.5,954.0,117.0,475.5,2,0.5208333333333334,3,0,0,117,616,1016.9871794871794,10.5
20265,1.0,616,2026-02-05T06:40,COMPLETA,4594.7922,1429.5,954.0,117.0,475.5,2,0.5208333333333334,3,0,0,117,616,1016.9871794871794,10.5
20265,1.0,617,2026-02-05T06:50,COMPLETA,4992.8126,1172.5,569.5,227.0,829.0,3,0.4444444444444444,4,0,0,117,616,1016.9871794871794,10.5
20265,1.0,618,2026-02-05T07:00,COMPLETA,6355.3185,1348.1,383.5,224.0,876.0,3,0.5138888888888888,5,0,3,119,626,1011.2899159663865,10.5
20265,1.0,619,2026-02-05T07:10,SIN_DEMANDA,0,,,,,,,0,0,0,119,626,1011.2899159663865,10.5
20265,1.0,620,2026-02-05T07:20,SIN_DEMANDA,0,,,,,,,0,0,0,119,626,1011.2899159663865,10.5
20265,1.0,621,2026-02-05T07:30,SIN_DEMANDA,0,,,,,,,0,0,0,119,626,1011.2899159663865,10.5
20265,1.0,622,2026-02-05T07:40,SIN_DEMANDA,0,,,,,,,0,0,0,119,626,1011.2899159663865,10.5
20265,1.0,623,2026-02-05T07:50,SIN_DEMANDA,0,,,,,,,0,0,0,119,626,1011.2899159663865,10.5
20265,1.0,624,2026-02-05T08:00,SIN_DEMANDA,0,,,,,,,0,0,0,119,626,1011.2899159663865,10.5
20265,1.0,625,2026-02-05T08:10,SIN_DEMANDA,0,,,,,,,0,0,0,119,626,1011.2899159663865,10.5
20265,1.0,626,2026-02-05T08:20,SIN_DEMANDA,0,,,,,,,0,0,0,120,636,1017.4833333333333,10.5
20265,1.0,627,2026-02-05T08:30,SIN_DEMANDA,0,,,,,,,0,0,0,122,647,1025.577868852459,10.5
20265,1.0,628,2026-02-05T08:40,COMPLETA,2218.3549,143.0,143.0,120.0,300.0,1,0.2916666666666667,1,0,0,122,647,1025.577868852459,10.5
20265,1.0,629,2026-02-05T08:50,COMPLETA,2086.0701,143.0,143.0,120.0,300.0,1,0.2916666666666667,1,0,0,122,647,1025.577868852459,10.5
20265,1.0,630,2026-02-05T09:00,COMPLETA,1760.8514,143.0,143.0,120.0,300.0,1,0.2916666666666667,1,0,0,122,647,1025.577868852459,10.5
20265,1.0,631,2026-02-05T09:10,COMPLETA,2140.479,143.0,143.0,120.0,300.0,1,0.2916666666666667,1,0,0,122,647,1025.577868852459,10.5
20265,1.0,632,2026-02-05T09:20,COMPLETA,2105.4705,143.0,143.0,120.0,300.0,1,0.2916666666666667,1,0,0,122,647,1025.577868852459,10.5
20265,1.0,633,2026-02-05T09:30,COMPLETA,2260.3585,143.0,143.0,120.0,300.0,1,0.2916666666666667,1,0,0,122,647,1025.577868852459,10.5
20265,1.0,634,2026-02-05T09:40,COMPLETA,2257.1795,143.0,143.0,120.0,300.0,1,0.2916666666666667,1,0,0,122,647,1025.577868852459,10.5
20265,1.0,635,2026-02-05T09:50,COMPLETA,1852.9104,143.0,143.0,120.0,300.0,1,0.2916666666666667,1,0,0,122,647,1025.577868852459,10.5
20265,1.0,636,2026-02-05T10:00,COMPLETA,3453.421,79.0,15.0,208.0,552.0,2,0.2708333333333333,2,0,0,122,647,1025.577868852459,10.5
20265,1.0,637,2026-02-05T10:10,COMPLETA,3503.5396,79.0,15.0,208.0,552.0,2,0.2708333333333333,2,0,0,122,651,1025.577868852459,10.5
20265,1.0,638,2026-02-05T10:20,COMPLETA,3502.0894,79.0,15.0,208.0,552.0,2,0.2708333333333333,2,0,0,123,656,1030.0853658536585,10.5
20265,1.0,639,2026-02-05T10:30,COMPLETA,3604.1415,79.0,15.0,208.0,552.0,2,0.2708333333333333,2,0,0,123,656,1030.0853658536585,10.5
20265,1.0,640,2026-02-05T10:40,COMPLETA,3429.021,79.0,15.0,208.0,552.0,2,0.2708333333333333,2,0,0,123,656,1030.0853658536585,10.5
20265,1.0,641,2026-02-05T10:50,COMPLETA,3294.9823,79.0,15.0,208.0,552.0,2,0.2708333333333333,2,0,0,123,656,1030.0853658536585,10.5
20265,1.0,642,2026-02-05T11:00,COMPLETA,3852.7548,235.5,70.0,272.0,708.0,3,0.25,3,0,1,123,656,1030.0853658536585,10.5
20265,1.0,643,2026-02-05T11:10,COMPLETA,3540.7877,195.75,143.0,224.0,516.0,2,0.25,2,0,0,123,656,1030.0853658536585,10.5
20265,1.0,644,2026-02-05T11:20,COMPLETA,3633.7994,195.75,143.0,224.0,516.0,2,0.25,2,0,0,123,656,1030.0853658536585,10.5
20265,1.0,645,2026-02-05T11:30,COMPLETA,3820.8426,195.75,143.0,224.0,516.0,2,0.25,2,0,0,123,656,1030.0853658536585,10.5
20265,1.0,646,2026-02-05T11:40,COMPLETA,3847.3619,195.75,143.0,224.0,516.0,2,0.25,2,0,1,123,656,1030.0853658536585,10.5
20265,1.0,647,2026-02-05T11:50,COMPLETA,2381.1571,143.0,143.0,120.0,300.0,1,0.2916666666666667,1,0,0,123,656,1030.0853658536585,10.5
20265,1.0,648,2026-02-05T12:00,COMPLETA,2430.0868,143.0,143.0,120.0,300.0,1,0.2916666666666667,1,0,0,123,656,1030.0853658536585,10.5
20265,1.0,649,2026-02-05T12:10,COMPLETA,2531.8029,143.0,143.0,120.0,300.0,1,0.2916666666666667,1,0,0,123,656,1030.0853658536585,10.5
20265,1.0,650,2026-02-05T12:20,COMPLETA,2988.2329,143.0,143.0,120.0,300.0,1,0.2916666666666667,1,0,0,124,663,1024.8709677419354,10.5
20265,1.0,651,2026-02-05T12:30,COMPLETA,4068.247,142.25,141.5,213.0,559.5,2,0.3333333333333333,2,0,0,124,663,1024.8709677419354,10.5
20265,1.0,652,2026-02-05T12:40,COMPLETA,3834.8762,142.25,141.5,213.0,559.5,2,0.3333333333333333,2,0,0,124,663,1024.8709677419354,10.5
20265,1.0,653,2026-02-05T12:50,COMPLETA,4362.2644,142.25,141.5,213.0,559.5,2,0.3333333333333333,2,0,0,124,663,1024.8709677419354,10.5
20265,1.0,654,2026-02-05T13:00,COMPLETA,3982.6586,142.25,141.5,213.0,559.5,2,0.3333333333333333,2,0,0,124,663,1024.8709677419354,10.5
20265,1.0,655,2026-02-05T13:10,COMPLETA,3981.9825,142.25,141.5,213.0,559.5,2,0.3333333333333333,2,0,0,124,663,1024.8709677419354,10.5
20265,1.0,656,2026-02-05T13:20,COMPLETA,3939.2245,142.25,141.5,213.0,559.5,2,0.3333333333333333,2,0,0,124,663,1024.8709677419354,10.5
20265,1.0,657,2026-02-05T13:30,COMPLETA,3620.7766,142.25,141.5,213.0,559.5,2,0.3333333333333333,2,0,0,124,663,1024.8709677419354,10.5
20265,1.0,658,2026-02-05T13:40,COMPLETA,3810.1888,142.25,141.5,213.0,559.5,2,0.3333333333333333,2,0,0,124,663,1024.8709677419354,10.5
20265,1.0,659,2026-02-05T13:50,COMPLETA,3614.1284,142.25,141.5,213.0,559.5,2,0.3333333333333333,2,0,0,124,663,1024.8709677419354,10.5
20265,1.0,660,2026-02-05T14:00,COMPLETA,3638.8342,142.25,141.5,213.0,559.5,2,0.3333333333333333,2,0,0,125,669,1018.592,10.5
20265,1.0,661,2026-02-05T14:10,COMPLETA,3632.982,142.25,141.5,213.0,559.5,2,0.3333333333333333,2,0,0,125,669,1018.592,10.5
20265,1.0,662,2026-02-05T14:20,COMPLETA,3937.3661,727.0,83.0,213.0,619.5,2,0.4583333333333333,3,0,0,125,669,1018.592,10.5
20265,1.0,663,2026-02-05T14:30,COMPLETA,4118.0572,727.0,83.0,213.0,619.5,2,0.4583333333333333,3,0,0,125,669,1018.592,10.5
20265,1.0,664,2026-02-05T14:40,COMPLETA,3972.2252,727.0,83.0,213.0,619.5,2,0.4583333333333333,3,0,0,125,669,1018.592,10.5
20265,1.0,665,2026-02-05T14:50,COMPLETA,3750.5775,727.0,83.0,213.0,619.5,2,0.4583333333333333,3,0,0,126,674,1012.4801587301587,10.5
20265,1.0,666,2026-02-05T15:00,COMPLETA,3935.5845,727.0,83.0,213.0,619.5,2,0.4583333333333333,3,0,1,126,674,1012.4801587301587,10.5
20265,1.0,667,2026-02-05T15:10,COMPLETA,2980.7018,141.5,141.5,93.0,259.5,1,0.375,1,0,0,126,674,1012.4801587301587,10.5
20265,1.0,668,2026-02-05T15:20,COMPLETA,2658.4936,141.5,141.5,93.0,259.5,1,0.375,1,0,1,126,674,1012.4801587301587,10.5
20265,1.0,669,2026-02-05T15:30,SIN_DEMANDA,0,,,,,,,0,0,0,126,674,1012.4801587301587,10.5
20265,1.0,670,2026-02-05T15:40,SIN_DEMANDA,0,,,,,,,0,0,0,126,674,1012.4801587301587,10.5
20265,1.0,671,2026-02-05T15:50,COMPLETA,2243.3162,1587.0,1587.0,65.0,217.5,1,0.2916666666666667,1,0,0,126,674,1012.4801587301587,10.5
20265,1.0,672,2026-02-05T16:00,COMPLETA,2338.1221,1587.0,1587.0,65.0,217.5,1,0.2916666666666667,1,0,0,126,674,1012.4801587301587,10.5
20265,1.0,673,2026-02-05T16:10,COMPLETA,2168.0515,1587.0,1587.0,65.0,217.5,1,0.2916666666666667,1,0,0,126,674,1012.4801587301587,10.5
20265,1.0,674,2026-02-05T16:20,COMPLETA,2053.9314,1587.0,1587.0,65.0,217.5,1,0.2916666666666667,1,0,0,126,674,1012.4801587301587,10.5
20265,1.0,675,2026-02-05T16:30,COMPLETA,2451.251,1587.0,1587.0,65.0,217.5,1,0.2916666666666667,1,0,0,126,674,1012.4801587301587,10.5
20265,1.0,676,2026-02-05T16:40,COMPLETA,2395.1503,1587.0,1587.0,65.0,217.5,1,0.2916666666666667,1,0,0,126,674,1012.4801587301587,10.5
20265,1.0,677,2026-02-05T16:50,COMPLETA,2398.0007,1587.0,1587.0,65.0,217.5,1,0.2916666666666667,1,0,0,126,674,1012.4801587301587,10.5
20265,1.0,678,2026-02-05T17:00,COMPLETA,4015.0611,1046.75,581.5,75.0,292.5,1,0.625,2,0,0,126,674,1012.4801587301587,10.5
20265,1.0,679,2026-02-05T17:10,COMPLETA,4277.7287,909.8333333333334,581.5,107.0,400.5,2,0.3333333333333333,3,0,1,126,674,1012.4801587301587,10.5
20265,1.0,680,2026-02-05T17:20,COMPLETA,3906.2434,1046.75,581.5,75.0,292.5,1,0.625,2,0,0,126,674,1012.4801587301587,10.5
20265,1.0,681,2026-02-05T17:30,COMPLETA,4069.523,1046.75,581.5,75.0,292.5,1,0.625,2,0,0,126,674,1012.4801587301587,10.5
20265,1.0,682,2026-02-05T17:40,COMPLETA,4184.1477,788.1666666666666,271.0,99.0,448.5,2,0.5,3,0,0,126,674,1012.4801587301587,10.5
20265,1.0,683,2026-02-05T17:50,COMPLETA,4456.0136,659.75,227.0,199.0,658.5,3,0.4722222222222222,4,0,1,127,680,1019.9133858267717,10.5
20265,1.0,684,2026-02-05T18:00,COMPLETA,4633.4092,1131.5,87.5,137.0,565.5,3,0.375,4,0,1,127,680,1019.9133858267717,10.5
20265,1.0,685,2026-02-05T18:10,COMPLETA,4448.375,880.8333333333334,178.5,120.0,480.0,3,0.3472222222222222,3,0,0,128,689,1013.05078125,10.5
20265,1.0,686,2026-02-05T18:20,COMPLETA,4598.686,880.8333333333334,178.5,120.0,480.0,3,0.3472222222222222,3,0,0,128,689,1013.05078125,10.5
20265,1.0,687,2026-02-05T18:30,COMPLETA,4163.5052,880.8333333333334,178.5,120.0,480.0,3,0.3472222222222222,3,0,0,128,689,1013.05078125,10.5
20265,1.0,688,2026-02-05T18:40,COMPLETA,4172.2788,880.8333333333334,178.5,120.0,480.0,3,0.3472222222222222,3,0,0,129,690,1010.1279069767442,10.5
20265,1.0,689,2026-02-05T18:50,COMPLETA,3997.8376,880.8333333333334,178.5,120.0,480.0,3,0.3472222222222222,3,0,0,129,690,1010.1279069767442,10.5
20265,1.0,690,2026-02-05T19:00,COMPLETA,4257.5619,880.8333333333334,178.5,120.0,480.0,3,0.3472222222222222,3,0,0,129,690,1010.1279069767442,10.5
20265,1.0,691,2026-02-05T19:10,COMPLETA,4118.002,877.0,167.0,96.0,384.0,2,0.5208333333333334,3,0,0,130,697,1002.9961538461539,10.5
20265,1.0,692,2026-02-05T19:20,COMPLETA,4079.1582,877.0,167.0,96.0,384.0,2,0.5208333333333334,3,0,0,130,697,1002.9961538461539,10.5
20265,1.0,693,2026-02-05T19:30,COMPLETA,3994.9789,877.0,167.0,96.0,384.0,2,0.5208333333333334,3,0,0,130,697,1002.9961538461539,10.5
20265,1.0,694,2026-02-05T19:40,COMPLETA,4061.7727,877.0,167.0,96.0,384.0,2,0.5208333333333334,3,0,1,131,699,1011.0992366412214,10.5
20265,1.0,695,2026-02-05T19:50,COMPLETA,2074.449,1587.0,1587.0,65.0,217.5,1,0.2916666666666667,1,0,0,131,699,1011.0992366412214,10.5
20265,1.0,696,2026-02-05T20:00,COMPLETA,1934.9257,1587.0,1587.0,65.0,217.5,1,0.2916666666666667,1,0,0,131,699,1011.0992366412214,10.5
20265,1.0,697,2026-02-05T20:10,COMPLETA,2033.0283,1587.0,1587.0,65.0,217.5,1,0.2916666666666667,1,0,0,131,699,1011.0992366412214,10.5
20265,1.0,698,2026-02-05T20:20,COMPLETA,1794.557,1587.0,1587.0,65.0,217.5,1,0.2916666666666667,1,0,0,132,708,1005.8522727272727,10.5
20265,1.0,699,2026-02-05T20:30,COMPLETA,3395.9349,1812.75,1587.0,135.0,382.5,2,0.22916666666666666,2,0,1,132,708,1005.8522727272727,10.5
20265,1.0,700,2026-02-05T20:40,COMPLETA,4000.9993,1676.0,1587.0,110.0,346.5,1,0.625,2,0,0,132,708,1005.8522727272727,10.5
20265,1.0,701,2026-02-05T20:50,COMPLETA,3863.1694,1676.0,1587.0,110.0,346.5,1,0.625,2,0,0,132,708,1005.8522727272727,10.5
20265,1.0,702,2026-02-05T21:00,COMPLETA,3575.4283,1676.0,1587.0,110.0,346.5,1,0.625,2,0,0,133,716,1004.5902255639098,10.5
20265,1.0,703,2026-02-05T21:10,COMPLETA,5117.6943,1672.0,1587.0,152.0,468.0,1,1.0,3,0,0,133,716,1004.5902255639098,10.5
20265,1.0,704,2026-02-05T21:20,COMPLETA,5275.0905,1672.0,1587.0,152.0,468.0,1,1.0,3,0,0,133,716,1004.5902255639098,10.5
20265,1.0,705,2026-02-05T21:30,COMPLETA,5190.3547,1672.0,1587.0,152.0,468.0,1,1.0,3,0,0,133,716,1004.5902255639098,10.5
20265,1.0,706,2026-02-05T21:40,COMPLETA,5759.1068,1511.5,901.0,170.0,615.0,2,0.5625,4,0,0,133,716,1004.5902255639098,10.5
20265,1.0,707,2026-02-05T21:50,COMPLETA,6008.0886,1511.5,901.0,170.0,615.0,2,0.5625,4,0,0,133,716,1004.5902255639098,10.5
20265,1.0,708,2026-02-05T22:00,COMPLETA,8462.0052,1614.1,901.0,250.0,975.0,4,0.3854166666666667,5,0,0,133,716,1004.5902255639098,10.5
20265,1.0,709,2026-02-05T22:10,COMPLETA,8190.2717,1614.1,901.0,250.0,975.0,4,0.3854166666666667,5,0,0,133,716,1004.5902255639098,10.5
20265,1.0,710,2026-02-05T22:20,COMPLETA,8195.5207,1614.1,901.0,250.0,975.0,4,0.3854166666666667,5,0,0,133,716,1004.5902255639098,10.5
20265,1.0,711,2026-02-05T22:30,COMPLETA,8220.6088,1614.1,901.0,250.0,975.0,4,0.3854166666666667,5,0,0,134,720,1012.3059701492538,10.5
20265,1.0,712,2026-02-05T22:40,COMPLETA,8497.5554,1614.1,901.0,250.0,975.0,4,0.3854166666666667,5,0,0,134,720,1012.3059701492538,10.5
20265,1.0,713,2026-02-05T22:50,COMPLETA,8424.8065,1614.1,901.0,250.0,975.0,4,0.3854166666666667,5,0,0,134,720,1012.3059701492538,10.5
20265,1.0,714,2026-02-05T23:00,COMPLETA,8100.7205,1614.1,901.0,250.0,975.0,4,0.3854166666666667,5,0,4,135,730,1006.0444444444445,10.5
20265,1.0,715,2026-02-05T23:10,SIN_DEMANDA,0,,,,,,,0,0,0,135,730,1006.0444444444445,10.5
20265,1.0,716,2026-02-05T23:20,SIN_DEMANDA,0,,,,,,,0,0,0,135,730,1006.0444444444445,10.5
20265,1.0,717,2026-02-05T23:30,SIN_DEMANDA,0,,,,,,,0,0,0,135,730,1006.0444444444445,10.5
20265,1.0,718,2026-02-05T23:40,SIN_DEMANDA,0,,,,,,,0,0,0,135,730,1006.0444444444445,10.5
20265,1.0,719,2026-02-05T23:50,SIN_DEMANDA,0,,,,,,,0,0,0,135,730,1006.0444444444445,10.5
20265,1.0,720,2026-02-06T00:00,SIN_DEMANDA,0,,,,,,,0,0,0,135,730,1006.0444444444445,10.5
20265,1.0,721,2026-02-06T00:10,SIN_DEMANDA,0,,,,,,,0,0,0,135,730,1006.0444444444445,10.5
20265,1.0,722,2026-02-06T00:20,SIN_DEMANDA,0,,,,,,,0,0,0,136,740,1013.5441176470588,10.5
20265,1.0,723,2026-02-06T00:30,SIN_DEMANDA,0,,,,,,,0,0,0,136,740,1013.5441176470588,10.5
20265,1.0,724,2026-02-06T00:40,SIN_DEMANDA,0,,,,,,,0,0,0,137,743,1012.7226277372263,10.5
20265,1.0,725,2026-02-06T00:50,SIN_DEMANDA,0,,,,,,,0,0,0,137,743,1012.7226277372263,10.5
20265,1.0,726,2026-02-06T01:00,SIN_DEMANDA,0,,,,,,,0,0,0,137,743,1012.7226277372263,10.5
20265,1.0,727,2026-02-06T01:10,SIN_DEMANDA,0,,,,,,,0,0,0,137,743,1012.7226277372263,10.5
20265,1.0,728,2026-02-06T01:20,SIN_DEMANDA,0,,,,,,,0,0,0,137,743,1012.7226277372263,10.5
20265,1.0,729,2026-02-06T01:30,COMPLETA,2141.2401,1676.5,1676.5,79.0,238.5,1,0.3333333333333333,1,0,0,137,743,1012.7226277372263,10.5
20265,1.0,730,2026-02-06T01:40,COMPLETA,2219.8223,1676.5,1676.5,79.0,238.5,1,0.3333333333333333,1,0,0,137,743,1012.7226277372263,10.5
20265,1.0,731,2026-02-06T01:50,COMPLETA,2382.6943,1676.5,1676.5,79.0,238.5,1,0.3333333333333333,1,0,0,139,758,1022.6438848920864,10.5
20265,1.0,732,2026-02-06T02:00,COMPLETA,2370.3558,1676.5,1676.5,79.0,238.5,1,0.3333333333333333,1,0,0,139,758,1022.6438848920864,10.5
20265,1.0,733,2026-02-06T02:10,COMPLETA,2455.9074,1676.5,1676.5,79.0,238.5,1,0.3333333333333333,1,0,0,139,758,1022.6438848920864,10.5
20265,1.0,734,2026-02-06T02:20,COMPLETA,2520.7587,1676.5,1676.5,79.0,238.5,1,0.3333333333333333,1,0,0,139,758,1022.6438848920864,10.5
20265,1.0,735,2026-02-06T02:30,COMPLETA,2551.2694,1676.5,1676.5,79.0,238.5,1,0.3333333333333333,1,0,0,139,758,1022.6438848920864,10.5
20265,1.0,736,2026-02-06T02:40,COMPLETA,2264.1718,1676.5,1676.5,79.0,238.5,1,0.3333333333333333,1,0,0,139,758,1022.6438848920864,10.5
20265,1.0,737,2026-02-06T02:50,COMPLETA,4028.8122,964.25,252.0,201.0,481.5,2,0.2916666666666667,2,0,0,139,758,1022.6438848920864,10.5
20265,1.0,738,2026-02-06T03:00,COMPLETA,3713.421,964.25,252.0,201.0,481.5,2,0.2916666666666667,2,0,0,139,758,1022.6438848920864,10.5
20265,1.0,739,2026-02-06T03:10,COMPLETA,3859.0741,728.3333333333334,252.0,219.0,568.5,2,0.5,3,0,1,139,758,1022.6438848920864,10.5
20265,1.0,740,2026-02-06T03:20,COMPLETA,3936.7073,966.5,256.5,97.0,325.5,1,0.75,2,0,0,139,758,1022.6438848920864,10.5
20265,1.0,741,2026-02-06T03:30,COMPLETA,4254.8686,966.5,256.5,97.0,325.5,1,0.75,2,0,0,139,758,1022.6438848920864,10.5
20265,1.0,742,2026-02-06T03:40,COMPLETA,4308.0671,966.5,256.5,97.0,325.5,1,0.75,2,0,0,139,758,1022.6438848920864,10.5
20265,1.0,743,2026-02-06T03:50,COMPLETA,4826.0117,755.1666666666666,256.0,167.0,676.5,2,0.5416666666666666,3,0,0,139,758,1022.6438848920864,10.5
20265,1.0,744,2026-02-06T04:00,COMPLETA,5606.7876,1066.25,256.0,254.0,867.0,3,0.4722222222222222,4,0,1,139,758,1022.6438848920864,10.5
20265,1.0,745,2026-02-06T04:10,COMPLETA,4623.471,781.3333333333334,256.0,218.0,753.0,2,0.5416666666666666,3,0,0,140,767,1027.7607142857144,10.5
20265,1.0,746,2026-02-06T04:20,COMPLETA,4756.4592,781.3333333333334,256.0,218.0,753.0,2,0.5416666666666666,3,0,0,140,767,1027.7607142857144,10.5
20265,1.0,747,2026-02-06T04:30,COMPLETA,4600.7935,781.3333333333334,256.0,218.0,753.0,2,0.5416666666666666,3,0,0,140,767,1027.7607142857144,10.5
20265,1.0,748,2026-02-06T04:40,COMPLETA,4786.7495,781.3333333333334,256.0,218.0,753.0,2,0.5416666666666666,3,0,0,140,767,1027.7607142857144,10.5
20265,1.0,749,2026-02-06T04:50,COMPLETA,4334.5178,781.3333333333334,256.0,218.0,753.0,2,0.5416666666666666,3,0,0,140,767,1027.7607142857144,10.5
20265,1.0,750,2026-02-06T05:00,COMPLETA,4561.5956,781.3333333333334,256.0,218.0,753.0,2,0.5416666666666666,3,0,0,140,767,1027.7607142857144,10.5
20265,1.0,751,2026-02-06T05:10,COMPLETA,4729.2721,781.3333333333334,256.0,218.0,753.0,2,0.5416666666666666,3,0,0,140,767,1027.7607142857144,10.5
20265,1.0,752,2026-02-06T05:20,COMPLETA,5793.8729,805.875,325.5,273.0,829.5,3,0.4444444444444444,4,0,0,140,767,1027.7607142857144,10.5
20265,1.0,753,2026-02-06T05:30,COMPLETA,5966.996,805.875,325.5,273.0,829.5,3,0.4444444444444444,4,0,0,141,775,1034.095744680851,10.5
20265,1.0,754,2026-02-06T05:40,COMPLETA,5841.3936,805.875,325.5,273.0,829.5,3,0.4444444444444444,4,0,0,141,775,1034.095744680851,10.5
20265,1.0,755,2026-02-06T05:50,COMPLETA,5855.6949,805.875,325.5,273.0,829.5,3,0.4444444444444444,4,0,0,141,775,1034.095744680851,10.5
20265,1.0,756,2026-02-06T06:00,COMPLETA,5550.9416,805.875,325.5,273.0,829.5,3,0.4444444444444444,4,0,0,141,775,1034.095744680851,10.5
20265,1.0,757,2026-02-06T06:10,COMPLETA,5869.0871,805.875,325.5,273.0,829.5,3,0.4444444444444444,4,0,0,141,775,1034.095744680851,10.5
20265,1.0,758,2026-02-06T06:20,COMPLETA,5764.7333,805.875,325.5,273.0,829.5,3,0.4444444444444444,4,0,0,141,775,1034.095744680851,10.5
20265,1.0,759,2026-02-06T06:30,COMPLETA,5549.4852,805.875,325.5,273.0,829.5,3,0.4444444444444444,4,0,0,141,775,1034.095744680851,10.5
20265,1.0,760,2026-02-06T06:40,COMPLETA,5494.4614,805.875,325.5,273.0,829.5,3,0.4444444444444444,4,0,0,142,781,1028.588028169014,10.5
20265,1.0,761,2026-02-06T06:50,COMPLETA,7210.0952,801.3,325.5,296.0,924.0,3,0.5416666666666666,5,0,0,142,781,1028.588028169014,10.5
20265,1.0,762,2026-02-06T07:00,COMPLETA,7257.9098,801.3,325.5,296.0,924.0,3,0.5416666666666666,5,0,2,142,781,1028.588028169014,10.5
20265,1.0,763,2026-02-06T07:10,COMPLETA,3845.8246,330.25,227.0,121.0,361.5,1,0.5416666666666666,2,0,0,142,781,1028.588028169014,10.5
20265,1.0,764,2026-02-06T07:20,COMPLETA,3817.1656,330.25,227.0,121.0,361.5,1,0.5416666666666666,2,0,0,142,781,1028.588028169014,10.5
20265,1.0,765,2026-02-06T07:30,COMPLETA,3824.9775,330.25,227.0,121.0,361.5,1,0.5416666666666666,2,0,0,142,781,1028.588028169014,10.5
20265,1.0,766,2026-02-06T07:40,COMPLETA,3936.3271,354.6666666666667,227.0,131.0,496.5,2,0.3333333333333333,3,0,1,142,781,1028.588028169014,10.5
20265,1.0,767,2026-02-06T07:50,COMPLETA,4114.1592,270.8333333333333,152.0,241.0,661.5,2,0.4375,3,0,0,142,781,1028.588028169014,10.5
20265,1.0,768,2026-02-06T08:00,COMPLETA,4112.9348,270.8333333333333,152.0,241.0,661.5,2,0.4375,3,0,0,142,781,1028.588028169014,10.5
20265,1.0,769,2026-02-06T08:10,COMPLETA,3898.1907,270.8333333333333,152.0,241.0,661.5,2,0.4375,3,0,0,142,781,1028.588028169014,10.5
20265,1.0,770,2026-02-06T08:20,COMPLETA,4142.5238,270.8333333333333,152.0,241.0,661.5,2,0.4375,3,0,0,142,781,1028.588028169014,10.5
20265,1.0,771,2026-02-06T08:30,COMPLETA,3892.422,270.8333333333333,152.0,241.0,661.5,2,0.4375,3,0,0,142,781,1028.588028169014,10.5
20265,1.0,772,2026-02-06T08:40,COMPLETA,4814.287,420.25,161.0,334.0,921.0,3,0.3611111111111111,4,0,1,142,781,1028.588028169014,10.5
20265,1.0,773,2026-02-06T08:50,COMPLETA,4248.7466,469.6666666666667,161.0,246.0,669.0,2,0.375,3,0,0,143,784,1024.2167832167831,10.5
20265,1.0,774,2026-02-06T09:00,COMPLETA,3733.195,469.6666666666667,161.0,246.0,669.0,2,0.375,3,0,0,143,784,1024.2167832167831,10.5
20265,1.0,775,2026-02-06T09:10,COMPLETA,4444.0321,380.125,72.5,262.0,813.0,3,0.375,4,0,0,143,784,1024.2167832167831,10.5
20265,1.0,776,2026-02-06T09:20,COMPLETA,4469.7266,380.125,72.5,262.0,813.0,3,0.375,4,0,0,144,792,1019.8506944444445,10.5
20265,1.0,777,2026-02-06T09:30,COMPLETA,5273.5277,387.2,19.0,256.0,864.0,3,0.4444444444444444,5,0,0,144,792,1019.8506944444445,10.5
20265,1.0,778,2026-02-06T09:40,COMPLETA,4882.3242,387.2,19.0,256.0,864.0,3,0.4444444444444444,5,0,0,145,802,1015.0620689655173,10.5
20265,1.0,779,2026-02-06T09:50,COMPLETA,5034.4772,387.2,19.0,256.0,804.0,3,0.4444444444444444,5,0,1,145,802,1015.0620689655173,10.5
20265,1.0,780,2026-02-06T10:00,COMPLETA,4192.141,260.0,41.5,156.0,534.0,2,0.375,3,0,0,145,802,1015.0620689655173,10.5
20265,1.0,781,2026-02-06T10:10,COMPLETA,4787.1487,380.375,182.0,307.0,880.5,3,0.3333333333333333,4,0,0,145,802,1015.0620689655173,10.5
20265,1.0,782,2026-02-06T10:20,COMPLETA,4663.5313,380.375,182.0,307.0,820.5,3,0.3333333333333333,4,0,1,145,802,1015.0620689655173,10.5
20265,1.0,783,2026-02-06T10:30,COMPLETA,4240.6051,423.8333333333333,227.0,207.0,610.5,2,0.3958333333333333,3,0,0,145,802,1015.0620689655173,10.5
20265,1.0,784,2026-02-06T10:40,COMPLETA,4214.4871,423.8333333333333,227.0,207.0,610.5,2,0.3958333333333333,3,0,0,145,802,1015.0620689655173,10.5
20265,1.0,785,2026-02-06T10:50,COMPLETA,4442.6638,423.8333333333333,227.0,207.0,610.5,2,0.3958333333333333,3,0,0,145,802,1015.0620689655173,10.5
20265,1.0,786,2026-02-06T11:00,COMPLETA,4452.4419,423.8333333333333,227.0,207.0,610.5,2,0.3958333333333333,3,0,0,145,802,1015.0620689655173,10.5
20265,1.0,787,2026-02-06T11:10,COMPLETA,4306.0601,423.8333333333333,227.0,207.0,610.5,2,0.3958333333333333,3,0,0,146,807,1014.4280821917808,10.5
20265,1.0,788,2026-02-06T11:20,COMPLETA,4201.938,423.8333333333333,227.0,207.0,610.5,2,0.3958333333333333,3,0,0,146,807,1014.4280821917808,10.5
20265,1.0,789,2026-02-06T11:30,COMPLETA,4121.4767,423.8333333333333,227.0,207.0,610.5,2,0.3958333333333333,3,0,0,147,815,1019.1598639455782,10.5
20265,1.0,790,2026-02-06T11:40,COMPLETA,6089.4334,423.8333333333333,227.0,207.0,610.5,2,0.3958333333333333,3,0,0,147,815,1019.1598639455782,10.5
20265,1.0,791,2026-02-06T11:50,COMPLETA,4894.2853,423.8333333333333,227.0,207.0,610.5,2,0.3958333333333333,3,0,0,148,823,1013.847972972973,10.5
20265,1.0,792,2026-02-06T12:00,COMPLETA,4706.1411,423.8333333333333,227.0,207.0,610.5,2,0.3958333333333333,3,0,0,148,823,1013.847972972973,10.5
20265,1.0,793,2026-02-06T12:10,COMPLETA,4897.0766,423.8333333333333,227.0,207.0,610.5,2,0.3958333333333333,3,0,0,148,823,1013.847972972973,10.5
20265,1.0,794,2026-02-06T12:20,COMPLETA,4677.9598,423.8333333333333,227.0,207.0,610.5,2,0.3958333333333333,3,0,0,148,823,1013.847972972973,10.5
20265,1.0,795,2026-02-06T12:30,COMPLETA,4713.4039,423.8333333333333,227.0,207.0,610.5,2,0.3958333333333333,3,0,0,148,823,1013.847972972973,10.5
20265,1.0,796,2026-02-06T12:40,COMPLETA,4559.799,423.8333333333333,227.0,207.0,610.5,2,0.3958333333333333,3,0,0,148,823,1013.847972972973,10.5
20265,1.0,797,2026-02-06T12:50,COMPLETA,4774.1232,423.8333333333333,227.0,207.0,610.5,2,0.3958333333333333,3,0,0,149,832,1007.1711409395973,10.5
20265,1.0,798,2026-02-06T13:00,COMPLETA,4767.2152,423.8333333333333,227.0,207.0,610.5,2,0.3958333333333333,3,0,0,149,832,1007.1711409395973,10.5
20265,1.0,799,2026-02-06T13:10,COMPLETA,4922.1807,423.8333333333333,227.0,207.0,610.5,2,0.3958333333333333,3,0,0,149,832,1007.1711409395973,10.5
20265,1.0,800,2026-02-06T13:20,COMPLETA,5002.7284,853.375,227.0,311.0,1006.5,4,0.22916666666666666,4,0,1,150,837,1002.1633333333333,10.5
20265,1.0,801,2026-02-06T13:30,COMPLETA,5102.1063,494.75,161.0,211.0,676.5,2,0.5,4,0,0,150,837,1002.1633333333333,10.5
20265,1.0,802,2026-02-06T13:40,COMPLETA,5169.3127,494.75,161.0,211.0,676.5,2,0.5,4,0,0,150,837,1002.1633333333333,10.5
20265,1.0,803,2026-02-06T13:50,COMPLETA,5061.137,494.75,161.0,211.0,676.5,2,0.5,4,0,0,150,837,1002.1633333333333,10.5
20265,1.0,804,2026-02-06T14:00,COMPLETA,5049.8205,494.75,161.0,211.0,676.5,2,0.5,4,0,0,150,837,1002.1633333333333,10.5
20265,1.0,805,2026-02-06T14:10,COMPLETA,5181.7069,494.75,161.0,211.0,676.5,2,0.5,4,0,0,150,837,1002.1633333333333,10.5
20265,1.0,806,2026-02-06T14:20,COMPLETA,5174.045,494.75,161.0,211.0,676.5,2,0.5,4,0,0,150,837,1002.1633333333333,10.5
20265,1.0,807,2026-02-06T14:30,COMPLETA,4648.1415,494.75,161.0,211.0,676.5,2,0.5,4,0,0,150,837,1002.1633333333333,10.5
20265,1.0,808,2026-02-06T14:40,COMPLETA,4920.2889,494.75,161.0,211.0,676.5,2,0.5,4,0,0,151,840,1009.2847682119206,10.5
20265,1.0,809,2026-02-06T14:50,COMPLETA,4707.5732,494.75,161.0,211.0,676.5,2,0.5,4,0,0,151,840,1009.2847682119206,10.5
20265,1.0,810,2026-02-06T15:00,COMPLETA,5237.6365,494.75,161.0,211.0,676.5,2,0.5,4,0,2,151,840,1009.2847682119206,10.5
20265,1.0,811,2026-02-06T15:10,SIN_DEMANDA,0,,,,,,,0,0,0,151,840,1009.2847682119206,10.5
20265,1.0,812,2026-02-06T15:20,COMPLETA,2605.6864,1582.0,1582.0,55.0,202.5,1,0.2916666666666667,1,0,0,151,840,1009.2847682119206,10.5
20265,1.0,813,2026-02-06T15:30,COMPLETA,4495.384,1241.5,68.0,186.0,639.0,3,0.2222222222222222,3,0,2,151,840,1009.2847682119206,10.5
20265,1.0,814,2026-02-06T15:40,COMPLETA,2469.4039,1582.0,1582.0,55.0,202.5,1,0.2916666666666667,1,0,0,151,840,1009.2847682119206,10.5
20265,1.0,815,2026-02-06T15:50,COMPLETA,2272.2052,1582.0,1582.0,55.0,202.5,1,0.2916666666666667,1,0,0,151,840,1009.2847682119206,10.5
20265,1.0,816,2026-02-06T16:00,COMPLETA,2405.3863,1582.0,1582.0,55.0,202.5,1,0.2916666666666667,1,0,0,151,840,1009.2847682119206,10.5
20265,1.0,817,2026-02-06T16:10,COMPLETA,4184.5449,1526.5,1471.0,119.0,358.5,1,0.5,2,0,0,151,840,1009.2847682119206,10.5
20265,1.0,818,2026-02-06T16:20,COMPLETA,4471.1082,1526.5,1471.0,119.0,358.5,1,0.5,2,0,0,151,840,1009.2847682119206,10.5
20265,1.0,819,2026-02-06T16:30,COMPLETA,4521.486,1526.5,1471.0,119.0,358.5,1,0.5,2,0,0,151,840,1009.2847682119206,10.5
20265,1.0,820,2026-02-06T16:40,COMPLETA,5527.5442,1192.3333333333333,524.0,205.0,607.5,2,0.4375,3,0,0,151,840,1009.2847682119206,10.5
20265,1.0,821,2026-02-06T16:50,COMPLETA,5074.7148,1192.3333333333333,524.0,205.0,607.5,2,0.4375,3,0,0,151,840,1009.2847682119206,10.5
20265,1.0,822,2026-02-06T17:00,COMPLETA,5215.2162,1192.3333333333333,524.0,205.0,607.5,2,0.4375,3,0,0,152,841,1016.2927631578947,10.5
20265,1.0,823,2026-02-06T17:10,COMPLETA,5022.2346,930.375,144.5,251.0,736.5,3,0.3194444444444444,4,0,1,152,841,1016.2927631578947,10.5
20265,1.0,824,2026-02-06T17:20,COMPLETA,5134.1421,1192.3333333333333,524.0,205.0,607.5,2,0.4375,3,0,0,152,841,1016.2927631578947,10.5
20265,1.0,825,2026-02-06T17:30,COMPLETA,4780.769,1192.3333333333333,524.0,205.0,607.5,2,0.4375,3,0,0,153,846,1015.1372549019608,10.5
20265,1.0,826,2026-02-06T17:40,COMPLETA,5117.0503,1192.3333333333333,524.0,205.0,607.5,2,0.4375,3,0,0,153,846,1015.1372549019608,10.5
20265,1.0,827,2026-02-06T17:50,COMPLETA,5103.6313,1192.3333333333333,524.0,205.0,607.5,2,0.4375,3,0,0,153,846,1015.1372549019608,10.5
20265,1.0,828,2026-02-06T18:00,COMPLETA,5018.0181,1192.3333333333333,524.0,205.0,607.5,2,0.4375,3,0,0,154,852,1012.512987012987,10.5
20265,1.0,829,2026-02-06T18:10,COMPLETA,4958.1551,1192.3333333333333,524.0,205.0,607.5,2,0.4375,3,0,0,154,852,1012.512987012987,10.5
20265,1.0,830,2026-02-06T18:20,COMPLETA,5150.8563,1192.3333333333333,524.0,205.0,607.5,2,0.4375,3,0,0,155,860,1006.4193548387096,10.5
20265,1.0,831,2026-02-06T18:30,COMPLETA,5120.7207,1192.3333333333333,524.0,205.0,607.5,2,0.4375,3,0,0,155,860,1006.4193548387096,10.5
20265,1.0,832,2026-02-06T18:40,COMPLETA,5079.5625,1192.3333333333333,524.0,205.0,607.5,2,0.4375,3,0,0,156,867,1002.3237179487179,10.5
20265,1.0,833,2026-02-06T18:50,COMPLETA,5255.3323,1192.3333333333333,524.0,205.0,607.5,2,0.4375,3,0,0,157,869,996.859872611465,10.5
20265,1.0,834,2026-02-06T19:00,COMPLETA,5358.9875,1251.5,701.5,207.0,601.0,2,0.4375,3,0,1,157,869,996.859872611465,10.5
20265,1.0,835,2026-02-06T19:10,COMPLETA,5324.6996,1104.6666666666667,208.0,239.0,658.5,2,0.3958333333333333,3,0,0,157,869,996.859872611465,10.5
20265,1.0,836,2026-02-06T19:20,COMPLETA,5234.986,981.5,208.0,295.0,802.5,3,0.3055555555555556,4,0,1,157,869,996.859872611465,10.5
20265,1.0,837,2026-02-06T19:30,COMPLETA,5239.0007,1104.6666666666667,208.0,239.0,658.5,2,0.3958333333333333,3,0,0,157,869,996.859872611465,10.5
20265,1.0,838,2026-02-06T19:40,COMPLETA,5119.1775,1104.6666666666667,208.0,239.0,658.5,2,0.3958333333333333,3,0,0,157,869,996.859872611465,10.5
20265,1.0,839,2026-02-06T19:50,COMPLETA,5465.422,1104.6666666666667,208.0,239.0,658.5,2,0.3958333333333333,3,0,0,157,869,996.859872611465,10.5
20265,1.0,840,2026-02-06T20:00,COMPLETA,4947.6706,1104.6666666666667,208.0,239.0,658.5,2,0.3958333333333333,3,0,0,157,869,996.859872611465,10.5
20265,1.0,841,2026-02-06T20:10,COMPLETA,5241.0477,1104.6666666666667,208.0,239.0,658.5,2,0.3958333333333333,3,0,0,157,869,996.859872611465,10.5
20265,1.0,842,2026-02-06T20:20,COMPLETA,5171.3741,1104.6666666666667,208.0,239.0,658.5,2,0.3958333333333333,3,0,0,157,869,996.859872611465,10.5
20265,1.0,843,2026-02-06T20:30,COMPLETA,5123.6084,1104.6666666666667,208.0,239.0,658.5,2,0.3958333333333333,3,0,0,157,869,996.859872611465,10.5
20265,1.0,844,2026-02-06T20:40,COMPLETA,5246.7959,1104.6666666666667,208.0,239.0,658.5,2,0.3958333333333333,3,0,0,158,875,991.5696202531645,10.5
20265,1.0,845,2026-02-06T20:50,COMPLETA,4972.5178,1104.6666666666667,208.0,239.0,658.5,2,0.3958333333333333,3,0,0,158,875,991.5696202531645,10.5
20265,1.0,846,2026-02-06T21:00,COMPLETA,5166.596,1104.6666666666667,208.0,239.0,658.5,2,0.3958333333333333,3,0,0,158,875,991.5696202531645,10.5
20265,1.0,847,2026-02-06T21:10,COMPLETA,5638.1894,1104.6666666666667,208.0,239.0,658.5,2,0.3958333333333333,3,0,0,159,878,989.1823899371069,10.5
20265,1.0,848,2026-02-06T21:20,COMPLETA,5059.3172,1104.6666666666667,208.0,239.0,658.5,2,0.3958333333333333,3,0,0,159,878,989.1823899371069,10.5
20265,1.0,849,2026-02-06T21:30,COMPLETA,5379.734,1104.6666666666667,208.0,239.0,658.5,2,0.3958333333333333,3,0,0,159,878,989.1823899371069,10.5
20265,1.0,850,2026-02-06T21:40,COMPLETA,5298.7468,1104.6666666666667,208.0,239.0,658.5,2,0.3958333333333333,3,0,0,159,878,989.1823899371069,10.5
20265,1.0,851,2026-02-06T21:50,COMPLETA,5385.6734,1104.6666666666667,208.0,239.0,658.5,2,0.3958333333333333,3,0,0,159,878,989.1823899371069,10.5
20265,1.0,852,2026-02-06T22:00,COMPLETA,6399.2489,832.1,277.0,217.0,805.5,3,0.3472222222222222,5,0,0,159,878,989.1823899371069,10.5
20265,1.0,853,2026-02-06T22:10,COMPLETA,6340.8251,832.1,277.0,217.0,805.5,3,0.3472222222222222,5,0,0,159,878,989.1823899371069,10.5
20265,1.0,854,2026-02-06T22:20,COMPLETA,7814.5792,744.5,277.0,272.0,1008.0,4,0.3125,6,0,0,159,878,989.1823899371069,10.5
20265,1.0,855,2026-02-06T22:30,COMPLETA,8257.9442,666.9285714285714,271.5,333.0,1159.5,4,0.375,7,0,0,159,878,989.1823899371069,10.5
20265,1.0,856,2026-02-06T22:40,COMPLETA,8556.3979,666.9285714285714,271.5,333.0,1159.5,4,0.375,7,0,0,159,878,989.1823899371069,10.5
20265,1.0,857,2026-02-06T22:50,COMPLETA,8824.1355,666.9285714285714,271.5,333.0,1159.5,4,0.375,7,0,0,159,878,989.1823899371069,10.5
20265,1.0,858,2026-02-06T23:00,COMPLETA,8530.9105,666.9285714285714,271.5,333.0,1159.5,4,0.375,7,0,3,160,887,987.384375,10.5
20265,1.0,859,2026-02-06T23:10,COMPLETA,4730.9384,462.5,55.0,243.0,724.5,3,0.2638888888888889,3,0,2,160,887,987.384375,10.5
20265,1.0,860,2026-02-06T23:20,COMPLETA,3753.5949,1551.5,1037.5,136.0,444.0,2,0.1875,2,0,1,160,887,987.384375,10.5
20265,1.0,861,2026-02-06T23:30,COMPLETA,2788.5346,1037.5,1037.5,98.0,267.0,1,0.2916666666666667,1,0,0,160,887,987.384375,10.5
20265,1.0,862,2026-02-06T23:40,COMPLETA,2583.1639,1037.5,1037.5,98.0,267.0,1,0.2916666666666667,1,0,0,160,887,987.384375,10.5
20265,1.0,863,2026-02-06T23:50,COMPLETA,2541.3305,1037.5,1037.5,98.0,267.0,1,0.2916666666666667,1,0,0,160,887,987.384375,10.5
20265,1.0,864,2026-02-07T00:00,COMPLETA,2477.617,1037.5,1037.5,98.0,267.0,1,0.2916666666666667,1,0,0,160,887,987.384375,10.5
20265,1.0,865,2026-02-07T00:10,COMPLETA,2734.3158,1037.5,1037.5,98.0,267.0,1,0.2916666666666667,1,0,0,161,892,983.3757763975156,10.5
20265,1.0,866,2026-02-07T00:20,COMPLETA,2522.1877,1037.5,1037.5,98.0,267.0,1,0.2916666666666667,1,0,0,161,892,983.3757763975156,10.5
20265,1.0,867,2026-02-07T00:30,COMPLETA,2701.6238,1037.5,1037.5,98.0,267.0,1,0.2916666666666667,1,0,0,161,892,983.3757763975156,10.5
20265,1.0,868,2026-02-07T00:40,COMPLETA,4585.3736,531.5,157.5,181.0,571.5,2,0.4375,3,0,0,162,893,980.7716049382716,10.5
20265,1.0,869,2026-02-07T00:50,COMPLETA,4424.9903,531.5,157.5,181.0,571.5,2,0.4375,3,0,0,163,895,987.4263803680982,10.5
20265,1.0,870,2026-02-07T01:00,COMPLETA,4687.3786,531.5,157.5,181.0,571.5,2,0.4375,3,0,0,163,895,987.4263803680982,10.5
20265,1.0,871,2026-02-07T01:10,COMPLETA,4600.4802,531.5,157.5,181.0,571.5,2,0.4375,3,0,0,163,895,987.4263803680982,10.5
20265,1.0,872,2026-02-07T01:20,COMPLETA,4806.3463,531.5,157.5,181.0,571.5,2,0.4375,3,0,0,163,895,987.4263803680982,10.5
20265,1.0,873,2026-02-07T01:30,COMPLETA,4640.4989,531.5,157.5,181.0,571.5,2,0.4375,3,0,0,164,900,983.204268292683,10.5
20265,1.0,874,2026-02-07T01:40,COMPLETA,4842.9988,917.25,157.5,211.0,676.5,3,0.3055555555555556,4,0,1,164,900,983.204268292683,10.5
20265,1.0,875,2026-02-07T01:50,COMPLETA,4735.2664,434.0,141.5,227.0,700.5,3,0.3055555555555556,4,0,1,164,900,983.204268292683,10.5
20265,1.0,876,2026-02-07T02:00,COMPLETA,4491.8621,531.5,157.5,181.0,571.5,2,0.4375,3,0,0,165,906,978.8909090909091,10.5
20265,1.0,877,2026-02-07T02:10,COMPLETA,4512.8443,531.5,157.5,181.0,571.5,2,0.4375,3,0,0,165,906,978.8909090909091,10.5
20265,1.0,878,2026-02-07T02:20,COMPLETA,4506.1248,531.5,157.5,181.0,571.5,2,0.4375,3,0,0,166,913,973.3253012048193,10.5
20265,1.0,879,2026-02-07T02:30,COMPLETA,4618.3538,531.5,157.5,181.0,511.5,2,0.4375,3,0,1,166,913,973.3253012048193,10.5
20265,1.0,880,2026-02-07T02:40,COMPLETA,4103.6163,554.0,157.5,116.0,354.0,1,0.625,2,0,0,167,920,969.1287425149701,10.5
20265,1.0,881,2026-02-07T02:50,COMPLETA,4231.8204,554.0,157.5,116.0,354.0,1,0.625,2,0,0,167,920,969.1287425149701,10.5
20265,1.0,882,2026-02-07T03:00,COMPLETA,4018.8466,554.0,157.5,116.0,354.0,1,0.625,2,0,0,167,920,969.1287425149701,10.5
20265,1.0,883,2026-02-07T03:10,COMPLETA,4158.1963,554.0,157.5,116.0,354.0,1,0.625,2,0,0,168,921,975.7083333333334,10.5
20265,1.0,884,2026-02-07T03:20,COMPLETA,4118.7804,554.0,157.5,116.0,354.0,1,0.625,2,0,0,168,921,975.7083333333334,10.5
20265,1.0,885,2026-02-07T03:30,COMPLETA,4196.2372,554.0,157.5,116.0,354.0,1,0.625,2,0,0,170,927,973.7676470588235,10.5
20265,1.0,886,2026-02-07T03:40,COMPLETA,4145.1298,554.0,157.5,116.0,354.0,1,0.625,2,0,0,170,927,973.7676470588235,10.5
20265,1.0,887,2026-02-07T03:50,COMPLETA,4102.9941,554.0,157.5,116.0,354.0,1,0.625,2,0,0,170,927,973.7676470588235,10.5
20265,1.0,888,2026-02-07T04:00,COMPLETA,4085.5298,554.0,157.5,116.0,354.0,1,0.625,2,0,0,170,927,973.7676470588235,10.5
20265,1.0,889,2026-02-07T04:10,COMPLETA,4287.5563,554.0,157.5,116.0,354.0,1,0.625,2,0,0,170,927,973.7676470588235,10.5
20265,1.0,890,2026-02-07T04:20,COMPLETA,3767.6655,554.0,157.5,116.0,354.0,1,0.625,2,0,0,170,927,973.7676470588235,10.5
20265,1.0,891,2026-02-07T04:30,COMPLETA,4101.4222,554.0,157.5,116.0,354.0,1,0.625,2,0,0,171,933,970.9181286549708,10.5
20265,1.0,892,2026-02-07T04:40,COMPLETA,3925.036,554.0,157.5,116.0,354.0,1,0.625,2,0,0,171,933,970.9181286549708,10.5
20265,1.0,893,2026-02-07T04:50,COMPLETA,4041.3047,554.0,157.5,116.0,354.0,1,0.625,2,0,0,171,933,970.9181286549708,10.5
20265,1.0,894,2026-02-07T05:00,COMPLETA,4126.6864,554.0,157.5,116.0,354.0,1,0.625,2,0,0,171,933,970.9181286549708,10.5
20265,1.0,895,2026-02-07T05:10,COMPLETA,4329.0669,554.0,157.5,116.0,354.0,1,0.625,2,0,0,171,933,970.9181286549708,10.5
20265,1.0,896,2026-02-07T05:20,COMPLETA,4833.8897,440.1666666666667,157.5,211.0,616.5,2,0.4791666666666667,3,0,0,171,933,970.9181286549708,10.5
20265,1.0,897,2026-02-07T05:30,COMPLETA,4725.502,440.1666666666667,157.5,211.0,616.5,2,0.4791666666666667,3,0,0,171,933,970.9181286549708,10.5
20265,1.0,898,2026-02-07T05:40,COMPLETA,4627.4256,440.1666666666667,157.5,211.0,616.5,2,0.4791666666666667,3,0,0,171,933,970.9181286549708,10.5
20265,1.0,899,2026-02-07T05:50,COMPLETA,4585.2466,440.1666666666667,157.5,211.0,616.5,2,0.4791666666666667,3,0,0,171,933,970.9181286549708,10.5
20265,1.0,900,2026-02-07T06:00,COMPLETA,4644.4781,440.1666666666667,157.5,211.0,616.5,2,0.4791666666666667,3,0,0,171,933,970.9181286549708,10.5
20265,1.0,901,2026-02-07T06:10,COMPLETA,4638.243,440.1666666666667,157.5,211.0,616.5,2,0.4791666666666667,3,0,0,171,933,970.9181286549708,10.5
20265,1.0,902,2026-02-07T06:20,COMPLETA,4495.8386,440.1666666666667,157.5,211.0,616.5,2,0.4791666666666667,3,0,0,171,933,970.9181286549708,10.5
20265,1.0,903,2026-02-07T06:30,COMPLETA,4389.9559,440.1666666666667,157.5,211.0,616.5,2,0.4791666666666667,3,0,0,171,933,970.9181286549708,10.5
20265,1.0,904,2026-02-07T06:40,COMPLETA,4796.4422,348.75,74.5,278.0,837.0,3,0.4444444444444444,4,0,0,171,933,970.9181286549708,10.5
20265,1.0,905,2026-02-07T06:50,COMPLETA,4906.8775,348.75,74.5,278.0,837.0,3,0.4444444444444444,4,0,0,171,933,970.9181286549708,10.5
20265,1.0,906,2026-02-07T07:00,COMPLETA,4893.7006,348.75,74.5,278.0,837.0,3,0.4444444444444444,4,0,3,171,933,970.9181286549708,10.5
20265,1.0,907,2026-02-07T07:10,SIN_DEMANDA,0,,,,,,,0,0,0,171,933,970.9181286549708,10.5
20265,1.0,908,2026-02-07T07:20,SIN_DEMANDA,0,,,,,,,0,0,0,171,933,970.9181286549708,10.5
20265,1.0,909,2026-02-07T07:30,COMPLETA,1471.4015,1005.0,1005.0,16.0,144.0,1,0.125,1,0,1,171,933,970.9181286549708,10.5
20265,1.0,910,2026-02-07T07:40,COMPLETA,1751.41,372.0,372.0,60.0,210.0,1,0.16666666666666666,1,0,1,171,933,970.9181286549708,10.5
20265,1.0,911,2026-02-07T07:50,COMPLETA,2433.6595,1552.5,1552.5,106.0,279.0,1,0.25,1,0,0,171,933,970.9181286549708,10.5
20265,1.0,912,2026-02-07T08:00,COMPLETA,2403.6081,1552.5,1552.5,106.0,279.0,1,0.25,1,0,0,171,933,970.9181286549708,10.5
20265,1.0,913,2026-02-07T08:10,COMPLETA,2714.6066,1552.5,1552.5,106.0,279.0,1,0.25,1,0,0,171,933,970.9181286549708,10.5
20265,1.0,914,2026-02-07T08:20,COMPLETA,2434.6509,1552.5,1552.5,106.0,279.0,1,0.25,1,0,0,171,933,970.9181286549708,10.5
20265,1.0,915,2026-02-07T08:30,COMPLETA,2496.9113,1552.5,1552.5,106.0,279.0,1,0.25,1,0,0,171,933,970.9181286549708,10.5
20265,1.0,916,2026-02-07T08:40,COMPLETA,2326.5113,1552.5,1552.5,106.0,279.0,1,0.25,1,0,0,171,933,970.9181286549708,10.5
20265,1.0,917,2026-02-07T08:50,COMPLETA,4223.9941,885.25,218.0,160.0,480.0,2,0.2708333333333333,2,0,0,172,936,971.1162790697674,10.5
20265,1.0,918,2026-02-07T09:00,COMPLETA,4260.5604,595.6666666666666,16.5,217.0,685.5,3,0.3055555555555556,3,0,0,172,936,971.1162790697674,10.5
20265,1.0,919,2026-02-07T09:10,COMPLETA,4443.1367,595.6666666666666,16.5,217.0,685.5,3,0.3055555555555556,3,0,0,172,936,971.1162790697674,10.5
20265,1.0,920,2026-02-07T09:20,COMPLETA,4558.7355,595.6666666666666,16.5,217.0,685.5,3,0.3055555555555556,3,0,0,172,936,971.1162790697674,10.5
20265,1.0,921,2026-02-07T09:30,COMPLETA,4557.3174,541.5,16.5,285.0,847.5,3,0.4444444444444444,4,0,0,174,949,962.5201149425287,10.5
20265,1.0,922,2026-02-07T09:40,COMPLETA,4762.5267,541.5,16.5,285.0,847.5,3,0.4444444444444444,4,0,0,174,949,962.5201149425287,10.5
20265,1.0,923,2026-02-07T09:50,COMPLETA,4919.3772,541.5,16.5,285.0,847.5,3,0.4444444444444444,4,0,0,175,957,958.2342857142858,10.5
20265,1.0,924,2026-02-07T10:00,COMPLETA,4483.5279,541.5,16.5,285.0,847.5,3,0.4444444444444444,4,0,0,176,965,953.6846590909091,10.5
20265,1.0,925,2026-02-07T10:10,COMPLETA,4611.1857,541.5,16.5,285.0,847.5,3,0.4444444444444444,4,0,0,176,965,953.6846590909091,10.5
20265,1.0,926,2026-02-07T10:20,COMPLETA,4934.9923,541.5,16.5,285.0,847.5,3,0.4444444444444444,4,0,0,176,965,953.6846590909091,10.5
20265,1.0,927,2026-02-07T10:30,COMPLETA,4748.5829,541.5,16.5,285.0,787.5,3,0.4444444444444444,4,0,0,176,965,953.6846590909091,10.5
20265,1.0,928,2026-02-07T10:40,COMPLETA,4622.9678,509.9,16.5,327.0,910.5,4,0.3541666666666667,5,0,2,176,965,953.6846590909091,10.5
20265,1.0,929,2026-02-07T10:50,COMPLETA,4235.6974,716.5,218.0,228.0,582.0,2,0.4791666666666667,3,0,0,176,965,953.6846590909091,10.5
20265,1.0,930,2026-02-07T11:00,COMPLETA,3654.463,716.5,218.0,228.0,582.0,2,0.4791666666666667,3,0,0,176,965,953.6846590909091,10.5
20265,1.0,931,2026-02-07T11:10,COMPLETA,3865.1529,1050.375,218.0,292.0,738.0,3,0.3333333333333333,4,0,1,176,965,953.6846590909091,10.5
20265,1.0,932,2026-02-07T11:20,COMPLETA,3729.6981,716.5,218.0,228.0,582.0,2,0.4791666666666667,3,0,1,176,965,953.6846590909091,10.5
20265,1.0,933,2026-02-07T11:30,COMPLETA,3501.4579,965.75,379.0,174.0,441.0,1,0.6666666666666666,2,0,0,177,972,953.6666666666666,10.5
20265,1.0,934,2026-02-07T11:40,COMPLETA,3547.5287,965.75,379.0,174.0,441.0,1,0.6666666666666666,2,0,0,177,972,953.6666666666666,10.5
20265,1.0,935,2026-02-07T11:50,COMPLETA,3553.3711,965.75,379.0,174.0,441.0,1,0.6666666666666666,2,0,0,177,972,953.6666666666666,10.5
20265,1.0,936,2026-02-07T12:00,COMPLETA,3666.5261,1329.3333333333333,379.0,224.0,576.0,2,0.3541666666666667,3,0,1,177,972,953.6666666666666,10.5
20265,1.0,937,2026-02-07T12:10,COMPLETA,3418.2065,965.75,379.0,174.0,441.0,1,0.6666666666666666,2,0,0,177,972,953.6666666666666,10.5
20265,1.0,938,2026-02-07T12:20,COMPLETA,3475.5414,692.8333333333334,147.0,210.0,555.0,2,0.375,3,0,1,178,974,950.4634831460675,10.5
20265,1.0,939,2026-02-07T12:30,COMPLETA,3183.3828,965.75,379.0,174.0,441.0,1,0.6666666666666666,2,0,0,178,974,950.4634831460675,10.5
20265,1.0,940,2026-02-07T12:40,COMPLETA,3979.3051,1308.3333333333333,442.0,199.0,598.5,2,0.5208333333333334,3,0,0,179,983,945.245810055866,10.5
20265,1.0,941,2026-02-07T12:50,COMPLETA,3880.7252,1308.3333333333333,442.0,199.0,598.5,2,0.5208333333333334,3,0,0,179,983,945.245810055866,10.5
20265,1.0,942,2026-02-07T13:00,COMPLETA,4085.7095,1308.3333333333333,442.0,199.0,598.5,2,0.5208333333333334,3,0,0,180,984,951.3944444444444,10.5
20265,1.0,943,2026-02-07T13:10,COMPLETA,4365.146,1228.5,442.0,239.0,718.5,3,0.4027777777777778,4,0,1,181,991,947.3425414364641,10.5
20265,1.0,944,2026-02-07T13:20,COMPLETA,4394.7815,1308.3333333333333,442.0,199.0,598.5,2,0.5208333333333334,3,0,0,181,991,947.3425414364641,10.5
20265,1.0,945,2026-02-07T13:30,COMPLETA,5207.6202,1546.6,442.0,253.0,859.5,3,0.5277777777777778,5,0,0,181,991,947.3425414364641,10.5
20265,1.0,946,2026-02-07T13:40,COMPLETA,5113.7863,1546.6,442.0,253.0,859.5,3,0.5277777777777778,5,0,0,182,992,953.4368131868132,10.5
20265,1.0,947,2026-02-07T13:50,COMPLETA,5226.3507,1546.6,442.0,253.0,859.5,3,0.5277777777777778,5,0,0,183,994,949.0300546448087,10.5
20265,1.0,948,2026-02-07T14:00,COMPLETA,5145.543,1546.6,442.0,253.0,859.5,3,0.5277777777777778,5,0,0,183,994,949.0300546448087,10.5
20265,1.0,949,2026-02-07T14:10,COMPLETA,4910.7755,1546.6,442.0,253.0,859.5,3,0.5277777777777778,5,0,0,183,994,949.0300546448087,10.5
20265,1.0,950,2026-02-07T14:20,COMPLETA,4860.579,1546.6,442.0,253.0,859.5,3,0.5277777777777778,5,0,0,183,994,949.0300546448087,10.5
20265,1.0,951,2026-02-07T14:30,COMPLETA,4844.4304,1546.6,442.0,253.0,859.5,3,0.5277777777777778,5,0,0,183,994,949.0300546448087,10.5
20265,1.0,952,2026-02-07T14:40,COMPLETA,4662.6117,1546.6,442.0,253.0,859.5,3,0.5277777777777778,5,0,0,184,998,949.2472826086956,10.5
20265,1.0,953,2026-02-07T14:50,COMPLETA,4519.5367,1546.6,442.0,253.0,859.5,3,0.5277777777777778,5,0,0,184,998,949.2472826086956,10.5
20265,1.0,954,2026-02-07T15:00,COMPLETA,4402.2003,1546.6,442.0,253.0,859.5,3,0.5277777777777778,5,0,3,184,998,949.2472826086956,10.5
20265,1.0,955,2026-02-07T15:10,SIN_DEMANDA,0,,,,,,,0,0,0,184,998,949.2472826086956,10.5
20265,1.0,956,2026-02-07T15:20,SIN_DEMANDA,0,,,,,,,0,0,0,184,998,949.2472826086956,10.5
20265,1.0,957,2026-02-07T15:30,SIN_DEMANDA,0,,,,,,,0,0,0,184,998,949.2472826086956,10.5
20265,1.0,958,2026-02-07T15:40,SIN_DEMANDA,0,,,,,,,0,0,0,184,998,949.2472826086956,10.5
20265,1.0,959,2026-02-07T15:50,COMPLETA,1714.6653,327.5,327.5,75.0,232.5,1,0.2916666666666667,1,0,1,184,998,949.2472826086956,10.5
20265,1.0,960,2026-02-07T16:00,SIN_DEMANDA,0,,,,,,,0,0,0,184,998,949.2472826086956,10.5
20265,1.0,961,2026-02-07T16:10,SIN_DEMANDA,0,,,,,,,0,0,0,184,998,949.2472826086956,10.5
20265,1.0,962,2026-02-07T16:20,SIN_DEMANDA,0,,,,,,,0,0,0,185,1001,954.8837837837838,10.5
20265,1.0,963,2026-02-07T16:30,COMPLETA,1798.3386,193.5,193.5,40.0,180.0,1,0.25,1,0,0,185,1001,954.8837837837838,10.5
20265,1.0,964,2026-02-07T16:40,COMPLETA,2010.2339,193.5,193.5,40.0,180.0,1,0.25,1,0,0,185,1001,954.8837837837838,10.5
20265,1.0,965,2026-02-07T16:50,COMPLETA,1987.2231,193.5,193.5,40.0,180.0,1,0.25,1,0,0,185,1001,954.8837837837838,10.5
20265,1.0,966,2026-02-07T17:00,COMPLETA,1730.6367,193.5,193.5,40.0,180.0,1,0.25,1,0,0,186,1007,958.4112903225806,10.5
20265,1.0,967,2026-02-07T17:10,COMPLETA,1822.9216,193.5,193.5,40.0,180.0,1,0.25,1,0,0,186,1007,958.4112903225806,10.5
20265,1.0,968,2026-02-07T17:20,COMPLETA,1855.1648,193.5,193.5,40.0,180.0,1,0.25,1,0,0,186,1007,958.4112903225806,10.5
20265,1.0,969,2026-02-07T17:30,COMPLETA,3379.7444,914.0,193.5,158.0,477.0,2,0.22916666666666666,2,0,0,187,1016,963.2967914438502,10.5
20265,1.0,970,2026-02-07T17:40,COMPLETA,3261.8504,914.0,193.5,158.0,477.0,2,0.22916666666666666,2,0,0,187,1016,963.2967914438502,10.5
20265,1.0,971,2026-02-07T17:50,COMPLETA,3291.8155,914.0,193.5,158.0,477.0,2,0.22916666666666666,2,0,0,187,1016,963.2967914438502,10.5
20265,1.0,972,2026-02-07T18:00,COMPLETA,3265.2734,914.0,193.5,158.0,477.0,2,0.22916666666666666,2,0,0,187,1016,963.2967914438502,10.5
20265,1.0,973,2026-02-07T18:10,COMPLETA,3394.5383,914.0,193.5,158.0,477.0,2,0.22916666666666666,2,0,0,187,1016,963.2967914438502,10.5
20265,1.0,974,2026-02-07T18:20,COMPLETA,3395.8251,914.0,193.5,158.0,477.0,2,0.22916666666666666,2,0,0,188,1023,959.9148936170212,10.5
20265,1.0,975,2026-02-07T18:30,COMPLETA,3690.386,914.0,193.5,158.0,477.0,2,0.22916666666666666,2,0,0,188,1023,959.9148936170212,10.5
20265,1.0,976,2026-02-07T18:40,COMPLETA,3827.0908,914.0,193.5,158.0,477.0,2,0.22916666666666666,2,0,0,188,1023,959.9148936170212,10.5
20265,1.0,977,2026-02-07T18:50,COMPLETA,4050.0997,604.375,193.5,218.0,687.0,3,0.2777777777777778,4,0,1,188,1023,959.9148936170212,10.5
20265,1.0,978,2026-02-07T19:00,COMPLETA,3890.792,681.0,193.5,160.0,540.0,2,0.3333333333333333,3,0,0,188,1023,959.9148936170212,10.5
20265,1.0,979,2026-02-07T19:10,COMPLETA,3623.276,681.0,193.5,160.0,540.0,2,0.3333333333333333,3,0,0,189,1033,964.4444444444445,10.5
20265,1.0,980,2026-02-07T19:20,COMPLETA,3638.4356,681.0,193.5,160.0,480.0,2,0.3333333333333333,3,0,0,189,1033,964.4444444444445,10.5
20265,1.0,981,2026-02-07T19:30,COMPLETA,4133.7519,956.125,193.5,286.0,789.0,3,0.3333333333333333,4,0,0,189,1033,964.4444444444445,10.5
20265,1.0,982,2026-02-07T19:40,COMPLETA,3897.3243,956.125,193.5,286.0,789.0,3,0.3333333333333333,4,0,1,189,1033,964.4444444444445,10.5
20265,1.0,983,2026-02-07T19:50,COMPLETA,3786.4655,1210.3333333333333,272.0,246.0,669.0,2,0.375,3,0,0,189,1033,964.4444444444445,10.5
20265,1.0,984,2026-02-07T20:00,COMPLETA,3749.0018,1210.3333333333333,272.0,246.0,669.0,2,0.375,3,0,0,189,1033,964.4444444444445,10.5
20265,1.0,985,2026-02-07T20:10,COMPLETA,3697.9629,1210.3333333333333,272.0,246.0,669.0,2,0.375,3,0,0,190,1043,961.6947368421053,10.5
20265,1.0,986,2026-02-07T20:20,COMPLETA,4056.1709,1210.3333333333333,272.0,246.0,669.0,2,0.375,3,0,0,190,1043,961.6947368421053,10.5
20265,1.0,987,2026-02-07T20:30,COMPLETA,3709.7097,1210.3333333333333,272.0,246.0,669.0,2,0.375,3,0,0,190,1043,961.6947368421053,10.5
20265,1.0,988,2026-02-07T20:40,COMPLETA,3854.4024,1210.3333333333333,272.0,246.0,669.0,2,0.375,3,0,0,191,1047,958.6204188481676,10.5
20265,1.0,989,2026-02-07T20:50,COMPLETA,3707.7027,1210.3333333333333,272.0,246.0,669.0,2,0.375,3,0,0,191,1047,958.6204188481676,10.5
20265,1.0,990,2026-02-07T21:00,COMPLETA,3910.07,1210.3333333333333,272.0,246.0,669.0,2,0.375,3,0,0,191,1047,958.6204188481676,10.5
20265,1.0,991,2026-02-07T21:10,COMPLETA,4115.4805,1078.75,119.0,256.0,744.0,2,0.5,4,0,0,191,1047,958.6204188481676,10.5
20265,1.0,992,2026-02-07T21:20,COMPLETA,5206.2051,1038.8333333333333,35.5,402.0,1203.0,4,0.4375,6,0,0,192,1053,954.6354166666666,10.5
20265,1.0,993,2026-02-07T21:30,COMPLETA,5438.5723,914.7142857142857,35.5,434.0,1311.0,5,0.375,7,0,1,192,1053,954.6354166666666,10.5
20265,1.0,994,2026-02-07T21:40,COMPLETA,5549.7695,1038.8333333333333,35.5,402.0,1203.0,4,0.4375,6,0,0,192,1053,954.6354166666666,10.5
20265,1.0,995,2026-02-07T21:50,COMPLETA,5206.9239,1038.8333333333333,35.5,402.0,1203.0,4,0.4375,6,0,0,192,1053,954.6354166666666,10.5
20265,1.0,996,2026-02-07T22:00,COMPLETA,5504.3662,1038.8333333333333,35.5,402.0,1203.0,4,0.4375,6,0,0,192,1053,954.6354166666666,10.5
20265,1.0,997,2026-02-07T22:10,COMPLETA,5353.6403,1038.8333333333333,35.5,402.0,1203.0,4,0.4375,6,0,0,192,1053,954.6354166666666,10.5
20265,1.0,998,2026-02-07T22:20,COMPLETA,5876.7174,994.1428571428571,35.5,381.0,1291.5,5,0.375,7,0,0,192,1053,954.6354166666666,10.5
20265,1.0,999,2026-02-07T22:30,COMPLETA,5769.2393,994.1428571428571,35.5,381.0,1291.5,5,0.375,7,0,0,192,1053,954.6354166666666,10.5
20265,1.0,1000,2026-02-07T22:40,COMPLETA,5860.72,994.1428571428571,35.5,381.0,1291.5,5,0.375,7,0,0,192,1053,954.6354166666666,10.5
20265,1.0,1001,2026-02-07T22:50,COMPLETA,5887.796,994.1428571428571,35.5,381.0,1291.5,5,0.375,7,0,0,192,1053,954.6354166666666,10.5
20265,1.0,1002,2026-02-07T23:00,COMPLETA,5746.83,994.1428571428571,35.5,381.0,1291.5,5,0.375,7,0,5,193,1056,950.4922279792746,10.5
20265,1.0,1003,2026-02-07T23:10,SIN_DEMANDA,0,,,,,,,0,0,0,193,1056,950.4922279792746,10.5
20265,1.0,1004,2026-02-07T23:20,COMPLETA,1484.0562,924.0,924.0,81.0,241.5,1,0.16666666666666666,1,0,1,193,1056,950.4922279792746,10.5
20265,1.0,1005,2026-02-07T23:30,SIN_DEMANDA,0,,,,,,,0,0,0,193,1056,950.4922279792746,10.5
20265,1.0,1006,2026-02-07T23:40,SIN_DEMANDA,0,,,,,,,0,0,0,193,1056,950.4922279792746,10.5
20265,1.0,1007,2026-02-07T23:50,SIN_DEMANDA,0,,,,,,,0,0,0,193,1056,950.4922279792746,10.5
20265,1.0,1008,2026-02-08T00:00,SIN_DEMANDA,0,,,,,,,0,0,0,193,1056,950.4922279792746,10.5
20265,1.0,1009,2026-02-08T00:10,COMPLETA,2522.85,1568.5,1568.5,92.0,258.0,1,0.4166666666666667,1,0,0,194,1059,948.7319587628866,10.5
20265,1.0,1010,2026-02-08T00:20,COMPLETA,2633.2274,1568.5,1568.5,92.0,258.0,1,0.4166666666666667,1,0,0,194,1059,948.7319587628866,10.5
20265,1.0,1011,2026-02-08T00:30,COMPLETA,2557.0005,1568.5,1568.5,92.0,258.0,1,0.4166666666666667,1,0,0,194,1059,948.7319587628866,10.5
20265,1.0,1012,2026-02-08T00:40,COMPLETA,2393.3259,1568.5,1568.5,92.0,258.0,1,0.4166666666666667,1,0,0,194,1059,948.7319587628866,10.5
20265,1.0,1013,2026-02-08T00:50,COMPLETA,2513.211,1568.5,1568.5,92.0,258.0,1,0.4166666666666667,1,0,0,195,1069,944.0487179487179,10.5
20265,1.0,1014,2026-02-08T01:00,COMPLETA,2645.4333,1568.5,1568.5,92.0,258.0,1,0.4166666666666667,1,0,0,195,1069,944.0487179487179,10.5
20265,1.0,1015,2026-02-08T01:10,COMPLETA,2523.0981,1568.5,1568.5,92.0,258.0,1,0.4166666666666667,1,0,0,195,1069,944.0487179487179,10.5
20265,1.0,1016,2026-02-08T01:20,COMPLETA,2556.0692,1568.5,1568.5,92.0,258.0,1,0.4166666666666667,1,0,0,198,1088,951.6262626262626,10.5
20265,1.0,1017,2026-02-08T01:30,COMPLETA,2636.7987,1568.5,1568.5,92.0,258.0,1,0.4166666666666667,1,0,0,198,1088,951.6262626262626,10.5
20265,1.0,1018,2026-02-08T01:40,COMPLETA,3263.2498,981.25,394.0,124.0,366.0,2,0.22916666666666666,2,0,1,198,1088,951.6262626262626,10.5
20265,1.0,1019,2026-02-08T01:50,COMPLETA,2546.8092,1568.5,1568.5,92.0,258.0,1,0.4166666666666667,1,0,0,199,1092,951.4874371859296,10.5
20265,1.0,1020,2026-02-08T02:00,COMPLETA,2605.0855,1568.5,1568.5,92.0,258.0,1,0.4166666666666667,1,0,0,199,1092,951.4874371859296,10.5
20265,1.0,1021,2026-02-08T02:10,COMPLETA,2529.353,1568.5,1568.5,92.0,258.0,1,0.4166666666666667,1,0,0,199,1092,951.4874371859296,10.5
20265,1.0,1022,2026-02-08T02:20,COMPLETA,2532.3399,1568.5,1568.5,92.0,258.0,1,0.4166666666666667,1,0,0,199,1092,951.4874371859296,10.5
20265,1.0,1023,2026-02-08T02:30,COMPLETA,2662.4122,1568.5,1568.5,92.0,258.0,1,0.4166666666666667,1,0,0,199,1092,951.4874371859296,10.5
20265,1.0,1024,2026-02-08T02:40,COMPLETA,2726.7285,1568.5,1568.5,92.0,258.0,1,0.4166666666666667,1,0,0,199,1092,951.4874371859296,10.5
20265,1.0,1025,2026-02-08T02:50,COMPLETA,3276.3706,1581.25,1568.5,142.0,393.0,1,0.6666666666666666,2,0,0,199,1092,951.4874371859296,10.5
20265,1.0,1026,2026-02-08T03:00,COMPLETA,3189.8408,1581.25,1568.5,142.0,393.0,1,0.6666666666666666,2,0,0,199,1092,951.4874371859296,10.5
20265,1.0,1027,2026-02-08T03:10,COMPLETA,3224.954,1581.25,1568.5,142.0,393.0,1,0.6666666666666666,2,0,0,200,1093,948.7,10.5
20265,1.0,1028,2026-02-08T03:20,COMPLETA,3549.4671,1581.25,1568.5,142.0,393.0,1,0.6666666666666666,2,0,0,200,1093,948.7,10.5
20265,1.0,1029,2026-02-08T03:30,COMPLETA,3351.2103,1581.25,1568.5,142.0,393.0,1,0.6666666666666666,2,0,0,202,1106,949.1188118811881,10.5
20265,1.0,1030,2026-02-08T03:40,COMPLETA,3441.8635,1581.25,1568.5,142.0,393.0,1,0.6666666666666666,2,0,0,202,1106,949.1188118811881,10.5
20265,1.0,1031,2026-02-08T03:50,COMPLETA,3581.0785,1581.25,1568.5,142.0,393.0,1,0.6666666666666666,2,0,0,202,1106,949.1188118811881,10.5
20265,1.0,1032,2026-02-08T04:00,COMPLETA,3472.9115,1581.25,1568.5,142.0,393.0,1,0.6666666666666666,2,0,0,202,1106,949.1188118811881,10.5
20265,1.0,1033,2026-02-08T04:10,COMPLETA,3490.3016,1581.25,1568.5,142.0,393.0,1,0.6666666666666666,2,0,0,202,1106,949.1188118811881,10.5
20265,1.0,1034,2026-02-08T04:20,COMPLETA,3500.3933,1581.25,1568.5,142.0,393.0,1,0.6666666666666666,2,0,0,202,1106,949.1188118811881,10.5
20265,1.0,1035,2026-02-08T04:30,COMPLETA,3490.719,1581.25,1568.5,142.0,393.0,1,0.6666666666666666,2,0,0,202,1106,949.1188118811881,10.5
20265,1.0,1036,2026-02-08T04:40,COMPLETA,3576.2561,1581.25,1568.5,142.0,393.0,1,0.6666666666666666,2,0,0,202,1106,949.1188118811881,10.5
20265,1.0,1037,2026-02-08T04:50,COMPLETA,3654.4077,1581.25,1568.5,142.0,393.0,1,0.6666666666666666,2,0,0,202,1106,949.1188118811881,10.5
20265,1.0,1038,2026-02-08T05:00,COMPLETA,3483.5893,1581.25,1568.5,142.0,393.0,1,0.6666666666666666,2,0,0,202,1106,949.1188118811881,10.5
20265,1.0,1039,2026-02-08T05:10,COMPLETA,3475.6227,1581.25,1568.5,142.0,393.0,1,0.6666666666666666,2,0,0,202,1106,949.1188118811881,10.5
20265,1.0,1040,2026-02-08T05:20,COMPLETA,3439.4293,1581.25,1568.5,142.0,393.0,1,0.6666666666666666,2,0,0,202,1106,949.1188118811881,10.5
20265,1.0,1041,2026-02-08T05:30,COMPLETA,3537.0439,1581.25,1568.5,142.0,393.0,1,0.6666666666666666,2,0,0,202,1106,949.1188118811881,10.5
20265,1.0,1042,2026-02-08T05:40,COMPLETA,3448.6534,1581.25,1568.5,142.0,393.0,1,0.6666666666666666,2,0,0,202,1106,949.1188118811881,10.5
20265,1.0,1043,2026-02-08T05:50,COMPLETA,3453.1325,1581.25,1568.5,142.0,393.0,1,0.6666666666666666,2,0,0,202,1106,949.1188118811881,10.5
20265,1.0,1044,2026-02-08T06:00,COMPLETA,3354.3225,1581.25,1568.5,142.0,393.0,1,0.6666666666666666,2,0,0,202,1106,949.1188118811881,10.5
20265,1.0,1045,2026-02-08T06:10,COMPLETA,3368.6619,1581.25,1568.5,142.0,393.0,1,0.6666666666666666,2,0,0,202,1106,949.1188118811881,10.5
20265,1.0,1046,2026-02-08T06:20,COMPLETA,3415.919,1581.25,1568.5,142.0,393.0,1,0.6666666666666666,2,0,0,202,1106,949.1188118811881,10.5
20265,1.0,1047,2026-02-08T06:30,COMPLETA,3706.365,1735.6666666666667,1568.5,164.0,546.0,2,0.375,3,0,0,202,1106,949.1188118811881,10.5
20265,1.0,1048,2026-02-08T06:40,COMPLETA,3759.7723,1735.6666666666667,1568.5,164.0,546.0,2,0.375,3,0,0,202,1106,949.1188118811881,10.5
20265,1.0,1049,2026-02-08T06:50,COMPLETA,3507.9403,1735.6666666666667,1568.5,164.0,546.0,2,0.375,3,0,0,202,1106,949.1188118811881,10.5
20265,1.0,1050,2026-02-08T07:00,COMPLETA,3734.7152,1735.6666666666667,1568.5,164.0,546.0,2,0.375,3,0,2,202,1106,949.1188118811881,10.5
20265,1.0,1051,2026-02-08T07:10,SIN_DEMANDA,0,,,,,,,0,0,0,202,1106,949.1188118811881,10.5
20265,1.0,1052,2026-02-08T07:20,COMPLETA,1334.4818,2059.5,2059.5,50.0,195.0,1,0.125,1,0,1,202,1106,949.1188118811881,10.5
20265,1.0,1053,2026-02-08T07:30,SIN_DEMANDA,0,,,,,,,0,0,0,202,1106,949.1188118811881,10.5
20265,1.0,1054,2026-02-08T07:40,SIN_DEMANDA,0,,,,,,,0,0,0,202,1106,949.1188118811881,10.5
20265,1.0,1055,2026-02-08T07:50,SIN_DEMANDA,0,,,,,,,0,0,0,202,1106,949.1188118811881,10.5
20265,1.0,1056,2026-02-08T08:00,SIN_DEMANDA,0,,,,,,,0,0,0,202,1106,949.1188118811881,10.5
20265,1.0,1057,2026-02-08T08:10,COMPLETA,1937.536,1596.0,1596.0,81.0,241.5,1,0.20833333333333334,1,0,0,202,1106,949.1188118811881,10.5
20265,1.0,1058,2026-02-08T08:20,COMPLETA,1755.3966,1596.0,1596.0,81.0,241.5,1,0.20833333333333334,1,0,0,203,1108,954.5147783251232,10.5
20265,1.0,1059,2026-02-08T08:30,COMPLETA,2016.3596,1596.0,1596.0,81.0,241.5,1,0.20833333333333334,1,0,0,203,1108,954.5147783251232,10.5
20265,1.0,1060,2026-02-08T08:40,COMPLETA,3233.0812,1541.5,1487.0,120.0,360.0,1,0.5416666666666666,2,0,0,203,1108,954.5147783251232,10.5
20265,1.0,1061,2026-02-08T08:50,COMPLETA,3110.6792,1541.5,1487.0,120.0,360.0,1,0.5416666666666666,2,0,0,203,1108,954.5147783251232,10.5
20265,1.0,1062,2026-02-08T09:00,COMPLETA,3438.2426,1541.5,1487.0,120.0,360.0,1,0.5416666666666666,2,0,0,204,1111,959.9313725490196,10.5
20265,1.0,1063,2026-02-08T09:10,COMPLETA,3407.2946,1541.5,1487.0,120.0,360.0,1,0.5416666666666666,2,0,0,204,1111,959.9313725490196,10.5
20265,1.0,1064,2026-02-08T09:20,COMPLETA,3373.9,1186.8333333333333,597.5,120.0,420.0,1,0.8333333333333334,3,0,0,204,1111,959.9313725490196,10.5
20265,1.0,1065,2026-02-08T09:30,COMPLETA,3639.2014,1186.8333333333333,597.5,120.0,420.0,1,0.8333333333333334,3,0,0,204,1111,959.9313725490196,10.5
20265,1.0,1066,2026-02-08T09:40,COMPLETA,3703.5188,1186.8333333333333,597.5,120.0,420.0,1,0.8333333333333334,3,0,0,204,1111,959.9313725490196,10.5
20265,1.0,1067,2026-02-08T09:50,COMPLETA,3459.8664,1186.8333333333333,597.5,120.0,420.0,1,0.8333333333333334,3,0,0,204,1111,959.9313725490196,10.5
20265,1.0,1068,2026-02-08T10:00,COMPLETA,3891.4213,1464.0,771.5,231.0,646.5,2,0.5416666666666666,4,0,1,204,1111,959.9313725490196,10.5
20265,1.0,1069,2026-02-08T10:10,COMPLETA,3288.2067,1541.5,1487.0,120.0,360.0,1,0.5416666666666666,2,0,0,205,1121,962.9,10.5
20265,1.0,1070,2026-02-08T10:20,COMPLETA,3263.0203,1541.5,1487.0,120.0,360.0,1,0.5416666666666666,2,0,0,205,1121,962.9,10.5
20265,1.0,1071,2026-02-08T10:30,COMPLETA,3194.9422,1541.5,1487.0,120.0,360.0,1,0.5416666666666666,2,0,0,205,1121,962.9,10.5
20265,1.0,1072,2026-02-08T10:40,COMPLETA,3379.2769,1541.5,1487.0,120.0,360.0,1,0.5416666666666666,2,0,0,205,1121,962.9,10.5
20265,1.0,1073,2026-02-08T10:50,COMPLETA,3360.0723,1541.5,1487.0,120.0,360.0,1,0.5416666666666666,2,0,0,205,1121,962.9,10.5
20265,1.0,1074,2026-02-08T11:00,COMPLETA,3564.3577,1631.0,1487.0,184.0,576.0,2,0.375,3,0,0,205,1121,962.9,10.5
20265,1.0,1075,2026-02-08T11:10,COMPLETA,3830.8856,1590.4,992.0,256.0,804.0,4,0.2604166666666667,5,0,2,205,1121,962.9,10.5
20265,1.0,1076,2026-02-08T11:20,COMPLETA,3451.2437,1631.0,1487.0,184.0,576.0,2,0.375,3,0,0,205,1121,962.9,10.5
20265,1.0,1077,2026-02-08T11:30,COMPLETA,3672.3616,1631.0,1487.0,184.0,576.0,2,0.375,3,0,0,205,1121,962.9,10.5
20265,1.0,1078,2026-02-08T11:40,COMPLETA,3659.9341,1631.0,1487.0,184.0,576.0,2,0.375,3,0,0,205,1121,962.9,10.5
20265,1.0,1079,2026-02-08T11:50,COMPLETA,3651.719,1631.0,1487.0,184.0,576.0,2,0.375,3,0,0,205,1121,962.9,10.5
20265,1.0,1080,2026-02-08T12:00,COMPLETA,3533.1555,1631.0,1487.0,184.0,576.0,2,0.375,3,0,0,205,1121,962.9,10.5
20265,1.0,1081,2026-02-08T12:10,COMPLETA,3719.395,1631.0,1487.0,184.0,576.0,2,0.375,3,0,0,206,1127,965.9635922330098,10.5
20265,1.0,1082,2026-02-08T12:20,COMPLETA,3933.0877,1255.875,130.5,249.0,733.5,3,0.3888888888888889,4,0,1,206,1127,965.9635922330098,10.5
20265,1.0,1083,2026-02-08T12:30,COMPLETA,3775.3732,1631.0,1487.0,184.0,576.0,2,0.375,3,0,0,206,1127,965.9635922330098,10.5
20265,1.0,1084,2026-02-08T12:40,COMPLETA,3646.2484,1631.0,1487.0,184.0,576.0,2,0.375,3,0,0,209,1140,976.311004784689,10.5
20265,1.0,1085,2026-02-08T12:50,COMPLETA,3898.7684,1631.0,1487.0,184.0,576.0,2,0.375,3,0,0,209,1140,976.311004784689,10.5
20265,1.0,1086,2026-02-08T13:00,COMPLETA,3415.9006,1631.0,1487.0,184.0,576.0,2,0.375,3,0,0,209,1140,976.311004784689,10.5
20265,1.0,1087,2026-02-08T13:10,COMPLETA,3766.1585,1631.0,1487.0,184.0,576.0,2,0.375,3,0,0,209,1140,976.311004784689,10.5
20265,1.0,1088,2026-02-08T13:20,COMPLETA,3634.2509,1631.0,1487.0,184.0,576.0,2,0.375,3,0,0,209,1140,976.311004784689,10.5
20265,1.0,1089,2026-02-08T13:30,COMPLETA,4533.4744,1672.0,1598.5,270.0,765.0,2,0.5416666666666666,4,0,0,209,1140,976.311004784689,10.5
20265,1.0,1090,2026-02-08T13:40,COMPLETA,4320.0728,1672.0,1598.5,270.0,765.0,2,0.5416666666666666,4,0,0,209,1140,976.311004784689,10.5
20265,1.0,1091,2026-02-08T13:50,COMPLETA,4476.1525,1672.0,1598.5,270.0,765.0,2,0.5416666666666666,4,0,0,209,1140,976.311004784689,10.5
20265,1.0,1092,2026-02-08T14:00,COMPLETA,4570.611,1672.0,1598.5,270.0,765.0,2,0.5416666666666666,4,0,0,209,1140,976.311004784689,10.5
20265,1.0,1093,2026-02-08T14:10,COMPLETA,4635.0979,1672.0,1598.5,270.0,765.0,2,0.5416666666666666,4,0,0,210,1150,972.2833333333333,10.5
20265,1.0,1094,2026-02-08T14:20,COMPLETA,5851.3466,1602.5833333333333,922.5,346.0,1119.0,4,0.3958333333333333,6,0,0,210,1150,972.2833333333333,10.5
20265,1.0,1095,2026-02-08T14:30,COMPLETA,5493.8189,1602.5833333333333,922.5,346.0,1119.0,4,0.3958333333333333,6,0,0,211,1157,971.3317535545024,10.5
20265,1.0,1096,2026-02-08T14:40,COMPLETA,5541.0612,1602.5833333333333,922.5,346.0,1119.0,4,0.3958333333333333,6,0,0,211,1157,971.3317535545024,10.5
20265,1.0,1097,2026-02-08T14:50,COMPLETA,5627.3585,1602.5833333333333,922.5,346.0,1119.0,4,0.3958333333333333,6,0,0,211,1157,971.3317535545024,10.5
20265,1.0,1098,2026-02-08T15:00,COMPLETA,5409.3655,1602.5833333333333,922.5,346.0,1119.0,4,0.3958333333333333,6,0,4,211,1157,971.3317535545024,10.5
20265,1.0,1099,2026-02-08T15:10,SIN_DEMANDA,0,,,,,,,0,0,0,211,1157,971.3317535545024,10.5
20265,1.0,1100,2026-02-08T15:20,SIN_DEMANDA,0,,,,,,,0,0,0,211,1157,971.3317535545024,10.5
20265,1.0,1101,2026-02-08T15:30,SIN_DEMANDA,0,,,,,,,0,0,0,211,1157,971.3317535545024,10.5
20265,1.0,1102,2026-02-08T15:40,SIN_DEMANDA,0,,,,,,,0,0,0,211,1157,971.3317535545024,10.5
20265,1.0,1103,2026-02-08T15:50,SIN_DEMANDA,0,,,,,,,0,0,0,211,1157,971.3317535545024,10.5
20265,1.0,1104,2026-02-08T16:00,COMPLETA,2481.4579,182.5,182.5,43.0,184.5,1,0.375,1,0,0,211,1157,971.3317535545024,10.5
20265,1.0,1105,2026-02-08T16:10,COMPLETA,2758.4569,182.5,182.5,43.0,184.5,1,0.375,1,0,0,212,1160,976.4198113207547,10.5
20265,1.0,1106,2026-02-08T16:20,COMPLETA,2637.3076,182.5,182.5,43.0,184.5,1,0.375,1,0,0,212,1160,976.4198113207547,10.5
20265,1.0,1107,2026-02-08T16:30,COMPLETA,2729.0986,182.5,182.5,43.0,184.5,1,0.375,1,0,0,212,1160,976.4198113207547,10.5
20265,1.0,1108,2026-02-08T16:40,COMPLETA,2645.9627,182.5,182.5,43.0,184.5,1,0.375,1,0,0,212,1160,976.4198113207547,10.5
20265,1.0,1109,2026-02-08T16:50,COMPLETA,2729.7954,182.5,182.5,43.0,184.5,1,0.375,1,0,0,213,1168,979.669014084507,10.5
20265,1.0,1110,2026-02-08T17:00,COMPLETA,2768.6293,182.5,182.5,43.0,184.5,1,0.375,1,0,0,214,1177,979.4018691588785,10.5
20265,1.0,1111,2026-02-08T17:10,COMPLETA,2864.7018,182.5,182.5,43.0,184.5,1,0.375,1,0,0,214,1177,979.4018691588785,10.5
20265,1.0,1112,2026-02-08T17:20,COMPLETA,2346.5866,182.5,182.5,43.0,184.5,1,0.375,1,0,0,214,1177,979.4018691588785,10.5
20265,1.0,1113,2026-02-08T17:30,COMPLETA,2646.836,182.5,182.5,43.0,184.5,1,0.375,1,0,0,214,1177,979.4018691588785,10.5
20265,1.0,1114,2026-02-08T17:40,COMPLETA,3373.0702,194.75,98.5,59.0,268.5,1,0.625,2,0,0,214,1177,979.4018691588785,10.5
20265,1.0,1115,2026-02-08T17:50,COMPLETA,3390.5725,194.75,98.5,59.0,268.5,1,0.625,2,0,0,214,1177,979.4018691588785,10.5
20265,1.0,1116,2026-02-08T18:00,COMPLETA,3386.501,180.33333333333334,98.5,89.0,373.5,2,0.3541666666666667,3,0,1,215,1185,983.6348837209302,10.5
20265,1.0,1117,2026-02-08T18:10,COMPLETA,3453.3408,194.75,98.5,59.0,268.5,1,0.625,2,0,0,215,1185,983.6348837209302,10.5
20265,1.0,1118,2026-02-08T18:20,COMPLETA,3436.0995,194.75,98.5,59.0,268.5,1,0.625,2,0,0,215,1185,983.6348837209302,10.5
20265,1.0,1119,2026-02-08T18:30,COMPLETA,3281.394,194.75,98.5,59.0,268.5,1,0.625,2,0,0,215,1185,983.6348837209302,10.5
20265,1.0,1120,2026-02-08T18:40,COMPLETA,3372.4538,194.75,98.5,59.0,268.5,1,0.625,2,0,0,215,1185,983.6348837209302,10.5
20265,1.0,1121,2026-02-08T18:50,COMPLETA,3402.4737,194.75,98.5,59.0,268.5,1,0.625,2,0,0,215,1185,983.6348837209302,10.5
20265,1.0,1122,2026-02-08T19:00,COMPLETA,3071.9088,194.75,98.5,59.0,268.5,1,0.625,2,0,0,215,1185,983.6348837209302,10.5
20265,1.0,1123,2026-02-08T19:10,COMPLETA,3515.9321,194.75,98.5,59.0,268.5,1,0.625,2,0,0,215,1185,983.6348837209302,10.5
20265,1.0,1124,2026-02-08T19:20,COMPLETA,3384.5473,194.75,98.5,59.0,268.5,1,0.625,2,0,0,215,1185,983.6348837209302,10.5
20265,1.0,1125,2026-02-08T19:30,COMPLETA,3512.8409,194.75,98.5,59.0,268.5,1,0.625,2,0,0,217,1192,982.9032258064516,10.5
20265,1.0,1126,2026-02-08T19:40,COMPLETA,3571.7361,742.3333333333334,182.5,110.0,465.0,2,0.4166666666666667,3,0,0,217,1192,982.9032258064516,10.5
20265,1.0,1127,2026-02-08T19:50,COMPLETA,3588.2509,742.3333333333334,182.5,110.0,465.0,2,0.4166666666666667,3,0,0,217,1192,982.9032258064516,10.5
20265,1.0,1128,2026-02-08T20:00,COMPLETA,3374.418,742.3333333333334,182.5,110.0,465.0,2,0.4166666666666667,3,0,0,217,1192,982.9032258064516,10.5
20265,1.0,1129,2026-02-08T20:10,COMPLETA,3536.593,742.3333333333334,182.5,110.0,465.0,2,0.4166666666666667,3,0,0,217,1192,982.9032258064516,10.5
20265,1.0,1130,2026-02-08T20:20,COMPLETA,3563.4557,742.3333333333334,182.5,110.0,465.0,2,0.4166666666666667,3,0,0,218,1197,984.9449541284404,10.5
20265,1.0,1131,2026-02-08T20:30,COMPLETA,3750.636,742.3333333333334,182.5,110.0,465.0,2,0.4166666666666667,3,0,0,218,1197,984.9449541284404,10.5
20265,1.0,1132,2026-02-08T20:40,COMPLETA,3539.7158,742.3333333333334,182.5,110.0,465.0,2,0.4166666666666667,3,0,0,218,1197,984.9449541284404,10.5
20265,1.0,1133,2026-02-08T20:50,COMPLETA,4406.1175,575.6,109.0,318.0,957.0,4,0.375,5,0,0,218,1197,984.9449541284404,10.5
20265,1.0,1134,2026-02-08T21:00,COMPLETA,4468.3959,575.6,109.0,318.0,957.0,4,0.375,5,0,1,218,1197,984.9449541284404,10.5
20265,1.0,1135,2026-02-08T21:10,COMPLETA,4086.1389,612.625,109.0,275.0,832.5,3,0.4166666666666667,4,0,0,218,1197,984.9449541284404,10.5
20265,1.0,1136,2026-02-08T21:20,COMPLETA,4072.7461,612.625,109.0,275.0,832.5,3,0.4166666666666667,4,0,0,218,1197,984.9449541284404,10.5
20265,1.0,1137,2026-02-08T21:30,COMPLETA,4215.5244,612.625,109.0,275.0,832.5,3,0.4166666666666667,4,0,0,218,1197,984.9449541284404,10.5
20265,1.0,1138,2026-02-08T21:40,COMPLETA,3951.2752,612.625,109.0,275.0,832.5,3,0.4166666666666667,4,0,0,218,1197,984.9449541284404,10.5
20265,1.0,1139,2026-02-08T21:50,COMPLETA,4121.1944,612.625,109.0,275.0,832.5,3,0.4166666666666667,4,0,0,218,1197,984.9449541284404,10.5
20265,1.0,1140,2026-02-08T22:00,COMPLETA,4410.5288,684.6,209.5,213.0,799.5,3,0.4722222222222222,5,0,0,218,1197,984.9449541284404,10.5
20265,1.0,1141,2026-02-08T22:10,COMPLETA,4379.037,684.6,209.5,213.0,799.5,3,0.4722222222222222,5,0,0,218,1197,984.9449541284404,10.5
20265,1.0,1142,2026-02-08T22:20,COMPLETA,4513.4324,684.6,209.5,213.0,799.5,3,0.4722222222222222,5,0,0,218,1197,984.9449541284404,10.5
20265,1.0,1143,2026-02-08T22:30,COMPLETA,5426.1081,906.9166666666666,161.5,263.0,994.5,4,0.4583333333333333,6,0,0,218,1197,984.9449541284404,10.5
20265,1.0,1144,2026-02-08T22:40,COMPLETA,6012.6543,1045.357142857143,109.0,385.0,1297.5,5,0.44166666666666665,7,0,0,218,1197,984.9449541284404,10.5
20265,1.0,1145,2026-02-08T22:50,COMPLETA,7656.7461,926.3333333333334,46.0,483.0,1624.5,6,0.4583333333333333,9,0,0,218,1197,984.9449541284404,10.5
20265,1.0,1146,2026-02-08T23:00,COMPLETA,7926.682,926.3333333333334,46.0,483.0,1624.5,6,0.4583333333333333,9,0,5,219,1203,982.283105022831,10.5
20265,1.0,1147,2026-02-08T23:10,COMPLETA,3529.3413,1328.0,1185.0,126.0,369.0,1,0.5833333333333334,2,0,0,219,1203,982.283105022831,10.5
20265,1.0,1148,2026-02-08T23:20,COMPLETA,3367.7382,1328.0,1185.0,126.0,369.0,1,0.5833333333333334,2,0,0,219,1203,982.283105022831,10.5
20265,1.0,1149,2026-02-08T23:30,COMPLETA,3502.6102,1328.0,1185.0,126.0,369.0,1,0.5833333333333334,2,0,0,219,1203,982.283105022831,10.5
20265,1.0,1150,2026-02-08T23:40,COMPLETA,3598.7102,1328.0,1185.0,126.0,369.0,1,0.5833333333333334,2,0,0,219,1203,982.283105022831,10.5
20265,1.0,1151,2026-02-08T23:50,COMPLETA,3467.8701,1328.0,1185.0,126.0,369.0,1,0.5833333333333334,2,0,0,219,1203,982.283105022831,10.5
20265,1.0,1152,2026-02-09T00:00,COMPLETA,3703.1469,1328.0,1185.0,126.0,369.0,1,0.5833333333333334,2,0,0,219,1203,982.283105022831,10.5
20265,1.0,1153,2026-02-09T00:10,COMPLETA,3564.0994,1328.0,1185.0,126.0,369.0,1,0.5833333333333334,2,0,0,219,1203,982.283105022831,10.5
20265,1.0,1154,2026-02-09T00:20,COMPLETA,3565.9157,1328.0,1185.0,126.0,369.0,1,0.5833333333333334,2,0,0,220,1207,982.1090909090909,10.5
20265,1.0,1155,2026-02-09T00:30,COMPLETA,3221.5428,1328.0,1185.0,126.0,369.0,1,0.5833333333333334,2,0,0,220,1207,982.1090909090909,10.5
20265,1.0,1156,2026-02-09T00:40,COMPLETA,3300.5667,1328.0,1185.0,126.0,369.0,1,0.5833333333333334,2,0,0,220,1207,982.1090909090909,10.5
20265,1.0,1157,2026-02-09T00:50,COMPLETA,3422.215,1328.0,1185.0,126.0,369.0,1,0.5833333333333334,2,0,0,220,1207,982.1090909090909,10.5
20265,1.0,1158,2026-02-09T01:00,COMPLETA,3807.6399,1381.8333333333333,1119.0,130.0,435.0,1,0.9166666666666666,3,0,0,221,1217,986.7647058823529,10.5
20265,1.0,1159,2026-02-09T01:10,COMPLETA,3955.7308,1381.8333333333333,1119.0,130.0,435.0,1,0.9166666666666666,3,0,0,221,1217,986.7647058823529,10.5
20265,1.0,1160,2026-02-09T01:20,COMPLETA,3946.4919,1381.8333333333333,1119.0,130.0,435.0,1,0.9166666666666666,3,0,0,221,1217,986.7647058823529,10.5
20265,1.0,1161,2026-02-09T01:30,COMPLETA,3738.8219,1381.8333333333333,1119.0,130.0,435.0,1,0.9166666666666666,3,0,0,221,1217,986.7647058823529,10.5
20265,1.0,1162,2026-02-09T01:40,COMPLETA,3631.6267,1381.8333333333333,1119.0,130.0,435.0,1,0.9166666666666666,3,0,0,221,1217,986.7647058823529,10.5
20265,1.0,1163,2026-02-09T01:50,COMPLETA,3642.8852,1381.8333333333333,1119.0,130.0,435.0,1,0.9166666666666666,3,0,0,221,1217,986.7647058823529,10.5
20265,1.0,1164,2026-02-09T02:00,COMPLETA,3771.0231,1193.875,630.0,162.0,543.0,2,0.4791666666666667,4,0,1,223,1231,981.0807174887892,10.5
20265,1.0,1165,2026-02-09T02:10,COMPLETA,3664.4176,1381.8333333333333,1119.0,130.0,435.0,1,0.9166666666666666,3,0,0,225,1246,976.96,10.5
20265,1.0,1166,2026-02-09T02:20,COMPLETA,4086.1768,1055.625,77.0,222.0,633.0,2,0.6666666666666666,4,0,1,225,1246,976.96,10.5
20265,1.0,1167,2026-02-09T02:30,COMPLETA,3866.2786,1381.8333333333333,1119.0,130.0,435.0,1,0.9166666666666666,3,0,0,225,1246,976.96,10.5
20265,1.0,1168,2026-02-09T02:40,COMPLETA,3706.8109,1381.8333333333333,1119.0,130.0,435.0,1,0.9166666666666666,3,0,0,225,1246,976.96,10.5
20265,1.0,1169,2026-02-09T02:50,COMPLETA,3882.3751,1381.8333333333333,1119.0,130.0,435.0,1,0.9166666666666666,3,0,0,225,1246,976.96,10.5
20265,1.0,1170,2026-02-09T03:00,COMPLETA,3626.3478,1381.8333333333333,1119.0,130.0,435.0,1,0.9166666666666666,3,0,0,225,1246,976.96,10.5
20265,1.0,1171,2026-02-09T03:10,COMPLETA,3616.1807,1506.3333333333333,1206.0,204.0,546.0,2,0.4583333333333333,3,0,0,225,1246,976.96,10.5
20265,1.0,1172,2026-02-09T03:20,COMPLETA,3741.7583,1506.3333333333333,1206.0,204.0,546.0,2,0.4583333333333333,3,0,1,226,1255,972.8407079646017,10.5
20265,1.0,1173,2026-02-09T03:30,COMPLETA,3440.718,1630.5,1206.0,152.0,468.0,2,0.3125,3,0,1,227,1256,971.330396475771,10.5
20265,1.0,1174,2026-02-09T03:40,COMPLETA,3037.6732,1410.75,1206.0,112.0,348.0,1,0.5416666666666666,2,0,0,227,1256,971.330396475771,10.5
20265,1.0,1175,2026-02-09T03:50,COMPLETA,3206.0113,1410.75,1206.0,112.0,348.0,1,0.5416666666666666,2,0,0,227,1256,971.330396475771,10.5
20265,1.0,1176,2026-02-09T04:00,COMPLETA,3485.441,1410.75,1206.0,112.0,348.0,1,0.5416666666666666,2,0,0,227,1256,971.330396475771,10.5
20265,1.0,1177,2026-02-09T04:10,COMPLETA,3294.9429,1410.75,1206.0,112.0,348.0,1,0.5416666666666666,2,0,0,227,1256,971.330396475771,10.5
20265,1.0,1178,2026-02-09T04:20,COMPLETA,3357.098599,1410.75,1206.0,112.0,348.0,1,0.5416666666666666,2,0,0,227,1256,971.330396475771,10.5
20265,1.0,1179,2026-02-09T04:30,COMPLETA,3419.2133,1632.5,1206.0,136.0,444.0,2,0.3125,3,0,1,227,1256,971.330396475771,10.5
20265,1.0,1180,2026-02-09T04:40,COMPLETA,3229.7685,1410.75,1206.0,112.0,348.0,1,0.5416666666666666,2,0,0,227,1256,971.330396475771,10.5
20265,1.0,1181,2026-02-09T04:50,COMPLETA,3310.9764,1005.6666666666666,195.5,187.0,580.5,2,0.4791666666666667,3,0,0,227,1256,971.330396475771,10.5
20265,1.0,1182,2026-02-09T05:00,COMPLETA,3290.735701,1005.6666666666666,195.5,187.0,580.5,2,0.4791666666666667,3,0,0,228,1258,976.1491228070175,10.5
20265,1.0,1183,2026-02-09T05:10,COMPLETA,3666.007201,905.0,195.5,211.0,676.5,2,0.6458333333333334,4,0,0,229,1268,972.2227074235808,10.5
20265,1.0,1184,2026-02-09T05:20,COMPLETA,3601.1701,905.0,195.5,211.0,676.5,2,0.6458333333333334,4,0,0,229,1268,972.2227074235808,10.5
20265,1.0,1185,2026-02-09T05:30,COMPLETA,3545.2573,814.1,195.5,244.0,786.0,3,0.4861111111111111,5,0,1,229,1268,972.2227074235808,10.5
20265,1.0,1186,2026-02-09T05:40,COMPLETA,3508.442101,597.25,184.5,281.0,841.5,3,0.375,4,0,0,229,1268,972.2227074235808,10.5
20265,1.0,1187,2026-02-09T05:50,COMPLETA,3689.8386,597.25,184.5,281.0,841.5,3,0.375,4,0,0,230,1270,977.0217391304348,10.5
20265,1.0,1188,2026-02-09T06:00,COMPLETA,3580.9362,597.25,184.5,281.0,841.5,3,0.375,4,0,0,230,1270,977.0217391304348,10.5
20265,1.0,1189,2026-02-09T06:10,COMPLETA,3201.6159,597.25,184.5,281.0,841.5,3,0.375,4,0,0,230,1270,977.0217391304348,10.5
20265,1.0,1190,2026-02-09T06:20,COMPLETA,3375.976399,597.25,184.5,281.0,841.5,3,0.375,4,0,0,231,1279,980.1406926406927,10.5
20265,1.0,1191,2026-02-09T06:30,COMPLETA,3660.830499,884.7,184.5,321.0,1021.5,4,0.2916666666666667,5,0,0,231,1279,980.1406926406927,10.5
20265,1.0,1192,2026-02-09T06:40,COMPLETA,3424.8965,884.7,184.5,321.0,1021.5,4,0.2916666666666667,5,0,0,231,1279,980.1406926406927,10.5
20265,1.0,1193,2026-02-09T06:50,COMPLETA,3846.1379,903.5,195.5,408.0,1272.0,5,0.26666666666666666,6,0,0,231,1279,980.1406926406927,10.5
20265,1.0,1194,2026-02-09T07:00,COMPLETA,3651.4221,903.5,195.5,408.0,1272.0,5,0.26666666666666666,6,0,4,232,1287,983.6594827586207,10.5
20265,1.0,1195,2026-02-09T07:10,COMPLETA,1830.395201,294.0,294.0,112.0,288.0,1,0.3333333333333333,1,0,0,232,1287,983.6594827586207,10.5
20265,1.0,1196,2026-02-09T07:20,COMPLETA,1852.521001,294.0,294.0,112.0,288.0,1,0.3333333333333333,1,0,0,232,1287,983.6594827586207,10.5
20265,1.0,1197,2026-02-09T07:30,COMPLETA,1828.6391,294.0,294.0,112.0,288.0,1,0.3333333333333333,1,0,0,232,1287,983.6594827586207,10.5
20265,1.0,1198,2026-02-09T07:40,COMPLETA,1887.523599,294.0,294.0,112.0,288.0,1,0.3333333333333333,1,0,0,232,1287,983.6594827586207,10.5
20265,1.0,1199,2026-02-09T07:50,COMPLETA,1736.8298,294.0,294.0,112.0,288.0,1,0.3333333333333333,1,0,0,232,1287,983.6594827586207,10.5
20265,1.0,1200,2026-02-09T08:00,COMPLETA,1589.6755,294.0,294.0,112.0,288.0,1,0.3333333333333333,1,0,0,232,1287,983.6594827586207,10.5
20265,1.0,1201,2026-02-09T08:10,COMPLETA,1681.4647,294.0,294.0,112.0,288.0,1,0.3333333333333333,1,0,0,232,1287,983.6594827586207,10.5
20265,1.0,1202,2026-02-09T08:20,COMPLETA,1876.2071,294.0,294.0,112.0,288.0,1,0.3333333333333333,1,0,0,232,1287,983.6594827586207,10.5
20265,1.0,1203,2026-02-09T08:30,COMPLETA,1844.9949,294.0,294.0,112.0,288.0,1,0.3333333333333333,1,0,0,232,1287,983.6594827586207,10.5
20265,1.0,1204,2026-02-09T08:40,COMPLETA,1956.720501,294.0,294.0,112.0,288.0,1,0.3333333333333333,1,0,0,233,1288,988.1695278969958,10.5
20265,1.0,1205,2026-02-09T08:50,COMPLETA,1816.7998,294.0,294.0,112.0,288.0,1,0.3333333333333333,1,0,0,234,1292,988.042735042735,10.5
20265,1.0,1206,2026-02-09T09:00,COMPLETA,2715.994101,469.75,294.0,122.0,363.0,2,0.25,2,0,1,235,1296,985.0106382978723,10.5
20265,1.0,1207,2026-02-09T09:10,COMPLETA,1848.0309,294.0,294.0,112.0,288.0,1,0.3333333333333333,1,0,0,235,1296,985.0106382978723,10.5
20265,1.0,1208,2026-02-09T09:20,COMPLETA,1698.0531,294.0,294.0,112.0,288.0,1,0.3333333333333333,1,0,0,235,1296,985.0106382978723,10.5
20265,1.0,1209,2026-02-09T09:30,COMPLETA,1865.933999,294.0,294.0,112.0,288.0,1,0.3333333333333333,1,0,0,236,1306,981.6652542372881,10.5
20265,1.0,1210,2026-02-09T09:40,COMPLETA,3053.4115,172.5,51.0,200.0,480.0,2,0.2708333333333333,2,0,1,236,1306,981.6652542372881,10.5
20265,1.0,1211,2026-02-09T09:50,COMPLETA,1820.691501,294.0,294.0,112.0,288.0,1,0.3333333333333333,1,0,0,236,1306,981.6652542372881,10.5
20265,1.0,1212,2026-02-09T10:00,COMPLETA,1798.3118,294.0,294.0,112.0,288.0,1,0.3333333333333333,1,0,0,236,1306,981.6652542372881,10.5
20265,1.0,1213,2026-02-09T10:10,COMPLETA,1865.339301,294.0,294.0,112.0,288.0,1,0.3333333333333333,1,0,0,237,1310,980.246835443038,10.5
20265,1.0,1214,2026-02-09T10:20,COMPLETA,1820.965,294.0,294.0,112.0,288.0,1,0.3333333333333333,1,0,0,237,1310,980.246835443038,10.5
20265,1.0,1215,2026-02-09T10:30,COMPLETA,1717.7545,294.0,294.0,112.0,288.0,1,0.3333333333333333,1,0,0,237,1310,980.246835443038,10.5
20265,1.0,1216,2026-02-09T10:40,COMPLETA,1882.4108,294.0,294.0,112.0,288.0,1,0.3333333333333333,1,0,0,237,1310,980.246835443038,10.5
20265,1.0,1217,2026-02-09T10:50,COMPLETA,1608.853101,294.0,294.0,112.0,288.0,1,0.3333333333333333,1,0,0,237,1310,980.246835443038,10.5
20265,1.0,1218,2026-02-09T11:00,COMPLETA,1801.4235,294.0,294.0,112.0,288.0,1,0.3333333333333333,1,0,0,237,1310,980.246835443038,10.5
20265,1.0,1219,2026-02-09T11:10,COMPLETA,2430.8339,450.0,294.0,172.0,438.0,2,0.25,2,0,1,237,1310,980.246835443038,10.5
20265,1.0,1220,2026-02-09T11:20,COMPLETA,1826.387501,294.0,294.0,112.0,288.0,1,0.3333333333333333,1,0,0,237,1310,980.246835443038,10.5
20265,1.0,1221,2026-02-09T11:30,COMPLETA,3209.0247,986.0,183.0,146.0,399.0,1,0.7083333333333334,2,0,0,238,1315,981.2079831932773,10.5
20265,1.0,1222,2026-02-09T11:40,COMPLETA,3260.861,986.0,183.0,146.0,399.0,1,0.7083333333333334,2,0,0,238,1315,981.2079831932773,10.5
20265,1.0,1223,2026-02-09T11:50,COMPLETA,3329.078999,986.0,183.0,146.0,399.0,1,0.7083333333333334,2,0,0,238,1315,981.2079831932773,10.5
20265,1.0,1224,2026-02-09T12:00,COMPLETA,3481.4204,986.0,183.0,146.0,399.0,1,0.7083333333333334,2,0,0,238,1315,981.2079831932773,10.5
20265,1.0,1225,2026-02-09T12:10,COMPLETA,3152.863399,986.0,183.0,146.0,399.0,1,0.7083333333333334,2,0,0,238,1315,981.2079831932773,10.5
20265,1.0,1226,2026-02-09T12:20,COMPLETA,3178.820901,1353.6666666666667,183.0,158.0,477.0,2,0.375,3,0,1,238,1315,981.2079831932773,10.5
20265,1.0,1227,2026-02-09T12:30,COMPLETA,3513.521801,695.5,114.5,192.0,528.0,2,0.4791666666666667,3,0,0,238,1315,981.2079831932773,10.5
20265,1.0,1228,2026-02-09T12:40,COMPLETA,6733.6948,770.125,114.5,220.0,630.0,3,0.375,4,0,1,238,1315,981.2079831932773,10.5
20265,1.0,1229,2026-02-09T12:50,COMPLETA,6249.992799,695.5,114.5,192.0,528.0,2,0.4791666666666667,3,0,1,239,1320,977.31589958159,10.5
20265,1.0,1230,2026-02-09T13:00,COMPLETA,7634.3604,971.3333333333334,383.0,141.0,511.5,2,0.5625,3,0,0,240,1324,975.76875,10.5
20265,1.0,1231,2026-02-09T13:10,COMPLETA,7774.4791,971.3333333333334,383.0,141.0,511.5,2,0.5625,3,0,0,240,1324,975.76875,10.5
20265,1.0,1232,2026-02-09T13:20,COMPLETA,7494.212901,971.3333333333334,383.0,141.0,511.5,2,0.5625,3,0,0,240,1324,975.76875,10.5
20265,1.0,1233,2026-02-09T13:30,COMPLETA,7315.575201,971.3333333333334,383.0,141.0,511.5,2,0.5625,3,0,0,241,1325,980.3879668049792,10.5
20265,1.0,1234,2026-02-09T13:40,COMPLETA,7743.4682,971.3333333333334,383.0,141.0,511.5,2,0.5625,3,0,0,241,1325,980.3879668049792,10.5
20265,1.0,1235,2026-02-09T13:50,COMPLETA,7743.0636,971.3333333333334,383.0,141.0,511.5,2,0.5625,3,0,0,241,1325,980.3879668049792,10.5
20265,1.0,1236,2026-02-09T14:00,COMPLETA,7389.3833,971.3333333333334,383.0,141.0,511.5,2,0.5625,3,0,0,241,1325,980.3879668049792,10.5
20265,1.0,1237,2026-02-09T14:10,COMPLETA,8363.0374,842.75,189.0,263.0,814.5,3,0.4305555555555556,4,0,0,242,1329,980.444214876033,10.5
20265,1.0,1238,2026-02-09T14:20,COMPLETA,8494.2047,842.75,189.0,263.0,814.5,3,0.4305555555555556,4,0,0,242,1329,980.444214876033,10.5
20265,1.0,1239,2026-02-09T14:30,COMPLETA,8563.392399,865.3,189.0,301.0,991.5,4,0.3541666666666667,5,0,0,243,1335,976.880658436214,10.5
20265,1.0,1240,2026-02-09T14:40,COMPLETA,8612.6306,865.3,189.0,301.0,991.5,4,0.3541666666666667,5,0,0,243,1335,976.880658436214,10.5
20265,1.0,1241,2026-02-09T14:50,COMPLETA,9726.342301,1065.0,189.0,327.0,1150.5,5,0.2916666666666667,6,0,0,243,1335,976.880658436214,10.5
20265,1.0,1242,2026-02-09T15:00,COMPLETA,9664.969901,1065.0,189.0,327.0,1150.5,5,0.2916666666666667,6,0,5,243,1335,976.880658436214,10.5
20265,1.0,1243,2026-02-09T15:10,COMPLETA,2561.1612,1000.5,1000.5,18.0,147.0,1,0.08333333333333333,1,0,1,243,1335,976.880658436214,10.5
20265,1.0,1244,2026-02-09T15:20,SIN_DEMANDA,0,,,,,,,0,0,0,243,1335,976.880658436214,10.5
20265,1.0,1245,2026-02-09T15:30,SIN_DEMANDA,0,,,,,,,0,0,0,243,1335,976.880658436214,10.5
20265,1.0,1246,2026-02-09T15:40,SIN_DEMANDA,0,,,,,,,0,0,0,243,1335,976.880658436214,10.5
20265,1.0,1247,2026-02-09T15:50,SIN_DEMANDA,0,,,,,,,0,0,0,243,1335,976.880658436214,10.5
20265,1.0,1248,2026-02-09T16:00,SIN_DEMANDA,0,,,,,,,0,0,0,243,1335,976.880658436214,10.5
20265,1.0,1249,2026-02-09T16:10,SIN_DEMANDA,0,,,,,,,0,0,0,243,1335,976.880658436214,10.5
20265,1.0,1250,2026-02-09T16:20,COMPLETA,5070.9326,22.5,22.5,59.0,208.5,1,0.4166666666666667,1,0,0,245,1340,979.7204081632653,10.5
20265,1.0,1251,2026-02-09T16:30,COMPLETA,4973.6225,22.5,22.5,59.0,208.5,1,0.4166666666666667,1,0,0,247,1345,979.7064777327935,10.5
20265,1.0,1252,2026-02-09T16:40,COMPLETA,5125.2833,22.5,22.5,59.0,208.5,1,0.4166666666666667,1,0,0,247,1345,979.7064777327935,10.5
20265,1.0,1253,2026-02-09T16:50,COMPLETA,5031.6552,22.5,22.5,59.0,208.5,1,0.4166666666666667,1,0,0,247,1345,979.7064777327935,10.5
20265,1.0,1254,2026-02-09T17:00,COMPLETA,4999.3795,513.0,22.5,77.0,295.5,2,0.2916666666666667,2,0,1,247,1345,979.7064777327935,10.5
20265,1.0,1255,2026-02-09T17:10,COMPLETA,6795.059699,27.0,22.5,101.0,391.5,2,0.3333333333333333,2,0,0,247,1345,979.7064777327935,10.5
20265,1.0,1256,2026-02-09T17:20,COMPLETA,7133.7261,27.0,22.5,101.0,331.5,2,0.3333333333333333,2,0,0,247,1345,979.7064777327935,10.5
20265,1.0,1257,2026-02-09T17:30,COMPLETA,6742.981,27.0,22.5,101.0,331.5,2,0.3333333333333333,2,0,1,248,1355,979.0141129032259,10.5
20265,1.0,1258,2026-02-09T17:40,COMPLETA,3975.3247,31.5,31.5,42.0,183.0,1,0.25,1,0,0,249,1364,982.2630522088353,10.5
20265,1.0,1259,2026-02-09T17:50,COMPLETA,4043.642001,31.5,31.5,42.0,183.0,1,0.25,1,0,0,249,1364,982.2630522088353,10.5
20265,1.0,1260,2026-02-09T18:00,COMPLETA,3991.9696,31.5,31.5,42.0,183.0,1,0.25,1,0,0,249,1364,982.2630522088353,10.5
20265,1.0,1261,2026-02-09T18:10,COMPLETA,3768.638899,31.5,31.5,42.0,183.0,1,0.25,1,0,0,249,1364,982.2630522088353,10.5
20265,1.0,1262,2026-02-09T18:20,COMPLETA,3718.1679,31.5,31.5,42.0,183.0,1,0.25,1,0,0,250,1368,982.348,10.5
20265,1.0,1263,2026-02-09T18:30,COMPLETA,7263.6408,974.25,225.5,147.0,460.5,2,0.3333333333333333,2,0,0,250,1368,982.348,10.5
20265,1.0,1264,2026-02-09T18:40,COMPLETA,6697.5097,974.25,225.5,147.0,400.5,2,0.3333333333333333,2,0,0,250,1368,982.348,10.5
20265,1.0,1265,2026-02-09T18:50,COMPLETA,7184.1367,974.25,225.5,147.0,400.5,2,0.3333333333333333,2,0,0,250,1368,982.348,10.5
20265,1.0,1266,2026-02-09T19:00,COMPLETA,7249.5933,974.25,225.5,147.0,400.5,2,0.3333333333333333,2,0,1,250,1368,982.348,10.5
20265,1.0,1267,2026-02-09T19:10,COMPLETA,5121.8696,1684.0,1684.0,106.0,279.0,1,0.4166666666666667,1,0,0,250,1368,982.348,10.5
20265,1.0,1268,2026-02-09T19:20,COMPLETA,5572.4689,1684.0,1684.0,106.0,279.0,1,0.4166666666666667,1,0,0,250,1368,982.348,10.5
20265,1.0,1269,2026-02-09T19:30,COMPLETA,5264.6041,1684.0,1684.0,106.0,279.0,1,0.4166666666666667,1,0,0,250,1368,982.348,10.5
20265,1.0,1270,2026-02-09T19:40,COMPLETA,6389.7246,896.25,108.5,154.0,411.0,2,0.3541666666666667,2,0,0,250,1368,982.348,10.5
20265,1.0,1271,2026-02-09T19:50,COMPLETA,7920.8318,991.0,98.0,294.0,801.0,4,0.2916666666666667,4,0,1,250,1368,982.348,10.5
20265,1.0,1272,2026-02-09T20:00,COMPLETA,7050.879801,630.1666666666666,98.0,260.0,690.0,3,0.3472222222222222,3,0,1,252,1386,975.390873015873,10.5
20265,1.0,1273,2026-02-09T20:10,COMPLETA,6991.2273,891.0,98.0,212.0,558.0,2,0.375,2,0,0,252,1386,975.390873015873,10.5
20265,1.0,1274,2026-02-09T20:20,COMPLETA,6508.516099,891.0,98.0,212.0,558.0,2,0.375,2,0,0,252,1386,975.390873015873,10.5
20265,1.0,1275,2026-02-09T20:30,COMPLETA,7038.4543,891.0,98.0,212.0,558.0,2,0.375,2,0,0,252,1386,975.390873015873,10.5
20265,1.0,1276,2026-02-09T20:40,COMPLETA,6889.3657,891.0,98.0,212.0,558.0,2,0.375,2,0,0,252,1386,975.390873015873,10.5
20265,1.0,1277,2026-02-09T20:50,COMPLETA,7035.7764,891.0,98.0,212.0,558.0,2,0.375,2,0,0,252,1386,975.390873015873,10.5
20265,1.0,1278,2026-02-09T21:00,COMPLETA,6721.9229,891.0,98.0,212.0,558.0,2,0.375,2,0,0,252,1386,975.390873015873,10.5
20265,1.0,1279,2026-02-09T21:10,COMPLETA,7155.9651,891.0,98.0,212.0,558.0,2,0.375,2,0,0,252,1386,975.390873015873,10.5
20265,1.0,1280,2026-02-09T21:20,COMPLETA,6969.257399,891.0,98.0,212.0,558.0,2,0.375,2,0,0,254,1395,976.761811023622,10.5
20265,1.0,1281,2026-02-09T21:30,COMPLETA,6820.385399,891.0,98.0,212.0,558.0,2,0.375,2,0,0,254,1395,976.761811023622,10.5
20265,1.0,1282,2026-02-09T21:40,COMPLETA,7625.3162,1253.8333333333333,162.5,261.0,751.5,3,0.3333333333333333,3,0,0,254,1395,976.761811023622,10.5
20265,1.0,1283,2026-02-09T21:50,COMPLETA,7260.2798,1253.8333333333333,162.5,261.0,751.5,3,0.3333333333333333,3,0,0,255,1402,973.356862745098,10.5
20265,1.0,1284,2026-02-09T22:00,COMPLETA,7811.5631,1253.8333333333333,162.5,261.0,751.5,3,0.3333333333333333,3,0,0,255,1402,973.356862745098,10.5
20265,1.0,1285,2026-02-09T22:10,COMPLETA,8220.489301,1156.5,98.0,186.0,699.0,3,0.3611111111111111,4,0,0,255,1402,973.356862745098,10.5
20265,1.0,1286,2026-02-09T22:20,COMPLETA,7954.7283,1156.5,98.0,186.0,699.0,3,0.3611111111111111,4,0,0,255,1402,973.356862745098,10.5
20265,1.0,1287,2026-02-09T22:30,COMPLETA,9977.215401,1126.9,162.5,249.0,913.5,4,0.375,5,0,0,255,1402,973.356862745098,10.5
20265,1.0,1288,2026-02-09T22:40,COMPLETA,10071.5237,1126.9,162.5,249.0,913.5,4,0.375,5,0,0,255,1402,973.356862745098,10.5
20265,1.0,1289,2026-02-09T22:50,COMPLETA,10078.3612,1126.9,162.5,249.0,913.5,4,0.375,5,0,0,255,1402,973.356862745098,10.5
20265,1.0,1290,2026-02-09T23:00,COMPLETA,9840.983801,1126.9,162.5,249.0,913.5,4,0.375,5,0,4,255,1402,973.356862745098,10.5
20265,1.0,1291,2026-02-09T23:10,COMPLETA,4094.708301,571.0,155.5,72.0,348.0,2,0.16666666666666666,2,0,2,255,1402,973.356862745098,10.5
20265,1.0,1292,2026-02-09T23:20,SIN_DEMANDA,0,,,,,,,0,0,0,255,1402,973.356862745098,10.5
20265,1.0,1293,2026-02-09T23:30,SIN_DEMANDA,0,,,,,,,0,0,0,255,1402,973.356862745098,10.5
20265,1.0,1294,2026-02-09T23:40,SIN_DEMANDA,0,,,,,,,0,0,0,255,1402,973.356862745098,10.5
20265,1.0,1295,2026-02-09T23:50,SIN_DEMANDA,0,,,,,,,0,0,0,255,1402,973.356862745098,10.5
20265,1.0,1296,2026-02-10T00:00,SIN_DEMANDA,0,,,,,,,0,0,0,255,1402,973.356862745098,10.5
20265,1.0,1297,2026-02-10T00:10,SIN_DEMANDA,0,,,,,,,0,0,0,256,1404,973.27734375,10.5
20265,1.0,1298,2026-02-10T00:20,COMPLETA,4317.4492,1611.0,1611.0,77.0,235.5,1,0.20833333333333334,1,0,0,256,1404,973.27734375,10.5
20265,1.0,1299,2026-02-10T00:30,COMPLETA,4209.4136,1611.0,1611.0,77.0,235.5,1,0.20833333333333334,1,0,0,256,1404,973.27734375,10.5
20265,1.0,1300,2026-02-10T00:40,COMPLETA,7167.3219,1550.0,1489.0,128.0,372.0,1,0.5833333333333334,2,0,0,257,1408,970.0953307392996,10.5
20265,1.0,1301,2026-02-10T00:50,COMPLETA,7735.7132,1550.0,1489.0,128.0,372.0,1,0.5833333333333334,2,0,0,259,1422,970.057915057915,10.5
20265,1.0,1302,2026-02-10T01:00,COMPLETA,7414.062199,1550.0,1489.0,128.0,372.0,1,0.5833333333333334,2,0,0,260,1430,966.9519230769231,10.5
20265,1.0,1303,2026-02-10T01:10,COMPLETA,6988.5893,1550.0,1489.0,128.0,372.0,1,0.5833333333333334,2,0,0,260,1430,966.9519230769231,10.5
20265,1.0,1304,2026-02-10T01:20,COMPLETA,6977.707001,1550.0,1489.0,128.0,372.0,1,0.5833333333333334,2,0,0,260,1430,966.9519230769231,10.5
20265,1.0,1305,2026-02-10T01:30,COMPLETA,7086.6432,1550.0,1489.0,128.0,372.0,1,0.5833333333333334,2,0,0,260,1430,966.9519230769231,10.5
20265,1.0,1306,2026-02-10T01:40,COMPLETA,7002.7198,1550.0,1489.0,128.0,372.0,1,0.5833333333333334,2,0,0,260,1430,966.9519230769231,10.5
20265,1.0,1307,2026-02-10T01:50,COMPLETA,7030.6948,1550.0,1489.0,128.0,372.0,1,0.5833333333333334,2,0,0,260,1430,966.9519230769231,10.5
20265,1.0,1308,2026-02-10T02:00,COMPLETA,7238.3367,1550.0,1489.0,128.0,372.0,1,0.5833333333333334,2,0,0,260,1430,966.9519230769231,10.5
20265,1.0,1309,2026-02-10T02:10,COMPLETA,6964.2363,1550.0,1489.0,128.0,372.0,1,0.5833333333333334,2,0,0,261,1436,970.492337164751,10.5
20265,1.0,1310,2026-02-10T02:20,COMPLETA,8676.6598,1608.0,1603.0,181.0,571.5,2,0.4791666666666667,3,0,0,261,1436,970.492337164751,10.5
20265,1.0,1311,2026-02-10T02:30,COMPLETA,8751.1657,1608.0,1603.0,181.0,571.5,2,0.4791666666666667,3,0,0,262,1446,973.2156488549618,10.5
20265,1.0,1312,2026-02-10T02:40,COMPLETA,8538.918799,1608.0,1603.0,181.0,571.5,2,0.4791666666666667,3,0,0,262,1446,973.2156488549618,10.5
20265,1.0,1313,2026-02-10T02:50,COMPLETA,8686.179701,1608.0,1603.0,181.0,571.5,2,0.4791666666666667,3,0,0,262,1446,973.2156488549618,10.5
20265,1.0,1314,2026-02-10T03:00,COMPLETA,8867.163701,1608.0,1603.0,181.0,571.5,2,0.4791666666666667,3,0,0,262,1446,973.2156488549618,10.5
20265,1.0,1315,2026-02-10T03:10,COMPLETA,8811.573799,1330.5,262.0,281.0,721.5,3,0.4305555555555556,4,0,1,262,1446,973.2156488549618,10.5
20265,1.0,1316,2026-02-10T03:20,COMPLETA,7643.042199,1160.3333333333333,262.0,204.0,546.0,2,0.5416666666666666,3,0,0,262,1446,973.2156488549618,10.5
20265,1.0,1317,2026-02-10T03:30,COMPLETA,7600.848,1318.3333333333333,274.0,294.0,621.0,3,0.3611111111111111,3,0,2,262,1446,973.2156488549618,10.5
20265,1.0,1318,2026-02-10T03:40,COMPLETA,5446.9273,1679.0,1679.0,98.0,267.0,1,0.375,1,0,0,262,1446,973.2156488549618,10.5
20265,1.0,1319,2026-02-10T03:50,COMPLETA,6806.7838,1728.0,1619.0,98.0,327.0,1,0.625,2,0,0,262,1446,973.2156488549618,10.5
20265,1.0,1320,2026-02-10T04:00,COMPLETA,6868.9171,1728.0,1619.0,98.0,327.0,1,0.625,2,0,0,262,1446,973.2156488549618,10.5
20265,1.0,1321,2026-02-10T04:10,COMPLETA,7288.0354,1182.5,91.5,160.0,480.0,2,0.4166666666666667,3,0,1,262,1446,973.2156488549618,10.5
20265,1.0,1322,2026-02-10T04:20,COMPLETA,6917.742501,1728.0,1619.0,98.0,327.0,1,0.625,2,0,0,262,1446,973.2156488549618,10.5
20265,1.0,1323,2026-02-10T04:30,COMPLETA,7045.0927,1728.0,1619.0,98.0,327.0,1,0.625,2,0,0,262,1446,973.2156488549618,10.5
20265,1.0,1324,2026-02-10T04:40,COMPLETA,6976.355,1728.0,1619.0,98.0,327.0,1,0.625,2,0,0,262,1446,973.2156488549618,10.5
20265,1.0,1325,2026-02-10T04:50,COMPLETA,7584.1379,1484.6666666666667,998.0,126.0,429.0,2,0.3541666666666667,3,0,1,262,1446,973.2156488549618,10.5
20265,1.0,1326,2026-02-10T05:00,COMPLETA,4655.5281,1728.0,1619.0,98.0,327.0,1,0.625,2,0,0,262,1446,973.2156488549618,10.5
20265,1.0,1327,2026-02-10T05:10,COMPLETA,3438.887299,1728.0,1619.0,98.0,327.0,1,0.625,2,0,0,262,1446,973.2156488549618,10.5
20265,1.0,1328,2026-02-10T05:20,COMPLETA,6522.778099,1477.3333333333333,976.0,139.0,448.5,2,0.3958333333333333,3,0,1,262,1446,973.2156488549618,10.5
20265,1.0,1329,2026-02-10T05:30,COMPLETA,6421.967099,1728.0,1619.0,98.0,327.0,1,0.625,2,0,0,262,1446,973.2156488549618,10.5
20265,1.0,1330,2026-02-10T05:40,COMPLETA,7693.4072,1234.8333333333333,248.5,177.0,565.5,2,0.5208333333333334,3,0,0,263,1451,976.5152091254753,10.5
20265,1.0,1331,2026-02-10T05:50,COMPLETA,9002.6143,993.75,146.0,209.0,733.5,3,0.4861111111111111,4,0,0,263,1451,976.5152091254753,10.5
20265,1.0,1332,2026-02-10T06:00,COMPLETA,10464.4324,1199.9,242.5,235.0,892.5,4,0.3854166666666667,5,0,0,263,1451,976.5152091254753,10.5
20265,1.0,1333,2026-02-10T06:10,COMPLETA,10225.3384,1199.9,242.5,235.0,892.5,4,0.3854166666666667,5,0,0,263,1451,976.5152091254753,10.5
20265,1.0,1334,2026-02-10T06:20,COMPLETA,10401.325801,1199.9,242.5,235.0,892.5,4,0.3854166666666667,5,0,0,264,1453,976.5965909090909,10.5
20265,1.0,1335,2026-02-10T06:30,COMPLETA,10248.8267,1199.9,242.5,235.0,892.5,4,0.3854166666666667,5,0,0,266,1470,977.0657894736842,10.5
20265,1.0,1336,2026-02-10T06:40,COMPLETA,10026.7911,1199.9,242.5,235.0,892.5,4,0.3854166666666667,5,0,0,267,1475,973.7490636704119,10.5
20265,1.0,1337,2026-02-10T06:50,COMPLETA,10331.552299,1199.9,242.5,235.0,892.5,4,0.3854166666666667,5,0,0,267,1475,973.7490636704119,10.5
20265,1.0,1338,2026-02-10T07:00,COMPLETA,10390.58,1199.9,242.5,235.0,892.5,4,0.3854166666666667,5,0,4,268,1479,973.7574626865671,10.5
20265,1.0,1339,2026-02-10T07:10,COMPLETA,5146.638901,21.0,21.0,130.0,315.0,1,0.4166666666666667,1,0,1,268,1479,973.7574626865671,10.5
20265,1.0,1340,2026-02-10T07:20,COMPLETA,4943.661899,107.5,107.5,73.0,229.5,1,0.4166666666666667,1,0,0,268,1479,973.7574626865671,10.5
20265,1.0,1341,2026-02-10T07:30,COMPLETA,4912.5953,107.5,107.5,73.0,229.5,1,0.4166666666666667,1,0,0,268,1479,973.7574626865671,10.5
20265,1.0,1342,2026-02-10T07:40,COMPLETA,5277.484101,107.5,107.5,73.0,229.5,1,0.4166666666666667,1,0,0,268,1479,973.7574626865671,10.5
20265,1.0,1343,2026-02-10T07:50,COMPLETA,5134.375601,107.5,107.5,73.0,229.5,1,0.4166666666666667,1,0,0,268,1479,973.7574626865671,10.5
20265,1.0,1344,2026-02-10T08:00,COMPLETA,5140.417901,107.5,107.5,73.0,229.5,1,0.4166666666666667,1,0,0,268,1479,973.7574626865671,10.5
20265,1.0,1345,2026-02-10T08:10,COMPLETA,5232.437501,107.5,107.5,73.0,229.5,1,0.4166666666666667,1,0,0,269,1485,977.2063197026023,10.5
20265,1.0,1346,2026-02-10T08:20,COMPLETA,5133.490801,107.5,107.5,73.0,229.5,1,0.4166666666666667,1,0,0,269,1485,977.2063197026023,10.5
20265,1.0,1347,2026-02-10T08:30,COMPLETA,6726.4451,553.75,107.5,93.0,379.5,2,0.25,2,0,1,270,1487,981.0407407407407,10.5
20265,1.0,1348,2026-02-10T08:40,COMPLETA,6599.477301,555.75,107.5,93.0,379.5,2,0.2708333333333333,2,0,1,270,1487,981.0407407407407,10.5
20265,1.0,1349,2026-02-10T08:50,COMPLETA,5229.922601,107.5,107.5,73.0,229.5,1,0.4166666666666667,1,0,0,270,1487,981.0407407407407,10.5
20265,1.0,1350,2026-02-10T09:00,COMPLETA,5279.794799,107.5,107.5,73.0,229.5,1,0.4166666666666667,1,0,0,270,1487,981.0407407407407,10.5
20265,1.0,1351,2026-02-10T09:10,COMPLETA,5514.7411,107.5,107.5,73.0,229.5,1,0.4166666666666667,1,0,0,270,1487,981.0407407407407,10.5
20265,1.0,1352,2026-02-10T09:20,COMPLETA,5605.666,107.5,107.5,73.0,229.5,1,0.4166666666666667,1,0,0,270,1487,981.0407407407407,10.5
20265,1.0,1353,2026-02-10T09:30,COMPLETA,5685.9173,107.5,107.5,73.0,229.5,1,0.4166666666666667,1,0,0,270,1487,981.0407407407407,10.5
20265,1.0,1354,2026-02-10T09:40,COMPLETA,5576.0213,107.5,107.5,73.0,229.5,1,0.4166666666666667,1,0,0,272,1507,975.6305147058823,10.5
20265,1.0,1355,2026-02-10T09:50,COMPLETA,5627.4772,107.5,107.5,73.0,229.5,1,0.4166666666666667,1,0,0,273,1509,975.7197802197802,10.5
20265,1.0,1356,2026-02-10T10:00,COMPLETA,5565.8163,107.5,107.5,73.0,229.5,1,0.4166666666666667,1,0,0,274,1512,975.82299270073,10.5
20265,1.0,1357,2026-02-10T10:10,COMPLETA,5441.2141,107.5,107.5,73.0,229.5,1,0.4166666666666667,1,0,0,274,1512,975.82299270073,10.5
20265,1.0,1358,2026-02-10T10:20,COMPLETA,5366.019199,107.5,107.5,73.0,229.5,1,0.4166666666666667,1,0,0,274,1512,975.82299270073,10.5
20265,1.0,1359,2026-02-10T10:30,COMPLETA,5329.9706,107.5,107.5,73.0,229.5,1,0.4166666666666667,1,0,0,274,1512,975.82299270073,10.5
20265,1.0,1360,2026-02-10T10:40,COMPLETA,5534.0324,107.5,107.5,73.0,169.5,1,0.4166666666666667,1,0,0,274,1512,975.82299270073,10.5
20265,1.0,1361,2026-02-10T10:50,COMPLETA,5415.9564,107.5,107.5,73.0,169.5,1,0.4166666666666667,1,0,0,275,1522,972.3509090909091,10.5
20265,1.0,1362,2026-02-10T11:00,COMPLETA,4399.5738,107.5,107.5,73.0,169.5,1,0.4166666666666667,1,0,1,275,1522,972.3509090909091,10.5
20265,1.0,1363,2026-02-10T11:10,SIN_DEMANDA,0,,,,,,,0,0,0,275,1522,972.3509090909091,10.5
20265,1.0,1364,2026-02-10T11:20,SIN_DEMANDA,0,,,,,,,0,0,0,275,1522,972.3509090909091,10.5
20265,1.0,1365,2026-02-10T11:30,SIN_DEMANDA,0,,,,,,,0,0,0,275,1522,972.3509090909091,10.5
20265,1.0,1366,2026-02-10T11:40,SIN_DEMANDA,0,,,,,,,0,0,0,275,1522,972.3509090909091,10.5
20265,1.0,1367,2026-02-10T11:50,SIN_DEMANDA,0,,,,,,,0,0,0,276,1531,974.606884057971,10.5
20265,1.0,1368,2026-02-10T12:00,SIN_DEMANDA,0,,,,,,,0,0,0,276,1531,974.606884057971,10.5
20265,1.0,1369,2026-02-10T12:10,SIN_DEMANDA,0,,,,,,,0,0,0,276,1531,974.606884057971,10.5
20265,1.0,1370,2026-02-10T12:20,SIN_DEMANDA,0,,,,,,,0,0,0,276,1531,974.606884057971,10.5
20265,1.0,1371,2026-02-10T12:30,COMPLETA,5196.6398,720.5,720.5,110.0,285.0,1,0.375,1,0,0,276,1531,974.606884057971,10.5
20265,1.0,1372,2026-02-10T12:40,COMPLETA,6024.731401,562.5,404.5,128.0,372.0,2,0.20833333333333334,2,0,1,276,1531,974.606884057971,10.5
20265,1.0,1373,2026-02-10T12:50,COMPLETA,2592.481599,720.5,720.5,110.0,285.0,1,0.375,1,0,0,276,1531,974.606884057971,10.5
20265,1.0,1374,2026-02-10T13:00,COMPLETA,2274.4762,720.5,720.5,110.0,285.0,1,0.375,1,0,0,276,1531,974.606884057971,10.5
20265,1.0,1375,2026-02-10T13:10,COMPLETA,2541.127699,720.5,720.5,110.0,285.0,1,0.375,1,0,0,276,1531,974.606884057971,10.5
20265,1.0,1376,2026-02-10T13:20,COMPLETA,2218.671299,720.5,720.5,110.0,285.0,1,0.375,1,0,0,276,1531,974.606884057971,10.5
20265,1.0,1377,2026-02-10T13:30,COMPLETA,3044.752,1249.75,603.5,148.0,402.0,1,0.625,2,0,0,276,1531,974.606884057971,10.5
20265,1.0,1378,2026-02-10T13:40,COMPLETA,2890.9885,1249.75,603.5,148.0,402.0,1,0.625,2,0,0,277,1541,971.4765342960288,10.5
20265,1.0,1379,2026-02-10T13:50,COMPLETA,3018.1825,1249.75,603.5,148.0,402.0,1,0.625,2,0,0,277,1541,971.4765342960288,10.5
20265,1.0,1380,2026-02-10T14:00,COMPLETA,2776.505199,1249.75,603.5,148.0,402.0,1,0.625,2,0,0,278,1542,969.4370503597122,10.5
20265,1.0,1381,2026-02-10T14:10,COMPLETA,2860.7515,1249.75,603.5,148.0,402.0,1,0.625,2,0,0,278,1542,969.4370503597122,10.5
20265,1.0,1382,2026-02-10T14:20,COMPLETA,2605.775,1249.75,603.5,148.0,402.0,1,0.625,2,0,0,278,1542,969.4370503597122,10.5
20265,1.0,1383,2026-02-10T14:30,COMPLETA,2590.706199,1249.75,603.5,148.0,402.0,1,0.625,2,0,0,278,1542,969.4370503597122,10.5
20265,1.0,1384,2026-02-10T14:40,COMPLETA,2914.269601,1249.75,603.5,148.0,402.0,1,0.625,2,0,0,278,1542,969.4370503597122,10.5
20265,1.0,1385,2026-02-10T14:50,COMPLETA,3217.2657,942.5,328.0,207.0,610.5,2,0.4791666666666667,3,0,0,278,1542,969.4370503597122,10.5
20265,1.0,1386,2026-02-10T15:00,COMPLETA,3109.7169,868.0,349.0,231.0,766.5,3,0.375,4,0,3,278,1542,969.4370503597122,10.5
20265,1.0,1387,2026-02-10T15:10,SIN_DEMANDA,0,,,,,,,0,0,0,278,1542,969.4370503597122,10.5
20265,1.0,1388,2026-02-10T15:20,SIN_DEMANDA,0,,,,,,,0,0,0,278,1542,969.4370503597122,10.5
20265,1.0,1389,2026-02-10T15:30,SIN_DEMANDA,0,,,,,,,0,0,0,278,1542,969.4370503597122,10.5
20265,1.0,1390,2026-02-10T15:40,SIN_DEMANDA,0,,,,,,,0,0,0,278,1542,969.4370503597122,10.5
20265,1.0,1391,2026-02-10T15:50,COMPLETA,1743.0577,90.0,90.0,79.0,238.5,1,0.2916666666666667,1,0,1,278,1542,969.4370503597122,10.5
20265,1.0,1392,2026-02-10T16:00,SIN_DEMANDA,0,,,,,,,0,0,0,278,1542,969.4370503597122,10.5
20265,1.0,1393,2026-02-10T16:10,COMPLETA,1022.805099,2047.5,2047.5,62.0,213.0,1,0.125,1,0,1,278,1542,969.4370503597122,10.5
20265,1.0,1394,2026-02-10T16:20,SIN_DEMANDA,0,,,,,,,0,0,0,278,1542,969.4370503597122,10.5
20265,1.0,1395,2026-02-10T16:30,SIN_DEMANDA,0,,,,,,,0,0,0,279,1546,968.1971326164875,10.5
20265,1.0,1396,2026-02-10T16:40,SIN_DEMANDA,0,,,,,,,0,0,0,279,1546,968.1971326164875,10.5
20265,1.0,1397,2026-02-10T16:50,SIN_DEMANDA,0,,,,,,,0,0,0,279,1546,968.1971326164875,10.5
20265,1.0,1398,2026-02-10T17:00,SIN_DEMANDA,0,,,,,,,0,0,0,280,1554,965.9857142857143,10.5
20265,1.0,1399,2026-02-10T17:10,SIN_DEMANDA,0,,,,,,,0,0,0,280,1554,965.9857142857143,10.5
20265,1.0,1400,2026-02-10T17:20,COMPLETA,1769.029999,1620.0,1620.0,108.0,282.0,1,0.3333333333333333,1,0,0,280,1554,965.9857142857143,10.5
20265,1.0,1401,2026-02-10T17:30,COMPLETA,2912.723,1915.5,1620.0,186.0,519.0,3,0.2222222222222222,3,0,2,280,1554,965.9857142857143,10.5
20265,1.0,1402,2026-02-10T17:40,COMPLETA,1662.417,1620.0,1620.0,108.0,282.0,1,0.3333333333333333,1,0,0,280,1554,965.9857142857143,10.5
20265,1.0,1403,2026-02-10T17:50,COMPLETA,1743.738199,1620.0,1620.0,108.0,282.0,1,0.3333333333333333,1,0,0,280,1554,965.9857142857143,10.5
20265,1.0,1404,2026-02-10T18:00,COMPLETA,1967.5192,1620.0,1620.0,108.0,282.0,1,0.3333333333333333,1,0,0,282,1563,973.1187943262412,10.5
20265,1.0,1405,2026-02-10T18:10,COMPLETA,2214.3255,1848.0,1620.0,140.0,390.0,2,0.20833333333333334,2,0,1,282,1563,973.1187943262412,10.5
20265,1.0,1406,2026-02-10T18:20,COMPLETA,1689.647999,1620.0,1620.0,108.0,282.0,1,0.3333333333333333,1,0,0,283,1570,969.9982332155477,10.5
20265,1.0,1407,2026-02-10T18:30,COMPLETA,1724.0253,1620.0,1620.0,108.0,282.0,1,0.3333333333333333,1,0,0,283,1570,969.9982332155477,10.5
20265,1.0,1408,2026-02-10T18:40,COMPLETA,1735.3938,1620.0,1620.0,108.0,282.0,1,0.3333333333333333,1,0,0,283,1570,969.9982332155477,10.5
20265,1.0,1409,2026-02-10T18:50,COMPLETA,1541.3591,1620.0,1620.0,108.0,282.0,1,0.3333333333333333,1,0,0,284,1574,973.8978873239437,10.5
20265,1.0,1410,2026-02-10T19:00,COMPLETA,1670.1921,1620.0,1620.0,108.0,282.0,1,0.3333333333333333,1,0,0,284,1574,973.8978873239437,10.5
20265,1.0,1411,2026-02-10T19:10,COMPLETA,1785.5914,1620.0,1620.0,108.0,282.0,1,0.3333333333333333,1,0,0,284,1574,973.8978873239437,10.5
20265,1.0,1412,2026-02-10T19:20,COMPLETA,1445.3443,1620.0,1620.0,108.0,282.0,1,0.3333333333333333,1,0,0,285,1578,977.6701754385965,10.5
20265,1.0,1413,2026-02-10T19:30,COMPLETA,1603.713701,1620.0,1620.0,108.0,282.0,1,0.3333333333333333,1,0,0,285,1578,977.6701754385965,10.5
20265,1.0,1414,2026-02-10T19:40,COMPLETA,1625.464701,1620.0,1620.0,108.0,282.0,1,0.3333333333333333,1,0,0,286,1580,981.5104895104895,10.5
20265,1.0,1415,2026-02-10T19:50,COMPLETA,1482.7835,1620.0,1620.0,108.0,282.0,1,0.3333333333333333,1,0,0,286,1580,981.5104895104895,10.5
20265,1.0,1416,2026-02-10T20:00,COMPLETA,1620.395,1620.0,1620.0,108.0,282.0,1,0.3333333333333333,1,0,0,286,1580,981.5104895104895,10.5
20265,1.0,1417,2026-02-10T20:10,COMPLETA,1720.484099,1620.0,1620.0,108.0,282.0,1,0.3333333333333333,1,0,0,286,1580,981.5104895104895,10.5
20265,1.0,1418,2026-02-10T20:20,COMPLETA,1462.1805,1620.0,1620.0,108.0,282.0,1,0.3333333333333333,1,0,0,286,1580,981.5104895104895,10.5
20265,1.0,1419,2026-02-10T20:30,COMPLETA,1815.3804,1620.0,1620.0,108.0,282.0,1,0.3333333333333333,1,0,0,287,1589,980.1933797909408,10.5
20265,1.0,1420,2026-02-10T20:40,COMPLETA,1515.743701,1620.0,1620.0,108.0,282.0,1,0.3333333333333333,1,0,0,287,1589,980.1933797909408,10.5
20265,1.0,1421,2026-02-10T20:50,COMPLETA,1340.370499,1620.0,1620.0,108.0,282.0,1,0.3333333333333333,1,0,0,287,1589,980.1933797909408,10.5
20265,1.0,1422,2026-02-10T21:00,COMPLETA,1746.260801,1620.0,1620.0,108.0,282.0,1,0.3333333333333333,1,0,0,287,1589,980.1933797909408,10.5
20265,1.0,1423,2026-02-10T21:10,COMPLETA,1690.0255,1620.0,1620.0,108.0,282.0,1,0.3333333333333333,1,0,0,287,1589,980.1933797909408,10.5
20265,1.0,1424,2026-02-10T21:20,COMPLETA,1685.7893,1620.0,1620.0,108.0,282.0,1,0.3333333333333333,1,0,0,287,1589,980.1933797909408,10.5
20265,1.0,1425,2026-02-10T21:30,COMPLETA,1759.8569,1620.0,1620.0,108.0,282.0,1,0.3333333333333333,1,0,0,287,1589,980.1933797909408,10.5
20265,1.0,1426,2026-02-10T21:40,COMPLETA,1667.7644,1620.0,1620.0,108.0,282.0,1,0.3333333333333333,1,0,0,287,1589,980.1933797909408,10.5
20265,1.0,1427,2026-02-10T21:50,COMPLETA,1706.285599,1620.0,1620.0,108.0,282.0,1,0.3333333333333333,1,0,0,287,1589,980.1933797909408,10.5
20265,1.0,1428,2026-02-10T22:00,COMPLETA,1751.8607,1620.0,1620.0,108.0,282.0,1,0.3333333333333333,1,0,0,287,1589,980.1933797909408,10.5
20265,1.0,1429,2026-02-10T22:10,COMPLETA,1460.7773,1620.0,1620.0,108.0,282.0,1,0.3333333333333333,1,0,0,287,1589,980.1933797909408,10.5
20265,1.0,1430,2026-02-10T22:20,COMPLETA,1682.1699,1620.0,1620.0,108.0,282.0,1,0.3333333333333333,1,0,0,287,1589,980.1933797909408,10.5
20265,1.0,1431,2026-02-10T22:30,COMPLETA,1736.149199,1620.0,1620.0,108.0,282.0,1,0.3333333333333333,1,0,0,287,1589,980.1933797909408,10.5
20265,1.0,1432,2026-02-10T22:40,COMPLETA,2771.2359,881.25,292.5,168.0,432.0,1,0.5416666666666666,2,0,0,287,1589,980.1933797909408,10.5
20265,1.0,1433,2026-02-10T22:50,COMPLETA,2818.8802,881.25,292.5,168.0,432.0,1,0.5416666666666666,2,0,0,287,1589,980.1933797909408,10.5
20265,1.0,1434,2026-02-10T23:00,COMPLETA,2798.092399,881.25,292.5,168.0,432.0,1,0.5416666666666666,2,0,1,287,1589,980.1933797909408,10.5
20265,1.0,1435,2026-02-10T23:10,COMPLETA,1188.7976,153.5,153.5,34.0,171.0,1,0.16666666666666666,1,0,1,287,1589,980.1933797909408,10.5
20265,1.0,1436,2026-02-10T23:20,SIN_DEMANDA,0,,,,,,,0,0,0,287,1589,980.1933797909408,10.5
20265,1.0,1437,2026-02-10T23:30,SIN_DEMANDA,0,,,,,,,0,0,0,287,1589,980.1933797909408,10.5
20265,1.0,1438,2026-02-10T23:40,COMPLETA,1620.8854,1578.0,1578.0,57.0,205.5,1,0.3333333333333333,1,0,0,287,1589,980.1933797909408,10.5
20265,1.0,1439,2026-02-10T23:50,COMPLETA,1644.1634,1578.0,1578.0,57.0,205.5,1,0.3333333333333333,1,0,0,287,1589,980.1933797909408,10.5
20265,1.0,1440,2026-02-11T00:00,COMPLETA,1507.150599,1578.0,1578.0,57.0,205.5,1,0.3333333333333333,1,0,0,287,1589,980.1933797909408,10.5
20265,1.0,1441,2026-02-11T00:10,COMPLETA,2353.382601,1101.25,624.5,95.0,382.5,2,0.22916666666666666,2,0,1,287,1589,980.1933797909408,10.5
20265,1.0,1442,2026-02-11T00:20,COMPLETA,1687.7909,1578.0,1578.0,57.0,205.5,1,0.3333333333333333,1,0,0,287,1589,980.1933797909408,10.5
20265,1.0,1443,2026-02-11T00:30,COMPLETA,2699.4204,1544.75,1511.5,100.0,330.0,1,0.7083333333333334,2,0,0,287,1589,980.1933797909408,10.5
20265,1.0,1444,2026-02-11T00:40,COMPLETA,2772.8497,1544.75,1511.5,100.0,330.0,1,0.7083333333333334,2,0,0,288,1593,977.3229166666666,10.5
20265,1.0,1445,2026-02-11T00:50,COMPLETA,2964.2325,1544.75,1511.5,100.0,330.0,1,0.7083333333333334,2,0,0,288,1593,977.3229166666666,10.5
20265,1.0,1446,2026-02-11T01:00,COMPLETA,3513.9571,1681.3333333333333,1511.5,189.0,583.5,2,0.5416666666666666,3,0,0,288,1593,977.3229166666666,10.5
20265,1.0,1447,2026-02-11T01:10,COMPLETA,3664.444599,1681.3333333333333,1511.5,189.0,583.5,2,0.5416666666666666,3,0,0,288,1593,977.3229166666666,10.5
20265,1.0,1448,2026-02-11T01:20,COMPLETA,3759.113801,1681.3333333333333,1511.5,189.0,583.5,2,0.5416666666666666,3,0,0,288,1593,977.3229166666666,10.5
20265,1.0,1449,2026-02-11T01:30,COMPLETA,4222.5377,1681.3333333333333,1511.5,189.0,583.5,2,0.5416666666666666,3,0,0,288,1593,977.3229166666666,10.5
20265,1.0,1450,2026-02-11T01:40,COMPLETA,3812.037899,1681.3333333333333,1522.0,189.0,523.5,2,0.5416666666666666,3,0,0,289,1596,976.1020761245675,10.5
20265,1.0,1451,2026-02-11T01:50,COMPLETA,3829.333399,1297.625,146.5,223.0,634.5,3,0.375,4,0,1,290,1601,973.744827586207,10.5
20265,1.0,1452,2026-02-11T02:00,COMPLETA,4220.487799,1780.125,1522.0,215.0,622.5,3,0.375,4,0,2,290,1601,973.744827586207,10.5
20265,1.0,1453,2026-02-11T02:10,COMPLETA,3311.3334,1724.5,1522.0,172.0,498.0,2,0.3958333333333333,3,0,1,290,1601,973.744827586207,10.5
20265,1.0,1454,2026-02-11T02:20,COMPLETA,2739.5483,1550.0,1522.0,138.0,387.0,1,0.7083333333333334,2,0,0,290,1601,973.744827586207,10.5
20265,1.0,1455,2026-02-11T02:30,COMPLETA,2975.7412,1550.0,1522.0,138.0,387.0,1,0.7083333333333334,2,0,0,290,1601,973.744827586207,10.5
20265,1.0,1456,2026-02-11T02:40,COMPLETA,3145.7388,1550.0,1522.0,138.0,387.0,1,0.7083333333333334,2,0,0,290,1601,973.744827586207,10.5
20265,1.0,1457,2026-02-11T02:50,COMPLETA,3228.350601,1550.0,1522.0,138.0,387.0,1,0.7083333333333334,2,0,0,290,1601,973.744827586207,10.5
20265,1.0,1458,2026-02-11T03:00,COMPLETA,3059.0262,1550.0,1522.0,138.0,387.0,1,0.7083333333333334,2,0,0,290,1601,973.744827586207,10.5
20265,1.0,1459,2026-02-11T03:10,COMPLETA,2903.4239,1550.0,1522.0,138.0,387.0,1,0.7083333333333334,2,0,0,290,1601,973.744827586207,10.5
20265,1.0,1460,2026-02-11T03:20,COMPLETA,3254.736499,1550.0,1522.0,138.0,387.0,1,0.7083333333333334,2,0,0,292,1603,974.6883561643835,10.5
20265,1.0,1461,2026-02-11T03:30,COMPLETA,2782.8797,1550.0,1522.0,138.0,387.0,1,0.7083333333333334,2,0,0,292,1603,974.6883561643835,10.5
20265,1.0,1462,2026-02-11T03:40,COMPLETA,2935.9926,1550.0,1522.0,138.0,387.0,1,0.7083333333333334,2,0,0,293,1605,978.4385665529011,10.5
20265,1.0,1463,2026-02-11T03:50,COMPLETA,3105.2721,1062.0,17.0,268.0,702.0,2,0.4791666666666667,3,0,0,293,1605,978.4385665529011,10.5
20265,1.0,1464,2026-02-11T04:00,COMPLETA,3161.369001,1062.0,17.0,268.0,702.0,2,0.4791666666666667,3,0,0,293,1605,978.4385665529011,10.5
20265,1.0,1465,2026-02-11T04:10,COMPLETA,3116.2183,1062.0,17.0,268.0,702.0,2,0.4791666666666667,3,0,0,294,1614,981.7227891156463,10.5
20265,1.0,1466,2026-02-11T04:20,COMPLETA,2984.236999,1062.0,17.0,268.0,702.0,2,0.4791666666666667,3,0,0,294,1614,981.7227891156463,10.5
20265,1.0,1467,2026-02-11T04:30,COMPLETA,3233.113401,1062.0,17.0,268.0,702.0,2,0.4791666666666667,3,0,0,294,1614,981.7227891156463,10.5
20265,1.0,1468,2026-02-11T04:40,COMPLETA,3213.0178,1062.0,17.0,268.0,702.0,2,0.4791666666666667,3,0,0,294,1614,981.7227891156463,10.5
20265,1.0,1469,2026-02-11T04:50,COMPLETA,3750.6264,1371.0,303.0,234.0,651.0,3,0.3472222222222222,4,0,2,295,1622,983.3779661016949,10.5
20265,1.0,1470,2026-02-11T05:00,COMPLETA,2727.7108,1550.0,1522.0,138.0,387.0,1,0.7083333333333334,2,0,0,295,1622,983.3779661016949,10.5
20265,1.0,1471,2026-02-11T05:10,COMPLETA,2854.4477,1550.0,1522.0,138.0,387.0,1,0.7083333333333334,2,0,0,295,1622,983.3779661016949,10.5
20265,1.0,1472,2026-02-11T05:20,COMPLETA,2863.162501,1550.0,1522.0,138.0,387.0,1,0.7083333333333334,2,0,0,295,1622,983.3779661016949,10.5
20265,1.0,1473,2026-02-11T05:30,COMPLETA,3063.007701,1550.0,1522.0,138.0,387.0,1,0.7083333333333334,2,0,0,295,1622,983.3779661016949,10.5
20265,1.0,1474,2026-02-11T05:40,COMPLETA,2897.0714,1550.0,1522.0,138.0,387.0,1,0.7083333333333334,2,0,0,295,1622,983.3779661016949,10.5
20265,1.0,1475,2026-02-11T05:50,COMPLETA,2913.334599,1550.0,1522.0,138.0,387.0,1,0.7083333333333334,2,0,0,295,1622,983.3779661016949,10.5
20265,1.0,1476,2026-02-11T06:00,COMPLETA,3361.1702,1077.8333333333333,85.5,137.0,505.5,2,0.4166666666666667,3,0,0,295,1622,983.3779661016949,10.5
20265,1.0,1477,2026-02-11T06:10,COMPLETA,3114.9826,1077.8333333333333,85.5,137.0,505.5,2,0.4166666666666667,3,0,0,296,1624,987.0861486486486,10.5
20265,1.0,1478,2026-02-11T06:20,COMPLETA,3358.5018,1077.8333333333333,85.5,137.0,505.5,2,0.4166666666666667,3,0,0,296,1624,987.0861486486486,10.5
20265,1.0,1479,2026-02-11T06:30,COMPLETA,3368.6667,1077.8333333333333,85.5,137.0,505.5,2,0.4166666666666667,3,0,0,296,1624,987.0861486486486,10.5
20265,1.0,1480,2026-02-11T06:40,COMPLETA,3421.1939,1077.8333333333333,85.5,137.0,505.5,2,0.4166666666666667,3,0,0,296,1624,987.0861486486486,10.5
20265,1.0,1481,2026-02-11T06:50,COMPLETA,3975.3453,902.875,85.5,197.0,715.5,3,0.4027777777777778,4,0,0,297,1630,984.7828282828283,10.5
20265,1.0,1482,2026-02-11T07:00,COMPLETA,3982.7283,902.875,85.5,197.0,715.5,3,0.4027777777777778,4,0,3,297,1630,984.7828282828283,10.5
20265,1.0,1483,2026-02-11T07:10,SIN_DEMANDA,0,,,,,,,0,0,0,297,1630,984.7828282828283,10.5
20265,1.0,1484,2026-02-11T07:20,SIN_DEMANDA,0,,,,,,,0,0,0,297,1630,984.7828282828283,10.5
20265,1.0,1485,2026-02-11T07:30,SIN_DEMANDA,0,,,,,,,0,0,0,297,1630,984.7828282828283,10.5
20265,1.0,1486,2026-02-11T07:40,SIN_DEMANDA,0,,,,,,,0,0,0,297,1630,984.7828282828283,10.5
20265,1.0,1487,2026-02-11T07:50,SIN_DEMANDA,0,,,,,,,0,0,0,297,1630,984.7828282828283,10.5
20265,1.0,1488,2026-02-11T08:00,SIN_DEMANDA,0,,,,,,,0,0,0,297,1630,984.7828282828283,10.5
20265,1.0,1489,2026-02-11T08:10,SIN_DEMANDA,0,,,,,,,0,0,0,297,1630,984.7828282828283,10.5
20265,1.0,1490,2026-02-11T08:20,COMPLETA,2543.6597,1294.5,994.5,124.0,426.0,2,0.16666666666666666,2,0,1,297,1630,984.7828282828283,10.5
20265,1.0,1491,2026-02-11T08:30,COMPLETA,1724.6717,1594.5,1594.5,94.0,261.0,1,0.20833333333333334,1,0,0,297,1630,984.7828282828283,10.5
20265,1.0,1492,2026-02-11T08:40,COMPLETA,1827.264,1594.5,1594.5,94.0,261.0,1,0.20833333333333334,1,0,0,299,1642,979.7056856187291,10.5
20265,1.0,1493,2026-02-11T08:50,COMPLETA,1777.4102,1594.5,1594.5,94.0,261.0,1,0.20833333333333334,1,0,0,300,1650,981.79,10.5
20265,1.0,1494,2026-02-11T09:00,COMPLETA,1883.1007,1594.5,1594.5,94.0,261.0,1,0.20833333333333334,1,0,0,300,1650,981.79,10.5
20265,1.0,1495,2026-02-11T09:10,COMPLETA,1806.1417,1594.5,1594.5,94.0,261.0,1,0.20833333333333334,1,0,0,300,1650,981.79,10.5
20265,1.0,1496,2026-02-11T09:20,COMPLETA,1653.1136,1594.5,1594.5,94.0,261.0,1,0.20833333333333334,1,0,0,300,1650,981.79,10.5
20265,1.0,1497,2026-02-11T09:30,COMPLETA,1672.4859,1594.5,1594.5,94.0,261.0,1,0.20833333333333334,1,0,0,300,1650,981.79,10.5
20265,1.0,1498,2026-02-11T09:40,COMPLETA,1831.2694,1594.5,1594.5,94.0,261.0,1,0.20833333333333334,1,0,0,300,1650,981.79,10.5
20265,1.0,1499,2026-02-11T09:50,COMPLETA,1690.7878,1594.5,1594.5,94.0,261.0,1,0.20833333333333334,1,0,0,301,1653,981.8322259136213,10.5
20265,1.0,1500,2026-02-11T10:00,COMPLETA,1795.8332,1594.5,1594.5,94.0,261.0,1,0.20833333333333334,1,0,0,301,1653,981.8322259136213,10.5
20265,1.0,1501,2026-02-11T10:10,COMPLETA,2827.2496,881.75,169.0,118.0,357.0,1,0.625,2,0,0,301,1653,981.8322259136213,10.5
20265,1.0,1502,2026-02-11T10:20,COMPLETA,3584.9815,635.8333333333334,109.0,118.0,417.0,1,1.0,3,0,0,301,1653,981.8322259136213,10.5
20265,1.0,1503,2026-02-11T10:30,COMPLETA,3771.1929,491.375,58.0,189.0,643.5,2,0.625,4,0,0,301,1653,981.8322259136213,10.5
20265,1.0,1504,2026-02-11T10:40,COMPLETA,3693.6749,491.375,58.0,189.0,643.5,2,0.625,4,0,0,301,1653,981.8322259136213,10.5
20265,1.0,1505,2026-02-11T10:50,COMPLETA,3876.722,491.375,58.0,179.0,568.5,2,0.625,4,0,0,301,1653,981.8322259136213,10.5
20265,1.0,1506,2026-02-11T11:00,COMPLETA,3931.769,491.375,58.0,179.0,568.5,2,0.625,4,0,1,301,1653,981.8322259136213,10.5
20265,1.0,1507,2026-02-11T11:10,COMPLETA,3662.4218,635.8333333333334,109.0,118.0,417.0,1,1.0,3,0,0,302,1662,983.7301324503311,10.5
20265,1.0,1508,2026-02-11T11:20,COMPLETA,3393.3537,635.8333333333334,109.0,118.0,417.0,1,1.0,3,0,0,302,1662,983.7301324503311,10.5
20265,1.0,1509,2026-02-11T11:30,COMPLETA,3686.164,635.8333333333334,109.0,118.0,417.0,1,1.0,3,0,0,302,1662,983.7301324503311,10.5
20265,1.0,1510,2026-02-11T11:40,COMPLETA,4016.9971,635.8333333333334,109.0,118.0,417.0,1,1.0,3,0,0,302,1662,983.7301324503311,10.5
20265,1.0,1511,2026-02-11T11:50,COMPLETA,3818.7088,635.8333333333334,109.0,118.0,417.0,1,1.0,3,0,0,302,1662,983.7301324503311,10.5
20265,1.0,1512,2026-02-11T12:00,COMPLETA,3644.4057,635.8333333333334,109.0,118.0,417.0,1,1.0,3,0,0,302,1662,983.7301324503311,10.5
20265,1.0,1513,2026-02-11T12:10,COMPLETA,3746.3715,635.8333333333334,109.0,118.0,417.0,1,1.0,3,0,0,302,1662,983.7301324503311,10.5
20265,1.0,1514,2026-02-11T12:20,COMPLETA,3527.6259,635.8333333333334,109.0,118.0,417.0,1,1.0,3,0,0,302,1662,983.7301324503311,10.5
20265,1.0,1515,2026-02-11T12:30,COMPLETA,3776.4752,635.8333333333334,109.0,118.0,417.0,1,1.0,3,0,0,302,1662,983.7301324503311,10.5
20265,1.0,1516,2026-02-11T12:40,COMPLETA,3561.4864,635.8333333333334,109.0,118.0,417.0,1,1.0,3,0,0,302,1662,983.7301324503311,10.5
20265,1.0,1517,2026-02-11T12:50,COMPLETA,3273.5009,635.8333333333334,109.0,118.0,417.0,1,1.0,3,0,0,302,1662,983.7301324503311,10.5
20265,1.0,1518,2026-02-11T13:00,COMPLETA,3457.4158,990.375,109.0,178.0,567.0,2,0.5416666666666666,4,0,1,302,1662,983.7301324503311,10.5
20265,1.0,1519,2026-02-11T13:10,COMPLETA,3584.9786,998.25,109.0,136.0,504.0,2,0.5208333333333334,4,0,1,302,1662,983.7301324503311,10.5
20265,1.0,1520,2026-02-11T13:20,COMPLETA,3973.6682,992.0,109.0,160.0,540.0,2,0.5416666666666666,4,0,1,302,1662,983.7301324503311,10.5
20265,1.0,1521,2026-02-11T13:30,COMPLETA,4073.8578,635.8333333333334,109.0,118.0,417.0,1,1.0,3,0,0,303,1668,980.6749174917492,10.5
20265,1.0,1522,2026-02-11T13:40,COMPLETA,5323.0612,959.9,233.5,289.0,913.5,3,0.5833333333333334,5,0,0,303,1668,980.6749174917492,10.5
20265,1.0,1523,2026-02-11T13:50,COMPLETA,5244.9662,959.9,233.5,289.0,913.5,3,0.5833333333333334,5,0,0,303,1668,980.6749174917492,10.5
20265,1.0,1524,2026-02-11T14:00,COMPLETA,5291.3068,959.9,233.5,289.0,913.5,3,0.5833333333333334,5,0,0,303,1668,980.6749174917492,10.5
20265,1.0,1525,2026-02-11T14:10,COMPLETA,4808.568,925.3333333333334,143.5,309.0,1003.5,3,0.6805555555555556,6,0,0,303,1668,980.6749174917492,10.5
20265,1.0,1526,2026-02-11T14:20,COMPLETA,4693.5312,925.3333333333334,143.5,309.0,1003.5,3,0.6805555555555556,6,0,0,303,1668,980.6749174917492,10.5
20265,1.0,1527,2026-02-11T14:30,COMPLETA,4844.545,925.3333333333334,143.5,309.0,1003.5,3,0.6805555555555556,6,0,0,304,1669,984.3092105263158,10.5
20265,1.0,1528,2026-02-11T14:40,COMPLETA,4862.0667,925.3333333333334,143.5,309.0,1003.5,3,0.6805555555555556,6,0,0,304,1669,984.3092105263158,10.5
20265,1.0,1529,2026-02-11T14:50,COMPLETA,4839.5707,925.3333333333334,143.5,309.0,1003.5,3,0.6805555555555556,6,0,0,305,1671,987.8163934426229,10.5
20265,1.0,1530,2026-02-11T15:00,COMPLETA,4727.3162,925.3333333333334,143.5,309.0,1003.5,3,0.6805555555555556,6,0,3,306,1673,991.3218954248366,10.5
20265,1.0,1531,2026-02-11T15:10,SIN_DEMANDA,0,,,,,,,0,0,0,306,1673,991.3218954248366,10.5
20265,1.0,1532,2026-02-11T15:20,SIN_DEMANDA,0,,,,,,,0,0,0,306,1673,991.3218954248366,10.5
20265,1.0,1533,2026-02-11T15:30,SIN_DEMANDA,0,,,,,,,0,0,0,306,1673,991.3218954248366,10.5
20265,1.0,1534,2026-02-11T15:40,SIN_DEMANDA,0,,,,,,,0,0,0,306,1673,991.3218954248366,10.5
20265,1.0,1535,2026-02-11T15:50,SIN_DEMANDA,0,,,,,,,0,0,0,306,1673,991.3218954248366,10.5
20265,1.0,1536,2026-02-11T16:00,SIN_DEMANDA,0,,,,,,,0,0,0,306,1673,991.3218954248366,10.5
20265,1.0,1537,2026-02-11T16:10,SIN_DEMANDA,0,,,,,,,0,0,0,306,1673,991.3218954248366,10.5
20265,1.0,1538,2026-02-11T16:20,SIN_DEMANDA,0,,,,,,,0,0,0,306,1673,991.3218954248366,10.5
20265,1.0,1539,2026-02-11T16:30,SIN_DEMANDA,0,,,,,,,0,0,0,306,1673,991.3218954248366,10.5
20265,1.0,1540,2026-02-11T16:40,SIN_DEMANDA,0,,,,,,,0,0,0,307,1680,991.1302931596091,10.5
20265,1.0,1541,2026-02-11T16:50,COMPLETA,1737.9821,555.0,555.0,77.0,235.5,1,0.25,1,0,0,307,1680,991.1302931596091,10.5
20265,1.0,1542,2026-02-11T17:00,COMPLETA,1710.5055,555.0,555.0,77.0,235.5,1,0.25,1,0,0,307,1680,991.1302931596091,10.5
20265,1.0,1543,2026-02-11T17:10,COMPLETA,1819.4102,555.0,555.0,77.0,235.5,1,0.25,1,0,0,308,1690,994.2175324675325,10.5
20265,1.0,1544,2026-02-11T17:20,COMPLETA,3363.7601,1064.75,420.0,127.0,370.5,1,0.625,2,0,0,308,1690,994.2175324675325,10.5
20265,1.0,1545,2026-02-11T17:30,COMPLETA,3034.3051,1064.75,420.0,127.0,370.5,1,0.625,2,0,0,308,1690,994.2175324675325,10.5
20265,1.0,1546,2026-02-11T17:40,COMPLETA,2934.3659,1064.75,420.0,127.0,370.5,1,0.625,2,0,0,308,1690,994.2175324675325,10.5
20265,1.0,1547,2026-02-11T17:50,COMPLETA,3131.5928,1064.75,420.0,127.0,370.5,1,0.625,2,0,0,309,1699,991.8543689320388,10.5
20265,1.0,1548,2026-02-11T18:00,COMPLETA,2895.144,1064.75,420.0,127.0,370.5,1,0.625,2,0,0,309,1699,991.8543689320388,10.5
20265,1.0,1549,2026-02-11T18:10,COMPLETA,3495.6834,918.0,462.0,201.0,601.5,2,0.5208333333333334,3,0,0,310,1704,993.7161290322581,10.5
20265,1.0,1550,2026-02-11T18:20,COMPLETA,4343.6465,1077.6,476.0,241.0,781.5,3,0.4722222222222222,5,0,1,310,1704,993.7161290322581,10.5
20265,1.0,1551,2026-02-11T18:30,COMPLETA,4016.7829,1098.75,476.0,217.0,685.5,2,0.6458333333333334,4,0,0,310,1704,993.7161290322581,10.5
20265,1.0,1552,2026-02-11T18:40,COMPLETA,3797.6035,1098.75,476.0,217.0,685.5,2,0.6458333333333334,4,0,0,310,1704,993.7161290322581,10.5
20265,1.0,1553,2026-02-11T18:50,COMPLETA,4058.3109,1002.5,476.0,263.0,814.5,3,0.4583333333333333,5,0,1,310,1704,993.7161290322581,10.5
20265,1.0,1554,2026-02-11T19:00,COMPLETA,3785.7573,1098.75,476.0,217.0,685.5,2,0.6458333333333334,4,0,0,310,1704,993.7161290322581,10.5
20265,1.0,1555,2026-02-11T19:10,COMPLETA,3713.479,1098.75,476.0,217.0,685.5,2,0.6458333333333334,4,0,0,310,1704,993.7161290322581,10.5
20265,1.0,1556,2026-02-11T19:20,COMPLETA,3887.1164,1098.75,476.0,217.0,685.5,2,0.6458333333333334,4,0,0,310,1704,993.7161290322581,10.5
20265,1.0,1557,2026-02-11T19:30,COMPLETA,4120.9223,1098.75,476.0,217.0,685.5,2,0.6458333333333334,4,0,0,310,1704,993.7161290322581,10.5
20265,1.0,1558,2026-02-11T19:40,COMPLETA,3719.0288,1098.75,476.0,217.0,685.5,2,0.6458333333333334,4,0,0,311,1707,993.7138263665595,10.5
20265,1.0,1559,2026-02-11T19:50,COMPLETA,3903.8632,1098.75,476.0,217.0,685.5,2,0.6458333333333334,4,0,0,312,1717,990.9887820512821,10.5
20265,1.0,1560,2026-02-11T20:00,COMPLETA,4212.3145,1291.6,476.0,265.0,817.5,3,0.4861111111111111,5,0,1,313,1725,990.0623003194888,10.5
20265,1.0,1561,2026-02-11T20:10,COMPLETA,4087.5198,1098.75,476.0,217.0,685.5,2,0.6458333333333334,4,0,0,313,1725,990.0623003194888,10.5
20265,1.0,1562,2026-02-11T20:20,COMPLETA,3922.8754,1098.75,476.0,217.0,685.5,2,0.6458333333333334,4,0,0,313,1725,990.0623003194888,10.5
20265,1.0,1563,2026-02-11T20:30,COMPLETA,3726.5784,1098.75,476.0,217.0,685.5,2,0.6458333333333334,4,0,0,314,1727,988.875796178344,10.5
20265,1.0,1564,2026-02-11T20:40,COMPLETA,3659.5772,1098.75,476.0,217.0,685.5,2,0.6458333333333334,4,0,0,314,1727,988.875796178344,10.5
20265,1.0,1565,2026-02-11T20:50,COMPLETA,3947.4574,1098.75,476.0,217.0,685.5,2,0.6458333333333334,4,0,0,314,1727,988.875796178344,10.5
20265,1.0,1566,2026-02-11T21:00,COMPLETA,4202.6593,916.74,160.2,358.0,1029.6,4,0.4375,5,0,1,314,1727,988.875796178344,10.5
20265,1.0,1567,2026-02-11T21:10,COMPLETA,3989.4707,1098.75,476.0,217.0,685.5,2,0.6458333333333334,4,0,0,314,1727,988.875796178344,10.5
20265,1.0,1568,2026-02-11T21:20,COMPLETA,4151.5055,1080.0,476.0,237.0,775.5,3,0.4722222222222222,5,0,1,314,1727,988.875796178344,10.5
20265,1.0,1569,2026-02-11T21:30,COMPLETA,3659.8121,1098.75,476.0,217.0,685.5,2,0.6458333333333334,4,0,0,314,1727,988.875796178344,10.5
20265,1.0,1570,2026-02-11T21:40,COMPLETA,3642.8792,1098.75,476.0,217.0,685.5,2,0.6458333333333334,4,0,0,315,1731,992.2857142857143,10.5
20265,1.0,1571,2026-02-11T21:50,COMPLETA,3700.5282,1098.75,476.0,217.0,685.5,2,0.6458333333333334,4,0,0,315,1731,992.2857142857143,10.5
20265,1.0,1572,2026-02-11T22:00,COMPLETA,3898.1609,1098.75,476.0,217.0,685.5,2,0.6458333333333334,4,0,0,315,1731,992.2857142857143,10.5
20265,1.0,1573,2026-02-11T22:10,COMPLETA,5176.4401,1185.6666666666667,384.0,269.0,943.5,3,0.5694444444444444,6,0,0,315,1731,992.2857142857143,10.5
20265,1.0,1574,2026-02-11T22:20,COMPLETA,6296.1164,1055.2857142857142,124.5,339.0,1168.5,4,0.4583333333333333,7,0,0,316,1735,989.6525316455696,10.5
20265,1.0,1575,2026-02-11T22:30,COMPLETA,6242.8211,1055.2857142857142,124.5,339.0,1168.5,4,0.4583333333333333,7,0,0,316,1735,989.6525316455696,10.5
20265,1.0,1576,2026-02-11T22:40,COMPLETA,6109.8307,1055.2857142857142,124.5,339.0,1168.5,4,0.4583333333333333,7,0,0,317,1738,989.7009463722397,10.5
20265,1.0,1577,2026-02-11T22:50,COMPLETA,6779.985,1055.2857142857142,124.5,339.0,1168.5,4,0.4583333333333333,7,0,0,317,1738,989.7009463722397,10.5
20265,1.0,1578,2026-02-11T23:00,COMPLETA,6825.4229,1055.2857142857142,124.5,339.0,1168.5,4,0.4583333333333333,7,0,4,317,1738,989.7009463722397,10.5
20265,1.0,1579,2026-02-11T23:10,SIN_DEMANDA,0,,,,,,,0,0,0,317,1738,989.7009463722397,10.5
20265,1.0,1580,2026-02-11T23:20,SIN_DEMANDA,0,,,,,,,0,0,0,317,1738,989.7009463722397,10.5
20265,1.0,1581,2026-02-11T23:30,SIN_DEMANDA,0,,,,,,,0,0,0,317,1738,989.7009463722397,10.5
20265,1.0,1582,2026-02-11T23:40,SIN_DEMANDA,0,,,,,,,0,0,0,317,1738,989.7009463722397,10.5
20265,1.0,1583,2026-02-11T23:50,SIN_DEMANDA,0,,,,,,,0,0,0,317,1738,989.7009463722397,10.5
20265,1.0,1584,2026-02-12T00:00,SIN_DEMANDA,0,,,,,,,0,0,0,317,1738,989.7009463722397,10.5
20265,1.0,1585,2026-02-12T00:10,SIN_DEMANDA,0,,,,,,,0,0,0,317,1738,989.7009463722397,10.5
20265,1.0,1586,2026-02-12T00:20,SIN_DEMANDA,0,,,,,,,0,0,0,319,1744,990.2451410658308,10.5
20265,1.0,1587,2026-02-12T00:30,COMPLETA,2302.8046,144.0,144.0,74.0,231.0,1,0.375,1,0,0,319,1744,990.2451410658308,10.5
20265,1.0,1588,2026-02-12T00:40,COMPLETA,2232.4575,144.0,144.0,74.0,231.0,1,0.375,1,0,0,319,1744,990.2451410658308,10.5
20265,1.0,1589,2026-02-12T00:50,COMPLETA,2245.3378,144.0,144.0,74.0,231.0,1,0.375,1,0,0,320,1750,992.6771875000001,10.5
20265,1.0,1590,2026-02-12T01:00,COMPLETA,2192.7304,144.0,144.0,74.0,231.0,1,0.375,1,0,0,320,1750,992.6771875000001,10.5
20265,1.0,1591,2026-02-12T01:10,COMPLETA,2252.0604,144.0,144.0,74.0,231.0,1,0.375,1,0,0,320,1750,992.6771875000001,10.5
20265,1.0,1592,2026-02-12T01:20,COMPLETA,2366.0527,144.0,144.0,74.0,231.0,1,0.375,1,0,0,320,1750,992.6771875000001,10.5
20265,1.0,1593,2026-02-12T01:30,COMPLETA,2402.2787,144.0,144.0,74.0,231.0,1,0.375,1,0,0,321,1760,991.6003115264798,10.5
20265,1.0,1594,2026-02-12T01:40,COMPLETA,3290.4723,392.0,144.0,98.0,327.0,2,0.20833333333333334,2,0,1,321,1760,991.6003115264798,10.5
20265,1.0,1595,2026-02-12T01:50,COMPLETA,2967.5321,1108.0,144.0,110.0,345.0,2,0.2708333333333333,2,0,1,321,1760,991.6003115264798,10.5
20265,1.0,1596,2026-02-12T02:00,COMPLETA,2383.5346,144.0,144.0,74.0,231.0,1,0.375,1,0,0,321,1760,991.6003115264798,10.5
20265,1.0,1597,2026-02-12T02:10,COMPLETA,2228.2698,144.0,144.0,74.0,231.0,1,0.375,1,0,0,321,1760,991.6003115264798,10.5
20265,1.0,1598,2026-02-12T02:20,COMPLETA,2175.5351,144.0,144.0,74.0,231.0,1,0.375,1,0,0,322,1767,991.1031055900621,10.5
20265,1.0,1599,2026-02-12T02:30,COMPLETA,2249.212,144.0,144.0,74.0,231.0,1,0.375,1,0,0,322,1767,991.1031055900621,10.5
20265,1.0,1600,2026-02-12T02:40,COMPLETA,2321.5504,144.0,144.0,74.0,231.0,1,0.375,1,0,0,322,1767,991.1031055900621,10.5
20265,1.0,1601,2026-02-12T02:50,COMPLETA,2199.1139,144.0,144.0,74.0,231.0,1,0.375,1,0,0,323,1773,989.5346749226006,10.5
20265,1.0,1602,2026-02-12T03:00,COMPLETA,2326.2412,144.0,144.0,74.0,231.0,1,0.375,1,0,0,324,1774,988.4558641975309,10.5
20265,1.0,1603,2026-02-12T03:10,COMPLETA,2294.3966,144.0,144.0,74.0,231.0,1,0.375,1,0,0,324,1774,988.4558641975309,10.5
20265,1.0,1604,2026-02-12T03:20,COMPLETA,3001.9625,946.75,144.0,166.0,429.0,2,0.2916666666666667,2,0,0,325,1778,991.7898461538462,10.5
20265,1.0,1605,2026-02-12T03:30,COMPLETA,2937.9555,946.75,144.0,166.0,429.0,2,0.2916666666666667,2,0,0,325,1778,991.7898461538462,10.5
20265,1.0,1606,2026-02-12T03:40,COMPLETA,3096.2492,946.75,144.0,166.0,429.0,2,0.2916666666666667,2,0,0,325,1778,991.7898461538462,10.5
20265,1.0,1607,2026-02-12T03:50,COMPLETA,2972.1253,943.75,138.0,166.0,429.0,2,0.2916666666666667,2,0,0,325,1778,991.7898461538462,10.5
20265,1.0,1608,2026-02-12T04:00,COMPLETA,3053.9555,943.75,138.0,166.0,429.0,2,0.2916666666666667,2,0,1,325,1778,991.7898461538462,10.5
20265,1.0,1609,2026-02-12T04:10,COMPLETA,2972.5652,882.25,170.0,92.0,353.0,1,0.625,2,0,0,325,1778,991.7898461538462,10.5
20265,1.0,1610,2026-02-12T04:20,COMPLETA,3399.4592,637.3333333333334,147.5,134.0,476.0,2,0.375,3,0,1,326,1787,993.3564417177914,10.5
20265,1.0,1611,2026-02-12T04:30,COMPLETA,3252.6976,1209.3333333333333,170.0,199.0,633.5,2,0.4166666666666667,3,0,0,326,1787,993.3564417177914,10.5
20265,1.0,1612,2026-02-12T04:40,COMPLETA,3544.9045,945.0,152.0,235.0,747.5,3,0.3333333333333333,4,0,1,326,1787,993.3564417177914,10.5
20265,1.0,1613,2026-02-12T04:50,COMPLETA,3484.9932,934.0,134.0,226.0,734.0,3,0.4166666666666667,4,0,1,326,1787,993.3564417177914,10.5
20265,1.0,1614,2026-02-12T05:00,COMPLETA,3107.0275,1209.3333333333333,170.0,199.0,633.5,2,0.4166666666666667,3,0,0,326,1787,993.3564417177914,10.5
20265,1.0,1615,2026-02-12T05:10,COMPLETA,4582.0084,1347.375,5.0,252.0,738.0,2,0.5625,4,0,0,326,1787,993.3564417177914,10.5
20265,1.0,1616,2026-02-12T05:20,COMPLETA,4612.4432,1347.375,5.0,252.0,738.0,2,0.5625,4,0,0,326,1787,993.3564417177914,10.5
20265,1.0,1617,2026-02-12T05:30,COMPLETA,4514.3208,1347.375,5.0,252.0,738.0,2,0.5625,4,0,0,326,1787,993.3564417177914,10.5
20265,1.0,1618,2026-02-12T05:40,COMPLETA,4829.0937,1347.375,5.0,252.0,738.0,2,0.5625,4,0,0,326,1787,993.3564417177914,10.5
20265,1.0,1619,2026-02-12T05:50,COMPLETA,4862.106,1347.375,5.0,252.0,738.0,2,0.5625,4,0,0,326,1787,993.3564417177914,10.5
20265,1.0,1620,2026-02-12T06:00,COMPLETA,4446.1736,1347.375,5.0,252.0,738.0,2,0.5625,4,0,0,327,1790,990.7697247706423,10.5
20265,1.0,1621,2026-02-12T06:10,COMPLETA,4587.729,1347.375,5.0,252.0,738.0,2,0.5625,4,0,0,329,1803,985.6282674772037,10.5
20265,1.0,1622,2026-02-12T06:20,COMPLETA,4796.0605,1095.6,5.0,310.0,945.0,3,0.4861111111111111,5,0,0,329,1803,985.6282674772037,10.5
20265,1.0,1623,2026-02-12T06:30,COMPLETA,4984.7121,1095.6,5.0,310.0,945.0,3,0.4861111111111111,5,0,0,330,1813,983.0475757575758,10.5
20265,1.0,1624,2026-02-12T06:40,COMPLETA,5336.5668,1095.6,5.0,310.0,945.0,3,0.4861111111111111,5,0,0,330,1813,983.0475757575758,10.5
20265,1.0,1625,2026-02-12T06:50,COMPLETA,5001.389,1095.6,5.0,310.0,945.0,3,0.4861111111111111,5,0,0,330,1813,983.0475757575758,10.5
20265,1.0,1626,2026-02-12T07:00,COMPLETA,4911.3724,1095.6,5.0,310.0,945.0,3,0.4861111111111111,5,0,3,330,1813,983.0475757575758,10.5
20265,1.0,1627,2026-02-12T07:10,SIN_DEMANDA,0,,,,,,,0,0,0,330,1813,983.0475757575758,10.5
20265,1.0,1628,2026-02-12T07:20,SIN_DEMANDA,0,,,,,,,0,0,0,330,1813,983.0475757575758,10.5
20265,1.0,1629,2026-02-12T07:30,COMPLETA,3258.1267,253.75,121.5,107.0,400.5,2,0.2708333333333333,2,0,1,330,1813,983.0475757575758,10.5
20265,1.0,1630,2026-02-12T07:40,COMPLETA,2472.6427,121.5,121.5,71.0,226.5,1,0.4166666666666667,1,0,0,330,1813,983.0475757575758,10.5
20265,1.0,1631,2026-02-12T07:50,COMPLETA,3471.7004,829.0,115.5,173.0,515.0,2,0.375,2,0,0,330,1813,983.0475757575758,10.5
20265,1.0,1632,2026-02-12T08:00,COMPLETA,3368.78,829.0,115.5,173.0,515.0,2,0.375,2,0,0,330,1813,983.0475757575758,10.5
20265,1.0,1633,2026-02-12T08:10,COMPLETA,3939.4791,829.0,115.5,173.0,515.0,2,0.375,2,0,0,330,1813,983.0475757575758,10.5
20265,1.0,1634,2026-02-12T08:20,COMPLETA,3628.3766,829.0,115.5,173.0,515.0,2,0.375,2,0,0,330,1813,983.0475757575758,10.5
20265,1.0,1635,2026-02-12T08:30,COMPLETA,3115.2488,829.0,115.5,173.0,515.0,2,0.375,2,0,0,330,1813,983.0475757575758,10.5
20265,1.0,1636,2026-02-12T08:40,COMPLETA,3704.4613,879.5,115.5,212.0,693.5,3,0.2916666666666667,3,0,1,330,1813,983.0475757575758,10.5
20265,1.0,1637,2026-02-12T08:50,COMPLETA,3078.0515,829.0,115.5,173.0,515.0,2,0.375,2,0,0,331,1821,980.3450151057402,10.5
20265,1.0,1638,2026-02-12T09:00,COMPLETA,3544.3093,599.1666666666666,115.5,227.0,656.0,3,0.3055555555555556,3,0,1,332,1824,978.5548192771084,10.5
20265,1.0,1639,2026-02-12T09:10,COMPLETA,3415.0934,829.0,115.5,173.0,515.0,2,0.375,2,0,0,332,1824,978.5548192771084,10.5
20265,1.0,1640,2026-02-12T09:20,COMPLETA,3602.9545,677.8333333333334,115.5,227.0,648.0,3,0.3333333333333333,3,0,1,332,1824,978.5548192771084,10.5
20265,1.0,1641,2026-02-12T09:30,COMPLETA,3442.657,590.1666666666666,112.5,187.0,656.0,3,0.3472222222222222,3,0,0,332,1824,978.5548192771084,10.5
20265,1.0,1642,2026-02-12T09:40,COMPLETA,3431.5792,590.1666666666666,112.5,187.0,656.0,3,0.3472222222222222,3,0,0,332,1824,978.5548192771084,10.5
20265,1.0,1643,2026-02-12T09:50,COMPLETA,3252.3596,590.1666666666666,112.5,187.0,596.0,3,0.3472222222222222,3,0,0,333,1829,981.1342342342342,10.5
20265,1.0,1644,2026-02-12T10:00,COMPLETA,3319.4494,590.1666666666666,112.5,187.0,596.0,3,0.3472222222222222,3,0,0,333,1829,981.1342342342342,10.5
20265,1.0,1645,2026-02-12T10:10,COMPLETA,3172.8978,590.1666666666666,112.5,187.0,596.0,3,0.3472222222222222,3,0,0,334,1834,983.4347305389222,10.5
20265,1.0,1646,2026-02-12T10:20,COMPLETA,3342.1511,590.1666666666666,112.5,187.0,596.0,3,0.3472222222222222,3,0,1,335,1837,983.4259701492538,10.5
20265,1.0,1647,2026-02-12T10:30,COMPLETA,3087.5568,829.0,115.5,173.0,515.0,2,0.375,2,0,0,335,1837,983.4259701492538,10.5
20265,1.0,1648,2026-02-12T10:40,COMPLETA,3962.0426,1126.5,121.5,269.0,779.0,3,0.375,3,0,0,335,1837,983.4259701492538,10.5
20265,1.0,1649,2026-02-12T10:50,COMPLETA,4367.093,917.375,23.0,363.0,1040.0,4,0.34375,4,0,0,336,1841,980.9142857142857,10.5
20265,1.0,1650,2026-02-12T11:00,COMPLETA,4368.5878,917.375,23.0,363.0,1040.0,4,0.34375,4,0,0,336,1841,980.9142857142857,10.5
20265,1.0,1651,2026-02-12T11:10,COMPLETA,4559.0134,917.375,23.0,363.0,1040.0,4,0.34375,4,0,0,337,1848,983.3373887240357,10.5
20265,1.0,1652,2026-02-12T11:20,COMPLETA,4220.0166,917.375,23.0,363.0,1040.0,4,0.34375,4,0,0,337,1848,983.3373887240357,10.5
20265,1.0,1653,2026-02-12T11:30,COMPLETA,4428.5138,917.375,23.0,363.0,1040.0,4,0.34375,4,0,0,337,1848,983.3373887240357,10.5
20265,1.0,1654,2026-02-12T11:40,COMPLETA,4184.499,917.375,23.0,363.0,1040.0,4,0.34375,4,0,1,338,1855,980.7609467455621,10.5
20265,1.0,1655,2026-02-12T11:50,COMPLETA,3880.3034,1095.6666666666667,23.0,318.0,846.5,3,0.3194444444444444,3,0,0,338,1855,980.7609467455621,10.5
20265,1.0,1656,2026-02-12T12:00,COMPLETA,3849.3012,1095.6666666666667,23.0,318.0,846.5,3,0.3194444444444444,3,0,0,339,1865,977.8825958702065,5.0
20265,1.0,1657,2026-02-12T12:10,COMPLETA,3801.0384,893.0,164.5,224.0,636.0,3,0.4166666666666667,4,0,1,339,1865,977.8825958702065,5.0
20265,1.0,1658,2026-02-12T12:20,COMPLETA,3625.0081,1095.6666666666667,23.0,318.0,846.5,3,0.3194444444444444,3,0,0,339,1865,977.8825958702065,5.0
20265,1.0,1659,2026-02-12T12:30,COMPLETA,3331.6065,1095.6666666666667,23.0,318.0,846.5,3,0.3194444444444444,3,0,0,340,1871,975.844705882353,5.0
20265,1.0,1660,2026-02-12T12:40,COMPLETA,3365.0081,1095.6666666666667,23.0,318.0,846.5,3,0.3194444444444444,3,0,0,340,1871,975.844705882353,5.0
20265,1.0,1661,2026-02-12T12:50,COMPLETA,3334.8932,1095.6666666666667,23.0,318.0,846.5,3,0.3194444444444444,3,0,0,340,1871,975.844705882353,5.0
20265,1.0,1662,2026-02-12T13:00,COMPLETA,4091.3237,1005.125,257.0,222.0,633.0,3,0.3333333333333333,4,0,2,340,1871,975.844705882353,5.0
20265,1.0,1663,2026-02-12T13:10,COMPLETA,2973.7281,1561.75,1402.0,162.0,423.0,1,0.7083333333333334,2,0,0,340,1871,975.844705882353,5.0
20265,1.0,1664,2026-02-12T13:20,COMPLETA,3094.5218,1561.75,1402.0,162.0,423.0,1,0.7083333333333334,2,0,0,340,1871,975.844705882353,5.0
20265,1.0,1665,2026-02-12T13:30,COMPLETA,2949.2148,1561.75,1402.0,162.0,423.0,1,0.7083333333333334,2,0,0,341,1878,973.4653958944282,5.0
20265,1.0,1666,2026-02-12T13:40,COMPLETA,3262.8139,1561.75,1402.0,162.0,423.0,1,0.7083333333333334,2,0,0,341,1878,973.4653958944282,5.0
20265,1.0,1667,2026-02-12T13:50,COMPLETA,3141.49,1561.75,1402.0,162.0,423.0,1,0.7083333333333334,2,0,0,341,1878,973.4653958944282,5.0
20265,1.0,1668,2026-02-12T14:00,COMPLETA,3040.5606,1561.75,1402.0,162.0,423.0,1,0.7083333333333334,2,0,0,341,1878,973.4653958944282,5.0
20265,1.0,1669,2026-02-12T14:10,COMPLETA,3705.4862,1716.1666666666667,1402.0,194.0,591.0,2,0.4375,3,0,0,341,1878,973.4653958944282,5.0
20265,1.0,1670,2026-02-12T14:20,COMPLETA,4083.2469,1775.25,1542.5,278.0,840.5,3,0.4166666666666667,4,0,0,343,1889,970.5516034985424,5.0
20265,1.0,1671,2026-02-12T14:30,COMPLETA,4181.9077,1775.25,1542.5,278.0,840.5,3,0.4166666666666667,4,0,0,343,1889,970.5516034985424,5.0
20265,1.0,1672,2026-02-12T14:40,COMPLETA,4261.486,1775.25,1542.5,278.0,840.5,3,0.4166666666666667,4,0,0,344,1895,968.4773255813953,5.0
20265,1.0,1673,2026-02-12T14:50,COMPLETA,4418.4476,1775.25,1542.5,278.0,840.5,3,0.4166666666666667,4,0,0,344,1895,968.4773255813953,5.0
20265,1.0,1674,2026-02-12T15:00,COMPLETA,4259.6126,1775.25,1542.5,278.0,840.5,3,0.4166666666666667,4,0,3,344,1895,968.4773255813953,5.0
20265,1.0,1675,2026-02-12T15:10,SIN_DEMANDA,0,,,,,,,0,0,0,344,1895,968.4773255813953,5.0
20265,1.0,1676,2026-02-12T15:20,SIN_DEMANDA,0,,,,,,,0,0,0,344,1895,968.4773255813953,5.0
20265,1.0,1677,2026-02-12T15:30,SIN_DEMANDA,0,,,,,,,0,0,0,344,1895,968.4773255813953,5.0
20265,1.0,1678,2026-02-12T15:40,SIN_DEMANDA,0,,,,,,,0,0,0,344,1895,968.4773255813953,5.0
20265,1.0,1679,2026-02-12T15:50,SIN_DEMANDA,0,,,,,,,0,0,0,344,1895,968.4773255813953,5.0
20265,1.0,1680,2026-02-12T16:00,SIN_DEMANDA,0,,,,,,,0,0,0,344,1895,968.4773255813953,5.0
20265,1.0,1681,2026-02-12T16:10,SIN_DEMANDA,0,,,,,,,0,0,0,344,1895,968.4773255813953,5.0
20265,1.0,1682,2026-02-12T16:20,SIN_DEMANDA,0,,,,,,,0,0,0,344,1895,968.4773255813953,5.0
20265,1.0,1683,2026-02-12T16:30,SIN_DEMANDA,0,,,,,,,0,0,0,345,1899,971.5397101449275,5.0
20265,1.0,1684,2026-02-12T16:40,SIN_DEMANDA,0,,,,,,,0,0,0,345,1899,971.5397101449275,5.0
20265,1.0,1685,2026-02-12T16:50,SIN_DEMANDA,0,,,,,,,0,0,0,345,1899,971.5397101449275,5.0
20265,1.0,1686,2026-02-12T17:00,SIN_DEMANDA,0,,,,,,,0,0,0,345,1899,971.5397101449275,5.0
20265,1.0,1687,2026-02-12T17:10,SIN_DEMANDA,0,,,,,,,0,0,0,345,1899,971.5397101449275,5.0
20265,1.0,1688,2026-02-12T17:20,SIN_DEMANDA,0,,,,,,,0,0,0,345,1899,971.5397101449275,5.0
20265,1.0,1689,2026-02-12T17:30,SIN_DEMANDA,0,,,,,,,0,0,0,345,1899,971.5397101449275,5.0
20265,1.0,1690,2026-02-12T17:40,SIN_DEMANDA,0,,,,,,,0,0,0,345,1899,971.5397101449275,5.0
20265,1.0,1691,2026-02-12T17:50,SIN_DEMANDA,0,,,,,,,0,0,0,346,1908,973.707225433526,5.0
20265,1.0,1692,2026-02-12T18:00,SIN_DEMANDA,0,,,,,,,0,0,0,346,1908,973.707225433526,5.0
20265,1.0,1693,2026-02-12T18:10,SIN_DEMANDA,0,,,,,,,0,0,0,347,1916,975.3463976945245,5.0
20265,1.0,1694,2026-02-12T18:20,SIN_DEMANDA,0,,,,,,,0,0,0,347,1916,975.3463976945245,5.0
20265,1.0,1695,2026-02-12T18:30,COMPLETA,975.9781,141.0,141.0,52.0,138.0,1,0.125,1,0,1,347,1916,975.3463976945245,5.0
20265,1.0,1696,2026-02-12T18:40,SIN_DEMANDA,0,,,,,,,0,0,0,347,1916,975.3463976945245,5.0
20265,1.0,1697,2026-02-12T18:50,SIN_DEMANDA,0,,,,,,,0,0,0,347,1916,975.3463976945245,5.0
20265,1.0,1698,2026-02-12T19:00,COMPLETA,1589.7626,1699.5,1699.5,116.0,294.0,1,0.25,1,0,0,347,1916,975.3463976945245,5.0
20265,1.0,1699,2026-02-12T19:10,COMPLETA,1475.2818,1699.5,1699.5,116.0,294.0,1,0.25,1,0,0,347,1916,975.3463976945245,5.0
20265,1.0,1700,2026-02-12T19:20,COMPLETA,2494.5776,911.25,123.0,180.0,450.0,2,0.16666666666666666,2,0,1,347,1916,975.3463976945245,5.0
20265,1.0,1701,2026-02-12T19:30,COMPLETA,1916.0908,1699.5,1699.5,116.0,294.0,1,0.25,1,0,0,347,1916,975.3463976945245,5.0
20265,1.0,1702,2026-02-12T19:40,COMPLETA,1689.5184,1699.5,1699.5,116.0,294.0,1,0.25,1,0,0,347,1916,975.3463976945245,5.0
20265,1.0,1703,2026-02-12T19:50,COMPLETA,1802.8769,1699.5,1699.5,116.0,294.0,1,0.25,1,0,0,347,1916,975.3463976945245,5.0
20265,1.0,1704,2026-02-12T20:00,COMPLETA,2879.5438,901.6666666666666,356.5,206.0,549.0,3,0.1388888888888889,3,0,2,348,1925,977.7505747126437,5.0
20265,1.0,1705,2026-02-12T20:10,COMPLETA,3332.2147,1320.6666666666667,634.5,214.0,561.0,2,0.3958333333333333,3,0,1,349,1928,975.3530085959886,5.0
20265,1.0,1706,2026-02-12T20:20,COMPLETA,3027.4296,1663.75,1531.5,188.0,462.0,1,0.6666666666666666,2,0,0,349,1928,975.3530085959886,5.0
20265,1.0,1707,2026-02-12T20:30,COMPLETA,3329.9661,1663.75,1531.5,188.0,462.0,1,0.6666666666666666,2,0,0,349,1928,975.3530085959886,5.0
20265,1.0,1708,2026-02-12T20:40,COMPLETA,3007.6046,1663.75,1531.5,188.0,462.0,1,0.6666666666666666,2,0,0,349,1928,975.3530085959886,5.0
20265,1.0,1709,2026-02-12T20:50,COMPLETA,3188.0665,1663.75,1531.5,188.0,462.0,1,0.6666666666666666,2,0,0,349,1928,975.3530085959886,5.0
20265,1.0,1710,2026-02-12T21:00,COMPLETA,3084.4638,1663.75,1531.5,188.0,462.0,1,0.6666666666666666,2,0,0,349,1928,975.3530085959886,5.0
20265,1.0,1711,2026-02-12T21:10,COMPLETA,2985.931,1663.75,1531.5,188.0,462.0,1,0.6666666666666666,2,0,0,351,1932,971.9948717948719,5.0
20265,1.0,1712,2026-02-12T21:20,COMPLETA,3273.3213,1663.75,1531.5,188.0,462.0,1,0.6666666666666666,2,0,0,351,1932,971.9948717948719,5.0
20265,1.0,1713,2026-02-12T21:30,COMPLETA,3158.8159,1663.75,1531.5,188.0,462.0,1,0.6666666666666666,2,0,0,352,1935,971.0360795454545,5.0
20265,1.0,1714,2026-02-12T21:40,COMPLETA,3050.0067,1663.75,1531.5,188.0,462.0,1,0.6666666666666666,2,0,0,352,1935,971.0360795454545,5.0
20265,1.0,1715,2026-02-12T21:50,COMPLETA,3079.0326,1663.75,1531.5,188.0,462.0,1,0.6666666666666666,2,0,0,352,1935,971.0360795454545,5.0
20265,1.0,1716,2026-02-12T22:00,COMPLETA,2787.3025,1663.75,1531.5,188.0,462.0,1,0.6666666666666666,2,0,0,353,1937,969.2951841359774,5.0
20265,1.0,1717,2026-02-12T22:10,COMPLETA,3039.621,1663.75,1531.5,188.0,462.0,1,0.6666666666666666,2,0,0,353,1937,969.2951841359774,5.0
20265,1.0,1718,2026-02-12T22:20,COMPLETA,3240.0448,1663.75,1531.5,188.0,462.0,1,0.6666666666666666,2,0,0,353,1937,969.2951841359774,5.0
20265,1.0,1719,2026-02-12T22:30,COMPLETA,2867.9298,1663.75,1531.5,188.0,462.0,1,0.6666666666666666,2,0,0,353,1937,969.2951841359774,5.0
20265,1.0,1720,2026-02-12T22:40,COMPLETA,3248.8156,1663.75,1531.5,188.0,462.0,1,0.6666666666666666,2,0,0,353,1937,969.2951841359774,5.0
20265,1.0,1721,2026-02-12T22:50,COMPLETA,3204.4982,1663.75,1531.5,188.0,462.0,1,0.6666666666666666,2,0,0,353,1937,969.2951841359774,5.0
20265,1.0,1722,2026-02-12T23:00,COMPLETA,3129.402,1663.75,1531.5,188.0,462.0,1,0.6666666666666666,2,0,1,353,1937,969.2951841359774,5.0
20265,1.0,1723,2026-02-12T23:10,SIN_DEMANDA,0,,,,,,,0,0,0,353,1937,969.2951841359774,5.0
20265,1.0,1724,2026-02-12T23:20,SIN_DEMANDA,0,,,,,,,0,0,0,353,1937,969.2951841359774,5.0
20265,1.0,1725,2026-02-12T23:30,COMPLETA,1308.8846,633.5,633.5,26.0,159.0,1,0.041666666666666664,1,0,1,353,1937,969.2951841359774,5.0
20265,1.0,1726,2026-02-12T23:40,SIN_DEMANDA,0,,,,,,,0,0,0,353,1937,969.2951841359774,5.0
20265,1.0,1727,2026-02-12T23:50,SIN_DEMANDA,0,,,,,,,0,0,0,353,1937,969.2951841359774,5.0
20265,1.0,1728,2026-02-13T00:00,SIN_DEMANDA,0,,,,,,,0,0,0,353,1937,969.2951841359774,5.0
20265,1.0,1729,2026-02-13T00:10,SIN_DEMANDA,0,,,,,,,0,0,0,353,1937,969.2951841359774,5.0
20265,1.0,1730,2026-02-13T00:20,SIN_DEMANDA,0,,,,,,,0,0,0,353,1937,969.2951841359774,5.0
20265,1.0,1731,2026-02-13T00:30,SIN_DEMANDA,0,,,,,,,0,0,0,353,1937,969.2951841359774,5.0
20265,1.0,1732,2026-02-13T00:40,COMPLETA,1169.7948,2078.0,2078.0,24.0,156.0,1,0.08333333333333333,1,0,1,353,1937,969.2951841359774,5.0
20265,1.0,1733,2026-02-13T00:50,COMPLETA,1299.8971,993.5,993.5,34.0,171.0,1,0.08333333333333333,1,0,1,354,1938,968.3466101694916,5.0
20265,1.0,1734,2026-02-13T01:00,SIN_DEMANDA,0,,,,,,,0,0,0,354,1938,968.3466101694916,5.0
20265,1.0,1735,2026-02-13T01:10,SIN_DEMANDA,0,,,,,,,0,0,0,354,1938,968.3466101694916,5.0
20265,1.0,1736,2026-02-13T01:20,SIN_DEMANDA,0,,,,,,,0,0,0,354,1938,968.3466101694916,5.0
20265,1.0,1737,2026-02-13T01:30,SIN_DEMANDA,0,,,,,,,0,0,0,354,1938,968.3466101694916,5.0
20265,1.0,1738,2026-02-13T01:40,COMPLETA,1240.2459,606.0,606.0,68.0,162.0,1,0.16666666666666666,1,0,1,354,1938,968.3466101694916,5.0
20265,1.0,1739,2026-02-13T01:50,SIN_DEMANDA,0,,,,,,,0,0,0,354,1938,968.3466101694916,5.0
20265,1.0,1740,2026-02-13T02:00,SIN_DEMANDA,0,,,,,,,0,0,0,355,1940,971.4723943661972,5.0
20265,1.0,1741,2026-02-13T02:10,SIN_DEMANDA,0,,,,,,,0,0,0,356,1950,973.7884831460674,5.0
20265,1.0,1742,2026-02-13T02:20,SIN_DEMANDA,0,,,,,,,0,0,0,357,1952,973.8436974789917,5.0
20265,1.0,1743,2026-02-13T02:30,SIN_DEMANDA,0,,,,,,,0,0,0,357,1952,973.8436974789917,5.0
20265,1.0,1744,2026-02-13T02:40,SIN_DEMANDA,0,,,,,,,0,0,0,357,1952,973.8436974789917,5.0
20265,1.0,1745,2026-02-13T02:50,SIN_DEMANDA,0,,,,,,,0,0,0,357,1952,973.8436974789917,5.0
20265,1.0,1746,2026-02-13T03:00,SIN_DEMANDA,0,,,,,,,0,0,0,357,1952,973.8436974789917,5.0
20265,1.0,1747,2026-02-13T03:10,SIN_DEMANDA,0,,,,,,,0,0,0,357,1952,973.8436974789917,5.0
20265,1.0,1748,2026-02-13T03:20,SIN_DEMANDA,0,,,,,,,0,0,0,357,1952,973.8436974789917,5.0
20265,1.0,1749,2026-02-13T03:30,SIN_DEMANDA,0,,,,,,,0,0,0,357,1952,973.8436974789917,5.0
20265,1.0,1750,2026-02-13T03:40,SIN_DEMANDA,0,,,,,,,0,0,0,358,1956,972.8162011173184,5.0
20265,1.0,1751,2026-02-13T03:50,SIN_DEMANDA,0,,,,,,,0,0,0,358,1956,972.8162011173184,5.0
20265,1.0,1752,2026-02-13T04:00,SIN_DEMANDA,0,,,,,,,0,0,0,358,1956,972.8162011173184,5.0
20265,1.0,1753,2026-02-13T04:10,SIN_DEMANDA,0,,,,,,,0,0,0,358,1956,972.8162011173184,5.0
20265,1.0,1754,2026-02-13T04:20,SIN_DEMANDA,0,,,,,,,0,0,0,358,1956,972.8162011173184,5.0
20265,1.0,1755,2026-02-13T04:30,SIN_DEMANDA,0,,,,,,,0,0,0,358,1956,972.8162011173184,5.0
20265,1.0,1756,2026-02-13T04:40,SIN_DEMANDA,0,,,,,,,0,0,0,358,1956,972.8162011173184,5.0
20265,1.0,1757,2026-02-13T04:50,SIN_DEMANDA,0,,,,,,,0,0,0,358,1956,972.8162011173184,5.0
20265,1.0,1758,2026-02-13T05:00,COMPLETA,1905.8425,774.0,774.0,116.0,294.0,1,0.20833333333333334,1,0,0,358,1956,972.8162011173184,5.0
20265,1.0,1759,2026-02-13T05:10,COMPLETA,2094.7508,774.0,774.0,116.0,294.0,1,0.20833333333333334,1,0,0,358,1956,972.8162011173184,5.0
20265,1.0,1760,2026-02-13T05:20,COMPLETA,1757.3418,774.0,774.0,116.0,294.0,1,0.20833333333333334,1,0,0,359,1962,974.3724233983287,5.0
20265,1.0,1761,2026-02-13T05:30,COMPLETA,1971.3729,774.0,774.0,116.0,294.0,1,0.20833333333333334,1,0,0,359,1962,974.3724233983287,5.0
20265,1.0,1762,2026-02-13T05:40,COMPLETA,3235.5866,425.75,212.5,166.0,429.0,1,0.5416666666666666,2,0,0,359,1962,974.3724233983287,5.0
20265,1.0,1763,2026-02-13T05:50,COMPLETA,3247.7679,425.75,212.5,166.0,429.0,1,0.5416666666666666,2,0,0,359,1962,974.3724233983287,5.0
20265,1.0,1764,2026-02-13T06:00,COMPLETA,3098.1421,425.75,212.5,166.0,429.0,1,0.5416666666666666,2,0,0,359,1962,974.3724233983287,5.0
20265,1.0,1765,2026-02-13T06:10,COMPLETA,3011.2229,425.75,212.5,166.0,429.0,1,0.5416666666666666,2,0,0,359,1962,974.3724233983287,5.0
20265,1.0,1766,2026-02-13T06:20,COMPLETA,3294.7127,425.75,212.5,166.0,429.0,1,0.5416666666666666,2,0,0,359,1962,974.3724233983287,5.0
20265,1.0,1767,2026-02-13T06:30,COMPLETA,3136.3237,425.75,212.5,166.0,429.0,1,0.5416666666666666,2,0,0,359,1962,974.3724233983287,5.0
20265,1.0,1768,2026-02-13T06:40,COMPLETA,3067.3515,425.75,212.5,166.0,429.0,1,0.5416666666666666,2,0,0,359,1962,974.3724233983287,5.0
20265,1.0,1769,2026-02-13T06:50,COMPLETA,3271.6226,413.0,212.5,196.0,594.0,2,0.3333333333333333,3,0,0,359,1962,974.3724233983287,5.0
20265,1.0,1770,2026-02-13T07:00,COMPLETA,3205.7525,413.0,212.5,196.0,594.0,2,0.3333333333333333,3,0,2,359,1962,974.3724233983287,5.0
20265,1.0,1771,2026-02-13T07:10,SIN_DEMANDA,0,,,,,,,0,0,0,359,1962,974.3724233983287,5.0
20265,1.0,1772,2026-02-13T07:20,COMPLETA,1262.0896,2053.0,2053.0,42.0,192.0,1,0.16666666666666666,1,0,1,359,1962,974.3724233983287,5.0
20265,1.0,1773,2026-02-13T07:30,SIN_DEMANDA,0,,,,,,,0,0,0,359,1962,974.3724233983287,5.0
20265,1.0,1774,2026-02-13T07:40,SIN_DEMANDA,0,,,,,,,0,0,0,359,1962,974.3724233983287,5.0
20265,1.0,1775,2026-02-13T07:50,SIN_DEMANDA,0,,,,,,,0,0,0,359,1962,974.3724233983287,5.0
20265,1.0,1776,2026-02-13T08:00,SIN_DEMANDA,0,,,,,,,0,0,0,359,1962,974.3724233983287,5.0
20265,1.0,1777,2026-02-13T08:10,SIN_DEMANDA,0,,,,,,,0,0,0,359,1962,974.3724233983287,5.0
20265,1.0,1778,2026-02-13T08:20,COMPLETA,2055.0026,526.5,526.5,75.0,232.5,1,0.4166666666666667,1,0,0,359,1962,974.3724233983287,5.0
20265,1.0,1779,2026-02-13T08:30,COMPLETA,2111.5387,526.5,526.5,75.0,232.5,1,0.4166666666666667,1,0,0,360,1965,972.7422222222223,5.0
20265,1.0,1780,2026-02-13T08:40,COMPLETA,2430.3291,526.5,526.5,75.0,232.5,1,0.4166666666666667,1,0,0,360,1965,972.7422222222223,5.0
20265,1.0,1781,2026-02-13T08:50,COMPLETA,3043.1014,389.5,252.5,157.0,475.5,2,0.3958333333333333,2,0,0,360,1965,972.7422222222223,5.0
20265,1.0,1782,2026-02-13T09:00,COMPLETA,3472.89,951.0,252.5,266.0,759.0,4,0.23958333333333334,4,0,2,361,1969,975.7346260387812,5.0
20265,1.0,1783,2026-02-13T09:10,COMPLETA,3552.7445,793.0,252.5,299.0,808.5,3,0.4722222222222222,4,0,1,361,1969,975.7346260387812,5.0
20265,1.0,1784,2026-02-13T09:20,COMPLETA,2969.1855,389.5,252.5,157.0,475.5,2,0.3958333333333333,2,0,0,361,1969,975.7346260387812,5.0
20265,1.0,1785,2026-02-13T09:30,COMPLETA,2970.4976,389.5,252.5,157.0,415.5,2,0.3958333333333333,2,0,0,361,1969,975.7346260387812,5.0
20265,1.0,1786,2026-02-13T09:40,COMPLETA,2967.5742,389.5,252.5,157.0,415.5,2,0.3958333333333333,2,0,1,361,1969,975.7346260387812,5.0
20265,1.0,1787,2026-02-13T09:50,COMPLETA,2185.2582,526.5,526.5,75.0,232.5,1,0.4166666666666667,1,0,0,361,1969,975.7346260387812,5.0
20265,1.0,1788,2026-02-13T10:00,COMPLETA,2294.1719,526.5,526.5,75.0,232.5,1,0.4166666666666667,1,0,0,362,1977,973.6262430939227,5.0
20265,1.0,1789,2026-02-13T10:10,COMPLETA,2336.4123,526.5,526.5,75.0,232.5,1,0.4166666666666667,1,0,0,362,1977,973.6262430939227,5.0
20265,1.0,1790,2026-02-13T10:20,COMPLETA,2360.87,526.5,526.5,75.0,232.5,1,0.4166666666666667,1,0,0,362,1977,973.6262430939227,5.0
20265,1.0,1791,2026-02-13T10:30,COMPLETA,2291.1365,526.5,526.5,75.0,232.5,1,0.4166666666666667,1,0,0,362,1977,973.6262430939227,5.0
20265,1.0,1792,2026-02-13T10:40,COMPLETA,2695.134,1302.25,526.5,103.0,334.5,2,0.2916666666666667,2,0,1,363,1979,976.6314049586778,5.0
20265,1.0,1793,2026-02-13T10:50,COMPLETA,3059.0986,1303.5,526.5,101.0,331.5,2,0.25,2,0,1,363,1979,976.6314049586778,5.0
20265,1.0,1794,2026-02-13T11:00,COMPLETA,2889.9737,1286.25,526.5,131.0,376.5,2,0.2708333333333333,2,0,1,364,1981,976.5870879120879,5.0
20265,1.0,1795,2026-02-13T11:10,COMPLETA,2786.699,273.25,107.0,93.0,319.5,1,0.625,2,0,0,364,1981,976.5870879120879,5.0
20265,1.0,1796,2026-02-13T11:20,COMPLETA,2722.4855,273.25,107.0,93.0,319.5,1,0.625,2,0,0,364,1981,976.5870879120879,5.0
20265,1.0,1797,2026-02-13T11:30,COMPLETA,2883.5721,273.25,107.0,93.0,319.5,1,0.625,2,0,0,364,1981,976.5870879120879,5.0
20265,1.0,1798,2026-02-13T11:40,COMPLETA,3245.1041,273.25,107.0,93.0,319.5,1,0.625,2,0,0,364,1981,976.5870879120879,5.0
20265,1.0,1799,2026-02-13T11:50,COMPLETA,2996.8428,273.25,107.0,93.0,319.5,1,0.625,2,0,0,364,1981,976.5870879120879,5.0
20265,1.0,1800,2026-02-13T12:00,COMPLETA,3092.5038,273.25,107.0,93.0,319.5,1,0.625,2,0,0,365,1989,975.4101369863014,5.0
20265,1.0,1801,2026-02-13T12:10,COMPLETA,3113.4193,273.25,107.0,93.0,319.5,1,0.625,2,0,0,367,1995,981.4256130790191,5.0
20265,1.0,1802,2026-02-13T12:20,COMPLETA,3015.6152,273.25,107.0,93.0,319.5,1,0.625,2,0,0,367,1995,981.4256130790191,5.0
20265,1.0,1803,2026-02-13T12:30,COMPLETA,3091.4285,273.25,107.0,93.0,319.5,1,0.625,2,0,0,368,2000,980.4951086956522,5.0
20265,1.0,1804,2026-02-13T12:40,COMPLETA,3167.3206,877.3333333333334,107.0,111.0,406.5,2,0.375,3,0,1,369,2009,978.5222222222222,5.0
20265,1.0,1805,2026-02-13T12:50,COMPLETA,3336.8777,870.5,107.0,137.0,445.5,2,0.3333333333333333,3,0,1,370,2012,981.4072972972973,5.0
20265,1.0,1806,2026-02-13T13:00,COMPLETA,2829.0522,273.25,107.0,93.0,319.5,1,0.625,2,0,0,370,2012,981.4072972972973,5.0
20265,1.0,1807,2026-02-13T13:10,COMPLETA,2936.4259,273.25,107.0,93.0,319.5,1,0.625,2,0,0,370,2012,981.4072972972973,5.0
20265,1.0,1808,2026-02-13T13:20,COMPLETA,3059.5814,512.8333333333334,107.0,129.0,433.5,2,0.3958333333333333,3,0,1,370,2012,981.4072972972973,5.0
20265,1.0,1809,2026-02-13T13:30,COMPLETA,3267.0485,322.3333333333333,87.0,199.0,598.5,2,0.5,3,0,0,370,2012,981.4072972972973,5.0
20265,1.0,1810,2026-02-13T13:40,COMPLETA,3102.3216,322.3333333333333,87.0,199.0,598.5,2,0.5,3,0,0,370,2012,981.4072972972973,5.0
20265,1.0,1811,2026-02-13T13:50,COMPLETA,3289.9696,322.3333333333333,87.0,199.0,598.5,2,0.5,3,0,0,370,2012,981.4072972972973,5.0
20265,1.0,1812,2026-02-13T14:00,COMPLETA,3355.7652,322.3333333333333,87.0,199.0,598.5,2,0.5,3,0,0,371,2015,984.3832884097035,5.0
20265,1.0,1813,2026-02-13T14:10,COMPLETA,3269.2842,322.3333333333333,87.0,199.0,598.5,2,0.5,3,0,0,371,2015,984.3832884097035,5.0
20265,1.0,1814,2026-02-13T14:20,COMPLETA,3189.952,322.3333333333333,87.0,199.0,598.5,2,0.5,3,0,0,371,2015,984.3832884097035,5.0
20265,1.0,1815,2026-02-13T14:30,COMPLETA,3482.954,322.3333333333333,87.0,199.0,598.5,2,0.5,3,0,0,373,2023,989.5903485254692,5.0
20265,1.0,1816,2026-02-13T14:40,COMPLETA,3774.3156,747.75,87.0,271.0,826.5,3,0.3472222222222222,4,0,0,373,2023,989.5903485254692,5.0
20265,1.0,1817,2026-02-13T14:50,COMPLETA,3702.4772,747.75,87.0,271.0,826.5,3,0.3472222222222222,4,0,0,374,2027,989.5967914438503,5.0
20265,1.0,1818,2026-02-13T15:00,COMPLETA,4121.0289,747.75,87.0,271.0,826.5,3,0.3472222222222222,4,0,2,374,2027,989.5967914438503,5.0
20265,1.0,1819,2026-02-13T15:10,COMPLETA,1689.4242,87.0,87.0,73.0,229.5,1,0.20833333333333334,1,0,1,374,2027,989.5967914438503,5.0
20265,1.0,1820,2026-02-13T15:20,SIN_DEMANDA,0,,,,,,,0,0,0,374,2027,989.5967914438503,5.0
20265,1.0,1821,2026-02-13T15:30,SIN_DEMANDA,0,,,,,,,0,0,0,374,2027,989.5967914438503,5.0
20265,1.0,1822,2026-02-13T15:40,COMPLETA,1820.831,197.5,197.5,16.0,144.0,1,0.2916666666666667,1,0,0,374,2027,989.5967914438503,5.0
20265,1.0,1823,2026-02-13T15:50,COMPLETA,1829.7693,197.5,197.5,16.0,144.0,1,0.2916666666666667,1,0,0,374,2027,989.5967914438503,5.0
20265,1.0,1824,2026-02-13T16:00,COMPLETA,1963.7031,197.5,197.5,16.0,144.0,1,0.2916666666666667,1,0,0,374,2027,989.5967914438503,5.0
20265,1.0,1825,2026-02-13T16:10,COMPLETA,1670.6011,197.5,197.5,16.0,144.0,1,0.2916666666666667,1,0,0,374,2027,989.5967914438503,5.0
20265,1.0,1826,2026-02-13T16:20,COMPLETA,1896.7125,197.5,197.5,16.0,144.0,1,0.2916666666666667,1,0,0,374,2027,989.5967914438503,5.0
20265,1.0,1827,2026-02-13T16:30,COMPLETA,1895.5447,197.5,197.5,16.0,144.0,1,0.2916666666666667,1,0,0,374,2027,989.5967914438503,5.0
20265,1.0,1828,2026-02-13T16:40,COMPLETA,1628.1088,197.5,197.5,16.0,144.0,1,0.2916666666666667,1,0,0,374,2027,989.5967914438503,5.0
20265,1.0,1829,2026-02-13T16:50,COMPLETA,3031.1638,366.75,197.5,117.0,415.5,2,0.3541666666666667,2,0,0,374,2027,989.5967914438503,5.0
20265,1.0,1830,2026-02-13T17:00,COMPLETA,3026.9712,366.75,197.5,117.0,415.5,2,0.3541666666666667,2,0,0,375,2028,992.3552000000001,5.0
20265,1.0,1831,2026-02-13T17:10,COMPLETA,3115.9119,932.5,197.5,165.0,547.5,3,0.2777777777777778,3,0,1,375,2028,992.3552000000001,5.0
20265,1.0,1832,2026-02-13T17:20,COMPLETA,3027.8644,366.75,197.5,117.0,415.5,2,0.3541666666666667,2,0,0,375,2028,992.3552000000001,5.0
20265,1.0,1833,2026-02-13T17:30,COMPLETA,2821.4895,366.75,197.5,117.0,415.5,2,0.3541666666666667,2,0,0,376,2038,991.1162234042554,5.0
20265,1.0,1834,2026-02-13T17:40,COMPLETA,3140.2537,366.75,197.5,117.0,415.5,2,0.3541666666666667,2,0,0,376,2038,991.1162234042554,5.0
20265,1.0,1835,2026-02-13T17:50,COMPLETA,3304.2592,366.75,197.5,117.0,415.5,2,0.3541666666666667,2,0,0,377,2043,988.7180371352786,5.0
20265,1.0,1836,2026-02-13T18:00,COMPLETA,2968.3631,366.75,197.5,117.0,415.5,2,0.3541666666666667,2,0,0,377,2043,988.7180371352786,5.0
20265,1.0,1837,2026-02-13T18:10,COMPLETA,2677.5068,366.75,197.5,117.0,415.5,2,0.3541666666666667,2,0,0,377,2043,988.7180371352786,5.0
20265,1.0,1838,2026-02-13T18:20,COMPLETA,2742.8752,366.75,197.5,117.0,415.5,2,0.3541666666666667,2,0,0,377,2043,988.7180371352786,5.0
20265,1.0,1839,2026-02-13T18:30,COMPLETA,2908.7279,373.0,231.0,160.0,540.0,3,0.3472222222222222,3,0,1,377,2043,988.7180371352786,5.0
20265,1.0,1840,2026-02-13T18:40,COMPLETA,2877.1011,444.0,352.0,144.0,456.0,2,0.375,2,0,0,377,2043,988.7180371352786,5.0
20265,1.0,1841,2026-02-13T18:50,COMPLETA,2919.7068,444.0,352.0,144.0,396.0,2,0.375,2,0,0,378,2046,991.5626984126984,5.0
20265,1.0,1842,2026-02-13T19:00,COMPLETA,3089.4191,377.0,342.0,235.0,652.5,2,0.5208333333333334,3,0,1,378,2046,991.5626984126984,5.0
20265,1.0,1843,2026-02-13T19:10,COMPLETA,2788.7417,389.5,342.0,127.0,370.5,1,0.625,2,0,0,378,2046,991.5626984126984,5.0
20265,1.0,1844,2026-02-13T19:20,COMPLETA,2630.2686,389.5,342.0,127.0,370.5,1,0.625,2,0,0,378,2046,991.5626984126984,5.0
20265,1.0,1845,2026-02-13T19:30,COMPLETA,3206.1887,389.5,342.0,127.0,370.5,1,0.625,2,0,0,378,2046,991.5626984126984,5.0
20265,1.0,1846,2026-02-13T19:40,COMPLETA,2944.7024,389.5,342.0,127.0,370.5,1,0.625,2,0,0,379,2055,989.8791556728232,5.0
20265,1.0,1847,2026-02-13T19:50,COMPLETA,2995.2156,389.5,342.0,127.0,370.5,1,0.625,2,0,0,380,2062,987.8821052631579,5.0
20265,1.0,1848,2026-02-13T20:00,COMPLETA,3270.3437,949.1666666666666,342.0,161.0,481.5,2,0.3541666666666667,3,0,1,380,2062,987.8821052631579,5.0
20265,1.0,1849,2026-02-13T20:10,COMPLETA,2893.5758,306.0,139.0,175.0,502.5,2,0.4583333333333333,3,0,1,380,2062,987.8821052631579,5.0
20265,1.0,1850,2026-02-13T20:20,COMPLETA,2829.7442,389.5,342.0,127.0,370.5,1,0.625,2,0,0,380,2062,987.8821052631579,5.0
20265,1.0,1851,2026-02-13T20:30,COMPLETA,2990.7402,389.5,342.0,127.0,370.5,1,0.625,2,0,0,380,2062,987.8821052631579,5.0
20265,1.0,1852,2026-02-13T20:40,COMPLETA,3022.9495,949.6666666666666,342.0,163.0,484.5,2,0.3541666666666667,3,0,1,381,2070,986.2131233595801,5.0
20265,1.0,1853,2026-02-13T20:50,COMPLETA,3101.0371,321.1666666666667,27.5,115.0,532.5,3,0.3333333333333333,3,0,0,381,2070,986.2131233595801,5.0
20265,1.0,1854,2026-02-13T21:00,COMPLETA,3685.4221,387.875,138.5,166.0,549.0,3,0.3888888888888889,4,0,2,381,2070,986.2131233595801,5.0
20265,1.0,1855,2026-02-13T21:10,COMPLETA,2934.6243,389.5,342.0,127.0,370.5,1,0.625,2,0,0,381,2070,986.2131233595801,5.0
20265,1.0,1856,2026-02-13T21:20,COMPLETA,2964.027,389.5,342.0,127.0,370.5,1,0.625,2,0,0,381,2070,986.2131233595801,5.0
20265,1.0,1857,2026-02-13T21:30,COMPLETA,3283.4518,915.5,342.0,177.0,565.5,2,0.3541666666666667,3,0,0,382,2072,989.0463350785341,5.0
20265,1.0,1858,2026-02-13T21:40,COMPLETA,3669.0946,806.625,342.0,222.0,753.0,3,0.3472222222222222,4,0,0,382,2072,989.0463350785341,5.0
20265,1.0,1859,2026-02-13T21:50,COMPLETA,3683.735,806.625,342.0,222.0,753.0,3,0.3472222222222222,4,0,0,383,2079,986.8268929503917,5.0
20265,1.0,1860,2026-02-13T22:00,COMPLETA,3711.3083,806.625,342.0,222.0,753.0,3,0.3472222222222222,4,0,0,383,2079,986.8268929503917,5.0
20265,1.0,1861,2026-02-13T22:10,COMPLETA,3927.4069,655.7,52.0,279.0,958.5,4,0.3541666666666667,5,0,0,384,2081,989.6476562500001,5.0
20265,1.0,1862,2026-02-13T22:20,COMPLETA,4048.444,655.7,52.0,279.0,958.5,4,0.3541666666666667,5,0,0,384,2081,989.6476562500001,5.0
20265,1.0,1863,2026-02-13T22:30,COMPLETA,4591.8685,851.0833333333334,52.0,324.0,1086.0,4,0.4166666666666667,6,0,0,385,2090,987.4368831168831,5.0
20265,1.0,1864,2026-02-13T22:40,COMPLETA,4619.6353,851.0833333333334,52.0,324.0,1086.0,4,0.4166666666666667,6,0,0,385,2090,987.4368831168831,5.0
20265,1.0,1865,2026-02-13T22:50,COMPLETA,5084.0738,851.0833333333334,52.0,324.0,1086.0,4,0.4166666666666667,6,0,0,386,2094,986.4538860103627,5.0
20265,1.0,1866,2026-02-13T23:00,COMPLETA,4656.3478,851.0833333333334,52.0,324.0,1086.0,4,0.4166666666666667,6,0,3,386,2096,986.4538860103627,5.0
20265,1.0,1867,2026-02-13T23:10,COMPLETA,2794.5935,1015.5,549.0,150.0,465.0,2,0.2916666666666667,2,0,0,386,2096,986.4538860103627,5.0
20265,1.0,1868,2026-02-13T23:20,COMPLETA,2870.4325,1015.5,549.0,150.0,465.0,2,0.2916666666666667,2,0,0,386,2096,986.4538860103627,5.0
20265,1.0,1869,2026-02-13T23:30,COMPLETA,2796.07,1015.5,549.0,150.0,465.0,2,0.2916666666666667,2,0,0,386,2096,986.4538860103627,5.0
20265,1.0,1870,2026-02-13T23:40,COMPLETA,2873.2401,1015.5,549.0,150.0,465.0,2,0.2916666666666667,2,0,1,386,2096,986.4538860103627,5.0
20265,1.0,1871,2026-02-13T23:50,COMPLETA,1802.5347,1482.0,1482.0,88.0,252.0,1,0.25,1,0,0,386,2096,986.4538860103627,5.0
20265,1.0,1872,2026-02-14T00:00,COMPLETA,1686.7437,1482.0,1482.0,88.0,252.0,1,0.25,1,0,0,386,2096,986.4538860103627,5.0
20265,1.0,1873,2026-02-14T00:10,COMPLETA,2821.3834,760.25,152.5,124.0,366.0,1,0.5416666666666666,2,0,0,386,2096,986.4538860103627,5.0
20265,1.0,1874,2026-02-14T00:20,COMPLETA,2846.3295,760.25,152.5,124.0,366.0,1,0.5416666666666666,2,0,0,386,2096,986.4538860103627,5.0
20265,1.0,1875,2026-02-14T00:30,COMPLETA,2913.6402,760.25,152.5,124.0,366.0,1,0.5416666666666666,2,0,0,386,2096,986.4538860103627,5.0
20265,1.0,1876,2026-02-14T00:40,COMPLETA,2843.8184,760.25,152.5,124.0,366.0,1,0.5416666666666666,2,0,0,387,2098,988.9888888888889,5.0
20265,1.0,1877,2026-02-14T00:50,COMPLETA,3105.4422,1194.8333333333333,152.5,160.0,540.0,2,0.3541666666666667,3,0,1,387,2098,988.9888888888889,5.0
20265,1.0,1878,2026-02-14T01:00,COMPLETA,2812.5503,537.3333333333334,91.5,187.0,520.5,2,0.2916666666666667,3,0,1,387,2098,988.9888888888889,5.0
20265,1.0,1879,2026-02-14T01:10,COMPLETA,2968.8068,760.25,152.5,124.0,366.0,1,0.5416666666666666,2,0,0,387,2098,988.9888888888889,5.0
20265,1.0,1880,2026-02-14T01:20,COMPLETA,2867.1772,760.25,152.5,124.0,366.0,1,0.5416666666666666,2,0,0,389,2114,984.9169665809769,5.0
20265,1.0,1881,2026-02-14T01:30,COMPLETA,2793.1754,760.25,152.5,124.0,366.0,1,0.5416666666666666,2,0,0,389,2114,984.9169665809769,5.0
20265,1.0,1882,2026-02-14T01:40,COMPLETA,2856.0263,760.25,152.5,124.0,366.0,1,0.5416666666666666,2,0,0,390,2122,983.7992307692308,5.0
20265,1.0,1883,2026-02-14T01:50,COMPLETA,2763.917,760.25,152.5,124.0,366.0,1,0.5416666666666666,2,0,0,390,2122,983.7992307692308,5.0
20265,1.0,1884,2026-02-14T02:00,COMPLETA,3033.3262,760.25,152.5,124.0,366.0,1,0.5416666666666666,2,0,0,390,2122,983.7992307692308,5.0
20265,1.0,1885,2026-02-14T02:10,COMPLETA,3327.5752,760.25,152.5,124.0,366.0,1,0.5416666666666666,2,0,0,390,2122,983.7992307692308,5.0
20265,1.0,1886,2026-02-14T02:20,COMPLETA,3057.5383,760.25,152.5,124.0,366.0,1,0.5416666666666666,2,0,0,391,2126,986.5618925831202,5.0
20265,1.0,1887,2026-02-14T02:30,COMPLETA,3043.7096,539.1666666666666,97.0,164.0,546.0,2,0.4375,3,0,0,391,2126,986.5618925831202,5.0
20265,1.0,1888,2026-02-14T02:40,COMPLETA,3054.2092,539.1666666666666,97.0,170.0,495.0,2,0.4375,3,0,0,391,2126,986.5618925831202,5.0
20265,1.0,1889,2026-02-14T02:50,COMPLETA,2758.5776,539.1666666666666,97.0,170.0,495.0,2,0.4375,3,0,0,391,2126,986.5618925831202,5.0
20265,1.0,1890,2026-02-14T03:00,COMPLETA,2973.5467,539.1666666666666,97.0,170.0,495.0,2,0.4375,3,0,0,391,2126,986.5618925831202,5.0
20265,1.0,1891,2026-02-14T03:10,COMPLETA,3313.0946,647.5,105.5,222.0,633.0,3,0.375,4,0,2,391,2126,986.5618925831202,5.0
20265,1.0,1892,2026-02-14T03:20,COMPLETA,2652.2824,1032.0,690.0,120.0,360.0,1,0.5,2,0,0,392,2127,984.2785714285715,5.0
20265,1.0,1893,2026-02-14T03:30,COMPLETA,3176.6347,755.6666666666666,377.0,138.0,447.0,1,0.8333333333333334,3,0,0,393,2135,982.7104325699746,5.0
20265,1.0,1894,2026-02-14T03:40,COMPLETA,3532.1196,771.75,242.5,194.0,591.0,3,0.3611111111111111,4,0,0,393,2135,982.7104325699746,5.0
20265,1.0,1895,2026-02-14T03:50,COMPLETA,3862.5185,771.75,242.5,194.0,591.0,3,0.3611111111111111,4,0,0,393,2135,982.7104325699746,5.0
20265,1.0,1896,2026-02-14T04:00,COMPLETA,3911.9071,633.1,78.5,276.0,774.0,4,0.3229166666666667,5,0,1,393,2135,982.7104325699746,5.0
20265,1.0,1897,2026-02-14T04:10,COMPLETA,3815.5102,771.75,242.5,194.0,591.0,3,0.3611111111111111,4,0,0,393,2135,982.7104325699746,5.0
20265,1.0,1898,2026-02-14T04:20,COMPLETA,3460.3715,771.75,242.5,194.0,591.0,3,0.3611111111111111,4,0,0,393,2135,982.7104325699746,5.0
20265,1.0,1899,2026-02-14T04:30,COMPLETA,3873.7248,804.5,515.5,187.0,580.5,3,0.3611111111111111,4,0,0,393,2135,982.7104325699746,5.0
20265,1.0,1900,2026-02-14T04:40,COMPLETA,3971.2507,655.7,191.5,265.0,817.5,4,0.3229166666666667,5,0,0,393,2135,982.7104325699746,5.0
20265,1.0,1901,2026-02-14T04:50,COMPLETA,4448.0892,655.7,242.5,265.0,817.5,4,0.3229166666666667,5,0,0,394,2143,980.4840101522843,5.0
20265,1.0,1902,2026-02-14T05:00,COMPLETA,4440.892,538.75,130.5,298.0,927.0,4,0.375,6,0,1,394,2143,980.4840101522843,5.0
20265,1.0,1903,2026-02-14T05:10,COMPLETA,3786.9032,648.2,193.0,173.0,619.5,3,0.4305555555555556,5,0,1,395,2150,979.0663291139241,5.0
20265,1.0,1904,2026-02-14T05:20,COMPLETA,3556.8351,721.75,193.0,141.0,511.5,2,0.5416666666666666,4,0,0,395,2150,979.0663291139241,5.0
20265,1.0,1905,2026-02-14T05:30,COMPLETA,4543.4729,962.7,193.0,214.0,741.0,3,0.4305555555555556,5,0,0,395,2150,979.0663291139241,5.0
20265,1.0,1906,2026-02-14T05:40,COMPLETA,5648.497,1103.5833333333333,181.0,230.0,825.0,3,0.5,6,0,1,395,2150,979.0663291139241,5.0
20265,1.0,1907,2026-02-14T05:50,COMPLETA,5037.5522,1198.5833333333333,231.5,311.0,1066.5,4,0.3229166666666667,6,0,0,395,2150,979.0663291139241,5.0
20265,1.0,1908,2026-02-14T06:00,COMPLETA,5631.9355,1303.5,253.0,319.0,1198.5,5,0.2916666666666667,7,0,0,395,2150,979.0663291139241,5.0
20265,1.0,1909,2026-02-14T06:10,COMPLETA,5483.3201,1303.5,253.0,319.0,1198.5,5,0.2916666666666667,7,0,0,395,2150,979.0663291139241,5.0
20265,1.0,1910,2026-02-14T06:20,COMPLETA,8406.7774,1249.1875,357.5,339.0,1288.5,5,0.375,8,0,0,395,2150,979.0663291139241,5.0
20265,1.0,1911,2026-02-14T06:30,COMPLETA,8091.194,1249.1875,357.5,339.0,1288.5,5,0.375,8,0,0,395,2150,979.0663291139241,5.0
20265,1.0,1912,2026-02-14T06:40,COMPLETA,9587.5666,1168.1666666666667,253.0,434.0,1551.0,6,0.3541666666666667,9,0,0,396,2155,976.7921717171718,5.0
20265,1.0,1913,2026-02-14T06:50,COMPLETA,9737.5875,1168.1666666666667,253.0,434.0,1551.0,6,0.3541666666666667,9,0,0,398,2165,973.1010050251257,5.0
20265,1.0,1914,2026-02-14T07:00,COMPLETA,10677.508,1232.65,181.0,442.0,1660.5,6,0.375,10,0,6,399,2173,971.9478696741855,5.0
20265,1.0,1915,2026-02-14T07:10,SIN_DEMANDA,0,,,,,,,0,0,0,399,2173,971.9478696741855,5.0
20265,1.0,1916,2026-02-14T07:20,SIN_DEMANDA,0,,,,,,,0,0,0,399,2173,971.9478696741855,5.0
20265,1.0,1917,2026-02-14T07:30,SIN_DEMANDA,0,,,,,,,0,0,0,399,2173,971.9478696741855,5.0
20265,1.0,1918,2026-02-14T07:40,COMPLETA,3337.6842,1348.5,405.0,123.0,544.5,3,0.19444444444444445,3,0,2,399,2173,971.9478696741855,5.0
20265,1.0,1919,2026-02-14T07:50,COMPLETA,2155.3417,1566.0,1566.0,73.0,229.5,1,0.4166666666666667,1,0,0,399,2173,971.9478696741855,5.0
20265,1.0,1920,2026-02-14T08:00,COMPLETA,2624.8976,1566.0,1566.0,73.0,229.5,1,0.4166666666666667,1,0,0,399,2173,971.9478696741855,5.0
20265,1.0,1921,2026-02-14T08:10,COMPLETA,3429.7274,816.25,66.5,99.0,388.5,2,0.4166666666666667,2,0,0,399,2173,971.9478696741855,5.0
20265,1.0,1922,2026-02-14T08:20,COMPLETA,3103.016,816.25,66.5,99.0,388.5,2,0.4166666666666667,2,0,0,399,2173,971.9478696741855,5.0
20265,1.0,1923,2026-02-14T08:30,COMPLETA,3216.5077,816.25,66.5,99.0,388.5,2,0.4166666666666667,2,0,0,400,2176,971.8355,5.0
20265,1.0,1924,2026-02-14T08:40,COMPLETA,2949.2967,816.25,66.5,99.0,388.5,2,0.4166666666666667,2,0,0,402,2190,974.3201492537314,5.0
20265,1.0,1925,2026-02-14T08:50,COMPLETA,3786.0439,652.875,64.5,168.0,675.5,3,0.4305555555555556,4,0,0,402,2190,974.3201492537314,5.0
20265,1.0,1926,2026-02-14T09:00,COMPLETA,3486.5235,652.875,64.5,168.0,675.5,3,0.4305555555555556,4,0,0,403,2193,972.9074441687345,5.0
20265,1.0,1927,2026-02-14T09:10,COMPLETA,3709.9572,652.875,64.5,168.0,675.5,3,0.4305555555555556,4,0,0,405,2199,977.9992592592592,5.0
20265,1.0,1928,2026-02-14T09:20,COMPLETA,3664.9629,927.3,64.5,224.0,819.5,4,0.34375,5,0,1,405,2199,977.9992592592592,5.0
20265,1.0,1929,2026-02-14T09:30,COMPLETA,3712.172,652.875,64.5,168.0,615.5,3,0.4305555555555556,4,0,0,406,2205,976.962315270936,5.0
20265,1.0,1930,2026-02-14T09:40,COMPLETA,3959.9457,935.7,64.5,208.0,735.5,4,0.3333333333333333,5,0,2,406,2205,976.962315270936,5.0
20265,1.0,1931,2026-02-14T09:50,COMPLETA,3461.5375,848.3333333333334,64.5,142.0,516.5,2,0.4375,3,0,0,407,2208,979.4476658476659,5.0
20265,1.0,1932,2026-02-14T10:00,COMPLETA,3485.7368,848.3333333333334,64.5,142.0,456.5,2,0.4375,3,0,0,407,2208,979.4476658476659,5.0
20265,1.0,1933,2026-02-14T10:10,COMPLETA,3296.2422,848.3333333333334,64.5,142.0,456.5,2,0.4375,3,0,1,407,2208,979.4476658476659,5.0
20265,1.0,1934,2026-02-14T10:20,COMPLETA,2978.6462,815.25,64.5,116.0,357.5,1,0.7083333333333334,2,0,0,408,2214,978.6230392156863,5.0
20265,1.0,1935,2026-02-14T10:30,COMPLETA,3350.4526,764.6666666666666,64.5,191.0,590.0,2,0.5416666666666666,3,0,0,408,2214,978.6230392156863,5.0
20265,1.0,1936,2026-02-14T10:40,COMPLETA,3372.4322,764.6666666666666,64.5,191.0,590.0,2,0.5416666666666666,3,0,0,408,2214,978.6230392156863,5.0
20265,1.0,1937,2026-02-14T10:50,COMPLETA,2988.1093,764.6666666666666,64.5,191.0,590.0,2,0.5416666666666666,3,0,0,408,2214,978.6230392156863,5.0
20265,1.0,1938,2026-02-14T11:00,COMPLETA,3329.1395,764.6666666666666,64.5,191.0,590.0,2,0.5416666666666666,3,0,0,408,2214,978.6230392156863,5.0
20265,1.0,1939,2026-02-14T11:10,COMPLETA,3259.8782,1073.25,17.0,245.0,727.5,3,0.4027777777777778,4,0,0,410,2225,979.0529268292684,5.0
20265,1.0,1940,2026-02-14T11:20,COMPLETA,3478.2863,1073.25,17.0,245.0,727.5,3,0.4027777777777778,4,0,0,411,2230,981.1160583941606,5.0
20265,1.0,1941,2026-02-14T11:30,COMPLETA,3606.6627,1073.25,17.0,245.0,727.5,3,0.4027777777777778,4,0,0,412,2234,980.9543689320388,5.0
20265,1.0,1942,2026-02-14T11:40,COMPLETA,3421.6047,1073.25,17.0,245.0,727.5,3,0.4027777777777778,4,0,1,413,2236,983.4823244552058,5.0
20265,1.0,1943,2026-02-14T11:50,COMPLETA,3296.6658,764.6666666666666,64.5,191.0,590.0,2,0.5416666666666666,3,0,0,413,2236,983.4823244552058,5.0
20265,1.0,1944,2026-02-14T12:00,COMPLETA,3110.6602,764.6666666666666,64.5,191.0,590.0,2,0.5416666666666666,3,0,0,413,2236,983.4823244552058,5.0
20265,1.0,1945,2026-02-14T12:10,COMPLETA,3282.7259,764.6666666666666,64.5,191.0,590.0,2,0.5416666666666666,3,0,0,413,2236,983.4823244552058,5.0
20265,1.0,1946,2026-02-14T12:20,COMPLETA,2974.5778,764.6666666666666,64.5,191.0,590.0,2,0.5416666666666666,3,0,0,414,2242,984.312077294686,5.0
20265,1.0,1947,2026-02-14T12:30,COMPLETA,3950.7178,605.2,17.0,293.0,859.5,4,0.4166666666666667,5,0,2,414,2242,984.312077294686,5.0
20265,1.0,1948,2026-02-14T12:40,COMPLETA,3260.3376,764.6666666666666,64.5,191.0,590.0,2,0.5416666666666666,3,0,0,415,2248,982.3763855421687,5.0
20265,1.0,1949,2026-02-14T12:50,COMPLETA,3758.8769,735.25,64.5,217.0,692.0,2,0.6875,4,0,0,415,2248,982.3763855421687,5.0
20265,1.0,1950,2026-02-14T13:00,COMPLETA,3357.6596,735.25,64.5,217.0,692.0,2,0.6875,4,0,0,415,2248,982.3763855421687,5.0
20265,1.0,1951,2026-02-14T13:10,COMPLETA,3721.8687,735.25,64.5,217.0,692.0,2,0.6875,4,0,0,416,2251,984.934375,5.0
20265,1.0,1952,2026-02-14T13:20,COMPLETA,4181.6002,735.25,64.5,217.0,692.0,2,0.6875,4,0,0,416,2251,984.934375,5.0
20265,1.0,1953,2026-02-14T13:30,COMPLETA,3981.7226,735.25,64.5,217.0,692.0,2,0.6875,4,0,0,416,2251,984.934375,5.0
20265,1.0,1954,2026-02-14T13:40,COMPLETA,3411.7224,735.25,64.5,217.0,692.0,2,0.6875,4,0,0,416,2251,984.934375,5.0
20265,1.0,1955,2026-02-14T13:50,COMPLETA,3836.6114,735.25,64.5,217.0,692.0,2,0.6875,4,0,0,416,2251,984.934375,5.0
20265,1.0,1956,2026-02-14T14:00,COMPLETA,3785.1115,735.25,64.5,217.0,692.0,2,0.6875,4,0,0,417,2261,983.5184652278177,5.0
20265,1.0,1957,2026-02-14T14:10,COMPLETA,3683.0223,735.25,64.5,217.0,692.0,2,0.6875,4,0,0,418,2265,982.0866028708134,5.0
20265,1.0,1958,2026-02-14T14:20,COMPLETA,3522.0127,735.25,64.5,217.0,692.0,2,0.6875,4,0,0,418,2265,982.0866028708134,5.0
20265,1.0,1959,2026-02-14T14:30,COMPLETA,3750.6919,656.6,8.0,229.0,823.5,3,0.4861111111111111,5,0,0,418,2265,982.0866028708134,5.0
20265,1.0,1960,2026-02-14T14:40,COMPLETA,3612.8558,656.6,8.0,229.0,823.5,3,0.4861111111111111,5,0,0,418,2265,982.0866028708134,5.0
20265,1.0,1961,2026-02-14T14:50,COMPLETA,3878.9918,656.6,8.0,229.0,823.5,3,0.4861111111111111,5,0,0,418,2265,982.0866028708134,5.0
20265,1.0,1962,2026-02-14T15:00,COMPLETA,3636.1279,656.6,8.0,229.0,823.5,3,0.4861111111111111,5,0,3,418,2265,982.0866028708134,5.0
20265,1.0,1963,2026-02-14T15:10,COMPLETA,1152.588,382.0,382.0,48.0,192.0,1,0.125,1,0,1,418,2265,982.0866028708134,5.0
20265,1.0,1964,2026-02-14T15:20,COMPLETA,1088.7123,394.0,394.0,32.0,168.0,1,0.041666666666666664,1,0,1,418,2265,982.0866028708134,5.0
20265,1.0,1965,2026-02-14T15:30,SIN_DEMANDA,0,,,,,,,0,0,0,418,2265,982.0866028708134,5.0
20265,1.0,1966,2026-02-14T15:40,SIN_DEMANDA,0,,,,,,,0,0,0,418,2265,982.0866028708134,5.0
20265,1.0,1967,2026-02-14T15:50,SIN_DEMANDA,0,,,,,,,0,0,0,418,2265,982.0866028708134,5.0
20265,1.0,1968,2026-02-14T16:00,SIN_DEMANDA,0,,,,,,,0,0,0,418,2265,982.0866028708134,5.0
20265,1.0,1969,2026-02-14T16:10,SIN_DEMANDA,0,,,,,,,0,0,0,418,2265,982.0866028708134,5.0
20265,1.0,1970,2026-02-14T16:20,SIN_DEMANDA,0,,,,,,,0,0,0,418,2265,982.0866028708134,5.0
20265,1.0,1971,2026-02-14T16:30,SIN_DEMANDA,0,,,,,,,0,0,0,419,2267,980.5935560859189,5.0
20265,1.0,1972,2026-02-14T16:40,SIN_DEMANDA,0,,,,,,,0,0,0,419,2267,980.5935560859189,5.0
20265,1.0,1973,2026-02-14T16:50,COMPLETA,1353.4589,2056.5,2056.5,54.0,201.0,1,0.041666666666666664,1,0,1,421,2271,977.7783847980998,5.0
20265,1.0,1974,2026-02-14T17:00,SIN_DEMANDA,0,,,,,,,0,0,0,421,2271,977.7783847980998,5.0
20265,1.0,1975,2026-02-14T17:10,SIN_DEMANDA,0,,,,,,,0,0,0,421,2271,977.7783847980998,5.0
20265,1.0,1976,2026-02-14T17:20,SIN_DEMANDA,0,,,,,,,0,0,0,421,2271,977.7783847980998,5.0
20265,1.0,1977,2026-02-14T17:30,SIN_DEMANDA,0,,,,,,,0,0,0,423,2290,978.4260047281324,5.0
20265,1.0,1978,2026-02-14T17:40,SIN_DEMANDA,0,,,,,,,0,0,0,423,2290,978.4260047281324,5.0
20265,1.0,1979,2026-02-14T17:50,SIN_DEMANDA,0,,,,,,,0,0,0,423,2290,978.4260047281324,5.0
20265,1.0,1980,2026-02-14T18:00,SIN_DEMANDA,0,,,,,,,0,0,0,423,2290,978.4260047281324,5.0
20265,1.0,1981,2026-02-14T18:10,SIN_DEMANDA,0,,,,,,,0,0,0,423,2290,978.4260047281324,5.0
20265,1.0,1982,2026-02-14T18:20,SIN_DEMANDA,0,,,,,,,0,0,0,423,2290,978.4260047281324,5.0
20265,1.0,1983,2026-02-14T18:30,SIN_DEMANDA,0,,,,,,,0,0,0,423,2290,978.4260047281324,5.0
20265,1.0,1984,2026-02-14T18:40,SIN_DEMANDA,0,,,,,,,0,0,0,424,2291,980.9686320754718,5.0
20265,1.0,1985,2026-02-14T18:50,SIN_DEMANDA,0,,,,,,,0,0,0,424,2291,980.9686320754718,5.0
20265,1.0,1986,2026-02-14T19:00,SIN_DEMANDA,0,,,,,,,0,0,0,424,2291,980.9686320754718,5.0
20265,1.0,1987,2026-02-14T19:10,SIN_DEMANDA,0,,,,,,,0,0,0,424,2291,980.9686320754718,5.0
20265,1.0,1988,2026-02-14T19:20,SIN_DEMANDA,0,,,,,,,0,0,0,425,2298,980.2816470588235,5.0
20265,1.0,1989,2026-02-14T19:30,COMPLETA,1127.6544,981.0,981.0,44.0,126.0,1,0.08333333333333333,1,0,1,425,2298,980.2816470588235,5.0
20265,1.0,1990,2026-02-14T19:40,SIN_DEMANDA,0,,,,,,,0,0,0,425,2298,980.2816470588235,5.0
20265,1.0,1991,2026-02-14T19:50,SIN_DEMANDA,0,,,,,,,0,0,0,425,2298,980.2816470588235,5.0
20265,1.0,1992,2026-02-14T20:00,SIN_DEMANDA,0,,,,,,,0,0,0,425,2298,980.2816470588235,5.0
20265,1.0,1993,2026-02-14T20:10,SIN_DEMANDA,0,,,,,,,0,0,0,425,2298,980.2816470588235,5.0
20265,1.0,1994,2026-02-14T20:20,SIN_DEMANDA,0,,,,,,,0,0,0,425,2298,980.2816470588235,5.0
20265,1.0,1995,2026-02-14T20:30,SIN_DEMANDA,0,,,,,,,0,0,0,425,2298,980.2816470588235,5.0
20265,1.0,1996,2026-02-14T20:40,SIN_DEMANDA,0,,,,,,,0,0,0,426,2305,977.9992957746479,5.0
20265,1.0,1997,2026-02-14T20:50,COMPLETA,1398.8876,2076.0,2076.0,32.0,108.0,1,0.041666666666666664,1,0,1,426,2305,977.9992957746479,5.0
20265,1.0,1998,2026-02-14T21:00,SIN_DEMANDA,0,,,,,,,0,0,0,426,2305,977.9992957746479,5.0
20265,1.0,1999,2026-02-14T21:10,SIN_DEMANDA,0,,,,,,,0,0,0,427,2307,978.0063231850118,5.0
20265,1.0,2000,2026-02-14T21:20,SIN_DEMANDA,0,,,,,,,0,0,0,427,2307,978.0063231850118,5.0
20265,1.0,2001,2026-02-14T21:30,SIN_DEMANDA,0,,,,,,,0,0,0,427,2307,978.0063231850118,5.0
20265,1.0,2002,2026-02-14T21:40,SIN_DEMANDA,0,,,,,,,0,0,0,427,2307,978.0063231850118,5.0
20265,1.0,2003,2026-02-14T21:50,SIN_DEMANDA,0,,,,,,,0,0,0,427,2307,978.0063231850118,5.0
20265,1.0,2004,2026-02-14T22:00,COMPLETA,1340.4323,314.5,314.5,54.0,201.0,1,0.041666666666666664,1,0,0,427,2307,978.0063231850118,5.0
20265,1.0,2005,2026-02-14T22:10,COMPLETA,1358.3851,314.5,314.5,54.0,201.0,1,0.041666666666666664,1,0,0,427,2307,978.0063231850118,5.0
20265,1.0,2006,2026-02-14T22:20,COMPLETA,1268.9494,314.5,314.5,54.0,201.0,1,0.041666666666666664,1,0,0,428,2308,980.5717289719627,5.0
20265,1.0,2007,2026-02-14T22:30,COMPLETA,1167.8075,314.5,314.5,54.0,201.0,1,0.041666666666666664,1,0,0,428,2308,980.5717289719627,5.0
20265,1.0,2008,2026-02-14T22:40,COMPLETA,2914.5877,1138.25,314.5,144.0,456.0,2,0.20833333333333334,2,0,0,428,2308,980.5717289719627,5.0
20265,1.0,2009,2026-02-14T22:50,COMPLETA,3674.7163,845.3333333333334,314.5,162.0,543.0,2,0.3333333333333333,3,0,0,428,2308,980.5717289719627,5.0
20265,1.0,2010,2026-02-14T23:00,COMPLETA,3518.5116,845.3333333333334,314.5,162.0,543.0,2,0.3333333333333333,3,0,2,428,2308,980.5717289719627,5.0
20265,1.0,2011,2026-02-14T23:10,SIN_DEMANDA,0,,,,,,,0,0,0,428,2308,980.5717289719627,5.0
20265,1.0,2012,2026-02-14T23:20,SIN_DEMANDA,0,,,,,,,0,0,0,428,2308,980.5717289719627,5.0
20265,1.0,2013,2026-02-14T23:30,SIN_DEMANDA,0,,,,,,,0,0,0,428,2308,980.5717289719627,5.0
20265,1.0,2014,2026-02-14T23:40,COMPLETA,1191.2336,2050.0,2050.0,59.0,208.5,1,0.16666666666666666,1,0,1,428,2308,980.5717289719627,5.0
20265,1.0,2015,2026-02-14T23:50,SIN_DEMANDA,0,,,,,,,0,0,0,428,2308,980.5717289719627,5.0
20265,1.0,2016,2026-02-15T00:00,SIN_DEMANDA,0,,,,,,,0,0,0,428,2308,980.5717289719627,5.0
20265,1.0,2017,2026-02-15T00:10,SIN_DEMANDA,0,,,,,,,0,0,0,428,2308,980.5717289719627,5.0
20265,1.0,2018,2026-02-15T00:20,SIN_DEMANDA,0,,,,,,,0,0,0,428,2308,980.5717289719627,5.0
20265,1.0,2019,2026-02-15T00:30,COMPLETA,1220.9318,396.5,396.5,22.0,153.0,1,0.125,1,0,1,428,2308,980.5717289719627,5.0
20265,1.0,2020,2026-02-15T00:40,COMPLETA,1669.4056,1622.0,1622.0,81.0,241.5,1,0.2916666666666667,1,0,0,428,2308,980.5717289719627,5.0
20265,1.0,2021,2026-02-15T00:50,COMPLETA,3169.0087,1009.0,396.0,140.0,390.0,1,0.7083333333333334,2,0,0,429,2309,979.0191142191143,5.0
20265,1.0,2022,2026-02-15T01:00,COMPLETA,3072.9864,1009.0,396.0,140.0,390.0,1,0.7083333333333334,2,0,0,430,2315,977.5481395348837,5.0
20265,1.0,2023,2026-02-15T01:10,COMPLETA,3135.5514,1009.0,396.0,140.0,390.0,1,0.7083333333333334,2,0,0,430,2315,977.5481395348837,5.0
20265,1.0,2024,2026-02-15T01:20,COMPLETA,3028.181,1009.0,396.0,140.0,390.0,1,0.7083333333333334,2,0,0,430,2315,977.5481395348837,5.0
20265,1.0,2025,2026-02-15T01:30,COMPLETA,2931.567,1009.0,396.0,140.0,390.0,1,0.7083333333333334,2,0,0,431,2319,980.0364269141531,5.0
20265,1.0,2026,2026-02-15T01:40,COMPLETA,3197.0864,1009.0,396.0,140.0,390.0,1,0.7083333333333334,2,0,0,431,2319,980.0364269141531,5.0
20265,1.0,2027,2026-02-15T01:50,COMPLETA,2944.6307,1009.0,396.0,140.0,390.0,1,0.7083333333333334,2,0,0,432,2322,978.6856481481482,5.0
20265,1.0,2028,2026-02-15T02:00,COMPLETA,3162.2228,1009.0,396.0,140.0,390.0,1,0.7083333333333334,2,0,0,432,2322,978.6856481481482,5.0
20265,1.0,2029,2026-02-15T02:10,COMPLETA,3091.3289,1009.0,396.0,140.0,390.0,1,0.7083333333333334,2,0,0,432,2322,978.6856481481482,5.0
20265,1.0,2030,2026-02-15T02:20,COMPLETA,2959.0509,1009.0,396.0,140.0,390.0,1,0.7083333333333334,2,0,0,432,2322,978.6856481481482,5.0
20265,1.0,2031,2026-02-15T02:30,COMPLETA,3086.2564,1009.0,396.0,140.0,390.0,1,0.7083333333333334,2,0,0,432,2322,978.6856481481482,5.0
20265,1.0,2032,2026-02-15T02:40,COMPLETA,3078.0816,796.1666666666666,370.5,206.0,549.0,2,0.375,3,0,1,432,2322,978.6856481481482,5.0
20265,1.0,2033,2026-02-15T02:50,COMPLETA,3258.5821,760.0,262.0,244.0,606.0,2,0.5,3,0,0,432,2322,978.6856481481482,5.0
20265,1.0,2034,2026-02-15T03:00,COMPLETA,3017.95,760.0,262.0,244.0,606.0,2,0.5,3,0,1,432,2322,978.6856481481482,5.0
20265,1.0,2035,2026-02-15T03:10,COMPLETA,3255.7607,1357.3333333333333,396.0,179.0,511.5,2,0.4375,3,0,1,432,2322,978.6856481481482,5.0
20265,1.0,2036,2026-02-15T03:20,COMPLETA,2867.2211,1009.0,396.0,140.0,390.0,1,0.7083333333333334,2,0,0,433,2331,980.7556581986144,5.0
20265,1.0,2037,2026-02-15T03:30,COMPLETA,2998.6016,908.1666666666666,396.0,231.0,646.5,2,0.4791666666666667,3,0,0,433,2331,980.7556581986144,5.0
20265,1.0,2038,2026-02-15T03:40,COMPLETA,4413.5089,942.9,396.0,282.0,843.0,4,0.2604166666666667,5,0,2,433,2331,980.7556581986144,5.0
20265,1.0,2039,2026-02-15T03:50,COMPLETA,3735.7583,908.1666666666666,396.0,231.0,646.5,2,0.4791666666666667,3,0,0,433,2331,980.7556581986144,5.0
20265,1.0,2040,2026-02-15T04:00,COMPLETA,3446.2697,908.1666666666666,396.0,231.0,646.5,2,0.4791666666666667,3,0,0,433,2331,980.7556581986144,5.0
20265,1.0,2041,2026-02-15T04:10,COMPLETA,4315.3767,1112.25,396.0,256.0,744.0,2,0.6458333333333334,4,0,0,433,2331,980.7556581986144,5.0
20265,1.0,2042,2026-02-15T04:20,COMPLETA,4132.4513,1112.25,396.0,256.0,744.0,2,0.6458333333333334,4,0,0,433,2331,980.7556581986144,5.0
20265,1.0,2043,2026-02-15T04:30,COMPLETA,4358.8483,1112.25,396.0,256.0,744.0,2,0.6458333333333334,4,0,0,434,2332,979.3495391705069,5.0
20265,1.0,2044,2026-02-15T04:40,COMPLETA,4102.1792,1112.25,396.0,256.0,744.0,2,0.6458333333333334,4,0,0,434,2332,979.3495391705069,5.0
20265,1.0,2045,2026-02-15T04:50,COMPLETA,4592.0981,1011.5,396.0,314.0,891.0,3,0.4722222222222222,5,0,1,436,2337,981.8662844036697,5.0
20265,1.0,2046,2026-02-15T05:00,COMPLETA,4208.7131,1112.25,396.0,256.0,744.0,2,0.6458333333333334,4,0,0,436,2337,981.8662844036697,5.0
20265,1.0,2047,2026-02-15T05:10,COMPLETA,4106.2359,1112.25,396.0,256.0,744.0,2,0.6458333333333334,4,0,0,437,2338,981.8803203661328,5.0
20265,1.0,2048,2026-02-15T05:20,COMPLETA,4353.315,970.2,396.0,276.0,834.0,3,0.4583333333333333,5,0,1,437,2338,981.8803203661328,5.0
20265,1.0,2049,2026-02-15T05:30,COMPLETA,4267.3719,1112.25,396.0,256.0,744.0,2,0.6458333333333334,4,0,0,437,2338,981.8803203661328,5.0
20265,1.0,2050,2026-02-15T05:40,COMPLETA,4130.5707,1112.25,396.0,256.0,744.0,2,0.6458333333333334,4,0,0,437,2338,981.8803203661328,5.0
20265,1.0,2051,2026-02-15T05:50,COMPLETA,5051.9896,979.9,462.5,345.0,997.5,3,0.5694444444444444,5,0,0,437,2338,981.8803203661328,5.0
20265,1.0,2052,2026-02-15T06:00,COMPLETA,4887.0827,979.9,462.5,345.0,997.5,3,0.5694444444444444,5,0,0,437,2338,981.8803203661328,5.0
20265,1.0,2053,2026-02-15T06:10,COMPLETA,4934.2509,979.9,462.5,345.0,997.5,3,0.5694444444444444,5,0,0,437,2338,981.8803203661328,5.0
20265,1.0,2054,2026-02-15T06:20,COMPLETA,4865.3737,979.9,462.5,345.0,997.5,3,0.5694444444444444,5,0,0,437,2338,981.8803203661328,5.0
20265,1.0,2055,2026-02-15T06:30,COMPLETA,4886.3089,979.9,462.5,345.0,997.5,3,0.5694444444444444,5,0,0,438,2345,980.2367579908677,5.0
20265,1.0,2056,2026-02-15T06:40,COMPLETA,4992.6091,979.9,462.5,345.0,997.5,3,0.5694444444444444,5,0,0,440,2350,978.0777272727273,5.0
20265,1.0,2057,2026-02-15T06:50,COMPLETA,4716.8954,979.9,462.5,345.0,997.5,3,0.5694444444444444,5,0,0,440,2350,978.0777272727273,5.0
20265,1.0,2058,2026-02-15T07:00,COMPLETA,4949.8043,979.9,462.5,345.0,997.5,3,0.5694444444444444,5,0,3,440,2350,978.0777272727273,5.0
20265,1.0,2059,2026-02-15T07:10,SIN_DEMANDA,0,,,,,,,0,0,0,440,2350,978.0777272727273,5.0
20265,1.0,2060,2026-02-15T07:20,SIN_DEMANDA,0,,,,,,,0,0,0,440,2350,978.0777272727273,5.0
20265,1.0,2061,2026-02-15T07:30,SIN_DEMANDA,0,,,,,,,0,0,0,440,2350,978.0777272727273,5.0
20265,1.0,2062,2026-02-15T07:40,SIN_DEMANDA,0,,,,,,,0,0,0,440,2350,978.0777272727273,5.0
20265,1.0,2063,2026-02-15T07:50,COMPLETA,1275.6,2070.5,2070.5,38.0,177.0,1,0.16666666666666666,1,0,1,440,2350,978.0777272727273,5.0
20265,1.0,2064,2026-02-15T08:00,SIN_DEMANDA,0,,,,,,,0,0,0,440,2350,978.0777272727273,5.0
20265,1.0,2065,2026-02-15T08:10,COMPLETA,1935.6455,55.0,55.0,94.0,261.0,1,0.25,1,0,1,440,2350,978.0777272727273,5.0
20265,1.0,2066,2026-02-15T08:20,SIN_DEMANDA,0,,,,,,,0,0,0,440,2350,978.0777272727273,5.0
20265,1.0,2067,2026-02-15T08:30,SIN_DEMANDA,0,,,,,,,0,0,0,440,2350,978.0777272727273,5.0
20265,1.0,2068,2026-02-15T08:40,SIN_DEMANDA,0,,,,,,,0,0,0,440,2350,978.0777272727273,5.0
20265,1.0,2069,2026-02-15T08:50,SIN_DEMANDA,0,,,,,,,0,0,0,440,2350,978.0777272727273,5.0
20265,1.0,2070,2026-02-15T09:00,SIN_DEMANDA,0,,,,,,,0,0,0,440,2350,978.0777272727273,5.0
20265,1.0,2071,2026-02-15T09:10,SIN_DEMANDA,0,,,,,,,0,0,0,440,2350,978.0777272727273,5.0
20265,1.0,2072,2026-02-15T09:20,SIN_DEMANDA,0,,,,,,,0,0,0,441,2354,980.5548752834468,5.0
20265,1.0,2073,2026-02-15T09:30,SIN_DEMANDA,0,,,,,,,0,0,0,441,2354,980.5548752834468,5.0
20265,1.0,2074,2026-02-15T09:40,SIN_DEMANDA,0,,,,,,,0,0,0,442,2360,979.9348416289592,5.0
20265,1.0,2075,2026-02-15T09:50,SIN_DEMANDA,0,,,,,,,0,0,0,442,2360,979.9348416289592,5.0
20265,1.0,2076,2026-02-15T10:00,SIN_DEMANDA,0,,,,,,,0,0,0,443,2370,978.7668171557563,5.0
20265,1.0,2077,2026-02-15T10:10,SIN_DEMANDA,0,,,,,,,0,0,0,443,2370,978.7668171557563,5.0
20265,1.0,2078,2026-02-15T10:20,COMPLETA,2103.5928,285.0,285.0,77.0,235.5,1,0.25,1,0,0,443,2370,978.7668171557563,5.0
20265,1.0,2079,2026-02-15T10:30,COMPLETA,3733.2089,792.8333333333334,36.5,240.0,660.0,3,0.20833333333333334,3,0,1,444,2380,977.6907657657658,5.0
20265,1.0,2080,2026-02-15T10:40,COMPLETA,3515.4508,661.3333333333334,36.5,190.0,604.5,2,0.4583333333333333,3,0,0,444,2380,977.6907657657658,5.0
20265,1.0,2081,2026-02-15T10:50,COMPLETA,3798.4143,661.3333333333334,36.5,190.0,604.5,2,0.4583333333333333,3,0,0,444,2380,977.6907657657658,5.0
20265,1.0,2082,2026-02-15T11:00,COMPLETA,3819.5777,661.3333333333334,36.5,190.0,604.5,2,0.4583333333333333,3,0,0,444,2380,977.6907657657658,5.0
20265,1.0,2083,2026-02-15T11:10,COMPLETA,3788.3623,661.3333333333334,36.5,190.0,604.5,2,0.4583333333333333,3,0,0,444,2380,977.6907657657658,5.0
20265,1.0,2084,2026-02-15T11:20,COMPLETA,3398.0374,661.3333333333334,36.5,190.0,604.5,2,0.4583333333333333,3,0,0,445,2386,975.6173033707865,5.0
20265,1.0,2085,2026-02-15T11:30,COMPLETA,3606.5779,661.3333333333334,36.5,190.0,604.5,2,0.4583333333333333,3,0,0,447,2401,978.4769574944072,5.0
20265,1.0,2086,2026-02-15T11:40,COMPLETA,3892.1314,661.3333333333334,36.5,190.0,604.5,2,0.4583333333333333,3,0,0,447,2401,978.4769574944072,5.0
20265,1.0,2087,2026-02-15T11:50,COMPLETA,3938.4984,529.5,36.5,246.0,748.5,3,0.3472222222222222,4,0,1,447,2401,978.4769574944072,5.0
20265,1.0,2088,2026-02-15T12:00,COMPLETA,3566.5363,551.25,36.5,214.0,700.5,2,0.5625,4,0,0,447,2401,978.4769574944072,5.0
20265,1.0,2089,2026-02-15T12:10,COMPLETA,3926.4943,852.2,36.5,238.0,856.5,3,0.4166666666666667,5,0,0,447,2401,978.4769574944072,5.0
20265,1.0,2090,2026-02-15T12:20,COMPLETA,4095.1855,852.2,36.5,238.0,796.5,3,0.4166666666666667,5,0,0,448,2403,980.884375,5.0
20265,1.0,2091,2026-02-15T12:30,COMPLETA,4169.4658,778.5,36.5,252.0,858.0,4,0.3333333333333333,6,0,2,448,2403,980.884375,5.0
20265,1.0,2092,2026-02-15T12:40,COMPLETA,3794.1037,572.125,40.5,330.0,941.0,3,0.375,4,0,0,448,2403,980.884375,5.0
20265,1.0,2093,2026-02-15T12:50,COMPLETA,3808.5529,572.125,40.5,330.0,941.0,3,0.375,4,0,0,448,2403,980.884375,5.0
20265,1.0,2094,2026-02-15T13:00,COMPLETA,3907.7629,572.125,40.5,330.0,941.0,3,0.375,4,0,0,448,2403,980.884375,5.0
20265,1.0,2095,2026-02-15T13:10,COMPLETA,4038.5181,603.3,40.5,352.0,1089.5,3,0.4444444444444444,5,0,0,448,2403,980.884375,5.0
20265,1.0,2096,2026-02-15T13:20,COMPLETA,4176.1187,611.1,40.5,332.0,980.0,3,0.4444444444444444,5,0,0,448,2403,980.884375,5.0
20265,1.0,2097,2026-02-15T13:30,COMPLETA,4294.7311,611.1,40.5,332.0,980.0,3,0.4444444444444444,5,0,0,448,2403,980.884375,5.0
20265,1.0,2098,2026-02-15T13:40,COMPLETA,4159.8862,611.1,40.5,332.0,980.0,3,0.4444444444444444,5,0,0,450,2408,977.7337777777778,5.0
20265,1.0,2099,2026-02-15T13:50,COMPLETA,4573.2597,574.75,40.5,304.0,1017.5,3,0.5555555555555556,6,0,0,451,2411,980.1246119733925,5.0
20265,1.0,2100,2026-02-15T14:00,COMPLETA,4764.2802,574.75,40.5,304.0,1017.5,3,0.5555555555555556,6,0,0,451,2411,980.1246119733925,5.0
20265,1.0,2101,2026-02-15T14:10,COMPLETA,4460.7637,574.75,40.5,304.0,1017.5,3,0.5555555555555556,6,0,0,451,2411,980.1246119733925,5.0
20265,1.0,2102,2026-02-15T14:20,COMPLETA,4542.9636,574.75,40.5,304.0,1017.5,3,0.5555555555555556,6,0,0,451,2411,980.1246119733925,5.0
20265,1.0,2103,2026-02-15T14:30,COMPLETA,4803.5814,574.75,40.5,304.0,1017.5,3,0.5555555555555556,6,0,0,451,2411,980.1246119733925,5.0
20265,1.0,2104,2026-02-15T14:40,COMPLETA,4585.3244,574.75,40.5,304.0,1017.5,3,0.5555555555555556,6,0,0,451,2411,980.1246119733925,5.0
20265,1.0,2105,2026-02-15T14:50,COMPLETA,4661.9773,574.75,40.5,304.0,1017.5,3,0.5555555555555556,6,0,0,451,2411,980.1246119733925,5.0
20265,1.0,2106,2026-02-15T15:00,COMPLETA,4464.838,574.75,40.5,304.0,1017.5,3,0.5555555555555556,6,0,3,451,2411,980.1246119733925,5.0
20265,1.0,2107,2026-02-15T15:10,SIN_DEMANDA,0,,,,,,,0,0,0,451,2411,980.1246119733925,5.0
20265,1.0,2108,2026-02-15T15:20,SIN_DEMANDA,0,,,,,,,0,0,0,451,2411,980.1246119733925,5.0
20265,1.0,2109,2026-02-15T15:30,SIN_DEMANDA,0,,,,,,,0,0,0,451,2411,980.1246119733925,5.0
20265,1.0,2110,2026-02-15T15:40,SIN_DEMANDA,0,,,,,,,0,0,0,451,2411,980.1246119733925,5.0
20265,1.0,2111,2026-02-15T15:50,COMPLETA,1720.988,1556.0,1556.0,97.0,265.5,1,0.2916666666666667,1,0,0,451,2411,980.1246119733925,5.0
20265,1.0,2112,2026-02-15T16:00,COMPLETA,1672.0473,1556.0,1556.0,97.0,265.5,1,0.2916666666666667,1,0,0,451,2411,980.1246119733925,5.0
20265,1.0,2113,2026-02-15T16:10,COMPLETA,1972.1492,1556.0,1556.0,97.0,265.5,1,0.2916666666666667,1,0,0,451,2411,980.1246119733925,5.0
20265,1.0,2114,2026-02-15T16:20,COMPLETA,1640.5829,1556.0,1556.0,97.0,265.5,1,0.2916666666666667,1,0,0,451,2411,980.1246119733925,5.0
20265,1.0,2115,2026-02-15T16:30,COMPLETA,1847.851,1556.0,1556.0,97.0,265.5,1,0.2916666666666667,1,0,0,451,2411,980.1246119733925,5.0
20265,1.0,2116,2026-02-15T16:40,COMPLETA,1796.8166,1556.0,1556.0,97.0,265.5,1,0.2916666666666667,1,0,0,451,2411,980.1246119733925,5.0
20265,1.0,2117,2026-02-15T16:50,COMPLETA,1853.9193,1556.0,1556.0,97.0,265.5,1,0.2916666666666667,1,0,0,451,2411,980.1246119733925,5.0
20265,1.0,2118,2026-02-15T17:00,COMPLETA,1827.8122,1556.0,1556.0,97.0,265.5,1,0.2916666666666667,1,0,0,451,2411,980.1246119733925,5.0
20265,1.0,2119,2026-02-15T17:10,COMPLETA,1752.9307,1556.0,1556.0,97.0,265.5,1,0.2916666666666667,1,0,0,451,2411,980.1246119733925,5.0
20265,1.0,2120,2026-02-15T17:20,COMPLETA,1653.4369,1556.0,1556.0,97.0,265.5,1,0.2916666666666667,1,0,0,451,2411,980.1246119733925,5.0
20265,1.0,2121,2026-02-15T17:30,COMPLETA,1610.6276,1556.0,1556.0,97.0,265.5,1,0.2916666666666667,1,0,0,453,2428,980.7752759381899,5.0
20265,1.0,2122,2026-02-15T17:40,COMPLETA,1564.1793,1556.0,1556.0,97.0,265.5,1,0.2916666666666667,1,0,0,453,2428,980.7752759381899,5.0
20265,1.0,2123,2026-02-15T17:50,COMPLETA,1617.4153,1556.0,1556.0,97.0,265.5,1,0.2916666666666667,1,0,0,454,2435,978.7041850220264,5.0
20265,1.0,2124,2026-02-15T18:00,COMPLETA,1814.1011,1556.0,1556.0,97.0,265.5,1,0.2916666666666667,1,0,0,454,2435,978.7041850220264,5.0
20265,1.0,2125,2026-02-15T18:10,COMPLETA,2062.2143,1556.0,1556.0,97.0,265.5,1,0.2916666666666667,1,0,0,454,2435,978.7041850220264,5.0
20265,1.0,2126,2026-02-15T18:20,COMPLETA,1895.5998,1556.0,1556.0,97.0,265.5,1,0.2916666666666667,1,0,0,454,2435,978.7041850220264,5.0
20265,1.0,2127,2026-02-15T18:30,COMPLETA,1944.3567,1556.0,1556.0,97.0,265.5,1,0.2916666666666667,1,0,0,454,2435,978.7041850220264,5.0
20265,1.0,2128,2026-02-15T18:40,COMPLETA,1874.9419,1556.0,1556.0,97.0,265.5,1,0.2916666666666667,1,0,0,454,2435,978.7041850220264,5.0
20265,1.0,2129,2026-02-15T18:50,COMPLETA,3665.2135,1733.3333333333333,1556.0,206.0,549.0,2,0.3333333333333333,3,0,1,454,2435,978.7041850220264,5.0
20265,1.0,2130,2026-02-15T19:00,COMPLETA,4938.48,1726.5,1469.0,290.0,795.0,3,0.3611111111111111,4,0,0,456,2446,976.4554824561404,5.0
20265,1.0,2131,2026-02-15T19:10,COMPLETA,4895.3595,1726.5,1469.0,290.0,795.0,3,0.3611111111111111,4,0,0,456,2446,976.4554824561404,5.0
20265,1.0,2132,2026-02-15T19:20,COMPLETA,4634.9658,1726.5,1469.0,290.0,795.0,3,0.3611111111111111,4,0,0,456,2446,976.4554824561404,5.0
20265,1.0,2133,2026-02-15T19:30,COMPLETA,5083.1826,1569.8,997.0,389.0,1063.5,4,0.2916666666666667,5,0,2,456,2446,976.4554824561404,5.0
20265,1.0,2134,2026-02-15T19:40,COMPLETA,3344.6456,1620.0,1556.0,245.0,667.5,2,0.3541666666666667,3,0,0,456,2446,976.4554824561404,5.0
20265,1.0,2135,2026-02-15T19:50,COMPLETA,3549.142,1620.0,1556.0,245.0,667.5,2,0.3541666666666667,3,0,0,456,2446,976.4554824561404,5.0
20265,1.0,2136,2026-02-15T20:00,COMPLETA,4069.4342,1314.875,345.5,325.0,907.5,3,0.3194444444444444,4,0,0,456,2446,976.4554824561404,5.0
20265,1.0,2137,2026-02-15T20:10,COMPLETA,4391.7201,1314.875,345.5,325.0,907.5,3,0.3194444444444444,4,0,0,456,2446,976.4554824561404,5.0
20265,1.0,2138,2026-02-15T20:20,COMPLETA,4610.1297,1177.9,345.5,341.0,991.5,3,0.3888888888888889,5,0,0,458,2455,977.182751091703,5.0
20265,1.0,2139,2026-02-15T20:30,COMPLETA,4585.8216,1177.9,345.5,341.0,991.5,3,0.3888888888888889,5,0,0,458,2455,977.182751091703,5.0
20265,1.0,2140,2026-02-15T20:40,COMPLETA,4368.5988,1177.9,345.5,341.0,991.5,3,0.3888888888888889,5,0,0,458,2455,977.182751091703,5.0
20265,1.0,2141,2026-02-15T20:50,COMPLETA,4603.4596,1177.9,345.5,341.0,991.5,3,0.3888888888888889,5,0,0,459,2457,977.2259259259259,5.0
20265,1.0,2142,2026-02-15T21:00,COMPLETA,5783.1504,1285.8333333333333,345.5,499.0,1408.5,4,0.375,6,0,0,459,2457,977.2259259259259,5.0
20265,1.0,2143,2026-02-15T21:10,COMPLETA,5692.6982,1285.8333333333333,345.5,499.0,1408.5,4,0.375,6,0,0,459,2457,977.2259259259259,5.0
20265,1.0,2144,2026-02-15T21:20,COMPLETA,5695.8748,1285.8333333333333,345.5,499.0,1408.5,4,0.375,6,0,0,459,2457,977.2259259259259,5.0
20265,1.0,2145,2026-02-15T21:30,COMPLETA,8030.6651,1380.0714285714287,345.5,464.0,1296.0,4,0.3958333333333333,7,0,1,460,2466,979.458043478261,5.0
20265,1.0,2146,2026-02-15T21:40,COMPLETA,5700.1558,1280.8333333333333,345.5,501.0,1411.5,4,0.375,6,0,0,460,2466,979.458043478261,5.0
20265,1.0,2147,2026-02-15T21:50,COMPLETA,5714.9131,1280.8333333333333,345.5,501.0,1411.5,4,0.375,6,0,0,460,2466,979.458043478261,5.0
20265,1.0,2148,2026-02-15T22:00,COMPLETA,5765.5146,1280.8333333333333,345.5,501.0,1411.5,4,0.375,6,0,0,460,2466,979.458043478261,5.0
20265,1.0,2149,2026-02-15T22:10,COMPLETA,5507.0752,1280.8333333333333,345.5,501.0,1411.5,4,0.375,6,0,0,460,2466,979.458043478261,5.0
20265,1.0,2150,2026-02-15T22:20,COMPLETA,5440.7289,1280.8333333333333,345.5,501.0,1411.5,4,0.375,6,0,0,460,2466,979.458043478261,5.0
20265,1.0,2151,2026-02-15T22:30,COMPLETA,5697.737,1280.8333333333333,345.5,501.0,1411.5,4,0.375,6,0,0,460,2466,979.458043478261,5.0
20265,1.0,2152,2026-02-15T22:40,COMPLETA,5595.9127,1280.8333333333333,345.5,501.0,1411.5,4,0.375,6,0,0,460,2466,979.458043478261,5.0
20265,1.0,2153,2026-02-15T22:50,COMPLETA,5822.1194,1280.8333333333333,345.5,501.0,1411.5,4,0.375,6,0,0,460,2466,979.458043478261,5.0
20265,1.0,2154,2026-02-15T23:00,COMPLETA,5662.9844,1280.8333333333333,345.5,501.0,1411.5,4,0.375,6,0,3,461,2468,981.8138828633406,5.0
20265,1.0,2155,2026-02-15T23:10,COMPLETA,1608.2278,1076.0,1076.0,97.0,265.5,1,0.2916666666666667,1,0,0,461,2468,981.8138828633406,5.0
20265,1.0,2156,2026-02-15T23:20,COMPLETA,1630.9942,1076.0,1076.0,97.0,265.5,1,0.2916666666666667,1,0,0,461,2468,981.8138828633406,5.0
20265,1.0,2157,2026-02-15T23:30,COMPLETA,1729.3639,1076.0,1076.0,97.0,265.5,1,0.2916666666666667,1,0,0,461,2468,981.8138828633406,5.0
20265,1.0,2158,2026-02-15T23:40,COMPLETA,1680.4932,1076.0,1076.0,97.0,265.5,1,0.2916666666666667,1,0,0,461,2468,981.8138828633406,5.0
20265,1.0,2159,2026-02-15T23:50,COMPLETA,2981.4023,565.5,55.0,205.0,547.5,2,0.3541666666666667,2,0,1,461,2468,981.8138828633406,5.0
20265,1.0,2160,2026-02-16T00:00,COMPLETA,1901.9246,1076.0,1076.0,97.0,265.5,1,0.2916666666666667,1,0,0,461,2468,981.8138828633406,5.0
20265,1.0,2161,2026-02-16T00:10,COMPLETA,1979.5082,1076.0,1076.0,97.0,265.5,1,0.2916666666666667,1,0,0,461,2468,981.8138828633406,5.0
20265,1.0,2162,2026-02-16T00:20,COMPLETA,1868.7649,1076.0,1076.0,97.0,265.5,1,0.2916666666666667,1,0,0,461,2468,981.8138828633406,5.0
20265,1.0,2163,2026-02-16T00:30,COMPLETA,2008.9523,1076.0,1076.0,97.0,265.5,1,0.2916666666666667,1,0,0,461,2468,981.8138828633406,5.0
20265,1.0,2164,2026-02-16T00:40,COMPLETA,1593.7078,1076.0,1076.0,97.0,265.5,1,0.2916666666666667,1,0,0,461,2468,981.8138828633406,5.0
20265,1.0,2165,2026-02-16T00:50,COMPLETA,1574.9799,1076.0,1076.0,97.0,265.5,1,0.2916666666666667,1,0,0,461,2468,981.8138828633406,5.0
20265,1.0,2166,2026-02-16T01:00,COMPLETA,1533.8738,1076.0,1076.0,97.0,265.5,1,0.2916666666666667,1,0,0,461,2468,981.8138828633406,5.0
20265,1.0,2167,2026-02-16T01:10,COMPLETA,1590.3299,1076.0,1076.0,97.0,265.5,1,0.2916666666666667,1,0,0,461,2468,981.8138828633406,5.0
20265,1.0,2168,2026-02-16T01:20,COMPLETA,2827.8896,593.5,111.0,177.0,445.5,2,0.3333333333333333,2,0,1,461,2468,981.8138828633406,5.0
20265,1.0,2169,2026-02-16T01:30,COMPLETA,1672.8671,1076.0,1076.0,97.0,265.5,1,0.2916666666666667,1,0,0,461,2468,981.8138828633406,5.0
20265,1.0,2170,2026-02-16T01:40,COMPLETA,1604.2427,1076.0,1076.0,97.0,265.5,1,0.2916666666666667,1,0,0,461,2468,981.8138828633406,5.0
20265,1.0,2171,2026-02-16T01:50,COMPLETA,1689.5157,1076.0,1076.0,97.0,265.5,1,0.2916666666666667,1,0,0,462,2476,983.724458874459,5.0
20265,1.0,2172,2026-02-16T02:00,COMPLETA,1670.3056,1076.0,1076.0,97.0,265.5,1,0.2916666666666667,1,0,0,462,2476,983.724458874459,5.0
20265,1.0,2173,2026-02-16T02:10,COMPLETA,3041.9208,1325.75,1076.0,120.0,360.0,1,0.625,2,0,0,464,2487,983.935775862069,5.0
20265,1.0,2174,2026-02-16T02:20,COMPLETA,2967.2007,1325.75,1076.0,120.0,360.0,1,0.625,2,0,0,464,2487,983.935775862069,5.0
20265,1.0,2175,2026-02-16T02:30,COMPLETA,3257.877,1325.75,1076.0,120.0,360.0,1,0.625,2,0,0,464,2487,983.935775862069,5.0
20265,1.0,2176,2026-02-16T02:40,COMPLETA,2956.8063,1325.75,1076.0,120.0,360.0,1,0.625,2,0,0,464,2487,983.935775862069,5.0
20265,1.0,2177,2026-02-16T02:50,COMPLETA,2870.4756,1325.75,1076.0,120.0,360.0,1,0.625,2,0,0,465,2497,981.9380645161291,5.0
20265,1.0,2178,2026-02-16T03:00,COMPLETA,3109.865,1325.75,1076.0,120.0,360.0,1,0.625,2,0,0,465,2497,981.9380645161291,5.0
20265,1.0,2179,2026-02-16T03:10,COMPLETA,2882.0744,1325.75,1076.0,120.0,360.0,1,0.625,2,0,0,465,2497,981.9380645161291,5.0
20265,1.0,2180,2026-02-16T03:20,COMPLETA,2845.0456,1325.75,1076.0,120.0,360.0,1,0.625,2,0,0,466,2506,980.0690987124464,5.0
20265,1.0,2181,2026-02-16T03:30,COMPLETA,3803.5647,1481.8333333333333,1076.0,193.0,589.5,2,0.4583333333333333,3,0,0,466,2506,980.0690987124464,5.0
20265,1.0,2182,2026-02-16T03:40,COMPLETA,3678.4556,1481.8333333333333,1076.0,193.0,589.5,2,0.4583333333333333,3,0,0,466,2506,980.0690987124464,5.0
20265,1.0,2183,2026-02-16T03:50,COMPLETA,3418.0239,1481.8333333333333,1076.0,193.0,589.5,2,0.4583333333333333,3,0,0,467,2512,981.465096359743,5.0
20265,1.0,2184,2026-02-16T04:00,COMPLETA,3434.4356,1481.8333333333333,1076.0,193.0,589.5,2,0.4583333333333333,3,0,0,467,2512,981.465096359743,5.0
20265,1.0,2185,2026-02-16T04:10,COMPLETA,3517.4304,1481.8333333333333,1076.0,193.0,589.5,2,0.4583333333333333,3,0,0,467,2512,981.465096359743,5.0
20265,1.0,2186,2026-02-16T04:20,COMPLETA,3948.1929,1626.625,1076.0,237.0,715.5,3,0.3472222222222222,4,0,1,468,2516,980.6435897435898,5.0
20265,1.0,2187,2026-02-16T04:30,COMPLETA,3457.4864,1147.375,144.0,233.0,709.5,3,0.4027777777777778,4,0,1,468,2516,980.6435897435898,5.0
20265,1.0,2188,2026-02-16T04:40,COMPLETA,3628.238,1481.8333333333333,1076.0,193.0,589.5,2,0.4583333333333333,3,0,0,468,2516,980.6435897435898,5.0
20265,1.0,2189,2026-02-16T04:50,COMPLETA,3352.8663,1481.8333333333333,1076.0,193.0,589.5,2,0.4583333333333333,3,0,0,468,2516,980.6435897435898,5.0
20265,1.0,2190,2026-02-16T05:00,COMPLETA,3380.4567,1481.8333333333333,1076.0,193.0,589.5,2,0.4583333333333333,3,0,0,468,2516,980.6435897435898,5.0
20265,1.0,2191,2026-02-16T05:10,COMPLETA,3304.0683,1481.8333333333333,1076.0,193.0,589.5,2,0.4583333333333333,3,0,0,468,2516,980.6435897435898,5.0
20265,1.0,2192,2026-02-16T05:20,COMPLETA,3184.5427,1481.8333333333333,1076.0,193.0,589.5,2,0.4583333333333333,3,0,0,468,2516,980.6435897435898,5.0
20265,1.0,2193,2026-02-16T05:30,COMPLETA,3982.2037,1481.8333333333333,1076.0,193.0,589.5,2,0.4583333333333333,3,0,0,468,2516,980.6435897435898,5.0
20265,1.0,2194,2026-02-16T05:40,COMPLETA,3777.1258,1226.75,452.5,284.0,846.0,3,0.375,4,0,0,468,2516,980.6435897435898,5.0
20265,1.0,2195,2026-02-16T05:50,COMPLETA,3806.9275,1226.75,452.5,284.0,846.0,3,0.375,4,0,0,468,2516,980.6435897435898,5.0
20265,1.0,2196,2026-02-16T06:00,COMPLETA,3727.037,1226.75,452.5,284.0,846.0,3,0.375,4,0,0,470,2526,981.1621276595745,5.0
20265,1.0,2197,2026-02-16T06:10,COMPLETA,3919.9971,1226.75,452.5,284.0,846.0,3,0.375,4,0,0,470,2526,981.1621276595745,5.0
20265,1.0,2198,2026-02-16T06:20,COMPLETA,4214.654,1174.4,452.5,296.0,984.0,4,0.3020833333333333,5,0,0,470,2526,981.1621276595745,5.0
20265,1.0,2199,2026-02-16T06:30,COMPLETA,4495.1578,994.3333333333334,100.0,466.0,1479.0,6,0.25,6,0,0,470,2526,981.1621276595745,5.0
20265,1.0,2200,2026-02-16T06:40,COMPLETA,4462.7766,994.3333333333334,100.0,466.0,1479.0,6,0.25,6,0,0,470,2526,981.1621276595745,5.0
20265,1.0,2201,2026-02-16T06:50,COMPLETA,5448.1088,1116.2857142857142,119.5,356.0,1194.0,4,0.4270833333333333,7,0,0,470,2526,981.1621276595745,5.0
20265,1.0,2202,2026-02-16T07:00,COMPLETA,5492.1578,1116.2857142857142,119.5,356.0,1194.0,4,0.4270833333333333,7,0,4,470,2526,981.1621276595745,5.0
20265,1.0,2203,2026-02-16T07:10,SIN_DEMANDA,0,,,,,,,0,0,0,470,2526,981.1621276595745,5.0
20265,1.0,2204,2026-02-16T07:20,SIN_DEMANDA,0,,,,,,,0,0,0,470,2526,981.1621276595745,5.0
20265,1.0,2205,2026-02-16T07:30,SIN_DEMANDA,0,,,,,,,0,0,0,470,2526,981.1621276595745,5.0
20265,1.0,2206,2026-02-16T07:40,COMPLETA,1377.9542,989.0,989.0,36.0,174.0,1,0.041666666666666664,1,0,1,470,2526,981.1621276595745,5.0
20265,1.0,2207,2026-02-16T07:50,SIN_DEMANDA,0,,,,,,,0,0,0,470,2526,981.1621276595745,5.0
20265,1.0,2208,2026-02-16T08:00,SIN_DEMANDA,0,,,,,,,0,0,0,470,2526,981.1621276595745,5.0
20265,1.0,2209,2026-02-16T08:10,COMPLETA,1233.0484,2088.0,2088.0,12.0,138.0,1,0.08333333333333333,1,0,1,471,2528,981.127813163482,5.0
20265,1.0,2210,2026-02-16T08:20,SIN_DEMANDA,0,,,,,,,0,0,0,471,2528,981.127813163482,5.0
20265,1.0,2211,2026-02-16T08:30,SIN_DEMANDA,0,,,,,,,0,0,0,472,2535,979.3023305084746,5.0
20265,1.0,2212,2026-02-16T08:40,SIN_DEMANDA,0,,,,,,,0,0,0,472,2535,979.3023305084746,5.0
20265,1.0,2213,2026-02-16T08:50,SIN_DEMANDA,0,,,,,,,0,0,0,472,2535,979.3023305084746,5.0
20265,1.0,2214,2026-02-16T09:00,SIN_DEMANDA,0,,,,,,,0,0,0,472,2535,979.3023305084746,5.0
20265,1.0,2215,2026-02-16T09:10,COMPLETA,1526.8239,619.0,619.0,44.0,126.0,1,0.16666666666666666,1,0,1,473,2536,979.3228329809725,5.0
20265,1.0,2216,2026-02-16T09:20,SIN_DEMANDA,0,,,,,,,0,0,0,474,2538,981.6618143459916,5.0
20265,1.0,2217,2026-02-16T09:30,SIN_DEMANDA,0,,,,,,,0,0,0,475,2545,983.3720000000001,5.0
20265,1.0,2218,2026-02-16T09:40,COMPLETA,1630.0924,1697.5,1697.5,71.0,226.5,1,0.2916666666666667,1,0,0,475,2545,983.3720000000001,5.0
20265,1.0,2219,2026-02-16T09:50,COMPLETA,1860.5993,1697.5,1697.5,71.0,226.5,1,0.2916666666666667,1,0,0,476,2552,983.5665966386555,5.0
20265,1.0,2220,2026-02-16T10:00,COMPLETA,1848.544,1697.5,1697.5,71.0,226.5,1,0.2916666666666667,1,0,0,476,2552,983.5665966386555,5.0
20265,1.0,2221,2026-02-16T10:10,COMPLETA,3043.9628,1658.0,1618.5,103.0,334.5,1,0.5,2,0,0,476,2552,983.5665966386555,5.0
20265,1.0,2222,2026-02-16T10:20,COMPLETA,2902.2216,1658.0,1618.5,103.0,334.5,1,0.5,2,0,0,476,2552,983.5665966386555,5.0
20265,1.0,2223,2026-02-16T10:30,COMPLETA,2925.0085,1658.0,1618.5,103.0,334.5,1,0.5,2,0,0,477,2560,984.9773584905661,5.0
20265,1.0,2224,2026-02-16T10:40,COMPLETA,3038.4447,1658.0,1618.5,103.0,334.5,1,0.5,2,0,0,477,2560,984.9773584905661,5.0
20265,1.0,2225,2026-02-16T10:50,COMPLETA,3329.2823,1235.5,390.5,133.0,439.5,2,0.3125,3,0,1,478,2564,984.2117154811716,5.0
20265,1.0,2226,2026-02-16T11:00,COMPLETA,3139.5364,1658.0,1618.5,103.0,334.5,1,0.5,2,0,0,478,2564,984.2117154811716,5.0
20265,1.0,2227,2026-02-16T11:10,COMPLETA,3033.0702,1658.0,1618.5,103.0,334.5,1,0.5,2,0,0,478,2564,984.2117154811716,5.0
20265,1.0,2228,2026-02-16T11:20,COMPLETA,3108.088,1658.0,1618.5,103.0,334.5,1,0.5,2,0,0,479,2569,986.1058455114822,5.0
20265,1.0,2229,2026-02-16T11:30,COMPLETA,3584.2947,1209.8333333333333,211.5,195.0,592.5,2,0.4166666666666667,3,0,0,479,2569,986.1058455114822,5.0
20265,1.0,2230,2026-02-16T11:40,COMPLETA,3515.1026,1209.8333333333333,211.5,195.0,592.5,2,0.4166666666666667,3,0,0,479,2569,986.1058455114822,5.0
20265,1.0,2231,2026-02-16T11:50,COMPLETA,3664.7825,1209.8333333333333,211.5,195.0,592.5,2,0.4166666666666667,3,0,0,479,2569,986.1058455114822,5.0
20265,1.0,2232,2026-02-16T12:00,COMPLETA,3448.9631,1209.8333333333333,211.5,195.0,592.5,2,0.4166666666666667,3,0,0,479,2569,986.1058455114822,5.0
20265,1.0,2233,2026-02-16T12:10,COMPLETA,3261.5753,1209.8333333333333,211.5,195.0,592.5,2,0.4166666666666667,3,0,0,479,2569,986.1058455114822,5.0
20265,1.0,2234,2026-02-16T12:20,COMPLETA,3399.8895,1209.8333333333333,211.5,195.0,592.5,2,0.4166666666666667,3,0,0,480,2572,984.865,5.0
20265,1.0,2235,2026-02-16T12:30,COMPLETA,3653.4094,928.875,86.0,276.0,774.0,3,0.4166666666666667,4,0,1,481,2577,983.4650727650728,5.0
20265,1.0,2236,2026-02-16T12:40,COMPLETA,3749.137,1209.8333333333333,211.5,195.0,592.5,2,0.4166666666666667,3,0,0,481,2577,983.4650727650728,5.0
20265,1.0,2237,2026-02-16T12:50,COMPLETA,3457.7922,1209.8333333333333,211.5,195.0,592.5,2,0.4166666666666667,3,0,0,481,2577,983.4650727650728,5.0
20265,1.0,2238,2026-02-16T13:00,COMPLETA,3758.3935,1209.8333333333333,211.5,195.0,592.5,2,0.4166666666666667,3,0,0,481,2577,983.4650727650728,5.0
20265,1.0,2239,2026-02-16T13:10,COMPLETA,4354.7203,1076.875,211.5,258.0,747.0,2,0.5625,4,0,0,481,2577,983.4650727650728,5.0
20265,1.0,2240,2026-02-16T13:20,COMPLETA,4595.4003,1076.875,211.5,258.0,747.0,2,0.5625,4,0,0,481,2577,983.4650727650728,5.0
20265,1.0,2241,2026-02-16T13:30,COMPLETA,4975.4037,1076.875,211.5,258.0,747.0,2,0.5625,4,0,0,481,2577,983.4650727650728,5.0
20265,1.0,2242,2026-02-16T13:40,COMPLETA,4956.0976,1076.875,211.5,258.0,747.0,2,0.5625,4,0,0,481,2577,983.4650727650728,5.0
20265,1.0,2243,2026-02-16T13:50,COMPLETA,4686.8748,1076.875,211.5,258.0,747.0,2,0.5625,4,0,0,481,2577,983.4650727650728,5.0
20265,1.0,2244,2026-02-16T14:00,COMPLETA,4879.2629,1076.875,211.5,258.0,747.0,2,0.5625,4,0,0,481,2577,983.4650727650728,5.0
20265,1.0,2245,2026-02-16T14:10,COMPLETA,4773.9749,1076.875,211.5,258.0,747.0,2,0.5625,4,0,0,481,2577,983.4650727650728,5.0
20265,1.0,2246,2026-02-16T14:20,COMPLETA,4504.3539,1076.875,211.5,258.0,747.0,2,0.5625,4,0,0,481,2577,983.4650727650728,5.0
20265,1.0,2247,2026-02-16T14:30,COMPLETA,4772.3918,1076.875,211.5,258.0,747.0,2,0.5625,4,0,0,481,2577,983.4650727650728,5.0
20265,1.0,2248,2026-02-16T14:40,COMPLETA,4502.7173,1076.875,211.5,258.0,747.0,2,0.5625,4,0,0,481,2577,983.4650727650728,5.0
20265,1.0,2249,2026-02-16T14:50,COMPLETA,4749.644,1076.875,211.5,258.0,747.0,2,0.5625,4,0,0,481,2577,983.4650727650728,5.0
20265,1.0,2250,2026-02-16T15:00,COMPLETA,4944.2618,1076.875,211.5,258.0,747.0,2,0.5625,4,0,2,482,2587,981.6031120331951,5.0
20265,1.0,2251,2026-02-16T15:10,SIN_DEMANDA,0,,,,,,,0,0,0,482,2587,981.6031120331951,5.0
20265,1.0,2252,2026-02-16T15:20,COMPLETA,1086.992,138.5,138.5,54.0,201.0,1,0.041666666666666664,1,0,1,482,2587,981.6031120331951,5.0
20265,1.0,2253,2026-02-16T15:30,SIN_DEMANDA,0,,,,,,,0,0,0,482,2587,981.6031120331951,5.0
20265,1.0,2254,2026-02-16T15:40,SIN_DEMANDA,0,,,,,,,0,0,0,482,2587,981.6031120331951,5.0
20265,1.0,2255,2026-02-16T15:50,SIN_DEMANDA,0,,,,,,,0,0,0,482,2587,981.6031120331951,5.0
20265,1.0,2256,2026-02-16T16:00,SIN_DEMANDA,0,,,,,,,0,0,0,482,2587,981.6031120331951,5.0
20265,1.0,2257,2026-02-16T16:10,SIN_DEMANDA,0,,,,,,,0,0,0,482,2587,981.6031120331951,5.0
20265,1.0,2258,2026-02-16T16:20,SIN_DEMANDA,0,,,,,,,0,0,0,482,2587,981.6031120331951,5.0
20265,1.0,2259,2026-02-16T16:30,SIN_DEMANDA,0,,,,,,,0,0,0,482,2587,981.6031120331951,5.0
20265,1.0,2260,2026-02-16T16:40,SIN_DEMANDA,0,,,,,,,0,0,0,482,2587,981.6031120331951,5.0
20265,1.0,2261,2026-02-16T16:50,SIN_DEMANDA,0,,,,,,,0,0,0,482,2587,981.6031120331951,5.0
20265,1.0,2262,2026-02-16T17:00,SIN_DEMANDA,0,,,,,,,0,0,0,482,2587,981.6031120331951,5.0
20265,1.0,2263,2026-02-16T17:10,SIN_DEMANDA,0,,,,,,,0,0,0,483,2588,979.8575569358178,5.0
20265,1.0,2264,2026-02-16T17:20,SIN_DEMANDA,0,,,,,,,0,0,0,483,2588,979.8575569358178,5.0
20265,1.0,2265,2026-02-16T17:30,SIN_DEMANDA,0,,,,,,,0,0,0,485,2600,982.8643298969073,5.0
20265,1.0,2266,2026-02-16T17:40,SIN_DEMANDA,0,,,,,,,0,0,0,485,2600,982.8643298969073,5.0
20265,1.0,2267,2026-02-16T17:50,SIN_DEMANDA,0,,,,,,,0,0,0,485,2600,982.8643298969073,5.0
20265,1.0,2268,2026-02-16T18:00,SIN_DEMANDA,0,,,,,,,0,0,0,485,2600,982.8643298969073,5.0
20265,1.0,2269,2026-02-16T18:10,SIN_DEMANDA,0,,,,,,,0,0,0,485,2600,982.8643298969073,5.0
20265,1.0,2270,2026-02-16T18:20,SIN_DEMANDA,0,,,,,,,0,0,0,485,2600,982.8643298969073,5.0
20265,1.0,2271,2026-02-16T18:30,COMPLETA,2436.064,36.0,36.0,111.0,286.5,1,0.375,1,0,0,485,2600,982.8643298969073,5.0
20265,1.0,2272,2026-02-16T18:40,COMPLETA,3187.6688,1049.5,36.0,159.0,418.5,2,0.2708333333333333,2,0,1,485,2600,982.8643298969073,5.0
20265,1.0,2273,2026-02-16T18:50,COMPLETA,2398.576,36.0,36.0,111.0,286.5,1,0.375,1,0,0,485,2600,982.8643298969073,5.0
20265,1.0,2274,2026-02-16T19:00,COMPLETA,2889.185,36.0,36.0,111.0,286.5,1,0.375,1,0,0,485,2600,982.8643298969073,5.0
20265,1.0,2275,2026-02-16T19:10,COMPLETA,2545.4071,36.0,36.0,111.0,286.5,1,0.375,1,0,0,485,2600,982.8643298969073,5.0
20265,1.0,2276,2026-02-16T19:20,COMPLETA,2326.9698,36.0,36.0,111.0,286.5,1,0.375,1,0,0,485,2600,982.8643298969073,5.0
20265,1.0,2277,2026-02-16T19:30,COMPLETA,2252.4278,36.0,36.0,111.0,286.5,1,0.375,1,0,0,485,2600,982.8643298969073,5.0
20265,1.0,2278,2026-02-16T19:40,COMPLETA,2347.5337,36.0,36.0,111.0,286.5,1,0.375,1,0,0,485,2600,982.8643298969073,5.0
20265,1.0,2279,2026-02-16T19:50,COMPLETA,3046.6099,1060.25,36.0,129.0,373.5,2,0.20833333333333334,2,0,1,486,2608,981.2771604938272,5.0
20265,1.0,2280,2026-02-16T20:00,COMPLETA,2529.6807,36.0,36.0,111.0,286.5,1,0.375,1,0,0,487,2615,980.6544147843942,5.0
20265,1.0,2281,2026-02-16T20:10,COMPLETA,3134.8253,66.25,36.0,161.0,421.5,2,0.3333333333333333,2,0,0,487,2615,980.6544147843942,5.0
20265,1.0,2282,2026-02-16T20:20,COMPLETA,2758.4855,66.25,36.0,161.0,421.5,2,0.3333333333333333,2,0,0,488,2619,982.8723360655738,5.0
20265,1.0,2283,2026-02-16T20:30,COMPLETA,3179.125,66.25,36.0,161.0,421.5,2,0.3333333333333333,2,0,0,488,2619,982.8723360655738,5.0
20265,1.0,2284,2026-02-16T20:40,COMPLETA,3039.9211,66.25,36.0,161.0,421.5,2,0.3333333333333333,2,0,0,488,2619,982.8723360655738,5.0
20265,1.0,2285,2026-02-16T20:50,COMPLETA,4602.1115,242.2,71.5,405.0,1027.5,5,0.2833333333333333,5,0,2,488,2619,982.8723360655738,5.0
20265,1.0,2286,2026-02-16T21:00,COMPLETA,4317.6569,263.1666666666667,71.5,192.0,528.0,2,0.3958333333333333,3,0,0,488,2619,982.8723360655738,5.0
20265,1.0,2287,2026-02-16T21:10,COMPLETA,4721.8188,661.75,71.5,292.0,798.0,3,0.4027777777777778,4,0,1,489,2620,985.1251533742332,5.0
20265,1.0,2288,2026-02-16T21:20,COMPLETA,4471.6752,803.625,297.5,300.0,810.0,2,0.6041666666666666,4,0,0,489,2620,985.1251533742332,5.0
20265,1.0,2289,2026-02-16T21:30,COMPLETA,4218.3601,803.625,297.5,300.0,810.0,2,0.6041666666666666,4,0,0,489,2620,985.1251533742332,5.0
20265,1.0,2290,2026-02-16T21:40,COMPLETA,4459.0345,803.625,297.5,300.0,810.0,2,0.6041666666666666,4,0,0,489,2620,985.1251533742332,5.0
20265,1.0,2291,2026-02-16T21:50,COMPLETA,6990.1483,1200.5,373.0,385.0,1177.5,4,0.4479166666666667,6,0,0,489,2620,985.1251533742332,5.0
20265,1.0,2292,2026-02-16T22:00,COMPLETA,6659.6525,1200.5,373.0,385.0,1177.5,4,0.4479166666666667,6,0,0,489,2620,985.1251533742332,5.0
20265,1.0,2293,2026-02-16T22:10,COMPLETA,6902.8892,1200.5,373.0,385.0,1177.5,4,0.4479166666666667,6,0,0,489,2620,985.1251533742332,5.0
20265,1.0,2294,2026-02-16T22:20,COMPLETA,6768.2069,1200.5,373.0,385.0,1177.5,4,0.4479166666666667,6,0,0,489,2620,985.1251533742332,5.0
20265,1.0,2295,2026-02-16T22:30,COMPLETA,6265.4406,1200.5,373.0,385.0,1177.5,4,0.4479166666666667,6,0,0,489,2620,985.1251533742332,5.0
20265,1.0,2296,2026-02-16T22:40,COMPLETA,5840.3321,1200.5,373.0,385.0,1177.5,4,0.4479166666666667,6,0,0,490,2626,983.3738775510204,5.0
20265,1.0,2297,2026-02-16T22:50,COMPLETA,5985.2597,1200.5,373.0,385.0,1177.5,4,0.4479166666666667,6,0,0,490,2626,983.3738775510204,5.0
20265,1.0,2298,2026-02-16T23:00,COMPLETA,6006.3748,1200.5,373.0,385.0,1177.5,4,0.4479166666666667,6,0,3,492,2642,979.9556910569106,5.0
20265,1.0,2299,2026-02-16T23:10,COMPLETA,3564.1682,1141.8333333333333,439.0,136.0,504.0,2,0.5208333333333334,3,0,0,492,2642,979.9556910569106,5.0
20265,1.0,2300,2026-02-16T23:20,COMPLETA,3414.7634,1141.8333333333333,439.0,136.0,504.0,2,0.5208333333333334,3,0,0,492,2642,979.9556910569106,5.0
20265,1.0,2301,2026-02-16T23:30,COMPLETA,3413.7806,1141.8333333333333,439.0,136.0,504.0,2,0.5208333333333334,3,0,0,492,2642,979.9556910569106,5.0
20265,1.0,2302,2026-02-16T23:40,COMPLETA,3395.9306,1141.8333333333333,439.0,136.0,504.0,2,0.5208333333333334,3,0,1,492,2642,979.9556910569106,5.0
20265,1.0,2303,2026-02-16T23:50,COMPLETA,3173.9757,1431.75,1421.5,118.0,357.0,1,0.7916666666666666,2,0,0,492,2642,979.9556910569106,5.0
20265,1.0,2304,2026-02-17T00:00,COMPLETA,3024.231,1431.75,1421.5,118.0,357.0,1,0.7916666666666666,2,0,0,492,2642,979.9556910569106,5.0
20265,1.0,2305,2026-02-17T00:10,COMPLETA,3203.6022,1431.75,1421.5,118.0,357.0,1,0.7916666666666666,2,0,0,492,2642,979.9556910569106,5.0
20265,1.0,2306,2026-02-17T00:20,COMPLETA,3120.0157,1431.75,1421.5,118.0,357.0,1,0.7916666666666666,2,0,0,492,2642,979.9556910569106,5.0
20265,1.0,2307,2026-02-17T00:30,COMPLETA,3045.8398,1431.75,1421.5,118.0,357.0,1,0.7916666666666666,2,0,0,493,2646,982.0176470588235,5.0
20265,1.0,2308,2026-02-17T00:40,COMPLETA,3061.795,1431.75,1421.5,118.0,357.0,1,0.7916666666666666,2,0,0,493,2646,982.0176470588235,5.0
20265,1.0,2309,2026-02-17T00:50,COMPLETA,3506.872,1431.75,1421.5,118.0,357.0,1,0.7916666666666666,2,0,0,493,2646,982.0176470588235,5.0
20265,1.0,2310,2026-02-17T01:00,COMPLETA,2931.6945,1431.75,1421.5,118.0,357.0,1,0.7916666666666666,2,0,0,493,2646,982.0176470588235,5.0
20265,1.0,2311,2026-02-17T01:10,COMPLETA,2953.8919,1431.75,1421.5,118.0,357.0,1,0.7916666666666666,2,0,0,493,2646,982.0176470588235,5.0
20265,1.0,2312,2026-02-17T01:20,COMPLETA,3222.9216,1431.75,1421.5,118.0,357.0,1,0.7916666666666666,2,0,0,493,2646,982.0176470588235,5.0
20265,1.0,2313,2026-02-17T01:30,COMPLETA,3054.8223,1431.75,1421.5,118.0,357.0,1,0.7916666666666666,2,0,0,493,2646,982.0176470588235,5.0
20265,1.0,2314,2026-02-17T01:40,COMPLETA,3123.9311,1431.75,1421.5,118.0,357.0,1,0.7916666666666666,2,0,0,494,2652,980.9184210526316,5.0
20265,1.0,2315,2026-02-17T01:50,COMPLETA,3229.9297,1431.75,1421.5,118.0,357.0,1,0.7916666666666666,2,0,0,494,2652,980.9184210526316,5.0
20265,1.0,2316,2026-02-17T02:00,COMPLETA,3175.9994,1431.75,1421.5,118.0,357.0,1,0.7916666666666666,2,0,0,494,2652,980.9184210526316,5.0
20265,1.0,2317,2026-02-17T02:10,COMPLETA,3202.8824,1431.75,1421.5,118.0,357.0,1,0.7916666666666666,2,0,0,495,2662,982.7014141414141,5.0
20265,1.0,2318,2026-02-17T02:20,COMPLETA,3149.4343,1431.75,1421.5,118.0,357.0,1,0.7916666666666666,2,0,0,495,2662,982.7014141414141,5.0
20265,1.0,2319,2026-02-17T02:30,COMPLETA,3412.3587,1431.75,1421.5,118.0,357.0,1,0.7916666666666666,2,0,0,495,2662,982.7014141414141,5.0
20265,1.0,2320,2026-02-17T02:40,COMPLETA,3195.3587,1431.75,1421.5,118.0,357.0,1,0.7916666666666666,2,0,0,496,2668,981.4832661290322,5.0
20265,1.0,2321,2026-02-17T02:50,COMPLETA,3268.9232,1431.75,1421.5,118.0,357.0,1,0.7916666666666666,2,0,0,496,2668,981.4832661290322,5.0
20265,1.0,2322,2026-02-17T03:00,COMPLETA,3183.9184,1431.75,1421.5,118.0,357.0,1,0.7916666666666666,2,0,0,496,2668,981.4832661290322,5.0
20265,1.0,2323,2026-02-17T03:10,COMPLETA,3099.0314,1431.75,1421.5,118.0,357.0,1,0.7916666666666666,2,0,0,496,2668,981.4832661290322,5.0
20265,1.0,2324,2026-02-17T03:20,COMPLETA,3294.208,1431.75,1421.5,118.0,357.0,1,0.7916666666666666,2,0,0,496,2668,981.4832661290322,5.0
20265,1.0,2325,2026-02-17T03:30,COMPLETA,3029.683,1431.75,1421.5,118.0,357.0,1,0.7916666666666666,2,0,0,496,2668,981.4832661290322,5.0
20265,1.0,2326,2026-02-17T03:40,COMPLETA,3532.1913,1431.75,1421.5,118.0,357.0,1,0.7916666666666666,2,0,0,496,2668,981.4832661290322,5.0
20265,1.0,2327,2026-02-17T03:50,COMPLETA,3363.061,1431.75,1421.5,118.0,357.0,1,0.7916666666666666,2,0,0,496,2668,981.4832661290322,5.0
20265,1.0,2328,2026-02-17T04:00,COMPLETA,3352.5949,1431.75,1421.5,118.0,357.0,1,0.7916666666666666,2,0,0,496,2668,981.4832661290322,5.0
20265,1.0,2329,2026-02-17T04:10,COMPLETA,3364.6886,1431.75,1421.5,118.0,357.0,1,0.7916666666666666,2,0,0,496,2668,981.4832661290322,5.0
20265,1.0,2330,2026-02-17T04:20,COMPLETA,3069.6081,1431.75,1421.5,118.0,357.0,1,0.7916666666666666,2,0,0,496,2668,981.4832661290322,5.0
20265,1.0,2331,2026-02-17T04:30,COMPLETA,3484.6632,1006.3333333333334,155.5,148.0,462.0,2,0.4791666666666667,3,0,1,496,2668,981.4832661290322,5.0
20265,1.0,2332,2026-02-17T04:40,COMPLETA,3122.3212,1431.75,1421.5,118.0,357.0,1,0.7916666666666666,2,0,0,497,2675,980.8062374245474,5.0
20265,1.0,2333,2026-02-17T04:50,COMPLETA,2965.0719,1431.75,1421.5,118.0,357.0,1,0.7916666666666666,2,0,0,497,2675,980.8062374245474,5.0
20265,1.0,2334,2026-02-17T05:00,COMPLETA,3186.934,1431.75,1421.5,118.0,357.0,1,0.7916666666666666,2,0,0,497,2675,980.8062374245474,5.0
20265,1.0,2335,2026-02-17T05:10,COMPLETA,3369.5587,1431.75,1421.5,118.0,357.0,1,0.7916666666666666,2,0,0,497,2675,980.8062374245474,5.0
20265,1.0,2336,2026-02-17T05:20,COMPLETA,3216.5166,1431.75,1421.5,118.0,357.0,1,0.7916666666666666,2,0,0,497,2675,980.8062374245474,5.0
20265,1.0,2337,2026-02-17T05:30,COMPLETA,3823.51,1591.8333333333333,1421.5,195.0,592.5,2,0.5625,3,0,0,497,2675,980.8062374245474,5.0
20265,1.0,2338,2026-02-17T05:40,COMPLETA,3707.6862,1591.8333333333333,1421.5,195.0,592.5,2,0.5625,3,0,0,497,2675,980.8062374245474,5.0
20265,1.0,2339,2026-02-17T05:50,COMPLETA,3877.2215,1591.8333333333333,1421.5,195.0,592.5,2,0.5625,3,0,0,497,2675,980.8062374245474,5.0
20265,1.0,2340,2026-02-17T06:00,COMPLETA,3908.6202,1591.8333333333333,1421.5,195.0,592.5,2,0.5625,3,0,0,498,2679,979.1489959839357,5.0
20265,1.0,2341,2026-02-17T06:10,COMPLETA,3503.7102,1591.8333333333333,1421.5,195.0,592.5,2,0.5625,3,0,0,498,2679,979.1489959839357,5.0
20265,1.0,2342,2026-02-17T06:20,COMPLETA,3537.8624,1591.8333333333333,1421.5,195.0,592.5,2,0.5625,3,0,0,498,2679,979.1489959839357,5.0
20265,1.0,2343,2026-02-17T06:30,COMPLETA,3529.4032,1591.8333333333333,1421.5,195.0,592.5,2,0.5625,3,0,0,498,2679,979.1489959839357,5.0
20265,1.0,2344,2026-02-17T06:40,COMPLETA,3355.2612,1591.8333333333333,1421.5,195.0,592.5,2,0.5625,3,0,0,498,2679,979.1489959839357,5.0
20265,1.0,2345,2026-02-17T06:50,COMPLETA,3683.9997,1591.8333333333333,1421.5,195.0,592.5,2,0.5625,3,0,0,498,2679,979.1489959839357,5.0
20265,1.0,2346,2026-02-17T07:00,COMPLETA,3825.7548,1591.8333333333333,1421.5,195.0,592.5,2,0.5625,3,0,2,498,2679,979.1489959839357,5.0
20265,1.0,2347,2026-02-17T07:10,COMPLETA,3139.2296,234.25,53.0,118.0,417.0,2,0.3333333333333333,2,0,0,498,2679,979.1489959839357,5.0
20265,1.0,2348,2026-02-17T07:20,COMPLETA,3280.4385,234.25,53.0,118.0,417.0,2,0.3333333333333333,2,0,0,498,2679,979.1489959839357,5.0
20265,1.0,2349,2026-02-17T07:30,COMPLETA,3746.0836,260.6666666666667,106.5,195.0,652.5,3,0.3472222222222222,3,0,1,498,2679,979.1489959839357,5.0
20265,1.0,2350,2026-02-17T07:40,COMPLETA,3159.2631,150.0,106.5,79.0,358.5,2,0.3958333333333333,2,0,0,498,2679,979.1489959839357,5.0
20265,1.0,2351,2026-02-17T07:50,COMPLETA,4218.6522,1033.375,121.5,166.0,669.0,3,0.4444444444444444,4,0,1,498,2679,979.1489959839357,5.0
20265,1.0,2352,2026-02-17T08:00,COMPLETA,3654.4534,692.1666666666666,121.5,118.0,477.0,2,0.5833333333333334,3,0,0,498,2679,979.1489959839357,5.0
20265,1.0,2353,2026-02-17T08:10,COMPLETA,3975.555,692.1666666666666,121.5,118.0,477.0,2,0.5833333333333334,3,0,0,498,2679,979.1489959839357,5.0
20265,1.0,2354,2026-02-17T08:20,COMPLETA,4260.7864,859.6,121.5,180.0,810.0,4,0.3333333333333333,5,0,2,498,2679,979.1489959839357,5.0
20265,1.0,2355,2026-02-17T08:30,COMPLETA,3664.731,692.1666666666666,121.5,118.0,477.0,2,0.5833333333333334,3,0,0,498,2679,979.1489959839357,5.0
20265,1.0,2356,2026-02-17T08:40,COMPLETA,3830.1881,692.1666666666666,121.5,118.0,477.0,2,0.5833333333333334,3,0,0,498,2679,979.1489959839357,5.0
20265,1.0,2357,2026-02-17T08:50,COMPLETA,3916.28,692.1666666666666,121.5,118.0,477.0,2,0.5833333333333334,3,0,0,498,2679,979.1489959839357,5.0
20265,1.0,2358,2026-02-17T09:00,COMPLETA,4324.3816,733.0,121.5,224.0,756.0,4,0.3125,5,0,2,498,2679,979.1489959839357,5.0
20265,1.0,2359,2026-02-17T09:10,COMPLETA,3655.2767,692.1666666666666,121.5,118.0,477.0,2,0.5833333333333334,3,0,0,498,2679,979.1489959839357,5.0
20265,1.0,2360,2026-02-17T09:20,COMPLETA,3654.0773,692.1666666666666,121.5,118.0,477.0,2,0.5833333333333334,3,0,0,498,2679,979.1489959839357,5.0
20265,1.0,2361,2026-02-17T09:30,COMPLETA,3649.3472,692.1666666666666,121.5,118.0,477.0,2,0.5833333333333334,3,0,0,500,2691,983.1704,5.0
20265,1.0,2362,2026-02-17T09:40,COMPLETA,3750.1529,692.1666666666666,121.5,118.0,477.0,2,0.5833333333333334,3,0,0,502,2704,986.2723107569722,5.0
20265,1.0,2363,2026-02-17T09:50,COMPLETA,4153.8246,523.75,18.5,197.0,715.5,3,0.5138888888888888,4,0,0,502,2704,986.2723107569722,5.0
20265,1.0,2364,2026-02-17T10:00,COMPLETA,4565.2722,830.8,18.5,249.0,853.5,4,0.4270833333333333,5,0,1,503,2705,984.5898608349901,5.0
20265,1.0,2365,2026-02-17T10:10,COMPLETA,4008.7778,523.75,18.5,197.0,715.5,3,0.5138888888888888,4,0,0,503,2705,984.5898608349901,5.0
20265,1.0,2366,2026-02-17T10:20,COMPLETA,4266.375,523.75,18.5,197.0,715.5,3,0.5138888888888888,4,0,0,503,2705,984.5898608349901,5.0
20265,1.0,2367,2026-02-17T10:30,COMPLETA,4131.096,523.75,18.5,197.0,595.5,3,0.5138888888888888,4,0,0,504,2706,983.8922619047619,5.0
20265,1.0,2368,2026-02-17T10:40,COMPLETA,4008.2485,523.75,18.5,197.0,595.5,3,0.5138888888888888,4,0,0,504,2706,983.8922619047619,5.0
20265,1.0,2369,2026-02-17T10:50,COMPLETA,3889.9518,523.75,18.5,197.0,595.5,3,0.5138888888888888,4,0,1,504,2706,983.8922619047619,5.0
20265,1.0,2370,2026-02-17T11:00,COMPLETA,3032.4392,779.0,18.5,169.0,433.5,2,0.375,2,0,1,506,2713,982.8442687747036,5.0
20265,1.0,2371,2026-02-17T11:10,COMPLETA,2356.497,1539.5,1539.5,90.0,255.0,1,0.375,1,0,0,506,2713,982.8442687747036,5.0
20265,1.0,2372,2026-02-17T11:20,COMPLETA,2404.1991,1539.5,1539.5,90.0,255.0,1,0.375,1,0,0,507,2722,983.7094674556213,5.0
20265,1.0,2373,2026-02-17T11:30,COMPLETA,2461.5917,1539.5,1539.5,90.0,255.0,1,0.375,1,0,0,507,2722,983.7094674556213,5.0
20265,1.0,2374,2026-02-17T11:40,COMPLETA,3043.186,1022.75,506.0,196.0,474.0,1,0.6666666666666666,2,0,0,508,2726,985.8261811023623,5.0
20265,1.0,2375,2026-02-17T11:50,COMPLETA,3099.9625,1022.75,506.0,196.0,474.0,1,0.6666666666666666,2,0,0,508,2726,985.8261811023623,5.0
20265,1.0,2376,2026-02-17T12:00,COMPLETA,2987.9241,1022.75,506.0,196.0,474.0,1,0.6666666666666666,2,0,0,508,2726,985.8261811023623,5.0
20265,1.0,2377,2026-02-17T12:10,COMPLETA,3170.0053,1022.75,506.0,196.0,474.0,1,0.6666666666666666,2,0,0,509,2736,984.7056974459725,5.0
20265,1.0,2378,2026-02-17T12:20,COMPLETA,3328.8553,1022.75,506.0,196.0,474.0,1,0.6666666666666666,2,0,0,509,2736,984.7056974459725,5.0
20265,1.0,2379,2026-02-17T12:30,COMPLETA,3028.788,1022.75,506.0,196.0,474.0,1,0.6666666666666666,2,0,0,509,2736,984.7056974459725,5.0
20265,1.0,2380,2026-02-17T12:40,COMPLETA,3039.8495,1022.75,506.0,196.0,474.0,1,0.6666666666666666,2,0,0,509,2736,984.7056974459725,5.0
20265,1.0,2381,2026-02-17T12:50,COMPLETA,3324.3491,1022.75,506.0,196.0,474.0,1,0.6666666666666666,2,0,0,509,2736,984.7056974459725,5.0
20265,1.0,2382,2026-02-17T13:00,COMPLETA,2964.0715,1022.75,506.0,196.0,474.0,1,0.6666666666666666,2,0,0,509,2736,984.7056974459725,5.0
20265,1.0,2383,2026-02-17T13:10,COMPLETA,3634.2148,1375.8333333333333,506.0,208.0,552.0,2,0.4166666666666667,3,0,1,509,2736,984.7056974459725,5.0
20265,1.0,2384,2026-02-17T13:20,COMPLETA,3349.8062,1341.5,744.5,213.0,619.5,2,0.4583333333333333,3,0,0,509,2736,984.7056974459725,5.0
20265,1.0,2385,2026-02-17T13:30,COMPLETA,3524.8268,1341.5,744.5,213.0,619.5,2,0.4583333333333333,3,0,0,511,2754,981.1256360078278,5.0
20265,1.0,2386,2026-02-17T13:40,COMPLETA,3496.2324,1341.5,744.5,213.0,619.5,2,0.4583333333333333,3,0,0,511,2754,981.1256360078278,5.0
20265,1.0,2387,2026-02-17T13:50,COMPLETA,3470.0856,1341.5,744.5,213.0,619.5,2,0.4583333333333333,3,0,0,511,2754,981.1256360078278,5.0
20265,1.0,2388,2026-02-17T14:00,COMPLETA,3549.9555,1341.5,744.5,213.0,619.5,2,0.4583333333333333,3,0,0,511,2754,981.1256360078278,5.0
20265,1.0,2389,2026-02-17T14:10,COMPLETA,3776.4999,1240.5,744.5,255.0,802.5,3,0.3472222222222222,4,0,0,511,2754,981.1256360078278,5.0
20265,1.0,2390,2026-02-17T14:20,COMPLETA,3853.9779,1240.5,744.5,255.0,802.5,3,0.3472222222222222,4,0,0,512,2758,983.27578125,5.0
20265,1.0,2391,2026-02-17T14:30,COMPLETA,3916.7196,1240.5,744.5,255.0,802.5,3,0.3472222222222222,4,0,0,512,2758,983.27578125,5.0
20265,1.0,2392,2026-02-17T14:40,COMPLETA,3923.7042,1240.5,744.5,255.0,802.5,3,0.3472222222222222,4,0,0,512,2758,983.27578125,5.0
20265,1.0,2393,2026-02-17T14:50,COMPLETA,3839.599,1240.5,744.5,255.0,802.5,3,0.3472222222222222,4,0,0,512,2758,983.27578125,5.0
20265,1.0,2394,2026-02-17T15:00,COMPLETA,3845.4808,1240.5,744.5,255.0,802.5,3,0.3472222222222222,4,0,3,512,2758,983.27578125,5.0
20265,1.0,2395,2026-02-17T15:10,SIN_DEMANDA,0,,,,,,,0,0,0,512,2758,983.27578125,5.0
20265,1.0,2396,2026-02-17T15:20,SIN_DEMANDA,0,,,,,,,0,0,0,512,2758,983.27578125,5.0
20265,1.0,2397,2026-02-17T15:30,COMPLETA,2956.698,1483.0,1425.0,128.0,372.0,1,0.6666666666666666,2,0,0,512,2758,983.27578125,5.0
20265,1.0,2398,2026-02-17T15:40,COMPLETA,3468.8811,1497.1666666666667,1425.0,226.0,639.0,2,0.4583333333333333,3,0,0,512,2758,983.27578125,5.0
20265,1.0,2399,2026-02-17T15:50,COMPLETA,3395.4505,1497.1666666666667,1425.0,226.0,639.0,2,0.4583333333333333,3,0,0,512,2758,983.27578125,5.0
20265,1.0,2400,2026-02-17T16:00,COMPLETA,3348.8868,1497.1666666666667,1425.0,226.0,639.0,2,0.4583333333333333,3,0,0,512,2758,983.27578125,5.0
20265,1.0,2401,2026-02-17T16:10,COMPLETA,3361.1667,1497.1666666666667,1425.0,226.0,639.0,2,0.4583333333333333,3,0,0,512,2758,983.27578125,5.0
20265,1.0,2402,2026-02-17T16:20,COMPLETA,3241.4193,1497.1666666666667,1425.0,226.0,639.0,2,0.4583333333333333,3,0,0,512,2758,983.27578125,5.0
20265,1.0,2403,2026-02-17T16:30,COMPLETA,3456.5464,1497.1666666666667,1425.0,226.0,639.0,2,0.4583333333333333,3,0,0,512,2758,983.27578125,5.0
20265,1.0,2404,2026-02-17T16:40,COMPLETA,3300.4088,1497.1666666666667,1425.0,226.0,639.0,2,0.4583333333333333,3,0,0,513,2761,983.1865497076024,5.0
20265,1.0,2405,2026-02-17T16:50,COMPLETA,3286.1081,1497.1666666666667,1425.0,226.0,639.0,2,0.4583333333333333,3,0,0,513,2761,983.1865497076024,5.0
20265,1.0,2406,2026-02-17T17:00,COMPLETA,3501.2646,1497.1666666666667,1425.0,226.0,639.0,2,0.4583333333333333,3,0,0,513,2761,983.1865497076024,5.0
20265,1.0,2407,2026-02-17T17:10,COMPLETA,3449.1173,1497.1666666666667,1425.0,226.0,639.0,2,0.4583333333333333,3,0,0,513,2761,983.1865497076024,5.0
20265,1.0,2408,2026-02-17T17:20,COMPLETA,3318.8457,1497.1666666666667,1425.0,226.0,639.0,2,0.4583333333333333,3,0,0,514,2768,982.7221789883268,5.0
20265,1.0,2409,2026-02-17T17:30,COMPLETA,3241.6218,1497.1666666666667,1425.0,226.0,639.0,2,0.4583333333333333,3,0,0,514,2768,982.7221789883268,5.0
20265,1.0,2410,2026-02-17T17:40,COMPLETA,3382.4894,1497.1666666666667,1425.0,226.0,639.0,2,0.4583333333333333,3,0,0,514,2768,982.7221789883268,5.0
20265,1.0,2411,2026-02-17T17:50,COMPLETA,3373.1557,1497.1666666666667,1425.0,226.0,639.0,2,0.4583333333333333,3,0,0,514,2768,982.7221789883268,5.0
20265,1.0,2412,2026-02-17T18:00,COMPLETA,3353.9316,1497.1666666666667,1425.0,226.0,639.0,2,0.4583333333333333,3,0,0,514,2768,982.7221789883268,5.0
20265,1.0,2413,2026-02-17T18:10,COMPLETA,3730.8259,1637.875,1425.0,278.0,777.0,3,0.3611111111111111,4,0,1,515,2777,983.8033009708738,5.0
20265,1.0,2414,2026-02-17T18:20,COMPLETA,3686.4709,1269.875,295.5,240.0,720.0,3,0.375,4,0,1,515,2777,983.8033009708738,5.0
20265,1.0,2415,2026-02-17T18:30,COMPLETA,3815.7302,1282.375,393.5,240.0,660.0,3,0.3611111111111111,4,0,1,515,2777,983.8033009708738,5.0
20265,1.0,2416,2026-02-17T18:40,COMPLETA,4088.5178,1609.375,1425.0,348.0,882.0,3,0.3888888888888889,4,0,0,515,2777,983.8033009708738,5.0
20265,1.0,2417,2026-02-17T18:50,COMPLETA,4168.2096,1609.375,1425.0,348.0,882.0,3,0.3888888888888889,4,0,1,515,2777,983.8033009708738,5.0
20265,1.0,2418,2026-02-17T19:00,COMPLETA,3658.9079,1202.25,264.5,439.0,1078.5,3,0.3888888888888889,4,0,0,515,2777,983.8033009708738,5.0
20265,1.0,2419,2026-02-17T19:10,COMPLETA,3953.4655,1202.25,264.5,439.0,1078.5,3,0.3888888888888889,4,0,0,515,2777,983.8033009708738,5.0
20265,1.0,2420,2026-02-17T19:20,COMPLETA,4110.989,987.3,64.5,461.0,1231.5,4,0.3958333333333333,5,0,0,515,2777,983.8033009708738,5.0
20265,1.0,2421,2026-02-17T19:30,COMPLETA,4721.0639,930.4166666666666,264.5,485.0,1267.5,5,0.39166666666666666,6,0,0,515,2777,983.8033009708738,5.0
20265,1.0,2422,2026-02-17T19:40,COMPLETA,4651.1772,930.4166666666666,264.5,485.0,1267.5,5,0.39166666666666666,6,0,0,515,2777,983.8033009708738,5.0
20265,1.0,2423,2026-02-17T19:50,COMPLETA,5373.352,1120.7142857142858,195.5,595.0,1612.5,7,0.2916666666666667,7,0,3,516,2785,985.8889534883721,5.0
20265,1.0,2424,2026-02-17T20:00,COMPLETA,4243.8417,1264.5,369.5,328.0,912.0,3,0.4305555555555556,4,0,0,516,2785,985.8889534883721,5.0
20265,1.0,2425,2026-02-17T20:10,COMPLETA,4334.7692,1264.5,369.5,328.0,912.0,3,0.4305555555555556,4,0,0,516,2785,985.8889534883721,5.0
20265,1.0,2426,2026-02-17T20:20,COMPLETA,4192.0295,1264.5,369.5,328.0,912.0,3,0.4305555555555556,4,0,0,517,2791,987.3485493230174,5.0
20265,1.0,2427,2026-02-17T20:30,COMPLETA,5010.0997,1421.3,369.5,346.0,999.0,4,0.3541666666666667,5,0,0,517,2791,987.3485493230174,5.0
20265,1.0,2428,2026-02-17T20:40,COMPLETA,4712.9479,1421.3,369.5,346.0,999.0,4,0.3541666666666667,5,0,0,517,2791,987.3485493230174,5.0
20265,1.0,2429,2026-02-17T20:50,COMPLETA,4819.2224,1421.3,369.5,346.0,999.0,4,0.3541666666666667,5,0,0,517,2791,987.3485493230174,5.0
20265,1.0,2430,2026-02-17T21:00,COMPLETA,4707.35,1421.3,369.5,346.0,999.0,4,0.3541666666666667,5,0,1,518,2793,989.4752895752896,5.0
20265,1.0,2431,2026-02-17T21:10,COMPLETA,4161.393,1264.5,369.5,328.0,912.0,3,0.4305555555555556,4,0,0,518,2793,989.4752895752896,5.0
20265,1.0,2432,2026-02-17T21:20,COMPLETA,4799.3084,1219.1,369.5,311.0,946.5,4,0.34375,5,0,1,519,2794,988.1381502890174,5.0
20265,1.0,2433,2026-02-17T21:30,COMPLETA,5098.1814,1163.8,369.5,332.0,988.5,3,0.5277777777777778,5,0,0,519,2794,988.1381502890174,5.0
20265,1.0,2434,2026-02-17T21:40,COMPLETA,5024.8581,1163.8,369.5,332.0,988.5,3,0.5277777777777778,5,0,0,519,2794,988.1381502890174,5.0
20265,1.0,2435,2026-02-17T21:50,COMPLETA,5229.9618,1163.8,369.5,332.0,988.5,3,0.5277777777777778,5,0,0,519,2794,988.1381502890174,5.0
20265,1.0,2436,2026-02-17T22:00,COMPLETA,5026.872,1163.8,369.5,332.0,988.5,3,0.5277777777777778,5,0,0,520,2804,986.8513461538462,5.0
20265,1.0,2437,2026-02-17T22:10,COMPLETA,4779.6342,1163.8,369.5,332.0,988.5,3,0.5277777777777778,5,0,0,521,2810,988.3545105566219,5.0
20265,1.0,2438,2026-02-17T22:20,COMPLETA,5844.7524,1277.9166666666667,369.5,421.0,1248.5,4,0.46875,6,0,0,522,2813,990.3854406130268,5.0
20265,1.0,2439,2026-02-17T22:30,COMPLETA,6073.713,1277.9166666666667,369.5,421.0,1248.5,4,0.46875,6,0,0,523,2819,988.9975143403442,5.0
20265,1.0,2440,2026-02-17T22:40,COMPLETA,5891.9855,1404.2142857142858,369.5,408.0,1334.0,5,0.4083333333333333,7,0,0,523,2819,988.9975143403442,5.0
20265,1.0,2441,2026-02-17T22:50,COMPLETA,5783.2829,1404.2142857142858,369.5,408.0,1334.0,5,0.4083333333333333,7,0,0,524,2821,988.9984732824428,5.0
20265,1.0,2442,2026-02-17T23:00,COMPLETA,10744.5084,1493.6875,369.5,541.0,1730.0,7,0.30952380952380953,8,0,6,524,2821,988.9984732824428,5.0
20265,1.0,2443,2026-02-17T23:10,COMPLETA,2983.0773,786.25,134.5,154.0,471.0,2,0.25,2,0,1,524,2821,988.9984732824428,5.0
20265,1.0,2444,2026-02-17T23:20,COMPLETA,1934.3882,1438.0,1438.0,106.0,279.0,1,0.2916666666666667,1,0,0,524,2821,988.9984732824428,5.0
20265,1.0,2445,2026-02-17T23:30,COMPLETA,1653.6788,1438.0,1438.0,106.0,279.0,1,0.2916666666666667,1,0,0,524,2821,988.9984732824428,5.0
20265,1.0,2446,2026-02-17T23:40,COMPLETA,1828.2868,1438.0,1438.0,106.0,279.0,1,0.2916666666666667,1,0,0,524,2821,988.9984732824428,5.0
20265,1.0,2447,2026-02-17T23:50,COMPLETA,1768.7792,1438.0,1438.0,106.0,279.0,1,0.2916666666666667,1,0,0,524,2821,988.9984732824428,5.0
20265,1.0,2448,2026-02-18T00:00,COMPLETA,1762.577,1438.0,1438.0,106.0,279.0,1,0.2916666666666667,1,0,0,524,2821,988.9984732824428,5.0
20265,1.0,2449,2026-02-18T00:10,COMPLETA,1839.5246,1438.0,1438.0,106.0,279.0,1,0.2916666666666667,1,0,0,524,2821,988.9984732824428,5.0
20265,1.0,2450,2026-02-18T00:20,COMPLETA,1909.4935,1438.0,1438.0,106.0,279.0,1,0.2916666666666667,1,0,0,525,2825,991.032761904762,5.0
20265,1.0,2451,2026-02-18T00:30,COMPLETA,3205.9118,757.25,148.5,114.0,351.0,1,0.6666666666666666,2,0,0,525,2825,991.032761904762,5.0
20265,1.0,2452,2026-02-18T00:40,COMPLETA,3131.6039,757.25,148.5,114.0,351.0,1,0.6666666666666666,2,0,0,526,2832,990.8435361216731,5.0
20265,1.0,2453,2026-02-18T00:50,COMPLETA,3075.1215,757.25,148.5,114.0,351.0,1,0.6666666666666666,2,0,0,526,2832,990.8435361216731,5.0
20265,1.0,2454,2026-02-18T01:00,COMPLETA,3082.4039,757.25,148.5,114.0,351.0,1,0.6666666666666666,2,0,0,527,2837,989.218595825427,5.0
20265,1.0,2455,2026-02-18T01:10,COMPLETA,3100.6899,757.25,148.5,114.0,351.0,1,0.6666666666666666,2,0,0,527,2837,989.218595825427,5.0
20265,1.0,2456,2026-02-18T01:20,COMPLETA,3124.7966,757.25,148.5,114.0,351.0,1,0.6666666666666666,2,0,0,529,2849,989.9975425330813,5.0
20265,1.0,2457,2026-02-18T01:30,COMPLETA,3261.3605,757.25,148.5,114.0,351.0,1,0.6666666666666666,2,0,0,529,2849,989.9975425330813,5.0
20265,1.0,2458,2026-02-18T01:40,COMPLETA,3003.6743,548.1666666666666,130.0,178.0,507.0,2,0.375,3,0,1,529,2849,989.9975425330813,5.0
20265,1.0,2459,2026-02-18T01:50,COMPLETA,3065.9391,757.25,148.5,114.0,351.0,1,0.6666666666666666,2,0,0,529,2849,989.9975425330813,5.0
20265,1.0,2460,2026-02-18T02:00,COMPLETA,3075.2666,757.25,148.5,114.0,351.0,1,0.6666666666666666,2,0,0,529,2849,989.9975425330813,5.0
20265,1.0,2461,2026-02-18T02:10,COMPLETA,3148.4731,757.25,148.5,114.0,351.0,1,0.6666666666666666,2,0,0,529,2849,989.9975425330813,5.0
20265,1.0,2462,2026-02-18T02:20,COMPLETA,3434.5508,1193.3333333333333,148.5,148.0,462.0,2,0.4166666666666667,3,0,1,529,2849,989.9975425330813,5.0
20265,1.0,2463,2026-02-18T02:30,COMPLETA,2960.8669,757.25,148.5,114.0,351.0,1,0.6666666666666666,2,0,0,531,2861,992.2941619585687,5.0
20265,1.0,2464,2026-02-18T02:40,COMPLETA,3278.8465,584.8333333333334,148.5,240.0,660.0,2,0.5416666666666666,3,0,0,531,2861,992.2941619585687,5.0
20265,1.0,2465,2026-02-18T02:50,COMPLETA,3460.018,584.8333333333334,148.5,240.0,660.0,2,0.5416666666666666,3,0,0,531,2861,992.2941619585687,5.0
20265,1.0,2466,2026-02-18T03:00,COMPLETA,3614.1088,952.5,148.5,290.0,795.0,3,0.4027777777777778,4,0,1,531,2861,992.2941619585687,5.0
20265,1.0,2467,2026-02-18T03:10,COMPLETA,3494.6294,584.8333333333334,148.5,240.0,660.0,2,0.5416666666666666,3,0,0,531,2861,992.2941619585687,5.0
20265,1.0,2468,2026-02-18T03:20,COMPLETA,3338.4933,584.8333333333334,148.5,240.0,660.0,2,0.5416666666666666,3,0,0,532,2871,993.1563909774435,5.0
20265,1.0,2469,2026-02-18T03:30,COMPLETA,3659.7668,461.2,87.0,464.0,1116.0,4,0.3645833333333333,5,0,1,533,2873,991.5369606003751,5.0
20265,1.0,2470,2026-02-18T03:40,COMPLETA,3623.2054,540.125,87.0,430.0,1005.0,3,0.4583333333333333,4,0,0,533,2873,991.5369606003751,5.0
20265,1.0,2471,2026-02-18T03:50,COMPLETA,3422.5515,540.125,87.0,430.0,1005.0,3,0.4583333333333333,4,0,1,534,2877,993.5481273408238,5.0
20265,1.0,2472,2026-02-18T04:00,COMPLETA,3269.5154,599.6666666666666,87.0,320.0,780.0,2,0.5,3,0,0,534,2877,993.5481273408238,5.0
20265,1.0,2473,2026-02-18T04:10,COMPLETA,3462.4081,599.6666666666666,87.0,320.0,780.0,2,0.5,3,0,0,534,2877,993.5481273408238,5.0
20265,1.0,2474,2026-02-18T04:20,COMPLETA,3483.1571,599.6666666666666,87.0,320.0,780.0,2,0.5,3,0,0,534,2877,993.5481273408238,5.0
20265,1.0,2475,2026-02-18T04:30,COMPLETA,3644.501,964.875,87.0,366.0,909.0,3,0.3888888888888889,4,0,1,534,2877,993.5481273408238,5.0
20265,1.0,2476,2026-02-18T04:40,COMPLETA,3417.0777,599.6666666666666,87.0,320.0,780.0,2,0.5,3,0,0,535,2880,995.5330841121495,5.0
20265,1.0,2477,2026-02-18T04:50,COMPLETA,3649.4365,599.6666666666666,87.0,320.0,780.0,2,0.5,3,0,0,535,2880,995.5330841121495,5.0
20265,1.0,2478,2026-02-18T05:00,COMPLETA,3274.8177,599.6666666666666,87.0,320.0,780.0,2,0.5,3,0,0,536,2882,993.9472014925373,5.0
20265,1.0,2479,2026-02-18T05:10,COMPLETA,3470.7414,599.6666666666666,87.0,320.0,780.0,2,0.5,3,0,0,536,2882,993.9472014925373,5.0
20265,1.0,2480,2026-02-18T05:20,COMPLETA,3435.4787,599.6666666666666,87.0,320.0,780.0,2,0.5,3,0,0,536,2882,993.9472014925373,5.0
20265,1.0,2481,2026-02-18T05:30,COMPLETA,3458.0045,599.6666666666666,87.0,320.0,780.0,2,0.5,3,0,0,536,2882,993.9472014925373,5.0
20265,1.0,2482,2026-02-18T05:40,COMPLETA,3359.3939,599.6666666666666,87.0,320.0,780.0,2,0.5,3,0,0,536,2882,993.9472014925373,5.0
20265,1.0,2483,2026-02-18T05:50,COMPLETA,3932.5191,929.75,172.0,410.0,1035.0,3,0.4583333333333333,4,0,0,536,2882,993.9472014925373,5.0
20265,1.0,2484,2026-02-18T06:00,COMPLETA,3840.8529,929.75,172.0,410.0,1035.0,3,0.4583333333333333,4,0,0,536,2882,993.9472014925373,5.0
20265,1.0,2485,2026-02-18T06:10,COMPLETA,4600.2427,951.25,83.0,427.0,1240.5,4,0.4479166666666667,6,0,0,537,2886,995.9333333333333,5.0
20265,1.0,2486,2026-02-18T06:20,COMPLETA,4514.3829,951.25,83.0,427.0,1240.5,4,0.4479166666666667,6,0,0,537,2886,995.9333333333333,5.0
20265,1.0,2487,2026-02-18T06:30,COMPLETA,4646.7486,951.25,83.0,427.0,1240.5,4,0.4479166666666667,6,0,0,537,2886,995.9333333333333,5.0
20265,1.0,2488,2026-02-18T06:40,COMPLETA,4489.1459,951.25,83.0,427.0,1240.5,4,0.4479166666666667,6,0,0,537,2886,995.9333333333333,5.0
20265,1.0,2489,2026-02-18T06:50,COMPLETA,4514.6979,951.25,83.0,427.0,1240.5,4,0.4479166666666667,6,0,0,538,2895,994.7094795539033,5.0
20265,1.0,2490,2026-02-18T07:00,COMPLETA,4959.0431,1111.9285714285713,83.0,447.0,1390.5,5,0.36666666666666664,7,0,4,538,2895,994.7094795539033,5.0
20265,1.0,2491,2026-02-18T07:10,COMPLETA,3096.5815,1148.0,871.0,124.0,366.0,1,0.6666666666666666,2,0,0,538,2895,994.7094795539033,5.0
20265,1.0,2492,2026-02-18T07:20,COMPLETA,3671.4004,1424.5,871.0,208.0,612.0,2,0.5208333333333334,3,0,0,538,2895,994.7094795539033,5.0
20265,1.0,2493,2026-02-18T07:30,COMPLETA,3916.2645,1424.5,871.0,208.0,612.0,2,0.5208333333333334,3,0,1,538,2895,994.7094795539033,5.0
20265,1.0,2494,2026-02-18T07:40,COMPLETA,3015.8175,1148.0,871.0,124.0,366.0,1,0.6666666666666666,2,0,0,538,2895,994.7094795539033,5.0
20265,1.0,2495,2026-02-18T07:50,COMPLETA,3113.921,1148.0,871.0,124.0,366.0,1,0.6666666666666666,2,0,0,538,2895,994.7094795539033,5.0
20265,1.0,2496,2026-02-18T08:00,COMPLETA,3078.3753,1148.0,871.0,124.0,366.0,1,0.6666666666666666,2,0,0,538,2895,994.7094795539033,5.0
20265,1.0,2497,2026-02-18T08:10,COMPLETA,3167.8317,1148.0,871.0,124.0,366.0,1,0.6666666666666666,2,0,0,538,2895,994.7094795539033,5.0
20265,1.0,2498,2026-02-18T08:20,COMPLETA,3214.7029,817.0,155.0,152.0,528.0,2,0.3958333333333333,3,0,1,539,2896,996.7155844155843,5.0
20265,1.0,2499,2026-02-18T08:30,COMPLETA,3541.2203,1096.1666666666667,871.0,150.0,525.0,2,0.3541666666666667,3,0,1,539,2896,996.7155844155843,5.0
20265,1.0,2500,2026-02-18T08:40,COMPLETA,3157.8927,1148.0,871.0,124.0,366.0,1,0.6666666666666666,2,0,0,540,2901,995.0235185185185,5.0
20265,1.0,2501,2026-02-18T08:50,COMPLETA,3456.8833,1148.0,871.0,124.0,366.0,1,0.6666666666666666,2,0,0,540,2901,995.0235185185185,5.0
20265,1.0,2502,2026-02-18T09:00,COMPLETA,4079.4082,1013.875,212.5,229.0,703.5,2,0.5833333333333334,4,0,0,540,2901,995.0235185185185,5.0
20265,1.0,2503,2026-02-18T09:10,COMPLETA,4105.1478,1013.875,212.5,229.0,703.5,2,0.5833333333333334,4,0,0,540,2901,995.0235185185185,5.0
20265,1.0,2504,2026-02-18T09:20,COMPLETA,4555.098,1131.6,212.5,349.0,1003.5,3,0.5,5,0,0,540,2901,995.0235185185185,5.0
20265,1.0,2505,2026-02-18T09:30,COMPLETA,4595.2697,1131.6,212.5,349.0,1003.5,3,0.5,5,0,0,540,2901,995.0235185185185,5.0
20265,1.0,2506,2026-02-18T09:40,COMPLETA,4555.5661,1131.6,212.5,349.0,1003.5,3,0.5,5,0,0,541,2906,996.7896487985212,5.0
20265,1.0,2507,2026-02-18T09:50,COMPLETA,5774.7487,1199.5833333333333,212.5,424.0,1176.0,3,0.5694444444444444,6,0,0,543,2910,995.2314917127071,5.0
20265,1.0,2508,2026-02-18T10:00,COMPLETA,5711.0296,1199.5833333333333,212.5,424.0,1176.0,3,0.5694444444444444,6,0,0,543,2910,995.2314917127071,5.0
20265,1.0,2509,2026-02-18T10:10,COMPLETA,5705.6335,1199.5833333333333,212.5,424.0,1176.0,3,0.5694444444444444,6,0,0,543,2910,995.2314917127071,5.0
20265,1.0,2510,2026-02-18T10:20,COMPLETA,5772.1342,1199.5833333333333,212.5,424.0,1176.0,3,0.5694444444444444,6,0,0,544,2919,997.0371323529411,5.0
20265,1.0,2511,2026-02-18T10:30,COMPLETA,7795.1606,1297.357142857143,212.5,491.0,1336.5,4,0.5104166666666666,7,0,1,545,2926,995.754495412844,5.0
20265,1.0,2512,2026-02-18T10:40,COMPLETA,6327.8967,1325.9166666666667,212.5,355.0,1072.5,3,0.5833333333333334,6,0,0,545,2926,995.754495412844,5.0
20265,1.0,2513,2026-02-18T10:50,COMPLETA,6323.1069,1325.9166666666667,212.5,355.0,1072.5,3,0.5833333333333334,6,0,0,545,2926,995.754495412844,5.0
20265,1.0,2514,2026-02-18T11:00,COMPLETA,10326.4243,1231.0,212.5,462.0,1353.0,4,0.4895833333333333,7,0,0,545,2926,995.754495412844,5.0
20265,1.0,2515,2026-02-18T11:10,COMPLETA,10572.9568,1231.0,212.5,462.0,1353.0,4,0.4895833333333333,7,0,0,545,2926,995.754495412844,5.0
20265,1.0,2516,2026-02-18T11:20,COMPLETA,9414.3319,1300.7857142857142,488.0,575.0,1522.5,5,0.39166666666666666,7,0,1,545,2926,995.754495412844,5.0
20265,1.0,2517,2026-02-18T11:30,COMPLETA,12596.9109,1312.2142857142858,295.0,453.0,1219.5,5,0.43333333333333335,7,0,1,545,2926,995.754495412844,5.0
20265,1.0,2518,2026-02-18T11:40,COMPLETA,8509.4965,1366.25,286.5,396.0,1134.0,4,0.4895833333333333,6,0,0,546,2936,994.2604395604395,5.0
20265,1.0,2519,2026-02-18T11:50,COMPLETA,11359.3728,1169.4375,286.5,432.0,1308.0,5,0.44166666666666665,8,0,1,546,2936,994.2604395604395,5.0
20265,1.0,2520,2026-02-18T12:00,COMPLETA,6717.2298,1246.357142857143,136.5,463.0,1294.5,4,0.5416666666666666,7,0,0,546,2936,994.2604395604395,5.0
20265,1.0,2521,2026-02-18T12:10,COMPLETA,6913.4999,1246.357142857143,136.5,463.0,1294.5,4,0.5416666666666666,7,0,0,546,2936,994.2604395604395,5.0
20265,1.0,2522,2026-02-18T12:20,COMPLETA,12278.3981,1339.375,295.0,473.0,1369.5,5,0.5166666666666667,8,0,1,546,2936,994.2604395604395,5.0
20265,1.0,2523,2026-02-18T12:30,COMPLETA,8259.8354,1229.2142857142858,130.5,365.0,1207.5,4,0.5416666666666666,7,0,0,546,2936,994.2604395604395,5.0
20265,1.0,2524,2026-02-18T12:40,COMPLETA,8200.3259,1229.2142857142858,130.5,365.0,1207.5,4,0.5416666666666666,7,0,0,546,2936,994.2604395604395,5.0
20265,1.0,2525,2026-02-18T12:50,COMPLETA,8378.5641,1229.2142857142858,130.5,365.0,1207.5,4,0.5416666666666666,7,0,0,547,2941,993.3349177330895,5.0
20265,1.0,2526,2026-02-18T13:00,COMPLETA,9717.6736,1337.6875,130.5,393.0,1309.5,5,0.45,8,0,1,547,2941,993.3349177330895,5.0
20265,1.0,2527,2026-02-18T13:10,COMPLETA,8264.1612,1229.2142857142858,130.5,365.0,1207.5,4,0.5416666666666666,7,0,0,548,2942,992.6791970802919,5.0
20265,1.0,2528,2026-02-18T13:20,COMPLETA,8240.9904,1229.2142857142858,130.5,365.0,1207.5,4,0.5416666666666666,7,0,0,548,2942,992.6791970802919,5.0
20265,1.0,2529,2026-02-18T13:30,COMPLETA,8179.9559,1229.2142857142858,130.5,365.0,1207.5,4,0.5416666666666666,7,0,0,548,2942,992.6791970802919,5.0
20265,1.0,2530,2026-02-18T13:40,COMPLETA,7888.1789,1229.2142857142858,130.5,365.0,1207.5,4,0.5416666666666666,7,0,0,548,2942,992.6791970802919,5.0
20265,1.0,2531,2026-02-18T13:50,COMPLETA,8401.2036,1229.2142857142858,130.5,365.0,1207.5,4,0.5416666666666666,7,0,0,548,2942,992.6791970802919,5.0
20265,1.0,2532,2026-02-18T14:00,COMPLETA,8391.2084,1229.2142857142858,130.5,365.0,1207.5,4,0.5416666666666666,7,0,0,549,2949,993.1078324225864,5.0
20265,1.0,2533,2026-02-18T14:10,COMPLETA,7862.5749,1229.2142857142858,130.5,365.0,1207.5,4,0.5416666666666666,7,0,0,549,2949,993.1078324225864,5.0
20265,1.0,2534,2026-02-18T14:20,COMPLETA,7614.5775,1229.2142857142858,130.5,365.0,1207.5,4,0.5416666666666666,7,0,0,549,2949,993.1078324225864,5.0
20265,1.0,2535,2026-02-18T14:30,COMPLETA,7835.9106,1229.2142857142858,130.5,365.0,1207.5,4,0.5416666666666666,7,0,0,551,2956,994.857894736842,5.0
20265,1.0,2536,2026-02-18T14:40,COMPLETA,8047.0076,1229.2142857142858,130.5,365.0,1207.5,4,0.5416666666666666,7,0,0,551,2956,994.857894736842,5.0
20265,1.0,2537,2026-02-18T14:50,COMPLETA,8054.6786,1229.2142857142858,130.5,365.0,1207.5,4,0.5416666666666666,7,0,0,551,2956,994.857894736842,5.0
20265,1.0,2538,2026-02-18T15:00,COMPLETA,8204.8215,1229.2142857142858,130.5,365.0,1207.5,4,0.5416666666666666,7,0,3,552,2966,996.6842391304347,5.0
20265,1.0,2539,2026-02-18T15:10,COMPLETA,2193.2389,774.5,384.5,160.0,480.0,2,0.14583333333333334,2,0,1,552,2966,996.6842391304347,5.0
20265,1.0,2540,2026-02-18T15:20,COMPLETA,1891.3061,1164.5,1164.5,122.0,303.0,1,0.20833333333333334,1,0,0,552,2966,996.6842391304347,5.0
20265,1.0,2541,2026-02-18T15:30,COMPLETA,2836.6661,830.0,495.5,201.0,541.5,2,0.20833333333333334,2,0,0,552,2966,996.6842391304347,5.0
20265,1.0,2542,2026-02-18T15:40,COMPLETA,2878.3092,830.0,495.5,201.0,541.5,2,0.20833333333333334,2,0,0,552,2966,996.6842391304347,5.0
20265,1.0,2543,2026-02-18T15:50,COMPLETA,2830.4388,830.0,495.5,201.0,541.5,2,0.20833333333333334,2,0,0,552,2966,996.6842391304347,5.0
20265,1.0,2544,2026-02-18T16:00,COMPLETA,3569.3877,589.0,107.0,280.0,780.0,3,0.25,3,0,1,552,2966,996.6842391304347,5.0
20265,1.0,2545,2026-02-18T16:10,COMPLETA,3589.0284,1243.8333333333333,495.5,239.0,718.5,3,0.1527777777777778,3,0,1,552,2966,996.6842391304347,5.0
20265,1.0,2546,2026-02-18T16:20,COMPLETA,3323.9412,830.0,495.5,201.0,541.5,2,0.20833333333333334,2,0,0,552,2966,996.6842391304347,5.0
20265,1.0,2547,2026-02-18T16:30,COMPLETA,3191.8168,830.0,495.5,201.0,541.5,2,0.20833333333333334,2,0,0,552,2966,996.6842391304347,5.0
20265,1.0,2548,2026-02-18T16:40,COMPLETA,3086.5174,830.0,495.5,201.0,541.5,2,0.20833333333333334,2,0,0,553,2968,995.5772151898733,5.0
20265,1.0,2549,2026-02-18T16:50,COMPLETA,3133.6502,830.0,495.5,201.0,541.5,2,0.20833333333333334,2,0,0,553,2968,995.5772151898733,5.0
20265,1.0,2550,2026-02-18T17:00,COMPLETA,3218.2764,830.0,495.5,201.0,541.5,2,0.20833333333333334,2,0,0,553,2968,995.5772151898733,5.0
20265,1.0,2551,2026-02-18T17:10,COMPLETA,3375.3595,830.0,495.5,201.0,541.5,2,0.20833333333333334,2,0,0,553,2968,995.5772151898733,5.0
20265,1.0,2552,2026-02-18T17:20,COMPLETA,3719.7586,1246.5,495.5,227.0,640.5,3,0.19444444444444445,3,0,1,554,2978,994.015703971119,5.0
20265,1.0,2553,2026-02-18T17:30,COMPLETA,3136.1299,830.0,495.5,201.0,541.5,2,0.20833333333333334,2,0,0,555,2985,995.2012612612612,5.0
20265,1.0,2554,2026-02-18T17:40,COMPLETA,3175.5744,830.0,495.5,201.0,541.5,2,0.20833333333333334,2,0,0,556,2986,997.1370503597121,5.0
20265,1.0,2555,2026-02-18T17:50,COMPLETA,3357.0535,830.0,495.5,201.0,541.5,2,0.20833333333333334,2,0,0,556,2986,997.1370503597121,5.0
20265,1.0,2556,2026-02-18T18:00,COMPLETA,3146.8377,830.0,495.5,201.0,541.5,2,0.20833333333333334,2,0,0,557,2991,996.6107719928186,5.0
20265,1.0,2557,2026-02-18T18:10,COMPLETA,3239.5823,830.0,495.5,201.0,541.5,2,0.20833333333333334,2,0,0,558,2999,995.0164874551971,5.0
20265,1.0,2558,2026-02-18T18:20,COMPLETA,2958.3962,830.0,495.5,201.0,541.5,2,0.20833333333333334,2,0,0,558,2999,995.0164874551971,5.0
20265,1.0,2559,2026-02-18T18:30,COMPLETA,3020.1815,830.0,495.5,201.0,541.5,2,0.20833333333333334,2,0,0,558,2999,995.0164874551971,5.0
20265,1.0,2560,2026-02-18T18:40,COMPLETA,3108.2482,830.0,495.5,201.0,541.5,2,0.20833333333333334,2,0,0,560,3011,998.1601785714284,5.0
20265,1.0,2561,2026-02-18T18:50,COMPLETA,3401.459,671.0,353.0,264.0,696.0,3,0.20833333333333334,3,0,1,560,3011,998.1601785714284,5.0
20265,1.0,2562,2026-02-18T19:00,COMPLETA,3048.2274,830.0,495.5,201.0,541.5,2,0.20833333333333334,2,0,0,560,3011,998.1601785714284,5.0
20265,1.0,2563,2026-02-18T19:10,COMPLETA,3564.4534,634.6666666666666,244.0,307.0,760.5,3,0.2638888888888889,3,0,0,560,3011,998.1601785714284,5.0
20265,1.0,2564,2026-02-18T19:20,COMPLETA,3393.4168,634.6666666666666,244.0,307.0,760.5,3,0.2638888888888889,3,0,0,560,3011,998.1601785714284,5.0
20265,1.0,2565,2026-02-18T19:30,COMPLETA,3781.472,634.6666666666666,244.0,307.0,760.5,3,0.2638888888888889,3,0,0,561,3019,999.1411764705881,5.0
20265,1.0,2566,2026-02-18T19:40,COMPLETA,3641.3095,696.1666666666666,244.0,307.0,700.5,3,0.2638888888888889,3,0,0,561,3019,999.1411764705881,5.0
20265,1.0,2567,2026-02-18T19:50,COMPLETA,3513.3176,696.1666666666666,244.0,307.0,700.5,3,0.2638888888888889,3,0,2,561,3019,999.1411764705881,5.0
20265,1.0,2568,2026-02-18T20:00,COMPLETA,1739.8099,1164.5,1164.5,122.0,303.0,1,0.20833333333333334,1,0,0,561,3019,999.1411764705881,5.0
20265,1.0,2569,2026-02-18T20:10,COMPLETA,1917.1655,1164.5,1164.5,122.0,303.0,1,0.20833333333333334,1,0,0,561,3019,999.1411764705881,5.0
20265,1.0,2570,2026-02-18T20:20,COMPLETA,1811.6111,1164.5,1164.5,122.0,303.0,1,0.20833333333333334,1,0,0,561,3019,999.1411764705881,5.0
20265,1.0,2571,2026-02-18T20:30,COMPLETA,2315.8582,1606.5,1164.5,180.0,450.0,2,0.14583333333333334,2,0,1,561,3019,999.1411764705881,5.0
20265,1.0,2572,2026-02-18T20:40,COMPLETA,1269.846,1164.5,1164.5,122.0,303.0,1,0.20833333333333334,1,0,0,561,3019,999.1411764705881,5.0
20265,1.0,2573,2026-02-18T20:50,COMPLETA,1738.4689,1164.5,1164.5,122.0,303.0,1,0.20833333333333334,1,0,0,562,3024,997.991459074733,5.0
20265,1.0,2574,2026-02-18T21:00,COMPLETA,2967.8552,804.1666666666666,611.5,206.0,549.0,3,0.1388888888888889,3,0,2,562,3024,997.991459074733,5.0
20265,1.0,2575,2026-02-18T21:10,COMPLETA,1918.895,1164.5,1164.5,122.0,303.0,1,0.20833333333333334,1,0,0,562,3024,997.991459074733,5.0
20265,1.0,2576,2026-02-18T21:20,COMPLETA,1897.4759,1164.5,1164.5,122.0,303.0,1,0.20833333333333334,1,0,0,562,3024,997.991459074733,5.0
20265,1.0,2577,2026-02-18T21:30,COMPLETA,2187.5426,1164.5,1164.5,122.0,303.0,1,0.20833333333333334,1,0,0,563,3033,998.3769094138543,5.0
20265,1.0,2578,2026-02-18T21:40,COMPLETA,2188.4233,1164.5,1164.5,122.0,303.0,1,0.20833333333333334,1,0,0,563,3033,998.3769094138543,5.0
20265,1.0,2579,2026-02-18T21:50,COMPLETA,2121.4818,1164.5,1164.5,122.0,303.0,1,0.20833333333333334,1,0,0,563,3033,998.3769094138543,5.0
20265,1.0,2580,2026-02-18T22:00,COMPLETA,2038.4785,1164.5,1164.5,122.0,303.0,1,0.20833333333333334,1,0,0,563,3033,998.3769094138543,5.0
20265,1.0,2581,2026-02-18T22:10,COMPLETA,1844.4274,1164.5,1164.5,122.0,303.0,1,0.20833333333333334,1,0,0,564,3038,997.8124113475177,5.0
20265,1.0,2582,2026-02-18T22:20,COMPLETA,2911.9702,1481.0,1014.5,182.0,453.0,1,0.5,2,0,0,566,3041,999.0303886925794,5.0
20265,1.0,2583,2026-02-18T22:30,COMPLETA,2925.872,1481.0,1014.5,182.0,453.0,1,0.5,2,0,0,566,3041,999.0303886925794,5.0
20265,1.0,2584,2026-02-18T22:40,COMPLETA,3171.3567,1481.0,1014.5,182.0,453.0,1,0.5,2,0,0,566,3041,999.0303886925794,5.0
20265,1.0,2585,2026-02-18T22:50,COMPLETA,3322.453,1481.0,1014.5,182.0,453.0,1,0.5,2,0,0,567,3045,998.3469135802468,5.0
20265,1.0,2586,2026-02-18T23:00,COMPLETA,3211.8233,1481.0,1014.5,182.0,453.0,1,0.5,2,0,1,568,3054,997.018838028169,5.0
20265,1.0,2587,2026-02-18T23:10,SIN_DEMANDA,0,,,,,,,0,0,0,568,3054,997.018838028169,5.0
20265,1.0,2588,2026-02-18T23:20,SIN_DEMANDA,0,,,,,,,0,0,0,568,3054,997.018838028169,5.0
20265,1.0,2589,2026-02-18T23:30,COMPLETA,1734.3672,77.0,77.0,116.0,294.0,1,0.20833333333333334,1,0,0,568,3054,997.018838028169,5.0
20265,1.0,2590,2026-02-18T23:40,COMPLETA,1746.1593,77.0,77.0,116.0,294.0,1,0.20833333333333334,1,0,0,568,3054,997.018838028169,5.0
20265,1.0,2591,2026-02-18T23:50,COMPLETA,1937.8929,77.0,77.0,116.0,294.0,1,0.20833333333333334,1,0,0,568,3054,997.018838028169,5.0
20265,1.0,2592,2026-02-19T00:00,COMPLETA,1782.5868,77.0,77.0,116.0,294.0,1,0.20833333333333334,1,0,0,568,3054,997.018838028169,5.0
20265,1.0,2593,2026-02-19T00:10,COMPLETA,1941.3679,77.0,77.0,116.0,294.0,1,0.20833333333333334,1,0,0,568,3054,997.018838028169,5.0
20265,1.0,2594,2026-02-19T00:20,COMPLETA,2078.7886,77.0,77.0,116.0,294.0,1,0.20833333333333334,1,0,0,568,3054,997.018838028169,5.0
20265,1.0,2595,2026-02-19T00:30,COMPLETA,2888.5602,312.75,77.0,206.0,549.0,2,0.20833333333333334,2,0,1,568,3054,997.018838028169,5.0
20265,1.0,2596,2026-02-19T00:40,COMPLETA,3084.3103,201.75,77.0,187.0,520.5,2,0.2708333333333333,2,0,1,568,3054,997.018838028169,5.0
20265,1.0,2597,2026-02-19T00:50,COMPLETA,1882.8679,77.0,77.0,116.0,294.0,1,0.20833333333333334,1,0,0,568,3054,997.018838028169,5.0
20265,1.0,2598,2026-02-19T01:00,COMPLETA,1658.0787,77.0,77.0,116.0,294.0,1,0.20833333333333334,1,0,0,568,3054,997.018838028169,5.0
20265,1.0,2599,2026-02-19T01:10,COMPLETA,2496.1854,235.75,77.0,150.0,405.0,2,0.14583333333333334,2,0,1,568,3054,997.018838028169,5.0
20265,1.0,2600,2026-02-19T01:20,COMPLETA,1722.4047,77.0,77.0,116.0,294.0,1,0.20833333333333334,1,0,0,568,3054,997.018838028169,5.0
20265,1.0,2601,2026-02-19T01:30,COMPLETA,1954.5553,77.0,77.0,116.0,294.0,1,0.20833333333333334,1,0,0,568,3054,997.018838028169,5.0
20265,1.0,2602,2026-02-19T01:40,COMPLETA,1836.2528,77.0,77.0,116.0,294.0,1,0.20833333333333334,1,0,0,568,3054,997.018838028169,5.0
20265,1.0,2603,2026-02-19T01:50,COMPLETA,1715.1185,77.0,77.0,116.0,294.0,1,0.20833333333333334,1,0,0,569,3061,998.6892794376098,5.0
20265,1.0,2604,2026-02-19T02:00,COMPLETA,1968.8294,77.0,77.0,116.0,294.0,1,0.20833333333333334,1,0,0,569,3061,998.6892794376098,5.0
20265,1.0,2605,2026-02-19T02:10,COMPLETA,3116.636,52.75,28.5,224.0,516.0,2,0.2708333333333333,2,0,1,569,3061,998.6892794376098,5.0
20265,1.0,2606,2026-02-19T02:20,COMPLETA,2914.2565,72.5,62.0,169.0,493.5,2,0.25,2,0,0,569,3061,998.6892794376098,5.0
20265,1.0,2607,2026-02-19T02:30,COMPLETA,3794.4058,673.5,23.0,198.0,657.0,3,0.3333333333333333,4,0,1,569,3061,998.6892794376098,5.0
20265,1.0,2608,2026-02-19T02:40,COMPLETA,3593.7596,218.0,23.0,126.0,489.0,2,0.4166666666666667,3,0,0,570,3063,997.629298245614,5.0
20265,1.0,2609,2026-02-19T02:50,COMPLETA,3729.783,218.0,23.0,126.0,489.0,2,0.4166666666666667,3,0,0,570,3063,997.629298245614,5.0
20265,1.0,2610,2026-02-19T03:00,COMPLETA,3756.0125,218.0,23.0,126.0,489.0,2,0.4166666666666667,3,0,0,570,3063,997.629298245614,5.0
20265,1.0,2611,2026-02-19T03:10,COMPLETA,3664.5359,218.0,23.0,126.0,489.0,2,0.4166666666666667,3,0,0,571,3071,996.4539404553415,5.0
20265,1.0,2612,2026-02-19T03:20,COMPLETA,4142.6154,577.625,14.0,264.0,816.0,3,0.3888888888888889,4,0,0,572,3076,995.6708041958041,5.0
20265,1.0,2613,2026-02-19T03:30,COMPLETA,3940.0383,577.625,14.0,264.0,816.0,3,0.3888888888888889,4,0,0,572,3076,995.6708041958041,5.0
20265,1.0,2614,2026-02-19T03:40,COMPLETA,3957.7634,577.625,14.0,264.0,816.0,3,0.3888888888888889,4,0,0,572,3076,995.6708041958041,5.0
20265,1.0,2615,2026-02-19T03:50,COMPLETA,3928.7891,577.625,14.0,264.0,816.0,3,0.3888888888888889,4,0,0,572,3076,995.6708041958041,5.0
20265,1.0,2616,2026-02-19T04:00,COMPLETA,3796.7825,577.625,14.0,264.0,816.0,3,0.3888888888888889,4,0,0,572,3076,995.6708041958041,5.0
20265,1.0,2617,2026-02-19T04:10,COMPLETA,3868.0961,577.625,14.0,264.0,756.0,3,0.3888888888888889,4,0,0,572,3076,995.6708041958041,5.0
20265,1.0,2618,2026-02-19T04:20,COMPLETA,3692.6717,606.125,147.0,274.0,711.0,3,0.3888888888888889,4,0,1,572,3076,995.6708041958041,5.0
20265,1.0,2619,2026-02-19T04:30,COMPLETA,3966.7854,596.375,62.0,321.0,901.5,4,0.3229166666666667,4,0,0,573,3080,997.4933682373472,5.0
20265,1.0,2620,2026-02-19T04:40,COMPLETA,5336.1979,837.2,62.0,313.0,949.5,4,0.40625,5,0,1,573,3080,997.4933682373472,5.0
20265,1.0,2621,2026-02-19T04:50,COMPLETA,5233.6466,867.2,46.0,237.0,835.5,3,0.5138888888888888,5,0,0,574,3085,997.5229965156793,5.0
20265,1.0,2622,2026-02-19T05:00,COMPLETA,5440.1465,867.2,46.0,237.0,835.5,3,0.5138888888888888,5,0,0,574,3085,997.5229965156793,5.0
20265,1.0,2623,2026-02-19T05:10,COMPLETA,5022.8469,867.2,46.0,237.0,835.5,3,0.5138888888888888,5,0,0,574,3085,997.5229965156793,5.0
20265,1.0,2624,2026-02-19T05:20,COMPLETA,6179.1834,1012.5,62.0,350.0,1185.0,4,0.46875,6,0,0,574,3085,997.5229965156793,5.0
20265,1.0,2625,2026-02-19T05:30,COMPLETA,6079.1099,1012.5,62.0,350.0,1185.0,4,0.46875,6,0,0,574,3085,997.5229965156793,5.0
20265,1.0,2626,2026-02-19T05:40,COMPLETA,6746.2189,1012.5,62.0,350.0,1185.0,4,0.46875,6,0,0,575,3093,995.8377391304347,5.0
20265,1.0,2627,2026-02-19T05:50,COMPLETA,6409.9861,1012.5,62.0,350.0,1185.0,4,0.46875,6,0,0,575,3093,995.8377391304347,5.0
20265,1.0,2628,2026-02-19T06:00,COMPLETA,7623.5938,926.0714285714286,46.0,419.0,1348.5,5,0.45,7,0,0,575,3093,995.8377391304347,5.0
20265,1.0,2629,2026-02-19T06:10,COMPLETA,8105.8433,926.0714285714286,46.0,419.0,1348.5,5,0.45,7,0,0,575,3093,995.8377391304347,5.0
20265,1.0,2630,2026-02-19T06:20,COMPLETA,7997.784,926.0714285714286,46.0,419.0,1348.5,5,0.45,7,0,0,575,3093,995.8377391304347,5.0
20265,1.0,2631,2026-02-19T06:30,COMPLETA,8023.7453,926.0714285714286,46.0,419.0,1348.5,5,0.45,7,0,0,575,3093,995.8377391304347,5.0
20265,1.0,2632,2026-02-19T06:40,COMPLETA,7572.6056,926.0714285714286,46.0,419.0,1348.5,5,0.45,7,0,0,576,3098,994.6210069444444,5.0
20265,1.0,2633,2026-02-19T06:50,COMPLETA,8164.3725,926.0714285714286,46.0,419.0,1348.5,5,0.45,7,0,0,576,3098,994.6210069444444,5.0
20265,1.0,2634,2026-02-19T07:00,COMPLETA,8154.0064,926.0714285714286,46.0,419.0,1348.5,5,0.45,7,0,4,577,3106,993.4674176776429,5.0
20265,1.0,2635,2026-02-19T07:10,COMPLETA,1868.1608,46.0,46.0,57.0,205.5,1,0.2916666666666667,1,0,1,577,3106,993.4674176776429,5.0
20265,1.0,2636,2026-02-19T07:20,COMPLETA,1093.6958,393.0,393.0,36.0,174.0,1,0.16666666666666666,1,0,1,577,3106,993.4674176776429,5.0
20265,1.0,2637,2026-02-19T07:30,SIN_DEMANDA,0,,,,,,,0,0,0,577,3106,993.4674176776429,5.0
20265,1.0,2638,2026-02-19T07:40,COMPLETA,1738.1159,1557.5,1557.5,82.0,243.0,1,0.2916666666666667,1,0,0,577,3106,993.4674176776429,5.0
20265,1.0,2639,2026-02-19T07:50,COMPLETA,2922.479,799.0,40.5,109.0,343.5,1,0.5416666666666666,2,0,0,577,3106,993.4674176776429,5.0
20265,1.0,2640,2026-02-19T08:00,COMPLETA,3609.8127,864.1666666666666,40.5,139.0,508.5,2,0.3125,3,0,1,577,3106,993.4674176776429,5.0
20265,1.0,2641,2026-02-19T08:10,COMPLETA,3125.5238,649.0,40.5,162.0,543.0,2,0.3125,3,0,1,577,3106,993.4674176776429,5.0
20265,1.0,2642,2026-02-19T08:20,COMPLETA,3682.502,683.6666666666666,162.0,130.0,495.0,2,0.4583333333333333,3,0,0,577,3106,993.4674176776429,5.0
20265,1.0,2643,2026-02-19T08:30,COMPLETA,3291.0245,683.6666666666666,162.0,130.0,495.0,2,0.4583333333333333,3,0,0,577,3106,993.4674176776429,5.0
20265,1.0,2644,2026-02-19T08:40,COMPLETA,3354.307,683.6666666666666,162.0,130.0,495.0,2,0.4583333333333333,3,0,0,578,3114,994.931141868512,5.0
20265,1.0,2645,2026-02-19T08:50,COMPLETA,3236.3293,683.6666666666666,162.0,130.0,495.0,2,0.4583333333333333,3,0,0,579,3118,993.8915371329879,5.0
20265,1.0,2646,2026-02-19T09:00,COMPLETA,3198.8037,683.6666666666666,162.0,130.0,495.0,2,0.4583333333333333,3,0,0,579,3118,993.8915371329879,5.0
20265,1.0,2647,2026-02-19T09:10,COMPLETA,3235.4521,683.6666666666666,162.0,130.0,495.0,2,0.4583333333333333,3,0,0,579,3118,993.8915371329879,5.0
20265,1.0,2648,2026-02-19T09:20,COMPLETA,3052.385,683.6666666666666,162.0,130.0,495.0,2,0.4583333333333333,3,0,0,579,3118,993.8915371329879,5.0
20265,1.0,2649,2026-02-19T09:30,COMPLETA,2972.2057,683.6666666666666,162.0,130.0,495.0,2,0.4583333333333333,3,0,0,581,3128,995.4616179001721,5.0
20265,1.0,2650,2026-02-19T09:40,COMPLETA,3428.7599,523.375,42.5,187.0,700.5,3,0.4166666666666667,4,0,0,583,3141,992.8699828473412,5.0
20265,1.0,2651,2026-02-19T09:50,COMPLETA,3612.3779,523.375,42.5,187.0,700.5,3,0.4166666666666667,4,0,0,584,3149,994.3351027397259,5.0
20265,1.0,2652,2026-02-19T10:00,COMPLETA,3661.9119,523.375,42.5,187.0,700.5,3,0.4166666666666667,4,0,0,585,3158,993.0422222222221,5.0
20265,1.0,2653,2026-02-19T10:10,COMPLETA,3489.0683,523.375,42.5,187.0,700.5,3,0.4166666666666667,4,0,0,585,3158,993.0422222222221,5.0
20265,1.0,2654,2026-02-19T10:20,COMPLETA,3426.3002,523.375,42.5,187.0,700.5,3,0.4166666666666667,4,0,0,586,3160,991.9431740614334,5.0
20265,1.0,2655,2026-02-19T10:30,COMPLETA,3303.9043,523.375,42.5,187.0,700.5,3,0.4166666666666667,4,0,0,586,3160,991.9431740614334,5.0
20265,1.0,2656,2026-02-19T10:40,COMPLETA,3473.5742,523.375,42.5,187.0,640.5,3,0.4166666666666667,4,0,1,586,3160,991.9431740614334,5.0
20265,1.0,2657,2026-02-19T10:50,COMPLETA,3152.571,683.6666666666666,162.0,130.0,495.0,2,0.4583333333333333,3,0,0,586,3160,991.9431740614334,5.0
20265,1.0,2658,2026-02-19T11:00,COMPLETA,3929.2016,980.125,307.5,180.0,572.5,2,0.5833333333333334,4,0,0,586,3160,991.9431740614334,5.0
20265,1.0,2659,2026-02-19T11:10,COMPLETA,4181.3849,874.8,162.0,309.0,883.5,4,0.3125,5,0,1,586,3160,991.9431740614334,5.0
20265,1.0,2660,2026-02-19T11:20,COMPLETA,4351.9459,978.6,307.5,234.0,713.5,3,0.4166666666666667,5,0,1,586,3160,991.9431740614334,5.0
20265,1.0,2661,2026-02-19T11:30,COMPLETA,3749.8423,980.125,307.5,180.0,572.5,2,0.5833333333333334,4,0,0,586,3160,991.9431740614334,5.0
20265,1.0,2662,2026-02-19T11:40,COMPLETA,4247.1759,848.3,162.0,282.0,843.0,3,0.4861111111111111,5,0,1,587,3168,990.5446337308347,5.0
20265,1.0,2663,2026-02-19T11:50,COMPLETA,3276.385,729.1666666666666,207.0,138.0,507.0,2,0.4583333333333333,3,0,0,587,3168,990.5446337308347,5.0
20265,1.0,2664,2026-02-19T12:00,COMPLETA,3355.5715,729.1666666666666,207.0,138.0,507.0,2,0.4583333333333333,3,0,0,587,3168,990.5446337308347,5.0
20265,1.0,2665,2026-02-19T12:10,COMPLETA,3225.4081,729.1666666666666,207.0,138.0,507.0,2,0.4583333333333333,3,0,0,587,3168,990.5446337308347,5.0
20265,1.0,2666,2026-02-19T12:20,COMPLETA,3177.1022,729.1666666666666,207.0,138.0,507.0,2,0.4583333333333333,3,0,0,587,3168,990.5446337308347,5.0
20265,1.0,2667,2026-02-19T12:30,COMPLETA,3559.9532,729.1666666666666,207.0,138.0,507.0,2,0.4583333333333333,3,0,0,587,3168,990.5446337308347,5.0
20265,1.0,2668,2026-02-19T12:40,COMPLETA,3643.532,729.1666666666666,207.0,138.0,507.0,2,0.4583333333333333,3,0,0,587,3168,990.5446337308347,5.0
20265,1.0,2669,2026-02-19T12:50,COMPLETA,3373.4549,729.1666666666666,207.0,138.0,507.0,2,0.4583333333333333,3,0,0,587,3168,990.5446337308347,5.0
20265,1.0,2670,2026-02-19T13:00,COMPLETA,3698.9562,581.75,94.5,177.0,625.5,2,0.6458333333333334,4,0,0,588,3176,988.93231292517,5.0
20265,1.0,2671,2026-02-19T13:10,COMPLETA,4158.653,552.3,162.0,262.0,873.0,3,0.5,5,0,0,590,3180,987.8401694915253,5.0
20265,1.0,2672,2026-02-19T13:20,COMPLETA,4048.9072,552.3,162.0,262.0,873.0,3,0.5,5,0,0,591,3187,989.2507614213197,5.0
20265,1.0,2673,2026-02-19T13:30,COMPLETA,3847.2005,552.3,162.0,262.0,873.0,3,0.5,5,0,0,591,3187,989.2507614213197,5.0
20265,1.0,2674,2026-02-19T13:40,COMPLETA,4325.4189,552.3,162.0,262.0,873.0,3,0.5,5,0,0,591,3187,989.2507614213197,5.0
20265,1.0,2675,2026-02-19T13:50,COMPLETA,4352.2119,552.3,162.0,262.0,873.0,3,0.5,5,0,0,591,3187,989.2507614213197,5.0
20265,1.0,2676,2026-02-19T14:00,COMPLETA,4366.8032,472.0833333333333,71.0,318.0,1077.0,4,0.4375,6,0,0,591,3187,989.2507614213197,5.0
20265,1.0,2677,2026-02-19T14:10,COMPLETA,4564.3222,472.0833333333333,71.0,318.0,1077.0,4,0.4375,6,0,0,591,3187,989.2507614213197,5.0
20265,1.0,2678,2026-02-19T14:20,COMPLETA,4402.4262,472.0833333333333,71.0,318.0,1077.0,4,0.4375,6,0,0,591,3187,989.2507614213197,5.0
20265,1.0,2679,2026-02-19T14:30,COMPLETA,4363.5602,472.0833333333333,71.0,318.0,1077.0,4,0.4375,6,0,0,591,3187,989.2507614213197,5.0
20265,1.0,2680,2026-02-19T14:40,COMPLETA,4371.0366,472.0833333333333,71.0,318.0,1077.0,4,0.4375,6,0,0,591,3187,989.2507614213197,5.0
20265,1.0,2681,2026-02-19T14:50,COMPLETA,4299.9348,472.0833333333333,71.0,318.0,1077.0,4,0.4375,6,0,0,592,3193,988.0940878378377,5.0
20265,1.0,2682,2026-02-19T15:00,COMPLETA,4397.6007,472.0833333333333,71.0,318.0,1077.0,4,0.4375,6,0,3,592,3193,988.0940878378377,5.0
20265,1.0,2683,2026-02-19T15:10,COMPLETA,3048.7932,126.5,26.5,113.0,409.5,2,0.2916666666666667,2,0,1,592,3193,988.0940878378377,5.0
20265,1.0,2684,2026-02-19T15:20,COMPLETA,1778.5975,26.5,26.5,58.0,207.0,1,0.20833333333333334,1,0,0,592,3193,988.0940878378377,5.0
20265,1.0,2685,2026-02-19T15:30,COMPLETA,1686.2136,26.5,26.5,58.0,207.0,1,0.20833333333333334,1,0,0,592,3193,988.0940878378377,5.0
20265,1.0,2686,2026-02-19T15:40,COMPLETA,1909.6781,26.5,26.5,58.0,207.0,1,0.20833333333333334,1,0,0,592,3193,988.0940878378377,5.0
20265,1.0,2687,2026-02-19T15:50,COMPLETA,1724.8001,26.5,26.5,58.0,207.0,1,0.20833333333333334,1,0,0,592,3193,988.0940878378377,5.0
20265,1.0,2688,2026-02-19T16:00,COMPLETA,1811.2079,26.5,26.5,58.0,207.0,1,0.20833333333333334,1,0,0,592,3193,988.0940878378377,5.0
20265,1.0,2689,2026-02-19T16:10,COMPLETA,2248.8603,1052.25,26.5,82.0,363.0,2,0.14583333333333334,2,0,1,592,3193,988.0940878378377,5.0
20265,1.0,2690,2026-02-19T16:20,COMPLETA,1685.4478,26.5,26.5,58.0,207.0,1,0.20833333333333334,1,0,0,592,3193,988.0940878378377,5.0
20265,1.0,2691,2026-02-19T16:30,COMPLETA,1680.4634,26.5,26.5,58.0,207.0,1,0.20833333333333334,1,0,0,592,3193,988.0940878378377,5.0
20265,1.0,2692,2026-02-19T16:40,COMPLETA,1839.5144,26.5,26.5,58.0,207.0,1,0.20833333333333334,1,0,0,592,3193,988.0940878378377,5.0
20265,1.0,2693,2026-02-19T16:50,COMPLETA,1770.048,26.5,26.5,58.0,207.0,1,0.20833333333333334,1,0,0,593,3199,986.5475548060707,5.0
20265,1.0,2694,2026-02-19T17:00,COMPLETA,1825.555,26.5,26.5,58.0,207.0,1,0.20833333333333334,1,0,0,593,3199,986.5475548060707,5.0
20265,1.0,2695,2026-02-19T17:10,COMPLETA,1780.3218,26.5,26.5,58.0,207.0,1,0.20833333333333334,1,0,0,594,3208,985.2680134680134,5.0
20265,1.0,2696,2026-02-19T17:20,COMPLETA,1617.2914,26.5,26.5,58.0,207.0,1,0.20833333333333334,1,0,0,594,3208,985.2680134680134,5.0
20265,1.0,2697,2026-02-19T17:30,COMPLETA,1556.4819,26.5,26.5,58.0,207.0,1,0.20833333333333334,1,0,0,596,3219,985.7201342281878,5.0
20265,1.0,2698,2026-02-19T17:40,COMPLETA,1614.5752,26.5,26.5,58.0,207.0,1,0.20833333333333334,1,0,0,596,3219,985.7201342281878,5.0
20265,1.0,2699,2026-02-19T17:50,COMPLETA,1774.4781,26.5,26.5,58.0,207.0,1,0.20833333333333334,1,0,0,596,3219,985.7201342281878,5.0
20265,1.0,2700,2026-02-19T18:00,COMPLETA,1697.4489,26.5,26.5,58.0,207.0,1,0.20833333333333334,1,0,0,596,3219,985.7201342281878,5.0
20265,1.0,2701,2026-02-19T18:10,COMPLETA,2264.8839,1046.75,26.5,98.0,327.0,2,0.125,2,0,1,597,3225,986.958458961474,5.0
20265,1.0,2702,2026-02-19T18:20,COMPLETA,1561.377,26.5,26.5,58.0,207.0,1,0.20833333333333334,1,0,0,597,3225,986.958458961474,5.0
20265,1.0,2703,2026-02-19T18:30,COMPLETA,2444.7398,320.5,26.5,112.0,348.0,2,0.14583333333333334,2,0,1,597,3225,986.958458961474,5.0
20265,1.0,2704,2026-02-19T18:40,COMPLETA,1523.3055,26.5,26.5,58.0,207.0,1,0.20833333333333334,1,0,0,597,3225,986.958458961474,5.0
20265,1.0,2705,2026-02-19T18:50,COMPLETA,1602.529,26.5,26.5,58.0,207.0,1,0.20833333333333334,1,0,0,597,3225,986.958458961474,5.0
20265,1.0,2706,2026-02-19T19:00,COMPLETA,1526.9255,26.5,26.5,58.0,207.0,1,0.20833333333333334,1,0,0,597,3225,986.958458961474,5.0
20265,1.0,2707,2026-02-19T19:10,COMPLETA,1743.1554,26.5,26.5,58.0,207.0,1,0.20833333333333334,1,0,0,597,3225,986.958458961474,5.0
20265,1.0,2708,2026-02-19T19:20,COMPLETA,1708.4515,26.5,26.5,58.0,207.0,1,0.20833333333333334,1,0,0,597,3225,986.958458961474,5.0
20265,1.0,2709,2026-02-19T19:30,COMPLETA,3023.6138,37.5,26.5,144.0,396.0,2,0.20833333333333334,2,0,1,598,3232,985.7352842809364,5.0
20265,1.0,2710,2026-02-19T19:40,COMPLETA,2627.5692,322.25,26.5,114.0,351.0,2,0.1875,2,0,1,599,3233,987.5404006677795,5.0
20265,1.0,2711,2026-02-19T19:50,COMPLETA,1603.615,26.5,26.5,58.0,207.0,1,0.20833333333333334,1,0,0,599,3233,987.5404006677795,5.0
20265,1.0,2712,2026-02-19T20:00,COMPLETA,1796.6089,26.5,26.5,58.0,207.0,1,0.20833333333333334,1,0,0,599,3233,987.5404006677795,5.0
20265,1.0,2713,2026-02-19T20:10,COMPLETA,1685.116,26.5,26.5,58.0,207.0,1,0.20833333333333334,1,0,0,599,3233,987.5404006677795,5.0
20265,1.0,2714,2026-02-19T20:20,COMPLETA,1617.5783,26.5,26.5,58.0,207.0,1,0.20833333333333334,1,0,0,600,3235,986.9186666666666,5.0
20265,1.0,2715,2026-02-19T20:30,COMPLETA,1657.6218,170.5,170.5,58.0,147.0,1,0.20833333333333334,1,0,1,600,3235,986.9186666666666,5.0
20265,1.0,2716,2026-02-19T20:40,SIN_DEMANDA,0,,,,,,,0,0,0,600,3235,986.9186666666666,5.0
20265,1.0,2717,2026-02-19T20:50,SIN_DEMANDA,0,,,,,,,0,0,0,600,3235,986.9186666666666,5.0
20265,1.0,2718,2026-02-19T21:00,SIN_DEMANDA,0,,,,,,,0,0,0,600,3235,986.9186666666666,5.0
20265,1.0,2719,2026-02-19T21:10,SIN_DEMANDA,0,,,,,,,0,0,0,600,3235,986.9186666666666,5.0
20265,1.0,2720,2026-02-19T21:20,SIN_DEMANDA,0,,,,,,,0,0,0,600,3235,986.9186666666666,5.0
20265,1.0,2721,2026-02-19T21:30,COMPLETA,1328.4463,395.5,395.5,30.0,105.0,1,0.041666666666666664,1,0,1,601,3239,986.3048252911813,5.0
20265,1.0,2722,2026-02-19T21:40,SIN_DEMANDA,0,,,,,,,0,0,0,601,3239,986.3048252911813,5.0
20265,1.0,2723,2026-02-19T21:50,SIN_DEMANDA,0,,,,,,,0,0,0,601,3239,986.3048252911813,5.0
20265,1.0,2724,2026-02-19T22:00,SIN_DEMANDA,0,,,,,,,0,0,0,601,3239,986.3048252911813,5.0
20265,1.0,2725,2026-02-19T22:10,COMPLETA,2037.7749,873.5,873.5,96.0,264.0,1,0.25,1,0,0,601,3239,986.3048252911813,5.0
20265,1.0,2726,2026-02-19T22:20,COMPLETA,2019.7258,873.5,873.5,96.0,264.0,1,0.25,1,0,0,602,3244,984.9496677740863,5.0
20265,1.0,2727,2026-02-19T22:30,COMPLETA,2018.8052,873.5,873.5,96.0,264.0,1,0.25,1,0,0,602,3244,984.9496677740863,5.0
20265,1.0,2728,2026-02-19T22:40,COMPLETA,3689.311,981.3333333333334,101.5,217.0,685.5,3,0.2638888888888889,3,0,0,603,3249,983.3966832504145,5.0
20265,1.0,2729,2026-02-19T22:50,COMPLETA,3892.3664,981.3333333333334,101.5,217.0,685.5,3,0.2638888888888889,3,0,0,603,3249,983.3966832504145,5.0
20265,1.0,2730,2026-02-19T23:00,COMPLETA,4228.1968,822.375,148.0,140.0,630.0,3,0.2777777777777778,4,0,3,604,3250,982.4233443708608,5.0
20265,1.0,2731,2026-02-19T23:10,SIN_DEMANDA,0,,,,,,,0,0,0,604,3250,982.4233443708608,5.0
20265,1.0,2732,2026-02-19T23:20,SIN_DEMANDA,0,,,,,,,0,0,0,604,3250,982.4233443708608,5.0
20265,1.0,2733,2026-02-19T23:30,SIN_DEMANDA,0,,,,,,,0,0,0,604,3250,982.4233443708608,5.0
20265,1.0,2734,2026-02-19T23:40,SIN_DEMANDA,0,,,,,,,0,0,0,604,3250,982.4233443708608,5.0
20265,1.0,2735,2026-02-19T23:50,SIN_DEMANDA,0,,,,,,,0,0,0,604,3250,982.4233443708608,5.0
20265,1.0,2736,2026-02-20T00:00,SIN_DEMANDA,0,,,,,,,0,0,0,604,3250,982.4233443708608,5.0
20265,1.0,2737,2026-02-20T00:10,SIN_DEMANDA,0,,,,,,,0,0,0,605,3256,981.0441322314049,5.0
20265,1.0,2738,2026-02-20T00:20,SIN_DEMANDA,0,,,,,,,0,0,0,605,3256,981.0441322314049,5.0
20265,1.0,2739,2026-02-20T00:30,SIN_DEMANDA,0,,,,,,,0,0,0,606,3257,980.0770627062706,5.0
20265,1.0,2740,2026-02-20T00:40,COMPLETA,2287.2839,266.0,266.0,111.0,286.5,1,0.4166666666666667,1,0,0,606,3257,980.0770627062706,5.0
20265,1.0,2741,2026-02-20T00:50,COMPLETA,2440.4986,266.0,266.0,111.0,286.5,1,0.4166666666666667,1,0,0,606,3257,980.0770627062706,5.0
20265,1.0,2742,2026-02-20T01:00,COMPLETA,2399.6723,266.0,266.0,111.0,286.5,1,0.4166666666666667,1,0,0,606,3257,980.0770627062706,5.0
20265,1.0,2743,2026-02-20T01:10,COMPLETA,2563.1093,266.0,266.0,111.0,226.5,1,0.4166666666666667,1,0,1,606,3257,980.0770627062706,5.0
20265,1.0,2744,2026-02-20T01:20,SIN_DEMANDA,0,,,,,,,0,0,0,606,3257,980.0770627062706,5.0
20265,1.0,2745,2026-02-20T01:30,SIN_DEMANDA,0,,,,,,,0,0,0,607,3263,979.9014827018121,5.0
20265,1.0,2746,2026-02-20T01:40,SIN_DEMANDA,0,,,,,,,0,0,0,607,3263,979.9014827018121,5.0
20265,1.0,2747,2026-02-20T01:50,COMPLETA,2480.8743,1678.5,1678.5,100.0,270.0,1,0.375,1,0,0,607,3263,979.9014827018121,5.0
20265,1.0,2748,2026-02-20T02:00,COMPLETA,2247.6012,1678.5,1678.5,100.0,270.0,1,0.375,1,0,0,607,3263,979.9014827018121,5.0
20265,1.0,2749,2026-02-20T02:10,COMPLETA,2199.576,1678.5,1678.5,100.0,270.0,1,0.375,1,0,0,607,3263,979.9014827018121,5.0
20265,1.0,2750,2026-02-20T02:20,COMPLETA,2115.2448,1678.5,1678.5,100.0,270.0,1,0.375,1,0,0,607,3263,979.9014827018121,5.0
20265,1.0,2751,2026-02-20T02:30,COMPLETA,2507.2456,1678.5,1678.5,100.0,270.0,1,0.375,1,0,0,607,3263,979.9014827018121,5.0
20265,1.0,2752,2026-02-20T02:40,COMPLETA,2277.5109,1678.5,1678.5,100.0,270.0,1,0.375,1,0,0,607,3263,979.9014827018121,5.0
20265,1.0,2753,2026-02-20T02:50,COMPLETA,3576.3438,1799.6666666666667,1582.5,170.0,495.0,2,0.4166666666666667,3,0,1,607,3263,979.9014827018121,5.0
20265,1.0,2754,2026-02-20T03:00,COMPLETA,3239.6291,1671.25,1582.5,124.0,366.0,1,0.7083333333333334,2,0,0,607,3263,979.9014827018121,5.0
20265,1.0,2755,2026-02-20T03:10,COMPLETA,3316.9317,1671.25,1582.5,124.0,366.0,1,0.7083333333333334,2,0,0,607,3263,979.9014827018121,5.0
20265,1.0,2756,2026-02-20T03:20,COMPLETA,3173.3898,1671.25,1582.5,124.0,366.0,1,0.7083333333333334,2,0,0,607,3263,979.9014827018121,5.0
20265,1.0,2757,2026-02-20T03:30,COMPLETA,3576.0643,1671.25,1582.5,124.0,366.0,1,0.7083333333333334,2,0,0,608,3270,981.3703947368421,5.0
20265,1.0,2758,2026-02-20T03:40,COMPLETA,3150.2076,1671.25,1582.5,124.0,366.0,1,0.7083333333333334,2,0,0,608,3270,981.3703947368421,5.0
20265,1.0,2759,2026-02-20T03:50,COMPLETA,3269.9204,1671.25,1582.5,124.0,366.0,1,0.7083333333333334,2,0,0,608,3270,981.3703947368421,5.0
20265,1.0,2760,2026-02-20T04:00,COMPLETA,3347.3663,1246.1666666666667,396.0,148.0,462.0,2,0.3958333333333333,3,0,1,608,3270,981.3703947368421,5.0
20265,1.0,2761,2026-02-20T04:10,COMPLETA,3249.8502,1671.25,1582.5,124.0,366.0,1,0.7083333333333334,2,0,0,609,3280,980.1957307060754,5.0
20265,1.0,2762,2026-02-20T04:20,COMPLETA,2886.2222,1671.25,1582.5,124.0,366.0,1,0.7083333333333334,2,0,0,609,3280,980.1957307060754,5.0
20265,1.0,2763,2026-02-20T04:30,COMPLETA,3266.2831,1671.25,1582.5,124.0,366.0,1,0.7083333333333334,2,0,0,610,3283,981.9601639344262,5.0
20265,1.0,2764,2026-02-20T04:40,COMPLETA,3165.7222,1671.25,1582.5,124.0,366.0,1,0.7083333333333334,2,0,0,610,3283,981.9601639344262,5.0
20265,1.0,2765,2026-02-20T04:50,COMPLETA,3057.7619,1159.0,134.5,174.0,501.0,2,0.375,3,0,1,610,3283,981.9601639344262,5.0
20265,1.0,2766,2026-02-20T05:00,COMPLETA,3008.5131,1671.25,1582.5,124.0,366.0,1,0.7083333333333334,2,0,0,610,3283,981.9601639344262,5.0
20265,1.0,2767,2026-02-20T05:10,COMPLETA,3044.238,1671.25,1582.5,124.0,366.0,1,0.7083333333333334,2,0,0,610,3283,981.9601639344262,5.0
20265,1.0,2768,2026-02-20T05:20,COMPLETA,3317.5797,1672.5,1582.5,148.0,462.0,1,0.9166666666666666,3,0,0,611,3285,981.0011456628478,5.0
20265,1.0,2769,2026-02-20T05:30,COMPLETA,3663.6566,1374.25,149.5,213.0,679.5,3,0.3194444444444444,4,0,1,611,3285,981.0011456628478,5.0
20265,1.0,2770,2026-02-20T05:40,COMPLETA,3446.5023,1672.5,1582.5,148.0,462.0,1,0.9166666666666666,3,0,0,611,3285,981.0011456628478,5.0
20265,1.0,2771,2026-02-20T05:50,COMPLETA,3298.21,1672.5,1582.5,148.0,462.0,1,0.9166666666666666,3,0,0,611,3285,981.0011456628478,5.0
20265,1.0,2772,2026-02-20T06:00,COMPLETA,3871.7248,1758.75,1582.5,166.0,718.5,2,0.4791666666666667,4,0,0,611,3285,981.0011456628478,5.0
20265,1.0,2773,2026-02-20T06:10,COMPLETA,4352.7588,1798.5,1582.5,237.0,945.0,3,0.3888888888888889,5,0,0,611,3285,981.0011456628478,5.0
20265,1.0,2774,2026-02-20T06:20,COMPLETA,4546.4069,1798.5,1582.5,237.0,945.0,3,0.3888888888888889,5,0,0,611,3285,981.0011456628478,5.0
20265,1.0,2775,2026-02-20T06:30,COMPLETA,4412.9849,1798.5,1582.5,237.0,945.0,3,0.3888888888888889,5,0,0,612,3286,979.6179738562091,5.0
20265,1.0,2776,2026-02-20T06:40,COMPLETA,4682.6563,1798.5,1582.5,237.0,945.0,3,0.3888888888888889,5,0,0,612,3286,979.6179738562091,5.0
20265,1.0,2777,2026-02-20T06:50,COMPLETA,4672.721,1798.5,1582.5,237.0,945.0,3,0.3888888888888889,5,0,0,612,3286,979.6179738562091,5.0
20265,1.0,2778,2026-02-20T07:00,COMPLETA,4567.1433,1798.5,1582.5,237.0,945.0,3,0.3888888888888889,5,0,3,613,3287,978.263784665579,5.0
20265,1.0,2779,2026-02-20T07:10,SIN_DEMANDA,0,,,,,,,0,0,0,613,3287,978.263784665579,5.0
20265,1.0,2780,2026-02-20T07:20,SIN_DEMANDA,0,,,,,,,0,0,0,613,3287,978.263784665579,5.0
20265,1.0,2781,2026-02-20T07:30,SIN_DEMANDA,0,,,,,,,0,0,0,613,3287,978.263784665579,5.0
20265,1.0,2782,2026-02-20T07:40,COMPLETA,1648.9244,480.5,480.5,82.0,243.0,1,0.2916666666666667,1,0,0,613,3287,978.263784665579,5.0
20265,1.0,2783,2026-02-20T07:50,COMPLETA,1863.0577,480.5,480.5,82.0,243.0,1,0.2916666666666667,1,0,0,613,3287,978.263784665579,5.0
20265,1.0,2784,2026-02-20T08:00,COMPLETA,1852.5572,480.5,480.5,82.0,243.0,1,0.2916666666666667,1,0,0,613,3287,978.263784665579,5.0
20265,1.0,2785,2026-02-20T08:10,COMPLETA,3460.9658,716.6666666666666,167.0,114.0,471.0,2,0.3541666666666667,3,0,1,613,3287,978.263784665579,5.0
20265,1.0,2786,2026-02-20T08:20,COMPLETA,3422.5019,991.5,480.5,102.0,333.0,1,0.5833333333333334,2,0,0,614,3288,979.9563517915309,5.0
20265,1.0,2787,2026-02-20T08:30,COMPLETA,3269.022,991.5,480.5,102.0,333.0,1,0.5833333333333334,2,0,0,614,3288,979.9563517915309,5.0
20265,1.0,2788,2026-02-20T08:40,COMPLETA,3307.2538,991.5,480.5,102.0,333.0,1,0.5833333333333334,2,0,0,614,3288,979.9563517915309,5.0
20265,1.0,2789,2026-02-20T08:50,COMPLETA,3111.8606,991.5,480.5,102.0,333.0,1,0.5833333333333334,2,0,0,614,3288,979.9563517915309,5.0
20265,1.0,2790,2026-02-20T09:00,COMPLETA,3271.934,1356.8333333333333,480.5,112.0,408.0,2,0.3125,3,0,1,614,3288,979.9563517915309,5.0
20265,1.0,2791,2026-02-20T09:10,COMPLETA,3286.8439,991.5,480.5,102.0,333.0,1,0.5833333333333334,2,0,0,614,3288,979.9563517915309,5.0
20265,1.0,2792,2026-02-20T09:20,COMPLETA,3267.6494,991.5,480.5,102.0,333.0,1,0.5833333333333334,2,0,0,615,3291,978.6344715447153,5.0
20265,1.0,2793,2026-02-20T09:30,COMPLETA,2945.3952,991.5,480.5,102.0,333.0,1,0.5833333333333334,2,0,0,617,3304,981.487358184765,5.0
20265,1.0,2794,2026-02-20T09:40,COMPLETA,3015.4839,991.5,480.5,102.0,333.0,1,0.5833333333333334,2,0,0,617,3304,981.487358184765,5.0
20265,1.0,2795,2026-02-20T09:50,COMPLETA,3042.765,991.5,480.5,102.0,333.0,1,0.5833333333333334,2,0,0,617,3304,981.487358184765,5.0
20265,1.0,2796,2026-02-20T10:00,COMPLETA,3501.1945,800.8333333333334,419.5,132.0,438.0,1,0.8333333333333334,3,0,0,617,3304,981.487358184765,5.0
20265,1.0,2797,2026-02-20T10:10,COMPLETA,3332.0295,800.8333333333334,419.5,132.0,438.0,1,0.8333333333333334,3,0,0,618,3305,983.2770226537216,5.0
20265,1.0,2798,2026-02-20T10:20,COMPLETA,3836.4096,1208.625,480.5,288.0,792.0,3,0.3611111111111111,4,0,1,618,3305,983.2770226537216,5.0
20265,1.0,2799,2026-02-20T10:30,COMPLETA,3317.2503,849.3333333333334,480.5,133.0,439.5,1,0.7916666666666666,3,0,0,618,3305,983.2770226537216,5.0
20265,1.0,2800,2026-02-20T10:40,COMPLETA,3149.1866,849.3333333333334,480.5,133.0,439.5,1,0.7916666666666666,3,0,0,618,3305,983.2770226537216,5.0
20265,1.0,2801,2026-02-20T10:50,COMPLETA,3275.3132,849.3333333333334,480.5,133.0,439.5,1,0.7916666666666666,3,0,0,618,3305,983.2770226537216,5.0
20265,1.0,2802,2026-02-20T11:00,COMPLETA,3226.3759,849.3333333333334,480.5,133.0,439.5,1,0.7916666666666666,3,0,0,618,3305,983.2770226537216,5.0
20265,1.0,2803,2026-02-20T11:10,COMPLETA,3060.3497,849.3333333333334,480.5,133.0,439.5,1,0.7916666666666666,3,0,0,618,3305,983.2770226537216,5.0
20265,1.0,2804,2026-02-20T11:20,COMPLETA,4364.0759,1341.1,480.5,175.0,622.5,3,0.3611111111111111,5,0,2,618,3305,983.2770226537216,5.0
20265,1.0,2805,2026-02-20T11:30,COMPLETA,3434.4381,742.375,111.5,291.0,796.5,3,0.3611111111111111,4,0,0,619,3314,984.2450726978998,5.0
20265,1.0,2806,2026-02-20T11:40,COMPLETA,3572.2866,742.375,111.5,291.0,796.5,3,0.3611111111111111,4,0,0,619,3314,984.2450726978998,5.0
20265,1.0,2807,2026-02-20T11:50,COMPLETA,3573.6057,742.375,111.5,291.0,796.5,3,0.3611111111111111,4,0,0,619,3314,984.2450726978998,5.0
20265,1.0,2808,2026-02-20T12:00,COMPLETA,3256.6158,742.375,111.5,291.0,796.5,3,0.3611111111111111,4,0,0,619,3314,984.2450726978998,5.0
20265,1.0,2809,2026-02-20T12:10,COMPLETA,3196.2247,742.375,111.5,291.0,796.5,3,0.3611111111111111,4,0,0,619,3314,984.2450726978998,5.0
20265,1.0,2810,2026-02-20T12:20,COMPLETA,3367.898,742.375,111.5,291.0,796.5,3,0.3611111111111111,4,0,1,619,3314,984.2450726978998,5.0
20265,1.0,2811,2026-02-20T12:30,COMPLETA,3048.039,792.6666666666666,145.5,158.0,537.0,2,0.3958333333333333,3,0,0,621,3326,987.4906602254428,5.0
20265,1.0,2812,2026-02-20T12:40,COMPLETA,2879.4229,792.6666666666666,145.5,158.0,537.0,2,0.3958333333333333,3,0,0,621,3326,987.4906602254428,5.0
20265,1.0,2813,2026-02-20T12:50,COMPLETA,3129.5019,792.6666666666666,145.5,158.0,537.0,2,0.3958333333333333,3,0,0,622,3328,989.228617363344,5.0
20265,1.0,2814,2026-02-20T13:00,COMPLETA,2914.0498,792.6666666666666,145.5,158.0,537.0,2,0.3958333333333333,3,0,0,622,3328,989.228617363344,5.0
20265,1.0,2815,2026-02-20T13:10,COMPLETA,3279.0711,627.875,133.5,197.0,655.5,3,0.375,4,0,1,622,3328,989.228617363344,5.0
20265,1.0,2816,2026-02-20T13:20,COMPLETA,3061.5531,792.6666666666666,145.5,158.0,537.0,2,0.3958333333333333,3,0,0,622,3328,989.228617363344,5.0
20265,1.0,2817,2026-02-20T13:30,COMPLETA,3132.0597,792.6666666666666,145.5,158.0,537.0,2,0.3958333333333333,3,0,0,623,3333,990.3293739967896,5.0
20265,1.0,2818,2026-02-20T13:40,COMPLETA,3431.0315,714.875,161.5,234.0,771.0,3,0.3611111111111111,4,0,0,623,3333,990.3293739967896,5.0
20265,1.0,2819,2026-02-20T13:50,COMPLETA,3872.5142,714.875,161.5,234.0,771.0,3,0.3611111111111111,4,0,0,623,3333,990.3293739967896,5.0
20265,1.0,2820,2026-02-20T14:00,COMPLETA,3805.4326,714.875,161.5,234.0,771.0,3,0.3611111111111111,4,0,0,623,3333,990.3293739967896,5.0
20265,1.0,2821,2026-02-20T14:10,COMPLETA,3698.2751,578.2,34.5,223.0,814.5,3,0.4027777777777778,5,0,0,623,3333,990.3293739967896,5.0
20265,1.0,2822,2026-02-20T14:20,COMPLETA,4109.3003,817.5,110.5,227.0,940.5,4,0.3125,6,0,0,623,3333,990.3293739967896,5.0
20265,1.0,2823,2026-02-20T14:30,COMPLETA,4397.2765,817.5,110.5,227.0,940.5,4,0.3125,6,0,0,623,3333,990.3293739967896,5.0
20265,1.0,2824,2026-02-20T14:40,COMPLETA,4664.3846,998.0714285714286,43.5,278.0,1137.0,5,0.26666666666666666,7,0,0,623,3333,990.3293739967896,5.0
20265,1.0,2825,2026-02-20T14:50,COMPLETA,5658.0541,925.0555555555555,110.5,324.0,1483.0,7,0.27380952380952384,9,0,0,623,3333,990.3293739967896,5.0
20265,1.0,2826,2026-02-20T15:00,COMPLETA,5635.6602,925.0555555555555,110.5,324.0,1483.0,7,0.27380952380952384,9,0,6,625,3348,988.3891199999999,5.0
20265,1.0,2827,2026-02-20T15:10,COMPLETA,3218.8311,886.5,474.5,115.0,412.5,2,0.2708333333333333,2,0,0,625,3348,988.3891199999999,5.0
20265,1.0,2828,2026-02-20T15:20,COMPLETA,3077.5542,886.5,474.5,115.0,412.5,2,0.2708333333333333,2,0,1,625,3348,988.3891199999999,5.0
20265,1.0,2829,2026-02-20T15:30,COMPLETA,1785.7195,1298.5,1298.5,54.0,201.0,1,0.25,1,0,0,625,3348,988.3891199999999,5.0
20265,1.0,2830,2026-02-20T15:40,COMPLETA,3116.3821,688.5,78.5,154.0,471.0,2,0.25,2,0,0,625,3348,988.3891199999999,5.0
20265,1.0,2831,2026-02-20T15:50,COMPLETA,3155.5799,688.5,78.5,154.0,471.0,2,0.25,2,0,0,625,3348,988.3891199999999,5.0
20265,1.0,2832,2026-02-20T16:00,COMPLETA,3214.7812,576.6666666666666,78.5,207.0,670.5,3,0.18055555555555555,3,0,1,625,3348,988.3891199999999,5.0
20265,1.0,2833,2026-02-20T16:10,COMPLETA,3257.5698,688.5,78.5,154.0,471.0,2,0.25,2,0,0,625,3348,988.3891199999999,5.0
20265,1.0,2834,2026-02-20T16:20,COMPLETA,3710.3369,943.75,78.5,268.0,882.0,4,0.16666666666666666,4,0,2,627,3355,986.9971291866028,5.0
20265,1.0,2835,2026-02-20T16:30,COMPLETA,3484.9008,1057.5,32.0,184.0,576.0,2,0.4166666666666667,3,0,0,628,3356,988.6627388535031,5.0
20265,1.0,2836,2026-02-20T16:40,COMPLETA,3844.879,1057.5,32.0,184.0,576.0,2,0.4166666666666667,3,0,0,629,3358,990.3365659777423,5.0
20265,1.0,2837,2026-02-20T16:50,COMPLETA,3845.7079,1057.5,32.0,184.0,576.0,2,0.4166666666666667,3,0,0,630,3365,989.0209523809523,5.0
20265,1.0,2838,2026-02-20T17:00,COMPLETA,3894.0349,1403.625,137.0,210.0,795.0,4,0.25,4,0,0,630,3365,989.0209523809523,5.0
20265,1.0,2839,2026-02-20T17:10,COMPLETA,3905.7316,1141.1,91.0,258.0,987.0,5,0.225,5,0,0,630,3365,989.0209523809523,5.0
20265,1.0,2840,2026-02-20T17:20,COMPLETA,4066.4698,1141.1,91.0,258.0,927.0,5,0.225,5,0,0,631,3371,988.470206022187,5.0
20265,1.0,2841,2026-02-20T17:30,COMPLETA,4054.1225,1141.1,91.0,258.0,867.0,5,0.225,5,0,1,631,3371,988.470206022187,5.0
20265,1.0,2842,2026-02-20T17:40,COMPLETA,3724.3992,916.5,91.0,232.0,768.0,4,0.23958333333333334,4,0,0,632,3378,987.6569620253164,5.0
20265,1.0,2843,2026-02-20T17:50,COMPLETA,3909.6208,933.8,91.0,248.0,792.0,5,0.2,5,0,2,633,3380,989.3660347551343,5.0
20265,1.0,2844,2026-02-20T18:00,COMPLETA,3528.1368,1057.5,32.0,184.0,576.0,2,0.4166666666666667,3,0,0,633,3380,989.3660347551343,5.0
20265,1.0,2845,2026-02-20T18:10,COMPLETA,3233.802,1057.5,32.0,184.0,576.0,2,0.4166666666666667,3,0,0,634,3381,988.3623028391166,5.0
20265,1.0,2846,2026-02-20T18:20,COMPLETA,3443.5876,1057.5,32.0,184.0,576.0,2,0.4166666666666667,3,0,0,634,3381,988.3623028391166,5.0
20265,1.0,2847,2026-02-20T18:30,COMPLETA,3552.7501,1057.5,32.0,184.0,576.0,2,0.4166666666666667,3,0,0,634,3381,988.3623028391166,5.0
20265,1.0,2848,2026-02-20T18:40,COMPLETA,4023.1154,1318.625,32.0,166.0,549.0,3,0.3194444444444444,4,0,0,634,3381,988.3623028391166,5.0
20265,1.0,2849,2026-02-20T18:50,COMPLETA,4034.7589,1318.625,32.0,166.0,549.0,3,0.3194444444444444,4,0,1,635,3383,987.3231496062991,5.0
20265,1.0,2850,2026-02-20T19:00,COMPLETA,3497.163,1248.5,32.0,103.0,394.5,2,0.3541666666666667,3,0,0,636,3387,988.9775157232704,5.0
20265,1.0,2851,2026-02-20T19:10,COMPLETA,3618.1692,1248.5,32.0,103.0,394.5,2,0.3541666666666667,3,0,1,637,3388,988.9995290423861,5.0
20265,1.0,2852,2026-02-20T19:20,COMPLETA,2905.6691,844.25,32.0,91.0,316.5,1,0.5833333333333334,2,0,0,637,3388,988.9995290423861,5.0
20265,1.0,2853,2026-02-20T19:30,COMPLETA,3021.5939,844.25,32.0,91.0,316.5,1,0.5833333333333334,2,0,0,638,3391,987.5920062695924,5.0
20265,1.0,2854,2026-02-20T19:40,COMPLETA,3347.2117,844.25,32.0,91.0,316.5,1,0.5833333333333334,2,0,0,638,3391,987.5920062695924,5.0
20265,1.0,2855,2026-02-20T19:50,COMPLETA,3395.4786,844.25,32.0,91.0,316.5,1,0.5833333333333334,2,0,0,639,3401,986.325821596244,5.0
20265,1.0,2856,2026-02-20T20:00,COMPLETA,3028.7508,844.25,32.0,91.0,316.5,1,0.5833333333333334,2,0,0,639,3401,986.325821596244,5.0
20265,1.0,2857,2026-02-20T20:10,COMPLETA,3256.4738,844.25,32.0,91.0,316.5,1,0.5833333333333334,2,0,0,639,3401,986.325821596244,5.0
20265,1.0,2858,2026-02-20T20:20,COMPLETA,2742.9226,844.25,32.0,91.0,316.5,1,0.5833333333333334,2,0,0,639,3401,986.325821596244,5.0
20265,1.0,2859,2026-02-20T20:30,COMPLETA,3045.7424,844.25,32.0,91.0,316.5,1,0.5833333333333334,2,0,0,640,3404,987.99875,5.0
20265,1.0,2860,2026-02-20T20:40,COMPLETA,3057.6442,844.25,32.0,91.0,316.5,1,0.5833333333333334,2,0,0,640,3404,987.99875,5.0
20265,1.0,2861,2026-02-20T20:50,COMPLETA,2804.4803,972.0,137.0,91.0,316.5,2,0.2916666666666667,2,0,1,641,3410,988.8427457098284,5.0
20265,1.0,2862,2026-02-20T21:00,COMPLETA,2847.6688,973.75,137.0,89.0,313.5,1,0.5,2,0,0,641,3410,988.8427457098284,5.0
20265,1.0,2863,2026-02-20T21:10,COMPLETA,3076.3534,692.8333333333334,131.0,149.0,463.5,2,0.2708333333333333,3,0,1,641,3410,988.8427457098284,5.0
20265,1.0,2864,2026-02-20T21:20,COMPLETA,3035.7965,973.75,137.0,89.0,313.5,1,0.5,2,0,0,641,3410,988.8427457098284,5.0
20265,1.0,2865,2026-02-20T21:30,COMPLETA,3464.9379,734.6666666666666,23.0,170.0,555.0,2,0.4583333333333333,3,0,0,641,3410,988.8427457098284,5.0
20265,1.0,2866,2026-02-20T21:40,COMPLETA,3587.1687,734.6666666666666,23.0,170.0,555.0,2,0.4583333333333333,3,0,0,641,3410,988.8427457098284,5.0
20265,1.0,2867,2026-02-20T21:50,COMPLETA,3779.3191,734.6666666666666,23.0,170.0,555.0,2,0.4583333333333333,3,0,0,641,3410,988.8427457098284,5.0
20265,1.0,2868,2026-02-20T22:00,COMPLETA,3533.3628,734.6666666666666,23.0,170.0,555.0,2,0.4583333333333333,3,0,0,641,3410,988.8427457098284,5.0
20265,1.0,2869,2026-02-20T22:10,COMPLETA,3513.5643,734.6666666666666,23.0,170.0,555.0,2,0.4583333333333333,3,0,0,641,3410,988.8427457098284,5.0
20265,1.0,2870,2026-02-20T22:20,COMPLETA,3763.9073,753.625,23.0,208.0,672.0,2,0.5833333333333334,4,0,0,642,3418,990.1171339563862,5.0
20265,1.0,2871,2026-02-20T22:30,COMPLETA,3791.0737,753.625,23.0,208.0,672.0,2,0.5833333333333334,4,0,0,642,3418,990.1171339563862,5.0
20265,1.0,2872,2026-02-20T22:40,COMPLETA,3886.8187,753.625,23.0,208.0,672.0,2,0.5833333333333334,4,0,0,642,3418,990.1171339563862,5.0
20265,1.0,2873,2026-02-20T22:50,COMPLETA,3858.9601,753.625,23.0,208.0,672.0,2,0.5833333333333334,4,0,0,642,3418,990.1171339563862,5.0
20265,1.0,2874,2026-02-20T23:00,COMPLETA,3778.3293,753.625,23.0,208.0,672.0,2,0.5833333333333334,4,0,2,643,3419,988.7810264385691,5.0
20265,1.0,2875,2026-02-20T23:10,COMPLETA,2331.9132,129.0,129.0,49.0,193.5,1,0.4166666666666667,1,0,1,643,3419,988.7810264385691,5.0
20265,1.0,2876,2026-02-20T23:20,COMPLETA,1410.7671,980.0,980.0,44.0,186.0,1,0.041666666666666664,1,0,1,643,3419,988.7810264385691,5.0
20265,1.0,2877,2026-02-20T23:30,COMPLETA,1568.3276,1531.0,1531.0,98.0,267.0,1,0.25,1,0,0,643,3419,988.7810264385691,5.0
20265,1.0,2878,2026-02-20T23:40,COMPLETA,1904.1804,1531.0,1531.0,98.0,267.0,1,0.25,1,0,0,643,3419,988.7810264385691,5.0
20265,1.0,2879,2026-02-20T23:50,COMPLETA,1921.6328,1531.0,1531.0,98.0,267.0,1,0.25,1,0,0,643,3419,988.7810264385691,5.0
20265,1.0,2880,2026-02-21T00:00,COMPLETA,1615.6871,1531.0,1531.0,98.0,267.0,1,0.25,1,0,0,643,3419,988.7810264385691,5.0
20265,1.0,2881,2026-02-21T00:10,COMPLETA,3303.2496,1474.0,1417.0,142.0,393.0,1,0.4583333333333333,2,0,0,643,3419,988.7810264385691,5.0
20265,1.0,2882,2026-02-21T00:20,COMPLETA,3269.6563,1474.0,1417.0,142.0,393.0,1,0.4583333333333333,2,0,0,643,3419,988.7810264385691,5.0
20265,1.0,2883,2026-02-21T00:30,COMPLETA,3055.1271,1474.0,1417.0,142.0,393.0,1,0.4583333333333333,2,0,0,643,3419,988.7810264385691,5.0
20265,1.0,2884,2026-02-21T00:40,COMPLETA,3265.31,1474.0,1417.0,142.0,393.0,1,0.4583333333333333,2,0,0,643,3419,988.7810264385691,5.0
20265,1.0,2885,2026-02-21T00:50,COMPLETA,3302.941,1474.0,1417.0,142.0,393.0,1,0.4583333333333333,2,0,0,644,3429,987.6905279503105,5.0
20265,1.0,2886,2026-02-21T01:00,COMPLETA,3162.9456,1474.0,1417.0,142.0,393.0,1,0.4583333333333333,2,0,0,647,3446,986.2584234930448,5.0
20265,1.0,2887,2026-02-21T01:10,COMPLETA,3082.0434,1474.0,1417.0,142.0,393.0,1,0.4583333333333333,2,0,0,647,3446,986.2584234930448,5.0
20265,1.0,2888,2026-02-21T01:20,COMPLETA,3059.1543,1474.0,1417.0,142.0,393.0,1,0.4583333333333333,2,0,0,647,3446,986.2584234930448,5.0
20265,1.0,2889,2026-02-21T01:30,COMPLETA,3467.1469,1179.0,571.0,228.0,642.0,2,0.4375,3,0,0,647,3446,986.2584234930448,5.0
20265,1.0,2890,2026-02-21T01:40,COMPLETA,3700.6899,1179.0,571.0,228.0,642.0,2,0.4375,3,0,0,647,3446,986.2584234930448,5.0
20265,1.0,2891,2026-02-21T01:50,COMPLETA,3592.9916,1179.0,571.0,228.0,642.0,2,0.4375,3,0,0,647,3446,986.2584234930448,5.0
20265,1.0,2892,2026-02-21T02:00,COMPLETA,3525.3957,1179.0,571.0,228.0,642.0,2,0.4375,3,0,0,647,3446,986.2584234930448,5.0
20265,1.0,2893,2026-02-21T02:10,COMPLETA,3966.8059,1329.25,370.0,404.0,1026.0,3,0.3888888888888889,4,0,0,647,3446,986.2584234930448,5.0
20265,1.0,2894,2026-02-21T02:20,COMPLETA,4185.5628,1329.25,370.0,404.0,1026.0,3,0.3888888888888889,4,0,1,647,3446,986.2584234930448,5.0
20265,1.0,2895,2026-02-21T02:30,COMPLETA,3240.644,1235.8333333333333,571.0,214.0,621.0,2,0.4583333333333333,3,0,0,647,3446,986.2584234930448,5.0
20265,1.0,2896,2026-02-21T02:40,COMPLETA,3544.1185,1024.625,391.0,250.0,735.0,3,0.3194444444444444,4,0,1,647,3446,986.2584234930448,5.0
20265,1.0,2897,2026-02-21T02:50,COMPLETA,3238.1469,1235.8333333333333,571.0,214.0,621.0,2,0.4583333333333333,3,0,0,647,3446,986.2584234930448,5.0
20265,1.0,2898,2026-02-21T03:00,COMPLETA,3570.4017,1235.8333333333333,571.0,214.0,621.0,2,0.4583333333333333,3,0,0,647,3446,986.2584234930448,5.0
20265,1.0,2899,2026-02-21T03:10,COMPLETA,3376.1915,1235.8333333333333,571.0,214.0,621.0,2,0.4583333333333333,3,0,0,647,3446,986.2584234930448,5.0
20265,1.0,2900,2026-02-21T03:20,COMPLETA,3253.5119,1235.8333333333333,571.0,214.0,621.0,2,0.4583333333333333,3,0,0,649,3458,985.9933744221879,5.0
20265,1.0,2901,2026-02-21T03:30,COMPLETA,3785.2775,1347.5,571.0,244.0,726.0,2,0.5625,4,0,0,649,3458,985.9933744221879,5.0
20265,1.0,2902,2026-02-21T03:40,COMPLETA,3752.0816,1347.5,571.0,244.0,726.0,2,0.5625,4,0,0,649,3458,985.9933744221879,5.0
20265,1.0,2903,2026-02-21T03:50,COMPLETA,3715.4712,1347.5,571.0,244.0,726.0,2,0.5625,4,0,0,649,3458,985.9933744221879,5.0
20265,1.0,2904,2026-02-21T04:00,COMPLETA,3635.1693,1347.5,571.0,244.0,726.0,2,0.5625,4,0,0,649,3458,985.9933744221879,5.0
20265,1.0,2905,2026-02-21T04:10,COMPLETA,4094.2264,1104.7,148.5,307.0,940.5,3,0.5,5,0,0,650,3459,985.078,5.0
20265,1.0,2906,2026-02-21T04:20,COMPLETA,4437.9785,1141.6,148.5,287.0,850.5,3,0.5,5,0,1,650,3459,985.078,5.0
20265,1.0,2907,2026-02-21T04:30,COMPLETA,3566.5125,1241.125,135.0,218.0,687.0,2,0.5416666666666666,4,0,0,650,3459,985.078,5.0
20265,1.0,2908,2026-02-21T04:40,COMPLETA,3497.9617,1241.125,135.0,218.0,687.0,2,0.5416666666666666,4,0,0,650,3459,985.078,5.0
20265,1.0,2909,2026-02-21T04:50,COMPLETA,3665.6499,1241.125,135.0,218.0,687.0,2,0.5416666666666666,4,0,0,650,3459,985.078,5.0
20265,1.0,2910,2026-02-21T05:00,COMPLETA,3840.0648,1241.125,135.0,218.0,687.0,2,0.5416666666666666,4,0,0,650,3459,985.078,5.0
20265,1.0,2911,2026-02-21T05:10,COMPLETA,4263.6205,1101.9,13.5,264.0,816.0,2,0.7083333333333334,5,0,0,650,3459,985.078,5.0
20265,1.0,2912,2026-02-21T05:20,COMPLETA,4022.6716,1101.9,13.5,264.0,816.0,2,0.7083333333333334,5,0,0,651,3465,986.3459293394776,5.0
20265,1.0,2913,2026-02-21T05:30,COMPLETA,4019.9361,1101.9,13.5,264.0,816.0,2,0.7083333333333334,5,0,0,651,3465,986.3459293394776,5.0
20265,1.0,2914,2026-02-21T05:40,COMPLETA,3998.8767,1101.9,13.5,264.0,816.0,2,0.7083333333333334,5,0,0,651,3465,986.3459293394776,5.0
20265,1.0,2915,2026-02-21T05:50,COMPLETA,4052.2593,1101.9,13.5,264.0,816.0,2,0.7083333333333334,5,0,0,651,3465,986.3459293394776,5.0
20265,1.0,2916,2026-02-21T06:00,COMPLETA,5045.4915,1019.6666666666666,142.5,379.0,1285.5,4,0.4479166666666667,6,0,0,651,3465,986.3459293394776,5.0
20265,1.0,2917,2026-02-21T06:10,COMPLETA,5683.6074,875.0,148.5,412.0,1447.5,4,0.53125,7,0,0,651,3465,986.3459293394776,5.0
20265,1.0,2918,2026-02-21T06:20,COMPLETA,5643.5685,875.0,148.5,412.0,1447.5,4,0.53125,7,0,0,651,3465,986.3459293394776,5.0
20265,1.0,2919,2026-02-21T06:30,COMPLETA,5332.0244,875.0,148.5,412.0,1447.5,4,0.53125,7,0,0,651,3465,986.3459293394776,5.0
20265,1.0,2920,2026-02-21T06:40,COMPLETA,5361.6717,875.0,148.5,412.0,1447.5,4,0.53125,7,0,0,651,3465,986.3459293394776,5.0
20265,1.0,2921,2026-02-21T06:50,COMPLETA,5614.4579,875.0,148.5,412.0,1447.5,4,0.53125,7,0,0,652,3475,985.991871165644,5.0
20265,1.0,2922,2026-02-21T07:00,COMPLETA,5466.8724,875.0,148.5,412.0,1447.5,4,0.53125,7,0,3,652,3475,985.991871165644,5.0
20265,1.0,2923,2026-02-21T07:10,COMPLETA,3012.4686,916.375,284.5,195.0,772.5,4,0.22916666666666666,4,0,3,652,3475,985.991871165644,5.0
20265,1.0,2924,2026-02-21T07:20,COMPLETA,1894.873,323.0,323.0,82.0,243.0,1,0.3333333333333333,1,0,0,652,3475,985.991871165644,5.0
20265,1.0,2925,2026-02-21T07:30,COMPLETA,1635.397,323.0,323.0,82.0,243.0,1,0.3333333333333333,1,0,0,652,3475,985.991871165644,5.0
20265,1.0,2926,2026-02-21T07:40,COMPLETA,1507.8749,323.0,323.0,82.0,243.0,1,0.3333333333333333,1,0,0,652,3475,985.991871165644,5.0
20265,1.0,2927,2026-02-21T07:50,COMPLETA,1722.7012,323.0,323.0,82.0,243.0,1,0.3333333333333333,1,0,0,652,3475,985.991871165644,5.0
20265,1.0,2928,2026-02-21T08:00,COMPLETA,2397.9333,1182.75,323.0,148.0,462.0,2,0.1875,2,0,1,652,3475,985.991871165644,5.0
20265,1.0,2929,2026-02-21T08:10,COMPLETA,1629.4366,323.0,323.0,82.0,243.0,1,0.3333333333333333,1,0,0,652,3475,985.991871165644,5.0
20265,1.0,2930,2026-02-21T08:20,COMPLETA,1883.4781,323.0,323.0,82.0,243.0,1,0.3333333333333333,1,0,0,652,3475,985.991871165644,5.0
20265,1.0,2931,2026-02-21T08:30,COMPLETA,1664.2811,323.0,323.0,82.0,243.0,1,0.3333333333333333,1,0,0,653,3477,987.6748851454823,5.0
20265,1.0,2932,2026-02-21T08:40,COMPLETA,1729.5457,323.0,323.0,82.0,243.0,1,0.3333333333333333,1,0,0,653,3477,987.6748851454823,5.0
20265,1.0,2933,2026-02-21T08:50,COMPLETA,1616.4064,323.0,323.0,82.0,243.0,1,0.3333333333333333,1,0,0,654,3480,987.6524464831804,5.0
20265,1.0,2934,2026-02-21T09:00,COMPLETA,2867.0003,916.0,323.0,187.0,520.5,3,0.1527777777777778,3,0,2,654,3480,987.6524464831804,5.0
20265,1.0,2935,2026-02-21T09:10,COMPLETA,1470.6673,323.0,323.0,82.0,243.0,1,0.3333333333333333,1,0,0,654,3480,987.6524464831804,5.0
20265,1.0,2936,2026-02-21T09:20,COMPLETA,1609.437,323.0,323.0,82.0,243.0,1,0.3333333333333333,1,0,0,655,3489,986.5789312977098,5.0
20265,1.0,2937,2026-02-21T09:30,COMPLETA,2863.9492,342.5,335.0,107.0,400.5,2,0.3541666666666667,2,0,0,655,3489,986.5789312977098,5.0
20265,1.0,2938,2026-02-21T09:40,COMPLETA,2819.4348,342.5,335.0,107.0,400.5,2,0.3541666666666667,2,0,0,655,3489,986.5789312977098,5.0
20265,1.0,2939,2026-02-21T09:50,COMPLETA,3047.5748,342.5,335.0,107.0,400.5,2,0.3541666666666667,2,0,0,658,3504,988.1180851063829,5.0
20265,1.0,2940,2026-02-21T10:00,COMPLETA,3620.0434,790.1666666666666,257.0,129.0,493.5,2,0.5625,3,0,0,658,3504,988.1180851063829,5.0
20265,1.0,2941,2026-02-21T10:10,COMPLETA,3542.3116,790.1666666666666,257.0,129.0,493.5,2,0.5625,3,0,1,658,3504,988.1180851063829,5.0
20265,1.0,2942,2026-02-21T10:20,COMPLETA,3323.9614,1311.6666666666667,323.0,178.0,507.0,2,0.4583333333333333,3,0,1,658,3504,988.1180851063829,5.0
20265,1.0,2943,2026-02-21T10:30,COMPLETA,3137.392,935.25,323.0,136.0,384.0,1,0.75,2,0,0,658,3504,988.1180851063829,5.0
20265,1.0,2944,2026-02-21T10:40,COMPLETA,3015.3059,935.25,323.0,136.0,384.0,1,0.75,2,0,0,659,3506,987.2013657056145,5.0
20265,1.0,2945,2026-02-21T10:50,COMPLETA,2998.9373,935.25,323.0,136.0,384.0,1,0.75,2,0,0,659,3506,987.2013657056145,5.0
20265,1.0,2946,2026-02-21T11:00,COMPLETA,3077.8683,935.25,323.0,136.0,384.0,1,0.75,2,0,0,660,3507,988.7980303030303,5.0
20265,1.0,2947,2026-02-21T11:10,COMPLETA,3268.2124,935.25,323.0,136.0,384.0,1,0.75,2,0,0,660,3507,988.7980303030303,5.0
20265,1.0,2948,2026-02-21T11:20,COMPLETA,2967.553,935.25,323.0,136.0,384.0,1,0.75,2,0,0,661,3512,989.5547655068078,5.0
20265,1.0,2949,2026-02-21T11:30,COMPLETA,3130.5711,935.25,323.0,136.0,384.0,1,0.75,2,0,0,661,3512,989.5547655068078,5.0
20265,1.0,2950,2026-02-21T11:40,COMPLETA,3592.084,1226.0,323.0,190.0,585.0,2,0.5625,3,0,0,662,3520,988.2903323262839,5.0
20265,1.0,2951,2026-02-21T11:50,COMPLETA,4024.0908,1357.125,323.0,308.0,882.0,3,0.5138888888888888,4,0,0,663,3529,987.3049773755655,5.0
20265,1.0,2952,2026-02-21T12:00,COMPLETA,4324.8012,1357.125,323.0,308.0,882.0,3,0.5138888888888888,4,0,0,664,3533,988.9272590361445,5.0
20265,1.0,2953,2026-02-21T12:10,COMPLETA,4201.5896,1357.125,323.0,308.0,882.0,3,0.5138888888888888,4,0,0,664,3533,988.9272590361445,5.0
20265,1.0,2954,2026-02-21T12:20,COMPLETA,4331.4565,1357.125,323.0,308.0,882.0,3,0.5138888888888888,4,0,0,664,3533,988.9272590361445,5.0
20265,1.0,2955,2026-02-21T12:30,COMPLETA,5181.8034,1450.8,323.0,301.0,931.5,3,0.6111111111111112,5,0,0,664,3533,988.9272590361445,5.0
20265,1.0,2956,2026-02-21T12:40,COMPLETA,5471.1979,1226.25,172.5,397.0,1195.5,4,0.5104166666666666,6,0,0,665,3540,989.7461654135337,5.0
20265,1.0,2957,2026-02-21T12:50,COMPLETA,5791.5026,1226.25,172.5,397.0,1195.5,4,0.5104166666666666,6,0,0,665,3540,989.7461654135337,5.0
20265,1.0,2958,2026-02-21T13:00,COMPLETA,5559.4663,1226.25,172.5,397.0,1195.5,4,0.5104166666666666,6,0,0,665,3540,989.7461654135337,5.0
20265,1.0,2959,2026-02-21T13:10,COMPLETA,5424.2334,1226.25,172.5,397.0,1195.5,4,0.5104166666666666,6,0,0,665,3540,989.7461654135337,5.0
20265,1.0,2960,2026-02-21T13:20,COMPLETA,5127.7279,1226.25,172.5,397.0,1195.5,4,0.5104166666666666,6,0,0,665,3540,989.7461654135337,5.0
20265,1.0,2961,2026-02-21T13:30,COMPLETA,5331.5092,1226.25,172.5,397.0,1195.5,4,0.5104166666666666,6,0,0,665,3540,989.7461654135337,5.0
20265,1.0,2962,2026-02-21T13:40,COMPLETA,5994.8044,1106.2857142857142,172.5,436.0,1314.0,4,0.6041666666666666,7,0,0,665,3540,989.7461654135337,5.0
20265,1.0,2963,2026-02-21T13:50,COMPLETA,6251.5282,1106.2857142857142,172.5,436.0,1314.0,4,0.6041666666666666,7,0,0,665,3540,989.7461654135337,5.0
20265,1.0,2964,2026-02-21T14:00,COMPLETA,6242.2601,1106.2857142857142,172.5,436.0,1314.0,4,0.6041666666666666,7,0,0,665,3540,989.7461654135337,5.0
20265,1.0,2965,2026-02-21T14:10,COMPLETA,6050.767,1106.2857142857142,172.5,436.0,1314.0,4,0.6041666666666666,7,0,0,665,3540,989.7461654135337,5.0
20265,1.0,2966,2026-02-21T14:20,COMPLETA,5857.0095,1106.2857142857142,172.5,436.0,1314.0,4,0.6041666666666666,7,0,0,665,3540,989.7461654135337,5.0
20265,1.0,2967,2026-02-21T14:30,COMPLETA,7438.1917,1038.4375,172.5,471.0,1546.5,6,0.4166666666666667,8,0,0,665,3540,989.7461654135337,5.0
20265,1.0,2968,2026-02-21T14:40,COMPLETA,7521.386,1038.4375,172.5,471.0,1546.5,6,0.4166666666666667,8,0,0,665,3540,989.7461654135337,5.0
20265,1.0,2969,2026-02-21T14:50,COMPLETA,7608.1343,1038.4375,172.5,471.0,1546.5,6,0.4166666666666667,8,0,0,665,3540,989.7461654135337,5.0
20265,1.0,2970,2026-02-21T15:00,COMPLETA,7618.6236,1038.4375,172.5,471.0,1546.5,6,0.4166666666666667,8,0,6,665,3540,989.7461654135337,5.0
20265,1.0,2971,2026-02-21T15:10,SIN_DEMANDA,0,,,,,,,0,0,0,665,3540,989.7461654135337,5.0
20265,1.0,2972,2026-02-21T15:20,SIN_DEMANDA,0,,,,,,,0,0,0,665,3540,989.7461654135337,5.0
20265,1.0,2973,2026-02-21T15:30,SIN_DEMANDA,0,,,,,,,0,0,0,665,3540,989.7461654135337,5.0
20265,1.0,2974,2026-02-21T15:40,COMPLETA,1023.7713,2079.0,2079.0,28.0,162.0,1,0.16666666666666666,1,0,1,665,3540,989.7461654135337,5.0
20265,1.0,2975,2026-02-21T15:50,SIN_DEMANDA,0,,,,,,,0,0,0,665,3540,989.7461654135337,5.0
20265,1.0,2976,2026-02-21T16:00,COMPLETA,2681.9845,16.25,12.0,100.0,390.0,2,0.22916666666666666,2,0,0,665,3540,989.7461654135337,5.0
20265,1.0,2977,2026-02-21T16:10,COMPLETA,2718.2188,16.25,12.0,100.0,390.0,2,0.22916666666666666,2,0,0,665,3540,989.7461654135337,5.0
20265,1.0,2978,2026-02-21T16:20,COMPLETA,2815.5717,37.333333333333336,12.0,242.0,723.0,3,0.2638888888888889,3,0,0,665,3540,989.7461654135337,5.0
20265,1.0,2979,2026-02-21T16:30,COMPLETA,2872.1919,37.333333333333336,12.0,242.0,723.0,3,0.2638888888888889,3,0,0,666,3548,988.8576576576576,5.0
20265,1.0,2980,2026-02-21T16:40,COMPLETA,3133.0815,37.333333333333336,12.0,242.0,723.0,3,0.2638888888888889,3,0,0,667,3550,987.9005997001499,5.0
20265,1.0,2981,2026-02-21T16:50,COMPLETA,3131.7151,37.333333333333336,12.0,242.0,723.0,3,0.2638888888888889,3,0,0,667,3550,987.9005997001499,5.0
20265,1.0,2982,2026-02-21T17:00,COMPLETA,3047.2394,37.333333333333336,12.0,242.0,723.0,3,0.2638888888888889,3,0,0,667,3550,987.9005997001499,5.0
20265,1.0,2983,2026-02-21T17:10,COMPLETA,3165.3682,37.333333333333336,12.0,242.0,723.0,3,0.2638888888888889,3,0,0,668,3554,989.533982035928,5.0
20265,1.0,2984,2026-02-21T17:20,COMPLETA,2985.3837,37.333333333333336,12.0,242.0,723.0,3,0.2638888888888889,3,0,0,668,3554,989.533982035928,5.0
20265,1.0,2985,2026-02-21T17:30,COMPLETA,3588.8689,446.25,12.0,317.0,895.5,4,0.3020833333333333,4,0,0,668,3554,989.533982035928,5.0
20265,1.0,2986,2026-02-21T17:40,COMPLETA,3309.9353,446.25,12.0,317.0,835.5,4,0.3020833333333333,4,0,1,669,3561,990.8239162929746,5.0
20265,1.0,2987,2026-02-21T17:50,COMPLETA,3164.7109,588.1666666666666,12.0,260.0,690.0,3,0.3194444444444444,3,0,0,671,3575,988.8378539493293,5.0
20265,1.0,2988,2026-02-21T18:00,COMPLETA,3075.7304,588.1666666666666,12.0,260.0,690.0,3,0.3194444444444444,3,0,1,671,3575,988.8378539493293,5.0
20265,1.0,2989,2026-02-21T18:10,COMPLETA,2809.4711,876.25,79.5,217.0,565.5,2,0.375,2,0,0,672,3584,989.9936011904762,5.0
20265,1.0,2990,2026-02-21T18:20,COMPLETA,3261.065,876.25,79.5,217.0,565.5,2,0.375,2,0,0,672,3584,989.9936011904762,5.0
20265,1.0,2991,2026-02-21T18:30,COMPLETA,3450.5143,876.25,79.5,217.0,565.5,2,0.375,2,0,0,672,3584,989.9936011904762,5.0
20265,1.0,2992,2026-02-21T18:40,COMPLETA,2959.8031,876.25,79.5,217.0,565.5,2,0.375,2,0,0,672,3584,989.9936011904762,5.0
20265,1.0,2993,2026-02-21T18:50,COMPLETA,3069.618,876.25,79.5,217.0,565.5,2,0.375,2,0,0,672,3584,989.9936011904762,5.0
20265,1.0,2994,2026-02-21T19:00,COMPLETA,2957.1647,876.25,79.5,217.0,565.5,2,0.375,2,0,0,672,3584,989.9936011904762,5.0
20265,1.0,2995,2026-02-21T19:10,COMPLETA,3124.0834,1277.0,79.5,235.0,652.5,3,0.2638888888888889,3,0,1,672,3584,989.9936011904762,5.0
20265,1.0,2996,2026-02-21T19:20,COMPLETA,3085.6913,876.25,79.5,217.0,565.5,2,0.375,2,0,0,673,3594,991.0523031203566,5.0
20265,1.0,2997,2026-02-21T19:30,COMPLETA,2954.7081,876.25,79.5,217.0,565.5,2,0.375,2,0,0,674,3604,991.9402077151335,5.0
20265,1.0,2998,2026-02-21T19:40,COMPLETA,2789.4521,876.25,79.5,217.0,565.5,2,0.375,2,0,0,675,3610,990.501037037037,5.0
20265,1.0,2999,2026-02-21T19:50,COMPLETA,2661.3763,876.25,79.5,217.0,565.5,2,0.375,2,0,0,676,3615,989.0535502958579,5.0
20265,1.0,3000,2026-02-21T20:00,COMPLETA,3453.5273,1171.0,79.5,223.0,634.5,2,0.5833333333333334,3,0,0,676,3615,989.0535502958579,5.0
20265,1.0,3001,2026-02-21T20:10,COMPLETA,3367.5461,1171.0,79.5,223.0,634.5,2,0.5833333333333334,3,0,0,676,3615,989.0535502958579,5.0
20265,1.0,3002,2026-02-21T20:20,COMPLETA,3149.7064,1171.0,79.5,223.0,634.5,2,0.5833333333333334,3,0,0,676,3615,989.0535502958579,5.0
20265,1.0,3003,2026-02-21T20:30,COMPLETA,3168.1656,1171.0,79.5,223.0,634.5,2,0.5833333333333334,3,0,0,677,3616,990.6627769571639,5.0
20265,1.0,3004,2026-02-21T20:40,COMPLETA,3871.1815,1336.75,79.5,321.0,901.5,3,0.5277777777777778,4,0,0,677,3616,990.6627769571639,5.0
20265,1.0,3005,2026-02-21T20:50,COMPLETA,3861.7811,1336.75,79.5,321.0,901.5,3,0.5277777777777778,4,0,0,677,3616,990.6627769571639,5.0
20265,1.0,3006,2026-02-21T21:00,COMPLETA,4058.3708,1336.75,79.5,321.0,901.5,3,0.5277777777777778,4,0,0,677,3616,990.6627769571639,5.0
20265,1.0,3007,2026-02-21T21:10,COMPLETA,3972.7149,1336.75,79.5,321.0,901.5,3,0.5277777777777778,4,0,0,677,3616,990.6627769571639,5.0
20265,1.0,3008,2026-02-21T21:20,COMPLETA,4373.4647,1458.2,79.5,389.0,1123.5,4,0.4270833333333333,5,0,0,677,3616,990.6627769571639,5.0
20265,1.0,3009,2026-02-21T21:30,COMPLETA,4404.4503,1458.2,79.5,389.0,1123.5,4,0.4270833333333333,5,0,0,677,3616,990.6627769571639,5.0
20265,1.0,3010,2026-02-21T21:40,COMPLETA,4776.475,1337.1666666666667,19.5,389.0,1183.5,4,0.53125,6,0,0,677,3616,990.6627769571639,5.0
20265,1.0,3011,2026-02-21T21:50,COMPLETA,5048.4586,1337.1666666666667,19.5,389.0,1183.5,4,0.53125,6,0,0,677,3616,990.6627769571639,5.0
20265,1.0,3012,2026-02-21T22:00,COMPLETA,5663.7654,1337.1666666666667,19.5,389.0,1183.5,4,0.53125,6,0,0,677,3616,990.6627769571639,5.0
20265,1.0,3013,2026-02-21T22:10,COMPLETA,5318.5698,1337.1666666666667,19.5,389.0,1183.5,4,0.53125,6,0,0,677,3616,990.6627769571639,5.0
20265,1.0,3014,2026-02-21T22:20,COMPLETA,6472.7101,1235.7142857142858,147.0,500.0,1590.0,6,0.375,7,0,0,677,3616,990.6627769571639,5.0
20265,1.0,3015,2026-02-21T22:30,COMPLETA,6150.0052,1235.7142857142858,147.0,500.0,1590.0,6,0.375,7,0,0,677,3616,990.6627769571639,5.0
20265,1.0,3016,2026-02-21T22:40,COMPLETA,6206.8446,1235.7142857142858,147.0,500.0,1590.0,6,0.375,7,0,0,677,3616,990.6627769571639,5.0
20265,1.0,3017,2026-02-21T22:50,COMPLETA,6277.5323,1235.7142857142858,147.0,500.0,1590.0,6,0.375,7,0,0,677,3616,990.6627769571639,5.0
20265,1.0,3018,2026-02-21T23:00,COMPLETA,5877.0894,1235.7142857142858,147.0,500.0,1590.0,6,0.375,7,0,6,677,3616,990.6627769571639,5.0
20265,1.0,3019,2026-02-21T23:10,SIN_DEMANDA,0,,,,,,,0,0,0,677,3616,990.6627769571639,5.0
20265,1.0,3020,2026-02-21T23:20,SIN_DEMANDA,0,,,,,,,0,0,0,677,3616,990.6627769571639,5.0
20265,1.0,3021,2026-02-21T23:30,SIN_DEMANDA,0,,,,,,,0,0,0,677,3616,990.6627769571639,5.0
20265,1.0,3022,2026-02-21T23:40,SIN_DEMANDA,0,,,,,,,0,0,0,677,3616,990.6627769571639,5.0
20265,1.0,3023,2026-02-21T23:50,SIN_DEMANDA,0,,,,,,,0,0,0,677,3616,990.6627769571639,5.0
20265,1.0,3024,2026-02-22T00:00,SIN_DEMANDA,0,,,,,,,0,0,0,677,3616,990.6627769571639,5.0
20265,1.0,3025,2026-02-22T00:10,COMPLETA,1109.4365,2074.5,2074.5,34.0,171.0,1,0.125,1,0,1,677,3616,990.6627769571639,5.0
20265,1.0,3026,2026-02-22T00:20,SIN_DEMANDA,0,,,,,,,0,0,0,678,3619,990.0843657817109,5.0
20265,1.0,3027,2026-02-22T00:30,COMPLETA,1192.3404,613.5,613.5,50.0,195.0,1,0.125,1,0,1,678,3619,990.0843657817109,5.0
20265,1.0,3028,2026-02-22T00:40,SIN_DEMANDA,0,,,,,,,0,0,0,678,3619,990.0843657817109,5.0
20265,1.0,3029,2026-02-22T00:50,SIN_DEMANDA,0,,,,,,,0,0,0,678,3619,990.0843657817109,5.0
20265,1.0,3030,2026-02-22T01:00,SIN_DEMANDA,0,,,,,,,0,0,0,679,3622,991.4892488954343,5.0
20265,1.0,3031,2026-02-22T01:10,SIN_DEMANDA,0,,,,,,,0,0,0,679,3622,991.4892488954343,5.0
20265,1.0,3032,2026-02-22T01:20,SIN_DEMANDA,0,,,,,,,0,0,0,679,3622,991.4892488954343,5.0
20265,1.0,3033,2026-02-22T01:30,COMPLETA,2418.2929,1607.5,1607.5,124.0,306.0,1,0.4166666666666667,1,0,0,680,3632,992.4914705882352,5.0
20265,1.0,3034,2026-02-22T01:40,COMPLETA,3002.396,868.25,216.0,142.0,393.0,1,0.75,2,0,0,681,3643,994.0803230543318,5.0
20265,1.0,3035,2026-02-22T01:50,COMPLETA,3299.903,868.25,216.0,142.0,393.0,1,0.75,2,0,0,682,3651,992.8382697947213,5.0
20265,1.0,3036,2026-02-22T02:00,COMPLETA,3257.9618,868.25,216.0,142.0,393.0,1,0.75,2,0,0,683,3661,994.0698389458272,5.0
20265,1.0,3037,2026-02-22T02:10,COMPLETA,3207.6316,868.25,216.0,142.0,393.0,1,0.75,2,0,0,684,3664,993.5134502923976,5.0
20265,1.0,3038,2026-02-22T02:20,COMPLETA,3236.4289,1163.6666666666667,216.0,209.0,613.5,2,0.5416666666666666,3,0,0,684,3664,993.5134502923976,5.0
20265,1.0,3039,2026-02-22T02:30,COMPLETA,3100.5594,1163.6666666666667,216.0,209.0,613.5,2,0.5416666666666666,3,0,0,684,3664,993.5134502923976,5.0
20265,1.0,3040,2026-02-22T02:40,COMPLETA,3343.5193,1163.6666666666667,216.0,209.0,613.5,2,0.5416666666666666,3,0,0,685,3666,994.6331386861314,5.0
20265,1.0,3041,2026-02-22T02:50,COMPLETA,3416.9714,1163.6666666666667,216.0,209.0,613.5,2,0.5416666666666666,3,0,0,685,3666,994.6331386861314,5.0
20265,1.0,3042,2026-02-22T03:00,COMPLETA,3289.9286,1163.6666666666667,216.0,209.0,613.5,2,0.5416666666666666,3,0,0,685,3666,994.6331386861314,5.0
20265,1.0,3043,2026-02-22T03:10,COMPLETA,3327.5938,1163.6666666666667,216.0,209.0,613.5,2,0.5416666666666666,3,0,0,685,3666,994.6331386861314,5.0
20265,1.0,3044,2026-02-22T03:20,COMPLETA,2970.7408,1163.6666666666667,216.0,209.0,613.5,2,0.5416666666666666,3,0,0,685,3666,994.6331386861314,5.0
20265,1.0,3045,2026-02-22T03:30,COMPLETA,3027.0118,1163.6666666666667,216.0,209.0,613.5,2,0.5416666666666666,3,0,0,685,3666,994.6331386861314,5.0
20265,1.0,3046,2026-02-22T03:40,COMPLETA,3285.6206,1223.1666666666667,216.0,209.0,553.5,2,0.5416666666666666,3,0,0,685,3666,994.6331386861314,5.0
20265,1.0,3047,2026-02-22T03:50,COMPLETA,3549.3061,1421.25,216.0,280.0,720.0,3,0.4305555555555556,4,0,1,685,3666,994.6331386861314,5.0
20265,1.0,3048,2026-02-22T04:00,COMPLETA,3296.9542,937.5,80.5,292.0,738.0,3,0.4722222222222222,4,0,2,686,3676,994.1934402332361,5.0
20265,1.0,3049,2026-02-22T04:10,COMPLETA,3699.8563,609.6666666666666,92.5,233.0,589.5,2,0.5,3,0,1,686,3676,994.1934402332361,5.0
20265,1.0,3050,2026-02-22T04:20,COMPLETA,3267.9032,868.25,216.0,142.0,393.0,1,0.75,2,0,0,686,3676,994.1934402332361,5.0
20265,1.0,3051,2026-02-22T04:30,COMPLETA,3076.3636,868.25,216.0,142.0,393.0,1,0.75,2,0,0,686,3676,994.1934402332361,5.0
20265,1.0,3052,2026-02-22T04:40,COMPLETA,3554.4511,868.25,216.0,142.0,393.0,1,0.75,2,0,0,686,3676,994.1934402332361,5.0
20265,1.0,3053,2026-02-22T04:50,COMPLETA,2844.0611,1266.1666666666667,216.0,186.0,519.0,2,0.4166666666666667,3,0,1,686,3676,994.1934402332361,5.0
20265,1.0,3054,2026-02-22T05:00,COMPLETA,3048.1024,868.25,216.0,142.0,393.0,1,0.75,2,0,0,686,3676,994.1934402332361,5.0
20265,1.0,3055,2026-02-22T05:10,COMPLETA,2788.2475,868.25,216.0,142.0,393.0,1,0.75,2,0,0,686,3676,994.1934402332361,5.0
20265,1.0,3056,2026-02-22T05:20,COMPLETA,2968.0927,868.25,216.0,142.0,393.0,1,0.75,2,0,0,686,3676,994.1934402332361,5.0
20265,1.0,3057,2026-02-22T05:30,COMPLETA,2968.9502,868.25,216.0,142.0,393.0,1,0.75,2,0,0,686,3676,994.1934402332361,5.0
20265,1.0,3058,2026-02-22T05:40,COMPLETA,2739.2402,868.25,216.0,142.0,393.0,1,0.75,2,0,0,686,3676,994.1934402332361,5.0
20265,1.0,3059,2026-02-22T05:50,COMPLETA,3133.0908,1220.3333333333333,216.0,216.0,705.0,2,0.4791666666666667,3,0,0,686,3676,994.1934402332361,5.0
20265,1.0,3060,2026-02-22T06:00,COMPLETA,3242.7628,1367.5,13.5,375.0,1111.5,3,0.3888888888888889,4,0,0,686,3676,994.1934402332361,5.0
20265,1.0,3061,2026-02-22T06:10,COMPLETA,3287.255,1367.5,13.5,375.0,1111.5,3,0.3888888888888889,4,0,0,687,3684,995.5599708879184,5.0
20265,1.0,3062,2026-02-22T06:20,COMPLETA,3196.2618,1367.5,13.5,375.0,1111.5,3,0.3888888888888889,4,0,0,688,3689,997.042441860465,5.0
20265,1.0,3063,2026-02-22T06:30,COMPLETA,3191.8514,1367.5,13.5,375.0,1111.5,3,0.3888888888888889,4,0,0,689,3691,998.588098693759,5.0
20265,1.0,3064,2026-02-22T06:40,COMPLETA,4176.22,1322.5833333333333,162.0,327.0,1117.5,4,0.3958333333333333,6,0,0,691,3705,995.9481910274964,5.0
20265,1.0,3065,2026-02-22T06:50,COMPLETA,4096.8401,1322.5833333333333,162.0,327.0,1117.5,4,0.3958333333333333,6,0,0,691,3705,995.9481910274964,5.0
20265,1.0,3066,2026-02-22T07:00,COMPLETA,4613.8952,1443.642857142857,216.0,319.0,1198.5,5,0.325,7,0,5,691,3705,995.9481910274964,5.0
20265,1.0,3067,2026-02-22T07:10,SIN_DEMANDA,0,,,,,,,0,0,0,691,3705,995.9481910274964,5.0
20265,1.0,3068,2026-02-22T07:20,COMPLETA,1671.7437,103.5,103.5,46.0,189.0,1,0.3333333333333333,1,0,0,691,3705,995.9481910274964,5.0
20265,1.0,3069,2026-02-22T07:30,COMPLETA,1504.1359,103.5,103.5,46.0,189.0,1,0.3333333333333333,1,0,0,691,3705,995.9481910274964,5.0
20265,1.0,3070,2026-02-22T07:40,COMPLETA,2301.9258,116.0,103.5,104.0,396.0,2,0.1875,2,0,1,691,3705,995.9481910274964,5.0
20265,1.0,3071,2026-02-22T07:50,COMPLETA,1576.5495,103.5,103.5,46.0,189.0,1,0.3333333333333333,1,0,0,691,3705,995.9481910274964,5.0
20265,1.0,3072,2026-02-22T08:00,COMPLETA,1623.8772,103.5,103.5,46.0,189.0,1,0.3333333333333333,1,0,0,691,3705,995.9481910274964,5.0
20265,1.0,3073,2026-02-22T08:10,COMPLETA,2848.5789,554.25,103.5,62.0,333.0,2,0.25,2,0,1,692,3706,997.536416184971,5.0
20265,1.0,3074,2026-02-22T08:20,COMPLETA,2946.4381,156.0,133.5,110.0,405.0,2,0.2916666666666667,2,0,0,692,3706,997.536416184971,5.0
20265,1.0,3075,2026-02-22T08:30,COMPLETA,2925.7222,156.0,133.5,110.0,405.0,2,0.2916666666666667,2,0,0,694,3712,998.0853025936599,5.0
20265,1.0,3076,2026-02-22T08:40,COMPLETA,2587.3372,156.0,133.5,110.0,405.0,2,0.2916666666666667,2,0,0,694,3712,998.0853025936599,5.0
20265,1.0,3077,2026-02-22T08:50,COMPLETA,2703.179,156.0,133.5,110.0,405.0,2,0.2916666666666667,2,0,0,694,3712,998.0853025936599,5.0
20265,1.0,3078,2026-02-22T09:00,COMPLETA,2553.1498,156.0,133.5,110.0,405.0,2,0.2916666666666667,2,0,0,695,3717,999.4787050359712,5.0
20265,1.0,3079,2026-02-22T09:10,COMPLETA,2802.0836,156.0,133.5,110.0,405.0,2,0.2916666666666667,2,0,0,695,3717,999.4787050359712,5.0
20265,1.0,3080,2026-02-22T09:20,COMPLETA,2994.4632,116.33333333333333,37.0,162.0,603.0,3,0.3194444444444444,3,0,0,695,3717,999.4787050359712,5.0
20265,1.0,3081,2026-02-22T09:30,COMPLETA,3210.8926,116.33333333333333,37.0,162.0,603.0,3,0.3194444444444444,3,0,0,697,3722,998.2370157819224,5.0
20265,1.0,3082,2026-02-22T09:40,COMPLETA,2983.0052,116.33333333333333,37.0,162.0,603.0,3,0.3194444444444444,3,0,0,697,3722,998.2370157819224,5.0
20265,1.0,3083,2026-02-22T09:50,COMPLETA,3080.1494,608.25,37.0,174.0,681.0,4,0.2708333333333333,4,0,1,697,3722,998.2370157819224,5.0
20265,1.0,3084,2026-02-22T10:00,COMPLETA,3366.4892,553.875,103.5,401.0,1081.5,5,0.26666666666666666,4,0,0,698,3730,997.1163323782234,5.0
20265,1.0,3085,2026-02-22T10:10,COMPLETA,3301.1994,553.875,103.5,401.0,1081.5,5,0.26666666666666666,4,0,0,698,3730,997.1163323782234,5.0
20265,1.0,3086,2026-02-22T10:20,COMPLETA,3245.5955,553.875,103.5,401.0,1081.5,5,0.26666666666666666,4,0,0,698,3730,997.1163323782234,5.0
20265,1.0,3087,2026-02-22T10:30,COMPLETA,3293.9283,553.875,103.5,401.0,1021.5,5,0.26666666666666666,4,0,2,699,3739,998.4530758226036,5.0
20265,1.0,3088,2026-02-22T10:40,COMPLETA,3366.2701,645.8333333333334,26.5,276.0,714.0,3,0.3472222222222222,3,0,0,699,3739,998.4530758226036,5.0
20265,1.0,3089,2026-02-22T10:50,COMPLETA,3393.841,645.8333333333334,26.5,276.0,714.0,3,0.3472222222222222,3,0,0,699,3739,998.4530758226036,5.0
20265,1.0,3090,2026-02-22T11:00,COMPLETA,2821.2674,645.8333333333334,26.5,276.0,714.0,3,0.3472222222222222,3,0,1,700,3742,1000.0038571428571,5.0
20265,1.0,3091,2026-02-22T11:10,COMPLETA,3079.0104,976.5,223.0,120.0,420.0,2,0.3541666666666667,2,0,0,700,3742,1000.0038571428571,5.0
20265,1.0,3092,2026-02-22T11:20,COMPLETA,2962.7254,976.5,223.0,120.0,420.0,2,0.3541666666666667,2,0,0,700,3742,1000.0038571428571,5.0
20265,1.0,3093,2026-02-22T11:30,COMPLETA,2863.4987,976.5,223.0,120.0,360.0,2,0.3541666666666667,2,0,0,700,3742,1000.0038571428571,5.0
20265,1.0,3094,2026-02-22T11:40,COMPLETA,2699.286,976.5,223.0,120.0,360.0,2,0.3541666666666667,2,0,0,700,3742,1000.0038571428571,5.0
20265,1.0,3095,2026-02-22T11:50,COMPLETA,2949.8882,980.5,223.0,150.0,465.0,3,0.2777777777777778,3,0,2,700,3742,1000.0038571428571,5.0
20265,1.0,3096,2026-02-22T12:00,COMPLETA,2298.0079,1688.0,1688.0,96.0,264.0,1,0.375,1,0,0,700,3742,1000.0038571428571,5.0
20265,1.0,3097,2026-02-22T12:10,COMPLETA,2062.7555,1688.0,1688.0,96.0,264.0,1,0.375,1,0,0,701,3752,1000.7463623395149,5.0
20265,1.0,3098,2026-02-22T12:20,COMPLETA,2882.2114,1040.5,393.0,120.0,360.0,2,0.25,2,0,1,702,3758,999.6612535612535,5.0
20265,1.0,3099,2026-02-22T12:30,COMPLETA,2364.9477,1688.0,1688.0,96.0,264.0,1,0.375,1,0,0,702,3758,999.6612535612535,5.0
20265,1.0,3100,2026-02-22T12:40,COMPLETA,2190.7191,1688.0,1688.0,96.0,264.0,1,0.375,1,0,0,702,3758,999.6612535612535,5.0
20265,1.0,3101,2026-02-22T12:50,COMPLETA,2486.9369,1688.0,1688.0,96.0,264.0,1,0.375,1,0,0,702,3758,999.6612535612535,5.0
20265,1.0,3102,2026-02-22T13:00,COMPLETA,2029.7714,1688.0,1688.0,96.0,264.0,1,0.375,1,0,0,702,3758,999.6612535612535,5.0
20265,1.0,3103,2026-02-22T13:10,COMPLETA,2351.9289,1688.0,1688.0,96.0,264.0,1,0.375,1,0,0,702,3758,999.6612535612535,5.0
20265,1.0,3104,2026-02-22T13:20,COMPLETA,2846.6402,915.0,142.0,120.0,360.0,2,0.3333333333333333,2,0,0,703,3761,999.6453769559032,5.0
20265,1.0,3105,2026-02-22T13:30,COMPLETA,2995.5142,915.0,142.0,120.0,360.0,2,0.3333333333333333,2,0,1,703,3761,999.6453769559032,5.0
20265,1.0,3106,2026-02-22T13:40,COMPLETA,2946.3328,1725.75,1679.0,152.0,408.0,1,0.5833333333333334,2,0,0,705,3773,997.6790070921985,5.0
20265,1.0,3107,2026-02-22T13:50,COMPLETA,2908.678,1725.75,1679.0,152.0,408.0,1,0.5833333333333334,2,0,0,705,3773,997.6790070921985,5.0
20265,1.0,3108,2026-02-22T14:00,COMPLETA,3370.9671,1566.0,885.0,295.0,862.5,3,0.3333333333333333,4,0,0,705,3773,997.6790070921985,5.0
20265,1.0,3109,2026-02-22T14:10,COMPLETA,3156.5833,1566.0,885.0,295.0,862.5,3,0.3333333333333333,4,0,0,705,3773,997.6790070921985,5.0
20265,1.0,3110,2026-02-22T14:20,COMPLETA,3305.6101,1566.0,885.0,295.0,862.5,3,0.3333333333333333,4,0,0,705,3773,997.6790070921985,5.0
20265,1.0,3111,2026-02-22T14:30,COMPLETA,3408.7282,1566.0,885.0,295.0,862.5,3,0.3333333333333333,4,0,0,705,3773,997.6790070921985,5.0
20265,1.0,3112,2026-02-22T14:40,COMPLETA,3300.096,1566.0,885.0,295.0,862.5,3,0.3333333333333333,4,0,0,705,3773,997.6790070921985,5.0
20265,1.0,3113,2026-02-22T14:50,COMPLETA,3572.5181,1566.0,885.0,295.0,862.5,3,0.3333333333333333,4,0,0,706,3781,996.3033994334277,5.0
20265,1.0,3114,2026-02-22T15:00,COMPLETA,3254.7748,1566.0,885.0,295.0,862.5,3,0.3333333333333333,4,0,3,707,3788,995.0950495049505,5.0
20265,1.0,3115,2026-02-22T15:10,SIN_DEMANDA,0,,,,,,,0,0,0,707,3788,995.0950495049505,5.0
20265,1.0,3116,2026-02-22T15:20,SIN_DEMANDA,0,,,,,,,0,0,0,707,3788,995.0950495049505,5.0
20265,1.0,3117,2026-02-22T15:30,SIN_DEMANDA,0,,,,,,,0,0,0,707,3788,995.0950495049505,5.0
20265,1.0,3118,2026-02-22T15:40,SIN_DEMANDA,0,,,,,,,0,0,0,707,3788,995.0950495049505,5.0
20265,1.0,3119,2026-02-22T15:50,SIN_DEMANDA,0,,,,,,,0,0,0,707,3788,995.0950495049505,5.0
20265,1.0,3120,2026-02-22T16:00,SIN_DEMANDA,0,,,,,,,0,0,0,707,3788,995.0950495049505,5.0
20265,1.0,3121,2026-02-22T16:10,SIN_DEMANDA,0,,,,,,,0,0,0,707,3788,995.0950495049505,5.0
20265,1.0,3122,2026-02-22T16:20,SIN_DEMANDA,0,,,,,,,0,0,0,707,3788,995.0950495049505,5.0
20265,1.0,3123,2026-02-22T16:30,SIN_DEMANDA,0,,,,,,,0,0,0,707,3788,995.0950495049505,5.0
20265,1.0,3124,2026-02-22T16:40,SIN_DEMANDA,0,,,,,,,0,0,0,707,3788,995.0950495049505,5.0
20265,1.0,3125,2026-02-22T16:50,SIN_DEMANDA,0,,,,,,,0,0,0,707,3788,995.0950495049505,5.0
20265,1.0,3126,2026-02-22T17:00,SIN_DEMANDA,0,,,,,,,0,0,0,707,3788,995.0950495049505,5.0
20265,1.0,3127,2026-02-22T17:10,SIN_DEMANDA,0,,,,,,,0,0,0,707,3788,995.0950495049505,5.0
20265,1.0,3128,2026-02-22T17:20,SIN_DEMANDA,0,,,,,,,0,0,0,708,3792,994.9395480225988,5.0
20265,1.0,3129,2026-02-22T17:30,COMPLETA,1991.1869,1628.0,1628.0,128.0,312.0,1,0.4166666666666667,1,0,0,708,3792,994.9395480225988,5.0
20265,1.0,3130,2026-02-22T17:40,COMPLETA,1975.0015,1628.0,1628.0,128.0,312.0,1,0.4166666666666667,1,0,0,708,3792,994.9395480225988,5.0
20265,1.0,3131,2026-02-22T17:50,COMPLETA,2176.4869,1628.0,1628.0,128.0,312.0,1,0.4166666666666667,1,0,0,709,3798,996.2548660084626,5.0
20265,1.0,3132,2026-02-22T18:00,COMPLETA,2612.1542,1120.0,612.0,138.0,447.0,2,0.22916666666666666,2,0,0,710,3807,997.2164788732393,5.0
20265,1.0,3133,2026-02-22T18:10,COMPLETA,2524.