semilla,factor_carga,ciclo,instante,estado,Ta_ms,holgura_plan_promedio_min,holgura_plan_minima_min,distancia_plan_km,tiempo_plan_rutas_min,vehiculos_plan,utilizacion_capacidad_plan,pedidos_plan,paquetes_sin_plan,rutas_despachadas,pedidos_entregados_acum,paquetes_entregados_acum,holgura_real_promedio_min,holgura_real_minima_min
20265,1.0,0,2026-02-01T00:00,SIN_DEMANDA,0,,,,,,,0,0,0,0,0,,
20265,1.0,1,2026-02-01T00:10,SIN_DEMANDA,0,,,,,,,0,0,0,0,0,,
20265,1.0,2,2026-02-01T00:20,COMPLETA,5138.4907,629.0,629.0,40.0,180.0,1,0.3333333333333333,1,0,1,0,0,,
20265,1.0,3,2026-02-01T00:30,SIN_DEMANDA,0,,,,,,,0,0,0,0,0,,
20265,1.0,4,2026-02-01T00:40,SIN_DEMANDA,0,,,,,,,0,0,0,0,0,,
20265,1.0,5,2026-02-01T00:50,COMPLETA,2481.9566,118.0,118.0,43.0,184.5,1,0.125,1,0,1,0,0,,
20265,1.0,6,2026-02-01T01:00,SIN_DEMANDA,0,,,,,,,0,0,0,0,0,,
20265,1.0,7,2026-02-01T01:10,SIN_DEMANDA,0,,,,,,,0,0,0,0,0,,
20265,1.0,8,2026-02-01T01:20,SIN_DEMANDA,0,,,,,,,0,0,0,0,0,,
20265,1.0,9,2026-02-01T01:30,SIN_DEMANDA,0,,,,,,,0,0,0,0,0,,
20265,1.0,10,2026-02-01T01:40,COMPLETA,3215.0439,2027.5,2027.5,98.0,267.0,2,0.10416666666666667,1,0,2,0,0,,
20265,1.0,11,2026-02-01T01:50,SIN_DEMANDA,0,,,,,,,0,0,0,1,8,629.0,629.0
20265,1.0,12,2026-02-01T02:00,SIN_DEMANDA,0,,,,,,,0,0,0,1,8,629.0,629.0
20265,1.0,13,2026-02-01T02:10,SIN_DEMANDA,0,,,,,,,0,0,0,1,8,629.0,629.0
20265,1.0,14,2026-02-01T02:20,SIN_DEMANDA,0,,,,,,,0,0,0,1,8,629.0,629.0
20265,1.0,15,2026-02-01T02:30,SIN_DEMANDA,0,,,,,,,0,0,0,1,8,629.0,629.0
20265,1.0,16,2026-02-01T02:40,COMPLETA,1618.3826,121.5,121.5,63.0,154.5,1,0.125,1,0,1,1,8,629.0,629.0
20265,1.0,17,2026-02-01T02:50,SIN_DEMANDA,0,,,,,,,0,0,0,2,11,373.5,118.0
20265,1.0,18,2026-02-01T03:00,SIN_DEMANDA,0,,,,,,,0,0,0,2,11,373.5,118.0
20265,1.0,19,2026-02-01T03:10,SIN_DEMANDA,0,,,,,,,0,0,0,2,11,373.5,118.0
20265,1.0,20,2026-02-01T03:20,SIN_DEMANDA,0,,,,,,,0,0,0,2,11,373.5,118.0
20265,1.0,21,2026-02-01T03:30,SIN_DEMANDA,0,,,,,,,0,0,0,2,11,373.5,118.0
20265,1.0,22,2026-02-01T03:40,SIN_DEMANDA,0,,,,,,,0,0,0,2,11,373.5,118.0
20265,1.0,23,2026-02-01T03:50,SIN_DEMANDA,0,,,,,,,0,0,0,3,16,924.8333333333334,118.0
20265,1.0,24,2026-02-01T04:00,SIN_DEMANDA,0,,,,,,,0,0,0,3,16,924.8333333333334,118.0
20265,1.0,25,2026-02-01T04:10,SIN_DEMANDA,0,,,,,,,0,0,0,3,16,924.8333333333334,118.0
20265,1.0,26,2026-02-01T04:20,COMPLETA,2020.0556,989.0,989.0,32.0,108.0,1,0.2916666666666667,1,0,1,3,16,924.8333333333334,118.0
20265,1.0,27,2026-02-01T04:30,SIN_DEMANDA,0,,,,,,,0,0,0,3,16,924.8333333333334,118.0
20265,1.0,28,2026-02-01T04:40,SIN_DEMANDA,0,,,,,,,0,0,0,4,19,724.0,118.0
20265,1.0,29,2026-02-01T04:50,COMPLETA,1516.866,2085.5,2085.5,14.0,81.0,1,0.16666666666666666,1,0,1,4,19,724.0,118.0
20265,1.0,30,2026-02-01T05:00,COMPLETA,2032.0393,2083.0,2083.0,16.0,84.0,1,0.08333333333333333,1,0,1,4,19,724.0,118.0
20265,1.0,31,2026-02-01T05:10,COMPLETA,2402.5087,150.5,150.5,38.0,117.0,1,0.3333333333333333,1,0,1,4,19,724.0,118.0
20265,1.0,32,2026-02-01T05:20,SIN_DEMANDA,0,,,,,,,0,0,0,4,19,724.0,118.0
20265,1.0,33,2026-02-01T05:30,COMPLETA,1883.1333,535.0,535.0,36.0,174.0,1,0.16666666666666666,1,0,0,4,19,724.0,118.0
20265,1.0,34,2026-02-01T05:40,COMPLETA,1942.5379,535.0,535.0,36.0,174.0,1,0.16666666666666666,1,0,0,4,19,724.0,118.0
20265,1.0,35,2026-02-01T05:50,COMPLETA,1819.5389,535.0,535.0,36.0,174.0,1,0.16666666666666666,1,0,0,5,26,777.0,118.0
20265,1.0,36,2026-02-01T06:00,COMPLETA,2301.1536,314.75,94.5,66.0,339.0,2,0.125,2,0,0,5,26,777.0,118.0
20265,1.0,37,2026-02-01T06:10,COMPLETA,2492.3512,314.75,94.5,66.0,339.0,2,0.125,2,0,0,6,30,995.0833333333334,118.0
20265,1.0,38,2026-02-01T06:20,COMPLETA,2230.118,314.75,94.5,66.0,339.0,2,0.125,2,0,0,7,32,1150.5,118.0
20265,1.0,39,2026-02-01T06:30,COMPLETA,2169.7602,314.75,94.5,66.0,339.0,2,0.125,2,0,0,7,32,1150.5,118.0
20265,1.0,40,2026-02-01T06:40,COMPLETA,1606.8016,314.75,94.5,66.0,339.0,2,0.125,2,0,0,8,40,1025.5,118.0
20265,1.0,41,2026-02-01T06:50,COMPLETA,1990.0567,314.75,94.5,66.0,339.0,2,0.125,2,0,0,8,40,1025.5,118.0
20265,1.0,42,2026-02-01T07:00,COMPLETA,2066.4626,314.75,94.5,66.0,339.0,2,0.125,2,0,2,8,40,1025.5,118.0
20265,1.0,43,2026-02-01T07:10,SIN_DEMANDA,0,,,,,,,0,0,0,8,40,1025.5,118.0
20265,1.0,44,2026-02-01T07:20,SIN_DEMANDA,0,,,,,,,0,0,0,8,40,1025.5,118.0
20265,1.0,45,2026-02-01T07:30,SIN_DEMANDA,0,,,,,,,0,0,0,8,40,1025.5,118.0
20265,1.0,46,2026-02-01T07:40,SIN_DEMANDA,0,,,,,,,0,0,0,8,40,1025.5,118.0
20265,1.0,47,2026-02-01T07:50,COMPLETA,1219.0241,398.5,398.5,26.0,159.0,1,0.041666666666666664,1,0,1,8,40,1025.5,118.0
20265,1.0,48,2026-02-01T08:00,SIN_DEMANDA,0,,,,,,,0,0,0,8,40,1025.5,118.0
20265,1.0,49,2026-02-01T08:10,COMPLETA,1922.8406,170.0,170.0,12.0,138.0,1,0.3333333333333333,1,0,1,8,40,1025.5,118.0
20265,1.0,50,2026-02-01T08:20,COMPLETA,1587.2491,2001.5,2001.5,87.0,250.5,1,0.125,1,0,1,8,40,1025.5,118.0
20265,1.0,51,2026-02-01T08:30,SIN_DEMANDA,0,,,,,,,0,0,0,10,46,883.35,94.5
20265,1.0,52,2026-02-01T08:40,SIN_DEMANDA,0,,,,,,,0,0,0,10,46,883.35,94.5
20265,1.0,53,2026-02-01T08:50,SIN_DEMANDA,0,,,,,,,0,0,0,10,46,883.35,94.5
20265,1.0,54,2026-02-01T09:00,COMPLETA,1765.5758,2079.5,2079.5,18.0,87.0,1,0.08333333333333333,1,0,1,10,46,883.35,94.5
20265,1.0,55,2026-02-01T09:10,COMPLETA,2264.4832,854.5,854.5,140.0,509.0,2,0.10416666666666667,1,0,0,11,47,839.2727272727273,94.5
20265,1.0,56,2026-02-01T09:20,COMPLETA,2041.7558,854.5,854.5,140.0,509.0,2,0.10416666666666667,1,0,0,12,55,783.5,94.5
20265,1.0,57,2026-02-01T09:30,COMPLETA,2121.2726,854.5,854.5,140.0,389.0,2,0.10416666666666667,1,0,0,12,55,783.5,94.5
20265,1.0,58,2026-02-01T09:40,COMPLETA,2749.5026,854.5,854.5,140.0,389.0,2,0.10416666666666667,1,0,1,12,55,783.5,94.5
20265,1.0,59,2026-02-01T09:50,COMPLETA,1371.3831,854.5,854.5,14.0,155.0,1,0.16666666666666666,1,0,0,12,55,783.5,94.5
20265,1.0,60,2026-02-01T10:00,COMPLETA,1613.2199,854.5,854.5,14.0,155.0,1,0.16666666666666666,1,0,0,12,55,783.5,94.5
20265,1.0,61,2026-02-01T10:10,COMPLETA,1981.2045,854.5,854.5,14.0,155.0,1,0.16666666666666666,1,0,0,12,55,783.5,94.5
20265,1.0,62,2026-02-01T10:20,COMPLETA,2653.6212,1457.75,854.5,96.0,270.0,2,0.16666666666666666,2,0,2,13,57,883.1923076923077,94.5
20265,1.0,63,2026-02-01T10:30,SIN_DEMANDA,0,,,,,,,0,0,0,13,57,883.1923076923077,94.5
20265,1.0,64,2026-02-01T10:40,SIN_DEMANDA,0,,,,,,,0,0,0,13,57,883.1923076923077,94.5
20265,1.0,65,2026-02-01T10:50,SIN_DEMANDA,0,,,,,,,0,0,0,13,57,883.1923076923077,94.5
20265,1.0,66,2026-02-01T11:00,SIN_DEMANDA,0,,,,,,,0,0,0,14,60,963.0714285714286,94.5
20265,1.0,67,2026-02-01T11:10,COMPLETA,1229.8642,409.0,409.0,12.0,78.0,1,0.125,1,0,1,14,60,963.0714285714286,94.5
20265,1.0,68,2026-02-01T11:20,SIN_DEMANDA,0,,,,,,,0,0,0,14,60,963.0714285714286,94.5
20265,1.0,69,2026-02-01T11:30,COMPLETA,2471.9559,1010.5,1010.5,4.0,126.0,2,0.1875,1,0,2,14,60,963.0714285714286,94.5
20265,1.0,70,2026-02-01T11:40,SIN_DEMANDA,0,,,,,,,0,0,0,14,60,963.0714285714286,94.5
20265,1.0,71,2026-02-01T11:50,SIN_DEMANDA,0,,,,,,,0,0,0,14,60,963.0714285714286,94.5
20265,1.0,72,2026-02-01T12:00,SIN_DEMANDA,0,,,,,,,0,0,0,15,64,1036.2666666666667,94.5
20265,1.0,73,2026-02-01T12:10,SIN_DEMANDA,0,,,,,,,0,0,0,15,64,1036.2666666666667,94.5
20265,1.0,74,2026-02-01T12:20,SIN_DEMANDA,0,,,,,,,0,0,0,16,67,997.0625,94.5
20265,1.0,75,2026-02-01T12:30,SIN_DEMANDA,0,,,,,,,0,0,0,16,67,997.0625,94.5
20265,1.0,76,2026-02-01T12:40,SIN_DEMANDA,0,,,,,,,0,0,0,17,76,997.8529411764706,94.5
20265,1.0,77,2026-02-01T12:50,SIN_DEMANDA,0,,,,,,,0,0,0,17,76,997.8529411764706,94.5
20265,1.0,78,2026-02-01T13:00,SIN_DEMANDA,0,,,,,,,0,0,0,18,81,989.8888888888889,94.5
20265,1.0,79,2026-02-01T13:10,SIN_DEMANDA,0,,,,,,,0,0,0,18,81,989.8888888888889,94.5
20265,1.0,80,2026-02-01T13:20,SIN_DEMANDA,0,,,,,,,0,0,0,18,81,989.8888888888889,94.5
20265,1.0,81,2026-02-01T13:30,COMPLETA,1642.1843,627.0,627.0,80.0,240.0,2,0.14583333333333334,1,0,2,18,81,989.8888888888889,94.5
20265,1.0,82,2026-02-01T13:40,SIN_DEMANDA,0,,,,,,,0,0,0,18,81,989.8888888888889,94.5
20265,1.0,83,2026-02-01T13:50,SIN_DEMANDA,0,,,,,,,0,0,0,18,81,989.8888888888889,94.5
20265,1.0,84,2026-02-01T14:00,COMPLETA,1463.4735,562.5,562.5,38.0,177.0,1,0.041666666666666664,1,0,0,18,81,989.8888888888889,94.5
20265,1.0,85,2026-02-01T14:10,COMPLETA,1472.3288,562.5,562.5,38.0,177.0,1,0.041666666666666664,1,0,0,18,81,989.8888888888889,94.5
20265,1.0,86,2026-02-01T14:20,COMPLETA,1490.7822,562.5,562.5,38.0,177.0,1,0.041666666666666664,1,0,0,18,81,989.8888888888889,94.5
20265,1.0,87,2026-02-01T14:30,COMPLETA,1294.4955,562.5,562.5,38.0,177.0,1,0.041666666666666664,1,0,0,18,81,989.8888888888889,94.5
20265,1.0,88,2026-02-01T14:40,COMPLETA,1424.4168,562.5,562.5,38.0,177.0,1,0.041666666666666664,1,0,0,18,81,989.8888888888889,94.5
20265,1.0,89,2026-02-01T14:50,COMPLETA,1386.816,562.5,562.5,38.0,177.0,1,0.041666666666666664,1,0,0,18,81,989.8888888888889,94.5
20265,1.0,90,2026-02-01T15:00,COMPLETA,1117.8381,562.5,562.5,38.0,177.0,1,0.041666666666666664,1,0,1,19,88,970.7894736842105,94.5
20265,1.0,91,2026-02-01T15:10,SIN_DEMANDA,0,,,,,,,0,0,0,19,88,970.7894736842105,94.5
20265,1.0,92,2026-02-01T15:20,COMPLETA,2008.2263,154.25,147.0,58.0,327.0,2,0.3125,2,0,2,19,88,970.7894736842105,94.5
20265,1.0,93,2026-02-01T15:30,SIN_DEMANDA,0,,,,,,,0,0,0,19,88,970.7894736842105,94.5
20265,1.0,94,2026-02-01T15:40,SIN_DEMANDA,0,,,,,,,0,0,0,19,88,970.7894736842105,94.5
20265,1.0,95,2026-02-01T15:50,SIN_DEMANDA,0,,,,,,,0,0,0,19,88,970.7894736842105,94.5
20265,1.0,96,2026-02-01T16:00,SIN_DEMANDA,0,,,,,,,0,0,0,19,88,970.7894736842105,94.5
20265,1.0,97,2026-02-01T16:10,SIN_DEMANDA,0,,,,,,,0,0,0,19,88,970.7894736842105,94.5
20265,1.0,98,2026-02-01T16:20,SIN_DEMANDA,0,,,,,,,0,0,0,19,88,970.7894736842105,94.5
20265,1.0,99,2026-02-01T16:30,COMPLETA,1967.0154,995.5,995.5,64.0,336.0,2,0.10416666666666667,1,0,2,20,89,950.375,94.5
20265,1.0,100,2026-02-01T16:40,SIN_DEMANDA,0,,,,,,,0,0,0,21,96,912.8095238095239,94.5
20265,1.0,101,2026-02-01T16:50,SIN_DEMANDA,0,,,,,,,0,0,0,21,96,912.8095238095239,94.5
20265,1.0,102,2026-02-01T17:00,SIN_DEMANDA,0,,,,,,,0,0,0,22,104,878.0,94.5
20265,1.0,103,2026-02-01T17:10,COMPLETA,2048.626,2060.5,2060.5,92.0,258.0,2,0.125,1,0,2,22,104,878.0,94.5
20265,1.0,104,2026-02-01T17:20,SIN_DEMANDA,0,,,,,,,0,0,0,22,104,878.0,94.5
20265,1.0,105,2026-02-01T17:30,SIN_DEMANDA,0,,,,,,,0,0,0,22,104,878.0,94.5
20265,1.0,106,2026-02-01T17:40,COMPLETA,2239.5652,2046.5,2046.5,71.0,166.5,1,0.3333333333333333,1,0,1,22,104,878.0,94.5
20265,1.0,107,2026-02-01T17:50,SIN_DEMANDA,0,,,,,,,0,0,0,23,109,883.1086956521739,94.5
20265,1.0,108,2026-02-01T18:00,SIN_DEMANDA,0,,,,,,,0,0,0,23,109,883.1086956521739,94.5
20265,1.0,109,2026-02-01T18:10,SIN_DEMANDA,0,,,,,,,0,0,0,23,109,883.1086956521739,94.5
20265,1.0,110,2026-02-01T18:20,SIN_DEMANDA,0,,,,,,,0,0,0,23,109,883.1086956521739,94.5
20265,1.0,111,2026-02-01T18:30,SIN_DEMANDA,0,,,,,,,0,0,0,23,109,883.1086956521739,94.5
20265,1.0,112,2026-02-01T18:40,SIN_DEMANDA,0,,,,,,,0,0,0,23,109,883.1086956521739,94.5
20265,1.0,113,2026-02-01T18:50,SIN_DEMANDA,0,,,,,,,0,0,0,24,115,932.1666666666666,94.5
20265,1.0,114,2026-02-01T19:00,SIN_DEMANDA,0,,,,,,,0,0,0,24,115,932.1666666666666,94.5
20265,1.0,115,2026-02-01T19:10,COMPLETA,1353.1507,393.0,393.0,12.0,177.0,1,0.125,1,0,1,24,115,932.1666666666666,94.5
20265,1.0,116,2026-02-01T19:20,COMPLETA,1689.2607,637.5,637.5,18.0,87.0,1,0.25,1,0,1,24,115,932.1666666666666,94.5
20265,1.0,117,2026-02-01T19:30,SIN_DEMANDA,0,,,,,,,0,0,0,24,115,932.1666666666666,94.5
20265,1.0,118,2026-02-01T19:40,SIN_DEMANDA,0,,,,,,,0,0,0,25,123,976.74,94.5
20265,1.0,119,2026-02-01T19:50,SIN_DEMANDA,0,,,,,,,0,0,0,25,123,976.74,94.5
20265,1.0,120,2026-02-01T20:00,COMPLETA,1763.1937,590.5,590.5,52.0,138.0,1,0.20833333333333334,1,0,0,25,123,976.74,94.5
20265,1.0,121,2026-02-01T20:10,COMPLETA,2127.1564,590.5,590.5,52.0,138.0,1,0.20833333333333334,1,0,0,25,123,976.74,94.5
20265,1.0,122,2026-02-01T20:20,COMPLETA,2192.3358,590.5,590.5,52.0,138.0,1,0.20833333333333334,1,0,1,25,123,976.74,94.5
20265,1.0,123,2026-02-01T20:30,SIN_DEMANDA,0,,,,,,,0,0,0,26,126,954.2884615384615,94.5
20265,1.0,124,2026-02-01T20:40,SIN_DEMANDA,0,,,,,,,0,0,0,27,132,942.5555555555555,94.5
20265,1.0,125,2026-02-01T20:50,SIN_DEMANDA,0,,,,,,,0,0,0,27,132,942.5555555555555,94.5
20265,1.0,126,2026-02-01T21:00,SIN_DEMANDA,0,,,,,,,0,0,0,27,132,942.5555555555555,94.5
20265,1.0,127,2026-02-01T21:10,SIN_DEMANDA,0,,,,,,,0,0,0,27,132,942.5555555555555,94.5
20265,1.0,128,2026-02-01T21:20,SIN_DEMANDA,0,,,,,,,0,0,0,27,132,942.5555555555555,94.5
20265,1.0,129,2026-02-01T21:30,COMPLETA,1814.4737,392.5,392.5,34.0,111.0,1,0.3333333333333333,1,0,1,27,132,942.5555555555555,94.5
20265,1.0,130,2026-02-01T21:40,COMPLETA,1232.6378,1993.0,1993.0,43.0,184.5,1,0.125,1,0,0,27,132,942.5555555555555,94.5
20265,1.0,131,2026-02-01T21:50,COMPLETA,1269.3855,1993.0,1993.0,43.0,184.5,1,0.125,1,0,0,27,132,942.5555555555555,94.5
20265,1.0,132,2026-02-01T22:00,COMPLETA,1556.0986,1993.0,1993.0,43.0,184.5,1,0.125,1,0,0,27,132,942.5555555555555,94.5
20265,1.0,133,2026-02-01T22:10,COMPLETA,1490.8864,1993.0,1993.0,43.0,184.5,1,0.125,1,0,0,28,137,929.9821428571429,94.5
20265,1.0,134,2026-02-01T22:20,COMPLETA,1473.642,1993.0,1993.0,43.0,184.5,1,0.125,1,0,0,28,137,929.9821428571429,94.5
20265,1.0,135,2026-02-01T22:30,COMPLETA,1311.9421,1993.0,1993.0,43.0,184.5,1,0.125,1,0,0,28,137,929.9821428571429,94.5
20265,1.0,136,2026-02-01T22:40,COMPLETA,1151.6685,1993.0,1993.0,43.0,184.5,1,0.125,1,0,0,28,137,929.9821428571429,94.5
20265,1.0,137,2026-02-01T22:50,COMPLETA,1535.0581,1993.0,1993.0,43.0,184.5,1,0.125,1,0,0,28,137,929.9821428571429,94.5
20265,1.0,138,2026-02-01T23:00,COMPLETA,1520.8859,1993.0,1993.0,43.0,184.5,1,0.125,1,0,1,29,145,911.448275862069,94.5
20265,1.0,139,2026-02-01T23:10,SIN_DEMANDA,0,,,,,,,0,0,0,29,145,911.448275862069,94.5
20265,1.0,140,2026-02-01T23:20,SIN_DEMANDA,0,,,,,,,0,0,0,29,145,911.448275862069,94.5
20265,1.0,141,2026-02-01T23:30,SIN_DEMANDA,0,,,,,,,0,0,0,29,145,911.448275862069,94.5
20265,1.0,142,2026-02-01T23:40,COMPLETA,1378.0228,2053.0,2053.0,57.0,205.5,1,0.16666666666666666,1,0,1,29,145,911.448275862069,94.5
20265,1.0,143,2026-02-01T23:50,SIN_DEMANDA,0,,,,,,,0,0,0,29,145,911.448275862069,94.5
20265,1.0,144,2026-02-02T00:00,COMPLETA,1335.2396,2065.0,2065.0,40.0,180.0,1,0.125,1,0,1,29,145,911.448275862069,94.5
20265,1.0,145,2026-02-02T00:10,SIN_DEMANDA,0,,,,,,,0,0,0,29,145,911.448275862069,94.5
20265,1.0,146,2026-02-02T00:20,COMPLETA,1656.6623,2074.5,2074.5,52.0,318.0,2,0.20833333333333334,1,0,2,29,145,911.448275862069,94.5
20265,1.0,147,2026-02-02T00:30,SIN_DEMANDA,0,,,,,,,0,0,0,30,148,947.5,94.5
20265,1.0,148,2026-02-02T00:40,SIN_DEMANDA,0,,,,,,,0,0,0,30,148,947.5,94.5
20265,1.0,149,2026-02-02T00:50,COMPLETA,1974.8151,625.5,625.5,34.0,171.0,1,0.375,1,0,1,30,148,947.5,94.5
20265,1.0,150,2026-02-02T01:00,SIN_DEMANDA,0,,,,,,,0,0,0,30,148,947.5,94.5
20265,1.0,151,2026-02-02T01:10,COMPLETA,1114.452,607.5,607.5,62.0,153.0,1,0.08333333333333333,1,0,1,30,148,947.5,94.5
20265,1.0,152,2026-02-02T01:20,SIN_DEMANDA,0,,,,,,,0,0,0,31,152,983.1612903225806,94.5
20265,1.0,153,2026-02-02T01:30,SIN_DEMANDA,0,,,,,,,0,0,0,32,155,1016.96875,94.5
20265,1.0,154,2026-02-02T01:40,SIN_DEMANDA,0,,,,,,,0,0,0,33,165,1049.0151515151515,94.5
20265,1.0,155,2026-02-02T01:50,SIN_DEMANDA,0,,,,,,,0,0,0,33,165,1049.0151515151515,94.5
20265,1.0,156,2026-02-02T02:00,SIN_DEMANDA,0,,,,,,,0,0,0,33,165,1049.0151515151515,94.5
20265,1.0,157,2026-02-02T02:10,SIN_DEMANDA,0,,,,,,,0,0,0,33,165,1049.0151515151515,94.5
20265,1.0,158,2026-02-02T02:20,SIN_DEMANDA,0,,,,,,,0,0,0,34,174,1036.5588235294117,94.5
20265,1.0,159,2026-02-02T02:30,SIN_DEMANDA,0,,,,,,,0,0,0,34,174,1036.5588235294117,94.5
20265,1.0,160,2026-02-02T02:40,SIN_DEMANDA,0,,,,,,,0,0,0,34,174,1036.5588235294117,94.5
20265,1.0,161,2026-02-02T02:50,SIN_DEMANDA,0,,,,,,,0,0,0,34,174,1036.5588235294117,94.5
20265,1.0,162,2026-02-02T03:00,SIN_DEMANDA,0,,,,,,,0,0,0,35,176,1024.3,94.5
20265,1.0,163,2026-02-02T03:10,SIN_DEMANDA,0,,,,,,,0,0,0,35,176,1024.3,94.5
20265,1.0,164,2026-02-02T03:20,SIN_DEMANDA,0,,,,,,,0,0,0,35,176,1024.3,94.5
20265,1.0,165,2026-02-02T03:30,COMPLETA,1655.5811,2059.0,2059.0,88.0,252.0,2,0.10416666666666667,1,0,2,35,176,1024.3,94.5
20265,1.0,166,2026-02-02T03:40,SIN_DEMANDA,0,,,,,,,0,0,0,35,176,1024.3,94.5
20265,1.0,167,2026-02-02T03:50,SIN_DEMANDA,0,,,,,,,0,0,0,35,176,1024.3,94.5
20265,1.0,168,2026-02-02T04:00,SIN_DEMANDA,0,,,,,,,0,0,0,35,176,1024.3,94.5
20265,1.0,169,2026-02-02T04:10,SIN_DEMANDA,0,,,,,,,0,0,0,35,176,1024.3,94.5
20265,1.0,170,2026-02-02T04:20,SIN_DEMANDA,0,,,,,,,0,0,0,35,176,1024.3,94.5
20265,1.0,171,2026-02-02T04:30,SIN_DEMANDA,0,,,,,,,0,0,0,35,176,1024.3,94.5
20265,1.0,172,2026-02-02T04:40,SIN_DEMANDA,0,,,,,,,0,0,0,35,176,1024.3,94.5
20265,1.0,173,2026-02-02T04:50,SIN_DEMANDA,0,,,,,,,0,0,0,35,176,1024.3,94.5
20265,1.0,174,2026-02-02T05:00,COMPLETA,1860.562,265.75,168.0,82.0,243.0,2,0.25,2,0,2,35,176,1024.3,94.5
20265,1.0,175,2026-02-02T05:10,SIN_DEMANDA,0,,,,,,,0,0,0,36,181,1053.0416666666667,94.5
20265,1.0,176,2026-02-02T05:20,SIN_DEMANDA,0,,,,,,,0,0,0,36,181,1053.0416666666667,94.5
20265,1.0,177,2026-02-02T05:30,COMPLETA,1844.4905,2068.0,2068.0,40.0,120.0,1,0.25,1,0,1,36,181,1053.0416666666667,94.5
20265,1.0,178,2026-02-02T05:40,SIN_DEMANDA,0,,,,,,,0,0,0,36,181,1053.0416666666667,94.5
20265,1.0,179,2026-02-02T05:50,SIN_DEMANDA,0,,,,,,,0,0,0,36,181,1053.0416666666667,94.5
20265,1.0,180,2026-02-02T06:00,SIN_DEMANDA,0,,,,,,,0,0,0,36,181,1053.0416666666667,94.5
20265,1.0,181,2026-02-02T06:10,SIN_DEMANDA,0,,,,,,,0,0,0,37,188,1029.1216216216217,94.5
20265,1.0,182,2026-02-02T06:20,SIN_DEMANDA,0,,,,,,,0,0,0,37,188,1029.1216216216217,94.5
20265,1.0,183,2026-02-02T06:30,COMPLETA,1227.6388,594.5,594.5,46.0,189.0,1,0.08333333333333333,1,0,0,37,188,1029.1216216216217,94.5
20265,1.0,184,2026-02-02T06:40,COMPLETA,1302.7334,594.5,594.5,46.0,189.0,1,0.08333333333333333,1,0,0,37,188,1029.1216216216217,94.5
20265,1.0,185,2026-02-02T06:50,COMPLETA,1227.9385,594.5,594.5,46.0,189.0,1,0.08333333333333333,1,0,0,37,188,1029.1216216216217,94.5
20265,1.0,186,2026-02-02T07:00,COMPLETA,1253.6705,594.5,594.5,46.0,189.0,1,0.08333333333333333,1,0,1,39,199,1038.6923076923076,94.5
20265,1.0,187,2026-02-02T07:10,SIN_DEMANDA,0,,,,,,,0,0,0,39,199,1038.6923076923076,94.5
20265,1.0,188,2026-02-02T07:20,SIN_DEMANDA,0,,,,,,,0,0,0,39,199,1038.6923076923076,94.5
20265,1.0,189,2026-02-02T07:30,SIN_DEMANDA,0,,,,,,,0,0,0,39,199,1038.6923076923076,94.5
20265,1.0,190,2026-02-02T07:40,SIN_DEMANDA,0,,,,,,,0,0,0,39,199,1038.6923076923076,94.5
20265,1.0,191,2026-02-02T07:50,SIN_DEMANDA,0,,,,,,,0,0,0,39,199,1038.6923076923076,94.5
20265,1.0,192,2026-02-02T08:00,SIN_DEMANDA,0,,,,,,,0,0,0,39,199,1038.6923076923076,94.5
20265,1.0,193,2026-02-02T08:10,SIN_DEMANDA,0,,,,,,,0,0,0,39,199,1038.6923076923076,94.5
20265,1.0,194,2026-02-02T08:20,SIN_DEMANDA,0,,,,,,,0,0,0,39,199,1038.6923076923076,94.5
20265,1.0,195,2026-02-02T08:30,SIN_DEMANDA,0,,,,,,,0,0,0,39,199,1038.6923076923076,94.5
20265,1.0,196,2026-02-02T08:40,SIN_DEMANDA,0,,,,,,,0,0,0,40,201,1027.5875,94.5
20265,1.0,197,2026-02-02T08:50,SIN_DEMANDA,0,,,,,,,0,0,0,40,201,1027.5875,94.5
20265,1.0,198,2026-02-02T09:00,SIN_DEMANDA,0,,,,,,,0,0,0,40,201,1027.5875,94.5
20265,1.0,199,2026-02-02T09:10,SIN_DEMANDA,0,,,,,,,0,0,0,40,201,1027.5875,94.5
20265,1.0,200,2026-02-02T09:20,SIN_DEMANDA,0,,,,,,,0,0,0,40,201,1027.5875,94.5
20265,1.0,201,2026-02-02T09:30,SIN_DEMANDA,0,,,,,,,0,0,0,40,201,1027.5875,94.5
20265,1.0,202,2026-02-02T09:40,SIN_DEMANDA,0,,,,,,,0,0,0,40,201,1027.5875,94.5
20265,1.0,203,2026-02-02T09:50,SIN_DEMANDA,0,,,,,,,0,0,0,40,201,1027.5875,94.5
20265,1.0,204,2026-02-02T10:00,SIN_DEMANDA,0,,,,,,,0,0,0,40,201,1027.5875,94.5
20265,1.0,205,2026-02-02T10:10,SIN_DEMANDA,0,,,,,,,0,0,0,40,201,1027.5875,94.5
20265,1.0,206,2026-02-02T10:20,COMPLETA,1844.4299,366.0,366.0,136.0,324.0,2,0.16666666666666666,1,0,2,40,201,1027.5875,94.5
20265,1.0,207,2026-02-02T10:30,SIN_DEMANDA,0,,,,,,,0,0,0,40,201,1027.5875,94.5
20265,1.0,208,2026-02-02T10:40,SIN_DEMANDA,0,,,,,,,0,0,0,40,201,1027.5875,94.5
20265,1.0,209,2026-02-02T10:50,COMPLETA,1939.9971,990.0,990.0,56.0,204.0,2,0.1875,1,0,2,40,201,1027.5875,94.5
20265,1.0,210,2026-02-02T11:00,COMPLETA,1890.6173,2078.0,2078.0,40.0,180.0,2,0.16666666666666666,1,0,2,40,201,1027.5875,94.5
20265,1.0,211,2026-02-02T11:10,SIN_DEMANDA,0,,,,,,,0,0,0,40,201,1027.5875,94.5
20265,1.0,212,2026-02-02T11:20,SIN_DEMANDA,0,,,,,,,0,0,0,40,201,1027.5875,94.5
20265,1.0,213,2026-02-02T11:30,SIN_DEMANDA,0,,,,,,,0,0,0,40,201,1027.5875,94.5
20265,1.0,214,2026-02-02T11:40,COMPLETA,1846.8363,1000.2,1000.2,28.0,187.2,2,0.5625,1,0,2,40,201,1027.5875,94.5
20265,1.0,215,2026-02-02T11:50,SIN_DEMANDA,0,,,,,,,0,0,0,40,201,1027.5875,94.5
20265,1.0,216,2026-02-02T12:00,SIN_DEMANDA,0,,,,,,,0,0,0,40,201,1027.5875,94.5
20265,1.0,217,2026-02-02T12:10,SIN_DEMANDA,0,,,,,,,0,0,0,40,201,1027.5875,94.5
20265,1.0,218,2026-02-02T12:20,SIN_DEMANDA,0,,,,,,,0,0,0,43,226,1035.7558139534883,94.5
20265,1.0,219,2026-02-02T12:30,SIN_DEMANDA,0,,,,,,,0,0,0,43,226,1035.7558139534883,94.5
20265,1.0,220,2026-02-02T12:40,SIN_DEMANDA,0,,,,,,,0,0,0,43,226,1035.7558139534883,94.5
20265,1.0,221,2026-02-02T12:50,SIN_DEMANDA,0,,,,,,,0,0,0,43,226,1035.7558139534883,94.5
20265,1.0,222,2026-02-02T13:00,SIN_DEMANDA,0,,,,,,,0,0,0,44,235,1034.9477272727272,94.5
20265,1.0,223,2026-02-02T13:10,SIN_DEMANDA,0,,,,,,,0,0,0,44,235,1034.9477272727272,94.5
20265,1.0,224,2026-02-02T13:20,SIN_DEMANDA,0,,,,,,,0,0,0,44,235,1034.9477272727272,94.5
20265,1.0,225,2026-02-02T13:30,SIN_DEMANDA,0,,,,,,,0,0,0,44,235,1034.9477272727272,94.5
20265,1.0,226,2026-02-02T13:40,SIN_DEMANDA,0,,,,,,,0,0,0,44,235,1034.9477272727272,94.5
20265,1.0,227,2026-02-02T13:50,SIN_DEMANDA,0,,,,,,,0,0,0,44,235,1034.9477272727272,94.5
20265,1.0,228,2026-02-02T14:00,SIN_DEMANDA,0,,,,,,,0,0,0,44,235,1034.9477272727272,94.5
20265,1.0,229,2026-02-02T14:10,COMPLETA,2217.9153,2014.0,2014.0,88.0,372.0,2,0.20833333333333334,1,0,0,44,235,1034.9477272727272,94.5
20265,1.0,230,2026-02-02T14:20,COMPLETA,2424.5011,2014.0,2014.0,88.0,372.0,2,0.20833333333333334,1,0,0,44,235,1034.9477272727272,94.5
20265,1.0,231,2026-02-02T14:30,COMPLETA,2090.8604,2014.0,2014.0,88.0,372.0,2,0.20833333333333334,1,0,0,44,235,1034.9477272727272,94.5
20265,1.0,232,2026-02-02T14:40,COMPLETA,2310.409,2014.0,2014.0,88.0,372.0,2,0.20833333333333334,1,0,0,44,235,1034.9477272727272,94.5
20265,1.0,233,2026-02-02T14:50,COMPLETA,1968.3378,2014.0,2014.0,88.0,372.0,2,0.20833333333333334,1,0,0,44,235,1034.9477272727272,94.5
20265,1.0,234,2026-02-02T15:00,COMPLETA,1927.76,2044.5,2014.0,116.0,534.0,3,0.16666666666666666,2,0,3,44,235,1034.9477272727272,94.5
20265,1.0,235,2026-02-02T15:10,SIN_DEMANDA,0,,,,,,,0,0,0,44,235,1034.9477272727272,94.5
20265,1.0,236,2026-02-02T15:20,SIN_DEMANDA,0,,,,,,,0,0,0,44,235,1034.9477272727272,94.5
20265,1.0,237,2026-02-02T15:30,SIN_DEMANDA,0,,,,,,,0,0,0,44,235,1034.9477272727272,94.5
20265,1.0,238,2026-02-02T15:40,SIN_DEMANDA,0,,,,,,,0,0,0,44,235,1034.9477272727272,94.5
20265,1.0,239,2026-02-02T15:50,SIN_DEMANDA,0,,,,,,,0,0,0,44,235,1034.9477272727272,94.5
20265,1.0,240,2026-02-02T16:00,SIN_DEMANDA,0,,,,,,,0,0,0,44,235,1034.9477272727272,94.5
20265,1.0,241,2026-02-02T16:10,SIN_DEMANDA,0,,,,,,,0,0,0,44,235,1034.9477272727272,94.5
20265,1.0,242,2026-02-02T16:20,COMPLETA,2094.5699,390.0,390.0,64.0,336.0,2,0.20833333333333334,1,0,2,44,235,1034.9477272727272,94.5
20265,1.0,243,2026-02-02T16:30,SIN_DEMANDA,0,,,,,,,0,0,0,45,237,1058.06,94.5
20265,1.0,244,2026-02-02T16:40,SIN_DEMANDA,0,,,,,,,0,0,0,46,247,1078.841304347826,94.5
20265,1.0,245,2026-02-02T16:50,SIN_DEMANDA,0,,,,,,,0,0,0,46,247,1078.841304347826,94.5
20265,1.0,246,2026-02-02T17:00,SIN_DEMANDA,0,,,,,,,0,0,0,46,247,1078.841304347826,94.5
20265,1.0,247,2026-02-02T17:10,COMPLETA,1963.8968,626.8,626.8,52.0,244.8,2,0.5,1,0,2,46,247,1078.841304347826,94.5
20265,1.0,248,2026-02-02T17:20,SIN_DEMANDA,0,,,,,,,0,0,0,46,247,1078.841304347826,94.5
20265,1.0,249,2026-02-02T17:30,SIN_DEMANDA,0,,,,,,,0,0,0,46,247,1078.841304347826,94.5
20265,1.0,250,2026-02-02T17:40,SIN_DEMANDA,0,,,,,,,0,0,0,46,247,1078.841304347826,94.5
20265,1.0,251,2026-02-02T17:50,SIN_DEMANDA,0,,,,,,,0,0,0,47,257,1064.1851063829786,94.5
20265,1.0,252,2026-02-02T18:00,SIN_DEMANDA,0,,,,,,,0,0,0,47,257,1064.1851063829786,94.5
20265,1.0,253,2026-02-02T18:10,SIN_DEMANDA,0,,,,,,,0,0,0,47,257,1064.1851063829786,94.5
20265,1.0,254,2026-02-02T18:20,SIN_DEMANDA,0,,,,,,,0,0,0,47,257,1064.1851063829786,94.5
20265,1.0,255,2026-02-02T18:30,COMPLETA,1937.657,2035.0,2035.0,67.0,160.5,1,0.2916666666666667,1,0,1,47,257,1064.1851063829786,94.5
20265,1.0,256,2026-02-02T18:40,SIN_DEMANDA,0,,,,,,,0,0,0,47,257,1064.1851063829786,94.5
20265,1.0,257,2026-02-02T18:50,SIN_DEMANDA,0,,,,,,,0,0,0,48,265,1055.0729166666667,94.5
20265,1.0,258,2026-02-02T19:00,SIN_DEMANDA,0,,,,,,,0,0,0,48,265,1055.0729166666667,94.5
20265,1.0,259,2026-02-02T19:10,SIN_DEMANDA,0,,,,,,,0,0,0,48,265,1055.0729166666667,94.5
20265,1.0,260,2026-02-02T19:20,SIN_DEMANDA,0,,,,,,,0,0,0,48,265,1055.0729166666667,94.5
20265,1.0,261,2026-02-02T19:30,SIN_DEMANDA,0,,,,,,,0,0,0,48,265,1055.0729166666667,94.5
20265,1.0,262,2026-02-02T19:40,SIN_DEMANDA,0,,,,,,,0,0,0,48,265,1055.0729166666667,94.5
20265,1.0,263,2026-02-02T19:50,SIN_DEMANDA,0,,,,,,,0,0,0,48,265,1055.0729166666667,94.5
20265,1.0,264,2026-02-02T20:00,COMPLETA,1590.0881,384.5,384.5,38.0,117.0,1,0.08333333333333333,1,0,1,48,265,1055.0729166666667,94.5
20265,1.0,265,2026-02-02T20:10,SIN_DEMANDA,0,,,,,,,0,0,0,48,265,1055.0729166666667,94.5
20265,1.0,266,2026-02-02T20:20,SIN_DEMANDA,0,,,,,,,0,0,0,48,265,1055.0729166666667,94.5
20265,1.0,267,2026-02-02T20:30,COMPLETA,2441.2496,2050.5,2050.5,108.0,282.0,2,0.16666666666666666,1,0,2,49,272,1075.0714285714287,94.5
20265,1.0,268,2026-02-02T20:40,SIN_DEMANDA,0,,,,,,,0,0,0,49,272,1075.0714285714287,94.5
20265,1.0,269,2026-02-02T20:50,SIN_DEMANDA,0,,,,,,,0,0,0,49,272,1075.0714285714287,94.5
20265,1.0,270,2026-02-02T21:00,SIN_DEMANDA,0,,,,,,,0,0,0,49,272,1075.0714285714287,94.5
20265,1.0,271,2026-02-02T21:10,COMPLETA,1482.8264,990.5,990.5,38.0,117.0,1,0.08333333333333333,1,0,1,49,272,1075.0714285714287,94.5
20265,1.0,272,2026-02-02T21:20,SIN_DEMANDA,0,,,,,,,0,0,0,49,272,1075.0714285714287,94.5
20265,1.0,273,2026-02-02T21:30,COMPLETA,1978.4057,387.0,387.0,80.0,240.0,2,0.1875,1,0,2,50,274,1061.26,94.5
20265,1.0,274,2026-02-02T21:40,SIN_DEMANDA,0,,,,,,,0,0,0,50,274,1061.26,94.5
20265,1.0,275,2026-02-02T21:50,SIN_DEMANDA,0,,,,,,,0,0,0,50,274,1061.26,94.5
20265,1.0,276,2026-02-02T22:00,SIN_DEMANDA,0,,,,,,,0,0,0,50,274,1061.26,94.5
20265,1.0,277,2026-02-02T22:10,SIN_DEMANDA,0,,,,,,,0,0,0,50,274,1061.26,94.5
20265,1.0,278,2026-02-02T22:20,SIN_DEMANDA,0,,,,,,,0,0,0,51,282,1080.6568627450981,94.5
20265,1.0,279,2026-02-02T22:30,SIN_DEMANDA,0,,,,,,,0,0,0,51,282,1080.6568627450981,94.5
20265,1.0,280,2026-02-02T22:40,SIN_DEMANDA,0,,,,,,,0,0,0,52,284,1078.923076923077,94.5
20265,1.0,281,2026-02-02T22:50,SIN_DEMANDA,0,,,,,,,0,0,0,52,284,1078.923076923077,94.5
20265,1.0,282,2026-02-02T23:00,SIN_DEMANDA,0,,,,,,,0,0,0,53,293,1065.867924528302,94.5
20265,1.0,283,2026-02-02T23:10,SIN_DEMANDA,0,,,,,,,0,0,0,53,293,1065.867924528302,94.5
20265,1.0,284,2026-02-02T23:20,COMPLETA,1804.5479,162.0,162.0,40.0,300.0,2,0.20833333333333334,1,0,2,53,293,1065.867924528302,94.5
20265,1.0,285,2026-02-02T23:30,SIN_DEMANDA,0,,,,,,,0,0,0,53,293,1065.867924528302,94.5
20265,1.0,286,2026-02-02T23:40,SIN_DEMANDA,0,,,,,,,0,0,0,53,293,1065.867924528302,94.5
20265,1.0,287,2026-02-02T23:50,SIN_DEMANDA,0,,,,,,,0,0,0,53,293,1065.867924528302,94.5
20265,1.0,288,2026-02-03T00:00,SIN_DEMANDA,0,,,,,,,0,0,0,53,293,1065.867924528302,94.5
20265,1.0,289,2026-02-03T00:10,SIN_DEMANDA,0,,,,,,,0,0,0,53,293,1065.867924528302,94.5
20265,1.0,290,2026-02-03T00:20,SIN_DEMANDA,0,,,,,,,0,0,0,53,293,1065.867924528302,94.5
20265,1.0,291,2026-02-03T00:30,SIN_DEMANDA,0,,,,,,,0,0,0,53,293,1065.867924528302,94.5
20265,1.0,292,2026-02-03T00:40,SIN_DEMANDA,0,,,,,,,0,0,0,54,303,1049.1296296296296,94.5
20265,1.0,293,2026-02-03T00:50,SIN_DEMANDA,0,,,,,,,0,0,0,54,303,1049.1296296296296,94.5
20265,1.0,294,2026-02-03T01:00,SIN_DEMANDA,0,,,,,,,0,0,0,54,303,1049.1296296296296,94.5
20265,1.0,295,2026-02-03T01:10,COMPLETA,1315.3388,979.5,979.5,39.0,118.5,1,0.125,1,0,1,54,303,1049.1296296296296,94.5
20265,1.0,296,2026-02-03T01:20,SIN_DEMANDA,0,,,,,,,0,0,0,54,303,1049.1296296296296,94.5
20265,1.0,297,2026-02-03T01:30,SIN_DEMANDA,0,,,,,,,0,0,0,54,303,1049.1296296296296,94.5
20265,1.0,298,2026-02-03T01:40,SIN_DEMANDA,0,,,,,,,0,0,0,54,303,1049.1296296296296,94.5
20265,1.0,299,2026-02-03T01:50,SIN_DEMANDA,0,,,,,,,0,0,0,54,303,1049.1296296296296,94.5
20265,1.0,300,2026-02-03T02:00,SIN_DEMANDA,0,,,,,,,0,0,0,54,303,1049.1296296296296,94.5
20265,1.0,301,2026-02-03T02:10,SIN_DEMANDA,0,,,,,,,0,0,0,54,303,1049.1296296296296,94.5
20265,1.0,302,2026-02-03T02:20,SIN_DEMANDA,0,,,,,,,0,0,0,54,303,1049.1296296296296,94.5
20265,1.0,303,2026-02-03T02:30,SIN_DEMANDA,0,,,,,,,0,0,0,54,303,1049.1296296296296,94.5
20265,1.0,304,2026-02-03T02:40,SIN_DEMANDA,0,,,,,,,0,0,0,54,303,1049.1296296296296,94.5
20265,1.0,305,2026-02-03T02:50,COMPLETA,1998.9601,2067.5,2067.5,68.0,222.0,2,0.14583333333333334,1,0,2,55,306,1047.8636363636363,94.5
20265,1.0,306,2026-02-03T03:00,SIN_DEMANDA,0,,,,,,,0,0,0,55,306,1047.8636363636363,94.5
20265,1.0,307,2026-02-03T03:10,SIN_DEMANDA,0,,,,,,,0,0,0,55,306,1047.8636363636363,94.5
20265,1.0,308,2026-02-03T03:20,SIN_DEMANDA,0,,,,,,,0,0,0,55,306,1047.8636363636363,94.5
20265,1.0,309,2026-02-03T03:30,SIN_DEMANDA,0,,,,,,,0,0,0,55,306,1047.8636363636363,94.5
20265,1.0,310,2026-02-03T03:40,SIN_DEMANDA,0,,,,,,,0,0,0,55,306,1047.8636363636363,94.5
20265,1.0,311,2026-02-03T03:50,SIN_DEMANDA,0,,,,,,,0,0,0,55,306,1047.8636363636363,94.5
20265,1.0,312,2026-02-03T04:00,COMPLETA,2079.1879,1341.75,624.0,84.0,246.0,2,0.1875,2,0,2,55,306,1047.8636363636363,94.5
20265,1.0,313,2026-02-03T04:10,COMPLETA,1817.1067,644.0,644.0,32.0,168.0,2,0.16666666666666666,1,0,2,55,306,1047.8636363636363,94.5
20265,1.0,314,2026-02-03T04:20,SIN_DEMANDA,0,,,,,,,0,0,0,56,313,1066.0714285714287,94.5
20265,1.0,315,2026-02-03T04:30,SIN_DEMANDA,0,,,,,,,0,0,0,56,313,1066.0714285714287,94.5
20265,1.0,316,2026-02-03T04:40,SIN_DEMANDA,0,,,,,,,0,0,0,56,313,1066.0714285714287,94.5
20265,1.0,317,2026-02-03T04:50,SIN_DEMANDA,0,,,,,,,0,0,0,56,313,1066.0714285714287,94.5
20265,1.0,318,2026-02-03T05:00,COMPLETA,1871.5675,383.5,383.5,46.0,129.0,1,0.4166666666666667,1,0,1,56,313,1066.0714285714287,94.5
20265,1.0,319,2026-02-03T05:10,SIN_DEMANDA,0,,,,,,,0,0,0,56,313,1066.0714285714287,94.5
20265,1.0,320,2026-02-03T05:20,SIN_DEMANDA,0,,,,,,,0,0,0,56,313,1066.0714285714287,94.5
20265,1.0,321,2026-02-03T05:30,SIN_DEMANDA,0,,,,,,,0,0,0,58,322,1051.1724137931035,94.5
20265,1.0,322,2026-02-03T05:40,SIN_DEMANDA,0,,,,,,,0,0,0,58,322,1051.1724137931035,94.5
20265,1.0,323,2026-02-03T05:50,SIN_DEMANDA,0,,,,,,,0,0,0,59,330,1068.2627118644068,94.5
20265,1.0,324,2026-02-03T06:00,SIN_DEMANDA,0,,,,,,,0,0,0,59,330,1068.2627118644068,94.5
20265,1.0,325,2026-02-03T06:10,SIN_DEMANDA,0,,,,,,,0,0,0,59,330,1068.2627118644068,94.5
20265,1.0,326,2026-02-03T06:20,SIN_DEMANDA,0,,,,,,,0,0,0,59,330,1068.2627118644068,94.5
20265,1.0,327,2026-02-03T06:30,SIN_DEMANDA,0,,,,,,,0,0,0,59,330,1068.2627118644068,94.5
20265,1.0,328,2026-02-03T06:40,SIN_DEMANDA,0,,,,,,,0,0,0,60,340,1056.85,94.5
20265,1.0,329,2026-02-03T06:50,SIN_DEMANDA,0,,,,,,,0,0,0,60,340,1056.85,94.5
20265,1.0,330,2026-02-03T07:00,SIN_DEMANDA,0,,,,,,,0,0,0,60,340,1056.85,94.5
20265,1.0,331,2026-02-03T07:10,COMPLETA,1281.3219,2067.0,2067.0,32.0,168.0,1,0.041666666666666664,1,0,1,60,340,1056.85,94.5
20265,1.0,332,2026-02-03T07:20,SIN_DEMANDA,0,,,,,,,0,0,0,60,340,1056.85,94.5
20265,1.0,333,2026-02-03T07:30,SIN_DEMANDA,0,,,,,,,0,0,0,60,340,1056.85,94.5
20265,1.0,334,2026-02-03T07:40,SIN_DEMANDA,0,,,,,,,0,0,0,60,340,1056.85,94.5
20265,1.0,335,2026-02-03T07:50,SIN_DEMANDA,0,,,,,,,0,0,0,60,340,1056.85,94.5
20265,1.0,336,2026-02-03T08:00,SIN_DEMANDA,0,,,,,,,0,0,0,60,340,1056.85,94.5
20265,1.0,337,2026-02-03T08:10,COMPLETA,1308.783,399.0,399.0,28.0,162.0,1,0.041666666666666664,1,0,1,60,340,1056.85,94.5
20265,1.0,338,2026-02-03T08:20,SIN_DEMANDA,0,,,,,,,0,0,0,60,340,1056.85,94.5
20265,1.0,339,2026-02-03T08:30,SIN_DEMANDA,0,,,,,,,0,0,0,60,340,1056.85,94.5
20265,1.0,340,2026-02-03T08:40,SIN_DEMANDA,0,,,,,,,0,0,0,61,341,1073.4098360655737,94.5
20265,1.0,341,2026-02-03T08:50,SIN_DEMANDA,0,,,,,,,0,0,0,61,341,1073.4098360655737,94.5
20265,1.0,342,2026-02-03T09:00,SIN_DEMANDA,0,,,,,,,0,0,0,61,341,1073.4098360655737,94.5
20265,1.0,343,2026-02-03T09:10,SIN_DEMANDA,0,,,,,,,0,0,0,61,341,1073.4098360655737,94.5
20265,1.0,344,2026-02-03T09:20,COMPLETA,1813.8025,613.0,605.0,109.0,283.5,2,0.125,2,0,2,61,341,1073.4098360655737,94.5
20265,1.0,345,2026-02-03T09:30,COMPLETA,1826.9435,2055.5,2055.5,100.0,270.0,2,0.20833333333333334,1,0,2,61,341,1073.4098360655737,94.5
20265,1.0,346,2026-02-03T09:40,COMPLETA,1604.8467,372.5,372.5,106.0,279.0,2,0.14583333333333334,1,0,2,62,342,1062.532258064516,94.5
20265,1.0,347,2026-02-03T09:50,SIN_DEMANDA,0,,,,,,,0,0,0,62,342,1062.532258064516,94.5
20265,1.0,348,2026-02-03T10:00,SIN_DEMANDA,0,,,,,,,0,0,0,62,342,1062.532258064516,94.5
20265,1.0,349,2026-02-03T10:10,SIN_DEMANDA,0,,,,,,,0,0,0,62,342,1062.532258064516,94.5
20265,1.0,350,2026-02-03T10:20,SIN_DEMANDA,0,,,,,,,0,0,0,62,342,1062.532258064516,94.5
20265,1.0,351,2026-02-03T10:30,COMPLETA,1738.8232,2046.5,2046.5,66.0,159.0,1,0.3333333333333333,1,0,1,62,342,1062.532258064516,94.5
20265,1.0,352,2026-02-03T10:40,SIN_DEMANDA,0,,,,,,,0,0,0,62,342,1062.532258064516,94.5
20265,1.0,353,2026-02-03T10:50,SIN_DEMANDA,0,,,,,,,0,0,0,62,342,1062.532258064516,94.5
20265,1.0,354,2026-02-03T11:00,SIN_DEMANDA,0,,,,,,,0,0,0,63,343,1055.5238095238096,94.5
20265,1.0,355,2026-02-03T11:10,SIN_DEMANDA,0,,,,,,,0,0,0,64,353,1071.1484375,94.5
20265,1.0,356,2026-02-03T11:20,SIN_DEMANDA,0,,,,,,,0,0,0,65,358,1063.9769230769232,94.5
20265,1.0,357,2026-02-03T11:30,COMPLETA,1324.0073,639.5,639.5,22.0,93.0,1,0.041666666666666664,1,0,1,66,365,1053.5,94.5
20265,1.0,358,2026-02-03T11:40,SIN_DEMANDA,0,,,,,,,0,0,0,66,365,1053.5,94.5
20265,1.0,359,2026-02-03T11:50,COMPLETA,1375.438,981.0,981.0,48.0,132.0,1,0.16666666666666666,1,0,1,66,365,1053.5,94.5
20265,1.0,360,2026-02-03T12:00,SIN_DEMANDA,0,,,,,,,0,0,0,66,365,1053.5,94.5
20265,1.0,361,2026-02-03T12:10,COMPLETA,1963.3395,2050.5,2050.5,58.0,147.0,1,0.20833333333333334,1,0,1,66,365,1053.5,94.5
20265,1.0,362,2026-02-03T12:20,SIN_DEMANDA,0,,,,,,,0,0,0,67,373,1068.3208955223881,94.5
20265,1.0,363,2026-02-03T12:30,SIN_DEMANDA,0,,,,,,,0,0,0,67,373,1068.3208955223881,94.5
20265,1.0,364,2026-02-03T12:40,SIN_DEMANDA,0,,,,,,,0,0,0,67,373,1068.3208955223881,94.5
20265,1.0,365,2026-02-03T12:50,SIN_DEMANDA,0,,,,,,,0,0,0,68,374,1062.014705882353,94.5
20265,1.0,366,2026-02-03T13:00,COMPLETA,1255.3151,982.0,982.0,36.0,114.0,1,0.08333333333333333,1,0,1,68,374,1062.014705882353,94.5
20265,1.0,367,2026-02-03T13:10,SIN_DEMANDA,0,,,,,,,0,0,0,68,374,1062.014705882353,94.5
20265,1.0,368,2026-02-03T13:20,SIN_DEMANDA,0,,,,,,,0,0,0,68,374,1062.014705882353,94.5
20265,1.0,369,2026-02-03T13:30,SIN_DEMANDA,0,,,,,,,0,0,0,69,378,1060.840579710145,94.5
20265,1.0,370,2026-02-03T13:40,SIN_DEMANDA,0,,,,,,,0,0,0,69,378,1060.840579710145,94.5
20265,1.0,371,2026-02-03T13:50,SIN_DEMANDA,0,,,,,,,0,0,0,69,378,1060.840579710145,94.5
20265,1.0,372,2026-02-03T14:00,COMPLETA,1400.8903,327.5,327.5,38.0,177.0,1,0.16666666666666666,1,0,0,70,383,1074.9785714285715,94.5
20265,1.0,373,2026-02-03T14:10,COMPLETA,1496.4055,327.5,327.5,38.0,177.0,1,0.16666666666666666,1,0,0,70,383,1074.9785714285715,94.5
20265,1.0,374,2026-02-03T14:20,COMPLETA,1548.8911,327.5,327.5,38.0,177.0,1,0.16666666666666666,1,0,0,70,383,1074.9785714285715,94.5
20265,1.0,375,2026-02-03T14:30,COMPLETA,1835.9532,327.5,327.5,38.0,177.0,1,0.16666666666666666,1,0,0,70,383,1074.9785714285715,94.5
20265,1.0,376,2026-02-03T14:40,COMPLETA,1806.0411,327.5,327.5,38.0,177.0,1,0.16666666666666666,1,0,0,71,385,1073.6690140845071,94.5
20265,1.0,377,2026-02-03T14:50,COMPLETA,1485.0184,327.5,327.5,38.0,177.0,1,0.16666666666666666,1,0,0,71,385,1073.6690140845071,94.5
20265,1.0,378,2026-02-03T15:00,COMPLETA,1612.4052,327.5,327.5,38.0,177.0,1,0.16666666666666666,1,0,1,71,385,1073.6690140845071,94.5
20265,1.0,379,2026-02-03T15:10,SIN_DEMANDA,0,,,,,,,0,0,0,71,385,1073.6690140845071,94.5
20265,1.0,380,2026-02-03T15:20,COMPLETA,1924.0016,630.0,630.0,36.0,174.0,1,0.375,1,0,1,71,385,1073.6690140845071,94.5
20265,1.0,381,2026-02-03T15:30,COMPLETA,1548.3552,2073.5,2073.5,34.0,171.0,1,0.16666666666666666,1,0,1,71,385,1073.6690140845071,94.5
20265,1.0,382,2026-02-03T15:40,COMPLETA,2204.092,389.5,389.5,68.0,342.0,2,0.16666666666666666,1,0,2,71,385,1073.6690140845071,94.5
20265,1.0,383,2026-02-03T15:50,SIN_DEMANDA,0,,,,,,,0,0,0,71,385,1073.6690140845071,94.5
20265,1.0,384,2026-02-03T16:00,SIN_DEMANDA,0,,,,,,,0,0,0,71,385,1073.6690140845071,94.5
20265,1.0,385,2026-02-03T16:10,SIN_DEMANDA,0,,,,,,,0,0,0,71,385,1073.6690140845071,94.5
20265,1.0,386,2026-02-03T16:20,SIN_DEMANDA,0,,,,,,,0,0,0,71,385,1073.6690140845071,94.5
20265,1.0,387,2026-02-03T16:30,COMPLETA,1299.0818,2054.5,2054.5,40.0,180.0,1,0.08333333333333333,1,0,1,72,389,1063.3055555555557,94.5
20265,1.0,388,2026-02-03T16:40,SIN_DEMANDA,0,,,,,,,0,0,0,72,389,1063.3055555555557,94.5
20265,1.0,389,2026-02-03T16:50,SIN_DEMANDA,0,,,,,,,0,0,0,73,398,1057.3698630136987,94.5
20265,1.0,390,2026-02-03T17:00,SIN_DEMANDA,0,,,,,,,0,0,0,74,402,1071.1013513513512,94.5
20265,1.0,391,2026-02-03T17:10,SIN_DEMANDA,0,,,,,,,0,0,0,75,410,1062.0133333333333,94.5
20265,1.0,392,2026-02-03T17:20,SIN_DEMANDA,0,,,,,,,0,0,0,75,410,1062.0133333333333,94.5
20265,1.0,393,2026-02-03T17:30,COMPLETA,1769.4017,384.0,384.0,90.0,255.0,2,0.16666666666666666,1,0,2,75,410,1062.0133333333333,94.5
20265,1.0,394,2026-02-03T17:40,SIN_DEMANDA,0,,,,,,,0,0,0,75,410,1062.0133333333333,94.5
20265,1.0,395,2026-02-03T17:50,COMPLETA,1722.3448,2085.0,2085.0,20.0,90.0,1,0.20833333333333334,1,0,1,75,410,1062.0133333333333,94.5
20265,1.0,396,2026-02-03T18:00,SIN_DEMANDA,0,,,,,,,0,0,0,75,410,1062.0133333333333,94.5
20265,1.0,397,2026-02-03T18:10,SIN_DEMANDA,0,,,,,,,0,0,0,76,412,1075.0723684210527,94.5
20265,1.0,398,2026-02-03T18:20,SIN_DEMANDA,0,,,,,,,0,0,0,76,412,1075.0723684210527,94.5
20265,1.0,399,2026-02-03T18:30,SIN_DEMANDA,0,,,,,,,0,0,0,76,412,1075.0723684210527,94.5
20265,1.0,400,2026-02-03T18:40,SIN_DEMANDA,0,,,,,,,0,0,0,76,412,1075.0723684210527,94.5
20265,1.0,401,2026-02-03T18:50,SIN_DEMANDA,0,,,,,,,0,0,0,76,412,1075.0723684210527,94.5
20265,1.0,402,2026-02-03T19:00,COMPLETA,1286.2891,133.5,133.5,50.0,135.0,1,0.08333333333333333,1,0,1,76,412,1075.0723684210527,94.5
20265,1.0,403,2026-02-03T19:10,SIN_DEMANDA,0,,,,,,,0,0,0,78,425,1079.1602564102564,94.5
20265,1.0,404,2026-02-03T19:20,SIN_DEMANDA,0,,,,,,,0,0,0,78,425,1079.1602564102564,94.5
20265,1.0,405,2026-02-03T19:30,SIN_DEMANDA,0,,,,,,,0,0,0,78,425,1079.1602564102564,94.5
20265,1.0,406,2026-02-03T19:40,SIN_DEMANDA,0,,,,,,,0,0,0,78,425,1079.1602564102564,94.5
20265,1.0,407,2026-02-03T19:50,SIN_DEMANDA,0,,,,,,,0,0,0,78,425,1079.1602564102564,94.5
20265,1.0,408,2026-02-03T20:00,SIN_DEMANDA,0,,,,,,,0,0,0,78,425,1079.1602564102564,94.5
20265,1.0,409,2026-02-03T20:10,SIN_DEMANDA,0,,,,,,,0,0,0,78,425,1079.1602564102564,94.5
20265,1.0,410,2026-02-03T20:20,SIN_DEMANDA,0,,,,,,,0,0,0,78,425,1079.1602564102564,94.5
20265,1.0,411,2026-02-03T20:30,SIN_DEMANDA,0,,,,,,,0,0,0,78,425,1079.1602564102564,94.5
20265,1.0,412,2026-02-03T20:40,COMPLETA,1228.992,996.5,996.5,30.0,105.0,1,0.16666666666666666,1,0,1,79,427,1067.1898734177216,94.5
20265,1.0,413,2026-02-03T20:50,SIN_DEMANDA,0,,,,,,,0,0,0,79,427,1067.1898734177216,94.5
20265,1.0,414,2026-02-03T21:00,SIN_DEMANDA,0,,,,,,,0,0,0,79,427,1067.1898734177216,94.5
20265,1.0,415,2026-02-03T21:10,SIN_DEMANDA,0,,,,,,,0,0,0,79,427,1067.1898734177216,94.5
20265,1.0,416,2026-02-03T21:20,SIN_DEMANDA,0,,,,,,,0,0,0,79,427,1067.1898734177216,94.5
20265,1.0,417,2026-02-03T21:30,SIN_DEMANDA,0,,,,,,,0,0,0,79,427,1067.1898734177216,94.5
20265,1.0,418,2026-02-03T21:40,SIN_DEMANDA,0,,,,,,,0,0,0,79,427,1067.1898734177216,94.5
20265,1.0,419,2026-02-03T21:50,COMPLETA,1716.8673,1972.0,1972.0,54.0,211.5,1,0.3333333333333333,1,0,0,79,427,1067.1898734177216,94.5
20265,1.0,420,2026-02-03T22:00,COMPLETA,2420.6717,1990.5,1972.0,187.0,771.0,4,0.14583333333333334,2,0,0,79,427,1067.1898734177216,94.5
20265,1.0,421,2026-02-03T22:10,COMPLETA,1664.463,1990.5,1972.0,187.0,771.0,4,0.14583333333333334,2,0,0,80,431,1066.30625,94.5
20265,1.0,422,2026-02-03T22:20,COMPLETA,1959.1034,1990.5,1972.0,187.0,771.0,4,0.14583333333333334,2,0,0,80,431,1066.30625,94.5
20265,1.0,423,2026-02-03T22:30,COMPLETA,2398.866,2007.0,1972.0,183.0,765.0,4,0.1875,3,0,0,80,431,1066.30625,94.5
20265,1.0,424,2026-02-03T22:40,COMPLETA,2844.7499,2007.0,1972.0,183.0,765.0,4,0.1875,3,0,0,80,431,1066.30625,94.5
20265,1.0,425,2026-02-03T22:50,COMPLETA,2510.2758,2007.0,1972.0,183.0,765.0,4,0.1875,3,0,0,80,431,1066.30625,94.5
20265,1.0,426,2026-02-03T23:00,COMPLETA,2524.3856,1602.625,389.5,246.0,1110.0,6,0.13194444444444445,4,0,6,80,431,1066.30625,94.5
20265,1.0,427,2026-02-03T23:10,SIN_DEMANDA,0,,,,,,,0,0,0,80,431,1066.30625,94.5
20265,1.0,428,2026-02-03T23:20,SIN_DEMANDA,0,,,,,,,0,0,0,80,431,1066.30625,94.5
20265,1.0,429,2026-02-03T23:30,SIN_DEMANDA,0,,,,,,,0,0,0,80,431,1066.30625,94.5
20265,1.0,430,2026-02-03T23:40,SIN_DEMANDA,0,,,,,,,0,0,0,80,431,1066.30625,94.5
20265,1.0,431,2026-02-03T23:50,SIN_DEMANDA,0,,,,,,,0,0,0,80,431,1066.30625,94.5
20265,1.0,432,2026-02-04T00:00,COMPLETA,1411.2402,388.0,388.0,80.0,360.0,2,0.16666666666666666,1,0,2,80,431,1066.30625,94.5
20265,1.0,433,2026-02-04T00:10,SIN_DEMANDA,0,,,,,,,0,0,0,80,431,1066.30625,94.5
20265,1.0,434,2026-02-04T00:20,SIN_DEMANDA,0,,,,,,,0,0,0,80,431,1066.30625,94.5
20265,1.0,435,2026-02-04T00:30,SIN_DEMANDA,0,,,,,,,0,0,0,83,442,1081.2409638554218,94.5
20265,1.0,436,2026-02-04T00:40,SIN_DEMANDA,0,,,,,,,0,0,0,83,442,1081.2409638554218,94.5
20265,1.0,437,2026-02-04T00:50,SIN_DEMANDA,0,,,,,,,0,0,0,83,442,1081.2409638554218,94.5
20265,1.0,438,2026-02-04T01:00,SIN_DEMANDA,0,,,,,,,0,0,0,84,450,1091.845238095238,94.5
20265,1.0,439,2026-02-04T01:10,SIN_DEMANDA,0,,,,,,,0,0,0,84,450,1091.845238095238,94.5
20265,1.0,440,2026-02-04T01:20,SIN_DEMANDA,0,,,,,,,0,0,0,84,450,1091.845238095238,94.5
20265,1.0,441,2026-02-04T01:30,COMPLETA,1890.9836,511.75,387.0,34.0,171.0,2,0.25,2,0,1,85,458,1083.5647058823529,94.5
20265,1.0,442,2026-02-04T01:40,COMPLETA,1695.2243,387.0,387.0,24.0,156.0,2,0.20833333333333334,1,0,0,85,458,1083.5647058823529,94.5
20265,1.0,443,2026-02-04T01:50,COMPLETA,1846.9063,383.25,379.5,50.0,195.0,2,0.25,2,0,2,85,458,1083.5647058823529,94.5
20265,1.0,444,2026-02-04T02:00,SIN_DEMANDA,0,,,,,,,0,0,0,85,458,1083.5647058823529,94.5
20265,1.0,445,2026-02-04T02:10,SIN_DEMANDA,0,,,,,,,0,0,0,85,458,1083.5647058823529,94.5
20265,1.0,446,2026-02-04T02:20,SIN_DEMANDA,0,,,,,,,0,0,0,85,458,1083.5647058823529,94.5
20265,1.0,447,2026-02-04T02:30,SIN_DEMANDA,0,,,,,,,0,0,0,85,458,1083.5647058823529,94.5
20265,1.0,448,2026-02-04T02:40,COMPLETA,1753.8131,396.0,396.0,20.0,90.0,1,0.2916666666666667,1,0,1,85,458,1083.5647058823529,94.5
20265,1.0,449,2026-02-04T02:50,SIN_DEMANDA,0,,,,,,,0,0,0,86,460,1078.3662790697674,94.5
20265,1.0,450,2026-02-04T03:00,SIN_DEMANDA,0,,,,,,,0,0,0,86,460,1078.3662790697674,94.5
20265,1.0,451,2026-02-04T03:10,SIN_DEMANDA,0,,,,,,,0,0,0,87,470,1070.4195402298851,94.5
20265,1.0,452,2026-02-04T03:20,COMPLETA,1270.6415,2064.5,2064.5,42.0,123.0,1,0.125,1,0,1,87,470,1070.4195402298851,94.5
20265,1.0,453,2026-02-04T03:30,SIN_DEMANDA,0,,,,,,,0,0,0,88,472,1062.5681818181818,94.5
20265,1.0,454,2026-02-04T03:40,SIN_DEMANDA,0,,,,,,,0,0,0,88,472,1062.5681818181818,94.5
20265,1.0,455,2026-02-04T03:50,SIN_DEMANDA,0,,,,,,,0,0,0,88,472,1062.5681818181818,94.5
20265,1.0,456,2026-02-04T04:00,SIN_DEMANDA,0,,,,,,,0,0,0,89,479,1055.0786516853932,94.5
20265,1.0,457,2026-02-04T04:10,SIN_DEMANDA,0,,,,,,,0,0,0,89,479,1055.0786516853932,94.5
20265,1.0,458,2026-02-04T04:20,SIN_DEMANDA,0,,,,,,,0,0,0,89,479,1055.0786516853932,94.5
20265,1.0,459,2026-02-04T04:30,COMPLETA,1613.3256,2072.0,2072.0,56.0,204.0,2,0.125,1,0,2,89,479,1055.0786516853932,94.5
20265,1.0,460,2026-02-04T04:40,SIN_DEMANDA,0,,,,,,,0,0,0,89,479,1055.0786516853932,94.5
20265,1.0,461,2026-02-04T04:50,SIN_DEMANDA,0,,,,,,,0,0,0,89,479,1055.0786516853932,94.5
20265,1.0,462,2026-02-04T05:00,SIN_DEMANDA,0,,,,,,,0,0,0,90,482,1066.2944444444445,94.5
20265,1.0,463,2026-02-04T05:10,SIN_DEMANDA,0,,,,,,,0,0,0,90,482,1066.2944444444445,94.5
20265,1.0,464,2026-02-04T05:20,SIN_DEMANDA,0,,,,,,,0,0,0,90,482,1066.2944444444445,94.5
20265,1.0,465,2026-02-04T05:30,SIN_DEMANDA,0,,,,,,,0,0,0,90,482,1066.2944444444445,94.5
20265,1.0,466,2026-02-04T05:40,SIN_DEMANDA,0,,,,,,,0,0,0,90,482,1066.2944444444445,94.5
20265,1.0,467,2026-02-04T05:50,SIN_DEMANDA,0,,,,,,,0,0,0,90,482,1066.2944444444445,94.5
20265,1.0,468,2026-02-04T06:00,SIN_DEMANDA,0,,,,,,,0,0,0,91,488,1077.3461538461538,94.5
20265,1.0,469,2026-02-04T06:10,COMPLETA,1938.6068,2013.5,2013.5,76.0,354.0,2,0.14583333333333334,1,0,0,91,488,1077.3461538461538,94.5
20265,1.0,470,2026-02-04T06:20,COMPLETA,1616.2214,2013.5,2013.5,76.0,354.0,2,0.14583333333333334,1,0,0,91,488,1077.3461538461538,94.5
20265,1.0,471,2026-02-04T06:30,COMPLETA,1690.4275,1486.5,959.5,114.0,531.0,3,0.1388888888888889,2,0,0,91,488,1077.3461538461538,94.5
20265,1.0,472,2026-02-04T06:40,COMPLETA,1716.5678,1486.5,959.5,114.0,531.0,3,0.1388888888888889,2,0,0,91,488,1077.3461538461538,94.5
20265,1.0,473,2026-02-04T06:50,COMPLETA,1987.511,1486.5,959.5,114.0,531.0,3,0.1388888888888889,2,0,0,91,488,1077.3461538461538,94.5
20265,1.0,474,2026-02-04T07:00,COMPLETA,1993.9313,1486.5,959.5,114.0,531.0,3,0.1388888888888889,2,0,3,91,488,1077.3461538461538,94.5
20265,1.0,475,2026-02-04T07:10,SIN_DEMANDA,0,,,,,,,0,0,0,91,488,1077.3461538461538,94.5
20265,1.0,476,2026-02-04T07:20,SIN_DEMANDA,0,,,,,,,0,0,0,91,488,1077.3461538461538,94.5
20265,1.0,477,2026-02-04T07:30,SIN_DEMANDA,0,,,,,,,0,0,0,91,488,1077.3461538461538,94.5
20265,1.0,478,2026-02-04T07:40,COMPLETA,2121.057,628.5,628.5,126.0,549.0,3,0.125,1,0,3,91,488,1077.3461538461538,94.5
20265,1.0,479,2026-02-04T07:50,SIN_DEMANDA,0,,,,,,,0,0,0,91,488,1077.3461538461538,94.5
20265,1.0,480,2026-02-04T08:00,SIN_DEMANDA,0,,,,,,,0,0,0,91,488,1077.3461538461538,94.5
20265,1.0,481,2026-02-04T08:10,SIN_DEMANDA,0,,,,,,,0,0,0,91,488,1077.3461538461538,94.5
20265,1.0,482,2026-02-04T08:20,COMPLETA,1736.4595,556.5,556.5,96.0,264.0,1,0.2916666666666667,1,0,1,91,488,1077.3461538461538,94.5
20265,1.0,483,2026-02-04T08:30,SIN_DEMANDA,0,,,,,,,0,0,0,93,498,1086.1451612903227,94.5
20265,1.0,484,2026-02-04T08:40,SIN_DEMANDA,0,,,,,,,0,0,0,93,498,1086.1451612903227,94.5
20265,1.0,485,2026-02-04T08:50,SIN_DEMANDA,0,,,,,,,0,0,0,93,498,1086.1451612903227,94.5
20265,1.0,486,2026-02-04T09:00,SIN_DEMANDA,0,,,,,,,0,0,0,93,498,1086.1451612903227,94.5
20265,1.0,487,2026-02-04T09:10,COMPLETA,2326.907,2066.5,2066.5,38.0,117.0,1,0.25,1,0,1,93,498,1086.1451612903227,94.5
20265,1.0,488,2026-02-04T09:20,SIN_DEMANDA,0,,,,,,,0,0,0,94,507,1081.276595744681,94.5
20265,1.0,489,2026-02-04T09:30,SIN_DEMANDA,0,,,,,,,0,0,0,94,507,1081.276595744681,94.5
20265,1.0,490,2026-02-04T09:40,SIN_DEMANDA,0,,,,,,,0,0,0,94,507,1081.276595744681,94.5
20265,1.0,491,2026-02-04T09:50,SIN_DEMANDA,0,,,,,,,0,0,0,94,507,1081.276595744681,94.5
20265,1.0,492,2026-02-04T10:00,SIN_DEMANDA,0,,,,,,,0,0,0,94,507,1081.276595744681,94.5
20265,1.0,493,2026-02-04T10:10,SIN_DEMANDA,0,,,,,,,0,0,0,94,507,1081.276595744681,94.5
20265,1.0,494,2026-02-04T10:20,SIN_DEMANDA,0,,,,,,,0,0,0,94,507,1081.276595744681,94.5
20265,1.0,495,2026-02-04T10:30,SIN_DEMANDA,0,,,,,,,0,0,0,94,507,1081.276595744681,94.5
20265,1.0,496,2026-02-04T10:40,SIN_DEMANDA,0,,,,,,,0,0,0,95,513,1091.6473684210525,94.5
20265,1.0,497,2026-02-04T10:50,SIN_DEMANDA,0,,,,,,,0,0,0,95,513,1091.6473684210525,94.5
20265,1.0,498,2026-02-04T11:00,SIN_DEMANDA,0,,,,,,,0,0,0,96,520,1086.0729166666667,94.5
20265,1.0,499,2026-02-04T11:10,SIN_DEMANDA,0,,,,,,,0,0,0,96,520,1086.0729166666667,94.5
20265,1.0,500,2026-02-04T11:20,SIN_DEMANDA,0,,,,,,,0,0,0,96,520,1086.0729166666667,94.5
20265,1.0,501,2026-02-04T11:30,SIN_DEMANDA,0,,,,,,,0,0,0,96,520,1086.0729166666667,94.5
20265,1.0,502,2026-02-04T11:40,SIN_DEMANDA,0,,,,,,,0,0,0,96,520,1086.0729166666667,94.5
20265,1.0,503,2026-02-04T11:50,SIN_DEMANDA,0,,,,,,,0,0,0,96,520,1086.0729166666667,94.5
20265,1.0,504,2026-02-04T12:00,SIN_DEMANDA,0,,,,,,,0,0,0,96,520,1086.0729166666667,94.5
20265,1.0,505,2026-02-04T12:10,SIN_DEMANDA,0,,,,,,,0,0,0,96,520,1086.0729166666667,94.5
20265,1.0,506,2026-02-04T12:20,SIN_DEMANDA,0,,,,,,,0,0,0,96,520,1086.0729166666667,94.5
20265,1.0,507,2026-02-04T12:30,SIN_DEMANDA,0,,,,,,,0,0,0,96,520,1086.0729166666667,94.5
20265,1.0,508,2026-02-04T12:40,COMPLETA,2452.9551,2080.5,2080.5,52.0,198.0,2,0.10416666666666667,1,0,2,96,520,1086.0729166666667,94.5
20265,1.0,509,2026-02-04T12:50,SIN_DEMANDA,0,,,,,,,0,0,0,96,520,1086.0729166666667,94.5
20265,1.0,510,2026-02-04T13:00,SIN_DEMANDA,0,,,,,,,0,0,0,96,520,1086.0729166666667,94.5
20265,1.0,511,2026-02-04T13:10,SIN_DEMANDA,0,,,,,,,0,0,0,96,520,1086.0729166666667,94.5
20265,1.0,512,2026-02-04T13:20,SIN_DEMANDA,0,,,,,,,0,0,0,96,520,1086.0729166666667,94.5
20265,1.0,513,2026-02-04T13:30,COMPLETA,1486.2276,1977.5,1977.5,42.0,183.0,1,0.041666666666666664,1,0,0,96,520,1086.0729166666667,94.5
20265,1.0,514,2026-02-04T13:40,COMPLETA,1563.4839,1977.5,1977.5,42.0,183.0,1,0.041666666666666664,1,0,0,96,520,1086.0729166666667,94.5
20265,1.0,515,2026-02-04T13:50,COMPLETA,1300.5181,1977.5,1977.5,42.0,183.0,1,0.041666666666666664,1,0,0,96,520,1086.0729166666667,94.5
20265,1.0,516,2026-02-04T14:00,COMPLETA,1656.5916,1977.5,1977.5,42.0,183.0,1,0.041666666666666664,1,0,0,97,525,1096.3247422680413,94.5
20265,1.0,517,2026-02-04T14:10,COMPLETA,2315.8498,1278.0,578.5,72.0,348.0,2,0.14583333333333334,2,0,0,97,525,1096.3247422680413,94.5
20265,1.0,518,2026-02-04T14:20,COMPLETA,2677.8755,1278.0,578.5,72.0,348.0,2,0.14583333333333334,2,0,0,97,525,1096.3247422680413,94.5
20265,1.0,519,2026-02-04T14:30,COMPLETA,2297.0755,1278.0,578.5,72.0,348.0,2,0.14583333333333334,2,0,0,97,525,1096.3247422680413,94.5
20265,1.0,520,2026-02-04T14:40,COMPLETA,2191.3641,1278.0,578.5,72.0,348.0,2,0.14583333333333334,2,0,0,97,525,1096.3247422680413,94.5
20265,1.0,521,2026-02-04T14:50,COMPLETA,1862.6392,1278.0,578.5,72.0,348.0,2,0.14583333333333334,2,0,0,97,525,1096.3247422680413,94.5
20265,1.0,522,2026-02-04T15:00,COMPLETA,1964.1228,1278.0,578.5,72.0,348.0,2,0.14583333333333334,2,0,2,97,525,1096.3247422680413,94.5
20265,1.0,523,2026-02-04T15:10,SIN_DEMANDA,0,,,,,,,0,0,0,97,525,1096.3247422680413,94.5
20265,1.0,524,2026-02-04T15:20,SIN_DEMANDA,0,,,,,,,0,0,0,97,525,1096.3247422680413,94.5
20265,1.0,525,2026-02-04T15:30,SIN_DEMANDA,0,,,,,,,0,0,0,97,525,1096.3247422680413,94.5
20265,1.0,526,2026-02-04T15:40,SIN_DEMANDA,0,,,,,,,0,0,0,97,525,1096.3247422680413,94.5
20265,1.0,527,2026-02-04T15:50,SIN_DEMANDA,0,,,,,,,0,0,0,97,525,1096.3247422680413,94.5
20265,1.0,528,2026-02-04T16:00,SIN_DEMANDA,0,,,,,,,0,0,0,97,525,1096.3247422680413,94.5
20265,1.0,529,2026-02-04T16:10,COMPLETA,971.9263,2090.5,2090.5,10.0,135.0,1,0.125,1,0,1,97,525,1096.3247422680413,94.5
20265,1.0,530,2026-02-04T16:20,SIN_DEMANDA,0,,,,,,,0,0,0,97,525,1096.3247422680413,94.5
20265,1.0,531,2026-02-04T16:30,SIN_DEMANDA,0,,,,,,,0,0,0,98,531,1091.0408163265306,94.5
20265,1.0,532,2026-02-04T16:40,COMPLETA,1340.4847,390.5,390.5,30.0,165.0,1,0.16666666666666666,1,0,1,99,532,1099.9949494949494,94.5
20265,1.0,533,2026-02-04T16:50,SIN_DEMANDA,0,,,,,,,0,0,0,99,532,1099.9949494949494,94.5
20265,1.0,534,2026-02-04T17:00,SIN_DEMANDA,0,,,,,,,0,0,0,99,532,1099.9949494949494,94.5
20265,1.0,535,2026-02-04T17:10,SIN_DEMANDA,0,,,,,,,0,0,0,99,532,1099.9949494949494,94.5
20265,1.0,536,2026-02-04T17:20,SIN_DEMANDA,0,,,,,,,0,0,0,100,535,1109.9,94.5
20265,1.0,537,2026-02-04T17:30,COMPLETA,1851.2868,2072.5,2072.5,34.0,111.0,1,0.041666666666666664,1,0,1,100,535,1109.9,94.5
20265,1.0,538,2026-02-04T17:40,SIN_DEMANDA,0,,,,,,,0,0,0,100,535,1109.9,94.5
20265,1.0,539,2026-02-04T17:50,SIN_DEMANDA,0,,,,,,,0,0,0,100,535,1109.9,94.5
20265,1.0,540,2026-02-04T18:00,SIN_DEMANDA,0,,,,,,,0,0,0,100,535,1109.9,94.5
20265,1.0,541,2026-02-04T18:10,COMPLETA,1963.234,1339.75,625.0,152.0,408.0,3,0.09722222222222222,2,0,3,101,539,1102.7772277227723,94.5
20265,1.0,542,2026-02-04T18:20,SIN_DEMANDA,0,,,,,,,0,0,0,101,539,1102.7772277227723,94.5
20265,1.0,543,2026-02-04T18:30,SIN_DEMANDA,0,,,,,,,0,0,0,101,539,1102.7772277227723,94.5
20265,1.0,544,2026-02-04T18:40,COMPLETA,2599.9681,403.0,403.0,20.0,221.0,1,0.20833333333333334,1,0,1,101,539,1102.7772277227723,94.5
20265,1.0,545,2026-02-04T18:50,SIN_DEMANDA,0,,,,,,,0,0,0,101,539,1102.7772277227723,94.5
20265,1.0,546,2026-02-04T19:00,SIN_DEMANDA,0,,,,,,,0,0,0,102,540,1112.2843137254902,94.5
20265,1.0,547,2026-02-04T19:10,SIN_DEMANDA,0,,,,,,,0,0,0,102,540,1112.2843137254902,94.5
20265,1.0,548,2026-02-04T19:20,SIN_DEMANDA,0,,,,,,,0,0,0,102,540,1112.2843137254902,94.5
20265,1.0,549,2026-02-04T19:30,SIN_DEMANDA,0,,,,,,,0,0,0,102,540,1112.2843137254902,94.5
20265,1.0,550,2026-02-04T19:40,COMPLETA,2492.2821,2069.75,2055.0,58.0,207.0,2,0.0625,2,0,2,103,542,1107.5533980582525,94.5
20265,1.0,551,2026-02-04T19:50,SIN_DEMANDA,0,,,,,,,0,0,0,103,542,1107.5533980582525,94.5
20265,1.0,552,2026-02-04T20:00,SIN_DEMANDA,0,,,,,,,0,0,0,105,552,1109.8619047619047,94.5
20265,1.0,553,2026-02-04T20:10,SIN_DEMANDA,0,,,,,,,0,0,0,105,552,1109.8619047619047,94.5
20265,1.0,554,2026-02-04T20:20,COMPLETA,2498.6385,553.0,137.5,172.0,438.0,3,0.2638888888888889,2,0,3,105,552,1109.8619047619047,94.5
20265,1.0,555,2026-02-04T20:30,COMPLETA,1678.2531,1001.5,1001.5,22.0,93.0,1,0.125,1,0,1,105,552,1109.8619047619047,94.5
20265,1.0,556,2026-02-04T20:40,COMPLETA,2422.5111,401.0,401.0,48.0,192.0,2,0.20833333333333334,1,0,2,105,552,1109.8619047619047,94.5
20265,1.0,557,2026-02-04T20:50,SIN_DEMANDA,0,,,,,,,0,0,0,106,554,1119.0566037735848,94.5
20265,1.0,558,2026-02-04T21:00,SIN_DEMANDA,0,,,,,,,0,0,0,106,554,1119.0566037735848,94.5
20265,1.0,559,2026-02-04T21:10,SIN_DEMANDA,0,,,,,,,0,0,0,106,554,1119.0566037735848,94.5
20265,1.0,560,2026-02-04T21:20,SIN_DEMANDA,0,,,,,,,0,0,0,107,555,1127.803738317757,94.5
20265,1.0,561,2026-02-04T21:30,SIN_DEMANDA,0,,,,,,,0,0,0,107,555,1127.803738317757,94.5
20265,1.0,562,2026-02-04T21:40,SIN_DEMANDA,0,,,,,,,0,0,0,107,555,1127.803738317757,94.5
20265,1.0,563,2026-02-04T21:50,SIN_DEMANDA,0,,,,,,,0,0,0,108,558,1126.6342592592594,94.5
20265,1.0,564,2026-02-04T22:00,COMPLETA,1784.5688,2023.0,2023.0,20.0,150.0,1,0.041666666666666664,1,0,0,110,578,1111.0454545454545,94.5
20265,1.0,565,2026-02-04T22:10,COMPLETA,1504.227,2023.0,2023.0,20.0,150.0,1,0.041666666666666664,1,0,0,111,587,1109.7612612612613,94.5
20265,1.0,566,2026-02-04T22:20,COMPLETA,1612.7303,2023.0,2023.0,20.0,150.0,1,0.041666666666666664,1,0,0,111,587,1109.7612612612613,94.5
20265,1.0,567,2026-02-04T22:30,COMPLETA,2512.1462,2022.5,2022.0,106.0,519.0,3,0.1527777777777778,2,0,0,111,587,1109.7612612612613,94.5
20265,1.0,568,2026-02-04T22:40,COMPLETA,2825.986,2017.0,2006.0,307.0,1180.5,6,0.1388888888888889,3,0,0,111,587,1109.7612612612613,94.5
20265,1.0,569,2026-02-04T22:50,COMPLETA,2946.8674,2017.0,2006.0,307.0,1180.5,6,0.1388888888888889,3,0,0,111,587,1109.7612612612613,94.5
20265,1.0,570,2026-02-04T23:00,COMPLETA,2968.9346,2017.0,2006.0,307.0,1180.5,6,0.1388888888888889,3,0,6,111,587,1109.7612612612613,94.5
20265,1.0,571,2026-02-04T23:10,SIN_DEMANDA,0,,,,,,,0,0,0,111,587,1109.7612612612613,94.5
20265,1.0,572,2026-02-04T23:20,SIN_DEMANDA,0,,,,,,,0,0,0,111,587,1109.7612612612613,94.5
20265,1.0,573,2026-02-04T23:30,SIN_DEMANDA,0,,,,,,,0,0,0,111,587,1109.7612612612613,94.5
20265,1.0,574,2026-02-04T23:40,SIN_DEMANDA,0,,,,,,,0,0,0,111,587,1109.7612612612613,94.5
20265,1.0,575,2026-02-04T23:50,SIN_DEMANDA,0,,,,,,,0,0,0,111,587,1109.7612612612613,94.5
20265,1.0,576,2026-02-05T00:00,SIN_DEMANDA,0,,,,,,,0,0,0,111,587,1109.7612612612613,94.5
20265,1.0,577,2026-02-05T00:10,SIN_DEMANDA,0,,,,,,,0,0,0,111,587,1109.7612612612613,94.5
20265,1.0,578,2026-02-05T00:20,SIN_DEMANDA,0,,,,,,,0,0,0,112,588,1117.9151785714287,94.5
20265,1.0,579,2026-02-05T00:30,SIN_DEMANDA,0,,,,,,,0,0,0,112,588,1117.9151785714287,94.5
20265,1.0,580,2026-02-05T00:40,COMPLETA,2283.9884,2051.5,2051.5,162.0,603.0,3,0.125,1,0,3,113,598,1125.91592920354,94.5
20265,1.0,581,2026-02-05T00:50,SIN_DEMANDA,0,,,,,,,0,0,0,113,598,1125.91592920354,94.5
20265,1.0,582,2026-02-05T01:00,COMPLETA,1863.24,948.0,948.0,56.0,144.0,1,0.16666666666666666,1,0,1,113,598,1125.91592920354,94.5
20265,1.0,583,2026-02-05T01:10,SIN_DEMANDA,0,,,,,,,0,0,0,114,607,1133.6359649122808,94.5
20265,1.0,584,2026-02-05T01:20,COMPLETA,2680.5687,653.2,653.2,8.0,139.2,2,0.375,1,0,2,114,607,1133.6359649122808,94.5
20265,1.0,585,2026-02-05T01:30,SIN_DEMANDA,0,,,,,,,0,0,0,114,607,1133.6359649122808,94.5
20265,1.0,586,2026-02-05T01:40,COMPLETA,2678.6379,2074.5,2074.5,26.0,99.0,1,0.4166666666666667,1,0,1,114,607,1133.6359649122808,94.5
20265,1.0,587,2026-02-05T01:50,COMPLETA,1824.5017,2011.0,2011.0,75.0,172.5,1,0.125,1,0,0,114,607,1133.6359649122808,94.5
20265,1.0,588,2026-02-05T02:00,COMPLETA,1398.1768,2011.0,2011.0,75.0,172.5,1,0.125,1,0,1,114,607,1133.6359649122808,94.5
20265,1.0,589,2026-02-05T02:10,SIN_DEMANDA,0,,,,,,,0,0,0,114,607,1133.6359649122808,94.5
20265,1.0,590,2026-02-05T02:20,SIN_DEMANDA,0,,,,,,,0,0,0,114,607,1133.6359649122808,94.5
20265,1.0,591,2026-02-05T02:30,SIN_DEMANDA,0,,,,,,,0,0,0,116,622,1137.4068965517242,94.5
20265,1.0,592,2026-02-05T02:40,SIN_DEMANDA,0,,,,,,,0,0,0,116,622,1137.4068965517242,94.5
20265,1.0,593,2026-02-05T02:50,SIN_DEMANDA,0,,,,,,,0,0,0,116,622,1137.4068965517242,94.5
20265,1.0,594,2026-02-05T03:00,SIN_DEMANDA,0,,,,,,,0,0,0,117,632,1145.4162393162394,94.5
20265,1.0,595,2026-02-05T03:10,SIN_DEMANDA,0,,,,,,,0,0,0,118,636,1143.743220338983,94.5
20265,1.0,596,2026-02-05T03:20,SIN_DEMANDA,0,,,,,,,0,0,0,118,636,1143.743220338983,94.5
20265,1.0,597,2026-02-05T03:30,SIN_DEMANDA,0,,,,,,,0,0,0,118,636,1143.743220338983,94.5
20265,1.0,598,2026-02-05T03:40,SIN_DEMANDA,0,,,,,,,0,0,0,118,636,1143.743220338983,94.5
20265,1.0,599,2026-02-05T03:50,SIN_DEMANDA,0,,,,,,,0,0,0,118,636,1143.743220338983,94.5
20265,1.0,600,2026-02-05T04:00,SIN_DEMANDA,0,,,,,,,0,0,0,118,636,1143.743220338983,94.5
20265,1.0,601,2026-02-05T04:10,COMPLETA,1430.8965,592.5,592.5,58.0,147.0,1,0.08333333333333333,1,0,1,118,636,1143.743220338983,94.5
20265,1.0,602,2026-02-05T04:20,SIN_DEMANDA,0,,,,,,,0,0,0,119,639,1151.0310924369749,94.5
20265,1.0,603,2026-02-05T04:30,SIN_DEMANDA,0,,,,,,,0,0,0,119,639,1151.0310924369749,94.5
20265,1.0,604,2026-02-05T04:40,SIN_DEMANDA,0,,,,,,,0,0,0,119,639,1151.0310924369749,94.5
20265,1.0,605,2026-02-05T04:50,SIN_DEMANDA,0,,,,,,,0,0,0,119,639,1151.0310924369749,94.5
20265,1.0,606,2026-02-05T05:00,SIN_DEMANDA,0,,,,,,,0,0,0,119,639,1151.0310924369749,94.5
20265,1.0,607,2026-02-05T05:10,COMPLETA,1314.6475,970.5,970.5,47.0,130.5,1,0.16666666666666666,1,0,1,119,639,1151.0310924369749,94.5
20265,1.0,608,2026-02-05T05:20,SIN_DEMANDA,0,,,,,,,0,0,0,119,639,1151.0310924369749,94.5
20265,1.0,609,2026-02-05T05:30,SIN_DEMANDA,0,,,,,,,0,0,0,119,639,1151.0310924369749,94.5
20265,1.0,610,2026-02-05T05:40,SIN_DEMANDA,0,,,,,,,0,0,0,119,639,1151.0310924369749,94.5
20265,1.0,611,2026-02-05T05:50,SIN_DEMANDA,0,,,,,,,0,0,0,119,639,1151.0310924369749,94.5
20265,1.0,612,2026-02-05T06:00,SIN_DEMANDA,0,,,,,,,0,0,0,119,639,1151.0310924369749,94.5
20265,1.0,613,2026-02-05T06:10,SIN_DEMANDA,0,,,,,,,0,0,0,119,639,1151.0310924369749,94.5
20265,1.0,614,2026-02-05T06:20,COMPLETA,2330.6654,954.0,954.0,42.0,183.0,1,0.25,1,0,0,120,641,1146.3766666666668,94.5
20265,1.0,615,2026-02-05T06:30,COMPLETA,2258.1609,954.0,954.0,42.0,183.0,1,0.25,1,0,0,120,641,1146.3766666666668,94.5
20265,1.0,616,2026-02-05T06:40,COMPLETA,1989.3877,954.0,954.0,42.0,183.0,1,0.25,1,0,0,120,641,1146.3766666666668,94.5
20265,1.0,617,2026-02-05T06:50,COMPLETA,3018.6412,785.0,616.0,156.0,714.0,4,0.13541666666666666,2,0,0,120,641,1146.3766666666668,94.5
20265,1.0,618,2026-02-05T07:00,COMPLETA,3719.652,1212.8333333333333,616.0,198.0,897.0,5,0.15,3,0,5,121,645,1144.9231404958678,94.5
20265,1.0,619,2026-02-05T07:10,SIN_DEMANDA,0,,,,,,,0,0,0,121,645,1144.9231404958678,94.5
20265,1.0,620,2026-02-05T07:20,SIN_DEMANDA,0,,,,,,,0,0,0,121,645,1144.9231404958678,94.5
20265,1.0,621,2026-02-05T07:30,SIN_DEMANDA,0,,,,,,,0,0,0,121,645,1144.9231404958678,94.5
20265,1.0,622,2026-02-05T07:40,SIN_DEMANDA,0,,,,,,,0,0,0,121,645,1144.9231404958678,94.5
20265,1.0,623,2026-02-05T07:50,SIN_DEMANDA,0,,,,,,,0,0,0,121,645,1144.9231404958678,94.5
20265,1.0,624,2026-02-05T08:00,SIN_DEMANDA,0,,,,,,,0,0,0,121,645,1144.9231404958678,94.5
20265,1.0,625,2026-02-05T08:10,SIN_DEMANDA,0,,,,,,,0,0,0,121,645,1144.9231404958678,94.5
20265,1.0,626,2026-02-05T08:20,SIN_DEMANDA,0,,,,,,,0,0,0,121,645,1144.9231404958678,94.5
20265,1.0,627,2026-02-05T08:30,SIN_DEMANDA,0,,,,,,,0,0,0,124,663,1146.5661290322582,94.5
20265,1.0,628,2026-02-05T08:40,COMPLETA,3029.0573,587.5,587.5,154.0,471.0,2,0.14583333333333334,1,0,2,124,663,1146.5661290322582,94.5
20265,1.0,629,2026-02-05T08:50,SIN_DEMANDA,0,,,,,,,0,0,0,124,663,1146.5661290322582,94.5
20265,1.0,630,2026-02-05T09:00,SIN_DEMANDA,0,,,,,,,0,0,0,124,663,1146.5661290322582,94.5
20265,1.0,631,2026-02-05T09:10,SIN_DEMANDA,0,,,,,,,0,0,0,124,663,1146.5661290322582,94.5
20265,1.0,632,2026-02-05T09:20,SIN_DEMANDA,0,,,,,,,0,0,0,124,663,1146.5661290322582,94.5
20265,1.0,633,2026-02-05T09:30,SIN_DEMANDA,0,,,,,,,0,0,0,124,663,1146.5661290322582,94.5
20265,1.0,634,2026-02-05T09:40,SIN_DEMANDA,0,,,,,,,0,0,0,124,663,1146.5661290322582,94.5
20265,1.0,635,2026-02-05T09:50,SIN_DEMANDA,0,,,,,,,0,0,0,124,663,1146.5661290322582,94.5
20265,1.0,636,2026-02-05T10:00,COMPLETA,2505.3513,387.0,387.0,80.0,240.0,2,0.125,1,0,2,124,663,1146.5661290322582,94.5
20265,1.0,637,2026-02-05T10:10,SIN_DEMANDA,0,,,,,,,0,0,0,124,663,1146.5661290322582,94.5
20265,1.0,638,2026-02-05T10:20,SIN_DEMANDA,0,,,,,,,0,0,0,124,663,1146.5661290322582,94.5
20265,1.0,639,2026-02-05T10:30,SIN_DEMANDA,0,,,,,,,0,0,0,124,663,1146.5661290322582,94.5
20265,1.0,640,2026-02-05T10:40,SIN_DEMANDA,0,,,,,,,0,0,0,124,663,1146.5661290322582,94.5
20265,1.0,641,2026-02-05T10:50,SIN_DEMANDA,0,,,,,,,0,0,0,125,670,1142.0936000000002,94.5
20265,1.0,642,2026-02-05T11:00,COMPLETA,2924.7818,379.0,379.0,48.0,132.0,1,0.20833333333333334,1,0,1,125,670,1142.0936000000002,94.5
20265,1.0,643,2026-02-05T11:10,SIN_DEMANDA,0,,,,,,,0,0,0,125,670,1142.0936000000002,94.5
20265,1.0,644,2026-02-05T11:20,SIN_DEMANDA,0,,,,,,,0,0,0,125,670,1142.0936000000002,94.5
20265,1.0,645,2026-02-05T11:30,SIN_DEMANDA,0,,,,,,,0,0,0,126,676,1136.1007936507938,94.5
20265,1.0,646,2026-02-05T11:40,SIN_DEMANDA,0,,,,,,,0,0,0,126,676,1136.1007936507938,94.5
20265,1.0,647,2026-02-05T11:50,SIN_DEMANDA,0,,,,,,,0,0,0,126,676,1136.1007936507938,94.5
20265,1.0,648,2026-02-05T12:00,SIN_DEMANDA,0,,,,,,,0,0,0,126,676,1136.1007936507938,94.5
20265,1.0,649,2026-02-05T12:10,SIN_DEMANDA,0,,,,,,,0,0,0,126,676,1136.1007936507938,94.5
20265,1.0,650,2026-02-05T12:20,SIN_DEMANDA,0,,,,,,,0,0,0,126,676,1136.1007936507938,94.5
20265,1.0,651,2026-02-05T12:30,COMPLETA,2433.1162,378.5,378.5,50.0,135.0,1,0.375,1,0,1,126,676,1136.1007936507938,94.5
20265,1.0,652,2026-02-05T12:40,SIN_DEMANDA,0,,,,,,,0,0,0,127,681,1130.1393700787403,94.5
20265,1.0,653,2026-02-05T12:50,SIN_DEMANDA,0,,,,,,,0,0,0,127,681,1130.1393700787403,94.5
20265,1.0,654,2026-02-05T13:00,SIN_DEMANDA,0,,,,,,,0,0,0,127,681,1130.1393700787403,94.5
20265,1.0,655,2026-02-05T13:10,SIN_DEMANDA,0,,,,,,,0,0,0,127,681,1130.1393700787403,94.5
20265,1.0,656,2026-02-05T13:20,SIN_DEMANDA,0,,,,,,,0,0,0,127,681,1130.1393700787403,94.5
20265,1.0,657,2026-02-05T13:30,SIN_DEMANDA,0,,,,,,,0,0,0,127,681,1130.1393700787403,94.5
20265,1.0,658,2026-02-05T13:40,SIN_DEMANDA,0,,,,,,,0,0,0,127,681,1130.1393700787403,94.5
20265,1.0,659,2026-02-05T13:50,SIN_DEMANDA,0,,,,,,,0,0,0,127,681,1130.1393700787403,94.5
20265,1.0,660,2026-02-05T14:00,SIN_DEMANDA,0,,,,,,,0,0,0,127,681,1130.1393700787403,94.5
20265,1.0,661,2026-02-05T14:10,SIN_DEMANDA,0,,,,,,,0,0,0,128,690,1124.2671875,94.5
20265,1.0,662,2026-02-05T14:20,COMPLETA,2658.1573,2034.5,2034.5,34.0,171.0,1,0.25,1,0,0,128,690,1124.2671875,94.5
20265,1.0,663,2026-02-05T14:30,COMPLETA,2805.1574,2034.5,2034.5,34.0,171.0,1,0.25,1,0,0,128,690,1124.2671875,94.5
20265,1.0,664,2026-02-05T14:40,COMPLETA,2577.5675,2034.5,2034.5,34.0,171.0,1,0.25,1,0,0,128,690,1124.2671875,94.5
20265,1.0,665,2026-02-05T14:50,COMPLETA,3745.5003,2034.5,2034.5,34.0,171.0,1,0.25,1,0,0,128,690,1124.2671875,94.5
20265,1.0,666,2026-02-05T15:00,COMPLETA,3083.0317,2034.5,2034.5,34.0,171.0,1,0.25,1,0,1,128,690,1124.2671875,94.5
20265,1.0,667,2026-02-05T15:10,SIN_DEMANDA,0,,,,,,,0,0,0,128,690,1124.2671875,94.5
20265,1.0,668,2026-02-05T15:20,SIN_DEMANDA,0,,,,,,,0,0,0,128,690,1124.2671875,94.5
20265,1.0,669,2026-02-05T15:30,SIN_DEMANDA,0,,,,,,,0,0,0,128,690,1124.2671875,94.5
20265,1.0,670,2026-02-05T15:40,SIN_DEMANDA,0,,,,,,,0,0,0,128,690,1124.2671875,94.5
20265,1.0,671,2026-02-05T15:50,COMPLETA,2540.5952,2075.5,2075.5,26.0,159.0,1,0.2916666666666667,1,0,1,128,690,1124.2671875,94.5
20265,1.0,672,2026-02-05T16:00,SIN_DEMANDA,0,,,,,,,0,0,0,128,690,1124.2671875,94.5
20265,1.0,673,2026-02-05T16:10,SIN_DEMANDA,0,,,,,,,0,0,0,128,690,1124.2671875,94.5
20265,1.0,674,2026-02-05T16:20,SIN_DEMANDA,0,,,,,,,0,0,0,128,690,1124.2671875,94.5
20265,1.0,675,2026-02-05T16:30,SIN_DEMANDA,0,,,,,,,0,0,0,129,696,1131.3232558139537,94.5
20265,1.0,676,2026-02-05T16:40,SIN_DEMANDA,0,,,,,,,0,0,0,129,696,1131.3232558139537,94.5
20265,1.0,677,2026-02-05T16:50,SIN_DEMANDA,0,,,,,,,0,0,0,129,696,1131.3232558139537,94.5
20265,1.0,678,2026-02-05T17:00,COMPLETA,2931.9347,1000.0,1000.0,48.0,192.0,2,0.16666666666666666,1,0,2,129,696,1131.3232558139537,94.5
20265,1.0,679,2026-02-05T17:10,COMPLETA,1665.3467,636.0,636.0,32.0,108.0,1,0.041666666666666664,1,0,1,130,703,1138.586153846154,94.5
20265,1.0,680,2026-02-05T17:20,SIN_DEMANDA,0,,,,,,,0,0,0,130,703,1138.586153846154,94.5
20265,1.0,681,2026-02-05T17:30,SIN_DEMANDA,0,,,,,,,0,0,0,130,703,1138.586153846154,94.5
20265,1.0,682,2026-02-05T17:40,COMPLETA,2910.4651,393.0,393.0,24.0,96.0,1,0.375,1,0,1,130,703,1138.586153846154,94.5
20265,1.0,683,2026-02-05T17:50,COMPLETA,2215.8372,396.5,396.5,18.0,87.0,1,0.4166666666666667,1,0,1,130,703,1138.586153846154,94.5
20265,1.0,684,2026-02-05T18:00,COMPLETA,2034.3074,2043.8,2043.8,39.0,153.6,1,0.25,1,0,1,130,703,1138.586153846154,94.5
20265,1.0,685,2026-02-05T18:10,SIN_DEMANDA,0,,,,,,,0,0,0,130,703,1138.586153846154,94.5
20265,1.0,686,2026-02-05T18:20,SIN_DEMANDA,0,,,,,,,0,0,0,131,711,1137.5282442748091,94.5
20265,1.0,687,2026-02-05T18:30,SIN_DEMANDA,0,,,,,,,0,0,0,131,711,1137.5282442748091,94.5
20265,1.0,688,2026-02-05T18:40,SIN_DEMANDA,0,,,,,,,0,0,0,132,712,1133.728787878788,94.5
20265,1.0,689,2026-02-05T18:50,SIN_DEMANDA,0,,,,,,,0,0,0,132,712,1133.728787878788,94.5
20265,1.0,690,2026-02-05T19:00,SIN_DEMANDA,0,,,,,,,0,0,0,133,721,1128.1593984962408,94.5
20265,1.0,691,2026-02-05T19:10,SIN_DEMANDA,0,,,,,,,0,0,0,134,731,1122.6992537313433,94.5
20265,1.0,692,2026-02-05T19:20,SIN_DEMANDA,0,,,,,,,0,0,0,134,731,1122.6992537313433,94.5
20265,1.0,693,2026-02-05T19:30,SIN_DEMANDA,0,,,,,,,0,0,0,134,731,1122.6992537313433,94.5
20265,1.0,694,2026-02-05T19:40,SIN_DEMANDA,0,,,,,,,0,0,0,134,731,1122.6992537313433,94.5
20265,1.0,695,2026-02-05T19:50,SIN_DEMANDA,0,,,,,,,0,0,0,134,731,1122.6992537313433,94.5
20265,1.0,696,2026-02-05T20:00,SIN_DEMANDA,0,,,,,,,0,0,0,135,733,1129.5222222222221,94.5
20265,1.0,697,2026-02-05T20:10,SIN_DEMANDA,0,,,,,,,0,0,0,135,733,1129.5222222222221,94.5
20265,1.0,698,2026-02-05T20:20,SIN_DEMANDA,0,,,,,,,0,0,0,135,733,1129.5222222222221,94.5
20265,1.0,699,2026-02-05T20:30,COMPLETA,1982.2516,2038.5,2038.5,70.0,165.0,1,0.16666666666666666,1,0,1,135,733,1129.5222222222221,94.5
20265,1.0,700,2026-02-05T20:40,COMPLETA,2782.4407,2058.0,2058.0,88.0,252.0,2,0.16666666666666666,1,0,2,135,733,1129.5222222222221,94.5
20265,1.0,701,2026-02-05T20:50,SIN_DEMANDA,0,,,,,,,0,0,0,135,733,1129.5222222222221,94.5
20265,1.0,702,2026-02-05T21:00,SIN_DEMANDA,0,,,,,,,0,0,0,135,733,1129.5222222222221,94.5
20265,1.0,703,2026-02-05T21:10,COMPLETA,2823.826,2068.0,2068.0,72.0,228.0,2,0.1875,1,0,2,135,733,1129.5222222222221,94.5
20265,1.0,704,2026-02-05T21:20,SIN_DEMANDA,0,,,,,,,0,0,0,135,733,1129.5222222222221,94.5
20265,1.0,705,2026-02-05T21:30,SIN_DEMANDA,0,,,,,,,0,0,0,135,733,1129.5222222222221,94.5
20265,1.0,706,2026-02-05T21:40,COMPLETA,1995.0878,901.0,901.0,44.0,186.0,1,0.125,1,0,0,135,733,1129.5222222222221,94.5
20265,1.0,707,2026-02-05T21:50,COMPLETA,1589.1168,901.0,901.0,44.0,186.0,1,0.125,1,0,0,135,733,1129.5222222222221,94.5
20265,1.0,708,2026-02-05T22:00,COMPLETA,3166.332,1463.5,901.0,60.0,330.0,2,0.2708333333333333,2,0,0,135,733,1129.5222222222221,94.5
20265,1.0,709,2026-02-05T22:10,COMPLETA,2913.0092,1463.5,901.0,60.0,330.0,2,0.2708333333333333,2,0,0,135,733,1129.5222222222221,94.5
20265,1.0,710,2026-02-05T22:20,COMPLETA,3913.8479,1463.5,901.0,60.0,330.0,2,0.2708333333333333,2,0,0,136,741,1136.3492647058824,94.5
20265,1.0,711,2026-02-05T22:30,COMPLETA,3802.0859,1463.5,901.0,60.0,330.0,2,0.2708333333333333,2,0,0,137,745,1142.934306569343,94.5
20265,1.0,712,2026-02-05T22:40,COMPLETA,3256.8038,1463.5,901.0,60.0,330.0,2,0.2708333333333333,2,0,0,138,754,1149.6376811594203,94.5
20265,1.0,713,2026-02-05T22:50,COMPLETA,2521.1682,1463.5,901.0,60.0,330.0,2,0.2708333333333333,2,0,0,138,754,1149.6376811594203,94.5
20265,1.0,714,2026-02-05T23:00,COMPLETA,2819.9117,1463.5,901.0,60.0,330.0,2,0.2708333333333333,2,0,2,138,754,1149.6376811594203,94.5
20265,1.0,715,2026-02-05T23:10,SIN_DEMANDA,0,,,,,,,0,0,0,138,754,1149.6376811594203,94.5
20265,1.0,716,2026-02-05T23:20,SIN_DEMANDA,0,,,,,,,0,0,0,138,754,1149.6376811594203,94.5
20265,1.0,717,2026-02-05T23:30,SIN_DEMANDA,0,,,,,,,0,0,0,138,754,1149.6376811594203,94.5
20265,1.0,718,2026-02-05T23:40,SIN_DEMANDA,0,,,,,,,0,0,0,138,754,1149.6376811594203,94.5
20265,1.0,719,2026-02-05T23:50,SIN_DEMANDA,0,,,,,,,0,0,0,138,754,1149.6376811594203,94.5
20265,1.0,720,2026-02-06T00:00,SIN_DEMANDA,0,,,,,,,0,0,0,138,754,1149.6376811594203,94.5
20265,1.0,721,2026-02-06T00:10,SIN_DEMANDA,0,,,,,,,0,0,0,138,754,1149.6376811594203,94.5
20265,1.0,722,2026-02-06T00:20,SIN_DEMANDA,0,,,,,,,0,0,0,139,764,1155.9424460431655,94.5
20265,1.0,723,2026-02-06T00:30,SIN_DEMANDA,0,,,,,,,0,0,0,139,764,1155.9424460431655,94.5
20265,1.0,724,2026-02-06T00:40,SIN_DEMANDA,0,,,,,,,0,0,0,140,767,1154.1214285714286,94.5
20265,1.0,725,2026-02-06T00:50,SIN_DEMANDA,0,,,,,,,0,0,0,140,767,1154.1214285714286,94.5
20265,1.0,726,2026-02-06T01:00,SIN_DEMANDA,0,,,,,,,0,0,0,140,767,1154.1214285714286,94.5
20265,1.0,727,2026-02-06T01:10,SIN_DEMANDA,0,,,,,,,0,0,0,140,767,1154.1214285714286,94.5
20265,1.0,728,2026-02-06T01:20,SIN_DEMANDA,0,,,,,,,0,0,0,140,767,1154.1214285714286,94.5
20265,1.0,729,2026-02-06T01:30,COMPLETA,1943.8837,2056.0,2056.0,46.0,129.0,1,0.3333333333333333,1,0,1,140,767,1154.1214285714286,94.5
20265,1.0,730,2026-02-06T01:40,SIN_DEMANDA,0,,,,,,,0,0,0,140,767,1154.1214285714286,94.5
20265,1.0,731,2026-02-06T01:50,SIN_DEMANDA,0,,,,,,,0,0,0,140,767,1154.1214285714286,94.5
20265,1.0,732,2026-02-06T02:00,SIN_DEMANDA,0,,,,,,,0,0,0,140,767,1154.1214285714286,94.5
20265,1.0,733,2026-02-06T02:10,SIN_DEMANDA,0,,,,,,,0,0,0,140,767,1154.1214285714286,94.5
20265,1.0,734,2026-02-06T02:20,SIN_DEMANDA,0,,,,,,,0,0,0,140,767,1154.1214285714286,94.5
20265,1.0,735,2026-02-06T02:30,SIN_DEMANDA,0,,,,,,,0,0,0,140,767,1154.1214285714286,94.5
20265,1.0,736,2026-02-06T02:40,SIN_DEMANDA,0,,,,,,,0,0,0,140,767,1154.1214285714286,94.5
20265,1.0,737,2026-02-06T02:50,COMPLETA,2439.8107,365.5,365.5,132.0,318.0,2,0.125,1,0,2,140,767,1154.1214285714286,94.5
20265,1.0,738,2026-02-06T03:00,SIN_DEMANDA,0,,,,,,,0,0,0,140,767,1154.1214285714286,94.5
20265,1.0,739,2026-02-06T03:10,COMPLETA,2462.4506,614.0,614.0,96.0,264.0,2,0.20833333333333334,1,0,2,140,767,1154.1214285714286,94.5
20265,1.0,740,2026-02-06T03:20,SIN_DEMANDA,0,,,,,,,0,0,0,141,775,1160.5177304964539,94.5
20265,1.0,741,2026-02-06T03:30,SIN_DEMANDA,0,,,,,,,0,0,0,141,775,1160.5177304964539,94.5
20265,1.0,742,2026-02-06T03:40,SIN_DEMANDA,0,,,,,,,0,0,0,141,775,1160.5177304964539,94.5
20265,1.0,743,2026-02-06T03:50,COMPLETA,1918.8954,650.0,650.0,12.0,78.0,1,0.3333333333333333,1,0,1,141,775,1160.5177304964539,94.5
20265,1.0,744,2026-02-06T04:00,COMPLETA,2142.7323,2058.0,2058.0,48.0,132.0,1,0.3333333333333333,1,0,1,141,775,1160.5177304964539,94.5
20265,1.0,745,2026-02-06T04:10,SIN_DEMANDA,0,,,,,,,0,0,0,141,775,1160.5177304964539,94.5
20265,1.0,746,2026-02-06T04:20,SIN_DEMANDA,0,,,,,,,0,0,0,141,775,1160.5177304964539,94.5
20265,1.0,747,2026-02-06T04:30,SIN_DEMANDA,0,,,,,,,0,0,0,141,775,1160.5177304964539,94.5
20265,1.0,748,2026-02-06T04:40,SIN_DEMANDA,0,,,,,,,0,0,0,142,781,1154.9190140845071,94.5
20265,1.0,749,2026-02-06T04:50,SIN_DEMANDA,0,,,,,,,0,0,0,143,791,1151.1363636363637,94.5
20265,1.0,750,2026-02-06T05:00,SIN_DEMANDA,0,,,,,,,0,0,0,144,799,1147.65625,94.5
20265,1.0,751,2026-02-06T05:10,SIN_DEMANDA,0,,,,,,,0,0,0,144,799,1147.65625,94.5
20265,1.0,752,2026-02-06T05:20,COMPLETA,1777.6762,979.5,979.5,46.0,129.0,1,0.25,1,0,1,144,799,1147.65625,94.5
20265,1.0,753,2026-02-06T05:30,SIN_DEMANDA,0,,,,,,,0,0,0,144,799,1147.65625,94.5
20265,1.0,754,2026-02-06T05:40,SIN_DEMANDA,0,,,,,,,0,0,0,145,807,1153.9344827586208,94.5
20265,1.0,755,2026-02-06T05:50,SIN_DEMANDA,0,,,,,,,0,0,0,145,807,1153.9344827586208,94.5
20265,1.0,756,2026-02-06T06:00,SIN_DEMANDA,0,,,,,,,0,0,0,145,807,1153.9344827586208,94.5
20265,1.0,757,2026-02-06T06:10,SIN_DEMANDA,0,,,,,,,0,0,0,145,807,1153.9344827586208,94.5
20265,1.0,758,2026-02-06T06:20,SIN_DEMANDA,0,,,,,,,0,0,0,145,807,1153.9344827586208,94.5
20265,1.0,759,2026-02-06T06:30,SIN_DEMANDA,0,,,,,,,0,0,0,145,807,1153.9344827586208,94.5
20265,1.0,760,2026-02-06T06:40,SIN_DEMANDA,0,,,,,,,0,0,0,145,807,1153.9344827586208,94.5
20265,1.0,761,2026-02-06T06:50,COMPLETA,2036.768,978.0,978.0,72.0,348.0,2,0.14583333333333334,1,0,0,145,807,1153.9344827586208,94.5
20265,1.0,762,2026-02-06T07:00,COMPLETA,2023.5868,978.0,978.0,72.0,348.0,2,0.14583333333333334,1,0,2,146,813,1152.7397260273972,94.5
20265,1.0,763,2026-02-06T07:10,SIN_DEMANDA,0,,,,,,,0,0,0,146,813,1152.7397260273972,94.5
20265,1.0,764,2026-02-06T07:20,SIN_DEMANDA,0,,,,,,,0,0,0,146,813,1152.7397260273972,94.5
20265,1.0,765,2026-02-06T07:30,SIN_DEMANDA,0,,,,,,,0,0,0,146,813,1152.7397260273972,94.5
20265,1.0,766,2026-02-06T07:40,COMPLETA,1539.2071,403.5,403.5,10.0,135.0,1,0.125,1,0,1,146,813,1152.7397260273972,94.5
20265,1.0,767,2026-02-06T07:50,COMPLETA,1775.9129,367.0,367.0,60.0,210.0,1,0.3333333333333333,1,0,1,146,813,1152.7397260273972,94.5
20265,1.0,768,2026-02-06T08:00,SIN_DEMANDA,0,,,,,,,0,0,0,146,813,1152.7397260273972,94.5
20265,1.0,769,2026-02-06T08:10,SIN_DEMANDA,0,,,,,,,0,0,0,146,813,1152.7397260273972,94.5
20265,1.0,770,2026-02-06T08:20,SIN_DEMANDA,0,,,,,,,0,0,0,146,813,1152.7397260273972,94.5
20265,1.0,771,2026-02-06T08:30,SIN_DEMANDA,0,,,,,,,0,0,0,147,820,1151.5510204081634,94.5
20265,1.0,772,2026-02-06T08:40,COMPLETA,2291.8781,997.5,997.5,18.0,147.0,1,0.20833333333333334,1,0,1,147,820,1151.5510204081634,94.5
20265,1.0,773,2026-02-06T08:50,SIN_DEMANDA,0,,,,,,,0,0,0,148,823,1146.4966216216217,94.5
20265,1.0,774,2026-02-06T09:00,SIN_DEMANDA,0,,,,,,,0,0,0,148,823,1146.4966216216217,94.5
20265,1.0,775,2026-02-06T09:10,COMPLETA,2396.0402,145.0,145.0,44.0,126.0,1,0.375,1,0,1,148,823,1146.4966216216217,94.5
20265,1.0,776,2026-02-06T09:20,SIN_DEMANDA,0,,,,,,,0,0,0,148,823,1146.4966216216217,94.5
20265,1.0,777,2026-02-06T09:30,COMPLETA,1919.3157,373.0,373.0,60.0,150.0,1,0.20833333333333334,1,0,1,148,823,1146.4966216216217,94.5
20265,1.0,778,2026-02-06T09:40,SIN_DEMANDA,0,,,,,,,0,0,0,149,831,1141.265100671141,94.5
20265,1.0,779,2026-02-06T09:50,SIN_DEMANDA,0,,,,,,,0,0,0,149,831,1141.265100671141,94.5
20265,1.0,780,2026-02-06T10:00,SIN_DEMANDA,0,,,,,,,0,0,0,150,836,1140.3066666666666,94.5
20265,1.0,781,2026-02-06T10:10,COMPLETA,2005.5431,994.0,994.0,24.0,96.0,1,0.25,1,0,1,150,836,1140.3066666666666,94.5
20265,1.0,782,2026-02-06T10:20,SIN_DEMANDA,0,,,,,,,0,0,0,150,836,1140.3066666666666,94.5
20265,1.0,783,2026-02-06T10:30,SIN_DEMANDA,0,,,,,,,0,0,0,150,836,1140.3066666666666,94.5
20265,1.0,784,2026-02-06T10:40,SIN_DEMANDA,0,,,,,,,0,0,0,150,836,1140.3066666666666,94.5
20265,1.0,785,2026-02-06T10:50,SIN_DEMANDA,0,,,,,,,0,0,0,151,845,1133.7152317880796,94.5
20265,1.0,786,2026-02-06T11:00,SIN_DEMANDA,0,,,,,,,0,0,0,151,845,1133.7152317880796,94.5
20265,1.0,787,2026-02-06T11:10,SIN_DEMANDA,0,,,,,,,0,0,0,151,845,1133.7152317880796,94.5
20265,1.0,788,2026-02-06T11:20,SIN_DEMANDA,0,,,,,,,0,0,0,152,850,1128.7105263157894,94.5
20265,1.0,789,2026-02-06T11:30,SIN_DEMANDA,0,,,,,,,0,0,0,153,856,1127.8300653594772,94.5
20265,1.0,790,2026-02-06T11:40,SIN_DEMANDA,0,,,,,,,0,0,0,153,856,1127.8300653594772,94.5
20265,1.0,791,2026-02-06T11:50,SIN_DEMANDA,0,,,,,,,0,0,0,153,856,1127.8300653594772,94.5
20265,1.0,792,2026-02-06T12:00,SIN_DEMANDA,0,,,,,,,0,0,0,153,856,1127.8300653594772,94.5
20265,1.0,793,2026-02-06T12:10,SIN_DEMANDA,0,,,,,,,0,0,0,153,856,1127.8300653594772,94.5
20265,1.0,794,2026-02-06T12:20,SIN_DEMANDA,0,,,,,,,0,0,0,153,856,1127.8300653594772,94.5
20265,1.0,795,2026-02-06T12:30,SIN_DEMANDA,0,,,,,,,0,0,0,153,856,1127.8300653594772,94.5
20265,1.0,796,2026-02-06T12:40,SIN_DEMANDA,0,,,,,,,0,0,0,153,856,1127.8300653594772,94.5
20265,1.0,797,2026-02-06T12:50,SIN_DEMANDA,0,,,,,,,0,0,0,153,856,1127.8300653594772,94.5
20265,1.0,798,2026-02-06T13:00,SIN_DEMANDA,0,,,,,,,0,0,0,153,856,1127.8300653594772,94.5
20265,1.0,799,2026-02-06T13:10,SIN_DEMANDA,0,,,,,,,0,0,0,153,856,1127.8300653594772,94.5
20265,1.0,800,2026-02-06T13:20,COMPLETA,1416.3619,2077.5,2077.5,26.0,99.0,1,0.125,1,0,1,153,856,1127.8300653594772,94.5
20265,1.0,801,2026-02-06T13:30,COMPLETA,1600.5471,904.0,904.0,32.0,168.0,1,0.20833333333333334,1,0,0,153,856,1127.8300653594772,94.5
20265,1.0,802,2026-02-06T13:40,COMPLETA,1526.2111,904.0,904.0,32.0,168.0,1,0.20833333333333334,1,0,0,153,856,1127.8300653594772,94.5
20265,1.0,803,2026-02-06T13:50,COMPLETA,1616.1947,904.0,904.0,32.0,168.0,1,0.20833333333333334,1,0,0,153,856,1127.8300653594772,94.5
20265,1.0,804,2026-02-06T14:00,COMPLETA,1367.9792,904.0,904.0,32.0,168.0,1,0.20833333333333334,1,0,0,153,856,1127.8300653594772,94.5
20265,1.0,805,2026-02-06T14:10,COMPLETA,1475.9538,904.0,904.0,32.0,168.0,1,0.20833333333333334,1,0,0,153,856,1127.8300653594772,94.5
20265,1.0,806,2026-02-06T14:20,COMPLETA,1581.8696,904.0,904.0,32.0,168.0,1,0.20833333333333334,1,0,0,153,856,1127.8300653594772,94.5
20265,1.0,807,2026-02-06T14:30,COMPLETA,1655.6216,904.0,904.0,32.0,168.0,1,0.20833333333333334,1,0,0,153,856,1127.8300653594772,94.5
20265,1.0,808,2026-02-06T14:40,COMPLETA,1628.2365,904.0,904.0,32.0,168.0,1,0.20833333333333334,1,0,0,154,859,1133.9967532467533,94.5
20265,1.0,809,2026-02-06T14:50,COMPLETA,1831.7733,904.0,904.0,32.0,168.0,1,0.20833333333333334,1,0,0,154,859,1133.9967532467533,94.5
20265,1.0,810,2026-02-06T15:00,COMPLETA,1795.9426,904.0,904.0,32.0,168.0,1,0.20833333333333334,1,0,1,154,859,1133.9967532467533,94.5
20265,1.0,811,2026-02-06T15:10,SIN_DEMANDA,0,,,,,,,0,0,0,154,859,1133.9967532467533,94.5
20265,1.0,812,2026-02-06T15:20,COMPLETA,2323.9173,2067.5,2067.5,76.0,354.0,2,0.14583333333333334,1,0,2,154,859,1133.9967532467533,94.5
20265,1.0,813,2026-02-06T15:30,COMPLETA,2253.1784,1103.5,132.5,142.0,573.0,3,0.125,2,0,3,154,859,1133.9967532467533,94.5
20265,1.0,814,2026-02-06T15:40,SIN_DEMANDA,0,,,,,,,0,0,0,154,859,1133.9967532467533,94.5
20265,1.0,815,2026-02-06T15:50,SIN_DEMANDA,0,,,,,,,0,0,0,154,859,1133.9967532467533,94.5
20265,1.0,816,2026-02-06T16:00,SIN_DEMANDA,0,,,,,,,0,0,0,154,859,1133.9967532467533,94.5
20265,1.0,817,2026-02-06T16:10,COMPLETA,1867.3596,2074.5,2074.5,30.0,165.0,1,0.20833333333333334,1,0,1,154,859,1133.9967532467533,94.5
20265,1.0,818,2026-02-06T16:20,SIN_DEMANDA,0,,,,,,,0,0,0,154,859,1133.9967532467533,94.5
20265,1.0,819,2026-02-06T16:30,SIN_DEMANDA,0,,,,,,,0,0,0,155,864,1132.5129032258064,94.5
20265,1.0,820,2026-02-06T16:40,COMPLETA,2165.6352,1003.0,1003.0,20.0,150.0,1,0.375,1,0,1,155,864,1132.5129032258064,94.5
20265,1.0,821,2026-02-06T16:50,SIN_DEMANDA,0,,,,,,,0,0,0,156,871,1138.5064102564102,94.5
20265,1.0,822,2026-02-06T17:00,SIN_DEMANDA,0,,,,,,,0,0,0,157,872,1144.468152866242,94.5
20265,1.0,823,2026-02-06T17:10,COMPLETA,1744.4828,128.0,128.0,57.0,145.5,1,0.08333333333333333,1,0,1,157,872,1144.468152866242,94.5
20265,1.0,824,2026-02-06T17:20,SIN_DEMANDA,0,,,,,,,0,0,0,158,880,1138.0632911392406,94.5
20265,1.0,825,2026-02-06T17:30,SIN_DEMANDA,0,,,,,,,0,0,0,158,880,1138.0632911392406,94.5
20265,1.0,826,2026-02-06T17:40,SIN_DEMANDA,0,,,,,,,0,0,0,159,885,1143.9528301886792,94.5
20265,1.0,827,2026-02-06T17:50,SIN_DEMANDA,0,,,,,,,0,0,0,159,885,1143.9528301886792,94.5
20265,1.0,828,2026-02-06T18:00,SIN_DEMANDA,0,,,,,,,0,0,0,160,894,1143.071875,94.5
20265,1.0,829,2026-02-06T18:10,SIN_DEMANDA,0,,,,,,,0,0,0,160,894,1143.071875,94.5
20265,1.0,830,2026-02-06T18:20,SIN_DEMANDA,0,,,,,,,0,0,0,160,894,1143.071875,94.5
20265,1.0,831,2026-02-06T18:30,SIN_DEMANDA,0,,,,,,,0,0,0,160,894,1143.071875,94.5
20265,1.0,832,2026-02-06T18:40,SIN_DEMANDA,0,,,,,,,0,0,0,160,894,1143.071875,94.5
20265,1.0,833,2026-02-06T18:50,SIN_DEMANDA,0,,,,,,,0,0,0,160,894,1143.071875,94.5
20265,1.0,834,2026-02-06T19:00,SIN_DEMANDA,0,,,,,,,0,0,0,160,894,1143.071875,94.5
20265,1.0,835,2026-02-06T19:10,COMPLETA,2000.2521,625.5,625.5,76.0,234.0,2,0.14583333333333334,1,0,2,161,896,1136.7670807453417,94.5
20265,1.0,836,2026-02-06T19:20,COMPLETA,1661.0236,612.0,612.0,56.0,144.0,1,0.125,1,0,1,161,896,1136.7670807453417,94.5
20265,1.0,837,2026-02-06T19:30,SIN_DEMANDA,0,,,,,,,0,0,0,161,896,1136.7670807453417,94.5
20265,1.0,838,2026-02-06T19:40,SIN_DEMANDA,0,,,,,,,0,0,0,161,896,1136.7670807453417,94.5
20265,1.0,839,2026-02-06T19:50,SIN_DEMANDA,0,,,,,,,0,0,0,161,896,1136.7670807453417,94.5
20265,1.0,840,2026-02-06T20:00,SIN_DEMANDA,0,,,,,,,0,0,0,161,896,1136.7670807453417,94.5
20265,1.0,841,2026-02-06T20:10,SIN_DEMANDA,0,,,,,,,0,0,0,161,896,1136.7670807453417,94.5
20265,1.0,842,2026-02-06T20:20,SIN_DEMANDA,0,,,,,,,0,0,0,161,896,1136.7670807453417,94.5
20265,1.0,843,2026-02-06T20:30,SIN_DEMANDA,0,,,,,,,0,0,0,161,896,1136.7670807453417,94.5
20265,1.0,844,2026-02-06T20:40,SIN_DEMANDA,0,,,,,,,0,0,0,162,903,1133.611111111111,94.5
20265,1.0,845,2026-02-06T20:50,SIN_DEMANDA,0,,,,,,,0,0,0,162,903,1133.611111111111,94.5
20265,1.0,846,2026-02-06T21:00,SIN_DEMANDA,0,,,,,,,0,0,0,162,903,1133.611111111111,94.5
20265,1.0,847,2026-02-06T21:10,SIN_DEMANDA,0,,,,,,,0,0,0,163,906,1130.4110429447853,94.5
20265,1.0,848,2026-02-06T21:20,SIN_DEMANDA,0,,,,,,,0,0,0,163,906,1130.4110429447853,94.5
20265,1.0,849,2026-02-06T21:30,SIN_DEMANDA,0,,,,,,,0,0,0,163,906,1130.4110429447853,94.5
20265,1.0,850,2026-02-06T21:40,SIN_DEMANDA,0,,,,,,,0,0,0,163,906,1130.4110429447853,94.5
20265,1.0,851,2026-02-06T21:50,SIN_DEMANDA,0,,,,,,,0,0,0,163,906,1130.4110429447853,94.5
20265,1.0,852,2026-02-06T22:00,COMPLETA,1903.6515,451.75,342.0,54.0,321.0,2,0.125,2,0,0,163,906,1130.4110429447853,94.5
20265,1.0,853,2026-02-06T22:10,COMPLETA,2026.2882,451.75,342.0,54.0,321.0,2,0.125,2,0,0,163,906,1130.4110429447853,94.5
20265,1.0,854,2026-02-06T22:20,COMPLETA,2527.9798,424.8333333333333,342.0,66.0,459.0,3,0.1527777777777778,3,0,0,163,906,1130.4110429447853,94.5
20265,1.0,855,2026-02-06T22:30,COMPLETA,2764.5067,404.875,342.0,178.0,867.0,5,0.14166666666666666,4,0,0,163,906,1130.4110429447853,94.5
20265,1.0,856,2026-02-06T22:40,COMPLETA,2211.8552,404.875,342.0,178.0,867.0,5,0.14166666666666666,4,0,0,163,906,1130.4110429447853,94.5
20265,1.0,857,2026-02-06T22:50,COMPLETA,2174.418,404.875,342.0,178.0,867.0,5,0.14166666666666666,4,0,0,163,906,1130.4110429447853,94.5
20265,1.0,858,2026-02-06T23:00,COMPLETA,2023.1859,404.875,342.0,178.0,867.0,5,0.14166666666666666,4,0,5,163,906,1130.4110429447853,94.5
20265,1.0,859,2026-02-06T23:10,COMPLETA,1585.6815,158.8,158.8,16.0,158.4,1,0.875,1,0,1,163,906,1130.4110429447853,94.5
20265,1.0,860,2026-02-06T23:20,COMPLETA,1221.0301,2065.5,2065.5,38.0,177.0,1,0.08333333333333333,1,0,1,163,906,1130.4110429447853,94.5
20265,1.0,861,2026-02-06T23:30,SIN_DEMANDA,0,,,,,,,0,0,0,163,906,1130.4110429447853,94.5
20265,1.0,862,2026-02-06T23:40,SIN_DEMANDA,0,,,,,,,0,0,0,163,906,1130.4110429447853,94.5
20265,1.0,863,2026-02-06T23:50,SIN_DEMANDA,0,,,,,,,0,0,0,163,906,1130.4110429447853,94.5
20265,1.0,864,2026-02-07T00:00,SIN_DEMANDA,0,,,,,,,0,0,0,163,906,1130.4110429447853,94.5
20265,1.0,865,2026-02-07T00:10,SIN_DEMANDA,0,,,,,,,0,0,0,165,916,1121.030303030303,94.5
20265,1.0,866,2026-02-07T00:20,SIN_DEMANDA,0,,,,,,,0,0,0,165,916,1121.030303030303,94.5
20265,1.0,867,2026-02-07T00:30,SIN_DEMANDA,0,,,,,,,0,0,0,166,923,1115.233734939759,94.5
20265,1.0,868,2026-02-07T00:40,COMPLETA,1833.6246,585.8,572.6,142.0,582.0,3,0.25,2,0,2,167,924,1111.9179640718562,94.5
20265,1.0,869,2026-02-07T00:50,COMPLETA,1959.3646,572.6,572.6,10.0,144.0,1,1.0,1,0,0,169,932,1113.0224852071005,94.5
20265,1.0,870,2026-02-07T01:00,COMPLETA,2306.5734,572.6,572.6,10.0,144.0,1,1.0,1,0,0,169,932,1113.0224852071005,94.5
20265,1.0,871,2026-02-07T01:10,COMPLETA,2712.6048,572.6,572.6,10.0,144.0,1,1.0,1,0,0,169,932,1113.0224852071005,94.5
20265,1.0,872,2026-02-07T01:20,COMPLETA,2867.9564,572.6,572.6,10.0,144.0,1,1.0,1,0,0,169,932,1113.0224852071005,94.5
20265,1.0,873,2026-02-07T01:30,COMPLETA,2538.3317,572.6,572.6,10.0,84.0,1,1.0,1,0,0,169,932,1113.0224852071005,94.5
20265,1.0,874,2026-02-07T01:40,COMPLETA,3052.3699,1323.55,572.6,40.0,189.0,2,0.28125,2,0,2,169,932,1113.0224852071005,94.5
20265,1.0,875,2026-02-07T01:50,COMPLETA,1346.5035,125.0,125.0,57.0,145.5,1,0.041666666666666664,1,0,1,169,932,1113.0224852071005,94.5
20265,1.0,876,2026-02-07T02:00,SIN_DEMANDA,0,,,,,,,0,0,0,169,932,1113.0224852071005,94.5
20265,1.0,877,2026-02-07T02:10,SIN_DEMANDA,0,,,,,,,0,0,0,169,932,1113.0224852071005,94.5
20265,1.0,878,2026-02-07T02:20,SIN_DEMANDA,0,,,,,,,0,0,0,169,932,1113.0224852071005,94.5
20265,1.0,879,2026-02-07T02:30,SIN_DEMANDA,0,,,,,,,0,0,0,169,932,1113.0224852071005,94.5
20265,1.0,880,2026-02-07T02:40,SIN_DEMANDA,0,,,,,,,0,0,0,170,938,1109.9988235294118,94.5
20265,1.0,881,2026-02-07T02:50,SIN_DEMANDA,0,,,,,,,0,0,0,170,938,1109.9988235294118,94.5
20265,1.0,882,2026-02-07T03:00,SIN_DEMANDA,0,,,,,,,0,0,0,170,938,1109.9988235294118,94.5
20265,1.0,883,2026-02-07T03:10,SIN_DEMANDA,0,,,,,,,0,0,0,172,947,1112.481976744186,94.5
20265,1.0,884,2026-02-07T03:20,SIN_DEMANDA,0,,,,,,,0,0,0,172,947,1112.481976744186,94.5
20265,1.0,885,2026-02-07T03:30,SIN_DEMANDA,0,,,,,,,0,0,0,172,947,1112.481976744186,94.5
20265,1.0,886,2026-02-07T03:40,SIN_DEMANDA,0,,,,,,,0,0,0,172,947,1112.481976744186,94.5
20265,1.0,887,2026-02-07T03:50,SIN_DEMANDA,0,,,,,,,0,0,0,173,948,1106.7739884393063,94.5
20265,1.0,888,2026-02-07T04:00,SIN_DEMANDA,0,,,,,,,0,0,0,173,948,1106.7739884393063,94.5
20265,1.0,889,2026-02-07T04:10,SIN_DEMANDA,0,,,,,,,0,0,0,173,948,1106.7739884393063,94.5
20265,1.0,890,2026-02-07T04:20,SIN_DEMANDA,0,,,,,,,0,0,0,173,948,1106.7739884393063,94.5
20265,1.0,891,2026-02-07T04:30,SIN_DEMANDA,0,,,,,,,0,0,0,173,948,1106.7739884393063,94.5
20265,1.0,892,2026-02-07T04:40,SIN_DEMANDA,0,,,,,,,0,0,0,173,948,1106.7739884393063,94.5
20265,1.0,893,2026-02-07T04:50,SIN_DEMANDA,0,,,,,,,0,0,0,173,948,1106.7739884393063,94.5
20265,1.0,894,2026-02-07T05:00,SIN_DEMANDA,0,,,,,,,0,0,0,173,948,1106.7739884393063,94.5
20265,1.0,895,2026-02-07T05:10,SIN_DEMANDA,0,,,,,,,0,0,0,173,948,1106.7739884393063,94.5
20265,1.0,896,2026-02-07T05:20,COMPLETA,2221.3837,271.0,271.0,56.0,204.0,1,0.3333333333333333,1,0,0,173,948,1106.7739884393063,94.5
20265,1.0,897,2026-02-07T05:30,COMPLETA,2175.9651,271.0,271.0,56.0,204.0,1,0.3333333333333333,1,0,0,173,948,1106.7739884393063,94.5
20265,1.0,898,2026-02-07T05:40,COMPLETA,1957.8265,271.0,271.0,56.0,204.0,1,0.3333333333333333,1,0,0,173,948,1106.7739884393063,94.5
20265,1.0,899,2026-02-07T05:50,COMPLETA,1729.7437,271.0,271.0,56.0,204.0,1,0.3333333333333333,1,0,0,173,948,1106.7739884393063,94.5
20265,1.0,900,2026-02-07T06:00,COMPLETA,2090.9913,271.0,271.0,56.0,204.0,1,0.3333333333333333,1,0,0,173,948,1106.7739884393063,94.5
20265,1.0,901,2026-02-07T06:10,COMPLETA,2125.1781,271.0,271.0,56.0,204.0,1,0.3333333333333333,1,0,0,173,948,1106.7739884393063,94.5
20265,1.0,902,2026-02-07T06:20,COMPLETA,2279.32,271.0,271.0,56.0,204.0,1,0.3333333333333333,1,0,0,173,948,1106.7739884393063,94.5
20265,1.0,903,2026-02-07T06:30,COMPLETA,2056.6362,271.0,271.0,56.0,204.0,1,0.3333333333333333,1,0,0,173,948,1106.7739884393063,94.5
20265,1.0,904,2026-02-07T06:40,COMPLETA,2419.8318,205.0,139.0,80.0,360.0,2,0.3541666666666667,2,0,0,173,948,1106.7739884393063,94.5
20265,1.0,905,2026-02-07T06:50,COMPLETA,2090.9085,205.0,139.0,80.0,360.0,2,0.3541666666666667,2,0,0,173,948,1106.7739884393063,94.5
20265,1.0,906,2026-02-07T07:00,COMPLETA,2184.3863,205.0,139.0,80.0,360.0,2,0.3541666666666667,2,0,2,173,948,1106.7739884393063,94.5
20265,1.0,907,2026-02-07T07:10,SIN_DEMANDA,0,,,,,,,0,0,0,173,948,1106.7739884393063,94.5
20265,1.0,908,2026-02-07T07:20,SIN_DEMANDA,0,,,,,,,0,0,0,173,948,1106.7739884393063,94.5
20265,1.0,909,2026-02-07T07:30,COMPLETA,1380.0972,1005.0,1005.0,16.0,144.0,1,0.125,1,0,1,173,948,1106.7739884393063,94.5
20265,1.0,910,2026-02-07T07:40,COMPLETA,1484.3385,372.0,372.0,60.0,210.0,1,0.16666666666666666,1,0,1,173,948,1106.7739884393063,94.5
20265,1.0,911,2026-02-07T07:50,COMPLETA,2008.0584,2054.5,2054.5,116.0,414.0,2,0.125,1,0,2,173,948,1106.7739884393063,94.5
20265,1.0,912,2026-02-07T08:00,SIN_DEMANDA,0,,,,,,,0,0,0,173,948,1106.7739884393063,94.5
20265,1.0,913,2026-02-07T08:10,SIN_DEMANDA,0,,,,,,,0,0,0,173,948,1106.7739884393063,94.5
20265,1.0,914,2026-02-07T08:20,SIN_DEMANDA,0,,,,,,,0,0,0,174,957,1101.2120689655171,94.5
20265,1.0,915,2026-02-07T08:30,SIN_DEMANDA,0,,,,,,,0,0,0,174,957,1101.2120689655171,94.5
20265,1.0,916,2026-02-07T08:40,SIN_DEMANDA,0,,,,,,,0,0,0,174,957,1101.2120689655171,94.5
20265,1.0,917,2026-02-07T08:50,COMPLETA,1947.202,360.6,360.6,96.0,470.4,2,0.4375,1,0,2,176,968,1095.9482954545454,94.5
20265,1.0,918,2026-02-07T09:00,COMPLETA,1843.7926,84.6,84.6,114.0,393.6,2,0.5625,1,0,2,176,968,1095.9482954545454,94.5
20265,1.0,919,2026-02-07T09:10,SIN_DEMANDA,0,,,,,,,0,0,0,176,968,1095.9482954545454,94.5
20265,1.0,920,2026-02-07T09:20,SIN_DEMANDA,0,,,,,,,0,0,0,176,968,1095.9482954545454,94.5
20265,1.0,921,2026-02-07T09:30,COMPLETA,1836.4649,1000.0,1000.0,40.0,180.0,2,0.20833333333333334,1,0,2,177,972,1091.8581920903955,94.5
20265,1.0,922,2026-02-07T09:40,SIN_DEMANDA,0,,,,,,,0,0,0,178,978,1097.2662921348315,94.5
20265,1.0,923,2026-02-07T09:50,SIN_DEMANDA,0,,,,,,,0,0,0,178,978,1097.2662921348315,94.5
20265,1.0,924,2026-02-07T10:00,SIN_DEMANDA,0,,,,,,,0,0,0,178,978,1097.2662921348315,94.5
20265,1.0,925,2026-02-07T10:10,SIN_DEMANDA,0,,,,,,,0,0,0,178,978,1097.2662921348315,94.5
20265,1.0,926,2026-02-07T10:20,SIN_DEMANDA,0,,,,,,,0,0,0,178,978,1097.2662921348315,94.5
20265,1.0,927,2026-02-07T10:30,SIN_DEMANDA,0,,,,,,,0,0,0,178,978,1097.2662921348315,94.5
20265,1.0,928,2026-02-07T10:40,COMPLETA,1292.7011,383.5,383.5,42.0,123.0,1,0.08333333333333333,1,0,1,178,978,1097.2662921348315,94.5
20265,1.0,929,2026-02-07T10:50,SIN_DEMANDA,0,,,,,,,0,0,0,180,995,1092.6333333333334,94.5
20265,1.0,930,2026-02-07T11:00,SIN_DEMANDA,0,,,,,,,0,0,0,180,995,1092.6333333333334,94.5
20265,1.0,931,2026-02-07T11:10,COMPLETA,1154.7762,2052.0,2052.0,64.0,156.0,1,0.041666666666666664,1,0,1,180,995,1092.6333333333334,94.5
20265,1.0,932,2026-02-07T11:20,SIN_DEMANDA,0,,,,,,,0,0,0,180,995,1092.6333333333334,94.5
20265,1.0,933,2026-02-07T11:30,SIN_DEMANDA,0,,,,,,,0,0,0,181,1004,1087.06408839779,84.6
20265,1.0,934,2026-02-07T11:40,SIN_DEMANDA,0,,,,,,,0,0,0,181,1004,1087.06408839779,84.6
20265,1.0,935,2026-02-07T11:50,SIN_DEMANDA,0,,,,,,,0,0,0,181,1004,1087.06408839779,84.6
20265,1.0,936,2026-02-07T12:00,COMPLETA,1374.0601,2056.5,2056.5,50.0,135.0,1,0.041666666666666664,1,0,1,181,1004,1087.06408839779,84.6
20265,1.0,937,2026-02-07T12:10,SIN_DEMANDA,0,,,,,,,0,0,0,181,1004,1087.06408839779,84.6
20265,1.0,938,2026-02-07T12:20,COMPLETA,1091.0744,147.0,147.0,36.0,114.0,1,0.08333333333333333,1,0,1,182,1006,1083.1983516483517,84.6
20265,1.0,939,2026-02-07T12:30,SIN_DEMANDA,0,,,,,,,0,0,0,182,1006,1083.1983516483517,84.6
20265,1.0,940,2026-02-07T12:40,COMPLETA,1956.6646,2055.5,2055.5,44.0,126.0,1,0.375,1,0,1,182,1006,1083.1983516483517,84.6
20265,1.0,941,2026-02-07T12:50,SIN_DEMANDA,0,,,,,,,0,0,0,182,1006,1083.1983516483517,84.6
20265,1.0,942,2026-02-07T13:00,SIN_DEMANDA,0,,,,,,,0,0,0,183,1007,1088.492349726776,84.6
20265,1.0,943,2026-02-07T13:10,COMPLETA,964.2322,989.0,989.0,40.0,120.0,1,0.16666666666666666,1,0,1,183,1007,1088.492349726776,84.6
20265,1.0,944,2026-02-07T13:20,SIN_DEMANDA,0,,,,,,,0,0,0,183,1007,1088.492349726776,84.6
20265,1.0,945,2026-02-07T13:30,COMPLETA,1938.7473,2074.25,2066.5,54.0,201.0,2,0.2708333333333333,2,0,2,183,1007,1088.492349726776,84.6
20265,1.0,946,2026-02-07T13:40,SIN_DEMANDA,0,,,,,,,0,0,0,184,1008,1093.7532608695653,84.6
20265,1.0,947,2026-02-07T13:50,SIN_DEMANDA,0,,,,,,,0,0,0,185,1010,1088.6356756756757,84.6
20265,1.0,948,2026-02-07T14:00,SIN_DEMANDA,0,,,,,,,0,0,0,185,1010,1088.6356756756757,84.6
20265,1.0,949,2026-02-07T14:10,SIN_DEMANDA,0,,,,,,,0,0,0,185,1010,1088.6356756756757,84.6
20265,1.0,950,2026-02-07T14:20,SIN_DEMANDA,0,,,,,,,0,0,0,185,1010,1088.6356756756757,84.6
20265,1.0,951,2026-02-07T14:30,SIN_DEMANDA,0,,,,,,,0,0,0,186,1019,1093.8338709677419,84.6
20265,1.0,952,2026-02-07T14:40,SIN_DEMANDA,0,,,,,,,0,0,0,187,1023,1093.2732620320855,84.6
20265,1.0,953,2026-02-07T14:50,SIN_DEMANDA,0,,,,,,,0,0,0,188,1026,1098.5324468085107,84.6
20265,1.0,954,2026-02-07T15:00,SIN_DEMANDA,0,,,,,,,0,0,0,189,1036,1103.6539682539683,84.6
20265,1.0,955,2026-02-07T15:10,SIN_DEMANDA,0,,,,,,,0,0,0,189,1036,1103.6539682539683,84.6
20265,1.0,956,2026-02-07T15:20,SIN_DEMANDA,0,,,,,,,0,0,0,189,1036,1103.6539682539683,84.6
20265,1.0,957,2026-02-07T15:30,SIN_DEMANDA,0,,,,,,,0,0,0,189,1036,1103.6539682539683,84.6
20265,1.0,958,2026-02-07T15:40,SIN_DEMANDA,0,,,,,,,0,0,0,189,1036,1103.6539682539683,84.6
20265,1.0,959,2026-02-07T15:50,COMPLETA,1698.5744,392.0,392.0,64.0,336.0,2,0.14583333333333334,1,0,2,189,1036,1103.6539682539683,84.6
20265,1.0,960,2026-02-07T16:00,SIN_DEMANDA,0,,,,,,,0,0,0,189,1036,1103.6539682539683,84.6
20265,1.0,961,2026-02-07T16:10,SIN_DEMANDA,0,,,,,,,0,0,0,189,1036,1103.6539682539683,84.6
20265,1.0,962,2026-02-07T16:20,SIN_DEMANDA,0,,,,,,,0,0,0,189,1036,1103.6539682539683,84.6
20265,1.0,963,2026-02-07T16:30,COMPLETA,1866.4713,368.0,368.0,80.0,432.0,2,0.375,1,0,2,189,1036,1103.6539682539683,84.6
20265,1.0,964,2026-02-07T16:40,SIN_DEMANDA,0,,,,,,,0,0,0,189,1036,1103.6539682539683,84.6
20265,1.0,965,2026-02-07T16:50,SIN_DEMANDA,0,,,,,,,0,0,0,189,1036,1103.6539682539683,84.6
20265,1.0,966,2026-02-07T17:00,SIN_DEMANDA,0,,,,,,,0,0,0,189,1036,1103.6539682539683,84.6
20265,1.0,967,2026-02-07T17:10,SIN_DEMANDA,0,,,,,,,0,0,0,189,1036,1103.6539682539683,84.6
20265,1.0,968,2026-02-07T17:20,SIN_DEMANDA,0,,,,,,,0,0,0,190,1043,1099.9084210526316,84.6
20265,1.0,969,2026-02-07T17:30,COMPLETA,1850.1674,2048.5,2048.5,124.0,306.0,2,0.10416666666666667,1,0,2,190,1043,1099.9084210526316,84.6
20265,1.0,970,2026-02-07T17:40,SIN_DEMANDA,0,,,,,,,0,0,0,190,1043,1099.9084210526316,84.6
20265,1.0,971,2026-02-07T17:50,SIN_DEMANDA,0,,,,,,,0,0,0,190,1043,1099.9084210526316,84.6
20265,1.0,972,2026-02-07T18:00,SIN_DEMANDA,0,,,,,,,0,0,0,190,1043,1099.9084210526316,84.6
20265,1.0,973,2026-02-07T18:10,SIN_DEMANDA,0,,,,,,,0,0,0,190,1043,1099.9084210526316,84.6
20265,1.0,974,2026-02-07T18:20,SIN_DEMANDA,0,,,,,,,0,0,0,191,1049,1096.076439790576,84.6
20265,1.0,975,2026-02-07T18:30,SIN_DEMANDA,0,,,,,,,0,0,0,191,1049,1096.076439790576,84.6
20265,1.0,976,2026-02-07T18:40,SIN_DEMANDA,0,,,,,,,0,0,0,191,1049,1096.076439790576,84.6
20265,1.0,977,2026-02-07T18:50,COMPLETA,1756.9786,484.25,356.5,122.0,303.0,2,0.1875,2,0,2,191,1049,1096.076439790576,84.6
20265,1.0,978,2026-02-07T19:00,SIN_DEMANDA,0,,,,,,,0,0,0,191,1049,1096.076439790576,84.6
20265,1.0,979,2026-02-07T19:10,SIN_DEMANDA,0,,,,,,,0,0,0,191,1049,1096.076439790576,84.6
20265,1.0,980,2026-02-07T19:20,SIN_DEMANDA,0,,,,,,,0,0,0,192,1054,1101.0369791666667,84.6
20265,1.0,981,2026-02-07T19:30,COMPLETA,1585.9118,2077.0,2077.0,40.0,180.0,2,0.16666666666666666,1,0,2,192,1054,1101.0369791666667,84.6
20265,1.0,982,2026-02-07T19:40,SIN_DEMANDA,0,,,,,,,0,0,0,192,1054,1101.0369791666667,84.6
20265,1.0,983,2026-02-07T19:50,SIN_DEMANDA,0,,,,,,,0,0,0,192,1054,1101.0369791666667,84.6
20265,1.0,984,2026-02-07T20:00,SIN_DEMANDA,0,,,,,,,0,0,0,192,1054,1101.0369791666667,84.6
20265,1.0,985,2026-02-07T20:10,SIN_DEMANDA,0,,,,,,,0,0,0,192,1054,1101.0369791666667,84.6
20265,1.0,986,2026-02-07T20:20,SIN_DEMANDA,0,,,,,,,0,0,0,192,1054,1101.0369791666667,84.6
20265,1.0,987,2026-02-07T20:30,SIN_DEMANDA,0,,,,,,,0,0,0,193,1059,1098.50310880829,84.6
20265,1.0,988,2026-02-07T20:40,SIN_DEMANDA,0,,,,,,,0,0,0,193,1059,1098.50310880829,84.6
20265,1.0,989,2026-02-07T20:50,SIN_DEMANDA,0,,,,,,,0,0,0,194,1067,1103.546907216495,84.6
20265,1.0,990,2026-02-07T21:00,SIN_DEMANDA,0,,,,,,,0,0,0,195,1071,1099.7158974358974,84.6
20265,1.0,991,2026-02-07T21:10,COMPLETA,1950.3696,987.5,987.5,84.0,246.0,2,0.125,1,0,2,195,1071,1099.7158974358974,84.6
20265,1.0,992,2026-02-07T21:20,COMPLETA,1951.8524,1054.75,35.5,144.0,516.0,3,0.25,2,0,1,195,1071,1099.7158974358974,84.6
20265,1.0,993,2026-02-07T21:30,COMPLETA,1585.4965,95.25,35.5,90.0,315.0,2,0.2708333333333333,2,0,1,195,1071,1099.7158974358974,84.6
20265,1.0,994,2026-02-07T21:40,COMPLETA,1463.9418,35.5,35.5,58.0,207.0,1,0.4166666666666667,1,0,0,195,1071,1099.7158974358974,84.6
20265,1.0,995,2026-02-07T21:50,COMPLETA,1929.4447,35.5,35.5,58.0,207.0,1,0.4166666666666667,1,0,0,195,1071,1099.7158974358974,84.6
20265,1.0,996,2026-02-07T22:00,COMPLETA,1914.8529,35.5,35.5,58.0,207.0,1,0.4166666666666667,1,0,0,195,1071,1099.7158974358974,84.6
20265,1.0,997,2026-02-07T22:10,COMPLETA,2049.6918,35.5,35.5,58.0,207.0,1,0.4166666666666667,1,0,0,195,1071,1099.7158974358974,84.6
20265,1.0,998,2026-02-07T22:20,COMPLETA,2276.8845,322.25,35.5,66.0,339.0,2,0.2708333333333333,2,0,0,195,1071,1099.7158974358974,84.6
20265,1.0,999,2026-02-07T22:30,COMPLETA,2061.3397,322.25,35.5,66.0,339.0,2,0.2708333333333333,2,0,0,195,1071,1099.7158974358974,84.6
20265,1.0,1000,2026-02-07T22:40,COMPLETA,2122.0246,322.25,35.5,66.0,339.0,2,0.2708333333333333,2,0,0,195,1071,1099.7158974358974,84.6
20265,1.0,1001,2026-02-07T22:50,COMPLETA,2266.8443,322.25,35.5,66.0,339.0,2,0.2708333333333333,2,0,0,197,1085,1104.0918781725888,84.6
20265,1.0,1002,2026-02-07T23:00,COMPLETA,2443.6108,322.25,35.5,66.0,339.0,2,0.2708333333333333,2,0,2,198,1088,1099.2984848484848,84.6
20265,1.0,1003,2026-02-07T23:10,SIN_DEMANDA,0,,,,,,,0,0,0,198,1088,1099.2984848484848,84.6
20265,1.0,1004,2026-02-07T23:20,COMPLETA,1531.8745,982.5,982.5,42.0,183.0,1,0.16666666666666666,1,0,1,198,1088,1099.2984848484848,84.6
20265,1.0,1005,2026-02-07T23:30,SIN_DEMANDA,0,,,,,,,0,0,0,198,1088,1099.2984848484848,84.6
20265,1.0,1006,2026-02-07T23:40,SIN_DEMANDA,0,,,,,,,0,0,0,198,1088,1099.2984848484848,84.6
20265,1.0,1007,2026-02-07T23:50,SIN_DEMANDA,0,,,,,,,0,0,0,198,1088,1099.2984848484848,84.6
20265,1.0,1008,2026-02-08T00:00,SIN_DEMANDA,0,,,,,,,0,0,0,198,1088,1099.2984848484848,84.6
20265,1.0,1009,2026-02-08T00:10,COMPLETA,2401.4555,2083.5,2083.5,44.0,306.0,2,0.20833333333333334,1,0,2,199,1091,1096.8346733668343,84.6
20265,1.0,1010,2026-02-08T00:20,SIN_DEMANDA,0,,,,,,,0,0,0,199,1091,1096.8346733668343,84.6
20265,1.0,1011,2026-02-08T00:30,SIN_DEMANDA,0,,,,,,,0,0,0,199,1091,1096.8346733668343,84.6
20265,1.0,1012,2026-02-08T00:40,SIN_DEMANDA,0,,,,,,,0,0,0,199,1091,1096.8346733668343,84.6
20265,1.0,1013,2026-02-08T00:50,SIN_DEMANDA,0,,,,,,,0,0,0,200,1101,1091.528,35.5
20265,1.0,1014,2026-02-08T01:00,SIN_DEMANDA,0,,,,,,,0,0,0,201,1105,1090.9855721393035,35.5
20265,1.0,1015,2026-02-08T01:10,SIN_DEMANDA,0,,,,,,,0,0,0,201,1105,1090.9855721393035,35.5
20265,1.0,1016,2026-02-08T01:20,SIN_DEMANDA,0,,,,,,,0,0,0,201,1105,1090.9855721393035,35.5
20265,1.0,1017,2026-02-08T01:30,SIN_DEMANDA,0,,,,,,,0,0,0,202,1115,1095.8990099009902,35.5
20265,1.0,1018,2026-02-08T01:40,COMPLETA,1319.5414,394.0,394.0,32.0,108.0,1,0.041666666666666664,1,0,1,202,1115,1095.8990099009902,35.5
20265,1.0,1019,2026-02-08T01:50,SIN_DEMANDA,0,,,,,,,0,0,0,202,1115,1095.8990099009902,35.5
20265,1.0,1020,2026-02-08T02:00,SIN_DEMANDA,0,,,,,,,0,0,0,202,1115,1095.8990099009902,35.5
20265,1.0,1021,2026-02-08T02:10,SIN_DEMANDA,0,,,,,,,0,0,0,202,1115,1095.8990099009902,35.5
20265,1.0,1022,2026-02-08T02:20,SIN_DEMANDA,0,,,,,,,0,0,0,202,1115,1095.8990099009902,35.5
20265,1.0,1023,2026-02-08T02:30,SIN_DEMANDA,0,,,,,,,0,0,0,202,1115,1095.8990099009902,35.5
20265,1.0,1024,2026-02-08T02:40,SIN_DEMANDA,0,,,,,,,0,0,0,202,1115,1095.8990099009902,35.5
20265,1.0,1025,2026-02-08T02:50,COMPLETA,1827.806,2069.0,2069.0,64.0,216.0,2,0.125,1,0,2,202,1115,1095.8990099009902,35.5
20265,1.0,1026,2026-02-08T03:00,SIN_DEMANDA,0,,,,,,,0,0,0,202,1115,1095.8990099009902,35.5
20265,1.0,1027,2026-02-08T03:10,SIN_DEMANDA,0,,,,,,,0,0,0,203,1116,1092.441379310345,35.5
20265,1.0,1028,2026-02-08T03:20,SIN_DEMANDA,0,,,,,,,0,0,0,203,1116,1092.441379310345,35.5
20265,1.0,1029,2026-02-08T03:30,SIN_DEMANDA,0,,,,,,,0,0,0,203,1116,1092.441379310345,35.5
20265,1.0,1030,2026-02-08T03:40,SIN_DEMANDA,0,,,,,,,0,0,0,203,1116,1092.441379310345,35.5
20265,1.0,1031,2026-02-08T03:50,SIN_DEMANDA,0,,,,,,,0,0,0,203,1116,1092.441379310345,35.5
20265,1.0,1032,2026-02-08T04:00,SIN_DEMANDA,0,,,,,,,0,0,0,203,1116,1092.441379310345,35.5
20265,1.0,1033,2026-02-08T04:10,SIN_DEMANDA,0,,,,,,,0,0,0,203,1116,1092.441379310345,35.5
20265,1.0,1034,2026-02-08T04:20,SIN_DEMANDA,0,,,,,,,0,0,0,204,1122,1097.228431372549,35.5
20265,1.0,1035,2026-02-08T04:30,SIN_DEMANDA,0,,,,,,,0,0,0,204,1122,1097.228431372549,35.5
20265,1.0,1036,2026-02-08T04:40,SIN_DEMANDA,0,,,,,,,0,0,0,204,1122,1097.228431372549,35.5
20265,1.0,1037,2026-02-08T04:50,SIN_DEMANDA,0,,,,,,,0,0,0,204,1122,1097.228431372549,35.5
20265,1.0,1038,2026-02-08T05:00,SIN_DEMANDA,0,,,,,,,0,0,0,204,1122,1097.228431372549,35.5
20265,1.0,1039,2026-02-08T05:10,SIN_DEMANDA,0,,,,,,,0,0,0,204,1122,1097.228431372549,35.5
20265,1.0,1040,2026-02-08T05:20,SIN_DEMANDA,0,,,,,,,0,0,0,204,1122,1097.228431372549,35.5
20265,1.0,1041,2026-02-08T05:30,SIN_DEMANDA,0,,,,,,,0,0,0,204,1122,1097.228431372549,35.5
20265,1.0,1042,2026-02-08T05:40,SIN_DEMANDA,0,,,,,,,0,0,0,204,1122,1097.228431372549,35.5
20265,1.0,1043,2026-02-08T05:50,SIN_DEMANDA,0,,,,,,,0,0,0,204,1122,1097.228431372549,35.5
20265,1.0,1044,2026-02-08T06:00,SIN_DEMANDA,0,,,,,,,0,0,0,204,1122,1097.228431372549,35.5
20265,1.0,1045,2026-02-08T06:10,SIN_DEMANDA,0,,,,,,,0,0,0,204,1122,1097.228431372549,35.5
20265,1.0,1046,2026-02-08T06:20,SIN_DEMANDA,0,,,,,,,0,0,0,204,1122,1097.228431372549,35.5
20265,1.0,1047,2026-02-08T06:30,COMPLETA,1438.189,2044.5,2044.5,22.0,153.0,1,0.08333333333333333,1,0,0,204,1122,1097.228431372549,35.5
20265,1.0,1048,2026-02-08T06:40,COMPLETA,1534.1559,2044.5,2044.5,22.0,153.0,1,0.08333333333333333,1,0,0,204,1122,1097.228431372549,35.5
20265,1.0,1049,2026-02-08T06:50,COMPLETA,2129.6174,2044.5,2044.5,22.0,153.0,1,0.08333333333333333,1,0,0,204,1122,1097.228431372549,35.5
20265,1.0,1050,2026-02-08T07:00,COMPLETA,1513.2884,2044.5,2044.5,22.0,153.0,1,0.08333333333333333,1,0,1,204,1122,1097.228431372549,35.5
20265,1.0,1051,2026-02-08T07:10,SIN_DEMANDA,0,,,,,,,0,0,0,204,1122,1097.228431372549,35.5
20265,1.0,1052,2026-02-08T07:20,COMPLETA,1536.3058,2059.5,2059.5,50.0,195.0,1,0.125,1,0,1,204,1122,1097.228431372549,35.5
20265,1.0,1053,2026-02-08T07:30,SIN_DEMANDA,0,,,,,,,0,0,0,204,1122,1097.228431372549,35.5
20265,1.0,1054,2026-02-08T07:40,SIN_DEMANDA,0,,,,,,,0,0,0,204,1122,1097.228431372549,35.5
20265,1.0,1055,2026-02-08T07:50,SIN_DEMANDA,0,,,,,,,0,0,0,204,1122,1097.228431372549,35.5
20265,1.0,1056,2026-02-08T08:00,SIN_DEMANDA,0,,,,,,,0,0,0,204,1122,1097.228431372549,35.5
20265,1.0,1057,2026-02-08T08:10,COMPLETA,1644.0221,2064.5,2064.5,84.0,366.0,2,0.10416666666666667,1,0,2,204,1122,1097.228431372549,35.5
20265,1.0,1058,2026-02-08T08:20,SIN_DEMANDA,0,,,,,,,0,0,0,205,1124,1101.849268292683,35.5
20265,1.0,1059,2026-02-08T08:30,SIN_DEMANDA,0,,,,,,,0,0,0,205,1124,1101.849268292683,35.5
20265,1.0,1060,2026-02-08T08:40,COMPLETA,2164.7168,2083.0,2083.0,32.0,288.0,2,0.16666666666666666,1,0,2,205,1124,1101.849268292683,35.5
20265,1.0,1061,2026-02-08T08:50,SIN_DEMANDA,0,,,,,,,0,0,0,205,1124,1101.849268292683,35.5
20265,1.0,1062,2026-02-08T09:00,SIN_DEMANDA,0,,,,,,,0,0,0,206,1127,1106.4980582524272,35.5
20265,1.0,1063,2026-02-08T09:10,SIN_DEMANDA,0,,,,,,,0,0,0,206,1127,1106.4980582524272,35.5
20265,1.0,1064,2026-02-08T09:20,COMPLETA,2241.9381,983.4,983.4,56.0,254.4,2,0.4375,1,0,2,206,1127,1106.4980582524272,35.5
20265,1.0,1065,2026-02-08T09:30,SIN_DEMANDA,0,,,,,,,0,0,0,206,1127,1106.4980582524272,35.5
20265,1.0,1066,2026-02-08T09:40,SIN_DEMANDA,0,,,,,,,0,0,0,206,1127,1106.4980582524272,35.5
20265,1.0,1067,2026-02-08T09:50,SIN_DEMANDA,0,,,,,,,0,0,0,207,1132,1111.1260869565217,35.5
20265,1.0,1068,2026-02-08T10:00,COMPLETA,1872.2669,2064.5,2064.5,38.0,117.0,1,0.25,1,0,1,208,1140,1115.7985576923077,35.5
20265,1.0,1069,2026-02-08T10:10,SIN_DEMANDA,0,,,,,,,0,0,0,208,1140,1115.7985576923077,35.5
20265,1.0,1070,2026-02-08T10:20,SIN_DEMANDA,0,,,,,,,0,0,0,208,1140,1115.7985576923077,35.5
20265,1.0,1071,2026-02-08T10:30,SIN_DEMANDA,0,,,,,,,0,0,0,208,1140,1115.7985576923077,35.5
20265,1.0,1072,2026-02-08T10:40,SIN_DEMANDA,0,,,,,,,0,0,0,208,1140,1115.7985576923077,35.5
20265,1.0,1073,2026-02-08T10:50,SIN_DEMANDA,0,,,,,,,0,0,0,208,1140,1115.7985576923077,35.5
20265,1.0,1074,2026-02-08T11:00,COMPLETA,2010.2462,2042.5,2042.5,138.0,327.0,2,0.10416666666666667,1,0,2,209,1147,1115.1650717703349,35.5
20265,1.0,1075,2026-02-08T11:10,COMPLETA,2112.725,1528.0,992.0,72.0,228.0,2,0.14583333333333334,2,0,2,209,1147,1115.1650717703349,35.5
20265,1.0,1076,2026-02-08T11:20,SIN_DEMANDA,0,,,,,,,0,0,0,209,1147,1115.1650717703349,35.5
20265,1.0,1077,2026-02-08T11:30,SIN_DEMANDA,0,,,,,,,0,0,0,210,1153,1119.6857142857143,35.5
20265,1.0,1078,2026-02-08T11:40,SIN_DEMANDA,0,,,,,,,0,0,0,210,1153,1119.6857142857143,35.5
20265,1.0,1079,2026-02-08T11:50,SIN_DEMANDA,0,,,,,,,0,0,0,210,1153,1119.6857142857143,35.5
20265,1.0,1080,2026-02-08T12:00,SIN_DEMANDA,0,,,,,,,0,0,0,210,1153,1119.6857142857143,35.5
20265,1.0,1081,2026-02-08T12:10,SIN_DEMANDA,0,,,,,,,0,0,0,210,1153,1119.6857142857143,35.5
20265,1.0,1082,2026-02-08T12:20,COMPLETA,1863.9309,132.0,132.0,64.0,156.0,1,0.4166666666666667,1,0,1,210,1153,1119.6857142857143,35.5
20265,1.0,1083,2026-02-08T12:30,SIN_DEMANDA,0,,,,,,,0,0,0,210,1153,1119.6857142857143,35.5
20265,1.0,1084,2026-02-08T12:40,SIN_DEMANDA,0,,,,,,,0,0,0,211,1156,1119.0805687203792,35.5
20265,1.0,1085,2026-02-08T12:50,SIN_DEMANDA,0,,,,,,,0,0,0,212,1160,1123.5377358490566,35.5
20265,1.0,1086,2026-02-08T13:00,SIN_DEMANDA,0,,,,,,,0,0,0,213,1165,1127.8521126760563,35.5
20265,1.0,1087,2026-02-08T13:10,SIN_DEMANDA,0,,,,,,,0,0,0,213,1165,1127.8521126760563,35.5
20265,1.0,1088,2026-02-08T13:20,SIN_DEMANDA,0,,,,,,,0,0,0,213,1165,1127.8521126760563,35.5
20265,1.0,1089,2026-02-08T13:30,COMPLETA,2439.4574,1961.5,1961.5,108.0,402.0,2,0.16666666666666666,1,0,0,213,1165,1127.8521126760563,35.5
20265,1.0,1090,2026-02-08T13:40,COMPLETA,2186.9704,1961.5,1961.5,108.0,402.0,2,0.16666666666666666,1,0,0,213,1165,1127.8521126760563,35.5
20265,1.0,1091,2026-02-08T13:50,COMPLETA,1858.2953,1961.5,1961.5,108.0,402.0,2,0.16666666666666666,1,0,0,213,1165,1127.8521126760563,35.5
20265,1.0,1092,2026-02-08T14:00,COMPLETA,1845.2142,1961.5,1961.5,108.0,402.0,2,0.16666666666666666,1,0,0,213,1165,1127.8521126760563,35.5
20265,1.0,1093,2026-02-08T14:10,COMPLETA,1980.1061,1961.5,1961.5,108.0,402.0,2,0.16666666666666666,1,0,0,214,1175,1123.1985981308412,35.5
20265,1.0,1094,2026-02-08T14:20,COMPLETA,2847.2659,1652.1666666666667,945.0,150.0,705.0,4,0.20833333333333334,3,0,0,214,1175,1123.1985981308412,35.5
20265,1.0,1095,2026-02-08T14:30,COMPLETA,2864.685,1652.1666666666667,945.0,150.0,705.0,4,0.20833333333333334,3,0,0,214,1175,1123.1985981308412,35.5
20265,1.0,1096,2026-02-08T14:40,COMPLETA,2311.1842,1652.1666666666667,945.0,150.0,705.0,4,0.20833333333333334,3,0,0,214,1175,1123.1985981308412,35.5
20265,1.0,1097,2026-02-08T14:50,COMPLETA,2913.2178,1652.1666666666667,945.0,150.0,705.0,4,0.20833333333333334,3,0,0,214,1175,1123.1985981308412,35.5
20265,1.0,1098,2026-02-08T15:00,COMPLETA,2813.9683,1652.1666666666667,945.0,150.0,705.0,4,0.20833333333333334,3,0,4,214,1175,1123.1985981308412,35.5
20265,1.0,1099,2026-02-08T15:10,SIN_DEMANDA,0,,,,,,,0,0,0,214,1175,1123.1985981308412,35.5
20265,1.0,1100,2026-02-08T15:20,SIN_DEMANDA,0,,,,,,,0,0,0,214,1175,1123.1985981308412,35.5
20265,1.0,1101,2026-02-08T15:30,SIN_DEMANDA,0,,,,,,,0,0,0,214,1175,1123.1985981308412,35.5
20265,1.0,1102,2026-02-08T15:40,SIN_DEMANDA,0,,,,,,,0,0,0,214,1175,1123.1985981308412,35.5
20265,1.0,1103,2026-02-08T15:50,SIN_DEMANDA,0,,,,,,,0,0,0,214,1175,1123.1985981308412,35.5
20265,1.0,1104,2026-02-08T16:00,COMPLETA,2463.2901,649.0,649.0,12.0,138.0,1,0.375,1,0,1,214,1175,1123.1985981308412,35.5
20265,1.0,1105,2026-02-08T16:10,SIN_DEMANDA,0,,,,,,,0,0,0,215,1178,1127.5093023255813,35.5
20265,1.0,1106,2026-02-08T16:20,SIN_DEMANDA,0,,,,,,,0,0,0,215,1178,1127.5093023255813,35.5
20265,1.0,1107,2026-02-08T16:30,SIN_DEMANDA,0,,,,,,,0,0,0,215,1178,1127.5093023255813,35.5
20265,1.0,1108,2026-02-08T16:40,SIN_DEMANDA,0,,,,,,,0,0,0,216,1187,1126.664351851852,35.5
20265,1.0,1109,2026-02-08T16:50,SIN_DEMANDA,0,,,,,,,0,0,0,217,1195,1130.5115207373271,35.5
20265,1.0,1110,2026-02-08T17:00,SIN_DEMANDA,0,,,,,,,0,0,0,217,1195,1130.5115207373271,35.5
20265,1.0,1111,2026-02-08T17:10,SIN_DEMANDA,0,,,,,,,0,0,0,218,1204,1128.302752293578,35.5
20265,1.0,1112,2026-02-08T17:20,SIN_DEMANDA,0,,,,,,,0,0,0,218,1204,1128.302752293578,35.5
20265,1.0,1113,2026-02-08T17:30,SIN_DEMANDA,0,,,,,,,0,0,0,218,1204,1128.302752293578,35.5
20265,1.0,1114,2026-02-08T17:40,COMPLETA,2034.3771,624.5,624.5,38.0,117.0,1,0.25,1,0,1,218,1204,1128.302752293578,35.5
20265,1.0,1115,2026-02-08T17:50,SIN_DEMANDA,0,,,,,,,0,0,0,218,1204,1128.302752293578,35.5
20265,1.0,1116,2026-02-08T18:00,COMPLETA,1600.6921,151.5,151.5,30.0,105.0,1,0.08333333333333333,1,0,1,218,1204,1128.302752293578,35.5
20265,1.0,1117,2026-02-08T18:10,SIN_DEMANDA,0,,,,,,,0,0,0,218,1204,1128.302752293578,35.5
20265,1.0,1118,2026-02-08T18:20,SIN_DEMANDA,0,,,,,,,0,0,0,218,1204,1128.302752293578,35.5
20265,1.0,1119,2026-02-08T18:30,SIN_DEMANDA,0,,,,,,,0,0,0,218,1204,1128.302752293578,35.5
20265,1.0,1120,2026-02-08T18:40,SIN_DEMANDA,0,,,,,,,0,0,0,218,1204,1128.302752293578,35.5
20265,1.0,1121,2026-02-08T18:50,SIN_DEMANDA,0,,,,,,,0,0,0,218,1204,1128.302752293578,35.5
20265,1.0,1122,2026-02-08T19:00,SIN_DEMANDA,0,,,,,,,0,0,0,218,1204,1128.302752293578,35.5
20265,1.0,1123,2026-02-08T19:10,SIN_DEMANDA,0,,,,,,,0,0,0,219,1210,1126.0022831050228,35.5
20265,1.0,1124,2026-02-08T19:20,SIN_DEMANDA,0,,,,,,,0,0,0,219,1210,1126.0022831050228,35.5
20265,1.0,1125,2026-02-08T19:30,SIN_DEMANDA,0,,,,,,,0,0,0,220,1212,1121.5727272727272,35.5
20265,1.0,1126,2026-02-08T19:40,COMPLETA,2541.6154,2078.0,2078.0,24.0,96.0,1,0.20833333333333334,1,0,1,220,1212,1121.5727272727272,35.5
20265,1.0,1127,2026-02-08T19:50,SIN_DEMANDA,0,,,,,,,0,0,0,220,1212,1121.5727272727272,35.5
20265,1.0,1128,2026-02-08T20:00,SIN_DEMANDA,0,,,,,,,0,0,0,220,1212,1121.5727272727272,35.5
20265,1.0,1129,2026-02-08T20:10,SIN_DEMANDA,0,,,,,,,0,0,0,220,1212,1121.5727272727272,35.5
20265,1.0,1130,2026-02-08T20:20,SIN_DEMANDA,0,,,,,,,0,0,0,220,1212,1121.5727272727272,35.5
20265,1.0,1131,2026-02-08T20:30,SIN_DEMANDA,0,,,,,,,0,0,0,220,1212,1121.5727272727272,35.5
20265,1.0,1132,2026-02-08T20:40,SIN_DEMANDA,0,,,,,,,0,0,0,220,1212,1121.5727272727272,35.5
20265,1.0,1133,2026-02-08T20:50,COMPLETA,2529.8217,506.5,393.5,110.0,345.0,3,0.2222222222222222,2,0,3,220,1212,1121.5727272727272,35.5
20265,1.0,1134,2026-02-08T21:00,SIN_DEMANDA,0,,,,,,,0,0,0,221,1217,1125.9004524886877,35.5
20265,1.0,1135,2026-02-08T21:10,SIN_DEMANDA,0,,,,,,,0,0,0,221,1217,1125.9004524886877,35.5
20265,1.0,1136,2026-02-08T21:20,SIN_DEMANDA,0,,,,,,,0,0,0,221,1217,1125.9004524886877,35.5
20265,1.0,1137,2026-02-08T21:30,SIN_DEMANDA,0,,,,,,,0,0,0,221,1217,1125.9004524886877,35.5
20265,1.0,1138,2026-02-08T21:40,SIN_DEMANDA,0,,,,,,,0,0,0,221,1217,1125.9004524886877,35.5
20265,1.0,1139,2026-02-08T21:50,SIN_DEMANDA,0,,,,,,,0,0,0,221,1217,1125.9004524886877,35.5
20265,1.0,1140,2026-02-08T22:00,COMPLETA,1582.0561,944.0,944.0,20.0,150.0,1,0.16666666666666666,1,0,0,221,1217,1125.9004524886877,35.5
20265,1.0,1141,2026-02-08T22:10,COMPLETA,1320.5872,944.0,944.0,20.0,150.0,1,0.16666666666666666,1,0,0,221,1217,1125.9004524886877,35.5
20265,1.0,1142,2026-02-08T22:20,COMPLETA,1503.639,944.0,944.0,20.0,150.0,1,0.16666666666666666,1,0,0,222,1225,1122.6013513513512,35.5
20265,1.0,1143,2026-02-08T22:30,COMPLETA,2002.0895,1485.75,944.0,158.0,717.0,4,0.14583333333333334,2,0,0,223,1233,1120.3452914798206,35.5
20265,1.0,1144,2026-02-08T22:40,COMPLETA,2679.5935,1668.1666666666667,944.0,110.0,525.0,3,0.3194444444444444,3,0,0,223,1233,1120.3452914798206,35.5
20265,1.0,1145,2026-02-08T22:50,COMPLETA,2889.6791,1270.98,358.4,218.0,1201.2,7,0.23684210526315788,5,0,0,223,1233,1120.3452914798206,35.5
20265,1.0,1146,2026-02-08T23:00,COMPLETA,2988.1072,1270.98,358.4,218.0,1201.2,7,0.23684210526315788,5,0,7,223,1233,1120.3452914798206,35.5
20265,1.0,1147,2026-02-08T23:10,SIN_DEMANDA,0,,,,,,,0,0,0,223,1233,1120.3452914798206,35.5
20265,1.0,1148,2026-02-08T23:20,SIN_DEMANDA,0,,,,,,,0,0,0,223,1233,1120.3452914798206,35.5
20265,1.0,1149,2026-02-08T23:30,SIN_DEMANDA,0,,,,,,,0,0,0,223,1233,1120.3452914798206,35.5
20265,1.0,1150,2026-02-08T23:40,SIN_DEMANDA,0,,,,,,,0,0,0,223,1233,1120.3452914798206,35.5
20265,1.0,1151,2026-02-08T23:50,SIN_DEMANDA,0,,,,,,,0,0,0,223,1233,1120.3452914798206,35.5
20265,1.0,1152,2026-02-09T00:00,SIN_DEMANDA,0,,,,,,,0,0,0,223,1233,1120.3452914798206,35.5
20265,1.0,1153,2026-02-09T00:10,SIN_DEMANDA,0,,,,,,,0,0,0,224,1240,1119.7723214285713,35.5
20265,1.0,1154,2026-02-09T00:20,SIN_DEMANDA,0,,,,,,,0,0,0,225,1244,1118.9688888888888,35.5
20265,1.0,1155,2026-02-09T00:30,SIN_DEMANDA,0,,,,,,,0,0,0,225,1244,1118.9688888888888,35.5
20265,1.0,1156,2026-02-09T00:40,SIN_DEMANDA,0,,,,,,,0,0,0,227,1263,1127.0198237885463,35.5
20265,1.0,1157,2026-02-09T00:50,SIN_DEMANDA,0,,,,,,,0,0,0,228,1269,1123.6486842105262,35.5
20265,1.0,1158,2026-02-09T01:00,COMPLETA,1824.8347,2011.5,2011.5,86.0,312.0,2,0.16666666666666666,1,0,2,228,1269,1123.6486842105262,35.5
20265,1.0,1159,2026-02-09T01:10,SIN_DEMANDA,0,,,,,,,0,0,0,228,1269,1123.6486842105262,35.5
20265,1.0,1160,2026-02-09T01:20,SIN_DEMANDA,0,,,,,,,0,0,0,228,1269,1123.6486842105262,35.5
20265,1.0,1161,2026-02-09T01:30,SIN_DEMANDA,0,,,,,,,0,0,0,228,1269,1123.6486842105262,35.5
20265,1.0,1162,2026-02-09T01:40,SIN_DEMANDA,0,,,,,,,0,0,0,228,1269,1123.6486842105262,35.5
20265,1.0,1163,2026-02-09T01:50,SIN_DEMANDA,0,,,,,,,0,0,0,228,1269,1123.6486842105262,35.5
20265,1.0,1164,2026-02-09T02:00,COMPLETA,1315.1164,630.0,630.0,32.0,108.0,1,0.041666666666666664,1,0,1,228,1269,1123.6486842105262,35.5
20265,1.0,1165,2026-02-09T02:10,SIN_DEMANDA,0,,,,,,,0,0,0,228,1269,1123.6486842105262,35.5
20265,1.0,1166,2026-02-09T02:20,COMPLETA,1919.7679,143.0,143.0,48.0,132.0,1,0.4166666666666667,1,0,1,228,1269,1123.6486842105262,35.5
20265,1.0,1167,2026-02-09T02:30,SIN_DEMANDA,0,,,,,,,0,0,0,228,1269,1123.6486842105262,35.5
20265,1.0,1168,2026-02-09T02:40,SIN_DEMANDA,0,,,,,,,0,0,0,228,1269,1123.6486842105262,35.5
20265,1.0,1169,2026-02-09T02:50,SIN_DEMANDA,0,,,,,,,0,0,0,228,1269,1123.6486842105262,35.5
20265,1.0,1170,2026-02-09T03:00,SIN_DEMANDA,0,,,,,,,0,0,0,228,1269,1123.6486842105262,35.5
20265,1.0,1171,2026-02-09T03:10,SIN_DEMANDA,0,,,,,,,0,0,0,228,1269,1123.6486842105262,35.5
20265,1.0,1172,2026-02-09T03:20,SIN_DEMANDA,0,,,,,,,0,0,0,229,1277,1127.5257641921396,35.5
20265,1.0,1173,2026-02-09T03:30,COMPLETA,1290.9419,2070.0,2070.0,40.0,120.0,1,0.08333333333333333,1,0,1,230,1278,1125.3626086956522,35.5
20265,1.0,1174,2026-02-09T03:40,SIN_DEMANDA,0,,,,,,,0,0,0,230,1278,1125.3626086956522,35.5
20265,1.0,1175,2026-02-09T03:50,SIN_DEMANDA,0,,,,,,,0,0,0,230,1278,1125.3626086956522,35.5
20265,1.0,1176,2026-02-09T04:00,SIN_DEMANDA,0,,,,,,,0,0,0,231,1288,1121.1099567099566,35.5
20265,1.0,1177,2026-02-09T04:10,SIN_DEMANDA,0,,,,,,,0,0,0,231,1288,1121.1099567099566,35.5
20265,1.0,1178,2026-02-09T04:20,SIN_DEMANDA,0,,,,,,,0,0,0,231,1288,1121.1099567099566,35.5
20265,1.0,1179,2026-02-09T04:30,COMPLETA,1380.3534,2076.0,2076.0,24.0,96.0,1,0.08333333333333333,1,0,1,231,1288,1121.1099567099566,35.5
20265,1.0,1180,2026-02-09T04:40,SIN_DEMANDA,0,,,,,,,0,0,0,231,1288,1121.1099567099566,35.5
20265,1.0,1181,2026-02-09T04:50,COMPLETA,1719.1887,390.0,390.0,32.0,108.0,1,0.4166666666666667,1,0,1,231,1288,1121.1099567099566,35.5
20265,1.0,1182,2026-02-09T05:00,SIN_DEMANDA,0,,,,,,,0,0,0,232,1290,1125.2,35.5
20265,1.0,1183,2026-02-09T05:10,COMPLETA,2204.9117,974.0,974.0,104.0,276.0,2,0.16666666666666666,1,0,2,232,1290,1125.2,35.5
20265,1.0,1184,2026-02-09T05:20,SIN_DEMANDA,0,,,,,,,0,0,0,232,1290,1125.2,35.5
20265,1.0,1185,2026-02-09T05:30,COMPLETA,1388.4689,275.5,275.5,70.0,225.0,1,0.16666666666666666,1,0,0,232,1290,1125.2,35.5
20265,1.0,1186,2026-02-09T05:40,COMPLETA,1457.8992,275.5,275.5,70.0,225.0,1,0.16666666666666666,1,0,0,232,1290,1125.2,35.5
20265,1.0,1187,2026-02-09T05:50,COMPLETA,1358.9332,275.5,275.5,70.0,225.0,1,0.16666666666666666,1,0,0,233,1292,1129.280686695279,35.5
20265,1.0,1188,2026-02-09T06:00,COMPLETA,1564.8861,275.5,275.5,70.0,225.0,1,0.16666666666666666,1,0,0,233,1292,1129.280686695279,35.5
20265,1.0,1189,2026-02-09T06:10,COMPLETA,1478.9634,275.5,275.5,70.0,225.0,1,0.16666666666666666,1,0,0,233,1292,1129.280686695279,35.5
20265,1.0,1190,2026-02-09T06:20,COMPLETA,1122.229,275.5,275.5,70.0,225.0,1,0.16666666666666666,1,0,0,234,1302,1126.1213675213676,35.5
20265,1.0,1191,2026-02-09T06:30,COMPLETA,2383.1151,1155.0,275.5,110.0,405.0,2,0.10416666666666667,2,0,0,234,1302,1126.1213675213676,35.5
20265,1.0,1192,2026-02-09T06:40,COMPLETA,2477.9829,1155.0,275.5,110.0,405.0,2,0.10416666666666667,2,0,0,234,1302,1126.1213675213676,35.5
20265,1.0,1193,2026-02-09T06:50,COMPLETA,2459.4086,1089.5,275.5,176.0,624.0,3,0.125,3,0,0,235,1310,1125.4740425531916,35.5
20265,1.0,1194,2026-02-09T07:00,COMPLETA,2122.4964,1089.5,275.5,176.0,624.0,3,0.125,3,0,3,235,1310,1125.4740425531916,35.5
20265,1.0,1195,2026-02-09T07:10,SIN_DEMANDA,0,,,,,,,0,0,0,235,1310,1125.4740425531916,35.5
20265,1.0,1196,2026-02-09T07:20,SIN_DEMANDA,0,,,,,,,0,0,0,235,1310,1125.4740425531916,35.5
20265,1.0,1197,2026-02-09T07:30,SIN_DEMANDA,0,,,,,,,0,0,0,235,1310,1125.4740425531916,35.5
20265,1.0,1198,2026-02-09T07:40,SIN_DEMANDA,0,,,,,,,0,0,0,235,1310,1125.4740425531916,35.5
20265,1.0,1199,2026-02-09T07:50,SIN_DEMANDA,0,,,,,,,0,0,0,235,1310,1125.4740425531916,35.5
20265,1.0,1200,2026-02-09T08:00,SIN_DEMANDA,0,,,,,,,0,0,0,235,1310,1125.4740425531916,35.5
20265,1.0,1201,2026-02-09T08:10,SIN_DEMANDA,0,,,,,,,0,0,0,235,1310,1125.4740425531916,35.5
20265,1.0,1202,2026-02-09T08:20,SIN_DEMANDA,0,,,,,,,0,0,0,235,1310,1125.4740425531916,35.5
20265,1.0,1203,2026-02-09T08:30,SIN_DEMANDA,0,,,,,,,0,0,0,235,1310,1125.4740425531916,35.5
20265,1.0,1204,2026-02-09T08:40,SIN_DEMANDA,0,,,,,,,0,0,0,236,1311,1129.325847457627,35.5
20265,1.0,1205,2026-02-09T08:50,SIN_DEMANDA,0,,,,,,,0,0,0,237,1315,1128.6050632911392,35.5
20265,1.0,1206,2026-02-09T09:00,COMPLETA,1373.4385,645.5,645.5,10.0,75.0,1,0.16666666666666666,1,0,1,238,1319,1125.0205882352943,35.5
20265,1.0,1207,2026-02-09T09:10,SIN_DEMANDA,0,,,,,,,0,0,0,238,1319,1125.0205882352943,35.5
20265,1.0,1208,2026-02-09T09:20,SIN_DEMANDA,0,,,,,,,0,0,0,238,1319,1125.0205882352943,35.5
20265,1.0,1209,2026-02-09T09:30,SIN_DEMANDA,0,,,,,,,0,0,0,238,1319,1125.0205882352943,35.5
20265,1.0,1210,2026-02-09T09:40,COMPLETA,2716.9161,165.0,165.0,24.0,156.0,2,0.10416666666666667,1,0,2,238,1319,1125.0205882352943,35.5
20265,1.0,1211,2026-02-09T09:50,SIN_DEMANDA,0,,,,,,,0,0,0,238,1319,1125.0205882352943,35.5
20265,1.0,1212,2026-02-09T10:00,SIN_DEMANDA,0,,,,,,,0,0,0,238,1319,1125.0205882352943,35.5
20265,1.0,1213,2026-02-09T10:10,SIN_DEMANDA,0,,,,,,,0,0,0,239,1323,1123.0142259414226,35.5
20265,1.0,1214,2026-02-09T10:20,SIN_DEMANDA,0,,,,,,,0,0,0,239,1323,1123.0142259414226,35.5
20265,1.0,1215,2026-02-09T10:30,SIN_DEMANDA,0,,,,,,,0,0,0,239,1323,1123.0142259414226,35.5
20265,1.0,1216,2026-02-09T10:40,SIN_DEMANDA,0,,,,,,,0,0,0,239,1323,1123.0142259414226,35.5
20265,1.0,1217,2026-02-09T10:50,SIN_DEMANDA,0,,,,,,,0,0,0,240,1328,1119.0225,35.5
20265,1.0,1218,2026-02-09T11:00,SIN_DEMANDA,0,,,,,,,0,0,0,240,1328,1119.0225,35.5
20265,1.0,1219,2026-02-09T11:10,COMPLETA,2198.5319,606.0,606.0,60.0,150.0,1,0.16666666666666666,1,0,1,240,1328,1119.0225,35.5
20265,1.0,1220,2026-02-09T11:20,SIN_DEMANDA,0,,,,,,,0,0,0,240,1328,1119.0225,35.5
20265,1.0,1221,2026-02-09T11:30,COMPLETA,2777.2565,2063.5,2063.5,42.0,123.0,1,0.375,1,0,1,240,1328,1119.0225,35.5
20265,1.0,1222,2026-02-09T11:40,SIN_DEMANDA,0,,,,,,,0,0,0,240,1328,1119.0225,35.5
20265,1.0,1223,2026-02-09T11:50,SIN_DEMANDA,0,,,,,,,0,0,0,240,1328,1119.0225,35.5
20265,1.0,1224,2026-02-09T12:00,SIN_DEMANDA,0,,,,,,,0,0,0,240,1328,1119.0225,35.5
20265,1.0,1225,2026-02-09T12:10,SIN_DEMANDA,0,,,,,,,0,0,0,240,1328,1119.0225,35.5
20265,1.0,1226,2026-02-09T12:20,COMPLETA,2215.1836,2089.0,2089.0,12.0,78.0,1,0.041666666666666664,1,0,1,240,1328,1119.0225,35.5
20265,1.0,1227,2026-02-09T12:30,COMPLETA,2295.8877,136.5,136.5,46.0,129.0,1,0.25,1,0,1,240,1328,1119.0225,35.5
20265,1.0,1228,2026-02-09T12:40,COMPLETA,1645.437,981.4,981.4,28.0,127.2,1,0.5,1,0,1,240,1328,1119.0225,35.5
20265,1.0,1229,2026-02-09T12:50,SIN_DEMANDA,0,,,,,,,0,0,0,240,1328,1119.0225,35.5
20265,1.0,1230,2026-02-09T13:00,COMPLETA,1893.548,979.0,979.0,99.0,382.5,3,0.25,1,0,3,241,1332,1116.89377593361,35.5
20265,1.0,1231,2026-02-09T13:10,SIN_DEMANDA,0,,,,,,,0,0,0,242,1341,1120.8053719008265,35.5
20265,1.0,1232,2026-02-09T13:20,SIN_DEMANDA,0,,,,,,,0,0,0,242,1341,1120.8053719008265,35.5
20265,1.0,1233,2026-02-09T13:30,SIN_DEMANDA,0,,,,,,,0,0,0,243,1342,1124.7897119341565,35.5
20265,1.0,1234,2026-02-09T13:40,SIN_DEMANDA,0,,,,,,,0,0,0,243,1342,1124.7897119341565,35.5
20265,1.0,1235,2026-02-09T13:50,SIN_DEMANDA,0,,,,,,,0,0,0,243,1342,1124.7897119341565,35.5
20265,1.0,1236,2026-02-09T14:00,SIN_DEMANDA,0,,,,,,,0,0,0,243,1342,1124.7897119341565,35.5
20265,1.0,1237,2026-02-09T14:10,COMPLETA,1778.6469,586.0,586.0,36.0,174.0,1,0.16666666666666666,1,0,0,244,1348,1120.7393442622952,35.5
20265,1.0,1238,2026-02-09T14:20,COMPLETA,1632.6932,586.0,586.0,36.0,174.0,1,0.16666666666666666,1,0,0,245,1352,1120.1706122448982,35.5
20265,1.0,1239,2026-02-09T14:30,COMPLETA,2319.7354,770.75,586.0,74.0,351.0,2,0.14583333333333334,2,0,0,245,1352,1120.1706122448982,35.5
20265,1.0,1240,2026-02-09T14:40,COMPLETA,2532.8973,770.75,586.0,74.0,351.0,2,0.14583333333333334,2,0,0,246,1362,1119.5967479674798,35.5
20265,1.0,1241,2026-02-09T14:50,COMPLETA,2567.0074,1201.6666666666667,586.0,100.0,510.0,3,0.1111111111111111,3,0,0,246,1362,1119.5967479674798,35.5
20265,1.0,1242,2026-02-09T15:00,COMPLETA,2867.9893,1201.6666666666667,586.0,100.0,510.0,3,0.1111111111111111,3,0,3,246,1362,1119.5967479674798,35.5
20265,1.0,1243,2026-02-09T15:10,COMPLETA,1905.3604,1000.5,1000.5,18.0,147.0,1,0.08333333333333333,1,0,1,246,1362,1119.5967479674798,35.5
20265,1.0,1244,2026-02-09T15:20,SIN_DEMANDA,0,,,,,,,0,0,0,246,1362,1119.5967479674798,35.5
20265,1.0,1245,2026-02-09T15:30,SIN_DEMANDA,0,,,,,,,0,0,0,246,1362,1119.5967479674798,35.5
20265,1.0,1246,2026-02-09T15:40,SIN_DEMANDA,0,,,,,,,0,0,0,246,1362,1119.5967479674798,35.5
20265,1.0,1247,2026-02-09T15:50,SIN_DEMANDA,0,,,,,,,0,0,0,246,1362,1119.5967479674798,35.5
20265,1.0,1248,2026-02-09T16:00,SIN_DEMANDA,0,,,,,,,0,0,0,246,1362,1119.5967479674798,35.5
20265,1.0,1249,2026-02-09T16:10,SIN_DEMANDA,0,,,,,,,0,0,0,246,1362,1119.5967479674798,35.5
20265,1.0,1250,2026-02-09T16:20,COMPLETA,2122.1726,160.0,160.0,40.0,300.0,2,0.20833333333333334,1,0,2,248,1367,1121.2512096774196,35.5
20265,1.0,1251,2026-02-09T16:30,SIN_DEMANDA,0,,,,,,,0,0,0,250,1372,1120.1052000000002,35.5
20265,1.0,1252,2026-02-09T16:40,SIN_DEMANDA,0,,,,,,,0,0,0,250,1372,1120.1052000000002,35.5
20265,1.0,1253,2026-02-09T16:50,SIN_DEMANDA,0,,,,,,,0,0,0,250,1372,1120.1052000000002,35.5
20265,1.0,1254,2026-02-09T17:00,COMPLETA,1706.1853,995.4,995.4,18.0,103.2,1,0.5,1,0,1,250,1372,1120.1052000000002,35.5
20265,1.0,1255,2026-02-09T17:10,COMPLETA,1904.2484,381.5,381.5,84.0,246.0,2,0.125,1,0,2,250,1372,1120.1052000000002,35.5
20265,1.0,1256,2026-02-09T17:20,SIN_DEMANDA,0,,,,,,,0,0,0,250,1372,1120.1052000000002,35.5
20265,1.0,1257,2026-02-09T17:30,SIN_DEMANDA,0,,,,,,,0,0,0,250,1372,1120.1052000000002,35.5
20265,1.0,1258,2026-02-09T17:40,SIN_DEMANDA,0,,,,,,,0,0,0,251,1382,1116.280079681275,35.5
20265,1.0,1259,2026-02-09T17:50,SIN_DEMANDA,0,,,,,,,0,0,0,251,1382,1116.280079681275,35.5
20265,1.0,1260,2026-02-09T18:00,SIN_DEMANDA,0,,,,,,,0,0,0,251,1382,1116.280079681275,35.5
20265,1.0,1261,2026-02-09T18:10,SIN_DEMANDA,0,,,,,,,0,0,0,251,1382,1116.280079681275,35.5
20265,1.0,1262,2026-02-09T18:20,SIN_DEMANDA,0,,,,,,,0,0,0,251,1382,1116.280079681275,35.5
20265,1.0,1263,2026-02-09T18:30,COMPLETA,2450.6385,2077.0,2077.0,48.0,192.0,2,0.20833333333333334,1,0,2,252,1386,1115.800396825397,35.5
20265,1.0,1264,2026-02-09T18:40,SIN_DEMANDA,0,,,,,,,0,0,0,252,1386,1115.800396825397,35.5
20265,1.0,1265,2026-02-09T18:50,SIN_DEMANDA,0,,,,,,,0,0,0,253,1392,1112.8980237154153,35.5
20265,1.0,1266,2026-02-09T19:00,SIN_DEMANDA,0,,,,,,,0,0,0,253,1392,1112.8980237154153,35.5
20265,1.0,1267,2026-02-09T19:10,SIN_DEMANDA,0,,,,,,,0,0,0,253,1392,1112.8980237154153,35.5
20265,1.0,1268,2026-02-09T19:20,SIN_DEMANDA,0,,,,,,,0,0,0,253,1392,1112.8980237154153,35.5
20265,1.0,1269,2026-02-09T19:30,SIN_DEMANDA,0,,,,,,,0,0,0,253,1392,1112.8980237154153,35.5
20265,1.0,1270,2026-02-09T19:40,COMPLETA,1958.8516,136.0,136.0,96.0,264.0,2,0.14583333333333334,1,0,2,253,1392,1112.8980237154153,35.5
20265,1.0,1271,2026-02-09T19:50,COMPLETA,2007.7788,1216.6,375.0,82.0,273.6,2,0.34375,2,0,2,254,1402,1116.693700787402,35.5
20265,1.0,1272,2026-02-09T20:00,SIN_DEMANDA,0,,,,,,,0,0,0,254,1402,1116.693700787402,35.5
20265,1.0,1273,2026-02-09T20:10,SIN_DEMANDA,0,,,,,,,0,0,0,254,1402,1116.693700787402,35.5
20265,1.0,1274,2026-02-09T20:20,SIN_DEMANDA,0,,,,,,,0,0,0,254,1402,1116.693700787402,35.5
20265,1.0,1275,2026-02-09T20:30,SIN_DEMANDA,0,,,,,,,0,0,0,254,1402,1116.693700787402,35.5
20265,1.0,1276,2026-02-09T20:40,SIN_DEMANDA,0,,,,,,,0,0,0,254,1402,1116.693700787402,35.5
20265,1.0,1277,2026-02-09T20:50,SIN_DEMANDA,0,,,,,,,0,0,0,254,1402,1116.693700787402,35.5
20265,1.0,1278,2026-02-09T21:00,SIN_DEMANDA,0,,,,,,,0,0,0,254,1402,1116.693700787402,35.5
20265,1.0,1279,2026-02-09T21:10,SIN_DEMANDA,0,,,,,,,0,0,0,254,1402,1116.693700787402,35.5
20265,1.0,1280,2026-02-09T21:20,SIN_DEMANDA,0,,,,,,,0,0,0,255,1409,1112.8478431372553,35.5
20265,1.0,1281,2026-02-09T21:30,SIN_DEMANDA,0,,,,,,,0,0,0,256,1417,1109.9656250000003,35.5
20265,1.0,1282,2026-02-09T21:40,COMPLETA,2050.6966,1987.0,1987.0,88.0,372.0,2,0.125,1,0,0,257,1420,1113.6552529182882,35.5
20265,1.0,1283,2026-02-09T21:50,COMPLETA,1813.249,1987.0,1987.0,88.0,372.0,2,0.125,1,0,0,257,1420,1113.6552529182882,35.5
20265,1.0,1284,2026-02-09T22:00,COMPLETA,2149.8071,1987.0,1987.0,88.0,372.0,2,0.125,1,0,0,257,1420,1113.6552529182882,35.5
20265,1.0,1285,2026-02-09T22:10,COMPLETA,2477.3302,1470.0,953.0,100.0,510.0,3,0.1111111111111111,2,0,0,257,1420,1113.6552529182882,35.5
20265,1.0,1286,2026-02-09T22:20,COMPLETA,2564.1756,1470.0,953.0,100.0,510.0,3,0.1111111111111111,2,0,0,257,1420,1113.6552529182882,35.5
20265,1.0,1287,2026-02-09T22:30,COMPLETA,2902.7441,1303.1666666666667,953.0,134.0,801.0,5,0.15,3,0,0,257,1420,1113.6552529182882,35.5
20265,1.0,1288,2026-02-09T22:40,COMPLETA,2908.9062,1303.1666666666667,953.0,134.0,801.0,5,0.15,3,0,0,257,1420,1113.6552529182882,35.5
20265,1.0,1289,2026-02-09T22:50,COMPLETA,2821.3367,1303.1666666666667,953.0,134.0,801.0,5,0.15,3,0,0,257,1420,1113.6552529182882,35.5
20265,1.0,1290,2026-02-09T23:00,COMPLETA,2530.534,1303.1666666666667,953.0,134.0,801.0,5,0.15,3,0,5,257,1420,1113.6552529182882,35.5
20265,1.0,1291,2026-02-09T23:10,COMPLETA,3050.9856,571.0,155.5,72.0,348.0,2,0.16666666666666666,2,0,2,257,1420,1113.6552529182882,35.5
20265,1.0,1292,2026-02-09T23:20,SIN_DEMANDA,0,,,,,,,0,0,0,257,1420,1113.6552529182882,35.5
20265,1.0,1293,2026-02-09T23:30,SIN_DEMANDA,0,,,,,,,0,0,0,257,1420,1113.6552529182882,35.5
20265,1.0,1294,2026-02-09T23:40,SIN_DEMANDA,0,,,,,,,0,0,0,257,1420,1113.6552529182882,35.5
20265,1.0,1295,2026-02-09T23:50,SIN_DEMANDA,0,,,,,,,0,0,0,257,1420,1113.6552529182882,35.5
20265,1.0,1296,2026-02-10T00:00,SIN_DEMANDA,0,,,,,,,0,0,0,257,1420,1113.6552529182882,35.5
20265,1.0,1297,2026-02-10T00:10,SIN_DEMANDA,0,,,,,,,0,0,0,258,1422,1113.0325581395352,35.5
20265,1.0,1298,2026-02-10T00:20,COMPLETA,3220.7567,2026.0,2026.0,67.0,220.5,1,0.20833333333333334,1,0,1,259,1432,1112.4783783783787,35.5
20265,1.0,1299,2026-02-10T00:30,SIN_DEMANDA,0,,,,,,,0,0,0,259,1432,1112.4783783783787,35.5
20265,1.0,1300,2026-02-10T00:40,COMPLETA,2841.8594,2067.0,2067.0,36.0,174.0,1,0.375,1,0,1,261,1442,1112.16245210728,35.5
20265,1.0,1301,2026-02-10T00:50,SIN_DEMANDA,0,,,,,,,0,0,0,262,1446,1111.6828244274811,35.5
20265,1.0,1302,2026-02-10T01:00,SIN_DEMANDA,0,,,,,,,0,0,0,262,1446,1111.6828244274811,35.5
20265,1.0,1303,2026-02-10T01:10,SIN_DEMANDA,0,,,,,,,0,0,0,262,1446,1111.6828244274811,35.5
20265,1.0,1304,2026-02-10T01:20,SIN_DEMANDA,0,,,,,,,0,0,0,262,1446,1111.6828244274811,35.5
20265,1.0,1305,2026-02-10T01:30,SIN_DEMANDA,0,,,,,,,0,0,0,262,1446,1111.6828244274811,35.5
20265,1.0,1306,2026-02-10T01:40,SIN_DEMANDA,0,,,,,,,0,0,0,262,1446,1111.6828244274811,35.5
20265,1.0,1307,2026-02-10T01:50,SIN_DEMANDA,0,,,,,,,0,0,0,262,1446,1111.6828244274811,35.5
20265,1.0,1308,2026-02-10T02:00,SIN_DEMANDA,0,,,,,,,0,0,0,262,1446,1111.6828244274811,35.5
20265,1.0,1309,2026-02-10T02:10,SIN_DEMANDA,0,,,,,,,0,0,0,263,1455,1115.3152091254756,35.5
20265,1.0,1310,2026-02-10T02:20,COMPLETA,2408.8215,2088.0,2088.0,12.0,78.0,1,0.375,1,0,1,263,1455,1115.3152091254756,35.5
20265,1.0,1311,2026-02-10T02:30,SIN_DEMANDA,0,,,,,,,0,0,0,263,1455,1115.3152091254756,35.5
20265,1.0,1312,2026-02-10T02:40,SIN_DEMANDA,0,,,,,,,0,0,0,264,1460,1118.764772727273,35.5
20265,1.0,1313,2026-02-10T02:50,SIN_DEMANDA,0,,,,,,,0,0,0,264,1460,1118.764772727273,35.5
20265,1.0,1314,2026-02-10T03:00,SIN_DEMANDA,0,,,,,,,0,0,0,264,1460,1118.764772727273,35.5
20265,1.0,1315,2026-02-10T03:10,COMPLETA,2286.5074,372.0,372.0,104.0,276.0,2,0.16666666666666666,1,0,2,264,1460,1118.764772727273,35.5
20265,1.0,1316,2026-02-10T03:20,SIN_DEMANDA,0,,,,,,,0,0,0,264,1460,1118.764772727273,35.5
20265,1.0,1317,2026-02-10T03:30,SIN_DEMANDA,0,,,,,,,0,0,0,265,1469,1122.4222641509436,35.5
20265,1.0,1318,2026-02-10T03:40,SIN_DEMANDA,0,,,,,,,0,0,0,265,1469,1122.4222641509436,35.5
20265,1.0,1319,2026-02-10T03:50,COMPLETA,2908.1291,2091.5,2091.5,4.0,126.0,2,0.125,1,0,2,265,1469,1122.4222641509436,35.5
20265,1.0,1320,2026-02-10T04:00,SIN_DEMANDA,0,,,,,,,0,0,0,265,1469,1122.4222641509436,35.5
20265,1.0,1321,2026-02-10T04:10,COMPLETA,2384.2127,172.8,172.8,6.0,74.4,1,0.625,1,0,1,265,1469,1122.4222641509436,35.5
20265,1.0,1322,2026-02-10T04:20,SIN_DEMANDA,0,,,,,,,0,0,0,265,1469,1122.4222641509436,35.5
20265,1.0,1323,2026-02-10T04:30,SIN_DEMANDA,0,,,,,,,0,0,0,265,1469,1122.4222641509436,35.5
20265,1.0,1324,2026-02-10T04:40,SIN_DEMANDA,0,,,,,,,0,0,0,265,1469,1122.4222641509436,35.5
20265,1.0,1325,2026-02-10T04:50,COMPLETA,1927.8342,972.5,972.5,45.0,127.5,1,0.08333333333333333,1,0,1,266,1477,1119.6011278195492,35.5
20265,1.0,1326,2026-02-10T05:00,SIN_DEMANDA,0,,,,,,,0,0,0,267,1483,1123.241198501873,35.5
20265,1.0,1327,2026-02-10T05:10,SIN_DEMANDA,0,,,,,,,0,0,0,267,1483,1123.241198501873,35.5
20265,1.0,1328,2026-02-10T05:20,COMPLETA,1426.5152,978.5,978.5,34.0,111.0,1,0.16666666666666666,1,0,1,268,1488,1119.6947761194033,35.5
20265,1.0,1329,2026-02-10T05:30,SIN_DEMANDA,0,,,,,,,0,0,0,268,1488,1119.6947761194033,35.5
20265,1.0,1330,2026-02-10T05:40,COMPLETA,2747.7316,307.0,307.0,80.0,360.0,2,0.20833333333333334,1,0,0,268,1488,1119.6947761194033,35.5
20265,1.0,1331,2026-02-10T05:50,COMPLETA,2706.108,306.75,306.5,132.0,558.0,3,0.2777777777777778,2,0,0,268,1488,1119.6947761194033,35.5
20265,1.0,1332,2026-02-10T06:00,COMPLETA,3125.4978,869.3333333333334,289.0,252.0,1170.0,6,0.19642857142857142,3,0,0,268,1488,1119.6947761194033,35.5
20265,1.0,1333,2026-02-10T06:10,COMPLETA,3413.7822,869.3333333333334,289.0,252.0,1170.0,6,0.19642857142857142,3,0,0,268,1488,1119.6947761194033,35.5
20265,1.0,1334,2026-02-10T06:20,COMPLETA,3485.0882,869.3333333333334,289.0,252.0,1170.0,6,0.19642857142857142,3,0,0,268,1488,1119.6947761194033,35.5
20265,1.0,1335,2026-02-10T06:30,COMPLETA,4007.9098,869.3333333333334,289.0,252.0,1170.0,6,0.19642857142857142,3,0,0,268,1488,1119.6947761194033,35.5
20265,1.0,1336,2026-02-10T06:40,COMPLETA,3531.79,869.3333333333334,289.0,252.0,1170.0,6,0.19642857142857142,3,0,0,269,1490,1119.147583643123,35.5
20265,1.0,1337,2026-02-10T06:50,COMPLETA,2715.2295,869.3333333333334,289.0,252.0,1170.0,6,0.19642857142857142,3,0,0,269,1490,1119.147583643123,35.5
20265,1.0,1338,2026-02-10T07:00,COMPLETA,2680.1843,869.3333333333334,289.0,252.0,1170.0,6,0.19642857142857142,3,0,6,270,1494,1118.626666666667,35.5
20265,1.0,1339,2026-02-10T07:10,COMPLETA,2157.2341,144.0,144.0,96.0,384.0,2,0.20833333333333334,1,0,2,270,1494,1118.626666666667,35.5
20265,1.0,1340,2026-02-10T07:20,COMPLETA,2369.713,393.5,393.5,68.0,342.0,2,0.20833333333333334,1,0,2,270,1494,1118.626666666667,35.5
20265,1.0,1341,2026-02-10T07:30,SIN_DEMANDA,0,,,,,,,0,0,0,270,1494,1118.626666666667,35.5
20265,1.0,1342,2026-02-10T07:40,SIN_DEMANDA,0,,,,,,,0,0,0,270,1494,1118.626666666667,35.5
20265,1.0,1343,2026-02-10T07:50,SIN_DEMANDA,0,,,,,,,0,0,0,270,1494,1118.626666666667,35.5
20265,1.0,1344,2026-02-10T08:00,SIN_DEMANDA,0,,,,,,,0,0,0,270,1494,1118.626666666667,35.5
20265,1.0,1345,2026-02-10T08:10,SIN_DEMANDA,0,,,,,,,0,0,0,270,1494,1118.626666666667,35.5
20265,1.0,1346,2026-02-10T08:20,SIN_DEMANDA,0,,,,,,,0,0,0,270,1494,1118.626666666667,35.5
20265,1.0,1347,2026-02-10T08:30,COMPLETA,1908.7444,1000.0,1000.0,20.0,150.0,1,0.08333333333333333,1,0,1,271,1496,1121.9250922509227,35.5
20265,1.0,1348,2026-02-10T08:40,COMPLETA,2018.6328,1004.0,1004.0,20.0,150.0,1,0.125,1,0,1,272,1506,1118.9272058823533,35.5
20265,1.0,1349,2026-02-10T08:50,SIN_DEMANDA,0,,,,,,,0,0,0,275,1536,1109.726181818182,35.5
20265,1.0,1350,2026-02-10T09:00,SIN_DEMANDA,0,,,,,,,0,0,0,275,1536,1109.726181818182,35.5
20265,1.0,1351,2026-02-10T09:10,SIN_DEMANDA,0,,,,,,,0,0,0,275,1536,1109.726181818182,35.5
20265,1.0,1352,2026-02-10T09:20,SIN_DEMANDA,0,,,,,,,0,0,0,275,1536,1109.726181818182,35.5
20265,1.0,1353,2026-02-10T09:30,SIN_DEMANDA,0,,,,,,,0,0,0,275,1536,1109.726181818182,35.5
20265,1.0,1354,2026-02-10T09:40,SIN_DEMANDA,0,,,,,,,0,0,0,275,1536,1109.726181818182,35.5
20265,1.0,1355,2026-02-10T09:50,SIN_DEMANDA,0,,,,,,,0,0,0,276,1538,1109.328623188406,35.5
20265,1.0,1356,2026-02-10T10:00,SIN_DEMANDA,0,,,,,,,0,0,0,277,1541,1108.9483754512637,35.5
20265,1.0,1357,2026-02-10T10:10,SIN_DEMANDA,0,,,,,,,0,0,0,277,1541,1108.9483754512637,35.5
20265,1.0,1358,2026-02-10T10:20,SIN_DEMANDA,0,,,,,,,0,0,0,277,1541,1108.9483754512637,35.5
20265,1.0,1359,2026-02-10T10:30,SIN_DEMANDA,0,,,,,,,0,0,0,277,1541,1108.9483754512637,35.5
20265,1.0,1360,2026-02-10T10:40,SIN_DEMANDA,0,,,,,,,0,0,0,277,1541,1108.9483754512637,35.5
20265,1.0,1361,2026-02-10T10:50,SIN_DEMANDA,0,,,,,,,0,0,0,277,1541,1108.9483754512637,35.5
20265,1.0,1362,2026-02-10T11:00,SIN_DEMANDA,0,,,,,,,0,0,0,277,1541,1108.9483754512637,35.5
20265,1.0,1363,2026-02-10T11:10,SIN_DEMANDA,0,,,,,,,0,0,0,277,1541,1108.9483754512637,35.5
20265,1.0,1364,2026-02-10T11:20,SIN_DEMANDA,0,,,,,,,0,0,0,277,1541,1108.9483754512637,35.5
20265,1.0,1365,2026-02-10T11:30,SIN_DEMANDA,0,,,,,,,0,0,0,277,1541,1108.9483754512637,35.5
20265,1.0,1366,2026-02-10T11:40,SIN_DEMANDA,0,,,,,,,0,0,0,277,1541,1108.9483754512637,35.5
20265,1.0,1367,2026-02-10T11:50,SIN_DEMANDA,0,,,,,,,0,0,0,277,1541,1108.9483754512637,35.5
20265,1.0,1368,2026-02-10T12:00,SIN_DEMANDA,0,,,,,,,0,0,0,277,1541,1108.9483754512637,35.5
20265,1.0,1369,2026-02-10T12:10,SIN_DEMANDA,0,,,,,,,0,0,0,277,1541,1108.9483754512637,35.5
20265,1.0,1370,2026-02-10T12:20,SIN_DEMANDA,0,,,,,,,0,0,0,277,1541,1108.9483754512637,35.5
20265,1.0,1371,2026-02-10T12:30,COMPLETA,2492.6311,1002.5,1002.5,44.0,186.0,2,0.1875,1,0,2,277,1541,1108.9483754512637,35.5
20265,1.0,1372,2026-02-10T12:40,COMPLETA,1425.6617,404.5,404.5,18.0,87.0,1,0.041666666666666664,1,0,1,277,1541,1108.9483754512637,35.5
20265,1.0,1373,2026-02-10T12:50,SIN_DEMANDA,0,,,,,,,0,0,0,277,1541,1108.9483754512637,35.5
20265,1.0,1374,2026-02-10T13:00,SIN_DEMANDA,0,,,,,,,0,0,0,277,1541,1108.9483754512637,35.5
20265,1.0,1375,2026-02-10T13:10,SIN_DEMANDA,0,,,,,,,0,0,0,277,1541,1108.9483754512637,35.5
20265,1.0,1376,2026-02-10T13:20,SIN_DEMANDA,0,,,,,,,0,0,0,277,1541,1108.9483754512637,35.5
20265,1.0,1377,2026-02-10T13:30,COMPLETA,2297.6836,1971.0,1971.0,104.0,396.0,2,0.125,1,0,0,277,1541,1108.9483754512637,35.5
20265,1.0,1378,2026-02-10T13:40,COMPLETA,2304.9622,1971.0,1971.0,104.0,396.0,2,0.125,1,0,0,277,1541,1108.9483754512637,35.5
20265,1.0,1379,2026-02-10T13:50,COMPLETA,1754.433,1971.0,1971.0,104.0,396.0,2,0.125,1,0,0,278,1550,1108.5654676258996,35.5
20265,1.0,1380,2026-02-10T14:00,COMPLETA,2011.6223,1971.0,1971.0,104.0,396.0,2,0.125,1,0,0,279,1551,1106.0419354838712,35.5
20265,1.0,1381,2026-02-10T14:10,COMPLETA,2348.4948,1971.0,1971.0,104.0,396.0,2,0.125,1,0,0,279,1551,1106.0419354838712,35.5
20265,1.0,1382,2026-02-10T14:20,COMPLETA,2018.04,1971.0,1971.0,104.0,396.0,2,0.125,1,0,0,279,1551,1106.0419354838712,35.5
20265,1.0,1383,2026-02-10T14:30,COMPLETA,2371.0232,1971.0,1971.0,104.0,396.0,2,0.125,1,0,0,279,1551,1106.0419354838712,35.5
20265,1.0,1384,2026-02-10T14:40,COMPLETA,2317.517,1971.0,1971.0,104.0,396.0,2,0.125,1,0,0,279,1551,1106.0419354838712,35.5
20265,1.0,1385,2026-02-10T14:50,COMPLETA,2381.5202,1183.25,395.5,118.0,537.0,3,0.19444444444444445,2,0,0,279,1551,1106.0419354838712,35.5
20265,1.0,1386,2026-02-10T15:00,COMPLETA,3008.9309,996.6666666666666,395.5,118.0,657.0,4,0.1875,3,0,4,279,1551,1106.0419354838712,35.5
20265,1.0,1387,2026-02-10T15:10,SIN_DEMANDA,0,,,,,,,0,0,0,279,1551,1106.0419354838712,35.5
20265,1.0,1388,2026-02-10T15:20,SIN_DEMANDA,0,,,,,,,0,0,0,279,1551,1106.0419354838712,35.5
20265,1.0,1389,2026-02-10T15:30,SIN_DEMANDA,0,,,,,,,0,0,0,279,1551,1106.0419354838712,35.5
20265,1.0,1390,2026-02-10T15:40,SIN_DEMANDA,0,,,,,,,0,0,0,279,1551,1106.0419354838712,35.5
20265,1.0,1391,2026-02-10T15:50,COMPLETA,2485.1281,145.5,145.5,84.0,366.0,2,0.14583333333333334,1,0,2,279,1551,1106.0419354838712,35.5
20265,1.0,1392,2026-02-10T16:00,SIN_DEMANDA,0,,,,,,,0,0,0,279,1551,1106.0419354838712,35.5
20265,1.0,1393,2026-02-10T16:10,COMPLETA,2240.3466,2047.5,2047.5,62.0,213.0,1,0.125,1,0,1,279,1551,1106.0419354838712,35.5
20265,1.0,1394,2026-02-10T16:20,SIN_DEMANDA,0,,,,,,,0,0,0,280,1559,1103.504285714286,35.5
20265,1.0,1395,2026-02-10T16:30,SIN_DEMANDA,0,,,,,,,0,0,0,281,1563,1101.796085409253,35.5
20265,1.0,1396,2026-02-10T16:40,SIN_DEMANDA,0,,,,,,,0,0,0,282,1569,1104.8783687943264,35.5
20265,1.0,1397,2026-02-10T16:50,SIN_DEMANDA,0,,,,,,,0,0,0,282,1569,1104.8783687943264,35.5
20265,1.0,1398,2026-02-10T17:00,SIN_DEMANDA,0,,,,,,,0,0,0,282,1569,1104.8783687943264,35.5
20265,1.0,1399,2026-02-10T17:10,SIN_DEMANDA,0,,,,,,,0,0,0,282,1569,1104.8783687943264,35.5
20265,1.0,1400,2026-02-10T17:20,COMPLETA,2044.9739,2062.0,2062.0,40.0,120.0,1,0.3333333333333333,1,0,1,282,1569,1104.8783687943264,35.5
20265,1.0,1401,2026-02-10T17:30,COMPLETA,2247.2422,2058.3,2049.0,78.0,256.8,2,0.25,2,0,2,283,1576,1101.4883392226152,35.5
20265,1.0,1402,2026-02-10T17:40,SIN_DEMANDA,0,,,,,,,0,0,0,283,1576,1101.4883392226152,35.5
20265,1.0,1403,2026-02-10T17:50,SIN_DEMANDA,0,,,,,,,0,0,0,283,1576,1101.4883392226152,35.5
20265,1.0,1404,2026-02-10T18:00,SIN_DEMANDA,0,,,,,,,0,0,0,284,1579,1104.8193661971834,35.5
20265,1.0,1405,2026-02-10T18:10,COMPLETA,1583.6713,2068.0,2068.0,32.0,108.0,1,0.08333333333333333,1,0,1,284,1579,1104.8193661971834,35.5
20265,1.0,1406,2026-02-10T18:20,SIN_DEMANDA,0,,,,,,,0,0,0,284,1579,1104.8193661971834,35.5
20265,1.0,1407,2026-02-10T18:30,SIN_DEMANDA,0,,,,,,,0,0,0,284,1579,1104.8193661971834,35.5
20265,1.0,1408,2026-02-10T18:40,SIN_DEMANDA,0,,,,,,,0,0,0,284,1579,1104.8193661971834,35.5
20265,1.0,1409,2026-02-10T18:50,SIN_DEMANDA,0,,,,,,,0,0,0,285,1587,1108.1778947368423,35.5
20265,1.0,1410,2026-02-10T19:00,SIN_DEMANDA,0,,,,,,,0,0,0,286,1591,1111.5325174825177,35.5
20265,1.0,1411,2026-02-10T19:10,SIN_DEMANDA,0,,,,,,,0,0,0,286,1591,1111.5325174825177,35.5
20265,1.0,1412,2026-02-10T19:20,SIN_DEMANDA,0,,,,,,,0,0,0,287,1595,1114.7989547038328,35.5
20265,1.0,1413,2026-02-10T19:30,SIN_DEMANDA,0,,,,,,,0,0,0,287,1595,1114.7989547038328,35.5
20265,1.0,1414,2026-02-10T19:40,SIN_DEMANDA,0,,,,,,,0,0,0,287,1595,1114.7989547038328,35.5
20265,1.0,1415,2026-02-10T19:50,SIN_DEMANDA,0,,,,,,,0,0,0,288,1597,1118.1086805555558,35.5
20265,1.0,1416,2026-02-10T20:00,SIN_DEMANDA,0,,,,,,,0,0,0,288,1597,1118.1086805555558,35.5
20265,1.0,1417,2026-02-10T20:10,SIN_DEMANDA,0,,,,,,,0,0,0,288,1597,1118.1086805555558,35.5
20265,1.0,1418,2026-02-10T20:20,SIN_DEMANDA,0,,,,,,,0,0,0,288,1597,1118.1086805555558,35.5
20265,1.0,1419,2026-02-10T20:30,SIN_DEMANDA,0,,,,,,,0,0,0,288,1597,1118.1086805555558,35.5
20265,1.0,1420,2026-02-10T20:40,SIN_DEMANDA,0,,,,,,,0,0,0,288,1597,1118.1086805555558,35.5
20265,1.0,1421,2026-02-10T20:50,SIN_DEMANDA,0,,,,,,,0,0,0,288,1597,1118.1086805555558,35.5
20265,1.0,1422,2026-02-10T21:00,SIN_DEMANDA,0,,,,,,,0,0,0,288,1597,1118.1086805555558,35.5
20265,1.0,1423,2026-02-10T21:10,SIN_DEMANDA,0,,,,,,,0,0,0,288,1597,1118.1086805555558,35.5
20265,1.0,1424,2026-02-10T21:20,SIN_DEMANDA,0,,,,,,,0,0,0,288,1597,1118.1086805555558,35.5
20265,1.0,1425,2026-02-10T21:30,SIN_DEMANDA,0,,,,,,,0,0,0,288,1597,1118.1086805555558,35.5
20265,1.0,1426,2026-02-10T21:40,SIN_DEMANDA,0,,,,,,,0,0,0,288,1597,1118.1086805555558,35.5
20265,1.0,1427,2026-02-10T21:50,SIN_DEMANDA,0,,,,,,,0,0,0,288,1597,1118.1086805555558,35.5
20265,1.0,1428,2026-02-10T22:00,SIN_DEMANDA,0,,,,,,,0,0,0,288,1597,1118.1086805555558,35.5
20265,1.0,1429,2026-02-10T22:10,SIN_DEMANDA,0,,,,,,,0,0,0,288,1597,1118.1086805555558,35.5
20265,1.0,1430,2026-02-10T22:20,SIN_DEMANDA,0,,,,,,,0,0,0,288,1597,1118.1086805555558,35.5
20265,1.0,1431,2026-02-10T22:30,SIN_DEMANDA,0,,,,,,,0,0,0,288,1597,1118.1086805555558,35.5
20265,1.0,1432,2026-02-10T22:40,COMPLETA,1912.0277,351.0,351.0,60.0,210.0,1,0.20833333333333334,1,0,0,288,1597,1118.1086805555558,35.5
20265,1.0,1433,2026-02-10T22:50,COMPLETA,1919.9296,351.0,351.0,60.0,210.0,1,0.20833333333333334,1,0,0,288,1597,1118.1086805555558,35.5
20265,1.0,1434,2026-02-10T23:00,COMPLETA,2003.1176,351.0,351.0,60.0,210.0,1,0.20833333333333334,1,0,1,288,1597,1118.1086805555558,35.5
20265,1.0,1435,2026-02-10T23:10,COMPLETA,1156.0797,153.5,153.5,34.0,171.0,1,0.16666666666666666,1,0,1,288,1597,1118.1086805555558,35.5
20265,1.0,1436,2026-02-10T23:20,SIN_DEMANDA,0,,,,,,,0,0,0,288,1597,1118.1086805555558,35.5
20265,1.0,1437,2026-02-10T23:30,SIN_DEMANDA,0,,,,,,,0,0,0,288,1597,1118.1086805555558,35.5
20265,1.0,1438,2026-02-10T23:40,COMPLETA,2123.7754,2082.5,2082.5,14.0,141.0,1,0.3333333333333333,1,0,1,288,1597,1118.1086805555558,35.5
20265,1.0,1439,2026-02-10T23:50,SIN_DEMANDA,0,,,,,,,0,0,0,288,1597,1118.1086805555558,35.5
20265,1.0,1440,2026-02-11T00:00,SIN_DEMANDA,0,,,,,,,0,0,0,288,1597,1118.1086805555558,35.5
20265,1.0,1441,2026-02-11T00:10,COMPLETA,1167.4767,624.5,624.5,38.0,177.0,1,0.125,1,0,1,288,1597,1118.1086805555558,35.5
20265,1.0,1442,2026-02-11T00:20,SIN_DEMANDA,0,,,,,,,0,0,0,288,1597,1118.1086805555558,35.5
20265,1.0,1443,2026-02-11T00:30,COMPLETA,2048.2758,2078.5,2078.5,44.0,306.0,2,0.1875,1,0,2,288,1597,1118.1086805555558,35.5
20265,1.0,1444,2026-02-11T00:40,SIN_DEMANDA,0,,,,,,,0,0,0,289,1601,1114.7709342560556,35.5
20265,1.0,1445,2026-02-11T00:50,SIN_DEMANDA,0,,,,,,,0,0,0,290,1606,1112.1372413793106,35.5
20265,1.0,1446,2026-02-11T01:00,COMPLETA,1919.3262,2047.0,2047.0,68.0,162.0,1,0.375,1,0,1,291,1614,1115.471821305842,35.5
20265,1.0,1447,2026-02-11T01:10,SIN_DEMANDA,0,,,,,,,0,0,0,291,1614,1115.471821305842,35.5
20265,1.0,1448,2026-02-11T01:20,SIN_DEMANDA,0,,,,,,,0,0,0,291,1614,1115.471821305842,35.5
20265,1.0,1449,2026-02-11T01:30,SIN_DEMANDA,0,,,,,,,0,0,0,291,1614,1115.471821305842,35.5
20265,1.0,1450,2026-02-11T01:40,SIN_DEMANDA,0,,,,,,,0,0,0,292,1617,1113.7904109589042,35.5
20265,1.0,1451,2026-02-11T01:50,COMPLETA,1177.8512,131.2,131.2,34.0,141.6,1,0.125,1,0,1,293,1626,1117.0829351535838,35.5
20265,1.0,1452,2026-02-11T02:00,COMPLETA,1360.4447,2076.5,2076.5,26.0,99.0,1,0.041666666666666664,1,0,1,293,1626,1117.0829351535838,35.5
20265,1.0,1453,2026-02-11T02:10,COMPLETA,1333.7969,2073.5,2073.5,34.0,111.0,1,0.08333333333333333,1,0,1,293,1626,1117.0829351535838,35.5
20265,1.0,1454,2026-02-11T02:20,SIN_DEMANDA,0,,,,,,,0,0,0,293,1626,1117.0829351535838,35.5
20265,1.0,1455,2026-02-11T02:30,SIN_DEMANDA,0,,,,,,,0,0,0,293,1626,1117.0829351535838,35.5
20265,1.0,1456,2026-02-11T02:40,SIN_DEMANDA,0,,,,,,,0,0,0,293,1626,1117.0829351535838,35.5
20265,1.0,1457,2026-02-11T02:50,SIN_DEMANDA,0,,,,,,,0,0,0,293,1626,1117.0829351535838,35.5
20265,1.0,1458,2026-02-11T03:00,SIN_DEMANDA,0,,,,,,,0,0,0,294,1635,1120.245918367347,35.5
20265,1.0,1459,2026-02-11T03:10,SIN_DEMANDA,0,,,,,,,0,0,0,294,1635,1120.245918367347,35.5
20265,1.0,1460,2026-02-11T03:20,SIN_DEMANDA,0,,,,,,,0,0,0,295,1636,1123.4874576271188,35.5
20265,1.0,1461,2026-02-11T03:30,SIN_DEMANDA,0,,,,,,,0,0,0,295,1636,1123.4874576271188,35.5
20265,1.0,1462,2026-02-11T03:40,SIN_DEMANDA,0,,,,,,,0,0,0,297,1639,1123.345117845118,35.5
20265,1.0,1463,2026-02-11T03:50,COMPLETA,2013.3949,363.0,363.0,144.0,336.0,2,0.125,1,0,2,297,1639,1123.345117845118,35.5
20265,1.0,1464,2026-02-11T04:00,SIN_DEMANDA,0,,,,,,,0,0,0,297,1639,1123.345117845118,35.5
20265,1.0,1465,2026-02-11T04:10,SIN_DEMANDA,0,,,,,,,0,0,0,297,1639,1123.345117845118,35.5
20265,1.0,1466,2026-02-11T04:20,SIN_DEMANDA,0,,,,,,,0,0,0,297,1639,1123.345117845118,35.5
20265,1.0,1467,2026-02-11T04:30,SIN_DEMANDA,0,,,,,,,0,0,0,297,1639,1123.345117845118,35.5
20265,1.0,1468,2026-02-11T04:40,SIN_DEMANDA,0,,,,,,,0,0,0,297,1639,1123.345117845118,35.5
20265,1.0,1469,2026-02-11T04:50,COMPLETA,1817.0622,2081.0,2081.0,24.0,96.0,1,0.08333333333333333,1,0,1,297,1639,1123.345117845118,35.5
20265,1.0,1470,2026-02-11T05:00,SIN_DEMANDA,0,,,,,,,0,0,0,297,1639,1123.345117845118,35.5
20265,1.0,1471,2026-02-11T05:10,SIN_DEMANDA,0,,,,,,,0,0,0,297,1639,1123.345117845118,35.5
20265,1.0,1472,2026-02-11T05:20,SIN_DEMANDA,0,,,,,,,0,0,0,297,1639,1123.345117845118,35.5
20265,1.0,1473,2026-02-11T05:30,SIN_DEMANDA,0,,,,,,,0,0,0,297,1639,1123.345117845118,35.5
20265,1.0,1474,2026-02-11T05:40,SIN_DEMANDA,0,,,,,,,0,0,0,297,1639,1123.345117845118,35.5
20265,1.0,1475,2026-02-11T05:50,SIN_DEMANDA,0,,,,,,,0,0,0,298,1645,1120.793624161074,35.5
20265,1.0,1476,2026-02-11T06:00,COMPLETA,1349.778,85.5,85.5,42.0,183.0,1,0.125,1,0,0,298,1645,1120.793624161074,35.5
20265,1.0,1477,2026-02-11T06:10,COMPLETA,1218.5857,85.5,85.5,42.0,183.0,1,0.125,1,0,0,299,1647,1124.0050167224083,35.5
20265,1.0,1478,2026-02-11T06:20,COMPLETA,1423.1301,85.5,85.5,42.0,183.0,1,0.125,1,0,0,299,1647,1124.0050167224083,35.5
20265,1.0,1479,2026-02-11T06:30,COMPLETA,1342.7909,85.5,85.5,42.0,183.0,1,0.125,1,0,0,299,1647,1124.0050167224083,35.5
20265,1.0,1480,2026-02-11T06:40,COMPLETA,1204.2405,85.5,85.5,42.0,183.0,1,0.125,1,0,0,299,1647,1124.0050167224083,35.5
20265,1.0,1481,2026-02-11T06:50,COMPLETA,2179.8217,225.75,85.5,138.0,567.0,3,0.16666666666666666,2,0,0,299,1647,1124.0050167224083,35.5
20265,1.0,1482,2026-02-11T07:00,COMPLETA,2121.1665,225.75,85.5,138.0,567.0,3,0.16666666666666666,2,0,3,299,1647,1124.0050167224083,35.5
20265,1.0,1483,2026-02-11T07:10,SIN_DEMANDA,0,,,,,,,0,0,0,299,1647,1124.0050167224083,35.5
20265,1.0,1484,2026-02-11T07:20,SIN_DEMANDA,0,,,,,,,0,0,0,299,1647,1124.0050167224083,35.5
20265,1.0,1485,2026-02-11T07:30,SIN_DEMANDA,0,,,,,,,0,0,0,299,1647,1124.0050167224083,35.5
20265,1.0,1486,2026-02-11T07:40,SIN_DEMANDA,0,,,,,,,0,0,0,299,1647,1124.0050167224083,35.5
20265,1.0,1487,2026-02-11T07:50,SIN_DEMANDA,0,,,,,,,0,0,0,299,1647,1124.0050167224083,35.5
20265,1.0,1488,2026-02-11T08:00,SIN_DEMANDA,0,,,,,,,0,0,0,299,1647,1124.0050167224083,35.5
20265,1.0,1489,2026-02-11T08:10,SIN_DEMANDA,0,,,,,,,0,0,0,299,1647,1124.0050167224083,35.5
20265,1.0,1490,2026-02-11T08:20,COMPLETA,2400.7317,1527.5,994.5,81.0,361.5,2,0.16666666666666666,2,0,2,299,1647,1124.0050167224083,35.5
20265,1.0,1491,2026-02-11T08:30,SIN_DEMANDA,0,,,,,,,0,0,0,299,1647,1124.0050167224083,35.5
20265,1.0,1492,2026-02-11T08:40,SIN_DEMANDA,0,,,,,,,0,0,0,301,1659,1118.0365448504986,35.5
20265,1.0,1493,2026-02-11T08:50,SIN_DEMANDA,0,,,,,,,0,0,0,301,1659,1118.0365448504986,35.5
20265,1.0,1494,2026-02-11T09:00,SIN_DEMANDA,0,,,,,,,0,0,0,301,1659,1118.0365448504986,35.5
20265,1.0,1495,2026-02-11T09:10,SIN_DEMANDA,0,,,,,,,0,0,0,301,1659,1118.0365448504986,35.5
20265,1.0,1496,2026-02-11T09:20,SIN_DEMANDA,0,,,,,,,0,0,0,301,1659,1118.0365448504986,35.5
20265,1.0,1497,2026-02-11T09:30,SIN_DEMANDA,0,,,,,,,0,0,0,301,1659,1118.0365448504986,35.5
20265,1.0,1498,2026-02-11T09:40,SIN_DEMANDA,0,,,,,,,0,0,0,301,1659,1118.0365448504986,35.5
20265,1.0,1499,2026-02-11T09:50,SIN_DEMANDA,0,,,,,,,0,0,0,302,1662,1117.6274834437088,35.5
20265,1.0,1500,2026-02-11T10:00,SIN_DEMANDA,0,,,,,,,0,0,0,303,1667,1120.739273927393,35.5
20265,1.0,1501,2026-02-11T10:10,COMPLETA,2165.1282,618.0,618.0,52.0,138.0,1,0.4166666666666667,1,0,1,303,1667,1120.739273927393,35.5
20265,1.0,1502,2026-02-11T10:20,COMPLETA,2157.8415,608.5,608.5,159.0,421.5,3,0.125,1,0,3,303,1667,1120.739273927393,35.5
20265,1.0,1503,2026-02-11T10:30,COMPLETA,2134.4,125.4,125.4,56.0,254.4,2,0.375,1,0,2,303,1667,1120.739273927393,35.5
20265,1.0,1504,2026-02-11T10:40,SIN_DEMANDA,0,,,,,,,0,0,0,303,1667,1120.739273927393,35.5
20265,1.0,1505,2026-02-11T10:50,SIN_DEMANDA,0,,,,,,,0,0,0,303,1667,1120.739273927393,35.5
20265,1.0,1506,2026-02-11T11:00,SIN_DEMANDA,0,,,,,,,0,0,0,303,1667,1120.739273927393,35.5
20265,1.0,1507,2026-02-11T11:10,SIN_DEMANDA,0,,,,,,,0,0,0,303,1667,1120.739273927393,35.5
20265,1.0,1508,2026-02-11T11:20,SIN_DEMANDA,0,,,,,,,0,0,0,303,1667,1120.739273927393,35.5
20265,1.0,1509,2026-02-11T11:30,SIN_DEMANDA,0,,,,,,,0,0,0,303,1667,1120.739273927393,35.5
20265,1.0,1510,2026-02-11T11:40,SIN_DEMANDA,0,,,,,,,0,0,0,303,1667,1120.739273927393,35.5
20265,1.0,1511,2026-02-11T11:50,SIN_DEMANDA,0,,,,,,,0,0,0,304,1677,1119.0855263157896,35.5
20265,1.0,1512,2026-02-11T12:00,SIN_DEMANDA,0,,,,,,,0,0,0,304,1677,1119.0855263157896,35.5
20265,1.0,1513,2026-02-11T12:10,SIN_DEMANDA,0,,,,,,,0,0,0,305,1686,1117.4114754098362,35.5
20265,1.0,1514,2026-02-11T12:20,SIN_DEMANDA,0,,,,,,,0,0,0,306,1692,1114.1696078431376,35.5
20265,1.0,1515,2026-02-11T12:30,SIN_DEMANDA,0,,,,,,,0,0,0,306,1692,1114.1696078431376,35.5
20265,1.0,1516,2026-02-11T12:40,SIN_DEMANDA,0,,,,,,,0,0,0,306,1692,1114.1696078431376,35.5
20265,1.0,1517,2026-02-11T12:50,SIN_DEMANDA,0,,,,,,,0,0,0,306,1692,1114.1696078431376,35.5
20265,1.0,1518,2026-02-11T13:00,COMPLETA,1653.525,2054.0,2054.0,60.0,150.0,1,0.08333333333333333,1,0,1,306,1692,1114.1696078431376,35.5
20265,1.0,1519,2026-02-11T13:10,COMPLETA,2024.0864,2085.5,2085.5,18.0,87.0,1,0.041666666666666664,1,0,1,306,1692,1114.1696078431376,35.5
20265,1.0,1520,2026-02-11T13:20,COMPLETA,1880.3522,2060.5,2060.5,42.0,123.0,1,0.08333333333333333,1,0,1,306,1692,1114.1696078431376,35.5
20265,1.0,1521,2026-02-11T13:30,SIN_DEMANDA,0,,,,,,,0,0,0,306,1692,1114.1696078431376,35.5
20265,1.0,1522,2026-02-11T13:40,COMPLETA,3280.965,1430.25,878.0,147.0,580.5,3,0.25,2,0,0,306,1692,1114.1696078431376,35.5
20265,1.0,1523,2026-02-11T13:50,COMPLETA,3215.5069,1430.25,878.0,147.0,580.5,3,0.25,2,0,0,306,1692,1114.1696078431376,35.5
20265,1.0,1524,2026-02-11T14:00,COMPLETA,3272.2694,1430.25,878.0,147.0,580.5,3,0.25,2,0,0,306,1692,1114.1696078431376,35.5
20265,1.0,1525,2026-02-11T14:10,COMPLETA,3568.5515,1267.8333333333333,878.0,145.0,577.5,3,0.3472222222222222,3,0,0,306,1692,1114.1696078431376,35.5
20265,1.0,1526,2026-02-11T14:20,COMPLETA,3373.2725,1267.8333333333333,878.0,145.0,577.5,3,0.3472222222222222,3,0,0,306,1692,1114.1696078431376,35.5
20265,1.0,1527,2026-02-11T14:30,COMPLETA,3282.7599,1267.8333333333333,878.0,145.0,577.5,3,0.3472222222222222,3,0,0,307,1693,1117.3335504885997,35.5
20265,1.0,1528,2026-02-11T14:40,COMPLETA,3590.7456,1267.8333333333333,878.0,145.0,577.5,3,0.3472222222222222,3,0,0,307,1693,1117.3335504885997,35.5
20265,1.0,1529,2026-02-11T14:50,COMPLETA,3554.1591,1267.8333333333333,878.0,145.0,577.5,3,0.3472222222222222,3,0,0,308,1695,1120.3746753246755,35.5
20265,1.0,1530,2026-02-11T15:00,COMPLETA,3590.6129,1267.8333333333333,878.0,145.0,577.5,3,0.3472222222222222,3,0,3,309,1697,1123.41715210356,35.5
20265,1.0,1531,2026-02-11T15:10,SIN_DEMANDA,0,,,,,,,0,0,0,309,1697,1123.41715210356,35.5
20265,1.0,1532,2026-02-11T15:20,SIN_DEMANDA,0,,,,,,,0,0,0,309,1697,1123.41715210356,35.5
20265,1.0,1533,2026-02-11T15:30,SIN_DEMANDA,0,,,,,,,0,0,0,309,1697,1123.41715210356,35.5
20265,1.0,1534,2026-02-11T15:40,SIN_DEMANDA,0,,,,,,,0,0,0,309,1697,1123.41715210356,35.5
20265,1.0,1535,2026-02-11T15:50,SIN_DEMANDA,0,,,,,,,0,0,0,309,1697,1123.41715210356,35.5
20265,1.0,1536,2026-02-11T16:00,SIN_DEMANDA,0,,,,,,,0,0,0,309,1697,1123.41715210356,35.5
20265,1.0,1537,2026-02-11T16:10,SIN_DEMANDA,0,,,,,,,0,0,0,309,1697,1123.41715210356,35.5
20265,1.0,1538,2026-02-11T16:20,SIN_DEMANDA,0,,,,,,,0,0,0,309,1697,1123.41715210356,35.5
20265,1.0,1539,2026-02-11T16:30,SIN_DEMANDA,0,,,,,,,0,0,0,311,1714,1125.5993569131836,35.5
20265,1.0,1540,2026-02-11T16:40,SIN_DEMANDA,0,,,,,,,0,0,0,311,1714,1125.5993569131836,35.5
20265,1.0,1541,2026-02-11T16:50,COMPLETA,2207.2233,989.5,989.5,34.0,171.0,1,0.25,1,0,1,311,1714,1125.5993569131836,35.5
20265,1.0,1542,2026-02-11T17:00,SIN_DEMANDA,0,,,,,,,0,0,0,312,1722,1124.8057692307696,35.5
20265,1.0,1543,2026-02-11T17:10,SIN_DEMANDA,0,,,,,,,0,0,0,312,1722,1124.8057692307696,35.5
20265,1.0,1544,2026-02-11T17:20,COMPLETA,2628.3689,2054.0,2054.0,168.0,432.0,3,0.125,1,0,3,312,1722,1124.8057692307696,35.5
20265,1.0,1545,2026-02-11T17:30,SIN_DEMANDA,0,,,,,,,0,0,0,312,1722,1124.8057692307696,35.5
20265,1.0,1546,2026-02-11T17:40,SIN_DEMANDA,0,,,,,,,0,0,0,312,1722,1124.8057692307696,35.5
20265,1.0,1547,2026-02-11T17:50,SIN_DEMANDA,0,,,,,,,0,0,0,312,1722,1124.8057692307696,35.5
20265,1.0,1548,2026-02-11T18:00,SIN_DEMANDA,0,,,,,,,0,0,0,312,1722,1124.8057692307696,35.5
20265,1.0,1549,2026-02-11T18:10,COMPLETA,2255.081,977.5,977.5,54.0,141.0,1,0.4166666666666667,1,0,1,312,1722,1124.8057692307696,35.5
20265,1.0,1550,2026-02-11T18:20,COMPLETA,2365.5287,1526.0,993.0,72.0,228.0,2,0.1875,2,0,2,313,1728,1124.3734824281153,35.5
20265,1.0,1551,2026-02-11T18:30,SIN_DEMANDA,0,,,,,,,0,0,0,313,1728,1124.3734824281153,35.5
20265,1.0,1552,2026-02-11T18:40,SIN_DEMANDA,0,,,,,,,0,0,0,313,1728,1124.3734824281153,35.5
20265,1.0,1553,2026-02-11T18:50,COMPLETA,1386.0031,617.5,617.5,46.0,129.0,1,0.08333333333333333,1,0,1,313,1728,1124.3734824281153,35.5
20265,1.0,1554,2026-02-11T19:00,SIN_DEMANDA,0,,,,,,,0,0,0,313,1728,1124.3734824281153,35.5
20265,1.0,1555,2026-02-11T19:10,SIN_DEMANDA,0,,,,,,,0,0,0,314,1737,1127.3340764331213,35.5
20265,1.0,1556,2026-02-11T19:20,SIN_DEMANDA,0,,,,,,,0,0,0,314,1737,1127.3340764331213,35.5
20265,1.0,1557,2026-02-11T19:30,SIN_DEMANDA,0,,,,,,,0,0,0,314,1737,1127.3340764331213,35.5
20265,1.0,1558,2026-02-11T19:40,SIN_DEMANDA,0,,,,,,,0,0,0,315,1740,1126.9076190476194,35.5
20265,1.0,1559,2026-02-11T19:50,SIN_DEMANDA,0,,,,,,,0,0,0,315,1740,1126.9076190476194,35.5
20265,1.0,1560,2026-02-11T20:00,COMPLETA,1841.4859,2063.0,2063.0,48.0,132.0,1,0.16666666666666666,1,0,1,317,1756,1129.3766561514199,35.5
20265,1.0,1561,2026-02-11T20:10,SIN_DEMANDA,0,,,,,,,0,0,0,317,1756,1129.3766561514199,35.5
20265,1.0,1562,2026-02-11T20:20,SIN_DEMANDA,0,,,,,,,0,0,0,317,1756,1129.3766561514199,35.5
20265,1.0,1563,2026-02-11T20:30,SIN_DEMANDA,0,,,,,,,0,0,0,318,1758,1127.7669811320757,35.5
20265,1.0,1564,2026-02-11T20:40,SIN_DEMANDA,0,,,,,,,0,0,0,318,1758,1127.7669811320757,35.5
20265,1.0,1565,2026-02-11T20:50,SIN_DEMANDA,0,,,,,,,0,0,0,318,1758,1127.7669811320757,35.5
20265,1.0,1566,2026-02-11T21:00,COMPLETA,1497.9465,166.5,166.5,14.0,81.0,1,0.16666666666666666,1,0,1,318,1758,1127.7669811320757,35.5
20265,1.0,1567,2026-02-11T21:10,SIN_DEMANDA,0,,,,,,,0,0,0,318,1758,1127.7669811320757,35.5
20265,1.0,1568,2026-02-11T21:20,COMPLETA,1407.1418,1005.0,1005.0,20.0,90.0,1,0.125,1,0,1,318,1758,1127.7669811320757,35.5
20265,1.0,1569,2026-02-11T21:30,SIN_DEMANDA,0,,,,,,,0,0,0,318,1758,1127.7669811320757,35.5
20265,1.0,1570,2026-02-11T21:40,SIN_DEMANDA,0,,,,,,,0,0,0,319,1762,1130.6987460815049,35.5
20265,1.0,1571,2026-02-11T21:50,SIN_DEMANDA,0,,,,,,,0,0,0,319,1762,1130.6987460815049,35.5
20265,1.0,1572,2026-02-11T22:00,SIN_DEMANDA,0,,,,,,,0,0,0,319,1762,1130.6987460815049,35.5
20265,1.0,1573,2026-02-11T22:10,COMPLETA,2367.6709,1470.5,912.5,84.0,366.0,2,0.20833333333333334,2,0,0,319,1762,1130.6987460815049,35.5
20265,1.0,1574,2026-02-11T22:20,COMPLETA,2229.0284,1021.8333333333334,124.5,164.0,726.0,4,0.13541666666666666,3,0,0,320,1766,1127.6856250000003,35.5
20265,1.0,1575,2026-02-11T22:30,COMPLETA,2643.4936,1021.8333333333334,124.5,164.0,726.0,4,0.13541666666666666,3,0,0,320,1766,1127.6856250000003,35.5
20265,1.0,1576,2026-02-11T22:40,COMPLETA,2636.3098,1021.8333333333334,124.5,164.0,726.0,4,0.13541666666666666,3,0,0,321,1769,1127.3034267912776,35.5
20265,1.0,1577,2026-02-11T22:50,COMPLETA,2713.5898,1021.8333333333334,124.5,164.0,726.0,4,0.13541666666666666,3,0,0,321,1769,1127.3034267912776,35.5
20265,1.0,1578,2026-02-11T23:00,COMPLETA,2646.727,1021.8333333333334,124.5,164.0,726.0,4,0.13541666666666666,3,0,4,321,1769,1127.3034267912776,35.5
20265,1.0,1579,2026-02-11T23:10,SIN_DEMANDA,0,,,,,,,0,0,0,321,1769,1127.3034267912776,35.5
20265,1.0,1580,2026-02-11T23:20,SIN_DEMANDA,0,,,,,,,0,0,0,321,1769,1127.3034267912776,35.5
20265,1.0,1581,2026-02-11T23:30,SIN_DEMANDA,0,,,,,,,0,0,0,321,1769,1127.3034267912776,35.5
20265,1.0,1582,2026-02-11T23:40,SIN_DEMANDA,0,,,,,,,0,0,0,321,1769,1127.3034267912776,35.5
20265,1.0,1583,2026-02-11T23:50,SIN_DEMANDA,0,,,,,,,0,0,0,321,1769,1127.3034267912776,35.5
20265,1.0,1584,2026-02-12T00:00,SIN_DEMANDA,0,,,,,,,0,0,0,321,1769,1127.3034267912776,35.5
20265,1.0,1585,2026-02-12T00:10,SIN_DEMANDA,0,,,,,,,0,0,0,321,1769,1127.3034267912776,35.5
20265,1.0,1586,2026-02-12T00:20,SIN_DEMANDA,0,,,,,,,0,0,0,323,1775,1126.9888544891644,35.5
20265,1.0,1587,2026-02-12T00:30,COMPLETA,2066.0725,363.0,363.0,136.0,444.0,2,0.1875,1,0,2,323,1775,1126.9888544891644,35.5
20265,1.0,1588,2026-02-12T00:40,SIN_DEMANDA,0,,,,,,,0,0,0,323,1775,1126.9888544891644,35.5
20265,1.0,1589,2026-02-12T00:50,SIN_DEMANDA,0,,,,,,,0,0,0,324,1782,1126.326851851852,35.5
20265,1.0,1590,2026-02-12T01:00,SIN_DEMANDA,0,,,,,,,0,0,0,324,1782,1126.326851851852,35.5
20265,1.0,1591,2026-02-12T01:10,SIN_DEMANDA,0,,,,,,,0,0,0,324,1782,1126.326851851852,35.5
20265,1.0,1592,2026-02-12T01:20,SIN_DEMANDA,0,,,,,,,0,0,0,324,1782,1126.326851851852,35.5
20265,1.0,1593,2026-02-12T01:30,SIN_DEMANDA,0,,,,,,,0,0,0,324,1782,1126.326851851852,35.5
20265,1.0,1594,2026-02-12T01:40,COMPLETA,1445.7479,640.0,640.0,24.0,96.0,1,0.041666666666666664,1,0,1,324,1782,1126.326851851852,35.5
20265,1.0,1595,2026-02-12T01:50,COMPLETA,1291.6932,2072.0,2072.0,36.0,114.0,1,0.16666666666666666,1,0,1,324,1782,1126.326851851852,35.5
20265,1.0,1596,2026-02-12T02:00,SIN_DEMANDA,0,,,,,,,0,0,0,324,1782,1126.326851851852,35.5
20265,1.0,1597,2026-02-12T02:10,SIN_DEMANDA,0,,,,,,,0,0,0,324,1782,1126.326851851852,35.5
20265,1.0,1598,2026-02-12T02:20,SIN_DEMANDA,0,,,,,,,0,0,0,324,1782,1126.326851851852,35.5
20265,1.0,1599,2026-02-12T02:30,SIN_DEMANDA,0,,,,,,,0,0,0,325,1791,1123.978153846154,35.5
20265,1.0,1600,2026-02-12T02:40,SIN_DEMANDA,0,,,,,,,0,0,0,325,1791,1123.978153846154,35.5
20265,1.0,1601,2026-02-12T02:50,SIN_DEMANDA,0,,,,,,,0,0,0,325,1791,1123.978153846154,35.5
20265,1.0,1602,2026-02-12T03:00,SIN_DEMANDA,0,,,,,,,0,0,0,326,1792,1122.4935582822088,35.5
20265,1.0,1603,2026-02-12T03:10,SIN_DEMANDA,0,,,,,,,0,0,0,326,1792,1122.4935582822088,35.5
20265,1.0,1604,2026-02-12T03:20,COMPLETA,2100.0382,2086.5,2086.5,28.0,162.0,2,0.10416666666666667,1,0,2,327,1796,1125.3972477064224,35.5
20265,1.0,1605,2026-02-12T03:30,SIN_DEMANDA,0,,,,,,,0,0,0,327,1796,1125.3972477064224,35.5
20265,1.0,1606,2026-02-12T03:40,SIN_DEMANDA,0,,,,,,,0,0,0,327,1796,1125.3972477064224,35.5
20265,1.0,1607,2026-02-12T03:50,SIN_DEMANDA,0,,,,,,,0,0,0,327,1796,1125.3972477064224,35.5
20265,1.0,1608,2026-02-12T04:00,SIN_DEMANDA,0,,,,,,,0,0,0,327,1796,1125.3972477064224,35.5
20265,1.0,1609,2026-02-12T04:10,COMPLETA,2221.6339,398.5,398.5,44.0,186.0,2,0.20833333333333334,1,0,2,327,1796,1125.3972477064224,35.5
20265,1.0,1610,2026-02-12T04:20,COMPLETA,1640.0257,147.5,147.5,42.0,123.0,1,0.125,1,0,1,327,1796,1125.3972477064224,35.5
20265,1.0,1611,2026-02-12T04:30,COMPLETA,2506.6572,2071.5,2071.5,52.0,198.0,2,0.10416666666666667,1,0,2,327,1796,1125.3972477064224,35.5
20265,1.0,1612,2026-02-12T04:40,COMPLETA,1403.621,147.5,147.5,39.0,118.5,1,0.16666666666666666,1,0,1,328,1801,1128.3274390243905,35.5
20265,1.0,1613,2026-02-12T04:50,COMPLETA,2054.7742,134.0,134.0,52.0,138.0,1,0.4166666666666667,1,0,1,328,1801,1128.3274390243905,35.5
20265,1.0,1614,2026-02-12T05:00,SIN_DEMANDA,0,,,,,,,0,0,0,328,1801,1128.3274390243905,35.5
20265,1.0,1615,2026-02-12T05:10,COMPLETA,2574.2284,2054.2,2054.2,68.0,283.2,2,0.4375,1,0,2,328,1801,1128.3274390243905,35.5
20265,1.0,1616,2026-02-12T05:20,SIN_DEMANDA,0,,,,,,,0,0,0,328,1801,1128.3274390243905,35.5
20265,1.0,1617,2026-02-12T05:30,SIN_DEMANDA,0,,,,,,,0,0,0,329,1811,1126.1091185410337,35.5
20265,1.0,1618,2026-02-12T05:40,SIN_DEMANDA,0,,,,,,,0,0,0,329,1811,1126.1091185410337,35.5
20265,1.0,1619,2026-02-12T05:50,SIN_DEMANDA,0,,,,,,,0,0,0,330,1816,1128.9739393939396,35.5
20265,1.0,1620,2026-02-12T06:00,SIN_DEMANDA,0,,,,,,,0,0,0,331,1819,1126.0087613293053,35.5
20265,1.0,1621,2026-02-12T06:10,SIN_DEMANDA,0,,,,,,,0,0,0,331,1819,1126.0087613293053,35.5
20265,1.0,1622,2026-02-12T06:20,COMPLETA,2507.397,88.5,88.5,116.0,414.0,2,0.16666666666666666,1,0,0,332,1823,1123.0614457831327,35.5
20265,1.0,1623,2026-02-12T06:30,COMPLETA,1895.8737,88.5,88.5,116.0,414.0,2,0.16666666666666666,1,0,0,333,1833,1120.0912912912916,35.5
20265,1.0,1624,2026-02-12T06:40,COMPLETA,2335.4508,88.5,88.5,116.0,414.0,2,0.16666666666666666,1,0,0,333,1833,1120.0912912912916,35.5
20265,1.0,1625,2026-02-12T06:50,COMPLETA,2259.1753,88.5,88.5,116.0,414.0,2,0.16666666666666666,1,0,0,333,1833,1120.0912912912916,35.5
20265,1.0,1626,2026-02-12T07:00,COMPLETA,2013.2558,88.5,88.5,116.0,414.0,2,0.16666666666666666,1,0,2,334,1840,1122.888023952096,35.5
20265,1.0,1627,2026-02-12T07:10,SIN_DEMANDA,0,,,,,,,0,0,0,334,1840,1122.888023952096,35.5
20265,1.0,1628,2026-02-12T07:20,SIN_DEMANDA,0,,,,,,,0,0,0,334,1840,1122.888023952096,35.5
20265,1.0,1629,2026-02-12T07:30,COMPLETA,3080.4414,508.0,386.0,100.0,510.0,3,0.18055555555555555,2,0,3,334,1840,1122.888023952096,35.5
20265,1.0,1630,2026-02-12T07:40,SIN_DEMANDA,0,,,,,,,0,0,0,334,1840,1122.888023952096,35.5
20265,1.0,1631,2026-02-12T07:50,COMPLETA,2352.7306,2063.0,2063.0,48.0,192.0,1,0.3333333333333333,1,0,1,334,1840,1122.888023952096,35.5
20265,1.0,1632,2026-02-12T08:00,SIN_DEMANDA,0,,,,,,,0,0,0,334,1840,1122.888023952096,35.5
20265,1.0,1633,2026-02-12T08:10,SIN_DEMANDA,0,,,,,,,0,0,0,334,1840,1122.888023952096,35.5
20265,1.0,1634,2026-02-12T08:20,SIN_DEMANDA,0,,,,,,,0,0,0,334,1840,1122.888023952096,35.5
20265,1.0,1635,2026-02-12T08:30,SIN_DEMANDA,0,,,,,,,0,0,0,334,1840,1122.888023952096,35.5
20265,1.0,1636,2026-02-12T08:40,COMPLETA,1731.0339,980.5,980.5,39.0,178.5,1,0.125,1,0,1,334,1840,1122.888023952096,35.5
20265,1.0,1637,2026-02-12T08:50,SIN_DEMANDA,0,,,,,,,0,0,0,335,1848,1119.800298507463,35.5
20265,1.0,1638,2026-02-12T09:00,COMPLETA,1374.0772,139.5,139.5,54.0,141.0,1,0.16666666666666666,1,0,1,337,1861,1116.1694362017806,35.5
20265,1.0,1639,2026-02-12T09:10,SIN_DEMANDA,0,,,,,,,0,0,0,337,1861,1116.1694362017806,35.5
20265,1.0,1640,2026-02-12T09:20,COMPLETA,2158.9953,379.5,379.5,46.0,129.0,1,0.25,1,0,1,337,1861,1116.1694362017806,35.5
20265,1.0,1641,2026-02-12T09:30,COMPLETA,2743.2179,169.5,169.5,14.0,81.0,1,0.2916666666666667,1,0,1,338,1869,1118.9707100591718,35.5
20265,1.0,1642,2026-02-12T09:40,SIN_DEMANDA,0,,,,,,,0,0,0,338,1869,1118.9707100591718,35.5
20265,1.0,1643,2026-02-12T09:50,SIN_DEMANDA,0,,,,,,,0,0,0,338,1869,1118.9707100591718,35.5
20265,1.0,1644,2026-02-12T10:00,SIN_DEMANDA,0,,,,,,,0,0,0,338,1869,1118.9707100591718,35.5
20265,1.0,1645,2026-02-12T10:10,SIN_DEMANDA,0,,,,,,,0,0,0,338,1869,1118.9707100591718,35.5
20265,1.0,1646,2026-02-12T10:20,SIN_DEMANDA,0,,,,,,,0,0,0,339,1872,1118.5622418879059,35.5
20265,1.0,1647,2026-02-12T10:30,SIN_DEMANDA,0,,,,,,,0,0,0,339,1872,1118.5622418879059,35.5
20265,1.0,1648,2026-02-12T10:40,COMPLETA,2445.9657,2056.5,2056.5,92.0,258.0,2,0.1875,1,0,2,339,1872,1118.5622418879059,35.5
20265,1.0,1649,2026-02-12T10:50,COMPLETA,2397.9309,386.0,386.0,44.0,126.0,1,0.25,1,0,1,341,1883,1112.9079178885634,35.5
20265,1.0,1650,2026-02-12T11:00,SIN_DEMANDA,0,,,,,,,0,0,0,342,1889,1110.763450292398,35.5
20265,1.0,1651,2026-02-12T11:10,SIN_DEMANDA,0,,,,,,,0,0,0,342,1889,1110.763450292398,35.5
20265,1.0,1652,2026-02-12T11:20,SIN_DEMANDA,0,,,,,,,0,0,0,342,1889,1110.763450292398,35.5
20265,1.0,1653,2026-02-12T11:30,SIN_DEMANDA,0,,,,,,,0,0,0,342,1889,1110.763450292398,35.5
20265,1.0,1654,2026-02-12T11:40,SIN_DEMANDA,0,,,,,,,0,0,0,342,1889,1110.763450292398,35.5
20265,1.0,1655,2026-02-12T11:50,SIN_DEMANDA,0,,,,,,,0,0,0,342,1889,1110.763450292398,35.5
20265,1.0,1656,2026-02-12T12:00,SIN_DEMANDA,0,,,,,,,0,0,0,342,1889,1110.763450292398,35.5
20265,1.0,1657,2026-02-12T12:10,COMPLETA,2229.6434,156.4,156.4,36.0,206.4,2,0.4375,1,0,2,342,1889,1110.763450292398,35.5
20265,1.0,1658,2026-02-12T12:20,SIN_DEMANDA,0,,,,,,,0,0,0,343,1898,1113.5206997084551,35.5
20265,1.0,1659,2026-02-12T12:30,SIN_DEMANDA,0,,,,,,,0,0,0,344,1904,1111.4058139534886,35.5
20265,1.0,1660,2026-02-12T12:40,SIN_DEMANDA,0,,,,,,,0,0,0,344,1904,1111.4058139534886,35.5
20265,1.0,1661,2026-02-12T12:50,SIN_DEMANDA,0,,,,,,,0,0,0,344,1904,1111.4058139534886,35.5
20265,1.0,1662,2026-02-12T13:00,COMPLETA,2005.9924,640.0,640.0,16.0,84.0,1,0.041666666666666664,1,0,1,344,1904,1111.4058139534886,35.5
20265,1.0,1663,2026-02-12T13:10,SIN_DEMANDA,0,,,,,,,0,0,0,344,1904,1111.4058139534886,35.5
20265,1.0,1664,2026-02-12T13:20,SIN_DEMANDA,0,,,,,,,0,0,0,344,1904,1111.4058139534886,35.5
20265,1.0,1665,2026-02-12T13:30,SIN_DEMANDA,0,,,,,,,0,0,0,344,1904,1111.4058139534886,35.5
20265,1.0,1666,2026-02-12T13:40,SIN_DEMANDA,0,,,,,,,0,0,0,345,1911,1108.6376811594207,35.5
20265,1.0,1667,2026-02-12T13:50,SIN_DEMANDA,0,,,,,,,0,0,0,345,1911,1108.6376811594207,35.5
20265,1.0,1668,2026-02-12T14:00,SIN_DEMANDA,0,,,,,,,0,0,0,345,1911,1108.6376811594207,35.5
20265,1.0,1669,2026-02-12T14:10,COMPLETA,1390.3625,2025.0,2025.0,32.0,168.0,1,0.16666666666666666,1,0,0,345,1911,1108.6376811594207,35.5
20265,1.0,1670,2026-02-12T14:20,COMPLETA,2579.9036,2020.5,2016.0,80.0,360.0,2,0.2708333333333333,2,0,0,346,1912,1107.28323699422,35.5
20265,1.0,1671,2026-02-12T14:30,COMPLETA,2590.5581,2020.5,2016.0,80.0,360.0,2,0.2708333333333333,2,0,0,346,1912,1107.28323699422,35.5
20265,1.0,1672,2026-02-12T14:40,COMPLETA,2825.7008,2020.5,2016.0,80.0,360.0,2,0.2708333333333333,2,0,0,346,1912,1107.28323699422,35.5
20265,1.0,1673,2026-02-12T14:50,COMPLETA,2546.5786,2020.5,2016.0,80.0,360.0,2,0.2708333333333333,2,0,0,346,1912,1107.28323699422,35.5
20265,1.0,1674,2026-02-12T15:00,COMPLETA,2722.0886,2020.5,2016.0,80.0,360.0,2,0.2708333333333333,2,0,2,346,1912,1107.28323699422,35.5
20265,1.0,1675,2026-02-12T15:10,SIN_DEMANDA,0,,,,,,,0,0,0,346,1912,1107.28323699422,35.5
20265,1.0,1676,2026-02-12T15:20,SIN_DEMANDA,0,,,,,,,0,0,0,346,1912,1107.28323699422,35.5
20265,1.0,1677,2026-02-12T15:30,SIN_DEMANDA,0,,,,,,,0,0,0,346,1912,1107.28323699422,35.5
20265,1.0,1678,2026-02-12T15:40,SIN_DEMANDA,0,,,,,,,0,0,0,346,1912,1107.28323699422,35.5
20265,1.0,1679,2026-02-12T15:50,SIN_DEMANDA,0,,,,,,,0,0,0,346,1912,1107.28323699422,35.5
20265,1.0,1680,2026-02-12T16:00,SIN_DEMANDA,0,,,,,,,0,0,0,346,1912,1107.28323699422,35.5
20265,1.0,1681,2026-02-12T16:10,SIN_DEMANDA,0,,,,,,,0,0,0,346,1912,1107.28323699422,35.5
20265,1.0,1682,2026-02-12T16:20,SIN_DEMANDA,0,,,,,,,0,0,0,346,1912,1107.28323699422,35.5
20265,1.0,1683,2026-02-12T16:30,SIN_DEMANDA,0,,,,,,,0,0,0,347,1916,1109.9279538904902,35.5
20265,1.0,1684,2026-02-12T16:40,SIN_DEMANDA,0,,,,,,,0,0,0,348,1925,1112.5316091954026,35.5
20265,1.0,1685,2026-02-12T16:50,SIN_DEMANDA,0,,,,,,,0,0,0,348,1925,1112.5316091954026,35.5
20265,1.0,1686,2026-02-12T17:00,SIN_DEMANDA,0,,,,,,,0,0,0,348,1925,1112.5316091954026,35.5
20265,1.0,1687,2026-02-12T17:10,SIN_DEMANDA,0,,,,,,,0,0,0,348,1925,1112.5316091954026,35.5
20265,1.0,1688,2026-02-12T17:20,SIN_DEMANDA,0,,,,,,,0,0,0,348,1925,1112.5316091954026,35.5
20265,1.0,1689,2026-02-12T17:30,SIN_DEMANDA,0,,,,,,,0,0,0,348,1925,1112.5316091954026,35.5
20265,1.0,1690,2026-02-12T17:40,SIN_DEMANDA,0,,,,,,,0,0,0,348,1925,1112.5316091954026,35.5
20265,1.0,1691,2026-02-12T17:50,SIN_DEMANDA,0,,,,,,,0,0,0,348,1925,1112.5316091954026,35.5
20265,1.0,1692,2026-02-12T18:00,SIN_DEMANDA,0,,,,,,,0,0,0,348,1925,1112.5316091954026,35.5
20265,1.0,1693,2026-02-12T18:10,SIN_DEMANDA,0,,,,,,,0,0,0,348,1925,1112.5316091954026,35.5
20265,1.0,1694,2026-02-12T18:20,SIN_DEMANDA,0,,,,,,,0,0,0,348,1925,1112.5316091954026,35.5
20265,1.0,1695,2026-02-12T18:30,COMPLETA,1514.3995,141.0,141.0,52.0,138.0,1,0.125,1,0,1,348,1925,1112.5316091954026,35.5
20265,1.0,1696,2026-02-12T18:40,SIN_DEMANDA,0,,,,,,,0,0,0,348,1925,1112.5316091954026,35.5
20265,1.0,1697,2026-02-12T18:50,SIN_DEMANDA,0,,,,,,,0,0,0,348,1925,1112.5316091954026,35.5
20265,1.0,1698,2026-02-12T19:00,COMPLETA,2199.9455,2068.5,2068.5,60.0,210.0,2,0.125,1,0,2,348,1925,1112.5316091954026,35.5
20265,1.0,1699,2026-02-12T19:10,SIN_DEMANDA,0,,,,,,,0,0,0,348,1925,1112.5316091954026,35.5
20265,1.0,1700,2026-02-12T19:20,COMPLETA,1295.053,123.0,123.0,64.0,156.0,1,0.08333333333333333,1,0,1,348,1925,1112.5316091954026,35.5
20265,1.0,1701,2026-02-12T19:30,SIN_DEMANDA,0,,,,,,,0,0,0,348,1925,1112.5316091954026,35.5
20265,1.0,1702,2026-02-12T19:40,SIN_DEMANDA,0,,,,,,,0,0,0,348,1925,1112.5316091954026,35.5
20265,1.0,1703,2026-02-12T19:50,SIN_DEMANDA,0,,,,,,,0,0,0,348,1925,1112.5316091954026,35.5
20265,1.0,1704,2026-02-12T20:00,COMPLETA,2116.8797,487.3,331.0,107.0,291.3,2,0.125,2,0,2,348,1925,1112.5316091954026,35.5
20265,1.0,1705,2026-02-12T20:10,COMPLETA,2563.8277,1343.0,634.5,84.0,246.0,2,0.2708333333333333,2,0,2,349,1928,1109.7478510028657,35.5
20265,1.0,1706,2026-02-12T20:20,SIN_DEMANDA,0,,,,,,,0,0,0,349,1928,1109.7478510028657,35.5
20265,1.0,1707,2026-02-12T20:30,SIN_DEMANDA,0,,,,,,,0,0,0,350,1934,1112.4871428571432,35.5
20265,1.0,1708,2026-02-12T20:40,SIN_DEMANDA,0,,,,,,,0,0,0,350,1934,1112.4871428571432,35.5
20265,1.0,1709,2026-02-12T20:50,SIN_DEMANDA,0,,,,,,,0,0,0,350,1934,1112.4871428571432,35.5
20265,1.0,1710,2026-02-12T21:00,SIN_DEMANDA,0,,,,,,,0,0,0,350,1934,1112.4871428571432,35.5
20265,1.0,1711,2026-02-12T21:10,SIN_DEMANDA,0,,,,,,,0,0,0,351,1936,1109.6680911680915,35.5
20265,1.0,1712,2026-02-12T21:20,SIN_DEMANDA,0,,,,,,,0,0,0,352,1938,1108.3440340909094,35.5
20265,1.0,1713,2026-02-12T21:30,SIN_DEMANDA,0,,,,,,,0,0,0,353,1941,1107.0016997167143,35.5
20265,1.0,1714,2026-02-12T21:40,SIN_DEMANDA,0,,,,,,,0,0,0,353,1941,1107.0016997167143,35.5
20265,1.0,1715,2026-02-12T21:50,SIN_DEMANDA,0,,,,,,,0,0,0,353,1941,1107.0016997167143,35.5
20265,1.0,1716,2026-02-12T22:00,SIN_DEMANDA,0,,,,,,,0,0,0,354,1951,1109.6697740112998,35.5
20265,1.0,1717,2026-02-12T22:10,SIN_DEMANDA,0,,,,,,,0,0,0,354,1951,1109.6697740112998,35.5
20265,1.0,1718,2026-02-12T22:20,SIN_DEMANDA,0,,,,,,,0,0,0,354,1951,1109.6697740112998,35.5
20265,1.0,1719,2026-02-12T22:30,SIN_DEMANDA,0,,,,,,,0,0,0,355,1953,1107.4763380281693,35.5
20265,1.0,1720,2026-02-12T22:40,SIN_DEMANDA,0,,,,,,,0,0,0,355,1953,1107.4763380281693,35.5
20265,1.0,1721,2026-02-12T22:50,SIN_DEMANDA,0,,,,,,,0,0,0,355,1953,1107.4763380281693,35.5
20265,1.0,1722,2026-02-12T23:00,SIN_DEMANDA,0,,,,,,,0,0,0,355,1953,1107.4763380281693,35.5
20265,1.0,1723,2026-02-12T23:10,SIN_DEMANDA,0,,,,,,,0,0,0,355,1953,1107.4763380281693,35.5
20265,1.0,1724,2026-02-12T23:20,SIN_DEMANDA,0,,,,,,,0,0,0,355,1953,1107.4763380281693,35.5
20265,1.0,1725,2026-02-12T23:30,COMPLETA,1705.4037,633.5,633.5,26.0,159.0,1,0.041666666666666664,1,0,1,355,1953,1107.4763380281693,35.5
20265,1.0,1726,2026-02-12T23:40,SIN_DEMANDA,0,,,,,,,0,0,0,355,1953,1107.4763380281693,35.5
20265,1.0,1727,2026-02-12T23:50,SIN_DEMANDA,0,,,,,,,0,0,0,355,1953,1107.4763380281693,35.5
20265,1.0,1728,2026-02-13T00:00,SIN_DEMANDA,0,,,,,,,0,0,0,355,1953,1107.4763380281693,35.5
20265,1.0,1729,2026-02-13T00:10,SIN_DEMANDA,0,,,,,,,0,0,0,355,1953,1107.4763380281693,35.5
20265,1.0,1730,2026-02-13T00:20,SIN_DEMANDA,0,,,,,,,0,0,0,355,1953,1107.4763380281693,35.5
20265,1.0,1731,2026-02-13T00:30,SIN_DEMANDA,0,,,,,,,0,0,0,355,1953,1107.4763380281693,35.5
20265,1.0,1732,2026-02-13T00:40,COMPLETA,1863.1453,2078.0,2078.0,24.0,156.0,1,0.08333333333333333,1,0,1,355,1953,1107.4763380281693,35.5
20265,1.0,1733,2026-02-13T00:50,COMPLETA,1788.1475,993.5,993.5,34.0,171.0,1,0.08333333333333333,1,0,1,356,1954,1106.144943820225,35.5
20265,1.0,1734,2026-02-13T01:00,SIN_DEMANDA,0,,,,,,,0,0,0,356,1954,1106.144943820225,35.5
20265,1.0,1735,2026-02-13T01:10,SIN_DEMANDA,0,,,,,,,0,0,0,356,1954,1106.144943820225,35.5
20265,1.0,1736,2026-02-13T01:20,SIN_DEMANDA,0,,,,,,,0,0,0,356,1954,1106.144943820225,35.5
20265,1.0,1737,2026-02-13T01:30,SIN_DEMANDA,0,,,,,,,0,0,0,356,1954,1106.144943820225,35.5
20265,1.0,1738,2026-02-13T01:40,COMPLETA,1843.3022,606.0,606.0,68.0,162.0,1,0.16666666666666666,1,0,1,356,1954,1106.144943820225,35.5
20265,1.0,1739,2026-02-13T01:50,SIN_DEMANDA,0,,,,,,,0,0,0,356,1954,1106.144943820225,35.5
20265,1.0,1740,2026-02-13T02:00,SIN_DEMANDA,0,,,,,,,0,0,0,357,1956,1108.8672268907565,35.5
20265,1.0,1741,2026-02-13T02:10,SIN_DEMANDA,0,,,,,,,0,0,0,357,1956,1108.8672268907565,35.5
20265,1.0,1742,2026-02-13T02:20,SIN_DEMANDA,0,,,,,,,0,0,0,358,1958,1108.5449720670395,35.5
20265,1.0,1743,2026-02-13T02:30,SIN_DEMANDA,0,,,,,,,0,0,0,358,1958,1108.5449720670395,35.5
20265,1.0,1744,2026-02-13T02:40,SIN_DEMANDA,0,,,,,,,0,0,0,358,1958,1108.5449720670395,35.5
20265,1.0,1745,2026-02-13T02:50,SIN_DEMANDA,0,,,,,,,0,0,0,358,1958,1108.5449720670395,35.5
20265,1.0,1746,2026-02-13T03:00,SIN_DEMANDA,0,,,,,,,0,0,0,358,1958,1108.5449720670395,35.5
20265,1.0,1747,2026-02-13T03:10,SIN_DEMANDA,0,,,,,,,0,0,0,358,1958,1108.5449720670395,35.5
20265,1.0,1748,2026-02-13T03:20,SIN_DEMANDA,0,,,,,,,0,0,0,358,1958,1108.5449720670395,35.5
20265,1.0,1749,2026-02-13T03:30,SIN_DEMANDA,0,,,,,,,0,0,0,358,1958,1108.5449720670395,35.5
20265,1.0,1750,2026-02-13T03:40,SIN_DEMANDA,0,,,,,,,0,0,0,359,1962,1107.1451253481896,35.5
20265,1.0,1751,2026-02-13T03:50,SIN_DEMANDA,0,,,,,,,0,0,0,359,1962,1107.1451253481896,35.5
20265,1.0,1752,2026-02-13T04:00,SIN_DEMANDA,0,,,,,,,0,0,0,359,1962,1107.1451253481896,35.5
20265,1.0,1753,2026-02-13T04:10,SIN_DEMANDA,0,,,,,,,0,0,0,359,1962,1107.1451253481896,35.5
20265,1.0,1754,2026-02-13T04:20,SIN_DEMANDA,0,,,,,,,0,0,0,359,1962,1107.1451253481896,35.5
20265,1.0,1755,2026-02-13T04:30,SIN_DEMANDA,0,,,,,,,0,0,0,359,1962,1107.1451253481896,35.5
20265,1.0,1756,2026-02-13T04:40,SIN_DEMANDA,0,,,,,,,0,0,0,359,1962,1107.1451253481896,35.5
20265,1.0,1757,2026-02-13T04:50,SIN_DEMANDA,0,,,,,,,0,0,0,359,1962,1107.1451253481896,35.5
20265,1.0,1758,2026-02-13T05:00,COMPLETA,2679.9989,972.0,972.0,64.0,156.0,1,0.20833333333333334,1,0,1,359,1962,1107.1451253481896,35.5
20265,1.0,1759,2026-02-13T05:10,SIN_DEMANDA,0,,,,,,,0,0,0,359,1962,1107.1451253481896,35.5
20265,1.0,1760,2026-02-13T05:20,SIN_DEMANDA,0,,,,,,,0,0,0,359,1962,1107.1451253481896,35.5
20265,1.0,1761,2026-02-13T05:30,SIN_DEMANDA,0,,,,,,,0,0,0,359,1962,1107.1451253481896,35.5
20265,1.0,1762,2026-02-13T05:40,COMPLETA,2506.7881,296.5,296.5,92.0,378.0,2,0.16666666666666666,1,0,0,359,1962,1107.1451253481896,35.5
20265,1.0,1763,2026-02-13T05:50,COMPLETA,2496.9162,296.5,296.5,92.0,378.0,2,0.16666666666666666,1,0,0,359,1962,1107.1451253481896,35.5
20265,1.0,1764,2026-02-13T06:00,COMPLETA,2433.1189,296.5,296.5,92.0,378.0,2,0.16666666666666666,1,0,0,359,1962,1107.1451253481896,35.5
20265,1.0,1765,2026-02-13T06:10,COMPLETA,2414.0922,296.5,296.5,92.0,378.0,2,0.16666666666666666,1,0,0,359,1962,1107.1451253481896,35.5
20265,1.0,1766,2026-02-13T06:20,COMPLETA,2115.7762,296.5,296.5,92.0,378.0,2,0.16666666666666666,1,0,0,359,1962,1107.1451253481896,35.5
20265,1.0,1767,2026-02-13T06:30,COMPLETA,2506.9683,296.5,296.5,92.0,378.0,2,0.16666666666666666,1,0,0,359,1962,1107.1451253481896,35.5
20265,1.0,1768,2026-02-13T06:40,COMPLETA,2476.6999,296.5,296.5,92.0,378.0,2,0.16666666666666666,1,0,0,359,1962,1107.1451253481896,35.5
20265,1.0,1769,2026-02-13T06:50,COMPLETA,2625.5334,342.0,296.5,76.0,354.0,2,0.22916666666666666,2,0,0,360,1967,1106.7697222222225,35.5
20265,1.0,1770,2026-02-13T07:00,COMPLETA,2621.3504,342.0,296.5,76.0,354.0,2,0.22916666666666666,2,0,2,360,1967,1106.7697222222225,35.5
20265,1.0,1771,2026-02-13T07:10,SIN_DEMANDA,0,,,,,,,0,0,0,360,1967,1106.7697222222225,35.5
20265,1.0,1772,2026-02-13T07:20,COMPLETA,1486.3889,2053.0,2053.0,42.0,192.0,1,0.16666666666666666,1,0,1,360,1967,1106.7697222222225,35.5
20265,1.0,1773,2026-02-13T07:30,SIN_DEMANDA,0,,,,,,,0,0,0,360,1967,1106.7697222222225,35.5
20265,1.0,1774,2026-02-13T07:40,SIN_DEMANDA,0,,,,,,,0,0,0,360,1967,1106.7697222222225,35.5
20265,1.0,1775,2026-02-13T07:50,SIN_DEMANDA,0,,,,,,,0,0,0,360,1967,1106.7697222222225,35.5
20265,1.0,1776,2026-02-13T08:00,SIN_DEMANDA,0,,,,,,,0,0,0,360,1967,1106.7697222222225,35.5
20265,1.0,1777,2026-02-13T08:10,SIN_DEMANDA,0,,,,,,,0,0,0,360,1967,1106.7697222222225,35.5
20265,1.0,1778,2026-02-13T08:20,COMPLETA,2361.3866,964.0,964.0,50.0,195.0,1,0.4166666666666667,1,0,1,360,1967,1106.7697222222225,35.5
20265,1.0,1779,2026-02-13T08:30,SIN_DEMANDA,0,,,,,,,0,0,0,361,1970,1104.7772853185597,35.5
20265,1.0,1780,2026-02-13T08:40,SIN_DEMANDA,0,,,,,,,0,0,0,362,1978,1102.5444751381217,35.5
20265,1.0,1781,2026-02-13T08:50,COMPLETA,2501.7192,397.5,397.5,44.0,306.0,2,0.1875,1,0,2,362,1978,1102.5444751381217,35.5
20265,1.0,1782,2026-02-13T09:00,COMPLETA,2528.2477,1512.5,960.5,109.0,283.5,2,0.08333333333333333,2,0,2,363,1982,1105.1628099173556,35.5
20265,1.0,1783,2026-02-13T09:10,COMPLETA,3087.7027,1341.25,605.5,94.0,261.0,2,0.3125,2,0,2,363,1982,1105.1628099173556,35.5
20265,1.0,1784,2026-02-13T09:20,SIN_DEMANDA,0,,,,,,,0,0,0,363,1982,1105.1628099173556,35.5
20265,1.0,1785,2026-02-13T09:30,SIN_DEMANDA,0,,,,,,,0,0,0,363,1982,1105.1628099173556,35.5
20265,1.0,1786,2026-02-13T09:40,SIN_DEMANDA,0,,,,,,,0,0,0,363,1982,1105.1628099173556,35.5
20265,1.0,1787,2026-02-13T09:50,SIN_DEMANDA,0,,,,,,,0,0,0,363,1982,1105.1628099173556,35.5
20265,1.0,1788,2026-02-13T10:00,SIN_DEMANDA,0,,,,,,,0,0,0,363,1982,1105.1628099173556,35.5
20265,1.0,1789,2026-02-13T10:10,SIN_DEMANDA,0,,,,,,,0,0,0,365,2001,1102.8372602739728,35.5
20265,1.0,1790,2026-02-13T10:20,SIN_DEMANDA,0,,,,,,,0,0,0,365,2001,1102.8372602739728,35.5
20265,1.0,1791,2026-02-13T10:30,SIN_DEMANDA,0,,,,,,,0,0,0,365,2001,1102.8372602739728,35.5
20265,1.0,1792,2026-02-13T10:40,COMPLETA,1602.4033,2078.0,2078.0,28.0,102.0,1,0.16666666666666666,1,0,1,367,2010,1108.1119891008177,35.5
20265,1.0,1793,2026-02-13T10:50,COMPLETA,1645.8916,2068.8,2068.8,26.0,122.4,1,0.25,1,0,1,367,2010,1108.1119891008177,35.5
20265,1.0,1794,2026-02-13T11:00,COMPLETA,1540.3266,2046.0,2046.0,56.0,144.0,1,0.125,1,0,1,369,2020,1106.3498644986453,35.5
20265,1.0,1795,2026-02-13T11:10,COMPLETA,2091.5949,382.0,382.0,60.0,264.0,2,0.3125,1,0,2,369,2020,1106.3498644986453,35.5
20265,1.0,1796,2026-02-13T11:20,SIN_DEMANDA,0,,,,,,,0,0,0,369,2020,1106.3498644986453,35.5
20265,1.0,1797,2026-02-13T11:30,SIN_DEMANDA,0,,,,,,,0,0,0,369,2020,1106.3498644986453,35.5
20265,1.0,1798,2026-02-13T11:40,SIN_DEMANDA,0,,,,,,,0,0,0,369,2020,1106.3498644986453,35.5
20265,1.0,1799,2026-02-13T11:50,SIN_DEMANDA,0,,,,,,,0,0,0,369,2020,1106.3498644986453,35.5
20265,1.0,1800,2026-02-13T12:00,SIN_DEMANDA,0,,,,,,,0,0,0,369,2020,1106.3498644986453,35.5
20265,1.0,1801,2026-02-13T12:10,SIN_DEMANDA,0,,,,,,,0,0,0,370,2024,1108.9759459459463,35.5
20265,1.0,1802,2026-02-13T12:20,SIN_DEMANDA,0,,,,,,,0,0,0,370,2024,1108.9759459459463,35.5
20265,1.0,1803,2026-02-13T12:30,SIN_DEMANDA,0,,,,,,,0,0,0,371,2026,1111.5630727762805,35.5
20265,1.0,1804,2026-02-13T12:40,COMPLETA,1349.8614,2085.5,2085.5,18.0,87.0,1,0.125,1,0,1,371,2026,1111.5630727762805,35.5
20265,1.0,1805,2026-02-13T12:50,COMPLETA,1609.0362,2065.0,2065.0,44.0,126.0,1,0.041666666666666664,1,0,1,373,2034,1112.1123324396785,35.5
20265,1.0,1806,2026-02-13T13:00,SIN_DEMANDA,0,,,,,,,0,0,0,373,2034,1112.1123324396785,35.5
20265,1.0,1807,2026-02-13T13:10,SIN_DEMANDA,0,,,,,,,0,0,0,373,2034,1112.1123324396785,35.5
20265,1.0,1808,2026-02-13T13:20,COMPLETA,1483.7805,992.0,992.0,36.0,114.0,1,0.16666666666666666,1,0,1,373,2034,1112.1123324396785,35.5
20265,1.0,1809,2026-02-13T13:30,COMPLETA,2472.2913,526.0,526.0,102.0,393.0,2,0.1875,1,0,0,373,2034,1112.1123324396785,35.5
20265,1.0,1810,2026-02-13T13:40,COMPLETA,2418.3874,526.0,526.0,102.0,393.0,2,0.1875,1,0,0,373,2034,1112.1123324396785,35.5
20265,1.0,1811,2026-02-13T13:50,COMPLETA,2293.2042,526.0,526.0,102.0,393.0,2,0.1875,1,0,0,373,2034,1112.1123324396785,35.5
20265,1.0,1812,2026-02-13T14:00,COMPLETA,2236.8954,526.0,526.0,102.0,393.0,2,0.1875,1,0,0,374,2037,1114.7149732620323,35.5
20265,1.0,1813,2026-02-13T14:10,COMPLETA,2317.0899,526.0,526.0,102.0,393.0,2,0.1875,1,0,0,374,2037,1114.7149732620323,35.5
20265,1.0,1814,2026-02-13T14:20,COMPLETA,2237.8524,526.0,526.0,102.0,393.0,2,0.1875,1,0,0,374,2037,1114.7149732620323,35.5
20265,1.0,1815,2026-02-13T14:30,COMPLETA,2350.6719,526.0,526.0,102.0,393.0,2,0.1875,1,0,0,375,2038,1117.249066666667,35.5
20265,1.0,1816,2026-02-13T14:40,COMPLETA,2806.9837,1275.0,526.0,225.0,817.5,4,0.10416666666666667,2,0,0,375,2038,1117.249066666667,35.5
20265,1.0,1817,2026-02-13T14:50,COMPLETA,3063.3169,1275.0,526.0,225.0,817.5,4,0.10416666666666667,2,0,0,376,2042,1116.9159574468088,35.5
20265,1.0,1818,2026-02-13T15:00,COMPLETA,3093.513,1275.0,526.0,225.0,817.5,4,0.10416666666666667,2,0,4,376,2042,1116.9159574468088,35.5
20265,1.0,1819,2026-02-13T15:10,SIN_DEMANDA,0,,,,,,,0,0,0,376,2042,1116.9159574468088,35.5
20265,1.0,1820,2026-02-13T15:20,SIN_DEMANDA,0,,,,,,,0,0,0,376,2042,1116.9159574468088,35.5
20265,1.0,1821,2026-02-13T15:30,SIN_DEMANDA,0,,,,,,,0,0,0,376,2042,1116.9159574468088,35.5
20265,1.0,1822,2026-02-13T15:40,COMPLETA,2178.7003,401.0,401.0,16.0,144.0,1,0.2916666666666667,1,0,1,376,2042,1116.9159574468088,35.5
20265,1.0,1823,2026-02-13T15:50,SIN_DEMANDA,0,,,,,,,0,0,0,376,2042,1116.9159574468088,35.5
20265,1.0,1824,2026-02-13T16:00,SIN_DEMANDA,0,,,,,,,0,0,0,376,2042,1116.9159574468088,35.5
20265,1.0,1825,2026-02-13T16:10,SIN_DEMANDA,0,,,,,,,0,0,0,376,2042,1116.9159574468088,35.5
20265,1.0,1826,2026-02-13T16:20,SIN_DEMANDA,0,,,,,,,0,0,0,376,2042,1116.9159574468088,35.5
20265,1.0,1827,2026-02-13T16:30,SIN_DEMANDA,0,,,,,,,0,0,0,376,2042,1116.9159574468088,35.5
20265,1.0,1828,2026-02-13T16:40,SIN_DEMANDA,0,,,,,,,0,0,0,376,2042,1116.9159574468088,35.5
20265,1.0,1829,2026-02-13T16:50,COMPLETA,2291.8506,951.0,951.0,71.0,226.5,1,0.4166666666666667,1,0,1,377,2051,1115.3485411140587,35.5
20265,1.0,1830,2026-02-13T17:00,SIN_DEMANDA,0,,,,,,,0,0,0,379,2059,1115.8612137203168,35.5
20265,1.0,1831,2026-02-13T17:10,COMPLETA,2010.8635,2064.0,2064.0,48.0,132.0,1,0.125,1,0,1,379,2059,1115.8612137203168,35.5
20265,1.0,1832,2026-02-13T17:20,SIN_DEMANDA,0,,,,,,,0,0,0,379,2059,1115.8612137203168,35.5
20265,1.0,1833,2026-02-13T17:30,SIN_DEMANDA,0,,,,,,,0,0,0,379,2059,1115.8612137203168,35.5
20265,1.0,1834,2026-02-13T17:40,SIN_DEMANDA,0,,,,,,,0,0,0,379,2059,1115.8612137203168,35.5
20265,1.0,1835,2026-02-13T17:50,SIN_DEMANDA,0,,,,,,,0,0,0,379,2059,1115.8612137203168,35.5
20265,1.0,1836,2026-02-13T18:00,SIN_DEMANDA,0,,,,,,,0,0,0,379,2059,1115.8612137203168,35.5
20265,1.0,1837,2026-02-13T18:10,SIN_DEMANDA,0,,,,,,,0,0,0,379,2059,1115.8612137203168,35.5
20265,1.0,1838,2026-02-13T18:20,SIN_DEMANDA,0,,,,,,,0,0,0,379,2059,1115.8612137203168,35.5
20265,1.0,1839,2026-02-13T18:30,COMPLETA,2368.006,390.0,390.0,80.0,240.0,2,0.16666666666666666,1,0,2,379,2059,1115.8612137203168,35.5
20265,1.0,1840,2026-02-13T18:40,SIN_DEMANDA,0,,,,,,,0,0,0,379,2059,1115.8612137203168,35.5
20265,1.0,1841,2026-02-13T18:50,SIN_DEMANDA,0,,,,,,,0,0,0,381,2072,1117.9170603674543,35.5
20265,1.0,1842,2026-02-13T19:00,COMPLETA,2238.6665,640.5,640.5,26.0,99.0,1,0.2916666666666667,1,0,1,381,2072,1117.9170603674543,35.5
20265,1.0,1843,2026-02-13T19:10,SIN_DEMANDA,0,,,,,,,0,0,0,381,2072,1117.9170603674543,35.5
20265,1.0,1844,2026-02-13T19:20,SIN_DEMANDA,0,,,,,,,0,0,0,381,2072,1117.9170603674543,35.5
20265,1.0,1845,2026-02-13T19:30,SIN_DEMANDA,0,,,,,,,0,0,0,381,2072,1117.9170603674543,35.5
20265,1.0,1846,2026-02-13T19:40,SIN_DEMANDA,0,,,,,,,0,0,0,381,2072,1117.9170603674543,35.5
20265,1.0,1847,2026-02-13T19:50,SIN_DEMANDA,0,,,,,,,0,0,0,381,2072,1117.9170603674543,35.5
20265,1.0,1848,2026-02-13T20:00,COMPLETA,1893.4156,2068.5,2068.5,34.0,111.0,1,0.08333333333333333,1,0,1,382,2080,1116.0115183246076,35.5
20265,1.0,1849,2026-02-13T20:10,COMPLETA,2271.1271,119.5,119.5,61.0,151.5,1,0.2916666666666667,1,0,1,382,2080,1116.0115183246076,35.5
20265,1.0,1850,2026-02-13T20:20,SIN_DEMANDA,0,,,,,,,0,0,0,383,2087,1114.7699738903395,35.5
20265,1.0,1851,2026-02-13T20:30,SIN_DEMANDA,0,,,,,,,0,0,0,383,2087,1114.7699738903395,35.5
20265,1.0,1852,2026-02-13T20:40,COMPLETA,1558.6372,2070.0,2070.0,36.0,114.0,1,0.08333333333333333,1,0,1,383,2087,1114.7699738903395,35.5
20265,1.0,1853,2026-02-13T20:50,COMPLETA,2034.6014,157.5,157.5,36.0,174.0,2,0.1875,1,0,2,383,2087,1114.7699738903395,35.5
20265,1.0,1854,2026-02-13T21:00,COMPLETA,1866.499,608.0,608.0,60.0,150.0,1,0.16666666666666666,1,0,1,383,2087,1114.7699738903395,35.5
20265,1.0,1855,2026-02-13T21:10,SIN_DEMANDA,0,,,,,,,0,0,0,383,2087,1114.7699738903395,35.5
20265,1.0,1856,2026-02-13T21:20,SIN_DEMANDA,0,,,,,,,0,0,0,383,2087,1114.7699738903395,35.5
20265,1.0,1857,2026-02-13T21:30,COMPLETA,1872.7199,1967.5,1967.5,50.0,195.0,1,0.08333333333333333,1,0,0,384,2089,1117.2536458333336,35.5
20265,1.0,1858,2026-02-13T21:40,COMPLETA,2525.7684,1259.25,551.0,106.0,519.0,3,0.1388888888888889,2,0,0,384,2089,1117.2536458333336,35.5
20265,1.0,1859,2026-02-13T21:50,COMPLETA,2741.8023,1259.25,551.0,106.0,519.0,3,0.1388888888888889,2,0,0,384,2089,1117.2536458333336,35.5
20265,1.0,1860,2026-02-13T22:00,COMPLETA,2886.3108,1259.25,551.0,106.0,519.0,3,0.1388888888888889,2,0,0,384,2089,1117.2536458333336,35.5
20265,1.0,1861,2026-02-13T22:10,COMPLETA,2748.0892,876.3333333333334,110.5,142.0,813.0,5,0.15833333333333333,3,0,0,387,2107,1114.6573643410854,35.5
20265,1.0,1862,2026-02-13T22:20,COMPLETA,2748.9417,876.3333333333334,110.5,142.0,813.0,5,0.15833333333333333,3,0,0,387,2107,1114.6573643410854,35.5
20265,1.0,1863,2026-02-13T22:30,COMPLETA,3150.4637,1167.25,110.5,214.0,1161.0,7,0.1488095238095238,4,0,0,387,2107,1114.6573643410854,35.5
20265,1.0,1864,2026-02-13T22:40,COMPLETA,3200.9689,1167.25,110.5,214.0,1161.0,7,0.1488095238095238,4,0,0,387,2107,1114.6573643410854,35.5
20265,1.0,1865,2026-02-13T22:50,COMPLETA,2977.592,1167.25,110.5,214.0,1161.0,7,0.1488095238095238,4,0,0,388,2111,1113.351546391753,35.5
20265,1.0,1866,2026-02-13T23:00,COMPLETA,3079.1971,1167.25,110.5,214.0,1161.0,7,0.1488095238095238,4,0,7,388,2111,1113.351546391753,35.5
20265,1.0,1867,2026-02-13T23:10,SIN_DEMANDA,0,,,,,,,0,0,0,388,2111,1113.351546391753,35.5
20265,1.0,1868,2026-02-13T23:20,SIN_DEMANDA,0,,,,,,,0,0,0,388,2111,1113.351546391753,35.5
20265,1.0,1869,2026-02-13T23:30,SIN_DEMANDA,0,,,,,,,0,0,0,388,2111,1113.351546391753,35.5
20265,1.0,1870,2026-02-13T23:40,SIN_DEMANDA,0,,,,,,,0,0,0,388,2111,1113.351546391753,35.5
20265,1.0,1871,2026-02-13T23:50,SIN_DEMANDA,0,,,,,,,0,0,0,388,2111,1113.351546391753,35.5
20265,1.0,1872,2026-02-14T00:00,SIN_DEMANDA,0,,,,,,,0,0,0,388,2111,1113.351546391753,35.5
20265,1.0,1873,2026-02-14T00:10,COMPLETA,1969.9845,621.0,621.0,48.0,192.0,1,0.2916666666666667,1,0,1,388,2111,1113.351546391753,35.5
20265,1.0,1874,2026-02-14T00:20,SIN_DEMANDA,0,,,,,,,0,0,0,389,2120,1110.7735218509,35.5
20265,1.0,1875,2026-02-14T00:30,SIN_DEMANDA,0,,,,,,,0,0,0,391,2134,1111.7184143222507,35.5
20265,1.0,1876,2026-02-14T00:40,SIN_DEMANDA,0,,,,,,,0,0,0,392,2136,1113.901530612245,35.5
20265,1.0,1877,2026-02-14T00:50,COMPLETA,1643.9915,2064.0,2064.0,36.0,174.0,1,0.16666666666666666,1,0,1,392,2136,1113.901530612245,35.5
20265,1.0,1878,2026-02-14T01:00,COMPLETA,1612.6196,147.0,147.0,20.0,108.0,1,0.125,1,0,1,392,2136,1113.901530612245,35.5
20265,1.0,1879,2026-02-14T01:10,SIN_DEMANDA,0,,,,,,,0,0,0,392,2136,1113.901530612245,35.5
20265,1.0,1880,2026-02-14T01:20,SIN_DEMANDA,0,,,,,,,0,0,0,392,2136,1113.901530612245,35.5
20265,1.0,1881,2026-02-14T01:30,SIN_DEMANDA,0,,,,,,,0,0,0,392,2136,1113.901530612245,35.5
20265,1.0,1882,2026-02-14T01:40,SIN_DEMANDA,0,,,,,,,0,0,0,393,2143,1112.647328244275,35.5
20265,1.0,1883,2026-02-14T01:50,SIN_DEMANDA,0,,,,,,,0,0,0,393,2143,1112.647328244275,35.5
20265,1.0,1884,2026-02-14T02:00,SIN_DEMANDA,0,,,,,,,0,0,0,393,2143,1112.647328244275,35.5
20265,1.0,1885,2026-02-14T02:10,SIN_DEMANDA,0,,,,,,,0,0,0,393,2143,1112.647328244275,35.5
20265,1.0,1886,2026-02-14T02:20,SIN_DEMANDA,0,,,,,,,0,0,0,394,2147,1115.0619289340104,35.5
20265,1.0,1887,2026-02-14T02:30,COMPLETA,2222.1082,154.5,154.5,80.0,240.0,2,0.16666666666666666,1,0,2,395,2148,1112.6111392405066,35.5
20265,1.0,1888,2026-02-14T02:40,SIN_DEMANDA,0,,,,,,,0,0,0,395,2148,1112.6111392405066,35.5
20265,1.0,1889,2026-02-14T02:50,SIN_DEMANDA,0,,,,,,,0,0,0,395,2148,1112.6111392405066,35.5
20265,1.0,1890,2026-02-14T03:00,SIN_DEMANDA,0,,,,,,,0,0,0,395,2148,1112.6111392405066,35.5
20265,1.0,1891,2026-02-14T03:10,COMPLETA,2048.1777,980.0,980.0,88.0,252.0,2,0.125,1,0,2,395,2148,1112.6111392405066,35.5
20265,1.0,1892,2026-02-14T03:20,SIN_DEMANDA,0,,,,,,,0,0,0,395,2148,1112.6111392405066,35.5
20265,1.0,1893,2026-02-14T03:30,COMPLETA,1905.3042,630.5,630.5,38.0,117.0,1,0.3333333333333333,1,0,1,395,2148,1112.6111392405066,35.5
20265,1.0,1894,2026-02-14T03:40,COMPLETA,2046.438,610.5,610.5,58.0,147.0,1,0.25,1,0,1,395,2148,1112.6111392405066,35.5
20265,1.0,1895,2026-02-14T03:50,SIN_DEMANDA,0,,,,,,,0,0,0,395,2148,1112.6111392405066,35.5
20265,1.0,1896,2026-02-14T04:00,COMPLETA,2066.1476,150.5,150.5,34.0,111.0,1,0.20833333333333334,1,0,1,396,2156,1110.1916666666668,35.5
20265,1.0,1897,2026-02-14T04:10,SIN_DEMANDA,0,,,,,,,0,0,0,396,2156,1110.1916666666668,35.5
20265,1.0,1898,2026-02-14T04:20,SIN_DEMANDA,0,,,,,,,0,0,0,396,2156,1110.1916666666668,35.5
20265,1.0,1899,2026-02-14T04:30,SIN_DEMANDA,0,,,,,,,0,0,0,396,2156,1110.1916666666668,35.5
20265,1.0,1900,2026-02-14T04:40,COMPLETA,2220.8092,393.0,393.0,64.0,216.0,2,0.10416666666666667,1,0,2,396,2156,1110.1916666666668,35.5
20265,1.0,1901,2026-02-14T04:50,SIN_DEMANDA,0,,,,,,,0,0,0,397,2162,1109.8637279596978,35.5
20265,1.0,1902,2026-02-14T05:00,COMPLETA,2060.6918,150.0,150.0,40.0,216.0,2,0.3125,1,0,2,398,2170,1108.6592964824122,35.5
20265,1.0,1903,2026-02-14T05:10,SIN_DEMANDA,0,,,,,,,0,0,0,398,2170,1108.6592964824122,35.5
20265,1.0,1904,2026-02-14T05:20,SIN_DEMANDA,0,,,,,,,0,0,0,398,2170,1108.6592964824122,35.5
20265,1.0,1905,2026-02-14T05:30,COMPLETA,2404.6067,1959.0,1959.0,112.0,408.0,2,0.10416666666666667,1,0,0,400,2181,1105.0185000000001,35.5
20265,1.0,1906,2026-02-14T05:40,COMPLETA,2655.8664,1977.75,1959.0,86.0,369.0,2,0.20833333333333334,2,0,0,400,2181,1105.0185000000001,35.5
20265,1.0,1907,2026-02-14T05:50,COMPLETA,2785.3041,1627.5,927.0,114.0,531.0,3,0.18055555555555555,3,0,0,400,2181,1105.0185000000001,35.5
20265,1.0,1908,2026-02-14T06:00,COMPLETA,2810.7102,1721.0,927.0,160.0,720.0,4,0.17708333333333334,4,0,0,400,2181,1105.0185000000001,35.5
20265,1.0,1909,2026-02-14T06:10,COMPLETA,2862.4513,1721.0,927.0,160.0,720.0,4,0.17708333333333334,4,0,0,401,2186,1103.24289276808,35.5
20265,1.0,1910,2026-02-14T06:20,COMPLETA,3242.1706,1563.48,927.0,274.0,1353.6,7,0.225,5,0,0,401,2186,1103.24289276808,35.5
20265,1.0,1911,2026-02-14T06:30,COMPLETA,3334.7978,1563.48,927.0,274.0,1353.6,7,0.225,5,0,0,402,2191,1100.871641791045,35.5
20265,1.0,1912,2026-02-14T06:40,COMPLETA,4223.0742,1397.95,595.5,332.0,1576.8,8,0.22916666666666666,6,0,0,402,2191,1100.871641791045,35.5
20265,1.0,1913,2026-02-14T06:50,COMPLETA,4634.7134,1397.95,595.5,332.0,1576.8,8,0.22916666666666666,6,0,0,402,2191,1100.871641791045,35.5
20265,1.0,1914,2026-02-14T07:00,COMPLETA,5264.8155,1486.4285714285713,595.5,309.0,1371.0,7,0.23684210526315788,7,0,7,402,2191,1100.871641791045,35.5
20265,1.0,1915,2026-02-14T07:10,SIN_DEMANDA,0,,,,,,,0,0,0,402,2191,1100.871641791045,35.5
20265,1.0,1916,2026-02-14T07:20,SIN_DEMANDA,0,,,,,,,0,0,0,402,2191,1100.871641791045,35.5
20265,1.0,1917,2026-02-14T07:30,SIN_DEMANDA,0,,,,,,,0,0,0,402,2191,1100.871641791045,35.5
20265,1.0,1918,2026-02-14T07:40,COMPLETA,2773.4703,1507.6666666666667,405.0,89.0,520.5,3,0.25,3,0,3,402,2191,1100.871641791045,35.5
20265,1.0,1919,2026-02-14T07:50,SIN_DEMANDA,0,,,,,,,0,0,0,402,2191,1100.871641791045,35.5
20265,1.0,1920,2026-02-14T08:00,SIN_DEMANDA,0,,,,,,,0,0,0,402,2191,1100.871641791045,35.5
20265,1.0,1921,2026-02-14T08:10,COMPLETA,2219.7684,146.8,146.8,78.0,547.2,3,0.4166666666666667,1,0,3,402,2191,1100.871641791045,35.5
20265,1.0,1922,2026-02-14T08:20,SIN_DEMANDA,0,,,,,,,0,0,0,402,2191,1100.871641791045,35.5
20265,1.0,1923,2026-02-14T08:30,SIN_DEMANDA,0,,,,,,,0,0,0,404,2204,1100.0690594059408,35.5
20265,1.0,1924,2026-02-14T08:40,SIN_DEMANDA,0,,,,,,,0,0,0,406,2213,1104.4640394088672,35.5
20265,1.0,1925,2026-02-14T08:50,COMPLETA,2835.0017,805.95,617.4,54.0,346.2,2,0.34375,2,0,2,408,2224,1105.3110294117648,35.5
20265,1.0,1926,2026-02-14T09:00,SIN_DEMANDA,0,,,,,,,0,0,0,409,2227,1103.5987775061126,35.5
20265,1.0,1927,2026-02-14T09:10,SIN_DEMANDA,0,,,,,,,0,0,0,409,2227,1103.5987775061126,35.5
20265,1.0,1928,2026-02-14T09:20,COMPLETA,1467.1696,2091.0,2091.0,12.0,78.0,1,0.08333333333333333,1,0,1,411,2238,1108.2479318734795,35.5
20265,1.0,1929,2026-02-14T09:30,SIN_DEMANDA,0,,,,,,,0,0,0,411,2238,1108.2479318734795,35.5
20265,1.0,1930,2026-02-14T09:40,COMPLETA,1397.913,2039.5,2039.5,57.0,145.5,1,0.041666666666666664,1,0,1,411,2238,1108.2479318734795,35.5
20265,1.0,1931,2026-02-14T09:50,SIN_DEMANDA,0,,,,,,,0,0,0,413,2251,1108.0513317191285,35.5
20265,1.0,1932,2026-02-14T10:00,SIN_DEMANDA,0,,,,,,,0,0,0,413,2251,1108.0513317191285,35.5
20265,1.0,1933,2026-02-14T10:10,SIN_DEMANDA,0,,,,,,,0,0,0,414,2255,1107.7770531400968,35.5
20265,1.0,1934,2026-02-14T10:20,SIN_DEMANDA,0,,,,,,,0,0,0,414,2255,1107.7770531400968,35.5
20265,1.0,1935,2026-02-14T10:30,COMPLETA,2500.7194,992.0,992.0,72.0,228.0,2,0.1875,1,0,2,416,2264,1108.9617788461542,35.5
20265,1.0,1936,2026-02-14T10:40,SIN_DEMANDA,0,,,,,,,0,0,0,416,2264,1108.9617788461542,35.5
20265,1.0,1937,2026-02-14T10:50,SIN_DEMANDA,0,,,,,,,0,0,0,416,2264,1108.9617788461542,35.5
20265,1.0,1938,2026-02-14T11:00,SIN_DEMANDA,0,,,,,,,0,0,0,416,2264,1108.9617788461542,35.5
20265,1.0,1939,2026-02-14T11:10,COMPLETA,1320.2939,2080.5,2080.5,26.0,99.0,1,0.125,1,0,1,416,2264,1108.9617788461542,35.5
20265,1.0,1940,2026-02-14T11:20,SIN_DEMANDA,0,,,,,,,0,0,0,416,2264,1108.9617788461542,35.5
20265,1.0,1941,2026-02-14T11:30,SIN_DEMANDA,0,,,,,,,0,0,0,416,2264,1108.9617788461542,35.5
20265,1.0,1942,2026-02-14T11:40,SIN_DEMANDA,0,,,,,,,0,0,0,417,2265,1111.1932853717028,35.5
20265,1.0,1943,2026-02-14T11:50,SIN_DEMANDA,0,,,,,,,0,0,0,417,2265,1111.1932853717028,35.5
20265,1.0,1944,2026-02-14T12:00,SIN_DEMANDA,0,,,,,,,0,0,0,418,2274,1110.908133971292,35.5
20265,1.0,1945,2026-02-14T12:10,SIN_DEMANDA,0,,,,,,,0,0,0,418,2274,1110.908133971292,35.5
20265,1.0,1946,2026-02-14T12:20,SIN_DEMANDA,0,,,,,,,0,0,0,418,2274,1110.908133971292,35.5
20265,1.0,1947,2026-02-14T12:30,COMPLETA,2165.7728,389.75,385.0,74.0,231.0,2,0.2916666666666667,2,0,2,419,2277,1113.2221957040574,35.5
20265,1.0,1948,2026-02-14T12:40,SIN_DEMANDA,0,,,,,,,0,0,0,419,2277,1113.2221957040574,35.5
20265,1.0,1949,2026-02-14T12:50,COMPLETA,2034.3377,1005.0,1005.0,12.0,78.0,1,0.2916666666666667,1,0,1,419,2277,1113.2221957040574,35.5
20265,1.0,1950,2026-02-14T13:00,SIN_DEMANDA,0,,,,,,,0,0,0,419,2277,1113.2221957040574,35.5
20265,1.0,1951,2026-02-14T13:10,SIN_DEMANDA,0,,,,,,,0,0,0,419,2277,1113.2221957040574,35.5
20265,1.0,1952,2026-02-14T13:20,SIN_DEMANDA,0,,,,,,,0,0,0,419,2277,1113.2221957040574,35.5
20265,1.0,1953,2026-02-14T13:30,SIN_DEMANDA,0,,,,,,,0,0,0,419,2277,1113.2221957040574,35.5
20265,1.0,1954,2026-02-14T13:40,SIN_DEMANDA,0,,,,,,,0,0,0,419,2277,1113.2221957040574,35.5
20265,1.0,1955,2026-02-14T13:50,SIN_DEMANDA,0,,,,,,,0,0,0,419,2277,1113.2221957040574,35.5
20265,1.0,1956,2026-02-14T14:00,SIN_DEMANDA,0,,,,,,,0,0,0,421,2294,1111.2579572446557,35.5
20265,1.0,1957,2026-02-14T14:10,SIN_DEMANDA,0,,,,,,,0,0,0,422,2298,1109.5369668246449,35.5
20265,1.0,1958,2026-02-14T14:20,SIN_DEMANDA,0,,,,,,,0,0,0,422,2298,1109.5369668246449,35.5
20265,1.0,1959,2026-02-14T14:30,COMPLETA,1460.9612,356.5,356.5,38.0,177.0,1,0.08333333333333333,1,0,0,422,2298,1109.5369668246449,35.5
20265,1.0,1960,2026-02-14T14:40,COMPLETA,1578.7515,356.5,356.5,38.0,177.0,1,0.08333333333333333,1,0,0,422,2298,1109.5369668246449,35.5
20265,1.0,1961,2026-02-14T14:50,COMPLETA,1405.929,356.5,356.5,38.0,177.0,1,0.08333333333333333,1,0,0,422,2298,1109.5369668246449,35.5
20265,1.0,1962,2026-02-14T15:00,COMPLETA,1529.7113,356.5,356.5,38.0,177.0,1,0.08333333333333333,1,0,1,422,2298,1109.5369668246449,35.5
20265,1.0,1963,2026-02-14T15:10,COMPLETA,1633.6548,382.0,382.0,48.0,192.0,1,0.125,1,0,1,422,2298,1109.5369668246449,35.5
20265,1.0,1964,2026-02-14T15:20,COMPLETA,1616.8903,394.0,394.0,32.0,168.0,1,0.041666666666666664,1,0,1,422,2298,1109.5369668246449,35.5
20265,1.0,1965,2026-02-14T15:30,SIN_DEMANDA,0,,,,,,,0,0,0,422,2298,1109.5369668246449,35.5
20265,1.0,1966,2026-02-14T15:40,SIN_DEMANDA,0,,,,,,,0,0,0,422,2298,1109.5369668246449,35.5
20265,1.0,1967,2026-02-14T15:50,SIN_DEMANDA,0,,,,,,,0,0,0,422,2298,1109.5369668246449,35.5
20265,1.0,1968,2026-02-14T16:00,SIN_DEMANDA,0,,,,,,,0,0,0,422,2298,1109.5369668246449,35.5
20265,1.0,1969,2026-02-14T16:10,SIN_DEMANDA,0,,,,,,,0,0,0,422,2298,1109.5369668246449,35.5
20265,1.0,1970,2026-02-14T16:20,SIN_DEMANDA,0,,,,,,,0,0,0,422,2298,1109.5369668246449,35.5
20265,1.0,1971,2026-02-14T16:30,SIN_DEMANDA,0,,,,,,,0,0,0,423,2300,1107.7567375886526,35.5
20265,1.0,1972,2026-02-14T16:40,SIN_DEMANDA,0,,,,,,,0,0,0,423,2300,1107.7567375886526,35.5
20265,1.0,1973,2026-02-14T16:50,COMPLETA,1680.3464,2056.5,2056.5,54.0,201.0,1,0.041666666666666664,1,0,1,425,2304,1104.3696470588238,35.5
20265,1.0,1974,2026-02-14T17:00,SIN_DEMANDA,0,,,,,,,0,0,0,425,2304,1104.3696470588238,35.5
20265,1.0,1975,2026-02-14T17:10,SIN_DEMANDA,0,,,,,,,0,0,0,425,2304,1104.3696470588238,35.5
20265,1.0,1976,2026-02-14T17:20,SIN_DEMANDA,0,,,,,,,0,0,0,425,2304,1104.3696470588238,35.5
20265,1.0,1977,2026-02-14T17:30,SIN_DEMANDA,0,,,,,,,0,0,0,425,2304,1104.3696470588238,35.5
20265,1.0,1978,2026-02-14T17:40,SIN_DEMANDA,0,,,,,,,0,0,0,425,2304,1104.3696470588238,35.5
20265,1.0,1979,2026-02-14T17:50,SIN_DEMANDA,0,,,,,,,0,0,0,425,2304,1104.3696470588238,35.5
20265,1.0,1980,2026-02-14T18:00,SIN_DEMANDA,0,,,,,,,0,0,0,425,2304,1104.3696470588238,35.5
20265,1.0,1981,2026-02-14T18:10,SIN_DEMANDA,0,,,,,,,0,0,0,425,2304,1104.3696470588238,35.5
20265,1.0,1982,2026-02-14T18:20,SIN_DEMANDA,0,,,,,,,0,0,0,425,2304,1104.3696470588238,35.5
20265,1.0,1983,2026-02-14T18:30,SIN_DEMANDA,0,,,,,,,0,0,0,425,2304,1104.3696470588238,35.5
20265,1.0,1984,2026-02-14T18:40,SIN_DEMANDA,0,,,,,,,0,0,0,426,2305,1106.604694835681,35.5
20265,1.0,1985,2026-02-14T18:50,SIN_DEMANDA,0,,,,,,,0,0,0,426,2305,1106.604694835681,35.5
20265,1.0,1986,2026-02-14T19:00,SIN_DEMANDA,0,,,,,,,0,0,0,426,2305,1106.604694835681,35.5
20265,1.0,1987,2026-02-14T19:10,SIN_DEMANDA,0,,,,,,,0,0,0,426,2305,1106.604694835681,35.5
20265,1.0,1988,2026-02-14T19:20,SIN_DEMANDA,0,,,,,,,0,0,0,426,2305,1106.604694835681,35.5
20265,1.0,1989,2026-02-14T19:30,COMPLETA,1341.8593,981.0,981.0,44.0,126.0,1,0.08333333333333333,1,0,1,426,2305,1106.604694835681,35.5
20265,1.0,1990,2026-02-14T19:40,SIN_DEMANDA,0,,,,,,,0,0,0,426,2305,1106.604694835681,35.5
20265,1.0,1991,2026-02-14T19:50,SIN_DEMANDA,0,,,,,,,0,0,0,426,2305,1106.604694835681,35.5
20265,1.0,1992,2026-02-14T20:00,SIN_DEMANDA,0,,,,,,,0,0,0,426,2305,1106.604694835681,35.5
20265,1.0,1993,2026-02-14T20:10,SIN_DEMANDA,0,,,,,,,0,0,0,426,2305,1106.604694835681,35.5
20265,1.0,1994,2026-02-14T20:20,SIN_DEMANDA,0,,,,,,,0,0,0,426,2305,1106.604694835681,35.5
20265,1.0,1995,2026-02-14T20:30,SIN_DEMANDA,0,,,,,,,0,0,0,426,2305,1106.604694835681,35.5
20265,1.0,1996,2026-02-14T20:40,SIN_DEMANDA,0,,,,,,,0,0,0,426,2305,1106.604694835681,35.5
20265,1.0,1997,2026-02-14T20:50,COMPLETA,1619.5163,2076.0,2076.0,32.0,108.0,1,0.041666666666666664,1,0,1,426,2305,1106.604694835681,35.5
20265,1.0,1998,2026-02-14T21:00,SIN_DEMANDA,0,,,,,,,0,0,0,426,2305,1106.604694835681,35.5
20265,1.0,1999,2026-02-14T21:10,SIN_DEMANDA,0,,,,,,,0,0,0,427,2307,1106.3105386416864,35.5
20265,1.0,2000,2026-02-14T21:20,SIN_DEMANDA,0,,,,,,,0,0,0,427,2307,1106.3105386416864,35.5
20265,1.0,2001,2026-02-14T21:30,SIN_DEMANDA,0,,,,,,,0,0,0,427,2307,1106.3105386416864,35.5
20265,1.0,2002,2026-02-14T21:40,SIN_DEMANDA,0,,,,,,,0,0,0,427,2307,1106.3105386416864,35.5
20265,1.0,2003,2026-02-14T21:50,SIN_DEMANDA,0,,,,,,,0,0,0,427,2307,1106.3105386416864,35.5
20265,1.0,2004,2026-02-14T22:00,COMPLETA,1856.2609,314.5,314.5,54.0,201.0,1,0.041666666666666664,1,0,0,427,2307,1106.3105386416864,35.5
20265,1.0,2005,2026-02-14T22:10,COMPLETA,1563.2158,314.5,314.5,54.0,201.0,1,0.041666666666666664,1,0,0,427,2307,1106.3105386416864,35.5
20265,1.0,2006,2026-02-14T22:20,COMPLETA,1705.423,314.5,314.5,54.0,201.0,1,0.041666666666666664,1,0,0,428,2308,1108.5761682242992,35.5
20265,1.0,2007,2026-02-14T22:30,COMPLETA,1408.0591,314.5,314.5,54.0,201.0,1,0.041666666666666664,1,0,0,428,2308,1108.5761682242992,35.5
20265,1.0,2008,2026-02-14T22:40,COMPLETA,2888.9434,1181.75,314.5,118.0,537.0,3,0.1388888888888889,2,0,0,428,2308,1108.5761682242992,35.5
20265,1.0,2009,2026-02-14T22:50,COMPLETA,3249.4255,908.8333333333334,314.5,170.0,735.0,4,0.16666666666666666,3,0,0,428,2308,1108.5761682242992,35.5
20265,1.0,2010,2026-02-14T23:00,COMPLETA,3137.5344,908.8333333333334,314.5,170.0,735.0,4,0.16666666666666666,3,0,4,428,2308,1108.5761682242992,35.5
20265,1.0,2011,2026-02-14T23:10,SIN_DEMANDA,0,,,,,,,0,0,0,428,2308,1108.5761682242992,35.5
20265,1.0,2012,2026-02-14T23:20,SIN_DEMANDA,0,,,,,,,0,0,0,428,2308,1108.5761682242992,35.5
20265,1.0,2013,2026-02-14T23:30,SIN_DEMANDA,0,,,,,,,0,0,0,428,2308,1108.5761682242992,35.5
20265,1.0,2014,2026-02-14T23:40,COMPLETA,2044.1834,2050.0,2050.0,59.0,208.5,1,0.16666666666666666,1,0,1,428,2308,1108.5761682242992,35.5
20265,1.0,2015,2026-02-14T23:50,SIN_DEMANDA,0,,,,,,,0,0,0,428,2308,1108.5761682242992,35.5
20265,1.0,2016,2026-02-15T00:00,SIN_DEMANDA,0,,,,,,,0,0,0,428,2308,1108.5761682242992,35.5
20265,1.0,2017,2026-02-15T00:10,SIN_DEMANDA,0,,,,,,,0,0,0,428,2308,1108.5761682242992,35.5
20265,1.0,2018,2026-02-15T00:20,SIN_DEMANDA,0,,,,,,,0,0,0,428,2308,1108.5761682242992,35.5
20265,1.0,2019,2026-02-15T00:30,COMPLETA,1865.8558,396.5,396.5,22.0,153.0,1,0.125,1,0,1,429,2317,1110.7682983682985,35.5
20265,1.0,2020,2026-02-15T00:40,COMPLETA,2629.4167,2060.5,2060.5,42.0,183.0,1,0.2916666666666667,1,0,1,430,2323,1109.0293023255815,35.5
20265,1.0,2021,2026-02-15T00:50,COMPLETA,2379.8652,994.0,994.0,28.0,162.0,1,0.4166666666666667,1,0,1,431,2324,1107.1858468677497,35.5
20265,1.0,2022,2026-02-15T01:00,SIN_DEMANDA,0,,,,,,,0,0,0,431,2324,1107.1858468677497,35.5
20265,1.0,2023,2026-02-15T01:10,SIN_DEMANDA,0,,,,,,,0,0,0,431,2324,1107.1858468677497,35.5
20265,1.0,2024,2026-02-15T01:20,SIN_DEMANDA,0,,,,,,,0,0,0,431,2324,1107.1858468677497,35.5
20265,1.0,2025,2026-02-15T01:30,SIN_DEMANDA,0,,,,,,,0,0,0,432,2328,1109.3682870370374,35.5
20265,1.0,2026,2026-02-15T01:40,SIN_DEMANDA,0,,,,,,,0,0,0,432,2328,1109.3682870370374,35.5
20265,1.0,2027,2026-02-15T01:50,SIN_DEMANDA,0,,,,,,,0,0,0,433,2331,1107.7219399538108,35.5
20265,1.0,2028,2026-02-15T02:00,SIN_DEMANDA,0,,,,,,,0,0,0,433,2331,1107.7219399538108,35.5
20265,1.0,2029,2026-02-15T02:10,SIN_DEMANDA,0,,,,,,,0,0,0,433,2331,1107.7219399538108,35.5
20265,1.0,2030,2026-02-15T02:20,SIN_DEMANDA,0,,,,,,,0,0,0,435,2348,1109.6508045977014,35.5
20265,1.0,2031,2026-02-15T02:30,SIN_DEMANDA,0,,,,,,,0,0,0,435,2348,1109.6508045977014,35.5
20265,1.0,2032,2026-02-15T02:40,COMPLETA,1808.1057,370.5,370.5,66.0,159.0,1,0.041666666666666664,1,0,1,435,2348,1109.6508045977014,35.5
20265,1.0,2033,2026-02-15T02:50,COMPLETA,2448.9383,397.5,397.5,52.0,198.0,2,0.14583333333333334,1,0,2,435,2348,1109.6508045977014,35.5
20265,1.0,2034,2026-02-15T03:00,SIN_DEMANDA,0,,,,,,,0,0,0,435,2348,1109.6508045977014,35.5
20265,1.0,2035,2026-02-15T03:10,COMPLETA,1725.3666,2054.0,2054.0,39.0,121.5,1,0.16666666666666666,1,0,1,435,2348,1109.6508045977014,35.5
20265,1.0,2036,2026-02-15T03:20,SIN_DEMANDA,0,,,,,,,0,0,0,435,2348,1109.6508045977014,35.5
20265,1.0,2037,2026-02-15T03:30,COMPLETA,1891.174,975.0,975.0,54.0,141.0,1,0.25,1,0,1,435,2348,1109.6508045977014,35.5
20265,1.0,2038,2026-02-15T03:40,COMPLETA,2255.1446,995.0,988.0,51.0,196.5,2,0.041666666666666664,2,0,2,435,2348,1109.6508045977014,35.5
20265,1.0,2039,2026-02-15T03:50,SIN_DEMANDA,0,,,,,,,0,0,0,435,2348,1109.6508045977014,35.5
20265,1.0,2040,2026-02-15T04:00,SIN_DEMANDA,0,,,,,,,0,0,0,435,2348,1109.6508045977014,35.5
20265,1.0,2041,2026-02-15T04:10,COMPLETA,2660.5321,2065.5,2065.5,84.0,246.0,2,0.16666666666666666,1,0,2,436,2355,1108.0174311926608,35.5
20265,1.0,2042,2026-02-15T04:20,SIN_DEMANDA,0,,,,,,,0,0,0,436,2355,1108.0174311926608,35.5
20265,1.0,2043,2026-02-15T04:30,SIN_DEMANDA,0,,,,,,,0,0,0,437,2356,1106.3297482837531,35.5
20265,1.0,2044,2026-02-15T04:40,SIN_DEMANDA,0,,,,,,,0,0,0,437,2356,1106.3297482837531,35.5
20265,1.0,2045,2026-02-15T04:50,COMPLETA,2228.8792,582.4,582.4,58.0,199.2,1,0.375,1,0,1,439,2361,1108.250797266515,35.5
20265,1.0,2046,2026-02-15T05:00,SIN_DEMANDA,0,,,,,,,0,0,0,439,2361,1108.250797266515,35.5
20265,1.0,2047,2026-02-15T05:10,SIN_DEMANDA,0,,,,,,,0,0,0,441,2368,1107.675963718821,35.5
20265,1.0,2048,2026-02-15T05:20,COMPLETA,1904.1686,402.0,402.0,20.0,90.0,1,0.08333333333333333,1,0,1,441,2368,1107.675963718821,35.5
20265,1.0,2049,2026-02-15T05:30,SIN_DEMANDA,0,,,,,,,0,0,0,441,2368,1107.675963718821,35.5
20265,1.0,2050,2026-02-15T05:40,SIN_DEMANDA,0,,,,,,,0,0,0,441,2368,1107.675963718821,35.5
20265,1.0,2051,2026-02-15T05:50,COMPLETA,2391.7923,546.5,546.5,92.0,378.0,2,0.20833333333333334,1,0,0,442,2376,1109.8429864253396,35.5
20265,1.0,2052,2026-02-15T06:00,COMPLETA,2284.4733,546.5,546.5,92.0,378.0,2,0.20833333333333334,1,0,0,442,2376,1109.8429864253396,35.5
20265,1.0,2053,2026-02-15T06:10,COMPLETA,2205.4509,546.5,546.5,92.0,378.0,2,0.20833333333333334,1,0,0,442,2376,1109.8429864253396,35.5
20265,1.0,2054,2026-02-15T06:20,COMPLETA,2580.1134,546.5,546.5,92.0,378.0,2,0.20833333333333334,1,0,0,442,2376,1109.8429864253396,35.5
20265,1.0,2055,2026-02-15T06:30,COMPLETA,2803.3808,546.5,546.5,92.0,378.0,2,0.20833333333333334,1,0,0,442,2376,1109.8429864253396,35.5
20265,1.0,2056,2026-02-15T06:40,COMPLETA,2748.778,546.5,546.5,92.0,378.0,2,0.20833333333333334,1,0,0,443,2378,1108.2451467268625,35.5
20265,1.0,2057,2026-02-15T06:50,COMPLETA,2772.7894,546.5,546.5,92.0,378.0,2,0.20833333333333334,1,0,0,443,2378,1108.2451467268625,35.5
20265,1.0,2058,2026-02-15T07:00,COMPLETA,2678.8096,546.5,546.5,92.0,378.0,2,0.20833333333333334,1,0,2,444,2381,1107.060810810811,35.5
20265,1.0,2059,2026-02-15T07:10,SIN_DEMANDA,0,,,,,,,0,0,0,444,2381,1107.060810810811,35.5
20265,1.0,2060,2026-02-15T07:20,SIN_DEMANDA,0,,,,,,,0,0,0,444,2381,1107.060810810811,35.5
20265,1.0,2061,2026-02-15T07:30,SIN_DEMANDA,0,,,,,,,0,0,0,444,2381,1107.060810810811,35.5
20265,1.0,2062,2026-02-15T07:40,SIN_DEMANDA,0,,,,,,,0,0,0,444,2381,1107.060810810811,35.5
20265,1.0,2063,2026-02-15T07:50,COMPLETA,1878.9176,2070.5,2070.5,38.0,177.0,1,0.16666666666666666,1,0,1,444,2381,1107.060810810811,35.5
20265,1.0,2064,2026-02-15T08:00,SIN_DEMANDA,0,,,,,,,0,0,0,444,2381,1107.060810810811,35.5
20265,1.0,2065,2026-02-15T08:10,COMPLETA,2525.8416,149.2,149.2,48.0,355.2,2,0.375,1,0,2,444,2381,1107.060810810811,35.5
20265,1.0,2066,2026-02-15T08:20,SIN_DEMANDA,0,,,,,,,0,0,0,444,2381,1107.060810810811,35.5
20265,1.0,2067,2026-02-15T08:30,SIN_DEMANDA,0,,,,,,,0,0,0,444,2381,1107.060810810811,35.5
20265,1.0,2068,2026-02-15T08:40,SIN_DEMANDA,0,,,,,,,0,0,0,445,2391,1105.801123595506,35.5
20265,1.0,2069,2026-02-15T08:50,SIN_DEMANDA,0,,,,,,,0,0,0,445,2391,1105.801123595506,35.5
20265,1.0,2070,2026-02-15T09:00,SIN_DEMANDA,0,,,,,,,0,0,0,445,2391,1105.801123595506,35.5
20265,1.0,2071,2026-02-15T09:10,SIN_DEMANDA,0,,,,,,,0,0,0,445,2391,1105.801123595506,35.5
20265,1.0,2072,2026-02-15T09:20,SIN_DEMANDA,0,,,,,,,0,0,0,446,2395,1107.9641255605384,35.5
20265,1.0,2073,2026-02-15T09:30,SIN_DEMANDA,0,,,,,,,0,0,0,446,2395,1107.9641255605384,35.5
20265,1.0,2074,2026-02-15T09:40,SIN_DEMANDA,0,,,,,,,0,0,0,447,2401,1105.8192393736022,35.5
20265,1.0,2075,2026-02-15T09:50,SIN_DEMANDA,0,,,,,,,0,0,0,447,2401,1105.8192393736022,35.5
20265,1.0,2076,2026-02-15T10:00,SIN_DEMANDA,0,,,,,,,0,0,0,447,2401,1105.8192393736022,35.5
20265,1.0,2077,2026-02-15T10:10,SIN_DEMANDA,0,,,,,,,0,0,0,447,2401,1105.8192393736022,35.5
20265,1.0,2078,2026-02-15T10:20,COMPLETA,2525.7156,539.5,539.5,77.0,356.5,1,0.25,1,0,1,447,2401,1105.8192393736022,35.5
20265,1.0,2079,2026-02-15T10:30,COMPLETA,2693.2692,1214.0,371.0,120.0,300.0,2,0.1875,2,0,2,447,2401,1105.8192393736022,35.5
20265,1.0,2080,2026-02-15T10:40,COMPLETA,2109.7331,2048.5,2048.5,58.0,147.0,1,0.375,1,0,1,447,2401,1105.8192393736022,35.5
20265,1.0,2081,2026-02-15T10:50,SIN_DEMANDA,0,,,,,,,0,0,0,447,2401,1105.8192393736022,35.5
20265,1.0,2082,2026-02-15T11:00,SIN_DEMANDA,0,,,,,,,0,0,0,447,2401,1105.8192393736022,35.5
20265,1.0,2083,2026-02-15T11:10,SIN_DEMANDA,0,,,,,,,0,0,0,447,2401,1105.8192393736022,35.5
20265,1.0,2084,2026-02-15T11:20,SIN_DEMANDA,0,,,,,,,0,0,0,447,2401,1105.8192393736022,35.5
20265,1.0,2085,2026-02-15T11:30,SIN_DEMANDA,0,,,,,,,0,0,0,447,2401,1105.8192393736022,35.5
20265,1.0,2086,2026-02-15T11:40,SIN_DEMANDA,0,,,,,,,0,0,0,447,2401,1105.8192393736022,35.5
20265,1.0,2087,2026-02-15T11:50,COMPLETA,1459.4277,134.0,134.0,56.0,144.0,1,0.125,1,0,1,447,2401,1105.8192393736022,35.5
20265,1.0,2088,2026-02-15T12:00,COMPLETA,2279.5577,617.0,617.0,56.0,144.0,1,0.20833333333333334,1,0,1,447,2401,1105.8192393736022,35.5
20265,1.0,2089,2026-02-15T12:10,COMPLETA,1773.7702,2066.2,2066.2,24.0,117.6,1,0.375,1,0,1,447,2401,1105.8192393736022,35.5
20265,1.0,2090,2026-02-15T12:20,SIN_DEMANDA,0,,,,,,,0,0,0,449,2410,1106.3011135857464,35.5
20265,1.0,2091,2026-02-15T12:30,COMPLETA,1809.0033,404.6,404.6,12.0,88.8,1,0.25,1,0,1,450,2419,1108.3948888888892,35.5
20265,1.0,2092,2026-02-15T12:40,SIN_DEMANDA,0,,,,,,,0,0,0,450,2419,1108.3948888888892,35.5
20265,1.0,2093,2026-02-15T12:50,SIN_DEMANDA,0,,,,,,,0,0,0,450,2419,1108.3948888888892,35.5
20265,1.0,2094,2026-02-15T13:00,SIN_DEMANDA,0,,,,,,,0,0,0,450,2419,1108.3948888888892,35.5
20265,1.0,2095,2026-02-15T13:10,COMPLETA,2638.4578,989.5,989.5,38.0,117.0,1,0.20833333333333334,1,0,1,450,2419,1108.3948888888892,35.5
20265,1.0,2096,2026-02-15T13:20,SIN_DEMANDA,0,,,,,,,0,0,0,451,2425,1107.1334811529937,35.5
20265,1.0,2097,2026-02-15T13:30,SIN_DEMANDA,0,,,,,,,0,0,0,451,2425,1107.1334811529937,35.5
20265,1.0,2098,2026-02-15T13:40,SIN_DEMANDA,0,,,,,,,0,0,0,453,2431,1107.1024282560709,35.5
20265,1.0,2099,2026-02-15T13:50,COMPLETA,2279.8443,568.5,568.5,26.0,159.0,1,0.3333333333333333,1,0,0,455,2438,1104.481318681319,35.5
20265,1.0,2100,2026-02-15T14:00,COMPLETA,2373.6614,568.5,568.5,26.0,159.0,1,0.3333333333333333,1,0,0,455,2438,1104.481318681319,35.5
20265,1.0,2101,2026-02-15T14:10,COMPLETA,2583.1442,568.5,568.5,26.0,159.0,1,0.3333333333333333,1,0,0,455,2438,1104.481318681319,35.5
20265,1.0,2102,2026-02-15T14:20,COMPLETA,2519.3472,568.5,568.5,26.0,159.0,1,0.3333333333333333,1,0,0,455,2438,1104.481318681319,35.5
20265,1.0,2103,2026-02-15T14:30,COMPLETA,2474.5729,568.5,568.5,26.0,159.0,1,0.3333333333333333,1,0,0,455,2438,1104.481318681319,35.5
20265,1.0,2104,2026-02-15T14:40,COMPLETA,2257.1071,568.5,568.5,26.0,159.0,1,0.3333333333333333,1,0,0,456,2443,1104.229166666667,35.5
20265,1.0,2105,2026-02-15T14:50,COMPLETA,2671.3349,568.5,568.5,26.0,159.0,1,0.3333333333333333,1,0,0,456,2443,1104.229166666667,35.5
20265,1.0,2106,2026-02-15T15:00,COMPLETA,2880.8984,568.5,568.5,26.0,159.0,1,0.3333333333333333,1,0,1,456,2443,1104.229166666667,35.5
20265,1.0,2107,2026-02-15T15:10,SIN_DEMANDA,0,,,,,,,0,0,0,456,2443,1104.229166666667,35.5
20265,1.0,2108,2026-02-15T15:20,SIN_DEMANDA,0,,,,,,,0,0,0,456,2443,1104.229166666667,35.5
20265,1.0,2109,2026-02-15T15:30,SIN_DEMANDA,0,,,,,,,0,0,0,456,2443,1104.229166666667,35.5
20265,1.0,2110,2026-02-15T15:40,SIN_DEMANDA,0,,,,,,,0,0,0,456,2443,1104.229166666667,35.5
20265,1.0,2111,2026-02-15T15:50,COMPLETA,2749.3103,2050.5,2050.5,54.0,201.0,1,0.2916666666666667,1,0,1,456,2443,1104.229166666667,35.5
20265,1.0,2112,2026-02-15T16:00,SIN_DEMANDA,0,,,,,,,0,0,0,456,2443,1104.229166666667,35.5
20265,1.0,2113,2026-02-15T16:10,SIN_DEMANDA,0,,,,,,,0,0,0,456,2443,1104.229166666667,35.5
20265,1.0,2114,2026-02-15T16:20,SIN_DEMANDA,0,,,,,,,0,0,0,457,2451,1103.0568927789936,35.5
20265,1.0,2115,2026-02-15T16:30,SIN_DEMANDA,0,,,,,,,0,0,0,457,2451,1103.0568927789936,35.5
20265,1.0,2116,2026-02-15T16:40,SIN_DEMANDA,0,,,,,,,0,0,0,457,2451,1103.0568927789936,35.5
20265,1.0,2117,2026-02-15T16:50,SIN_DEMANDA,0,,,,,,,0,0,0,457,2451,1103.0568927789936,35.5
20265,1.0,2118,2026-02-15T17:00,SIN_DEMANDA,0,,,,,,,0,0,0,457,2451,1103.0568927789936,35.5
20265,1.0,2119,2026-02-15T17:10,SIN_DEMANDA,0,,,,,,,0,0,0,457,2451,1103.0568927789936,35.5
20265,1.0,2120,2026-02-15T17:20,SIN_DEMANDA,0,,,,,,,0,0,0,457,2451,1103.0568927789936,35.5
20265,1.0,2121,2026-02-15T17:30,SIN_DEMANDA,0,,,,,,,0,0,0,457,2451,1103.0568927789936,35.5
20265,1.0,2122,2026-02-15T17:40,SIN_DEMANDA,0,,,,,,,0,0,0,458,2458,1105.1255458515286,35.5
20265,1.0,2123,2026-02-15T17:50,SIN_DEMANDA,0,,,,,,,0,0,0,458,2458,1105.1255458515286,35.5
20265,1.0,2124,2026-02-15T18:00,SIN_DEMANDA,0,,,,,,,0,0,0,458,2458,1105.1255458515286,35.5
20265,1.0,2125,2026-02-15T18:10,SIN_DEMANDA,0,,,,,,,0,0,0,458,2458,1105.1255458515286,35.5
20265,1.0,2126,2026-02-15T18:20,SIN_DEMANDA,0,,,,,,,0,0,0,458,2458,1105.1255458515286,35.5
20265,1.0,2127,2026-02-15T18:30,SIN_DEMANDA,0,,,,,,,0,0,0,458,2458,1105.1255458515286,35.5
20265,1.0,2128,2026-02-15T18:40,SIN_DEMANDA,0,,,,,,,0,0,0,458,2458,1105.1255458515286,35.5
20265,1.0,2129,2026-02-15T18:50,COMPLETA,2585.8377,2056.5,2048.0,100.0,270.0,2,0.1875,2,0,2,458,2458,1105.1255458515286,35.5
20265,1.0,2130,2026-02-15T19:00,COMPLETA,3933.1493,2068.0,2054.0,172.0,498.0,4,0.14583333333333334,2,0,4,458,2458,1105.1255458515286,35.5
20265,1.0,2131,2026-02-15T19:10,SIN_DEMANDA,0,,,,,,,0,0,0,458,2458,1105.1255458515286,35.5
20265,1.0,2132,2026-02-15T19:20,SIN_DEMANDA,0,,,,,,,0,0,0,458,2458,1105.1255458515286,35.5
20265,1.0,2133,2026-02-15T19:30,COMPLETA,1878.3754,997.0,997.0,24.0,96.0,1,0.08333333333333333,1,0,1,458,2458,1105.1255458515286,35.5
20265,1.0,2134,2026-02-15T19:40,SIN_DEMANDA,0,,,,,,,0,0,0,458,2458,1105.1255458515286,35.5
20265,1.0,2135,2026-02-15T19:50,SIN_DEMANDA,0,,,,,,,0,0,0,458,2458,1105.1255458515286,35.5
20265,1.0,2136,2026-02-15T20:00,COMPLETA,2317.2118,630.5,630.5,30.0,105.0,1,0.25,1,0,1,458,2458,1105.1255458515286,35.5
20265,1.0,2137,2026-02-15T20:10,SIN_DEMANDA,0,,,,,,,0,0,0,458,2458,1105.1255458515286,35.5
20265,1.0,2138,2026-02-15T20:20,COMPLETA,2639.0001,978.0,978.0,44.0,126.0,1,0.20833333333333334,1,0,1,460,2467,1109.3358695652175,35.5
20265,1.0,2139,2026-02-15T20:30,SIN_DEMANDA,0,,,,,,,0,0,0,460,2467,1109.3358695652175,35.5
20265,1.0,2140,2026-02-15T20:40,SIN_DEMANDA,0,,,,,,,0,0,0,462,2481,1113.412337662338,35.5
20265,1.0,2141,2026-02-15T20:50,SIN_DEMANDA,0,,,,,,,0,0,0,463,2483,1113.1609071274302,35.5
20265,1.0,2142,2026-02-15T21:00,COMPLETA,2647.6107,2082.0,2082.0,10.0,84.0,1,1.0,1,0,1,463,2483,1113.1609071274302,35.5
20265,1.0,2143,2026-02-15T21:10,SIN_DEMANDA,0,,,,,,,0,0,0,463,2483,1113.1609071274302,35.5
20265,1.0,2144,2026-02-15T21:20,SIN_DEMANDA,0,,,,,,,0,0,0,463,2483,1113.1609071274302,35.5
20265,1.0,2145,2026-02-15T21:30,COMPLETA,1941.9771,2065.5,2065.5,38.0,117.0,1,0.08333333333333333,1,0,1,464,2489,1112.1206896551726,35.5
20265,1.0,2146,2026-02-15T21:40,SIN_DEMANDA,0,,,,,,,0,0,0,464,2489,1112.1206896551726,35.5
20265,1.0,2147,2026-02-15T21:50,SIN_DEMANDA,0,,,,,,,0,0,0,464,2489,1112.1206896551726,35.5
20265,1.0,2148,2026-02-15T22:00,SIN_DEMANDA,0,,,,,,,0,0,0,465,2494,1111.8322580645163,35.5
20265,1.0,2149,2026-02-15T22:10,SIN_DEMANDA,0,,,,,,,0,0,0,465,2494,1111.8322580645163,35.5
20265,1.0,2150,2026-02-15T22:20,SIN_DEMANDA,0,,,,,,,0,0,0,466,2502,1113.914163090129,35.5
20265,1.0,2151,2026-02-15T22:30,SIN_DEMANDA,0,,,,,,,0,0,0,466,2502,1113.914163090129,35.5
20265,1.0,2152,2026-02-15T22:40,SIN_DEMANDA,0,,,,,,,0,0,0,466,2502,1113.914163090129,35.5
20265,1.0,2153,2026-02-15T22:50,SIN_DEMANDA,0,,,,,,,0,0,0,466,2502,1113.914163090129,35.5
20265,1.0,2154,2026-02-15T23:00,SIN_DEMANDA,0,,,,,,,0,0,0,467,2504,1115.95182012848,35.5
20265,1.0,2155,2026-02-15T23:10,SIN_DEMANDA,0,,,,,,,0,0,0,467,2504,1115.95182012848,35.5
20265,1.0,2156,2026-02-15T23:20,SIN_DEMANDA,0,,,,,,,0,0,0,467,2504,1115.95182012848,35.5
20265,1.0,2157,2026-02-15T23:30,SIN_DEMANDA,0,,,,,,,0,0,0,467,2504,1115.95182012848,35.5
20265,1.0,2158,2026-02-15T23:40,SIN_DEMANDA,0,,,,,,,0,0,0,467,2504,1115.95182012848,35.5
20265,1.0,2159,2026-02-15T23:50,COMPLETA,2714.5917,133.0,133.0,168.0,612.0,3,0.1388888888888889,1,0,3,467,2504,1115.95182012848,35.5
20265,1.0,2160,2026-02-16T00:00,SIN_DEMANDA,0,,,,,,,0,0,0,467,2504,1115.95182012848,35.5
20265,1.0,2161,2026-02-16T00:10,SIN_DEMANDA,0,,,,,,,0,0,0,467,2504,1115.95182012848,35.5
20265,1.0,2162,2026-02-16T00:20,SIN_DEMANDA,0,,,,,,,0,0,0,467,2504,1115.95182012848,35.5
20265,1.0,2163,2026-02-16T00:30,SIN_DEMANDA,0,,,,,,,0,0,0,467,2504,1115.95182012848,35.5
20265,1.0,2164,2026-02-16T00:40,SIN_DEMANDA,0,,,,,,,0,0,0,467,2504,1115.95182012848,35.5
20265,1.0,2165,2026-02-16T00:50,SIN_DEMANDA,0,,,,,,,0,0,0,467,2504,1115.95182012848,35.5
20265,1.0,2166,2026-02-16T01:00,SIN_DEMANDA,0,,,,,,,0,0,0,467,2504,1115.95182012848,35.5
20265,1.0,2167,2026-02-16T01:10,SIN_DEMANDA,0,,,,,,,0,0,0,467,2504,1115.95182012848,35.5
20265,1.0,2168,2026-02-16T01:20,COMPLETA,2567.4729,111.0,111.0,160.0,360.0,2,0.1875,1,0,2,467,2504,1115.95182012848,35.5
20265,1.0,2169,2026-02-16T01:30,SIN_DEMANDA,0,,,,,,,0,0,0,467,2504,1115.95182012848,35.5
20265,1.0,2170,2026-02-16T01:40,SIN_DEMANDA,0,,,,,,,0,0,0,468,2514,1113.851495726496,35.5
20265,1.0,2171,2026-02-16T01:50,SIN_DEMANDA,0,,,,,,,0,0,0,468,2514,1113.851495726496,35.5
20265,1.0,2172,2026-02-16T02:00,SIN_DEMANDA,0,,,,,,,0,0,0,468,2514,1113.851495726496,35.5
20265,1.0,2173,2026-02-16T02:10,COMPLETA,2795.4017,2084.5,2084.5,28.0,162.0,2,0.16666666666666666,1,0,2,468,2514,1113.851495726496,35.5
20265,1.0,2174,2026-02-16T02:20,SIN_DEMANDA,0,,,,,,,0,0,0,468,2514,1113.851495726496,35.5
20265,1.0,2175,2026-02-16T02:30,SIN_DEMANDA,0,,,,,,,0,0,0,468,2514,1113.851495726496,35.5
20265,1.0,2176,2026-02-16T02:40,SIN_DEMANDA,0,,,,,,,0,0,0,468,2514,1113.851495726496,35.5
20265,1.0,2177,2026-02-16T02:50,SIN_DEMANDA,0,,,,,,,0,0,0,468,2514,1113.851495726496,35.5
20265,1.0,2178,2026-02-16T03:00,SIN_DEMANDA,0,,,,,,,0,0,0,468,2514,1113.851495726496,35.5
20265,1.0,2179,2026-02-16T03:10,SIN_DEMANDA,0,,,,,,,0,0,0,468,2514,1113.851495726496,35.5
20265,1.0,2180,2026-02-16T03:20,SIN_DEMANDA,0,,,,,,,0,0,0,469,2523,1111.713219616205,35.5
20265,1.0,2181,2026-02-16T03:30,COMPLETA,3023.9572,2050.6,2050.6,60.0,272.8,2,0.4375,1,0,2,470,2531,1113.7829787234045,35.5
20265,1.0,2182,2026-02-16T03:40,SIN_DEMANDA,0,,,,,,,0,0,0,470,2531,1113.7829787234045,35.5
20265,1.0,2183,2026-02-16T03:50,SIN_DEMANDA,0,,,,,,,0,0,0,470,2531,1113.7829787234045,35.5
20265,1.0,2184,2026-02-16T04:00,SIN_DEMANDA,0,,,,,,,0,0,0,470,2531,1113.7829787234045,35.5
20265,1.0,2185,2026-02-16T04:10,SIN_DEMANDA,0,,,,,,,0,0,0,470,2531,1113.7829787234045,35.5
20265,1.0,2186,2026-02-16T04:20,COMPLETA,2193.4178,2061.0,2061.0,44.0,126.0,1,0.125,1,0,1,470,2531,1113.7829787234045,35.5
20265,1.0,2187,2026-02-16T04:30,COMPLETA,3093.035,144.0,144.0,40.0,120.0,1,0.2916666666666667,1,0,1,470,2531,1113.7829787234045,35.5
20265,1.0,2188,2026-02-16T04:40,SIN_DEMANDA,0,,,,,,,0,0,0,470,2531,1113.7829787234045,35.5
20265,1.0,2189,2026-02-16T04:50,SIN_DEMANDA,0,,,,,,,0,0,0,470,2531,1113.7829787234045,35.5
20265,1.0,2190,2026-02-16T05:00,SIN_DEMANDA,0,,,,,,,0,0,0,470,2531,1113.7829787234045,35.5
20265,1.0,2191,2026-02-16T05:10,SIN_DEMANDA,0,,,,,,,0,0,0,470,2531,1113.7829787234045,35.5
20265,1.0,2192,2026-02-16T05:20,SIN_DEMANDA,0,,,,,,,0,0,0,471,2538,1115.7719745222932,35.5
20265,1.0,2193,2026-02-16T05:30,SIN_DEMANDA,0,,,,,,,0,0,0,471,2538,1115.7719745222932,35.5
20265,1.0,2194,2026-02-16T05:40,COMPLETA,2476.1261,530.5,530.5,116.0,414.0,2,0.10416666666666667,1,0,0,471,2538,1115.7719745222932,35.5
20265,1.0,2195,2026-02-16T05:50,COMPLETA,2288.726,530.5,530.5,116.0,414.0,2,0.10416666666666667,1,0,0,471,2538,1115.7719745222932,35.5
20265,1.0,2196,2026-02-16T06:00,COMPLETA,2382.5371,530.5,530.5,116.0,414.0,2,0.10416666666666667,1,0,0,473,2548,1115.7158562367867,35.5
20265,1.0,2197,2026-02-16T06:10,COMPLETA,2481.8814,530.5,530.5,116.0,414.0,2,0.10416666666666667,1,0,0,473,2548,1115.7158562367867,35.5
20265,1.0,2198,2026-02-16T06:20,COMPLETA,2680.9905,747.75,530.5,128.0,552.0,3,0.09722222222222222,2,0,0,473,2548,1115.7158562367867,35.5
20265,1.0,2199,2026-02-16T06:30,COMPLETA,3009.2441,538.3333333333334,119.5,204.0,906.0,5,0.11666666666666667,3,0,0,473,2548,1115.7158562367867,35.5
20265,1.0,2200,2026-02-16T06:40,COMPLETA,2492.2438,538.3333333333334,119.5,204.0,906.0,5,0.11666666666666667,3,0,0,473,2548,1115.7158562367867,35.5
20265,1.0,2201,2026-02-16T06:50,COMPLETA,3842.4722,917.125,119.5,212.0,918.0,5,0.15833333333333333,4,0,0,473,2548,1115.7158562367867,35.5
20265,1.0,2202,2026-02-16T07:00,COMPLETA,3658.2116,917.125,119.5,212.0,918.0,5,0.15833333333333333,4,0,5,473,2548,1115.7158562367867,35.5
20265,1.0,2203,2026-02-16T07:10,SIN_DEMANDA,0,,,,,,,0,0,0,473,2548,1115.7158562367867,35.5
20265,1.0,2204,2026-02-16T07:20,SIN_DEMANDA,0,,,,,,,0,0,0,473,2548,1115.7158562367867,35.5
20265,1.0,2205,2026-02-16T07:30,SIN_DEMANDA,0,,,,,,,0,0,0,473,2548,1115.7158562367867,35.5
20265,1.0,2206,2026-02-16T07:40,COMPLETA,1988.3866,989.0,989.0,36.0,174.0,1,0.041666666666666664,1,0,1,473,2548,1115.7158562367867,35.5
20265,1.0,2207,2026-02-16T07:50,SIN_DEMANDA,0,,,,,,,0,0,0,473,2548,1115.7158562367867,35.5
20265,1.0,2208,2026-02-16T08:00,SIN_DEMANDA,0,,,,,,,0,0,0,473,2548,1115.7158562367867,35.5
20265,1.0,2209,2026-02-16T08:10,COMPLETA,1588.1518,2088.0,2088.0,12.0,138.0,1,0.08333333333333333,1,0,1,474,2550,1115.3978902953588,35.5
20265,1.0,2210,2026-02-16T08:20,SIN_DEMANDA,0,,,,,,,0,0,0,474,2550,1115.3978902953588,35.5
20265,1.0,2211,2026-02-16T08:30,SIN_DEMANDA,0,,,,,,,0,0,0,475,2557,1113.301263157895,35.5
20265,1.0,2212,2026-02-16T08:40,SIN_DEMANDA,0,,,,,,,0,0,0,476,2562,1115.2764705882355,35.5
20265,1.0,2213,2026-02-16T08:50,SIN_DEMANDA,0,,,,,,,0,0,0,477,2567,1114.0505241090148,35.5
20265,1.0,2214,2026-02-16T09:00,SIN_DEMANDA,0,,,,,,,0,0,0,477,2567,1114.0505241090148,35.5
20265,1.0,2215,2026-02-16T09:10,COMPLETA,1834.5312,599.2,599.2,44.0,165.6,1,0.5,1,0,1,478,2568,1113.7889121338915,35.5
20265,1.0,2216,2026-02-16T09:20,SIN_DEMANDA,0,,,,,,,0,0,0,479,2570,1115.8227557411276,35.5
20265,1.0,2217,2026-02-16T09:30,SIN_DEMANDA,0,,,,,,,0,0,0,479,2570,1115.8227557411276,35.5
20265,1.0,2218,2026-02-16T09:40,COMPLETA,2178.5782,2061.6,2061.6,64.0,273.6,2,0.4375,1,0,2,479,2570,1115.8227557411276,35.5
20265,1.0,2219,2026-02-16T09:50,SIN_DEMANDA,0,,,,,,,0,0,0,479,2570,1115.8227557411276,35.5
20265,1.0,2220,2026-02-16T10:00,SIN_DEMANDA,0,,,,,,,0,0,0,479,2570,1115.8227557411276,35.5
20265,1.0,2221,2026-02-16T10:10,COMPLETA,2258.2891,2061.5,2061.5,82.0,243.0,2,0.10416666666666667,1,0,2,479,2570,1115.8227557411276,35.5
20265,1.0,2222,2026-02-16T10:20,SIN_DEMANDA,0,,,,,,,0,0,0,479,2570,1115.8227557411276,35.5
20265,1.0,2223,2026-02-16T10:30,SIN_DEMANDA,0,,,,,,,0,0,0,479,2570,1115.8227557411276,35.5
20265,1.0,2224,2026-02-16T10:40,SIN_DEMANDA,0,,,,,,,0,0,0,479,2570,1115.8227557411276,35.5
20265,1.0,2225,2026-02-16T10:50,COMPLETA,1936.904,390.5,390.5,30.0,105.0,1,0.125,1,0,1,479,2570,1115.8227557411276,35.5
20265,1.0,2226,2026-02-16T11:00,SIN_DEMANDA,0,,,,,,,0,0,0,479,2570,1115.8227557411276,35.5
20265,1.0,2227,2026-02-16T11:10,SIN_DEMANDA,0,,,,,,,0,0,0,480,2574,1114.7464583333335,35.5
20265,1.0,2228,2026-02-16T11:20,SIN_DEMANDA,0,,,,,,,0,0,0,481,2581,1116.7149688149689,35.5
20265,1.0,2229,2026-02-16T11:30,COMPLETA,2329.8884,640.5,640.5,28.0,162.0,2,0.16666666666666666,1,0,2,481,2581,1116.7149688149689,35.5
20265,1.0,2230,2026-02-16T11:40,SIN_DEMANDA,0,,,,,,,0,0,0,481,2581,1116.7149688149689,35.5
20265,1.0,2231,2026-02-16T11:50,SIN_DEMANDA,0,,,,,,,0,0,0,482,2586,1118.67510373444,35.5
20265,1.0,2232,2026-02-16T12:00,SIN_DEMANDA,0,,,,,,,0,0,0,482,2586,1118.67510373444,35.5
20265,1.0,2233,2026-02-16T12:10,SIN_DEMANDA,0,,,,,,,0,0,0,482,2586,1118.67510373444,35.5
20265,1.0,2234,2026-02-16T12:20,SIN_DEMANDA,0,,,,,,,0,0,0,483,2589,1117.1674948240166,35.5
20265,1.0,2235,2026-02-16T12:30,COMPLETA,2637.7881,144.5,144.5,84.0,246.0,2,0.20833333333333334,1,0,2,483,2589,1117.1674948240166,35.5
20265,1.0,2236,2026-02-16T12:40,SIN_DEMANDA,0,,,,,,,0,0,0,483,2589,1117.1674948240166,35.5
20265,1.0,2237,2026-02-16T12:50,SIN_DEMANDA,0,,,,,,,0,0,0,484,2597,1116.1826446280993,35.5
20265,1.0,2238,2026-02-16T13:00,SIN_DEMANDA,0,,,,,,,0,0,0,484,2597,1116.1826446280993,35.5
20265,1.0,2239,2026-02-16T13:10,COMPLETA,2826.5151,983.0,983.0,96.0,264.0,2,0.14583333333333334,1,0,2,484,2597,1116.1826446280993,35.5
20265,1.0,2240,2026-02-16T13:20,SIN_DEMANDA,0,,,,,,,0,0,0,484,2597,1116.1826446280993,35.5
20265,1.0,2241,2026-02-16T13:30,SIN_DEMANDA,0,,,,,,,0,0,0,484,2597,1116.1826446280993,35.5
20265,1.0,2242,2026-02-16T13:40,SIN_DEMANDA,0,,,,,,,0,0,0,484,2597,1116.1826446280993,35.5
20265,1.0,2243,2026-02-16T13:50,SIN_DEMANDA,0,,,,,,,0,0,0,484,2597,1116.1826446280993,35.5
20265,1.0,2244,2026-02-16T14:00,SIN_DEMANDA,0,,,,,,,0,0,0,484,2597,1116.1826446280993,35.5
20265,1.0,2245,2026-02-16T14:10,SIN_DEMANDA,0,,,,,,,0,0,0,485,2607,1114.179175257732,35.5
20265,1.0,2246,2026-02-16T14:20,SIN_DEMANDA,0,,,,,,,0,0,0,485,2607,1114.179175257732,35.5
20265,1.0,2247,2026-02-16T14:30,SIN_DEMANDA,0,,,,,,,0,0,0,485,2607,1114.179175257732,35.5
20265,1.0,2248,2026-02-16T14:40,SIN_DEMANDA,0,,,,,,,0,0,0,485,2607,1114.179175257732,35.5
20265,1.0,2249,2026-02-16T14:50,SIN_DEMANDA,0,,,,,,,0,0,0,486,2614,1113.9092592592592,35.5
20265,1.0,2250,2026-02-16T15:00,SIN_DEMANDA,0,,,,,,,0,0,0,486,2614,1113.9092592592592,35.5
20265,1.0,2251,2026-02-16T15:10,SIN_DEMANDA,0,,,,,,,0,0,0,486,2614,1113.9092592592592,35.5
20265,1.0,2252,2026-02-16T15:20,COMPLETA,1899.0176,136.5,136.5,54.0,201.0,1,0.041666666666666664,1,0,1,486,2614,1113.9092592592592,35.5
20265,1.0,2253,2026-02-16T15:30,SIN_DEMANDA,0,,,,,,,0,0,0,486,2614,1113.9092592592592,35.5
20265,1.0,2254,2026-02-16T15:40,SIN_DEMANDA,0,,,,,,,0,0,0,486,2614,1113.9092592592592,35.5
20265,1.0,2255,2026-02-16T15:50,SIN_DEMANDA,0,,,,,,,0,0,0,486,2614,1113.9092592592592,35.5
20265,1.0,2256,2026-02-16T16:00,SIN_DEMANDA,0,,,,,,,0,0,0,486,2614,1113.9092592592592,35.5
20265,1.0,2257,2026-02-16T16:10,SIN_DEMANDA,0,,,,,,,0,0,0,486,2614,1113.9092592592592,35.5
20265,1.0,2258,2026-02-16T16:20,SIN_DEMANDA,0,,,,,,,0,0,0,486,2614,1113.9092592592592,35.5
20265,1.0,2259,2026-02-16T16:30,SIN_DEMANDA,0,,,,,,,0,0,0,486,2614,1113.9092592592592,35.5
20265,1.0,2260,2026-02-16T16:40,SIN_DEMANDA,0,,,,,,,0,0,0,486,2614,1113.9092592592592,35.5
20265,1.0,2261,2026-02-16T16:50,SIN_DEMANDA,0,,,,,,,0,0,0,486,2614,1113.9092592592592,35.5
20265,1.0,2262,2026-02-16T17:00,SIN_DEMANDA,0,,,,,,,0,0,0,486,2614,1113.9092592592592,35.5
20265,1.0,2263,2026-02-16T17:10,SIN_DEMANDA,0,,,,,,,0,0,0,487,2615,1111.9022587268994,35.5
20265,1.0,2264,2026-02-16T17:20,SIN_DEMANDA,0,,,,,,,0,0,0,487,2615,1111.9022587268994,35.5
20265,1.0,2265,2026-02-16T17:30,SIN_DEMANDA,0,,,,,,,0,0,0,487,2615,1111.9022587268994,35.5
20265,1.0,2266,2026-02-16T17:40,SIN_DEMANDA,0,,,,,,,0,0,0,487,2615,1111.9022587268994,35.5
20265,1.0,2267,2026-02-16T17:50,SIN_DEMANDA,0,,,,,,,0,0,0,487,2615,1111.9022587268994,35.5
20265,1.0,2268,2026-02-16T18:00,SIN_DEMANDA,0,,,,,,,0,0,0,487,2615,1111.9022587268994,35.5
20265,1.0,2269,2026-02-16T18:10,SIN_DEMANDA,0,,,,,,,0,0,0,487,2615,1111.9022587268994,35.5
20265,1.0,2270,2026-02-16T18:20,SIN_DEMANDA,0,,,,,,,0,0,0,487,2615,1111.9022587268994,35.5
20265,1.0,2271,2026-02-16T18:30,COMPLETA,3145.31,364.5,364.5,198.0,483.0,3,0.125,1,0,3,487,2615,1111.9022587268994,35.5
20265,1.0,2272,2026-02-16T18:40,COMPLETA,2127.0243,2063.0,2063.0,48.0,132.0,1,0.16666666666666666,1,0,1,487,2615,1111.9022587268994,35.5
20265,1.0,2273,2026-02-16T18:50,SIN_DEMANDA,0,,,,,,,0,0,0,487,2615,1111.9022587268994,35.5
20265,1.0,2274,2026-02-16T19:00,SIN_DEMANDA,0,,,,,,,0,0,0,487,2615,1111.9022587268994,35.5
20265,1.0,2275,2026-02-16T19:10,SIN_DEMANDA,0,,,,,,,0,0,0,487,2615,1111.9022587268994,35.5
20265,1.0,2276,2026-02-16T19:20,SIN_DEMANDA,0,,,,,,,0,0,0,487,2615,1111.9022587268994,35.5
20265,1.0,2277,2026-02-16T19:30,SIN_DEMANDA,0,,,,,,,0,0,0,487,2615,1111.9022587268994,35.5
20265,1.0,2278,2026-02-16T19:40,SIN_DEMANDA,0,,,,,,,0,0,0,487,2615,1111.9022587268994,35.5
20265,1.0,2279,2026-02-16T19:50,COMPLETA,2173.2291,2076.4,2076.4,18.0,103.2,1,0.125,1,0,1,487,2615,1111.9022587268994,35.5
20265,1.0,2280,2026-02-16T20:00,SIN_DEMANDA,0,,,,,,,0,0,0,487,2615,1111.9022587268994,35.5
20265,1.0,2281,2026-02-16T20:10,COMPLETA,2394.3329,118.0,118.0,118.0,311.0,2,0.14583333333333334,1,0,2,487,2615,1111.9022587268994,35.5
20265,1.0,2282,2026-02-16T20:20,SIN_DEMANDA,0,,,,,,,0,0,0,489,2628,1112.3188139059305,35.5
20265,1.0,2283,2026-02-16T20:30,SIN_DEMANDA,0,,,,,,,0,0,0,489,2628,1112.3188139059305,35.5
20265,1.0,2284,2026-02-16T20:40,SIN_DEMANDA,0,,,,,,,0,0,0,489,2628,1112.3188139059305,35.5
20265,1.0,2285,2026-02-16T20:50,COMPLETA,3917.2661,461.3333333333333,127.0,194.0,531.0,4,0.1875,3,0,4,489,2628,1112.3188139059305,35.5
20265,1.0,2286,2026-02-16T21:00,SIN_DEMANDA,0,,,,,,,0,0,0,489,2628,1112.3188139059305,35.5
20265,1.0,2287,2026-02-16T21:10,COMPLETA,3430.4753,1922.0,1922.0,171.0,616.5,3,0.1388888888888889,1,0,0,489,2628,1112.3188139059305,35.5
20265,1.0,2288,2026-02-16T21:20,COMPLETA,3592.1058,1455.6,989.2,162.0,646.2,4,0.265625,2,0,2,490,2629,1114.2863265306123,35.5
20265,1.0,2289,2026-02-16T21:30,COMPLETA,3019.7534,1922.0,1922.0,171.0,616.5,3,0.1388888888888889,1,0,0,490,2629,1114.2863265306123,35.5
20265,1.0,2290,2026-02-16T21:40,COMPLETA,2474.7894,1922.0,1922.0,171.0,616.5,3,0.1388888888888889,1,0,0,490,2629,1114.2863265306123,35.5
20265,1.0,2291,2026-02-16T21:50,COMPLETA,4651.4266,1968.3333333333333,1922.0,274.0,1158.0,6,0.1875,3,0,0,490,2629,1114.2863265306123,35.5
20265,1.0,2292,2026-02-16T22:00,COMPLETA,4875.6588,1968.3333333333333,1922.0,274.0,1158.0,6,0.1875,3,0,0,490,2629,1114.2863265306123,35.5
20265,1.0,2293,2026-02-16T22:10,COMPLETA,4336.4452,1968.3333333333333,1922.0,274.0,1158.0,6,0.1875,3,0,0,491,2636,1112.2572301425662,35.5
20265,1.0,2294,2026-02-16T22:20,COMPLETA,4178.1417,1968.3333333333333,1922.0,274.0,1158.0,6,0.1875,3,0,0,492,2642,1111.2922764227644,35.5
20265,1.0,2295,2026-02-16T22:30,COMPLETA,4251.1294,1968.3333333333333,1922.0,274.0,1158.0,6,0.1875,3,0,0,492,2642,1111.2922764227644,35.5
20265,1.0,2296,2026-02-16T22:40,COMPLETA,4174.5369,1968.3333333333333,1922.0,274.0,1158.0,6,0.1875,3,0,0,494,2654,1108.3042510121459,35.5
20265,1.0,2297,2026-02-16T22:50,COMPLETA,3829.7587,1968.3333333333333,1922.0,274.0,1158.0,6,0.1875,3,0,0,495,2661,1108.0636363636363,35.5
20265,1.0,2298,2026-02-16T23:00,COMPLETA,3755.6649,1968.3333333333333,1922.0,274.0,1158.0,6,0.1875,3,0,6,495,2661,1108.0636363636363,35.5
20265,1.0,2299,2026-02-16T23:10,COMPLETA,2089.0023,2052.5,2052.5,50.0,195.0,1,0.375,1,0,1,495,2661,1108.0636363636363,35.5
20265,1.0,2300,2026-02-16T23:20,SIN_DEMANDA,0,,,,,,,0,0,0,495,2661,1108.0636363636363,35.5
20265,1.0,2301,2026-02-16T23:30,SIN_DEMANDA,0,,,,,,,0,0,0,495,2661,1108.0636363636363,35.5
20265,1.0,2302,2026-02-16T23:40,SIN_DEMANDA,0,,,,,,,0,0,0,495,2661,1108.0636363636363,35.5
20265,1.0,2303,2026-02-16T23:50,SIN_DEMANDA,0,,,,,,,0,0,0,495,2661,1108.0636363636363,35.5
20265,1.0,2304,2026-02-17T00:00,SIN_DEMANDA,0,,,,,,,0,0,0,495,2661,1108.0636363636363,35.5
20265,1.0,2305,2026-02-17T00:10,SIN_DEMANDA,0,,,,,,,0,0,0,495,2661,1108.0636363636363,35.5
20265,1.0,2306,2026-02-17T00:20,SIN_DEMANDA,0,,,,,,,0,0,0,495,2661,1108.0636363636363,35.5
20265,1.0,2307,2026-02-17T00:30,SIN_DEMANDA,0,,,,,,,0,0,0,496,2665,1109.8548387096773,35.5
20265,1.0,2308,2026-02-17T00:40,SIN_DEMANDA,0,,,,,,,0,0,0,497,2679,1111.618712273642,35.5
20265,1.0,2309,2026-02-17T00:50,SIN_DEMANDA,0,,,,,,,0,0,0,498,2688,1113.508032128514,35.5
20265,1.0,2310,2026-02-17T01:00,SIN_DEMANDA,0,,,,,,,0,0,0,498,2688,1113.508032128514,35.5
20265,1.0,2311,2026-02-17T01:10,SIN_DEMANDA,0,,,,,,,0,0,0,499,2694,1115.1282565130261,35.5
20265,1.0,2312,2026-02-17T01:20,SIN_DEMANDA,0,,,,,,,0,0,0,499,2694,1115.1282565130261,35.5
20265,1.0,2313,2026-02-17T01:30,SIN_DEMANDA,0,,,,,,,0,0,0,499,2694,1115.1282565130261,35.5
20265,1.0,2314,2026-02-17T01:40,SIN_DEMANDA,0,,,,,,,0,0,0,499,2694,1115.1282565130261,35.5
20265,1.0,2315,2026-02-17T01:50,SIN_DEMANDA,0,,,,,,,0,0,0,499,2694,1115.1282565130261,35.5
20265,1.0,2316,2026-02-17T02:00,SIN_DEMANDA,0,,,,,,,0,0,0,499,2694,1115.1282565130261,35.5
20265,1.0,2317,2026-02-17T02:10,SIN_DEMANDA,0,,,,,,,0,0,0,499,2694,1115.1282565130261,35.5
20265,1.0,2318,2026-02-17T02:20,SIN_DEMANDA,0,,,,,,,0,0,0,499,2694,1115.1282565130261,35.5
20265,1.0,2319,2026-02-17T02:30,SIN_DEMANDA,0,,,,,,,0,0,0,499,2694,1115.1282565130261,35.5
20265,1.0,2320,2026-02-17T02:40,SIN_DEMANDA,0,,,,,,,0,0,0,499,2694,1115.1282565130261,35.5
20265,1.0,2321,2026-02-17T02:50,SIN_DEMANDA,0,,,,,,,0,0,0,499,2694,1115.1282565130261,35.5
20265,1.0,2322,2026-02-17T03:00,SIN_DEMANDA,0,,,,,,,0,0,0,499,2694,1115.1282565130261,35.5
20265,1.0,2323,2026-02-17T03:10,SIN_DEMANDA,0,,,,,,,0,0,0,499,2694,1115.1282565130261,35.5
20265,1.0,2324,2026-02-17T03:20,SIN_DEMANDA,0,,,,,,,0,0,0,499,2694,1115.1282565130261,35.5
20265,1.0,2325,2026-02-17T03:30,SIN_DEMANDA,0,,,,,,,0,0,0,499,2694,1115.1282565130261,35.5
20265,1.0,2326,2026-02-17T03:40,SIN_DEMANDA,0,,,,,,,0,0,0,499,2694,1115.1282565130261,35.5
20265,1.0,2327,2026-02-17T03:50,SIN_DEMANDA,0,,,,,,,0,0,0,499,2694,1115.1282565130261,35.5
20265,1.0,2328,2026-02-17T04:00,SIN_DEMANDA,0,,,,,,,0,0,0,499,2694,1115.1282565130261,35.5
20265,1.0,2329,2026-02-17T04:10,SIN_DEMANDA,0,,,,,,,0,0,0,499,2694,1115.1282565130261,35.5
20265,1.0,2330,2026-02-17T04:20,SIN_DEMANDA,0,,,,,,,0,0,0,499,2694,1115.1282565130261,35.5
20265,1.0,2331,2026-02-17T04:30,COMPLETA,1360.866,155.5,155.5,30.0,105.0,1,0.16666666666666666,1,0,1,499,2694,1115.1282565130261,35.5
20265,1.0,2332,2026-02-17T04:40,SIN_DEMANDA,0,,,,,,,0,0,0,499,2694,1115.1282565130261,35.5
20265,1.0,2333,2026-02-17T04:50,SIN_DEMANDA,0,,,,,,,0,0,0,499,2694,1115.1282565130261,35.5
20265,1.0,2334,2026-02-17T05:00,SIN_DEMANDA,0,,,,,,,0,0,0,499,2694,1115.1282565130261,35.5
20265,1.0,2335,2026-02-17T05:10,SIN_DEMANDA,0,,,,,,,0,0,0,499,2694,1115.1282565130261,35.5
20265,1.0,2336,2026-02-17T05:20,SIN_DEMANDA,0,,,,,,,0,0,0,499,2694,1115.1282565130261,35.5
20265,1.0,2337,2026-02-17T05:30,COMPLETA,2004.266,2066.5,2066.5,68.0,222.0,2,0.16666666666666666,1,0,2,499,2694,1115.1282565130261,35.5
20265,1.0,2338,2026-02-17T05:40,SIN_DEMANDA,0,,,,,,,0,0,0,499,2694,1115.1282565130261,35.5
20265,1.0,2339,2026-02-17T05:50,SIN_DEMANDA,0,,,,,,,0,0,0,499,2694,1115.1282565130261,35.5
20265,1.0,2340,2026-02-17T06:00,SIN_DEMANDA,0,,,,,,,0,0,0,500,2698,1113.209,35.5
20265,1.0,2341,2026-02-17T06:10,SIN_DEMANDA,0,,,,,,,0,0,0,500,2698,1113.209,35.5
20265,1.0,2342,2026-02-17T06:20,SIN_DEMANDA,0,,,,,,,0,0,0,500,2698,1113.209,35.5
20265,1.0,2343,2026-02-17T06:30,SIN_DEMANDA,0,,,,,,,0,0,0,500,2698,1113.209,35.5
20265,1.0,2344,2026-02-17T06:40,SIN_DEMANDA,0,,,,,,,0,0,0,500,2698,1113.209,35.5
20265,1.0,2345,2026-02-17T06:50,SIN_DEMANDA,0,,,,,,,0,0,0,500,2698,1113.209,35.5
20265,1.0,2346,2026-02-17T07:00,SIN_DEMANDA,0,,,,,,,0,0,0,501,2706,1115.1117764471057,35.5
20265,1.0,2347,2026-02-17T07:10,COMPLETA,2504.7959,634.5,628.0,64.0,456.0,3,0.2222222222222222,2,0,3,501,2706,1115.1117764471057,35.5
20265,1.0,2348,2026-02-17T07:20,SIN_DEMANDA,0,,,,,,,0,0,0,501,2706,1115.1117764471057,35.5
20265,1.0,2349,2026-02-17T07:30,COMPLETA,2287.5736,399.0,399.0,20.0,150.0,1,0.375,1,0,1,501,2706,1115.1117764471057,35.5
20265,1.0,2350,2026-02-17T07:40,SIN_DEMANDA,0,,,,,,,0,0,0,501,2706,1115.1117764471057,35.5
20265,1.0,2351,2026-02-17T07:50,COMPLETA,2617.8997,2067.25,2057.0,66.0,339.0,2,0.2708333333333333,2,0,2,501,2706,1115.1117764471057,35.5
20265,1.0,2352,2026-02-17T08:00,SIN_DEMANDA,0,,,,,,,0,0,0,501,2706,1115.1117764471057,35.5
20265,1.0,2353,2026-02-17T08:10,SIN_DEMANDA,0,,,,,,,0,0,0,501,2706,1115.1117764471057,35.5
20265,1.0,2354,2026-02-17T08:20,COMPLETA,2355.871,1110.75,140.0,62.0,333.0,2,0.08333333333333333,2,0,2,501,2706,1115.1117764471057,35.5
20265,1.0,2355,2026-02-17T08:30,SIN_DEMANDA,0,,,,,,,0,0,0,502,2716,1114.167330677291,35.5
20265,1.0,2356,2026-02-17T08:40,SIN_DEMANDA,0,,,,,,,0,0,0,503,2722,1113.2007952286283,35.5
20265,1.0,2357,2026-02-17T08:50,SIN_DEMANDA,0,,,,,,,0,0,0,504,2731,1111.7837301587301,35.5
20265,1.0,2358,2026-02-17T09:00,COMPLETA,2301.7051,794.25,633.0,106.0,279.0,2,0.041666666666666664,2,0,2,504,2731,1111.7837301587301,35.5
20265,1.0,2359,2026-02-17T09:10,SIN_DEMANDA,0,,,,,,,0,0,0,505,2740,1113.6960396039603,35.5
20265,1.0,2360,2026-02-17T09:20,SIN_DEMANDA,0,,,,,,,0,0,0,505,2740,1113.6960396039603,35.5
20265,1.0,2361,2026-02-17T09:30,SIN_DEMANDA,0,,,,,,,0,0,0,506,2744,1115.560276679842,35.5
20265,1.0,2362,2026-02-17T09:40,SIN_DEMANDA,0,,,,,,,0,0,0,507,2747,1117.465483234714,35.5
20265,1.0,2363,2026-02-17T09:50,COMPLETA,2103.8767,129.0,129.0,48.0,132.0,1,0.375,1,0,1,507,2747,1117.465483234714,35.5
20265,1.0,2364,2026-02-17T10:00,COMPLETA,1814.8064,2059.0,2059.0,52.0,138.0,1,0.16666666666666666,1,0,1,508,2748,1115.541338582677,35.5
20265,1.0,2365,2026-02-17T10:10,SIN_DEMANDA,0,,,,,,,0,0,0,508,2748,1115.541338582677,35.5
20265,1.0,2366,2026-02-17T10:20,SIN_DEMANDA,0,,,,,,,0,0,0,508,2748,1115.541338582677,35.5
20265,1.0,2367,2026-02-17T10:30,SIN_DEMANDA,0,,,,,,,0,0,0,509,2749,1114.5933202357564,35.5
20265,1.0,2368,2026-02-17T10:40,SIN_DEMANDA,0,,,,,,,0,0,0,509,2749,1114.5933202357564,35.5
20265,1.0,2369,2026-02-17T10:50,SIN_DEMANDA,0,,,,,,,0,0,0,509,2749,1114.5933202357564,35.5
20265,1.0,2370,2026-02-17T11:00,SIN_DEMANDA,0,,,,,,,0,0,0,510,2750,1114.2813725490196,35.5
20265,1.0,2371,2026-02-17T11:10,SIN_DEMANDA,0,,,,,,,0,0,0,510,2750,1114.2813725490196,35.5
20265,1.0,2372,2026-02-17T11:20,SIN_DEMANDA,0,,,,,,,0,0,0,510,2750,1114.2813725490196,35.5
20265,1.0,2373,2026-02-17T11:30,SIN_DEMANDA,0,,,,,,,0,0,0,510,2750,1114.2813725490196,35.5
20265,1.0,2374,2026-02-17T11:40,COMPLETA,2072.283,953.0,953.0,60.0,150.0,1,0.2916666666666667,1,0,0,512,2763,1114.2021484375,35.5
20265,1.0,2375,2026-02-17T11:50,COMPLETA,1897.917,953.0,953.0,60.0,150.0,1,0.2916666666666667,1,0,1,512,2763,1114.2021484375,35.5
20265,1.0,2376,2026-02-17T12:00,SIN_DEMANDA,0,,,,,,,0,0,0,512,2763,1114.2021484375,35.5
20265,1.0,2377,2026-02-17T12:10,SIN_DEMANDA,0,,,,,,,0,0,0,512,2763,1114.2021484375,35.5
20265,1.0,2378,2026-02-17T12:20,SIN_DEMANDA,0,,,,,,,0,0,0,512,2763,1114.2021484375,35.5
20265,1.0,2379,2026-02-17T12:30,SIN_DEMANDA,0,,,,,,,0,0,0,512,2763,1114.2021484375,35.5
20265,1.0,2380,2026-02-17T12:40,SIN_DEMANDA,0,,,,,,,0,0,0,512,2763,1114.2021484375,35.5
20265,1.0,2381,2026-02-17T12:50,SIN_DEMANDA,0,,,,,,,0,0,0,512,2763,1114.2021484375,35.5
20265,1.0,2382,2026-02-17T13:00,SIN_DEMANDA,0,,,,,,,0,0,0,512,2763,1114.2021484375,35.5
20265,1.0,2383,2026-02-17T13:10,COMPLETA,1584.962,2082.0,2082.0,12.0,78.0,1,0.16666666666666666,1,0,1,512,2763,1114.2021484375,35.5
20265,1.0,2384,2026-02-17T13:20,COMPLETA,1772.1181,2083.5,2083.5,14.0,81.0,1,0.25,1,0,1,512,2763,1114.2021484375,35.5
20265,1.0,2385,2026-02-17T13:30,SIN_DEMANDA,0,,,,,,,0,0,0,512,2763,1114.2021484375,35.5
20265,1.0,2386,2026-02-17T13:40,SIN_DEMANDA,0,,,,,,,0,0,0,512,2763,1114.2021484375,35.5
20265,1.0,2387,2026-02-17T13:50,SIN_DEMANDA,0,,,,,,,0,0,0,513,2770,1113.8879142300195,35.5
20265,1.0,2388,2026-02-17T14:00,SIN_DEMANDA,0,,,,,,,0,0,0,513,2770,1113.8879142300195,35.5
20265,1.0,2389,2026-02-17T14:10,COMPLETA,1391.7025,937.5,937.5,42.0,183.0,1,0.125,1,0,0,513,2770,1113.8879142300195,35.5
20265,1.0,2390,2026-02-17T14:20,COMPLETA,1461.4283,937.5,937.5,42.0,183.0,1,0.125,1,0,0,514,2774,1115.7714007782101,35.5
20265,1.0,2391,2026-02-17T14:30,COMPLETA,1697.0405,937.5,937.5,42.0,183.0,1,0.125,1,0,0,514,2774,1115.7714007782101,35.5
20265,1.0,2392,2026-02-17T14:40,COMPLETA,1508.8327,937.5,937.5,42.0,183.0,1,0.125,1,0,0,515,2780,1117.6504854368932,35.5
20265,1.0,2393,2026-02-17T14:50,COMPLETA,1602.9582,937.5,937.5,42.0,183.0,1,0.125,1,0,0,515,2780,1117.6504854368932,35.5
20265,1.0,2394,2026-02-17T15:00,COMPLETA,1546.9071,937.5,937.5,42.0,183.0,1,0.125,1,0,1,515,2780,1117.6504854368932,35.5
20265,1.0,2395,2026-02-17T15:10,SIN_DEMANDA,0,,,,,,,0,0,0,515,2780,1117.6504854368932,35.5
20265,1.0,2396,2026-02-17T15:20,SIN_DEMANDA,0,,,,,,,0,0,0,515,2780,1117.6504854368932,35.5
20265,1.0,2397,2026-02-17T15:30,COMPLETA,2228.6165,2064.25,2055.5,183.0,754.5,4,0.16666666666666666,2,0,4,515,2780,1117.6504854368932,35.5
20265,1.0,2398,2026-02-17T15:40,COMPLETA,1850.4727,2085.5,2085.5,18.0,147.0,1,0.25,1,0,1,515,2780,1117.6504854368932,35.5
20265,1.0,2399,2026-02-17T15:50,SIN_DEMANDA,0,,,,,,,0,0,0,515,2780,1117.6504854368932,35.5
20265,1.0,2400,2026-02-17T16:00,SIN_DEMANDA,0,,,,,,,0,0,0,515,2780,1117.6504854368932,35.5
20265,1.0,2401,2026-02-17T16:10,SIN_DEMANDA,0,,,,,,,0,0,0,515,2780,1117.6504854368932,35.5
20265,1.0,2402,2026-02-17T16:20,SIN_DEMANDA,0,,,,,,,0,0,0,515,2780,1117.6504854368932,35.5
20265,1.0,2403,2026-02-17T16:30,SIN_DEMANDA,0,,,,,,,0,0,0,515,2780,1117.6504854368932,35.5
20265,1.0,2404,2026-02-17T16:40,SIN_DEMANDA,0,,,,,,,0,0,0,516,2783,1117.3013565891472,35.5
20265,1.0,2405,2026-02-17T16:50,SIN_DEMANDA,0,,,,,,,0,0,0,516,2783,1117.3013565891472,35.5
20265,1.0,2406,2026-02-17T17:00,SIN_DEMANDA,0,,,,,,,0,0,0,518,2795,1121.015444015444,35.5
20265,1.0,2407,2026-02-17T17:10,SIN_DEMANDA,0,,,,,,,0,0,0,518,2795,1121.015444015444,35.5
20265,1.0,2408,2026-02-17T17:20,SIN_DEMANDA,0,,,,,,,0,0,0,519,2805,1122.815992292871,35.5
20265,1.0,2409,2026-02-17T17:30,SIN_DEMANDA,0,,,,,,,0,0,0,519,2805,1122.815992292871,35.5
20265,1.0,2410,2026-02-17T17:40,SIN_DEMANDA,0,,,,,,,0,0,0,519,2805,1122.815992292871,35.5
20265,1.0,2411,2026-02-17T17:50,SIN_DEMANDA,0,,,,,,,0,0,0,519,2805,1122.815992292871,35.5
20265,1.0,2412,2026-02-17T18:00,SIN_DEMANDA,0,,,,,,,0,0,0,519,2805,1122.815992292871,35.5
20265,1.0,2413,2026-02-17T18:10,COMPLETA,1353.658,2060.0,2060.0,52.0,138.0,1,0.16666666666666666,1,0,1,519,2805,1122.815992292871,35.5
20265,1.0,2414,2026-02-17T18:20,COMPLETA,2305.4512,403.5,403.5,28.0,162.0,2,0.10416666666666667,1,0,2,519,2805,1122.815992292871,35.5
20265,1.0,2415,2026-02-17T18:30,SIN_DEMANDA,0,,,,,,,0,0,0,519,2805,1122.815992292871,35.5
20265,1.0,2416,2026-02-17T18:40,COMPLETA,2496.3858,2026.0,2026.0,79.0,178.5,1,0.25,1,0,1,519,2805,1122.815992292871,35.5
20265,1.0,2417,2026-02-17T18:50,SIN_DEMANDA,0,,,,,,,0,0,0,519,2805,1122.815992292871,35.5
20265,1.0,2418,2026-02-17T19:00,COMPLETA,2057.9704,380.0,380.0,44.0,126.0,1,0.25,1,0,1,519,2805,1122.815992292871,35.5
20265,1.0,2419,2026-02-17T19:10,SIN_DEMANDA,0,,,,,,,0,0,0,519,2805,1122.815992292871,35.5
20265,1.0,2420,2026-02-17T19:20,COMPLETA,2334.1916,353.5,353.5,58.0,147.0,1,0.4166666666666667,1,0,0,519,2805,1122.815992292871,35.5
20265,1.0,2421,2026-02-17T19:30,COMPLETA,2678.328,472.65,353.5,214.0,781.2,4,0.3958333333333333,2,0,3,519,2805,1122.815992292871,35.5
20265,1.0,2422,2026-02-17T19:40,COMPLETA,2170.0585,353.5,353.5,58.0,147.0,1,0.4166666666666667,1,0,1,520,2810,1121.4326923076924,35.5
20265,1.0,2423,2026-02-17T19:50,COMPLETA,1525.1623,2089.0,2089.0,8.0,72.0,1,0.08333333333333333,1,0,1,521,2814,1123.2341650671785,35.5
20265,1.0,2424,2026-02-17T20:00,SIN_DEMANDA,0,,,,,,,0,0,0,521,2814,1123.2341650671785,35.5
20265,1.0,2425,2026-02-17T20:10,SIN_DEMANDA,0,,,,,,,0,0,0,521,2814,1123.2341650671785,35.5
20265,1.0,2426,2026-02-17T20:20,SIN_DEMANDA,0,,,,,,,0,0,0,521,2814,1123.2341650671785,35.5
20265,1.0,2427,2026-02-17T20:30,COMPLETA,1541.8862,2072.4,2072.4,18.0,103.2,1,0.375,1,0,1,521,2814,1123.2341650671785,35.5
20265,1.0,2428,2026-02-17T20:40,SIN_DEMANDA,0,,,,,,,0,0,0,522,2820,1121.8103448275863,35.5
20265,1.0,2429,2026-02-17T20:50,SIN_DEMANDA,0,,,,,,,0,0,0,522,2820,1121.8103448275863,35.5
20265,1.0,2430,2026-02-17T21:00,SIN_DEMANDA,0,,,,,,,0,0,0,524,2828,1125.381679389313,35.5
20265,1.0,2431,2026-02-17T21:10,SIN_DEMANDA,0,,,,,,,0,0,0,524,2828,1125.381679389313,35.5
20265,1.0,2432,2026-02-17T21:20,COMPLETA,1709.9964,998.5,998.5,26.0,99.0,1,0.08333333333333333,1,0,1,524,2828,1125.381679389313,35.5
20265,1.0,2433,2026-02-17T21:30,COMPLETA,2355.7531,1000.0,1000.0,76.0,234.0,2,0.14583333333333334,1,0,2,525,2838,1123.9114285714286,35.5
20265,1.0,2434,2026-02-17T21:40,SIN_DEMANDA,0,,,,,,,0,0,0,526,2847,1122.8998098859317,35.5
20265,1.0,2435,2026-02-17T21:50,SIN_DEMANDA,0,,,,,,,0,0,0,526,2847,1122.8998098859317,35.5
20265,1.0,2436,2026-02-17T22:00,SIN_DEMANDA,0,,,,,,,0,0,0,527,2850,1124.7015180265655,35.5
20265,1.0,2437,2026-02-17T22:10,SIN_DEMANDA,0,,,,,,,0,0,0,527,2850,1124.7015180265655,35.5
20265,1.0,2438,2026-02-17T22:20,COMPLETA,2242.57,2041.0,2041.0,48.0,312.0,2,0.14583333333333334,1,0,0,527,2850,1124.7015180265655,35.5
20265,1.0,2439,2026-02-17T22:30,COMPLETA,2119.8581,2041.0,2041.0,48.0,312.0,2,0.14583333333333334,1,0,0,527,2850,1124.7015180265655,35.5
20265,1.0,2440,2026-02-17T22:40,COMPLETA,2568.8551,2049.0,2041.0,72.0,468.0,3,0.1527777777777778,2,0,0,528,2852,1124.4625,35.5
20265,1.0,2441,2026-02-17T22:50,COMPLETA,2290.5432,2049.0,2041.0,72.0,468.0,3,0.1527777777777778,2,0,0,529,2859,1124.2272211720228,35.5
20265,1.0,2442,2026-02-17T23:00,COMPLETA,2632.4932,2048.6666666666665,2041.0,132.0,678.0,4,0.14583333333333334,3,0,4,529,2859,1124.2272211720228,35.5
20265,1.0,2443,2026-02-17T23:10,COMPLETA,1986.398,127.5,127.5,114.0,411.0,2,0.10416666666666667,1,0,2,529,2859,1124.2272211720228,35.5
20265,1.0,2444,2026-02-17T23:20,SIN_DEMANDA,0,,,,,,,0,0,0,529,2859,1124.2272211720228,35.5
20265,1.0,2445,2026-02-17T23:30,SIN_DEMANDA,0,,,,,,,0,0,0,529,2859,1124.2272211720228,35.5
20265,1.0,2446,2026-02-17T23:40,SIN_DEMANDA,0,,,,,,,0,0,0,529,2859,1124.2272211720228,35.5
20265,1.0,2447,2026-02-17T23:50,SIN_DEMANDA,0,,,,,,,0,0,0,529,2859,1124.2272211720228,35.5
20265,1.0,2448,2026-02-18T00:00,SIN_DEMANDA,0,,,,,,,0,0,0,529,2859,1124.2272211720228,35.5
20265,1.0,2449,2026-02-18T00:10,SIN_DEMANDA,0,,,,,,,0,0,0,529,2859,1124.2272211720228,35.5
20265,1.0,2450,2026-02-18T00:20,SIN_DEMANDA,0,,,,,,,0,0,0,531,2870,1127.7103578154426,35.5
20265,1.0,2451,2026-02-18T00:30,COMPLETA,2104.2454,610.5,610.5,58.0,207.0,1,0.375,1,0,1,531,2870,1127.7103578154426,35.5
20265,1.0,2452,2026-02-18T00:40,SIN_DEMANDA,0,,,,,,,0,0,0,531,2870,1127.7103578154426,35.5
20265,1.0,2453,2026-02-18T00:50,SIN_DEMANDA,0,,,,,,,0,0,0,532,2873,1129.44022556391,35.5
20265,1.0,2454,2026-02-18T01:00,SIN_DEMANDA,0,,,,,,,0,0,0,533,2878,1127.5604127579738,35.5
20265,1.0,2455,2026-02-18T01:10,SIN_DEMANDA,0,,,,,,,0,0,0,533,2878,1127.5604127579738,35.5
20265,1.0,2456,2026-02-18T01:20,SIN_DEMANDA,0,,,,,,,0,0,0,533,2878,1127.5604127579738,35.5
20265,1.0,2457,2026-02-18T01:30,SIN_DEMANDA,0,,,,,,,0,0,0,533,2878,1127.5604127579738,35.5
20265,1.0,2458,2026-02-18T01:40,COMPLETA,1337.5054,130.0,130.0,64.0,156.0,1,0.08333333333333333,1,0,1,533,2878,1127.5604127579738,35.5
20265,1.0,2459,2026-02-18T01:50,SIN_DEMANDA,0,,,,,,,0,0,0,533,2878,1127.5604127579738,35.5
20265,1.0,2460,2026-02-18T02:00,SIN_DEMANDA,0,,,,,,,0,0,0,533,2878,1127.5604127579738,35.5
20265,1.0,2461,2026-02-18T02:10,SIN_DEMANDA,0,,,,,,,0,0,0,533,2878,1127.5604127579738,35.5
20265,1.0,2462,2026-02-18T02:20,COMPLETA,1061.2695,2065.5,2065.5,34.0,111.0,1,0.16666666666666666,1,0,1,534,2887,1126.5921348314607,35.5
20265,1.0,2463,2026-02-18T02:30,SIN_DEMANDA,0,,,,,,,0,0,0,534,2887,1126.5921348314607,35.5
20265,1.0,2464,2026-02-18T02:40,COMPLETA,1964.6654,617.0,617.0,96.0,264.0,2,0.20833333333333334,1,0,2,534,2887,1126.5921348314607,35.5
20265,1.0,2465,2026-02-18T02:50,SIN_DEMANDA,0,,,,,,,0,0,0,534,2887,1126.5921348314607,35.5
20265,1.0,2466,2026-02-18T03:00,COMPLETA,1441.4769,2055.5,2055.5,50.0,135.0,1,0.125,1,0,1,534,2887,1126.5921348314607,35.5
20265,1.0,2467,2026-02-18T03:10,SIN_DEMANDA,0,,,,,,,0,0,0,534,2887,1126.5921348314607,35.5
20265,1.0,2468,2026-02-18T03:20,SIN_DEMANDA,0,,,,,,,0,0,0,534,2887,1126.5921348314607,35.5
20265,1.0,2469,2026-02-18T03:30,COMPLETA,2098.6515,364.1,130.2,186.0,489.6,3,0.16071428571428573,2,0,3,535,2889,1124.7293457943927,35.5
20265,1.0,2470,2026-02-18T03:40,SIN_DEMANDA,0,,,,,,,0,0,0,535,2889,1124.7293457943927,35.5
20265,1.0,2471,2026-02-18T03:50,SIN_DEMANDA,0,,,,,,,0,0,0,536,2893,1126.4845149253733,35.5
20265,1.0,2472,2026-02-18T04:00,SIN_DEMANDA,0,,,,,,,0,0,0,536,2893,1126.4845149253733,35.5
20265,1.0,2473,2026-02-18T04:10,SIN_DEMANDA,0,,,,,,,0,0,0,536,2893,1126.4845149253733,35.5
20265,1.0,2474,2026-02-18T04:20,SIN_DEMANDA,0,,,,,,,0,0,0,537,2903,1125.5357541899443,35.5
20265,1.0,2475,2026-02-18T04:30,COMPLETA,1522.8421,2060.5,2060.5,46.0,129.0,1,0.16666666666666666,1,0,1,537,2903,1125.5357541899443,35.5
20265,1.0,2476,2026-02-18T04:40,SIN_DEMANDA,0,,,,,,,0,0,0,538,2906,1127.2643122676582,35.5
20265,1.0,2477,2026-02-18T04:50,SIN_DEMANDA,0,,,,,,,0,0,0,538,2906,1127.2643122676582,35.5
20265,1.0,2478,2026-02-18T05:00,SIN_DEMANDA,0,,,,,,,0,0,0,538,2906,1127.2643122676582,35.5
20265,1.0,2479,2026-02-18T05:10,SIN_DEMANDA,0,,,,,,,0,0,0,538,2906,1127.2643122676582,35.5
20265,1.0,2480,2026-02-18T05:20,SIN_DEMANDA,0,,,,,,,0,0,0,539,2908,1125.4144712430427,35.5
20265,1.0,2481,2026-02-18T05:30,SIN_DEMANDA,0,,,,,,,0,0,0,540,2915,1124.437777777778,35.5
20265,1.0,2482,2026-02-18T05:40,SIN_DEMANDA,0,,,,,,,0,0,0,540,2915,1124.437777777778,35.5
20265,1.0,2483,2026-02-18T05:50,COMPLETA,2002.7773,1989.0,1989.0,88.0,372.0,2,0.1875,1,0,0,540,2915,1124.437777777778,35.5
20265,1.0,2484,2026-02-18T06:00,COMPLETA,1938.6929,1989.0,1989.0,88.0,372.0,2,0.1875,1,0,0,540,2915,1124.437777777778,35.5
20265,1.0,2485,2026-02-18T06:10,COMPLETA,2158.2006,1368.3333333333333,99.5,226.0,1059.0,6,0.13194444444444445,3,0,0,541,2919,1126.1680221811462,35.5
20265,1.0,2486,2026-02-18T06:20,COMPLETA,2471.3864,1368.3333333333333,99.5,226.0,1059.0,6,0.13194444444444445,3,0,0,541,2919,1126.1680221811462,35.5
20265,1.0,2487,2026-02-18T06:30,COMPLETA,2494.6733,1368.3333333333333,99.5,226.0,1059.0,6,0.13194444444444445,3,0,0,541,2919,1126.1680221811462,35.5
20265,1.0,2488,2026-02-18T06:40,COMPLETA,2314.3874,1368.3333333333333,99.5,226.0,1059.0,6,0.13194444444444445,3,0,0,541,2919,1126.1680221811462,35.5
20265,1.0,2489,2026-02-18T06:50,COMPLETA,2319.3546,1368.3333333333333,99.5,226.0,1059.0,6,0.13194444444444445,3,0,0,541,2919,1126.1680221811462,35.5
20265,1.0,2490,2026-02-18T07:00,COMPLETA,2712.415,1545.25,99.5,172.0,858.0,5,0.16666666666666666,4,0,5,541,2919,1126.1680221811462,35.5
20265,1.0,2491,2026-02-18T07:10,SIN_DEMANDA,0,,,,,,,0,0,0,541,2919,1126.1680221811462,35.5
20265,1.0,2492,2026-02-18T07:20,COMPLETA,2304.8281,2074.5,2074.5,26.0,159.0,1,0.375,1,0,1,541,2919,1126.1680221811462,35.5
20265,1.0,2493,2026-02-18T07:30,SIN_DEMANDA,0,,,,,,,0,0,0,541,2919,1126.1680221811462,35.5
20265,1.0,2494,2026-02-18T07:40,SIN_DEMANDA,0,,,,,,,0,0,0,541,2919,1126.1680221811462,35.5
20265,1.0,2495,2026-02-18T07:50,SIN_DEMANDA,0,,,,,,,0,0,0,541,2919,1126.1680221811462,35.5
20265,1.0,2496,2026-02-18T08:00,SIN_DEMANDA,0,,,,,,,0,0,0,541,2919,1126.1680221811462,35.5
20265,1.0,2497,2026-02-18T08:10,SIN_DEMANDA,0,,,,,,,0,0,0,541,2919,1126.1680221811462,35.5
20265,1.0,2498,2026-02-18T08:20,COMPLETA,1456.8499,142.4,142.4,28.0,187.2,1,0.375,1,0,1,542,2920,1127.9204797047971,35.5
20265,1.0,2499,2026-02-18T08:30,COMPLETA,1510.1046,980.8,980.8,26.0,182.4,1,0.125,1,0,1,544,2930,1127.6634191176472,35.5
20265,1.0,2500,2026-02-18T08:40,SIN_DEMANDA,0,,,,,,,0,0,0,546,2948,1130.9750915750917,35.5
20265,1.0,2501,2026-02-18T08:50,SIN_DEMANDA,0,,,,,,,0,0,0,546,2948,1130.9750915750917,35.5
20265,1.0,2502,2026-02-18T09:00,COMPLETA,2200.7396,1355.25,637.0,102.0,333.0,3,0.16666666666666666,2,0,3,546,2948,1130.9750915750917,35.5
20265,1.0,2503,2026-02-18T09:10,SIN_DEMANDA,0,,,,,,,0,0,0,546,2948,1130.9750915750917,35.5
20265,1.0,2504,2026-02-18T09:20,COMPLETA,1721.3795,2056.2,2056.2,34.0,141.6,1,1.0,1,0,1,546,2948,1130.9750915750917,35.5
20265,1.0,2505,2026-02-18T09:30,SIN_DEMANDA,0,,,,,,,0,0,0,546,2948,1130.9750915750917,35.5
20265,1.0,2506,2026-02-18T09:40,SIN_DEMANDA,0,,,,,,,0,0,0,546,2948,1130.9750915750917,35.5
20265,1.0,2507,2026-02-18T09:50,COMPLETA,1882.6489,2035.5,2035.5,62.0,153.0,1,0.20833333333333334,1,0,1,546,2948,1130.9750915750917,35.5
20265,1.0,2508,2026-02-18T10:00,SIN_DEMANDA,0,,,,,,,0,0,0,547,2951,1129.167824497258,35.5
20265,1.0,2509,2026-02-18T10:10,SIN_DEMANDA,0,,,,,,,0,0,0,548,2952,1128.897080291971,35.5
20265,1.0,2510,2026-02-18T10:20,SIN_DEMANDA,0,,,,,,,0,0,0,548,2952,1128.897080291971,35.5
20265,1.0,2511,2026-02-18T10:30,COMPLETA,2044.582,2083.5,2083.5,22.0,93.0,1,0.3333333333333333,1,0,1,550,2964,1129.720181818182,35.5
20265,1.0,2512,2026-02-18T10:40,SIN_DEMANDA,0,,,,,,,0,0,0,550,2964,1129.720181818182,35.5
20265,1.0,2513,2026-02-18T10:50,SIN_DEMANDA,0,,,,,,,0,0,0,550,2964,1129.720181818182,35.5
20265,1.0,2514,2026-02-18T11:00,COMPLETA,2227.4237,979.5,979.5,100.0,270.0,2,0.10416666666666667,1,0,2,550,2964,1129.720181818182,35.5
20265,1.0,2515,2026-02-18T11:10,SIN_DEMANDA,0,,,,,,,0,0,0,551,2972,1131.4016333938296,35.5
20265,1.0,2516,2026-02-18T11:20,SIN_DEMANDA,0,,,,,,,0,0,0,551,2972,1131.4016333938296,35.5
20265,1.0,2517,2026-02-18T11:30,COMPLETA,2262.5714,405.0,405.0,16.0,144.0,2,0.20833333333333334,1,0,2,551,2972,1131.4016333938296,35.5
20265,1.0,2518,2026-02-18T11:40,SIN_DEMANDA,0,,,,,,,0,0,0,551,2972,1131.4016333938296,35.5
20265,1.0,2519,2026-02-18T11:50,COMPLETA,1845.824,813.5,634.0,48.0,192.0,2,0.125,2,0,2,553,2985,1134.7582278481013,35.5
20265,1.0,2520,2026-02-18T12:00,SIN_DEMANDA,0,,,,,,,0,0,0,553,2985,1134.7582278481013,35.5
20265,1.0,2521,2026-02-18T12:10,SIN_DEMANDA,0,,,,,,,0,0,0,553,2985,1134.7582278481013,35.5
20265,1.0,2522,2026-02-18T12:20,COMPLETA,2063.463,2071.5,2071.5,76.0,234.0,2,0.20833333333333334,1,0,2,553,2985,1134.7582278481013,35.5
20265,1.0,2523,2026-02-18T12:30,SIN_DEMANDA,0,,,,,,,0,0,0,553,2985,1134.7582278481013,35.5
20265,1.0,2524,2026-02-18T12:40,SIN_DEMANDA,0,,,,,,,0,0,0,555,3000,1133.1636036036036,35.5
20265,1.0,2525,2026-02-18T12:50,SIN_DEMANDA,0,,,,,,,0,0,0,555,3000,1133.1636036036036,35.5
20265,1.0,2526,2026-02-18T13:00,COMPLETA,1502.5571,2079.0,2079.0,28.0,102.0,1,0.08333333333333333,1,0,1,555,3000,1133.1636036036036,35.5
20265,1.0,2527,2026-02-18T13:10,SIN_DEMANDA,0,,,,,,,0,0,0,557,3006,1132.0157989228007,35.5
20265,1.0,2528,2026-02-18T13:20,SIN_DEMANDA,0,,,,,,,0,0,0,557,3006,1132.0157989228007,35.5
20265,1.0,2529,2026-02-18T13:30,SIN_DEMANDA,0,,,,,,,0,0,0,557,3006,1132.0157989228007,35.5
20265,1.0,2530,2026-02-18T13:40,SIN_DEMANDA,0,,,,,,,0,0,0,557,3006,1132.0157989228007,35.5
20265,1.0,2531,2026-02-18T13:50,SIN_DEMANDA,0,,,,,,,0,0,0,558,3016,1133.6994623655914,35.5
20265,1.0,2532,2026-02-18T14:00,SIN_DEMANDA,0,,,,,,,0,0,0,558,3016,1133.6994623655914,35.5
20265,1.0,2533,2026-02-18T14:10,SIN_DEMANDA,0,,,,,,,0,0,0,558,3016,1133.6994623655914,35.5
20265,1.0,2534,2026-02-18T14:20,SIN_DEMANDA,0,,,,,,,0,0,0,558,3016,1133.6994623655914,35.5
20265,1.0,2535,2026-02-18T14:30,SIN_DEMANDA,0,,,,,,,0,0,0,559,3018,1135.3905187835421,35.5
20265,1.0,2536,2026-02-18T14:40,SIN_DEMANDA,0,,,,,,,0,0,0,559,3018,1135.3905187835421,35.5
20265,1.0,2537,2026-02-18T14:50,SIN_DEMANDA,0,,,,,,,0,0,0,559,3018,1135.3905187835421,35.5
20265,1.0,2538,2026-02-18T15:00,SIN_DEMANDA,0,,,,,,,0,0,0,559,3018,1135.3905187835421,35.5
20265,1.0,2539,2026-02-18T15:10,COMPLETA,1180.9727,384.5,384.5,38.0,177.0,1,0.08333333333333333,1,0,1,559,3018,1135.3905187835421,35.5
20265,1.0,2540,2026-02-18T15:20,SIN_DEMANDA,0,,,,,,,0,0,0,559,3018,1135.3905187835421,35.5
20265,1.0,2541,2026-02-18T15:30,COMPLETA,1837.382,962.0,962.0,136.0,444.0,2,0.10416666666666667,1,0,2,559,3018,1135.3905187835421,35.5
20265,1.0,2542,2026-02-18T15:40,SIN_DEMANDA,0,,,,,,,0,0,0,559,3018,1135.3905187835421,35.5
20265,1.0,2543,2026-02-18T15:50,SIN_DEMANDA,0,,,,,,,0,0,0,559,3018,1135.3905187835421,35.5
20265,1.0,2544,2026-02-18T16:00,COMPLETA,1949.3897,120.5,120.5,70.0,225.0,1,0.3333333333333333,1,0,1,559,3018,1135.3905187835421,35.5
20265,1.0,2545,2026-02-18T16:10,COMPLETA,1350.68,2071.5,2071.5,38.0,177.0,1,0.041666666666666664,1,0,1,559,3018,1135.3905187835421,35.5
20265,1.0,2546,2026-02-18T16:20,SIN_DEMANDA,0,,,,,,,0,0,0,559,3018,1135.3905187835421,35.5
20265,1.0,2547,2026-02-18T16:30,SIN_DEMANDA,0,,,,,,,0,0,0,559,3018,1135.3905187835421,35.5
20265,1.0,2548,2026-02-18T16:40,SIN_DEMANDA,0,,,,,,,0,0,0,560,3020,1134.049642857143,35.5
20265,1.0,2549,2026-02-18T16:50,SIN_DEMANDA,0,,,,,,,0,0,0,560,3020,1134.049642857143,35.5
20265,1.0,2550,2026-02-18T17:00,SIN_DEMANDA,0,,,,,,,0,0,0,560,3020,1134.049642857143,35.5
20265,1.0,2551,2026-02-18T17:10,SIN_DEMANDA,0,,,,,,,0,0,0,560,3020,1134.049642857143,35.5
20265,1.0,2552,2026-02-18T17:20,COMPLETA,1215.7287,2079.5,2079.5,26.0,99.0,1,0.16666666666666666,1,0,1,560,3020,1134.049642857143,35.5
20265,1.0,2553,2026-02-18T17:30,SIN_DEMANDA,0,,,,,,,0,0,0,561,3025,1133.7429590017825,35.5
20265,1.0,2554,2026-02-18T17:40,SIN_DEMANDA,0,,,,,,,0,0,0,562,3026,1135.411565836299,35.5
20265,1.0,2555,2026-02-18T17:50,SIN_DEMANDA,0,,,,,,,0,0,0,562,3026,1135.411565836299,35.5
20265,1.0,2556,2026-02-18T18:00,SIN_DEMANDA,0,,,,,,,0,0,0,563,3034,1133.6088809946714,35.5
20265,1.0,2557,2026-02-18T18:10,SIN_DEMANDA,0,,,,,,,0,0,0,563,3034,1133.6088809946714,35.5
20265,1.0,2558,2026-02-18T18:20,SIN_DEMANDA,0,,,,,,,0,0,0,563,3034,1133.6088809946714,35.5
20265,1.0,2559,2026-02-18T18:30,SIN_DEMANDA,0,,,,,,,0,0,0,563,3034,1133.6088809946714,35.5
20265,1.0,2560,2026-02-18T18:40,SIN_DEMANDA,0,,,,,,,0,0,0,564,3038,1135.2859929078015,35.5
20265,1.0,2561,2026-02-18T18:50,COMPLETA,1941.3169,361.5,361.5,46.0,129.0,1,0.20833333333333334,1,0,0,564,3038,1135.2859929078015,35.5
20265,1.0,2562,2026-02-18T19:00,COMPLETA,1849.9583,361.5,361.5,46.0,129.0,1,0.20833333333333334,1,0,1,564,3038,1135.2859929078015,35.5
20265,1.0,2563,2026-02-18T19:10,COMPLETA,2000.9873,374.5,374.5,50.0,135.0,1,0.375,1,0,1,564,3038,1135.2859929078015,35.5
20265,1.0,2564,2026-02-18T19:20,SIN_DEMANDA,0,,,,,,,0,0,0,564,3038,1135.2859929078015,35.5
20265,1.0,2565,2026-02-18T19:30,SIN_DEMANDA,0,,,,,,,0,0,0,564,3038,1135.2859929078015,35.5
20265,1.0,2566,2026-02-18T19:40,SIN_DEMANDA,0,,,,,,,0,0,0,564,3038,1135.2859929078015,35.5
20265,1.0,2567,2026-02-18T19:50,SIN_DEMANDA,0,,,,,,,0,0,0,564,3038,1135.2859929078015,35.5
20265,1.0,2568,2026-02-18T20:00,SIN_DEMANDA,0,,,,,,,0,0,0,564,3038,1135.2859929078015,35.5
20265,1.0,2569,2026-02-18T20:10,SIN_DEMANDA,0,,,,,,,0,0,0,564,3038,1135.2859929078015,35.5
20265,1.0,2570,2026-02-18T20:20,SIN_DEMANDA,0,,,,,,,0,0,0,564,3038,1135.2859929078015,35.5
20265,1.0,2571,2026-02-18T20:30,COMPLETA,1340.4315,2048.5,2048.5,58.0,147.0,1,0.08333333333333333,1,0,1,564,3038,1135.2859929078015,35.5
20265,1.0,2572,2026-02-18T20:40,SIN_DEMANDA,0,,,,,,,0,0,0,564,3038,1135.2859929078015,35.5
20265,1.0,2573,2026-02-18T20:50,SIN_DEMANDA,0,,,,,,,0,0,0,566,3052,1132.5747349823323,35.5
20265,1.0,2574,2026-02-18T21:00,COMPLETA,2229.1896,624.0,611.5,84.0,246.0,2,0.10416666666666667,2,0,2,566,3052,1132.5747349823323,35.5
20265,1.0,2575,2026-02-18T21:10,SIN_DEMANDA,0,,,,,,,0,0,0,566,3052,1132.5747349823323,35.5
20265,1.0,2576,2026-02-18T21:20,SIN_DEMANDA,0,,,,,,,0,0,0,566,3052,1132.5747349823323,35.5
20265,1.0,2577,2026-02-18T21:30,SIN_DEMANDA,0,,,,,,,0,0,0,566,3052,1132.5747349823323,35.5
20265,1.0,2578,2026-02-18T21:40,SIN_DEMANDA,0,,,,,,,0,0,0,566,3052,1132.5747349823323,35.5
20265,1.0,2579,2026-02-18T21:50,SIN_DEMANDA,0,,,,,,,0,0,0,566,3052,1132.5747349823323,35.5
20265,1.0,2580,2026-02-18T22:00,SIN_DEMANDA,0,,,,,,,0,0,0,566,3052,1132.5747349823323,35.5
20265,1.0,2581,2026-02-18T22:10,SIN_DEMANDA,0,,,,,,,0,0,0,566,3052,1132.5747349823323,35.5
20265,1.0,2582,2026-02-18T22:20,COMPLETA,1829.528,2028.5,2028.5,76.0,354.0,2,0.14583333333333334,1,0,0,568,3055,1133.3139084507043,35.5
20265,1.0,2583,2026-02-18T22:30,COMPLETA,2190.8865,2028.5,2028.5,76.0,354.0,2,0.14583333333333334,1,0,0,568,3055,1133.3139084507043,35.5
20265,1.0,2584,2026-02-18T22:40,COMPLETA,2048.6647,2028.5,2028.5,76.0,354.0,2,0.14583333333333334,1,0,0,568,3055,1133.3139084507043,35.5
20265,1.0,2585,2026-02-18T22:50,COMPLETA,1888.8105,2028.5,2028.5,76.0,354.0,2,0.14583333333333334,1,0,0,569,3059,1132.3968365553603,35.5
20265,1.0,2586,2026-02-18T23:00,COMPLETA,1981.2287,2028.5,2028.5,76.0,354.0,2,0.14583333333333334,1,0,2,569,3059,1132.3968365553603,35.5
20265,1.0,2587,2026-02-18T23:10,SIN_DEMANDA,0,,,,,,,0,0,0,569,3059,1132.3968365553603,35.5
20265,1.0,2588,2026-02-18T23:20,SIN_DEMANDA,0,,,,,,,0,0,0,569,3059,1132.3968365553603,35.5
20265,1.0,2589,2026-02-18T23:30,COMPLETA,1884.8351,611.0,611.0,120.0,420.0,2,0.10416666666666667,1,0,2,569,3059,1132.3968365553603,35.5
20265,1.0,2590,2026-02-18T23:40,SIN_DEMANDA,0,,,,,,,0,0,0,569,3059,1132.3968365553603,35.5
20265,1.0,2591,2026-02-18T23:50,SIN_DEMANDA,0,,,,,,,0,0,0,569,3059,1132.3968365553603,35.5
20265,1.0,2592,2026-02-19T00:00,SIN_DEMANDA,0,,,,,,,0,0,0,569,3059,1132.3968365553603,35.5
20265,1.0,2593,2026-02-19T00:10,SIN_DEMANDA,0,,,,,,,0,0,0,569,3059,1132.3968365553603,35.5
20265,1.0,2594,2026-02-19T00:20,SIN_DEMANDA,0,,,,,,,0,0,0,569,3059,1132.3968365553603,35.5
20265,1.0,2595,2026-02-19T00:30,COMPLETA,1755.4213,626.5,626.5,38.0,177.0,1,0.20833333333333334,1,0,1,570,3066,1133.9689473684211,35.5
20265,1.0,2596,2026-02-19T00:40,COMPLETA,1824.9353,391.0,391.0,56.0,324.0,2,0.16666666666666666,1,0,2,570,3066,1133.9689473684211,35.5
20265,1.0,2597,2026-02-19T00:50,SIN_DEMANDA,0,,,,,,,0,0,0,570,3066,1133.9689473684211,35.5
20265,1.0,2598,2026-02-19T01:00,SIN_DEMANDA,0,,,,,,,0,0,0,570,3066,1133.9689473684211,35.5
20265,1.0,2599,2026-02-19T01:10,COMPLETA,1204.7889,387.0,387.0,39.0,118.5,1,0.08333333333333333,1,0,1,570,3066,1133.9689473684211,35.5
20265,1.0,2600,2026-02-19T01:20,SIN_DEMANDA,0,,,,,,,0,0,0,571,3071,1133.053064798599,35.5
20265,1.0,2601,2026-02-19T01:30,SIN_DEMANDA,0,,,,,,,0,0,0,571,3071,1133.053064798599,35.5
20265,1.0,2602,2026-02-19T01:40,SIN_DEMANDA,0,,,,,,,0,0,0,571,3071,1133.053064798599,35.5
20265,1.0,2603,2026-02-19T01:50,SIN_DEMANDA,0,,,,,,,0,0,0,571,3071,1133.053064798599,35.5
20265,1.0,2604,2026-02-19T02:00,SIN_DEMANDA,0,,,,,,,0,0,0,572,3076,1132.1674825174825,35.5
20265,1.0,2605,2026-02-19T02:10,COMPLETA,2144.7212,157.5,157.5,22.0,93.0,1,0.3333333333333333,1,0,1,573,3084,1130.8739965095988,35.5
20265,1.0,2606,2026-02-19T02:20,COMPLETA,1891.5345,406.5,406.5,14.0,81.0,1,0.2916666666666667,1,0,1,573,3084,1130.8739965095988,35.5
20265,1.0,2607,2026-02-19T02:30,COMPLETA,2714.2888,1312.05,597.6,185.0,551.1,3,0.3,2,0,3,573,3084,1130.8739965095988,35.5
20265,1.0,2608,2026-02-19T02:40,SIN_DEMANDA,0,,,,,,,0,0,0,573,3084,1130.8739965095988,35.5
20265,1.0,2609,2026-02-19T02:50,SIN_DEMANDA,0,,,,,,,0,0,0,574,3086,1129.578048780488,35.5
20265,1.0,2610,2026-02-19T03:00,SIN_DEMANDA,0,,,,,,,0,0,0,574,3086,1129.578048780488,35.5
20265,1.0,2611,2026-02-19T03:10,SIN_DEMANDA,0,,,,,,,0,0,0,574,3086,1129.578048780488,35.5
20265,1.0,2612,2026-02-19T03:20,COMPLETA,2023.6266,2062.0,2062.0,72.0,228.0,2,0.16666666666666666,1,0,2,574,3086,1129.578048780488,35.5
20265,1.0,2613,2026-02-19T03:30,SIN_DEMANDA,0,,,,,,,0,0,0,575,3094,1127.8874782608696,35.5
20265,1.0,2614,2026-02-19T03:40,SIN_DEMANDA,0,,,,,,,0,0,0,576,3101,1126.6350694444445,35.5
20265,1.0,2615,2026-02-19T03:50,SIN_DEMANDA,0,,,,,,,0,0,0,576,3101,1126.6350694444445,35.5
20265,1.0,2616,2026-02-19T04:00,SIN_DEMANDA,0,,,,,,,0,0,0,576,3101,1126.6350694444445,35.5
20265,1.0,2617,2026-02-19T04:10,SIN_DEMANDA,0,,,,,,,0,0,0,576,3101,1126.6350694444445,35.5
20265,1.0,2618,2026-02-19T04:20,SIN_DEMANDA,0,,,,,,,0,0,0,576,3101,1126.6350694444445,35.5
20265,1.0,2619,2026-02-19T04:30,COMPLETA,2112.1658,402.5,402.5,14.0,81.0,1,0.3333333333333333,1,0,1,576,3101,1126.6350694444445,35.5
20265,1.0,2620,2026-02-19T04:40,COMPLETA,2093.3633,2053.6,2053.6,64.0,273.6,2,0.5,1,0,2,578,3113,1127.276643598616,35.5
20265,1.0,2621,2026-02-19T04:50,COMPLETA,2131.7272,627.0,627.0,86.0,249.0,2,0.125,1,0,2,579,3121,1128.891018998273,35.5
20265,1.0,2622,2026-02-19T05:00,SIN_DEMANDA,0,,,,,,,0,0,0,579,3121,1128.891018998273,35.5
20265,1.0,2623,2026-02-19T05:10,SIN_DEMANDA,0,,,,,,,0,0,0,579,3121,1128.891018998273,35.5
20265,1.0,2624,2026-02-19T05:20,COMPLETA,2295.9416,2052.0,2052.0,52.0,138.0,1,0.3333333333333333,1,0,1,579,3121,1128.891018998273,35.5
20265,1.0,2625,2026-02-19T05:30,SIN_DEMANDA,0,,,,,,,0,0,0,579,3121,1128.891018998273,35.5
20265,1.0,2626,2026-02-19T05:40,SIN_DEMANDA,0,,,,,,,0,0,0,579,3121,1128.891018998273,35.5
20265,1.0,2627,2026-02-19T05:50,SIN_DEMANDA,0,,,,,,,0,0,0,580,3129,1127.6386206896552,35.5
20265,1.0,2628,2026-02-19T06:00,COMPLETA,2060.1211,319.0,319.0,96.0,384.0,2,0.1875,1,0,0,580,3129,1127.6386206896552,35.5
20265,1.0,2629,2026-02-19T06:10,COMPLETA,2172.7899,319.0,319.0,96.0,384.0,2,0.1875,1,0,0,580,3129,1127.6386206896552,35.5
20265,1.0,2630,2026-02-19T06:20,COMPLETA,2319.7167,319.0,319.0,96.0,384.0,2,0.1875,1,0,0,581,3137,1129.2323580034424,35.5
20265,1.0,2631,2026-02-19T06:30,COMPLETA,2336.3841,319.0,319.0,96.0,384.0,2,0.1875,1,0,0,582,3143,1128.3694158075602,35.5
20265,1.0,2632,2026-02-19T06:40,COMPLETA,1982.7235,319.0,319.0,96.0,384.0,2,0.1875,1,0,0,582,3143,1128.3694158075602,35.5
20265,1.0,2633,2026-02-19T06:50,COMPLETA,2057.2878,319.0,319.0,96.0,384.0,2,0.1875,1,0,0,582,3143,1128.3694158075602,35.5
20265,1.0,2634,2026-02-19T07:00,COMPLETA,2250.8448,319.0,319.0,96.0,384.0,2,0.1875,1,0,2,583,3151,1129.9536878216124,35.5
20265,1.0,2635,2026-02-19T07:10,SIN_DEMANDA,0,,,,,,,0,0,0,583,3151,1129.9536878216124,35.5
20265,1.0,2636,2026-02-19T07:20,COMPLETA,1604.483,393.0,393.0,36.0,174.0,1,0.16666666666666666,1,0,1,583,3151,1129.9536878216124,35.5
20265,1.0,2637,2026-02-19T07:30,SIN_DEMANDA,0,,,,,,,0,0,0,583,3151,1129.9536878216124,35.5
20265,1.0,2638,2026-02-19T07:40,COMPLETA,2136.8746,2063.5,2063.5,38.0,177.0,1,0.2916666666666667,1,0,1,583,3151,1129.9536878216124,35.5
20265,1.0,2639,2026-02-19T07:50,COMPLETA,2374.3049,622.0,622.0,96.0,384.0,2,0.125,1,0,2,583,3151,1129.9536878216124,35.5
20265,1.0,2640,2026-02-19T08:00,COMPLETA,1760.7294,994.5,994.5,30.0,165.0,1,0.08333333333333333,1,0,1,583,3151,1129.9536878216124,35.5
20265,1.0,2641,2026-02-19T08:10,COMPLETA,1440.7244,385.6,385.6,22.0,172.8,1,0.25,1,0,1,583,3151,1129.9536878216124,35.5
20265,1.0,2642,2026-02-19T08:20,COMPLETA,2438.677,626.5,626.5,68.0,342.0,2,0.1875,1,0,2,583,3151,1129.9536878216124,35.5
20265,1.0,2643,2026-02-19T08:30,SIN_DEMANDA,0,,,,,,,0,0,0,583,3151,1129.9536878216124,35.5
20265,1.0,2644,2026-02-19T08:40,SIN_DEMANDA,0,,,,,,,0,0,0,584,3160,1128.5650684931506,35.5
20265,1.0,2645,2026-02-19T08:50,SIN_DEMANDA,0,,,,,,,0,0,0,585,3164,1127.3076923076924,35.5
20265,1.0,2646,2026-02-19T09:00,SIN_DEMANDA,0,,,,,,,0,0,0,585,3164,1127.3076923076924,35.5
20265,1.0,2647,2026-02-19T09:10,SIN_DEMANDA,0,,,,,,,0,0,0,586,3171,1128.905290102389,35.5
20265,1.0,2648,2026-02-19T09:20,SIN_DEMANDA,0,,,,,,,0,0,0,586,3171,1128.905290102389,35.5
20265,1.0,2649,2026-02-19T09:30,SIN_DEMANDA,0,,,,,,,0,0,0,588,3179,1127.8146258503402,35.5
20265,1.0,2650,2026-02-19T09:40,COMPLETA,1780.6654,146.6,146.6,22.0,112.8,1,1.0,1,0,1,589,3181,1126.5544991511035,35.5
20265,1.0,2651,2026-02-19T09:50,SIN_DEMANDA,0,,,,,,,0,0,0,590,3190,1125.7069491525424,35.5
20265,1.0,2652,2026-02-19T10:00,SIN_DEMANDA,0,,,,,,,0,0,0,590,3190,1125.7069491525424,35.5
20265,1.0,2653,2026-02-19T10:10,SIN_DEMANDA,0,,,,,,,0,0,0,590,3190,1125.7069491525424,35.5
20265,1.0,2654,2026-02-19T10:20,SIN_DEMANDA,0,,,,,,,0,0,0,590,3190,1125.7069491525424,35.5
20265,1.0,2655,2026-02-19T10:30,SIN_DEMANDA,0,,,,,,,0,0,0,590,3190,1125.7069491525424,35.5
20265,1.0,2656,2026-02-19T10:40,SIN_DEMANDA,0,,,,,,,0,0,0,590,3190,1125.7069491525424,35.5
20265,1.0,2657,2026-02-19T10:50,SIN_DEMANDA,0,,,,,,,0,0,0,590,3190,1125.7069491525424,35.5
20265,1.0,2658,2026-02-19T11:00,COMPLETA,2038.9187,2082.0,2082.0,16.0,84.0,1,0.25,1,0,1,590,3190,1125.7069491525424,35.5
20265,1.0,2659,2026-02-19T11:10,COMPLETA,1453.9535,361.0,361.0,72.0,168.0,1,0.08333333333333333,1,0,1,591,3198,1124.0502538071066,35.5
20265,1.0,2660,2026-02-19T11:20,COMPLETA,1395.8745,948.2,948.2,54.0,189.6,1,0.25,1,0,1,591,3198,1124.0502538071066,35.5
20265,1.0,2661,2026-02-19T11:30,SIN_DEMANDA,0,,,,,,,0,0,0,591,3198,1124.0502538071066,35.5
20265,1.0,2662,2026-02-19T11:40,COMPLETA,1887.3476,636.4,636.4,18.0,103.2,1,0.875,1,0,1,591,3198,1124.0502538071066,35.5
20265,1.0,2663,2026-02-19T11:50,SIN_DEMANDA,0,,,,,,,0,0,0,591,3198,1124.0502538071066,35.5
20265,1.0,2664,2026-02-19T12:00,SIN_DEMANDA,0,,,,,,,0,0,0,591,3198,1124.0502538071066,35.5
20265,1.0,2665,2026-02-19T12:10,SIN_DEMANDA,0,,,,,,,0,0,0,591,3198,1124.0502538071066,35.5
20265,1.0,2666,2026-02-19T12:20,SIN_DEMANDA,0,,,,,,,0,0,0,592,3204,1125.668412162162,35.5
20265,1.0,2667,2026-02-19T12:30,SIN_DEMANDA,0,,,,,,,0,0,0,592,3204,1125.668412162162,35.5
20265,1.0,2668,2026-02-19T12:40,SIN_DEMANDA,0,,,,,,,0,0,0,592,3204,1125.668412162162,35.5
20265,1.0,2669,2026-02-19T12:50,SIN_DEMANDA,0,,,,,,,0,0,0,592,3204,1125.668412162162,35.5
20265,1.0,2670,2026-02-19T13:00,COMPLETA,2045.7835,379.5,379.5,46.0,129.0,1,0.375,1,0,1,592,3204,1125.668412162162,35.5
20265,1.0,2671,2026-02-19T13:10,COMPLETA,1964.4204,497.5,497.5,58.0,207.0,1,0.20833333333333334,1,0,0,594,3213,1123.5574074074075,35.5
20265,1.0,2672,2026-02-19T13:20,COMPLETA,2058.9132,497.5,497.5,58.0,207.0,1,0.20833333333333334,1,0,0,594,3213,1123.5574074074075,35.5
20265,1.0,2673,2026-02-19T13:30,COMPLETA,1779.2824,497.5,497.5,58.0,207.0,1,0.20833333333333334,1,0,0,595,3215,1123.26268907563,35.5
20265,1.0,2674,2026-02-19T13:40,COMPLETA,2025.609,497.5,497.5,58.0,207.0,1,0.20833333333333334,1,0,0,595,3215,1123.26268907563,35.5
20265,1.0,2675,2026-02-19T13:50,COMPLETA,2103.6446,497.5,497.5,58.0,207.0,1,0.20833333333333334,1,0,0,595,3215,1123.26268907563,35.5
20265,1.0,2676,2026-02-19T14:00,COMPLETA,2257.065,284.25,71.0,170.0,615.0,3,0.1527777777777778,2,0,0,595,3215,1123.26268907563,35.5
20265,1.0,2677,2026-02-19T14:10,COMPLETA,2036.1731,284.25,71.0,170.0,615.0,3,0.1527777777777778,2,0,0,595,3215,1123.26268907563,35.5
20265,1.0,2678,2026-02-19T14:20,COMPLETA,1904.3196,284.25,71.0,170.0,615.0,3,0.1527777777777778,2,0,0,595,3215,1123.26268907563,35.5
20265,1.0,2679,2026-02-19T14:30,COMPLETA,2049.658,284.25,71.0,170.0,615.0,3,0.1527777777777778,2,0,0,595,3215,1123.26268907563,35.5
20265,1.0,2680,2026-02-19T14:40,COMPLETA,2016.455,284.25,71.0,170.0,615.0,3,0.1527777777777778,2,0,0,596,3224,1122.014765100671,35.5
20265,1.0,2681,2026-02-19T14:50,COMPLETA,2051.3883,284.25,71.0,170.0,615.0,3,0.1527777777777778,2,0,0,596,3224,1122.014765100671,35.5
20265,1.0,2682,2026-02-19T15:00,COMPLETA,1727.5667,284.25,71.0,170.0,615.0,3,0.1527777777777778,2,0,3,596,3224,1122.014765100671,35.5
20265,1.0,2683,2026-02-19T15:10,SIN_DEMANDA,0,,,,,,,0,0,0,596,3224,1122.014765100671,35.5
20265,1.0,2684,2026-02-19T15:20,SIN_DEMANDA,0,,,,,,,0,0,0,596,3224,1122.014765100671,35.5
20265,1.0,2685,2026-02-19T15:30,SIN_DEMANDA,0,,,,,,,0,0,0,596,3224,1122.014765100671,35.5
20265,1.0,2686,2026-02-19T15:40,SIN_DEMANDA,0,,,,,,,0,0,0,596,3224,1122.014765100671,35.5
20265,1.0,2687,2026-02-19T15:50,SIN_DEMANDA,0,,,,,,,0,0,0,596,3224,1122.014765100671,35.5
20265,1.0,2688,2026-02-19T16:00,SIN_DEMANDA,0,,,,,,,0,0,0,596,3224,1122.014765100671,35.5
20265,1.0,2689,2026-02-19T16:10,COMPLETA,1425.3064,2067.2,2067.2,24.0,177.6,1,0.25,1,0,1,596,3224,1122.014765100671,35.5
20265,1.0,2690,2026-02-19T16:20,SIN_DEMANDA,0,,,,,,,0,0,0,596,3224,1122.014765100671,35.5
20265,1.0,2691,2026-02-19T16:30,SIN_DEMANDA,0,,,,,,,0,0,0,596,3224,1122.014765100671,35.5
20265,1.0,2692,2026-02-19T16:40,SIN_DEMANDA,0,,,,,,,0,0,0,596,3224,1122.014765100671,35.5
20265,1.0,2693,2026-02-19T16:50,SIN_DEMANDA,0,,,,,,,0,0,0,597,3230,1120.2542713567839,35.5
20265,1.0,2694,2026-02-19T17:00,SIN_DEMANDA,0,,,,,,,0,0,0,598,3235,1119.2128762541804,35.5
20265,1.0,2695,2026-02-19T17:10,SIN_DEMANDA,0,,,,,,,0,0,0,598,3235,1119.2128762541804,35.5
20265,1.0,2696,2026-02-19T17:20,SIN_DEMANDA,0,,,,,,,0,0,0,598,3235,1119.2128762541804,35.5
20265,1.0,2697,2026-02-19T17:30,SIN_DEMANDA,0,,,,,,,0,0,0,598,3235,1119.2128762541804,35.5
20265,1.0,2698,2026-02-19T17:40,SIN_DEMANDA,0,,,,,,,0,0,0,599,3237,1120.795492487479,35.5
20265,1.0,2699,2026-02-19T17:50,SIN_DEMANDA,0,,,,,,,0,0,0,599,3237,1120.795492487479,35.5
20265,1.0,2700,2026-02-19T18:00,SIN_DEMANDA,0,,,,,,,0,0,0,599,3237,1120.795492487479,35.5
20265,1.0,2701,2026-02-19T18:10,COMPLETA,1420.337,2049.0,2049.0,40.0,156.0,1,0.125,1,0,1,599,3237,1120.795492487479,35.5
20265,1.0,2702,2026-02-19T18:20,SIN_DEMANDA,0,,,,,,,0,0,0,599,3237,1120.795492487479,35.5
20265,1.0,2703,2026-02-19T18:30,COMPLETA,1555.0903,614.5,614.5,54.0,141.0,1,0.08333333333333333,1,0,1,599,3237,1120.795492487479,35.5
20265,1.0,2704,2026-02-19T18:40,SIN_DEMANDA,0,,,,,,,0,0,0,599,3237,1120.795492487479,35.5
20265,1.0,2705,2026-02-19T18:50,SIN_DEMANDA,0,,,,,,,0,0,0,599,3237,1120.795492487479,35.5
20265,1.0,2706,2026-02-19T19:00,SIN_DEMANDA,0,,,,,,,0,0,0,599,3237,1120.795492487479,35.5
20265,1.0,2707,2026-02-19T19:10,SIN_DEMANDA,0,,,,,,,0,0,0,599,3237,1120.795492487479,35.5
20265,1.0,2708,2026-02-19T19:20,SIN_DEMANDA,0,,,,,,,0,0,0,599,3237,1120.795492487479,35.5
20265,1.0,2709,2026-02-19T19:30,COMPLETA,2076.6382,168.5,168.5,12.0,138.0,2,0.10416666666666667,1,0,2,599,3237,1120.795492487479,35.5
20265,1.0,2710,2026-02-19T19:40,COMPLETA,1301.879,618.0,618.0,56.0,144.0,1,0.16666666666666666,1,0,1,599,3237,1120.795492487479,35.5
20265,1.0,2711,2026-02-19T19:50,SIN_DEMANDA,0,,,,,,,0,0,0,599,3237,1120.795492487479,35.5
20265,1.0,2712,2026-02-19T20:00,SIN_DEMANDA,0,,,,,,,0,0,0,600,3238,1122.3424999999997,35.5
20265,1.0,2713,2026-02-19T20:10,SIN_DEMANDA,0,,,,,,,0,0,0,600,3238,1122.3424999999997,35.5
20265,1.0,2714,2026-02-19T20:20,SIN_DEMANDA,0,,,,,,,0,0,0,601,3240,1121.4975041597336,35.5
20265,1.0,2715,2026-02-19T20:30,SIN_DEMANDA,0,,,,,,,0,0,0,601,3240,1121.4975041597336,35.5
20265,1.0,2716,2026-02-19T20:40,SIN_DEMANDA,0,,,,,,,0,0,0,602,3245,1119.9144518272424,35.5
20265,1.0,2717,2026-02-19T20:50,SIN_DEMANDA,0,,,,,,,0,0,0,602,3245,1119.9144518272424,35.5
20265,1.0,2718,2026-02-19T21:00,SIN_DEMANDA,0,,,,,,,0,0,0,602,3245,1119.9144518272424,35.5
20265,1.0,2719,2026-02-19T21:10,SIN_DEMANDA,0,,,,,,,0,0,0,602,3245,1119.9144518272424,35.5
20265,1.0,2720,2026-02-19T21:20,SIN_DEMANDA,0,,,,,,,0,0,0,602,3245,1119.9144518272424,35.5
20265,1.0,2721,2026-02-19T21:30,COMPLETA,1445.1978,305.5,305.5,30.0,165.0,1,0.041666666666666664,1,0,0,603,3249,1119.0820895522386,35.5
20265,1.0,2722,2026-02-19T21:40,COMPLETA,1478.5311,305.5,305.5,30.0,165.0,1,0.041666666666666664,1,0,0,603,3249,1119.0820895522386,35.5
20265,1.0,2723,2026-02-19T21:50,COMPLETA,1650.9733,305.5,305.5,30.0,165.0,1,0.041666666666666664,1,0,0,603,3249,1119.0820895522386,35.5
20265,1.0,2724,2026-02-19T22:00,COMPLETA,2039.2609,305.5,305.5,30.0,165.0,1,0.041666666666666664,1,0,0,603,3249,1119.0820895522386,35.5
20265,1.0,2725,2026-02-19T22:10,COMPLETA,2846.0321,623.25,305.5,83.0,364.5,2,0.14583333333333334,2,0,0,603,3249,1119.0820895522386,35.5
20265,1.0,2726,2026-02-19T22:20,COMPLETA,2813.7705,623.25,305.5,83.0,364.5,2,0.14583333333333334,2,0,0,603,3249,1119.0820895522386,35.5
20265,1.0,2727,2026-02-19T22:30,COMPLETA,3061.2166,623.25,305.5,83.0,364.5,2,0.14583333333333334,2,0,0,603,3249,1119.0820895522386,35.5
20265,1.0,2728,2026-02-19T22:40,COMPLETA,3546.8408,863.825,148.0,176.0,1012.8,6,0.17857142857142858,4,0,0,603,3249,1119.0820895522386,35.5
20265,1.0,2729,2026-02-19T22:50,COMPLETA,3775.0137,863.825,148.0,176.0,1012.8,6,0.17857142857142858,4,0,0,603,3249,1119.0820895522386,35.5
20265,1.0,2730,2026-02-19T23:00,COMPLETA,3821.1844,770.0600000000001,148.0,204.0,1174.8,7,0.15441176470588236,5,0,7,603,3249,1119.0820895522386,35.5
20265,1.0,2731,2026-02-19T23:10,SIN_DEMANDA,0,,,,,,,0,0,0,603,3249,1119.0820895522386,35.5
20265,1.0,2732,2026-02-19T23:20,SIN_DEMANDA,0,,,,,,,0,0,0,603,3249,1119.0820895522386,35.5
20265,1.0,2733,2026-02-19T23:30,SIN_DEMANDA,0,,,,,,,0,0,0,603,3249,1119.0820895522386,35.5
20265,1.0,2734,2026-02-19T23:40,SIN_DEMANDA,0,,,,,,,0,0,0,603,3249,1119.0820895522386,35.5
20265,1.0,2735,2026-02-19T23:50,SIN_DEMANDA,0,,,,,,,0,0,0,603,3249,1119.0820895522386,35.5
20265,1.0,2736,2026-02-20T00:00,SIN_DEMANDA,0,,,,,,,0,0,0,603,3249,1119.0820895522386,35.5
20265,1.0,2737,2026-02-20T00:10,SIN_DEMANDA,0,,,,,,,0,0,0,604,3255,1117.4743377483442,35.5
20265,1.0,2738,2026-02-20T00:20,SIN_DEMANDA,0,,,,,,,0,0,0,605,3262,1119.033553719008,35.5
20265,1.0,2739,2026-02-20T00:30,SIN_DEMANDA,0,,,,,,,0,0,0,608,3270,1116.211842105263,35.5
20265,1.0,2740,2026-02-20T00:40,COMPLETA,2033.5487,365.5,365.5,66.0,219.0,1,0.4166666666666667,1,0,1,608,3270,1116.211842105263,35.5
20265,1.0,2741,2026-02-20T00:50,SIN_DEMANDA,0,,,,,,,0,0,0,608,3270,1116.211842105263,35.5
20265,1.0,2742,2026-02-20T01:00,SIN_DEMANDA,0,,,,,,,0,0,0,608,3270,1116.211842105263,35.5
20265,1.0,2743,2026-02-20T01:10,SIN_DEMANDA,0,,,,,,,0,0,0,608,3270,1116.211842105263,35.5
20265,1.0,2744,2026-02-20T01:20,SIN_DEMANDA,0,,,,,,,0,0,0,608,3270,1116.211842105263,35.5
20265,1.0,2745,2026-02-20T01:30,SIN_DEMANDA,0,,,,,,,0,0,0,608,3270,1116.211842105263,35.5
20265,1.0,2746,2026-02-20T01:40,SIN_DEMANDA,0,,,,,,,0,0,0,608,3270,1116.211842105263,35.5
20265,1.0,2747,2026-02-20T01:50,COMPLETA,2062.0882,2054.5,2054.5,116.0,294.0,2,0.1875,1,0,2,608,3270,1116.211842105263,35.5
20265,1.0,2748,2026-02-20T02:00,SIN_DEMANDA,0,,,,,,,0,0,0,608,3270,1116.211842105263,35.5
20265,1.0,2749,2026-02-20T02:10,SIN_DEMANDA,0,,,,,,,0,0,0,608,3270,1116.211842105263,35.5
20265,1.0,2750,2026-02-20T02:20,SIN_DEMANDA,0,,,,,,,0,0,0,608,3270,1116.211842105263,35.5
20265,1.0,2751,2026-02-20T02:30,SIN_DEMANDA,0,,,,,,,0,0,0,609,3280,1114.979146141215,35.5
20265,1.0,2752,2026-02-20T02:40,SIN_DEMANDA,0,,,,,,,0,0,0,609,3280,1114.979146141215,35.5
20265,1.0,2753,2026-02-20T02:50,COMPLETA,2202.0471,2065.5,2056.5,80.0,240.0,2,0.22916666666666666,2,0,2,609,3280,1114.979146141215,35.5
20265,1.0,2754,2026-02-20T03:00,SIN_DEMANDA,0,,,,,,,0,0,0,609,3280,1114.979146141215,35.5
20265,1.0,2755,2026-02-20T03:10,SIN_DEMANDA,0,,,,,,,0,0,0,609,3280,1114.979146141215,35.5
20265,1.0,2756,2026-02-20T03:20,SIN_DEMANDA,0,,,,,,,0,0,0,609,3280,1114.979146141215,35.5
20265,1.0,2757,2026-02-20T03:30,SIN_DEMANDA,0,,,,,,,0,0,0,609,3280,1114.979146141215,35.5
20265,1.0,2758,2026-02-20T03:40,SIN_DEMANDA,0,,,,,,,0,0,0,610,3289,1116.519344262295,35.5
20265,1.0,2759,2026-02-20T03:50,SIN_DEMANDA,0,,,,,,,0,0,0,610,3289,1116.519344262295,35.5
20265,1.0,2760,2026-02-20T04:00,COMPLETA,1748.3903,396.0,396.0,24.0,96.0,1,0.08333333333333333,1,0,1,610,3289,1116.519344262295,35.5
20265,1.0,2761,2026-02-20T04:10,SIN_DEMANDA,0,,,,,,,0,0,0,610,3289,1116.519344262295,35.5
20265,1.0,2762,2026-02-20T04:20,SIN_DEMANDA,0,,,,,,,0,0,0,611,3297,1118.087234042553,35.5
20265,1.0,2763,2026-02-20T04:30,SIN_DEMANDA,0,,,,,,,0,0,0,612,3300,1119.620588235294,35.5
20265,1.0,2764,2026-02-20T04:40,SIN_DEMANDA,0,,,,,,,0,0,0,612,3300,1119.620588235294,35.5
20265,1.0,2765,2026-02-20T04:50,COMPLETA,1803.0436,134.5,134.5,50.0,135.0,1,0.041666666666666664,1,0,1,612,3300,1119.620588235294,35.5
20265,1.0,2766,2026-02-20T05:00,SIN_DEMANDA,0,,,,,,,0,0,0,612,3300,1119.620588235294,35.5
20265,1.0,2767,2026-02-20T05:10,SIN_DEMANDA,0,,,,,,,0,0,0,612,3300,1119.620588235294,35.5
20265,1.0,2768,2026-02-20T05:20,COMPLETA,2488.8058,2081.0,2081.0,24.0,96.0,1,0.20833333333333334,1,0,1,613,3302,1118.4401305057095,35.5
20265,1.0,2769,2026-02-20T05:30,COMPLETA,1747.2163,59.5,59.5,38.0,177.0,1,0.041666666666666664,1,0,0,613,3302,1118.4401305057095,35.5
20265,1.0,2770,2026-02-20T05:40,COMPLETA,1540.1625,59.5,59.5,38.0,177.0,1,0.041666666666666664,1,0,0,613,3302,1118.4401305057095,35.5
20265,1.0,2771,2026-02-20T05:50,COMPLETA,1883.194,59.5,59.5,38.0,177.0,1,0.041666666666666664,1,0,0,613,3302,1118.4401305057095,35.5
20265,1.0,2772,2026-02-20T06:00,COMPLETA,2695.0117,1034.75,52.0,61.0,441.0,2,0.041666666666666664,2,0,0,613,3302,1118.4401305057095,35.5
20265,1.0,2773,2026-02-20T06:10,COMPLETA,2828.0939,1361.1333333333334,52.0,89.0,611.1,3,0.125,3,0,0,613,3302,1118.4401305057095,35.5
20265,1.0,2774,2026-02-20T06:20,COMPLETA,2491.6863,1361.1333333333334,52.0,89.0,611.1,3,0.125,3,0,0,613,3302,1118.4401305057095,35.5
20265,1.0,2775,2026-02-20T06:30,COMPLETA,2798.1616,1361.1333333333334,52.0,89.0,611.1,3,0.125,3,0,0,614,3303,1116.837622149837,35.5
20265,1.0,2776,2026-02-20T06:40,COMPLETA,2963.2386,1361.1333333333334,52.0,89.0,611.1,3,0.125,3,0,0,615,3308,1118.4053658536584,35.5
20265,1.0,2777,2026-02-20T06:50,COMPLETA,2768.127,1361.1333333333334,52.0,89.0,611.1,3,0.125,3,0,0,615,3308,1118.4053658536584,35.5
20265,1.0,2778,2026-02-20T07:00,COMPLETA,2533.8225,1361.1333333333334,52.0,89.0,611.1,3,0.125,3,0,3,615,3308,1118.4053658536584,35.5
20265,1.0,2779,2026-02-20T07:10,SIN_DEMANDA,0,,,,,,,0,0,0,615,3308,1118.4053658536584,35.5
20265,1.0,2780,2026-02-20T07:20,SIN_DEMANDA,0,,,,,,,0,0,0,615,3308,1118.4053658536584,35.5
20265,1.0,2781,2026-02-20T07:30,SIN_DEMANDA,0,,,,,,,0,0,0,615,3308,1118.4053658536584,35.5
20265,1.0,2782,2026-02-20T07:40,COMPLETA,2246.1471,985.0,985.0,36.0,174.0,1,0.2916666666666667,1,0,1,615,3308,1118.4053658536584,35.5
20265,1.0,2783,2026-02-20T07:50,SIN_DEMANDA,0,,,,,,,0,0,0,615,3308,1118.4053658536584,35.5
20265,1.0,2784,2026-02-20T08:00,SIN_DEMANDA,0,,,,,,,0,0,0,615,3308,1118.4053658536584,35.5
20265,1.0,2785,2026-02-20T08:10,COMPLETA,2734.0998,1114.75,167.0,54.0,321.0,2,0.20833333333333334,2,0,2,615,3308,1118.4053658536584,35.5
20265,1.0,2786,2026-02-20T08:20,SIN_DEMANDA,0,,,,,,,0,0,0,615,3308,1118.4053658536584,35.5
20265,1.0,2787,2026-02-20T08:30,SIN_DEMANDA,0,,,,,,,0,0,0,617,3314,1121.3139384116694,35.5
20265,1.0,2788,2026-02-20T08:40,SIN_DEMANDA,0,,,,,,,0,0,0,618,3315,1119.5836569579287,35.5
20265,1.0,2789,2026-02-20T08:50,SIN_DEMANDA,0,,,,,,,0,0,0,618,3315,1119.5836569579287,35.5
20265,1.0,2790,2026-02-20T09:00,COMPLETA,1589.9984,2087.5,2087.5,10.0,75.0,1,0.041666666666666664,1,0,1,618,3315,1119.5836569579287,35.5
20265,1.0,2791,2026-02-20T09:10,SIN_DEMANDA,0,,,,,,,0,0,0,619,3322,1119.366235864297,35.5
20265,1.0,2792,2026-02-20T09:20,SIN_DEMANDA,0,,,,,,,0,0,0,620,3325,1117.8301612903224,35.5
20265,1.0,2793,2026-02-20T09:30,SIN_DEMANDA,0,,,,,,,0,0,0,620,3325,1117.8301612903224,35.5
20265,1.0,2794,2026-02-20T09:40,SIN_DEMANDA,0,,,,,,,0,0,0,620,3325,1117.8301612903224,35.5
20265,1.0,2795,2026-02-20T09:50,SIN_DEMANDA,0,,,,,,,0,0,0,621,3332,1119.3513687600644,35.5
20265,1.0,2796,2026-02-20T10:00,COMPLETA,1913.2766,992.5,992.5,30.0,105.0,1,0.25,1,0,1,621,3332,1119.3513687600644,35.5
20265,1.0,2797,2026-02-20T10:10,SIN_DEMANDA,0,,,,,,,0,0,0,622,3333,1120.9078778135047,35.5
20265,1.0,2798,2026-02-20T10:20,COMPLETA,2264.6973,2058.5,2058.5,54.0,141.0,1,0.25,1,0,1,622,3333,1120.9078778135047,35.5
20265,1.0,2799,2026-02-20T10:30,SIN_DEMANDA,0,,,,,,,0,0,0,622,3333,1120.9078778135047,35.5
20265,1.0,2800,2026-02-20T10:40,SIN_DEMANDA,0,,,,,,,0,0,0,622,3333,1120.9078778135047,35.5
20265,1.0,2801,2026-02-20T10:50,SIN_DEMANDA,0,,,,,,,0,0,0,622,3333,1120.9078778135047,35.5
20265,1.0,2802,2026-02-20T11:00,SIN_DEMANDA,0,,,,,,,0,0,0,622,3333,1120.9078778135047,35.5
20265,1.0,2803,2026-02-20T11:10,SIN_DEMANDA,0,,,,,,,0,0,0,622,3333,1120.9078778135047,35.5
20265,1.0,2804,2026-02-20T11:20,COMPLETA,2559.5286,2078.75,2068.5,42.0,183.0,2,0.14583333333333334,2,0,2,622,3333,1120.9078778135047,35.5
20265,1.0,2805,2026-02-20T11:30,COMPLETA,2104.1064,380.0,380.0,52.0,138.0,1,0.2916666666666667,1,0,1,623,3339,1120.7017656500802,35.5
20265,1.0,2806,2026-02-20T11:40,SIN_DEMANDA,0,,,,,,,0,0,0,623,3339,1120.7017656500802,35.5
20265,1.0,2807,2026-02-20T11:50,SIN_DEMANDA,0,,,,,,,0,0,0,623,3339,1120.7017656500802,35.5
20265,1.0,2808,2026-02-20T12:00,SIN_DEMANDA,0,,,,,,,0,0,0,623,3339,1120.7017656500802,35.5
20265,1.0,2809,2026-02-20T12:10,SIN_DEMANDA,0,,,,,,,0,0,0,624,3345,1122.2046474358974,35.5
20265,1.0,2810,2026-02-20T12:20,SIN_DEMANDA,0,,,,,,,0,0,0,624,3345,1122.2046474358974,35.5
20265,1.0,2811,2026-02-20T12:30,SIN_DEMANDA,0,,,,,,,0,0,0,625,3350,1123.75152,35.5
20265,1.0,2812,2026-02-20T12:40,SIN_DEMANDA,0,,,,,,,0,0,0,625,3350,1123.75152,35.5
20265,1.0,2813,2026-02-20T12:50,SIN_DEMANDA,0,,,,,,,0,0,0,626,3352,1125.2607028753994,35.5
20265,1.0,2814,2026-02-20T13:00,SIN_DEMANDA,0,,,,,,,0,0,0,626,3352,1125.2607028753994,35.5
20265,1.0,2815,2026-02-20T13:10,COMPLETA,2346.4057,162.0,162.0,40.0,180.0,2,0.16666666666666666,1,0,2,627,3359,1124.0720893141945,35.5
20265,1.0,2816,2026-02-20T13:20,SIN_DEMANDA,0,,,,,,,0,0,0,627,3359,1124.0720893141945,35.5
20265,1.0,2817,2026-02-20T13:30,SIN_DEMANDA,0,,,,,,,0,0,0,627,3359,1124.0720893141945,35.5
20265,1.0,2818,2026-02-20T13:40,COMPLETA,1843.7064,631.5,631.5,52.0,198.0,2,0.14583333333333334,1,0,2,627,3359,1124.0720893141945,35.5
20265,1.0,2819,2026-02-20T13:50,SIN_DEMANDA,0,,,,,,,0,0,0,627,3359,1124.0720893141945,35.5
20265,1.0,2820,2026-02-20T14:00,SIN_DEMANDA,0,,,,,,,0,0,0,627,3359,1124.0720893141945,35.5
20265,1.0,2821,2026-02-20T14:10,COMPLETA,1543.7762,110.5,110.5,22.0,153.0,1,0.125,1,0,0,627,3359,1124.0720893141945,35.5
20265,1.0,2822,2026-02-20T14:20,COMPLETA,2127.3193,1071.75,110.5,58.0,327.0,2,0.08333333333333333,2,0,0,627,3359,1124.0720893141945,35.5
20265,1.0,2823,2026-02-20T14:30,COMPLETA,2282.8893,1071.75,110.5,58.0,327.0,2,0.08333333333333333,2,0,0,628,3367,1122.540127388535,35.5
20265,1.0,2824,2026-02-20T14:40,COMPLETA,2256.6697,1391.7,100.6,100.0,529.8,3,0.10714285714285714,3,0,0,628,3367,1122.540127388535,35.5
20265,1.0,2825,2026-02-20T14:50,COMPLETA,3108.7539,1069.42,100.6,239.0,1345.3,6,0.15625,5,0,0,628,3367,1122.540127388535,35.5
20265,1.0,2826,2026-02-20T15:00,COMPLETA,3173.5181,1069.42,100.6,239.0,1345.3,6,0.15625,5,0,4,629,3374,1121.7594594594593,35.5
20265,1.0,2827,2026-02-20T15:10,COMPLETA,2177.7973,178.5,178.5,12.0,283.5,1,0.25,1,0,1,629,3374,1121.7594594594593,35.5
20265,1.0,2828,2026-02-20T15:20,SIN_DEMANDA,0,,,,,,,0,0,0,629,3374,1121.7594594594593,35.5
20265,1.0,2829,2026-02-20T15:30,SIN_DEMANDA,0,,,,,,,0,0,0,629,3374,1121.7594594594593,35.5
20265,1.0,2830,2026-02-20T15:40,COMPLETA,2190.2199,633.4,633.4,18.0,163.2,1,0.75,1,0,1,629,3374,1121.7594594594593,35.5
20265,1.0,2831,2026-02-20T15:50,SIN_DEMANDA,0,,,,,,,0,0,0,629,3374,1121.7594594594593,35.5
20265,1.0,2832,2026-02-20T16:00,COMPLETA,1383.9281,353.0,353.0,53.0,199.5,1,0.041666666666666664,1,0,1,629,3374,1121.7594594594593,35.5
20265,1.0,2833,2026-02-20T16:10,SIN_DEMANDA,0,,,,,,,0,0,0,629,3374,1121.7594594594593,35.5
20265,1.0,2834,2026-02-20T16:20,COMPLETA,2389.2822,1199.0,328.5,114.0,411.0,2,0.08333333333333333,2,0,2,630,3378,1121.555873015873,35.5
20265,1.0,2835,2026-02-20T16:30,COMPLETA,2214.0853,2033.0,2033.0,80.0,432.0,2,0.5,1,0,2,632,3382,1121.3825949367088,35.5
20265,1.0,2836,2026-02-20T16:40,SIN_DEMANDA,0,,,,,,,0,0,0,633,3384,1122.8361769352289,35.5
20265,1.0,2837,2026-02-20T16:50,SIN_DEMANDA,0,,,,,,,0,0,0,633,3384,1122.8361769352289,35.5
20265,1.0,2838,2026-02-20T17:00,COMPLETA,1525.7321,2009.5,2009.5,26.0,159.0,1,0.16666666666666666,1,0,0,633,3384,1122.8361769352289,35.5
20265,1.0,2839,2026-02-20T17:10,COMPLETA,2343.0537,1045.0,82.0,74.0,374.4,2,0.21875,2,0,0,634,3390,1122.064195583596,35.5
20265,1.0,2840,2026-02-20T17:20,COMPLETA,2345.826,1045.0,82.0,74.0,374.4,2,0.21875,2,0,0,634,3390,1122.064195583596,35.5
20265,1.0,2841,2026-02-20T17:30,COMPLETA,2595.9808,1045.0,82.0,74.0,314.4,2,0.21875,2,0,0,634,3390,1122.064195583596,35.5
20265,1.0,2842,2026-02-20T17:40,COMPLETA,2261.4826,1045.0,82.0,74.0,254.4,2,0.21875,2,0,0,634,3390,1122.064195583596,35.5
20265,1.0,2843,2026-02-20T17:50,COMPLETA,2555.1519,1031.0,82.0,90.0,338.4,3,0.14285714285714285,3,0,2,635,3392,1123.5562204724408,35.5
20265,1.0,2844,2026-02-20T18:00,COMPLETA,1254.0526,82.0,82.0,48.0,132.0,1,0.125,1,0,1,635,3392,1123.5562204724408,35.5
20265,1.0,2845,2026-02-20T18:10,SIN_DEMANDA,0,,,,,,,0,0,0,636,3393,1122.3446540880502,35.5
20265,1.0,2846,2026-02-20T18:20,SIN_DEMANDA,0,,,,,,,0,0,0,636,3393,1122.3446540880502,35.5
20265,1.0,2847,2026-02-20T18:30,SIN_DEMANDA,0,,,,,,,0,0,0,637,3401,1123.7742543171114,35.5
20265,1.0,2848,2026-02-20T18:40,COMPLETA,1488.3651,2091.0,2091.0,12.0,78.0,1,0.125,1,0,1,637,3401,1123.7742543171114,35.5
20265,1.0,2849,2026-02-20T18:50,SIN_DEMANDA,0,,,,,,,0,0,0,638,3403,1122.5277429467085,35.5
20265,1.0,2850,2026-02-20T19:00,SIN_DEMANDA,0,,,,,,,0,0,0,638,3403,1122.5277429467085,35.5
20265,1.0,2851,2026-02-20T19:10,SIN_DEMANDA,0,,,,,,,0,0,0,639,3404,1122.3406885758998,35.5
20265,1.0,2852,2026-02-20T19:20,SIN_DEMANDA,0,,,,,,,0,0,0,639,3404,1122.3406885758998,35.5
20265,1.0,2853,2026-02-20T19:30,SIN_DEMANDA,0,,,,,,,0,0,0,640,3408,1123.72453125,35.5
20265,1.0,2854,2026-02-20T19:40,SIN_DEMANDA,0,,,,,,,0,0,0,641,3411,1122.099375975039,35.5
20265,1.0,2855,2026-02-20T19:50,SIN_DEMANDA,0,,,,,,,0,0,0,643,3424,1122.1387247278383,35.5
20265,1.0,2856,2026-02-20T20:00,SIN_DEMANDA,0,,,,,,,0,0,0,643,3424,1122.1387247278383,35.5
20265,1.0,2857,2026-02-20T20:10,SIN_DEMANDA,0,,,,,,,0,0,0,643,3424,1122.1387247278383,35.5
20265,1.0,2858,2026-02-20T20:20,SIN_DEMANDA,0,,,,,,,0,0,0,643,3424,1122.1387247278383,35.5
20265,1.0,2859,2026-02-20T20:30,SIN_DEMANDA,0,,,,,,,0,0,0,643,3424,1122.1387247278383,35.5
20265,1.0,2860,2026-02-20T20:40,SIN_DEMANDA,0,,,,,,,0,0,0,643,3424,1122.1387247278383,35.5
20265,1.0,2861,2026-02-20T20:50,SIN_DEMANDA,0,,,,,,,0,0,0,643,3424,1122.1387247278383,35.5
20265,1.0,2862,2026-02-20T21:00,COMPLETA,1921.1564,2064.0,2064.0,80.0,240.0,2,0.125,1,0,2,643,3424,1122.1387247278383,35.5
20265,1.0,2863,2026-02-20T21:10,COMPLETA,866.5337,131.0,131.0,60.0,150.0,1,0.041666666666666664,1,0,1,643,3424,1122.1387247278383,35.5
20265,1.0,2864,2026-02-20T21:20,SIN_DEMANDA,0,,,,,,,0,0,0,643,3424,1122.1387247278383,35.5
20265,1.0,2865,2026-02-20T21:30,COMPLETA,2755.3565,403.5,403.5,18.0,87.0,1,0.4166666666666667,1,0,1,643,3424,1122.1387247278383,35.5
20265,1.0,2866,2026-02-20T21:40,SIN_DEMANDA,0,,,,,,,0,0,0,643,3424,1122.1387247278383,35.5
20265,1.0,2867,2026-02-20T21:50,SIN_DEMANDA,0,,,,,,,0,0,0,643,3424,1122.1387247278383,35.5
20265,1.0,2868,2026-02-20T22:00,SIN_DEMANDA,0,,,,,,,0,0,0,643,3424,1122.1387247278383,35.5
20265,1.0,2869,2026-02-20T22:10,SIN_DEMANDA,0,,,,,,,0,0,0,643,3424,1122.1387247278383,35.5
20265,1.0,2870,2026-02-20T22:20,COMPLETA,2093.3433,927.5,927.5,60.0,210.0,1,0.25,1,0,0,643,3424,1122.1387247278383,35.5
20265,1.0,2871,2026-02-20T22:30,COMPLETA,2170.8779,927.5,927.5,60.0,210.0,1,0.25,1,0,0,644,3430,1123.6012422360247,35.5
20265,1.0,2872,2026-02-20T22:40,COMPLETA,2235.6641,927.5,927.5,60.0,210.0,1,0.25,1,0,0,644,3430,1123.6012422360247,35.5
20265,1.0,2873,2026-02-20T22:50,COMPLETA,2042.5521,927.5,927.5,60.0,210.0,1,0.25,1,0,0,645,3440,1122.4848062015503,35.5
20265,1.0,2874,2026-02-20T23:00,COMPLETA,2655.44,927.5,927.5,60.0,210.0,1,0.25,1,0,1,646,3441,1120.9499999999998,35.5
20265,1.0,2875,2026-02-20T23:10,COMPLETA,2296.4065,145.5,145.5,76.0,354.0,2,0.20833333333333334,1,0,2,646,3441,1120.9499999999998,35.5
20265,1.0,2876,2026-02-20T23:20,COMPLETA,1741.295,980.0,980.0,44.0,186.0,1,0.041666666666666664,1,0,1,646,3441,1120.9499999999998,35.5
20265,1.0,2877,2026-02-20T23:30,COMPLETA,2026.8664,2068.0,2068.0,80.0,360.0,2,0.125,1,0,2,646,3441,1120.9499999999998,35.5
20265,1.0,2878,2026-02-20T23:40,SIN_DEMANDA,0,,,,,,,0,0,0,646,3441,1120.9499999999998,35.5
20265,1.0,2879,2026-02-20T23:50,SIN_DEMANDA,0,,,,,,,0,0,0,646,3441,1120.9499999999998,35.5
20265,1.0,2880,2026-02-21T00:00,SIN_DEMANDA,0,,,,,,,0,0,0,646,3441,1120.9499999999998,35.5
20265,1.0,2881,2026-02-21T00:10,COMPLETA,1928.0715,2082.0,2082.0,24.0,276.0,2,0.10416666666666667,1,0,2,646,3441,1120.9499999999998,35.5
20265,1.0,2882,2026-02-21T00:20,SIN_DEMANDA,0,,,,,,,0,0,0,646,3441,1120.9499999999998,35.5
20265,1.0,2883,2026-02-21T00:30,SIN_DEMANDA,0,,,,,,,0,0,0,646,3441,1120.9499999999998,35.5
20265,1.0,2884,2026-02-21T00:40,SIN_DEMANDA,0,,,,,,,0,0,0,647,3451,1119.4423493044821,35.5
20265,1.0,2885,2026-02-21T00:50,SIN_DEMANDA,0,,,,,,,0,0,0,647,3451,1119.4423493044821,35.5
20265,1.0,2886,2026-02-21T01:00,SIN_DEMANDA,0,,,,,,,0,0,0,650,3464,1120.391846153846,35.5
20265,1.0,2887,2026-02-21T01:10,SIN_DEMANDA,0,,,,,,,0,0,0,650,3464,1120.391846153846,35.5
20265,1.0,2888,2026-02-21T01:20,SIN_DEMANDA,0,,,,,,,0,0,0,651,3469,1121.8689708141321,35.5
20265,1.0,2889,2026-02-21T01:30,COMPLETA,2193.8735,965.5,965.5,85.0,279.9,2,0.3125,1,0,2,651,3469,1121.8689708141321,35.5
20265,1.0,2890,2026-02-21T01:40,SIN_DEMANDA,0,,,,,,,0,0,0,651,3469,1121.8689708141321,35.5
20265,1.0,2891,2026-02-21T01:50,SIN_DEMANDA,0,,,,,,,0,0,0,651,3469,1121.8689708141321,35.5
20265,1.0,2892,2026-02-21T02:00,SIN_DEMANDA,0,,,,,,,0,0,0,651,3469,1121.8689708141321,35.5
20265,1.0,2893,2026-02-21T02:10,COMPLETA,1903.3866,2066.5,2066.5,38.0,117.0,1,0.2916666666666667,1,0,1,651,3469,1121.8689708141321,35.5
20265,1.0,2894,2026-02-21T02:20,SIN_DEMANDA,0,,,,,,,0,0,0,651,3469,1121.8689708141321,35.5
20265,1.0,2895,2026-02-21T02:30,SIN_DEMANDA,0,,,,,,,0,0,0,651,3469,1121.8689708141321,35.5
20265,1.0,2896,2026-02-21T02:40,COMPLETA,1519.4161,391.0,391.0,36.0,114.0,1,0.041666666666666664,1,0,1,651,3469,1121.8689708141321,35.5
20265,1.0,2897,2026-02-21T02:50,SIN_DEMANDA,0,,,,,,,0,0,0,651,3469,1121.8689708141321,35.5
20265,1.0,2898,2026-02-21T03:00,SIN_DEMANDA,0,,,,,,,0,0,0,651,3469,1121.8689708141321,35.5
20265,1.0,2899,2026-02-21T03:10,SIN_DEMANDA,0,,,,,,,0,0,0,651,3469,1121.8689708141321,35.5
20265,1.0,2900,2026-02-21T03:20,SIN_DEMANDA,0,,,,,,,0,0,0,652,3479,1121.6291411042944,35.5
20265,1.0,2901,2026-02-21T03:30,COMPLETA,1701.0284,2075.5,2075.5,30.0,105.0,1,0.20833333333333334,1,0,1,652,3479,1121.6291411042944,35.5
20265,1.0,2902,2026-02-21T03:40,SIN_DEMANDA,0,,,,,,,0,0,0,653,3486,1123.076110260337,35.5
20265,1.0,2903,2026-02-21T03:50,SIN_DEMANDA,0,,,,,,,0,0,0,653,3486,1123.076110260337,35.5
20265,1.0,2904,2026-02-21T04:00,SIN_DEMANDA,0,,,,,,,0,0,0,653,3486,1123.076110260337,35.5
20265,1.0,2905,2026-02-21T04:10,COMPLETA,1999.176,377.0,377.0,56.0,144.0,1,0.375,1,0,1,654,3487,1121.9567278287461,35.5
20265,1.0,2906,2026-02-21T04:20,SIN_DEMANDA,0,,,,,,,0,0,0,654,3487,1121.9567278287461,35.5
20265,1.0,2907,2026-02-21T04:30,SIN_DEMANDA,0,,,,,,,0,0,0,654,3487,1121.9567278287461,35.5
20265,1.0,2908,2026-02-21T04:40,SIN_DEMANDA,0,,,,,,,0,0,0,654,3487,1121.9567278287461,35.5
20265,1.0,2909,2026-02-21T04:50,SIN_DEMANDA,0,,,,,,,0,0,0,654,3487,1121.9567278287461,35.5
20265,1.0,2910,2026-02-21T05:00,SIN_DEMANDA,0,,,,,,,0,0,0,655,3492,1123.4125190839693,35.5
20265,1.0,2911,2026-02-21T05:10,COMPLETA,1924.7885,988.0,988.0,64.0,216.0,2,0.16666666666666666,1,0,2,655,3492,1123.4125190839693,35.5
20265,1.0,2912,2026-02-21T05:20,SIN_DEMANDA,0,,,,,,,0,0,0,655,3492,1123.4125190839693,35.5
20265,1.0,2913,2026-02-21T05:30,SIN_DEMANDA,0,,,,,,,0,0,0,655,3492,1123.4125190839693,35.5
20265,1.0,2914,2026-02-21T05:40,SIN_DEMANDA,0,,,,,,,0,0,0,655,3492,1123.4125190839693,35.5
20265,1.0,2915,2026-02-21T05:50,SIN_DEMANDA,0,,,,,,,0,0,0,655,3492,1123.4125190839693,35.5
20265,1.0,2916,2026-02-21T06:00,COMPLETA,1871.1518,356.5,356.5,2.0,123.0,1,0.375,1,0,0,656,3501,1122.2746951219513,35.5
20265,1.0,2917,2026-02-21T06:10,COMPLETA,1641.1304,343.0,329.5,52.0,318.0,2,0.3541666666666667,2,0,0,656,3501,1122.2746951219513,35.5
20265,1.0,2918,2026-02-21T06:20,COMPLETA,1967.3262,343.0,329.5,52.0,318.0,2,0.3541666666666667,2,0,0,656,3501,1122.2746951219513,35.5
20265,1.0,2919,2026-02-21T06:30,COMPLETA,1831.0896,343.0,329.5,52.0,318.0,2,0.3541666666666667,2,0,0,656,3501,1122.2746951219513,35.5
20265,1.0,2920,2026-02-21T06:40,COMPLETA,1612.8121,343.0,329.5,52.0,318.0,2,0.3541666666666667,2,0,0,657,3509,1122.070319634703,35.5
20265,1.0,2921,2026-02-21T06:50,COMPLETA,1959.6247,343.0,329.5,52.0,318.0,2,0.3541666666666667,2,0,0,657,3509,1122.070319634703,35.5
20265,1.0,2922,2026-02-21T07:00,COMPLETA,1941.5473,343.0,329.5,52.0,318.0,2,0.3541666666666667,2,0,2,657,3509,1122.070319634703,35.5
20265,1.0,2923,2026-02-21T07:10,COMPLETA,1834.8199,1529.0,973.0,72.0,348.0,2,0.10416666666666667,2,0,2,657,3509,1122.070319634703,35.5
20265,1.0,2924,2026-02-21T07:20,SIN_DEMANDA,0,,,,,,,0,0,0,657,3509,1122.070319634703,35.5
20265,1.0,2925,2026-02-21T07:30,SIN_DEMANDA,0,,,,,,,0,0,0,657,3509,1122.070319634703,35.5
20265,1.0,2926,2026-02-21T07:40,SIN_DEMANDA,0,,,,,,,0,0,0,657,3509,1122.070319634703,35.5
20265,1.0,2927,2026-02-21T07:50,SIN_DEMANDA,0,,,,,,,0,0,0,657,3509,1122.070319634703,35.5
20265,1.0,2928,2026-02-21T08:00,COMPLETA,1002.7646,2042.5,2042.5,66.0,219.0,1,0.041666666666666664,1,0,1,657,3509,1122.070319634703,35.5
20265,1.0,2929,2026-02-21T08:10,SIN_DEMANDA,0,,,,,,,0,0,0,658,3518,1120.906838905775,35.5
20265,1.0,2930,2026-02-21T08:20,SIN_DEMANDA,0,,,,,,,0,0,0,658,3518,1120.906838905775,35.5
20265,1.0,2931,2026-02-21T08:30,SIN_DEMANDA,0,,,,,,,0,0,0,659,3520,1122.3698027314113,35.5
20265,1.0,2932,2026-02-21T08:40,SIN_DEMANDA,0,,,,,,,0,0,0,660,3528,1121.1684848484847,35.5
20265,1.0,2933,2026-02-21T08:50,SIN_DEMANDA,0,,,,,,,0,0,0,661,3531,1120.9443267776096,35.5
20265,1.0,2934,2026-02-21T09:00,COMPLETA,1638.58,1219.25,384.0,94.0,321.0,2,0.0625,2,0,2,661,3531,1120.9443267776096,35.5
20265,1.0,2935,2026-02-21T09:10,SIN_DEMANDA,0,,,,,,,0,0,0,661,3531,1120.9443267776096,35.5
20265,1.0,2936,2026-02-21T09:20,SIN_DEMANDA,0,,,,,,,0,0,0,661,3531,1120.9443267776096,35.5
20265,1.0,2937,2026-02-21T09:30,COMPLETA,1889.4145,362.6,362.6,84.0,321.6,2,0.5625,1,0,2,661,3531,1120.9443267776096,35.5
20265,1.0,2938,2026-02-21T09:40,SIN_DEMANDA,0,,,,,,,0,0,0,661,3531,1120.9443267776096,35.5
20265,1.0,2939,2026-02-21T09:50,SIN_DEMANDA,0,,,,,,,0,0,0,662,3532,1122.3364048338367,35.5
20265,1.0,2940,2026-02-21T10:00,COMPLETA,1711.2026,2063.5,2063.5,22.0,93.0,1,0.4166666666666667,1,0,0,662,3532,1122.3364048338367,35.5
20265,1.0,2941,2026-02-21T10:10,COMPLETA,1907.0238,2063.5,2063.5,22.0,93.0,1,0.4166666666666667,1,0,1,662,3532,1122.3364048338367,35.5
20265,1.0,2942,2026-02-21T10:20,COMPLETA,1144.0808,2055.0,2055.0,43.0,124.5,1,0.16666666666666666,1,0,1,662,3532,1122.3364048338367,35.5
20265,1.0,2943,2026-02-21T10:30,SIN_DEMANDA,0,,,,,,,0,0,0,662,3532,1122.3364048338367,35.5
20265,1.0,2944,2026-02-21T10:40,SIN_DEMANDA,0,,,,,,,0,0,0,663,3534,1121.2227752639517,35.5
20265,1.0,2945,2026-02-21T10:50,SIN_DEMANDA,0,,,,,,,0,0,0,664,3535,1122.628313253012,35.5
20265,1.0,2946,2026-02-21T11:00,SIN_DEMANDA,0,,,,,,,0,0,0,664,3535,1122.628313253012,35.5
20265,1.0,2947,2026-02-21T11:10,SIN_DEMANDA,0,,,,,,,0,0,0,664,3535,1122.628313253012,35.5
20265,1.0,2948,2026-02-21T11:20,SIN_DEMANDA,0,,,,,,,0,0,0,664,3535,1122.628313253012,35.5
20265,1.0,2949,2026-02-21T11:30,SIN_DEMANDA,0,,,,,,,0,0,0,665,3544,1121.4854135338344,35.5
20265,1.0,2950,2026-02-21T11:40,COMPLETA,1792.6209,2073.5,2073.5,52.0,198.0,2,0.1875,1,0,2,666,3554,1122.8998498498497,35.5
20265,1.0,2951,2026-02-21T11:50,COMPLETA,1589.9412,2051.5,2051.5,54.0,141.0,1,0.4166666666666667,1,0,1,666,3554,1122.8998498498497,35.5
20265,1.0,2952,2026-02-21T12:00,SIN_DEMANDA,0,,,,,,,0,0,0,666,3554,1122.8998498498497,35.5
20265,1.0,2953,2026-02-21T12:10,SIN_DEMANDA,0,,,,,,,0,0,0,667,3558,1124.2973013493252,35.5
20265,1.0,2954,2026-02-21T12:20,SIN_DEMANDA,0,,,,,,,0,0,0,667,3558,1124.2973013493252,35.5
20265,1.0,2955,2026-02-21T12:30,COMPLETA,1760.762,2067.0,2067.0,44.0,126.0,1,0.2916666666666667,1,0,1,667,3558,1124.2973013493252,35.5
20265,1.0,2956,2026-02-21T12:40,COMPLETA,1542.9095,402.5,402.5,44.0,186.0,2,0.10416666666666667,1,0,2,667,3558,1124.2973013493252,35.5
20265,1.0,2957,2026-02-21T12:50,SIN_DEMANDA,0,,,,,,,0,0,0,667,3558,1124.2973013493252,35.5
20265,1.0,2958,2026-02-21T13:00,SIN_DEMANDA,0,,,,,,,0,0,0,668,3567,1125.7182634730539,35.5
20265,1.0,2959,2026-02-21T13:10,SIN_DEMANDA,0,,,,,,,0,0,0,668,3567,1125.7182634730539,35.5
20265,1.0,2960,2026-02-21T13:20,SIN_DEMANDA,0,,,,,,,0,0,0,668,3567,1125.7182634730539,35.5
20265,1.0,2961,2026-02-21T13:30,SIN_DEMANDA,0,,,,,,,0,0,0,668,3567,1125.7182634730539,35.5
20265,1.0,2962,2026-02-21T13:40,COMPLETA,1739.2323,541.0,541.0,48.0,192.0,1,0.375,1,0,0,669,3577,1127.1020926756353,35.5
20265,1.0,2963,2026-02-21T13:50,COMPLETA,1737.7385,541.0,541.0,48.0,192.0,1,0.375,1,0,0,669,3577,1127.1020926756353,35.5
20265,1.0,2964,2026-02-21T14:00,COMPLETA,1661.1313,541.0,541.0,48.0,192.0,1,0.375,1,0,0,670,3582,1126.0205970149252,35.5
20265,1.0,2965,2026-02-21T14:10,COMPLETA,1820.2738,541.0,541.0,48.0,192.0,1,0.375,1,0,0,671,3589,1127.422950819672,35.5
20265,1.0,2966,2026-02-21T14:20,COMPLETA,1722.9831,541.0,541.0,48.0,192.0,1,0.375,1,0,0,671,3589,1127.422950819672,35.5
20265,1.0,2967,2026-02-21T14:30,COMPLETA,1854.4529,445.75,350.5,90.0,375.0,2,0.22916666666666666,2,0,0,671,3589,1127.422950819672,35.5
20265,1.0,2968,2026-02-21T14:40,COMPLETA,1674.1765,445.75,350.5,90.0,375.0,2,0.22916666666666666,2,0,0,671,3589,1127.422950819672,35.5
20265,1.0,2969,2026-02-21T14:50,COMPLETA,1929.1553,445.75,350.5,90.0,375.0,2,0.22916666666666666,2,0,0,671,3589,1127.422950819672,35.5
20265,1.0,2970,2026-02-21T15:00,COMPLETA,1973.9788,445.75,350.5,90.0,375.0,2,0.22916666666666666,2,0,2,671,3589,1127.422950819672,35.5
20265,1.0,2971,2026-02-21T15:10,SIN_DEMANDA,0,,,,,,,0,0,0,671,3589,1127.422950819672,35.5
20265,1.0,2972,2026-02-21T15:20,SIN_DEMANDA,0,,,,,,,0,0,0,671,3589,1127.422950819672,35.5
20265,1.0,2973,2026-02-21T15:30,SIN_DEMANDA,0,,,,,,,0,0,0,671,3589,1127.422950819672,35.5
20265,1.0,2974,2026-02-21T15:40,COMPLETA,1586.7012,2079.0,2079.0,28.0,162.0,1,0.16666666666666666,1,0,1,671,3589,1127.422950819672,35.5
20265,1.0,2975,2026-02-21T15:50,SIN_DEMANDA,0,,,,,,,0,0,0,671,3589,1127.422950819672,35.5
20265,1.0,2976,2026-02-21T16:00,COMPLETA,2149.9436,138.65,128.5,109.0,570.3,3,0.275,2,0,3,671,3589,1127.422950819672,35.5
20265,1.0,2977,2026-02-21T16:10,SIN_DEMANDA,0,,,,,,,0,0,0,671,3589,1127.422950819672,35.5
20265,1.0,2978,2026-02-21T16:20,COMPLETA,1920.6954,611.5,611.5,108.0,402.0,2,0.16666666666666666,1,0,2,671,3589,1127.422950819672,35.5
20265,1.0,2979,2026-02-21T16:30,SIN_DEMANDA,0,,,,,,,0,0,0,671,3589,1127.422950819672,35.5
20265,1.0,2980,2026-02-21T16:40,SIN_DEMANDA,0,,,,,,,0,0,0,673,3600,1125.397176820208,35.5
20265,1.0,2981,2026-02-21T16:50,SIN_DEMANDA,0,,,,,,,0,0,0,673,3600,1125.397176820208,35.5
20265,1.0,2982,2026-02-21T17:00,SIN_DEMANDA,0,,,,,,,0,0,0,673,3600,1125.397176820208,35.5
20265,1.0,2983,2026-02-21T17:10,SIN_DEMANDA,0,,,,,,,0,0,0,674,3604,1126.8120178041543,35.5
20265,1.0,2984,2026-02-21T17:20,SIN_DEMANDA,0,,,,,,,0,0,0,674,3604,1126.8120178041543,35.5
20265,1.0,2985,2026-02-21T17:30,COMPLETA,1870.4874,2057.0,2057.0,69.0,250.5,2,0.3125,1,0,2,674,3604,1126.8120178041543,35.5
20265,1.0,2986,2026-02-21T17:40,SIN_DEMANDA,0,,,,,,,0,0,0,675,3609,1125.363111111111,35.5
20265,1.0,2987,2026-02-21T17:50,SIN_DEMANDA,0,,,,,,,0,0,0,676,3615,1123.8884615384616,35.5
20265,1.0,2988,2026-02-21T18:00,SIN_DEMANDA,0,,,,,,,0,0,0,676,3615,1123.8884615384616,35.5
20265,1.0,2989,2026-02-21T18:10,SIN_DEMANDA,0,,,,,,,0,0,0,677,3623,1123.1316100443132,35.5
20265,1.0,2990,2026-02-21T18:20,SIN_DEMANDA,0,,,,,,,0,0,0,677,3623,1123.1316100443132,35.5
20265,1.0,2991,2026-02-21T18:30,SIN_DEMANDA,0,,,,,,,0,0,0,677,3623,1123.1316100443132,35.5
20265,1.0,2992,2026-02-21T18:40,SIN_DEMANDA,0,,,,,,,0,0,0,677,3623,1123.1316100443132,35.5
20265,1.0,2993,2026-02-21T18:50,SIN_DEMANDA,0,,,,,,,0,0,0,677,3623,1123.1316100443132,35.5
20265,1.0,2994,2026-02-21T19:00,SIN_DEMANDA,0,,,,,,,0,0,0,677,3623,1123.1316100443132,35.5
20265,1.0,2995,2026-02-21T19:10,COMPLETA,1377.5222,2078.5,2078.5,18.0,87.0,1,0.041666666666666664,1,0,1,678,3633,1124.5089970501474,35.5
20265,1.0,2996,2026-02-21T19:20,SIN_DEMANDA,0,,,,,,,0,0,0,678,3633,1124.5089970501474,35.5
20265,1.0,2997,2026-02-21T19:30,SIN_DEMANDA,0,,,,,,,0,0,0,678,3633,1124.5089970501474,35.5
20265,1.0,2998,2026-02-21T19:40,SIN_DEMANDA,0,,,,,,,0,0,0,678,3633,1124.5089970501474,35.5
20265,1.0,2999,2026-02-21T19:50,SIN_DEMANDA,0,,,,,,,0,0,0,678,3633,1124.5089970501474,35.5
20265,1.0,3000,2026-02-21T20:00,COMPLETA,1921.6696,2074.0,2074.0,32.0,108.0,1,0.4166666666666667,1,0,1,678,3633,1124.5089970501474,35.5
20265,1.0,3001,2026-02-21T20:10,SIN_DEMANDA,0,,,,,,,0,0,0,678,3633,1124.5089970501474,35.5
20265,1.0,3002,2026-02-21T20:20,SIN_DEMANDA,0,,,,,,,0,0,0,678,3633,1124.5089970501474,35.5
20265,1.0,3003,2026-02-21T20:30,SIN_DEMANDA,0,,,,,,,0,0,0,679,3634,1125.9139911634757,35.5
20265,1.0,3004,2026-02-21T20:40,COMPLETA,1924.3772,2061.0,2061.0,40.0,120.0,1,0.4166666666666667,1,0,1,679,3634,1125.9139911634757,35.5
20265,1.0,3005,2026-02-21T20:50,SIN_DEMANDA,0,,,,,,,0,0,0,679,3634,1125.9139911634757,35.5
20265,1.0,3006,2026-02-21T21:00,SIN_DEMANDA,0,,,,,,,0,0,0,679,3634,1125.9139911634757,35.5
20265,1.0,3007,2026-02-21T21:10,SIN_DEMANDA,0,,,,,,,0,0,0,679,3634,1125.9139911634757,35.5
20265,1.0,3008,2026-02-21T21:20,COMPLETA,1376.9138,1944.0,1944.0,68.0,222.0,1,0.125,1,0,0,679,3634,1125.9139911634757,35.5
20265,1.0,3009,2026-02-21T21:30,COMPLETA,1320.1556,1944.0,1944.0,68.0,222.0,1,0.125,1,0,0,680,3644,1127.3082352941176,35.5
20265,1.0,3010,2026-02-21T21:40,COMPLETA,2344.9323,1471.0,998.0,108.0,402.0,3,0.18055555555555555,2,0,2,680,3644,1127.3082352941176,35.5
20265,1.0,3011,2026-02-21T21:50,COMPLETA,1665.8318,1944.0,1944.0,68.0,222.0,1,0.125,1,0,0,680,3644,1127.3082352941176,35.5
20265,1.0,3012,2026-02-21T22:00,COMPLETA,1460.3605,1944.0,1944.0,68.0,222.0,1,0.125,1,0,0,680,3644,1127.3082352941176,35.5
20265,1.0,3013,2026-02-21T22:10,COMPLETA,1653.9368,1944.0,1944.0,68.0,222.0,1,0.125,1,0,0,681,3654,1128.679295154185,35.5
20265,1.0,3014,2026-02-21T22:20,COMPLETA,2266.1012,1271.25,598.5,94.0,381.0,2,0.125,2,0,0,681,3654,1128.679295154185,35.5
20265,1.0,3015,2026-02-21T22:30,COMPLETA,2498.6073,1271.25,598.5,94.0,381.0,2,0.125,2,0,0,681,3654,1128.679295154185,35.5
20265,1.0,3016,2026-02-21T22:40,COMPLETA,2398.9084,1271.25,598.5,94.0,381.0,2,0.125,2,0,0,681,3654,1128.679295154185,35.5
20265,1.0,3017,2026-02-21T22:50,COMPLETA,2502.6877,1271.25,598.5,94.0,381.0,2,0.125,2,0,0,681,3654,1128.679295154185,35.5
20265,1.0,3018,2026-02-21T23:00,COMPLETA,3146.7063,1271.25,598.5,94.0,381.0,2,0.125,2,0,2,682,3664,1128.4876832844575,35.5
20265,1.0,3019,2026-02-21T23:10,SIN_DEMANDA,0,,,,,,,0,0,0,682,3664,1128.4876832844575,35.5
20265,1.0,3020,2026-02-21T23:20,SIN_DEMANDA,0,,,,,,,0,0,0,682,3664,1128.4876832844575,35.5
20265,1.0,3021,2026-02-21T23:30,SIN_DEMANDA,0,,,,,,,0,0,0,682,3664,1128.4876832844575,35.5
20265,1.0,3022,2026-02-21T23:40,SIN_DEMANDA,0,,,,,,,0,0,0,682,3664,1128.4876832844575,35.5
20265,1.0,3023,2026-02-21T23:50,SIN_DEMANDA,0,,,,,,,0,0,0,682,3664,1128.4876832844575,35.5
20265,1.0,3024,2026-02-22T00:00,SIN_DEMANDA,0,,,,,,,0,0,0,682,3664,1128.4876832844575,35.5
20265,1.0,3025,2026-02-22T00:10,COMPLETA,1975.7012,2074.5,2074.5,34.0,171.0,1,0.125,1,0,1,682,3664,1128.4876832844575,35.5
20265,1.0,3026,2026-02-22T00:20,SIN_DEMANDA,0,,,,,,,0,0,0,683,3667,1127.7117130307468,35.5
20265,1.0,3027,2026-02-22T00:30,COMPLETA,2128.7302,613.5,613.5,50.0,195.0,1,0.125,1,0,1,683,3667,1127.7117130307468,35.5
20265,1.0,3028,2026-02-22T00:40,SIN_DEMANDA,0,,,,,,,0,0,0,683,3667,1127.7117130307468,35.5
20265,1.0,3029,2026-02-22T00:50,SIN_DEMANDA,0,,,,,,,0,0,0,683,3667,1127.7117130307468,35.5
20265,1.0,3030,2026-02-22T01:00,SIN_DEMANDA,0,,,,,,,0,0,0,684,3670,1128.9051169590643,35.5
20265,1.0,3031,2026-02-22T01:10,SIN_DEMANDA,0,,,,,,,0,0,0,684,3670,1128.9051169590643,35.5
20265,1.0,3032,2026-02-22T01:20,SIN_DEMANDA,0,,,,,,,0,0,0,684,3670,1128.9051169590643,35.5
20265,1.0,3033,2026-02-22T01:30,COMPLETA,2914.2776,2066.5,2066.5,76.0,234.0,2,0.20833333333333334,1,0,2,684,3670,1128.9051169590643,35.5
20265,1.0,3034,2026-02-22T01:40,COMPLETA,3026.4624,641.0,641.0,32.0,168.0,2,0.16666666666666666,1,0,2,685,3673,1130.2855474452554,35.5
20265,1.0,3035,2026-02-22T01:50,SIN_DEMANDA,0,,,,,,,0,0,0,685,3673,1130.2855474452554,35.5
20265,1.0,3036,2026-02-22T02:00,SIN_DEMANDA,0,,,,,,,0,0,0,685,3673,1130.2855474452554,35.5
20265,1.0,3037,2026-02-22T02:10,SIN_DEMANDA,0,,,,,,,0,0,0,686,3676,1129.5322157434402,35.5
20265,1.0,3038,2026-02-22T02:20,COMPLETA,2808.5157,2057.0,2057.0,52.0,138.0,1,0.3333333333333333,1,0,1,686,3676,1129.5322157434402,35.5
20265,1.0,3039,2026-02-22T02:30,SIN_DEMANDA,0,,,,,,,0,0,0,686,3676,1129.5322157434402,35.5
20265,1.0,3040,2026-02-22T02:40,SIN_DEMANDA,0,,,,,,,0,0,0,686,3676,1129.5322157434402,35.5
20265,1.0,3041,2026-02-22T02:50,SIN_DEMANDA,0,,,,,,,0,0,0,686,3676,1129.5322157434402,35.5
20265,1.0,3042,2026-02-22T03:00,SIN_DEMANDA,0,,,,,,,0,0,0,688,3694,1130.184011627907,35.5
20265,1.0,3043,2026-02-22T03:10,SIN_DEMANDA,0,,,,,,,0,0,0,688,3694,1130.184011627907,35.5
20265,1.0,3044,2026-02-22T03:20,SIN_DEMANDA,0,,,,,,,0,0,0,688,3694,1130.184011627907,35.5
20265,1.0,3045,2026-02-22T03:30,SIN_DEMANDA,0,,,,,,,0,0,0,688,3694,1130.184011627907,35.5
20265,1.0,3046,2026-02-22T03:40,SIN_DEMANDA,0,,,,,,,0,0,0,688,3694,1130.184011627907,35.5
20265,1.0,3047,2026-02-22T03:50,COMPLETA,2550.75,2074.0,2074.0,64.0,216.0,2,0.10416666666666667,1,0,2,688,3694,1130.184011627907,35.5
20265,1.0,3048,2026-02-22T04:00,COMPLETA,2805.7253,133.5,133.5,46.0,131.5,1,0.3333333333333333,1,0,1,689,3702,1131.5291727140784,35.5
20265,1.0,3049,2026-02-22T04:10,COMPLETA,2123.2492,157.0,157.0,56.0,204.0,2,0.125,1,0,2,689,3702,1131.5291727140784,35.5
20265,1.0,3050,2026-02-22T04:20,SIN_DEMANDA,0,,,,,,,0,0,0,689,3702,1131.5291727140784,35.5
20265,1.0,3051,2026-02-22T04:30,SIN_DEMANDA,0,,,,,,,0,0,0,689,3702,1131.5291727140784,35.5
20265,1.0,3052,2026-02-22T04:40,SIN_DEMANDA,0,,,,,,,0,0,0,689,3702,1131.5291727140784,35.5
20265,1.0,3053,2026-02-22T04:50,COMPLETA,1440.3774,2062.0,2062.0,44.0,126.0,1,0.08333333333333333,1,0,1,689,3702,1131.5291727140784,35.5
20265,1.0,3054,2026-02-22T05:00,SIN_DEMANDA,0,,,,,,,0,0,0,689,3702,1131.5291727140784,35.5
20265,1.0,3055,2026-02-22T05:10,SIN_DEMANDA,0,,,,,,,0,0,0,689,3702,1131.5291727140784,35.5
20265,1.0,3056,2026-02-22T05:20,SIN_DEMANDA,0,,,,,,,0,0,0,690,3707,1132.895072463768,35.5
20265,1.0,3057,2026-02-22T05:30,SIN_DEMANDA,0,,,,,,,0,0,0,690,3707,1132.895072463768,35.5
20265,1.0,3058,2026-02-22T05:40,SIN_DEMANDA,0,,,,,,,0,0,0,691,3713,1131.4827785817656,35.5
20265,1.0,3059,2026-02-22T05:50,COMPLETA,2206.4498,1984.5,1984.5,100.0,390.0,2,0.10416666666666667,1,0,0,692,3721,1130.0406069364162,35.5
20265,1.0,3060,2026-02-22T06:00,COMPLETA,1977.1036,1998.0,1984.5,118.0,537.0,3,0.1388888888888889,2,0,0,692,3721,1130.0406069364162,35.5
20265,1.0,3061,2026-02-22T06:10,COMPLETA,2366.1265,1998.0,1984.5,118.0,537.0,3,0.1388888888888889,2,0,0,692,3721,1130.0406069364162,35.5
20265,1.0,3062,2026-02-22T06:20,COMPLETA,1865.4683,1998.0,1984.5,118.0,537.0,3,0.1388888888888889,2,0,0,692,3721,1130.0406069364162,35.5
20265,1.0,3063,2026-02-22T06:30,COMPLETA,1678.4588,1998.0,1984.5,118.0,537.0,3,0.1388888888888889,2,0,0,693,3723,1131.3854256854256,35.5
20265,1.0,3064,2026-02-22T06:40,COMPLETA,2524.8183,1600.75,364.5,206.0,909.0,5,0.16666666666666666,4,0,0,693,3723,1131.3854256854256,35.5
20265,1.0,3065,2026-02-22T06:50,COMPLETA,2600.4136,1600.75,364.5,206.0,909.0,5,0.16666666666666666,4,0,0,693,3723,1131.3854256854256,35.5
20265,1.0,3066,2026-02-22T07:00,COMPLETA,2667.9092,1699.6,364.5,202.0,1023.0,6,0.14583333333333334,5,0,6,693,3723,1131.3854256854256,35.5
20265,1.0,3067,2026-02-22T07:10,SIN_DEMANDA,0,,,,,,,0,0,0,693,3723,1131.3854256854256,35.5
20265,1.0,3068,2026-02-22T07:20,COMPLETA,1855.9137,356.8,356.8,92.0,460.8,2,0.5,1,0,2,693,3723,1131.3854256854256,35.5
20265,1.0,3069,2026-02-22T07:30,SIN_DEMANDA,0,,,,,,,0,0,0,693,3723,1131.3854256854256,35.5
20265,1.0,3070,2026-02-22T07:40,COMPLETA,1446.058,122.5,122.5,62.0,213.0,1,0.041666666666666664,1,0,1,693,3723,1131.3854256854256,35.5
20265,1.0,3071,2026-02-22T07:50,SIN_DEMANDA,0,,,,,,,0,0,0,693,3723,1131.3854256854256,35.5
20265,1.0,3072,2026-02-22T08:00,SIN_DEMANDA,0,,,,,,,0,0,0,693,3723,1131.3854256854256,35.5
20265,1.0,3073,2026-02-22T08:10,COMPLETA,1586.6181,1005.0,1005.0,16.0,144.0,1,0.16666666666666666,1,0,1,694,3724,1132.7739193083573,35.5
20265,1.0,3074,2026-02-22T08:20,COMPLETA,1829.541,373.0,373.0,43.0,184.5,1,0.25,1,0,1,694,3724,1132.7739193083573,35.5
20265,1.0,3075,2026-02-22T08:30,SIN_DEMANDA,0,,,,,,,0,0,0,696,3730,1132.9326149425287,35.5
20265,1.0,3076,2026-02-22T08:40,SIN_DEMANDA,0,,,,,,,0,0,0,698,3744,1135.4557306590257,35.5
20265,1.0,3077,2026-02-22T08:50,SIN_DEMANDA,0,,,,,,,0,0,0,698,3744,1135.4557306590257,35.5
20265,1.0,3078,2026-02-22T09:00,SIN_DEMANDA,0,,,,,,,0,0,0,698,3744,1135.4557306590257,35.5
20265,1.0,3079,2026-02-22T09:10,SIN_DEMANDA,0,,,,,,,0,0,0,698,3744,1135.4557306590257,35.5
20265,1.0,3080,2026-02-22T09:20,COMPLETA,2263.7928,351.5,351.5,69.0,163.5,1,0.375,1,0,1,699,3752,1134.341773962804,35.5
20265,1.0,3081,2026-02-22T09:30,SIN_DEMANDA,0,,,,,,,0,0,0,701,3757,1132.7138373751784,35.5
20265,1.0,3082,2026-02-22T09:40,SIN_DEMANDA,0,,,,,,,0,0,0,701,3757,1132.7138373751784,35.5
20265,1.0,3083,2026-02-22T09:50,COMPLETA,1349.923,2084.0,2084.0,12.0,78.0,1,0.125,1,0,1,701,3757,1132.7138373751784,35.5
20265,1.0,3084,2026-02-22T10:00,COMPLETA,1967.9911,2051.0,2051.0,44.0,126.0,1,0.375,1,0,0,701,3757,1132.7138373751784,35.5
20265,1.0,3085,2026-02-22T10:10,COMPLETA,2225.518,2051.0,2051.0,44.0,126.0,1,0.375,1,0,1,702,3763,1131.631623931624,35.5
20265,1.0,3086,2026-02-22T10:20,SIN_DEMANDA,0,,,,,,,0,0,0,702,3763,1131.631623931624,35.5
20265,1.0,3087,2026-02-22T10:30,SIN_DEMANDA,0,,,,,,,0,0,0,702,3763,1131.631623931624,35.5
20265,1.0,3088,2026-02-22T10:40,SIN_DEMANDA,0,,,,,,,0,0,0,702,3763,1131.631623931624,35.5
20265,1.0,3089,2026-02-22T10:50,SIN_DEMANDA,0,,,,,,,0,0,0,702,3763,1131.631623931624,35.5
20265,1.0,3090,2026-02-22T11:00,SIN_DEMANDA,0,,,,,,,0,0,0,703,3766,1132.9863442389758,35.5
20265,1.0,3091,2026-02-22T11:10,SIN_DEMANDA,0,,,,,,,0,0,0,703,3766,1132.9863442389758,35.5
20265,1.0,3092,2026-02-22T11:20,SIN_DEMANDA,0,,,,,,,0,0,0,703,3766,1132.9863442389758,35.5
20265,1.0,3093,2026-02-22T11:30,SIN_DEMANDA,0,,,,,,,0,0,0,704,3775,1131.876278409091,35.5
20265,1.0,3094,2026-02-22T11:40,SIN_DEMANDA,0,,,,,,,0,0,0,704,3775,1131.876278409091,35.5
20265,1.0,3095,2026-02-22T11:50,COMPLETA,1356.3819,988.5,988.5,30.0,105.0,1,0.125,1,0,1,705,3784,1133.18,35.5
20265,1.0,3096,2026-02-22T12:00,SIN_DEMANDA,0,,,,,,,0,0,0,705,3784,1133.18,35.5
20265,1.0,3097,2026-02-22T12:10,SIN_DEMANDA,0,,,,,,,0,0,0,705,3784,1133.18,35.5
20265,1.0,3098,2026-02-22T12:20,COMPLETA,1363.7226,382.2,382.2,24.0,117.6,1,0.375,1,0,1,705,3784,1133.18,35.5
20265,1.0,3099,2026-02-22T12:30,SIN_DEMANDA,0,,,,,,,0,0,0,705,3784,1133.18,35.5
20265,1.0,3100,2026-02-22T12:40,SIN_DEMANDA,0,,,,,,,0,0,0,705,3784,1133.18,35.5
20265,1.0,3101,2026-02-22T12:50,SIN_DEMANDA,0,,,,,,,0,0,0,705,3784,1133.18,35.5
20265,1.0,3102,2026-02-22T13:00,SIN_DEMANDA,0,,,,,,,0,0,0,705,3784,1133.18,35.5
20265,1.0,3103,2026-02-22T13:10,SIN_DEMANDA,0,,,,,,,0,0,0,705,3784,1133.18,35.5
20265,1.0,3104,2026-02-22T13:20,COMPLETA,1802.1758,155.0,155.0,24.0,96.0,1,0.2916666666666667,1,0,1,706,3787,1132.9750708215297,35.5
20265,1.0,3105,2026-02-22T13:30,SIN_DEMANDA,0,,,,,,,0,0,0,706,3787,1132.9750708215297,35.5
20265,1.0,3106,2026-02-22T13:40,COMPLETA,1839.4732,1970.5,1970.5,132.0,438.0,2,0.10416666666666667,1,0,0,706,3787,1132.9750708215297,35.5
20265,1.0,3107,2026-02-22T13:50,COMPLETA,1984.5543,1970.5,1970.5,132.0,438.0,2,0.10416666666666667,1,0,0,707,3790,1131.91315417256,35.5
20265,1.0,3108,2026-02-22T14:00,COMPLETA,2262.0474,1641.8333333333333,937.5,180.0,750.0,4,0.15625,3,0,0,707,3790,1131.91315417256,35.5
20265,1.0,3109,2026-02-22T14:10,COMPLETA,2454.6457,1641.8333333333333,937.5,180.0,750.0,4,0.15625,3,0,0,707,3790,1131.91315417256,35.5
20265,1.0,3110,2026-02-22T14:20,COMPLETA,2317.4203,1641.8333333333333,937.5,180.0,750.0,4,0.15625,3,0,0,707,3790,1131.91315417256,35.5
20265,1.0,3111,2026-02-22T14:30,COMPLETA,2362.2869,1641.8333333333333,937.5,180.0,750.0,4,0.15625,3,0,0,707,3790,1131.91315417256,35.5
20265,1.0,3112,2026-02-22T14:40,COMPLETA,2340.1806,1641.8333333333333,937.5,180.0,750.0,4,0.15625,3,0,0,708,3797,1130.5333333333333,35.5
20265,1.0,3113,2026-02-22T14:50,COMPLETA,2459.0729,1641.8333333333333,937.5,180.0,750.0,4,0.15625,3,0,0,708,3797,1130.5333333333333,35.5
20265,1.0,3114,2026-02-22T15:00,COMPLETA,2860.4201,1641.8333333333333,937.5,180.0,750.0,4,0.15625,3,0,4,708,3797,1130.5333333333333,35.5
20265,1.0,3115,2026-02-22T15:10,SIN_DEMANDA,0,,,,,,,0,0,0,708,3797,1130.5333333333333,35.5
20265,1.0,3116,2026-02-22T15:20,SIN_DEMANDA,0,,,,,,,0,0,0,708,3797,1130.5333333333333,35.5
20265,1.0,3117,2026-02-22T15:30,SIN_DEMANDA,0,,,,,,,0,0,0,708,3797,1130.5333333333333,35.5
20265,1.0,3118,2026-02-22T15:40,SIN_DEMANDA,0,,,,,,,0,0,0,708,3797,1130.5333333333333,35.5
20265,1.0,3119,2026-02-22T15:50,SIN_DEMANDA,0,,,,,,,0,0,0,708,3797,1130.5333333333333,35.5
20265,1.0,3120,2026-02-22T16:00,SIN_DEMANDA,0,,,,,,,0,0,0,708,3797,1130.5333333333333,35.5
20265,1.0,3121,2026-02-22T16:10,SIN_DEMANDA,0,,,,,,,0,0,0,708,3797,1130.5333333333333,35.5
20265,1.0,3122,2026-02-22T16:20,SIN_DEMANDA,0,,,,,,,0,0,0,710,3807,1131.5107042253521,35.5
20265,1.0,3123,2026-02-22T16:30,SIN_DEMANDA,0,,,,,,,0,0,0,710,3807,1131.5107042253521,35.5
20265,1.0,3124,2026-02-22T16:40,SIN_DEMANDA,0,,,,,,,0,0,0,710,3807,1131.5107042253521,35.5
20265,1.0,3125,2026-02-22T16:50,SIN_DEMANDA,0,,,,,,,0,0,0,711,3812,1132.690717299578,35.5
20265,1.0,3126,2026-02-22T17:00,SIN_DEMANDA,0,,,,,,,0,0,0,711,3812,1132.690717299578,35.5
20265,1.0,3127,2026-02-22T17:10,SIN_DEMANDA,0,,,,,,,0,0,0,711,3812,1132.690717299578,35.5
20265,1.0,3128,2026-02-22T17:20,SIN_DEMANDA,0,,,,,,,0,0,0,711,3812,1132.690717299578,35.5
20265,1.0,3129,2026-02-22T17:30,COMPLETA,1726.8592,2048.0,2048.0,204.0,486.0,3,0.1388888888888889,1,0,3,711,3812,1132.690717299578,35.5
20265,1.0,3130,2026-02-22T17:40,SIN_DEMANDA,0,,,,,,,0,0,0,711,3812,1132.690717299578,35.5
20265,1.0,3131,2026-02-22T17:50,SIN_DEMANDA,0,,,,,,,0,0,0,711,3812,1132.690717299578,35.5
20265,1.0,3132,2026-02-22T18:00,COMPLETA,1300.5037,643.5,643.5,10.0,75.0,1,0.041666666666666664,1,0,1,711,3812,1132.690717299578,35.5
20265,1.0,3133,2026-02-22T18:10,SIN_DEMANDA,0,,,,,,,0,0,0,711,3812,1132.690717299578,35.5
20265,1.0,3134,2026-02-22T18:20,SIN_DEMANDA,0,,,,,,,0,0,0,711,3812,1132.690717299578,35.5
20265,1.0,3135,2026-02-22T18:30,SIN_DEMANDA,0,,,,,,,0,0,0,711,3812,1132.690717299578,35.5
20265,1.0,3136,2026-02-22T18:40,SIN_DEMANDA,0,,,,,,,0,0,0,711,3812,1132.690717299578,35.5
20265,1.0,3137,2026-02-22T18:50,COMPLETA,2133.4012,1115.25,160.0,46.0,189.0,2,0.2708333333333333,2,0,2,711,3812,1132.690717299578,35.5
20265,1.0,3138,2026-02-22T19:00,SIN_DEMANDA,0,,,,,,,0,0,0,711,3812,1132.690717299578,35.5
20265,1.0,3139,2026-02-22T19:10,SIN_DEMANDA,0,,,,,,,0,0,0,712,3813,1132.0036516853932,35.5
20265,1.0,3140,2026-02-22T19:20,SIN_DEMANDA,0,,,,,,,0,0,0,712,3813,1132.0036516853932,35.5
20265,1.0,3141,2026-02-22T19:30,COMPLETA,1178.2844,146.5,146.5,38.0,117.0,1,0.041666666666666664,1,0,1,713,3823,1133.2883590462832,35.5
20265,1.0,3142,2026-02-22T19:40,SIN_DEMANDA,0,,,,,,,0,0,0,713,3823,1133.2883590462832,35.5
20265,1.0,3143,2026-02-22T19:50,SIN_DEMANDA,0,,,,,,,0,0,0,713,3823,1133.2883590462832,35.5
20265,1.0,3144,2026-02-22T20:00,SIN_DEMANDA,0,,,,,,,0,0,0,713,3823,1133.2883590462832,35.5
20265,1.0,3145,2026-02-22T20:10,SIN_DEMANDA,0,,,,,,,0,0,0,714,3826,1131.9252100840336,35.5
20265,1.0,3146,2026-02-22T20:20,SIN_DEMANDA,0,,,,,,,0,0,0,715,3836,1133.2379020979022,35.5
20265,1.0,3147,2026-02-22T20:30,SIN_DEMANDA,0,,,,,,,0,0,0,715,3836,1133.2379020979022,35.5
20265,1.0,3148,2026-02-22T20:40,COMPLETA,1806.4488,161.0,161.0,20.0,90.0,1,0.25,1,0,1,715,3836,1133.2379020979022,35.5
20265,1.0,3149,2026-02-22T20:50,SIN_DEMANDA,0,,,,,,,0,0,0,715,3836,1133.2379020979022,35.5
20265,1.0,3150,2026-02-22T21:00,COMPLETA,1708.0561,2062.5,2062.5,38.0,117.0,1,0.4166666666666667,1,0,1,716,3837,1131.859776536313,35.5
20265,1.0,3151,2026-02-22T21:10,SIN_DEMANDA,0,,,,,,,0,0,0,716,3837,1131.859776536313,35.5
20265,1.0,3152,2026-02-22T21:20,SIN_DEMANDA,0,,,,,,,0,0,0,716,3837,1131.859776536313,35.5
20265,1.0,3153,2026-02-22T21:30,SIN_DEMANDA,0,,,,,,,0,0,0,716,3837,1131.859776536313,35.5
20265,1.0,3154,2026-02-22T21:40,SIN_DEMANDA,0,,,,,,,0,0,0,716,3837,1131.859776536313,35.5
20265,1.0,3155,2026-02-22T21:50,COMPLETA,1810.9182,916.0,916.0,40.0,180.0,1,0.25,1,0,0,716,3837,1131.859776536313,35.5
20265,1.0,3156,2026-02-22T22:00,COMPLETA,1569.6046,916.0,916.0,40.0,180.0,1,0.25,1,0,0,717,3843,1130.5057182705718,35.5
20265,1.0,3157,2026-02-22T22:10,COMPLETA,1837.7181,916.0,916.0,40.0,180.0,1,0.25,1,0,0,717,3843,1130.5057182705718,35.5
20265,1.0,3158,2026-02-22T22:20,COMPLETA,1951.0811,916.0,916.0,40.0,180.0,1,0.25,1,0,0,717,3843,1130.5057182705718,35.5
20265,1.0,3159,2026-02-22T22:30,COMPLETA,2009.199,766.5,617.0,52.0,318.0,2,0.1875,2,0,0,718,3853,1131.8037604456824,35.5
20265,1.0,3160,2026-02-22T22:40,COMPLETA,2139.7246,766.5,617.0,52.0,318.0,2,0.1875,2,0,0,718,3853,1131.8037604456824,35.5
20265,1.0,3161,2026-02-22T22:50,COMPLETA,2027.1789,766.5,617.0,52.0,318.0,2,0.1875,2,0,0,718,3853,1131.8037604456824,35.5
20265,1.0,3162,2026-02-22T23:00,COMPLETA,1983.0089,766.5,617.0,52.0,318.0,2,0.1875,2,0,2,718,3853,1131.8037604456824,35.5
20265,1.0,3163,2026-02-22T23:10,SIN_DEMANDA,0,,,,,,,0,0,0,718,3853,1131.8037604456824,35.5
20265,1.0,3164,2026-02-22T23:20,SIN_DEMANDA,0,,,,,,,0,0,0,718,3853,1131.8037604456824,35.5
20265,1.0,3165,2026-02-22T23:30,SIN_DEMANDA,0,,,,,,,0,0,0,718,3853,1131.8037604456824,35.5
20265,1.0,3166,2026-02-22T23:40,SIN_DEMANDA,0,,,,,,,0,0,0,718,3853,1131.8037604456824,35.5
20265,1.0,3167,2026-02-22T23:50,COMPLETA,1927.7463,127.0,127.0,59.0,208.5,1,0.4166666666666667,1,0,1,718,3853,1131.8037604456824,35.5
20265,1.0,3168,2026-02-23T00:00,SIN_DEMANDA,0,,,,,,,0,0,0,718,3853,1131.8037604456824,35.5
20265,1.0,3169,2026-02-23T00:10,SIN_DEMANDA,0,,,,,,,0,0,0,719,3856,1131.0877607788595,35.5
20265,1.0,3170,2026-02-23T00:20,SIN_DEMANDA,0,,,,,,,0,0,0,719,3856,1131.0877607788595,35.5
20265,1.0,3171,2026-02-23T00:30,SIN_DEMANDA,0,,,,,,,0,0,0,720,3862,1130.7890277777778,35.5
20265,1.0,3172,2026-02-23T00:40,COMPLETA,1314.3544,2064.2,2064.2,24.0,177.6,1,0.5,1,0,1,720,3862,1130.7890277777778,35.5
20265,1.0,3173,2026-02-23T00:50,COMPLETA,1403.9952,2030.0,2030.0,56.0,204.0,1,0.041666666666666664,1,0,0,720,3862,1130.7890277777778,35.5
20265,1.0,3174,2026-02-23T01:00,COMPLETA,1196.7672,2030.0,2030.0,56.0,204.0,1,0.041666666666666664,1,0,0,720,3862,1130.7890277777778,35.5
20265,1.0,3175,2026-02-23T01:10,COMPLETA,1249.2505,2030.0,2030.0,56.0,144.0,1,0.041666666666666664,1,0,1,720,3862,1130.7890277777778,35.5
20265,1.0,3176,2026-02-23T01:20,COMPLETA,1354.8336,2059.0,2059.0,30.0,132.0,1,0.125,1,0,1,720,3862,1130.7890277777778,35.5
20265,1.0,3177,2026-02-23T01:30,COMPLETA,2034.2564,991.0,991.0,96.0,324.0,3,0.125,1,0,3,720,3862,1130.7890277777778,35.5
20265,1.0,3178,2026-02-23T01:40,COMPLETA,1379.8865,2016.5,2016.5,43.0,124.5,1,0.041666666666666664,1,0,0,720,3862,1130.7890277777778,35.5
20265,1.0,3179,2026-02-23T01:50,COMPLETA,1516.7193,2016.5,2016.5,43.0,124.5,1,0.041666666666666664,1,0,0,721,3872,1129.3968099861304,35.5
20265,1.0,3180,2026-02-23T02:00,COMPLETA,1989.2311,1179.25,367.5,121.0,301.5,2,0.1875,2,0,2,721,3872,1129.3968099861304,35.5
20265,1.0,3181,2026-02-23T02:10,SIN_DEMANDA,0,,,,,,,0,0,0,722,3876,1130.6915512465373,35.5
20265,1.0,3182,2026-02-23T02:20,SIN_DEMANDA,0,,,,,,,0,0,0,722,3876,1130.6915512465373,35.5
20265,1.0,3183,2026-02-23T02:30,SIN_DEMANDA,0,,,,,,,0,0,0,722,3876,1130.6915512465373,35.5
20265,1.0,3184,2026-02-23T02:40,SIN_DEMANDA,0,,,,,,,0,0,0,722,3876,1130.6915512465373,35.5
20265,1.0,3185,2026-02-23T02:50,SIN_DEMANDA,0,,,,,,,0,0,0,722,3876,1130.6915512465373,35.5
20265,1.0,3186,2026-02-23T03:00,SIN_DEMANDA,0,,,,,,,0,0,0,725,3887,1133.019724137931,35.5
20265,1.0,3187,2026-02-23T03:10,COMPLETA,1998.2246,2059.5,2059.5,108.0,282.0,2,0.20833333333333334,1,0,2,725,3887,1133.019724137931,35.5
20265,1.0,3188,2026-02-23T03:20,SIN_DEMANDA,0,,,,,,,0,0,0,725,3887,1133.019724137931,35.5
20265,1.0,3189,2026-02-23T03:30,COMPLETA,2077.3548,2045.0,2045.0,128.0,312.0,2,0.20833333333333334,1,0,2,725,3887,1133.019724137931,35.5
20265,1.0,3190,2026-02-23T03:40,SIN_DEMANDA,0,,,,,,,0,0,0,725,3887,1133.019724137931,35.5
20265,1.0,3191,2026-02-23T03:50,COMPLETA,1701.8935,996.0,996.0,24.0,96.0,1,0.4166666666666667,1,0,1,725,3887,1133.019724137931,35.5
20265,1.0,3192,2026-02-23T04:00,SIN_DEMANDA,0,,,,,,,0,0,0,726,3895,1131.9652892561983,35.5
20265,1.0,3193,2026-02-23T04:10,SIN_DEMANDA,0,,,,,,,0,0,0,726,3895,1131.9652892561983,35.5
20265,1.0,3194,2026-02-23T04:20,SIN_DEMANDA,0,,,,,,,0,0,0,726,3895,1131.9652892561983,35.5
20265,1.0,3195,2026-02-23T04:30,SIN_DEMANDA,0,,,,,,,0,0,0,727,3896,1133.1469050894084,35.5
20265,1.0,3196,2026-02-23T04:40,SIN_DEMANDA,0,,,,,,,0,0,0,727,3896,1133.1469050894084,35.5
20265,1.0,3197,2026-02-23T04:50,COMPLETA,2186.5777,2065.5,2065.5,78.0,237.0,2,0.10416666666666667,1,0,2,727,3896,1133.1469050894084,35.5
20265,1.0,3198,2026-02-23T05:00,SIN_DEMANDA,0,,,,,,,0,0,0,728,3906,1134.419368131868,35.5
20265,1.0,3199,2026-02-23T05:10,SIN_DEMANDA,0,,,,,,,0,0,0,729,3916,1134.2294924554183,35.5
20265,1.0,3200,2026-02-23T05:20,COMPLETA,1190.7673,378.0,378.0,44.0,126.0,1,0.16666666666666666,1,0,1,730,3926,1135.4771232876712,35.5
20265,1.0,3201,2026-02-23T05:30,COMPLETA,1954.4883,401.75,395.5,42.0,183.0,2,0.3333333333333333,2,0,2,730,3926,1135.4771232876712,35.5
20265,1.0,3202,2026-02-23T05:40,COMPLETA,1427.9671,298.0,298.0,52.0,198.0,1,0.041666666666666664,1,0,0,730,3926,1135.4771232876712,35.5
20265,1.0,3203,2026-02-23T05:50,COMPLETA,1271.1878,298.0,298.0,52.0,198.0,1,0.041666666666666664,1,0,0,730,3926,1135.4771232876712,35.5
20265,1.0,3204,2026-02-23T06:00,COMPLETA,1056.4519,298.0,298.0,52.0,198.0,1,0.041666666666666664,1,0,0,730,3926,1135.4771232876712,35.5
20265,1.0,3205,2026-02-23T06:10,COMPLETA,1395.2861,298.0,298.0,52.0,198.0,1,0.041666666666666664,1,0,0,730,3926,1135.4771232876712,35.5
20265,1.0,3206,2026-02-23T06:20,COMPLETA,1550.5597,298.0,298.0,52.0,198.0,1,0.041666666666666664,1,0,0,730,3926,1135.4771232876712,35.5
20265,1.0,3207,2026-02-23T06:30,COMPLETA,1254.6024,298.0,298.0,52.0,198.0,1,0.041666666666666664,1,0,0,731,3931,1136.7493844049247,35.5
20265,1.0,3208,2026-02-23T06:40,COMPLETA,990.6654,298.0,298.0,52.0,198.0,1,0.041666666666666664,1,0,0,731,3931,1136.7493844049247,35.5
20265,1.0,3209,2026-02-23T06:50,COMPLETA,1134.5014,298.0,298.0,52.0,198.0,1,0.041666666666666664,1,0,0,733,3947,1134.7439290586628,35.5
20265,1.0,3210,2026-02-23T07:00,COMPLETA,1189.3442,298.0,298.0,52.0,198.0,1,0.041666666666666664,1,0,1,734,3951,1133.7129427792916,35.5
20265,1.0,3211,2026-02-23T07:10,COMPLETA,1734.2727,2073.5,2073.5,52.0,318.0,2,0.125,1,0,2,734,3951,1133.7129427792916,35.5
20265,1.0,3212,2026-02-23T07:20,SIN_DEMANDA,0,,,,,,,0,0,0,734,3951,1133.7129427792916,35.5
20265,1.0,3213,2026-02-23T07:30,COMPLETA,979.3886,146.0,146.0,36.0,174.0,1,0.125,1,0,1,734,3951,1133.7129427792916,35.5
20265,1.0,3214,2026-02-23T07:40,SIN_DEMANDA,0,,,,,,,0,0,0,734,3951,1133.7129427792916,35.5
20265,1.0,3215,2026-02-23T07:50,SIN_DEMANDA,0,,,,,,,0,0,0,734,3951,1133.7129427792916,35.5
20265,1.0,3216,2026-02-23T08:00,SIN_DEMANDA,0,,,,,,,0,0,0,734,3951,1133.7129427792916,35.5
20265,1.0,3217,2026-02-23T08:10,SIN_DEMANDA,0,,,,,,,0,0,0,734,3951,1133.7129427792916,35.5
20265,1.0,3218,2026-02-23T08:20,SIN_DEMANDA,0,,,,,,,0,0,0,734,3951,1133.7129427792916,35.5
20265,1.0,3219,2026-02-23T08:30,SIN_DEMANDA,0,,,,,,,0,0,0,735,3957,1134.9915646258503,35.5
20265,1.0,3220,2026-02-23T08:40,SIN_DEMANDA,0,,,,,,,0,0,0,736,3958,1133.854347826087,35.5
20265,1.0,3221,2026-02-23T08:50,COMPLETA,1602.6192,649.5,649.5,14.0,141.0,1,0.3333333333333333,1,0,1,736,3958,1133.854347826087,35.5
20265,1.0,3222,2026-02-23T09:00,SIN_DEMANDA,0,,,,,,,0,0,0,737,3961,1132.513975576662,35.5
20265,1.0,3223,2026-02-23T09:10,SIN_DEMANDA,0,,,,,,,0,0,0,737,3961,1132.513975576662,35.5
20265,1.0,3224,2026-02-23T09:20,SIN_DEMANDA,0,,,,,,,0,0,0,737,3961,1132.513975576662,35.5
20265,1.0,3225,2026-02-23T09:30,SIN_DEMANDA,0,,,,,,,0,0,0,737,3961,1132.513975576662,35.5
20265,1.0,3226,2026-02-23T09:40,COMPLETA,1800.858,2096.0,2096.0,8.0,132.0,2,0.14583333333333334,1,0,2,737,3961,1132.513975576662,35.5
20265,1.0,3227,2026-02-23T09:50,SIN_DEMANDA,0,,,,,,,0,0,0,737,3961,1132.513975576662,35.5
20265,1.0,3228,2026-02-23T10:00,SIN_DEMANDA,0,,,,,,,0,0,0,737,3961,1132.513975576662,35.5
20265,1.0,3229,2026-02-23T10:10,SIN_DEMANDA,0,,,,,,,0,0,0,738,3969,1131.859485094851,35.5
20265,1.0,3230,2026-02-23T10:20,SIN_DEMANDA,0,,,,,,,0,0,0,738,3969,1131.859485094851,35.5
20265,1.0,3231,2026-02-23T10:30,SIN_DEMANDA,0,,,,,,,0,0,0,738,3969,1131.859485094851,35.5
20265,1.0,3232,2026-02-23T10:40,SIN_DEMANDA,0,,,,,,,0,0,0,738,3969,1131.859485094851,35.5
20265,1.0,3233,2026-02-23T10:50,SIN_DEMANDA,0,,,,,,,0,0,0,739,3976,1133.164140730717,35.5
20265,1.0,3234,2026-02-23T11:00,SIN_DEMANDA,0,,,,,,,0,0,0,739,3976,1133.164140730717,35.5
20265,1.0,3235,2026-02-23T11:10,SIN_DEMANDA,0,,,,,,,0,0,0,739,3976,1133.164140730717,35.5
20265,1.0,3236,2026-02-23T11:20,SIN_DEMANDA,0,,,,,,,0,0,0,739,3976,1133.164140730717,35.5
20265,1.0,3237,2026-02-23T11:30,SIN_DEMANDA,0,,,,,,,0,0,0,739,3976,1133.164140730717,35.5
20265,1.0,3238,2026-02-23T11:40,COMPLETA,1554.2345,391.25,153.0,74.0,231.0,2,0.14583333333333334,2,0,2,739,3976,1133.164140730717,35.5
20265,1.0,3239,2026-02-23T11:50,SIN_DEMANDA,0,,,,,,,0,0,0,739,3976,1133.164140730717,35.5
20265,1.0,3240,2026-02-23T12:00,SIN_DEMANDA,0,,,,,,,0,0,0,739,3976,1133.164140730717,35.5
20265,1.0,3241,2026-02-23T12:10,COMPLETA,1819.8665,394.5,394.5,52.0,198.0,2,0.20833333333333334,1,0,2,739,3976,1133.164140730717,35.5
20265,1.0,3242,2026-02-23T12:20,SIN_DEMANDA,0,,,,,,,0,0,0,739,3976,1133.164140730717,35.5
20265,1.0,3243,2026-02-23T12:30,SIN_DEMANDA,0,,,,,,,0,0,0,739,3976,1133.164140730717,35.5
20265,1.0,3244,2026-02-23T12:40,SIN_DEMANDA,0,,,,,,,0,0,0,739,3976,1133.164140730717,35.5
20265,1.0,3245,2026-02-23T12:50,SIN_DEMANDA,0,,,,,,,0,0,0,739,3976,1133.164140730717,35.5
20265,1.0,3246,2026-02-23T13:00,SIN_DEMANDA,0,,,,,,,0,0,0,739,3976,1133.164140730717,35.5
20265,1.0,3247,2026-02-23T13:10,SIN_DEMANDA,0,,,,,,,0,0,0,741,3983,1131.161673414305,35.5
20265,1.0,3248,2026-02-23T13:20,SIN_DEMANDA,0,,,,,,,0,0,0,741,3983,1131.161673414305,35.5
20265,1.0,3249,2026-02-23T13:30,SIN_DEMANDA,0,,,,,,,0,0,0,742,3993,1130.1688679245283,35.5
20265,1.0,3250,2026-02-23T13:40,COMPLETA,1613.443,2081.0,2081.0,24.0,96.0,1,0.4166666666666667,1,0,1,742,3993,1130.1688679245283,35.5
20265,1.0,3251,2026-02-23T13:50,SIN_DEMANDA,0,,,,,,,0,0,0,742,3993,1130.1688679245283,35.5
20265,1.0,3252,2026-02-23T14:00,SIN_DEMANDA,0,,,,,,,0,0,0,742,3993,1130.1688679245283,35.5
20265,1.0,3253,2026-02-23T14:10,SIN_DEMANDA,0,,,,,,,0,0,0,742,3993,1130.1688679245283,35.5
20265,1.0,3254,2026-02-23T14:20,COMPLETA,1793.3871,2013.5,2013.5,126.0,429.0,2,0.20833333333333334,1,0,0,742,3993,1130.1688679245283,35.5
20265,1.0,3255,2026-02-23T14:30,COMPLETA,1765.3691,2013.5,2013.5,126.0,429.0,2,0.20833333333333334,1,0,0,742,3993,1130.1688679245283,35.5
20265,1.0,3256,2026-02-23T14:40,COMPLETA,1922.9882,2013.5,2013.5,126.0,429.0,2,0.20833333333333334,1,0,0,742,3993,1130.1688679245283,35.5
20265,1.0,3257,2026-02-23T14:50,COMPLETA,2018.589,2031.5,2013.5,168.0,612.0,3,0.1527777777777778,2,0,0,742,3993,1130.1688679245283,35.5
20265,1.0,3258,2026-02-23T15:00,COMPLETA,2161.4762,2031.5,2013.5,168.0,612.0,3,0.1527777777777778,2,0,3,743,4003,1131.4485868102288,35.5
20265,1.0,3259,2026-02-23T15:10,SIN_DEMANDA,0,,,,,,,0,0,0,743,4003,1131.4485868102288,35.5
20265,1.0,3260,2026-02-23T15:20,SIN_DEMANDA,0,,,,,,,0,0,0,743,4003,1131.4485868102288,35.5
20265,1.0,3261,2026-02-23T15:30,COMPLETA,1919.9282,688.75,397.5,82.0,374.0,2,0.08333333333333333,2,0,2,743,4003,1131.4485868102288,35.5
20265,1.0,3262,2026-02-23T15:40,SIN_DEMANDA,0,,,,,,,0,0,0,743,4003,1131.4485868102288,35.5
20265,1.0,3263,2026-02-23T15:50,SIN_DEMANDA,0,,,,,,,0,0,0,743,4003,1131.4485868102288,35.5
20265,1.0,3264,2026-02-23T16:00,SIN_DEMANDA,0,,,,,,,0,0,0,743,4003,1131.4485868102288,35.5
20265,1.0,3265,2026-02-23T16:10,SIN_DEMANDA,0,,,,,,,0,0,0,743,4003,1131.4485868102288,35.5
20265,1.0,3266,2026-02-23T16:20,SIN_DEMANDA,0,,,,,,,0,0,0,743,4003,1131.4485868102288,35.5
20265,1.0,3267,2026-02-23T16:30,SIN_DEMANDA,0,,,,,,,0,0,0,743,4003,1131.4485868102288,35.5
20265,1.0,3268,2026-02-23T16:40,SIN_DEMANDA,0,,,,,,,0,0,0,744,4004,1132.6825268817204,35.5
20265,1.0,3269,2026-02-23T16:50,SIN_DEMANDA,0,,,,,,,0,0,0,745,4014,1133.864832214765,35.5
20265,1.0,3270,2026-02-23T17:00,SIN_DEMANDA,0,,,,,,,0,0,0,746,4016,1132.877747989276,35.5
20265,1.0,3271,2026-02-23T17:10,SIN_DEMANDA,0,,,,,,,0,0,0,747,4018,1132.673092369478,35.5
20265,1.0,3272,2026-02-23T17:20,SIN_DEMANDA,0,,,,,,,0,0,0,747,4018,1132.673092369478,35.5
20265,1.0,3273,2026-02-23T17:30,COMPLETA,1790.637,611.0,611.0,122.0,303.0,2,0.125,1,0,2,747,4018,1132.673092369478,35.5
20265,1.0,3274,2026-02-23T17:40,SIN_DEMANDA,0,,,,,,,0,0,0,747,4018,1132.673092369478,35.5
20265,1.0,3275,2026-02-23T17:50,COMPLETA,1551.9018,2077.0,2077.0,56.0,204.0,2,0.14583333333333334,1,0,2,747,4018,1132.673092369478,35.5
20265,1.0,3276,2026-02-23T18:00,SIN_DEMANDA,0,,,,,,,0,0,0,747,4018,1132.673092369478,35.5
20265,1.0,3277,2026-02-23T18:10,SIN_DEMANDA,0,,,,,,,0,0,0,747,4018,1132.673092369478,35.5
20265,1.0,3278,2026-02-23T18:20,COMPLETA,1882.5213,628.0,628.0,40.0,120.0,1,0.20833333333333334,1,0,1,747,4018,1132.673092369478,35.5
20265,1.0,3279,2026-02-23T18:30,SIN_DEMANDA,0,,,,,,,0,0,0,747,4018,1132.673092369478,35.5
20265,1.0,3280,2026-02-23T18:40,SIN_DEMANDA,0,,,,,,,0,0,0,747,4018,1132.673092369478,35.5
20265,1.0,3281,2026-02-23T18:50,SIN_DEMANDA,0,,,,,,,0,0,0,747,4018,1132.673092369478,35.5
20265,1.0,3282,2026-02-23T19:00,COMPLETA,1220.3003,391.0,391.0,28.0,102.0,1,0.041666666666666664,1,0,1,747,4018,1132.673092369478,35.5
20265,1.0,3283,2026-02-23T19:10,SIN_DEMANDA,0,,,,,,,0,0,0,747,4018,1132.673092369478,35.5
20265,1.0,3284,2026-02-23T19:20,SIN_DEMANDA,0,,,,,,,0,0,0,749,4031,1133.23738317757,35.5
20265,1.0,3285,2026-02-23T19:30,COMPLETA,1842.5224,2055.0,2055.0,51.0,136.5,1,0.20833333333333334,1,0,1,749,4031,1133.23738317757,35.5
20265,1.0,3286,2026-02-23T19:40,SIN_DEMANDA,0,,,,,,,0,0,0,749,4031,1133.23738317757,35.5
20265,1.0,3287,2026-02-23T19:50,COMPLETA,1855.8062,369.0,369.0,46.0,129.0,1,0.4166666666666667,1,0,0,750,4036,1132.5637333333332,35.5
20265,1.0,3288,2026-02-23T20:00,COMPLETA,1820.9698,369.0,369.0,46.0,129.0,1,0.4166666666666667,1,0,1,750,4036,1132.5637333333332,35.5
20265,1.0,3289,2026-02-23T20:10,SIN_DEMANDA,0,,,,,,,0,0,0,750,4036,1132.5637333333332,35.5
20265,1.0,3290,2026-02-23T20:20,SIN_DEMANDA,0,,,,,,,0,0,0,750,4036,1132.5637333333332,35.5
20265,1.0,3291,2026-02-23T20:30,SIN_DEMANDA,0,,,,,,,0,0,0,751,4037,1131.5762982689746,35.5
20265,1.0,3292,2026-02-23T20:40,SIN_DEMANDA,0,,,,,,,0,0,0,751,4037,1131.5762982689746,35.5
20265,1.0,3293,2026-02-23T20:50,SIN_DEMANDA,0,,,,,,,0,0,0,751,4037,1131.5762982689746,35.5
20265,1.0,3294,2026-02-23T21:00,SIN_DEMANDA,0,,,,,,,0,0,0,751,4037,1131.5762982689746,35.5
20265,1.0,3295,2026-02-23T21:10,COMPLETA,1928.9321,2052.0,2052.0,98.0,267.0,2,0.14583333333333334,1,0,2,751,4037,1131.5762982689746,35.5
20265,1.0,3296,2026-02-23T21:20,SIN_DEMANDA,0,,,,,,,0,0,0,752,4042,1132.8042553191488,35.5
20265,1.0,3297,2026-02-23T21:30,COMPLETA,2007.2118,903.5,903.5,53.0,199.5,1,0.375,1,0,0,752,4042,1132.8042553191488,35.5
20265,1.0,3298,2026-02-23T21:40,COMPLETA,2045.4072,903.5,903.5,53.0,199.5,1,0.375,1,0,0,753,4052,1131.7899070385124,35.5
20265,1.0,3299,2026-02-23T21:50,COMPLETA,1916.2868,903.5,903.5,53.0,199.5,1,0.375,1,0,0,753,4052,1131.7899070385124,35.5
20265,1.0,3300,2026-02-23T22:00,COMPLETA,2288.216,614.35,325.2,77.0,377.1,2,0.34375,2,0,0,753,4052,1131.7899070385124,35.5
20265,1.0,3301,2026-02-23T22:10,COMPLETA,3260.7861,518.2333333333333,325.2,116.0,555.6,3,0.35714285714285715,3,0,0,753,4052,1131.7899070385124,35.5
20265,1.0,3302,2026-02-23T22:20,COMPLETA,3288.8903,518.2333333333333,325.2,116.0,555.6,3,0.35714285714285715,3,0,0,753,4052,1131.7899070385124,35.5
20265,1.0,3303,2026-02-23T22:30,COMPLETA,2931.7951,518.2333333333333,325.2,116.0,555.6,3,0.35714285714285715,3,0,0,753,4052,1131.7899070385124,35.5
20265,1.0,3304,2026-02-23T22:40,COMPLETA,3612.798,518.2333333333333,325.2,116.0,555.6,3,0.35714285714285715,3,0,0,753,4052,1131.7899070385124,35.5
20265,1.0,3305,2026-02-23T22:50,COMPLETA,3270.0228,518.2333333333333,325.2,116.0,555.6,3,0.35714285714285715,3,0,0,754,4059,1133.010344827586,35.5
20265,1.0,3306,2026-02-23T23:00,COMPLETA,3316.8175,518.2333333333333,325.2,116.0,555.6,3,0.35714285714285715,3,0,3,754,4059,1133.010344827586,35.5
20265,1.0,3307,2026-02-23T23:10,COMPLETA,1409.647,126.0,126.0,69.0,223.5,1,0.08333333333333333,1,0,1,754,4059,1133.010344827586,35.5
20265,1.0,3308,2026-02-23T23:20,SIN_DEMANDA,0,,,,,,,0,0,0,754,4059,1133.010344827586,35.5
20265,1.0,3309,2026-02-23T23:30,SIN_DEMANDA,0,,,,,,,0,0,0,754,4059,1133.010344827586,35.5
20265,1.0,3310,2026-02-23T23:40,SIN_DEMANDA,0,,,,,,,0,0,0,754,4059,1133.010344827586,35.5
20265,1.0,3311,2026-02-23T23:50,SIN_DEMANDA,0,,,,,,,0,0,0,754,4059,1133.010344827586,35.5
20265,1.0,3312,2026-02-24T00:00,SIN_DEMANDA,0,,,,,,,0,0,0,754,4059,1133.010344827586,35.5
20265,1.0,3313,2026-02-24T00:10,SIN_DEMANDA,0,,,,,,,0,0,0,754,4059,1133.010344827586,35.5
20265,1.0,3314,2026-02-24T00:20,SIN_DEMANDA,0,,,,,,,0,0,0,754,4059,1133.010344827586,35.5
20265,1.0,3315,2026-02-24T00:30,SIN_DEMANDA,0,,,,,,,0,0,0,756,4070,1131.6382275132273,35.5
20265,1.0,3316,2026-02-24T00:40,SIN_DEMANDA,0,,,,,,,0,0,0,757,4079,1130.5739762219284,35.5
20265,1.0,3317,2026-02-24T00:50,SIN_DEMANDA,0,,,,,,,0,0,0,757,4079,1130.5739762219284,35.5
20265,1.0,3318,2026-02-24T01:00,SIN_DEMANDA,0,,,,,,,0,0,0,757,4079,1130.5739762219284,35.5
20265,1.0,3319,2026-02-24T01:10,SIN_DEMANDA,0,,,,,,,0,0,0,758,4081,1129.248680738786,35.5
20265,1.0,3320,2026-02-24T01:20,COMPLETA,1815.9598,408.5,408.5,20.0,150.0,2,0.20833333333333334,1,0,2,758,4081,1129.248680738786,35.5
20265,1.0,3321,2026-02-24T01:30,SIN_DEMANDA,0,,,,,,,0,0,0,758,4081,1129.248680738786,35.5
20265,1.0,3322,2026-02-24T01:40,SIN_DEMANDA,0,,,,,,,0,0,0,758,4081,1129.248680738786,35.5
20265,1.0,3323,2026-02-24T01:50,COMPLETA,2124.4977,2067.0,2067.0,80.0,240.0,2,0.125,1,0,2,758,4081,1129.248680738786,35.5
20265,1.0,3324,2026-02-24T02:00,SIN_DEMANDA,0,,,,,,,0,0,0,758,4081,1129.248680738786,35.5
20265,1.0,3325,2026-02-24T02:10,SIN_DEMANDA,0,,,,,,,0,0,0,758,4081,1129.248680738786,35.5
20265,1.0,3326,2026-02-24T02:20,COMPLETA,1841.2615,629.0,629.0,32.0,108.0,1,0.2916666666666667,1,0,1,758,4081,1129.248680738786,35.5
20265,1.0,3327,2026-02-24T02:30,SIN_DEMANDA,0,,,,,,,0,0,0,759,4091,1128.2990777338603,35.5
20265,1.0,3328,2026-02-24T02:40,SIN_DEMANDA,0,,,,,,,0,0,0,759,4091,1128.2990777338603,35.5
20265,1.0,3329,2026-02-24T02:50,COMPLETA,2142.3752,503.5,375.0,78.0,237.0,2,0.25,2,0,2,759,4091,1128.2990777338603,35.5
20265,1.0,3330,2026-02-24T03:00,SIN_DEMANDA,0,,,,,,,0,0,0,759,4091,1128.2990777338603,35.5
20265,1.0,3331,2026-02-24T03:10,SIN_DEMANDA,0,,,,,,,0,0,0,759,4091,1128.2990777338603,35.5
20265,1.0,3332,2026-02-24T03:20,SIN_DEMANDA,0,,,,,,,0,0,0,760,4097,1129.5342105263157,35.5
20265,1.0,3333,2026-02-24T03:30,COMPLETA,2164.3291,2060.0,2060.0,90.0,396.0,3,0.4166666666666667,1,0,3,760,4097,1129.5342105263157,35.5
20265,1.0,3334,2026-02-24T03:40,SIN_DEMANDA,0,,,,,,,0,0,0,760,4097,1129.5342105263157,35.5
20265,1.0,3335,2026-02-24T03:50,SIN_DEMANDA,0,,,,,,,0,0,0,761,4104,1128.8764783180025,35.5
20265,1.0,3336,2026-02-24T04:00,SIN_DEMANDA,0,,,,,,,0,0,0,761,4104,1128.8764783180025,35.5
20265,1.0,3337,2026-02-24T04:10,SIN_DEMANDA,0,,,,,,,0,0,0,761,4104,1128.8764783180025,35.5
20265,1.0,3338,2026-02-24T04:20,SIN_DEMANDA,0,,,,,,,0,0,0,762,4107,1128.2244094488187,35.5
20265,1.0,3339,2026-02-24T04:30,SIN_DEMANDA,0,,,,,,,0,0,0,762,4107,1128.2244094488187,35.5
20265,1.0,3340,2026-02-24T04:40,COMPLETA,1265.1244,980.5,980.5,42.0,123.0,1,0.16666666666666666,1,0,1,763,4116,1127.2372214941022,35.5
20265,1.0,3341,2026-02-24T04:50,SIN_DEMANDA,0,,,,,,,0,0,0,763,4116,1127.2372214941022,35.5
20265,1.0,3342,2026-02-24T05:00,SIN_DEMANDA,0,,,,,,,0,0,0,763,4116,1127.2372214941022,35.5
20265,1.0,3343,2026-02-24T05:10,SIN_DEMANDA,0,,,,,,,0,0,0,764,4126,1128.4581151832458,35.5
20265,1.0,3344,2026-02-24T05:20,SIN_DEMANDA,0,,,,,,,0,0,0,764,4126,1128.4581151832458,35.5
20265,1.0,3345,2026-02-24T05:30,SIN_DEMANDA,0,,,,,,,0,0,0,764,4126,1128.4581151832458,35.5
20265,1.0,3346,2026-02-24T05:40,SIN_DEMANDA,0,,,,,,,0,0,0,764,4126,1128.4581151832458,35.5
20265,1.0,3347,2026-02-24T05:50,SIN_DEMANDA,0,,,,,,,0,0,0,764,4126,1128.4581151832458,35.5
20265,1.0,3348,2026-02-24T06:00,SIN_DEMANDA,0,,,,,,,0,0,0,764,4126,1128.4581151832458,35.5
20265,1.0,3349,2026-02-24T06:10,SIN_DEMANDA,0,,,,,,,0,0,0,764,4126,1128.4581151832458,35.5
20265,1.0,3350,2026-02-24T06:20,SIN_DEMANDA,0,,,,,,,0,0,0,765,4130,1128.2647058823527,35.5
20265,1.0,3351,2026-02-24T06:30,SIN_DEMANDA,0,,,,,,,0,0,0,765,4130,1128.2647058823527,35.5
20265,1.0,3352,2026-02-24T06:40,SIN_DEMANDA,0,,,,,,,0,0,0,765,4130,1128.2647058823527,35.5
20265,1.0,3353,2026-02-24T06:50,COMPLETA,1497.4261,2040.0,2040.0,44.0,186.0,1,0.041666666666666664,1,0,0,765,4130,1128.2647058823527,35.5
20265,1.0,3354,2026-02-24T07:00,COMPLETA,2218.7245,2041.5,2040.0,188.0,642.0,3,0.1111111111111111,2,0,3,765,4130,1128.2647058823527,35.5
20265,1.0,3355,2026-02-24T07:10,COMPLETA,1482.2437,996.5,996.5,44.0,306.0,2,0.16666666666666666,1,0,2,765,4130,1128.2647058823527,35.5
20265,1.0,3356,2026-02-24T07:20,SIN_DEMANDA,0,,,,,,,0,0,0,765,4130,1128.2647058823527,35.5
20265,1.0,3357,2026-02-24T07:30,SIN_DEMANDA,0,,,,,,,0,0,0,765,4130,1128.2647058823527,35.5
20265,1.0,3358,2026-02-24T07:40,SIN_DEMANDA,0,,,,,,,0,0,0,765,4130,1128.2647058823527,35.5
20265,1.0,3359,2026-02-24T07:50,SIN_DEMANDA,0,,,,,,,0,0,0,765,4130,1128.2647058823527,35.5
20265,1.0,3360,2026-02-24T08:00,SIN_DEMANDA,0,,,,,,,0,0,0,765,4130,1128.2647058823527,35.5
20265,1.0,3361,2026-02-24T08:10,SIN_DEMANDA,0,,,,,,,0,0,0,765,4130,1128.2647058823527,35.5
20265,1.0,3362,2026-02-24T08:20,SIN_DEMANDA,0,,,,,,,0,0,0,765,4130,1128.2647058823527,35.5
20265,1.0,3363,2026-02-24T08:30,SIN_DEMANDA,0,,,,,,,0,0,0,766,4138,1128.092689295039,35.5
20265,1.0,3364,2026-02-24T08:40,SIN_DEMANDA,0,,,,,,,0,0,0,766,4138,1128.092689295039,35.5
20265,1.0,3365,2026-02-24T08:50,COMPLETA,2179.5349,1354.0,632.0,80.0,480.0,3,0.2222222222222222,2,0,3,767,4139,1129.2816166883963,35.5
20265,1.0,3366,2026-02-24T09:00,SIN_DEMANDA,0,,,,,,,0,0,0,768,4146,1130.4713541666665,35.5
20265,1.0,3367,2026-02-24T09:10,SIN_DEMANDA,0,,,,,,,0,0,0,768,4146,1130.4713541666665,35.5
20265,1.0,3368,2026-02-24T09:20,SIN_DEMANDA,0,,,,,,,0,0,0,768,4146,1130.4713541666665,35.5
20265,1.0,3369,2026-02-24T09:30,SIN_DEMANDA,0,,,,,,,0,0,0,768,4146,1130.4713541666665,35.5
20265,1.0,3370,2026-02-24T09:40,COMPLETA,1485.6187,367.5,367.5,54.0,141.0,1,0.125,1,0,1,768,4146,1130.4713541666665,35.5
20265,1.0,3371,2026-02-24T09:50,SIN_DEMANDA,0,,,,,,,0,0,0,768,4146,1130.4713541666665,35.5
20265,1.0,3372,2026-02-24T10:00,COMPLETA,1913.4693,2097.0,2097.0,4.0,66.0,1,0.3333333333333333,1,0,1,768,4146,1130.4713541666665,35.5
20265,1.0,3373,2026-02-24T10:10,SIN_DEMANDA,0,,,,,,,0,0,0,769,4156,1131.7009102730817,35.5
20265,1.0,3374,2026-02-24T10:20,SIN_DEMANDA,0,,,,,,,0,0,0,770,4162,1131.0519480519479,35.5
20265,1.0,3375,2026-02-24T10:30,SIN_DEMANDA,0,,,,,,,0,0,0,770,4162,1131.0519480519479,35.5
20265,1.0,3376,2026-02-24T10:40,SIN_DEMANDA,0,,,,,,,0,0,0,770,4162,1131.0519480519479,35.5
20265,1.0,3377,2026-02-24T10:50,COMPLETA,1686.4768,386.5,386.0,172.0,498.0,4,0.1875,2,0,4,770,4162,1131.0519480519479,35.5
20265,1.0,3378,2026-02-24T11:00,SIN_DEMANDA,0,,,,,,,0,0,0,770,4162,1131.0519480519479,35.5
20265,1.0,3379,2026-02-24T11:10,SIN_DEMANDA,0,,,,,,,0,0,0,771,4170,1132.3047989623863,35.5
20265,1.0,3380,2026-02-24T11:20,SIN_DEMANDA,0,,,,,,,0,0,0,771,4170,1132.3047989623863,35.5
20265,1.0,3381,2026-02-24T11:30,COMPLETA,2172.0024,2047.8,2016.6,86.0,304.8,2,0.4375,2,0,2,772,4173,1131.3141191709842,35.5
20265,1.0,3382,2026-02-24T11:40,SIN_DEMANDA,0,,,,,,,0,0,0,772,4173,1131.3141191709842,35.5
20265,1.0,3383,2026-02-24T11:50,SIN_DEMANDA,0,,,,,,,0,0,0,772,4173,1131.3141191709842,35.5
20265,1.0,3384,2026-02-24T12:00,SIN_DEMANDA,0,,,,,,,0,0,0,772,4173,1131.3141191709842,35.5
20265,1.0,3385,2026-02-24T12:10,COMPLETA,1204.4165,147.0,147.0,44.0,126.0,1,0.125,1,0,1,772,4173,1131.3141191709842,35.5
20265,1.0,3386,2026-02-24T12:20,SIN_DEMANDA,0,,,,,,,0,0,0,773,4182,1130.3512289780076,35.5
20265,1.0,3387,2026-02-24T12:30,SIN_DEMANDA,0,,,,,,,0,0,0,774,4191,1129.3895348837207,35.5
20265,1.0,3388,2026-02-24T12:40,SIN_DEMANDA,0,,,,,,,0,0,0,774,4191,1129.3895348837207,35.5
20265,1.0,3389,2026-02-24T12:50,SIN_DEMANDA,0,,,,,,,0,0,0,775,4199,1130.6148387096773,35.5
20265,1.0,3390,2026-02-24T13:00,SIN_DEMANDA,0,,,,,,,0,0,0,775,4199,1130.6148387096773,35.5
20265,1.0,3391,2026-02-24T13:10,COMPLETA,1320.0012,2065.0,2065.0,40.0,120.0,1,0.16666666666666666,1,0,1,775,4199,1130.6148387096773,35.5
20265,1.0,3392,2026-02-24T13:20,SIN_DEMANDA,0,,,,,,,0,0,0,775,4199,1130.6148387096773,35.5
20265,1.0,3393,2026-02-24T13:30,SIN_DEMANDA,0,,,,,,,0,0,0,775,4199,1130.6148387096773,35.5
20265,1.0,3394,2026-02-24T13:40,SIN_DEMANDA,0,,,,,,,0,0,0,775,4199,1130.6148387096773,35.5
20265,1.0,3395,2026-02-24T13:50,SIN_DEMANDA,0,,,,,,,0,0,0,777,4208,1130.4891891891891,35.5
20265,1.0,3396,2026-02-24T14:00,SIN_DEMANDA,0,,,,,,,0,0,0,777,4208,1130.4891891891891,35.5
20265,1.0,3397,2026-02-24T14:10,COMPLETA,1055.2296,599.0,599.0,4.0,126.0,1,0.125,1,0,0,777,4208,1130.4891891891891,35.5
20265,1.0,3398,2026-02-24T14:20,COMPLETA,1155.3129,599.0,599.0,4.0,126.0,1,0.125,1,0,0,777,4208,1130.4891891891891,35.5
20265,1.0,3399,2026-02-24T14:30,COMPLETA,1211.4052,599.0,599.0,4.0,126.0,1,0.125,1,0,0,777,4208,1130.4891891891891,35.5
20265,1.0,3400,2026-02-24T14:40,COMPLETA,1204.9245,599.0,599.0,4.0,126.0,1,0.125,1,0,0,778,4212,1131.6903598971721,35.5
20265,1.0,3401,2026-02-24T14:50,COMPLETA,1204.575,599.0,599.0,4.0,126.0,1,0.125,1,0,0,778,4212,1131.6903598971721,35.5
20265,1.0,3402,2026-02-24T15:00,COMPLETA,1009.1309,599.0,599.0,4.0,126.0,1,0.125,1,0,1,778,4212,1131.6903598971721,35.5
20265,1.0,3403,2026-02-24T15:10,SIN_DEMANDA,0,,,,,,,0,0,0,778,4212,1131.6903598971721,35.5
20265,1.0,3404,2026-02-24T15:20,SIN_DEMANDA,0,,,,,,,0,0,0,778,4212,1131.6903598971721,35.5
20265,1.0,3405,2026-02-24T15:30,COMPLETA,1942.3575,263.75,142.0,116.0,534.0,3,0.20833333333333334,2,0,3,778,4212,1131.6903598971721,35.5
20265,1.0,3406,2026-02-24T15:40,SIN_DEMANDA,0,,,,,,,0,0,0,778,4212,1131.6903598971721,35.5
20265,1.0,3407,2026-02-24T15:50,SIN_DEMANDA,0,,,,,,,0,0,0,778,4212,1131.6903598971721,35.5
20265,1.0,3408,2026-02-24T16:00,SIN_DEMANDA,0,,,,,,,0,0,0,778,4212,1131.6903598971721,35.5
20265,1.0,3409,2026-02-24T16:10,SIN_DEMANDA,0,,,,,,,0,0,0,779,4215,1131.0065468549421,35.5
20265,1.0,3410,2026-02-24T16:20,SIN_DEMANDA,0,,,,,,,0,0,0,779,4215,1131.0065468549421,35.5
20265,1.0,3411,2026-02-24T16:30,SIN_DEMANDA,0,,,,,,,0,0,0,779,4215,1131.0065468549421,35.5
20265,1.0,3412,2026-02-24T16:40,SIN_DEMANDA,0,,,,,,,0,0,0,779,4215,1131.0065468549421,35.5
20265,1.0,3413,2026-02-24T16:50,SIN_DEMANDA,0,,,,,,,0,0,0,779,4215,1131.0065468549421,35.5
20265,1.0,3414,2026-02-24T17:00,SIN_DEMANDA,0,,,,,,,0,0,0,781,4230,1128.7856594110112,35.5
20265,1.0,3415,2026-02-24T17:10,SIN_DEMANDA,0,,,,,,,0,0,0,781,4230,1128.7856594110112,35.5
20265,1.0,3416,2026-02-24T17:20,SIN_DEMANDA,0,,,,,,,0,0,0,781,4230,1128.7856594110112,35.5
20265,1.0,3417,2026-02-24T17:30,SIN_DEMANDA,0,,,,,,,0,0,0,781,4230,1128.7856594110112,35.5
20265,1.0,3418,2026-02-24T17:40,SIN_DEMANDA,0,,,,,,,0,0,0,781,4230,1128.7856594110112,35.5
20265,1.0,3419,2026-02-24T17:50,SIN_DEMANDA,0,,,,,,,0,0,0,781,4230,1128.7856594110112,35.5
20265,1.0,3420,2026-02-24T18:00,SIN_DEMANDA,0,,,,,,,0,0,0,781,4230,1128.7856594110112,35.5
20265,1.0,3421,2026-02-24T18:10,SIN_DEMANDA,0,,,,,,,0,0,0,781,4230,1128.7856594110112,35.5
20265,1.0,3422,2026-02-24T18:20,SIN_DEMANDA,0,,,,,,,0,0,0,781,4230,1128.7856594110112,35.5
20265,1.0,3423,2026-02-24T18:30,COMPLETA,1715.7859,2062.0,2062.0,90.0,396.0,3,0.375,1,0,3,781,4230,1128.7856594110112,35.5
20265,1.0,3424,2026-02-24T18:40,COMPLETA,1948.6734,370.0,370.0,128.0,312.0,2,0.14583333333333334,1,0,2,781,4230,1128.7856594110112,35.5
20265,1.0,3425,2026-02-24T18:50,COMPLETA,976.1623,370.0,370.0,56.0,144.0,1,0.041666666666666664,1,0,1,781,4230,1128.7856594110112,35.5
20265,1.0,3426,2026-02-24T19:00,SIN_DEMANDA,0,,,,,,,0,0,0,781,4230,1128.7856594110112,35.5
20265,1.0,3427,2026-02-24T19:10,SIN_DEMANDA,0,,,,,,,0,0,0,781,4230,1128.7856594110112,35.5
20265,1.0,3428,2026-02-24T19:20,COMPLETA,1739.1383,167.0,167.0,24.0,156.0,2,0.10416666666666667,1,0,2,781,4230,1128.7856594110112,35.5
20265,1.0,3429,2026-02-24T19:30,SIN_DEMANDA,0,,,,,,,0,0,0,781,4230,1128.7856594110112,35.5
20265,1.0,3430,2026-02-24T19:40,SIN_DEMANDA,0,,,,,,,0,0,0,781,4230,1128.7856594110112,35.5
20265,1.0,3431,2026-02-24T19:50,SIN_DEMANDA,0,,,,,,,0,0,0,781,4230,1128.7856594110112,35.5
20265,1.0,3432,2026-02-24T20:00,SIN_DEMANDA,0,,,,,,,0,0,0,781,4230,1128.7856594110112,35.5
20265,1.0,3433,2026-02-24T20:10,SIN_DEMANDA,0,,,,,,,0,0,0,782,4239,1129.9790281329922,35.5
20265,1.0,3434,2026-02-24T20:20,COMPLETA,1882.5236,161.0,161.0,48.0,192.0,2,0.14583333333333334,1,0,2,782,4239,1129.9790281329922,35.5
20265,1.0,3435,2026-02-24T20:30,SIN_DEMANDA,0,,,,,,,0,0,0,784,4251,1127.7813775510203,35.5
20265,1.0,3436,2026-02-24T20:40,COMPLETA,1761.4809,394.3,156.6,60.0,291.6,3,0.25,2,0,3,785,4252,1126.8160509554139,35.5
20265,1.0,3437,2026-02-24T20:50,SIN_DEMANDA,0,,,,,,,0,0,0,785,4252,1126.8160509554139,35.5
20265,1.0,3438,2026-02-24T21:00,COMPLETA,1987.2293,404.0,404.0,32.0,168.0,2,0.14583333333333334,1,0,2,785,4252,1126.8160509554139,35.5
20265,1.0,3439,2026-02-24T21:10,SIN_DEMANDA,0,,,,,,,0,0,0,785,4252,1126.8160509554139,35.5
20265,1.0,3440,2026-02-24T21:20,SIN_DEMANDA,0,,,,,,,0,0,0,785,4252,1126.8160509554139,35.5
20265,1.0,3441,2026-02-24T21:30,SIN_DEMANDA,0,,,,,,,0,0,0,785,4252,1126.8160509554139,35.5
20265,1.0,3442,2026-02-24T21:40,SIN_DEMANDA,0,,,,,,,0,0,0,786,4259,1125.5872773536894,35.5
20265,1.0,3443,2026-02-24T21:50,SIN_DEMANDA,0,,,,,,,0,0,0,786,4259,1125.5872773536894,35.5
20265,1.0,3444,2026-02-24T22:00,SIN_DEMANDA,0,,,,,,,0,0,0,787,4268,1124.3560355781447,35.5
20265,1.0,3445,2026-02-24T22:10,COMPLETA,1179.8084,321.0,321.0,64.0,216.0,1,0.16666666666666666,1,0,0,788,4269,1123.7312182741114,35.5
20265,1.0,3446,2026-02-24T22:20,COMPLETA,1165.1055,321.0,321.0,64.0,216.0,1,0.16666666666666666,1,0,0,789,4276,1122.8190114068439,35.5
20265,1.0,3447,2026-02-24T22:30,COMPLETA,1301.0033,321.0,321.0,64.0,216.0,1,0.16666666666666666,1,0,0,789,4276,1122.8190114068439,35.5
20265,1.0,3448,2026-02-24T22:40,COMPLETA,1193.9909,321.0,321.0,64.0,216.0,1,0.16666666666666666,1,0,0,789,4276,1122.8190114068439,35.5
20265,1.0,3449,2026-02-24T22:50,COMPLETA,1199.3758,321.0,321.0,64.0,216.0,1,0.16666666666666666,1,0,0,789,4276,1122.8190114068439,35.5
20265,1.0,3450,2026-02-24T23:00,COMPLETA,1989.4237,358.0,321.0,88.0,372.0,2,0.125,2,0,2,789,4276,1122.8190114068439,35.5
20265,1.0,3451,2026-02-24T23:10,SIN_DEMANDA,0,,,,,,,0,0,0,789,4276,1122.8190114068439,35.5
20265,1.0,3452,2026-02-24T23:20,SIN_DEMANDA,0,,,,,,,0,0,0,789,4276,1122.8190114068439,35.5
20265,1.0,3453,2026-02-24T23:30,SIN_DEMANDA,0,,,,,,,0,0,0,789,4276,1122.8190114068439,35.5
20265,1.0,3454,2026-02-24T23:40,SIN_DEMANDA,0,,,,,,,0,0,0,789,4276,1122.8190114068439,35.5
20265,1.0,3455,2026-02-24T23:50,SIN_DEMANDA,0,,,,,,,0,0,0,789,4276,1122.8190114068439,35.5
20265,1.0,3456,2026-02-25T00:00,SIN_DEMANDA,0,,,,,,,0,0,0,789,4276,1122.8190114068439,35.5
20265,1.0,3457,2026-02-25T00:10,SIN_DEMANDA,0,,,,,,,0,0,0,789,4276,1122.8190114068439,35.5
20265,1.0,3458,2026-02-25T00:20,SIN_DEMANDA,0,,,,,,,0,0,0,790,4278,1121.897721518987,35.5
20265,1.0,3459,2026-02-25T00:30,SIN_DEMANDA,0,,,,,,,0,0,0,790,4278,1121.897721518987,35.5
20265,1.0,3460,2026-02-25T00:40,SIN_DEMANDA,0,,,,,,,0,0,0,790,4278,1121.897721518987,35.5
20265,1.0,3461,2026-02-25T00:50,SIN_DEMANDA,0,,,,,,,0,0,0,791,4282,1120.8852085967128,35.5
20265,1.0,3462,2026-02-25T01:00,SIN_DEMANDA,0,,,,,,,0,0,0,791,4282,1120.8852085967128,35.5
20265,1.0,3463,2026-02-25T01:10,SIN_DEMANDA,0,,,,,,,0,0,0,791,4282,1120.8852085967128,35.5
20265,1.0,3464,2026-02-25T01:20,COMPLETA,1226.1613,2051.0,2051.0,60.0,150.0,1,0.125,1,0,1,791,4282,1120.8852085967128,35.5
20265,1.0,3465,2026-02-25T01:30,SIN_DEMANDA,0,,,,,,,0,0,0,791,4282,1120.8852085967128,35.5
20265,1.0,3466,2026-02-25T01:40,SIN_DEMANDA,0,,,,,,,0,0,0,791,4282,1120.8852085967128,35.5
20265,1.0,3467,2026-02-25T01:50,COMPLETA,1779.4253,2053.5,2053.5,116.0,294.0,2,0.14583333333333334,1,0,2,791,4282,1120.8852085967128,35.5
20265,1.0,3468,2026-02-25T02:00,SIN_DEMANDA,0,,,,,,,0,0,0,791,4282,1120.8852085967128,35.5
20265,1.0,3469,2026-02-25T02:10,SIN_DEMANDA,0,,,,,,,0,0,0,791,4282,1120.8852085967128,35.5
20265,1.0,3470,2026-02-25T02:20,COMPLETA,1797.2262,383.0,383.0,48.0,213.6,2,0.3125,1,0,1,791,4282,1120.8852085967128,35.5
20265,1.0,3471,2026-02-25T02:30,COMPLETA,2116.6586,383.0,383.0,24.0,96.0,1,0.25,1,0,1,791,4282,1120.8852085967128,35.5
20265,1.0,3472,2026-02-25T02:40,SIN_DEMANDA,0,,,,,,,0,0,0,791,4282,1120.8852085967128,35.5
20265,1.0,3473,2026-02-25T02:50,COMPLETA,1229.167,388.0,388.0,36.0,114.0,1,0.041666666666666664,1,0,1,791,4282,1120.8852085967128,35.5
20265,1.0,3474,2026-02-25T03:00,COMPLETA,1754.0283,145.0,145.0,88.0,252.0,2,0.20833333333333334,1,0,2,791,4282,1120.8852085967128,35.5
20265,1.0,3475,2026-02-25T03:10,SIN_DEMANDA,0,,,,,,,0,0,0,792,4285,1122.0595959595958,35.5
20265,1.0,3476,2026-02-25T03:20,SIN_DEMANDA,0,,,,,,,0,0,0,792,4285,1122.0595959595958,35.5
20265,1.0,3477,2026-02-25T03:30,SIN_DEMANDA,0,,,,,,,0,0,0,792,4285,1122.0595959595958,35.5
20265,1.0,3478,2026-02-25T03:40,COMPLETA,1711.3945,394.5,394.5,22.0,93.0,1,0.08333333333333333,1,0,1,793,4292,1123.2341740226984,35.5
20265,1.0,3479,2026-02-25T03:50,COMPLETA,1171.9733,606.0,606.0,68.0,162.0,1,0.125,1,0,1,793,4296,1123.2341740226984,35.5
20265,1.0,3480,2026-02-25T04:00,SIN_DEMANDA,0,,,,,,,0,0,0,794,4302,1122.3018891687655,35.5
20265,1.0,3481,2026-02-25T04:10,SIN_DEMANDA,0,,,,,,,0,0,0,794,4302,1122.3018891687655,35.5
20265,1.0,3482,2026-02-25T04:20,COMPLETA,2133.9247,2073.0,2073.0,72.0,228.0,2,0.10416666666666667,1,0,2,795,4303,1121.3782389937105,35.5
20265,1.0,3483,2026-02-25T04:30,SIN_DEMANDA,0,,,,,,,0,0,0,795,4303,1121.3782389937105,35.5
20265,1.0,3484,2026-02-25T04:40,SIN_DEMANDA,0,,,,,,,0,0,0,796,4313,1120.151633165829,35.5
20265,1.0,3485,2026-02-25T04:50,SIN_DEMANDA,0,,,,,,,0,0,0,796,4313,1120.151633165829,35.5
20265,1.0,3486,2026-02-25T05:00,SIN_DEMANDA,0,,,,,,,0,0,0,797,4315,1119.2411543287326,35.5
20265,1.0,3487,2026-02-25T05:10,SIN_DEMANDA,0,,,,,,,0,0,0,797,4315,1119.2411543287326,35.5
20265,1.0,3488,2026-02-25T05:20,SIN_DEMANDA,0,,,,,,,0,0,0,797,4315,1119.2411543287326,35.5
20265,1.0,3489,2026-02-25T05:30,COMPLETA,1838.1638,1969.5,1969.5,108.0,402.0,2,0.14583333333333334,1,0,0,797,4315,1119.2411543287326,35.5
20265,1.0,3490,2026-02-25T05:40,COMPLETA,2050.3898,1969.5,1969.5,108.0,402.0,2,0.14583333333333334,1,0,0,797,4315,1119.2411543287326,35.5
20265,1.0,3491,2026-02-25T05:50,COMPLETA,2201.7725,1969.5,1969.5,108.0,402.0,2,0.14583333333333334,1,0,0,799,4323,1119.7924906132664,35.5
20265,1.0,3492,2026-02-25T06:00,COMPLETA,2267.538,1269.0,568.5,146.0,579.0,3,0.1388888888888889,2,0,0,799,4323,1119.7924906132664,35.5
20265,1.0,3493,2026-02-25T06:10,COMPLETA,2172.9577,1269.0,568.5,146.0,579.0,3,0.1388888888888889,2,0,0,799,4323,1119.7924906132664,35.5
20265,1.0,3494,2026-02-25T06:20,COMPLETA,2492.0498,1269.0,568.5,146.0,579.0,3,0.1388888888888889,2,0,0,799,4323,1119.7924906132664,35.5
20265,1.0,3495,2026-02-25T06:30,COMPLETA,2436.6827,1527.0,568.5,182.0,753.0,4,0.15625,3,0,0,799,4323,1119.7924906132664,35.5
20265,1.0,3496,2026-02-25T06:40,COMPLETA,2136.1796,1527.0,568.5,182.0,753.0,4,0.15625,3,0,0,799,4323,1119.7924906132664,35.5
20265,1.0,3497,2026-02-25T06:50,COMPLETA,2649.7107,1527.0,568.5,182.0,753.0,4,0.15625,3,0,0,799,4323,1119.7924906132664,35.5
20265,1.0,3498,2026-02-25T07:00,COMPLETA,2773.9012,1527.0,568.5,182.0,753.0,4,0.15625,3,0,4,799,4323,1119.7924906132664,35.5
20265,1.0,3499,2026-02-25T07:10,SIN_DEMANDA,0,,,,,,,0,0,0,799,4323,1119.7924906132664,35.5
20265,1.0,3500,2026-02-25T07:20,SIN_DEMANDA,0,,,,,,,0,0,0,799,4323,1119.7924906132664,35.5
20265,1.0,3501,2026-02-25T07:30,COMPLETA,2410.957,2076.0,2076.0,64.0,336.0,2,0.1875,1,0,2,799,4323,1119.7924906132664,35.5
20265,1.0,3502,2026-02-25T07:40,SIN_DEMANDA,0,,,,,,,0,0,0,799,4323,1119.7924906132664,35.5
20265,1.0,3503,2026-02-25T07:50,SIN_DEMANDA,0,,,,,,,0,0,0,799,4323,1119.7924906132664,35.5
20265,1.0,3504,2026-02-25T08:00,SIN_DEMANDA,0,,,,,,,0,0,0,799,4323,1119.7924906132664,35.5
20265,1.0,3505,2026-02-25T08:10,SIN_DEMANDA,0,,,,,,,0,0,0,799,4323,1119.7924906132664,35.5
20265,1.0,3506,2026-02-25T08:20,SIN_DEMANDA,0,,,,,,,0,0,0,799,4323,1119.7924906132664,35.5
20265,1.0,3507,2026-02-25T08:30,SIN_DEMANDA,0,,,,,,,0,0,0,801,4331,1120.256803995006,35.5
20265,1.0,3508,2026-02-25T08:40,SIN_DEMANDA,0,,,,,,,0,0,0,801,4331,1120.256803995006,35.5
20265,1.0,3509,2026-02-25T08:50,SIN_DEMANDA,0,,,,,,,0,0,0,802,4338,1121.3157107231918,35.5
20265,1.0,3510,2026-02-25T09:00,SIN_DEMANDA,0,,,,,,,0,0,0,803,4347,1122.5046077210459,35.5
20265,1.0,3511,2026-02-25T09:10,SIN_DEMANDA,0,,,,,,,0,0,0,803,4347,1122.5046077210459,35.5
20265,1.0,3512,2026-02-25T09:20,SIN_DEMANDA,0,,,,,,,0,0,0,803,4347,1122.5046077210459,35.5
20265,1.0,3513,2026-02-25T09:30,SIN_DEMANDA,0,,,,,,,0,0,0,803,4347,1122.5046077210459,35.5
20265,1.0,3514,2026-02-25T09:40,SIN_DEMANDA,0,,,,,,,0,0,0,803,4347,1122.5046077210459,35.5
20265,1.0,3515,2026-02-25T09:50,SIN_DEMANDA,0,,,,,,,0,0,0,803,4347,1122.5046077210459,35.5
20265,1.0,3516,2026-02-25T10:00,COMPLETA,2593.7654,1235.75,404.5,58.0,207.0,2,0.22916666666666666,2,0,2,803,4347,1122.5046077210459,35.5
20265,1.0,3517,2026-02-25T10:10,COMPLETA,1418.0995,2061.0,2061.0,40.0,120.0,1,0.125,1,0,1,803,4347,1122.5046077210459,35.5
20265,1.0,3518,2026-02-25T10:20,COMPLETA,1513.4357,379.0,379.0,42.0,123.0,1,0.16666666666666666,1,0,1,803,4347,1122.5046077210459,35.5
20265,1.0,3519,2026-02-25T10:30,SIN_DEMANDA,0,,,,,,,0,0,0,803,4347,1122.5046077210459,35.5
20265,1.0,3520,2026-02-25T10:40,SIN_DEMANDA,0,,,,,,,0,0,0,803,4347,1122.5046077210459,35.5
20265,1.0,3521,2026-02-25T10:50,COMPLETA,2373.4214,151.5,151.5,68.0,222.0,2,0.20833333333333334,1,0,2,803,4347,1122.5046077210459,35.5
20265,1.0,3522,2026-02-25T11:00,COMPLETA,1620.6087,348.4,348.4,58.0,199.2,1,0.25,1,0,1,803,4347,1122.5046077210459,35.5
20265,1.0,3523,2026-02-25T11:10,SIN_DEMANDA,0,,,,,,,0,0,0,803,4347,1122.5046077210459,35.5
20265,1.0,3524,2026-02-25T11:20,SIN_DEMANDA,0,,,,,,,0,0,0,804,4355,1121.611567164179,35.5
20265,1.0,3525,2026-02-25T11:30,SIN_DEMANDA,0,,,,,,,0,0,0,805,4358,1122.785962732919,35.5
20265,1.0,3526,2026-02-25T11:40,COMPLETA,1472.476,2056.0,2056.0,30.0,132.0,1,0.125,1,0,1,805,4358,1122.785962732919,35.5
20265,1.0,3527,2026-02-25T11:50,SIN_DEMANDA,0,,,,,,,0,0,0,806,4361,1123.9499999999998,35.5
20265,1.0,3528,2026-02-25T12:00,SIN_DEMANDA,0,,,,,,,0,0,0,807,4365,1123.0268897149936,35.5
20265,1.0,3529,2026-02-25T12:10,SIN_DEMANDA,0,,,,,,,0,0,0,807,4365,1123.0268897149936,35.5
20265,1.0,3530,2026-02-25T12:20,SIN_DEMANDA,0,,,,,,,0,0,0,808,4375,1121.8245049504949,35.5
20265,1.0,3531,2026-02-25T12:30,SIN_DEMANDA,0,,,,,,,0,0,0,808,4375,1121.8245049504949,35.5
20265,1.0,3532,2026-02-25T12:40,COMPLETA,2799.6301,683.0,391.0,188.0,522.0,4,0.15625,2,0,4,808,4375,1121.8245049504949,35.5
20265,1.0,3533,2026-02-25T12:50,SIN_DEMANDA,0,,,,,,,0,0,0,808,4375,1121.8245049504949,35.5
20265,1.0,3534,2026-02-25T13:00,COMPLETA,1851.8549,997.5,997.5,30.0,105.0,1,0.25,1,0,1,808,4375,1121.8245049504949,35.5
20265,1.0,3535,2026-02-25T13:10,SIN_DEMANDA,0,,,,,,,0,0,0,809,4377,1120.8684796044497,35.5
20265,1.0,3536,2026-02-25T13:20,SIN_DEMANDA,0,,,,,,,0,0,0,810,4378,1122.0229629629628,35.5
20265,1.0,3537,2026-02-25T13:30,SIN_DEMANDA,0,,,,,,,0,0,0,810,4378,1122.0229629629628,35.5
20265,1.0,3538,2026-02-25T13:40,SIN_DEMANDA,0,,,,,,,0,0,0,810,4378,1122.0229629629628,35.5
20265,1.0,3539,2026-02-25T13:50,SIN_DEMANDA,0,,,,,,,0,0,0,810,4378,1122.0229629629628,35.5
20265,1.0,3540,2026-02-25T14:00,SIN_DEMANDA,0,,,,,,,0,0,0,810,4378,1122.0229629629628,35.5
20265,1.0,3541,2026-02-25T14:10,COMPLETA,1448.9588,113.5,113.5,14.0,141.0,1,0.125,1,0,0,811,4383,1121.1215782983968,35.5
20265,1.0,3542,2026-02-25T14:20,COMPLETA,1818.7399,111.6,107.2,62.0,345.6,2,0.21875,2,0,0,812,4393,1120.9416256157633,35.5
20265,1.0,3543,2026-02-25T14:30,COMPLETA,2283.0949,111.6,107.2,62.0,345.6,2,0.21875,2,0,0,813,4399,1120.789790897909,35.5
20265,1.0,3544,2026-02-25T14:40,COMPLETA,2156.2695,749.7333333333332,107.2,172.0,750.6,4,0.1625,3,0,0,813,4399,1120.789790897909,35.5
20265,1.0,3545,2026-02-25T14:50,COMPLETA,2256.5603,749.7333333333332,107.2,172.0,750.6,4,0.1625,3,0,0,813,4399,1120.789790897909,35.5
20265,1.0,3546,2026-02-25T15:00,COMPLETA,2150.0724,749.7333333333332,107.2,172.0,750.6,4,0.1625,3,0,4,813,4399,1120.789790897909,35.5
20265,1.0,3547,2026-02-25T15:10,SIN_DEMANDA,0,,,,,,,0,0,0,813,4399,1120.789790897909,35.5
20265,1.0,3548,2026-02-25T15:20,SIN_DEMANDA,0,,,,,,,0,0,0,813,4399,1120.789790897909,35.5
20265,1.0,3549,2026-02-25T15:30,SIN_DEMANDA,0,,,,,,,0,0,0,813,4399,1120.789790897909,35.5
20265,1.0,3550,2026-02-25T15:40,SIN_DEMANDA,0,,,,,,,0,0,0,813,4399,1120.789790897909,35.5
20265,1.0,3551,2026-02-25T15:50,COMPLETA,1895.0936,960.5,960.5,61.0,211.5,1,0.2916666666666667,1,0,1,813,4399,1120.789790897909,35.5
20265,1.0,3552,2026-02-25T16:00,SIN_DEMANDA,0,,,,,,,0,0,0,813,4399,1120.789790897909,35.5
20265,1.0,3553,2026-02-25T16:10,SIN_DEMANDA,0,,,,,,,0,0,0,813,4399,1120.789790897909,35.5
20265,1.0,3554,2026-02-25T16:20,SIN_DEMANDA,0,,,,,,,0,0,0,814,4402,1119.5445945945944,35.5
20265,1.0,3555,2026-02-25T16:30,SIN_DEMANDA,0,,,,,,,0,0,0,815,4406,1118.313251533742,35.5
20265,1.0,3556,2026-02-25T16:40,SIN_DEMANDA,0,,,,,,,0,0,0,815,4406,1118.313251533742,35.5
20265,1.0,3557,2026-02-25T16:50,SIN_DEMANDA,0,,,,,,,0,0,0,816,4412,1119.4256127450979,35.5
20265,1.0,3558,2026-02-25T17:00,COMPLETA,1624.628,2058.0,2058.0,56.0,144.0,1,0.041666666666666664,1,0,1,816,4412,1119.4256127450979,35.5
20265,1.0,3559,2026-02-25T17:10,COMPLETA,1855.3534,1087.0,124.0,143.0,466.5,3,0.325,2,0,3,816,4412,1119.4256127450979,35.5
20265,1.0,3560,2026-02-25T17:20,COMPLETA,1351.4158,149.2,149.2,24.0,117.6,1,0.125,1,0,1,816,4412,1119.4256127450979,35.5
20265,1.0,3561,2026-02-25T17:30,SIN_DEMANDA,0,,,,,,,0,0,0,816,4412,1119.4256127450979,35.5
20265,1.0,3562,2026-02-25T17:40,SIN_DEMANDA,0,,,,,,,0,0,0,816,4412,1119.4256127450979,35.5
20265,1.0,3563,2026-02-25T17:50,COMPLETA,1877.494,628.0,628.0,72.0,228.0,2,0.20833333333333334,1,0,2,817,4419,1119.231089351285,35.5
20265,1.0,3564,2026-02-25T18:00,SIN_DEMANDA,0,,,,,,,0,0,0,817,4419,1119.231089351285,35.5
20265,1.0,3565,2026-02-25T18:10,COMPLETA,1477.8567,991.5,991.5,34.0,111.0,1,0.125,1,0,1,817,4419,1119.231089351285,35.5
20265,1.0,3566,2026-02-25T18:20,SIN_DEMANDA,0,,,,,,,0,0,0,817,4419,1119.231089351285,35.5
20265,1.0,3567,2026-02-25T18:30,SIN_DEMANDA,0,,,,,,,0,0,0,817,4419,1119.231089351285,35.5
20265,1.0,3568,2026-02-25T18:40,SIN_DEMANDA,0,,,,,,,0,0,0,817,4419,1119.231089351285,35.5
20265,1.0,3569,2026-02-25T18:50,COMPLETA,1972.2498,2067.5,2067.5,84.0,246.0,2,0.1875,1,0,2,819,4421,1119.192918192918,35.5
20265,1.0,3570,2026-02-25T19:00,SIN_DEMANDA,0,,,,,,,0,0,0,820,4428,1120.3280487804875,35.5
20265,1.0,3571,2026-02-25T19:10,SIN_DEMANDA,0,,,,,,,0,0,0,821,4434,1119.1144945188792,35.5
20265,1.0,3572,2026-02-25T19:20,SIN_DEMANDA,0,,,,,,,0,0,0,822,4444,1118.51703163017,35.5
20265,1.0,3573,2026-02-25T19:30,SIN_DEMANDA,0,,,,,,,0,0,0,822,4444,1118.51703163017,35.5
20265,1.0,3574,2026-02-25T19:40,SIN_DEMANDA,0,,,,,,,0,0,0,823,4447,1118.3626974483593,35.5
20265,1.0,3575,2026-02-25T19:50,SIN_DEMANDA,0,,,,,,,0,0,0,823,4447,1118.3626974483593,35.5
20265,1.0,3576,2026-02-25T20:00,SIN_DEMANDA,0,,,,,,,0,0,0,823,4447,1118.3626974483593,35.5
20265,1.0,3577,2026-02-25T20:10,SIN_DEMANDA,0,,,,,,,0,0,0,823,4447,1118.3626974483593,35.5
20265,1.0,3578,2026-02-25T20:20,SIN_DEMANDA,0,,,,,,,0,0,0,823,4447,1118.3626974483593,35.5
20265,1.0,3579,2026-02-25T20:30,SIN_DEMANDA,0,,,,,,,0,0,0,824,4456,1119.5145631067958,35.5
20265,1.0,3580,2026-02-25T20:40,COMPLETA,2126.3306,2044.5,2044.5,75.0,172.5,1,0.20833333333333334,1,0,1,824,4456,1119.5145631067958,35.5
20265,1.0,3581,2026-02-25T20:50,SIN_DEMANDA,0,,,,,,,0,0,0,824,4456,1119.5145631067958,35.5
20265,1.0,3582,2026-02-25T21:00,SIN_DEMANDA,0,,,,,,,0,0,0,824,4456,1119.5145631067958,35.5
20265,1.0,3583,2026-02-25T21:10,SIN_DEMANDA,0,,,,,,,0,0,0,824,4456,1119.5145631067958,35.5
20265,1.0,3584,2026-02-25T21:20,SIN_DEMANDA,0,,,,,,,0,0,0,824,4456,1119.5145631067958,35.5
20265,1.0,3585,2026-02-25T21:30,SIN_DEMANDA,0,,,,,,,0,0,0,824,4456,1119.5145631067958,35.5
20265,1.0,3586,2026-02-25T21:40,SIN_DEMANDA,0,,,,,,,0,0,0,824,4456,1119.5145631067958,35.5
20265,1.0,3587,2026-02-25T21:50,SIN_DEMANDA,0,,,,,,,0,0,0,824,4456,1119.5145631067958,35.5
20265,1.0,3588,2026-02-25T22:00,SIN_DEMANDA,0,,,,,,,0,0,0,824,4456,1119.5145631067958,35.5
20265,1.0,3589,2026-02-25T22:10,COMPLETA,2023.4853,923.5,923.5,150.0,585.0,3,0.1388888888888889,1,0,0,824,4456,1119.5145631067958,35.5
20265,1.0,3590,2026-02-25T22:20,COMPLETA,2129.7299,923.5,923.5,150.0,585.0,3,0.1388888888888889,1,0,0,824,4456,1119.5145631067958,35.5
20265,1.0,3591,2026-02-25T22:30,COMPLETA,2050.1427,923.5,923.5,150.0,585.0,3,0.1388888888888889,1,0,0,825,4461,1120.6357575757572,35.5
20265,1.0,3592,2026-02-25T22:40,COMPLETA,1882.7264,923.5,923.5,150.0,585.0,3,0.1388888888888889,1,0,0,825,4461,1120.6357575757572,35.5
20265,1.0,3593,2026-02-25T22:50,COMPLETA,2075.5632,923.5,923.5,150.0,585.0,3,0.1388888888888889,1,0,0,825,4461,1120.6357575757572,35.5
20265,1.0,3594,2026-02-25T23:00,COMPLETA,2055.6041,1494.75,923.5,144.0,576.0,3,0.2361111111111111,2,0,3,825,4461,1120.6357575757572,35.5
20265,1.0,3595,2026-02-25T23:10,SIN_DEMANDA,0,,,,,,,0,0,0,825,4461,1120.6357575757572,35.5
20265,1.0,3596,2026-02-25T23:20,SIN_DEMANDA,0,,,,,,,0,0,0,825,4461,1120.6357575757572,35.5
20265,1.0,3597,2026-02-25T23:30,SIN_DEMANDA,0,,,,,,,0,0,0,825,4461,1120.6357575757572,35.5
20265,1.0,3598,2026-02-25T23:40,SIN_DEMANDA,0,,,,,,,0,0,0,825,4461,1120.6357575757572,35.5
20265,1.0,3599,2026-02-25T23:50,SIN_DEMANDA,0,,,,,,,0,0,0,825,4461,1120.6357575757572,35.5
20265,1.0,3600,2026-02-26T00:00,COMPLETA,2148.6737,502.75,372.0,158.0,597.0,3,0.2222222222222222,2,0,3,825,4461,1120.6357575757572,35.5
20265,1.0,3601,2026-02-26T00:10,SIN_DEMANDA,0,,,,,,,0,0,0,825,4461,1120.6357575757572,35.5
20265,1.0,3602,2026-02-26T00:20,COMPLETA,1998.788,2087.0,2087.0,8.0,132.0,1,0.25,1,0,1,825,4461,1120.6357575757572,35.5
20265,1.0,3603,2026-02-26T00:30,SIN_DEMANDA,0,,,,,,,0,0,0,825,4461,1120.6357575757572,35.5
20265,1.0,3604,2026-02-26T00:40,SIN_DEMANDA,0,,,,,,,0,0,0,827,4478,1121.5405078597337,35.5
20265,1.0,3605,2026-02-26T00:50,COMPLETA,1648.8897,141.4,141.4,28.0,187.2,1,0.25,1,0,1,827,4478,1121.5405078597337,35.5
20265,1.0,3606,2026-02-26T01:00,SIN_DEMANDA,0,,,,,,,0,0,0,827,4478,1121.5405078597337,35.5
20265,1.0,3607,2026-02-26T01:10,SIN_DEMANDA,0,,,,,,,0,0,0,827,4478,1121.5405078597337,35.5
20265,1.0,3608,2026-02-26T01:20,SIN_DEMANDA,0,,,,,,,0,0,0,827,4478,1121.5405078597337,35.5
20265,1.0,3609,2026-02-26T01:30,SIN_DEMANDA,0,,,,,,,0,0,0,829,4492,1122.1164053075993,35.5
20265,1.0,3610,2026-02-26T01:40,SIN_DEMANDA,0,,,,,,,0,0,0,829,4492,1122.1164053075993,35.5
20265,1.0,3611,2026-02-26T01:50,SIN_DEMANDA,0,,,,,,,0,0,0,830,4500,1121.2126506024094,35.5
20265,1.0,3612,2026-02-26T02:00,SIN_DEMANDA,0,,,,,,,0,0,0,830,4500,1121.2126506024094,35.5
20265,1.0,3613,2026-02-26T02:10,SIN_DEMANDA,0,,,,,,,0,0,0,830,4500,1121.2126506024094,35.5
20265,1.0,3614,2026-02-26T02:20,SIN_DEMANDA,0,,,,,,,0,0,0,830,4500,1121.2126506024094,35.5
20265,1.0,3615,2026-02-26T02:30,SIN_DEMANDA,0,,,,,,,0,0,0,831,4502,1120.03357400722,35.5
20265,1.0,3616,2026-02-26T02:40,COMPLETA,2418.3824,2069.0,2069.0,40.0,120.0,1,0.3333333333333333,1,0,1,831,4502,1120.03357400722,35.5
20265,1.0,3617,2026-02-26T02:50,SIN_DEMANDA,0,,,,,,,0,0,0,831,4502,1120.03357400722,35.5
20265,1.0,3618,2026-02-26T03:00,SIN_DEMANDA,0,,,,,,,0,0,0,831,4502,1120.03357400722,35.5
20265,1.0,3619,2026-02-26T03:10,COMPLETA,1969.0958,145.5,145.5,38.0,117.0,1,0.375,1,0,1,831,4502,1120.03357400722,35.5
20265,1.0,3620,2026-02-26T03:20,SIN_DEMANDA,0,,,,,,,0,0,0,831,4502,1120.03357400722,35.5
20265,1.0,3621,2026-02-26T03:30,SIN_DEMANDA,0,,,,,,,0,0,0,831,4502,1120.03357400722,35.5
20265,1.0,3622,2026-02-26T03:40,SIN_DEMANDA,0,,,,,,,0,0,0,831,4502,1120.03357400722,35.5
20265,1.0,3623,2026-02-26T03:50,COMPLETA,1719.9081,137.75,128.5,98.0,267.0,2,0.041666666666666664,2,0,2,831,4502,1120.03357400722,35.5
20265,1.0,3624,2026-02-26T04:00,SIN_DEMANDA,0,,,,,,,0,0,0,831,4502,1120.03357400722,35.5
20265,1.0,3625,2026-02-26T04:10,COMPLETA,1479.6926,2044.0,2044.0,72.0,168.0,1,0.16666666666666666,1,0,1,832,4510,1121.174158653846,35.5
20265,1.0,3626,2026-02-26T04:20,COMPLETA,2303.4665,2081.0,2081.0,48.0,192.0,2,0.14583333333333334,1,0,2,832,4510,1121.174158653846,35.5
20265,1.0,3627,2026-02-26T04:30,COMPLETA,2150.4766,639.0,632.0,52.0,198.0,2,0.2708333333333333,2,0,2,832,4510,1121.174158653846,35.5
20265,1.0,3628,2026-02-26T04:40,SIN_DEMANDA,0,,,,,,,0,0,0,833,4519,1120.0028811524608,35.5
20265,1.0,3629,2026-02-26T04:50,SIN_DEMANDA,0,,,,,,,0,0,0,833,4519,1120.0028811524608,35.5
20265,1.0,3630,2026-02-26T05:00,SIN_DEMANDA,0,,,,,,,0,0,0,833,4519,1120.0028811524608,35.5
20265,1.0,3631,2026-02-26T05:10,SIN_DEMANDA,0,,,,,,,0,0,0,833,4519,1120.0028811524608,35.5
20265,1.0,3632,2026-02-26T05:20,SIN_DEMANDA,0,,,,,,,0,0,0,834,4520,1118.8362110311748,35.5
20265,1.0,3633,2026-02-26T05:30,SIN_DEMANDA,0,,,,,,,0,0,0,834,4520,1118.8362110311748,35.5
20265,1.0,3634,2026-02-26T05:40,SIN_DEMANDA,0,,,,,,,0,0,0,836,4528,1118.8025119617223,35.5
20265,1.0,3635,2026-02-26T05:50,SIN_DEMANDA,0,,,,,,,0,0,0,837,4532,1118.237634408602,35.5
20265,1.0,3636,2026-02-26T06:00,SIN_DEMANDA,0,,,,,,,0,0,0,838,4541,1117.6573985680188,35.5
20265,1.0,3637,2026-02-26T06:10,COMPLETA,1788.2164,584.0,584.0,28.0,162.0,1,0.375,1,0,0,839,4545,1118.7615017878425,35.5
20265,1.0,3638,2026-02-26T06:20,COMPLETA,1918.5218,584.0,584.0,28.0,162.0,1,0.375,1,0,0,839,4545,1118.7615017878425,35.5
20265,1.0,3639,2026-02-26T06:30,COMPLETA,1706.6478,584.0,584.0,28.0,162.0,1,0.375,1,0,0,839,4545,1118.7615017878425,35.5
20265,1.0,3640,2026-02-26T06:40,COMPLETA,1977.3984,348.5,113.0,108.0,522.0,3,0.25,2,0,0,839,4545,1118.7615017878425,35.5
20265,1.0,3641,2026-02-26T06:50,COMPLETA,2094.5347,912.1666666666666,113.0,171.0,736.5,4,0.21875,3,0,0,839,4545,1118.7615017878425,35.5
20265,1.0,3642,2026-02-26T07:00,COMPLETA,2338.8924,912.1666666666666,113.0,171.0,736.5,4,0.21875,3,0,4,839,4545,1118.7615017878425,35.5
20265,1.0,3643,2026-02-26T07:10,COMPLETA,1364.2152,1008.5,1008.5,6.0,129.0,1,0.041666666666666664,1,0,1,839,4545,1118.7615017878425,35.5
20265,1.0,3644,2026-02-26T07:20,SIN_DEMANDA,0,,,,,,,0,0,0,839,4545,1118.7615017878425,35.5
20265,1.0,3645,2026-02-26T07:30,SIN_DEMANDA,0,,,,,,,0,0,0,839,4545,1118.7615017878425,35.5
20265,1.0,3646,2026-02-26T07:40,SIN_DEMANDA,0,,,,,,,0,0,0,839,4545,1118.7615017878425,35.5
20265,1.0,3647,2026-02-26T07:50,COMPLETA,1940.4589,607.5,607.5,124.0,426.0,2,0.16666666666666666,1,0,2,839,4545,1118.7615017878425,35.5
20265,1.0,3648,2026-02-26T08:00,SIN_DEMANDA,0,,,,,,,0,0,0,839,4545,1118.7615017878425,35.5
20265,1.0,3649,2026-02-26T08:10,SIN_DEMANDA,0,,,,,,,0,0,0,839,4545,1118.7615017878425,35.5
20265,1.0,3650,2026-02-26T08:20,COMPLETA,2336.5103,2057.1,2043.0,88.0,571.2,3,0.4166666666666667,2,0,3,840,4546,1118.630238095238,35.5
20265,1.0,3651,2026-02-26T08:30,COMPLETA,1798.6335,2031.6,2031.6,78.0,427.2,2,0.5,1,0,2,841,4555,1117.994530321046,35.5
20265,1.0,3652,2026-02-26T08:40,SIN_DEMANDA,0,,,,,,,0,0,0,842,4564,1116.8009501187646,35.5
20265,1.0,3653,2026-02-26T08:50,SIN_DEMANDA,0,,,,,,,0,0,0,843,4567,1117.8954922894422,35.5
20265,1.0,3654,2026-02-26T09:00,SIN_DEMANDA,0,,,,,,,0,0,0,843,4567,1117.8954922894422,35.5
20265,1.0,3655,2026-02-26T09:10,SIN_DEMANDA,0,,,,,,,0,0,0,843,4567,1117.8954922894422,35.5
20265,1.0,3656,2026-02-26T09:20,SIN_DEMANDA,0,,,,,,,0,0,0,843,4567,1117.8954922894422,35.5
20265,1.0,3657,2026-02-26T09:30,SIN_DEMANDA,0,,,,,,,0,0,0,843,4567,1117.8954922894422,35.5
20265,1.0,3658,2026-02-26T09:40,SIN_DEMANDA,0,,,,,,,0,0,0,844,4575,1117.2907582938385,35.5
20265,1.0,3659,2026-02-26T09:50,SIN_DEMANDA,0,,,,,,,0,0,0,845,4581,1118.4196449704139,35.5
20265,1.0,3660,2026-02-26T10:00,COMPLETA,2169.3067,387.5,387.5,84.0,246.0,2,0.14583333333333334,1,0,2,845,4581,1118.4196449704139,35.5
20265,1.0,3661,2026-02-26T10:10,SIN_DEMANDA,0,,,,,,,0,0,0,846,4585,1119.5125295508271,35.5
20265,1.0,3662,2026-02-26T10:20,SIN_DEMANDA,0,,,,,,,0,0,0,846,4585,1119.5125295508271,35.5
20265,1.0,3663,2026-02-26T10:30,SIN_DEMANDA,0,,,,,,,0,0,0,846,4585,1119.5125295508271,35.5
20265,1.0,3664,2026-02-26T10:40,SIN_DEMANDA,0,,,,,,,0,0,0,847,4593,1120.5893742621013,35.5
20265,1.0,3665,2026-02-26T10:50,SIN_DEMANDA,0,,,,,,,0,0,0,847,4593,1120.5893742621013,35.5
20265,1.0,3666,2026-02-26T11:00,COMPLETA,1837.4744,622.0,622.0,96.0,264.0,2,0.10416666666666667,1,0,2,847,4593,1120.5893742621013,35.5
20265,1.0,3667,2026-02-26T11:10,SIN_DEMANDA,0,,,,,,,0,0,0,847,4593,1120.5893742621013,35.5
20265,1.0,3668,2026-02-26T11:20,SIN_DEMANDA,0,,,,,,,0,0,0,847,4593,1120.5893742621013,35.5
20265,1.0,3669,2026-02-26T11:30,SIN_DEMANDA,0,,,,,,,0,0,0,847,4593,1120.5893742621013,35.5
20265,1.0,3670,2026-02-26T11:40,SIN_DEMANDA,0,,,,,,,0,0,0,848,4600,1119.7248820754714,35.5
20265,1.0,3671,2026-02-26T11:50,SIN_DEMANDA,0,,,,,,,0,0,0,848,4600,1119.7248820754714,35.5
20265,1.0,3672,2026-02-26T12:00,SIN_DEMANDA,0,,,,,,,0,0,0,848,4600,1119.7248820754714,35.5
20265,1.0,3673,2026-02-26T12:10,COMPLETA,2229.542,2077.0,2077.0,80.0,240.0,2,0.125,1,0,2,848,4600,1119.7248820754714,35.5
20265,1.0,3674,2026-02-26T12:20,SIN_DEMANDA,0,,,,,,,0,0,0,848,4600,1119.7248820754714,35.5
20265,1.0,3675,2026-02-26T12:30,SIN_DEMANDA,0,,,,,,,0,0,0,848,4600,1119.7248820754714,35.5
20265,1.0,3676,2026-02-26T12:40,SIN_DEMANDA,0,,,,,,,0,0,0,849,4605,1119.13863368669,35.5
20265,1.0,3677,2026-02-26T12:50,COMPLETA,2182.2536,2045.5,2045.5,70.0,165.0,1,0.20833333333333334,1,0,1,849,4605,1119.13863368669,35.5
20265,1.0,3678,2026-02-26T13:00,SIN_DEMANDA,0,,,,,,,0,0,0,849,4605,1119.13863368669,35.5
20265,1.0,3679,2026-02-26T13:10,SIN_DEMANDA,0,,,,,,,0,0,0,849,4605,1119.13863368669,35.5
20265,1.0,3680,2026-02-26T13:20,SIN_DEMANDA,0,,,,,,,0,0,0,849,4605,1119.13863368669,35.5
20265,1.0,3681,2026-02-26T13:30,COMPLETA,1856.9174,392.0,392.0,40.0,216.0,2,0.4375,1,0,2,849,4605,1119.13863368669,35.5
20265,1.0,3682,2026-02-26T13:40,SIN_DEMANDA,0,,,,,,,0,0,0,850,4611,1120.2655294117644,35.5
20265,1.0,3683,2026-02-26T13:50,SIN_DEMANDA,0,,,,,,,0,0,0,850,4611,1120.2655294117644,35.5
20265,1.0,3684,2026-02-26T14:00,COMPLETA,1387.6013,42.5,42.5,47.0,225.5,1,0.125,1,0,0,850,4611,1120.2655294117644,35.5
20265,1.0,3685,2026-02-26T14:10,COMPLETA,1351.1394,42.5,42.5,47.0,225.5,1,0.125,1,0,0,850,4611,1120.2655294117644,35.5
20265,1.0,3686,2026-02-26T14:20,COMPLETA,1087.2041,42.5,42.5,47.0,225.5,1,0.125,1,0,0,850,4611,1120.2655294117644,35.5
20265,1.0,3687,2026-02-26T14:30,COMPLETA,1999.5404,487.25,42.5,187.0,672.5,3,0.1527777777777778,2,0,0,850,4611,1120.2655294117644,35.5
20265,1.0,3688,2026-02-26T14:40,COMPLETA,2007.7597,487.25,42.5,187.0,672.5,3,0.1527777777777778,2,0,0,850,4611,1120.2655294117644,35.5
20265,1.0,3689,2026-02-26T14:50,COMPLETA,2210.7337,487.25,42.5,187.0,672.5,3,0.1527777777777778,2,0,0,851,4616,1121.352761457109,35.5
20265,1.0,3690,2026-02-26T15:00,COMPLETA,1799.2951,487.25,42.5,187.0,672.5,3,0.1527777777777778,2,0,3,852,4623,1120.496713615023,35.5
20265,1.0,3691,2026-02-26T15:10,SIN_DEMANDA,0,,,,,,,0,0,0,852,4623,1120.496713615023,35.5
20265,1.0,3692,2026-02-26T15:20,SIN_DEMANDA,0,,,,,,,0,0,0,852,4623,1120.496713615023,35.5
20265,1.0,3693,2026-02-26T15:30,SIN_DEMANDA,0,,,,,,,0,0,0,852,4623,1120.496713615023,35.5
20265,1.0,3694,2026-02-26T15:40,SIN_DEMANDA,0,,,,,,,0,0,0,852,4623,1120.496713615023,35.5
20265,1.0,3695,2026-02-26T15:50,SIN_DEMANDA,0,,,,,,,0,0,0,852,4623,1120.496713615023,35.5
20265,1.0,3696,2026-02-26T16:00,SIN_DEMANDA,0,,,,,,,0,0,0,852,4623,1120.496713615023,35.5
20265,1.0,3697,2026-02-26T16:10,SIN_DEMANDA,0,,,,,,,0,0,0,852,4623,1120.496713615023,35.5
20265,1.0,3698,2026-02-26T16:20,SIN_DEMANDA,0,,,,,,,0,0,0,852,4623,1120.496713615023,35.5
20265,1.0,3699,2026-02-26T16:30,COMPLETA,1352.5302,2041.5,2041.5,70.0,225.0,1,0.125,1,0,1,852,4623,1120.496713615023,35.5
20265,1.0,3700,2026-02-26T16:40,SIN_DEMANDA,0,,,,,,,0,0,0,852,4623,1120.496713615023,35.5
20265,1.0,3701,2026-02-26T16:50,SIN_DEMANDA,0,,,,,,,0,0,0,852,4623,1120.496713615023,35.5
20265,1.0,3702,2026-02-26T17:00,SIN_DEMANDA,0,,,,,,,0,0,0,853,4631,1120.2757327080888,35.5
20265,1.0,3703,2026-02-26T17:10,SIN_DEMANDA,0,,,,,,,0,0,0,853,4631,1120.2757327080888,35.5
20265,1.0,3704,2026-02-26T17:20,SIN_DEMANDA,0,,,,,,,0,0,0,854,4634,1119.0137002341917,35.5
20265,1.0,3705,2026-02-26T17:30,SIN_DEMANDA,0,,,,,,,0,0,0,854,4634,1119.0137002341917,35.5
20265,1.0,3706,2026-02-26T17:40,SIN_DEMANDA,0,,,,,,,0,0,0,854,4634,1119.0137002341917,35.5
20265,1.0,3707,2026-02-26T17:50,SIN_DEMANDA,0,,,,,,,0,0,0,854,4634,1119.0137002341917,35.5
20265,1.0,3708,2026-02-26T18:00,SIN_DEMANDA,0,,,,,,,0,0,0,854,4634,1119.0137002341917,35.5
20265,1.0,3709,2026-02-26T18:10,COMPLETA,1708.7833,2058.5,2058.5,54.0,141.0,1,0.4166666666666667,1,0,1,854,4634,1119.0137002341917,35.5
20265,1.0,3710,2026-02-26T18:20,SIN_DEMANDA,0,,,,,,,0,0,0,854,4634,1119.0137002341917,35.5
20265,1.0,3711,2026-02-26T18:30,SIN_DEMANDA,0,,,,,,,0,0,0,855,4637,1120.092631578947,35.5
20265,1.0,3712,2026-02-26T18:40,SIN_DEMANDA,0,,,,,,,0,0,0,855,4637,1120.092631578947,35.5
20265,1.0,3713,2026-02-26T18:50,SIN_DEMANDA,0,,,,,,,0,0,0,855,4637,1120.092631578947,35.5
20265,1.0,3714,2026-02-26T19:00,SIN_DEMANDA,0,,,,,,,0,0,0,855,4637,1120.092631578947,35.5
20265,1.0,3715,2026-02-26T19:10,SIN_DEMANDA,0,,,,,,,0,0,0,855,4637,1120.092631578947,35.5
20265,1.0,3716,2026-02-26T19:20,COMPLETA,1874.6538,149.5,149.5,90.0,315.0,3,0.125,1,0,3,855,4637,1120.092631578947,35.5
20265,1.0,3717,2026-02-26T19:30,COMPLETA,1911.6697,987.5,987.5,42.0,123.0,1,0.2916666666666667,1,0,1,855,4637,1120.092631578947,35.5
20265,1.0,3718,2026-02-26T19:40,SIN_DEMANDA,0,,,,,,,0,0,0,855,4637,1120.092631578947,35.5
20265,1.0,3719,2026-02-26T19:50,SIN_DEMANDA,0,,,,,,,0,0,0,855,4637,1120.092631578947,35.5
20265,1.0,3720,2026-02-26T20:00,COMPLETA,1235.8542,2064.5,2064.5,38.0,117.0,1,0.08333333333333333,1,0,1,856,4647,1121.1889018691586,35.5
20265,1.0,3721,2026-02-26T20:10,SIN_DEMANDA,0,,,,,,,0,0,0,856,4647,1121.1889018691586,35.5
20265,1.0,3722,2026-02-26T20:20,COMPLETA,1946.2866,1241.25,411.0,38.0,177.0,2,0.22916666666666666,2,0,2,856,4647,1121.1889018691586,35.5
20265,1.0,3723,2026-02-26T20:30,SIN_DEMANDA,0,,,,,,,0,0,0,856,4647,1121.1889018691586,35.5
20265,1.0,3724,2026-02-26T20:40,SIN_DEMANDA,0,,,,,,,0,0,0,856,4647,1121.1889018691586,35.5
20265,1.0,3725,2026-02-26T20:50,SIN_DEMANDA,0,,,,,,,0,0,0,857,4656,1120.055075845974,35.5
20265,1.0,3726,2026-02-26T21:00,SIN_DEMANDA,0,,,,,,,0,0,0,857,4656,1120.055075845974,35.5
20265,1.0,3727,2026-02-26T21:10,COMPLETA,1899.5193,1513.5,971.5,168.0,432.0,3,0.1111111111111111,2,0,3,858,4663,1119.9005827505823,35.5
20265,1.0,3728,2026-02-26T21:20,COMPLETA,2121.3855,2061.5,2061.5,50.0,135.0,1,0.2916666666666667,1,0,1,858,4663,1119.9005827505823,35.5
20265,1.0,3729,2026-02-26T21:30,SIN_DEMANDA,0,,,,,,,0,0,0,860,4668,1120.1746511627903,35.5
20265,1.0,3730,2026-02-26T21:40,SIN_DEMANDA,0,,,,,,,0,0,0,861,4676,1121.279558652729,35.5
20265,1.0,3731,2026-02-26T21:50,SIN_DEMANDA,0,,,,,,,0,0,0,861,4676,1121.279558652729,35.5
20265,1.0,3732,2026-02-26T22:00,COMPLETA,1223.6434,85.5,85.5,45.0,187.5,1,0.08333333333333333,1,0,0,861,4676,1121.279558652729,35.5
20265,1.0,3733,2026-02-26T22:10,COMPLETA,1274.2059,85.5,85.5,45.0,187.5,1,0.08333333333333333,1,0,0,861,4676,1121.279558652729,35.5
20265,1.0,3734,2026-02-26T22:20,COMPLETA,2622.6975,1053.0,85.5,88.0,372.0,2,0.22916666666666666,2,0,0,861,4676,1121.279558652729,35.5
20265,1.0,3735,2026-02-26T22:30,COMPLETA,2181.5779,1053.0,85.5,88.0,372.0,2,0.22916666666666666,2,0,0,861,4676,1121.279558652729,35.5
20265,1.0,3736,2026-02-26T22:40,COMPLETA,2167.3923,1053.0,85.5,88.0,372.0,2,0.22916666666666666,2,0,0,861,4676,1121.279558652729,35.5
20265,1.0,3737,2026-02-26T22:50,COMPLETA,2304.1349,1053.0,85.5,88.0,372.0,2,0.22916666666666666,2,0,0,861,4676,1121.279558652729,35.5
20265,1.0,3738,2026-02-26T23:00,COMPLETA,2196.3066,1027.2,85.5,120.0,568.8,3,0.25,3,0,3,864,4691,1123.275694444444,35.5
20265,1.0,3739,2026-02-26T23:10,SIN_DEMANDA,0,,,,,,,0,0,0,864,4691,1123.275694444444,35.5
20265,1.0,3740,2026-02-26T23:20,SIN_DEMANDA,0,,,,,,,0,0,0,864,4691,1123.275694444444,35.5
20265,1.0,3741,2026-02-26T23:30,SIN_DEMANDA,0,,,,,,,0,0,0,864,4691,1123.275694444444,35.5
20265,1.0,3742,2026-02-26T23:40,SIN_DEMANDA,0,,,,,,,0,0,0,864,4691,1123.275694444444,35.5
20265,1.0,3743,2026-02-26T23:50,SIN_DEMANDA,0,,,,,,,0,0,0,864,4691,1123.275694444444,35.5
20265,1.0,3744,2026-02-27T00:00,SIN_DEMANDA,0,,,,,,,0,0,0,864,4691,1123.275694444444,35.5
20265,1.0,3745,2026-02-27T00:10,COMPLETA,1403.4449,999.0,999.0,24.0,156.0,1,0.041666666666666664,1,0,1,864,4691,1123.275694444444,35.5
20265,1.0,3746,2026-02-27T00:20,SIN_DEMANDA,0,,,,,,,0,0,0,864,4691,1123.275694444444,35.5
20265,1.0,3747,2026-02-27T00:30,SIN_DEMANDA,0,,,,,,,0,0,0,864,4691,1123.275694444444,35.5
20265,1.0,3748,2026-02-27T00:40,SIN_DEMANDA,0,,,,,,,0,0,0,867,4705,1122.9432525951554,35.5
20265,1.0,3749,2026-02-27T00:50,SIN_DEMANDA,0,,,,,,,0,0,0,867,4705,1122.9432525951554,35.5
20265,1.0,3750,2026-02-27T01:00,SIN_DEMANDA,0,,,,,,,0,0,0,867,4705,1122.9432525951554,35.5
20265,1.0,3751,2026-02-27T01:10,SIN_DEMANDA,0,,,,,,,0,0,0,867,4705,1122.9432525951554,35.5
20265,1.0,3752,2026-02-27T01:20,SIN_DEMANDA,0,,,,,,,0,0,0,867,4705,1122.9432525951554,35.5
20265,1.0,3753,2026-02-27T01:30,SIN_DEMANDA,0,,,,,,,0,0,0,868,4706,1122.8004608294927,35.5
20265,1.0,3754,2026-02-27T01:40,COMPLETA,2040.1685,403.5,403.5,36.0,174.0,2,0.14583333333333334,1,0,2,868,4706,1122.8004608294927,35.5
20265,1.0,3755,2026-02-27T01:50,SIN_DEMANDA,0,,,,,,,0,0,0,868,4706,1122.8004608294927,35.5
20265,1.0,3756,2026-02-27T02:00,COMPLETA,2162.1521,154.5,154.5,96.0,264.0,2,0.1875,1,0,2,868,4706,1122.8004608294927,35.5
20265,1.0,3757,2026-02-27T02:10,SIN_DEMANDA,0,,,,,,,0,0,0,868,4706,1122.8004608294927,35.5
20265,1.0,3758,2026-02-27T02:20,COMPLETA,1438.6985,144.5,144.5,46.0,129.0,1,0.125,1,0,1,868,4706,1122.8004608294927,35.5
20265,1.0,3759,2026-02-27T02:30,SIN_DEMANDA,0,,,,,,,0,0,0,868,4706,1122.8004608294927,35.5
20265,1.0,3760,2026-02-27T02:40,SIN_DEMANDA,0,,,,,,,0,0,0,868,4706,1122.8004608294927,35.5
20265,1.0,3761,2026-02-27T02:50,COMPLETA,1224.7359,964.5,964.5,62.0,153.0,1,0.08333333333333333,1,0,1,868,4706,1122.8004608294927,35.5
20265,1.0,3762,2026-02-27T03:00,COMPLETA,1989.5925,126.5,126.5,124.0,306.0,2,0.16666666666666666,1,0,2,869,4713,1121.9727272727268,35.5
20265,1.0,3763,2026-02-27T03:10,SIN_DEMANDA,0,,,,,,,0,0,0,869,4713,1121.9727272727268,35.5
20265,1.0,3764,2026-02-27T03:20,SIN_DEMANDA,0,,,,,,,0,0,0,870,4722,1120.860689655172,35.5
20265,1.0,3765,2026-02-27T03:30,COMPLETA,1950.4532,152.0,152.0,40.0,216.0,2,0.375,1,0,2,870,4722,1120.860689655172,35.5
20265,1.0,3766,2026-02-27T03:40,COMPLETA,1343.9184,401.0,401.0,16.0,84.0,1,0.08333333333333333,1,0,1,870,4722,1120.860689655172,35.5
20265,1.0,3767,2026-02-27T03:50,COMPLETA,2105.4473,125.0,125.0,16.0,84.0,1,0.25,1,0,0,870,4722,1120.860689655172,35.5
20265,1.0,3768,2026-02-27T04:00,COMPLETA,1975.1702,125.0,125.0,16.0,84.0,1,0.25,1,0,0,871,4725,1119.7397244546494,35.5
20265,1.0,3769,2026-02-27T04:10,COMPLETA,1919.7099,125.0,125.0,16.0,84.0,1,0.25,1,0,0,871,4725,1119.7397244546494,35.5
20265,1.0,3770,2026-02-27T04:20,COMPLETA,1902.6409,125.0,125.0,16.0,84.0,1,0.25,1,0,1,871,4725,1119.7397244546494,35.5
20265,1.0,3771,2026-02-27T04:30,COMPLETA,1930.6095,984.0,984.0,72.0,228.0,2,0.10416666666666667,1,0,2,871,4725,1119.7397244546494,35.5
20265,1.0,3772,2026-02-27T04:40,COMPLETA,2040.1128,2059.5,2059.5,54.0,141.0,1,0.4166666666666667,1,0,1,872,4727,1119.561697247706,35.5
20265,1.0,3773,2026-02-27T04:50,COMPLETA,1755.5583,2086.0,2086.0,20.0,168.0,2,0.5,1,0,2,873,4735,1118.4241695303547,35.5
20265,1.0,3774,2026-02-27T05:00,SIN_DEMANDA,0,,,,,,,0,0,0,875,4743,1116.4997714285712,35.5
20265,1.0,3775,2026-02-27T05:10,SIN_DEMANDA,0,,,,,,,0,0,0,875,4743,1116.4997714285712,35.5
20265,1.0,3776,2026-02-27T05:20,COMPLETA,2376.9014,1960.5,1960.5,100.0,390.0,2,0.20833333333333334,1,0,0,875,4743,1116.4997714285712,35.5
20265,1.0,3777,2026-02-27T05:30,COMPLETA,2066.9486,2024.75,1960.5,108.0,462.0,3,0.1527777777777778,2,0,1,875,4743,1116.4997714285712,35.5
20265,1.0,3778,2026-02-27T05:40,COMPLETA,1948.7306,1960.5,1960.5,100.0,390.0,2,0.20833333333333334,1,0,0,875,4743,1116.4997714285712,35.5
20265,1.0,3779,2026-02-27T05:50,COMPLETA,2732.1723,1655.0,919.5,108.0,522.0,4,0.16666666666666666,3,0,2,876,4749,1115.3679223744289,35.5
20265,1.0,3780,2026-02-27T06:00,COMPLETA,1995.9718,1440.0,919.5,84.0,366.0,2,0.22916666666666666,2,0,0,877,4754,1115.2181299885972,35.5
20265,1.0,3781,2026-02-27T06:10,COMPLETA,1968.2369,1440.0,919.5,84.0,366.0,2,0.22916666666666666,2,0,0,878,4762,1116.3238041002273,35.5
20265,1.0,3782,2026-02-27T06:20,COMPLETA,2241.1865,1440.0,919.5,84.0,366.0,2,0.22916666666666666,2,0,0,878,4762,1116.3238041002273,35.5
20265,1.0,3783,2026-02-27T06:30,COMPLETA,2241.1328,1440.0,919.5,84.0,366.0,2,0.22916666666666666,2,0,0,879,4772,1117.396814562002,35.5
20265,1.0,3784,2026-02-27T06:40,COMPLETA,2463.9784,1276.1666666666667,919.5,141.0,571.5,3,0.25,3,0,0,880,4773,1118.5009090909086,35.5
20265,1.0,3785,2026-02-27T06:50,COMPLETA,2675.6289,1276.1666666666667,919.5,141.0,571.5,3,0.25,3,0,0,880,4773,1118.5009090909086,35.5
20265,1.0,3786,2026-02-27T07:00,COMPLETA,2557.4579,1276.1666666666667,919.5,141.0,571.5,3,0.25,3,0,3,881,4778,1119.597956867196,35.5
20265,1.0,3787,2026-02-27T07:10,SIN_DEMANDA,0,,,,,,,0,0,0,881,4778,1119.597956867196,35.5
20265,1.0,3788,2026-02-27T07:20,COMPLETA,1874.7285,1352.75,615.5,57.0,325.5,2,0.22916666666666666,2,0,2,881,4778,1119.597956867196,35.5
20265,1.0,3789,2026-02-27T07:30,SIN_DEMANDA,0,,,,,,,0,0,0,881,4778,1119.597956867196,35.5
20265,1.0,3790,2026-02-27T07:40,SIN_DEMANDA,0,,,,,,,0,0,0,881,4778,1119.597956867196,35.5
20265,1.0,3791,2026-02-27T07:50,SIN_DEMANDA,0,,,,,,,0,0,0,881,4778,1119.597956867196,35.5
20265,1.0,3792,2026-02-27T08:00,SIN_DEMANDA,0,,,,,,,0,0,0,881,4778,1119.597956867196,35.5
20265,1.0,3793,2026-02-27T08:10,SIN_DEMANDA,0,,,,,,,0,0,0,881,4778,1119.597956867196,35.5
20265,1.0,3794,2026-02-27T08:20,SIN_DEMANDA,0,,,,,,,0,0,0,881,4778,1119.597956867196,35.5
20265,1.0,3795,2026-02-27T08:30,SIN_DEMANDA,0,,,,,,,0,0,0,883,4782,1120.4703284258208,35.5
20265,1.0,3796,2026-02-27T08:40,SIN_DEMANDA,0,,,,,,,0,0,0,884,4789,1120.2842760180993,35.5
20265,1.0,3797,2026-02-27T08:50,SIN_DEMANDA,0,,,,,,,0,0,0,885,4799,1121.2251977401127,35.5
20265,1.0,3798,2026-02-27T09:00,SIN_DEMANDA,0,,,,,,,0,0,0,886,4807,1120.6544018058687,35.5
20265,1.0,3799,2026-02-27T09:10,SIN_DEMANDA,0,,,,,,,0,0,0,886,4807,1120.6544018058687,35.5
20265,1.0,3800,2026-02-27T09:20,COMPLETA,1959.114,116.5,116.5,130.0,315.0,2,0.16666666666666666,1,0,2,886,4807,1120.6544018058687,35.5
20265,1.0,3801,2026-02-27T09:30,SIN_DEMANDA,0,,,,,,,0,0,0,886,4807,1120.6544018058687,35.5
20265,1.0,3802,2026-02-27T09:40,SIN_DEMANDA,0,,,,,,,0,0,0,886,4807,1120.6544018058687,35.5
20265,1.0,3803,2026-02-27T09:50,SIN_DEMANDA,0,,,,,,,0,0,0,886,4807,1120.6544018058687,35.5
20265,1.0,3804,2026-02-27T10:00,SIN_DEMANDA,0,,,,,,,0,0,0,886,4807,1120.6544018058687,35.5
20265,1.0,3805,2026-02-27T10:10,SIN_DEMANDA,0,,,,,,,0,0,0,886,4807,1120.6544018058687,35.5
20265,1.0,3806,2026-02-27T10:20,SIN_DEMANDA,0,,,,,,,0,0,0,886,4807,1120.6544018058687,35.5
20265,1.0,3807,2026-02-27T10:30,SIN_DEMANDA,0,,,,,,,0,0,0,886,4807,1120.6544018058687,35.5
20265,1.0,3808,2026-02-27T10:40,COMPLETA,1964.6774,1002.5,1002.5,22.0,134.5,1,0.20833333333333334,1,0,1,886,4807,1120.6544018058687,35.5
20265,1.0,3809,2026-02-27T10:50,SIN_DEMANDA,0,,,,,,,0,0,0,886,4807,1120.6544018058687,35.5
20265,1.0,3810,2026-02-27T11:00,SIN_DEMANDA,0,,,,,,,0,0,0,886,4807,1120.6544018058687,35.5
20265,1.0,3811,2026-02-27T11:10,COMPLETA,1503.3169,398.5,398.5,22.0,93.0,1,0.125,1,0,1,886,4807,1120.6544018058687,35.5
20265,1.0,3812,2026-02-27T11:20,SIN_DEMANDA,0,,,,,,,0,0,0,887,4815,1119.5223224351744,35.5
20265,1.0,3813,2026-02-27T11:30,SIN_DEMANDA,0,,,,,,,0,0,0,887,4815,1119.5223224351744,35.5
20265,1.0,3814,2026-02-27T11:40,SIN_DEMANDA,0,,,,,,,0,0,0,887,4815,1119.5223224351744,35.5
20265,1.0,3815,2026-02-27T11:50,SIN_DEMANDA,0,,,,,,,0,0,0,887,4815,1119.5223224351744,35.5
20265,1.0,3816,2026-02-27T12:00,SIN_DEMANDA,0,,,,,,,0,0,0,888,4820,1119.39054054054,35.5
20265,1.0,3817,2026-02-27T12:10,SIN_DEMANDA,0,,,,,,,0,0,0,888,4820,1119.39054054054,35.5
20265,1.0,3818,2026-02-27T12:20,SIN_DEMANDA,0,,,,,,,0,0,0,888,4820,1119.39054054054,35.5
20265,1.0,3819,2026-02-27T12:30,SIN_DEMANDA,0,,,,,,,0,0,0,889,4823,1118.579640044994,35.5
20265,1.0,3820,2026-02-27T12:40,COMPLETA,1678.0696,2046.5,2046.5,70.0,165.0,1,0.2916666666666667,1,0,1,889,4823,1118.579640044994,35.5
20265,1.0,3821,2026-02-27T12:50,COMPLETA,1916.3868,852.5,852.5,76.0,354.0,2,0.16666666666666666,1,0,0,889,4823,1118.579640044994,35.5
20265,1.0,3822,2026-02-27T13:00,COMPLETA,2076.2197,852.5,852.5,76.0,354.0,2,0.16666666666666666,1,0,0,889,4823,1118.579640044994,35.5
20265,1.0,3823,2026-02-27T13:10,COMPLETA,1971.8182,625.0,397.5,98.0,567.5,3,0.1527777777777778,2,0,1,889,4823,1118.579640044994,35.5
20265,1.0,3824,2026-02-27T13:20,COMPLETA,1884.0272,852.5,852.5,76.0,354.0,2,0.16666666666666666,1,0,0,889,4823,1118.579640044994,35.5
20265,1.0,3825,2026-02-27T13:30,COMPLETA,2127.5583,1464.5,852.5,98.0,447.0,3,0.16666666666666666,2,0,1,889,4823,1118.579640044994,35.5
20265,1.0,3826,2026-02-27T13:40,COMPLETA,1738.8174,852.5,852.5,76.0,354.0,2,0.16666666666666666,1,0,0,889,4823,1118.579640044994,35.5
20265,1.0,3827,2026-02-27T13:50,COMPLETA,1933.8499,852.5,852.5,76.0,354.0,2,0.16666666666666666,1,0,0,889,4823,1118.579640044994,35.5
20265,1.0,3828,2026-02-27T14:00,COMPLETA,2254.0077,1433.5,852.5,106.0,519.0,3,0.1527777777777778,2,0,0,889,4823,1118.579640044994,35.5
20265,1.0,3829,2026-02-27T14:10,COMPLETA,1987.3719,1433.5,852.5,106.0,519.0,3,0.1527777777777778,2,0,0,889,4823,1118.579640044994,35.5
20265,1.0,3830,2026-02-27T14:20,COMPLETA,2182.7973,1433.5,852.5,106.0,519.0,3,0.1527777777777778,2,0,0,889,4823,1118.579640044994,35.5
20265,1.0,3831,2026-02-27T14:30,COMPLETA,2275.0776,1433.5,852.5,106.0,519.0,3,0.1527777777777778,2,0,0,890,4826,1117.7694382022469,35.5
20265,1.0,3832,2026-02-27T14:40,COMPLETA,2101.7817,1433.5,852.5,106.0,519.0,3,0.1527777777777778,2,0,0,891,4833,1118.8117845117843,35.5
20265,1.0,3833,2026-02-27T14:50,COMPLETA,2202.5035,1477.125,852.5,142.0,693.0,4,0.19791666666666666,4,0,0,892,4837,1119.8854260089684,35.5
20265,1.0,3834,2026-02-27T15:00,COMPLETA,1894.7226,1477.125,852.5,142.0,693.0,4,0.19791666666666666,4,0,4,892,4837,1119.8854260089684,35.5
20265,1.0,3835,2026-02-27T15:10,SIN_DEMANDA,0,,,,,,,0,0,0,892,4837,1119.8854260089684,35.5
20265,1.0,3836,2026-02-27T15:20,SIN_DEMANDA,0,,,,,,,0,0,0,892,4837,1119.8854260089684,35.5
20265,1.0,3837,2026-02-27T15:30,SIN_DEMANDA,0,,,,,,,0,0,0,892,4837,1119.8854260089684,35.5
20265,1.0,3838,2026-02-27T15:40,SIN_DEMANDA,0,,,,,,,0,0,0,892,4837,1119.8854260089684,35.5
20265,1.0,3839,2026-02-27T15:50,SIN_DEMANDA,0,,,,,,,0,0,0,892,4837,1119.8854260089684,35.5
20265,1.0,3840,2026-02-27T16:00,SIN_DEMANDA,0,,,,,,,0,0,0,892,4837,1119.8854260089684,35.5
20265,1.0,3841,2026-02-27T16:10,COMPLETA,1778.356,148.0,148.0,32.0,168.0,1,0.4166666666666667,1,0,1,892,4837,1119.8854260089684,35.5
20265,1.0,3842,2026-02-27T16:20,SIN_DEMANDA,0,,,,,,,0,0,0,893,4841,1119.7455767077265,35.5
20265,1.0,3843,2026-02-27T16:30,SIN_DEMANDA,0,,,,,,,0,0,0,895,4852,1120.4467039106141,35.5
20265,1.0,3844,2026-02-27T16:40,COMPLETA,3324.6733,111.0,111.0,77.0,235.5,1,0.041666666666666664,1,0,1,895,4852,1120.4467039106141,35.5
20265,1.0,3845,2026-02-27T16:50,SIN_DEMANDA,0,,,,,,,0,0,0,896,4856,1121.480245535714,35.5
20265,1.0,3846,2026-02-27T17:00,COMPLETA,2450.8218,1524.5,975.5,80.0,240.0,2,0.08333333333333333,2,0,2,896,4856,1121.480245535714,35.5
20265,1.0,3847,2026-02-27T17:10,SIN_DEMANDA,0,,,,,,,0,0,0,896,4856,1121.480245535714,35.5
20265,1.0,3848,2026-02-27T17:20,COMPLETA,2377.3613,2051.0,2051.0,80.0,312.0,2,0.625,1,0,2,896,4856,1121.480245535714,35.5
20265,1.0,3849,2026-02-27T17:30,SIN_DEMANDA,0,,,,,,,0,0,0,896,4856,1121.480245535714,35.5
20265,1.0,3850,2026-02-27T17:40,COMPLETA,1718.043,2084.0,2084.0,16.0,84.0,1,0.125,1,0,1,897,4866,1120.3949832775916,35.5
20265,1.0,3851,2026-02-27T17:50,COMPLETA,2533.3255,1206.75,341.0,154.0,519.0,3,0.3,2,0,3,897,4866,1120.3949832775916,35.5
20265,1.0,3852,2026-02-27T18:00,SIN_DEMANDA,0,,,,,,,0,0,0,897,4866,1120.3949832775916,35.5
20265,1.0,3853,2026-02-27T18:10,SIN_DEMANDA,0,,,,,,,0,0,0,897,4866,1120.3949832775916,35.5
20265,1.0,3854,2026-02-27T18:20,SIN_DEMANDA,0,,,,,,,0,0,0,898,4868,1121.4563474387523,35.5
20265,1.0,3855,2026-02-27T18:30,COMPLETA,1586.4609,2062.0,2062.0,44.0,126.0,1,0.041666666666666664,1,0,1,898,4868,1121.4563474387523,35.5
20265,1.0,3856,2026-02-27T18:40,SIN_DEMANDA,0,,,,,,,0,0,0,898,4868,1121.4563474387523,35.5
20265,1.0,3857,2026-02-27T18:50,SIN_DEMANDA,0,,,,,,,0,0,0,900,4871,1120.1714444444442,35.5
20265,1.0,3858,2026-02-27T19:00,COMPLETA,2533.6771,798.75,621.0,138.0,387.0,3,0.125,2,0,3,901,4874,1121.2411764705878,35.5
20265,1.0,3859,2026-02-27T19:10,SIN_DEMANDA,0,,,,,,,0,0,0,902,4884,1122.271951219512,35.5
20265,1.0,3860,2026-02-27T19:20,SIN_DEMANDA,0,,,,,,,0,0,0,903,4886,1123.324252491694,35.5
20265,1.0,3861,2026-02-27T19:30,COMPLETA,2163.7694,145.5,145.5,34.0,111.0,1,0.25,1,0,1,903,4886,1123.324252491694,35.5
20265,1.0,3862,2026-02-27T19:40,SIN_DEMANDA,0,,,,,,,0,0,0,903,4886,1123.324252491694,35.5
20265,1.0,3863,2026-02-27T19:50,COMPLETA,2485.5622,2061.5,2061.5,42.0,123.0,1,0.375,1,0,1,903,4886,1123.324252491694,35.5
20265,1.0,3864,2026-02-27T20:00,SIN_DEMANDA,0,,,,,,,0,0,0,903,4886,1123.324252491694,35.5
20265,1.0,3865,2026-02-27T20:10,SIN_DEMANDA,0,,,,,,,0,0,0,905,4897,1123.4970165745854,35.5
20265,1.0,3866,2026-02-27T20:20,SIN_DEMANDA,0,,,,,,,0,0,0,905,4897,1123.4970165745854,35.5
20265,1.0,3867,2026-02-27T20:30,COMPLETA,1264.8728,629.0,629.0,32.0,108.0,1,0.16666666666666666,1,0,1,906,4902,1122.94238410596,35.5
20265,1.0,3868,2026-02-27T20:40,SIN_DEMANDA,0,,,,,,,0,0,0,906,4902,1122.94238410596,35.5
20265,1.0,3869,2026-02-27T20:50,SIN_DEMANDA,0,,,,,,,0,0,0,907,4906,1122.7809261300988,35.5
20265,1.0,3870,2026-02-27T21:00,SIN_DEMANDA,0,,,,,,,0,0,0,908,4912,1121.7046255506605,35.5
20265,1.0,3871,2026-02-27T21:10,SIN_DEMANDA,0,,,,,,,0,0,0,908,4912,1121.7046255506605,35.5
20265,1.0,3872,2026-02-27T21:20,SIN_DEMANDA,0,,,,,,,0,0,0,908,4912,1121.7046255506605,35.5
20265,1.0,3873,2026-02-27T21:30,SIN_DEMANDA,0,,,,,,,0,0,0,909,4921,1122.7385038503846,35.5
20265,1.0,3874,2026-02-27T21:40,SIN_DEMANDA,0,,,,,,,0,0,0,909,4921,1122.7385038503846,35.5
20265,1.0,3875,2026-02-27T21:50,SIN_DEMANDA,0,,,,,,,0,0,0,909,4921,1122.7385038503846,35.5
20265,1.0,3876,2026-02-27T22:00,SIN_DEMANDA,0,,,,,,,0,0,0,910,4925,1122.1959340659337,35.5
20265,1.0,3877,2026-02-27T22:10,SIN_DEMANDA,0,,,,,,,0,0,0,910,4925,1122.1959340659337,35.5
20265,1.0,3878,2026-02-27T22:20,SIN_DEMANDA,0,,,,,,,0,0,0,910,4925,1122.1959340659337,35.5
20265,1.0,3879,2026-02-27T22:30,SIN_DEMANDA,0,,,,,,,0,0,0,910,4925,1122.1959340659337,35.5
20265,1.0,3880,2026-02-27T22:40,SIN_DEMANDA,0,,,,,,,0,0,0,910,4925,1122.1959340659337,35.5
20265,1.0,3881,2026-02-27T22:50,SIN_DEMANDA,0,,,,,,,0,0,0,910,4925,1122.1959340659337,35.5
20265,1.0,3882,2026-02-27T23:00,SIN_DEMANDA,0,,,,,,,0,0,0,910,4925,1122.1959340659337,35.5
20265,1.0,3883,2026-02-27T23:10,SIN_DEMANDA,0,,,,,,,0,0,0,910,4925,1122.1959340659337,35.5
20265,1.0,3884,2026-02-27T23:20,COMPLETA,1507.8864,2080.0,2080.0,24.0,156.0,1,0.041666666666666664,1,0,1,910,4925,1122.1959340659337,35.5
20265,1.0,3885,2026-02-27T23:30,SIN_DEMANDA,0,,,,,,,0,0,0,910,4925,1122.1959340659337,35.5
20265,1.0,3886,2026-02-27T23:40,COMPLETA,2444.4402,265.75,148.5,138.0,567.0,3,0.16666666666666666,2,0,3,910,4925,1122.1959340659337,35.5
20265,1.0,3887,2026-02-27T23:50,SIN_DEMANDA,0,,,,,,,0,0,0,910,4925,1122.1959340659337,35.5
20265,1.0,3888,2026-02-28T00:00,SIN_DEMANDA,0,,,,,,,0,0,0,910,4925,1122.1959340659337,35.5
20265,1.0,3889,2026-02-28T00:10,SIN_DEMANDA,0,,,,,,,0,0,0,910,4925,1122.1959340659337,35.5
20265,1.0,3890,2026-02-28T00:20,COMPLETA,1288.0699,2063.5,2063.5,38.0,177.0,1,0.08333333333333333,1,0,1,910,4925,1122.1959340659337,35.5
20265,1.0,3891,2026-02-28T00:30,SIN_DEMANDA,0,,,,,,,0,0,0,910,4925,1122.1959340659337,35.5
20265,1.0,3892,2026-02-28T00:40,SIN_DEMANDA,0,,,,,,,0,0,0,911,4926,1123.2473106476396,35.5
20265,1.0,3893,2026-02-28T00:50,COMPLETA,1556.2144,2035.8,2035.8,46.0,230.4,1,0.125,1,0,1,911,4926,1123.2473106476396,35.5
20265,1.0,3894,2026-02-28T01:00,SIN_DEMANDA,0,,,,,,,0,0,0,911,4926,1123.2473106476396,35.5
20265,1.0,3895,2026-02-28T01:10,SIN_DEMANDA,0,,,,,,,0,0,0,911,4926,1123.2473106476396,35.5
20265,1.0,3896,2026-02-28T01:20,SIN_DEMANDA,0,,,,,,,0,0,0,913,4938,1121.3688937568452,35.5
20265,1.0,3897,2026-02-28T01:30,SIN_DEMANDA,0,,,,,,,0,0,0,913,4938,1121.3688937568452,35.5
20265,1.0,3898,2026-02-28T01:40,SIN_DEMANDA,0,,,,,,,0,0,0,913,4938,1121.3688937568452,35.5
20265,1.0,3899,2026-02-28T01:50,SIN_DEMANDA,0,,,,,,,0,0,0,914,4940,1122.3996717724285,35.5
20265,1.0,3900,2026-02-28T02:00,COMPLETA,1622.3778,2084.5,2084.5,18.0,87.0,1,0.125,1,0,1,914,4940,1122.3996717724285,35.5
20265,1.0,3901,2026-02-28T02:10,SIN_DEMANDA,0,,,,,,,0,0,0,914,4940,1122.3996717724285,35.5
20265,1.0,3902,2026-02-28T02:20,SIN_DEMANDA,0,,,,,,,0,0,0,914,4940,1122.3996717724285,35.5
20265,1.0,3903,2026-02-28T02:30,SIN_DEMANDA,0,,,,,,,0,0,0,914,4940,1122.3996717724285,35.5
20265,1.0,3904,2026-02-28T02:40,SIN_DEMANDA,0,,,,,,,0,0,0,914,4940,1122.3996717724285,35.5
20265,1.0,3905,2026-02-28T02:50,SIN_DEMANDA,0,,,,,,,0,0,0,915,4941,1123.3979234972676,35.5
20265,1.0,3906,2026-02-28T03:00,SIN_DEMANDA,0,,,,,,,0,0,0,915,4941,1123.3979234972676,35.5
20265,1.0,3907,2026-02-28T03:10,SIN_DEMANDA,0,,,,,,,0,0,0,915,4941,1123.3979234972676,35.5
20265,1.0,3908,2026-02-28T03:20,SIN_DEMANDA,0,,,,,,,0,0,0,916,4944,1124.4471615720522,35.5
20265,1.0,3909,2026-02-28T03:30,SIN_DEMANDA,0,,,,,,,0,0,0,916,4944,1124.4471615720522,35.5
20265,1.0,3910,2026-02-28T03:40,SIN_DEMANDA,0,,,,,,,0,0,0,916,4944,1124.4471615720522,35.5
20265,1.0,3911,2026-02-28T03:50,COMPLETA,2294.454,392.5,392.5,68.0,483.0,2,0.14583333333333334,1,0,2,916,4944,1124.4471615720522,35.5
20265,1.0,3912,2026-02-28T04:00,SIN_DEMANDA,0,,,,,,,0,0,0,916,4944,1124.4471615720522,35.5
20265,1.0,3913,2026-02-28T04:10,SIN_DEMANDA,0,,,,,,,0,0,0,916,4944,1124.4471615720522,35.5
20265,1.0,3914,2026-02-28T04:20,SIN_DEMANDA,0,,,,,,,0,0,0,916,4944,1124.4471615720522,35.5
20265,1.0,3915,2026-02-28T04:30,SIN_DEMANDA,0,,,,,,,0,0,0,916,4944,1124.4471615720522,35.5
20265,1.0,3916,2026-02-28T04:40,COMPLETA,2025.4643,403.5,403.5,44.0,186.0,2,0.125,1,0,2,916,4944,1124.4471615720522,35.5
20265,1.0,3917,2026-02-28T04:50,SIN_DEMANDA,0,,,,,,,0,0,0,916,4944,1124.4471615720522,35.5
20265,1.0,3918,2026-02-28T05:00,SIN_DEMANDA,0,,,,,,,0,0,0,916,4944,1124.4471615720522,35.5
20265,1.0,3919,2026-02-28T05:10,COMPLETA,1542.8841,626.2,626.2,24.0,117.6,1,0.5,1,0,1,916,4944,1124.4471615720522,35.5
20265,1.0,3920,2026-02-28T05:20,SIN_DEMANDA,0,,,,,,,0,0,0,917,4951,1123.6489640130858,35.5
20265,1.0,3921,2026-02-28T05:30,SIN_DEMANDA,0,,,,,,,0,0,0,917,4951,1123.6489640130858,35.5
20265,1.0,3922,2026-02-28T05:40,COMPLETA,1884.9912,292.0,292.0,60.0,210.0,1,0.041666666666666664,1,0,0,917,4951,1123.6489640130858,35.5
20265,1.0,3923,2026-02-28T05:50,COMPLETA,1712.6212,292.0,292.0,60.0,210.0,1,0.041666666666666664,1,0,0,917,4951,1123.6489640130858,35.5
20265,1.0,3924,2026-02-28T06:00,COMPLETA,1244.4695,292.0,292.0,60.0,210.0,1,0.041666666666666664,1,0,0,918,4957,1122.8644880174288,35.5
20265,1.0,3925,2026-02-28T06:10,COMPLETA,1412.2682,292.0,292.0,60.0,210.0,1,0.041666666666666664,1,0,0,918,4957,1122.8644880174288,35.5
20265,1.0,3926,2026-02-28T06:20,COMPLETA,1496.0348,292.0,292.0,60.0,210.0,1,0.041666666666666664,1,0,0,918,4957,1122.8644880174288,35.5
20265,1.0,3927,2026-02-28T06:30,COMPLETA,1742.1315,292.0,292.0,60.0,210.0,1,0.041666666666666664,1,0,0,918,4957,1122.8644880174288,35.5
20265,1.0,3928,2026-02-28T06:40,COMPLETA,1667.3014,292.0,292.0,60.0,210.0,1,0.041666666666666664,1,0,0,919,4961,1122.324047878128,35.5
20265,1.0,3929,2026-02-28T06:50,COMPLETA,1423.0967,292.0,292.0,60.0,210.0,1,0.041666666666666664,1,0,0,919,4961,1122.324047878128,35.5
20265,1.0,3930,2026-02-28T07:00,COMPLETA,1364.5527,292.0,292.0,60.0,210.0,1,0.041666666666666664,1,0,1,919,4961,1122.324047878128,35.5
20265,1.0,3931,2026-02-28T07:10,COMPLETA,2172.6435,627.0,627.0,64.0,336.0,2,0.125,1,0,2,919,4961,1122.324047878128,35.5
20265,1.0,3932,2026-02-28T07:20,SIN_DEMANDA,0,,,,,,,0,0,0,919,4961,1122.324047878128,35.5
20265,1.0,3933,2026-02-28T07:30,COMPLETA,2248.1276,2076.5,2076.5,60.0,330.0,2,0.125,1,0,2,919,4961,1122.324047878128,35.5
20265,1.0,3934,2026-02-28T07:40,SIN_DEMANDA,0,,,,,,,0,0,0,919,4961,1122.324047878128,35.5
20265,1.0,3935,2026-02-28T07:50,COMPLETA,2277.3327,986.5,986.5,72.0,348.0,2,0.20833333333333334,1,0,2,919,4961,1122.324047878128,35.5
20265,1.0,3936,2026-02-28T08:00,COMPLETA,2410.0452,2055.6,2055.6,64.0,393.6,2,0.5,1,0,2,919,4961,1122.324047878128,35.5
20265,1.0,3937,2026-02-28T08:10,SIN_DEMANDA,0,,,,,,,0,0,0,919,4961,1122.324047878128,35.5
20265,1.0,3938,2026-02-28T08:20,SIN_DEMANDA,0,,,,,,,0,0,0,919,4961,1122.324047878128,35.5
20265,1.0,3939,2026-02-28T08:30,COMPLETA,2501.5413,1516.0,985.0,135.0,562.5,3,0.1527777777777778,2,0,3,919,4961,1122.324047878128,35.5
20265,1.0,3940,2026-02-28T08:40,SIN_DEMANDA,0,,,,,,,0,0,0,920,4967,1121.7856521739127,35.5
20265,1.0,3941,2026-02-28T08:50,COMPLETA,2660.328,1476.0,940.6,200.0,960.0,4,0.375,2,0,4,921,4968,1120.8846905537457,35.5
20265,1.0,3942,2026-02-28T09:00,SIN_DEMANDA,0,,,,,,,0,0,0,922,4974,1121.92114967462,35.5
20265,1.0,3943,2026-02-28T09:10,SIN_DEMANDA,0,,,,,,,0,0,0,922,4974,1121.92114967462,35.5
20265,1.0,3944,2026-02-28T09:20,SIN_DEMANDA,0,,,,,,,0,0,0,923,4984,1121.7744312026,35.5
20265,1.0,3945,2026-02-28T09:30,SIN_DEMANDA,0,,,,,,,0,0,0,923,4984,1121.7744312026,35.5
20265,1.0,3946,2026-02-28T09:40,COMPLETA,2549.1883,115.0,115.0,120.0,300.0,2,0.1875,1,0,0,924,4992,1122.7850649350646,35.5
20265,1.0,3947,2026-02-28T09:50,COMPLETA,2256.3816,134.0,115.0,160.0,516.0,4,0.25,2,0,4,924,4992,1122.7850649350646,35.5
20265,1.0,3948,2026-02-28T10:00,SIN_DEMANDA,0,,,,,,,0,0,0,925,5001,1122.6361081081077,35.5
20265,1.0,3949,2026-02-28T10:10,COMPLETA,2702.0112,1208.6,351.0,136.0,508.79999999999995,4,0.20833333333333334,2,0,3,925,5001,1122.6361081081077,35.5
20265,1.0,3950,2026-02-28T10:20,COMPLETA,1527.7489,351.0,351.0,64.0,156.0,1,0.041666666666666664,1,0,0,926,5003,1123.6343412526994,35.5
20265,1.0,3951,2026-02-28T10:30,COMPLETA,2495.9325,244.75,138.5,96.0,264.0,2,0.16666666666666666,2,0,1,926,5003,1123.6343412526994,35.5
20265,1.0,3952,2026-02-28T10:40,COMPLETA,2359.8026,138.5,138.5,64.0,216.0,2,0.14583333333333334,1,0,2,926,5003,1123.6343412526994,35.5
20265,1.0,3953,2026-02-28T10:50,COMPLETA,1552.4955,2058.5,2058.5,47.0,130.5,1,0.08333333333333333,1,0,1,926,5003,1123.6343412526994,35.5
20265,1.0,3954,2026-02-28T11:00,SIN_DEMANDA,0,,,,,,,0,0,0,926,5003,1123.6343412526994,35.5
20265,1.0,3955,2026-02-28T11:10,COMPLETA,2529.0439,2054.0,2054.0,56.0,144.0,1,0.25,1,0,1,927,5010,1123.436893203883,35.5
20265,1.0,3956,2026-02-28T11:20,SIN_DEMANDA,0,,,,,,,0,0,0,929,5022,1123.3481162540363,35.5
20265,1.0,3957,2026-02-28T11:30,COMPLETA,1394.2198,2078.2,2078.2,14.0,93.6,1,0.125,1,0,1,929,5022,1123.3481162540363,35.5
20265,1.0,3958,2026-02-28T11:40,SIN_DEMANDA,0,,,,,,,0,0,0,930,5031,1124.3619354838706,35.5
20265,1.0,3959,2026-02-28T11:50,SIN_DEMANDA,0,,,,,,,0,0,0,931,5040,1123.277765843179,35.5
20265,1.0,3960,2026-02-28T12:00,SIN_DEMANDA,0,,,,,,,0,0,0,931,5040,1123.277765843179,35.5
20265,1.0,3961,2026-02-28T12:10,SIN_DEMANDA,0,,,,,,,0,0,0,932,5047,1122.2211373390553,35.5
20265,1.0,3962,2026-02-28T12:20,SIN_DEMANDA,0,,,,,,,0,0,0,933,5048,1121.3945337620576,35.5
20265,1.0,3963,2026-02-28T12:30,SIN_DEMANDA,0,,,,,,,0,0,0,934,5050,1122.3978586723765,35.5
20265,1.0,3964,2026-02-28T12:40,SIN_DEMANDA,0,,,,,,,0,0,0,934,5050,1122.3978586723765,35.5
20265,1.0,3965,2026-02-28T12:50,COMPLETA,1515.7124,2070.5,2070.5,30.0,105.0,1,0.16666666666666666,1,0,1,935,5051,1123.4201069518713,35.5
20265,1.0,3966,2026-02-28T13:00,COMPLETA,2327.429,2073.5,2073.5,68.0,222.0,2,0.1875,1,0,2,936,5057,1124.414316239316,35.5
20265,1.0,3967,2026-02-28T13:10,SIN_DEMANDA,0,,,,,,,0,0,0,936,5057,1124.414316239316,35.5
20265,1.0,3968,2026-02-28T13:20,COMPLETA,1330.9641,398.5,398.5,18.0,87.0,1,0.125,1,0,1,936,5057,1124.414316239316,35.5
20265,1.0,3969,2026-02-28T13:30,SIN_DEMANDA,0,,,,,,,0,0,0,936,5057,1124.414316239316,35.5
20265,1.0,3970,2026-02-28T13:40,SIN_DEMANDA,0,,,,,,,0,0,0,936,5057,1124.414316239316,35.5
20265,1.0,3971,2026-02-28T13:50,SIN_DEMANDA,0,,,,,,,0,0,0,936,5057,1124.414316239316,35.5
20265,1.0,3972,2026-02-28T14:00,SIN_DEMANDA,0,,,,,,,0,0,0,936,5057,1124.414316239316,35.5
20265,1.0,3973,2026-02-28T14:10,SIN_DEMANDA,0,,,,,,,0,0,0,936,5057,1124.414316239316,35.5
20265,1.0,3974,2026-02-28T14:20,SIN_DEMANDA,0,,,,,,,0,0,0,937,5061,1125.4240128068298,35.5
20265,1.0,3975,2026-02-28T14:30,COMPLETA,2211.5189,2050.0,2050.0,40.0,300.0,2,0.20833333333333334,1,0,0,938,5070,1126.434754797441,35.5
20265,1.0,3976,2026-02-28T14:40,COMPLETA,2258.7375,2050.0,2050.0,40.0,300.0,2,0.20833333333333334,1,0,0,939,5073,1125.6595314164,35.5
20265,1.0,3977,2026-02-28T14:50,COMPLETA,2281.7159,2046.0,2042.0,96.0,504.0,3,0.1527777777777778,2,0,0,939,5073,1125.6595314164,35.5
20265,1.0,3978,2026-02-28T15:00,COMPLETA,2115.0638,2046.0,2042.0,96.0,504.0,3,0.1527777777777778,2,0,3,939,5073,1125.6595314164,35.5
20265,1.0,3979,2026-02-28T15:10,SIN_DEMANDA,0,,,,,,,0,0,0,939,5073,1125.6595314164,35.5
20265,1.0,3980,2026-02-28T15:20,SIN_DEMANDA,0,,,,,,,0,0,0,939,5073,1125.6595314164,35.5
20265,1.0,3981,2026-02-28T15:30,SIN_DEMANDA,0,,,,,,,0,0,0,939,5073,1125.6595314164,35.5
20265,1.0,3982,2026-02-28T15:40,COMPLETA,1633.9806,151.5,151.5,26.0,159.0,1,0.08333333333333333,1,0,1,939,5073,1125.6595314164,35.5
20265,1.0,3983,2026-02-28T15:50,COMPLETA,2479.5926,613.0,613.0,56.0,204.0,1,0.2916666666666667,1,0,1,939,5073,1125.6595314164,35.5
20265,1.0,3984,2026-02-28T16:00,SIN_DEMANDA,0,,,,,,,0,0,0,939,5073,1125.6595314164,35.5
20265,1.0,3985,2026-02-28T16:10,SIN_DEMANDA,0,,,,,,,0,0,0,939,5073,1125.6595314164,35.5
20265,1.0,3986,2026-02-28T16:20,SIN_DEMANDA,0,,,,,,,0,0,0,940,5083,1126.6428723404251,35.5
20265,1.0,3987,2026-02-28T16:30,COMPLETA,2319.8316,1005.5,1005.5,18.0,147.0,1,0.2916666666666667,1,0,1,940,5083,1126.6428723404251,35.5
20265,1.0,3988,2026-02-28T16:40,SIN_DEMANDA,0,,,,,,,0,0,0,940,5083,1126.6428723404251,35.5
20265,1.0,3989,2026-02-28T16:50,SIN_DEMANDA,0,,,,,,,0,0,0,941,5084,1127.6156216790644,35.5
20265,1.0,3990,2026-02-28T17:00,COMPLETA,1529.3772,386.0,386.0,40.0,120.0,1,0.125,1,0,1,942,5086,1126.5794055201693,35.5
20265,1.0,3991,2026-02-28T17:10,SIN_DEMANDA,0,,,,,,,0,0,0,942,5086,1126.5794055201693,35.5
20265,1.0,3992,2026-02-28T17:20,SIN_DEMANDA,0,,,,,,,0,0,0,942,5086,1126.5794055201693,35.5
20265,1.0,3993,2026-02-28T17:30,SIN_DEMANDA,0,,,,,,,0,0,0,942,5086,1126.5794055201693,35.5
20265,1.0,3994,2026-02-28T17:40,COMPLETA,1392.5046,2053.2,2053.2,34.0,141.6,1,0.375,1,0,1,943,5093,1126.0347826086952,35.5
20265,1.0,3995,2026-02-28T17:50,SIN_DEMANDA,0,,,,,,,0,0,0,944,5100,1125.9070974576266,35.5
20265,1.0,3996,2026-02-28T18:00,COMPLETA,2256.1202,2033.5,2033.5,146.0,339.0,2,0.20833333333333334,1,0,2,944,5100,1125.9070974576266,35.5
20265,1.0,3997,2026-02-28T18:10,SIN_DEMANDA,0,,,,,,,0,0,0,944,5100,1125.9070974576266,35.5
20265,1.0,3998,2026-02-28T18:20,SIN_DEMANDA,0,,,,,,,0,0,0,944,5100,1125.9070974576266,35.5
20265,1.0,3999,2026-02-28T18:30,SIN_DEMANDA,0,,,,,,,0,0,0,945,5103,1125.1241269841266,35.5
20265,1.0,4000,2026-02-28T18:40,SIN_DEMANDA,0,,,,,,,0,0,0,945,5103,1125.1241269841266,35.5
20265,1.0,4001,2026-02-28T18:50,SIN_DEMANDA,0,,,,,,,0,0,0,945,5103,1125.1241269841266,35.5
20265,1.0,4002,2026-02-28T19:00,SIN_DEMANDA,0,,,,,,,0,0,0,945,5103,1125.1241269841266,35.5
20265,1.0,4003,2026-02-28T19:10,SIN_DEMANDA,0,,,,,,,0,0,0,945,5103,1125.1241269841266,35.5
20265,1.0,4004,2026-02-28T19:20,SIN_DEMANDA,0,,,,,,,0,0,0,945,5103,1125.1241269841266,35.5
20265,1.0,4005,2026-02-28T19:30,SIN_DEMANDA,0,,,,,,,0,0,0,946,5106,1126.1051797040163,35.5
20265,1.0,4006,2026-02-28T19:40,COMPLETA,2527.4659,2077.0,2077.0,28.0,102.0,1,0.375,1,0,1,946,5106,1126.1051797040163,35.5
20265,1.0,4007,2026-02-28T19:50,SIN_DEMANDA,0,,,,,,,0,0,0,946,5106,1126.1051797040163,35.5
20265,1.0,4008,2026-02-28T20:00,SIN_DEMANDA,0,,,,,,,0,0,0,946,5106,1126.1051797040163,35.5
20265,1.0,4009,2026-02-28T20:10,COMPLETA,2215.788,2078.0,2078.0,48.0,192.0,2,0.1875,1,0,2,947,5116,1127.0633579725443,35.5
20265,1.0,4010,2026-02-28T20:20,COMPLETA,2531.8644,627.8,619.8,68.0,343.20000000000005,3,0.4583333333333333,2,0,3,947,5116,1127.0633579725443,35.5
20265,1.0,4011,2026-02-28T20:30,SIN_DEMANDA,0,,,,,,,0,0,0,947,5116,1127.0633579725443,35.5
20265,1.0,4012,2026-02-28T20:40,SIN_DEMANDA,0,,,,,,,0,0,0,947,5116,1127.0633579725443,35.5
20265,1.0,4013,2026-02-28T20:50,SIN_DEMANDA,0,,,,,,,0,0,0,947,5116,1127.0633579725443,35.5
20265,1.0,4014,2026-02-28T21:00,SIN_DEMANDA,0,,,,,,,0,0,0,947,5116,1127.0633579725443,35.5
20265,1.0,4015,2026-02-28T21:10,SIN_DEMANDA,0,,,,,,,0,0,0,948,5125,1128.0654008438814,35.5
20265,1.0,4016,2026-02-28T21:20,SIN_DEMANDA,0,,,,,,,0,0,0,948,5125,1128.0654008438814,35.5
20265,1.0,4017,2026-02-28T21:30,COMPLETA,1586.4538,529.5,529.5,54.0,201.0,1,0.041666666666666664,1,0,0,949,5134,1129.0663856691249,35.5
20265,1.0,4018,2026-02-28T21:40,COMPLETA,1594.1731,529.5,529.5,54.0,201.0,1,0.041666666666666664,1,0,0,950,5138,1128.5471578947363,35.5
20265,1.0,4019,2026-02-28T21:50,COMPLETA,1472.3799,529.5,529.5,54.0,201.0,1,0.041666666666666664,1,0,0,950,5138,1128.5471578947363,35.5
20265,1.0,4020,2026-02-28T22:00,COMPLETA,1736.4175,529.5,529.5,54.0,201.0,1,0.041666666666666664,1,0,0,951,5145,1128.0121976866453,35.5
20265,1.0,4021,2026-02-28T22:10,COMPLETA,1610.0287,529.5,529.5,54.0,201.0,1,0.041666666666666664,1,0,0,951,5145,1128.0121976866453,35.5
20265,1.0,4022,2026-02-28T22:20,COMPLETA,1325.0452,529.5,529.5,54.0,201.0,1,0.041666666666666664,1,0,0,951,5145,1128.0121976866453,35.5
20265,1.0,4023,2026-02-28T22:30,COMPLETA,1561.9387,529.5,529.5,54.0,201.0,1,0.041666666666666664,1,0,0,951,5145,1128.0121976866453,35.5
20265,1.0,4024,2026-02-28T22:40,COMPLETA,2454.5126,451.25,373.0,90.0,375.0,2,0.0625,2,0,0,951,5145,1128.0121976866453,35.5
20265,1.0,4025,2026-02-28T22:50,COMPLETA,2782.9732,451.25,373.0,90.0,375.0,2,0.0625,2,0,0,951,5145,1128.0121976866453,35.5
20265,1.0,4026,2026-02-28T23:00,COMPLETA,2568.3936,451.25,373.0,90.0,375.0,2,0.0625,2,0,2,951,5145,1128.0121976866453,35.5
20265,1.0,4027,2026-02-28T23:10,SIN_DEMANDA,0,,,,,,,0,0,0,951,5145,1128.0121976866453,35.5
20265,1.0,4028,2026-02-28T23:20,SIN_DEMANDA,0,,,,,,,0,0,0,951,5145,1128.0121976866453,35.5
20265,1.0,4029,2026-02-28T23:30,SIN_DEMANDA,0,,,,,,,0,0,0,951,5145,1128.0121976866453,35.5
20265,1.0,4030,2026-02-28T23:40,SIN_DEMANDA,0,,,,,,,0,0,0,951,5145,1128.0121976866453,35.5
20265,1.0,4031,2026-02-28T23:50,SIN_DEMANDA,0,,,,,,,0,0,0,951,5145,1128.0121976866453,35.5
20265,1.0,4032,2026-03-01T00:00,SIN_DEMANDA,0,,,,,,,0,0,0,951,5145,1128.0121976866453,35.5
20265,1.0,4033,2026-03-01T00:10,SIN_DEMANDA,0,,,,,,,0,0,0,951,5145,1128.0121976866453,35.5
20265,1.0,4034,2026-03-01T00:20,SIN_DEMANDA,0,,,,,,,0,0,0,951,5145,1128.0121976866453,35.5
20265,1.0,4035,2026-03-01T00:30,SIN_DEMANDA,0,,,,,,,0,0,0,952,5147,1127.2191176470585,35.5
20265,1.0,4036,2026-03-01T00:40,SIN_DEMANDA,0,,,,,,,0,0,0,952,5147,1127.2191176470585,35.5
20265,1.0,4037,2026-03-01T00:50,SIN_DEMANDA,0,,,,,,,0,0,0,953,5148,1126.591920251836,35.5
20265,1.0,4038,2026-03-01T01:00,COMPLETA,2337.3722,993.5,993.5,68.0,222.0,2,0.1875,1,0,2,953,5148,1126.591920251836,35.5
20265,1.0,4039,2026-03-01T01:10,SIN_DEMANDA,0,,,,,,,0,0,0,953,5148,1126.591920251836,35.5
20265,1.0,4040,2026-03-01T01:20,SIN_DEMANDA,0,,,,,,,0,0,0,953,5148,1126.591920251836,35.5
20265,1.0,4041,2026-03-01T01:30,SIN_DEMANDA,0,,,,,,,0,0,0,953,5148,1126.591920251836,35.5
20265,1.0,4042,2026-03-01T01:40,SIN_DEMANDA,0,,,,,,,0,0,0,953,5148,1126.591920251836,35.5
20265,1.0,4043,2026-03-01T01:50,SIN_DEMANDA,0,,,,,,,0,0,0,953,5148,1126.591920251836,35.5
20265,1.0,4044,2026-03-01T02:00,SIN_DEMANDA,0,,,,,,,0,0,0,953,5148,1126.591920251836,35.5
20265,1.0,4045,2026-03-01T02:10,COMPLETA,2368.1297,2034.0,2034.0,134.0,321.0,2,0.14583333333333334,1,0,2,953,5148,1126.591920251836,35.5
20265,1.0,4046,2026-03-01T02:20,SIN_DEMANDA,0,,,,,,,0,0,0,953,5148,1126.591920251836,35.5
20265,1.0,4047,2026-03-01T02:30,SIN_DEMANDA,0,,,,,,,0,0,0,954,5157,1126.4524109014671,35.5
20265,1.0,4048,2026-03-01T02:40,SIN_DEMANDA,0,,,,,,,0,0,0,954,5157,1126.4524109014671,35.5
20265,1.0,4049,2026-03-01T02:50,SIN_DEMANDA,0,,,,,,,0,0,0,954,5157,1126.4524109014671,35.5
20265,1.0,4050,2026-03-01T03:00,SIN_DEMANDA,0,,,,,,,0,0,0,954,5157,1126.4524109014671,35.5
20265,1.0,4051,2026-03-01T03:10,SIN_DEMANDA,0,,,,,,,0,0,0,954,5157,1126.4524109014671,35.5
20265,1.0,4052,2026-03-01T03:20,SIN_DEMANDA,0,,,,,,,0,0,0,954,5157,1126.4524109014671,35.5
20265,1.0,4053,2026-03-01T03:30,SIN_DEMANDA,0,,,,,,,0,0,0,954,5157,1126.4524109014671,35.5
20265,1.0,4054,2026-03-01T03:40,SIN_DEMANDA,0,,,,,,,0,0,0,954,5157,1126.4524109014671,35.5
20265,1.0,4055,2026-03-01T03:50,SIN_DEMANDA,0,,,,,,,0,0,0,954,5157,1126.4524109014671,35.5
20265,1.0,4056,2026-03-01T04:00,COMPLETA,2488.0405,2062.5,2062.5,92.0,258.0,2,0.14583333333333334,1,0,2,954,5157,1126.4524109014671,35.5
20265,1.0,4057,2026-03-01T04:10,COMPLETA,2577.8215,790.25,612.5,118.0,297.0,2,0.125,2,0,2,955,5164,1127.4027225130885,35.5
20265,1.0,4058,2026-03-01T04:20,SIN_DEMANDA,0,,,,,,,0,0,0,955,5164,1127.4027225130885,35.5
20265,1.0,4059,2026-03-01T04:30,COMPLETA,2257.2477,401.0,401.0,20.0,90.0,1,0.4166666666666667,1,0,1,955,5164,1127.4027225130885,35.5
20265,1.0,4060,2026-03-01T04:40,SIN_DEMANDA,0,,,,,,,0,0,0,955,5164,1127.4027225130885,35.5
20265,1.0,4061,2026-03-01T04:50,COMPLETA,2537.4217,987.5,987.5,42.0,123.0,1,0.25,1,0,1,955,5164,1127.4027225130885,35.5
20265,1.0,4062,2026-03-01T05:00,SIN_DEMANDA,0,,,,,,,0,0,0,955,5164,1127.4027225130885,35.5
20265,1.0,4063,2026-03-01T05:10,SIN_DEMANDA,0,,,,,,,0,0,0,955,5164,1127.4027225130885,35.5
20265,1.0,4064,2026-03-01T05:20,SIN_DEMANDA,0,,,,,,,0,0,0,955,5164,1127.4027225130885,35.5
20265,1.0,4065,2026-03-01T05:30,COMPLETA,2474.7897,999.5,999.5,26.0,99.0,1,0.375,1,0,1,955,5164,1127.4027225130885,35.5
20265,1.0,4066,2026-03-01T05:40,SIN_DEMANDA,0,,,,,,,0,0,0,956,5171,1128.3808577405855,35.5
20265,1.0,4067,2026-03-01T05:50,SIN_DEMANDA,0,,,,,,,0,0,0,957,5181,1127.62079414838,35.5
20265,1.0,4068,2026-03-01T06:00,SIN_DEMANDA,0,,,,,,,0,0,0,959,5187,1126.9172054223145,35.5
20265,1.0,4069,2026-03-01T06:10,SIN_DEMANDA,0,,,,,,,0,0,0,959,5187,1126.9172054223145,35.5
20265,1.0,4070,2026-03-01T06:20,SIN_DEMANDA,0,,,,,,,0,0,0,959,5187,1126.9172054223145,35.5
20265,1.0,4071,2026-03-01T06:30,COMPLETA,2087.7824,2034.5,2034.5,42.0,183.0,1,0.2916666666666667,1,0,0,960,5193,1126.7719791666664,35.5
20265,1.0,4072,2026-03-01T06:40,COMPLETA,2337.8593,2034.5,2034.5,42.0,183.0,1,0.2916666666666667,1,0,0,960,5193,1126.7719791666664,35.5
20265,1.0,4073,2026-03-01T06:50,COMPLETA,2752.4675,1515.0,995.5,56.0,324.0,2,0.1875,2,0,0,961,5202,1126.6395421436,35.5
20265,1.0,4074,2026-03-01T07:00,COMPLETA,2692.7082,1515.0,995.5,56.0,324.0,2,0.1875,2,0,2,961,5202,1126.6395421436,35.5
20265,1.0,4075,2026-03-01T07:10,SIN_DEMANDA,0,,,,,,,0,0,0,961,5202,1126.6395421436,35.5
20265,1.0,4076,2026-03-01T07:20,COMPLETA,2360.0168,2082.5,2082.5,44.0,306.0,2,0.125,1,0,2,961,5202,1126.6395421436,35.5
20265,1.0,4077,2026-03-01T07:30,SIN_DEMANDA,0,,,,,,,0,0,0,961,5202,1126.6395421436,35.5
20265,1.0,4078,2026-03-01T07:40,SIN_DEMANDA,0,,,,,,,0,0,0,961,5202,1126.6395421436,35.5
20265,1.0,4079,2026-03-01T07:50,SIN_DEMANDA,0,,,,,,,0,0,0,961,5202,1126.6395421436,35.5
20265,1.0,4080,2026-03-01T08:00,SIN_DEMANDA,0,,,,,,,0,0,0,961,5202,1126.6395421436,35.5
20265,1.0,4081,2026-03-01T08:10,SIN_DEMANDA,0,,,,,,,0,0,0,961,5202,1126.6395421436,35.5
20265,1.0,4082,2026-03-01T08:20,SIN_DEMANDA,0,,,,,,,0,0,0,962,5204,1126.5032224532222,35.5
20265,1.0,4083,2026-03-01T08:30,SIN_DEMANDA,0,,,,,,,0,0,0,962,5204,1126.5032224532222,35.5
20265,1.0,4084,2026-03-01T08:40,SIN_DEMANDA,0,,,,,,,0,0,0,964,5217,1128.4368257261408,35.5
20265,1.0,4085,2026-03-01T08:50,SIN_DEMANDA,0,,,,,,,0,0,0,964,5217,1128.4368257261408,35.5
20265,1.0,4086,2026-03-01T09:00,SIN_DEMANDA,0,,,,,,,0,0,0,964,5217,1128.4368257261408,35.5
20265,1.0,4087,2026-03-01T09:10,SIN_DEMANDA,0,,,,,,,0,0,0,964,5217,1128.4368257261408,35.5
20265,1.0,4088,2026-03-01T09:20,SIN_DEMANDA,0,,,,,,,0,0,0,964,5217,1128.4368257261408,35.5
20265,1.0,4089,2026-03-01T09:30,SIN_DEMANDA,0,,,,,,,0,0,0,964,5217,1128.4368257261408,35.5
20265,1.0,4090,2026-03-01T09:40,SIN_DEMANDA,0,,,,,,,0,0,0,964,5217,1128.4368257261408,35.5
20265,1.0,4091,2026-03-01T09:50,COMPLETA,2402.9538,140.0,140.0,52.0,138.0,1,0.20833333333333334,1,0,1,964,5217,1128.4368257261408,35.5
20265,1.0,4092,2026-03-01T10:00,SIN_DEMANDA,0,,,,,,,0,0,0,964,5217,1128.4368257261408,35.5
20265,1.0,4093,2026-03-01T10:10,SIN_DEMANDA,0,,,,,,,0,0,0,964,5217,1128.4368257261408,35.5
20265,1.0,4094,2026-03-01T10:20,SIN_DEMANDA,0,,,,,,,0,0,0,964,5217,1128.4368257261408,35.5
20265,1.0,4095,2026-03-01T10:30,SIN_DEMANDA,0,,,,,,,0,0,0,964,5217,1128.4368257261408,35.5
20265,1.0,4096,2026-03-01T10:40,SIN_DEMANDA,0,,,,,,,0,0,0,964,5217,1128.4368257261408,35.5
20265,1.0,4097,2026-03-01T10:50,SIN_DEMANDA,0,,,,,,,0,0,0,964,5217,1128.4368257261408,35.5
20265,1.0,4098,2026-03-01T11:00,SIN_DEMANDA,0,,,,,,,0,0,0,964,5217,1128.4368257261408,35.5
20265,1.0,4099,2026-03-01T11:10,SIN_DEMANDA,0,,,,,,,0,0,0,964,5217,1128.4368257261408,35.5
20265,1.0,4100,2026-03-01T11:20,SIN_DEMANDA,0,,,,,,,0,0,0,964,5217,1128.4368257261408,35.5
20265,1.0,4101,2026-03-01T11:30,SIN_DEMANDA,0,,,,,,,0,0,0,965,5222,1127.4125388601033,35.5
20265,1.0,4102,2026-03-01T11:40,COMPLETA,2367.2036,159.0,159.0,24.0,96.0,1,0.25,1,0,1,965,5222,1127.4125388601033,35.5
20265,1.0,4103,2026-03-01T11:50,SIN_DEMANDA,0,,,,,,,0,0,0,965,5222,1127.4125388601033,35.5
20265,1.0,4104,2026-03-01T12:00,SIN_DEMANDA,0,,,,,,,0,0,0,965,5222,1127.4125388601033,35.5
20265,1.0,4105,2026-03-01T12:10,COMPLETA,2309.5849,144.0,144.0,60.0,264.0,2,0.375,1,0,2,965,5222,1127.4125388601033,35.5
20265,1.0,4106,2026-03-01T12:20,SIN_DEMANDA,0,,,,,,,0,0,0,965,5222,1127.4125388601033,35.5
20265,1.0,4107,2026-03-01T12:30,SIN_DEMANDA,0,,,,,,,0,0,0,965,5222,1127.4125388601033,35.5
20265,1.0,4108,2026-03-01T12:40,SIN_DEMANDA,0,,,,,,,0,0,0,965,5222,1127.4125388601033,35.5
20265,1.0,4109,2026-03-01T12:50,SIN_DEMANDA,0,,,,,,,0,0,0,965,5222,1127.4125388601033,35.5
20265,1.0,4110,2026-03-01T13:00,SIN_DEMANDA,0,,,,,,,0,0,0,966,5228,1126.410041407867,35.5
20265,1.0,4111,2026-03-01T13:10,COMPLETA,2402.7812,2057.0,2057.0,96.0,264.0,2,0.20833333333333334,1,0,2,966,5228,1126.410041407867,35.5
20265,1.0,4112,2026-03-01T13:20,SIN_DEMANDA,0,,,,,,,0,0,0,966,5228,1126.410041407867,35.5
20265,1.0,4113,2026-03-01T13:30,SIN_DEMANDA,0,,,,,,,0,0,0,966,5228,1126.410041407867,35.5
20265,1.0,4114,2026-03-01T13:40,SIN_DEMANDA,0,,,,,,,0,0,0,966,5228,1126.410041407867,35.5
20265,1.0,4115,2026-03-01T13:50,COMPLETA,2524.8725,547.0,547.0,48.0,192.0,1,0.2916666666666667,1,0,0,967,5234,1125.3941054808683,35.5
20265,1.0,4116,2026-03-01T14:00,COMPLETA,2599.9073,547.0,547.0,48.0,192.0,1,0.2916666666666667,1,0,0,967,5234,1125.3941054808683,35.5
20265,1.0,4117,2026-03-01T14:10,COMPLETA,2736.7756,315.75,84.5,106.0,399.0,2,0.3333333333333333,2,0,0,967,5234,1125.3941054808683,35.5
20265,1.0,4118,2026-03-01T14:20,COMPLETA,2796.2716,315.75,84.5,106.0,399.0,2,0.3333333333333333,2,0,0,967,5234,1125.3941054808683,35.5
20265,1.0,4119,2026-03-01T14:30,COMPLETA,2902.7254,315.75,84.5,106.0,399.0,2,0.3333333333333333,2,0,0,967,5234,1125.3941054808683,35.5
20265,1.0,4120,2026-03-01T14:40,COMPLETA,3281.9308,550.425,84.5,228.0,963.6,5,0.25961538461538464,4,0,0,967,5234,1125.3941054808683,35.5
20265,1.0,4121,2026-03-01T14:50,COMPLETA,3353.6649,550.425,84.5,228.0,963.6,5,0.25961538461538464,4,0,0,968,5244,1126.3565082644625,35.5
20265,1.0,4122,2026-03-01T15:00,COMPLETA,3621.6112,550.425,84.5,228.0,963.6,5,0.25961538461538464,4,0,5,968,5244,1126.3565082644625,35.5
20265,1.0,4123,2026-03-01T15:10,SIN_DEMANDA,0,,,,,,,0,0,0,968,5244,1126.3565082644625,35.5
20265,1.0,4124,2026-03-01T15:20,SIN_DEMANDA,0,,,,,,,0,0,0,968,5244,1126.3565082644625,35.5
20265,1.0,4125,2026-03-01T15:30,COMPLETA,2707.5522,2061.4,2061.4,56.0,374.4,2,0.5,1,0,2,968,5244,1126.3565082644625,35.5
20265,1.0,4126,2026-03-01T15:40,SIN_DEMANDA,0,,,,,,,0,0,0,968,5244,1126.3565082644625,35.5
20265,1.0,4127,2026-03-01T15:50,SIN_DEMANDA,0,,,,,,,0,0,0,968,5244,1126.3565082644625,35.5
20265,1.0,4128,2026-03-01T16:00,COMPLETA,2294.2134,396.0,396.0,20.0,150.0,1,0.20833333333333334,1,0,1,968,5244,1126.3565082644625,35.5
20265,1.0,4129,2026-03-01T16:10,SIN_DEMANDA,0,,,,,,,0,0,0,968,5244,1126.3565082644625,35.5
20265,1.0,4130,2026-03-01T16:20,SIN_DEMANDA,0,,,,,,,0,0,0,968,5244,1126.3565082644625,35.5
20265,1.0,4131,2026-03-01T16:30,COMPLETA,2991.295,652.8333333333334,371.5,155.0,592.5,3,0.2638888888888889,3,0,3,970,5255,1125.6528865979378,35.5
20265,1.0,4132,2026-03-01T16:40,COMPLETA,1621.6187,144.5,144.5,46.0,189.0,1,0.125,1,0,1,971,5262,1125.056951596292,35.5
20265,1.0,4133,2026-03-01T16:50,SIN_DEMANDA,0,,,,,,,0,0,0,972,5271,1123.986419753086,35.5
20265,1.0,4134,2026-03-01T17:00,SIN_DEMANDA,0,,,,,,,0,0,0,972,5271,1123.986419753086,35.5
20265,1.0,4135,2026-03-01T17:10,SIN_DEMANDA,0,,,,,,,0,0,0,973,5279,1124.9498458376152,35.5
20265,1.0,4136,2026-03-01T17:20,SIN_DEMANDA,0,,,,,,,0,0,0,974,5284,1124.2014373716627,35.5
20265,1.0,4137,2026-03-01T17:30,COMPLETA,2264.2796,2083.5,2083.5,14.0,81.0,1,0.375,1,0,1,974,5284,1124.2014373716627,35.5
20265,1.0,4138,2026-03-01T17:40,SIN_DEMANDA,0,,,,,,,0,0,0,974,5284,1124.2014373716627,35.5
20265,1.0,4139,2026-03-01T17:50,SIN_DEMANDA,0,,,,,,,0,0,0,974,5284,1124.2014373716627,35.5
20265,1.0,4140,2026-03-01T18:00,COMPLETA,1633.1909,939.0,939.0,68.0,162.0,1,0.16666666666666666,1,0,0,974,5284,1124.2014373716627,35.5
20265,1.0,4141,2026-03-01T18:10,COMPLETA,2043.4804,660.5,382.0,107.0,280.5,2,0.25,2,0,1,974,5284,1124.2014373716627,35.5
20265,1.0,4142,2026-03-01T18:20,COMPLETA,1585.6885,939.0,939.0,68.0,162.0,1,0.16666666666666666,1,0,1,978,5306,1121.7537832310834,35.5
20265,1.0,4143,2026-03-01T18:30,COMPLETA,1579.9388,2045.5,2045.5,65.0,157.5,1,0.041666666666666664,1,0,1,978,5306,1121.7537832310834,35.5
20265,1.0,4144,2026-03-01T18:40,SIN_DEMANDA,0,,,,,,,0,0,0,978,5306,1121.7537832310834,35.5
20265,1.0,4145,2026-03-01T18:50,SIN_DEMANDA,0,,,,,,,0,0,0,979,5315,1122.7361593462713,35.5
20265,1.0,4146,2026-03-01T19:00,SIN_DEMANDA,0,,,,,,,0,0,0,979,5315,1122.7361593462713,35.5
20265,1.0,4147,2026-03-01T19:10,SIN_DEMANDA,0,,,,,,,0,0,0,979,5315,1122.7361593462713,35.5
20265,1.0,4148,2026-03-01T19:20,SIN_DEMANDA,0,,,,,,,0,0,0,979,5315,1122.7361593462713,35.5
20265,1.0,4149,2026-03-01T19:30,SIN_DEMANDA,0,,,,,,,0,0,0,979,5315,1122.7361593462713,35.5
20265,1.0,4150,2026-03-01T19:40,COMPLETA,2445.5722,2053.5,2053.5,116.0,294.0,2,0.125,1,0,2,980,5323,1121.9803061224484,35.5
20265,1.0,4151,2026-03-01T19:50,COMPLETA,2111.8082,375.0,375.0,48.0,132.0,1,0.20833333333333334,1,0,1,980,5323,1121.9803061224484,35.5
20265,1.0,4152,2026-03-01T20:00,SIN_DEMANDA,0,,,,,,,0,0,0,980,5323,1121.9803061224484,35.5
20265,1.0,4153,2026-03-01T20:10,SIN_DEMANDA,0,,,,,,,0,0,0,980,5323,1121.9803061224484,35.5
20265,1.0,4154,2026-03-01T20:20,SIN_DEMANDA,0,,,,,,,0,0,0,981,5327,1121.7937818552493,35.5
20265,1.0,4155,2026-03-01T20:30,COMPLETA,2058.5021,2067.5,2067.5,76.0,234.0,2,0.1875,1,0,2,982,5328,1122.7344195519343,35.5
20265,1.0,4156,2026-03-01T20:40,COMPLETA,2088.3908,582.6,582.6,124.0,417.6,2,0.4375,1,0,2,982,5328,1122.7344195519343,35.5
20265,1.0,4157,2026-03-01T20:50,SIN_DEMANDA,0,,,,,,,0,0,0,982,5328,1122.7344195519343,35.5
20265,1.0,4158,2026-03-01T21:00,SIN_DEMANDA,0,,,,,,,0,0,0,982,5328,1122.7344195519343,35.5
20265,1.0,4159,2026-03-01T21:10,SIN_DEMANDA,0,,,,,,,0,0,0,982,5328,1122.7344195519343,35.5
20265,1.0,4160,2026-03-01T21:20,SIN_DEMANDA,0,,,,,,,0,0,0,982,5328,1122.7344195519343,35.5
20265,1.0,4161,2026-03-01T21:30,SIN_DEMANDA,0,,,,,,,0,0,0,984,5339,1122.9204268292679,35.5
20265,1.0,4162,2026-03-01T21:40,COMPLETA,2162.0406,1988.5,1988.5,60.0,330.0,2,0.1875,1,0,0,984,5339,1122.9204268292679,35.5
20265,1.0,4163,2026-03-01T21:50,COMPLETA,2090.7461,1988.5,1988.5,60.0,330.0,2,0.1875,1,0,0,984,5339,1122.9204268292679,35.5
20265,1.0,4164,2026-03-01T22:00,COMPLETA,2200.0573,1988.5,1988.5,60.0,330.0,2,0.1875,1,0,0,985,5348,1123.8793908629436,35.5
20265,1.0,4165,2026-03-01T22:10,COMPLETA,2313.0605,1988.5,1988.5,130.0,555.0,3,0.20833333333333334,2,0,0,985,5348,1123.8793908629436,35.5
20265,1.0,4166,2026-03-01T22:20,COMPLETA,2670.1642,1988.5,1988.5,130.0,555.0,3,0.20833333333333334,2,0,0,985,5348,1123.8793908629436,35.5
20265,1.0,4167,2026-03-01T22:30,COMPLETA,2580.1993,1988.5,1988.5,130.0,555.0,3,0.20833333333333334,2,0,0,985,5348,1123.8793908629436,35.5
20265,1.0,4168,2026-03-01T22:40,COMPLETA,2515.3794,1988.5,1988.5,130.0,555.0,3,0.20833333333333334,2,0,0,985,5348,1123.8793908629436,35.5
20265,1.0,4169,2026-03-01T22:50,COMPLETA,2525.4456,1988.5,1988.5,130.0,555.0,3,0.20833333333333334,2,0,0,985,5348,1123.8793908629436,35.5
20265,1.0,4170,2026-03-01T23:00,COMPLETA,2523.6551,1988.5,1988.5,130.0,555.0,3,0.20833333333333334,2,0,3,986,5355,1123.3304259634883,35.5
20265,1.0,4171,2026-03-01T23:10,SIN_DEMANDA,0,,,,,,,0,0,0,986,5355,1123.3304259634883,35.5
20265,1.0,4172,2026-03-01T23:20,SIN_DEMANDA,0,,,,,,,0,0,0,986,5355,1123.3304259634883,35.5
20265,1.0,4173,2026-03-01T23:30,SIN_DEMANDA,0,,,,,,,0,0,0,986,5355,1123.3304259634883,35.5
20265,1.0,4174,2026-03-01T23:40,SIN_DEMANDA,0,,,,,,,0,0,0,986,5355,1123.3304259634883,35.5
20265,1.0,4175,2026-03-01T23:50,SIN_DEMANDA,0,,,,,,,0,0,0,986,5355,1123.3304259634883,35.5
20265,1.0,4176,2026-03-02T00:00,SIN_DEMANDA,0,,,,,,,0,0,0,986,5355,1123.3304259634883,35.5
20265,1.0,4177,2026-03-02T00:10,SIN_DEMANDA,0,,,,,,,0,0,0,986,5355,1123.3304259634883,35.5
20265,1.0,4178,2026-03-02T00:20,SIN_DEMANDA,0,,,,,,,0,0,0,986,5355,1123.3304259634883,35.5
20265,1.0,4179,2026-03-02T00:30,SIN_DEMANDA,0,,,,,,,0,0,0,987,5364,1124.2069908814585,35.5
20265,1.0,4180,2026-03-02T00:40,COMPLETA,2338.4335,2083.0,2083.0,20.0,150.0,1,0.4166666666666667,1,0,1,987,5364,1124.2069908814585,35.5
20265,1.0,4181,2026-03-02T00:50,SIN_DEMANDA,0,,,,,,,0,0,0,987,5364,1124.2069908814585,35.5
20265,1.0,4182,2026-03-02T01:00,SIN_DEMANDA,0,,,,,,,0,0,0,988,5370,1125.0817813765177,35.5
20265,1.0,4183,2026-03-02T01:10,SIN_DEMANDA,0,,,,,,,0,0,0,988,5370,1125.0817813765177,35.5
20265,1.0,4184,2026-03-02T01:20,COMPLETA,1216.5967,2065.8,2065.8,26.0,122.4,1,0.5,1,0,1,988,5370,1125.0817813765177,35.5
20265,1.0,4185,2026-03-02T01:30,COMPLETA,1385.0365,1004.4,1004.4,8.0,79.2,1,0.125,1,0,1,988,5370,1125.0817813765177,35.5
20265,1.0,4186,2026-03-02T01:40,SIN_DEMANDA,0,,,,,,,0,0,0,988,5370,1125.0817813765177,35.5
20265,1.0,4187,2026-03-02T01:50,COMPLETA,1687.1764,164.0,164.0,16.0,84.0,1,0.041666666666666664,1,0,1,988,5370,1125.0817813765177,35.5
20265,1.0,4188,2026-03-02T02:00,COMPLETA,1619.6717,2052.0,2052.0,52.0,138.0,1,0.041666666666666664,1,0,1,989,5380,1126.0503538928206,35.5
20265,1.0,4189,2026-03-02T02:10,SIN_DEMANDA,0,,,,,,,0,0,0,989,5380,1126.0503538928206,35.5
20265,1.0,4190,2026-03-02T02:20,COMPLETA,2230.6286,2019.0,2019.0,158.0,357.0,2,0.16666666666666666,1,0,2,989,5380,1126.0503538928206,35.5
20265,1.0,4191,2026-03-02T02:30,COMPLETA,1783.3958,2072.6,2072.6,22.0,112.8,1,0.375,1,0,1,989,5380,1126.0503538928206,35.5
20265,1.0,4192,2026-03-02T02:40,COMPLETA,2150.2237,979.5,979.5,38.0,117.0,1,0.375,1,0,1,990,5381,1125.9274747474742,35.5
20265,1.0,4193,2026-03-02T02:50,SIN_DEMANDA,0,,,,,,,0,0,0,990,5381,1125.9274747474742,35.5
20265,1.0,4194,2026-03-02T03:00,SIN_DEMANDA,0,,,,,,,0,0,0,991,5385,1126.8758829465182,35.5
20265,1.0,4195,2026-03-02T03:10,COMPLETA,2565.9654,2065.0,2065.0,46.0,129.0,1,0.25,1,0,1,992,5386,1125.9052419354834,35.5
20265,1.0,4196,2026-03-02T03:20,COMPLETA,1715.8561,147.5,147.5,42.0,123.0,1,0.08333333333333333,1,0,1,992,5386,1125.9052419354834,35.5
20265,1.0,4197,2026-03-02T03:30,SIN_DEMANDA,0,,,,,,,0,0,0,992,5386,1125.9052419354834,35.5
20265,1.0,4198,2026-03-02T03:40,COMPLETA,2189.587,378.4,378.4,84.0,381.6,3,0.375,1,0,3,993,5387,1126.8378650553873,35.5
20265,1.0,4199,2026-03-02T03:50,SIN_DEMANDA,0,,,,,,,0,0,0,993,5387,1126.8378650553873,35.5
20265,1.0,4200,2026-03-02T04:00,SIN_DEMANDA,0,,,,,,,0,0,0,994,5390,1127.7893360160963,35.5
20265,1.0,4201,2026-03-02T04:10,COMPLETA,1692.0861,972.0,972.0,52.0,138.0,1,0.125,1,0,1,994,5390,1127.7893360160963,35.5
20265,1.0,4202,2026-03-02T04:20,COMPLETA,2207.0408,980.8,980.8,52.0,244.8,2,0.625,1,0,2,995,5399,1127.6403015075373,35.5
20265,1.0,4203,2026-03-02T04:30,COMPLETA,2589.9274,2031.4,2031.4,36.0,168.8,1,0.75,1,0,1,995,5399,1127.6403015075373,35.5
20265,1.0,4204,2026-03-02T04:40,COMPLETA,1551.168,612.0,612.0,43.0,124.5,1,0.16666666666666666,1,0,1,996,5407,1128.5352409638551,35.5
20265,1.0,4205,2026-03-02T04:50,COMPLETA,2391.9773,616.5,616.5,43.0,124.5,1,0.2916666666666667,1,0,1,997,5413,1129.4745235707117,35.5
20265,1.0,4206,2026-03-02T05:00,SIN_DEMANDA,0,,,,,,,0,0,0,998,5415,1128.4905811623244,35.5
20265,1.0,4207,2026-03-02T05:10,SIN_DEMANDA,0,,,,,,,0,0,0,998,5415,1128.4905811623244,35.5
20265,1.0,4208,2026-03-02T05:20,SIN_DEMANDA,0,,,,,,,0,0,0,999,5424,1127.7397397397392,35.5
20265,1.0,4209,2026-03-02T05:30,SIN_DEMANDA,0,,,,,,,0,0,0,999,5424,1127.7397397397392,35.5
20265,1.0,4210,2026-03-02T05:40,SIN_DEMANDA,0,,,,,,,0,0,0,999,5424,1127.7397397397392,35.5
20265,1.0,4211,2026-03-02T05:50,SIN_DEMANDA,0,,,,,,,0,0,0,999,5424,1127.7397397397392,35.5
20265,1.0,4212,2026-03-02T06:00,SIN_DEMANDA,0,,,,,,,0,0,0,1001,5437,1127.4373626373622,35.5
20265,1.0,4213,2026-03-02T06:10,SIN_DEMANDA,0,,,,,,,0,0,0,1001,5437,1127.4373626373622,35.5
20265,1.0,4214,2026-03-02T06:20,SIN_DEMANDA,0,,,,,,,0,0,0,1001,5437,1127.4373626373622,35.5
20265,1.0,4215,2026-03-02T06:30,SIN_DEMANDA,0,,,,,,,0,0,0,1003,5448,1126.41405782652,35.5
20265,1.0,4216,2026-03-02T06:40,COMPLETA,2465.6542,2055.5,2055.5,52.0,318.0,2,0.10416666666666667,1,0,0,1004,5454,1127.3154382470113,35.5
20265,1.0,4217,2026-03-02T06:50,COMPLETA,2389.8135,2055.5,2055.5,52.0,318.0,2,0.10416666666666667,1,0,0,1004,5454,1127.3154382470113,35.5
20265,1.0,4218,2026-03-02T07:00,COMPLETA,2610.4331,2055.5,2055.5,52.0,318.0,2,0.10416666666666667,1,0,2,1004,5454,1127.3154382470113,35.5
20265,1.0,4219,2026-03-02T07:10,SIN_DEMANDA,0,,,,,,,0,0,0,1004,5454,1127.3154382470113,35.5
20265,1.0,4220,2026-03-02T07:20,SIN_DEMANDA,0,,,,,,,0,0,0,1004,5454,1127.3154382470113,35.5
20265,1.0,4221,2026-03-02T07:30,SIN_DEMANDA,0,,,,,,,0,0,0,1004,5454,1127.3154382470113,35.5
20265,1.0,4222,2026-03-02T07:40,SIN_DEMANDA,0,,,,,,,0,0,0,1004,5454,1127.3154382470113,35.5
20265,1.0,4223,2026-03-02T07:50,SIN_DEMANDA,0,,,,,,,0,0,0,1004,5454,1127.3154382470113,35.5
20265,1.0,4224,2026-03-02T08:00,SIN_DEMANDA,0,,,,,,,0,0,0,1004,5454,1127.3154382470113,35.5
20265,1.0,4225,2026-03-02T08:10,SIN_DEMANDA,0,,,,,,,0,0,0,1004,5454,1127.3154382470113,35.5
20265,1.0,4226,2026-03-02T08:20,SIN_DEMANDA,0,,,,,,,0,0,0,1005,5459,1128.2390049751239,35.5
20265,1.0,4227,2026-03-02T08:30,SIN_DEMANDA,0,,,,,,,0,0,0,1005,5459,1128.2390049751239,35.5
20265,1.0,4228,2026-03-02T08:40,SIN_DEMANDA,0,,,,,,,0,0,0,1005,5459,1128.2390049751239,35.5
20265,1.0,4229,2026-03-02T08:50,SIN_DEMANDA,0,,,,,,,0,0,0,1005,5459,1128.2390049751239,35.5
20265,1.0,4230,2026-03-02T09:00,COMPLETA,2631.9376,2079.0,2079.0,56.0,204.0,2,0.125,1,0,2,1005,5459,1128.2390049751239,35.5
20265,1.0,4231,2026-03-02T09:10,SIN_DEMANDA,0,,,,,,,0,0,0,1005,5459,1128.2390049751239,35.5
20265,1.0,4232,2026-03-02T09:20,COMPLETA,2364.0614,2051.5,2051.5,124.0,306.0,2,0.14583333333333334,1,0,2,1005,5459,1128.2390049751239,35.5
20265,1.0,4233,2026-03-02T09:30,SIN_DEMANDA,0,,,,,,,0,0,0,1005,5459,1128.2390049751239,35.5
20265,1.0,4234,2026-03-02T09:40,SIN_DEMANDA,0,,,,,,,0,0,0,1005,5459,1128.2390049751239,35.5
20265,1.0,4235,2026-03-02T09:50,SIN_DEMANDA,0,,,,,,,0,0,0,1005,5459,1128.2390049751239,35.5
20265,1.0,4236,2026-03-02T10:00,SIN_DEMANDA,0,,,,,,,0,0,0,1005,5459,1128.2390049751239,35.5
20265,1.0,4237,2026-03-02T10:10,SIN_DEMANDA,0,,,,,,,0,0,0,1005,5459,1128.2390049751239,35.5
20265,1.0,4238,2026-03-02T10:20,COMPLETA,2455.94,561.75,137.0,72.0,255.0,2,0.125,2,0,2,1005,5459,1128.2390049751239,35.5
20265,1.0,4239,2026-03-02T10:30,SIN_DEMANDA,0,,,,,,,0,0,0,1006,5465,1129.1840954274348,35.5
20265,1.0,4240,2026-03-02T10:40,SIN_DEMANDA,0,,,,,,,0,0,0,1006,5465,1129.1840954274348,35.5
20265,1.0,4241,2026-03-02T10:50,SIN_DEMANDA,0,,,,,,,0,0,0,1006,5465,1129.1840954274348,35.5
20265,1.0,4242,2026-03-02T11:00,SIN_DEMANDA,0,,,,,,,0,0,0,1006,5465,1129.1840954274348,35.5
20265,1.0,4243,2026-03-02T11:10,COMPLETA,1874.0744,2076.5,2076.5,26.0,99.0,1,0.08333333333333333,1,0,1,1007,5472,1130.0999999999995,35.5
20265,1.0,4244,2026-03-02T11:20,SIN_DEMANDA,0,,,,,,,0,0,0,1007,5472,1130.0999999999995,35.5
20265,1.0,4245,2026-03-02T11:30,SIN_DEMANDA,0,,,,,,,0,0,0,1007,5472,1130.0999999999995,35.5
20265,1.0,4246,2026-03-02T11:40,COMPLETA,1655.5717,2090.0,2090.0,8.0,72.0,1,0.125,1,0,1,1007,5472,1130.0999999999995,35.5
20265,1.0,4247,2026-03-02T11:50,SIN_DEMANDA,0,,,,,,,0,0,0,1007,5472,1130.0999999999995,35.5
20265,1.0,4248,2026-03-02T12:00,COMPLETA,2316.4236,990.5,990.5,60.0,210.0,2,0.14583333333333334,1,0,2,1009,5476,1128.9734390485623,35.5
20265,1.0,4249,2026-03-02T12:10,SIN_DEMANDA,0,,,,,,,0,0,0,1009,5476,1128.9734390485623,35.5
20265,1.0,4250,2026-03-02T12:20,SIN_DEMANDA,0,,,,,,,0,0,0,1009,5476,1128.9734390485623,35.5
20265,1.0,4251,2026-03-02T12:30,COMPLETA,1390.6916,983.0,983.0,48.0,132.0,1,0.08333333333333333,1,0,1,1010,5478,1129.9115841584153,35.5
20265,1.0,4252,2026-03-02T12:40,SIN_DEMANDA,0,,,,,,,0,0,0,1010,5478,1129.9115841584153,35.5
20265,1.0,4253,2026-03-02T12:50,SIN_DEMANDA,0,,,,,,,0,0,0,1011,5481,1130.861226508407,35.5
20265,1.0,4254,2026-03-02T13:00,SIN_DEMANDA,0,,,,,,,0,0,0,1011,5481,1130.861226508407,35.5
20265,1.0,4255,2026-03-02T13:10,SIN_DEMANDA,0,,,,,,,0,0,0,1011,5481,1130.861226508407,35.5
20265,1.0,4256,2026-03-02T13:20,COMPLETA,2184.3314,141.0,141.0,80.0,240.0,2,0.20833333333333334,1,0,2,1011,5481,1130.861226508407,35.5
20265,1.0,4257,2026-03-02T13:30,COMPLETA,2209.2418,1189.5,394.5,64.0,276.0,2,0.2708333333333333,2,0,1,1012,5488,1130.7225296442682,35.5
20265,1.0,4258,2026-03-02T13:40,COMPLETA,2535.9975,1984.5,1984.5,60.0,330.0,2,0.20833333333333334,1,0,0,1012,5488,1130.7225296442682,35.5
20265,1.0,4259,2026-03-02T13:50,COMPLETA,2231.6898,1984.5,1984.5,60.0,330.0,2,0.20833333333333334,1,0,0,1012,5488,1130.7225296442682,35.5
20265,1.0,4260,2026-03-02T14:00,COMPLETA,2515.989,1984.5,1984.5,60.0,330.0,2,0.20833333333333334,1,0,0,1012,5488,1130.7225296442682,35.5
20265,1.0,4261,2026-03-02T14:10,COMPLETA,2198.344,1984.5,1984.5,60.0,330.0,2,0.20833333333333334,1,0,0,1013,5490,1130.5767028627833,35.5
20265,1.0,4262,2026-03-02T14:20,COMPLETA,2474.2508,1984.5,1984.5,60.0,330.0,2,0.20833333333333334,1,0,0,1013,5490,1130.5767028627833,35.5
20265,1.0,4263,2026-03-02T14:30,COMPLETA,2257.9824,1984.5,1984.5,60.0,330.0,2,0.20833333333333334,1,0,0,1013,5490,1130.5767028627833,35.5
20265,1.0,4264,2026-03-02T14:40,COMPLETA,2408.2053,1984.5,1984.5,60.0,330.0,2,0.20833333333333334,1,0,0,1013,5490,1130.5767028627833,35.5
20265,1.0,4265,2026-03-02T14:50,COMPLETA,2526.0591,1166.25,348.0,102.0,393.0,2,0.22916666666666666,2,0,0,1014,5500,1129.6007889546347,35.5
20265,1.0,4266,2026-03-02T15:00,COMPLETA,2515.7773,1166.25,348.0,102.0,393.0,2,0.22916666666666666,2,0,2,1015,5503,1128.8765517241375,35.5
20265,1.0,4267,2026-03-02T15:10,SIN_DEMANDA,0,,,,,,,0,0,0,1015,5503,1128.8765517241375,35.5
20265,1.0,4268,2026-03-02T15:20,SIN_DEMANDA,0,,,,,,,0,0,0,1015,5503,1128.8765517241375,35.5
20265,1.0,4269,2026-03-02T15:30,COMPLETA,3537.6634,2076.5,2061.5,106.0,519.0,3,0.16666666666666666,2,0,3,1015,5503,1128.8765517241375,35.5
20265,1.0,4270,2026-03-02T15:40,SIN_DEMANDA,0,,,,,,,0,0,0,1015,5503,1128.8765517241375,35.5
20265,1.0,4271,2026-03-02T15:50,COMPLETA,2477.9135,2055.6,2055.6,64.0,393.6,2,0.3125,1,0,2,1015,5503,1128.8765517241375,35.5
20265,1.0,4272,2026-03-02T16:00,COMPLETA,2627.1941,367.5,367.5,62.0,213.0,1,0.25,1,0,1,1015,5503,1128.8765517241375,35.5
20265,1.0,4273,2026-03-02T16:10,SIN_DEMANDA,0,,,,,,,0,0,0,1015,5503,1128.8765517241375,35.5
20265,1.0,4274,2026-03-02T16:20,SIN_DEMANDA,0,,,,,,,0,0,0,1015,5503,1128.8765517241375,35.5
20265,1.0,4275,2026-03-02T16:30,SIN_DEMANDA,0,,,,,,,0,0,0,1016,5513,1129.718700787401,35.5
20265,1.0,4276,2026-03-02T16:40,SIN_DEMANDA,0,,,,,,,0,0,0,1017,5520,1130.6644051130772,35.5
20265,1.0,4277,2026-03-02T16:50,COMPLETA,1659.1654,623.0,623.0,48.0,192.0,1,0.08333333333333333,1,0,1,1017,5520,1130.6644051130772,35.5
20265,1.0,4278,2026-03-02T17:00,SIN_DEMANDA,0,,,,,,,0,0,0,1018,5521,1129.8955795677794,35.5
20265,1.0,4279,2026-03-02T17:10,SIN_DEMANDA,0,,,,,,,0,0,0,1019,5526,1130.8098135426885,35.5
20265,1.0,4280,2026-03-02T17:20,SIN_DEMANDA,0,,,,,,,0,0,0,1019,5526,1130.8098135426885,35.5
20265,1.0,4281,2026-03-02T17:30,SIN_DEMANDA,0,,,,,,,0,0,0,1020,5531,1131.7164705882349,35.5
20265,1.0,4282,2026-03-02T17:40,SIN_DEMANDA,0,,,,,,,0,0,0,1020,5531,1131.7164705882349,35.5
20265,1.0,4283,2026-03-02T17:50,SIN_DEMANDA,0,,,,,,,0,0,0,1021,5537,1130.9679725759056,35.5
20265,1.0,4284,2026-03-02T18:00,SIN_DEMANDA,0,,,,,,,0,0,0,1021,5537,1130.9679725759056,35.5
20265,1.0,4285,2026-03-02T18:10,COMPLETA,2764.1558,2083.5,2083.5,18.0,87.0,1,0.25,1,0,1,1021,5537,1130.9679725759056,35.5
20265,1.0,4286,2026-03-02T18:20,COMPLETA,2435.6512,2073.8,2073.8,16.0,98.4,1,1.0,1,0,1,1021,5537,1130.9679725759056,35.5
20265,1.0,4287,2026-03-02T18:30,SIN_DEMANDA,0,,,,,,,0,0,0,1022,5539,1130.4709393346375,35.5
20265,1.0,4288,2026-03-02T18:40,SIN_DEMANDA,0,,,,,,,0,0,0,1022,5539,1130.4709393346375,35.5
20265,1.0,4289,2026-03-02T18:50,COMPLETA,2574.7439,978.5,978.5,92.0,258.0,2,0.125,1,0,2,1022,5539,1130.4709393346375,35.5
20265,1.0,4290,2026-03-02T19:00,SIN_DEMANDA,0,,,,,,,0,0,0,1022,5539,1130.4709393346375,35.5
20265,1.0,4291,2026-03-02T19:10,COMPLETA,1513.5267,2059.5,2059.5,46.0,129.0,1,0.08333333333333333,1,0,1,1022,5539,1130.4709393346375,35.5
20265,1.0,4292,2026-03-02T19:20,SIN_DEMANDA,0,,,,,,,0,0,0,1022,5539,1130.4709393346375,35.5
20265,1.0,4293,2026-03-02T19:30,COMPLETA,2373.3018,159.5,159.5,22.0,93.0,1,0.375,1,0,1,1023,5545,1131.4025415444767,35.5
20265,1.0,4294,2026-03-02T19:40,COMPLETA,1870.2712,387.0,387.0,32.0,108.0,1,0.041666666666666664,1,0,1,1024,5553,1132.3228515624996,35.5
20265,1.0,4295,2026-03-02T19:50,SIN_DEMANDA,0,,,,,,,0,0,0,1024,5553,1132.3228515624996,35.5
20265,1.0,4296,2026-03-02T20:00,SIN_DEMANDA,0,,,,,,,0,0,0,1024,5553,1132.3228515624996,35.5
20265,1.0,4297,2026-03-02T20:10,COMPLETA,1964.0886,385.2,385.2,48.0,235.2,2,0.5,1,0,2,1024,5553,1132.3228515624996,35.5
20265,1.0,4298,2026-03-02T20:20,COMPLETA,2552.4505,636.0,636.0,48.0,192.0,2,0.16666666666666666,1,0,2,1024,5553,1132.3228515624996,35.5
20265,1.0,4299,2026-03-02T20:30,COMPLETA,2431.8256,144.6,144.6,44.0,225.6,2,0.3125,1,0,2,1025,5559,1132.1727804878044,35.5
20265,1.0,4300,2026-03-02T20:40,COMPLETA,2285.7894,140.0,140.0,41.0,121.5,1,0.375,1,0,1,1025,5559,1132.1727804878044,35.5
20265,1.0,4301,2026-03-02T20:50,SIN_DEMANDA,0,,,,,,,0,0,0,1027,5570,1132.128627069133,35.5
20265,1.0,4302,2026-03-02T21:00,SIN_DEMANDA,0,,,,,,,0,0,0,1027,5570,1132.128627069133,35.5
20265,1.0,4303,2026-03-02T21:10,SIN_DEMANDA,0,,,,,,,0,0,0,1028,5571,1131.4037937743187,35.5
20265,1.0,4304,2026-03-02T21:20,SIN_DEMANDA,0,,,,,,,0,0,0,1028,5571,1131.4037937743187,35.5
20265,1.0,4305,2026-03-02T21:30,SIN_DEMANDA,0,,,,,,,0,0,0,1028,5571,1131.4037937743187,35.5
20265,1.0,4306,2026-03-02T21:40,SIN_DEMANDA,0,,,,,,,0,0,0,1030,5587,1130.1983495145628,35.5
20265,1.0,4307,2026-03-02T21:50,SIN_DEMANDA,0,,,,,,,0,0,0,1030,5587,1130.1983495145628,35.5
20265,1.0,4308,2026-03-02T22:00,SIN_DEMANDA,0,,,,,,,0,0,0,1031,5592,1129.2423860329773,35.5
20265,1.0,4309,2026-03-02T22:10,SIN_DEMANDA,0,,,,,,,0,0,0,1031,5592,1129.2423860329773,35.5
20265,1.0,4310,2026-03-02T22:20,SIN_DEMANDA,0,,,,,,,0,0,0,1032,5601,1128.2838178294571,35.5
20265,1.0,4311,2026-03-02T22:30,COMPLETA,2386.7297,96.0,96.0,120.0,420.0,2,0.14583333333333334,1,0,0,1032,5601,1128.2838178294571,35.5
20265,1.0,4312,2026-03-02T22:40,COMPLETA,2071.0242,102.0,96.0,120.0,420.0,2,0.20833333333333334,2,0,0,1032,5601,1128.2838178294571,35.5
20265,1.0,4313,2026-03-02T22:50,COMPLETA,2407.9112,102.0,96.0,120.0,420.0,2,0.20833333333333334,2,0,0,1032,5601,1128.2838178294571,35.5
20265,1.0,4314,2026-03-02T23:00,COMPLETA,2566.6882,116.83333333333333,96.0,154.0,591.0,3,0.16666666666666666,3,0,3,1032,5601,1128.2838178294571,35.5
20265,1.0,4315,2026-03-02T23:10,SIN_DEMANDA,0,,,,,,,0,0,0,1032,5601,1128.2838178294571,35.5
20265,1.0,4316,2026-03-02T23:20,COMPLETA,2399.6124,2078.0,2078.0,24.0,156.0,1,0.25,1,0,1,1032,5601,1128.2838178294571,35.5
20265,1.0,4317,2026-03-02T23:30,SIN_DEMANDA,0,,,,,,,0,0,0,1032,5601,1128.2838178294571,35.5
20265,1.0,4318,2026-03-02T23:40,SIN_DEMANDA,0,,,,,,,0,0,0,1032,5601,1128.2838178294571,35.5
20265,1.0,4319,2026-03-02T23:50,SIN_DEMANDA,0,,,,,,,0,0,0,1032,5601,1128.2838178294571,35.5
