semilla,vehiculo,nodo_origen_x,nodo_origen_y,nodo_destino_x,nodo_destino_y,salida,llegada
20262,TA01,27,14,26,14,2027-06-01T00:10,2027-06-01T00:11:30
20262,TA01,26,14,25,14,2027-06-01T00:11:30,2027-06-01T00:13
20262,TA01,25,14,24,14,2027-06-01T00:13,2027-06-01T00:14:30
20262,TA01,24,14,23,14,2027-06-01T00:14:30,2027-06-01T00:16
20262,TA01,23,14,22,14,2027-06-01T00:16,2027-06-01T00:17:30
20262,TA01,22,14,21,14,2027-06-01T00:17:30,2027-06-01T00:19
20262,TA01,21,14,20,14,2027-06-01T00:19,2027-06-01T00:20:30
20262,TA01,20,14,19,14,2027-06-01T00:20:30,2027-06-01T00:22
20262,TA01,19,14,18,14,2027-06-01T00:22,2027-06-01T00:23:30
20262,TA01,18,14,17,14,2027-06-01T00:23:30,2027-06-01T00:25
20262,TA01,17,14,16,14,2027-06-01T00:25,2027-06-01T00:26:30
20262,TA01,16,14,15,14,2027-06-01T00:26:30,2027-06-01T00:28
20262,TA01,15,14,14,14,2027-06-01T00:28,2027-06-01T00:29:30
20262,TA01,14,14,13,14,2027-06-01T00:29:30,2027-06-01T00:31
20262,TA01,13,14,12,14,2027-06-01T00:31,2027-06-01T00:32:30
20262,TA01,12,14,11,14,2027-06-01T00:32:30,2027-06-01T00:34
20262,TA01,11,14,10,14,2027-06-01T00:34,2027-06-01T00:35:30
20262,TA01,10,14,9,14,2027-06-01T00:35:30,2027-06-01T00:37
20262,TA01,9,14,9,15,2027-06-01T00:37,2027-06-01T00:38:30
20262,TA01,9,15,9,16,2027-06-01T00:38:30,2027-06-01T00:40
20262,TA01,9,16,9,17,2027-06-01T00:40,2027-06-01T00:41:30
20262,TA01,9,17,9,18,2027-06-01T00:41:30,2027-06-01T00:43
20262,TA01,9,18,9,19,2027-06-01T00:43,2027-06-01T00:44:30
20262,TA01,9,19,9,20,2027-06-01T00:44:30,2027-06-01T00:46
20262,TA01,9,20,9,21,2027-06-01T00:46,2027-06-01T00:47:30
20262,TA01,9,21,9,22,2027-06-01T00:47:30,2027-06-01T00:49
20262,TA01,9,22,9,23,2027-06-01T00:49,2027-06-01T00:50:30
20262,TA01,9,23,9,24,2027-06-01T00:50:30,2027-06-01T00:52
20262,TA01,9,24,9,25,2027-06-01T00:52,2027-06-01T00:53:30
20262,TA01,9,25,9,26,2027-06-01T00:53:30,2027-06-01T00:55
20262,TA01,9,26,9,27,2027-06-01T00:55,2027-06-01T00:56:30
20262,TA01,9,27,9,28,2027-06-01T00:56:30,2027-06-01T00:58
20262,TA01,9,28,9,29,2027-06-01T00:58,2027-06-01T00:59:30
20262,TA01,9,29,9,30,2027-06-01T00:59:30,2027-06-01T01:01
20262,TA01,9,30,9,31,2027-06-01T01:01,2027-06-01T01:02:30
20262,TA01,9,31,9,32,2027-06-01T01:02:30,2027-06-01T01:04
20262,TA01,9,32,9,33,2027-06-01T01:04,2027-06-01T01:05:30
20262,TA01,9,33,9,34,2027-06-01T01:05:30,2027-06-01T01:07
20262,TA01,9,34,9,35,2027-06-01T01:07,2027-06-01T01:08:30
20262,TA01,9,35,9,36,2027-06-01T01:08:30,2027-06-01T01:10
20262,TA01,9,36,9,37,2027-06-01T01:10,2027-06-01T01:11:30
20262,TA01,9,37,9,38,2027-06-01T01:11:30,2027-06-01T01:13
20262,TA01,9,38,9,39,2027-06-01T01:13,2027-06-01T01:14:30
20262,TA01,9,39,9,40,2027-06-01T01:14:30,2027-06-01T01:16
20262,TA01,9,40,9,41,2027-06-01T01:16,2027-06-01T01:17:30
20262,TA01,9,41,9,42,2027-06-01T01:17:30,2027-06-01T01:19
20262,TA01,9,42,9,43,2027-06-01T01:19,2027-06-01T01:20:30
20262,TA01,9,43,9,44,2027-06-01T01:20:30,2027-06-01T01:22
20262,TA01,9,44,9,45,2027-06-01T01:22,2027-06-01T01:23:30
20262,TA01,9,45,9,46,2027-06-01T01:23:30,2027-06-01T01:25
20262,TA01,9,46,9,47,2027-06-01T01:25,2027-06-01T01:26:30
20262,TA01,9,47,9,48,2027-06-01T01:26:30,2027-06-01T01:28
20262,TA01,9,48,10,48,2027-06-01T02:28,2027-06-01T02:29:30
20262,TA01,10,48,11,48,2027-06-01T02:29:30,2027-06-01T02:31
20262,TA01,11,48,12,48,2027-06-01T02:31,2027-06-01T02:32:30
20262,TA01,12,48,13,48,2027-06-01T02:32:30,2027-06-01T02:34
20262,TA01,13,48,14,48,2027-06-01T02:34,2027-06-01T02:35:30
20262,TA01,14,48,15,48,2027-06-01T02:35:30,2027-06-01T02:37
20262,TA01,15,48,16,48,2027-06-01T02:37,2027-06-01T02:38:30
20262,TA01,16,48,17,48,2027-06-01T02:38:30,2027-06-01T02:40
20262,TA01,17,48,18,48,2027-06-01T02:40,2027-06-01T02:41:30
20262,TA01,18,48,19,48,2027-06-01T02:41:30,2027-06-01T02:43
20262,TA01,19,48,20,48,2027-06-01T02:43,2027-06-01T02:44:30
20262,TA01,20,48,21,48,2027-06-01T02:44:30,2027-06-01T02:46
20262,TA01,21,48,22,48,2027-06-01T02:46,2027-06-01T02:47:30
20262,TA01,22,48,23,48,2027-06-01T02:47:30,2027-06-01T02:49
20262,TA01,23,48,24,48,2027-06-01T02:49,2027-06-01T02:50:30
20262,TA01,24,48,25,48,2027-06-01T02:50:30,2027-06-01T02:52
20262,TA01,25,48,26,48,2027-06-01T02:52,2027-06-01T02:53:30
20262,TA01,26,48,27,48,2027-06-01T02:53:30,2027-06-01T02:55
20262,TA01,27,48,28,48,2027-06-01T02:55,2027-06-01T02:56:30
20262,TA01,28,48,29,48,2027-06-01T02:56:30,2027-06-01T02:58
20262,TA01,29,48,30,48,2027-06-01T02:58,2027-06-01T02:59:30
20262,TA01,30,48,31,48,2027-06-01T02:59:30,2027-06-01T03:01
20262,TA01,31,48,32,48,2027-06-01T03:01,2027-06-01T03:02:30
20262,TA01,32,48,33,48,2027-06-01T03:02:30,2027-06-01T03:04
20262,TA01,33,48,34,48,2027-06-01T03:04,2027-06-01T03:05:30
20262,TA01,34,48,35,48,2027-06-01T03:05:30,2027-06-01T03:07
20262,TA01,35,48,36,48,2027-06-01T03:07,2027-06-01T03:08:30
20262,TA01,36,48,37,48,2027-06-01T03:08:30,2027-06-01T03:10
20262,TA01,37,48,38,48,2027-06-01T03:10,2027-06-01T03:11:30
20262,TA01,38,48,39,48,2027-06-01T03:11:30,2027-06-01T03:13
20262,TA01,39,48,40,48,2027-06-01T03:13,2027-06-01T03:14:30
20262,TA01,40,48,41,48,2027-06-01T03:14:30,2027-06-01T03:16
20262,TA01,41,48,42,48,2027-06-01T03:16,2027-06-01T03:17:30
20262,TA01,42,48,43,48,2027-06-01T03:17:30,2027-06-01T03:19
20262,TA01,43,48,44,48,2027-06-01T03:19,2027-06-01T03:20:30
20262,TA01,44,48,45,48,2027-06-01T03:20:30,2027-06-01T03:22
20262,TA01,45,48,46,48,2027-06-01T03:22,2027-06-01T03:23:30
20262,TA01,46,48,47,48,2027-06-01T03:23:30,2027-06-01T03:25
20262,TA01,47,48,48,48,2027-06-01T03:25,2027-06-01T03:26:30
20262,TA01,48,48,49,48,2027-06-01T03:26:30,2027-06-01T03:28
20262,TA01,49,48,50,48,2027-06-01T03:28,2027-06-01T03:29:30
20262,TA01,50,48,51,48,2027-06-01T03:29:30,2027-06-01T03:31
20262,TA01,51,48,52,48,2027-06-01T03:31,2027-06-01T03:32:30
20262,TA01,52,48,53,48,2027-06-01T03:32:30,2027-06-01T03:34
20262,TA01,53,48,54,48,2027-06-01T03:34,2027-06-01T03:35:30
20262,TA01,54,48,55,48,2027-06-01T03:35:30,2027-06-01T03:37
20262,TA01,55,48,56,48,2027-06-01T03:37,2027-06-01T03:38:30
20262,TA01,56,48,57,48,2027-06-01T03:38:30,2027-06-01T03:40
20262,TA01,57,48,58,48,2027-06-01T03:40,2027-06-01T03:41:30
20262,TA01,58,48,59,48,2027-06-01T03:41:30,2027-06-01T03:43
20262,TA01,59,48,60,48,2027-06-01T03:43,2027-06-01T03:44:30
20262,TA01,60,48,61,48,2027-06-01T03:44:30,2027-06-01T03:46
20262,TA01,61,48,62,48,2027-06-01T03:46,2027-06-01T03:47:30
20262,TA01,62,48,63,48,2027-06-01T03:47:30,2027-06-01T03:49
20262,TA01,63,48,64,48,2027-06-01T03:49,2027-06-01T03:50:30
20262,TA01,64,48,65,48,2027-06-01T03:50:30,2027-06-01T03:52
20262,TA01,65,48,66,48,2027-06-01T03:52,2027-06-01T03:53:30
20262,TA01,66,48,67,48,2027-06-01T03:53:30,2027-06-01T03:55
20262,TA01,67,48,68,48,2027-06-01T03:55,2027-06-01T03:56:30
20262,TA01,68,48,68,47,2027-06-01T03:56:30,2027-06-01T03:58
20262,TA01,68,47,68,46,2027-06-01T03:58,2027-06-01T03:59:30
20262,TA01,68,46,68,45,2027-06-01T03:59:30,2027-06-01T04:01
20262,TA01,68,45,67,45,2027-06-01T06:01,2027-06-01T06:02:30
20262,TA01,67,45,66,45,2027-06-01T06:02:30,2027-06-01T06:04
20262,TA01,66,45,65,45,2027-06-01T06:04,2027-06-01T06:05:30
20262,TA01,65,45,64,45,2027-06-01T06:05:30,2027-06-01T06:07
20262,TA01,64,45,63,45,2027-06-01T06:07,2027-06-01T06:08:30
20262,TA01,63,45,62,45,2027-06-01T06:08:30,2027-06-01T06:10
20262,TA01,62,45,61,45,2027-06-01T06:10,2027-06-01T06:11:30
20262,TA01,61,45,60,45,2027-06-01T06:11:30,2027-06-01T06:13
20262,TA01,60,45,59,45,2027-06-01T06:13,2027-06-01T06:14:30
20262,TA01,59,45,58,45,2027-06-01T06:14:30,2027-06-01T06:16
20262,TA01,58,45,57,45,2027-06-01T06:16,2027-06-01T06:17:30
20262,TA01,57,45,57,44,2027-06-01T06:17:30,2027-06-01T06:19
20262,TA01,57,44,57,43,2027-06-01T06:19,2027-06-01T06:20:30
20262,TA01,57,43,57,42,2027-06-01T06:20:30,2027-06-01T06:22
20262,TA01,57,42,57,41,2027-06-01T06:22,2027-06-01T06:23:30
20262,TA01,57,41,57,40,2027-06-01T06:23:30,2027-06-01T06:25
20262,TA01,57,40,57,39,2027-06-01T06:25,2027-06-01T06:26:30
20262,TA01,57,39,57,38,2027-06-01T06:26:30,2027-06-01T06:28
20262,TA01,57,38,57,37,2027-06-01T06:28,2027-06-01T06:29:30
20262,TA01,57,37,57,36,2027-06-01T06:29:30,2027-06-01T06:31
20262,TA01,57,36,57,35,2027-06-01T06:31,2027-06-01T06:32:30
20262,TA01,57,35,57,34,2027-06-01T06:32:30,2027-06-01T06:34
20262,TA01,57,34,57,33,2027-06-01T06:34,2027-06-01T06:35:30
20262,TA01,57,33,57,32,2027-06-01T06:35:30,2027-06-01T06:37
20262,TA01,57,32,57,31,2027-06-01T06:37,2027-06-01T06:38:30
20262,TA01,57,31,57,30,2027-06-01T06:38:30,2027-06-01T06:40
20262,TA01,57,30,57,29,2027-06-01T06:40,2027-06-01T06:41:30
20262,TA01,57,29,57,28,2027-06-01T06:41:30,2027-06-01T06:43
20262,TA01,57,28,57,27,2027-06-01T06:43,2027-06-01T06:44:30
20262,TA02,27,14,26,14,2027-06-01T00:20,2027-06-01T00:21:30
20262,TA02,26,14,25,14,2027-06-01T00:21:30,2027-06-01T00:23
20262,TA02,25,14,24,14,2027-06-01T00:23,2027-06-01T00:24:30
20262,TA02,24,14,23,14,2027-06-01T00:24:30,2027-06-01T00:26
20262,TA02,23,14,22,14,2027-06-01T00:26,2027-06-01T00:27:30
20262,TA02,22,14,21,14,2027-06-01T00:27:30,2027-06-01T00:29
20262,TA02,21,14,20,14,2027-06-01T00:29,2027-06-01T00:30:30
20262,TA02,20,14,19,14,2027-06-01T00:30:30,2027-06-01T00:32
20262,TA02,19,14,18,14,2027-06-01T00:32,2027-06-01T00:33:30
20262,TA02,18,14,17,14,2027-06-01T00:33:30,2027-06-01T00:35
20262,TA02,17,14,16,14,2027-06-01T00:35,2027-06-01T00:36:30
20262,TA02,16,14,15,14,2027-06-01T00:36:30,2027-06-01T00:38
20262,TA02,15,14,14,14,2027-06-01T00:38,2027-06-01T00:39:30
20262,TA02,14,14,13,14,2027-06-01T00:39:30,2027-06-01T00:41
20262,TA02,13,14,12,14,2027-06-01T00:41,2027-06-01T00:42:30
20262,TA02,12,14,11,14,2027-06-01T00:42:30,2027-06-01T00:44
20262,TA02,11,14,10,14,2027-06-01T00:44,2027-06-01T00:45:30
20262,TA02,10,14,9,14,2027-06-01T00:45:30,2027-06-01T00:47
20262,TA02,9,14,8,14,2027-06-01T00:47,2027-06-01T00:48:30
20262,TA02,8,14,7,14,2027-06-01T00:48:30,2027-06-01T00:50
20262,TA02,7,14,7,13,2027-06-01T00:50,2027-06-01T00:51:30
20262,TA02,7,13,7,12,2027-06-01T00:51:30,2027-06-01T00:53
20262,TA02,7,12,7,11,2027-06-01T00:53,2027-06-01T00:54:30
20262,TA02,7,11,8,11,2027-06-01T02:54:30,2027-06-01T02:56
20262,TA02,8,11,9,11,2027-06-01T02:56,2027-06-01T02:57:30
20262,TA02,9,11,10,11,2027-06-01T02:57:30,2027-06-01T02:59
20262,TA02,10,11,11,11,2027-06-01T02:59,2027-06-01T03:00:30
20262,TA02,11,11,12,11,2027-06-01T03:00:30,2027-06-01T03:02
20262,TA02,12,11,13,11,2027-06-01T03:02,2027-06-01T03:03:30
20262,TA02,13,11,14,11,2027-06-01T03:03:30,2027-06-01T03:05
20262,TA02,14,11,15,11,2027-06-01T03:05,2027-06-01T03:06:30
20262,TA02,15,11,16,11,2027-06-01T03:06:30,2027-06-01T03:08
20262,TA02,16,11,17,11,2027-06-01T03:08,2027-06-01T03:09:30
20262,TA02,17,11,18,11,2027-06-01T03:09:30,2027-06-01T03:11
20262,TA02,18,11,19,11,2027-06-01T03:11,2027-06-01T03:12:30
20262,TA02,19,11,20,11,2027-06-01T03:12:30,2027-06-01T03:14
20262,TA02,20,11,21,11,2027-06-01T03:14,2027-06-01T03:15:30
20262,TA02,21,11,22,11,2027-06-01T03:15:30,2027-06-01T03:17
20262,TA02,22,11,23,11,2027-06-01T03:17,2027-06-01T03:18:30
20262,TA02,23,11,24,11,2027-06-01T03:18:30,2027-06-01T03:20
20262,TA02,24,11,25,11,2027-06-01T03:20,2027-06-01T03:21:30
20262,TA02,25,11,26,11,2027-06-01T03:21:30,2027-06-01T03:23
20262,TA02,26,11,27,11,2027-06-01T03:23,2027-06-01T03:24:30
20262,TA02,27,11,27,12,2027-06-01T03:24:30,2027-06-01T03:26
20262,TA02,27,12,27,13,2027-06-01T03:26,2027-06-01T03:27:30
20262,TA02,27,13,27,14,2027-06-01T03:27:30,2027-06-01T03:29
20262,TA03,27,14,28,14,2027-06-01T00:30,2027-06-01T00:31:30
20262,TA03,28,14,29,14,2027-06-01T00:31:30,2027-06-01T00:33
20262,TA03,29,14,30,14,2027-06-01T00:33,2027-06-01T00:34:30
20262,TA03,30,14,31,14,2027-06-01T00:34:30,2027-06-01T00:36
20262,TA03,31,14,32,14,2027-06-01T00:36,2027-06-01T00:37:30
20262,TA03,32,14,32,15,2027-06-01T00:37:30,2027-06-01T00:39
20262,TA03,32,15,32,16,2027-06-01T00:39,2027-06-01T00:40:30
20262,TA03,32,16,32,17,2027-06-01T00:40:30,2027-06-01T00:42
20262,TA03,32,17,32,18,2027-06-01T00:42,2027-06-01T00:43:30
20262,TA03,32,18,32,19,2027-06-01T00:43:30,2027-06-01T00:45
20262,TA03,32,19,32,20,2027-06-01T00:45,2027-06-01T00:46:30
20262,TA03,32,20,32,21,2027-06-01T00:46:30,2027-06-01T00:48
20262,TA03,32,21,32,22,2027-06-01T00:48,2027-06-01T00:49:30
20262,TA03,32,22,32,23,2027-06-01T00:49:30,2027-06-01T00:51
20262,TA03,32,23,32,24,2027-06-01T00:51,2027-06-01T00:52:30
20262,TA03,32,24,32,25,2027-06-01T00:52:30,2027-06-01T00:54
20262,TA03,32,25,32,26,2027-06-01T00:54,2027-06-01T00:55:30
20262,TA03,32,26,32,27,2027-06-01T00:55:30,2027-06-01T00:57
20262,TA03,32,27,32,28,2027-06-01T00:57,2027-06-01T00:58:30
20262,TA03,32,28,32,29,2027-06-01T00:58:30,2027-06-01T01:00
20262,TA03,32,29,32,30,2027-06-01T01:00,2027-06-01T01:01:30
20262,TA03,32,30,32,31,2027-06-01T01:01:30,2027-06-01T01:03
20262,TA03,32,31,32,32,2027-06-01T01:03,2027-06-01T01:04:30
20262,TA03,32,32,32,33,2027-06-01T01:04:30,2027-06-01T01:06
20262,TA03,32,33,32,34,2027-06-01T01:06,2027-06-01T01:07:30
20262,TA03,32,34,32,35,2027-06-01T01:07:30,2027-06-01T01:09
20262,TA03,32,35,32,36,2027-06-01T01:09,2027-06-01T01:10:30
20262,TA03,32,36,32,37,2027-06-01T01:10:30,2027-06-01T01:12
20262,TA03,32,37,32,38,2027-06-01T01:12,2027-06-01T01:13:30
20262,TA03,32,38,32,39,2027-06-01T01:13:30,2027-06-01T01:15
20262,TA03,32,39,32,40,2027-06-01T01:15,2027-06-01T01:16:30
20262,TA03,32,40,32,41,2027-06-01T01:16:30,2027-06-01T01:18
20262,TA03,32,41,32,42,2027-06-01T01:18,2027-06-01T01:19:30
20262,TA03,32,42,32,43,2027-06-01T01:19:30,2027-06-01T01:21
20262,TA03,32,43,32,44,2027-06-01T01:21,2027-06-01T01:22:30
20262,TA03,32,44,32,43,2027-06-01T02:22:30,2027-06-01T02:24
20262,TA03,32,43,32,42,2027-06-01T02:24,2027-06-01T02:25:30
20262,TA03,32,42,32,41,2027-06-01T02:25:30,2027-06-01T02:27
20262,TA03,32,41,32,40,2027-06-01T02:27,2027-06-01T02:28:30
20262,TA03,32,40,32,39,2027-06-01T02:28:30,2027-06-01T02:30
20262,TA03,32,39,32,38,2027-06-01T02:30,2027-06-01T02:31:30
20262,TA03,32,38,32,37,2027-06-01T02:31:30,2027-06-01T02:33
20262,TA03,32,37,32,36,2027-06-01T02:33,2027-06-01T02:34:30
20262,TA03,32,36,32,35,2027-06-01T02:34:30,2027-06-01T02:36
20262,TA03,32,35,32,34,2027-06-01T02:36,2027-06-01T02:37:30
20262,TA03,32,34,32,33,2027-06-01T02:37:30,2027-06-01T02:39
20262,TA03,32,33,32,32,2027-06-01T02:39,2027-06-01T02:40:30
20262,TA03,32,32,32,31,2027-06-01T02:40:30,2027-06-01T02:42
20262,TA03,32,31,32,30,2027-06-01T02:42,2027-06-01T02:43:30
20262,TA03,32,30,33,30,2027-06-01T02:43:30,2027-06-01T02:45
20262,TA03,33,30,34,30,2027-06-01T02:45,2027-06-01T02:46:30
20262,TA03,34,30,35,30,2027-06-01T02:46:30,2027-06-01T02:48
20262,TA03,35,30,36,30,2027-06-01T02:48,2027-06-01T02:49:30
20262,TA03,36,30,37,30,2027-06-01T02:49:30,2027-06-01T02:51
20262,TA03,37,30,38,30,2027-06-01T02:51,2027-06-01T02:52:30
20262,TA03,38,30,39,30,2027-06-01T02:52:30,2027-06-01T02:54
20262,TA03,39,30,40,30,2027-06-01T02:54,2027-06-01T02:55:30
20262,TA03,40,30,41,30,2027-06-01T02:55:30,2027-06-01T02:57
20262,TA03,41,30,42,30,2027-06-01T02:57,2027-06-01T02:58:30
20262,TA03,42,30,43,30,2027-06-01T02:58:30,2027-06-01T03:00
20262,TA03,43,30,44,30,2027-06-01T03:00,2027-06-01T03:01:30
20262,TA03,44,30,45,30,2027-06-01T03:01:30,2027-06-01T03:03
20262,TA03,45,30,46,30,2027-06-01T03:03,2027-06-01T03:04:30
20262,TA03,46,30,47,30,2027-06-01T03:04:30,2027-06-01T03:06
20262,TA03,47,30,48,30,2027-06-01T03:06,2027-06-01T03:07:30
20262,TA03,48,30,49,30,2027-06-01T03:07:30,2027-06-01T03:09
20262,TA03,49,30,50,30,2027-06-01T03:09,2027-06-01T03:10:30
20262,TA03,50,30,51,30,2027-06-01T03:10:30,2027-06-01T03:12
20262,TA03,51,30,52,30,2027-06-01T03:12,2027-06-01T03:13:30
20262,TA03,52,30,53,30,2027-06-01T03:13:30,2027-06-01T03:15
20262,TA03,53,30,54,30,2027-06-01T03:15,2027-06-01T03:16:30
20262,TA03,54,30,55,30,2027-06-01T03:16:30,2027-06-01T03:18
20262,TA03,55,30,56,30,2027-06-01T03:18,2027-06-01T03:19:30
20262,TA03,56,30,57,30,2027-06-01T03:26,2027-06-01T03:27:30
20262,TA03,57,30,57,29,2027-06-01T05:27:30,2027-06-01T05:29
20262,TA03,57,29,57,28,2027-06-01T05:29,2027-06-01T05:30:30
20262,TA03,57,28,57,27,2027-06-01T05:30:30,2027-06-01T05:32
20262,TA04,27,14,28,14,2027-06-01T00:40,2027-06-01T00:41:30
20262,TA04,28,14,29,14,2027-06-01T00:41:30,2027-06-01T00:43
20262,TA04,29,14,30,14,2027-06-01T00:43,2027-06-01T00:44:30
20262,TA04,30,14,31,14,2027-06-01T00:44:30,2027-06-01T00:46
20262,TA04,31,14,32,14,2027-06-01T00:46,2027-06-01T00:47:30
20262,TA04,32,14,33,14,2027-06-01T00:47:30,2027-06-01T00:49
20262,TA04,33,14,34,14,2027-06-01T00:49,2027-06-01T00:50:30
20262,TA04,34,14,35,14,2027-06-01T00:50:30,2027-06-01T00:52
20262,TA04,35,14,36,14,2027-06-01T00:52,2027-06-01T00:53:30
20262,TA04,36,14,37,14,2027-06-01T00:53:30,2027-06-01T00:55
20262,TA04,37,14,38,14,2027-06-01T00:55,2027-06-01T00:56:30
20262,TA04,38,14,39,14,2027-06-01T00:56:30,2027-06-01T00:58
20262,TA04,39,14,40,14,2027-06-01T00:58,2027-06-01T00:59:30
20262,TA04,40,14,41,14,2027-06-01T00:59:30,2027-06-01T01:01
20262,TA04,41,14,42,14,2027-06-01T01:01,2027-06-01T01:02:30
20262,TA04,42,14,42,15,2027-06-01T01:02:30,2027-06-01T01:04
20262,TA04,42,15,42,16,2027-06-01T01:04,2027-06-01T01:05:30
20262,TA04,42,16,42,17,2027-06-01T01:05:30,2027-06-01T01:07
20262,TA04,42,17,42,18,2027-06-01T01:07,2027-06-01T01:08:30
20262,TA04,42,18,42,19,2027-06-01T01:08:30,2027-06-01T01:10
20262,TA04,42,19,42,20,2027-06-01T01:10,2027-06-01T01:11:30
20262,TA04,42,20,42,21,2027-06-01T01:11:30,2027-06-01T01:13
20262,TA04,42,21,42,22,2027-06-01T01:13,2027-06-01T01:14:30
20262,TA04,42,22,42,23,2027-06-01T01:14:30,2027-06-01T01:16
20262,TA04,42,23,42,24,2027-06-01T01:16,2027-06-01T01:17:30
20262,TA04,42,24,42,25,2027-06-01T01:17:30,2027-06-01T01:19
20262,TA04,42,25,42,26,2027-06-01T01:19,2027-06-01T01:20:30
20262,TA04,42,26,42,27,2027-06-01T01:20:30,2027-06-01T01:22
20262,TA04,42,27,42,28,2027-06-01T01:22,2027-06-01T01:23:30
20262,TA04,42,28,42,29,2027-06-01T01:23:30,2027-06-01T01:25
20262,TA04,42,29,42,30,2027-06-01T01:25,2027-06-01T01:26:30
20262,TA04,42,30,42,31,2027-06-01T01:26:30,2027-06-01T01:28
20262,TA04,42,31,42,32,2027-06-01T01:28,2027-06-01T01:29:30
20262,TA04,42,32,42,33,2027-06-01T01:29:30,2027-06-01T01:31
20262,TA04,42,33,41,33,2027-06-01T02:31,2027-06-01T02:32:30
20262,TA04,41,33,40,33,2027-06-01T02:32:30,2027-06-01T02:34
20262,TA04,40,33,39,33,2027-06-01T02:34,2027-06-01T02:35:30
20262,TA04,39,33,38,33,2027-06-01T02:35:30,2027-06-01T02:37
20262,TA04,38,33,37,33,2027-06-01T02:37,2027-06-01T02:38:30
20262,TA04,37,33,36,33,2027-06-01T02:38:30,2027-06-01T02:40
20262,TA04,36,33,35,33,2027-06-01T02:40,2027-06-01T02:41:30
20262,TA04,35,33,34,33,2027-06-01T02:41:30,2027-06-01T02:43
20262,TA04,34,33,33,33,2027-06-01T02:43,2027-06-01T02:44:30
20262,TA04,33,33,32,33,2027-06-01T02:44:30,2027-06-01T02:46
20262,TA04,32,33,31,33,2027-06-01T02:46,2027-06-01T02:47:30
20262,TA04,31,33,31,34,2027-06-01T02:47:30,2027-06-01T02:49
20262,TA04,31,34,31,35,2027-06-01T02:49,2027-06-01T02:50:30
20262,TA04,31,35,31,36,2027-06-01T02:50:30,2027-06-01T02:52
20262,TA04,31,36,31,37,2027-06-01T02:52,2027-06-01T02:53:30
20262,TA04,31,37,31,38,2027-06-01T02:53:30,2027-06-01T02:55
20262,TA04,31,38,31,39,2027-06-01T02:55,2027-06-01T02:56:30
20262,TA04,31,39,31,40,2027-06-01T02:56:30,2027-06-01T02:58
20262,TA04,31,40,31,41,2027-06-01T02:58,2027-06-01T02:59:30
20262,TA04,31,41,30,41,2027-06-01T02:59:30,2027-06-01T03:01
20262,TA04,30,41,29,41,2027-06-01T03:01,2027-06-01T03:02:30
20262,TA04,29,41,28,41,2027-06-01T03:02:30,2027-06-01T03:04
20262,TA04,28,41,27,41,2027-06-01T03:04,2027-06-01T03:05:30
20262,TA04,27,41,26,41,2027-06-01T03:05:30,2027-06-01T03:07
20262,TA04,26,41,25,41,2027-06-01T03:07,2027-06-01T03:08:30
20262,TA04,25,41,24,41,2027-06-01T03:08:30,2027-06-01T03:10
20262,TA04,24,41,23,41,2027-06-01T03:10,2027-06-01T03:11:30
20262,TA04,23,41,22,41,2027-06-01T03:11:30,2027-06-01T03:13
20262,TA04,22,41,21,41,2027-06-01T03:13,2027-06-01T03:14:30
20262,TA04,21,41,20,41,2027-06-01T03:14:30,2027-06-01T03:16
20262,TA04,20,41,19,41,2027-06-01T03:16,2027-06-01T03:17:30
20262,TA04,19,41,18,41,2027-06-01T03:17:30,2027-06-01T03:19
20262,TA04,18,41,17,41,2027-06-01T03:19,2027-06-01T03:20:30
20262,TA04,17,41,16,41,2027-06-01T03:20:30,2027-06-01T03:22
20262,TA04,16,41,15,41,2027-06-01T03:22,2027-06-01T03:23:30
20262,TA04,15,41,14,41,2027-06-01T03:23:30,2027-06-01T03:25
20262,TA04,14,41,13,41,2027-06-01T03:25,2027-06-01T03:26:30
20262,TA04,13,41,12,41,2027-06-01T03:26:30,2027-06-01T03:28
20262,TA04,12,41,11,41,2027-06-01T03:28,2027-06-01T03:29:30
20262,TA04,11,41,11,42,2027-06-01T03:29:30,2027-06-01T03:31
20262,TA04,11,42,11,43,2027-06-01T03:31,2027-06-01T03:32:30
20262,TA04,11,43,11,44,2027-06-01T03:32:30,2027-06-01T03:34
20262,TA04,11,44,12,44,2027-06-01T05:34,2027-06-01T05:35:30
20262,TA04,12,44,12,43,2027-06-01T05:35:30,2027-06-01T05:37
20262,TA04,12,43,12,42,2027-06-01T05:37,2027-06-01T05:38:30
20262,TA04,12,42,12,41,2027-06-01T05:38:30,2027-06-01T05:40
20262,TA04,12,41,12,40,2027-06-01T05:40,2027-06-01T05:41:30
20262,TA04,12,40,12,39,2027-06-01T05:41:30,2027-06-01T05:43
20262,TA04,12,39,12,38,2027-06-01T05:43,2027-06-01T05:44:30
20262,TA05,27,14,26,14,2027-06-01T00:40,2027-06-01T00:41:30
20262,TA05,26,14,26,13,2027-06-01T00:41:30,2027-06-01T00:43
20262,TA05,26,13,26,12,2027-06-01T00:43,2027-06-01T00:44:30
20262,TA05,26,12,26,11,2027-06-01T00:44:30,2027-06-01T00:46
20262,TA05,26,11,26,10,2027-06-01T00:46,2027-06-01T00:47:30
20262,TA05,26,10,27,10,2027-06-01T02:47:30,2027-06-01T02:49
20262,TA05,27,10,27,11,2027-06-01T02:49,2027-06-01T02:50:30
20262,TA05,27,11,27,12,2027-06-01T02:50:30,2027-06-01T02:52
20262,TA05,27,12,27,13,2027-06-01T02:52,2027-06-01T02:53:30
20262,TA05,27,13,27,14,2027-06-01T02:53:30,2027-06-01T02:55
20262,TA06,27,14,26,14,2027-06-01T00:40,2027-06-01T00:41:30
20262,TA06,26,14,25,14,2027-06-01T00:41:30,2027-06-01T00:43
20262,TA06,25,14,24,14,2027-06-01T00:43,2027-06-01T00:44:30
20262,TA06,24,14,23,14,2027-06-01T00:44:30,2027-06-01T00:46
20262,TA06,23,14,22,14,2027-06-01T00:46,2027-06-01T00:47:30
20262,TA06,22,14,21,14,2027-06-01T00:47:30,2027-06-01T00:49
20262,TA06,21,14,20,14,2027-06-01T00:49,2027-06-01T00:50:30
20262,TA06,20,14,19,14,2027-06-01T00:50:30,2027-06-01T00:52
20262,TA06,19,14,18,14,2027-06-01T00:52,2027-06-01T00:53:30
20262,TA06,18,14,17,14,2027-06-01T00:53:30,2027-06-01T00:55
20262,TA06,17,14,16,14,2027-06-01T00:55,2027-06-01T00:56:30
20262,TA06,16,14,15,14,2027-06-01T00:56:30,2027-06-01T00:58
20262,TA06,15,14,14,14,2027-06-01T00:58,2027-06-01T00:59:30
20262,TA06,14,14,13,14,2027-06-01T00:59:30,2027-06-01T01:01
20262,TA06,13,14,13,15,2027-06-01T01:01,2027-06-01T01:02:30
20262,TA06,13,15,13,16,2027-06-01T01:02:30,2027-06-01T01:04
20262,TA06,13,16,13,17,2027-06-01T01:04,2027-06-01T01:05:30
20262,TA06,13,17,13,18,2027-06-01T01:05:30,2027-06-01T01:07
20262,TA06,13,18,13,19,2027-06-01T01:07,2027-06-01T01:08:30
20262,TA06,13,19,13,20,2027-06-01T01:08:30,2027-06-01T01:10
20262,TA06,13,20,13,21,2027-06-01T01:10,2027-06-01T01:11:30
20262,TA06,13,21,13,22,2027-06-01T01:11:30,2027-06-01T01:13
20262,TA06,13,22,13,23,2027-06-01T01:13,2027-06-01T01:14:30
20262,TA06,13,23,13,24,2027-06-01T01:14:30,2027-06-01T01:16
20262,TA06,13,24,13,25,2027-06-01T01:16,2027-06-01T01:17:30
20262,TA06,13,25,13,26,2027-06-01T01:17:30,2027-06-01T01:19
20262,TA06,13,26,13,27,2027-06-01T01:19,2027-06-01T01:20:30
20262,TA06,13,27,13,28,2027-06-01T01:20:30,2027-06-01T01:22
20262,TA06,13,28,13,29,2027-06-01T01:22,2027-06-01T01:23:30
20262,TA06,13,29,13,30,2027-06-01T01:23:30,2027-06-01T01:25
20262,TA06,13,30,12,30,2027-06-01T03:25,2027-06-01T03:26:30
20262,TA06,12,30,12,31,2027-06-01T03:26:30,2027-06-01T03:28
20262,TA06,12,31,12,32,2027-06-01T03:28,2027-06-01T03:29:30
20262,TA06,12,32,12,33,2027-06-01T03:29:30,2027-06-01T03:31
20262,TA06,12,33,12,34,2027-06-01T03:31,2027-06-01T03:32:30
20262,TA06,12,34,12,35,2027-06-01T03:32:30,2027-06-01T03:34
20262,TA06,12,35,12,36,2027-06-01T03:34,2027-06-01T03:35:30
20262,TA06,12,36,12,37,2027-06-01T03:35:30,2027-06-01T03:37
20262,TA06,12,37,12,38,2027-06-01T03:37,2027-06-01T03:38:30
20262,TA07,27,14,28,14,2027-06-01T00:40,2027-06-01T00:41:30
20262,TA07,28,14,29,14,2027-06-01T00:41:30,2027-06-01T00:43
20262,TA07,29,14,30,14,2027-06-01T00:43,2027-06-01T00:44:30
20262,TA07,30,14,31,14,2027-06-01T00:44:30,2027-06-01T00:46
20262,TA07,31,14,32,14,2027-06-01T00:46,2027-06-01T00:47:30
20262,TA07,32,14,33,14,2027-06-01T00:47:30,2027-06-01T00:49
20262,TA07,33,14,34,14,2027-06-01T00:49,2027-06-01T00:50:30
20262,TA07,34,14,34,13,2027-06-01T00:50:30,2027-06-01T00:52
20262,TA07,34,13,33,13,2027-06-01T02:52,2027-06-01T02:53:30
20262,TA07,33,13,32,13,2027-06-01T02:53:30,2027-06-01T02:55
20262,TA07,32,13,31,13,2027-06-01T02:55,2027-06-01T02:56:30
20262,TA07,31,13,30,13,2027-06-01T02:56:30,2027-06-01T02:58
20262,TA07,30,13,29,13,2027-06-01T02:58,2027-06-01T02:59:30
20262,TA07,29,13,28,13,2027-06-01T02:59:30,2027-06-01T03:01
20262,TA07,28,13,27,13,2027-06-01T03:01,2027-06-01T03:02:30
20262,TA07,27,13,27,14,2027-06-01T03:02:30,2027-06-01T03:04
20262,TA08,27,14,26,14,2027-06-01T00:40,2027-06-01T00:41:30
20262,TA08,26,14,25,14,2027-06-01T00:41:30,2027-06-01T00:43
20262,TA08,25,14,24,14,2027-06-01T00:43,2027-06-01T00:44:30
20262,TA08,24,14,23,14,2027-06-01T00:44:30,2027-06-01T00:46
20262,TA08,23,14,23,15,2027-06-01T00:46,2027-06-01T00:47:30
20262,TA08,23,15,23,16,2027-06-01T00:47:30,2027-06-01T00:49
20262,TA08,23,16,23,17,2027-06-01T00:49,2027-06-01T00:50:30
20262,TA08,23,17,23,18,2027-06-01T00:50:30,2027-06-01T00:52
20262,TA08,23,18,23,19,2027-06-01T00:52,2027-06-01T00:53:30
20262,TA08,23,19,23,20,2027-06-01T00:53:30,2027-06-01T00:55
20262,TA08,23,20,23,21,2027-06-01T00:55,2027-06-01T00:56:30
20262,TA08,23,21,23,22,2027-06-01T00:56:30,2027-06-01T00:58
20262,TA08,23,22,23,23,2027-06-01T00:58,2027-06-01T00:59:30
20262,TA08,23,23,23,24,2027-06-01T00:59:30,2027-06-01T01:01
20262,TA08,23,24,23,25,2027-06-01T01:01,2027-06-01T01:02:30
20262,TA08,23,25,23,26,2027-06-01T01:02:30,2027-06-01T01:04
20262,TA08,23,26,23,27,2027-06-01T01:04,2027-06-01T01:05:30
20262,TA08,23,27,23,28,2027-06-01T01:05:30,2027-06-01T01:07
20262,TA08,23,28,23,29,2027-06-01T01:07,2027-06-01T01:08:30
20262,TA08,23,29,23,30,2027-06-01T01:08:30,2027-06-01T01:10
20262,TA08,23,30,23,31,2027-06-01T01:10,2027-06-01T01:11:30
20262,TA08,23,31,23,32,2027-06-01T01:11:30,2027-06-01T01:13
20262,TA08,23,32,23,33,2027-06-01T01:13,2027-06-01T01:14:30
20262,TA08,23,33,23,34,2027-06-01T01:14:30,2027-06-01T01:16
20262,TA08,23,34,23,35,2027-06-01T01:16,2027-06-01T01:17:30
20262,TA08,23,35,23,36,2027-06-01T01:17:30,2027-06-01T01:19
20262,TA08,23,36,23,37,2027-06-01T01:19,2027-06-01T01:20:30
20262,TA08,23,37,23,38,2027-06-01T01:20:30,2027-06-01T01:22
20262,TA08,23,38,23,39,2027-06-01T01:22,2027-06-01T01:23:30
20262,TA08,23,39,23,40,2027-06-01T01:23:30,2027-06-01T01:25
20262,TA08,23,40,23,41,2027-06-01T01:25,2027-06-01T01:26:30
20262,TA08,23,41,23,42,2027-06-01T01:26:30,2027-06-01T01:28
20262,TA08,23,42,23,43,2027-06-01T01:28,2027-06-01T01:29:30
20262,TA08,23,43,23,44,2027-06-01T01:29:30,2027-06-01T01:31
20262,TA08,23,44,23,45,2027-06-01T01:31,2027-06-01T01:32:30
20262,TA08,23,45,23,46,2027-06-01T01:32:30,2027-06-01T01:34
20262,TA08,23,46,23,47,2027-06-01T01:34,2027-06-01T01:35:30
20262,TA08,23,47,23,48,2027-06-01T01:35:30,2027-06-01T01:37
20262,TA08,23,48,22,48,2027-06-01T03:37,2027-06-01T03:38:30
20262,TA08,22,48,21,48,2027-06-01T03:38:30,2027-06-01T03:40
20262,TA08,21,48,20,48,2027-06-01T03:40,2027-06-01T03:41:30
20262,TA08,20,48,19,48,2027-06-01T03:41:30,2027-06-01T03:43
20262,TA08,19,48,18,48,2027-06-01T03:43,2027-06-01T03:44:30
20262,TA08,18,48,17,48,2027-06-01T03:44:30,2027-06-01T03:46
20262,TA08,17,48,16,48,2027-06-01T03:46,2027-06-01T03:47:30
20262,TA08,16,48,15,48,2027-06-01T03:47:30,2027-06-01T03:49
20262,TA08,15,48,14,48,2027-06-01T03:49,2027-06-01T03:50:30
20262,TA08,14,48,13,48,2027-06-01T03:50:30,2027-06-01T03:52
20262,TA08,13,48,12,48,2027-06-01T03:52,2027-06-01T03:53:30
20262,TA08,12,48,12,47,2027-06-01T03:53:30,2027-06-01T03:55
20262,TA08,12,47,12,46,2027-06-01T03:55,2027-06-01T03:56:30
20262,TA08,12,46,12,45,2027-06-01T03:56:30,2027-06-01T03:58
20262,TA08,12,45,12,44,2027-06-01T03:58,2027-06-01T03:59:30
20262,TA08,12,44,12,43,2027-06-01T03:59:30,2027-06-01T04:01
20262,TA08,12,43,12,42,2027-06-01T04:01,2027-06-01T04:02:30
20262,TA08,12,42,12,41,2027-06-01T04:02:30,2027-06-01T04:04
20262,TA08,12,41,12,40,2027-06-01T04:04,2027-06-01T04:05:30
20262,TA08,12,40,12,39,2027-06-01T04:05:30,2027-06-01T04:07
20262,TA08,12,39,12,38,2027-06-01T04:07,2027-06-01T04:08:30
20262,TA09,27,14,28,14,2027-06-01T01:00,2027-06-01T01:01:30
20262,TA09,28,14,29,14,2027-06-01T01:01:30,2027-06-01T01:03
20262,TA09,29,14,30,14,2027-06-01T01:03,2027-06-01T01:04:30
20262,TA09,30,14,31,14,2027-06-01T01:04:30,2027-06-01T01:06
20262,TA09,31,14,32,14,2027-06-01T01:06,2027-06-01T01:07:30
20262,TA09,32,14,33,14,2027-06-01T01:07:30,2027-06-01T01:09
20262,TA09,33,14,34,14,2027-06-01T01:09,2027-06-01T01:10:30
20262,TA09,34,14,35,14,2027-06-01T01:10:30,2027-06-01T01:12
20262,TA09,35,14,36,14,2027-06-01T01:12,2027-06-01T01:13:30
20262,TA09,36,14,37,14,2027-06-01T01:13:30,2027-06-01T01:15
20262,TA09,37,14,38,14,2027-06-01T01:15,2027-06-01T01:16:30
20262,TA09,38,14,39,14,2027-06-01T01:16:30,2027-06-01T01:18
20262,TA09,39,14,40,14,2027-06-01T01:18,2027-06-01T01:19:30
20262,TA09,40,14,41,14,2027-06-01T01:19:30,2027-06-01T01:21
20262,TA09,41,14,42,14,2027-06-01T01:21,2027-06-01T01:22:30
20262,TA09,42,14,43,14,2027-06-01T01:22:30,2027-06-01T01:24
20262,TA09,43,14,44,14,2027-06-01T01:24,2027-06-01T01:25:30
20262,TA09,44,14,45,14,2027-06-01T01:25:30,2027-06-01T01:27
20262,TA09,45,14,46,14,2027-06-01T01:27,2027-06-01T01:28:30
20262,TA09,46,14,47,14,2027-06-01T01:28:30,2027-06-01T01:30
20262,TA09,47,14,48,14,2027-06-01T01:30,2027-06-01T01:31:30
20262,TA09,48,14,49,14,2027-06-01T01:31:30,2027-06-01T01:33
20262,TA09,49,14,50,14,2027-06-01T01:33,2027-06-01T01:34:30
20262,TA09,50,14,51,14,2027-06-01T01:34:30,2027-06-01T01:36
20262,TA09,51,14,52,14,2027-06-01T01:36,2027-06-01T01:37:30
20262,TA09,52,14,53,14,2027-06-01T01:37:30,2027-06-01T01:39
20262,TA09,53,14,54,14,2027-06-01T01:39,2027-06-01T01:40:30
20262,TA09,54,14,54,15,2027-06-01T01:40:30,2027-06-01T01:42
20262,TA09,54,15,54,16,2027-06-01T01:42,2027-06-01T01:43:30
20262,TA09,54,16,54,17,2027-06-01T01:43:30,2027-06-01T01:45
20262,TA09,54,17,54,18,2027-06-01T01:45,2027-06-01T01:46:30
20262,TA09,54,18,54,19,2027-06-01T01:46:30,2027-06-01T01:48
20262,TA09,54,19,54,20,2027-06-01T01:48,2027-06-01T01:49:30
20262,TA09,54,20,54,21,2027-06-01T01:49:30,2027-06-01T01:51
20262,TA09,54,21,54,22,2027-06-01T01:51,2027-06-01T01:52:30
20262,TA09,54,22,54,23,2027-06-01T01:52:30,2027-06-01T01:54
20262,TA09,54,23,54,24,2027-06-01T01:54,2027-06-01T01:55:30
20262,TA09,54,24,55,24,2027-06-01T02:55:30,2027-06-01T02:57
20262,TA09,55,24,56,24,2027-06-01T02:57,2027-06-01T02:58:30
20262,TA09,56,24,57,24,2027-06-01T02:58:30,2027-06-01T03:00
20262,TA09,57,24,57,25,2027-06-01T03:00,2027-06-01T03:01:30
20262,TA09,57,25,57,26,2027-06-01T03:01:30,2027-06-01T03:03
20262,TA09,57,26,57,27,2027-06-01T03:03,2027-06-01T03:04:30
20262,TA10,27,14,28,14,2027-06-01T01:20,2027-06-01T01:21:30
20262,TA10,28,14,29,14,2027-06-01T01:21:30,2027-06-01T01:23
20262,TA10,29,14,30,14,2027-06-01T01:23,2027-06-01T01:24:30
20262,TA10,30,14,31,14,2027-06-01T01:24:30,2027-06-01T01:26
20262,TA10,31,14,32,14,2027-06-01T01:26,2027-06-01T01:27:30
20262,TA10,32,14,33,14,2027-06-01T01:27:30,2027-06-01T01:29
20262,TA10,33,14,34,14,2027-06-01T01:29,2027-06-01T01:30:30
20262,TA10,34,14,35,14,2027-06-01T01:30:30,2027-06-01T01:32
20262,TA10,35,14,36,14,2027-06-01T01:32,2027-06-01T01:33:30
20262,TA10,36,14,37,14,2027-06-01T01:33:30,2027-06-01T01:35
20262,TA10,37,14,38,14,2027-06-01T01:35,2027-06-01T01:36:30
20262,TA10,38,14,39,14,2027-06-01T01:36:30,2027-06-01T01:38
20262,TA10,39,14,40,14,2027-06-01T01:38,2027-06-01T01:39:30
20262,TA10,40,14,41,14,2027-06-01T01:39:30,2027-06-01T01:41
20262,TA10,41,14,42,14,2027-06-01T01:41,2027-06-01T01:42:30
20262,TA10,42,14,43,14,2027-06-01T01:42:30,2027-06-01T01:44
20262,TA10,43,14,44,14,2027-06-01T01:44,2027-06-01T01:45:30
20262,TA10,44,14,45,14,2027-06-01T01:45:30,2027-06-01T01:47
20262,TA10,45,14,46,14,2027-06-01T01:47,2027-06-01T01:48:30
20262,TA10,46,14,47,14,2027-06-01T01:48:30,2027-06-01T01:50
20262,TA10,47,14,48,14,2027-06-01T01:50,2027-06-01T01:51:30
20262,TA10,48,14,49,14,2027-06-01T01:51:30,2027-06-01T01:53
20262,TA10,49,14,50,14,2027-06-01T01:53,2027-06-01T01:54:30
20262,TA10,50,14,51,14,2027-06-01T01:54:30,2027-06-01T01:56
20262,TA10,51,14,52,14,2027-06-01T01:56,2027-06-01T01:57:30
20262,TA10,52,14,53,14,2027-06-01T01:57:30,2027-06-01T01:59
20262,TA10,53,14,54,14,2027-06-01T01:59,2027-06-01T02:00:30
20262,TA10,54,14,55,14,2027-06-01T02:00:30,2027-06-01T02:02
20262,TA10,55,14,56,14,2027-06-01T02:02,2027-06-01T02:03:30
20262,TA10,56,14,57,14,2027-06-01T02:03:30,2027-06-01T02:05
20262,TA10,57,14,58,14,2027-06-01T02:05,2027-06-01T02:06:30
20262,TA10,58,14,59,14,2027-06-01T02:06:30,2027-06-01T02:08
20262,TA10,59,14,60,14,2027-06-01T02:08,2027-06-01T02:09:30
20262,TA10,60,14,61,14,2027-06-01T02:09:30,2027-06-01T02:11
20262,TA10,61,14,61,13,2027-06-01T02:11,2027-06-01T02:12:30
20262,TA10,61,13,61,12,2027-06-01T02:12:30,2027-06-01T02:14
20262,TA10,61,12,60,12,2027-06-01T03:14,2027-06-01T03:15:30
20262,TA10,60,12,59,12,2027-06-01T03:15:30,2027-06-01T03:17
20262,TA10,59,12,58,12,2027-06-01T03:17,2027-06-01T03:18:30
20262,TA10,58,12,57,12,2027-06-01T03:18:30,2027-06-01T03:20
20262,TA10,57,12,57,13,2027-06-01T03:20,2027-06-01T03:21:30
20262,TA10,57,13,57,14,2027-06-01T03:21:30,2027-06-01T03:23
20262,TA10,57,14,57,15,2027-06-01T03:23,2027-06-01T03:24:30
20262,TA10,57,15,57,16,2027-06-01T03:24:30,2027-06-01T03:26
20262,TA10,57,16,57,17,2027-06-01T03:26,2027-06-01T03:27:30
20262,TA10,57,17,57,18,2027-06-01T03:27:30,2027-06-01T03:29
20262,TA10,57,18,57,19,2027-06-01T03:29,2027-06-01T03:30:30
20262,TA10,57,19,57,20,2027-06-01T03:30:30,2027-06-01T03:32
20262,TA10,57,20,57,21,2027-06-01T03:32,2027-06-01T03:33:30
20262,TA10,57,21,57,22,2027-06-01T03:33:30,2027-06-01T03:35
20262,TA10,57,22,57,23,2027-06-01T03:35,2027-06-01T03:36:30
20262,TA10,57,23,57,24,2027-06-01T03:36:30,2027-06-01T03:38
20262,TA10,57,24,57,25,2027-06-01T03:38,2027-06-01T03:39:30
20262,TA10,57,25,57,26,2027-06-01T03:39:30,2027-06-01T03:41
20262,TA10,57,26,57,27,2027-06-01T03:41,2027-06-01T03:42:30
20262,TM01,27,14,28,14,2027-06-01T01:30,2027-06-01T01:32:24
20262,TM01,28,14,29,14,2027-06-01T01:32:24,2027-06-01T01:34:48
20262,TM01,29,14,30,14,2027-06-01T01:34:48,2027-06-01T01:37:12
20262,TM01,30,14,31,14,2027-06-01T01:37:12,2027-06-01T01:39:36
20262,TM01,31,14,32,14,2027-06-01T01:39:36,2027-06-01T01:42
20262,TM01,32,14,33,14,2027-06-01T01:42,2027-06-01T01:44:24
20262,TM01,33,14,34,14,2027-06-01T01:44:24,2027-06-01T01:46:48
20262,TM01,34,14,35,14,2027-06-01T01:46:48,2027-06-01T01:49:12
20262,TM01,35,14,36,14,2027-06-01T01:49:12,2027-06-01T01:51:36
20262,TM01,36,14,37,14,2027-06-01T01:51:36,2027-06-01T01:54
20262,TM01,37,14,38,14,2027-06-01T01:54,2027-06-01T01:56:24
20262,TM01,38,14,39,14,2027-06-01T01:56:24,2027-06-01T01:58:48
20262,TM01,39,14,40,14,2027-06-01T01:58:48,2027-06-01T02:01:12
20262,TM01,40,14,41,14,2027-06-01T02:01:12,2027-06-01T02:03:36
20262,TM01,41,14,42,14,2027-06-01T02:03:36,2027-06-01T02:06
20262,TM01,42,14,43,14,2027-06-01T02:06,2027-06-01T02:08:24
20262,TM01,43,14,44,14,2027-06-01T02:08:24,2027-06-01T02:10:48
20262,TM01,44,14,45,14,2027-06-01T02:10:48,2027-06-01T02:13:12
20262,TM01,45,14,46,14,2027-06-01T02:13:12,2027-06-01T02:15:36
20262,TM01,46,14,47,14,2027-06-01T02:15:36,2027-06-01T02:18
20262,TM01,47,14,48,14,2027-06-01T02:18,2027-06-01T02:20:24
20262,TM01,48,14,49,14,2027-06-01T02:20:24,2027-06-01T02:22:48
20262,TM01,49,14,50,14,2027-06-01T02:22:48,2027-06-01T02:25:12
20262,TM01,50,14,51,14,2027-06-01T02:25:12,2027-06-01T02:27:36
20262,TM01,51,14,52,14,2027-06-01T02:27:36,2027-06-01T02:30
20262,TM01,52,14,53,14,2027-06-01T02:30,2027-06-01T02:32:24
20262,TM01,53,14,54,14,2027-06-01T02:32:24,2027-06-01T02:34:48
20262,TM01,54,14,54,13,2027-06-01T02:34:48,2027-06-01T02:37:12
20262,TM01,54,13,54,12,2027-06-01T02:37:12,2027-06-01T02:39:36
20262,TM01,54,12,54,11,2027-06-01T02:39:36,2027-06-01T02:42
20262,TM01,54,11,54,10,2027-06-01T02:42,2027-06-01T02:44:24
20262,TM01,54,10,54,9,2027-06-01T02:44:24,2027-06-01T02:46:48
20262,TM01,54,9,54,8,2027-06-01T02:46:48,2027-06-01T02:49:12
20262,TM01,54,8,54,7,2027-06-01T02:49:12,2027-06-01T02:51:36
20262,TM01,54,7,54,6,2027-06-01T02:51:36,2027-06-01T02:54
20262,TM01,54,6,55,6,2027-06-01T03:54,2027-06-01T03:56:24
20262,TM01,55,6,56,6,2027-06-01T03:56:24,2027-06-01T03:58:48
20262,TM01,56,6,57,6,2027-06-01T03:58:48,2027-06-01T04:01:12
20262,TM01,57,6,57,7,2027-06-01T04:01:12,2027-06-01T04:03:36
20262,TM01,57,7,57,8,2027-06-01T04:03:36,2027-06-01T04:06
20262,TM01,57,8,57,9,2027-06-01T04:06,2027-06-01T04:08:24
20262,TM01,57,9,57,10,2027-06-01T04:08:24,2027-06-01T04:10:48
20262,TM01,57,10,57,11,2027-06-01T04:10:48,2027-06-01T04:13:12
20262,TM01,57,11,57,12,2027-06-01T04:13:12,2027-06-01T04:15:36
20262,TM01,57,12,57,13,2027-06-01T04:15:36,2027-06-01T04:18
20262,TM01,57,13,57,14,2027-06-01T04:18,2027-06-01T04:20:24
20262,TM01,57,14,57,15,2027-06-01T04:20:24,2027-06-01T04:22:48
20262,TM01,57,15,57,16,2027-06-01T04:22:48,2027-06-01T04:25:12
20262,TM01,57,16,57,17,2027-06-01T04:25:12,2027-06-01T04:27:36
20262,TM01,57,17,57,18,2027-06-01T04:27:36,2027-06-01T04:30
20262,TM01,57,18,57,19,2027-06-01T04:30,2027-06-01T04:32:24
20262,TM01,57,19,57,20,2027-06-01T04:32:24,2027-06-01T04:34:48
20262,TM01,57,20,57,21,2027-06-01T04:34:48,2027-06-01T04:37:12
20262,TM01,57,21,57,22,2027-06-01T04:37:12,2027-06-01T04:39:36
20262,TM01,57,22,57,23,2027-06-01T04:39:36,2027-06-01T04:42
20262,TM01,57,23,57,24,2027-06-01T04:42,2027-06-01T04:44:24
20262,TM01,57,24,57,25,2027-06-01T04:44:24,2027-06-01T04:46:48
20262,TM01,57,25,57,26,2027-06-01T04:46:48,2027-06-01T04:49:12
20262,TM01,57,26,57,27,2027-06-01T04:49:12,2027-06-01T04:51:36
20262,TM02,27,14,28,14,2027-06-01T01:40,2027-06-01T01:42:24
20262,TM02,28,14,29,14,2027-06-01T01:42:24,2027-06-01T01:44:48
20262,TM02,29,14,30,14,2027-06-01T01:44:48,2027-06-01T01:47:12
20262,TM02,30,14,31,14,2027-06-01T01:47:12,2027-06-01T01:49:36
20262,TM02,31,14,32,14,2027-06-01T01:49:36,2027-06-01T01:52
20262,TM02,32,14,33,14,2027-06-01T01:52,2027-06-01T01:54:24
20262,TM02,33,14,34,14,2027-06-01T01:54:24,2027-06-01T01:56:48
20262,TM02,34,14,35,14,2027-06-01T01:56:48,2027-06-01T01:59:12
20262,TM02,35,14,36,14,2027-06-01T01:59:12,2027-06-01T02:01:36
20262,TM02,36,14,37,14,2027-06-01T02:01:36,2027-06-01T02:04
20262,TM02,37,14,38,14,2027-06-01T02:04,2027-06-01T02:06:24
20262,TM02,38,14,39,14,2027-06-01T02:06:24,2027-06-01T02:08:48
20262,TM02,39,14,40,14,2027-06-01T02:08:48,2027-06-01T02:11:12
20262,TM02,40,14,41,14,2027-06-01T02:11:12,2027-06-01T02:13:36
20262,TM02,41,14,42,14,2027-06-01T02:13:36,2027-06-01T02:16
20262,TM02,42,14,43,14,2027-06-01T02:16,2027-06-01T02:18:24
20262,TM02,43,14,44,14,2027-06-01T02:18:24,2027-06-01T02:20:48
20262,TM02,44,14,45,14,2027-06-01T02:20:48,2027-06-01T02:23:12
20262,TM02,45,14,46,14,2027-06-01T02:23:12,2027-06-01T02:25:36
20262,TM02,46,14,47,14,2027-06-01T02:25:36,2027-06-01T02:28
20262,TM02,47,14,48,14,2027-06-01T02:28,2027-06-01T02:30:24
20262,TM02,48,14,49,14,2027-06-01T02:30:24,2027-06-01T02:32:48
20262,TM02,49,14,49,15,2027-06-01T02:32:48,2027-06-01T02:35:12
20262,TM02,49,15,49,16,2027-06-01T02:35:12,2027-06-01T02:37:36
20262,TM02,49,16,49,17,2027-06-01T02:37:36,2027-06-01T02:40
20262,TM02,49,17,49,18,2027-06-01T02:40,2027-06-01T02:42:24
20262,TM02,49,18,49,19,2027-06-01T02:42:24,2027-06-01T02:44:48
20262,TM02,49,19,49,20,2027-06-01T02:44:48,2027-06-01T02:47:12
20262,TM02,49,20,50,20,2027-06-01T03:47:12,2027-06-01T03:49:36
20262,TM02,50,20,51,20,2027-06-01T03:49:36,2027-06-01T03:52
20262,TM02,51,20,52,20,2027-06-01T03:52,2027-06-01T03:54:24
20262,TM02,52,20,53,20,2027-06-01T03:54:24,2027-06-01T03:56:48
20262,TM02,53,20,54,20,2027-06-01T03:56:48,2027-06-01T03:59:12
20262,TM02,54,20,55,20,2027-06-01T03:59:12,2027-06-01T04:01:36
20262,TM02,55,20,56,20,2027-06-01T04:01:36,2027-06-01T04:04
20262,TM02,56,20,57,20,2027-06-01T04:04,2027-06-01T04:06:24
20262,TM02,57,20,57,21,2027-06-01T04:06:24,2027-06-01T04:08:48
20262,TM02,57,21,57,22,2027-06-01T04:08:48,2027-06-01T04:11:12
20262,TM02,57,22,57,23,2027-06-01T04:11:12,2027-06-01T04:13:36
20262,TM02,57,23,57,24,2027-06-01T04:13:36,2027-06-01T04:16
20262,TM02,57,24,57,25,2027-06-01T04:16,2027-06-01T04:18:24
20262,TM02,57,25,57,26,2027-06-01T04:18:24,2027-06-01T04:20:48
20262,TM02,57,26,57,27,2027-06-01T04:20:48,2027-06-01T04:23:12
20262,TM03,27,14,28,14,2027-06-01T01:40,2027-06-01T01:42:24
20262,TM03,28,14,29,14,2027-06-01T01:42:24,2027-06-01T01:44:48
20262,TM03,29,14,30,14,2027-06-01T01:44:48,2027-06-01T01:47:12
20262,TM03,30,14,31,14,2027-06-01T01:47:12,2027-06-01T01:49:36
20262,TM03,31,14,32,14,2027-06-01T01:49:36,2027-06-01T01:52
20262,TM03,32,14,33,14,2027-06-01T01:52,2027-06-01T01:54:24
20262,TM03,33,14,34,14,2027-06-01T01:54:24,2027-06-01T01:56:48
20262,TM03,34,14,35,14,2027-06-01T01:56:48,2027-06-01T01:59:12
20262,TM03,35,14,36,14,2027-06-01T01:59:12,2027-06-01T02:01:36
20262,TM03,36,14,37,14,2027-06-01T02:01:36,2027-06-01T02:04
20262,TM03,37,14,38,14,2027-06-01T02:04,2027-06-01T02:06:24
20262,TM03,38,14,39,14,2027-06-01T02:06:24,2027-06-01T02:08:48
20262,TM03,39,14,40,14,2027-06-01T02:08:48,2027-06-01T02:11:12
20262,TM03,40,14,41,14,2027-06-01T02:11:12,2027-06-01T02:13:36
20262,TM03,41,14,41,13,2027-06-01T02:13:36,2027-06-01T02:16
20262,TM03,41,13,41,12,2027-06-01T02:16,2027-06-01T02:18:24
20262,TM03,41,12,41,11,2027-06-01T02:18:24,2027-06-01T02:20:48
20262,TM03,41,11,41,10,2027-06-01T02:20:48,2027-06-01T02:23:12
20262,TM03,41,10,41,9,2027-06-01T02:23:12,2027-06-01T02:25:36
20262,TM03,41,9,41,8,2027-06-01T02:25:36,2027-06-01T02:28
20262,TM03,41,8,41,7,2027-06-01T02:28,2027-06-01T02:30:24
20262,TM03,41,7,41,6,2027-06-01T02:30:24,2027-06-01T02:32:48
20262,TM03,41,6,41,5,2027-06-01T02:32:48,2027-06-01T02:35:12
20262,TM03,41,5,41,4,2027-06-01T02:35:12,2027-06-01T02:37:36
20262,TM03,41,4,41,3,2027-06-01T02:37:36,2027-06-01T02:40
20262,TM03,41,3,41,2,2027-06-01T02:40,2027-06-01T02:42:24
20262,TM03,41,2,41,1,2027-06-01T02:42:24,2027-06-01T02:44:48
20262,TM03,41,1,40,1,2027-06-01T03:44:48,2027-06-01T03:47:12
20262,TM03,40,1,39,1,2027-06-01T03:47:12,2027-06-01T03:49:36
20262,TM03,39,1,38,1,2027-06-01T03:49:36,2027-06-01T03:52
20262,TM03,38,1,37,1,2027-06-01T03:52,2027-06-01T03:54:24
20262,TM03,37,1,36,1,2027-06-01T03:54:24,2027-06-01T03:56:48
20262,TM03,36,1,35,1,2027-06-01T03:56:48,2027-06-01T03:59:12
20262,TM03,35,1,34,1,2027-06-01T03:59:12,2027-06-01T04:01:36
20262,TM03,34,1,33,1,2027-06-01T04:01:36,2027-06-01T04:04
20262,TM03,33,1,32,1,2027-06-01T04:04,2027-06-01T04:06:24
20262,TM03,32,1,31,1,2027-06-01T04:06:24,2027-06-01T04:08:48
20262,TM03,31,1,30,1,2027-06-01T04:08:48,2027-06-01T04:11:12
20262,TM03,30,1,29,1,2027-06-01T04:11:12,2027-06-01T04:13:36
20262,TM03,29,1,28,1,2027-06-01T04:13:36,2027-06-01T04:16
20262,TM03,28,1,27,1,2027-06-01T04:16,2027-06-01T04:18:24
20262,TM03,27,1,27,2,2027-06-01T04:18:24,2027-06-01T04:20:48
20262,TM03,27,2,27,3,2027-06-01T04:20:48,2027-06-01T04:23:12
20262,TM03,27,3,27,4,2027-06-01T04:23:12,2027-06-01T04:25:36
20262,TM03,27,4,27,5,2027-06-01T04:25:36,2027-06-01T04:28
20262,TM03,27,5,27,6,2027-06-01T04:28,2027-06-01T04:30:24
20262,TM03,27,6,27,7,2027-06-01T04:30:24,2027-06-01T04:32:48
20262,TM03,27,7,27,8,2027-06-01T04:32:48,2027-06-01T04:35:12
20262,TM03,27,8,27,9,2027-06-01T04:35:12,2027-06-01T04:37:36
20262,TM03,27,9,27,10,2027-06-01T04:37:36,2027-06-01T04:40
20262,TM03,27,10,27,11,2027-06-01T04:40,2027-06-01T04:42:24
20262,TM03,27,11,27,12,2027-06-01T04:42:24,2027-06-01T04:44:48
20262,TM03,27,12,27,13,2027-06-01T04:44:48,2027-06-01T04:47:12
20262,TM03,27,13,27,14,2027-06-01T04:47:12,2027-06-01T04:49:36
20262,TM04,27,14,28,14,2027-06-01T01:50,2027-06-01T01:52:24
20262,TM04,28,14,29,14,2027-06-01T01:52:24,2027-06-01T01:54:48
20262,TM04,29,14,30,14,2027-06-01T01:54:48,2027-06-01T01:57:12
20262,TM04,30,14,31,14,2027-06-01T01:57:12,2027-06-01T01:59:36
20262,TM04,31,14,31,15,2027-06-01T01:59:36,2027-06-01T02:02
20262,TM04,31,15,31,16,2027-06-01T02:02,2027-06-01T02:04:24
20262,TM04,31,16,31,17,2027-06-01T02:04:24,2027-06-01T02:06:48
20262,TM04,31,17,31,18,2027-06-01T02:06:48,2027-06-01T02:09:12
20262,TM04,31,18,31,19,2027-06-01T02:09:12,2027-06-01T02:11:36
20262,TM04,31,19,31,20,2027-06-01T02:11:36,2027-06-01T02:14
20262,TM04,31,20,31,21,2027-06-01T02:14,2027-06-01T02:16:24
20262,TM04,31,21,31,22,2027-06-01T02:16:24,2027-06-01T02:18:48
20262,TM04,31,22,31,23,2027-06-01T02:18:48,2027-06-01T02:21:12
20262,TM04,31,23,31,24,2027-06-01T02:21:12,2027-06-01T02:23:36
20262,TM04,31,24,31,25,2027-06-01T02:23:36,2027-06-01T02:26
20262,TM04,31,25,31,26,2027-06-01T02:26,2027-06-01T02:28:24
20262,TM04,31,26,31,27,2027-06-01T02:28:24,2027-06-01T02:30:48
20262,TM04,31,27,31,28,2027-06-01T02:30:48,2027-06-01T02:33:12
20262,TM04,31,28,31,29,2027-06-01T02:33:12,2027-06-01T02:35:36
20262,TM04,31,29,31,30,2027-06-01T02:35:36,2027-06-01T02:38
20262,TM04,31,30,31,31,2027-06-01T02:38,2027-06-01T02:40:24
20262,TM04,31,31,31,32,2027-06-01T02:40:24,2027-06-01T02:42:48
20262,TM04,31,32,31,33,2027-06-01T02:42:48,2027-06-01T02:45:12
20262,TM04,31,33,31,34,2027-06-01T02:45:12,2027-06-01T02:47:36
20262,TM04,31,34,31,35,2027-06-01T02:47:36,2027-06-01T02:50
20262,TM04,31,35,31,36,2027-06-01T02:50,2027-06-01T02:52:24
20262,TM04,31,36,31,37,2027-06-01T02:52:24,2027-06-01T02:54:48
20262,TM04,31,37,31,38,2027-06-01T02:54:48,2027-06-01T02:57:12
20262,TM04,31,38,31,39,2027-06-01T02:57:12,2027-06-01T02:59:36
20262,TM04,31,39,31,40,2027-06-01T02:59:36,2027-06-01T03:02
20262,TM04,31,40,31,41,2027-06-01T03:02,2027-06-01T03:04:24
20262,TM04,31,41,30,41,2027-06-01T03:04:24,2027-06-01T03:06:48
20262,TM04,30,41,29,41,2027-06-01T03:06:48,2027-06-01T03:09:12
20262,TM04,29,41,28,41,2027-06-01T03:09:12,2027-06-01T03:11:36
20262,TM04,28,41,27,41,2027-06-01T03:11:36,2027-06-01T03:14
20262,TM04,27,41,27,42,2027-06-01T03:14,2027-06-01T03:16:24
20262,TM04,27,42,27,43,2027-06-01T03:16:24,2027-06-01T03:18:48
20262,TM04,27,43,27,44,2027-06-01T03:18:48,2027-06-01T03:21:12
20262,TM04,27,44,27,45,2027-06-01T03:21:12,2027-06-01T03:23:36
20262,TM04,27,45,27,46,2027-06-01T03:23:36,2027-06-01T03:26
20262,TM04,27,46,27,47,2027-06-01T03:26,2027-06-01T03:28:24
20262,TM04,27,47,26,47,2027-06-01T04:28:24,2027-06-01T04:30:48
20262,TM04,26,47,25,47,2027-06-01T04:30:48,2027-06-01T04:33:12
20262,TM04,25,47,24,47,2027-06-01T04:33:12,2027-06-01T04:35:36
20262,TM04,24,47,23,47,2027-06-01T04:35:36,2027-06-01T04:38
20262,TM04,23,47,22,47,2027-06-01T04:38,2027-06-01T04:40:24
20262,TM04,22,47,21,47,2027-06-01T04:40:24,2027-06-01T04:42:48
20262,TM04,21,47,20,47,2027-06-01T04:42:48,2027-06-01T04:45:12
20262,TM04,20,47,19,47,2027-06-01T04:45:12,2027-06-01T04:47:36
20262,TM04,19,47,18,47,2027-06-01T04:47:36,2027-06-01T04:50
20262,TM04,18,47,17,47,2027-06-01T04:50,2027-06-01T04:52:24
20262,TM04,17,47,16,47,2027-06-01T04:52:24,2027-06-01T04:54:48
20262,TM04,16,47,15,47,2027-06-01T04:54:48,2027-06-01T04:57:12
20262,TM04,15,47,14,47,2027-06-01T04:57:12,2027-06-01T04:59:36
20262,TM04,14,47,13,47,2027-06-01T04:59:36,2027-06-01T05:02
20262,TM04,13,47,12,47,2027-06-01T05:02,2027-06-01T05:04:24
20262,TM04,12,47,12,46,2027-06-01T05:04:24,2027-06-01T05:06:48
20262,TM04,12,46,12,45,2027-06-01T05:06:48,2027-06-01T05:09:12
20262,TM04,12,45,12,44,2027-06-01T05:09:12,2027-06-01T05:11:36
20262,TM04,12,44,12,43,2027-06-01T05:11:36,2027-06-01T05:14
20262,TM04,12,43,12,42,2027-06-01T05:14,2027-06-01T05:16:24
20262,TM04,12,42,12,41,2027-06-01T05:16:24,2027-06-01T05:18:48
20262,TM04,12,41,12,40,2027-06-01T05:18:48,2027-06-01T05:21:12
20262,TM04,12,40,12,39,2027-06-01T05:21:12,2027-06-01T05:23:36
20262,TM04,12,39,12,38,2027-06-01T05:23:36,2027-06-01T05:26
20262,TM05,27,14,26,14,2027-06-01T02:20,2027-06-01T02:22:24
20262,TM05,26,14,25,14,2027-06-01T02:22:24,2027-06-01T02:24:48
20262,TM05,25,14,24,14,2027-06-01T02:24:48,2027-06-01T02:27:12
20262,TM05,24,14,23,14,2027-06-01T02:27:12,2027-06-01T02:29:36
20262,TM05,23,14,22,14,2027-06-01T02:29:36,2027-06-01T02:32
20262,TM05,22,14,21,14,2027-06-01T02:32,2027-06-01T02:34:24
20262,TM05,21,14,20,14,2027-06-01T02:34:24,2027-06-01T02:36:48
20262,TM05,20,14,19,14,2027-06-01T02:36:48,2027-06-01T02:39:12
20262,TM05,19,14,18,14,2027-06-01T02:39:12,2027-06-01T02:41:36
20262,TM05,18,14,17,14,2027-06-01T02:41:36,2027-06-01T02:44
20262,TM05,17,14,16,14,2027-06-01T02:44,2027-06-01T02:46:24
20262,TM05,16,14,15,14,2027-06-01T02:46:24,2027-06-01T02:48:48
20262,TM05,15,14,14,14,2027-06-01T02:48:48,2027-06-01T02:51:12
20262,TM05,14,14,13,14,2027-06-01T02:51:12,2027-06-01T02:53:36
20262,TM05,13,14,13,15,2027-06-01T02:53:36,2027-06-01T02:56
20262,TM05,13,15,13,16,2027-06-01T02:56,2027-06-01T02:58:24
20262,TM05,13,16,13,17,2027-06-01T02:58:24,2027-06-01T03:00:48
20262,TM05,13,17,13,18,2027-06-01T03:00:48,2027-06-01T03:03:12
20262,TM05,13,18,13,19,2027-06-01T03:03:12,2027-06-01T03:05:36
20262,TM05,13,19,13,20,2027-06-01T03:05:36,2027-06-01T03:08
20262,TM05,13,20,13,21,2027-06-01T03:08,2027-06-01T03:10:24
20262,TM05,13,21,13,22,2027-06-01T03:10:24,2027-06-01T03:12:48
20262,TM05,13,22,13,23,2027-06-01T03:12:48,2027-06-01T03:15:12
20262,TM05,13,23,13,24,2027-06-01T03:15:12,2027-06-01T03:17:36
20262,TM05,13,24,13,25,2027-06-01T03:17:36,2027-06-01T03:20
20262,TM05,13,25,13,26,2027-06-01T03:20,2027-06-01T03:22:24
20262,TM05,13,26,13,27,2027-06-01T03:22:24,2027-06-01T03:24:48
20262,TM05,13,27,13,28,2027-06-01T03:24:48,2027-06-01T03:27:12
20262,TM05,13,28,13,29,2027-06-01T03:27:12,2027-06-01T03:29:36
20262,TM05,13,29,13,30,2027-06-01T03:29:36,2027-06-01T03:32
20262,TM05,13,30,13,31,2027-06-01T03:32,2027-06-01T03:34:24
20262,TM05,13,31,13,32,2027-06-01T03:34:24,2027-06-01T03:36:48
20262,TM05,13,32,13,33,2027-06-01T03:36:48,2027-06-01T03:39:12
20262,TM05,13,33,13,34,2027-06-01T03:39:12,2027-06-01T03:41:36
20262,TM05,13,34,13,35,2027-06-01T03:41:36,2027-06-01T03:44
20262,TM05,13,35,13,36,2027-06-01T03:44,2027-06-01T03:46:24
20262,TM05,13,36,13,37,2027-06-01T03:46:24,2027-06-01T03:48:48
20262,TM05,13,37,13,38,2027-06-01T03:48:48,2027-06-01T03:51:12
20262,TM05,13,38,13,39,2027-06-01T03:51:12,2027-06-01T03:53:36
20262,TM05,13,39,13,40,2027-06-01T03:53:36,2027-06-01T03:56
20262,TM05,13,40,13,41,2027-06-01T03:56,2027-06-01T03:58:24
20262,TM05,13,41,13,42,2027-06-01T03:58:24,2027-06-01T04:00:48
20262,TM05,13,42,13,43,2027-06-01T04:00:48,2027-06-01T04:03:12
20262,TM05,13,43,13,44,2027-06-01T04:03:12,2027-06-01T04:05:36
20262,TM05,13,44,13,45,2027-06-01T04:05:36,2027-06-01T04:08
20262,TM05,13,45,13,46,2027-06-01T04:08,2027-06-01T04:10:24
20262,TM05,13,46,13,47,2027-06-01T04:10:24,2027-06-01T04:12:48
20262,TM05,13,47,12,47,2027-06-01T05:12:48,2027-06-01T05:15:12
20262,TM05,12,47,12,46,2027-06-01T05:15:12,2027-06-01T05:17:36
20262,TM05,12,46,12,45,2027-06-01T05:17:36,2027-06-01T05:20
20262,TM05,12,45,12,44,2027-06-01T05:20,2027-06-01T05:22:24
20262,TM05,12,44,12,43,2027-06-01T05:22:24,2027-06-01T05:24:48
20262,TM05,12,43,12,42,2027-06-01T05:24:48,2027-06-01T05:27:12
20262,TM05,12,42,12,41,2027-06-01T05:27:12,2027-06-01T05:29:36
20262,TM05,12,41,12,40,2027-06-01T05:29:36,2027-06-01T05:32
20262,TM05,12,40,12,39,2027-06-01T05:32,2027-06-01T05:34:24
20262,TM05,12,39,12,38,2027-06-01T05:34:24,2027-06-01T05:36:48
20262,TM06,27,14,28,14,2027-06-01T02:20,2027-06-01T02:22:24
20262,TM06,28,14,29,14,2027-06-01T02:22:24,2027-06-01T02:24:48
20262,TM06,29,14,30,14,2027-06-01T02:24:48,2027-06-01T02:27:12
20262,TM06,30,14,31,14,2027-06-01T02:27:12,2027-06-01T02:29:36
20262,TM06,31,14,32,14,2027-06-01T02:29:36,2027-06-01T02:32
20262,TM06,32,14,33,14,2027-06-01T02:32,2027-06-01T02:34:24
20262,TM06,33,14,34,14,2027-06-01T02:34:24,2027-06-01T02:36:48
20262,TM06,34,14,35,14,2027-06-01T02:36:48,2027-06-01T02:39:12
20262,TM06,35,14,36,14,2027-06-01T02:39:12,2027-06-01T02:41:36
20262,TM06,36,14,37,14,2027-06-01T02:41:36,2027-06-01T02:44
20262,TM06,37,14,38,14,2027-06-01T02:44,2027-06-01T02:46:24
20262,TM06,38,14,39,14,2027-06-01T02:46:24,2027-06-01T02:48:48
20262,TM06,39,14,40,14,2027-06-01T02:48:48,2027-06-01T02:51:12
20262,TM06,40,14,41,14,2027-06-01T02:51:12,2027-06-01T02:53:36
20262,TM06,41,14,42,14,2027-06-01T02:53:36,2027-06-01T02:56
20262,TM06,42,14,43,14,2027-06-01T02:56,2027-06-01T02:58:24
20262,TM06,43,14,44,14,2027-06-01T02:58:24,2027-06-01T03:00:48
20262,TM06,44,14,45,14,2027-06-01T03:00:48,2027-06-01T03:03:12
20262,TM06,45,14,45,15,2027-06-01T03:03:12,2027-06-01T03:05:36
20262,TM06,45,15,45,16,2027-06-01T03:05:36,2027-06-01T03:08
20262,TM06,45,16,45,17,2027-06-01T03:08,2027-06-01T03:10:24
20262,TM06,45,17,45,18,2027-06-01T03:10:24,2027-06-01T03:12:48
20262,TM06,45,18,45,19,2027-06-01T03:12:48,2027-06-01T03:15:12
20262,TM06,45,19,45,20,2027-06-01T03:15:12,2027-06-01T03:17:36
20262,TM06,45,20,45,21,2027-06-01T03:17:36,2027-06-01T03:20
20262,TM06,45,21,45,22,2027-06-01T03:20,2027-06-01T03:22:24
20262,TM06,45,22,45,23,2027-06-01T03:22:24,2027-06-01T03:24:48
20262,TM06,45,23,45,24,2027-06-01T03:24:48,2027-06-01T03:27:12
20262,TM06,45,24,45,25,2027-06-01T03:27:12,2027-06-01T03:29:36
20262,TM06,45,25,45,26,2027-06-01T03:29:36,2027-06-01T03:32
20262,TM06,45,26,45,27,2027-06-01T03:32,2027-06-01T03:34:24
20262,TM06,45,27,45,28,2027-06-01T03:34:24,2027-06-01T03:36:48
20262,TM06,45,28,46,28,2027-06-01T04:36:48,2027-06-01T04:39:12
20262,TM06,46,28,47,28,2027-06-01T04:39:12,2027-06-01T04:41:36
20262,TM06,47,28,48,28,2027-06-01T04:41:36,2027-06-01T04:44
20262,TM06,48,28,49,28,2027-06-01T04:44,2027-06-01T04:46:24
20262,TM06,49,28,50,28,2027-06-01T04:46:24,2027-06-01T04:48:48
20262,TM06,50,28,51,28,2027-06-01T04:48:48,2027-06-01T04:51:12
20262,TM06,51,28,52,28,2027-06-01T04:51:12,2027-06-01T04:53:36
20262,TM06,52,28,53,28,2027-06-01T04:53:36,2027-06-01T04:56
20262,TM06,53,28,54,28,2027-06-01T04:56,2027-06-01T04:58:24
20262,TM06,54,28,55,28,2027-06-01T04:58:24,2027-06-01T05:00:48
20262,TM06,55,28,56,28,2027-06-01T05:00:48,2027-06-01T05:03:12
20262,TM06,56,28,57,28,2027-06-01T05:03:12,2027-06-01T05:05:36
20262,TM06,57,28,57,27,2027-06-01T05:05:36,2027-06-01T05:08
20262,TM07,27,14,26,14,2027-06-01T02:30,2027-06-01T02:32:24
20262,TM07,26,14,25,14,2027-06-01T02:32:24,2027-06-01T02:34:48
20262,TM07,25,14,24,14,2027-06-01T02:34:48,2027-06-01T02:37:12
20262,TM07,24,14,23,14,2027-06-01T02:37:12,2027-06-01T02:39:36
20262,TM07,23,14,22,14,2027-06-01T02:39:36,2027-06-01T02:42
20262,TM07,22,14,21,14,2027-06-01T02:42,2027-06-01T02:44:24
20262,TM07,21,14,20,14,2027-06-01T02:44:24,2027-06-01T02:46:48
20262,TM07,20,14,20,13,2027-06-01T02:46:48,2027-06-01T02:49:12
20262,TM07,20,13,20,12,2027-06-01T02:49:12,2027-06-01T02:51:36
20262,TM07,20,12,20,11,2027-06-01T02:51:36,2027-06-01T02:54
20262,TM07,20,11,20,10,2027-06-01T02:54,2027-06-01T02:56:24
20262,TM07,20,10,20,9,2027-06-01T02:56:24,2027-06-01T02:58:48
20262,TM07,20,9,20,8,2027-06-01T02:58:48,2027-06-01T03:01:12
20262,TM07,20,8,20,7,2027-06-01T03:01:12,2027-06-01T03:03:36
20262,TM07,20,7,20,6,2027-06-01T03:03:36,2027-06-01T03:06
20262,TM07,20,6,20,5,2027-06-01T03:06,2027-06-01T03:08:24
20262,TM07,20,5,20,4,2027-06-01T03:08:24,2027-06-01T03:10:48
20262,TM07,20,4,20,3,2027-06-01T03:10:48,2027-06-01T03:13:12
20262,TM07,20,3,21,3,2027-06-01T04:13:12,2027-06-01T04:15:36
20262,TM07,21,3,22,3,2027-06-01T04:15:36,2027-06-01T04:18
20262,TM07,22,3,23,3,2027-06-01T04:18,2027-06-01T04:20:24
20262,TM07,23,3,24,3,2027-06-01T04:20:24,2027-06-01T04:22:48
20262,TM07,24,3,25,3,2027-06-01T04:22:48,2027-06-01T04:25:12
20262,TM07,25,3,26,3,2027-06-01T04:25:12,2027-06-01T04:27:36
20262,TM07,26,3,27,3,2027-06-01T04:27:36,2027-06-01T04:30
20262,TM07,27,3,27,4,2027-06-01T04:30,2027-06-01T04:32:24
20262,TM07,27,4,27,5,2027-06-01T04:32:24,2027-06-01T04:34:48
20262,TM07,27,5,27,6,2027-06-01T04:34:48,2027-06-01T04:37:12
20262,TM07,27,6,27,7,2027-06-01T04:37:12,2027-06-01T04:39:36
20262,TM07,27,7,27,8,2027-06-01T04:39:36,2027-06-01T04:42
20262,TM07,27,8,27,9,2027-06-01T04:42,2027-06-01T04:44:24
20262,TM07,27,9,27,10,2027-06-01T04:44:24,2027-06-01T04:46:48
20262,TM07,27,10,27,11,2027-06-01T04:46:48,2027-06-01T04:49:12
20262,TM07,27,11,27,12,2027-06-01T04:49:12,2027-06-01T04:51:36
20262,TM07,27,12,27,13,2027-06-01T04:51:36,2027-06-01T04:54
20262,TM07,27,13,27,14,2027-06-01T04:54,2027-06-01T04:56:24
20262,TM08,27,14,26,14,2027-06-01T02:30,2027-06-01T02:32:24
20262,TM08,26,14,25,14,2027-06-01T02:32:24,2027-06-01T02:34:48
20262,TM08,25,14,24,14,2027-06-01T02:34:48,2027-06-01T02:37:12
20262,TM08,24,14,23,14,2027-06-01T02:37:12,2027-06-01T02:39:36
20262,TM08,23,14,22,14,2027-06-01T02:39:36,2027-06-01T02:42
20262,TM08,22,14,21,14,2027-06-01T02:42,2027-06-01T02:44:24
20262,TM08,21,14,20,14,2027-06-01T02:44:24,2027-06-01T02:46:48
20262,TM08,20,14,19,14,2027-06-01T02:46:48,2027-06-01T02:49:12
20262,TM08,19,14,18,14,2027-06-01T02:49:12,2027-06-01T02:51:36
20262,TM08,18,14,17,14,2027-06-01T02:51:36,2027-06-01T02:54
20262,TM08,17,14,16,14,2027-06-01T02:54,2027-06-01T02:56:24
20262,TM08,16,14,15,14,2027-06-01T02:56:24,2027-06-01T02:58:48
20262,TM08,15,14,14,14,2027-06-01T02:58:48,2027-06-01T03:01:12
20262,TM08,14,14,13,14,2027-06-01T03:01:12,2027-06-01T03:03:36
20262,TM08,13,14,12,14,2027-06-01T03:03:36,2027-06-01T03:06
20262,TM08,12,14,11,14,2027-06-01T03:06,2027-06-01T03:08:24
20262,TM08,11,14,10,14,2027-06-01T03:08:24,2027-06-01T03:10:48
20262,TM08,10,14,9,14,2027-06-01T03:10:48,2027-06-01T03:13:12
20262,TM08,9,14,8,14,2027-06-01T03:13:12,2027-06-01T03:15:36
20262,TM08,8,14,7,14,2027-06-01T03:15:36,2027-06-01T03:18
20262,TM08,7,14,6,14,2027-06-01T03:18,2027-06-01T03:20:24
20262,TM08,6,14,5,14,2027-06-01T03:20:24,2027-06-01T03:22:48
20262,TM08,5,14,4,14,2027-06-01T03:22:48,2027-06-01T03:25:12
20262,TM08,4,14,3,14,2027-06-01T03:25:12,2027-06-01T03:27:36
20262,TM08,3,14,2,14,2027-06-01T03:27:36,2027-06-01T03:30
20262,TM08,2,14,1,14,2027-06-01T03:30,2027-06-01T03:32:24
20262,TM08,1,14,0,14,2027-06-01T03:32:24,2027-06-01T03:34:48
20262,TM08,0,14,0,15,2027-06-01T03:34:48,2027-06-01T03:37:12
20262,TM08,0,15,0,16,2027-06-01T03:37:12,2027-06-01T03:39:36
20262,TM08,0,16,0,17,2027-06-01T03:39:36,2027-06-01T03:42
20262,TM08,0,17,0,18,2027-06-01T03:42,2027-06-01T03:44:24
20262,TM08,0,18,0,19,2027-06-01T03:44:24,2027-06-01T03:46:48
20262,TM08,0,19,0,20,2027-06-01T03:46:48,2027-06-01T03:49:12
20262,TM08,0,20,0,21,2027-06-01T03:49:12,2027-06-01T03:51:36
20262,TM08,0,21,0,22,2027-06-01T03:51:36,2027-06-01T03:54
20262,TM08,0,22,0,23,2027-06-01T03:54,2027-06-01T03:56:24
20262,TM08,0,23,0,24,2027-06-01T03:56:24,2027-06-01T03:58:48
20262,TM08,0,24,0,25,2027-06-01T03:58:48,2027-06-01T04:01:12
20262,TM08,0,25,0,26,2027-06-01T04:01:12,2027-06-01T04:03:36
20262,TM08,0,26,0,27,2027-06-01T04:03:36,2027-06-01T04:06
20262,TM08,0,27,0,28,2027-06-01T04:06,2027-06-01T04:08:24
20262,TM08,0,28,0,29,2027-06-01T04:08:24,2027-06-01T04:10:48
20262,TM08,0,29,0,30,2027-06-01T04:10:48,2027-06-01T04:13:12
20262,TM08,0,30,0,31,2027-06-01T04:13:12,2027-06-01T04:15:36
20262,TM08,0,31,0,32,2027-06-01T04:15:36,2027-06-01T04:18
20262,TM08,0,32,1,32,2027-06-01T05:18,2027-06-01T05:20:24
20262,TM08,1,32,2,32,2027-06-01T05:20:24,2027-06-01T05:22:48
20262,TM08,2,32,3,32,2027-06-01T05:22:48,2027-06-01T05:25:12
20262,TM08,3,32,4,32,2027-06-01T05:25:12,2027-06-01T05:27:36
20262,TM08,4,32,5,32,2027-06-01T05:27:36,2027-06-01T05:30
20262,TM08,5,32,6,32,2027-06-01T05:30,2027-06-01T05:32:24
20262,TM08,6,32,7,32,2027-06-01T05:32:24,2027-06-01T05:34:48
20262,TM08,7,32,8,32,2027-06-01T05:34:48,2027-06-01T05:37:12
20262,TM08,8,32,9,32,2027-06-01T05:37:12,2027-06-01T05:39:36
20262,TM08,9,32,10,32,2027-06-01T05:39:36,2027-06-01T05:42
20262,TM08,10,32,11,32,2027-06-01T05:42,2027-06-01T05:44:24
20262,TM08,11,32,12,32,2027-06-01T05:44:24,2027-06-01T05:46:48
20262,TM08,12,32,12,33,2027-06-01T05:46:48,2027-06-01T05:49:12
20262,TM08,12,33,12,34,2027-06-01T05:49:12,2027-06-01T05:51:36
20262,TM08,12,34,12,35,2027-06-01T05:51:36,2027-06-01T05:54
20262,TM08,12,35,12,36,2027-06-01T05:54,2027-06-01T05:56:24
20262,TM08,12,36,12,37,2027-06-01T05:56:24,2027-06-01T05:58:48
20262,TM08,12,37,12,38,2027-06-01T05:58:48,2027-06-01T06:01:12
20262,TM09,27,14,26,14,2027-06-01T02:30,2027-06-01T02:32:24
20262,TM09,26,14,25,14,2027-06-01T02:32:24,2027-06-01T02:34:48
20262,TM09,25,14,24,14,2027-06-01T02:34:48,2027-06-01T02:37:12
20262,TM09,24,14,23,14,2027-06-01T02:37:12,2027-06-01T02:39:36
20262,TM09,23,14,22,14,2027-06-01T02:39:36,2027-06-01T02:42
20262,TM09,22,14,21,14,2027-06-01T02:42,2027-06-01T02:44:24
20262,TM09,21,14,20,14,2027-06-01T02:44:24,2027-06-01T02:46:48
20262,TM09,20,14,19,14,2027-06-01T02:46:48,2027-06-01T02:49:12
20262,TM09,19,14,18,14,2027-06-01T02:49:12,2027-06-01T02:51:36
20262,TM09,18,14,17,14,2027-06-01T02:51:36,2027-06-01T02:54
20262,TM09,17,14,16,14,2027-06-01T02:54,2027-06-01T02:56:24
20262,TM09,16,14,15,14,2027-06-01T02:56:24,2027-06-01T02:58:48
20262,TM09,15,14,14,14,2027-06-01T02:58:48,2027-06-01T03:01:12
20262,TM09,14,14,13,14,2027-06-01T03:01:12,2027-06-01T03:03:36
20262,TM09,13,14,12,14,2027-06-01T03:03:36,2027-06-01T03:06
20262,TM09,12,14,11,14,2027-06-01T03:06,2027-06-01T03:08:24
20262,TM09,11,14,10,14,2027-06-01T03:08:24,2027-06-01T03:10:48
20262,TM09,10,14,9,14,2027-06-01T03:10:48,2027-06-01T03:13:12
20262,TM09,9,14,8,14,2027-06-01T03:13:12,2027-06-01T03:15:36
20262,TM09,8,14,7,14,2027-06-01T03:15:36,2027-06-01T03:18
20262,TM09,7,14,6,14,2027-06-01T03:18,2027-06-01T03:20:24
20262,TM09,6,14,5,14,2027-06-01T03:20:24,2027-06-01T03:22:48
20262,TM09,5,14,4,14,2027-06-01T03:22:48,2027-06-01T03:25:12
20262,TM09,4,14,3,14,2027-06-01T03:25:12,2027-06-01T03:27:36
20262,TM09,3,14,2,14,2027-06-01T03:27:36,2027-06-01T03:30
20262,TM09,2,14,1,14,2027-06-01T03:30,2027-06-01T03:32:24
20262,TM09,1,14,0,14,2027-06-01T03:32:24,2027-06-01T03:34:48
20262,TM09,0,14,0,15,2027-06-01T03:34:48,2027-06-01T03:37:12
20262,TM09,0,15,0,16,2027-06-01T03:37:12,2027-06-01T03:39:36
20262,TM09,0,16,0,17,2027-06-01T03:39:36,2027-06-01T03:42
20262,TM09,0,17,0,18,2027-06-01T03:42,2027-06-01T03:44:24
20262,TM09,0,18,0,19,2027-06-01T03:44:24,2027-06-01T03:46:48
20262,TM09,0,19,0,20,2027-06-01T03:46:48,2027-06-01T03:49:12
20262,TM09,0,20,0,21,2027-06-01T03:49:12,2027-06-01T03:51:36
20262,TM09,0,21,0,22,2027-06-01T03:51:36,2027-06-01T03:54
20262,TM09,0,22,0,23,2027-06-01T03:54,2027-06-01T03:56:24
20262,TM09,0,23,0,24,2027-06-01T03:56:24,2027-06-01T03:58:48
20262,TM09,0,24,0,25,2027-06-01T03:58:48,2027-06-01T04:01:12
20262,TM09,0,25,0,26,2027-06-01T04:01:12,2027-06-01T04:03:36
20262,TM09,0,26,0,27,2027-06-01T04:03:36,2027-06-01T04:06
20262,TM09,0,27,0,28,2027-06-01T04:06,2027-06-01T04:08:24
20262,TM09,0,28,0,29,2027-06-01T04:08:24,2027-06-01T04:10:48
20262,TM09,0,29,0,30,2027-06-01T04:10:48,2027-06-01T04:13:12
20262,TM09,0,30,0,31,2027-06-01T04:13:12,2027-06-01T04:15:36
20262,TM09,0,31,0,32,2027-06-01T04:15:36,2027-06-01T04:18
20262,TM09,0,32,1,32,2027-06-01T05:18,2027-06-01T05:20:24
20262,TM09,1,32,2,32,2027-06-01T05:20:24,2027-06-01T05:22:48
20262,TM09,2,32,3,32,2027-06-01T05:22:48,2027-06-01T05:25:12
20262,TM09,3,32,4,32,2027-06-01T05:25:12,2027-06-01T05:27:36
20262,TM09,4,32,5,32,2027-06-01T05:27:36,2027-06-01T05:30
20262,TM09,5,32,6,32,2027-06-01T05:30,2027-06-01T05:32:24
20262,TM09,6,32,7,32,2027-06-01T05:32:24,2027-06-01T05:34:48
20262,TM09,7,32,8,32,2027-06-01T05:34:48,2027-06-01T05:37:12
20262,TM09,8,32,9,32,2027-06-01T05:37:12,2027-06-01T05:39:36
20262,TM09,9,32,10,32,2027-06-01T05:39:36,2027-06-01T05:42
20262,TM09,10,32,11,32,2027-06-01T05:42,2027-06-01T05:44:24
20262,TM09,11,32,12,32,2027-06-01T05:44:24,2027-06-01T05:46:48
20262,TM09,12,32,12,33,2027-06-01T05:46:48,2027-06-01T05:49:12
20262,TM09,12,33,12,34,2027-06-01T05:49:12,2027-06-01T05:51:36
20262,TM09,12,34,12,35,2027-06-01T05:51:36,2027-06-01T05:54
20262,TM09,12,35,12,36,2027-06-01T05:54,2027-06-01T05:56:24
20262,TM09,12,36,12,37,2027-06-01T05:56:24,2027-06-01T05:58:48
20262,TM09,12,37,12,38,2027-06-01T05:58:48,2027-06-01T06:01:12
20262,TA05,27,14,28,14,2027-06-01T02:55,2027-06-01T02:56:30
20262,TA05,28,14,29,14,2027-06-01T02:56:30,2027-06-01T02:58
20262,TA05,29,14,30,14,2027-06-01T02:58,2027-06-01T02:59:30
20262,TA05,30,14,31,14,2027-06-01T02:59:30,2027-06-01T03:01
20262,TA05,31,14,32,14,2027-06-01T03:01,2027-06-01T03:02:30
20262,TA05,32,14,33,14,2027-06-01T03:02:30,2027-06-01T03:04
20262,TA05,33,14,34,14,2027-06-01T03:04,2027-06-01T03:05:30
20262,TA05,34,14,35,14,2027-06-01T03:05:30,2027-06-01T03:07
20262,TA05,35,14,36,14,2027-06-01T03:07,2027-06-01T03:08:30
20262,TA05,36,14,36,15,2027-06-01T03:08:30,2027-06-01T03:10
20262,TA05,36,15,36,16,2027-06-01T03:10,2027-06-01T03:11:30
20262,TA05,36,16,36,17,2027-06-01T03:11:30,2027-06-01T03:13
20262,TA05,36,17,36,18,2027-06-01T03:13,2027-06-01T03:14:30
20262,TA05,36,18,36,19,2027-06-01T03:14:30,2027-06-01T03:16
20262,TA05,36,19,36,20,2027-06-01T03:16,2027-06-01T03:17:30
20262,TA05,36,20,36,21,2027-06-01T03:17:30,2027-06-01T03:19
20262,TA05,36,21,35,21,2027-06-01T04:19,2027-06-01T04:20:30
20262,TA05,35,21,34,21,2027-06-01T04:20:30,2027-06-01T04:22
20262,TA05,34,21,33,21,2027-06-01T04:22,2027-06-01T04:23:30
20262,TA05,33,21,32,21,2027-06-01T04:23:30,2027-06-01T04:25
20262,TA05,32,21,31,21,2027-06-01T04:25,2027-06-01T04:26:30
20262,TA05,31,21,30,21,2027-06-01T04:26:30,2027-06-01T04:28
20262,TA05,30,21,29,21,2027-06-01T04:28,2027-06-01T04:29:30
20262,TA05,29,21,28,21,2027-06-01T04:29:30,2027-06-01T04:31
20262,TA05,28,21,27,21,2027-06-01T04:31,2027-06-01T04:32:30
20262,TA05,27,21,26,21,2027-06-01T04:32:30,2027-06-01T04:34
20262,TA05,26,21,25,21,2027-06-01T04:34,2027-06-01T04:35:30
20262,TA05,25,21,24,21,2027-06-01T04:35:30,2027-06-01T04:37
20262,TA05,24,21,23,21,2027-06-01T04:37,2027-06-01T04:38:30
20262,TA05,23,21,22,21,2027-06-01T04:38:30,2027-06-01T04:40
20262,TA05,22,21,21,21,2027-06-01T04:40,2027-06-01T04:41:30
20262,TA05,21,21,20,21,2027-06-01T04:41:30,2027-06-01T04:43
20262,TA05,20,21,19,21,2027-06-01T04:43,2027-06-01T04:44:30
20262,TA05,19,21,18,21,2027-06-01T04:44:30,2027-06-01T04:46
20262,TA05,18,21,17,21,2027-06-01T04:46,2027-06-01T04:47:30
20262,TA05,17,21,16,21,2027-06-01T04:47:30,2027-06-01T04:49
20262,TA05,16,21,15,21,2027-06-01T04:49,2027-06-01T04:50:30
20262,TA05,15,21,14,21,2027-06-01T04:50:30,2027-06-01T04:52
20262,TA05,14,21,14,22,2027-06-01T04:52,2027-06-01T04:53:30
20262,TA05,14,22,14,23,2027-06-01T04:53:30,2027-06-01T04:55
20262,TA05,14,23,14,24,2027-06-01T04:55,2027-06-01T04:56:30
20262,TA05,14,24,14,25,2027-06-01T04:56:30,2027-06-01T04:58
20262,TA05,14,25,14,26,2027-06-01T04:58,2027-06-01T04:59:30
20262,TA05,14,26,14,27,2027-06-01T04:59:30,2027-06-01T05:01
20262,TA05,14,27,14,28,2027-06-01T05:01,2027-06-01T05:02:30
20262,TA05,14,28,14,29,2027-06-01T05:02:30,2027-06-01T05:04
20262,TA05,14,29,14,30,2027-06-01T05:04,2027-06-01T05:05:30
20262,TA05,14,30,14,31,2027-06-01T05:05:30,2027-06-01T05:07
20262,TA05,14,31,14,32,2027-06-01T05:07,2027-06-01T05:08:30
20262,TA05,14,32,14,33,2027-06-01T05:08:30,2027-06-01T05:10
20262,TA05,14,33,14,34,2027-06-01T05:10,2027-06-01T05:11:30
20262,TA05,14,34,14,35,2027-06-01T05:11:30,2027-06-01T05:13
20262,TA05,14,35,14,36,2027-06-01T05:13,2027-06-01T05:14:30
20262,TA05,14,36,13,36,2027-06-01T06:14:30,2027-06-01T06:16
20262,TA05,13,36,12,36,2027-06-01T06:16,2027-06-01T06:17:30
20262,TA05,12,36,12,37,2027-06-01T06:17:30,2027-06-01T06:19
20262,TA05,12,37,12,38,2027-06-01T06:19,2027-06-01T06:20:30
20262,TM10,27,14,26,14,2027-06-01T02:50,2027-06-01T02:52:24
20262,TM10,26,14,25,14,2027-06-01T02:52:24,2027-06-01T02:54:48
20262,TM10,25,14,24,14,2027-06-01T02:54:48,2027-06-01T02:57:12
20262,TM10,24,14,23,14,2027-06-01T02:57:12,2027-06-01T02:59:36
20262,TM10,23,14,22,14,2027-06-01T02:59:36,2027-06-01T03:02
20262,TM10,22,14,21,14,2027-06-01T03:02,2027-06-01T03:04:24
20262,TM10,21,14,20,14,2027-06-01T03:04:24,2027-06-01T03:06:48
20262,TM10,20,14,19,14,2027-06-01T03:06:48,2027-06-01T03:09:12
20262,TM10,19,14,18,14,2027-06-01T03:09:12,2027-06-01T03:11:36
20262,TM10,18,14,17,14,2027-06-01T03:11:36,2027-06-01T03:14
20262,TM10,17,14,16,14,2027-06-01T03:14,2027-06-01T03:16:24
20262,TM10,16,14,15,14,2027-06-01T03:16:24,2027-06-01T03:18:48
20262,TM10,15,14,14,14,2027-06-01T03:18:48,2027-06-01T03:21:12
20262,TM10,14,14,13,14,2027-06-01T03:21:12,2027-06-01T03:23:36
20262,TM10,13,14,12,14,2027-06-01T03:23:36,2027-06-01T03:26
20262,TM10,12,14,11,14,2027-06-01T03:26,2027-06-01T03:28:24
20262,TM10,11,14,10,14,2027-06-01T03:28:24,2027-06-01T03:30:48
20262,TM10,10,14,9,14,2027-06-01T03:30:48,2027-06-01T03:33:12
20262,TM10,9,14,8,14,2027-06-01T03:33:12,2027-06-01T03:35:36
20262,TM10,8,14,7,14,2027-06-01T03:35:36,2027-06-01T03:38
20262,TM10,7,14,6,14,2027-06-01T03:38,2027-06-01T03:40:24
20262,TM10,6,14,5,14,2027-06-01T03:40:24,2027-06-01T03:42:48
20262,TM10,5,14,4,14,2027-06-01T03:42:48,2027-06-01T03:45:12
20262,TM10,4,14,3,14,2027-06-01T03:45:12,2027-06-01T03:47:36
20262,TM10,3,14,2,14,2027-06-01T03:47:36,2027-06-01T03:50
20262,TM10,2,14,1,14,2027-06-01T03:50,2027-06-01T03:52:24
20262,TM10,1,14,1,15,2027-06-01T03:52:24,2027-06-01T03:54:48
20262,TM10,1,15,1,16,2027-06-01T03:54:48,2027-06-01T03:57:12
20262,TM10,1,16,1,17,2027-06-01T03:57:12,2027-06-01T03:59:36
20262,TM10,1,17,1,18,2027-06-01T03:59:36,2027-06-01T04:02
20262,TM10,1,18,1,19,2027-06-01T04:02,2027-06-01T04:04:24
20262,TM10,1,19,1,20,2027-06-01T04:04:24,2027-06-01T04:06:48
20262,TM10,1,20,1,21,2027-06-01T04:06:48,2027-06-01T04:09:12
20262,TM10,1,21,1,22,2027-06-01T04:09:12,2027-06-01T04:11:36
20262,TM10,1,22,1,23,2027-06-01T04:11:36,2027-06-01T04:14
20262,TM10,1,23,1,24,2027-06-01T04:14,2027-06-01T04:16:24
20262,TM10,1,24,1,25,2027-06-01T04:16:24,2027-06-01T04:18:48
20262,TM10,1,25,2,25,2027-06-01T05:18:48,2027-06-01T05:21:12
20262,TM10,2,25,3,25,2027-06-01T05:21:12,2027-06-01T05:23:36
20262,TM10,3,25,4,25,2027-06-01T05:23:36,2027-06-01T05:26
20262,TM10,4,25,5,25,2027-06-01T05:26,2027-06-01T05:28:24
20262,TM10,5,25,6,25,2027-06-01T05:28:24,2027-06-01T05:30:48
20262,TM10,6,25,7,25,2027-06-01T05:30:48,2027-06-01T05:33:12
20262,TM10,7,25,8,25,2027-06-01T05:33:12,2027-06-01T05:35:36
20262,TM10,8,25,9,25,2027-06-01T05:35:36,2027-06-01T05:38
20262,TM10,9,25,10,25,2027-06-01T05:38,2027-06-01T05:40:24
20262,TM10,10,25,11,25,2027-06-01T05:40:24,2027-06-01T05:42:48
20262,TM10,11,25,12,25,2027-06-01T05:42:48,2027-06-01T05:45:12
20262,TM10,12,25,12,26,2027-06-01T05:45:12,2027-06-01T05:47:36
20262,TM10,12,26,12,27,2027-06-01T05:47:36,2027-06-01T05:50
20262,TM10,12,27,12,28,2027-06-01T05:50,2027-06-01T05:52:24
20262,TM10,12,28,12,29,2027-06-01T05:52:24,2027-06-01T05:54:48
20262,TM10,12,29,12,30,2027-06-01T05:54:48,2027-06-01T05:57:12
20262,TM10,12,30,12,31,2027-06-01T05:57:12,2027-06-01T05:59:36
20262,TM10,12,31,12,32,2027-06-01T05:59:36,2027-06-01T06:02
20262,TM10,12,32,12,33,2027-06-01T06:02,2027-06-01T06:04:24
20262,TM10,12,33,12,34,2027-06-01T06:04:24,2027-06-01T06:06:48
20262,TM10,12,34,12,35,2027-06-01T06:06:48,2027-06-01T06:09:12
20262,TM10,12,35,12,36,2027-06-01T06:09:12,2027-06-01T06:11:36
20262,TM10,12,36,12,37,2027-06-01T06:11:36,2027-06-01T06:14
20262,TM10,12,37,12,38,2027-06-01T06:14,2027-06-01T06:16:24
20262,TA07,27,14,28,14,2027-06-01T03:04,2027-06-01T03:05:30
20262,TA07,28,14,29,14,2027-06-01T03:05:30,2027-06-01T03:07
20262,TA07,29,14,30,14,2027-06-01T03:07,2027-06-01T03:08:30
20262,TA07,30,14,31,14,2027-06-01T03:08:30,2027-06-01T03:10
20262,TA07,31,14,32,14,2027-06-01T03:10,2027-06-01T03:11:30
20262,TA07,32,14,33,14,2027-06-01T03:11:30,2027-06-01T03:13
20262,TA07,33,14,34,14,2027-06-01T03:13,2027-06-01T03:14:30
20262,TA07,34,14,35,14,2027-06-01T03:14:30,2027-06-01T03:16
20262,TA07,35,14,36,14,2027-06-01T03:16,2027-06-01T03:17:30
20262,TA07,36,14,37,14,2027-06-01T03:17:30,2027-06-01T03:19
20262,TA07,37,14,38,14,2027-06-01T03:19,2027-06-01T03:20:30
20262,TA07,38,14,39,14,2027-06-01T03:20:30,2027-06-01T03:22
20262,TA07,39,14,40,14,2027-06-01T03:22,2027-06-01T03:23:30
20262,TA07,40,14,41,14,2027-06-01T03:23:30,2027-06-01T03:25
20262,TA07,41,14,41,15,2027-06-01T03:25,2027-06-01T03:26:30
20262,TA07,41,15,41,16,2027-06-01T03:26:30,2027-06-01T03:28
20262,TA07,41,16,41,17,2027-06-01T03:28,2027-06-01T03:29:30
20262,TA07,41,17,41,18,2027-06-01T03:29:30,2027-06-01T03:31
20262,TA07,41,18,41,19,2027-06-01T03:31,2027-06-01T03:32:30
20262,TA07,41,19,41,20,2027-06-01T03:32:30,2027-06-01T03:34
20262,TA07,41,20,41,21,2027-06-01T03:34,2027-06-01T03:35:30
20262,TA07,41,21,41,22,2027-06-01T03:35:30,2027-06-01T03:37
20262,TA07,41,22,41,23,2027-06-01T03:37,2027-06-01T03:38:30
20262,TA07,41,23,41,24,2027-06-01T03:38:30,2027-06-01T03:40
20262,TA07,41,24,41,25,2027-06-01T03:40,2027-06-01T03:41:30
20262,TA07,41,25,41,26,2027-06-01T03:41:30,2027-06-01T03:43
20262,TA07,41,26,41,27,2027-06-01T03:43,2027-06-01T03:44:30
20262,TA07,41,27,41,28,2027-06-01T03:44:30,2027-06-01T03:46
20262,TA07,41,28,41,29,2027-06-01T03:46,2027-06-01T03:47:30
20262,TA07,41,29,41,30,2027-06-01T04:47:30,2027-06-01T04:49
20262,TA07,41,30,41,31,2027-06-01T04:49,2027-06-01T04:50:30
20262,TA07,41,31,41,32,2027-06-01T04:50:30,2027-06-01T04:52
20262,TA07,41,32,41,33,2027-06-01T04:52,2027-06-01T04:53:30
20262,TA07,41,33,41,34,2027-06-01T04:53:30,2027-06-01T04:55
20262,TA07,41,34,41,35,2027-06-01T04:55,2027-06-01T04:56:30
20262,TA07,41,35,41,36,2027-06-01T04:56:30,2027-06-01T04:58
20262,TA07,41,36,40,36,2027-06-01T04:58,2027-06-01T04:59:30
20262,TA07,40,36,39,36,2027-06-01T04:59:30,2027-06-01T05:01
20262,TA07,39,36,38,36,2027-06-01T05:01,2027-06-01T05:02:30
20262,TA07,38,36,37,36,2027-06-01T05:02:30,2027-06-01T05:04
20262,TA07,37,36,36,36,2027-06-01T05:04,2027-06-01T05:05:30
20262,TA07,36,36,35,36,2027-06-01T05:05:30,2027-06-01T05:07
20262,TA07,35,36,34,36,2027-06-01T05:07,2027-06-01T05:08:30
20262,TA07,34,36,33,36,2027-06-01T05:08:30,2027-06-01T05:10
20262,TA07,33,36,32,36,2027-06-01T05:10,2027-06-01T05:11:30
20262,TA07,32,36,31,36,2027-06-01T05:11:30,2027-06-01T05:13
20262,TA07,31,36,30,36,2027-06-01T05:13,2027-06-01T05:14:30
20262,TA07,30,36,29,36,2027-06-01T05:14:30,2027-06-01T05:16
20262,TA07,29,36,28,36,2027-06-01T05:16,2027-06-01T05:17:30
20262,TA07,28,36,27,36,2027-06-01T05:17:30,2027-06-01T05:19
20262,TA07,27,36,26,36,2027-06-01T05:19,2027-06-01T05:20:30
20262,TA07,26,36,25,36,2027-06-01T05:20:30,2027-06-01T05:22
20262,TA07,25,36,24,36,2027-06-01T05:22,2027-06-01T05:23:30
20262,TA07,24,36,23,36,2027-06-01T05:23:30,2027-06-01T05:25
20262,TA07,23,36,22,36,2027-06-01T05:25,2027-06-01T05:26:30
20262,TA07,22,36,21,36,2027-06-01T05:26:30,2027-06-01T05:28
20262,TA07,21,36,20,36,2027-06-01T05:28,2027-06-01T05:29:30
20262,TA07,20,36,19,36,2027-06-01T05:29:30,2027-06-01T05:31
20262,TA07,19,36,18,36,2027-06-01T05:31,2027-06-01T05:32:30
20262,TA07,18,36,17,36,2027-06-01T05:32:30,2027-06-01T05:34
20262,TA07,17,36,16,36,2027-06-01T05:34,2027-06-01T05:35:30
20262,TA07,16,36,15,36,2027-06-01T05:35:30,2027-06-01T05:37
20262,TA07,15,36,14,36,2027-06-01T05:37,2027-06-01T05:38:30
20262,TA07,14,36,13,36,2027-06-01T05:38:30,2027-06-01T05:40
20262,TA07,13,36,12,36,2027-06-01T05:40,2027-06-01T05:41:30
20262,TA07,12,36,11,36,2027-06-01T05:41:30,2027-06-01T05:43
20262,TA07,11,36,10,36,2027-06-01T05:43,2027-06-01T05:44:30
20262,TA07,10,36,9,36,2027-06-01T05:44:30,2027-06-01T05:46
20262,TA07,9,36,8,36,2027-06-01T05:46,2027-06-01T05:47:30
20262,TA07,8,36,7,36,2027-06-01T05:47:30,2027-06-01T05:49
20262,TA07,7,36,6,36,2027-06-01T05:49,2027-06-01T05:50:30
20262,TA07,6,36,5,36,2027-06-01T05:50:30,2027-06-01T05:52
20262,TA07,5,36,4,36,2027-06-01T05:52,2027-06-01T05:53:30
20262,TA07,4,36,3,36,2027-06-01T05:53:30,2027-06-01T05:55
20262,TA07,3,36,2,36,2027-06-01T05:55,2027-06-01T05:56:30
20262,TA07,2,36,1,36,2027-06-01T05:56:30,2027-06-01T05:58
20262,TA07,1,36,0,36,2027-06-01T05:58,2027-06-01T05:59:30
20262,TA07,0,36,1,36,2027-06-01T06:59:30,2027-06-01T07:01
20262,TA07,1,36,2,36,2027-06-01T07:01,2027-06-01T07:02:30
20262,TA07,2,36,3,36,2027-06-01T07:02:30,2027-06-01T07:04
20262,TA07,3,36,4,36,2027-06-01T07:04,2027-06-01T07:05:30
20262,TA07,4,36,5,36,2027-06-01T07:05:30,2027-06-01T07:07
20262,TA07,5,36,6,36,2027-06-01T07:07,2027-06-01T07:08:30
20262,TA07,6,36,7,36,2027-06-01T07:08:30,2027-06-01T07:10
20262,TA07,7,36,8,36,2027-06-01T07:10,2027-06-01T07:11:30
20262,TA07,8,36,9,36,2027-06-01T07:11:30,2027-06-01T07:13
20262,TA07,9,36,10,36,2027-06-01T07:13,2027-06-01T07:14:30
20262,TA07,10,36,11,36,2027-06-01T07:14:30,2027-06-01T07:16
20262,TA07,11,36,12,36,2027-06-01T07:16,2027-06-01T07:17:30
20262,TA07,12,36,12,37,2027-06-01T07:17:30,2027-06-01T07:19
20262,TA07,12,37,12,38,2027-06-01T07:19,2027-06-01T07:20:30
20262,TA09,57,27,56,27,2027-06-01T03:04:30,2027-06-01T03:06
20262,TA09,56,27,55,27,2027-06-01T03:06,2027-06-01T03:07:30
20262,TA09,55,27,54,27,2027-06-01T03:07:30,2027-06-01T03:09
20262,TA09,54,27,53,27,2027-06-01T03:09,2027-06-01T03:10:30
20262,TA09,53,27,53,28,2027-06-01T03:10:30,2027-06-01T03:12
20262,TA09,53,28,53,29,2027-06-01T03:12,2027-06-01T03:13:30
20262,TA09,53,29,53,30,2027-06-01T03:13:30,2027-06-01T03:15
20262,TA09,53,30,53,31,2027-06-01T03:15,2027-06-01T03:16:30
20262,TA09,53,31,53,32,2027-06-01T03:16:30,2027-06-01T03:18
20262,TA09,53,32,53,33,2027-06-01T03:18,2027-06-01T03:19:30
20262,TA09,53,33,53,34,2027-06-01T03:19:30,2027-06-01T03:21
20262,TA09,53,34,53,35,2027-06-01T03:21,2027-06-01T03:22:30
20262,TA09,53,35,53,36,2027-06-01T03:22:30,2027-06-01T03:24
20262,TA09,53,36,53,37,2027-06-01T03:24,2027-06-01T03:25:30
20262,TA09,53,37,53,38,2027-06-01T03:25:30,2027-06-01T03:27
20262,TA09,53,38,53,39,2027-06-01T03:27,2027-06-01T03:28:30
20262,TA09,53,39,53,40,2027-06-01T03:28:30,2027-06-01T03:30
20262,TA09,53,40,53,41,2027-06-01T03:30,2027-06-01T03:31:30
20262,TA09,53,41,53,42,2027-06-01T03:31:30,2027-06-01T03:33
20262,TA09,53,42,53,43,2027-06-01T03:33,2027-06-01T03:34:30
20262,TA09,53,43,53,44,2027-06-01T03:34:30,2027-06-01T03:36
20262,TA09,53,44,53,45,2027-06-01T03:36,2027-06-01T03:37:30
20262,TA09,53,45,53,46,2027-06-01T03:37:30,2027-06-01T03:39
20262,TA09,53,46,53,47,2027-06-01T03:39,2027-06-01T03:40:30
20262,TA09,53,47,53,48,2027-06-01T03:40:30,2027-06-01T03:42
20262,TA09,53,48,52,48,2027-06-01T04:42,2027-06-01T04:43:30
20262,TA09,52,48,51,48,2027-06-01T04:43:30,2027-06-01T04:45
20262,TA09,51,48,50,48,2027-06-01T04:45,2027-06-01T04:46:30
20262,TA09,50,48,49,48,2027-06-01T04:46:30,2027-06-01T04:48
20262,TA09,49,48,48,48,2027-06-01T04:48,2027-06-01T04:49:30
20262,TA09,48,48,47,48,2027-06-01T04:49:30,2027-06-01T04:51
20262,TA09,47,48,46,48,2027-06-01T04:51,2027-06-01T04:52:30
20262,TA09,46,48,45,48,2027-06-01T04:52:30,2027-06-01T04:54
20262,TA09,45,48,44,48,2027-06-01T04:54,2027-06-01T04:55:30
20262,TA09,44,48,43,48,2027-06-01T04:55:30,2027-06-01T04:57
20262,TA09,43,48,42,48,2027-06-01T04:57,2027-06-01T04:58:30
20262,TA09,42,48,41,48,2027-06-01T04:58:30,2027-06-01T05:00
20262,TA09,41,48,40,48,2027-06-01T05:00,2027-06-01T05:01:30
20262,TA09,40,48,39,48,2027-06-01T05:01:30,2027-06-01T05:03
20262,TA09,39,48,39,47,2027-06-01T05:03,2027-06-01T05:04:30
20262,TA09,39,47,39,46,2027-06-01T05:04:30,2027-06-01T05:06
20262,TA09,39,46,39,45,2027-06-01T05:06,2027-06-01T05:07:30
20262,TA09,39,45,39,44,2027-06-01T05:07:30,2027-06-01T05:09
20262,TA09,39,44,39,43,2027-06-01T05:09,2027-06-01T05:10:30
20262,TA09,39,43,39,42,2027-06-01T05:10:30,2027-06-01T05:12
20262,TA09,39,42,39,41,2027-06-01T05:12,2027-06-01T05:13:30
20262,TA09,39,41,39,40,2027-06-01T05:13:30,2027-06-01T05:15
20262,TA09,39,40,39,39,2027-06-01T05:15,2027-06-01T05:16:30
20262,TA09,39,39,39,38,2027-06-01T05:16:30,2027-06-01T05:18
20262,TA09,39,38,39,37,2027-06-01T05:18,2027-06-01T05:19:30
20262,TA09,39,37,39,36,2027-06-01T05:19:30,2027-06-01T05:21
20262,TA09,39,36,40,36,2027-06-01T06:21,2027-06-01T06:22:30
20262,TA09,40,36,41,36,2027-06-01T06:22:30,2027-06-01T06:24
20262,TA09,41,36,42,36,2027-06-01T06:24,2027-06-01T06:25:30
20262,TA09,42,36,43,36,2027-06-01T06:25:30,2027-06-01T06:27
20262,TA09,43,36,44,36,2027-06-01T06:27,2027-06-01T06:28:30
20262,TA09,44,36,45,36,2027-06-01T06:28:30,2027-06-01T06:30
20262,TA09,45,36,46,36,2027-06-01T06:30,2027-06-01T06:31:30
20262,TA09,46,36,47,36,2027-06-01T06:31:30,2027-06-01T06:33
20262,TA09,47,36,48,36,2027-06-01T06:33,2027-06-01T06:34:30
20262,TA09,48,36,49,36,2027-06-01T06:34:30,2027-06-01T06:36
20262,TA09,49,36,50,36,2027-06-01T06:36,2027-06-01T06:37:30
20262,TA09,50,36,51,36,2027-06-01T06:37:30,2027-06-01T06:39
20262,TA09,51,36,52,36,2027-06-01T06:39,2027-06-01T06:40:30
20262,TA09,52,36,53,36,2027-06-01T06:40:30,2027-06-01T06:42
20262,TA09,53,36,54,36,2027-06-01T06:42,2027-06-01T06:43:30
20262,TA09,54,36,55,36,2027-06-01T06:43:30,2027-06-01T06:45
20262,TA09,55,36,56,36,2027-06-01T06:45,2027-06-01T06:46:30
20262,TA09,56,36,57,36,2027-06-01T06:46:30,2027-06-01T06:48
20262,TA09,57,36,57,35,2027-06-01T06:48,2027-06-01T06:49:30
20262,TA09,57,35,57,34,2027-06-01T06:49:30,2027-06-01T06:51
20262,TA09,57,34,57,33,2027-06-01T06:51,2027-06-01T06:52:30
20262,TA09,57,33,57,32,2027-06-01T06:52:30,2027-06-01T06:54
20262,TA09,57,32,57,31,2027-06-01T06:54,2027-06-01T06:55:30
20262,TA09,57,31,57,30,2027-06-01T06:55:30,2027-06-01T06:57
20262,TA09,57,30,57,29,2027-06-01T06:57,2027-06-01T06:58:30
20262,TA09,57,29,57,28,2027-06-01T06:58:30,2027-06-01T07:00
20262,TA09,57,28,57,27,2027-06-01T07:00,2027-06-01T07:01:30
20262,TM11,27,14,28,14,2027-06-01T03:00,2027-06-01T03:02:24
20262,TM11,28,14,29,14,2027-06-01T03:02:24,2027-06-01T03:04:48
20262,TM11,29,14,30,14,2027-06-01T03:04:48,2027-06-01T03:07:12
20262,TM11,30,14,31,14,2027-06-01T03:07:12,2027-06-01T03:09:36
20262,TM11,31,14,31,15,2027-06-01T03:09:36,2027-06-01T03:12
20262,TM11,31,15,31,16,2027-06-01T03:12,2027-06-01T03:14:24
20262,TM11,31,16,31,17,2027-06-01T03:14:24,2027-06-01T03:16:48
20262,TM11,31,17,31,18,2027-06-01T03:16:48,2027-06-01T03:19:12
20262,TM11,31,18,30,18,2027-06-01T04:19:12,2027-06-01T04:21:36
20262,TM11,30,18,29,18,2027-06-01T04:21:36,2027-06-01T04:24
20262,TM11,29,18,28,18,2027-06-01T04:24,2027-06-01T04:26:24
20262,TM11,28,18,27,18,2027-06-01T04:26:24,2027-06-01T04:28:48
20262,TM11,27,18,27,17,2027-06-01T04:28:48,2027-06-01T04:31:12
20262,TM11,27,17,27,16,2027-06-01T04:31:12,2027-06-01T04:33:36
20262,TM11,27,16,27,15,2027-06-01T04:33:36,2027-06-01T04:36
20262,TM11,27,15,27,14,2027-06-01T04:36,2027-06-01T04:38:24
20262,TM12,27,14,26,14,2027-06-01T03:10,2027-06-01T03:12:24
20262,TM12,26,14,25,14,2027-06-01T03:12:24,2027-06-01T03:14:48
20262,TM12,25,14,24,14,2027-06-01T03:14:48,2027-06-01T03:17:12
20262,TM12,24,14,23,14,2027-06-01T03:17:12,2027-06-01T03:19:36
20262,TM12,23,14,22,14,2027-06-01T03:19:36,2027-06-01T03:22
20262,TM12,22,14,21,14,2027-06-01T03:22,2027-06-01T03:24:24
20262,TM12,21,14,20,14,2027-06-01T03:24:24,2027-06-01T03:26:48
20262,TM12,20,14,19,14,2027-06-01T03:26:48,2027-06-01T03:29:12
20262,TM12,19,14,18,14,2027-06-01T03:29:12,2027-06-01T03:31:36
20262,TM12,18,14,17,14,2027-06-01T03:31:36,2027-06-01T03:34
20262,TM12,17,14,16,14,2027-06-01T03:34,2027-06-01T03:36:24
20262,TM12,16,14,15,14,2027-06-01T03:36:24,2027-06-01T03:38:48
20262,TM12,15,14,14,14,2027-06-01T03:38:48,2027-06-01T03:41:12
20262,TM12,14,14,13,14,2027-06-01T03:41:12,2027-06-01T03:43:36
20262,TM12,13,14,12,14,2027-06-01T03:43:36,2027-06-01T03:46
20262,TM12,12,14,11,14,2027-06-01T03:46,2027-06-01T03:48:24
20262,TM12,11,14,10,14,2027-06-01T03:48:24,2027-06-01T03:50:48
20262,TM12,10,14,9,14,2027-06-01T03:50:48,2027-06-01T03:53:12
20262,TM12,9,14,9,15,2027-06-01T03:53:12,2027-06-01T03:55:36
20262,TM12,9,15,9,16,2027-06-01T03:55:36,2027-06-01T03:58
20262,TM12,9,16,9,17,2027-06-01T03:58,2027-06-01T04:00:24
20262,TM12,9,17,9,18,2027-06-01T04:00:24,2027-06-01T04:02:48
20262,TM12,9,18,9,19,2027-06-01T04:02:48,2027-06-01T04:05:12
20262,TM12,9,19,9,20,2027-06-01T04:05:12,2027-06-01T04:07:36
20262,TM12,9,20,9,21,2027-06-01T04:07:36,2027-06-01T04:10
20262,TM12,9,21,10,21,2027-06-01T04:10,2027-06-01T04:12:24
20262,TM12,10,21,11,21,2027-06-01T04:12:24,2027-06-01T04:14:48
20262,TM12,11,21,12,21,2027-06-01T04:14:48,2027-06-01T04:17:12
20262,TM12,12,21,13,21,2027-06-01T04:17:12,2027-06-01T04:19:36
20262,TM12,13,21,14,21,2027-06-01T04:19:36,2027-06-01T04:22
20262,TM12,14,21,14,22,2027-06-01T04:22,2027-06-01T04:24:24
20262,TM12,14,22,14,23,2027-06-01T04:24:24,2027-06-01T04:26:48
20262,TM12,14,23,14,24,2027-06-01T04:26:48,2027-06-01T04:29:12
20262,TM12,14,24,14,25,2027-06-01T04:29:12,2027-06-01T04:31:36
20262,TM12,14,25,14,26,2027-06-01T04:31:36,2027-06-01T04:34
20262,TM12,14,26,14,27,2027-06-01T04:34,2027-06-01T04:36:24
20262,TM12,14,27,14,28,2027-06-01T04:36:24,2027-06-01T04:38:48
20262,TM12,14,28,14,29,2027-06-01T04:38:48,2027-06-01T04:41:12
20262,TM12,14,29,14,30,2027-06-01T04:41:12,2027-06-01T04:43:36
20262,TM12,14,30,14,31,2027-06-01T04:43:36,2027-06-01T04:46
20262,TM12,14,31,14,32,2027-06-01T04:46,2027-06-01T04:48:24
20262,TM12,14,32,14,33,2027-06-01T04:48:24,2027-06-01T04:50:48
20262,TM12,14,33,14,34,2027-06-01T04:50:48,2027-06-01T04:53:12
20262,TM12,14,34,14,35,2027-06-01T04:53:12,2027-06-01T04:55:36
20262,TM12,14,35,14,36,2027-06-01T04:55:36,2027-06-01T04:58
20262,TM12,14,36,13,36,2027-06-01T05:58,2027-06-01T06:00:24
20262,TM12,13,36,12,36,2027-06-01T06:00:24,2027-06-01T06:02:48
20262,TM12,12,36,12,37,2027-06-01T06:02:48,2027-06-01T06:05:12
20262,TM12,12,37,12,38,2027-06-01T06:05:12,2027-06-01T06:07:36
20262,TM13,27,14,28,14,2027-06-01T03:10,2027-06-01T03:12:24
20262,TM13,28,14,29,14,2027-06-01T03:12:24,2027-06-01T03:14:48
20262,TM13,29,14,30,14,2027-06-01T03:14:48,2027-06-01T03:17:12
20262,TM13,30,14,31,14,2027-06-01T03:17:12,2027-06-01T03:19:36
20262,TM13,31,14,32,14,2027-06-01T03:19:36,2027-06-01T03:22
20262,TM13,32,14,33,14,2027-06-01T03:22,2027-06-01T03:24:24
20262,TM13,33,14,34,14,2027-06-01T03:24:24,2027-06-01T03:26:48
20262,TM13,34,14,35,14,2027-06-01T03:26:48,2027-06-01T03:29:12
20262,TM13,35,14,36,14,2027-06-01T03:29:12,2027-06-01T03:31:36
20262,TM13,36,14,37,14,2027-06-01T03:31:36,2027-06-01T03:34
20262,TM13,37,14,38,14,2027-06-01T03:34,2027-06-01T03:36:24
20262,TM13,38,14,39,14,2027-06-01T03:36:24,2027-06-01T03:38:48
20262,TM13,39,14,40,14,2027-06-01T03:38:48,2027-06-01T03:41:12
20262,TM13,40,14,41,14,2027-06-01T03:41:12,2027-06-01T03:43:36
20262,TM13,41,14,42,14,2027-06-01T03:43:36,2027-06-01T03:46
20262,TM13,42,14,43,14,2027-06-01T03:46,2027-06-01T03:48:24
20262,TM13,43,14,44,14,2027-06-01T03:48:24,2027-06-01T03:50:48
20262,TM13,44,14,45,14,2027-06-01T03:50:48,2027-06-01T03:53:12
20262,TM13,45,14,46,14,2027-06-01T03:53:12,2027-06-01T03:55:36
20262,TM13,46,14,47,14,2027-06-01T03:55:36,2027-06-01T03:58
20262,TM13,47,14,47,13,2027-06-01T03:58,2027-06-01T04:00:24
20262,TM13,47,13,47,12,2027-06-01T04:00:24,2027-06-01T04:02:48
20262,TM13,47,12,47,11,2027-06-01T04:02:48,2027-06-01T04:05:12
20262,TM13,47,11,47,10,2027-06-01T04:05:12,2027-06-01T04:07:36
20262,TM13,47,10,47,9,2027-06-01T04:07:36,2027-06-01T04:10
20262,TM13,47,9,47,8,2027-06-01T04:10,2027-06-01T04:12:24
20262,TM13,47,8,47,7,2027-06-01T04:12:24,2027-06-01T04:14:48
20262,TM13,47,7,47,6,2027-06-01T04:14:48,2027-06-01T04:17:12
20262,TM13,47,6,47,5,2027-06-01T04:17:12,2027-06-01T04:19:36
20262,TM13,47,5,47,4,2027-06-01T04:19:36,2027-06-01T04:22
20262,TM13,47,4,47,3,2027-06-01T04:22,2027-06-01T04:24:24
20262,TM13,47,3,46,3,2027-06-01T05:24:24,2027-06-01T05:26:48
20262,TM13,46,3,45,3,2027-06-01T05:26:48,2027-06-01T05:29:12
20262,TM13,45,3,44,3,2027-06-01T05:29:12,2027-06-01T05:31:36
20262,TM13,44,3,43,3,2027-06-01T05:31:36,2027-06-01T05:34
20262,TM13,43,3,42,3,2027-06-01T05:34,2027-06-01T05:36:24
20262,TM13,42,3,41,3,2027-06-01T05:36:24,2027-06-01T05:38:48
20262,TM13,41,3,40,3,2027-06-01T05:38:48,2027-06-01T05:41:12
20262,TM13,40,3,39,3,2027-06-01T05:41:12,2027-06-01T05:43:36
20262,TM13,39,3,38,3,2027-06-01T05:43:36,2027-06-01T05:46
20262,TM13,38,3,37,3,2027-06-01T05:46,2027-06-01T05:48:24
20262,TM13,37,3,36,3,2027-06-01T05:48:24,2027-06-01T05:50:48
20262,TM13,36,3,35,3,2027-06-01T05:50:48,2027-06-01T05:53:12
20262,TM13,35,3,34,3,2027-06-01T05:53:12,2027-06-01T05:55:36
20262,TM13,34,3,33,3,2027-06-01T05:55:36,2027-06-01T05:58
20262,TM13,33,3,32,3,2027-06-01T05:58,2027-06-01T06:00:24
20262,TM13,32,3,31,3,2027-06-01T06:00:24,2027-06-01T06:02:48
20262,TM13,31,3,30,3,2027-06-01T06:02:48,2027-06-01T06:05:12
20262,TM13,30,3,29,3,2027-06-01T06:05:12,2027-06-01T06:07:36
20262,TM13,29,3,28,3,2027-06-01T06:07:36,2027-06-01T06:10
20262,TM13,28,3,27,3,2027-06-01T06:10,2027-06-01T06:12:24
20262,TM13,27,3,27,4,2027-06-01T06:12:24,2027-06-01T06:14:48
20262,TM13,27,4,27,5,2027-06-01T06:14:48,2027-06-01T06:17:12
20262,TM13,27,5,27,6,2027-06-01T06:17:12,2027-06-01T06:19:36
20262,TM13,27,6,27,7,2027-06-01T06:19:36,2027-06-01T06:22
20262,TM13,27,7,27,8,2027-06-01T06:22,2027-06-01T06:24:24
20262,TM13,27,8,27,9,2027-06-01T06:24:24,2027-06-01T06:26:48
20262,TM13,27,9,27,10,2027-06-01T06:26:48,2027-06-01T06:29:12
20262,TM13,27,10,27,11,2027-06-01T06:29:12,2027-06-01T06:31:36
20262,TM13,27,11,27,12,2027-06-01T06:31:36,2027-06-01T06:34
20262,TM13,27,12,27,13,2027-06-01T06:34,2027-06-01T06:36:24
20262,TM13,27,13,27,14,2027-06-01T06:36:24,2027-06-01T06:38:48
20262,TA02,27,14,28,14,2027-06-01T03:29,2027-06-01T03:30:30
20262,TA02,28,14,29,14,2027-06-01T03:30:30,2027-06-01T03:32
20262,TA02,29,14,30,14,2027-06-01T03:32,2027-06-01T03:33:30
20262,TA02,30,14,31,14,2027-06-01T03:33:30,2027-06-01T03:35
20262,TA02,31,14,32,14,2027-06-01T03:35,2027-06-01T03:36:30
20262,TA02,32,14,33,14,2027-06-01T03:36:30,2027-06-01T03:38
20262,TA02,33,14,34,14,2027-06-01T03:38,2027-06-01T03:39:30
20262,TA02,34,14,35,14,2027-06-01T03:39:30,2027-06-01T03:41
20262,TA02,35,14,36,14,2027-06-01T03:41,2027-06-01T03:42:30
20262,TA02,36,14,37,14,2027-06-01T03:42:30,2027-06-01T03:44
20262,TA02,37,14,38,14,2027-06-01T03:44,2027-06-01T03:45:30
20262,TA02,38,14,39,14,2027-06-01T03:45:30,2027-06-01T03:47
20262,TA02,39,14,39,13,2027-06-01T03:47,2027-06-01T03:48:30
20262,TA02,39,13,39,12,2027-06-01T03:48:30,2027-06-01T03:50
20262,TA02,39,12,40,12,2027-06-01T04:50,2027-06-01T04:51:30
20262,TA02,40,12,41,12,2027-06-01T04:51:30,2027-06-01T04:53
20262,TA02,41,12,42,12,2027-06-01T04:53,2027-06-01T04:54:30
20262,TA02,42,12,43,12,2027-06-01T04:54:30,2027-06-01T04:56
20262,TA02,43,12,44,12,2027-06-01T04:56,2027-06-01T04:57:30
20262,TA02,44,12,45,12,2027-06-01T04:57:30,2027-06-01T04:59
20262,TA02,45,12,46,12,2027-06-01T04:59,2027-06-01T05:00:30
20262,TA02,46,12,47,12,2027-06-01T05:00:30,2027-06-01T05:02
20262,TA02,47,12,48,12,2027-06-01T05:02,2027-06-01T05:03:30
20262,TA02,48,12,49,12,2027-06-01T05:03:30,2027-06-01T05:05
20262,TA02,49,12,49,11,2027-06-01T05:05,2027-06-01T05:06:30
20262,TA02,49,11,49,10,2027-06-01T05:06:30,2027-06-01T05:08
20262,TA02,49,10,49,9,2027-06-01T05:08,2027-06-01T05:09:30
20262,TA02,49,9,49,8,2027-06-01T05:09:30,2027-06-01T05:11
20262,TA02,49,8,49,7,2027-06-01T05:11,2027-06-01T05:12:30
20262,TA02,49,7,49,6,2027-06-01T05:12:30,2027-06-01T05:14
20262,TA02,49,6,49,5,2027-06-01T05:14,2027-06-01T05:15:30
20262,TA02,49,5,49,4,2027-06-01T05:15:30,2027-06-01T05:17
20262,TA02,49,4,49,3,2027-06-01T05:17,2027-06-01T05:18:30
20262,TA02,49,3,49,2,2027-06-01T05:18:30,2027-06-01T05:20
20262,TA02,49,2,49,1,2027-06-01T05:20,2027-06-01T05:21:30
20262,TA02,49,1,49,0,2027-06-01T05:21:30,2027-06-01T05:23
20262,TA02,49,0,50,0,2027-06-01T06:23,2027-06-01T06:24:30
20262,TA02,50,0,51,0,2027-06-01T06:24:30,2027-06-01T06:26
20262,TA02,51,0,52,0,2027-06-01T06:26,2027-06-01T06:27:30
20262,TA02,52,0,53,0,2027-06-01T06:27:30,2027-06-01T06:29
20262,TA02,53,0,54,0,2027-06-01T06:29,2027-06-01T06:30:30
20262,TA02,54,0,55,0,2027-06-01T06:30:30,2027-06-01T06:32
20262,TA02,55,0,56,0,2027-06-01T06:32,2027-06-01T06:33:30
20262,TA02,56,0,57,0,2027-06-01T06:33:30,2027-06-01T06:35
20262,TA02,57,0,57,1,2027-06-01T06:35,2027-06-01T06:36:30
20262,TA02,57,1,57,2,2027-06-01T06:36:30,2027-06-01T06:38
20262,TA02,57,2,57,3,2027-06-01T06:38,2027-06-01T06:39:30
20262,TA02,57,3,57,4,2027-06-01T06:39:30,2027-06-01T06:41
20262,TA02,57,4,57,5,2027-06-01T06:41,2027-06-01T06:42:30
20262,TA02,57,5,57,6,2027-06-01T06:42:30,2027-06-01T06:44
20262,TA02,57,6,57,7,2027-06-01T06:44,2027-06-01T06:45:30
20262,TA02,57,7,57,8,2027-06-01T06:45:30,2027-06-01T06:47
20262,TA02,57,8,57,9,2027-06-01T06:47,2027-06-01T06:48:30
20262,TA02,57,9,57,10,2027-06-01T06:48:30,2027-06-01T06:50
20262,TA02,57,10,57,11,2027-06-01T06:50,2027-06-01T06:51:30
20262,TA02,57,11,57,12,2027-06-01T06:51:30,2027-06-01T06:53
20262,TA02,57,12,57,13,2027-06-01T06:53,2027-06-01T06:54:30
20262,TA02,57,13,57,14,2027-06-01T06:54:30,2027-06-01T06:56
20262,TA02,57,14,57,15,2027-06-01T06:56,2027-06-01T06:57:30
20262,TA02,57,15,57,16,2027-06-01T06:57:30,2027-06-01T06:59
20262,TA02,57,16,57,17,2027-06-01T06:59,2027-06-01T07:00:30
20262,TA02,57,17,57,18,2027-06-01T07:00:30,2027-06-01T07:02
20262,TA02,57,18,57,19,2027-06-01T07:02,2027-06-01T07:03:30
20262,TA02,57,19,57,20,2027-06-01T07:03:30,2027-06-01T07:05
20262,TA02,57,20,57,21,2027-06-01T07:05,2027-06-01T07:06:30
20262,TA02,57,21,57,22,2027-06-01T07:06:30,2027-06-01T07:08
20262,TA02,57,22,57,23,2027-06-01T07:08,2027-06-01T07:09:30
20262,TA02,57,23,57,24,2027-06-01T07:09:30,2027-06-01T07:11
20262,TA02,57,24,57,25,2027-06-01T07:11,2027-06-01T07:12:30
20262,TA02,57,25,57,26,2027-06-01T07:12:30,2027-06-01T07:14
20262,TA02,57,26,57,27,2027-06-01T07:14,2027-06-01T07:15:30
20262,TA06,12,38,13,38,2027-06-01T03:38:30,2027-06-01T03:40
20262,TA06,13,38,14,38,2027-06-01T03:40,2027-06-01T03:41:30
20262,TA06,14,38,15,38,2027-06-01T03:41:30,2027-06-01T03:43
20262,TA06,15,38,16,38,2027-06-01T03:43,2027-06-01T03:44:30
20262,TA06,16,38,17,38,2027-06-01T03:44:30,2027-06-01T03:46
20262,TA06,17,38,18,38,2027-06-01T03:46,2027-06-01T03:47:30
20262,TA06,18,38,19,38,2027-06-01T03:47:30,2027-06-01T03:49
20262,TA06,19,38,20,38,2027-06-01T03:49,2027-06-01T03:50:30
20262,TA06,20,38,21,38,2027-06-01T03:50:30,2027-06-01T03:52
20262,TA06,21,38,22,38,2027-06-01T03:52,2027-06-01T03:53:30
20262,TA06,22,38,23,38,2027-06-01T03:53:30,2027-06-01T03:55
20262,TA06,23,38,24,38,2027-06-01T03:55,2027-06-01T03:56:30
20262,TA06,24,38,25,38,2027-06-01T03:56:30,2027-06-01T03:58
20262,TA06,25,38,26,38,2027-06-01T03:58,2027-06-01T03:59:30
20262,TA06,26,38,27,38,2027-06-01T03:59:30,2027-06-01T04:01
20262,TA06,27,38,28,38,2027-06-01T04:01,2027-06-01T04:02:30
20262,TA06,28,38,29,38,2027-06-01T04:02:30,2027-06-01T04:04
20262,TA06,29,38,29,39,2027-06-01T04:04,2027-06-01T04:05:30
20262,TA06,29,39,29,40,2027-06-01T04:05:30,2027-06-01T04:07
20262,TA06,29,40,29,41,2027-06-01T04:07,2027-06-01T04:08:30
20262,TA06,29,41,30,41,2027-06-01T04:08:30,2027-06-01T04:10
20262,TA06,30,41,31,41,2027-06-01T04:10,2027-06-01T04:11:30
20262,TA06,31,41,32,41,2027-06-01T04:11:30,2027-06-01T04:13
20262,TA06,32,41,33,41,2027-06-01T04:13,2027-06-01T04:14:30
20262,TA06,33,41,34,41,2027-06-01T04:14:30,2027-06-01T04:16
20262,TA06,34,41,35,41,2027-06-01T04:16,2027-06-01T04:17:30
20262,TA06,35,41,36,41,2027-06-01T04:17:30,2027-06-01T04:19
20262,TA06,36,41,37,41,2027-06-01T04:19,2027-06-01T04:20:30
20262,TA06,37,41,38,41,2027-06-01T04:20:30,2027-06-01T04:22
20262,TA06,38,41,39,41,2027-06-01T04:22,2027-06-01T04:23:30
20262,TA06,39,41,40,41,2027-06-01T04:23:30,2027-06-01T04:25
20262,TA06,40,41,41,41,2027-06-01T04:25,2027-06-01T04:26:30
20262,TA06,41,41,42,41,2027-06-01T04:26:30,2027-06-01T04:28
20262,TA06,42,41,43,41,2027-06-01T04:28,2027-06-01T04:29:30
20262,TA06,43,41,44,41,2027-06-01T04:29:30,2027-06-01T04:31
20262,TA06,44,41,45,41,2027-06-01T04:31,2027-06-01T04:32:30
20262,TA06,45,41,46,41,2027-06-01T04:32:30,2027-06-01T04:34
20262,TA06,46,41,47,41,2027-06-01T04:34,2027-06-01T04:35:30
20262,TA06,47,41,48,41,2027-06-01T04:35:30,2027-06-01T04:37
20262,TA06,48,41,49,41,2027-06-01T04:37,2027-06-01T04:38:30
20262,TA06,49,41,50,41,2027-06-01T04:38:30,2027-06-01T04:40
20262,TA06,50,41,51,41,2027-06-01T04:40,2027-06-01T04:41:30
20262,TA06,51,41,52,41,2027-06-01T04:41:30,2027-06-01T04:43
20262,TA06,52,41,53,41,2027-06-01T04:43,2027-06-01T04:44:30
20262,TA06,53,41,54,41,2027-06-01T04:44:30,2027-06-01T04:46
20262,TA06,54,41,55,41,2027-06-01T04:46,2027-06-01T04:47:30
20262,TA06,55,41,56,41,2027-06-01T04:47:30,2027-06-01T04:49
20262,TA06,56,41,57,41,2027-06-01T04:49,2027-06-01T04:50:30
20262,TA06,57,41,58,41,2027-06-01T04:50:30,2027-06-01T04:52
20262,TA06,58,41,59,41,2027-06-01T04:52,2027-06-01T04:53:30
20262,TA06,59,41,60,41,2027-06-01T04:53:30,2027-06-01T04:55
20262,TA06,60,41,61,41,2027-06-01T04:55,2027-06-01T04:56:30
20262,TA06,61,41,62,41,2027-06-01T04:56:30,2027-06-01T04:58
20262,TA06,62,41,63,41,2027-06-01T04:58,2027-06-01T04:59:30
20262,TA06,63,41,63,42,2027-06-01T04:59:30,2027-06-01T05:01
20262,TA06,63,42,63,43,2027-06-01T05:01,2027-06-01T05:02:30
20262,TA06,63,43,63,44,2027-06-01T05:02:30,2027-06-01T05:04
20262,TA06,63,44,63,45,2027-06-01T05:04,2027-06-01T05:05:30
20262,TA06,63,45,63,46,2027-06-01T05:05:30,2027-06-01T05:07
20262,TA06,63,46,63,47,2027-06-01T05:07,2027-06-01T05:08:30
20262,TA06,63,47,62,47,2027-06-01T06:08:30,2027-06-01T06:10
20262,TA06,62,47,61,47,2027-06-01T06:10,2027-06-01T06:11:30
20262,TA06,61,47,60,47,2027-06-01T06:11:30,2027-06-01T06:13
20262,TA06,60,47,59,47,2027-06-01T06:13,2027-06-01T06:14:30
20262,TA06,59,47,58,47,2027-06-01T06:14:30,2027-06-01T06:16
20262,TA06,58,47,57,47,2027-06-01T06:16,2027-06-01T06:17:30
20262,TA06,57,47,57,46,2027-06-01T06:17:30,2027-06-01T06:19
20262,TA06,57,46,57,45,2027-06-01T06:19,2027-06-01T06:20:30
20262,TA06,57,45,57,44,2027-06-01T06:20:30,2027-06-01T06:22
20262,TA06,57,44,57,43,2027-06-01T06:22,2027-06-01T06:23:30
20262,TA06,57,43,57,42,2027-06-01T06:23:30,2027-06-01T06:25
20262,TA06,57,42,57,41,2027-06-01T06:25,2027-06-01T06:26:30
20262,TA06,57,41,57,40,2027-06-01T06:26:30,2027-06-01T06:28
20262,TA06,57,40,57,39,2027-06-01T06:28,2027-06-01T06:29:30
20262,TA06,57,39,57,38,2027-06-01T06:29:30,2027-06-01T06:31
20262,TA06,57,38,57,37,2027-06-01T06:31,2027-06-01T06:32:30
20262,TA06,57,37,57,36,2027-06-01T06:32:30,2027-06-01T06:34
20262,TA06,57,36,57,35,2027-06-01T06:34,2027-06-01T06:35:30
20262,TA06,57,35,57,34,2027-06-01T06:35:30,2027-06-01T06:37
20262,TA06,57,34,57,33,2027-06-01T06:37,2027-06-01T06:38:30
20262,TA06,57,33,57,32,2027-06-01T06:38:30,2027-06-01T06:40
20262,TA06,57,32,57,31,2027-06-01T06:40,2027-06-01T06:41:30
20262,TA06,57,31,57,30,2027-06-01T06:41:30,2027-06-01T06:43
20262,TA06,57,30,57,29,2027-06-01T06:43,2027-06-01T06:44:30
20262,TA06,57,29,57,28,2027-06-01T06:44:30,2027-06-01T06:46
20262,TA06,57,28,57,27,2027-06-01T06:46,2027-06-01T06:47:30
20262,TA10,57,27,56,27,2027-06-01T03:42:30,2027-06-01T03:44
20262,TA10,56,27,55,27,2027-06-01T03:44,2027-06-01T03:45:30
20262,TA10,55,27,54,27,2027-06-01T03:45:30,2027-06-01T03:47
20262,TA10,54,27,53,27,2027-06-01T03:47,2027-06-01T03:48:30
20262,TA10,53,27,52,27,2027-06-01T03:48:30,2027-06-01T03:50
20262,TA10,52,27,52,28,2027-06-01T03:50,2027-06-01T03:51:30
20262,TA10,52,28,52,29,2027-06-01T03:51:30,2027-06-01T03:53
20262,TA10,52,29,52,30,2027-06-01T03:53,2027-06-01T03:54:30
20262,TA10,52,30,51,30,2027-06-01T04:54:30,2027-06-01T04:56
20262,TA10,51,30,50,30,2027-06-01T04:56,2027-06-01T04:57:30
20262,TA10,50,30,49,30,2027-06-01T04:57:30,2027-06-01T04:59
20262,TA10,49,30,48,30,2027-06-01T04:59,2027-06-01T05:00:30
20262,TA10,48,30,47,30,2027-06-01T05:00:30,2027-06-01T05:02
20262,TA10,47,30,46,30,2027-06-01T05:02,2027-06-01T05:03:30
20262,TA10,46,30,45,30,2027-06-01T05:03:30,2027-06-01T05:05
20262,TA10,45,30,44,30,2027-06-01T05:05,2027-06-01T05:06:30
20262,TA10,44,30,43,30,2027-06-01T05:06:30,2027-06-01T05:08
20262,TA10,43,30,42,30,2027-06-01T05:08,2027-06-01T05:09:30
20262,TA10,42,30,41,30,2027-06-01T05:09:30,2027-06-01T05:11
20262,TA10,41,30,41,31,2027-06-01T05:11,2027-06-01T05:12:30
20262,TA10,41,31,41,32,2027-06-01T05:12:30,2027-06-01T05:14
20262,TA10,41,32,41,33,2027-06-01T05:14,2027-06-01T05:15:30
20262,TA10,41,33,41,34,2027-06-01T05:15:30,2027-06-01T05:17
20262,TA10,41,34,41,35,2027-06-01T05:17,2027-06-01T05:18:30
20262,TA10,41,35,41,36,2027-06-01T05:18:30,2027-06-01T05:20
20262,TA10,41,36,40,36,2027-06-01T05:20,2027-06-01T05:21:30
20262,TA10,40,36,39,36,2027-06-01T05:21:30,2027-06-01T05:23
20262,TA10,39,36,39,35,2027-06-01T05:23,2027-06-01T05:24:30
20262,TA10,39,35,39,34,2027-06-01T05:24:30,2027-06-01T05:26
20262,TA10,39,34,39,33,2027-06-01T05:26,2027-06-01T05:27:30
20262,TA10,39,33,39,32,2027-06-01T05:27:30,2027-06-01T05:29
20262,TA10,39,32,39,31,2027-06-01T05:29,2027-06-01T05:30:30
20262,TA10,39,31,39,30,2027-06-01T05:30:30,2027-06-01T05:32
20262,TA10,39,30,38,30,2027-06-01T05:32,2027-06-01T05:33:30
20262,TA10,38,30,37,30,2027-06-01T05:33:30,2027-06-01T05:35
20262,TA10,37,30,36,30,2027-06-01T05:35,2027-06-01T05:36:30
20262,TA10,36,30,35,30,2027-06-01T05:36:30,2027-06-01T05:38
20262,TA10,35,30,34,30,2027-06-01T05:38,2027-06-01T05:39:30
20262,TA10,34,30,33,30,2027-06-01T05:39:30,2027-06-01T05:41
20262,TA10,33,30,32,30,2027-06-01T05:41,2027-06-01T05:42:30
20262,TA10,32,30,31,30,2027-06-01T05:42:30,2027-06-01T05:44
20262,TA10,31,30,30,30,2027-06-01T06:44,2027-06-01T06:45:30
20262,TA10,30,30,29,30,2027-06-01T06:45:30,2027-06-01T06:47
20262,TA10,29,30,28,30,2027-06-01T06:47,2027-06-01T06:48:30
20262,TA10,28,30,27,30,2027-06-01T06:48:30,2027-06-01T06:50
20262,TA10,27,30,27,29,2027-06-01T06:50,2027-06-01T06:51:30
20262,TA10,27,29,27,28,2027-06-01T06:51:30,2027-06-01T06:53
20262,TA10,27,28,27,27,2027-06-01T06:53,2027-06-01T06:54:30
20262,TA10,27,27,27,26,2027-06-01T06:54:30,2027-06-01T06:56
20262,TA10,27,26,27,25,2027-06-01T06:56,2027-06-01T06:57:30
20262,TA10,27,25,27,24,2027-06-01T06:57:30,2027-06-01T06:59
20262,TA10,27,24,27,23,2027-06-01T06:59,2027-06-01T07:00:30
20262,TA10,27,23,27,22,2027-06-01T07:00:30,2027-06-01T07:02
20262,TA10,27,22,27,21,2027-06-01T07:02,2027-06-01T07:03:30
20262,TA10,27,21,27,20,2027-06-01T07:03:30,2027-06-01T07:05
20262,TA10,27,20,27,19,2027-06-01T07:05,2027-06-01T07:06:30
20262,TA10,27,19,27,18,2027-06-01T07:06:30,2027-06-01T07:08
20262,TA10,27,18,27,17,2027-06-01T07:08,2027-06-01T07:09:30
20262,TA10,27,17,27,16,2027-06-01T07:09:30,2027-06-01T07:11
20262,TA10,27,16,27,15,2027-06-01T07:11,2027-06-01T07:12:30
20262,TA10,27,15,27,14,2027-06-01T07:12:30,2027-06-01T07:14
20262,TA08,12,38,12,37,2027-06-01T04:08:30,2027-06-01T04:10
20262,TA08,12,37,12,36,2027-06-01T04:10,2027-06-01T04:11:30
20262,TA08,12,36,12,35,2027-06-01T04:11:30,2027-06-01T04:13
20262,TA08,12,35,12,34,2027-06-01T04:13,2027-06-01T04:14:30
20262,TA08,12,34,12,33,2027-06-01T04:14:30,2027-06-01T04:16
20262,TA08,12,33,12,32,2027-06-01T04:16,2027-06-01T04:17:30
20262,TA08,12,32,12,31,2027-06-01T04:17:30,2027-06-01T04:19
20262,TA08,12,31,12,30,2027-06-01T04:19,2027-06-01T04:20:30
20262,TA08,12,30,12,29,2027-06-01T04:20:30,2027-06-01T04:22
20262,TA08,12,29,12,28,2027-06-01T04:22,2027-06-01T04:23:30
20262,TA08,12,28,12,27,2027-06-01T04:23:30,2027-06-01T04:25
20262,TA08,12,27,12,26,2027-06-01T04:25,2027-06-01T04:26:30
20262,TA08,12,26,12,25,2027-06-01T04:26:30,2027-06-01T04:28
20262,TA08,12,25,12,24,2027-06-01T04:28,2027-06-01T04:29:30
20262,TA08,12,24,12,23,2027-06-01T04:29:30,2027-06-01T04:31
20262,TA08,12,23,12,22,2027-06-01T04:31,2027-06-01T04:32:30
20262,TA08,12,22,12,21,2027-06-01T04:32:30,2027-06-01T04:34
20262,TA08,12,21,11,21,2027-06-01T04:34,2027-06-01T04:35:30
20262,TA08,11,21,10,21,2027-06-01T04:35:30,2027-06-01T04:37
20262,TA08,10,21,9,21,2027-06-01T04:37,2027-06-01T04:38:30
20262,TA08,9,21,9,20,2027-06-01T04:38:30,2027-06-01T04:40
20262,TA08,9,20,9,19,2027-06-01T04:40,2027-06-01T04:41:30
20262,TA08,9,19,9,18,2027-06-01T04:41:30,2027-06-01T04:43
20262,TA08,9,18,9,17,2027-06-01T04:43,2027-06-01T04:44:30
20262,TA08,9,17,9,16,2027-06-01T04:44:30,2027-06-01T04:46
20262,TA08,9,16,9,15,2027-06-01T04:46,2027-06-01T04:47:30
20262,TA08,9,15,9,14,2027-06-01T04:47:30,2027-06-01T04:49
20262,TA08,9,14,10,14,2027-06-01T04:49,2027-06-01T04:50:30
20262,TA08,10,14,11,14,2027-06-01T04:50:30,2027-06-01T04:52
20262,TA08,11,14,12,14,2027-06-01T04:52,2027-06-01T04:53:30
20262,TA08,12,14,13,14,2027-06-01T04:53:30,2027-06-01T04:55
20262,TA08,13,14,14,14,2027-06-01T04:55,2027-06-01T04:56:30
20262,TA08,14,14,15,14,2027-06-01T04:56:30,2027-06-01T04:58
20262,TA08,15,14,16,14,2027-06-01T04:58,2027-06-01T04:59:30
20262,TA08,16,14,17,14,2027-06-01T04:59:30,2027-06-01T05:01
20262,TA08,17,14,18,14,2027-06-01T05:01,2027-06-01T05:02:30
20262,TA08,18,14,19,14,2027-06-01T05:02:30,2027-06-01T05:04
20262,TA08,19,14,20,14,2027-06-01T05:04,2027-06-01T05:05:30
20262,TA08,20,14,21,14,2027-06-01T05:05:30,2027-06-01T05:07
20262,TA08,21,14,22,14,2027-06-01T05:07,2027-06-01T05:08:30
20262,TA08,22,14,23,14,2027-06-01T05:08:30,2027-06-01T05:10
20262,TA08,23,14,24,14,2027-06-01T05:10,2027-06-01T05:11:30
20262,TA08,24,14,25,14,2027-06-01T05:11:30,2027-06-01T05:13
20262,TA08,25,14,26,14,2027-06-01T05:13,2027-06-01T05:14:30
20262,TA08,26,14,27,14,2027-06-01T05:14:30,2027-06-01T05:16
20262,TA08,27,14,26,14,2027-06-01T05:16,2027-06-01T05:17:30
20262,TA08,26,14,25,14,2027-06-01T05:17:30,2027-06-01T05:19
20262,TA08,25,14,24,14,2027-06-01T05:19,2027-06-01T05:20:30
20262,TA08,24,14,23,14,2027-06-01T05:20:30,2027-06-01T05:22
20262,TA08,23,14,22,14,2027-06-01T05:22,2027-06-01T05:23:30
20262,TA08,22,14,21,14,2027-06-01T05:23:30,2027-06-01T05:25
20262,TA08,21,14,20,14,2027-06-01T05:25,2027-06-01T05:26:30
20262,TA08,20,14,19,14,2027-06-01T05:26:30,2027-06-01T05:28
20262,TA08,19,14,18,14,2027-06-01T05:28,2027-06-01T05:29:30
20262,TA08,18,14,17,14,2027-06-01T05:29:30,2027-06-01T05:31
20262,TA08,17,14,16,14,2027-06-01T05:31,2027-06-01T05:32:30
20262,TA08,16,14,15,14,2027-06-01T05:32:30,2027-06-01T05:34
20262,TA08,15,14,14,14,2027-06-01T05:34,2027-06-01T05:35:30
20262,TA08,14,14,13,14,2027-06-01T05:35:30,2027-06-01T05:37
20262,TA08,13,14,12,14,2027-06-01T05:37,2027-06-01T05:38:30
20262,TA08,12,14,11,14,2027-06-01T05:38:30,2027-06-01T05:40
20262,TA08,11,14,10,14,2027-06-01T05:40,2027-06-01T05:41:30
20262,TA08,10,14,9,14,2027-06-01T05:41:30,2027-06-01T05:43
20262,TA08,9,14,8,14,2027-06-01T05:43,2027-06-01T05:44:30
20262,TA08,8,14,7,14,2027-06-01T05:44:30,2027-06-01T05:46
20262,TA08,7,14,6,14,2027-06-01T05:46,2027-06-01T05:47:30
20262,TA08,6,14,5,14,2027-06-01T05:47:30,2027-06-01T05:49
20262,TA08,5,14,4,14,2027-06-01T05:49,2027-06-01T05:50:30
20262,TA08,4,14,3,14,2027-06-01T05:50:30,2027-06-01T05:52
20262,TA08,3,14,3,15,2027-06-01T05:52,2027-06-01T05:53:30
20262,TA08,3,15,3,16,2027-06-01T05:53:30,2027-06-01T05:55
20262,TA08,3,16,4,16,2027-06-01T06:55,2027-06-01T06:56:30
20262,TA08,4,16,5,16,2027-06-01T06:56:30,2027-06-01T06:58
20262,TA08,5,16,6,16,2027-06-01T06:58,2027-06-01T06:59:30
20262,TA08,6,16,7,16,2027-06-01T06:59:30,2027-06-01T07:01
20262,TA08,7,16,7,17,2027-06-01T07:01,2027-06-01T07:02:30
20262,TA08,7,17,7,18,2027-06-01T07:02:30,2027-06-01T07:04
20262,TA08,7,18,7,19,2027-06-01T07:04,2027-06-01T07:05:30
20262,TA08,7,19,7,20,2027-06-01T07:05:30,2027-06-01T07:07
20262,TA08,7,20,7,21,2027-06-01T07:07,2027-06-01T07:08:30
20262,TA08,7,21,7,22,2027-06-01T07:08:30,2027-06-01T07:10
20262,TA08,7,22,7,23,2027-06-01T07:10,2027-06-01T07:11:30
20262,TA08,7,23,7,24,2027-06-01T07:11:30,2027-06-01T07:13
20262,TA08,7,24,8,24,2027-06-01T07:13,2027-06-01T07:14:30
20262,TA08,8,24,9,24,2027-06-01T07:14:30,2027-06-01T07:16
20262,TA08,9,24,10,24,2027-06-01T07:16,2027-06-01T07:17:30
20262,TA08,10,24,11,24,2027-06-01T07:17:30,2027-06-01T07:19
20262,TA08,11,24,12,24,2027-06-01T07:19,2027-06-01T07:20:30
20262,TA08,12,24,12,25,2027-06-01T07:20:30,2027-06-01T07:22
20262,TA08,12,25,12,26,2027-06-01T07:22,2027-06-01T07:23:30
20262,TA08,12,26,12,27,2027-06-01T07:23:30,2027-06-01T07:25
20262,TA08,12,27,12,28,2027-06-01T07:25,2027-06-01T07:26:30
20262,TA08,12,28,12,29,2027-06-01T07:26:30,2027-06-01T07:28
20262,TA08,12,29,12,30,2027-06-01T07:28,2027-06-01T07:29:30
20262,TA08,12,30,12,31,2027-06-01T07:29:30,2027-06-01T07:31
20262,TA08,12,31,12,32,2027-06-01T07:31,2027-06-01T07:32:30
20262,TA08,12,32,12,33,2027-06-01T07:32:30,2027-06-01T07:34
20262,TA08,12,33,12,34,2027-06-01T07:34,2027-06-01T07:35:30
20262,TA08,12,34,12,35,2027-06-01T07:35:30,2027-06-01T07:37
20262,TA08,12,35,12,36,2027-06-01T07:37,2027-06-01T07:38:30
20262,TA08,12,36,12,37,2027-06-01T07:38:30,2027-06-01T07:40
20262,TA08,12,37,12,38,2027-06-01T07:40,2027-06-01T07:41:30
20262,TM02,57,27,56,27,2027-06-01T04:23:12,2027-06-01T04:25:36
20262,TM02,56,27,56,26,2027-06-01T04:25:36,2027-06-01T04:28
20262,TM02,56,26,56,25,2027-06-01T04:28,2027-06-01T04:30:24
20262,TM02,56,25,56,24,2027-06-01T04:30:24,2027-06-01T04:32:48
20262,TM02,56,24,56,23,2027-06-01T04:32:48,2027-06-01T04:35:12
20262,TM02,56,23,56,22,2027-06-01T04:35:12,2027-06-01T04:37:36
20262,TM02,56,22,56,21,2027-06-01T04:37:36,2027-06-01T04:40
20262,TM02,56,21,56,20,2027-06-01T04:40,2027-06-01T04:42:24
20262,TM02,56,20,56,19,2027-06-01T04:42:24,2027-06-01T04:44:48
20262,TM02,56,19,56,18,2027-06-01T04:44:48,2027-06-01T04:47:12
20262,TM02,56,18,56,17,2027-06-01T04:47:12,2027-06-01T04:49:36
20262,TM02,56,17,56,16,2027-06-01T04:49:36,2027-06-01T04:52
20262,TM02,56,16,56,15,2027-06-01T04:52,2027-06-01T04:54:24
20262,TM02,56,15,56,14,2027-06-01T04:54:24,2027-06-01T04:56:48
20262,TM02,56,14,57,14,2027-06-01T05:56:48,2027-06-01T05:59:12
20262,TM02,57,14,57,15,2027-06-01T05:59:12,2027-06-01T06:01:36
20262,TM02,57,15,57,16,2027-06-01T06:01:36,2027-06-01T06:04
20262,TM02,57,16,57,17,2027-06-01T06:04,2027-06-01T06:06:24
20262,TM02,57,17,57,18,2027-06-01T06:06:24,2027-06-01T06:08:48
20262,TM02,57,18,57,19,2027-06-01T06:08:48,2027-06-01T06:11:12
20262,TM02,57,19,57,20,2027-06-01T06:11:12,2027-06-01T06:13:36
20262,TM02,57,20,57,21,2027-06-01T06:13:36,2027-06-01T06:16
20262,TM02,57,21,57,22,2027-06-01T06:16,2027-06-01T06:18:24
20262,TM02,57,22,57,23,2027-06-01T06:18:24,2027-06-01T06:20:48
20262,TM02,57,23,57,24,2027-06-01T06:20:48,2027-06-01T06:23:12
20262,TM02,57,24,57,25,2027-06-01T06:23:12,2027-06-01T06:25:36
20262,TM02,57,25,57,26,2027-06-01T06:25:36,2027-06-01T06:28
20262,TM02,57,26,57,27,2027-06-01T06:28,2027-06-01T06:30:24
20262,TM03,27,14,26,14,2027-06-01T04:49:36,2027-06-01T04:52
20262,TM03,26,14,26,13,2027-06-01T04:52,2027-06-01T04:54:24
20262,TM03,26,13,26,12,2027-06-01T04:54:24,2027-06-01T04:56:48
20262,TM03,26,12,26,11,2027-06-01T04:56:48,2027-06-01T04:59:12
20262,TM03,26,11,26,10,2027-06-01T04:59:12,2027-06-01T05:01:36
20262,TM03,26,10,26,9,2027-06-01T05:01:36,2027-06-01T05:04
20262,TM03,26,9,26,8,2027-06-01T05:04,2027-06-01T05:06:24
20262,TM03,26,8,26,7,2027-06-01T05:06:24,2027-06-01T05:08:48
20262,TM03,26,7,26,6,2027-06-01T05:08:48,2027-06-01T05:11:12
20262,TM03,26,6,26,5,2027-06-01T05:11:12,2027-06-01T05:13:36
20262,TM03,26,5,26,4,2027-06-01T05:13:36,2027-06-01T05:16
20262,TM03,26,4,26,3,2027-06-01T05:16,2027-06-01T05:18:24
20262,TM03,26,3,26,2,2027-06-01T05:18:24,2027-06-01T05:20:48
20262,TM03,26,2,27,2,2027-06-01T06:20:48,2027-06-01T06:23:12
20262,TM03,27,2,27,3,2027-06-01T06:23:12,2027-06-01T06:25:36
20262,TM03,27,3,27,4,2027-06-01T06:25:36,2027-06-01T06:28
20262,TM03,27,4,27,5,2027-06-01T06:28,2027-06-01T06:30:24
20262,TM03,27,5,27,6,2027-06-01T06:30:24,2027-06-01T06:32:48
20262,TM03,27,6,27,7,2027-06-01T06:32:48,2027-06-01T06:35:12
20262,TM03,27,7,27,8,2027-06-01T06:35:12,2027-06-01T06:37:36
20262,TM03,27,8,27,9,2027-06-01T06:37:36,2027-06-01T06:40
20262,TM03,27,9,27,10,2027-06-01T06:40,2027-06-01T06:42:24
20262,TM03,27,10,27,11,2027-06-01T06:42:24,2027-06-01T06:44:48
20262,TM03,27,11,27,12,2027-06-01T06:44:48,2027-06-01T06:47:12
20262,TM03,27,12,27,13,2027-06-01T06:47:12,2027-06-01T06:49:36
20262,TM03,27,13,27,14,2027-06-01T06:49:36,2027-06-01T06:52
20262,TM01,57,27,57,26,2027-06-01T04:51:36,2027-06-01T04:54
20262,TM01,57,26,57,25,2027-06-01T04:54,2027-06-01T04:56:24
20262,TM01,57,25,57,24,2027-06-01T04:56:24,2027-06-01T04:58:48
20262,TM01,57,24,57,23,2027-06-01T04:58:48,2027-06-01T05:01:12
20262,TM01,57,23,57,22,2027-06-01T05:01:12,2027-06-01T05:03:36
20262,TM01,57,22,57,21,2027-06-01T05:03:36,2027-06-01T05:06
20262,TM01,57,21,57,20,2027-06-01T05:06,2027-06-01T05:08:24
20262,TM01,57,20,57,19,2027-06-01T05:08:24,2027-06-01T05:10:48
20262,TM01,57,19,57,18,2027-06-01T05:10:48,2027-06-01T05:13:12
20262,TM01,57,18,57,17,2027-06-01T05:13:12,2027-06-01T05:15:36
20262,TM01,57,17,57,16,2027-06-01T05:15:36,2027-06-01T05:18
20262,TM01,57,16,57,15,2027-06-01T05:18,2027-06-01T05:20:24
20262,TM01,57,15,57,16,2027-06-01T06:20:24,2027-06-01T06:22:48
20262,TM01,57,16,57,17,2027-06-01T06:22:48,2027-06-01T06:25:12
20262,TM01,57,17,57,18,2027-06-01T06:25:12,2027-06-01T06:27:36
20262,TM01,57,18,57,19,2027-06-01T06:27:36,2027-06-01T06:30
20262,TM01,57,19,57,20,2027-06-01T06:30,2027-06-01T06:32:24
20262,TM01,57,20,57,21,2027-06-01T06:32:24,2027-06-01T06:34:48
20262,TM01,57,21,57,22,2027-06-01T06:34:48,2027-06-01T06:37:12
20262,TM01,57,22,57,23,2027-06-01T06:37:12,2027-06-01T06:39:36
20262,TM01,57,23,57,24,2027-06-01T06:39:36,2027-06-01T06:42
20262,TM01,57,24,57,25,2027-06-01T06:42,2027-06-01T06:44:24
20262,TM01,57,25,57,26,2027-06-01T06:44:24,2027-06-01T06:46:48
20262,TM01,57,26,57,27,2027-06-01T06:46:48,2027-06-01T06:49:12
20262,TM07,27,14,26,14,2027-06-01T04:56:24,2027-06-01T04:58:48
20262,TM07,26,14,25,14,2027-06-01T04:58:48,2027-06-01T05:01:12
20262,TM07,25,14,24,14,2027-06-01T05:01:12,2027-06-01T05:03:36
20262,TM07,24,14,23,14,2027-06-01T05:03:36,2027-06-01T05:06
20262,TM07,23,14,22,14,2027-06-01T05:06,2027-06-01T05:08:24
20262,TM07,22,14,21,14,2027-06-01T05:08:24,2027-06-01T05:10:48
20262,TM07,21,14,20,14,2027-06-01T05:10:48,2027-06-01T05:13:12
20262,TM07,20,14,19,14,2027-06-01T05:13:12,2027-06-01T05:15:36
20262,TM07,19,14,18,14,2027-06-01T05:15:36,2027-06-01T05:18
20262,TM07,18,14,17,14,2027-06-01T05:18,2027-06-01T05:20:24
20262,TM07,17,14,16,14,2027-06-01T05:20:24,2027-06-01T05:22:48
20262,TM07,16,14,15,14,2027-06-01T05:22:48,2027-06-01T05:25:12
20262,TM07,15,14,14,14,2027-06-01T05:25:12,2027-06-01T05:27:36
20262,TM07,14,14,13,14,2027-06-01T05:27:36,2027-06-01T05:30
20262,TM07,13,14,12,14,2027-06-01T05:30,2027-06-01T05:32:24
20262,TM07,12,14,11,14,2027-06-01T05:32:24,2027-06-01T05:34:48
20262,TM07,11,14,10,14,2027-06-01T05:34:48,2027-06-01T05:37:12
20262,TM07,10,14,9,14,2027-06-01T05:37:12,2027-06-01T05:39:36
20262,TM07,9,14,8,14,2027-06-01T05:39:36,2027-06-01T05:42
20262,TM07,8,14,7,14,2027-06-01T05:42,2027-06-01T05:44:24
20262,TM07,7,14,6,14,2027-06-01T05:44:24,2027-06-01T05:46:48
20262,TM07,6,14,5,14,2027-06-01T05:46:48,2027-06-01T05:49:12
20262,TM07,5,14,4,14,2027-06-01T05:49:12,2027-06-01T05:51:36
20262,TM07,4,14,4,15,2027-06-01T05:51:36,2027-06-01T05:54
20262,TM07,4,15,5,15,2027-06-01T06:54,2027-06-01T06:56:24
20262,TM07,5,15,6,15,2027-06-01T06:56:24,2027-06-01T06:58:48
20262,TM07,6,15,7,15,2027-06-01T06:58:48,2027-06-01T07:01:12
20262,TM07,7,15,7,16,2027-06-01T07:01:12,2027-06-01T07:03:36
20262,TM07,7,16,7,17,2027-06-01T07:03:36,2027-06-01T07:06
20262,TM07,7,17,7,18,2027-06-01T07:06,2027-06-01T07:08:24
20262,TM07,7,18,7,19,2027-06-01T07:08:24,2027-06-01T07:10:48
20262,TM07,7,19,7,20,2027-06-01T07:10:48,2027-06-01T07:13:12
20262,TM07,7,20,7,21,2027-06-01T07:13:12,2027-06-01T07:15:36
20262,TM07,7,21,7,22,2027-06-01T07:15:36,2027-06-01T07:18
20262,TM07,7,22,7,23,2027-06-01T07:18,2027-06-01T07:20:24
20262,TM07,7,23,7,24,2027-06-01T07:20:24,2027-06-01T07:22:48
20262,TM07,7,24,8,24,2027-06-01T07:22:48,2027-06-01T07:25:12
20262,TM07,8,24,9,24,2027-06-01T07:25:12,2027-06-01T07:27:36
20262,TM07,9,24,10,24,2027-06-01T07:27:36,2027-06-01T07:30
20262,TM07,10,24,11,24,2027-06-01T07:30,2027-06-01T07:32:24
20262,TM07,11,24,12,24,2027-06-01T07:32:24,2027-06-01T07:34:48
20262,TM07,12,24,12,25,2027-06-01T07:34:48,2027-06-01T07:37:12
20262,TM07,12,25,12,26,2027-06-01T07:37:12,2027-06-01T07:39:36
20262,TM07,12,26,12,27,2027-06-01T07:39:36,2027-06-01T07:42
20262,TM07,12,27,12,28,2027-06-01T07:42,2027-06-01T07:44:24
20262,TM07,12,28,12,29,2027-06-01T07:44:24,2027-06-01T07:46:48
20262,TM07,12,29,12,30,2027-06-01T07:46:48,2027-06-01T07:49:12
20262,TM07,12,30,12,31,2027-06-01T07:49:12,2027-06-01T07:51:36
20262,TM07,12,31,12,32,2027-06-01T07:51:36,2027-06-01T07:54
20262,TM07,12,32,12,33,2027-06-01T07:54,2027-06-01T07:56:24
20262,TM07,12,33,12,34,2027-06-01T07:56:24,2027-06-01T07:58:48
20262,TM07,12,34,12,35,2027-06-01T07:58:48,2027-06-01T08:01:12
20262,TM07,12,35,12,36,2027-06-01T08:01:12,2027-06-01T08:03:36
20262,TM07,12,36,12,37,2027-06-01T08:03:36,2027-06-01T08:06
20262,TM07,12,37,12,38,2027-06-01T08:06,2027-06-01T08:08:24
20262,TM06,57,27,58,27,2027-06-01T05:08,2027-06-01T05:10:24
20262,TM06,58,27,59,27,2027-06-01T05:10:24,2027-06-01T05:12:48
20262,TM06,59,27,60,27,2027-06-01T05:12:48,2027-06-01T05:15:12
20262,TM06,60,27,61,27,2027-06-01T05:15:12,2027-06-01T05:17:36
20262,TM06,61,27,62,27,2027-06-01T05:17:36,2027-06-01T05:20
20262,TM06,62,27,63,27,2027-06-01T05:20,2027-06-01T05:22:24
20262,TM06,63,27,64,27,2027-06-01T05:22:24,2027-06-01T05:24:48
20262,TM06,64,27,64,26,2027-06-01T05:24:48,2027-06-01T05:27:12
20262,TM06,64,26,64,25,2027-06-01T05:27:12,2027-06-01T05:29:36
20262,TM06,64,25,64,24,2027-06-01T05:29:36,2027-06-01T05:32
20262,TM06,64,24,64,23,2027-06-01T05:32,2027-06-01T05:34:24
20262,TM06,64,23,63,23,2027-06-01T06:34:24,2027-06-01T06:36:48
20262,TM06,63,23,62,23,2027-06-01T06:36:48,2027-06-01T06:39:12
20262,TM06,62,23,61,23,2027-06-01T06:39:12,2027-06-01T06:41:36
20262,TM06,61,23,60,23,2027-06-01T06:41:36,2027-06-01T06:44
20262,TM06,60,23,59,23,2027-06-01T06:44,2027-06-01T06:46:24
20262,TM06,59,23,58,23,2027-06-01T06:46:24,2027-06-01T06:48:48
20262,TM06,58,23,57,23,2027-06-01T06:48:48,2027-06-01T06:51:12
20262,TM06,57,23,57,24,2027-06-01T06:51:12,2027-06-01T06:53:36
20262,TM06,57,24,57,25,2027-06-01T06:53:36,2027-06-01T06:56
20262,TM06,57,25,57,26,2027-06-01T06:56,2027-06-01T06:58:24
20262,TM06,57,26,57,27,2027-06-01T06:58:24,2027-06-01T07:00:48
20262,TM14,27,14,26,14,2027-06-01T05:30,2027-06-01T05:32:24
20262,TM14,26,14,25,14,2027-06-01T05:32:24,2027-06-01T05:34:48
20262,TM14,25,14,24,14,2027-06-01T05:34:48,2027-06-01T05:37:12
20262,TM14,24,14,23,14,2027-06-01T05:37:12,2027-06-01T05:39:36
20262,TM14,23,14,22,14,2027-06-01T05:39:36,2027-06-01T05:42
20262,TM14,22,14,21,14,2027-06-01T05:42,2027-06-01T05:44:24
20262,TM14,21,14,21,15,2027-06-01T05:44:24,2027-06-01T05:46:48
20262,TM14,21,15,21,16,2027-06-01T05:46:48,2027-06-01T05:49:12
20262,TM14,21,16,21,17,2027-06-01T05:49:12,2027-06-01T05:51:36
20262,TM14,21,17,22,17,2027-06-01T06:51:36,2027-06-01T06:54
20262,TM14,22,17,23,17,2027-06-01T06:54,2027-06-01T06:56:24
20262,TM14,23,17,24,17,2027-06-01T06:56:24,2027-06-01T06:58:48
20262,TM14,24,17,25,17,2027-06-01T06:58:48,2027-06-01T07:01:12
20262,TM14,25,17,26,17,2027-06-01T07:01:12,2027-06-01T07:03:36
20262,TM14,26,17,27,17,2027-06-01T07:03:36,2027-06-01T07:06
20262,TM14,27,17,27,16,2027-06-01T07:06,2027-06-01T07:08:24
20262,TM14,27,16,27,15,2027-06-01T07:08:24,2027-06-01T07:10:48
20262,TM14,27,15,27,14,2027-06-01T07:10:48,2027-06-01T07:13:12
20262,TB01,27,14,28,14,2027-06-01T05:30,2027-06-01T05:35
20262,TB01,28,14,28,13,2027-06-01T05:35,2027-06-01T05:40
20262,TB01,28,13,28,12,2027-06-01T05:40,2027-06-01T05:45
20262,TB01,28,12,28,11,2027-06-01T05:45,2027-06-01T05:50
20262,TB01,28,11,28,10,2027-06-01T05:50,2027-06-01T05:55
20262,TB01,28,10,28,9,2027-06-01T05:55,2027-06-01T06:00
20262,TB01,28,9,27,9,2027-06-01T07:00,2027-06-01T07:05
20262,TB01,27,9,27,10,2027-06-01T07:05,2027-06-01T07:10
20262,TB01,27,10,27,11,2027-06-01T07:10,2027-06-01T07:15
20262,TB01,27,11,27,12,2027-06-01T07:15,2027-06-01T07:20
20262,TB01,27,12,27,13,2027-06-01T07:20,2027-06-01T07:25
20262,TB01,27,13,27,14,2027-06-01T07:25,2027-06-01T07:30
20262,TM04,12,38,11,38,2027-06-01T05:40,2027-06-01T05:42:24
20262,TM04,11,38,11,39,2027-06-01T05:42:24,2027-06-01T05:44:48
20262,TM04,11,39,11,40,2027-06-01T05:44:48,2027-06-01T05:47:12
20262,TM04,11,40,11,41,2027-06-01T05:47:12,2027-06-01T05:49:36
20262,TM04,11,41,11,42,2027-06-01T05:49:36,2027-06-01T05:52
20262,TM04,11,42,11,43,2027-06-01T05:52,2027-06-01T05:54:24
20262,TM04,11,43,12,43,2027-06-01T06:54:24,2027-06-01T06:56:48
20262,TM04,12,43,12,42,2027-06-01T06:56:48,2027-06-01T06:59:12
20262,TM04,12,42,12,41,2027-06-01T06:59:12,2027-06-01T07:01:36
20262,TM04,12,41,12,40,2027-06-01T07:01:36,2027-06-01T07:04
20262,TM04,12,40,12,39,2027-06-01T07:04,2027-06-01T07:06:24
20262,TM04,12,39,12,38,2027-06-01T07:06:24,2027-06-01T07:08:48
20262,TM05,12,38,11,38,2027-06-01T05:40,2027-06-01T05:42:24
20262,TM05,11,38,11,39,2027-06-01T05:42:24,2027-06-01T05:44:48
20262,TM05,11,39,11,40,2027-06-01T05:44:48,2027-06-01T05:47:12
20262,TM05,11,40,11,41,2027-06-01T05:47:12,2027-06-01T05:49:36
20262,TM05,11,41,11,42,2027-06-01T05:49:36,2027-06-01T05:52
20262,TM05,11,42,11,43,2027-06-01T05:52,2027-06-01T05:54:24
20262,TM05,11,43,12,43,2027-06-01T06:54:24,2027-06-01T06:56:48
20262,TM05,12,43,12,42,2027-06-01T06:56:48,2027-06-01T06:59:12
20262,TM05,12,42,12,41,2027-06-01T06:59:12,2027-06-01T07:01:36
20262,TM05,12,41,12,40,2027-06-01T07:01:36,2027-06-01T07:04
20262,TM05,12,40,12,39,2027-06-01T07:04,2027-06-01T07:06:24
20262,TM05,12,39,12,38,2027-06-01T07:06:24,2027-06-01T07:08:48
