semilla,factor_carga,ciclo,instante,estado,Ta_ms,holgura_plan_promedio_min,holgura_plan_minima_min,distancia_plan_km,tiempo_plan_rutas_min,vehiculos_plan,utilizacion_capacidad_plan,pedidos_plan,paquetes_sin_plan,rutas_despachadas,pedidos_entregados_acum,paquetes_entregados_acum,holgura_real_promedio_min,holgura_real_minima_min
20262,1.0,0,2026-01-01T00:00,SIN_DEMANDA,0,,,,,,,0,0,0,0,0,,
20262,1.0,1,2026-01-01T00:10,SIN_DEMANDA,0,,,,,,,0,0,0,0,0,,
20262,1.0,2,2026-01-01T00:20,SIN_DEMANDA,0,,,,,,,0,0,0,0,0,,
20262,1.0,3,2026-01-01T00:30,SIN_DEMANDA,0,,,,,,,0,0,0,0,0,,
20262,1.0,4,2026-01-01T00:40,SIN_DEMANDA,0,,,,,,,0,0,0,0,0,,
20262,1.0,5,2026-01-01T00:50,SIN_DEMANDA,0,,,,,,,0,0,0,0,0,,
20262,1.0,6,2026-01-01T01:00,SIN_DEMANDA,0,,,,,,,0,0,0,0,0,,
20262,1.0,7,2026-01-01T01:10,SIN_DEMANDA,0,,,,,,,0,0,0,0,0,,
20262,1.0,8,2026-01-01T01:20,SIN_DEMANDA,0,,,,,,,0,0,0,0,0,,
20262,1.0,9,2026-01-01T01:30,COMPLETA,694.0417,2032.5,2032.5,49.0,133.5,1,0.08333333333333333,1,0,1,0,0,,
20262,1.0,10,2026-01-01T01:40,SIN_DEMANDA,0,,,,,,,0,0,0,0,0,,
20262,1.0,11,2026-01-01T01:50,SIN_DEMANDA,0,,,,,,,0,0,0,0,0,,
20262,1.0,12,2026-01-01T02:00,SIN_DEMANDA,0,,,,,,,0,0,0,0,0,,
20262,1.0,13,2026-01-01T02:10,SIN_DEMANDA,0,,,,,,,0,0,0,0,0,,
20262,1.0,14,2026-01-01T02:20,SIN_DEMANDA,0,,,,,,,0,0,0,0,0,,
20262,1.0,15,2026-01-01T02:30,SIN_DEMANDA,0,,,,,,,0,0,0,0,0,,
20262,1.0,16,2026-01-01T02:40,SIN_DEMANDA,0,,,,,,,0,0,0,0,0,,
20262,1.0,17,2026-01-01T02:50,SIN_DEMANDA,0,,,,,,,0,0,0,0,0,,
20262,1.0,18,2026-01-01T03:00,SIN_DEMANDA,0,,,,,,,0,0,0,0,0,,
20262,1.0,19,2026-01-01T03:10,SIN_DEMANDA,0,,,,,,,0,0,0,0,0,,
20262,1.0,20,2026-01-01T03:20,SIN_DEMANDA,0,,,,,,,0,0,0,0,0,,
20262,1.0,21,2026-01-01T03:30,SIN_DEMANDA,0,,,,,,,0,0,0,0,0,,
20262,1.0,22,2026-01-01T03:40,SIN_DEMANDA,0,,,,,,,0,0,0,1,2,2032.5,2032.5
20262,1.0,23,2026-01-01T03:50,SIN_DEMANDA,0,,,,,,,0,0,0,1,2,2032.5,2032.5
20262,1.0,24,2026-01-01T04:00,SIN_DEMANDA,0,,,,,,,0,0,0,1,2,2032.5,2032.5
20262,1.0,25,2026-01-01T04:10,SIN_DEMANDA,0,,,,,,,0,0,0,1,2,2032.5,2032.5
20262,1.0,26,2026-01-01T04:20,SIN_DEMANDA,0,,,,,,,0,0,0,1,2,2032.5,2032.5
20262,1.0,27,2026-01-01T04:30,SIN_DEMANDA,0,,,,,,,0,0,0,1,2,2032.5,2032.5
20262,1.0,28,2026-01-01T04:40,SIN_DEMANDA,0,,,,,,,0,0,0,1,2,2032.5,2032.5
20262,1.0,29,2026-01-01T04:50,SIN_DEMANDA,0,,,,,,,0,0,0,1,2,2032.5,2032.5
20262,1.0,30,2026-01-01T05:00,COMPLETA,1222.3276,799.0,799.0,82.0,243.0,1,0.25,1,0,0,1,2,2032.5,2032.5
20262,1.0,31,2026-01-01T05:10,COMPLETA,1087.6524,799.0,799.0,82.0,243.0,1,0.25,1,0,0,1,2,2032.5,2032.5
20262,1.0,32,2026-01-01T05:20,COMPLETA,987.9297,799.0,799.0,82.0,243.0,1,0.25,1,0,0,1,2,2032.5,2032.5
20262,1.0,33,2026-01-01T05:30,COMPLETA,1032.5251,799.0,799.0,82.0,243.0,1,0.25,1,0,0,1,2,2032.5,2032.5
20262,1.0,34,2026-01-01T05:40,COMPLETA,1031.9725,799.0,799.0,82.0,243.0,1,0.25,1,0,0,1,2,2032.5,2032.5
20262,1.0,35,2026-01-01T05:50,COMPLETA,1014.8735,799.0,799.0,82.0,243.0,1,0.25,1,0,0,1,2,2032.5,2032.5
20262,1.0,36,2026-01-01T06:00,COMPLETA,979.4303,799.0,799.0,82.0,243.0,1,0.25,1,0,0,1,2,2032.5,2032.5
20262,1.0,37,2026-01-01T06:10,COMPLETA,999.9586,799.0,799.0,82.0,243.0,1,0.25,1,0,0,1,2,2032.5,2032.5
20262,1.0,38,2026-01-01T06:20,COMPLETA,1065.3447,799.0,799.0,82.0,243.0,1,0.25,1,0,0,1,2,2032.5,2032.5
20262,1.0,39,2026-01-01T06:30,COMPLETA,999.2969,799.0,799.0,82.0,243.0,1,0.25,1,0,0,1,2,2032.5,2032.5
20262,1.0,40,2026-01-01T06:40,COMPLETA,1036.5944,799.0,799.0,82.0,243.0,1,0.25,1,0,0,1,2,2032.5,2032.5
20262,1.0,41,2026-01-01T06:50,COMPLETA,1034.7639,799.0,799.0,82.0,243.0,1,0.25,1,0,0,1,2,2032.5,2032.5
20262,1.0,42,2026-01-01T07:00,COMPLETA,995.6655,799.0,799.0,82.0,243.0,1,0.25,1,0,1,1,2,2032.5,2032.5
20262,1.0,43,2026-01-01T07:10,SIN_DEMANDA,0,,,,,,,0,0,0,1,2,2032.5,2032.5
20262,1.0,44,2026-01-01T07:20,SIN_DEMANDA,0,,,,,,,0,0,0,1,2,2032.5,2032.5
20262,1.0,45,2026-01-01T07:30,SIN_DEMANDA,0,,,,,,,0,0,0,1,2,2032.5,2032.5
20262,1.0,46,2026-01-01T07:40,SIN_DEMANDA,0,,,,,,,0,0,0,1,2,2032.5,2032.5
20262,1.0,47,2026-01-01T07:50,SIN_DEMANDA,0,,,,,,,0,0,0,1,2,2032.5,2032.5
20262,1.0,48,2026-01-01T08:00,SIN_DEMANDA,0,,,,,,,0,0,0,1,2,2032.5,2032.5
20262,1.0,49,2026-01-01T08:10,SIN_DEMANDA,0,,,,,,,0,0,0,1,2,2032.5,2032.5
20262,1.0,50,2026-01-01T08:20,SIN_DEMANDA,0,,,,,,,0,0,0,1,2,2032.5,2032.5
20262,1.0,51,2026-01-01T08:30,SIN_DEMANDA,0,,,,,,,0,0,0,1,2,2032.5,2032.5
20262,1.0,52,2026-01-01T08:40,SIN_DEMANDA,0,,,,,,,0,0,0,1,2,2032.5,2032.5
20262,1.0,53,2026-01-01T08:50,SIN_DEMANDA,0,,,,,,,0,0,0,1,2,2032.5,2032.5
20262,1.0,54,2026-01-01T09:00,COMPLETA,1318.0914,110.5,110.5,51.0,136.5,1,0.375,1,0,1,1,2,2032.5,2032.5
20262,1.0,55,2026-01-01T09:10,SIN_DEMANDA,0,,,,,,,0,0,0,1,2,2032.5,2032.5
20262,1.0,56,2026-01-01T09:20,SIN_DEMANDA,0,,,,,,,0,0,0,1,2,2032.5,2032.5
20262,1.0,57,2026-01-01T09:30,SIN_DEMANDA,0,,,,,,,0,0,0,1,2,2032.5,2032.5
20262,1.0,58,2026-01-01T09:40,SIN_DEMANDA,0,,,,,,,0,0,0,2,8,1415.75,799.0
20262,1.0,59,2026-01-01T09:50,SIN_DEMANDA,0,,,,,,,0,0,0,2,8,1415.75,799.0
20262,1.0,60,2026-01-01T10:00,SIN_DEMANDA,0,,,,,,,0,0,0,2,8,1415.75,799.0
20262,1.0,61,2026-01-01T10:10,SIN_DEMANDA,0,,,,,,,0,0,0,2,8,1415.75,799.0
20262,1.0,62,2026-01-01T10:20,COMPLETA,1773.5947,945.75,170.0,90.0,315.0,2,0.25,2,0,1,2,8,1415.75,799.0
20262,1.0,63,2026-01-01T10:30,COMPLETA,1345.0772,1721.5,1721.5,78.0,237.0,1,0.4166666666666667,1,0,0,2,8,1415.75,799.0
20262,1.0,64,2026-01-01T10:40,COMPLETA,1319.8897,1908.5,1908.5,94.0,227.0,1,0.4166666666666667,1,0,0,2,8,1415.75,799.0
20262,1.0,65,2026-01-01T10:50,COMPLETA,1329.7936,1908.5,1908.5,94.0,227.0,1,0.4166666666666667,1,0,0,2,8,1415.75,799.0
20262,1.0,66,2026-01-01T11:00,COMPLETA,1329.7319,1908.5,1908.5,94.0,227.0,1,0.4166666666666667,1,0,1,2,8,1415.75,799.0
20262,1.0,67,2026-01-01T11:10,SIN_DEMANDA,0,,,,,,,0,0,0,3,17,980.6666666666666,110.5
20262,1.0,68,2026-01-01T11:20,SIN_DEMANDA,0,,,,,,,0,0,0,3,17,980.6666666666666,110.5
20262,1.0,69,2026-01-01T11:30,SIN_DEMANDA,0,,,,,,,0,0,0,4,19,778.0,110.5
20262,1.0,70,2026-01-01T11:40,SIN_DEMANDA,0,,,,,,,0,0,0,4,19,778.0,110.5
20262,1.0,71,2026-01-01T11:50,SIN_DEMANDA,0,,,,,,,0,0,0,4,19,778.0,110.5
20262,1.0,72,2026-01-01T12:00,SIN_DEMANDA,0,,,,,,,0,0,0,4,19,778.0,110.5
20262,1.0,73,2026-01-01T12:10,SIN_DEMANDA,0,,,,,,,0,0,0,4,19,778.0,110.5
20262,1.0,74,2026-01-01T12:20,SIN_DEMANDA,0,,,,,,,0,0,0,4,19,778.0,110.5
20262,1.0,75,2026-01-01T12:30,SIN_DEMANDA,0,,,,,,,0,0,0,4,19,778.0,110.5
20262,1.0,76,2026-01-01T12:40,SIN_DEMANDA,0,,,,,,,0,0,0,4,19,778.0,110.5
20262,1.0,77,2026-01-01T12:50,SIN_DEMANDA,0,,,,,,,0,0,0,4,19,778.0,110.5
20262,1.0,78,2026-01-01T13:00,COMPLETA,1344.1587,177.0,177.0,102.0,273.0,1,0.4166666666666667,1,0,0,4,19,778.0,110.5
20262,1.0,79,2026-01-01T13:10,COMPLETA,1397.668,177.0,177.0,102.0,273.0,1,0.4166666666666667,1,0,0,4,19,778.0,110.5
20262,1.0,80,2026-01-01T13:20,COMPLETA,1348.6821,177.0,177.0,102.0,273.0,1,0.4166666666666667,1,0,0,4,19,778.0,110.5
20262,1.0,81,2026-01-01T13:30,COMPLETA,1364.665,177.0,177.0,102.0,273.0,1,0.4166666666666667,1,0,0,4,19,778.0,110.5
20262,1.0,82,2026-01-01T13:40,COMPLETA,1323.3405,177.0,177.0,102.0,273.0,1,0.4166666666666667,1,0,0,4,19,778.0,110.5
20262,1.0,83,2026-01-01T13:50,COMPLETA,1329.4694,177.0,177.0,102.0,273.0,1,0.4166666666666667,1,0,0,4,19,778.0,110.5
20262,1.0,84,2026-01-01T14:00,COMPLETA,1311.3185,177.0,177.0,102.0,273.0,1,0.4166666666666667,1,0,0,4,19,778.0,110.5
20262,1.0,85,2026-01-01T14:10,COMPLETA,1312.7676,177.0,177.0,102.0,273.0,1,0.4166666666666667,1,0,0,4,19,778.0,110.5
20262,1.0,86,2026-01-01T14:20,COMPLETA,1324.9693,177.0,177.0,102.0,273.0,1,0.4166666666666667,1,0,0,4,19,778.0,110.5
20262,1.0,87,2026-01-01T14:30,COMPLETA,1313.2555,177.0,177.0,102.0,273.0,1,0.4166666666666667,1,0,0,4,19,778.0,110.5
20262,1.0,88,2026-01-01T14:40,COMPLETA,1397.5368,177.0,177.0,102.0,273.0,1,0.4166666666666667,1,0,0,5,29,1004.1,110.5
20262,1.0,89,2026-01-01T14:50,COMPLETA,1334.6061,177.0,177.0,102.0,273.0,1,0.4166666666666667,1,0,0,5,29,1004.1,110.5
20262,1.0,90,2026-01-01T15:00,COMPLETA,1892.7797,501.75,90.0,120.0,360.0,1,0.75,2,0,1,5,29,1004.1,110.5
20262,1.0,91,2026-01-01T15:10,SIN_DEMANDA,0,,,,,,,0,0,0,5,29,1004.1,110.5
20262,1.0,92,2026-01-01T15:20,SIN_DEMANDA,0,,,,,,,0,0,0,5,29,1004.1,110.5
20262,1.0,93,2026-01-01T15:30,SIN_DEMANDA,0,,,,,,,0,0,0,5,29,1004.1,110.5
20262,1.0,94,2026-01-01T15:40,SIN_DEMANDA,0,,,,,,,0,0,0,5,29,1004.1,110.5
20262,1.0,95,2026-01-01T15:50,SIN_DEMANDA,0,,,,,,,0,0,0,5,29,1004.1,110.5
20262,1.0,96,2026-01-01T16:00,SIN_DEMANDA,0,,,,,,,0,0,0,5,29,1004.1,110.5
20262,1.0,97,2026-01-01T16:10,SIN_DEMANDA,0,,,,,,,0,0,0,5,29,1004.1,110.5
20262,1.0,98,2026-01-01T16:20,SIN_DEMANDA,0,,,,,,,0,0,0,5,29,1004.1,110.5
20262,1.0,99,2026-01-01T16:30,COMPLETA,619.7246,367.0,367.0,64.0,216.0,1,0.16666666666666666,1,0,1,5,29,1004.1,110.5
20262,1.0,100,2026-01-01T16:40,SIN_DEMANDA,0,,,,,,,0,0,0,5,29,1004.1,110.5
20262,1.0,101,2026-01-01T16:50,SIN_DEMANDA,0,,,,,,,0,0,0,5,29,1004.1,110.5
20262,1.0,102,2026-01-01T17:00,SIN_DEMANDA,0,,,,,,,0,0,0,5,29,1004.1,110.5
20262,1.0,103,2026-01-01T17:10,SIN_DEMANDA,0,,,,,,,0,0,0,5,29,1004.1,110.5
20262,1.0,104,2026-01-01T17:20,SIN_DEMANDA,0,,,,,,,0,0,0,5,29,1004.1,110.5
20262,1.0,105,2026-01-01T17:30,SIN_DEMANDA,0,,,,,,,0,0,0,5,29,1004.1,110.5
20262,1.0,106,2026-01-01T17:40,SIN_DEMANDA,0,,,,,,,0,0,0,5,29,1004.1,110.5
20262,1.0,107,2026-01-01T17:50,SIN_DEMANDA,0,,,,,,,0,0,0,6,37,989.0,110.5
20262,1.0,108,2026-01-01T18:00,SIN_DEMANDA,0,,,,,,,0,0,0,6,37,989.0,110.5
20262,1.0,109,2026-01-01T18:10,SIN_DEMANDA,0,,,,,,,0,0,0,6,37,989.0,110.5
20262,1.0,110,2026-01-01T18:20,COMPLETA,1353.776,1724.0,1724.0,77.0,235.5,1,0.4166666666666667,1,0,0,7,41,900.1428571428571,110.5
20262,1.0,111,2026-01-01T18:30,COMPLETA,1328.6962,1724.0,1724.0,77.0,235.5,1,0.4166666666666667,1,0,0,7,41,900.1428571428571,110.5
20262,1.0,112,2026-01-01T18:40,COMPLETA,1348.5905,1724.0,1724.0,77.0,235.5,1,0.4166666666666667,1,0,0,7,41,900.1428571428571,110.5
20262,1.0,113,2026-01-01T18:50,COMPLETA,1307.0327,1724.0,1724.0,77.0,235.5,1,0.4166666666666667,1,0,0,7,41,900.1428571428571,110.5
20262,1.0,114,2026-01-01T19:00,COMPLETA,1297.0924,1724.0,1724.0,77.0,235.5,1,0.4166666666666667,1,0,0,7,41,900.1428571428571,110.5
20262,1.0,115,2026-01-01T19:10,COMPLETA,1307.7852,1724.0,1724.0,77.0,235.5,1,0.4166666666666667,1,0,0,7,41,900.1428571428571,110.5
20262,1.0,116,2026-01-01T19:20,COMPLETA,1340.5603,1724.0,1724.0,77.0,235.5,1,0.4166666666666667,1,0,0,7,41,900.1428571428571,110.5
20262,1.0,117,2026-01-01T19:30,COMPLETA,1305.0804,1724.0,1724.0,77.0,235.5,1,0.4166666666666667,1,0,0,8,51,798.875,90.0
20262,1.0,118,2026-01-01T19:40,COMPLETA,1298.3772,1724.0,1724.0,77.0,235.5,1,0.4166666666666667,1,0,0,8,51,798.875,90.0
20262,1.0,119,2026-01-01T19:50,COMPLETA,1277.2743,1724.0,1724.0,77.0,235.5,1,0.4166666666666667,1,0,0,8,51,798.875,90.0
20262,1.0,120,2026-01-01T20:00,COMPLETA,1727.1002,1717.25,1710.5,123.0,364.5,1,0.75,2,0,0,8,51,798.875,90.0
20262,1.0,121,2026-01-01T20:10,COMPLETA,1727.5441,1717.25,1710.5,123.0,364.5,1,0.75,2,0,0,8,51,798.875,90.0
20262,1.0,122,2026-01-01T20:20,COMPLETA,1730.5686,1717.25,1710.5,123.0,364.5,1,0.75,2,0,0,8,51,798.875,90.0
20262,1.0,123,2026-01-01T20:30,COMPLETA,1836.3391,1717.25,1710.5,123.0,364.5,1,0.75,2,0,0,8,51,798.875,90.0
20262,1.0,124,2026-01-01T20:40,COMPLETA,1881.4547,1717.25,1710.5,123.0,364.5,1,0.75,2,0,0,8,51,798.875,90.0
20262,1.0,125,2026-01-01T20:50,COMPLETA,1914.8649,1717.25,1710.5,123.0,364.5,1,0.75,2,0,0,8,51,798.875,90.0
20262,1.0,126,2026-01-01T21:00,COMPLETA,1779.5232,1717.25,1710.5,123.0,364.5,1,0.75,2,0,0,8,51,798.875,90.0
20262,1.0,127,2026-01-01T21:10,COMPLETA,1725.3762,1717.25,1710.5,123.0,364.5,1,0.75,2,0,0,8,51,798.875,90.0
20262,1.0,128,2026-01-01T21:20,COMPLETA,1827.7625,1717.25,1710.5,123.0,364.5,1,0.75,2,0,0,8,51,798.875,90.0
20262,1.0,129,2026-01-01T21:30,COMPLETA,1856.9482,1717.25,1710.5,123.0,364.5,1,0.75,2,0,0,8,51,798.875,90.0
20262,1.0,130,2026-01-01T21:40,COMPLETA,1743.8304,1717.25,1710.5,123.0,364.5,1,0.75,2,0,0,8,51,798.875,90.0
20262,1.0,131,2026-01-01T21:50,COMPLETA,2078.4692,1334.8333333333333,508.5,159.0,538.5,2,0.5416666666666666,3,0,0,8,51,798.875,90.0
20262,1.0,132,2026-01-01T22:00,COMPLETA,2022.64,1334.8333333333333,508.5,159.0,538.5,2,0.5416666666666666,3,0,0,8,51,798.875,90.0
20262,1.0,133,2026-01-01T22:10,COMPLETA,1946.7104,1334.8333333333333,508.5,159.0,538.5,2,0.5416666666666666,3,0,0,8,51,798.875,90.0
20262,1.0,134,2026-01-01T22:20,COMPLETA,1895.6,1334.8333333333333,508.5,159.0,538.5,2,0.5416666666666666,3,0,0,8,51,798.875,90.0
20262,1.0,135,2026-01-01T22:30,COMPLETA,1872.3458,1334.8333333333333,508.5,159.0,538.5,2,0.5416666666666666,3,0,0,8,51,798.875,90.0
20262,1.0,136,2026-01-01T22:40,COMPLETA,1949.6558,1334.8333333333333,508.5,159.0,538.5,2,0.5416666666666666,3,0,0,8,51,798.875,90.0
20262,1.0,137,2026-01-01T22:50,COMPLETA,1986.2724,1334.8333333333333,508.5,159.0,538.5,2,0.5416666666666666,3,0,0,8,51,798.875,90.0
20262,1.0,138,2026-01-01T23:00,COMPLETA,2090.8682,1334.8333333333333,508.5,159.0,538.5,2,0.5416666666666666,3,0,2,8,51,798.875,90.0
20262,1.0,139,2026-01-01T23:10,COMPLETA,576.3158,2029.5,2029.5,51.0,196.5,1,0.16666666666666666,1,0,1,8,51,798.875,90.0
20262,1.0,140,2026-01-01T23:20,SIN_DEMANDA,0,,,,,,,0,0,0,8,51,798.875,90.0
20262,1.0,141,2026-01-01T23:30,SIN_DEMANDA,0,,,,,,,0,0,0,8,51,798.875,90.0
20262,1.0,142,2026-01-01T23:40,SIN_DEMANDA,0,,,,,,,0,0,0,8,51,798.875,90.0
20262,1.0,143,2026-01-01T23:50,SIN_DEMANDA,0,,,,,,,0,0,0,8,51,798.875,90.0
20262,1.0,144,2026-01-02T00:00,SIN_DEMANDA,0,,,,,,,0,0,0,8,51,798.875,90.0
20262,1.0,145,2026-01-02T00:10,SIN_DEMANDA,0,,,,,,,0,0,0,8,51,798.875,90.0
20262,1.0,146,2026-01-02T00:20,SIN_DEMANDA,0,,,,,,,0,0,0,8,51,798.875,90.0
20262,1.0,147,2026-01-02T00:30,SIN_DEMANDA,0,,,,,,,0,0,0,9,61,908.1666666666666,90.0
20262,1.0,148,2026-01-02T00:40,SIN_DEMANDA,0,,,,,,,0,0,0,9,61,908.1666666666666,90.0
20262,1.0,149,2026-01-02T00:50,SIN_DEMANDA,0,,,,,,,0,0,0,9,61,908.1666666666666,90.0
20262,1.0,150,2026-01-02T01:00,SIN_DEMANDA,0,,,,,,,0,0,0,9,61,908.1666666666666,90.0
20262,1.0,151,2026-01-02T01:10,SIN_DEMANDA,0,,,,,,,0,0,0,9,61,908.1666666666666,90.0
20262,1.0,152,2026-01-02T01:20,SIN_DEMANDA,0,,,,,,,0,0,0,11,73,973.7727272727273,90.0
20262,1.0,153,2026-01-02T01:30,COMPLETA,948.0005,638.5,638.5,62.0,213.0,1,0.2916666666666667,1,0,0,11,73,973.7727272727273,90.0
20262,1.0,154,2026-01-02T01:40,COMPLETA,930.2302,638.5,638.5,62.0,213.0,1,0.2916666666666667,1,0,0,11,73,973.7727272727273,90.0
20262,1.0,155,2026-01-02T01:50,COMPLETA,933.7058,638.5,638.5,62.0,213.0,1,0.2916666666666667,1,0,0,11,73,973.7727272727273,90.0
20262,1.0,156,2026-01-02T02:00,COMPLETA,989.7509,638.5,638.5,62.0,213.0,1,0.2916666666666667,1,0,0,11,73,973.7727272727273,90.0
20262,1.0,157,2026-01-02T02:10,COMPLETA,1012.2374,638.5,638.5,62.0,213.0,1,0.2916666666666667,1,0,0,11,73,973.7727272727273,90.0
20262,1.0,158,2026-01-02T02:20,COMPLETA,945.2932,638.5,638.5,62.0,213.0,1,0.2916666666666667,1,0,0,11,73,973.7727272727273,90.0
20262,1.0,159,2026-01-02T02:30,COMPLETA,934.8452,638.5,638.5,62.0,213.0,1,0.2916666666666667,1,0,0,11,73,973.7727272727273,90.0
20262,1.0,160,2026-01-02T02:40,COMPLETA,944.3927,638.5,638.5,62.0,213.0,1,0.2916666666666667,1,0,0,11,73,973.7727272727273,90.0
20262,1.0,161,2026-01-02T02:50,COMPLETA,946.9335,638.5,638.5,62.0,213.0,1,0.2916666666666667,1,0,0,11,73,973.7727272727273,90.0
20262,1.0,162,2026-01-02T03:00,COMPLETA,939.8748,638.5,638.5,62.0,213.0,1,0.2916666666666667,1,0,0,11,73,973.7727272727273,90.0
20262,1.0,163,2026-01-02T03:10,COMPLETA,1002.9974,638.5,638.5,62.0,213.0,1,0.2916666666666667,1,0,0,11,73,973.7727272727273,90.0
20262,1.0,164,2026-01-02T03:20,COMPLETA,977.2193,638.5,638.5,62.0,213.0,1,0.2916666666666667,1,0,0,12,81,1035.4166666666667,90.0
20262,1.0,165,2026-01-02T03:30,COMPLETA,1039.5335,638.5,638.5,62.0,213.0,1,0.2916666666666667,1,0,0,12,81,1035.4166666666667,90.0
20262,1.0,166,2026-01-02T03:40,COMPLETA,972.5985,638.5,638.5,62.0,213.0,1,0.2916666666666667,1,0,0,12,81,1035.4166666666667,90.0
20262,1.0,167,2026-01-02T03:50,COMPLETA,1028.897,638.5,638.5,62.0,213.0,1,0.2916666666666667,1,0,0,12,81,1035.4166666666667,90.0
20262,1.0,168,2026-01-02T04:00,COMPLETA,966.5265,638.5,638.5,62.0,213.0,1,0.2916666666666667,1,0,0,12,81,1035.4166666666667,90.0
20262,1.0,169,2026-01-02T04:10,COMPLETA,982.8727,638.5,638.5,62.0,213.0,1,0.2916666666666667,1,0,0,12,81,1035.4166666666667,90.0
20262,1.0,170,2026-01-02T04:20,COMPLETA,991.082,638.5,638.5,62.0,213.0,1,0.2916666666666667,1,0,0,12,81,1035.4166666666667,90.0
20262,1.0,171,2026-01-02T04:30,COMPLETA,1040.9682,638.5,638.5,62.0,213.0,1,0.2916666666666667,1,0,0,12,81,1035.4166666666667,90.0
20262,1.0,172,2026-01-02T04:40,COMPLETA,1055.1565,638.5,638.5,62.0,213.0,1,0.2916666666666667,1,0,0,12,81,1035.4166666666667,90.0
20262,1.0,173,2026-01-02T04:50,COMPLETA,935.3793,638.5,638.5,62.0,213.0,1,0.2916666666666667,1,0,0,12,81,1035.4166666666667,90.0
20262,1.0,174,2026-01-02T05:00,COMPLETA,940.4628,638.5,638.5,62.0,213.0,1,0.2916666666666667,1,0,0,12,81,1035.4166666666667,90.0
20262,1.0,175,2026-01-02T05:10,COMPLETA,1767.8682,1206.25,638.5,121.0,361.5,1,0.5416666666666666,2,0,0,12,81,1035.4166666666667,90.0
20262,1.0,176,2026-01-02T05:20,COMPLETA,1745.055,1206.25,638.5,121.0,361.5,1,0.5416666666666666,2,0,0,12,81,1035.4166666666667,90.0
20262,1.0,177,2026-01-02T05:30,COMPLETA,1766.8455,1206.25,638.5,121.0,361.5,1,0.5416666666666666,2,0,0,12,81,1035.4166666666667,90.0
20262,1.0,178,2026-01-02T05:40,COMPLETA,1854.4887,1206.25,638.5,121.0,361.5,1,0.5416666666666666,2,0,0,12,81,1035.4166666666667,90.0
20262,1.0,179,2026-01-02T05:50,COMPLETA,1760.058,1206.25,638.5,121.0,361.5,1,0.5416666666666666,2,0,0,12,81,1035.4166666666667,90.0
20262,1.0,180,2026-01-02T06:00,COMPLETA,1729.4977,1206.25,638.5,121.0,361.5,1,0.5416666666666666,2,0,0,12,81,1035.4166666666667,90.0
20262,1.0,181,2026-01-02T06:10,COMPLETA,1777.1344,1206.25,638.5,121.0,361.5,1,0.5416666666666666,2,0,0,12,81,1035.4166666666667,90.0
20262,1.0,182,2026-01-02T06:20,COMPLETA,1773.0948,1206.25,638.5,121.0,361.5,1,0.5416666666666666,2,0,0,12,81,1035.4166666666667,90.0
20262,1.0,183,2026-01-02T06:30,COMPLETA,1837.7401,1206.25,638.5,121.0,361.5,1,0.5416666666666666,2,0,0,12,81,1035.4166666666667,90.0
20262,1.0,184,2026-01-02T06:40,COMPLETA,1872.0797,1206.25,638.5,121.0,361.5,1,0.5416666666666666,2,0,0,12,81,1035.4166666666667,90.0
20262,1.0,185,2026-01-02T06:50,COMPLETA,1865.1504,1206.25,638.5,121.0,361.5,1,0.5416666666666666,2,0,0,12,81,1035.4166666666667,90.0
20262,1.0,186,2026-01-02T07:00,COMPLETA,1750.2317,1206.25,638.5,121.0,361.5,1,0.5416666666666666,2,0,1,12,81,1035.4166666666667,90.0
20262,1.0,187,2026-01-02T07:10,SIN_DEMANDA,0,,,,,,,0,0,0,12,81,1035.4166666666667,90.0
20262,1.0,188,2026-01-02T07:20,SIN_DEMANDA,0,,,,,,,0,0,0,12,81,1035.4166666666667,90.0
20262,1.0,189,2026-01-02T07:30,SIN_DEMANDA,0,,,,,,,0,0,0,12,81,1035.4166666666667,90.0
20262,1.0,190,2026-01-02T07:40,SIN_DEMANDA,0,,,,,,,0,0,0,12,81,1035.4166666666667,90.0
20262,1.0,191,2026-01-02T07:50,SIN_DEMANDA,0,,,,,,,0,0,0,12,81,1035.4166666666667,90.0
20262,1.0,192,2026-01-02T08:00,SIN_DEMANDA,0,,,,,,,0,0,0,12,81,1035.4166666666667,90.0
20262,1.0,193,2026-01-02T08:10,SIN_DEMANDA,0,,,,,,,0,0,0,12,81,1035.4166666666667,90.0
20262,1.0,194,2026-01-02T08:20,SIN_DEMANDA,0,,,,,,,0,0,0,12,81,1035.4166666666667,90.0
20262,1.0,195,2026-01-02T08:30,SIN_DEMANDA,0,,,,,,,0,0,0,12,81,1035.4166666666667,90.0
20262,1.0,196,2026-01-02T08:40,SIN_DEMANDA,0,,,,,,,0,0,0,12,81,1035.4166666666667,90.0
20262,1.0,197,2026-01-02T08:50,SIN_DEMANDA,0,,,,,,,0,0,0,13,88,1004.8846153846154,90.0
20262,1.0,198,2026-01-02T09:00,SIN_DEMANDA,0,,,,,,,0,0,0,13,88,1004.8846153846154,90.0
20262,1.0,199,2026-01-02T09:10,SIN_DEMANDA,0,,,,,,,0,0,0,13,88,1004.8846153846154,90.0
20262,1.0,200,2026-01-02T09:20,SIN_DEMANDA,0,,,,,,,0,0,0,13,88,1004.8846153846154,90.0
20262,1.0,201,2026-01-02T09:30,SIN_DEMANDA,0,,,,,,,0,0,0,13,88,1004.8846153846154,90.0
20262,1.0,202,2026-01-02T09:40,SIN_DEMANDA,0,,,,,,,0,0,0,13,88,1004.8846153846154,90.0
20262,1.0,203,2026-01-02T09:50,SIN_DEMANDA,0,,,,,,,0,0,0,13,88,1004.8846153846154,90.0
20262,1.0,204,2026-01-02T10:00,SIN_DEMANDA,0,,,,,,,0,0,0,13,88,1004.8846153846154,90.0
20262,1.0,205,2026-01-02T10:10,SIN_DEMANDA,0,,,,,,,0,0,0,13,88,1004.8846153846154,90.0
20262,1.0,206,2026-01-02T10:20,SIN_DEMANDA,0,,,,,,,0,0,0,13,88,1004.8846153846154,90.0
20262,1.0,207,2026-01-02T10:30,SIN_DEMANDA,0,,,,,,,0,0,0,13,88,1004.8846153846154,90.0
20262,1.0,208,2026-01-02T10:40,SIN_DEMANDA,0,,,,,,,0,0,0,13,88,1004.8846153846154,90.0
20262,1.0,209,2026-01-02T10:50,SIN_DEMANDA,0,,,,,,,0,0,0,13,88,1004.8846153846154,90.0
20262,1.0,210,2026-01-02T11:00,SIN_DEMANDA,0,,,,,,,0,0,0,13,88,1004.8846153846154,90.0
20262,1.0,211,2026-01-02T11:10,SIN_DEMANDA,0,,,,,,,0,0,0,13,88,1004.8846153846154,90.0
20262,1.0,212,2026-01-02T11:20,SIN_DEMANDA,0,,,,,,,0,0,0,13,88,1004.8846153846154,90.0
20262,1.0,213,2026-01-02T11:30,SIN_DEMANDA,0,,,,,,,0,0,0,13,88,1004.8846153846154,90.0
20262,1.0,214,2026-01-02T11:40,SIN_DEMANDA,0,,,,,,,0,0,0,14,94,1059.8214285714287,90.0
20262,1.0,215,2026-01-02T11:50,SIN_DEMANDA,0,,,,,,,0,0,0,14,94,1059.8214285714287,90.0
20262,1.0,216,2026-01-02T12:00,SIN_DEMANDA,0,,,,,,,0,0,0,14,94,1059.8214285714287,90.0
20262,1.0,217,2026-01-02T12:10,SIN_DEMANDA,0,,,,,,,0,0,0,14,94,1059.8214285714287,90.0
20262,1.0,218,2026-01-02T12:20,SIN_DEMANDA,0,,,,,,,0,0,0,14,94,1059.8214285714287,90.0
20262,1.0,219,2026-01-02T12:30,SIN_DEMANDA,0,,,,,,,0,0,0,14,94,1059.8214285714287,90.0
20262,1.0,220,2026-01-02T12:40,SIN_DEMANDA,0,,,,,,,0,0,0,14,94,1059.8214285714287,90.0
20262,1.0,221,2026-01-02T12:50,SIN_DEMANDA,0,,,,,,,0,0,0,14,94,1059.8214285714287,90.0
20262,1.0,222,2026-01-02T13:00,SIN_DEMANDA,0,,,,,,,0,0,0,14,94,1059.8214285714287,90.0
20262,1.0,223,2026-01-02T13:10,SIN_DEMANDA,0,,,,,,,0,0,0,14,94,1059.8214285714287,90.0
20262,1.0,224,2026-01-02T13:20,SIN_DEMANDA,0,,,,,,,0,0,0,14,94,1059.8214285714287,90.0
20262,1.0,225,2026-01-02T13:30,SIN_DEMANDA,0,,,,,,,0,0,0,14,94,1059.8214285714287,90.0
20262,1.0,226,2026-01-02T13:40,SIN_DEMANDA,0,,,,,,,0,0,0,14,94,1059.8214285714287,90.0
20262,1.0,227,2026-01-02T13:50,SIN_DEMANDA,0,,,,,,,0,0,0,14,94,1059.8214285714287,90.0
20262,1.0,228,2026-01-02T14:00,COMPLETA,952.9451,1931.5,1931.5,109.0,283.5,1,0.20833333333333334,1,0,0,14,94,1059.8214285714287,90.0
20262,1.0,229,2026-01-02T14:10,COMPLETA,1773.7331,1900.0,1868.5,253.0,619.5,2,0.3125,2,0,0,14,94,1059.8214285714287,90.0
20262,1.0,230,2026-01-02T14:20,COMPLETA,1879.0198,1900.0,1868.5,253.0,619.5,2,0.3125,2,0,0,14,94,1059.8214285714287,90.0
20262,1.0,231,2026-01-02T14:30,COMPLETA,1965.0549,1900.0,1868.5,253.0,619.5,2,0.3125,2,0,0,14,94,1059.8214285714287,90.0
20262,1.0,232,2026-01-02T14:40,COMPLETA,2023.025,1402.3333333333333,509.0,276.0,714.0,2,0.5,3,0,0,14,94,1059.8214285714287,90.0
20262,1.0,233,2026-01-02T14:50,COMPLETA,2138.7415,1556.125,509.0,328.0,912.0,3,0.4166666666666667,4,0,0,14,94,1059.8214285714287,90.0
20262,1.0,234,2026-01-02T15:00,COMPLETA,2679.9744,1423.3,483.5,363.0,1024.5,3,0.5138888888888888,5,0,3,14,94,1059.8214285714287,90.0
20262,1.0,235,2026-01-02T15:10,SIN_DEMANDA,0,,,,,,,0,0,0,14,94,1059.8214285714287,90.0
20262,1.0,236,2026-01-02T15:20,SIN_DEMANDA,0,,,,,,,0,0,0,14,94,1059.8214285714287,90.0
20262,1.0,237,2026-01-02T15:30,SIN_DEMANDA,0,,,,,,,0,0,0,14,94,1059.8214285714287,90.0
20262,1.0,238,2026-01-02T15:40,SIN_DEMANDA,0,,,,,,,0,0,0,14,94,1059.8214285714287,90.0
20262,1.0,239,2026-01-02T15:50,SIN_DEMANDA,0,,,,,,,0,0,0,14,94,1059.8214285714287,90.0
20262,1.0,240,2026-01-02T16:00,SIN_DEMANDA,0,,,,,,,0,0,0,14,94,1059.8214285714287,90.0
20262,1.0,241,2026-01-02T16:10,SIN_DEMANDA,0,,,,,,,0,0,0,14,94,1059.8214285714287,90.0
20262,1.0,242,2026-01-02T16:20,SIN_DEMANDA,0,,,,,,,0,0,0,15,101,1055.6333333333334,90.0
20262,1.0,243,2026-01-02T16:30,SIN_DEMANDA,0,,,,,,,0,0,0,15,101,1055.6333333333334,90.0
20262,1.0,244,2026-01-02T16:40,SIN_DEMANDA,0,,,,,,,0,0,0,15,101,1055.6333333333334,90.0
20262,1.0,245,2026-01-02T16:50,COMPLETA,926.9897,60.5,60.5,100.0,270.0,1,0.3333333333333333,1,0,1,15,101,1055.6333333333334,90.0
20262,1.0,246,2026-01-02T17:00,SIN_DEMANDA,0,,,,,,,0,0,0,15,101,1055.6333333333334,90.0
20262,1.0,247,2026-01-02T17:10,SIN_DEMANDA,0,,,,,,,0,0,0,15,101,1055.6333333333334,90.0
20262,1.0,248,2026-01-02T17:20,SIN_DEMANDA,0,,,,,,,0,0,0,15,101,1055.6333333333334,90.0
20262,1.0,249,2026-01-02T17:30,SIN_DEMANDA,0,,,,,,,0,0,0,15,101,1055.6333333333334,90.0
20262,1.0,250,2026-01-02T17:40,SIN_DEMANDA,0,,,,,,,0,0,0,15,101,1055.6333333333334,90.0
20262,1.0,251,2026-01-02T17:50,SIN_DEMANDA,0,,,,,,,0,0,0,16,106,1110.375,90.0
20262,1.0,252,2026-01-02T18:00,SIN_DEMANDA,0,,,,,,,0,0,0,16,106,1110.375,90.0
20262,1.0,253,2026-01-02T18:10,SIN_DEMANDA,0,,,,,,,0,0,0,16,106,1110.375,90.0
20262,1.0,254,2026-01-02T18:20,SIN_DEMANDA,0,,,,,,,0,0,0,16,106,1110.375,90.0
20262,1.0,255,2026-01-02T18:30,SIN_DEMANDA,0,,,,,,,0,0,0,17,112,1159.0588235294117,90.0
20262,1.0,256,2026-01-02T18:40,COMPLETA,907.1096,103.5,103.5,74.0,171.0,1,0.25,1,0,1,18,121,1121.5277777777778,90.0
20262,1.0,257,2026-01-02T18:50,SIN_DEMANDA,0,,,,,,,0,0,0,18,121,1121.5277777777778,90.0
20262,1.0,258,2026-01-02T19:00,SIN_DEMANDA,0,,,,,,,0,0,0,18,121,1121.5277777777778,90.0
20262,1.0,259,2026-01-02T19:10,SIN_DEMANDA,0,,,,,,,0,0,0,18,121,1121.5277777777778,90.0
20262,1.0,260,2026-01-02T19:20,SIN_DEMANDA,0,,,,,,,0,0,0,18,121,1121.5277777777778,90.0
20262,1.0,261,2026-01-02T19:30,SIN_DEMANDA,0,,,,,,,0,0,0,18,121,1121.5277777777778,90.0
20262,1.0,262,2026-01-02T19:40,SIN_DEMANDA,0,,,,,,,0,0,0,18,121,1121.5277777777778,90.0
20262,1.0,263,2026-01-02T19:50,SIN_DEMANDA,0,,,,,,,0,0,0,19,129,1065.6842105263158,60.5
20262,1.0,264,2026-01-02T20:00,SIN_DEMANDA,0,,,,,,,0,0,0,19,129,1065.6842105263158,60.5
20262,1.0,265,2026-01-02T20:10,SIN_DEMANDA,0,,,,,,,0,0,0,19,129,1065.6842105263158,60.5
20262,1.0,266,2026-01-02T20:20,SIN_DEMANDA,0,,,,,,,0,0,0,19,129,1065.6842105263158,60.5
20262,1.0,267,2026-01-02T20:30,SIN_DEMANDA,0,,,,,,,0,0,0,19,129,1065.6842105263158,60.5
20262,1.0,268,2026-01-02T20:40,SIN_DEMANDA,0,,,,,,,0,0,0,20,139,1100.725,60.5
20262,1.0,269,2026-01-02T20:50,SIN_DEMANDA,0,,,,,,,0,0,0,20,139,1100.725,60.5
20262,1.0,270,2026-01-02T21:00,SIN_DEMANDA,0,,,,,,,0,0,0,21,145,1053.2380952380952,60.5
20262,1.0,271,2026-01-02T21:10,SIN_DEMANDA,0,,,,,,,0,0,0,21,145,1053.2380952380952,60.5
20262,1.0,272,2026-01-02T21:20,SIN_DEMANDA,0,,,,,,,0,0,0,21,145,1053.2380952380952,60.5
20262,1.0,273,2026-01-02T21:30,SIN_DEMANDA,0,,,,,,,0,0,0,21,145,1053.2380952380952,60.5
20262,1.0,274,2026-01-02T21:40,SIN_DEMANDA,0,,,,,,,0,0,0,21,145,1053.2380952380952,60.5
20262,1.0,275,2026-01-02T21:50,COMPLETA,1016.0466,1885.0,1885.0,102.0,273.0,1,0.2916666666666667,1,0,0,21,145,1053.2380952380952,60.5
20262,1.0,276,2026-01-02T22:00,COMPLETA,987.0747,1885.0,1885.0,102.0,273.0,1,0.2916666666666667,1,0,0,21,145,1053.2380952380952,60.5
20262,1.0,277,2026-01-02T22:10,COMPLETA,1413.5121,992.75,100.5,132.0,438.0,2,0.1875,2,0,0,21,145,1053.2380952380952,60.5
20262,1.0,278,2026-01-02T22:20,COMPLETA,1450.3141,992.75,100.5,132.0,438.0,2,0.1875,2,0,0,21,145,1053.2380952380952,60.5
20262,1.0,279,2026-01-02T22:30,COMPLETA,1503.6101,992.75,100.5,132.0,438.0,2,0.1875,2,0,0,21,145,1053.2380952380952,60.5
20262,1.0,280,2026-01-02T22:40,COMPLETA,1591.4797,992.75,100.5,132.0,438.0,2,0.1875,2,0,0,21,145,1053.2380952380952,60.5
20262,1.0,281,2026-01-02T22:50,COMPLETA,1460.3255,992.75,100.5,132.0,438.0,2,0.1875,2,0,0,21,145,1053.2380952380952,60.5
20262,1.0,282,2026-01-02T23:00,COMPLETA,1373.8557,992.75,100.5,132.0,438.0,2,0.1875,2,0,2,21,145,1053.2380952380952,60.5
20262,1.0,283,2026-01-02T23:10,SIN_DEMANDA,0,,,,,,,0,0,0,21,145,1053.2380952380952,60.5
20262,1.0,284,2026-01-02T23:20,SIN_DEMANDA,0,,,,,,,0,0,0,21,145,1053.2380952380952,60.5
20262,1.0,285,2026-01-02T23:30,SIN_DEMANDA,0,,,,,,,0,0,0,21,145,1053.2380952380952,60.5
20262,1.0,286,2026-01-02T23:40,COMPLETA,1426.904,465.5,465.5,98.0,267.0,1,0.375,1,0,0,21,145,1053.2380952380952,60.5
20262,1.0,287,2026-01-02T23:50,COMPLETA,1346.8186,465.5,465.5,98.0,267.0,1,0.375,1,0,0,21,145,1053.2380952380952,60.5
20262,1.0,288,2026-01-03T00:00,COMPLETA,1317.619,465.5,465.5,98.0,267.0,1,0.375,1,0,0,21,145,1053.2380952380952,60.5
20262,1.0,289,2026-01-03T00:10,COMPLETA,1306.1731,465.5,465.5,98.0,267.0,1,0.375,1,0,0,21,145,1053.2380952380952,60.5
20262,1.0,290,2026-01-03T00:20,COMPLETA,1565.2204,465.5,465.5,98.0,267.0,1,0.375,1,0,0,21,145,1053.2380952380952,60.5
20262,1.0,291,2026-01-03T00:30,COMPLETA,1381.6849,465.5,465.5,98.0,267.0,1,0.375,1,0,0,22,147,1009.9318181818181,60.5
20262,1.0,292,2026-01-03T00:40,COMPLETA,1393.1872,465.5,465.5,98.0,267.0,1,0.375,1,0,0,22,147,1009.9318181818181,60.5
20262,1.0,293,2026-01-03T00:50,COMPLETA,1545.7083,465.5,465.5,98.0,267.0,1,0.375,1,0,0,22,147,1009.9318181818181,60.5
20262,1.0,294,2026-01-03T01:00,COMPLETA,1430.8625,465.5,465.5,98.0,267.0,1,0.375,1,0,0,22,147,1009.9318181818181,60.5
20262,1.0,295,2026-01-03T01:10,COMPLETA,1453.8336,465.5,465.5,98.0,267.0,1,0.375,1,0,0,22,147,1009.9318181818181,60.5
20262,1.0,296,2026-01-03T01:20,COMPLETA,1760.0569,439.5,413.5,165.0,427.5,1,0.7916666666666666,2,0,0,22,147,1009.9318181818181,60.5
20262,1.0,297,2026-01-03T01:30,COMPLETA,1764.0817,439.5,413.5,165.0,427.5,1,0.7916666666666666,2,0,0,22,147,1009.9318181818181,60.5
20262,1.0,298,2026-01-03T01:40,COMPLETA,1762.0689,439.5,413.5,165.0,427.5,1,0.7916666666666666,2,0,0,22,147,1009.9318181818181,60.5
20262,1.0,299,2026-01-03T01:50,COMPLETA,1774.1385,439.5,413.5,165.0,427.5,1,0.7916666666666666,2,0,0,22,147,1009.9318181818181,60.5
20262,1.0,300,2026-01-03T02:00,COMPLETA,1735.5027,439.5,413.5,165.0,427.5,1,0.7916666666666666,2,0,0,22,147,1009.9318181818181,60.5
20262,1.0,301,2026-01-03T02:10,COMPLETA,1831.8839,439.5,413.5,165.0,427.5,1,0.7916666666666666,2,0,0,22,147,1009.9318181818181,60.5
20262,1.0,302,2026-01-03T02:20,COMPLETA,1831.5475,439.5,413.5,165.0,427.5,1,0.7916666666666666,2,0,0,23,154,1047.9782608695652,60.5
20262,1.0,303,2026-01-03T02:30,COMPLETA,1772.9717,439.5,413.5,165.0,427.5,1,0.7916666666666666,2,0,0,23,154,1047.9782608695652,60.5
20262,1.0,304,2026-01-03T02:40,COMPLETA,1761.9821,439.5,413.5,165.0,427.5,1,0.7916666666666666,2,0,0,23,154,1047.9782608695652,60.5
20262,1.0,305,2026-01-03T02:50,COMPLETA,1778.9471,439.5,413.5,165.0,427.5,1,0.7916666666666666,2,0,0,23,154,1047.9782608695652,60.5
20262,1.0,306,2026-01-03T03:00,COMPLETA,1793.8385,439.5,413.5,165.0,427.5,1,0.7916666666666666,2,0,0,23,154,1047.9782608695652,60.5
20262,1.0,307,2026-01-03T03:10,COMPLETA,1761.002,439.5,413.5,165.0,427.5,1,0.7916666666666666,2,0,0,23,154,1047.9782608695652,60.5
20262,1.0,308,2026-01-03T03:20,COMPLETA,1731.2969,439.5,413.5,165.0,427.5,1,0.7916666666666666,2,0,0,23,154,1047.9782608695652,60.5
20262,1.0,309,2026-01-03T03:30,COMPLETA,1829.3563,439.5,413.5,165.0,427.5,1,0.7916666666666666,2,0,0,23,154,1047.9782608695652,60.5
20262,1.0,310,2026-01-03T03:40,COMPLETA,1780.5308,439.5,413.5,165.0,427.5,1,0.7916666666666666,2,0,0,23,154,1047.9782608695652,60.5
20262,1.0,311,2026-01-03T03:50,COMPLETA,1750.8969,439.5,413.5,165.0,427.5,1,0.7916666666666666,2,0,0,23,154,1047.9782608695652,60.5
20262,1.0,312,2026-01-03T04:00,COMPLETA,1796.8245,439.5,413.5,165.0,427.5,1,0.7916666666666666,2,0,0,23,154,1047.9782608695652,60.5
20262,1.0,313,2026-01-03T04:10,COMPLETA,1748.6474,439.5,413.5,165.0,427.5,1,0.7916666666666666,2,0,0,23,154,1047.9782608695652,60.5
20262,1.0,314,2026-01-03T04:20,COMPLETA,1868.7613,419.8333333333333,227.5,258.0,703.0,2,0.5416666666666666,3,0,0,23,154,1047.9782608695652,60.5
20262,1.0,315,2026-01-03T04:30,COMPLETA,1912.1465,419.8333333333333,227.5,258.0,703.0,2,0.5416666666666666,3,0,0,23,154,1047.9782608695652,60.5
20262,1.0,316,2026-01-03T04:40,COMPLETA,1903.0636,419.8333333333333,227.5,258.0,703.0,2,0.5416666666666666,3,0,0,23,154,1047.9782608695652,60.5
20262,1.0,317,2026-01-03T04:50,COMPLETA,1878.1589,419.8333333333333,227.5,258.0,703.0,2,0.5416666666666666,3,0,0,23,154,1047.9782608695652,60.5
20262,1.0,318,2026-01-03T05:00,COMPLETA,1892.2606,419.8333333333333,227.5,258.0,703.0,2,0.5416666666666666,3,0,0,23,154,1047.9782608695652,60.5
20262,1.0,319,2026-01-03T05:10,COMPLETA,1845.6096,419.8333333333333,227.5,258.0,703.0,2,0.5416666666666666,3,0,0,23,154,1047.9782608695652,60.5
20262,1.0,320,2026-01-03T05:20,COMPLETA,1874.4662,419.8333333333333,227.5,258.0,703.0,2,0.5416666666666666,3,0,0,23,154,1047.9782608695652,60.5
20262,1.0,321,2026-01-03T05:30,COMPLETA,1845.7075,419.8333333333333,227.5,258.0,703.0,2,0.5416666666666666,3,0,0,23,154,1047.9782608695652,60.5
20262,1.0,322,2026-01-03T05:40,COMPLETA,1837.9997,419.8333333333333,227.5,258.0,703.0,2,0.5416666666666666,3,0,0,23,154,1047.9782608695652,60.5
20262,1.0,323,2026-01-03T05:50,COMPLETA,1871.2271,419.8333333333333,227.5,258.0,703.0,2,0.5416666666666666,3,0,0,23,154,1047.9782608695652,60.5
20262,1.0,324,2026-01-03T06:00,COMPLETA,1929.1504,419.8333333333333,227.5,258.0,703.0,2,0.5416666666666666,3,0,0,23,154,1047.9782608695652,60.5
20262,1.0,325,2026-01-03T06:10,COMPLETA,1838.0576,419.8333333333333,227.5,258.0,703.0,2,0.5416666666666666,3,0,0,23,154,1047.9782608695652,60.5
20262,1.0,326,2026-01-03T06:20,COMPLETA,1892.8481,419.8333333333333,227.5,258.0,703.0,2,0.5416666666666666,3,0,0,23,154,1047.9782608695652,60.5
20262,1.0,327,2026-01-03T06:30,COMPLETA,1861.4472,419.8333333333333,227.5,258.0,703.0,2,0.5416666666666666,3,0,0,23,154,1047.9782608695652,60.5
20262,1.0,328,2026-01-03T06:40,COMPLETA,2040.1854,419.8333333333333,227.5,258.0,703.0,2,0.5416666666666666,3,0,0,23,154,1047.9782608695652,60.5
20262,1.0,329,2026-01-03T06:50,COMPLETA,2089.4703,419.8333333333333,227.5,258.0,703.0,2,0.5416666666666666,3,0,0,23,154,1047.9782608695652,60.5
20262,1.0,330,2026-01-03T07:00,COMPLETA,1847.5677,419.8333333333333,227.5,258.0,703.0,2,0.5416666666666666,3,0,2,23,154,1047.9782608695652,60.5
20262,1.0,331,2026-01-03T07:10,SIN_DEMANDA,0,,,,,,,0,0,0,23,154,1047.9782608695652,60.5
20262,1.0,332,2026-01-03T07:20,SIN_DEMANDA,0,,,,,,,0,0,0,23,154,1047.9782608695652,60.5
20262,1.0,333,2026-01-03T07:30,SIN_DEMANDA,0,,,,,,,0,0,0,23,154,1047.9782608695652,60.5
20262,1.0,334,2026-01-03T07:40,SIN_DEMANDA,0,,,,,,,0,0,0,23,154,1047.9782608695652,60.5
20262,1.0,335,2026-01-03T07:50,SIN_DEMANDA,0,,,,,,,0,0,0,23,154,1047.9782608695652,60.5
20262,1.0,336,2026-01-03T08:00,SIN_DEMANDA,0,,,,,,,0,0,0,23,154,1047.9782608695652,60.5
20262,1.0,337,2026-01-03T08:10,SIN_DEMANDA,0,,,,,,,0,0,0,23,154,1047.9782608695652,60.5
20262,1.0,338,2026-01-03T08:20,SIN_DEMANDA,0,,,,,,,0,0,0,23,154,1047.9782608695652,60.5
20262,1.0,339,2026-01-03T08:30,SIN_DEMANDA,0,,,,,,,0,0,0,23,154,1047.9782608695652,60.5
20262,1.0,340,2026-01-03T08:40,COMPLETA,599.9957,2019.5,2019.5,59.0,220.5,1,0.125,1,0,1,23,154,1047.9782608695652,60.5
20262,1.0,341,2026-01-03T08:50,SIN_DEMANDA,0,,,,,,,0,0,0,23,154,1047.9782608695652,60.5
20262,1.0,342,2026-01-03T09:00,SIN_DEMANDA,0,,,,,,,0,0,0,23,154,1047.9782608695652,60.5
20262,1.0,343,2026-01-03T09:10,SIN_DEMANDA,0,,,,,,,0,0,0,23,154,1047.9782608695652,60.5
20262,1.0,344,2026-01-03T09:20,SIN_DEMANDA,0,,,,,,,0,0,0,23,154,1047.9782608695652,60.5
20262,1.0,345,2026-01-03T09:30,SIN_DEMANDA,0,,,,,,,0,0,0,23,154,1047.9782608695652,60.5
20262,1.0,346,2026-01-03T09:40,SIN_DEMANDA,0,,,,,,,0,0,0,23,154,1047.9782608695652,60.5
20262,1.0,347,2026-01-03T09:50,SIN_DEMANDA,0,,,,,,,0,0,0,24,164,1027.9166666666667,60.5
20262,1.0,348,2026-01-03T10:00,SIN_DEMANDA,0,,,,,,,0,0,0,25,173,1005.42,60.5
20262,1.0,349,2026-01-03T10:10,COMPLETA,538.849,989.5,989.5,38.0,117.0,1,0.125,1,0,1,25,173,1005.42,60.5
20262,1.0,350,2026-01-03T10:20,SIN_DEMANDA,0,,,,,,,0,0,0,25,173,1005.42,60.5
20262,1.0,351,2026-01-03T10:30,SIN_DEMANDA,0,,,,,,,0,0,0,25,173,1005.42,60.5
20262,1.0,352,2026-01-03T10:40,SIN_DEMANDA,0,,,,,,,0,0,0,25,173,1005.42,60.5
20262,1.0,353,2026-01-03T10:50,SIN_DEMANDA,0,,,,,,,0,0,0,25,173,1005.42,60.5
20262,1.0,354,2026-01-03T11:00,COMPLETA,1732.0536,1021.0,226.5,115.0,352.5,1,0.7083333333333334,2,0,0,26,176,1044.423076923077,60.5
20262,1.0,355,2026-01-03T11:10,COMPLETA,1857.3325,879.1666666666666,226.5,154.0,471.0,2,0.5208333333333334,3,0,0,26,176,1044.423076923077,60.5
20262,1.0,356,2026-01-03T11:20,COMPLETA,1840.1904,879.1666666666666,226.5,154.0,471.0,2,0.5208333333333334,3,0,0,26,176,1044.423076923077,60.5
20262,1.0,357,2026-01-03T11:30,COMPLETA,1866.9329,879.1666666666666,226.5,154.0,471.0,2,0.5208333333333334,3,0,1,26,176,1044.423076923077,60.5
20262,1.0,358,2026-01-03T11:40,COMPLETA,1700.9052,1021.0,226.5,115.0,352.5,1,0.7083333333333334,2,0,0,27,179,1042.388888888889,60.5
20262,1.0,359,2026-01-03T11:50,COMPLETA,1756.2029,1021.0,226.5,115.0,352.5,1,0.7083333333333334,2,0,0,27,179,1042.388888888889,60.5
20262,1.0,360,2026-01-03T12:00,COMPLETA,1776.7616,1021.0,226.5,115.0,352.5,1,0.7083333333333334,2,0,0,27,179,1042.388888888889,60.5
20262,1.0,361,2026-01-03T12:10,COMPLETA,1736.8825,1021.0,226.5,115.0,352.5,1,0.7083333333333334,2,0,0,27,179,1042.388888888889,60.5
20262,1.0,362,2026-01-03T12:20,COMPLETA,1835.7607,1021.0,226.5,115.0,352.5,1,0.7083333333333334,2,0,0,27,179,1042.388888888889,60.5
20262,1.0,363,2026-01-03T12:30,COMPLETA,1720.0506,1021.0,226.5,115.0,352.5,1,0.7083333333333334,2,0,0,27,179,1042.388888888889,60.5
20262,1.0,364,2026-01-03T12:40,COMPLETA,1702.8889,1021.0,226.5,115.0,352.5,1,0.7083333333333334,2,0,0,28,186,1013.2857142857143,60.5
20262,1.0,365,2026-01-03T12:50,COMPLETA,1722.6476,1021.0,226.5,115.0,352.5,1,0.7083333333333334,2,0,0,28,186,1013.2857142857143,60.5
20262,1.0,366,2026-01-03T13:00,COMPLETA,1704.0934,1021.0,226.5,115.0,352.5,1,0.7083333333333334,2,0,0,28,186,1013.2857142857143,60.5
20262,1.0,367,2026-01-03T13:10,COMPLETA,1778.1769,1021.0,226.5,115.0,352.5,1,0.7083333333333334,2,0,0,29,194,998.8793103448276,60.5
20262,1.0,368,2026-01-03T13:20,COMPLETA,1716.2365,1021.0,226.5,115.0,352.5,1,0.7083333333333334,2,0,0,29,194,998.8793103448276,60.5
20262,1.0,369,2026-01-03T13:30,COMPLETA,1696.1913,1021.0,226.5,115.0,352.5,1,0.7083333333333334,2,0,0,29,194,998.8793103448276,60.5
20262,1.0,370,2026-01-03T13:40,COMPLETA,1797.7016,1021.0,226.5,115.0,352.5,1,0.7083333333333334,2,0,0,29,194,998.8793103448276,60.5
20262,1.0,371,2026-01-03T13:50,COMPLETA,1785.2471,1021.0,226.5,115.0,352.5,1,0.7083333333333334,2,0,0,29,194,998.8793103448276,60.5
20262,1.0,372,2026-01-03T14:00,COMPLETA,1992.1011,792.1666666666666,226.5,141.0,511.5,2,0.375,3,0,0,29,194,998.8793103448276,60.5
20262,1.0,373,2026-01-03T14:10,COMPLETA,2045.9988,1093.375,226.5,205.0,727.5,3,0.2777777777777778,4,0,0,29,194,998.8793103448276,60.5
20262,1.0,374,2026-01-03T14:20,COMPLETA,1996.8637,1093.375,226.5,205.0,727.5,3,0.2777777777777778,4,0,0,29,194,998.8793103448276,60.5
20262,1.0,375,2026-01-03T14:30,COMPLETA,2020.7975,1093.375,226.5,205.0,727.5,3,0.2777777777777778,4,0,0,29,194,998.8793103448276,60.5
20262,1.0,376,2026-01-03T14:40,COMPLETA,1959.5317,1093.375,226.5,205.0,727.5,3,0.2777777777777778,4,0,0,29,194,998.8793103448276,60.5
20262,1.0,377,2026-01-03T14:50,COMPLETA,1969.1288,1093.375,226.5,205.0,727.5,3,0.2777777777777778,4,0,0,29,194,998.8793103448276,60.5
20262,1.0,378,2026-01-03T15:00,COMPLETA,1881.2875,1093.375,226.5,205.0,727.5,3,0.2777777777777778,4,0,3,29,194,998.8793103448276,60.5
20262,1.0,379,2026-01-03T15:10,SIN_DEMANDA,0,,,,,,,0,0,0,29,194,998.8793103448276,60.5
20262,1.0,380,2026-01-03T15:20,SIN_DEMANDA,0,,,,,,,0,0,0,29,194,998.8793103448276,60.5
20262,1.0,381,2026-01-03T15:30,SIN_DEMANDA,0,,,,,,,0,0,0,29,194,998.8793103448276,60.5
20262,1.0,382,2026-01-03T15:40,SIN_DEMANDA,0,,,,,,,0,0,0,29,194,998.8793103448276,60.5
20262,1.0,383,2026-01-03T15:50,SIN_DEMANDA,0,,,,,,,0,0,0,29,194,998.8793103448276,60.5
20262,1.0,384,2026-01-03T16:00,SIN_DEMANDA,0,,,,,,,0,0,0,29,194,998.8793103448276,60.5
20262,1.0,385,2026-01-03T16:10,SIN_DEMANDA,0,,,,,,,0,0,0,29,194,998.8793103448276,60.5
20262,1.0,386,2026-01-03T16:20,COMPLETA,949.1021,514.5,514.5,91.0,256.5,1,0.25,1,0,0,30,195,976.7333333333333,60.5
20262,1.0,387,2026-01-03T16:30,COMPLETA,956.7341,514.5,514.5,91.0,256.5,1,0.25,1,0,0,30,195,976.7333333333333,60.5
20262,1.0,388,2026-01-03T16:40,COMPLETA,966.892,514.5,514.5,91.0,256.5,1,0.25,1,0,0,30,195,976.7333333333333,60.5
20262,1.0,389,2026-01-03T16:50,COMPLETA,1336.9909,453.5,392.5,125.0,427.5,2,0.14583333333333334,2,0,1,32,204,1034.828125,60.5
20262,1.0,390,2026-01-03T17:00,COMPLETA,966.9224,514.5,514.5,91.0,256.5,1,0.25,1,0,0,32,204,1034.828125,60.5
20262,1.0,391,2026-01-03T17:10,COMPLETA,975.1485,514.5,514.5,91.0,256.5,1,0.25,1,0,0,32,204,1034.828125,60.5
20262,1.0,392,2026-01-03T17:20,COMPLETA,977.3936,514.5,514.5,91.0,256.5,1,0.25,1,0,0,32,204,1034.828125,60.5
20262,1.0,393,2026-01-03T17:30,COMPLETA,942.6205,514.5,514.5,91.0,256.5,1,0.25,1,0,0,32,204,1034.828125,60.5
20262,1.0,394,2026-01-03T17:40,COMPLETA,953.5536,514.5,514.5,91.0,256.5,1,0.25,1,0,0,32,204,1034.828125,60.5
20262,1.0,395,2026-01-03T17:50,COMPLETA,969.5462,514.5,514.5,91.0,256.5,1,0.25,1,0,0,32,204,1034.828125,60.5
20262,1.0,396,2026-01-03T18:00,COMPLETA,957.4407,514.5,514.5,91.0,256.5,1,0.25,1,0,0,32,204,1034.828125,60.5
20262,1.0,397,2026-01-03T18:10,COMPLETA,931.1626,514.5,514.5,91.0,256.5,1,0.25,1,0,0,32,204,1034.828125,60.5
20262,1.0,398,2026-01-03T18:20,COMPLETA,1784.9144,263.75,13.0,185.0,517.5,2,0.2916666666666667,2,0,0,33,205,1015.3636363636364,60.5
20262,1.0,399,2026-01-03T18:30,COMPLETA,1941.5648,263.75,13.0,185.0,517.5,2,0.2916666666666667,2,0,0,33,205,1015.3636363636364,60.5
20262,1.0,400,2026-01-03T18:40,COMPLETA,1864.0923,390.5,13.0,197.0,595.5,3,0.2361111111111111,3,0,1,33,205,1015.3636363636364,60.5
20262,1.0,401,2026-01-03T18:50,COMPLETA,1760.6264,263.75,13.0,185.0,517.5,2,0.2916666666666667,2,0,0,33,205,1015.3636363636364,60.5
20262,1.0,402,2026-01-03T19:00,COMPLETA,1778.4861,263.75,13.0,185.0,517.5,2,0.2916666666666667,2,0,0,33,205,1015.3636363636364,60.5
20262,1.0,403,2026-01-03T19:10,COMPLETA,1978.5828,862.8333333333334,13.0,229.0,643.5,3,0.2361111111111111,3,0,1,33,205,1015.3636363636364,60.5
20262,1.0,404,2026-01-03T19:20,COMPLETA,1787.4731,367.75,221.0,179.0,448.5,2,0.2916666666666667,2,0,0,34,215,992.1617647058823,60.5
20262,1.0,405,2026-01-03T19:30,COMPLETA,1840.724,367.75,221.0,179.0,448.5,2,0.2916666666666667,2,0,0,34,215,992.1617647058823,60.5
20262,1.0,406,2026-01-03T19:40,COMPLETA,1766.181,367.75,221.0,179.0,448.5,2,0.2916666666666667,2,0,1,34,215,992.1617647058823,60.5
20262,1.0,407,2026-01-03T19:50,COMPLETA,982.2813,514.5,514.5,91.0,256.5,1,0.25,1,0,0,35,218,982.2142857142857,60.5
20262,1.0,408,2026-01-03T20:00,COMPLETA,997.2242,514.5,514.5,91.0,256.5,1,0.25,1,0,0,35,218,982.2142857142857,60.5
20262,1.0,409,2026-01-03T20:10,COMPLETA,987.6214,514.5,514.5,91.0,256.5,1,0.25,1,0,0,35,218,982.2142857142857,60.5
20262,1.0,410,2026-01-03T20:20,COMPLETA,969.1521,514.5,514.5,91.0,256.5,1,0.25,1,0,0,35,218,982.2142857142857,60.5
20262,1.0,411,2026-01-03T20:30,COMPLETA,970.5166,514.5,514.5,91.0,256.5,1,0.25,1,0,0,35,218,982.2142857142857,60.5
20262,1.0,412,2026-01-03T20:40,COMPLETA,951.7335,514.5,514.5,91.0,256.5,1,0.25,1,0,0,35,218,982.2142857142857,60.5
20262,1.0,413,2026-01-03T20:50,COMPLETA,962.4293,514.5,514.5,91.0,256.5,1,0.25,1,0,0,36,221,1012.1805555555555,60.5
20262,1.0,414,2026-01-03T21:00,COMPLETA,959.1711,514.5,514.5,91.0,256.5,1,0.25,1,0,0,36,221,1012.1805555555555,60.5
20262,1.0,415,2026-01-03T21:10,COMPLETA,969.6438,514.5,514.5,91.0,256.5,1,0.25,1,0,0,36,221,1012.1805555555555,60.5
20262,1.0,416,2026-01-03T21:20,COMPLETA,965.4825,514.5,514.5,91.0,256.5,1,0.25,1,0,0,36,221,1012.1805555555555,60.5
20262,1.0,417,2026-01-03T21:30,COMPLETA,980.0915,514.5,514.5,91.0,256.5,1,0.25,1,0,0,36,221,1012.1805555555555,60.5
20262,1.0,418,2026-01-03T21:40,COMPLETA,968.6727,514.5,514.5,91.0,256.5,1,0.25,1,0,0,36,221,1012.1805555555555,60.5
20262,1.0,419,2026-01-03T21:50,COMPLETA,963.7438,514.5,514.5,91.0,256.5,1,0.25,1,0,0,36,221,1012.1805555555555,60.5
20262,1.0,420,2026-01-03T22:00,COMPLETA,968.0113,514.5,514.5,91.0,256.5,1,0.25,1,0,0,36,221,1012.1805555555555,60.5
20262,1.0,421,2026-01-03T22:10,COMPLETA,1808.9642,1155.0,514.5,130.0,375.0,1,0.5833333333333334,2,0,0,36,221,1012.1805555555555,60.5
20262,1.0,422,2026-01-03T22:20,COMPLETA,1955.911,1440.6666666666667,514.5,188.0,582.0,2,0.375,3,0,0,36,221,1012.1805555555555,60.5
20262,1.0,423,2026-01-03T22:30,COMPLETA,1951.8077,1440.6666666666667,514.5,188.0,582.0,2,0.375,3,0,0,36,221,1012.1805555555555,60.5
20262,1.0,424,2026-01-03T22:40,COMPLETA,1918.082,1440.6666666666667,514.5,188.0,582.0,2,0.375,3,0,0,37,229,990.7972972972973,60.5
20262,1.0,425,2026-01-03T22:50,COMPLETA,1923.909,1440.6666666666667,514.5,188.0,582.0,2,0.375,3,0,0,37,229,990.7972972972973,60.5
20262,1.0,426,2026-01-03T23:00,COMPLETA,2060.2886,1440.6666666666667,514.5,188.0,582.0,2,0.375,3,0,2,37,229,990.7972972972973,60.5
20262,1.0,427,2026-01-03T23:10,SIN_DEMANDA,0,,,,,,,0,0,0,37,229,990.7972972972973,60.5
20262,1.0,428,2026-01-03T23:20,SIN_DEMANDA,0,,,,,,,0,0,0,37,229,990.7972972972973,60.5
20262,1.0,429,2026-01-03T23:30,SIN_DEMANDA,0,,,,,,,0,0,0,37,229,990.7972972972973,60.5
20262,1.0,430,2026-01-03T23:40,SIN_DEMANDA,0,,,,,,,0,0,0,37,229,990.7972972972973,60.5
20262,1.0,431,2026-01-03T23:50,SIN_DEMANDA,0,,,,,,,0,0,0,37,229,990.7972972972973,60.5
20262,1.0,432,2026-01-04T00:00,SIN_DEMANDA,0,,,,,,,0,0,0,37,229,990.7972972972973,60.5
20262,1.0,433,2026-01-04T00:10,SIN_DEMANDA,0,,,,,,,0,0,0,37,229,990.7972972972973,60.5
20262,1.0,434,2026-01-04T00:20,SIN_DEMANDA,0,,,,,,,0,0,0,37,229,990.7972972972973,60.5
20262,1.0,435,2026-01-04T00:30,SIN_DEMANDA,0,,,,,,,0,0,0,37,229,990.7972972972973,60.5
20262,1.0,436,2026-01-04T00:40,SIN_DEMANDA,0,,,,,,,0,0,0,37,229,990.7972972972973,60.5
20262,1.0,437,2026-01-04T00:50,SIN_DEMANDA,0,,,,,,,0,0,0,38,233,1017.671052631579,60.5
20262,1.0,438,2026-01-04T01:00,SIN_DEMANDA,0,,,,,,,0,0,0,38,233,1017.671052631579,60.5
20262,1.0,439,2026-01-04T01:10,SIN_DEMANDA,0,,,,,,,0,0,0,38,233,1017.671052631579,60.5
20262,1.0,440,2026-01-04T01:20,COMPLETA,999.2434,562.0,562.0,113.0,289.5,1,0.3333333333333333,1,0,0,38,233,1017.671052631579,60.5
20262,1.0,441,2026-01-04T01:30,COMPLETA,1018.3177,562.0,562.0,113.0,289.5,1,0.3333333333333333,1,0,0,38,233,1017.671052631579,60.5
20262,1.0,442,2026-01-04T01:40,COMPLETA,963.9936,562.0,562.0,113.0,289.5,1,0.3333333333333333,1,0,0,38,233,1017.671052631579,60.5
20262,1.0,443,2026-01-04T01:50,COMPLETA,939.0323,562.0,562.0,113.0,289.5,1,0.3333333333333333,1,0,0,39,239,1004.7692307692307,60.5
20262,1.0,444,2026-01-04T02:00,COMPLETA,1377.0579,780.75,562.0,139.0,388.5,2,0.20833333333333334,2,0,1,39,239,1004.7692307692307,60.5
20262,1.0,445,2026-01-04T02:10,COMPLETA,945.8254,562.0,562.0,113.0,289.5,1,0.3333333333333333,1,0,0,39,239,1004.7692307692307,60.5
20262,1.0,446,2026-01-04T02:20,COMPLETA,1005.2961,562.0,562.0,113.0,289.5,1,0.3333333333333333,1,0,0,39,239,1004.7692307692307,60.5
20262,1.0,447,2026-01-04T02:30,COMPLETA,1828.1551,307.25,52.5,193.0,469.5,2,0.3125,2,0,1,39,239,1004.7692307692307,60.5
20262,1.0,448,2026-01-04T02:40,COMPLETA,983.4531,562.0,562.0,113.0,289.5,1,0.3333333333333333,1,0,0,39,239,1004.7692307692307,60.5
20262,1.0,449,2026-01-04T02:50,COMPLETA,936.8216,562.0,562.0,113.0,289.5,1,0.3333333333333333,1,0,0,39,239,1004.7692307692307,60.5
20262,1.0,450,2026-01-04T03:00,COMPLETA,947.8032,562.0,562.0,113.0,289.5,1,0.3333333333333333,1,0,0,39,239,1004.7692307692307,60.5
20262,1.0,451,2026-01-04T03:10,COMPLETA,935.6472,562.0,562.0,113.0,289.5,1,0.3333333333333333,1,0,0,39,239,1004.7692307692307,60.5
20262,1.0,452,2026-01-04T03:20,COMPLETA,931.947,562.0,562.0,113.0,289.5,1,0.3333333333333333,1,0,0,40,241,1004.6375,60.5
20262,1.0,453,2026-01-04T03:30,COMPLETA,954.9145,562.0,562.0,113.0,289.5,1,0.3333333333333333,1,0,0,40,241,1004.6375,60.5
20262,1.0,454,2026-01-04T03:40,COMPLETA,947.5011,562.0,562.0,113.0,289.5,1,0.3333333333333333,1,0,0,40,241,1004.6375,60.5
20262,1.0,455,2026-01-04T03:50,COMPLETA,904.7815,562.0,562.0,113.0,289.5,1,0.3333333333333333,1,0,0,40,241,1004.6375,60.5
20262,1.0,456,2026-01-04T04:00,COMPLETA,918.4781,562.0,562.0,113.0,289.5,1,0.3333333333333333,1,0,0,40,241,1004.6375,60.5
20262,1.0,457,2026-01-04T04:10,COMPLETA,1151.0621,562.0,562.0,113.0,289.5,1,0.3333333333333333,1,0,0,41,249,1023.9268292682926,60.5
20262,1.0,458,2026-01-04T04:20,COMPLETA,1019.1146,562.0,562.0,113.0,289.5,1,0.3333333333333333,1,0,0,41,249,1023.9268292682926,60.5
20262,1.0,459,2026-01-04T04:30,COMPLETA,988.1012,562.0,562.0,113.0,289.5,1,0.3333333333333333,1,0,0,41,249,1023.9268292682926,60.5
20262,1.0,460,2026-01-04T04:40,COMPLETA,1702.2271,283.75,5.5,147.0,460.5,2,0.3125,2,0,0,41,249,1023.9268292682926,60.5
20262,1.0,461,2026-01-04T04:50,COMPLETA,1713.9905,283.75,5.5,147.0,460.5,2,0.3125,2,0,0,41,249,1023.9268292682926,60.5
20262,1.0,462,2026-01-04T05:00,COMPLETA,1714.4772,283.75,5.5,147.0,460.5,2,0.3125,2,0,0,41,249,1023.9268292682926,60.5
20262,1.0,463,2026-01-04T05:10,COMPLETA,1786.1452,283.75,5.5,147.0,460.5,2,0.3125,2,0,0,41,249,1023.9268292682926,60.5
20262,1.0,464,2026-01-04T05:20,COMPLETA,1711.5266,283.75,5.5,147.0,460.5,2,0.3125,2,0,0,41,249,1023.9268292682926,60.5
20262,1.0,465,2026-01-04T05:30,COMPLETA,1958.8752,283.75,5.5,147.0,460.5,2,0.3125,2,0,0,42,256,1000.797619047619,52.5
20262,1.0,466,2026-01-04T05:40,COMPLETA,1788.6232,283.75,5.5,147.0,460.5,2,0.3125,2,0,0,42,256,1000.797619047619,52.5
20262,1.0,467,2026-01-04T05:50,COMPLETA,1768.5133,283.75,5.5,147.0,460.5,2,0.3125,2,0,0,42,256,1000.797619047619,52.5
20262,1.0,468,2026-01-04T06:00,COMPLETA,1677.4248,283.75,5.5,147.0,460.5,2,0.3125,2,0,0,42,256,1000.797619047619,52.5
20262,1.0,469,2026-01-04T06:10,COMPLETA,1698.3566,283.75,5.5,147.0,460.5,2,0.3125,2,0,0,42,256,1000.797619047619,52.5
20262,1.0,470,2026-01-04T06:20,COMPLETA,1811.2224,798.6666666666666,5.5,148.0,522.0,2,0.4375,3,0,0,42,256,1000.797619047619,52.5
20262,1.0,471,2026-01-04T06:30,COMPLETA,1862.385,798.6666666666666,5.5,148.0,522.0,2,0.4375,3,0,0,42,256,1000.797619047619,52.5
20262,1.0,472,2026-01-04T06:40,COMPLETA,2120.4692,1103.875,5.5,211.0,736.5,3,0.4166666666666667,4,0,0,42,256,1000.797619047619,52.5
20262,1.0,473,2026-01-04T06:50,COMPLETA,2265.212,1103.875,5.5,211.0,736.5,3,0.4166666666666667,4,0,0,42,256,1000.797619047619,52.5
20262,1.0,474,2026-01-04T07:00,COMPLETA,2282.3812,1103.875,5.5,211.0,736.5,3,0.4166666666666667,4,0,3,42,256,1000.797619047619,52.5
20262,1.0,475,2026-01-04T07:10,SIN_DEMANDA,0,,,,,,,0,0,0,42,256,1000.797619047619,52.5
20262,1.0,476,2026-01-04T07:20,SIN_DEMANDA,0,,,,,,,0,0,0,42,256,1000.797619047619,52.5
20262,1.0,477,2026-01-04T07:30,SIN_DEMANDA,0,,,,,,,0,0,0,42,256,1000.797619047619,52.5
20262,1.0,478,2026-01-04T07:40,SIN_DEMANDA,0,,,,,,,0,0,0,42,256,1000.797619047619,52.5
20262,1.0,479,2026-01-04T07:50,SIN_DEMANDA,0,,,,,,,0,0,0,42,256,1000.797619047619,52.5
20262,1.0,480,2026-01-04T08:00,SIN_DEMANDA,0,,,,,,,0,0,0,42,256,1000.797619047619,52.5
20262,1.0,481,2026-01-04T08:10,SIN_DEMANDA,0,,,,,,,0,0,0,42,256,1000.797619047619,52.5
20262,1.0,482,2026-01-04T08:20,SIN_DEMANDA,0,,,,,,,0,0,0,42,256,1000.797619047619,52.5
20262,1.0,483,2026-01-04T08:30,SIN_DEMANDA,0,,,,,,,0,0,0,43,263,977.6511627906976,5.5
20262,1.0,484,2026-01-04T08:40,SIN_DEMANDA,0,,,,,,,0,0,0,43,263,977.6511627906976,5.5
20262,1.0,485,2026-01-04T08:50,SIN_DEMANDA,0,,,,,,,0,0,0,43,263,977.6511627906976,5.5
20262,1.0,486,2026-01-04T09:00,SIN_DEMANDA,0,,,,,,,0,0,0,44,272,1001.3295454545455,5.5
20262,1.0,487,2026-01-04T09:10,COMPLETA,1002.6742,1627.0,1627.0,108.0,282.0,1,0.25,1,0,0,44,272,1001.3295454545455,5.5
20262,1.0,488,2026-01-04T09:20,COMPLETA,990.1663,1627.0,1627.0,108.0,282.0,1,0.25,1,0,0,44,272,1001.3295454545455,5.5
20262,1.0,489,2026-01-04T09:30,COMPLETA,989.6357,1627.0,1627.0,108.0,282.0,1,0.25,1,0,0,44,272,1001.3295454545455,5.5
20262,1.0,490,2026-01-04T09:40,COMPLETA,976.2562,1627.0,1627.0,108.0,282.0,1,0.25,1,0,0,44,272,1001.3295454545455,5.5
20262,1.0,491,2026-01-04T09:50,COMPLETA,1001.0016,1627.0,1627.0,108.0,282.0,1,0.25,1,0,0,44,272,1001.3295454545455,5.5
20262,1.0,492,2026-01-04T10:00,COMPLETA,974.1951,1627.0,1627.0,108.0,282.0,1,0.25,1,0,0,45,280,991.5666666666667,5.5
20262,1.0,493,2026-01-04T10:10,COMPLETA,958.1613,1627.0,1627.0,108.0,282.0,1,0.25,1,0,0,45,280,991.5666666666667,5.5
20262,1.0,494,2026-01-04T10:20,COMPLETA,1399.86,1844.0,1627.0,148.0,402.0,2,0.1875,2,0,1,45,280,991.5666666666667,5.5
20262,1.0,495,2026-01-04T10:30,COMPLETA,969.5785,1627.0,1627.0,108.0,282.0,1,0.25,1,0,0,45,280,991.5666666666667,5.5
20262,1.0,496,2026-01-04T10:40,COMPLETA,959.8749,1627.0,1627.0,108.0,282.0,1,0.25,1,0,0,45,280,991.5666666666667,5.5
20262,1.0,497,2026-01-04T10:50,COMPLETA,938.7704,1627.0,1627.0,108.0,282.0,1,0.25,1,0,0,45,280,991.5666666666667,5.5
20262,1.0,498,2026-01-04T11:00,COMPLETA,1486.4176,1819.5,1627.0,187.0,460.5,2,0.20833333333333334,2,0,1,45,280,991.5666666666667,5.5
20262,1.0,499,2026-01-04T11:10,COMPLETA,958.5087,1627.0,1627.0,108.0,282.0,1,0.25,1,0,0,45,280,991.5666666666667,5.5
20262,1.0,500,2026-01-04T11:20,COMPLETA,985.0761,1627.0,1627.0,108.0,282.0,1,0.25,1,0,0,45,280,991.5666666666667,5.5
20262,1.0,501,2026-01-04T11:30,COMPLETA,989.6657,1627.0,1627.0,108.0,282.0,1,0.25,1,0,0,45,280,991.5666666666667,5.5
20262,1.0,502,2026-01-04T11:40,COMPLETA,946.4812,1627.0,1627.0,108.0,282.0,1,0.25,1,0,0,45,280,991.5666666666667,5.5
20262,1.0,503,2026-01-04T11:50,COMPLETA,958.5475,1627.0,1627.0,108.0,282.0,1,0.25,1,0,0,47,289,1032.127659574468,5.5
20262,1.0,504,2026-01-04T12:00,COMPLETA,1372.9124,1852.75,1627.0,134.0,381.0,2,0.1875,2,0,1,47,289,1032.127659574468,5.5
20262,1.0,505,2026-01-04T12:10,COMPLETA,918.2649,1627.0,1627.0,108.0,282.0,1,0.25,1,0,0,47,289,1032.127659574468,5.5
20262,1.0,506,2026-01-04T12:20,COMPLETA,952.5126,1627.0,1627.0,108.0,282.0,1,0.25,1,0,0,47,289,1032.127659574468,5.5
20262,1.0,507,2026-01-04T12:30,COMPLETA,950.3719,1627.0,1627.0,108.0,282.0,1,0.25,1,0,0,47,289,1032.127659574468,5.5
20262,1.0,508,2026-01-04T12:40,COMPLETA,948.5552,1627.0,1627.0,108.0,282.0,1,0.25,1,0,0,47,289,1032.127659574468,5.5
20262,1.0,509,2026-01-04T12:50,COMPLETA,976.2374,1627.0,1627.0,108.0,282.0,1,0.25,1,0,0,47,289,1032.127659574468,5.5
20262,1.0,510,2026-01-04T13:00,COMPLETA,957.0516,1627.0,1627.0,108.0,282.0,1,0.25,1,0,0,47,289,1032.127659574468,5.5
20262,1.0,511,2026-01-04T13:10,COMPLETA,935.754,1627.0,1627.0,108.0,282.0,1,0.25,1,0,0,47,289,1032.127659574468,5.5
20262,1.0,512,2026-01-04T13:20,COMPLETA,934.9756,1627.0,1627.0,108.0,282.0,1,0.25,1,0,0,48,292,1053.9270833333333,5.5
20262,1.0,513,2026-01-04T13:30,COMPLETA,962.3614,1627.0,1627.0,108.0,282.0,1,0.25,1,0,0,49,296,1073.4795918367347,5.5
20262,1.0,514,2026-01-04T13:40,COMPLETA,1314.1093,965.0,303.0,152.0,468.0,2,0.14583333333333334,2,0,0,49,296,1073.4795918367347,5.5
20262,1.0,515,2026-01-04T13:50,COMPLETA,1391.8438,965.0,303.0,152.0,468.0,2,0.14583333333333334,2,0,0,49,296,1073.4795918367347,5.5
20262,1.0,516,2026-01-04T14:00,COMPLETA,1319.7948,965.0,303.0,152.0,468.0,2,0.14583333333333334,2,0,0,49,296,1073.4795918367347,5.5
20262,1.0,517,2026-01-04T14:10,COMPLETA,1290.9622,965.0,303.0,152.0,468.0,2,0.14583333333333334,2,0,0,49,296,1073.4795918367347,5.5
20262,1.0,518,2026-01-04T14:20,COMPLETA,1299.7606,965.0,303.0,152.0,468.0,2,0.14583333333333334,2,0,0,49,296,1073.4795918367347,5.5
20262,1.0,519,2026-01-04T14:30,COMPLETA,1306.2168,965.0,303.0,152.0,468.0,2,0.14583333333333334,2,0,0,49,296,1073.4795918367347,5.5
20262,1.0,520,2026-01-04T14:40,COMPLETA,1292.5445,965.0,303.0,152.0,468.0,2,0.14583333333333334,2,0,0,49,296,1073.4795918367347,5.5
20262,1.0,521,2026-01-04T14:50,COMPLETA,1318.3627,965.0,303.0,152.0,468.0,2,0.14583333333333334,2,0,0,49,296,1073.4795918367347,5.5
20262,1.0,522,2026-01-04T15:00,COMPLETA,1288.4733,965.0,303.0,152.0,468.0,2,0.14583333333333334,2,0,2,49,296,1073.4795918367347,5.5
20262,1.0,523,2026-01-04T15:10,SIN_DEMANDA,0,,,,,,,0,0,0,49,296,1073.4795918367347,5.5
20262,1.0,524,2026-01-04T15:20,SIN_DEMANDA,0,,,,,,,0,0,0,49,296,1073.4795918367347,5.5
20262,1.0,525,2026-01-04T15:30,SIN_DEMANDA,0,,,,,,,0,0,0,49,296,1073.4795918367347,5.5
20262,1.0,526,2026-01-04T15:40,COMPLETA,887.0229,87.0,87.0,80.0,240.0,1,0.20833333333333334,1,0,1,49,296,1073.4795918367347,5.5
20262,1.0,527,2026-01-04T15:50,SIN_DEMANDA,0,,,,,,,0,0,0,49,296,1073.4795918367347,5.5
20262,1.0,528,2026-01-04T16:00,COMPLETA,965.4134,1511.5,1511.5,132.0,318.0,1,0.3333333333333333,1,0,0,49,296,1073.4795918367347,5.5
20262,1.0,529,2026-01-04T16:10,COMPLETA,943.8685,1511.5,1511.5,132.0,318.0,1,0.3333333333333333,1,0,0,49,296,1073.4795918367347,5.5
20262,1.0,530,2026-01-04T16:20,COMPLETA,984.6874,1511.5,1511.5,132.0,318.0,1,0.3333333333333333,1,0,0,49,296,1073.4795918367347,5.5
20262,1.0,531,2026-01-04T16:30,COMPLETA,991.1086,1511.5,1511.5,132.0,318.0,1,0.3333333333333333,1,0,0,49,296,1073.4795918367347,5.5
20262,1.0,532,2026-01-04T16:40,COMPLETA,1370.8401,959.75,408.0,144.0,456.0,2,0.22916666666666666,2,0,1,50,297,1058.07,5.5
20262,1.0,533,2026-01-04T16:50,COMPLETA,966.6411,1511.5,1511.5,132.0,318.0,1,0.3333333333333333,1,0,0,50,297,1058.07,5.5
20262,1.0,534,2026-01-04T17:00,COMPLETA,911.3015,1511.5,1511.5,132.0,318.0,1,0.3333333333333333,1,0,0,50,297,1058.07,5.5
20262,1.0,535,2026-01-04T17:10,COMPLETA,954.6612,1511.5,1511.5,132.0,318.0,1,0.3333333333333333,1,0,0,50,297,1058.07,5.5
20262,1.0,536,2026-01-04T17:20,COMPLETA,916.7067,1511.5,1511.5,132.0,318.0,1,0.3333333333333333,1,0,0,50,297,1058.07,5.5
20262,1.0,537,2026-01-04T17:30,COMPLETA,947.6684,1511.5,1511.5,132.0,318.0,1,0.3333333333333333,1,0,0,50,297,1058.07,5.5
20262,1.0,538,2026-01-04T17:40,COMPLETA,904.5415,1511.5,1511.5,132.0,318.0,1,0.3333333333333333,1,0,0,50,297,1058.07,5.5
20262,1.0,539,2026-01-04T17:50,COMPLETA,954.6208,1511.5,1511.5,132.0,318.0,1,0.3333333333333333,1,0,0,51,300,1045.3235294117646,5.5
20262,1.0,540,2026-01-04T18:00,COMPLETA,1433.8879,1787.0,1511.5,174.0,441.0,2,0.25,2,0,1,52,306,1056.5096153846155,5.5
20262,1.0,541,2026-01-04T18:10,COMPLETA,950.1635,1511.5,1511.5,132.0,318.0,1,0.3333333333333333,1,0,0,52,306,1056.5096153846155,5.5
20262,1.0,542,2026-01-04T18:20,COMPLETA,938.4399,1511.5,1511.5,132.0,318.0,1,0.3333333333333333,1,0,0,53,311,1038.2169811320755,5.5
20262,1.0,543,2026-01-04T18:30,COMPLETA,937.798,1511.5,1511.5,132.0,318.0,1,0.3333333333333333,1,0,0,53,311,1038.2169811320755,5.5
20262,1.0,544,2026-01-04T18:40,COMPLETA,927.7329,1511.5,1511.5,132.0,318.0,1,0.3333333333333333,1,0,0,53,311,1038.2169811320755,5.5
20262,1.0,545,2026-01-04T18:50,COMPLETA,951.8502,1511.5,1511.5,132.0,318.0,1,0.3333333333333333,1,0,0,53,311,1038.2169811320755,5.5
20262,1.0,546,2026-01-04T19:00,COMPLETA,924.2823,1511.5,1511.5,132.0,318.0,1,0.3333333333333333,1,0,0,53,311,1038.2169811320755,5.5
20262,1.0,547,2026-01-04T19:10,COMPLETA,953.1957,1511.5,1511.5,132.0,318.0,1,0.3333333333333333,1,0,0,53,311,1038.2169811320755,5.5
20262,1.0,548,2026-01-04T19:20,COMPLETA,907.8627,1511.5,1511.5,132.0,318.0,1,0.3333333333333333,1,0,0,53,311,1038.2169811320755,5.5
20262,1.0,549,2026-01-04T19:30,COMPLETA,930.5882,1511.5,1511.5,132.0,318.0,1,0.3333333333333333,1,0,0,53,311,1038.2169811320755,5.5
20262,1.0,550,2026-01-04T19:40,COMPLETA,944.6445,1511.5,1511.5,132.0,318.0,1,0.3333333333333333,1,0,0,54,315,1057.1851851851852,5.5
20262,1.0,551,2026-01-04T19:50,COMPLETA,1345.8623,1253.25,995.0,160.0,420.0,2,0.1875,2,0,1,54,315,1057.1851851851852,5.5
20262,1.0,552,2026-01-04T20:00,COMPLETA,949.2779,1511.5,1511.5,132.0,318.0,1,0.3333333333333333,1,0,0,54,315,1057.1851851851852,5.5
20262,1.0,553,2026-01-04T20:10,COMPLETA,939.9794,1511.5,1511.5,132.0,318.0,1,0.3333333333333333,1,0,0,54,315,1057.1851851851852,5.5
20262,1.0,554,2026-01-04T20:20,COMPLETA,935.6033,1511.5,1511.5,132.0,318.0,1,0.3333333333333333,1,0,0,54,315,1057.1851851851852,5.5
20262,1.0,555,2026-01-04T20:30,COMPLETA,925.1093,1511.5,1511.5,132.0,318.0,1,0.3333333333333333,1,0,0,54,315,1057.1851851851852,5.5
20262,1.0,556,2026-01-04T20:40,COMPLETA,960.191,1511.5,1511.5,132.0,318.0,1,0.3333333333333333,1,0,0,54,315,1057.1851851851852,5.5
20262,1.0,557,2026-01-04T20:50,COMPLETA,933.464,1511.5,1511.5,132.0,318.0,1,0.3333333333333333,1,0,0,54,315,1057.1851851851852,5.5
20262,1.0,558,2026-01-04T21:00,COMPLETA,947.9956,1511.5,1511.5,132.0,318.0,1,0.3333333333333333,1,0,0,54,315,1057.1851851851852,5.5
20262,1.0,559,2026-01-04T21:10,COMPLETA,937.1289,1511.5,1511.5,132.0,318.0,1,0.3333333333333333,1,0,0,54,315,1057.1851851851852,5.5
20262,1.0,560,2026-01-04T21:20,COMPLETA,930.2891,1511.5,1511.5,132.0,318.0,1,0.3333333333333333,1,0,0,55,316,1056.0545454545454,5.5
20262,1.0,561,2026-01-04T21:30,COMPLETA,918.7957,1511.5,1511.5,132.0,318.0,1,0.3333333333333333,1,0,0,55,316,1056.0545454545454,5.5
20262,1.0,562,2026-01-04T21:40,COMPLETA,924.8344,1511.5,1511.5,132.0,318.0,1,0.3333333333333333,1,0,0,55,316,1056.0545454545454,5.5
20262,1.0,563,2026-01-04T21:50,COMPLETA,941.3754,1511.5,1511.5,132.0,318.0,1,0.3333333333333333,1,0,0,55,316,1056.0545454545454,5.5
20262,1.0,564,2026-01-04T22:00,COMPLETA,1721.5157,953.0,454.5,132.0,378.0,1,0.7083333333333334,2,0,0,55,316,1056.0545454545454,5.5
20262,1.0,565,2026-01-04T22:10,COMPLETA,1792.963,953.0,454.5,132.0,378.0,1,0.7083333333333334,2,0,0,55,316,1056.0545454545454,5.5
20262,1.0,566,2026-01-04T22:20,COMPLETA,1756.2632,953.0,454.5,132.0,378.0,1,0.7083333333333334,2,0,0,55,316,1056.0545454545454,5.5
20262,1.0,567,2026-01-04T22:30,COMPLETA,1748.5163,953.0,454.5,132.0,378.0,1,0.7083333333333334,2,0,0,55,316,1056.0545454545454,5.5
20262,1.0,568,2026-01-04T22:40,COMPLETA,1747.0007,953.0,454.5,132.0,378.0,1,0.7083333333333334,2,0,0,55,316,1056.0545454545454,5.5
20262,1.0,569,2026-01-04T22:50,COMPLETA,1743.5471,953.0,454.5,132.0,378.0,1,0.7083333333333334,2,0,0,55,316,1056.0545454545454,5.5
20262,1.0,570,2026-01-04T23:00,COMPLETA,1727.9015,953.0,454.5,132.0,378.0,1,0.7083333333333334,2,0,1,55,316,1056.0545454545454,5.5
20262,1.0,571,2026-01-04T23:10,SIN_DEMANDA,0,,,,,,,0,0,0,55,316,1056.0545454545454,5.5
20262,1.0,572,2026-01-04T23:20,SIN_DEMANDA,0,,,,,,,0,0,0,55,316,1056.0545454545454,5.5
20262,1.0,573,2026-01-04T23:30,SIN_DEMANDA,0,,,,,,,0,0,0,55,316,1056.0545454545454,5.5
20262,1.0,574,2026-01-04T23:40,SIN_DEMANDA,0,,,,,,,0,0,0,55,316,1056.0545454545454,5.5
20262,1.0,575,2026-01-04T23:50,SIN_DEMANDA,0,,,,,,,0,0,0,55,316,1056.0545454545454,5.5
20262,1.0,576,2026-01-05T00:00,SIN_DEMANDA,0,,,,,,,0,0,0,55,316,1056.0545454545454,5.5
20262,1.0,577,2026-01-05T00:10,SIN_DEMANDA,0,,,,,,,0,0,0,55,316,1056.0545454545454,5.5
20262,1.0,578,2026-01-05T00:20,SIN_DEMANDA,0,,,,,,,0,0,0,55,316,1056.0545454545454,5.5
20262,1.0,579,2026-01-05T00:30,COMPLETA,990.5972,1225.5,396.0,88.0,372.0,2,0.10416666666666667,2,0,2,55,316,1056.0545454545454,5.5
20262,1.0,580,2026-01-05T00:40,SIN_DEMANDA,0,,,,,,,0,0,0,55,316,1056.0545454545454,5.5
20262,1.0,581,2026-01-05T00:50,SIN_DEMANDA,0,,,,,,,0,0,0,55,316,1056.0545454545454,5.5
20262,1.0,582,2026-01-05T01:00,SIN_DEMANDA,0,,,,,,,0,0,0,55,316,1056.0545454545454,5.5
20262,1.0,583,2026-01-05T01:10,SIN_DEMANDA,0,,,,,,,0,0,0,55,316,1056.0545454545454,5.5
20262,1.0,584,2026-01-05T01:20,SIN_DEMANDA,0,,,,,,,0,0,0,55,316,1056.0545454545454,5.5
20262,1.0,585,2026-01-05T01:30,SIN_DEMANDA,0,,,,,,,0,0,0,55,316,1056.0545454545454,5.5
20262,1.0,586,2026-01-05T01:40,SIN_DEMANDA,0,,,,,,,0,0,0,55,316,1056.0545454545454,5.5
20262,1.0,587,2026-01-05T01:50,SIN_DEMANDA,0,,,,,,,0,0,0,55,316,1056.0545454545454,5.5
20262,1.0,588,2026-01-05T02:00,SIN_DEMANDA,0,,,,,,,0,0,0,56,317,1044.267857142857,5.5
20262,1.0,589,2026-01-05T02:10,SIN_DEMANDA,0,,,,,,,0,0,0,56,317,1044.267857142857,5.5
20262,1.0,590,2026-01-05T02:20,SIN_DEMANDA,0,,,,,,,0,0,0,58,330,1051.5258620689656,5.5
20262,1.0,591,2026-01-05T02:30,SIN_DEMANDA,0,,,,,,,0,0,0,58,330,1051.5258620689656,5.5
20262,1.0,592,2026-01-05T02:40,SIN_DEMANDA,0,,,,,,,0,0,0,58,330,1051.5258620689656,5.5
20262,1.0,593,2026-01-05T02:50,SIN_DEMANDA,0,,,,,,,0,0,0,58,330,1051.5258620689656,5.5
20262,1.0,594,2026-01-05T03:00,SIN_DEMANDA,0,,,,,,,0,0,0,58,330,1051.5258620689656,5.5
20262,1.0,595,2026-01-05T03:10,COMPLETA,1059.2918,1742.0,1742.0,96.0,264.0,1,0.2916666666666667,1,0,0,58,330,1051.5258620689656,5.5
20262,1.0,596,2026-01-05T03:20,COMPLETA,1030.3978,1742.0,1742.0,96.0,264.0,1,0.2916666666666667,1,0,0,58,330,1051.5258620689656,5.5
20262,1.0,597,2026-01-05T03:30,COMPLETA,1015.3873,1742.0,1742.0,96.0,264.0,1,0.2916666666666667,1,0,0,58,330,1051.5258620689656,5.5
20262,1.0,598,2026-01-05T03:40,COMPLETA,1009.9452,1742.0,1742.0,96.0,264.0,1,0.2916666666666667,1,0,0,58,330,1051.5258620689656,5.5
20262,1.0,599,2026-01-05T03:50,COMPLETA,1050.8069,1742.0,1742.0,96.0,264.0,1,0.2916666666666667,1,0,0,59,338,1058.3050847457628,5.5
20262,1.0,600,2026-01-05T04:00,COMPLETA,1021.7935,1742.0,1742.0,96.0,264.0,1,0.2916666666666667,1,0,0,59,338,1058.3050847457628,5.5
20262,1.0,601,2026-01-05T04:10,COMPLETA,996.9155,1742.0,1742.0,96.0,264.0,1,0.2916666666666667,1,0,0,59,338,1058.3050847457628,5.5
20262,1.0,602,2026-01-05T04:20,COMPLETA,1902.8391,1190.0,761.0,138.0,387.0,1,0.6666666666666666,2,0,0,59,338,1058.3050847457628,5.5
20262,1.0,603,2026-01-05T04:30,COMPLETA,1944.6001,1190.0,761.0,138.0,387.0,1,0.6666666666666666,2,0,0,59,338,1058.3050847457628,5.5
20262,1.0,604,2026-01-05T04:40,COMPLETA,1879.3014,1190.0,761.0,138.0,387.0,1,0.6666666666666666,2,0,0,59,338,1058.3050847457628,5.5
20262,1.0,605,2026-01-05T04:50,COMPLETA,1896.5934,1190.0,761.0,138.0,387.0,1,0.6666666666666666,2,0,0,59,338,1058.3050847457628,5.5
20262,1.0,606,2026-01-05T05:00,COMPLETA,1864.575,1190.0,761.0,138.0,387.0,1,0.6666666666666666,2,0,0,59,338,1058.3050847457628,5.5
20262,1.0,607,2026-01-05T05:10,COMPLETA,1889.4176,1190.0,761.0,138.0,387.0,1,0.6666666666666666,2,0,0,59,338,1058.3050847457628,5.5
20262,1.0,608,2026-01-05T05:20,COMPLETA,1877.2148,1190.0,761.0,138.0,387.0,1,0.6666666666666666,2,0,0,59,338,1058.3050847457628,5.5
20262,1.0,609,2026-01-05T05:30,COMPLETA,1837.6222,1190.0,761.0,138.0,387.0,1,0.6666666666666666,2,0,0,59,338,1058.3050847457628,5.5
20262,1.0,610,2026-01-05T05:40,COMPLETA,1937.9248,1190.0,761.0,138.0,387.0,1,0.6666666666666666,2,0,0,59,338,1058.3050847457628,5.5
20262,1.0,611,2026-01-05T05:50,COMPLETA,2053.8907,1464.1666666666667,761.0,160.0,540.0,2,0.4166666666666667,3,0,0,59,338,1058.3050847457628,5.5
20262,1.0,612,2026-01-05T06:00,COMPLETA,2047.807,1464.1666666666667,761.0,160.0,540.0,2,0.4166666666666667,3,0,0,59,338,1058.3050847457628,5.5
20262,1.0,613,2026-01-05T06:10,COMPLETA,2071.117,1464.1666666666667,761.0,160.0,540.0,2,0.4166666666666667,3,0,0,59,338,1058.3050847457628,5.5
20262,1.0,614,2026-01-05T06:20,COMPLETA,2048.9963,1464.1666666666667,761.0,160.0,540.0,2,0.4166666666666667,3,0,0,59,338,1058.3050847457628,5.5
20262,1.0,615,2026-01-05T06:30,COMPLETA,2059.4274,1464.1666666666667,761.0,160.0,540.0,2,0.4166666666666667,3,0,0,59,338,1058.3050847457628,5.5
20262,1.0,616,2026-01-05T06:40,COMPLETA,2111.7551,1464.1666666666667,761.0,160.0,540.0,2,0.4166666666666667,3,0,0,59,338,1058.3050847457628,5.5
20262,1.0,617,2026-01-05T06:50,COMPLETA,2067.6635,1464.1666666666667,761.0,160.0,540.0,2,0.4166666666666667,3,0,0,59,338,1058.3050847457628,5.5
20262,1.0,618,2026-01-05T07:00,COMPLETA,2081.0592,1464.1666666666667,761.0,160.0,540.0,2,0.4166666666666667,3,0,2,59,338,1058.3050847457628,5.5
20262,1.0,619,2026-01-05T07:10,SIN_DEMANDA,0,,,,,,,0,0,0,59,338,1058.3050847457628,5.5
20262,1.0,620,2026-01-05T07:20,SIN_DEMANDA,0,,,,,,,0,0,0,59,338,1058.3050847457628,5.5
20262,1.0,621,2026-01-05T07:30,SIN_DEMANDA,0,,,,,,,0,0,0,59,338,1058.3050847457628,5.5
20262,1.0,622,2026-01-05T07:40,SIN_DEMANDA,0,,,,,,,0,0,0,59,338,1058.3050847457628,5.5
20262,1.0,623,2026-01-05T07:50,SIN_DEMANDA,0,,,,,,,0,0,0,59,338,1058.3050847457628,5.5
20262,1.0,624,2026-01-05T08:00,SIN_DEMANDA,0,,,,,,,0,0,0,59,338,1058.3050847457628,5.5
20262,1.0,625,2026-01-05T08:10,SIN_DEMANDA,0,,,,,,,0,0,0,59,338,1058.3050847457628,5.5
20262,1.0,626,2026-01-05T08:20,COMPLETA,584.1958,368.0,368.0,64.0,216.0,1,0.041666666666666664,1,0,1,60,342,1074.2083333333333,5.5
20262,1.0,627,2026-01-05T08:30,SIN_DEMANDA,0,,,,,,,0,0,0,60,342,1074.2083333333333,5.5
20262,1.0,628,2026-01-05T08:40,COMPLETA,994.2525,282.0,282.0,65.0,221.5,1,0.20833333333333334,1,0,0,60,342,1074.2083333333333,5.5
20262,1.0,629,2026-01-05T08:50,COMPLETA,992.5413,282.0,282.0,65.0,221.5,1,0.20833333333333334,1,0,0,60,342,1074.2083333333333,5.5
20262,1.0,630,2026-01-05T09:00,COMPLETA,932.4554,282.0,282.0,65.0,221.5,1,0.20833333333333334,1,0,0,60,342,1074.2083333333333,5.5
20262,1.0,631,2026-01-05T09:10,COMPLETA,1021.6273,282.0,282.0,65.0,221.5,1,0.20833333333333334,1,0,0,60,342,1074.2083333333333,5.5
20262,1.0,632,2026-01-05T09:20,COMPLETA,1036.6857,282.0,282.0,83.0,184.5,1,0.20833333333333334,1,0,0,60,342,1074.2083333333333,5.5
20262,1.0,633,2026-01-05T09:30,COMPLETA,1204.031,282.0,282.0,83.0,184.5,1,0.20833333333333334,1,0,1,61,351,1069.0737704918033,5.5
20262,1.0,634,2026-01-05T09:40,COMPLETA,1440.2372,551.0,551.0,102.0,273.0,1,0.4166666666666667,1,0,0,61,351,1069.0737704918033,5.5
20262,1.0,635,2026-01-05T09:50,COMPLETA,1412.7716,551.0,551.0,102.0,273.0,1,0.4166666666666667,1,0,0,61,351,1069.0737704918033,5.5
20262,1.0,636,2026-01-05T10:00,COMPLETA,1396.762,551.0,551.0,102.0,273.0,1,0.4166666666666667,1,0,0,61,351,1069.0737704918033,5.5
20262,1.0,637,2026-01-05T10:10,COMPLETA,1474.2529,551.0,551.0,102.0,273.0,1,0.4166666666666667,1,0,0,62,352,1057.766129032258,5.5
20262,1.0,638,2026-01-05T10:20,COMPLETA,1563.3032,551.0,551.0,102.0,273.0,1,0.4166666666666667,1,0,0,62,352,1057.766129032258,5.5
20262,1.0,639,2026-01-05T10:30,COMPLETA,1592.0529,551.0,551.0,102.0,273.0,1,0.4166666666666667,1,0,0,62,352,1057.766129032258,5.5
20262,1.0,640,2026-01-05T10:40,COMPLETA,1393.4038,551.0,551.0,102.0,273.0,1,0.4166666666666667,1,0,0,62,352,1057.766129032258,5.5
20262,1.0,641,2026-01-05T10:50,COMPLETA,1923.462,1561.1666666666667,551.0,180.0,510.0,3,0.20833333333333334,3,0,2,62,352,1057.766129032258,5.5
20262,1.0,642,2026-01-05T11:00,COMPLETA,1339.6854,551.0,551.0,102.0,273.0,1,0.4166666666666667,1,0,0,62,352,1057.766129032258,5.5
20262,1.0,643,2026-01-05T11:10,COMPLETA,1330.2771,551.0,551.0,102.0,273.0,1,0.4166666666666667,1,0,0,62,352,1057.766129032258,5.5
20262,1.0,644,2026-01-05T11:20,COMPLETA,1402.8862,551.0,551.0,102.0,273.0,1,0.4166666666666667,1,0,0,62,352,1057.766129032258,5.5
20262,1.0,645,2026-01-05T11:30,COMPLETA,1355.8044,551.0,551.0,102.0,273.0,1,0.4166666666666667,1,0,0,62,352,1057.766129032258,5.5
20262,1.0,646,2026-01-05T11:40,COMPLETA,1421.0823,551.0,551.0,102.0,273.0,1,0.4166666666666667,1,0,0,62,352,1057.766129032258,5.5
20262,1.0,647,2026-01-05T11:50,COMPLETA,1356.2919,551.0,551.0,102.0,273.0,1,0.4166666666666667,1,0,0,62,352,1057.766129032258,5.5
20262,1.0,648,2026-01-05T12:00,COMPLETA,1358.0223,551.0,551.0,102.0,273.0,1,0.4166666666666667,1,0,0,64,361,1061.6875,5.5
20262,1.0,649,2026-01-05T12:10,COMPLETA,1367.7834,551.0,551.0,102.0,273.0,1,0.4166666666666667,1,0,0,65,368,1070.2615384615385,5.5
20262,1.0,650,2026-01-05T12:20,COMPLETA,1342.0586,551.0,551.0,102.0,273.0,1,0.4166666666666667,1,0,0,65,368,1070.2615384615385,5.5
20262,1.0,651,2026-01-05T12:30,COMPLETA,1376.3986,551.0,551.0,102.0,273.0,1,0.4166666666666667,1,0,0,65,368,1070.2615384615385,5.5
20262,1.0,652,2026-01-05T12:40,COMPLETA,1404.2437,551.0,551.0,102.0,273.0,1,0.4166666666666667,1,0,0,65,368,1070.2615384615385,5.5
20262,1.0,653,2026-01-05T12:50,COMPLETA,1389.5532,551.0,551.0,102.0,273.0,1,0.4166666666666667,1,0,0,66,369,1085.0757575757575,5.5
20262,1.0,654,2026-01-05T13:00,COMPLETA,1346.8338,551.0,551.0,102.0,273.0,1,0.4166666666666667,1,0,0,66,369,1085.0757575757575,5.5
20262,1.0,655,2026-01-05T13:10,COMPLETA,1369.7471,551.0,551.0,102.0,273.0,1,0.4166666666666667,1,0,0,66,369,1085.0757575757575,5.5
20262,1.0,656,2026-01-05T13:20,COMPLETA,1368.1503,551.0,551.0,102.0,273.0,1,0.4166666666666667,1,0,0,66,369,1085.0757575757575,5.5
20262,1.0,657,2026-01-05T13:30,COMPLETA,1349.905,551.0,551.0,102.0,273.0,1,0.4166666666666667,1,0,0,66,369,1085.0757575757575,5.5
20262,1.0,658,2026-01-05T13:40,COMPLETA,1331.0935,551.0,551.0,102.0,273.0,1,0.4166666666666667,1,0,0,66,369,1085.0757575757575,5.5
20262,1.0,659,2026-01-05T13:50,COMPLETA,1344.2269,551.0,551.0,102.0,273.0,1,0.4166666666666667,1,0,0,66,369,1085.0757575757575,5.5
20262,1.0,660,2026-01-05T14:00,COMPLETA,1352.6418,551.0,551.0,102.0,273.0,1,0.4166666666666667,1,0,0,66,369,1085.0757575757575,5.5
20262,1.0,661,2026-01-05T14:10,COMPLETA,1347.2838,551.0,551.0,102.0,273.0,1,0.4166666666666667,1,0,0,66,369,1085.0757575757575,5.5
20262,1.0,662,2026-01-05T14:20,COMPLETA,1321.9205,551.0,551.0,102.0,273.0,1,0.4166666666666667,1,0,0,66,369,1085.0757575757575,5.5
20262,1.0,663,2026-01-05T14:30,COMPLETA,1461.9285,551.0,551.0,102.0,273.0,1,0.4166666666666667,1,0,0,66,369,1085.0757575757575,5.5
20262,1.0,664,2026-01-05T14:40,COMPLETA,1321.9635,551.0,551.0,102.0,273.0,1,0.4166666666666667,1,0,0,66,369,1085.0757575757575,5.5
20262,1.0,665,2026-01-05T14:50,COMPLETA,1321.2976,551.0,551.0,102.0,273.0,1,0.4166666666666667,1,0,0,66,369,1085.0757575757575,5.5
20262,1.0,666,2026-01-05T15:00,COMPLETA,1323.4675,551.0,551.0,102.0,273.0,1,0.4166666666666667,1,0,1,66,369,1085.0757575757575,5.5
20262,1.0,667,2026-01-05T15:10,SIN_DEMANDA,0,,,,,,,0,0,0,66,369,1085.0757575757575,5.5
20262,1.0,668,2026-01-05T15:20,SIN_DEMANDA,0,,,,,,,0,0,0,66,369,1085.0757575757575,5.5
20262,1.0,669,2026-01-05T15:30,COMPLETA,580.5403,2062.0,2062.0,39.0,178.5,1,0.08333333333333333,1,0,1,66,369,1085.0757575757575,5.5
20262,1.0,670,2026-01-05T15:40,SIN_DEMANDA,0,,,,,,,0,0,0,66,369,1085.0757575757575,5.5
20262,1.0,671,2026-01-05T15:50,COMPLETA,1325.8902,371.0,371.0,45.0,187.5,1,0.4166666666666667,1,0,0,66,369,1085.0757575757575,5.5
20262,1.0,672,2026-01-05T16:00,COMPLETA,1310.8607,371.0,371.0,45.0,187.5,1,0.4166666666666667,1,0,0,66,369,1085.0757575757575,5.5
20262,1.0,673,2026-01-05T16:10,COMPLETA,1333.145,371.0,371.0,45.0,187.5,1,0.4166666666666667,1,0,0,66,369,1085.0757575757575,5.5
20262,1.0,674,2026-01-05T16:20,COMPLETA,1362.4872,371.0,371.0,45.0,187.5,1,0.4166666666666667,1,0,0,66,369,1085.0757575757575,5.5
20262,1.0,675,2026-01-05T16:30,COMPLETA,1354.58,371.0,371.0,45.0,187.5,1,0.4166666666666667,1,0,0,66,369,1085.0757575757575,5.5
20262,1.0,676,2026-01-05T16:40,COMPLETA,1304.438,371.0,371.0,45.0,187.5,1,0.4166666666666667,1,0,0,66,369,1085.0757575757575,5.5
20262,1.0,677,2026-01-05T16:50,COMPLETA,1373.0142,371.0,371.0,45.0,187.5,1,0.4166666666666667,1,0,0,66,369,1085.0757575757575,5.5
20262,1.0,678,2026-01-05T17:00,COMPLETA,1984.0743,625.25,371.0,155.0,412.5,2,0.3125,2,0,1,67,371,1099.6567164179105,5.5
20262,1.0,679,2026-01-05T17:10,COMPLETA,1427.5932,371.0,371.0,45.0,187.5,1,0.4166666666666667,1,0,0,67,371,1099.6567164179105,5.5
20262,1.0,680,2026-01-05T17:20,COMPLETA,1375.4667,371.0,371.0,45.0,187.5,1,0.4166666666666667,1,0,0,67,371,1099.6567164179105,5.5
20262,1.0,681,2026-01-05T17:30,COMPLETA,1423.8915,371.0,371.0,45.0,187.5,1,0.4166666666666667,1,0,0,67,371,1099.6567164179105,5.5
20262,1.0,682,2026-01-05T17:40,COMPLETA,1536.6804,371.0,371.0,45.0,187.5,1,0.4166666666666667,1,0,0,67,371,1099.6567164179105,5.5
20262,1.0,683,2026-01-05T17:50,COMPLETA,1454.352,371.0,371.0,45.0,187.5,1,0.4166666666666667,1,0,0,67,371,1099.6567164179105,5.5
20262,1.0,684,2026-01-05T18:00,COMPLETA,1306.5163,371.0,371.0,45.0,187.5,1,0.4166666666666667,1,0,0,67,371,1099.6567164179105,5.5
20262,1.0,685,2026-01-05T18:10,COMPLETA,1324.7025,371.0,371.0,45.0,187.5,1,0.4166666666666667,1,0,0,67,371,1099.6567164179105,5.5
20262,1.0,686,2026-01-05T18:20,COMPLETA,1265.581,371.0,371.0,45.0,187.5,1,0.4166666666666667,1,0,0,67,371,1099.6567164179105,5.5
20262,1.0,687,2026-01-05T18:30,COMPLETA,1291.8239,371.0,371.0,45.0,187.5,1,0.4166666666666667,1,0,0,68,381,1091.5882352941176,5.5
20262,1.0,688,2026-01-05T18:40,COMPLETA,1323.7315,371.0,371.0,45.0,187.5,1,0.4166666666666667,1,0,0,68,381,1091.5882352941176,5.5
20262,1.0,689,2026-01-05T18:50,COMPLETA,1290.8996,371.0,371.0,45.0,187.5,1,0.4166666666666667,1,0,0,68,381,1091.5882352941176,5.5
20262,1.0,690,2026-01-05T19:00,COMPLETA,1281.9282,371.0,371.0,45.0,187.5,1,0.4166666666666667,1,0,0,68,381,1091.5882352941176,5.5
20262,1.0,691,2026-01-05T19:10,COMPLETA,1672.2471,259.0,147.0,91.0,316.5,2,0.2708333333333333,2,0,1,68,381,1091.5882352941176,5.5
20262,1.0,692,2026-01-05T19:20,COMPLETA,1780.1409,507.5,371.0,155.0,472.5,2,0.3541666666666667,2,0,0,68,381,1091.5882352941176,5.5
20262,1.0,693,2026-01-05T19:30,COMPLETA,1737.6319,507.5,371.0,155.0,412.5,2,0.3541666666666667,2,0,1,68,381,1091.5882352941176,5.5
20262,1.0,694,2026-01-05T19:40,COMPLETA,953.411,708.5,708.5,67.0,220.5,1,0.2916666666666667,1,0,0,68,381,1091.5882352941176,5.5
20262,1.0,695,2026-01-05T19:50,COMPLETA,970.3649,708.5,708.5,67.0,220.5,1,0.2916666666666667,1,0,0,68,381,1091.5882352941176,5.5
20262,1.0,696,2026-01-05T20:00,COMPLETA,957.2342,708.5,708.5,67.0,220.5,1,0.2916666666666667,1,0,0,68,381,1091.5882352941176,5.5
20262,1.0,697,2026-01-05T20:10,COMPLETA,926.5225,708.5,708.5,67.0,220.5,1,0.2916666666666667,1,0,0,68,381,1091.5882352941176,5.5
20262,1.0,698,2026-01-05T20:20,COMPLETA,1341.0257,551.0,393.5,97.0,327.0,2,0.20833333333333334,2,0,1,69,386,1088.5144927536232,5.5
20262,1.0,699,2026-01-05T20:30,COMPLETA,922.1423,708.5,708.5,67.0,220.5,1,0.2916666666666667,1,0,0,69,386,1088.5144927536232,5.5
20262,1.0,700,2026-01-05T20:40,COMPLETA,1090.0351,708.5,708.5,67.0,220.5,1,0.2916666666666667,1,0,0,70,389,1075.0642857142857,5.5
20262,1.0,701,2026-01-05T20:50,COMPLETA,1929.0777,500.5,357.0,120.0,360.0,2,0.2708333333333333,2,0,0,70,389,1075.0642857142857,5.5
20262,1.0,702,2026-01-05T21:00,COMPLETA,1898.1029,386.0,157.0,148.0,462.0,3,0.2361111111111111,3,0,1,70,389,1075.0642857142857,5.5
20262,1.0,703,2026-01-05T21:10,COMPLETA,1917.2454,500.5,357.0,120.0,360.0,2,0.2708333333333333,2,0,0,70,389,1075.0642857142857,5.5
20262,1.0,704,2026-01-05T21:20,COMPLETA,1838.0444,500.5,357.0,120.0,360.0,2,0.2708333333333333,2,0,0,70,389,1075.0642857142857,5.5
20262,1.0,705,2026-01-05T21:30,COMPLETA,1730.0296,500.5,357.0,120.0,360.0,2,0.2708333333333333,2,0,0,70,389,1075.0642857142857,5.5
20262,1.0,706,2026-01-05T21:40,COMPLETA,1754.0792,500.5,357.0,120.0,360.0,2,0.2708333333333333,2,0,1,71,399,1065.1478873239437,5.5
20262,1.0,707,2026-01-05T21:50,COMPLETA,932.417,708.5,708.5,67.0,220.5,1,0.2916666666666667,1,0,0,72,402,1055.8194444444443,5.5
20262,1.0,708,2026-01-05T22:00,COMPLETA,1027.8923,708.5,708.5,67.0,220.5,1,0.2916666666666667,1,0,0,72,402,1055.8194444444443,5.5
20262,1.0,709,2026-01-05T22:10,COMPLETA,955.0148,708.5,708.5,67.0,220.5,1,0.2916666666666667,1,0,0,72,402,1055.8194444444443,5.5
20262,1.0,710,2026-01-05T22:20,COMPLETA,923.4815,708.5,708.5,67.0,220.5,1,0.2916666666666667,1,0,0,72,402,1055.8194444444443,5.5
20262,1.0,711,2026-01-05T22:30,COMPLETA,937.035,708.5,708.5,67.0,220.5,1,0.2916666666666667,1,0,0,73,406,1043.5068493150684,5.5
20262,1.0,712,2026-01-05T22:40,COMPLETA,1322.9797,1381.5,708.5,89.0,373.5,2,0.16666666666666666,2,0,0,73,406,1043.5068493150684,5.5
20262,1.0,713,2026-01-05T22:50,COMPLETA,1298.9366,1381.5,708.5,89.0,373.5,2,0.16666666666666666,2,0,0,74,412,1034.2297297297298,5.5
20262,1.0,714,2026-01-05T23:00,COMPLETA,1313.1164,1381.5,708.5,89.0,373.5,2,0.16666666666666666,2,0,2,74,412,1034.2297297297298,5.5
20262,1.0,715,2026-01-05T23:10,SIN_DEMANDA,0,,,,,,,0,0,0,74,412,1034.2297297297298,5.5
20262,1.0,716,2026-01-05T23:20,SIN_DEMANDA,0,,,,,,,0,0,0,74,412,1034.2297297297298,5.5
20262,1.0,717,2026-01-05T23:30,SIN_DEMANDA,0,,,,,,,0,0,0,74,412,1034.2297297297298,5.5
20262,1.0,718,2026-01-05T23:40,SIN_DEMANDA,0,,,,,,,0,0,0,74,412,1034.2297297297298,5.5
20262,1.0,719,2026-01-05T23:50,SIN_DEMANDA,0,,,,,,,0,0,0,74,412,1034.2297297297298,5.5
20262,1.0,720,2026-01-06T00:00,SIN_DEMANDA,0,,,,,,,0,0,0,74,412,1034.2297297297298,5.5
20262,1.0,721,2026-01-06T00:10,SIN_DEMANDA,0,,,,,,,0,0,0,74,412,1034.2297297297298,5.5
20262,1.0,722,2026-01-06T00:20,SIN_DEMANDA,0,,,,,,,0,0,0,75,413,1047.8333333333333,5.5
20262,1.0,723,2026-01-06T00:30,SIN_DEMANDA,0,,,,,,,0,0,0,75,413,1047.8333333333333,5.5
20262,1.0,724,2026-01-06T00:40,SIN_DEMANDA,0,,,,,,,0,0,0,75,413,1047.8333333333333,5.5
20262,1.0,725,2026-01-06T00:50,COMPLETA,576.8392,146.0,146.0,36.0,174.0,1,0.041666666666666664,1,0,1,75,413,1047.8333333333333,5.5
20262,1.0,726,2026-01-06T01:00,SIN_DEMANDA,0,,,,,,,0,0,0,75,413,1047.8333333333333,5.5
20262,1.0,727,2026-01-06T01:10,COMPLETA,970.618,293.0,293.0,42.0,183.0,1,0.20833333333333334,1,0,0,75,413,1047.8333333333333,5.5
20262,1.0,728,2026-01-06T01:20,COMPLETA,944.2701,293.0,293.0,42.0,183.0,1,0.20833333333333334,1,0,0,75,413,1047.8333333333333,5.5
20262,1.0,729,2026-01-06T01:30,COMPLETA,936.074,293.0,293.0,42.0,183.0,1,0.20833333333333334,1,0,0,76,420,1043.3684210526317,5.5
20262,1.0,730,2026-01-06T01:40,COMPLETA,923.071,293.0,293.0,42.0,183.0,1,0.20833333333333334,1,0,0,76,420,1043.3684210526317,5.5
20262,1.0,731,2026-01-06T01:50,COMPLETA,943.1457,293.0,293.0,42.0,183.0,1,0.20833333333333334,1,0,0,76,420,1043.3684210526317,5.5
20262,1.0,732,2026-01-06T02:00,COMPLETA,994.8027,293.0,293.0,42.0,183.0,1,0.20833333333333334,1,0,0,76,420,1043.3684210526317,5.5
20262,1.0,733,2026-01-06T02:10,COMPLETA,977.3284,293.0,293.0,42.0,183.0,1,0.20833333333333334,1,0,0,76,420,1043.3684210526317,5.5
20262,1.0,734,2026-01-06T02:20,COMPLETA,963.6309,293.0,293.0,42.0,183.0,1,0.20833333333333334,1,0,0,77,421,1031.7142857142858,5.5
20262,1.0,735,2026-01-06T02:30,COMPLETA,1101.0942,167.0,167.0,126.0,249.0,1,0.20833333333333334,1,0,0,77,421,1031.7142857142858,5.5
20262,1.0,736,2026-01-06T02:40,COMPLETA,1443.9569,1111.25,167.0,176.0,384.0,2,0.1875,2,0,2,77,421,1031.7142857142858,5.5
20262,1.0,737,2026-01-06T02:50,SIN_DEMANDA,0,,,,,,,0,0,0,77,421,1031.7142857142858,5.5
20262,1.0,738,2026-01-06T03:00,SIN_DEMANDA,0,,,,,,,0,0,0,77,421,1031.7142857142858,5.5
20262,1.0,739,2026-01-06T03:10,SIN_DEMANDA,0,,,,,,,0,0,0,77,421,1031.7142857142858,5.5
20262,1.0,740,2026-01-06T03:20,SIN_DEMANDA,0,,,,,,,0,0,0,77,421,1031.7142857142858,5.5
20262,1.0,741,2026-01-06T03:30,COMPLETA,1314.7442,1756.0,1756.0,98.0,267.0,1,0.375,1,0,0,77,421,1031.7142857142858,5.5
20262,1.0,742,2026-01-06T03:40,COMPLETA,1288.7222,1756.0,1756.0,98.0,267.0,1,0.375,1,0,0,77,421,1031.7142857142858,5.5
20262,1.0,743,2026-01-06T03:50,COMPLETA,1305.8287,1756.0,1756.0,98.0,267.0,1,0.375,1,0,0,77,421,1031.7142857142858,5.5
20262,1.0,744,2026-01-06T04:00,COMPLETA,1265.1704,1756.0,1756.0,98.0,267.0,1,0.375,1,0,0,77,421,1031.7142857142858,5.5
20262,1.0,745,2026-01-06T04:10,COMPLETA,1365.5215,1756.0,1756.0,98.0,267.0,1,0.375,1,0,0,77,421,1031.7142857142858,5.5
20262,1.0,746,2026-01-06T04:20,COMPLETA,1262.6703,1756.0,1756.0,98.0,267.0,1,0.375,1,0,0,78,425,1044.8397435897436,5.5
20262,1.0,747,2026-01-06T04:30,COMPLETA,1776.2769,1821.5,1756.0,178.0,507.0,2,0.20833333333333334,2,0,0,78,425,1044.8397435897436,5.5
20262,1.0,748,2026-01-06T04:40,COMPLETA,1803.8249,1821.5,1756.0,178.0,507.0,2,0.20833333333333334,2,0,0,78,425,1044.8397435897436,5.5
20262,1.0,749,2026-01-06T04:50,COMPLETA,1815.2523,1788.5,1722.5,228.0,642.0,2,0.3333333333333333,3,0,0,78,425,1044.8397435897436,5.5
20262,1.0,750,2026-01-06T05:00,COMPLETA,1850.6468,1788.5,1722.5,228.0,642.0,2,0.3333333333333333,3,0,0,78,425,1044.8397435897436,5.5
20262,1.0,751,2026-01-06T05:10,COMPLETA,1813.1472,1788.5,1722.5,228.0,642.0,2,0.3333333333333333,3,0,0,78,425,1044.8397435897436,5.5
20262,1.0,752,2026-01-06T05:20,COMPLETA,1807.2914,1788.5,1722.5,228.0,642.0,2,0.3333333333333333,3,0,0,78,425,1044.8397435897436,5.5
20262,1.0,753,2026-01-06T05:30,COMPLETA,1821.076,1788.5,1722.5,228.0,642.0,2,0.3333333333333333,3,0,0,78,425,1044.8397435897436,5.5
20262,1.0,754,2026-01-06T05:40,COMPLETA,1739.6156,1788.5,1722.5,228.0,642.0,2,0.3333333333333333,3,0,0,78,425,1044.8397435897436,5.5
20262,1.0,755,2026-01-06T05:50,COMPLETA,1814.784,1788.5,1722.5,228.0,642.0,2,0.3333333333333333,3,0,0,78,425,1044.8397435897436,5.5
20262,1.0,756,2026-01-06T06:00,COMPLETA,1948.3094,1788.5,1722.5,228.0,642.0,2,0.3333333333333333,3,0,0,78,425,1044.8397435897436,5.5
20262,1.0,757,2026-01-06T06:10,COMPLETA,1860.6474,1788.5,1722.5,228.0,642.0,2,0.3333333333333333,3,0,0,78,425,1044.8397435897436,5.5
20262,1.0,758,2026-01-06T06:20,COMPLETA,1832.2618,1788.5,1722.5,228.0,642.0,2,0.3333333333333333,3,0,0,79,430,1033.7278481012659,5.5
20262,1.0,759,2026-01-06T06:30,COMPLETA,1801.5182,1788.5,1722.5,228.0,642.0,2,0.3333333333333333,3,0,0,79,430,1033.7278481012659,5.5
20262,1.0,760,2026-01-06T06:40,COMPLETA,1818.5062,1788.5,1722.5,228.0,642.0,2,0.3333333333333333,3,0,0,79,430,1033.7278481012659,5.5
20262,1.0,761,2026-01-06T06:50,COMPLETA,1792.8733,1788.5,1722.5,228.0,642.0,2,0.3333333333333333,3,0,0,79,430,1033.7278481012659,5.5
20262,1.0,762,2026-01-06T07:00,COMPLETA,1790.0845,1788.5,1722.5,228.0,642.0,2,0.3333333333333333,3,0,2,79,430,1033.7278481012659,5.5
20262,1.0,763,2026-01-06T07:10,SIN_DEMANDA,0,,,,,,,0,0,0,79,430,1033.7278481012659,5.5
20262,1.0,764,2026-01-06T07:20,SIN_DEMANDA,0,,,,,,,0,0,0,79,430,1033.7278481012659,5.5
20262,1.0,765,2026-01-06T07:30,COMPLETA,553.447,2064.5,2064.5,46.0,189.0,1,0.125,1,0,1,79,430,1033.7278481012659,5.5
20262,1.0,766,2026-01-06T07:40,SIN_DEMANDA,0,,,,,,,0,0,0,79,430,1033.7278481012659,5.5
20262,1.0,767,2026-01-06T07:50,SIN_DEMANDA,0,,,,,,,0,0,0,79,430,1033.7278481012659,5.5
20262,1.0,768,2026-01-06T08:00,SIN_DEMANDA,0,,,,,,,0,0,0,79,430,1033.7278481012659,5.5
20262,1.0,769,2026-01-06T08:10,SIN_DEMANDA,0,,,,,,,0,0,0,79,430,1033.7278481012659,5.5
20262,1.0,770,2026-01-06T08:20,COMPLETA,599.3365,2032.5,2032.5,61.0,211.5,1,0.041666666666666664,1,0,1,79,430,1033.7278481012659,5.5
20262,1.0,771,2026-01-06T08:30,SIN_DEMANDA,0,,,,,,,0,0,0,79,430,1033.7278481012659,5.5
20262,1.0,772,2026-01-06T08:40,SIN_DEMANDA,0,,,,,,,0,0,0,79,430,1033.7278481012659,5.5
20262,1.0,773,2026-01-06T08:50,SIN_DEMANDA,0,,,,,,,0,0,0,79,430,1033.7278481012659,5.5
20262,1.0,774,2026-01-06T09:00,COMPLETA,957.922,126.0,126.0,60.0,150.0,1,0.25,1,0,1,79,430,1033.7278481012659,5.5
20262,1.0,775,2026-01-06T09:10,SIN_DEMANDA,0,,,,,,,0,0,0,81,434,1056.9876543209878,5.5
20262,1.0,776,2026-01-06T09:20,COMPLETA,1291.7006,50.0,50.0,28.0,162.0,1,0.375,1,0,0,81,434,1056.9876543209878,5.5
20262,1.0,777,2026-01-06T09:30,COMPLETA,1296.7767,50.0,50.0,28.0,162.0,1,0.375,1,0,0,81,434,1056.9876543209878,5.5
20262,1.0,778,2026-01-06T09:40,COMPLETA,1253.3526,50.0,50.0,28.0,162.0,1,0.375,1,0,0,81,434,1056.9876543209878,5.5
20262,1.0,779,2026-01-06T09:50,COMPLETA,1288.6919,50.0,50.0,28.0,162.0,1,0.375,1,0,0,81,434,1056.9876543209878,5.5
20262,1.0,780,2026-01-06T10:00,COMPLETA,1285.8698,50.0,50.0,28.0,162.0,1,0.375,1,0,0,81,434,1056.9876543209878,5.5
20262,1.0,781,2026-01-06T10:10,COMPLETA,1247.3095,50.0,50.0,28.0,162.0,1,0.375,1,0,0,82,443,1065.5121951219512,5.5
20262,1.0,782,2026-01-06T10:20,COMPLETA,1293.3862,50.0,50.0,28.0,162.0,1,0.375,1,0,0,82,443,1065.5121951219512,5.5
20262,1.0,783,2026-01-06T10:30,COMPLETA,1331.5842,50.0,50.0,28.0,162.0,1,0.375,1,0,0,83,444,1077.1626506024097,5.5
20262,1.0,784,2026-01-06T10:40,COMPLETA,1306.8306,50.0,50.0,28.0,162.0,1,0.375,1,0,0,83,444,1077.1626506024097,5.5
20262,1.0,785,2026-01-06T10:50,COMPLETA,1341.9664,50.0,50.0,28.0,162.0,1,0.375,1,0,0,84,450,1065.8392857142858,5.5
20262,1.0,786,2026-01-06T11:00,COMPLETA,1723.489,218.75,50.0,70.0,285.0,2,0.25,2,0,1,84,450,1065.8392857142858,5.5
20262,1.0,787,2026-01-06T11:10,COMPLETA,1316.2459,50.0,50.0,28.0,162.0,1,0.375,1,0,0,84,450,1065.8392857142858,5.5
20262,1.0,788,2026-01-06T11:20,COMPLETA,1361.3392,50.0,50.0,28.0,162.0,1,0.375,1,0,0,84,450,1065.8392857142858,5.5
20262,1.0,789,2026-01-06T11:30,COMPLETA,1302.8395,50.0,50.0,28.0,162.0,1,0.375,1,0,0,84,450,1065.8392857142858,5.5
20262,1.0,790,2026-01-06T11:40,COMPLETA,1314.6203,50.0,50.0,28.0,162.0,1,0.375,1,0,0,84,450,1065.8392857142858,5.5
20262,1.0,791,2026-01-06T11:50,COMPLETA,1292.4451,50.0,50.0,28.0,162.0,1,0.375,1,0,0,84,450,1065.8392857142858,5.5
20262,1.0,792,2026-01-06T12:00,COMPLETA,1290.5231,50.0,50.0,28.0,162.0,1,0.375,1,0,0,84,450,1065.8392857142858,5.5
20262,1.0,793,2026-01-06T12:10,COMPLETA,1258.0272,50.0,50.0,28.0,162.0,1,0.375,1,0,0,85,456,1073.5647058823529,5.5
20262,1.0,794,2026-01-06T12:20,COMPLETA,1241.0376,50.0,50.0,28.0,162.0,1,0.375,1,0,0,85,456,1073.5647058823529,5.5
20262,1.0,795,2026-01-06T12:30,COMPLETA,1243.974,50.0,50.0,28.0,162.0,1,0.375,1,0,0,85,456,1073.5647058823529,5.5
20262,1.0,796,2026-01-06T12:40,COMPLETA,1687.2248,981.25,50.0,86.0,369.0,2,0.22916666666666666,2,0,0,86,459,1065.5872093023256,5.5
20262,1.0,797,2026-01-06T12:50,COMPLETA,1690.8433,707.0,50.0,108.0,462.0,3,0.16666666666666666,3,0,1,86,459,1065.5872093023256,5.5
20262,1.0,798,2026-01-06T13:00,COMPLETA,1683.4249,981.25,50.0,86.0,369.0,2,0.22916666666666666,2,0,0,86,459,1065.5872093023256,5.5
20262,1.0,799,2026-01-06T13:10,COMPLETA,1685.2206,981.25,50.0,86.0,369.0,2,0.22916666666666666,2,0,0,86,459,1065.5872093023256,5.5
20262,1.0,800,2026-01-06T13:20,COMPLETA,1630.1144,981.25,50.0,86.0,369.0,2,0.22916666666666666,2,0,0,86,459,1065.5872093023256,5.5
20262,1.0,801,2026-01-06T13:30,COMPLETA,1680.5177,981.25,50.0,86.0,369.0,2,0.22916666666666666,2,0,0,86,459,1065.5872093023256,5.5
20262,1.0,802,2026-01-06T13:40,COMPLETA,1684.3553,981.25,50.0,86.0,369.0,2,0.22916666666666666,2,0,0,86,459,1065.5872093023256,5.5
20262,1.0,803,2026-01-06T13:50,COMPLETA,1676.7675,981.25,50.0,86.0,369.0,2,0.22916666666666666,2,0,0,86,459,1065.5872093023256,5.5
20262,1.0,804,2026-01-06T14:00,COMPLETA,1707.898,981.25,50.0,86.0,369.0,2,0.22916666666666666,2,0,0,86,459,1065.5872093023256,5.5
20262,1.0,805,2026-01-06T14:10,COMPLETA,1643.4575,981.25,50.0,86.0,369.0,2,0.22916666666666666,2,0,0,87,460,1055.16091954023,5.5
20262,1.0,806,2026-01-06T14:20,COMPLETA,1680.5196,981.25,50.0,86.0,369.0,2,0.22916666666666666,2,0,0,87,460,1055.16091954023,5.5
20262,1.0,807,2026-01-06T14:30,COMPLETA,1787.019,779.6666666666666,50.0,96.0,592.5,3,0.16666666666666666,3,0,0,87,460,1055.16091954023,5.5
20262,1.0,808,2026-01-06T14:40,COMPLETA,1843.4512,615.0,50.0,144.0,784.5,4,0.20833333333333334,4,0,0,87,460,1055.16091954023,5.5
20262,1.0,809,2026-01-06T14:50,COMPLETA,2044.2022,615.0,50.0,144.0,784.5,4,0.20833333333333334,4,0,0,87,460,1055.16091954023,5.5
20262,1.0,810,2026-01-06T15:00,COMPLETA,1851.2313,615.0,50.0,144.0,784.5,4,0.20833333333333334,4,0,4,87,460,1055.16091954023,5.5
20262,1.0,811,2026-01-06T15:10,SIN_DEMANDA,0,,,,,,,0,0,0,87,460,1055.16091954023,5.5
20262,1.0,812,2026-01-06T15:20,SIN_DEMANDA,0,,,,,,,0,0,0,87,460,1055.16091954023,5.5
20262,1.0,813,2026-01-06T15:30,SIN_DEMANDA,0,,,,,,,0,0,0,87,460,1055.16091954023,5.5
20262,1.0,814,2026-01-06T15:40,SIN_DEMANDA,0,,,,,,,0,0,0,87,460,1055.16091954023,5.5
20262,1.0,815,2026-01-06T15:50,COMPLETA,570.7911,370.5,370.5,45.0,187.5,1,0.125,1,0,1,87,460,1055.16091954023,5.5
20262,1.0,816,2026-01-06T16:00,SIN_DEMANDA,0,,,,,,,0,0,0,87,460,1055.16091954023,5.5
20262,1.0,817,2026-01-06T16:10,SIN_DEMANDA,0,,,,,,,0,0,0,88,461,1047.4488636363637,5.5
20262,1.0,818,2026-01-06T16:20,SIN_DEMANDA,0,,,,,,,0,0,0,88,461,1047.4488636363637,5.5
20262,1.0,819,2026-01-06T16:30,SIN_DEMANDA,0,,,,,,,0,0,0,89,470,1036.241573033708,5.5
20262,1.0,820,2026-01-06T16:40,COMPLETA,1242.7794,221.0,221.0,89.0,253.5,1,0.4166666666666667,1,0,0,90,478,1026.0722222222223,5.5
20262,1.0,821,2026-01-06T16:50,COMPLETA,1284.9491,221.0,221.0,89.0,253.5,1,0.4166666666666667,1,0,0,91,480,1035.8131868131868,5.5
20262,1.0,822,2026-01-06T17:00,COMPLETA,1280.6574,221.0,221.0,89.0,253.5,1,0.4166666666666667,1,0,0,91,480,1035.8131868131868,5.5
20262,1.0,823,2026-01-06T17:10,COMPLETA,1303.3367,221.0,221.0,89.0,253.5,1,0.4166666666666667,1,0,0,91,480,1035.8131868131868,5.5
20262,1.0,824,2026-01-06T17:20,COMPLETA,1301.6789,221.0,221.0,89.0,253.5,1,0.4166666666666667,1,0,0,91,480,1035.8131868131868,5.5
20262,1.0,825,2026-01-06T17:30,COMPLETA,1286.4033,221.0,221.0,89.0,253.5,1,0.4166666666666667,1,0,0,91,480,1035.8131868131868,5.5
20262,1.0,826,2026-01-06T17:40,COMPLETA,1285.5383,221.0,221.0,89.0,193.5,1,0.4166666666666667,1,0,0,92,483,1028.5815217391305,5.5
20262,1.0,827,2026-01-06T17:50,COMPLETA,1275.9738,221.0,221.0,89.0,193.5,1,0.4166666666666667,1,0,0,92,483,1028.5815217391305,5.5
20262,1.0,828,2026-01-06T18:00,COMPLETA,1657.3808,176.75,132.5,151.0,346.5,2,0.25,2,0,1,92,483,1028.5815217391305,5.5
20262,1.0,829,2026-01-06T18:10,COMPLETA,1272.8653,221.0,221.0,89.0,193.5,1,0.4166666666666667,1,0,1,92,483,1028.5815217391305,5.5
20262,1.0,830,2026-01-06T18:20,SIN_DEMANDA,0,,,,,,,0,0,0,92,483,1028.5815217391305,5.5
20262,1.0,831,2026-01-06T18:30,SIN_DEMANDA,0,,,,,,,0,0,0,92,483,1028.5815217391305,5.5
20262,1.0,832,2026-01-06T18:40,SIN_DEMANDA,0,,,,,,,0,0,0,92,483,1028.5815217391305,5.5
20262,1.0,833,2026-01-06T18:50,SIN_DEMANDA,0,,,,,,,0,0,0,92,483,1028.5815217391305,5.5
20262,1.0,834,2026-01-06T19:00,SIN_DEMANDA,0,,,,,,,0,0,0,92,483,1028.5815217391305,5.5
20262,1.0,835,2026-01-06T19:10,SIN_DEMANDA,0,,,,,,,0,0,0,92,483,1028.5815217391305,5.5
20262,1.0,836,2026-01-06T19:20,SIN_DEMANDA,0,,,,,,,0,0,0,92,483,1028.5815217391305,5.5
20262,1.0,837,2026-01-06T19:30,SIN_DEMANDA,0,,,,,,,0,0,0,92,483,1028.5815217391305,5.5
20262,1.0,838,2026-01-06T19:40,SIN_DEMANDA,0,,,,,,,0,0,0,92,483,1028.5815217391305,5.5
20262,1.0,839,2026-01-06T19:50,COMPLETA,1246.8309,180.5,180.5,43.0,184.5,1,0.375,1,0,0,93,485,1018.9462365591398,5.5
20262,1.0,840,2026-01-06T20:00,COMPLETA,1260.291,180.5,180.5,43.0,184.5,1,0.375,1,0,0,93,485,1018.9462365591398,5.5
20262,1.0,841,2026-01-06T20:10,COMPLETA,1249.8708,180.5,180.5,43.0,184.5,1,0.375,1,0,0,93,485,1018.9462365591398,5.5
20262,1.0,842,2026-01-06T20:20,COMPLETA,1261.6597,180.5,180.5,43.0,184.5,1,0.375,1,0,0,93,485,1018.9462365591398,5.5
20262,1.0,843,2026-01-06T20:30,COMPLETA,1237.8746,180.5,180.5,43.0,184.5,1,0.375,1,0,0,93,485,1018.9462365591398,5.5
20262,1.0,844,2026-01-06T20:40,COMPLETA,1233.0283,180.5,180.5,43.0,184.5,1,0.375,1,0,0,93,485,1018.9462365591398,5.5
20262,1.0,845,2026-01-06T20:50,COMPLETA,1261.2692,180.5,180.5,43.0,184.5,1,0.375,1,0,0,93,485,1018.9462365591398,5.5
20262,1.0,846,2026-01-06T21:00,COMPLETA,1286.0,180.5,180.5,43.0,184.5,1,0.375,1,0,0,94,495,1010.4574468085107,5.5
20262,1.0,847,2026-01-06T21:10,COMPLETA,1274.7398,180.5,180.5,43.0,184.5,1,0.375,1,0,0,94,495,1010.4574468085107,5.5
20262,1.0,848,2026-01-06T21:20,COMPLETA,1619.1545,342.5,180.5,105.0,397.5,2,0.20833333333333334,2,0,0,94,495,1010.4574468085107,5.5
20262,1.0,849,2026-01-06T21:30,COMPLETA,1678.413,342.5,180.5,105.0,397.5,2,0.20833333333333334,2,0,0,94,495,1010.4574468085107,5.5
20262,1.0,850,2026-01-06T21:40,COMPLETA,1634.1615,342.5,180.5,105.0,397.5,2,0.20833333333333334,2,0,0,94,495,1010.4574468085107,5.5
20262,1.0,851,2026-01-06T21:50,COMPLETA,1674.4915,342.5,180.5,105.0,397.5,2,0.20833333333333334,2,0,0,94,495,1010.4574468085107,5.5
20262,1.0,852,2026-01-06T22:00,COMPLETA,1638.9817,342.5,180.5,105.0,397.5,2,0.20833333333333334,2,0,0,94,495,1010.4574468085107,5.5
20262,1.0,853,2026-01-06T22:10,COMPLETA,1663.6928,342.5,180.5,105.0,397.5,2,0.20833333333333334,2,0,0,94,495,1010.4574468085107,5.5
20262,1.0,854,2026-01-06T22:20,COMPLETA,1644.5695,342.5,180.5,105.0,397.5,2,0.20833333333333334,2,0,0,94,495,1010.4574468085107,5.5
20262,1.0,855,2026-01-06T22:30,COMPLETA,1617.617,342.5,180.5,105.0,397.5,2,0.20833333333333334,2,0,0,94,495,1010.4574468085107,5.5
20262,1.0,856,2026-01-06T22:40,COMPLETA,1715.1747,356.6666666666667,180.5,121.0,541.5,3,0.18055555555555555,3,0,0,94,495,1010.4574468085107,5.5
20262,1.0,857,2026-01-06T22:50,COMPLETA,1694.3522,356.6666666666667,180.5,121.0,541.5,3,0.18055555555555555,3,0,0,94,495,1010.4574468085107,5.5
20262,1.0,858,2026-01-06T23:00,COMPLETA,1712.2727,356.6666666666667,180.5,121.0,541.5,3,0.18055555555555555,3,0,3,94,495,1010.4574468085107,5.5
20262,1.0,859,2026-01-06T23:10,SIN_DEMANDA,0,,,,,,,0,0,0,94,495,1010.4574468085107,5.5
20262,1.0,860,2026-01-06T23:20,SIN_DEMANDA,0,,,,,,,0,0,0,94,495,1010.4574468085107,5.5
20262,1.0,861,2026-01-06T23:30,SIN_DEMANDA,0,,,,,,,0,0,0,94,495,1010.4574468085107,5.5
20262,1.0,862,2026-01-06T23:40,SIN_DEMANDA,0,,,,,,,0,0,0,94,495,1010.4574468085107,5.5
20262,1.0,863,2026-01-06T23:50,SIN_DEMANDA,0,,,,,,,0,0,0,94,495,1010.4574468085107,5.5
20262,1.0,864,2026-01-07T00:00,SIN_DEMANDA,0,,,,,,,0,0,0,94,495,1010.4574468085107,5.5
20262,1.0,865,2026-01-07T00:10,SIN_DEMANDA,0,,,,,,,0,0,0,94,495,1010.4574468085107,5.5
20262,1.0,866,2026-01-07T00:20,SIN_DEMANDA,0,,,,,,,0,0,0,95,498,1003.8736842105263,5.5
20262,1.0,867,2026-01-07T00:30,SIN_DEMANDA,0,,,,,,,0,0,0,95,498,1003.8736842105263,5.5
20262,1.0,868,2026-01-07T00:40,SIN_DEMANDA,0,,,,,,,0,0,0,95,498,1003.8736842105263,5.5
20262,1.0,869,2026-01-07T00:50,COMPLETA,572.7405,598.5,598.5,80.0,240.0,1,0.16666666666666666,1,0,1,97,508,990.2371134020618,5.5
20262,1.0,870,2026-01-07T01:00,COMPLETA,895.7669,249.0,249.0,94.0,261.0,1,0.25,1,0,0,97,508,990.2371134020618,5.5
20262,1.0,871,2026-01-07T01:10,COMPLETA,930.9736,249.0,249.0,94.0,261.0,1,0.25,1,0,0,97,508,990.2371134020618,5.5
20262,1.0,872,2026-01-07T01:20,COMPLETA,914.635,249.0,249.0,94.0,261.0,1,0.25,1,0,0,97,508,990.2371134020618,5.5
20262,1.0,873,2026-01-07T01:30,COMPLETA,920.0342,249.0,249.0,94.0,261.0,1,0.25,1,0,0,97,508,990.2371134020618,5.5
20262,1.0,874,2026-01-07T01:40,COMPLETA,939.6406,249.0,249.0,94.0,261.0,1,0.25,1,0,0,97,508,990.2371134020618,5.5
20262,1.0,875,2026-01-07T01:50,COMPLETA,940.918,249.0,249.0,94.0,201.0,1,0.25,1,0,0,97,508,990.2371134020618,5.5
20262,1.0,876,2026-01-07T02:00,COMPLETA,972.3029,249.0,249.0,94.0,201.0,1,0.25,1,0,1,97,508,990.2371134020618,5.5
20262,1.0,877,2026-01-07T02:10,SIN_DEMANDA,0,,,,,,,0,0,0,97,508,990.2371134020618,5.5
20262,1.0,878,2026-01-07T02:20,SIN_DEMANDA,0,,,,,,,0,0,0,97,508,990.2371134020618,5.5
20262,1.0,879,2026-01-07T02:30,SIN_DEMANDA,0,,,,,,,0,0,0,97,508,990.2371134020618,5.5
20262,1.0,880,2026-01-07T02:40,COMPLETA,952.0683,23.5,23.5,118.0,297.0,1,0.20833333333333334,1,0,0,97,508,990.2371134020618,5.5
20262,1.0,881,2026-01-07T02:50,COMPLETA,902.3689,23.5,23.5,118.0,297.0,1,0.20833333333333334,1,0,0,97,508,990.2371134020618,5.5
20262,1.0,882,2026-01-07T03:00,COMPLETA,995.8789,23.5,23.5,118.0,297.0,1,0.20833333333333334,1,0,0,98,512,986.2397959183673,5.5
20262,1.0,883,2026-01-07T03:10,COMPLETA,948.0107,23.5,23.5,118.0,297.0,1,0.20833333333333334,1,0,0,98,512,986.2397959183673,5.5
20262,1.0,884,2026-01-07T03:20,COMPLETA,912.8433,23.5,23.5,118.0,297.0,1,0.20833333333333334,1,0,0,98,512,986.2397959183673,5.5
20262,1.0,885,2026-01-07T03:30,COMPLETA,897.8748,23.5,23.5,118.0,297.0,1,0.20833333333333334,1,0,0,98,512,986.2397959183673,5.5
20262,1.0,886,2026-01-07T03:40,COMPLETA,953.6268,23.5,23.5,118.0,297.0,1,0.20833333333333334,1,0,0,98,512,986.2397959183673,5.5
20262,1.0,887,2026-01-07T03:50,COMPLETA,945.3667,23.5,23.5,118.0,297.0,1,0.20833333333333334,1,0,0,98,512,986.2397959183673,5.5
20262,1.0,888,2026-01-07T04:00,COMPLETA,1004.4254,23.5,23.5,118.0,297.0,1,0.20833333333333334,1,0,0,98,512,986.2397959183673,5.5
20262,1.0,889,2026-01-07T04:10,COMPLETA,1329.5121,1056.5,23.5,132.0,378.0,2,0.1875,2,0,1,98,512,986.2397959183673,5.5
20262,1.0,890,2026-01-07T04:20,COMPLETA,944.6867,23.5,23.5,118.0,297.0,1,0.20833333333333334,1,0,0,98,512,986.2397959183673,5.5
20262,1.0,891,2026-01-07T04:30,COMPLETA,905.284,23.5,23.5,118.0,297.0,1,0.20833333333333334,1,0,0,98,512,986.2397959183673,5.5
20262,1.0,892,2026-01-07T04:40,COMPLETA,1326.1724,327.5,23.5,144.0,396.0,2,0.16666666666666666,2,0,1,98,512,986.2397959183673,5.5
20262,1.0,893,2026-01-07T04:50,COMPLETA,967.8866,23.5,23.5,118.0,297.0,1,0.20833333333333334,1,0,0,98,512,986.2397959183673,5.5
20262,1.0,894,2026-01-07T05:00,COMPLETA,912.1955,23.5,23.5,118.0,297.0,1,0.20833333333333334,1,0,0,99,518,978.7929292929293,5.5
20262,1.0,895,2026-01-07T05:10,COMPLETA,910.5532,23.5,23.5,118.0,297.0,1,0.20833333333333334,1,0,0,99,518,978.7929292929293,5.5
20262,1.0,896,2026-01-07T05:20,COMPLETA,914.4654,23.5,23.5,118.0,297.0,1,0.20833333333333334,1,0,0,99,518,978.7929292929293,5.5
20262,1.0,897,2026-01-07T05:30,COMPLETA,926.2815,23.5,23.5,118.0,297.0,1,0.20833333333333334,1,0,0,100,522,989.9,5.5
20262,1.0,898,2026-01-07T05:40,COMPLETA,943.4566,23.5,23.5,118.0,297.0,1,0.20833333333333334,1,0,0,100,522,989.9,5.5
20262,1.0,899,2026-01-07T05:50,COMPLETA,929.8001,23.5,23.5,118.0,297.0,1,0.20833333333333334,1,0,0,100,522,989.9,5.5
20262,1.0,900,2026-01-07T06:00,COMPLETA,952.9652,23.5,23.5,118.0,297.0,1,0.20833333333333334,1,0,0,101,525,986.3514851485148,5.5
20262,1.0,901,2026-01-07T06:10,COMPLETA,915.0559,23.5,23.5,118.0,297.0,1,0.20833333333333334,1,0,0,101,525,986.3514851485148,5.5
20262,1.0,902,2026-01-07T06:20,COMPLETA,914.1524,23.5,23.5,118.0,297.0,1,0.20833333333333334,1,0,0,101,525,986.3514851485148,5.5
20262,1.0,903,2026-01-07T06:30,COMPLETA,916.8446,23.5,23.5,118.0,297.0,1,0.20833333333333334,1,0,0,101,525,986.3514851485148,5.5
20262,1.0,904,2026-01-07T06:40,COMPLETA,908.8333,23.5,23.5,118.0,297.0,1,0.20833333333333334,1,0,0,101,525,986.3514851485148,5.5
20262,1.0,905,2026-01-07T06:50,COMPLETA,908.5179,23.5,23.5,118.0,297.0,1,0.20833333333333334,1,0,0,101,525,986.3514851485148,5.5
20262,1.0,906,2026-01-07T07:00,COMPLETA,925.4152,23.5,23.5,118.0,297.0,1,0.20833333333333334,1,0,1,101,525,986.3514851485148,5.5
20262,1.0,907,2026-01-07T07:10,SIN_DEMANDA,0,,,,,,,0,0,0,101,525,986.3514851485148,5.5
20262,1.0,908,2026-01-07T07:20,SIN_DEMANDA,0,,,,,,,0,0,0,101,525,986.3514851485148,5.5
20262,1.0,909,2026-01-07T07:30,SIN_DEMANDA,0,,,,,,,0,0,0,101,525,986.3514851485148,5.5
20262,1.0,910,2026-01-07T07:40,SIN_DEMANDA,0,,,,,,,0,0,0,101,525,986.3514851485148,5.5
20262,1.0,911,2026-01-07T07:50,SIN_DEMANDA,0,,,,,,,0,0,0,101,525,986.3514851485148,5.5
20262,1.0,912,2026-01-07T08:00,COMPLETA,938.4335,1584.5,1584.5,75.0,232.5,1,0.25,1,0,0,101,525,986.3514851485148,5.5
20262,1.0,913,2026-01-07T08:10,COMPLETA,1000.9643,1584.5,1584.5,75.0,232.5,1,0.25,1,0,0,101,525,986.3514851485148,5.5
20262,1.0,914,2026-01-07T08:20,COMPLETA,894.7287,1584.5,1584.5,75.0,232.5,1,0.25,1,0,0,101,525,986.3514851485148,5.5
20262,1.0,915,2026-01-07T08:30,COMPLETA,1048.2451,1584.5,1584.5,75.0,232.5,1,0.25,1,0,0,101,525,986.3514851485148,5.5
20262,1.0,916,2026-01-07T08:40,COMPLETA,1723.0039,1551.75,1519.0,109.0,343.5,1,0.4583333333333333,2,0,0,101,525,986.3514851485148,5.5
20262,1.0,917,2026-01-07T08:50,COMPLETA,1714.6877,1551.75,1519.0,109.0,343.5,1,0.4583333333333333,2,0,0,101,525,986.3514851485148,5.5
20262,1.0,918,2026-01-07T09:00,COMPLETA,1739.7638,1551.75,1519.0,109.0,343.5,1,0.4583333333333333,2,0,0,101,525,986.3514851485148,5.5
20262,1.0,919,2026-01-07T09:10,COMPLETA,1716.5364,1551.75,1519.0,109.0,343.5,1,0.4583333333333333,2,0,0,101,525,986.3514851485148,5.5
20262,1.0,920,2026-01-07T09:20,COMPLETA,1758.1585,1725.0,1519.0,149.0,463.5,2,0.2708333333333333,3,0,1,101,525,986.3514851485148,5.5
20262,1.0,921,2026-01-07T09:30,COMPLETA,1687.579,1551.75,1519.0,109.0,343.5,1,0.4583333333333333,2,0,0,101,525,986.3514851485148,5.5
20262,1.0,922,2026-01-07T09:40,COMPLETA,1650.0423,1551.75,1519.0,109.0,343.5,1,0.4583333333333333,2,0,0,101,525,986.3514851485148,5.5
20262,1.0,923,2026-01-07T09:50,COMPLETA,1703.533,1551.75,1519.0,109.0,343.5,1,0.4583333333333333,2,0,0,101,525,986.3514851485148,5.5
20262,1.0,924,2026-01-07T10:00,COMPLETA,1767.219,1551.75,1519.0,109.0,343.5,1,0.4583333333333333,2,0,0,101,525,986.3514851485148,5.5
20262,1.0,925,2026-01-07T10:10,COMPLETA,1716.8643,1551.75,1519.0,109.0,343.5,1,0.4583333333333333,2,0,0,101,525,986.3514851485148,5.5
20262,1.0,926,2026-01-07T10:20,COMPLETA,1720.4986,1551.75,1519.0,109.0,343.5,1,0.4583333333333333,2,0,0,102,530,976.9117647058823,5.5
20262,1.0,927,2026-01-07T10:30,COMPLETA,1709.6954,1551.75,1519.0,109.0,343.5,1,0.4583333333333333,2,0,0,102,530,976.9117647058823,5.5
20262,1.0,928,2026-01-07T10:40,COMPLETA,1709.4664,1551.75,1519.0,109.0,343.5,1,0.4583333333333333,2,0,0,102,530,976.9117647058823,5.5
20262,1.0,929,2026-01-07T10:50,COMPLETA,1897.2761,1706.1666666666667,1627.0,183.0,514.5,2,0.3333333333333333,3,0,1,103,532,987.5388349514564,5.5
20262,1.0,930,2026-01-07T11:00,COMPLETA,1723.1614,1639.0,1627.0,112.0,348.0,1,0.4166666666666667,2,0,0,103,532,987.5388349514564,5.5
20262,1.0,931,2026-01-07T11:10,COMPLETA,1716.7735,1639.0,1627.0,112.0,348.0,1,0.4166666666666667,2,0,0,103,532,987.5388349514564,5.5
20262,1.0,932,2026-01-07T11:20,COMPLETA,1767.8885,1797.25,1784.5,140.0,390.0,2,0.20833333333333334,2,0,0,103,532,987.5388349514564,5.5
20262,1.0,933,2026-01-07T11:30,COMPLETA,1696.7814,1797.25,1784.5,140.0,390.0,2,0.20833333333333334,2,0,0,103,532,987.5388349514564,5.5
20262,1.0,934,2026-01-07T11:40,COMPLETA,1814.3029,1904.1666666666667,1784.5,132.0,438.0,3,0.19444444444444445,3,0,1,103,532,987.5388349514564,5.5
20262,1.0,935,2026-01-07T11:50,COMPLETA,1658.0392,1797.25,1784.5,140.0,390.0,2,0.20833333333333334,2,0,1,103,532,987.5388349514564,5.5
20262,1.0,936,2026-01-07T12:00,COMPLETA,888.1,1784.5,1784.5,63.0,214.5,1,0.20833333333333334,1,0,0,103,532,987.5388349514564,5.5
20262,1.0,937,2026-01-07T12:10,COMPLETA,890.9561,1784.5,1784.5,63.0,214.5,1,0.20833333333333334,1,0,0,103,532,987.5388349514564,5.5
20262,1.0,938,2026-01-07T12:20,COMPLETA,884.3383,1784.5,1784.5,63.0,214.5,1,0.20833333333333334,1,0,0,103,532,987.5388349514564,5.5
20262,1.0,939,2026-01-07T12:30,COMPLETA,900.499,1784.5,1784.5,63.0,214.5,1,0.20833333333333334,1,0,0,103,532,987.5388349514564,5.5
20262,1.0,940,2026-01-07T12:40,COMPLETA,1704.4909,1788.75,1682.5,91.0,316.5,1,0.5833333333333334,2,0,0,103,532,987.5388349514564,5.5
20262,1.0,941,2026-01-07T12:50,COMPLETA,1715.5059,1788.75,1682.5,91.0,316.5,1,0.5833333333333334,2,0,0,103,532,987.5388349514564,5.5
20262,1.0,942,2026-01-07T13:00,COMPLETA,1731.9246,1788.75,1682.5,91.0,316.5,1,0.5833333333333334,2,0,0,104,536,998.0048076923077,5.5
20262,1.0,943,2026-01-07T13:10,COMPLETA,1766.3693,1788.75,1682.5,91.0,316.5,1,0.5833333333333334,2,0,0,104,536,998.0048076923077,5.5
20262,1.0,944,2026-01-07T13:20,COMPLETA,1963.5327,1788.75,1682.5,91.0,316.5,1,0.5833333333333334,2,0,0,105,542,1006.0285714285715,5.5
20262,1.0,945,2026-01-07T13:30,COMPLETA,2109.8761,1788.75,1682.5,91.0,316.5,1,0.5833333333333334,2,0,0,105,542,1006.0285714285715,5.5
20262,1.0,946,2026-01-07T13:40,COMPLETA,1920.6145,1788.75,1682.5,91.0,316.5,1,0.5833333333333334,2,0,0,105,542,1006.0285714285715,5.5
20262,1.0,947,2026-01-07T13:50,COMPLETA,1778.3002,1788.75,1682.5,91.0,316.5,1,0.5833333333333334,2,0,0,105,542,1006.0285714285715,5.5
20262,1.0,948,2026-01-07T14:00,COMPLETA,1763.0234,1788.75,1682.5,91.0,316.5,1,0.5833333333333334,2,0,0,105,542,1006.0285714285715,5.5
20262,1.0,949,2026-01-07T14:10,COMPLETA,1783.579,1788.75,1682.5,91.0,316.5,1,0.5833333333333334,2,0,0,105,542,1006.0285714285715,5.5
20262,1.0,950,2026-01-07T14:20,COMPLETA,2007.187,1788.75,1682.5,91.0,316.5,1,0.5833333333333334,2,0,0,105,542,1006.0285714285715,5.5
20262,1.0,951,2026-01-07T14:30,COMPLETA,2002.334,1236.1666666666667,131.0,107.0,460.5,2,0.3333333333333333,3,0,0,106,547,1013.6132075471698,5.5
20262,1.0,952,2026-01-07T14:40,COMPLETA,1891.4157,1236.1666666666667,131.0,107.0,460.5,2,0.3333333333333333,3,0,0,106,547,1013.6132075471698,5.5
20262,1.0,953,2026-01-07T14:50,COMPLETA,1977.5632,956.5,120.5,140.0,630.0,3,0.3611111111111111,4,0,0,106,547,1013.6132075471698,5.5
20262,1.0,954,2026-01-07T15:00,COMPLETA,2056.421,956.5,120.5,140.0,630.0,3,0.3611111111111111,4,0,3,106,547,1013.6132075471698,5.5
20262,1.0,955,2026-01-07T15:10,SIN_DEMANDA,0,,,,,,,0,0,0,106,547,1013.6132075471698,5.5
20262,1.0,956,2026-01-07T15:20,SIN_DEMANDA,0,,,,,,,0,0,0,106,547,1013.6132075471698,5.5
20262,1.0,957,2026-01-07T15:30,SIN_DEMANDA,0,,,,,,,0,0,0,106,547,1013.6132075471698,5.5
20262,1.0,958,2026-01-07T15:40,SIN_DEMANDA,0,,,,,,,0,0,0,106,547,1013.6132075471698,5.5
20262,1.0,959,2026-01-07T15:50,SIN_DEMANDA,0,,,,,,,0,0,0,106,547,1013.6132075471698,5.5
20262,1.0,960,2026-01-07T16:00,SIN_DEMANDA,0,,,,,,,0,0,0,106,547,1013.6132075471698,5.5
20262,1.0,961,2026-01-07T16:10,SIN_DEMANDA,0,,,,,,,0,0,0,106,547,1013.6132075471698,5.5
20262,1.0,962,2026-01-07T16:20,SIN_DEMANDA,0,,,,,,,0,0,0,107,549,1005.3644859813085,5.5
20262,1.0,963,2026-01-07T16:30,SIN_DEMANDA,0,,,,,,,0,0,0,107,549,1005.3644859813085,5.5
20262,1.0,964,2026-01-07T16:40,SIN_DEMANDA,0,,,,,,,0,0,0,107,549,1005.3644859813085,5.5
20262,1.0,965,2026-01-07T16:50,SIN_DEMANDA,0,,,,,,,0,0,0,108,559,997.1712962962963,5.5
20262,1.0,966,2026-01-07T17:00,SIN_DEMANDA,0,,,,,,,0,0,0,108,559,997.1712962962963,5.5
20262,1.0,967,2026-01-07T17:10,SIN_DEMANDA,0,,,,,,,0,0,0,109,564,1004.394495412844,5.5
20262,1.0,968,2026-01-07T17:20,SIN_DEMANDA,0,,,,,,,0,0,0,109,564,1004.394495412844,5.5
20262,1.0,969,2026-01-07T17:30,SIN_DEMANDA,0,,,,,,,0,0,0,109,564,1004.394495412844,5.5
20262,1.0,970,2026-01-07T17:40,SIN_DEMANDA,0,,,,,,,0,0,0,109,564,1004.394495412844,5.5
20262,1.0,971,2026-01-07T17:50,SIN_DEMANDA,0,,,,,,,0,0,0,109,564,1004.394495412844,5.5
20262,1.0,972,2026-01-07T18:00,SIN_DEMANDA,0,,,,,,,0,0,0,109,564,1004.394495412844,5.5
20262,1.0,973,2026-01-07T18:10,SIN_DEMANDA,0,,,,,,,0,0,0,109,564,1004.394495412844,5.5
20262,1.0,974,2026-01-07T18:20,COMPLETA,996.9882,626.0,626.0,86.0,249.0,1,0.3333333333333333,1,0,0,109,564,1004.394495412844,5.5
20262,1.0,975,2026-01-07T18:30,COMPLETA,1016.5719,626.0,626.0,86.0,249.0,1,0.3333333333333333,1,0,0,109,564,1004.394495412844,5.5
20262,1.0,976,2026-01-07T18:40,COMPLETA,940.837,626.0,626.0,86.0,249.0,1,0.3333333333333333,1,0,0,109,564,1004.394495412844,5.5
20262,1.0,977,2026-01-07T18:50,COMPLETA,901.2481,626.0,626.0,86.0,249.0,1,0.3333333333333333,1,0,0,110,573,1011.5363636363636,5.5
20262,1.0,978,2026-01-07T19:00,COMPLETA,959.033,626.0,626.0,86.0,249.0,1,0.3333333333333333,1,0,0,110,573,1011.5363636363636,5.5
20262,1.0,979,2026-01-07T19:10,COMPLETA,978.2315,626.0,626.0,86.0,249.0,1,0.3333333333333333,1,0,0,110,573,1011.5363636363636,5.5
20262,1.0,980,2026-01-07T19:20,COMPLETA,1011.3145,626.0,626.0,86.0,249.0,1,0.3333333333333333,1,0,0,110,573,1011.5363636363636,5.5
20262,1.0,981,2026-01-07T19:30,COMPLETA,1065.8262,626.0,626.0,86.0,249.0,1,0.3333333333333333,1,0,0,110,573,1011.5363636363636,5.5
20262,1.0,982,2026-01-07T19:40,COMPLETA,1002.5592,626.0,626.0,86.0,249.0,1,0.3333333333333333,1,0,0,110,573,1011.5363636363636,5.5
20262,1.0,983,2026-01-07T19:50,COMPLETA,1846.6971,1177.75,551.0,96.0,324.0,1,0.7083333333333334,2,0,0,110,573,1011.5363636363636,5.5
20262,1.0,984,2026-01-07T20:00,COMPLETA,1886.3328,1177.75,551.0,96.0,324.0,1,0.7083333333333334,2,0,0,110,573,1011.5363636363636,5.5
20262,1.0,985,2026-01-07T20:10,COMPLETA,1854.8778,835.8333333333334,152.0,132.0,438.0,2,0.375,3,0,1,110,573,1011.5363636363636,5.5
20262,1.0,986,2026-01-07T20:20,COMPLETA,1862.254,1476.8333333333333,551.0,124.0,426.0,2,0.4375,3,0,1,110,573,1011.5363636363636,5.5
20262,1.0,987,2026-01-07T20:30,COMPLETA,1832.6248,1177.75,551.0,96.0,324.0,1,0.7083333333333334,2,0,0,110,573,1011.5363636363636,5.5
20262,1.0,988,2026-01-07T20:40,COMPLETA,1751.3618,1177.75,551.0,96.0,324.0,1,0.7083333333333334,2,0,0,110,573,1011.5363636363636,5.5
20262,1.0,989,2026-01-07T20:50,COMPLETA,1723.8057,1177.75,551.0,96.0,324.0,1,0.7083333333333334,2,0,0,110,573,1011.5363636363636,5.5
20262,1.0,990,2026-01-07T21:00,COMPLETA,1787.1571,1177.75,551.0,96.0,324.0,1,0.7083333333333334,2,0,0,110,573,1011.5363636363636,5.5
20262,1.0,991,2026-01-07T21:10,COMPLETA,1828.988,1177.75,551.0,96.0,324.0,1,0.7083333333333334,2,0,0,110,573,1011.5363636363636,5.5
20262,1.0,992,2026-01-07T21:20,COMPLETA,1737.5614,1177.75,551.0,96.0,324.0,1,0.7083333333333334,2,0,0,110,573,1011.5363636363636,5.5
20262,1.0,993,2026-01-07T21:30,COMPLETA,1773.03,1177.75,551.0,96.0,324.0,1,0.7083333333333334,2,0,0,110,573,1011.5363636363636,5.5
20262,1.0,994,2026-01-07T21:40,COMPLETA,1780.144,1177.75,551.0,96.0,324.0,1,0.7083333333333334,2,0,0,111,574,1003.7927927927927,5.5
20262,1.0,995,2026-01-07T21:50,COMPLETA,1851.0476,811.1666666666666,78.0,132.0,498.0,2,0.4166666666666667,3,0,0,112,578,1013.3571428571429,5.5
20262,1.0,996,2026-01-07T22:00,COMPLETA,1873.6522,811.1666666666666,78.0,132.0,498.0,2,0.4166666666666667,3,0,0,112,578,1013.3571428571429,5.5
20262,1.0,997,2026-01-07T22:10,COMPLETA,1794.6041,811.1666666666666,78.0,132.0,498.0,2,0.4166666666666667,3,0,0,112,578,1013.3571428571429,5.5
20262,1.0,998,2026-01-07T22:20,COMPLETA,1806.3732,811.1666666666666,78.0,132.0,498.0,2,0.4166666666666667,3,0,0,112,578,1013.3571428571429,5.5
20262,1.0,999,2026-01-07T22:30,COMPLETA,1786.8557,811.1666666666666,78.0,132.0,498.0,2,0.4166666666666667,3,0,0,112,578,1013.3571428571429,5.5
20262,1.0,1000,2026-01-07T22:40,COMPLETA,1850.9024,811.1666666666666,78.0,132.0,498.0,2,0.4166666666666667,3,0,0,112,578,1013.3571428571429,5.5
20262,1.0,1001,2026-01-07T22:50,COMPLETA,1923.7835,811.1666666666666,78.0,132.0,498.0,2,0.4166666666666667,3,0,0,112,578,1013.3571428571429,5.5
20262,1.0,1002,2026-01-07T23:00,COMPLETA,1801.444,811.1666666666666,78.0,132.0,498.0,2,0.4166666666666667,3,0,2,112,578,1013.3571428571429,5.5
20262,1.0,1003,2026-01-07T23:10,COMPLETA,610.1893,2038.0,2038.0,66.0,219.0,1,0.041666666666666664,1,0,1,112,578,1013.3571428571429,5.5
20262,1.0,1004,2026-01-07T23:20,SIN_DEMANDA,0,,,,,,,0,0,0,112,578,1013.3571428571429,5.5
20262,1.0,1005,2026-01-07T23:30,SIN_DEMANDA,0,,,,,,,0,0,0,112,578,1013.3571428571429,5.5
20262,1.0,1006,2026-01-07T23:40,SIN_DEMANDA,0,,,,,,,0,0,0,112,578,1013.3571428571429,5.5
20262,1.0,1007,2026-01-07T23:50,SIN_DEMANDA,0,,,,,,,0,0,0,112,578,1013.3571428571429,5.5
20262,1.0,1008,2026-01-08T00:00,SIN_DEMANDA,0,,,,,,,0,0,0,112,578,1013.3571428571429,5.5
20262,1.0,1009,2026-01-08T00:10,SIN_DEMANDA,0,,,,,,,0,0,0,112,578,1013.3571428571429,5.5
20262,1.0,1010,2026-01-08T00:20,SIN_DEMANDA,0,,,,,,,0,0,0,112,578,1013.3571428571429,5.5
20262,1.0,1011,2026-01-08T00:30,SIN_DEMANDA,0,,,,,,,0,0,0,113,581,1005.0796460176991,5.5
20262,1.0,1012,2026-01-08T00:40,SIN_DEMANDA,0,,,,,,,0,0,0,113,581,1005.0796460176991,5.5
20262,1.0,1013,2026-01-08T00:50,SIN_DEMANDA,0,,,,,,,0,0,0,113,581,1005.0796460176991,5.5
20262,1.0,1014,2026-01-08T01:00,SIN_DEMANDA,0,,,,,,,0,0,0,113,581,1005.0796460176991,5.5
20262,1.0,1015,2026-01-08T01:10,SIN_DEMANDA,0,,,,,,,0,0,0,114,582,1014.140350877193,5.5
20262,1.0,1016,2026-01-08T01:20,SIN_DEMANDA,0,,,,,,,0,0,0,114,582,1014.140350877193,5.5
20262,1.0,1017,2026-01-08T01:30,SIN_DEMANDA,0,,,,,,,0,0,0,114,582,1014.140350877193,5.5
20262,1.0,1018,2026-01-08T01:40,SIN_DEMANDA,0,,,,,,,0,0,0,115,591,1021.0130434782609,5.5
20262,1.0,1019,2026-01-08T01:50,SIN_DEMANDA,0,,,,,,,0,0,0,115,591,1021.0130434782609,5.5
20262,1.0,1020,2026-01-08T02:00,COMPLETA,893.4832,283.5,283.5,114.0,231.0,1,0.2916666666666667,1,0,1,115,591,1021.0130434782609,5.5
20262,1.0,1021,2026-01-08T02:10,SIN_DEMANDA,0,,,,,,,0,0,0,115,591,1021.0130434782609,5.5
20262,1.0,1022,2026-01-08T02:20,SIN_DEMANDA,0,,,,,,,0,0,0,115,591,1021.0130434782609,5.5
20262,1.0,1023,2026-01-08T02:30,SIN_DEMANDA,0,,,,,,,0,0,0,115,591,1021.0130434782609,5.5
20262,1.0,1024,2026-01-08T02:40,SIN_DEMANDA,0,,,,,,,0,0,0,115,591,1021.0130434782609,5.5
20262,1.0,1025,2026-01-08T02:50,SIN_DEMANDA,0,,,,,,,0,0,0,115,591,1021.0130434782609,5.5
20262,1.0,1026,2026-01-08T03:00,SIN_DEMANDA,0,,,,,,,0,0,0,116,599,1016.9612068965517,5.5
20262,1.0,1027,2026-01-08T03:10,SIN_DEMANDA,0,,,,,,,0,0,0,116,599,1016.9612068965517,5.5
20262,1.0,1028,2026-01-08T03:20,SIN_DEMANDA,0,,,,,,,0,0,0,116,599,1016.9612068965517,5.5
20262,1.0,1029,2026-01-08T03:30,SIN_DEMANDA,0,,,,,,,0,0,0,116,599,1016.9612068965517,5.5
20262,1.0,1030,2026-01-08T03:40,SIN_DEMANDA,0,,,,,,,0,0,0,116,599,1016.9612068965517,5.5
20262,1.0,1031,2026-01-08T03:50,SIN_DEMANDA,0,,,,,,,0,0,0,116,599,1016.9612068965517,5.5
20262,1.0,1032,2026-01-08T04:00,SIN_DEMANDA,0,,,,,,,0,0,0,116,599,1016.9612068965517,5.5
20262,1.0,1033,2026-01-08T04:10,SIN_DEMANDA,0,,,,,,,0,0,0,116,599,1016.9612068965517,5.5
20262,1.0,1034,2026-01-08T04:20,SIN_DEMANDA,0,,,,,,,0,0,0,116,599,1016.9612068965517,5.5
20262,1.0,1035,2026-01-08T04:30,SIN_DEMANDA,0,,,,,,,0,0,0,116,599,1016.9612068965517,5.5
20262,1.0,1036,2026-01-08T04:40,SIN_DEMANDA,0,,,,,,,0,0,0,116,599,1016.9612068965517,5.5
20262,1.0,1037,2026-01-08T04:50,SIN_DEMANDA,0,,,,,,,0,0,0,116,599,1016.9612068965517,5.5
20262,1.0,1038,2026-01-08T05:00,SIN_DEMANDA,0,,,,,,,0,0,0,116,599,1016.9612068965517,5.5
20262,1.0,1039,2026-01-08T05:10,SIN_DEMANDA,0,,,,,,,0,0,0,116,599,1016.9612068965517,5.5
20262,1.0,1040,2026-01-08T05:20,SIN_DEMANDA,0,,,,,,,0,0,0,117,606,1010.6923076923077,5.5
20262,1.0,1041,2026-01-08T05:30,SIN_DEMANDA,0,,,,,,,0,0,0,117,606,1010.6923076923077,5.5
20262,1.0,1042,2026-01-08T05:40,COMPLETA,1265.7092,64.0,64.0,36.0,174.0,1,0.375,1,0,0,117,606,1010.6923076923077,5.5
20262,1.0,1043,2026-01-08T05:50,COMPLETA,1293.8457,64.0,64.0,36.0,174.0,1,0.375,1,0,0,117,606,1010.6923076923077,5.5
20262,1.0,1044,2026-01-08T06:00,COMPLETA,1268.2942,64.0,64.0,36.0,174.0,1,0.375,1,0,0,117,606,1010.6923076923077,5.5
20262,1.0,1045,2026-01-08T06:10,COMPLETA,1311.4409,64.0,64.0,36.0,174.0,1,0.375,1,0,0,117,606,1010.6923076923077,5.5
20262,1.0,1046,2026-01-08T06:20,COMPLETA,1287.7839,64.0,64.0,36.0,174.0,1,0.375,1,0,0,117,606,1010.6923076923077,5.5
20262,1.0,1047,2026-01-08T06:30,COMPLETA,1286.7517,64.0,64.0,36.0,174.0,1,0.375,1,0,0,117,606,1010.6923076923077,5.5
20262,1.0,1048,2026-01-08T06:40,COMPLETA,1687.7314,1043.5,64.0,104.0,396.0,2,0.20833333333333334,2,0,0,117,606,1010.6923076923077,5.5
20262,1.0,1049,2026-01-08T06:50,COMPLETA,1699.7981,1043.5,64.0,104.0,396.0,2,0.20833333333333334,2,0,0,117,606,1010.6923076923077,5.5
20262,1.0,1050,2026-01-08T07:00,COMPLETA,1709.1213,1043.5,64.0,104.0,396.0,2,0.20833333333333334,2,0,2,117,606,1010.6923076923077,5.5
20262,1.0,1051,2026-01-08T07:10,COMPLETA,932.3781,1820.0,1820.0,84.0,246.0,1,0.3333333333333333,1,0,0,117,606,1010.6923076923077,5.5
20262,1.0,1052,2026-01-08T07:20,COMPLETA,965.156,1820.0,1820.0,84.0,246.0,1,0.3333333333333333,1,0,0,117,606,1010.6923076923077,5.5
20262,1.0,1053,2026-01-08T07:30,COMPLETA,954.3714,1820.0,1820.0,84.0,246.0,1,0.3333333333333333,1,0,0,117,606,1010.6923076923077,5.5
20262,1.0,1054,2026-01-08T07:40,COMPLETA,942.4005,1820.0,1820.0,84.0,246.0,1,0.3333333333333333,1,0,0,117,606,1010.6923076923077,5.5
20262,1.0,1055,2026-01-08T07:50,COMPLETA,933.1921,1820.0,1820.0,84.0,246.0,1,0.3333333333333333,1,0,0,117,606,1010.6923076923077,5.5
20262,1.0,1056,2026-01-08T08:00,COMPLETA,938.7233,1820.0,1820.0,84.0,246.0,1,0.3333333333333333,1,0,0,117,606,1010.6923076923077,5.5
20262,1.0,1057,2026-01-08T08:10,COMPLETA,935.7178,1820.0,1820.0,84.0,246.0,1,0.3333333333333333,1,0,0,117,606,1010.6923076923077,5.5
20262,1.0,1058,2026-01-08T08:20,COMPLETA,923.4524,1820.0,1820.0,84.0,246.0,1,0.3333333333333333,1,0,0,117,606,1010.6923076923077,5.5
20262,1.0,1059,2026-01-08T08:30,COMPLETA,949.269,1820.0,1820.0,84.0,246.0,1,0.3333333333333333,1,0,0,118,615,1002.6694915254237,5.5
20262,1.0,1060,2026-01-08T08:40,COMPLETA,935.1945,1820.0,1820.0,84.0,246.0,1,0.3333333333333333,1,0,0,118,615,1002.6694915254237,5.5
20262,1.0,1061,2026-01-08T08:50,COMPLETA,1036.3859,1820.0,1820.0,84.0,246.0,1,0.3333333333333333,1,0,0,118,615,1002.6694915254237,5.5
20262,1.0,1062,2026-01-08T09:00,COMPLETA,941.0434,1820.0,1820.0,84.0,246.0,1,0.3333333333333333,1,0,0,119,616,1011.2436974789916,5.5
20262,1.0,1063,2026-01-08T09:10,COMPLETA,995.4413,1820.0,1820.0,84.0,246.0,1,0.3333333333333333,1,0,0,119,616,1011.2436974789916,5.5
20262,1.0,1064,2026-01-08T09:20,COMPLETA,1293.6664,1093.75,367.5,154.0,411.0,2,0.1875,2,0,1,119,616,1011.2436974789916,5.5
20262,1.0,1065,2026-01-08T09:30,COMPLETA,938.1337,1820.0,1820.0,84.0,186.0,1,0.3333333333333333,1,0,0,119,616,1011.2436974789916,5.5
20262,1.0,1066,2026-01-08T09:40,COMPLETA,920.9984,1820.0,1820.0,84.0,186.0,1,0.3333333333333333,1,0,0,119,616,1011.2436974789916,5.5
20262,1.0,1067,2026-01-08T09:50,COMPLETA,1720.3906,1889.5,1820.0,182.0,393.0,2,0.3125,2,0,2,119,616,1011.2436974789916,5.5
20262,1.0,1068,2026-01-08T10:00,SIN_DEMANDA,0,,,,,,,0,0,0,119,616,1011.2436974789916,5.5
20262,1.0,1069,2026-01-08T10:10,SIN_DEMANDA,0,,,,,,,0,0,0,119,616,1011.2436974789916,5.5
20262,1.0,1070,2026-01-08T10:20,SIN_DEMANDA,0,,,,,,,0,0,0,119,616,1011.2436974789916,5.5
20262,1.0,1071,2026-01-08T10:30,SIN_DEMANDA,0,,,,,,,0,0,0,119,616,1011.2436974789916,5.5
20262,1.0,1072,2026-01-08T10:40,SIN_DEMANDA,0,,,,,,,0,0,0,119,616,1011.2436974789916,5.5
20262,1.0,1073,2026-01-08T10:50,SIN_DEMANDA,0,,,,,,,0,0,0,119,616,1011.2436974789916,5.5
20262,1.0,1074,2026-01-08T11:00,SIN_DEMANDA,0,,,,,,,0,0,0,119,616,1011.2436974789916,5.5
20262,1.0,1075,2026-01-08T11:10,COMPLETA,1010.1454,91.5,91.5,87.0,250.5,1,0.25,1,0,0,119,616,1011.2436974789916,5.5
20262,1.0,1076,2026-01-08T11:20,COMPLETA,953.9788,91.5,91.5,87.0,250.5,1,0.25,1,0,0,120,617,1005.8791666666667,5.5
20262,1.0,1077,2026-01-08T11:30,COMPLETA,927.7214,91.5,91.5,87.0,250.5,1,0.25,1,0,0,120,617,1005.8791666666667,5.5
20262,1.0,1078,2026-01-08T11:40,COMPLETA,1682.1381,938.5,97.5,173.0,499.5,2,0.22916666666666666,2,0,0,120,617,1005.8791666666667,5.5
20262,1.0,1079,2026-01-08T11:50,COMPLETA,1720.169,938.5,97.5,173.0,499.5,2,0.22916666666666666,2,0,0,120,617,1005.8791666666667,5.5
20262,1.0,1080,2026-01-08T12:00,COMPLETA,1694.2071,938.5,97.5,173.0,499.5,2,0.22916666666666666,2,0,0,120,617,1005.8791666666667,5.5
20262,1.0,1081,2026-01-08T12:10,COMPLETA,1757.928,938.5,97.5,173.0,499.5,2,0.22916666666666666,2,0,0,120,617,1005.8791666666667,5.5
20262,1.0,1082,2026-01-08T12:20,COMPLETA,1734.6647,938.5,97.5,173.0,499.5,2,0.22916666666666666,2,0,0,120,617,1005.8791666666667,5.5
20262,1.0,1083,2026-01-08T12:30,COMPLETA,1737.9766,938.5,97.5,173.0,499.5,2,0.22916666666666666,2,0,0,120,617,1005.8791666666667,5.5
20262,1.0,1084,2026-01-08T12:40,COMPLETA,1885.4533,938.5,97.5,173.0,499.5,2,0.22916666666666666,2,0,0,120,617,1005.8791666666667,5.5
20262,1.0,1085,2026-01-08T12:50,COMPLETA,1874.4585,938.5,97.5,173.0,499.5,2,0.22916666666666666,2,0,0,121,625,1012.6074380165289,5.5
20262,1.0,1086,2026-01-08T13:00,COMPLETA,1734.7317,938.5,97.5,173.0,499.5,2,0.22916666666666666,2,0,0,121,625,1012.6074380165289,5.5
20262,1.0,1087,2026-01-08T13:10,COMPLETA,1697.3851,938.5,97.5,173.0,499.5,2,0.22916666666666666,2,0,0,122,632,1020.3647540983607,5.5
20262,1.0,1088,2026-01-08T13:20,COMPLETA,1834.9898,938.5,97.5,173.0,499.5,2,0.22916666666666666,2,0,0,122,632,1020.3647540983607,5.5
20262,1.0,1089,2026-01-08T13:30,COMPLETA,1777.2361,938.5,97.5,173.0,499.5,2,0.22916666666666666,2,0,0,122,632,1020.3647540983607,5.5
20262,1.0,1090,2026-01-08T13:40,COMPLETA,1830.9706,938.5,97.5,173.0,499.5,2,0.22916666666666666,2,0,0,122,632,1020.3647540983607,5.5
20262,1.0,1091,2026-01-08T13:50,COMPLETA,1768.7104,938.5,97.5,173.0,499.5,2,0.22916666666666666,2,0,0,122,632,1020.3647540983607,5.5
20262,1.0,1092,2026-01-08T14:00,COMPLETA,1801.8641,938.5,97.5,173.0,499.5,2,0.22916666666666666,2,0,0,122,632,1020.3647540983607,5.5
20262,1.0,1093,2026-01-08T14:10,COMPLETA,1731.4229,938.5,97.5,173.0,499.5,2,0.22916666666666666,2,0,0,122,632,1020.3647540983607,5.5
20262,1.0,1094,2026-01-08T14:20,COMPLETA,1701.6309,938.5,97.5,173.0,499.5,2,0.22916666666666666,2,0,0,122,632,1020.3647540983607,5.5
20262,1.0,1095,2026-01-08T14:30,COMPLETA,1791.0427,643.6666666666666,15.0,269.0,763.5,3,0.25,3,0,0,122,632,1020.3647540983607,5.5
20262,1.0,1096,2026-01-08T14:40,COMPLETA,1838.2057,643.6666666666666,15.0,269.0,763.5,3,0.25,3,0,0,122,632,1020.3647540983607,5.5
20262,1.0,1097,2026-01-08T14:50,COMPLETA,1867.9923,643.6666666666666,15.0,269.0,763.5,3,0.25,3,0,0,122,632,1020.3647540983607,5.5
20262,1.0,1098,2026-01-08T15:00,COMPLETA,1827.6542,643.6666666666666,15.0,269.0,763.5,3,0.25,3,0,3,122,632,1020.3647540983607,5.5
20262,1.0,1099,2026-01-08T15:10,SIN_DEMANDA,0,,,,,,,0,0,0,122,632,1020.3647540983607,5.5
20262,1.0,1100,2026-01-08T15:20,SIN_DEMANDA,0,,,,,,,0,0,0,122,632,1020.3647540983607,5.5
20262,1.0,1101,2026-01-08T15:30,SIN_DEMANDA,0,,,,,,,0,0,0,122,632,1020.3647540983607,5.5
20262,1.0,1102,2026-01-08T15:40,SIN_DEMANDA,0,,,,,,,0,0,0,122,632,1020.3647540983607,5.5
20262,1.0,1103,2026-01-08T15:50,SIN_DEMANDA,0,,,,,,,0,0,0,122,632,1020.3647540983607,5.5
20262,1.0,1104,2026-01-08T16:00,SIN_DEMANDA,0,,,,,,,0,0,0,122,632,1020.3647540983607,5.5
20262,1.0,1105,2026-01-08T16:10,COMPLETA,1913.5138,470.75,172.5,137.0,445.5,2,0.25,2,0,0,122,632,1020.3647540983607,5.5
20262,1.0,1106,2026-01-08T16:20,COMPLETA,1919.9208,470.75,172.5,137.0,445.5,2,0.25,2,0,0,122,632,1020.3647540983607,5.5
20262,1.0,1107,2026-01-08T16:30,COMPLETA,1893.9442,470.75,172.5,137.0,445.5,2,0.25,2,0,0,122,632,1020.3647540983607,5.5
20262,1.0,1108,2026-01-08T16:40,COMPLETA,1852.4328,470.75,172.5,137.0,445.5,2,0.25,2,0,0,122,632,1020.3647540983607,5.5
20262,1.0,1109,2026-01-08T16:50,COMPLETA,1879.2757,470.75,172.5,137.0,445.5,2,0.25,2,0,0,122,632,1020.3647540983607,5.5
20262,1.0,1110,2026-01-08T17:00,COMPLETA,1838.3641,470.75,172.5,137.0,445.5,2,0.25,2,0,0,122,632,1020.3647540983607,5.5
20262,1.0,1111,2026-01-08T17:10,COMPLETA,1861.5643,470.75,172.5,137.0,445.5,2,0.25,2,0,0,122,632,1020.3647540983607,5.5
20262,1.0,1112,2026-01-08T17:20,COMPLETA,1867.4597,470.75,172.5,137.0,445.5,2,0.25,2,0,0,123,637,1026.8536585365853,5.5
20262,1.0,1113,2026-01-08T17:30,COMPLETA,1854.7105,470.75,172.5,137.0,445.5,2,0.25,2,0,0,123,637,1026.8536585365853,5.5
20262,1.0,1114,2026-01-08T17:40,COMPLETA,2089.9897,439.0,172.5,168.0,552.0,3,0.2777777777777778,3,0,1,124,643,1019.358870967742,5.5
20262,1.0,1115,2026-01-08T17:50,COMPLETA,1954.1655,295.3333333333333,172.5,126.0,489.0,3,0.2361111111111111,3,0,1,124,643,1019.358870967742,5.5
20262,1.0,1116,2026-01-08T18:00,COMPLETA,1771.8252,249.0,172.5,86.0,369.0,2,0.3125,2,0,0,124,643,1019.358870967742,5.5
20262,1.0,1117,2026-01-08T18:10,COMPLETA,1785.886,249.0,172.5,86.0,369.0,2,0.3125,2,0,0,125,650,1011.324,5.5
20262,1.0,1118,2026-01-08T18:20,COMPLETA,1825.6819,228.0,130.5,114.0,351.0,2,0.3125,2,0,0,125,650,1011.324,5.5
20262,1.0,1119,2026-01-08T18:30,COMPLETA,1758.7929,228.0,130.5,114.0,351.0,2,0.3125,2,0,1,125,650,1011.324,5.5
20262,1.0,1120,2026-01-08T18:40,COMPLETA,955.1968,25.5,25.5,51.0,196.5,1,0.3333333333333333,1,0,0,125,650,1011.324,5.5
20262,1.0,1121,2026-01-08T18:50,COMPLETA,936.558,25.5,25.5,51.0,196.5,1,0.3333333333333333,1,0,0,125,650,1011.324,5.5
20262,1.0,1122,2026-01-08T19:00,COMPLETA,936.4943,25.5,25.5,51.0,196.5,1,0.3333333333333333,1,0,0,125,650,1011.324,5.5
20262,1.0,1123,2026-01-08T19:10,COMPLETA,929.1123,25.5,25.5,51.0,196.5,1,0.3333333333333333,1,0,0,125,650,1011.324,5.5
20262,1.0,1124,2026-01-08T19:20,COMPLETA,1755.6196,1043.75,310.0,101.0,331.5,2,0.2916666666666667,2,0,1,126,652,1006.3769841269841,5.5
20262,1.0,1125,2026-01-08T19:30,COMPLETA,967.3796,1777.5,1777.5,93.0,259.5,1,0.25,1,0,0,126,652,1006.3769841269841,5.5
20262,1.0,1126,2026-01-08T19:40,COMPLETA,1819.5386,1722.0,1666.5,120.0,360.0,1,0.4583333333333333,2,0,0,126,652,1006.3769841269841,5.5
20262,1.0,1127,2026-01-08T19:50,COMPLETA,1778.3029,1722.0,1666.5,120.0,360.0,1,0.4583333333333333,2,0,0,126,652,1006.3769841269841,5.5
20262,1.0,1128,2026-01-08T20:00,COMPLETA,1791.1215,1722.0,1666.5,120.0,360.0,1,0.4583333333333333,2,0,0,126,652,1006.3769841269841,5.5
20262,1.0,1129,2026-01-08T20:10,COMPLETA,1777.0688,1722.0,1666.5,120.0,360.0,1,0.4583333333333333,2,0,0,126,652,1006.3769841269841,5.5
20262,1.0,1130,2026-01-08T20:20,COMPLETA,1806.0092,1722.0,1666.5,120.0,360.0,1,0.4583333333333333,2,0,0,126,652,1006.3769841269841,5.5
20262,1.0,1131,2026-01-08T20:30,COMPLETA,1813.0192,1722.0,1666.5,120.0,360.0,1,0.4583333333333333,2,0,0,127,660,1000.8937007874016,5.5
20262,1.0,1132,2026-01-08T20:40,COMPLETA,1782.6522,1722.0,1666.5,120.0,360.0,1,0.4583333333333333,2,0,0,128,665,999.47265625,5.5
20262,1.0,1133,2026-01-08T20:50,COMPLETA,1796.6056,1722.0,1666.5,120.0,360.0,1,0.4583333333333333,2,0,0,128,665,999.47265625,5.5
20262,1.0,1134,2026-01-08T21:00,COMPLETA,1881.8667,1722.0,1666.5,120.0,360.0,1,0.4583333333333333,2,0,0,128,665,999.47265625,5.5
20262,1.0,1135,2026-01-08T21:10,COMPLETA,1806.3347,1722.0,1666.5,120.0,360.0,1,0.4583333333333333,2,0,0,128,665,999.47265625,5.5
20262,1.0,1136,2026-01-08T21:20,COMPLETA,1863.058,1722.0,1666.5,120.0,360.0,1,0.4583333333333333,2,0,0,128,665,999.47265625,5.5
20262,1.0,1137,2026-01-08T21:30,COMPLETA,2012.4136,1722.0,1666.5,120.0,360.0,1,0.4583333333333333,2,0,0,128,665,999.47265625,5.5
20262,1.0,1138,2026-01-08T21:40,COMPLETA,2007.1617,1722.0,1666.5,120.0,360.0,1,0.4583333333333333,2,0,0,128,665,999.47265625,5.5
20262,1.0,1139,2026-01-08T21:50,COMPLETA,1854.619,1722.0,1666.5,120.0,360.0,1,0.4583333333333333,2,0,0,128,665,999.47265625,5.5
20262,1.0,1140,2026-01-08T22:00,COMPLETA,1921.7482,1722.0,1666.5,120.0,360.0,1,0.4583333333333333,2,0,0,129,672,992.7364341085271,5.5
20262,1.0,1141,2026-01-08T22:10,COMPLETA,1843.5692,1722.0,1666.5,120.0,360.0,1,0.4583333333333333,2,0,0,129,672,992.7364341085271,5.5
20262,1.0,1142,2026-01-08T22:20,COMPLETA,1959.0698,1266.1666666666667,354.5,154.0,531.0,2,0.3125,3,0,0,129,672,992.7364341085271,5.5
20262,1.0,1143,2026-01-08T22:30,COMPLETA,1935.4181,1266.1666666666667,354.5,154.0,531.0,2,0.3125,3,0,0,129,672,992.7364341085271,5.5
20262,1.0,1144,2026-01-08T22:40,COMPLETA,1989.273,1099.75,354.5,205.0,744.5,3,0.2638888888888889,4,0,0,129,672,992.7364341085271,5.5
20262,1.0,1145,2026-01-08T22:50,COMPLETA,2105.9826,1099.75,354.5,205.0,744.5,3,0.2638888888888889,4,0,0,129,672,992.7364341085271,5.5
20262,1.0,1146,2026-01-08T23:00,COMPLETA,2082.3168,1099.75,354.5,205.0,744.5,3,0.2638888888888889,4,0,3,129,672,992.7364341085271,5.5
20262,1.0,1147,2026-01-08T23:10,SIN_DEMANDA,0,,,,,,,0,0,0,129,672,992.7364341085271,5.5
20262,1.0,1148,2026-01-08T23:20,SIN_DEMANDA,0,,,,,,,0,0,0,129,672,992.7364341085271,5.5
20262,1.0,1149,2026-01-08T23:30,SIN_DEMANDA,0,,,,,,,0,0,0,129,672,992.7364341085271,5.5
20262,1.0,1150,2026-01-08T23:40,SIN_DEMANDA,0,,,,,,,0,0,0,129,672,992.7364341085271,5.5
20262,1.0,1151,2026-01-08T23:50,SIN_DEMANDA,0,,,,,,,0,0,0,129,672,992.7364341085271,5.5
20262,1.0,1152,2026-01-09T00:00,SIN_DEMANDA,0,,,,,,,0,0,0,129,672,992.7364341085271,5.5
20262,1.0,1153,2026-01-09T00:10,COMPLETA,1778.9061,176.5,176.5,51.0,196.5,1,0.375,1,0,0,129,672,992.7364341085271,5.5
20262,1.0,1154,2026-01-09T00:20,COMPLETA,1444.0678,176.5,176.5,51.0,196.5,1,0.375,1,0,0,129,672,992.7364341085271,5.5
20262,1.0,1155,2026-01-09T00:30,COMPLETA,1998.6932,577.25,176.5,110.0,405.0,2,0.22916666666666666,2,0,1,130,676,987.8269230769231,5.5
20262,1.0,1156,2026-01-09T00:40,COMPLETA,1520.5086,176.5,176.5,51.0,196.5,1,0.375,1,0,0,130,676,987.8269230769231,5.5
20262,1.0,1157,2026-01-09T00:50,COMPLETA,1464.0041,176.5,176.5,51.0,196.5,1,0.375,1,0,0,131,680,984.824427480916,5.5
20262,1.0,1158,2026-01-09T01:00,COMPLETA,1776.3651,893.0,71.5,81.0,301.5,1,0.6666666666666666,2,0,0,131,680,984.824427480916,5.5
20262,1.0,1159,2026-01-09T01:10,COMPLETA,1824.2163,893.0,71.5,81.0,301.5,1,0.6666666666666666,2,0,0,131,680,984.824427480916,5.5
20262,1.0,1160,2026-01-09T01:20,COMPLETA,1810.9535,893.0,71.5,81.0,301.5,1,0.6666666666666666,2,0,0,131,680,984.824427480916,5.5
20262,1.0,1161,2026-01-09T01:30,COMPLETA,1781.5776,893.0,71.5,81.0,301.5,1,0.6666666666666666,2,0,0,131,680,984.824427480916,5.5
20262,1.0,1162,2026-01-09T01:40,COMPLETA,1782.9458,893.0,71.5,81.0,301.5,1,0.6666666666666666,2,0,0,132,685,991.0113636363636,5.5
20262,1.0,1163,2026-01-09T01:50,COMPLETA,1790.796,893.0,71.5,81.0,301.5,1,0.6666666666666666,2,0,0,132,685,991.0113636363636,5.5
20262,1.0,1164,2026-01-09T02:00,COMPLETA,1825.2847,893.0,71.5,81.0,301.5,1,0.6666666666666666,2,0,0,132,685,991.0113636363636,5.5
20262,1.0,1165,2026-01-09T02:10,COMPLETA,1777.9517,893.0,71.5,81.0,301.5,1,0.6666666666666666,2,0,0,133,687,990.9135338345865,5.5
20262,1.0,1166,2026-01-09T02:20,COMPLETA,1698.6166,893.0,71.5,81.0,301.5,1,0.6666666666666666,2,0,0,133,687,990.9135338345865,5.5
20262,1.0,1167,2026-01-09T02:30,COMPLETA,1849.2735,704.5,71.5,154.0,471.0,2,0.4791666666666667,3,0,1,133,687,990.9135338345865,5.5
20262,1.0,1168,2026-01-09T02:40,COMPLETA,1845.5712,893.0,71.5,81.0,301.5,1,0.6666666666666666,2,0,0,133,687,990.9135338345865,5.5
20262,1.0,1169,2026-01-09T02:50,COMPLETA,1939.7774,893.0,71.5,81.0,301.5,1,0.6666666666666666,2,0,0,133,687,990.9135338345865,5.5
20262,1.0,1170,2026-01-09T03:00,COMPLETA,1890.0281,893.0,71.5,81.0,301.5,1,0.6666666666666666,2,0,0,133,687,990.9135338345865,5.5
20262,1.0,1171,2026-01-09T03:10,COMPLETA,1829.4225,893.0,71.5,81.0,301.5,1,0.6666666666666666,2,0,0,133,687,990.9135338345865,5.5
20262,1.0,1172,2026-01-09T03:20,COMPLETA,2100.3314,893.0,71.5,81.0,301.5,1,0.6666666666666666,2,0,0,133,687,990.9135338345865,5.5
20262,1.0,1173,2026-01-09T03:30,COMPLETA,1902.2997,893.0,71.5,81.0,301.5,1,0.6666666666666666,2,0,0,133,687,990.9135338345865,5.5
20262,1.0,1174,2026-01-09T03:40,COMPLETA,1799.693,893.0,71.5,81.0,301.5,1,0.6666666666666666,2,0,0,133,687,990.9135338345865,5.5
20262,1.0,1175,2026-01-09T03:50,COMPLETA,1789.538,893.0,71.5,81.0,301.5,1,0.6666666666666666,2,0,0,134,693,995.820895522388,5.5
20262,1.0,1176,2026-01-09T04:00,COMPLETA,1984.0145,893.0,71.5,81.0,301.5,1,0.6666666666666666,2,0,0,134,693,995.820895522388,5.5
20262,1.0,1177,2026-01-09T04:10,COMPLETA,1944.2117,893.0,71.5,81.0,301.5,1,0.6666666666666666,2,0,0,134,693,995.820895522388,5.5
20262,1.0,1178,2026-01-09T04:20,COMPLETA,1910.9152,893.0,71.5,81.0,301.5,1,0.6666666666666666,2,0,0,134,693,995.820895522388,5.5
20262,1.0,1179,2026-01-09T04:30,COMPLETA,1739.4571,893.0,71.5,81.0,301.5,1,0.6666666666666666,2,0,0,134,693,995.820895522388,5.5
20262,1.0,1180,2026-01-09T04:40,COMPLETA,1765.0557,893.0,71.5,81.0,301.5,1,0.6666666666666666,2,0,0,134,693,995.820895522388,5.5
20262,1.0,1181,2026-01-09T04:50,COMPLETA,1755.4003,893.0,71.5,81.0,301.5,1,0.6666666666666666,2,0,0,134,693,995.820895522388,5.5
20262,1.0,1182,2026-01-09T05:00,COMPLETA,1922.3703,488.75,3.0,161.0,601.5,3,0.2777777777777778,4,0,1,135,700,990.8703703703703,5.5
20262,1.0,1183,2026-01-09T05:10,COMPLETA,1855.6406,596.3333333333334,3.0,145.0,517.5,2,0.3958333333333333,3,0,0,135,700,990.8703703703703,5.5
20262,1.0,1184,2026-01-09T05:20,COMPLETA,1838.3401,596.3333333333334,3.0,145.0,517.5,2,0.3958333333333333,3,0,0,135,700,990.8703703703703,5.5
20262,1.0,1185,2026-01-09T05:30,COMPLETA,1964.6885,596.3333333333334,3.0,145.0,517.5,2,0.3958333333333333,3,0,0,135,700,990.8703703703703,5.5
20262,1.0,1186,2026-01-09T05:40,COMPLETA,1900.5713,596.3333333333334,3.0,145.0,517.5,2,0.3958333333333333,3,0,0,135,700,990.8703703703703,5.5
20262,1.0,1187,2026-01-09T05:50,COMPLETA,1898.4162,596.3333333333334,3.0,145.0,517.5,2,0.3958333333333333,3,0,0,135,700,990.8703703703703,5.5
20262,1.0,1188,2026-01-09T06:00,COMPLETA,1900.5206,596.3333333333334,3.0,145.0,517.5,2,0.3958333333333333,3,0,0,135,700,990.8703703703703,5.5
20262,1.0,1189,2026-01-09T06:10,COMPLETA,1880.9711,596.3333333333334,3.0,145.0,517.5,2,0.3958333333333333,3,0,0,135,700,990.8703703703703,5.5
20262,1.0,1190,2026-01-09T06:20,COMPLETA,1822.113,596.3333333333334,3.0,145.0,517.5,2,0.3958333333333333,3,0,0,136,701,984.8051470588235,5.5
20262,1.0,1191,2026-01-09T06:30,COMPLETA,1918.0523,596.3333333333334,3.0,145.0,517.5,2,0.3958333333333333,3,0,0,136,701,984.8051470588235,5.5
20262,1.0,1192,2026-01-09T06:40,COMPLETA,1852.7427,596.3333333333334,3.0,145.0,517.5,2,0.3958333333333333,3,0,0,136,701,984.8051470588235,5.5
20262,1.0,1193,2026-01-09T06:50,COMPLETA,1850.298,596.3333333333334,3.0,145.0,517.5,2,0.3958333333333333,3,0,0,136,701,984.8051470588235,5.5
20262,1.0,1194,2026-01-09T07:00,COMPLETA,2023.4164,596.3333333333334,3.0,145.0,517.5,2,0.3958333333333333,3,0,2,136,701,984.8051470588235,5.5
20262,1.0,1195,2026-01-09T07:10,SIN_DEMANDA,0,,,,,,,0,0,0,136,701,984.8051470588235,5.5
20262,1.0,1196,2026-01-09T07:20,SIN_DEMANDA,0,,,,,,,0,0,0,136,701,984.8051470588235,5.5
20262,1.0,1197,2026-01-09T07:30,SIN_DEMANDA,0,,,,,,,0,0,0,136,701,984.8051470588235,5.5
20262,1.0,1198,2026-01-09T07:40,COMPLETA,1310.1998,1559.5,1559.5,86.0,249.0,1,0.4166666666666667,1,0,0,136,701,984.8051470588235,5.5
20262,1.0,1199,2026-01-09T07:50,COMPLETA,1368.9173,1559.5,1559.5,86.0,249.0,1,0.4166666666666667,1,0,0,136,701,984.8051470588235,5.5
20262,1.0,1200,2026-01-09T08:00,COMPLETA,1364.5819,1559.5,1559.5,86.0,249.0,1,0.4166666666666667,1,0,0,136,701,984.8051470588235,5.5
20262,1.0,1201,2026-01-09T08:10,COMPLETA,1506.8337,1559.5,1559.5,86.0,249.0,1,0.4166666666666667,1,0,0,136,701,984.8051470588235,5.5
20262,1.0,1202,2026-01-09T08:20,COMPLETA,1867.8955,1137.75,452.0,220.0,570.0,2,0.3125,2,0,0,136,701,984.8051470588235,5.5
20262,1.0,1203,2026-01-09T08:30,COMPLETA,1799.1892,1137.75,452.0,220.0,570.0,2,0.3125,2,0,0,137,708,990.1313868613139,5.5
20262,1.0,1204,2026-01-09T08:40,COMPLETA,1779.6882,1137.75,452.0,220.0,570.0,2,0.3125,2,0,0,137,708,990.1313868613139,5.5
20262,1.0,1205,2026-01-09T08:50,COMPLETA,1836.5768,1137.75,452.0,220.0,570.0,2,0.3125,2,0,0,138,711,982.9782608695652,3.0
20262,1.0,1206,2026-01-09T09:00,COMPLETA,1795.0176,1137.75,452.0,220.0,570.0,2,0.3125,2,0,0,138,711,982.9782608695652,3.0
20262,1.0,1207,2026-01-09T09:10,COMPLETA,1748.6114,1137.75,452.0,220.0,570.0,2,0.3125,2,0,0,138,711,982.9782608695652,3.0
20262,1.0,1208,2026-01-09T09:20,COMPLETA,1763.0139,1137.75,452.0,220.0,570.0,2,0.3125,2,0,0,138,711,982.9782608695652,3.0
20262,1.0,1209,2026-01-09T09:30,COMPLETA,1772.5184,1137.75,452.0,220.0,570.0,2,0.3125,2,0,0,138,711,982.9782608695652,3.0
20262,1.0,1210,2026-01-09T09:40,COMPLETA,1788.6311,1137.75,452.0,220.0,570.0,2,0.3125,2,0,0,138,711,982.9782608695652,3.0
20262,1.0,1211,2026-01-09T09:50,COMPLETA,1894.1296,1137.75,452.0,220.0,510.0,2,0.3125,2,0,0,138,711,982.9782608695652,3.0
20262,1.0,1212,2026-01-09T10:00,COMPLETA,1763.7732,1137.75,452.0,220.0,510.0,2,0.3125,2,0,0,138,711,982.9782608695652,3.0
20262,1.0,1213,2026-01-09T10:10,COMPLETA,1726.2071,1137.75,452.0,220.0,510.0,2,0.3125,2,0,0,138,711,982.9782608695652,3.0
20262,1.0,1214,2026-01-09T10:20,COMPLETA,1736.4445,1137.75,452.0,220.0,510.0,2,0.3125,2,0,0,138,711,982.9782608695652,3.0
20262,1.0,1215,2026-01-09T10:30,COMPLETA,1843.1249,1137.75,452.0,220.0,510.0,2,0.3125,2,0,1,138,711,982.9782608695652,3.0
20262,1.0,1216,2026-01-09T10:40,COMPLETA,1805.1052,1037.25,368.0,150.0,405.0,1,0.5,2,0,0,138,711,982.9782608695652,3.0
20262,1.0,1217,2026-01-09T10:50,COMPLETA,1808.8692,1037.25,368.0,150.0,405.0,1,0.5,2,0,0,138,711,982.9782608695652,3.0
20262,1.0,1218,2026-01-09T11:00,COMPLETA,1781.8799,1037.25,368.0,150.0,405.0,1,0.5,2,0,0,139,720,976.4208633093525,3.0
20262,1.0,1219,2026-01-09T11:10,COMPLETA,1797.5024,1037.25,368.0,150.0,405.0,1,0.5,2,0,0,139,720,976.4208633093525,3.0
20262,1.0,1220,2026-01-09T11:20,COMPLETA,1898.9655,1037.25,368.0,150.0,405.0,1,0.5,2,0,0,139,720,976.4208633093525,3.0
20262,1.0,1221,2026-01-09T11:30,COMPLETA,2057.5081,1284.5,374.0,256.0,684.0,2,0.4375,3,0,0,139,720,976.4208633093525,3.0
20262,1.0,1222,2026-01-09T11:40,COMPLETA,2324.2005,1284.5,374.0,256.0,684.0,2,0.4375,3,0,0,139,720,976.4208633093525,3.0
20262,1.0,1223,2026-01-09T11:50,COMPLETA,2449.0899,1284.5,374.0,256.0,684.0,2,0.4375,3,0,0,139,720,976.4208633093525,3.0
20262,1.0,1224,2026-01-09T12:00,COMPLETA,2247.7342,1284.5,374.0,256.0,684.0,2,0.4375,3,0,0,139,720,976.4208633093525,3.0
20262,1.0,1225,2026-01-09T12:10,COMPLETA,2131.961,1284.5,374.0,256.0,684.0,2,0.4375,3,0,0,139,720,976.4208633093525,3.0
20262,1.0,1226,2026-01-09T12:20,COMPLETA,2044.5101,1284.5,374.0,256.0,684.0,2,0.4375,3,0,0,139,720,976.4208633093525,3.0
20262,1.0,1227,2026-01-09T12:30,COMPLETA,2061.3065,1284.5,374.0,256.0,684.0,2,0.4375,3,0,0,139,720,976.4208633093525,3.0
20262,1.0,1228,2026-01-09T12:40,COMPLETA,2027.5823,1284.5,374.0,256.0,684.0,2,0.4375,3,0,0,139,720,976.4208633093525,3.0
20262,1.0,1229,2026-01-09T12:50,COMPLETA,2056.9645,1284.5,374.0,256.0,684.0,2,0.4375,3,0,0,139,720,976.4208633093525,3.0
20262,1.0,1230,2026-01-09T13:00,COMPLETA,2011.7088,1284.5,374.0,256.0,684.0,2,0.4375,3,0,0,139,720,976.4208633093525,3.0
20262,1.0,1231,2026-01-09T13:10,COMPLETA,2049.2382,1284.5,374.0,256.0,684.0,2,0.4375,3,0,0,139,720,976.4208633093525,3.0
20262,1.0,1232,2026-01-09T13:20,COMPLETA,2219.8422,1094.875,374.0,296.0,864.0,3,0.3472222222222222,4,0,0,140,730,982.4714285714285,3.0
20262,1.0,1233,2026-01-09T13:30,COMPLETA,2177.7793,1094.875,374.0,296.0,864.0,3,0.3472222222222222,4,0,0,140,730,982.4714285714285,3.0
20262,1.0,1234,2026-01-09T13:40,COMPLETA,2141.4805,1094.875,374.0,296.0,864.0,3,0.3472222222222222,4,0,0,140,730,982.4714285714285,3.0
20262,1.0,1235,2026-01-09T13:50,COMPLETA,2212.2014,1094.875,374.0,296.0,864.0,3,0.3472222222222222,4,0,0,140,730,982.4714285714285,3.0
20262,1.0,1236,2026-01-09T14:00,COMPLETA,2201.1358,1094.875,374.0,296.0,864.0,3,0.3472222222222222,4,0,0,140,730,982.4714285714285,3.0
20262,1.0,1237,2026-01-09T14:10,COMPLETA,2804.0364,1253.5,368.0,288.0,912.0,3,0.4722222222222222,5,0,0,140,730,982.4714285714285,3.0
20262,1.0,1238,2026-01-09T14:20,COMPLETA,2692.4386,1253.5,368.0,288.0,912.0,3,0.4722222222222222,5,0,0,140,730,982.4714285714285,3.0
20262,1.0,1239,2026-01-09T14:30,COMPLETA,2760.3548,1253.5,368.0,288.0,912.0,3,0.4722222222222222,5,0,0,140,730,982.4714285714285,3.0
20262,1.0,1240,2026-01-09T14:40,COMPLETA,2695.7423,1253.5,368.0,288.0,912.0,3,0.4722222222222222,5,0,0,140,730,982.4714285714285,3.0
20262,1.0,1241,2026-01-09T14:50,COMPLETA,2720.7194,1253.5,368.0,288.0,912.0,3,0.4722222222222222,5,0,0,140,730,982.4714285714285,3.0
20262,1.0,1242,2026-01-09T15:00,COMPLETA,2731.6817,1253.5,368.0,288.0,912.0,3,0.4722222222222222,5,0,3,140,730,982.4714285714285,3.0
20262,1.0,1243,2026-01-09T15:10,SIN_DEMANDA,0,,,,,,,0,0,0,140,730,982.4714285714285,3.0
20262,1.0,1244,2026-01-09T15:20,COMPLETA,617.5962,333.0,333.0,69.0,223.5,1,0.125,1,0,1,140,730,982.4714285714285,3.0
20262,1.0,1245,2026-01-09T15:30,SIN_DEMANDA,0,,,,,,,0,0,0,140,730,982.4714285714285,3.0
20262,1.0,1246,2026-01-09T15:40,COMPLETA,589.7166,2071.0,2071.0,32.0,168.0,1,0.041666666666666664,1,0,1,140,730,982.4714285714285,3.0
20262,1.0,1247,2026-01-09T15:50,SIN_DEMANDA,0,,,,,,,0,0,0,140,730,982.4714285714285,3.0
20262,1.0,1248,2026-01-09T16:00,SIN_DEMANDA,0,,,,,,,0,0,0,140,730,982.4714285714285,3.0
20262,1.0,1249,2026-01-09T16:10,SIN_DEMANDA,0,,,,,,,0,0,0,140,730,982.4714285714285,3.0
20262,1.0,1250,2026-01-09T16:20,SIN_DEMANDA,0,,,,,,,0,0,0,140,730,982.4714285714285,3.0
20262,1.0,1251,2026-01-09T16:30,SIN_DEMANDA,0,,,,,,,0,0,0,141,734,979.2340425531914,3.0
20262,1.0,1252,2026-01-09T16:40,SIN_DEMANDA,0,,,,,,,0,0,0,141,734,979.2340425531914,3.0
20262,1.0,1253,2026-01-09T16:50,COMPLETA,1400.5976,0.5,0.5,73.0,229.5,1,0.4166666666666667,1,0,0,141,734,979.2340425531914,3.0
20262,1.0,1254,2026-01-09T17:00,COMPLETA,1387.8945,0.5,0.5,73.0,229.5,1,0.4166666666666667,1,0,0,141,734,979.2340425531914,3.0
20262,1.0,1255,2026-01-09T17:10,COMPLETA,1314.9867,0.5,0.5,73.0,229.5,1,0.4166666666666667,1,0,0,142,735,986.9225352112676,3.0
20262,1.0,1256,2026-01-09T17:20,COMPLETA,1290.7155,0.5,0.5,73.0,229.5,1,0.4166666666666667,1,0,0,142,735,986.9225352112676,3.0
20262,1.0,1257,2026-01-09T17:30,COMPLETA,1299.5238,0.5,0.5,73.0,229.5,1,0.4166666666666667,1,0,0,142,735,986.9225352112676,3.0
20262,1.0,1258,2026-01-09T17:40,COMPLETA,1394.2691,0.5,0.5,73.0,229.5,1,0.4166666666666667,1,0,0,143,744,993.7062937062936,3.0
20262,1.0,1259,2026-01-09T17:50,COMPLETA,1283.2552,0.5,0.5,73.0,229.5,1,0.4166666666666667,1,0,0,144,747,989.1180555555555,3.0
20262,1.0,1260,2026-01-09T18:00,COMPLETA,1287.2538,0.5,0.5,73.0,229.5,1,0.4166666666666667,1,0,0,144,747,989.1180555555555,3.0
20262,1.0,1261,2026-01-09T18:10,COMPLETA,1293.7796,0.5,0.5,63.0,154.5,1,0.4166666666666667,1,0,0,144,747,989.1180555555555,3.0
20262,1.0,1262,2026-01-09T18:20,COMPLETA,1299.7201,0.5,0.5,63.0,154.5,1,0.4166666666666667,1,0,1,145,754,994.0655172413793,3.0
20262,1.0,1263,2026-01-09T18:30,SIN_DEMANDA,0,,,,,,,0,0,0,145,754,994.0655172413793,3.0
20262,1.0,1264,2026-01-09T18:40,SIN_DEMANDA,0,,,,,,,0,0,0,145,754,994.0655172413793,3.0
20262,1.0,1265,2026-01-09T18:50,SIN_DEMANDA,0,,,,,,,0,0,0,145,754,994.0655172413793,3.0
20262,1.0,1266,2026-01-09T19:00,SIN_DEMANDA,0,,,,,,,0,0,0,146,763,998.9691780821918,3.0
20262,1.0,1267,2026-01-09T19:10,SIN_DEMANDA,0,,,,,,,0,0,0,146,763,998.9691780821918,3.0
20262,1.0,1268,2026-01-09T19:20,SIN_DEMANDA,0,,,,,,,0,0,0,146,763,998.9691780821918,3.0
20262,1.0,1269,2026-01-09T19:30,SIN_DEMANDA,0,,,,,,,0,0,0,146,763,998.9691780821918,3.0
20262,1.0,1270,2026-01-09T19:40,SIN_DEMANDA,0,,,,,,,0,0,0,146,763,998.9691780821918,3.0
20262,1.0,1271,2026-01-09T19:50,SIN_DEMANDA,0,,,,,,,0,0,0,146,763,998.9691780821918,3.0
20262,1.0,1272,2026-01-09T20:00,COMPLETA,596.8835,635.5,635.5,26.0,99.0,1,0.08333333333333333,1,0,1,146,763,998.9691780821918,3.0
20262,1.0,1273,2026-01-09T20:10,SIN_DEMANDA,0,,,,,,,0,0,0,147,768,994.6768707482993,3.0
20262,1.0,1274,2026-01-09T20:20,SIN_DEMANDA,0,,,,,,,0,0,0,147,768,994.6768707482993,3.0
20262,1.0,1275,2026-01-09T20:30,SIN_DEMANDA,0,,,,,,,0,0,0,147,768,994.6768707482993,3.0
20262,1.0,1276,2026-01-09T20:40,SIN_DEMANDA,0,,,,,,,0,0,0,147,768,994.6768707482993,3.0
20262,1.0,1277,2026-01-09T20:50,COMPLETA,958.8804,1833.0,1833.0,98.0,267.0,1,0.25,1,0,0,148,778,987.9594594594595,0.5
20262,1.0,1278,2026-01-09T21:00,COMPLETA,1091.3672,1833.0,1833.0,98.0,267.0,1,0.25,1,0,0,148,778,987.9594594594595,0.5
20262,1.0,1279,2026-01-09T21:10,COMPLETA,1002.1149,1833.0,1833.0,98.0,267.0,1,0.25,1,0,0,148,778,987.9594594594595,0.5
20262,1.0,1280,2026-01-09T21:20,COMPLETA,1094.701,1833.0,1833.0,98.0,267.0,1,0.25,1,0,0,149,780,985.5939597315436,0.5
20262,1.0,1281,2026-01-09T21:30,COMPLETA,992.8192,1833.0,1833.0,98.0,267.0,1,0.25,1,0,0,149,780,985.5939597315436,0.5
20262,1.0,1282,2026-01-09T21:40,COMPLETA,979.5615,1833.0,1833.0,98.0,267.0,1,0.25,1,0,0,149,780,985.5939597315436,0.5
20262,1.0,1283,2026-01-09T21:50,COMPLETA,1010.6525,1833.0,1833.0,98.0,267.0,1,0.25,1,0,0,149,780,985.5939597315436,0.5
20262,1.0,1284,2026-01-09T22:00,COMPLETA,1018.5187,1833.0,1833.0,98.0,267.0,1,0.25,1,0,0,149,780,985.5939597315436,0.5
20262,1.0,1285,2026-01-09T22:10,COMPLETA,1002.059,1833.0,1833.0,98.0,267.0,1,0.25,1,0,0,149,780,985.5939597315436,0.5
20262,1.0,1286,2026-01-09T22:20,COMPLETA,1024.0556,1833.0,1833.0,98.0,267.0,1,0.25,1,0,0,149,780,985.5939597315436,0.5
20262,1.0,1287,2026-01-09T22:30,COMPLETA,990.7754,1833.0,1833.0,98.0,267.0,1,0.25,1,0,0,149,780,985.5939597315436,0.5
20262,1.0,1288,2026-01-09T22:40,COMPLETA,1012.9439,1833.0,1833.0,98.0,267.0,1,0.25,1,0,0,149,780,985.5939597315436,0.5
20262,1.0,1289,2026-01-09T22:50,COMPLETA,979.8575,1833.0,1833.0,98.0,267.0,1,0.25,1,0,0,149,780,985.5939597315436,0.5
20262,1.0,1290,2026-01-09T23:00,COMPLETA,1029.0497,1833.0,1833.0,98.0,267.0,1,0.25,1,0,1,149,780,985.5939597315436,0.5
20262,1.0,1291,2026-01-09T23:10,SIN_DEMANDA,0,,,,,,,0,0,0,149,780,985.5939597315436,0.5
20262,1.0,1292,2026-01-09T23:20,SIN_DEMANDA,0,,,,,,,0,0,0,149,780,985.5939597315436,0.5
20262,1.0,1293,2026-01-09T23:30,SIN_DEMANDA,0,,,,,,,0,0,0,149,780,985.5939597315436,0.5
20262,1.0,1294,2026-01-09T23:40,SIN_DEMANDA,0,,,,,,,0,0,0,149,780,985.5939597315436,0.5
20262,1.0,1295,2026-01-09T23:50,SIN_DEMANDA,0,,,,,,,0,0,0,149,780,985.5939597315436,0.5
20262,1.0,1296,2026-01-10T00:00,SIN_DEMANDA,0,,,,,,,0,0,0,149,780,985.5939597315436,0.5
20262,1.0,1297,2026-01-10T00:10,SIN_DEMANDA,0,,,,,,,0,0,0,149,780,985.5939597315436,0.5
20262,1.0,1298,2026-01-10T00:20,SIN_DEMANDA,0,,,,,,,0,0,0,149,780,985.5939597315436,0.5
20262,1.0,1299,2026-01-10T00:30,SIN_DEMANDA,0,,,,,,,0,0,0,149,780,985.5939597315436,0.5
20262,1.0,1300,2026-01-10T00:40,SIN_DEMANDA,0,,,,,,,0,0,0,149,780,985.5939597315436,0.5
20262,1.0,1301,2026-01-10T00:50,SIN_DEMANDA,0,,,,,,,0,0,0,149,780,985.5939597315436,0.5
20262,1.0,1302,2026-01-10T01:00,SIN_DEMANDA,0,,,,,,,0,0,0,149,780,985.5939597315436,0.5
20262,1.0,1303,2026-01-10T01:10,SIN_DEMANDA,0,,,,,,,0,0,0,149,780,985.5939597315436,0.5
20262,1.0,1304,2026-01-10T01:20,SIN_DEMANDA,0,,,,,,,0,0,0,149,780,985.5939597315436,0.5
20262,1.0,1305,2026-01-10T01:30,SIN_DEMANDA,0,,,,,,,0,0,0,149,780,985.5939597315436,0.5
20262,1.0,1306,2026-01-10T01:40,SIN_DEMANDA,0,,,,,,,0,0,0,149,780,985.5939597315436,0.5
20262,1.0,1307,2026-01-10T01:50,SIN_DEMANDA,0,,,,,,,0,0,0,149,780,985.5939597315436,0.5
20262,1.0,1308,2026-01-10T02:00,SIN_DEMANDA,0,,,,,,,0,0,0,149,780,985.5939597315436,0.5
20262,1.0,1309,2026-01-10T02:10,SIN_DEMANDA,0,,,,,,,0,0,0,150,786,991.2433333333333,0.5
20262,1.0,1310,2026-01-10T02:20,SIN_DEMANDA,0,,,,,,,0,0,0,150,786,991.2433333333333,0.5
20262,1.0,1311,2026-01-10T02:30,SIN_DEMANDA,0,,,,,,,0,0,0,150,786,991.2433333333333,0.5
20262,1.0,1312,2026-01-10T02:40,SIN_DEMANDA,0,,,,,,,0,0,0,150,786,991.2433333333333,0.5
20262,1.0,1313,2026-01-10T02:50,SIN_DEMANDA,0,,,,,,,0,0,0,150,786,991.2433333333333,0.5
20262,1.0,1314,2026-01-10T03:00,SIN_DEMANDA,0,,,,,,,0,0,0,150,786,991.2433333333333,0.5
20262,1.0,1315,2026-01-10T03:10,SIN_DEMANDA,0,,,,,,,0,0,0,150,786,991.2433333333333,0.5
20262,1.0,1316,2026-01-10T03:20,SIN_DEMANDA,0,,,,,,,0,0,0,150,786,991.2433333333333,0.5
20262,1.0,1317,2026-01-10T03:30,SIN_DEMANDA,0,,,,,,,0,0,0,150,786,991.2433333333333,0.5
20262,1.0,1318,2026-01-10T03:40,SIN_DEMANDA,0,,,,,,,0,0,0,150,786,991.2433333333333,0.5
20262,1.0,1319,2026-01-10T03:50,SIN_DEMANDA,0,,,,,,,0,0,0,150,786,991.2433333333333,0.5
20262,1.0,1320,2026-01-10T04:00,SIN_DEMANDA,0,,,,,,,0,0,0,150,786,991.2433333333333,0.5
20262,1.0,1321,2026-01-10T04:10,COMPLETA,804.3677,2077.0,2077.0,24.0,96.0,1,0.041666666666666664,1,0,1,150,786,991.2433333333333,0.5
20262,1.0,1322,2026-01-10T04:20,SIN_DEMANDA,0,,,,,,,0,0,0,150,786,991.2433333333333,0.5
20262,1.0,1323,2026-01-10T04:30,SIN_DEMANDA,0,,,,,,,0,0,0,150,786,991.2433333333333,0.5
20262,1.0,1324,2026-01-10T04:40,SIN_DEMANDA,0,,,,,,,0,0,0,150,786,991.2433333333333,0.5
20262,1.0,1325,2026-01-10T04:50,SIN_DEMANDA,0,,,,,,,0,0,0,150,786,991.2433333333333,0.5
20262,1.0,1326,2026-01-10T05:00,SIN_DEMANDA,0,,,,,,,0,0,0,150,786,991.2433333333333,0.5
20262,1.0,1327,2026-01-10T05:10,SIN_DEMANDA,0,,,,,,,0,0,0,150,786,991.2433333333333,0.5
20262,1.0,1328,2026-01-10T05:20,COMPLETA,949.4418,230.0,230.0,73.0,229.5,1,0.25,1,0,0,150,786,991.2433333333333,0.5
20262,1.0,1329,2026-01-10T05:30,COMPLETA,978.7928,230.0,230.0,73.0,229.5,1,0.25,1,0,0,151,787,998.433774834437,0.5
20262,1.0,1330,2026-01-10T05:40,COMPLETA,924.1762,230.0,230.0,73.0,229.5,1,0.25,1,0,0,151,787,998.433774834437,0.5
20262,1.0,1331,2026-01-10T05:50,COMPLETA,941.0941,230.0,230.0,73.0,229.5,1,0.25,1,0,0,151,787,998.433774834437,0.5
20262,1.0,1332,2026-01-10T06:00,COMPLETA,966.0767,230.0,230.0,73.0,229.5,1,0.25,1,0,0,151,787,998.433774834437,0.5
20262,1.0,1333,2026-01-10T06:10,COMPLETA,1062.8239,230.0,230.0,73.0,229.5,1,0.25,1,0,0,151,787,998.433774834437,0.5
20262,1.0,1334,2026-01-10T06:20,COMPLETA,981.2798,230.0,230.0,73.0,229.5,1,0.25,1,0,0,151,787,998.433774834437,0.5
20262,1.0,1335,2026-01-10T06:30,COMPLETA,1667.2483,528.25,230.0,197.0,535.5,2,0.2916666666666667,2,0,0,151,787,998.433774834437,0.5
20262,1.0,1336,2026-01-10T06:40,COMPLETA,1738.3472,528.25,230.0,197.0,535.5,2,0.2916666666666667,2,0,0,151,787,998.433774834437,0.5
20262,1.0,1337,2026-01-10T06:50,COMPLETA,1806.1318,528.25,230.0,197.0,535.5,2,0.2916666666666667,2,0,0,151,787,998.433774834437,0.5
20262,1.0,1338,2026-01-10T07:00,COMPLETA,1744.9683,528.25,230.0,197.0,535.5,2,0.2916666666666667,2,0,2,151,787,998.433774834437,0.5
20262,1.0,1339,2026-01-10T07:10,SIN_DEMANDA,0,,,,,,,0,0,0,151,787,998.433774834437,0.5
20262,1.0,1340,2026-01-10T07:20,SIN_DEMANDA,0,,,,,,,0,0,0,151,787,998.433774834437,0.5
20262,1.0,1341,2026-01-10T07:30,SIN_DEMANDA,0,,,,,,,0,0,0,151,787,998.433774834437,0.5
20262,1.0,1342,2026-01-10T07:40,SIN_DEMANDA,0,,,,,,,0,0,0,151,787,998.433774834437,0.5
20262,1.0,1343,2026-01-10T07:50,COMPLETA,1033.8451,1587.5,1587.5,67.0,220.5,1,0.3333333333333333,1,0,0,151,787,998.433774834437,0.5
20262,1.0,1344,2026-01-10T08:00,COMPLETA,964.9791,1587.5,1587.5,67.0,220.5,1,0.3333333333333333,1,0,0,151,787,998.433774834437,0.5
20262,1.0,1345,2026-01-10T08:10,COMPLETA,1035.6858,1587.5,1587.5,67.0,220.5,1,0.3333333333333333,1,0,0,151,787,998.433774834437,0.5
20262,1.0,1346,2026-01-10T08:20,COMPLETA,1005.5138,1587.5,1587.5,67.0,220.5,1,0.3333333333333333,1,0,0,151,787,998.433774834437,0.5
20262,1.0,1347,2026-01-10T08:30,COMPLETA,964.9033,1587.5,1587.5,67.0,220.5,1,0.3333333333333333,1,0,0,151,787,998.433774834437,0.5
20262,1.0,1348,2026-01-10T08:40,COMPLETA,1345.8931,1816.0,1587.5,133.0,439.5,2,0.1875,2,0,1,151,787,998.433774834437,0.5
20262,1.0,1349,2026-01-10T08:50,COMPLETA,959.0112,1587.5,1587.5,67.0,220.5,1,0.3333333333333333,1,0,0,151,787,998.433774834437,0.5
20262,1.0,1350,2026-01-10T09:00,COMPLETA,1476.0737,983.75,380.0,111.0,346.5,2,0.22916666666666666,2,0,1,151,787,998.433774834437,0.5
20262,1.0,1351,2026-01-10T09:10,COMPLETA,1006.4965,1587.5,1587.5,67.0,220.5,1,0.3333333333333333,1,0,0,151,787,998.433774834437,0.5
20262,1.0,1352,2026-01-10T09:20,COMPLETA,1062.4526,1587.5,1587.5,67.0,220.5,1,0.3333333333333333,1,0,0,151,787,998.433774834437,0.5
20262,1.0,1353,2026-01-10T09:30,COMPLETA,993.4256,1587.5,1587.5,67.0,220.5,1,0.3333333333333333,1,0,0,152,793,993.3782894736842,0.5
20262,1.0,1354,2026-01-10T09:40,COMPLETA,966.0544,1587.5,1587.5,67.0,220.5,1,0.3333333333333333,1,0,0,152,793,993.3782894736842,0.5
20262,1.0,1355,2026-01-10T09:50,COMPLETA,995.0346,1587.5,1587.5,67.0,220.5,1,0.3333333333333333,1,0,0,152,793,993.3782894736842,0.5
20262,1.0,1356,2026-01-10T10:00,COMPLETA,1012.5622,1587.5,1587.5,67.0,220.5,1,0.3333333333333333,1,0,0,152,793,993.3782894736842,0.5
20262,1.0,1357,2026-01-10T10:10,COMPLETA,1381.396,1111.25,635.0,99.0,328.5,2,0.20833333333333334,2,0,1,152,793,993.3782894736842,0.5
20262,1.0,1358,2026-01-10T10:20,COMPLETA,1858.5112,1600.75,1587.5,122.0,363.0,1,0.75,2,0,0,152,793,993.3782894736842,0.5
20262,1.0,1359,2026-01-10T10:30,COMPLETA,1808.0543,1600.75,1587.5,122.0,363.0,1,0.75,2,0,0,153,794,1000.2483660130719,0.5
20262,1.0,1360,2026-01-10T10:40,COMPLETA,1953.3509,1600.75,1587.5,122.0,363.0,1,0.75,2,0,0,155,805,995.1258064516129,0.5
20262,1.0,1361,2026-01-10T10:50,COMPLETA,1883.4856,1600.75,1587.5,122.0,363.0,1,0.75,2,0,0,155,805,995.1258064516129,0.5
20262,1.0,1362,2026-01-10T11:00,COMPLETA,1975.5774,1395.6666666666667,985.5,156.0,474.0,2,0.4583333333333333,3,0,1,155,805,995.1258064516129,0.5
20262,1.0,1363,2026-01-10T11:10,COMPLETA,1872.7912,1600.75,1587.5,122.0,363.0,1,0.75,2,0,0,155,805,995.1258064516129,0.5
20262,1.0,1364,2026-01-10T11:20,COMPLETA,2151.8528,1724.8333333333333,1587.5,161.0,481.5,2,0.5416666666666666,3,0,0,155,805,995.1258064516129,0.5
20262,1.0,1365,2026-01-10T11:30,COMPLETA,2190.8693,1724.8333333333333,1587.5,161.0,481.5,2,0.5416666666666666,3,0,0,155,805,995.1258064516129,0.5
20262,1.0,1366,2026-01-10T11:40,COMPLETA,2382.4713,1888.0,1761.5,179.0,448.5,3,0.3611111111111111,3,0,0,156,807,992.8173076923077,0.5
20262,1.0,1367,2026-01-10T11:50,COMPLETA,2655.0572,1552.5,559.0,248.0,612.0,4,0.34375,4,0,1,156,807,992.8173076923077,0.5
20262,1.0,1368,2026-01-10T12:00,COMPLETA,2159.9318,1373.1666666666667,385.0,175.0,502.5,3,0.3194444444444444,3,0,1,156,807,992.8173076923077,0.5
20262,1.0,1369,2026-01-10T12:10,COMPLETA,1779.2532,1104.75,449.5,55.0,262.5,1,0.625,2,0,0,156,807,992.8173076923077,0.5
20262,1.0,1370,2026-01-10T12:20,COMPLETA,1847.428,1104.75,449.5,55.0,262.5,1,0.625,2,0,0,156,807,992.8173076923077,0.5
20262,1.0,1371,2026-01-10T12:30,COMPLETA,1868.6996,1104.75,449.5,55.0,262.5,1,0.625,2,0,0,157,811,992.7707006369427,0.5
20262,1.0,1372,2026-01-10T12:40,COMPLETA,1826.8188,1104.75,449.5,55.0,262.5,1,0.625,2,0,0,157,811,992.7707006369427,0.5
20262,1.0,1373,2026-01-10T12:50,COMPLETA,1803.4853,1104.75,449.5,55.0,262.5,1,0.625,2,0,0,157,811,992.7707006369427,0.5
20262,1.0,1374,2026-01-10T13:00,COMPLETA,1864.7393,1104.75,449.5,55.0,262.5,1,0.625,2,0,0,157,811,992.7707006369427,0.5
20262,1.0,1375,2026-01-10T13:10,COMPLETA,1967.9054,1104.75,449.5,55.0,262.5,1,0.625,2,0,0,157,811,992.7707006369427,0.5
20262,1.0,1376,2026-01-10T13:20,COMPLETA,1847.1392,1104.75,449.5,55.0,262.5,1,0.625,2,0,0,157,811,992.7707006369427,0.5
20262,1.0,1377,2026-01-10T13:30,COMPLETA,1875.7825,1104.75,449.5,55.0,262.5,1,0.625,2,0,0,157,811,992.7707006369427,0.5
20262,1.0,1378,2026-01-10T13:40,COMPLETA,1848.6111,1104.75,449.5,55.0,262.5,1,0.625,2,0,0,157,811,992.7707006369427,0.5
20262,1.0,1379,2026-01-10T13:50,COMPLETA,2024.9651,1104.75,449.5,55.0,262.5,1,0.625,2,0,0,157,811,992.7707006369427,0.5
20262,1.0,1380,2026-01-10T14:00,COMPLETA,1885.0519,1104.75,449.5,55.0,262.5,1,0.625,2,0,0,157,811,992.7707006369427,0.5
20262,1.0,1381,2026-01-10T14:10,COMPLETA,1799.7521,1104.75,449.5,55.0,262.5,1,0.625,2,0,0,158,821,998.6993670886076,0.5
20262,1.0,1382,2026-01-10T14:20,COMPLETA,1818.5645,1104.75,449.5,55.0,262.5,1,0.625,2,0,0,158,821,998.6993670886076,0.5
20262,1.0,1383,2026-01-10T14:30,COMPLETA,1985.9482,1104.75,449.5,55.0,262.5,1,0.625,2,0,0,159,829,1003.496855345912,0.5
20262,1.0,1384,2026-01-10T14:40,COMPLETA,1788.0766,1104.75,449.5,55.0,262.5,1,0.625,2,0,0,159,829,1003.496855345912,0.5
20262,1.0,1385,2026-01-10T14:50,COMPLETA,1844.2065,1104.75,449.5,55.0,262.5,1,0.625,2,0,0,159,829,1003.496855345912,0.5
20262,1.0,1386,2026-01-10T15:00,COMPLETA,2035.7936,936.8333333333334,449.5,123.0,484.5,2,0.3541666666666667,3,0,2,159,829,1003.496855345912,0.5
20262,1.0,1387,2026-01-10T15:10,SIN_DEMANDA,0,,,,,,,0,0,0,159,829,1003.496855345912,0.5
20262,1.0,1388,2026-01-10T15:20,SIN_DEMANDA,0,,,,,,,0,0,0,159,829,1003.496855345912,0.5
20262,1.0,1389,2026-01-10T15:30,SIN_DEMANDA,0,,,,,,,0,0,0,159,829,1003.496855345912,0.5
20262,1.0,1390,2026-01-10T15:40,COMPLETA,983.1646,267.5,267.5,39.0,427.5,1,0.25,1,0,1,159,829,1003.496855345912,0.5
20262,1.0,1391,2026-01-10T15:50,SIN_DEMANDA,0,,,,,,,0,0,0,159,829,1003.496855345912,0.5
20262,1.0,1392,2026-01-10T16:00,SIN_DEMANDA,0,,,,,,,0,0,0,159,829,1003.496855345912,0.5
20262,1.0,1393,2026-01-10T16:10,SIN_DEMANDA,0,,,,,,,0,0,0,159,829,1003.496855345912,0.5
20262,1.0,1394,2026-01-10T16:20,SIN_DEMANDA,0,,,,,,,0,0,0,160,836,1000.034375,0.5
20262,1.0,1395,2026-01-10T16:30,SIN_DEMANDA,0,,,,,,,0,0,0,160,836,1000.034375,0.5
20262,1.0,1396,2026-01-10T16:40,SIN_DEMANDA,0,,,,,,,0,0,0,160,836,1000.034375,0.5
20262,1.0,1397,2026-01-10T16:50,SIN_DEMANDA,0,,,,,,,0,0,0,160,836,1000.034375,0.5
20262,1.0,1398,2026-01-10T17:00,SIN_DEMANDA,0,,,,,,,0,0,0,161,838,997.555900621118,0.5
20262,1.0,1399,2026-01-10T17:10,SIN_DEMANDA,0,,,,,,,0,0,0,161,838,997.555900621118,0.5
20262,1.0,1400,2026-01-10T17:20,SIN_DEMANDA,0,,,,,,,0,0,0,161,838,997.555900621118,0.5
20262,1.0,1401,2026-01-10T17:30,SIN_DEMANDA,0,,,,,,,0,0,0,161,838,997.555900621118,0.5
20262,1.0,1402,2026-01-10T17:40,SIN_DEMANDA,0,,,,,,,0,0,0,161,838,997.555900621118,0.5
20262,1.0,1403,2026-01-10T17:50,SIN_DEMANDA,0,,,,,,,0,0,0,161,838,997.555900621118,0.5
20262,1.0,1404,2026-01-10T18:00,SIN_DEMANDA,0,,,,,,,0,0,0,162,846,1002.2623456790124,0.5
20262,1.0,1405,2026-01-10T18:10,SIN_DEMANDA,0,,,,,,,0,0,0,162,846,1002.2623456790124,0.5
20262,1.0,1406,2026-01-10T18:20,SIN_DEMANDA,0,,,,,,,0,0,0,162,846,1002.2623456790124,0.5
20262,1.0,1407,2026-01-10T18:30,SIN_DEMANDA,0,,,,,,,0,0,0,162,846,1002.2623456790124,0.5
20262,1.0,1408,2026-01-10T18:40,SIN_DEMANDA,0,,,,,,,0,0,0,162,846,1002.2623456790124,0.5
20262,1.0,1409,2026-01-10T18:50,SIN_DEMANDA,0,,,,,,,0,0,0,162,846,1002.2623456790124,0.5
20262,1.0,1410,2026-01-10T19:00,SIN_DEMANDA,0,,,,,,,0,0,0,162,846,1002.2623456790124,0.5
20262,1.0,1411,2026-01-10T19:10,SIN_DEMANDA,0,,,,,,,0,0,0,163,852,997.7546012269938,0.5
20262,1.0,1412,2026-01-10T19:20,SIN_DEMANDA,0,,,,,,,0,0,0,163,852,997.7546012269938,0.5
20262,1.0,1413,2026-01-10T19:30,SIN_DEMANDA,0,,,,,,,0,0,0,163,852,997.7546012269938,0.5
20262,1.0,1414,2026-01-10T19:40,SIN_DEMANDA,0,,,,,,,0,0,0,163,852,997.7546012269938,0.5
20262,1.0,1415,2026-01-10T19:50,SIN_DEMANDA,0,,,,,,,0,0,0,163,852,997.7546012269938,0.5
20262,1.0,1416,2026-01-10T20:00,SIN_DEMANDA,0,,,,,,,0,0,0,163,852,997.7546012269938,0.5
20262,1.0,1417,2026-01-10T20:10,SIN_DEMANDA,0,,,,,,,0,0,0,163,852,997.7546012269938,0.5
20262,1.0,1418,2026-01-10T20:20,SIN_DEMANDA,0,,,,,,,0,0,0,163,852,997.7546012269938,0.5
20262,1.0,1419,2026-01-10T20:30,SIN_DEMANDA,0,,,,,,,0,0,0,163,852,997.7546012269938,0.5
20262,1.0,1420,2026-01-10T20:40,SIN_DEMANDA,0,,,,,,,0,0,0,163,852,997.7546012269938,0.5
20262,1.0,1421,2026-01-10T20:50,SIN_DEMANDA,0,,,,,,,0,0,0,163,852,997.7546012269938,0.5
20262,1.0,1422,2026-01-10T21:00,SIN_DEMANDA,0,,,,,,,0,0,0,163,852,997.7546012269938,0.5
20262,1.0,1423,2026-01-10T21:10,SIN_DEMANDA,0,,,,,,,0,0,0,163,852,997.7546012269938,0.5
20262,1.0,1424,2026-01-10T21:20,SIN_DEMANDA,0,,,,,,,0,0,0,163,852,997.7546012269938,0.5
20262,1.0,1425,2026-01-10T21:30,SIN_DEMANDA,0,,,,,,,0,0,0,163,852,997.7546012269938,0.5
20262,1.0,1426,2026-01-10T21:40,COMPLETA,974.7692,235.5,235.5,86.0,249.0,1,0.25,1,0,0,163,852,997.7546012269938,0.5
20262,1.0,1427,2026-01-10T21:50,COMPLETA,936.2447,235.5,235.5,86.0,249.0,1,0.25,1,0,0,163,852,997.7546012269938,0.5
20262,1.0,1428,2026-01-10T22:00,COMPLETA,1035.1213,235.5,235.5,86.0,249.0,1,0.25,1,0,0,163,852,997.7546012269938,0.5
20262,1.0,1429,2026-01-10T22:10,COMPLETA,905.264,235.5,235.5,86.0,249.0,1,0.25,1,0,0,163,852,997.7546012269938,0.5
20262,1.0,1430,2026-01-10T22:20,COMPLETA,1061.2849,235.5,235.5,86.0,249.0,1,0.25,1,0,0,163,852,997.7546012269938,0.5
20262,1.0,1431,2026-01-10T22:30,COMPLETA,1018.0369,235.5,235.5,86.0,249.0,1,0.25,1,0,0,163,852,997.7546012269938,0.5
20262,1.0,1432,2026-01-10T22:40,COMPLETA,930.3667,235.5,235.5,86.0,249.0,1,0.25,1,0,0,163,852,997.7546012269938,0.5
20262,1.0,1433,2026-01-10T22:50,COMPLETA,1749.6855,1413.1666666666667,175.5,100.0,450.0,2,0.2916666666666667,3,0,0,163,852,997.7546012269938,0.5
20262,1.0,1434,2026-01-10T23:00,COMPLETA,1760.8668,1413.1666666666667,175.5,100.0,450.0,2,0.2916666666666667,3,0,2,163,852,997.7546012269938,0.5
20262,1.0,1435,2026-01-10T23:10,COMPLETA,918.5863,49.5,49.5,114.0,291.0,1,0.2916666666666667,1,0,1,163,852,997.7546012269938,0.5
20262,1.0,1436,2026-01-10T23:20,SIN_DEMANDA,0,,,,,,,0,0,0,163,852,997.7546012269938,0.5
20262,1.0,1437,2026-01-10T23:30,SIN_DEMANDA,0,,,,,,,0,0,0,163,852,997.7546012269938,0.5
20262,1.0,1438,2026-01-10T23:40,COMPLETA,1334.9342,62.5,62.5,116.0,294.0,1,0.4166666666666667,1,0,0,163,852,997.7546012269938,0.5
20262,1.0,1439,2026-01-10T23:50,COMPLETA,1282.4393,62.5,62.5,116.0,294.0,1,0.4166666666666667,1,0,0,163,852,997.7546012269938,0.5
20262,1.0,1440,2026-01-11T00:00,COMPLETA,1355.7546,62.5,62.5,116.0,294.0,1,0.4166666666666667,1,0,0,163,852,997.7546012269938,0.5
20262,1.0,1441,2026-01-11T00:10,COMPLETA,1782.2911,525.25,62.5,152.0,468.0,2,0.22916666666666666,2,0,1,163,852,997.7546012269938,0.5
20262,1.0,1442,2026-01-11T00:20,COMPLETA,1301.2525,62.5,62.5,116.0,294.0,1,0.4166666666666667,1,0,0,164,853,1004.3506097560976,0.5
20262,1.0,1443,2026-01-11T00:30,COMPLETA,1701.7472,111.5,62.5,138.0,447.0,2,0.2708333333333333,2,0,1,164,853,1004.3506097560976,0.5
20262,1.0,1444,2026-01-11T00:40,COMPLETA,1287.1645,62.5,62.5,116.0,294.0,1,0.4166666666666667,1,0,0,164,853,1004.3506097560976,0.5
20262,1.0,1445,2026-01-11T00:50,COMPLETA,1320.0181,62.5,62.5,116.0,294.0,1,0.4166666666666667,1,0,0,164,853,1004.3506097560976,0.5
20262,1.0,1446,2026-01-11T01:00,COMPLETA,1273.3766,62.5,62.5,116.0,294.0,1,0.4166666666666667,1,0,0,164,853,1004.3506097560976,0.5
20262,1.0,1447,2026-01-11T01:10,COMPLETA,1273.6608,62.5,62.5,116.0,294.0,1,0.4166666666666667,1,0,0,164,853,1004.3506097560976,0.5
20262,1.0,1448,2026-01-11T01:20,COMPLETA,1278.9682,62.5,62.5,116.0,294.0,1,0.4166666666666667,1,0,0,164,853,1004.3506097560976,0.5
20262,1.0,1449,2026-01-11T01:30,COMPLETA,1289.7938,62.5,62.5,116.0,294.0,1,0.4166666666666667,1,0,0,164,853,1004.3506097560976,0.5
20262,1.0,1450,2026-01-11T01:40,COMPLETA,1419.4825,62.5,62.5,116.0,294.0,1,0.4166666666666667,1,0,0,166,861,1010.156626506024,0.5
20262,1.0,1451,2026-01-11T01:50,COMPLETA,1287.7608,62.5,62.5,116.0,294.0,1,0.4166666666666667,1,0,0,167,864,1005.0688622754491,0.5
20262,1.0,1452,2026-01-11T02:00,COMPLETA,1312.1442,62.5,62.5,116.0,294.0,1,0.4166666666666667,1,0,0,167,864,1005.0688622754491,0.5
20262,1.0,1453,2026-01-11T02:10,COMPLETA,1282.6973,62.5,62.5,116.0,294.0,1,0.4166666666666667,1,0,0,167,864,1005.0688622754491,0.5
20262,1.0,1454,2026-01-11T02:20,COMPLETA,1339.1861,62.5,62.5,116.0,294.0,1,0.4166666666666667,1,0,0,167,864,1005.0688622754491,0.5
20262,1.0,1455,2026-01-11T02:30,COMPLETA,1299.0875,62.5,62.5,116.0,294.0,1,0.4166666666666667,1,0,0,168,871,999.3809523809524,0.5
20262,1.0,1456,2026-01-11T02:40,COMPLETA,1296.2976,62.5,62.5,116.0,294.0,1,0.4166666666666667,1,0,0,168,871,999.3809523809524,0.5
20262,1.0,1457,2026-01-11T02:50,COMPLETA,1324.2543,62.5,62.5,116.0,294.0,1,0.4166666666666667,1,0,0,169,877,994.5059171597633,0.5
20262,1.0,1458,2026-01-11T03:00,COMPLETA,1682.5675,344.5,62.5,154.0,411.0,2,0.2708333333333333,2,0,1,169,877,994.5059171597633,0.5
20262,1.0,1459,2026-01-11T03:10,COMPLETA,1919.7312,357.75,2.5,116.0,354.0,1,0.75,2,0,0,169,877,994.5059171597633,0.5
20262,1.0,1460,2026-01-11T03:20,COMPLETA,1850.2196,357.75,2.5,116.0,354.0,1,0.75,2,0,0,169,877,994.5059171597633,0.5
20262,1.0,1461,2026-01-11T03:30,COMPLETA,1839.2223,357.75,2.5,116.0,354.0,1,0.75,2,0,0,169,877,994.5059171597633,0.5
20262,1.0,1462,2026-01-11T03:40,COMPLETA,2093.0956,423.6666666666667,56.5,297.0,745.5,3,0.3888888888888889,3,0,1,169,877,994.5059171597633,0.5
20262,1.0,1463,2026-01-11T03:50,COMPLETA,1999.3245,328.25,296.5,159.0,418.5,2,0.4166666666666667,2,0,0,169,877,994.5059171597633,0.5
20262,1.0,1464,2026-01-11T04:00,COMPLETA,1789.365,328.25,296.5,159.0,418.5,2,0.4166666666666667,2,0,1,169,877,994.5059171597633,0.5
20262,1.0,1465,2026-01-11T04:10,COMPLETA,1356.8887,295.5,295.5,128.0,312.0,1,0.4166666666666667,1,0,0,169,877,994.5059171597633,0.5
20262,1.0,1466,2026-01-11T04:20,COMPLETA,1339.8799,295.5,295.5,128.0,312.0,1,0.4166666666666667,1,0,0,169,877,994.5059171597633,0.5
20262,1.0,1467,2026-01-11T04:30,COMPLETA,1325.4383,295.5,295.5,128.0,312.0,1,0.4166666666666667,1,0,0,170,880,992.3411764705883,0.5
20262,1.0,1468,2026-01-11T04:40,COMPLETA,1371.3294,295.5,295.5,128.0,312.0,1,0.4166666666666667,1,0,0,170,880,992.3411764705883,0.5
20262,1.0,1469,2026-01-11T04:50,COMPLETA,1502.2264,295.5,295.5,128.0,312.0,1,0.4166666666666667,1,0,0,170,880,992.3411764705883,0.5
20262,1.0,1470,2026-01-11T05:00,COMPLETA,1360.2914,295.5,295.5,128.0,312.0,1,0.4166666666666667,1,0,0,170,880,992.3411764705883,0.5
20262,1.0,1471,2026-01-11T05:10,COMPLETA,1317.7463,295.5,295.5,128.0,312.0,1,0.4166666666666667,1,0,0,170,880,992.3411764705883,0.5
20262,1.0,1472,2026-01-11T05:20,COMPLETA,1299.0705,295.5,295.5,128.0,312.0,1,0.4166666666666667,1,0,0,170,880,992.3411764705883,0.5
20262,1.0,1473,2026-01-11T05:30,COMPLETA,1310.3317,295.5,295.5,128.0,312.0,1,0.4166666666666667,1,0,0,170,880,992.3411764705883,0.5
20262,1.0,1474,2026-01-11T05:40,COMPLETA,1295.2852,295.5,295.5,128.0,312.0,1,0.4166666666666667,1,0,0,170,880,992.3411764705883,0.5
20262,1.0,1475,2026-01-11T05:50,COMPLETA,1305.7018,295.5,295.5,128.0,312.0,1,0.4166666666666667,1,0,0,171,888,991.8771929824561,0.5
20262,1.0,1476,2026-01-11T06:00,COMPLETA,1320.7693,295.5,295.5,128.0,312.0,1,0.4166666666666667,1,0,0,171,888,991.8771929824561,0.5
20262,1.0,1477,2026-01-11T06:10,COMPLETA,1409.6522,295.5,295.5,128.0,312.0,1,0.4166666666666667,1,0,0,171,888,991.8771929824561,0.5
20262,1.0,1478,2026-01-11T06:20,COMPLETA,1917.2358,1169.5,295.5,150.0,465.0,2,0.2708333333333333,2,0,0,171,888,991.8771929824561,0.5
20262,1.0,1479,2026-01-11T06:30,COMPLETA,1826.9042,1169.5,295.5,150.0,465.0,2,0.2708333333333333,2,0,0,171,888,991.8771929824561,0.5
20262,1.0,1480,2026-01-11T06:40,COMPLETA,1846.3452,1169.5,295.5,150.0,465.0,2,0.2708333333333333,2,0,0,172,898,987.8343023255813,0.5
20262,1.0,1481,2026-01-11T06:50,COMPLETA,1734.2956,1169.5,295.5,150.0,465.0,2,0.2708333333333333,2,0,0,172,898,987.8343023255813,0.5
20262,1.0,1482,2026-01-11T07:00,COMPLETA,1771.192,1169.5,295.5,150.0,465.0,2,0.2708333333333333,2,0,2,172,898,987.8343023255813,0.5
20262,1.0,1483,2026-01-11T07:10,SIN_DEMANDA,0,,,,,,,0,0,0,172,898,987.8343023255813,0.5
20262,1.0,1484,2026-01-11T07:20,SIN_DEMANDA,0,,,,,,,0,0,0,172,898,987.8343023255813,0.5
20262,1.0,1485,2026-01-11T07:30,SIN_DEMANDA,0,,,,,,,0,0,0,172,898,987.8343023255813,0.5
20262,1.0,1486,2026-01-11T07:40,SIN_DEMANDA,0,,,,,,,0,0,0,172,898,987.8343023255813,0.5
20262,1.0,1487,2026-01-11T07:50,SIN_DEMANDA,0,,,,,,,0,0,0,172,898,987.8343023255813,0.5
20262,1.0,1488,2026-01-11T08:00,SIN_DEMANDA,0,,,,,,,0,0,0,172,898,987.8343023255813,0.5
20262,1.0,1489,2026-01-11T08:10,SIN_DEMANDA,0,,,,,,,0,0,0,172,898,987.8343023255813,0.5
20262,1.0,1490,2026-01-11T08:20,SIN_DEMANDA,0,,,,,,,0,0,0,173,901,993.9364161849711,0.5
20262,1.0,1491,2026-01-11T08:30,SIN_DEMANDA,0,,,,,,,0,0,0,173,901,993.9364161849711,0.5
20262,1.0,1492,2026-01-11T08:40,SIN_DEMANDA,0,,,,,,,0,0,0,173,901,993.9364161849711,0.5
20262,1.0,1493,2026-01-11T08:50,SIN_DEMANDA,0,,,,,,,0,0,0,173,901,993.9364161849711,0.5
20262,1.0,1494,2026-01-11T09:00,SIN_DEMANDA,0,,,,,,,0,0,0,173,901,993.9364161849711,0.5
20262,1.0,1495,2026-01-11T09:10,SIN_DEMANDA,0,,,,,,,0,0,0,173,901,993.9364161849711,0.5
20262,1.0,1496,2026-01-11T09:20,SIN_DEMANDA,0,,,,,,,0,0,0,173,901,993.9364161849711,0.5
20262,1.0,1497,2026-01-11T09:30,SIN_DEMANDA,0,,,,,,,0,0,0,173,901,993.9364161849711,0.5
20262,1.0,1498,2026-01-11T09:40,COMPLETA,1028.6363,627.0,627.0,45.0,187.5,1,0.2916666666666667,1,0,0,173,901,993.9364161849711,0.5
20262,1.0,1499,2026-01-11T09:50,COMPLETA,1881.5327,1113.75,627.0,100.0,330.0,1,0.6666666666666666,2,0,0,173,901,993.9364161849711,0.5
20262,1.0,1500,2026-01-11T10:00,COMPLETA,1912.4116,1113.75,627.0,100.0,330.0,1,0.6666666666666666,2,0,0,173,901,993.9364161849711,0.5
20262,1.0,1501,2026-01-11T10:10,COMPLETA,1948.7849,1113.75,627.0,100.0,330.0,1,0.6666666666666666,2,0,0,173,901,993.9364161849711,0.5
20262,1.0,1502,2026-01-11T10:20,COMPLETA,1913.3651,1113.75,627.0,100.0,330.0,1,0.6666666666666666,2,0,0,173,901,993.9364161849711,0.5
20262,1.0,1503,2026-01-11T10:30,COMPLETA,1877.2805,1113.75,627.0,100.0,330.0,1,0.6666666666666666,2,0,0,173,901,993.9364161849711,0.5
20262,1.0,1504,2026-01-11T10:40,COMPLETA,1933.0683,1113.75,627.0,100.0,330.0,1,0.6666666666666666,2,0,0,173,901,993.9364161849711,0.5
20262,1.0,1505,2026-01-11T10:50,COMPLETA,1908.3751,1113.75,627.0,100.0,330.0,1,0.6666666666666666,2,0,0,174,911,989.9224137931035,0.5
20262,1.0,1506,2026-01-11T11:00,COMPLETA,1908.7333,1113.75,627.0,100.0,330.0,1,0.6666666666666666,2,0,0,174,911,989.9224137931035,0.5
20262,1.0,1507,2026-01-11T11:10,COMPLETA,2113.8147,1113.75,627.0,100.0,330.0,1,0.6666666666666666,2,0,0,174,911,989.9224137931035,0.5
20262,1.0,1508,2026-01-11T11:20,COMPLETA,2086.8024,1113.75,627.0,100.0,330.0,1,0.6666666666666666,2,0,0,174,911,989.9224137931035,0.5
20262,1.0,1509,2026-01-11T11:30,COMPLETA,1905.779,1113.75,627.0,100.0,330.0,1,0.6666666666666666,2,0,0,174,911,989.9224137931035,0.5
20262,1.0,1510,2026-01-11T11:40,COMPLETA,1953.496,1113.75,627.0,100.0,330.0,1,0.6666666666666666,2,0,0,174,911,989.9224137931035,0.5
20262,1.0,1511,2026-01-11T11:50,COMPLETA,1930.1747,1362.5,792.0,92.0,258.0,2,0.3333333333333333,2,0,1,174,911,989.9224137931035,0.5
20262,1.0,1512,2026-01-11T12:00,COMPLETA,1107.6881,792.0,792.0,47.0,130.5,1,0.2916666666666667,1,0,0,174,911,989.9224137931035,0.5
20262,1.0,1513,2026-01-11T12:10,COMPLETA,1025.0622,792.0,792.0,47.0,130.5,1,0.2916666666666667,1,0,1,174,911,989.9224137931035,0.5
20262,1.0,1514,2026-01-11T12:20,SIN_DEMANDA,0,,,,,,,0,0,0,174,911,989.9224137931035,0.5
20262,1.0,1515,2026-01-11T12:30,SIN_DEMANDA,0,,,,,,,0,0,0,174,911,989.9224137931035,0.5
20262,1.0,1516,2026-01-11T12:40,SIN_DEMANDA,0,,,,,,,0,0,0,174,911,989.9224137931035,0.5
20262,1.0,1517,2026-01-11T12:50,COMPLETA,680.1638,408.5,408.5,14.0,81.0,1,0.08333333333333333,1,0,1,174,911,989.9224137931035,0.5
20262,1.0,1518,2026-01-11T13:00,SIN_DEMANDA,0,,,,,,,0,0,0,174,911,989.9224137931035,0.5
20262,1.0,1519,2026-01-11T13:10,SIN_DEMANDA,0,,,,,,,0,0,0,174,911,989.9224137931035,0.5
20262,1.0,1520,2026-01-11T13:20,SIN_DEMANDA,0,,,,,,,0,0,0,174,911,989.9224137931035,0.5
20262,1.0,1521,2026-01-11T13:30,COMPLETA,1342.1272,251.0,251.0,71.0,226.5,1,0.4166666666666667,1,0,0,175,920,995.3114285714286,0.5
20262,1.0,1522,2026-01-11T13:40,COMPLETA,1334.1357,251.0,251.0,71.0,226.5,1,0.4166666666666667,1,0,0,175,920,995.3114285714286,0.5
20262,1.0,1523,2026-01-11T13:50,COMPLETA,1342.096,251.0,251.0,71.0,226.5,1,0.4166666666666667,1,0,0,175,920,995.3114285714286,0.5
20262,1.0,1524,2026-01-11T14:00,COMPLETA,1349.0751,251.0,251.0,71.0,226.5,1,0.4166666666666667,1,0,0,175,920,995.3114285714286,0.5
20262,1.0,1525,2026-01-11T14:10,COMPLETA,1337.3584,251.0,251.0,71.0,226.5,1,0.4166666666666667,1,0,0,176,922,991.9772727272727,0.5
20262,1.0,1526,2026-01-11T14:20,COMPLETA,1413.1605,251.0,251.0,71.0,226.5,1,0.4166666666666667,1,0,0,176,922,991.9772727272727,0.5
20262,1.0,1527,2026-01-11T14:30,COMPLETA,1399.6306,251.0,251.0,71.0,226.5,1,0.4166666666666667,1,0,0,177,929,990.8474576271186,0.5
20262,1.0,1528,2026-01-11T14:40,COMPLETA,1359.6502,251.0,251.0,71.0,226.5,1,0.4166666666666667,1,0,0,177,929,990.8474576271186,0.5
20262,1.0,1529,2026-01-11T14:50,COMPLETA,2079.066,147.0,43.0,181.0,511.5,2,0.3958333333333333,2,0,0,177,929,990.8474576271186,0.5
20262,1.0,1530,2026-01-11T15:00,COMPLETA,1902.3376,147.0,43.0,181.0,511.5,2,0.3958333333333333,2,0,2,177,929,990.8474576271186,0.5
20262,1.0,1531,2026-01-11T15:10,SIN_DEMANDA,0,,,,,,,0,0,0,177,929,990.8474576271186,0.5
20262,1.0,1532,2026-01-11T15:20,SIN_DEMANDA,0,,,,,,,0,0,0,177,929,990.8474576271186,0.5
20262,1.0,1533,2026-01-11T15:30,SIN_DEMANDA,0,,,,,,,0,0,0,177,929,990.8474576271186,0.5
20262,1.0,1534,2026-01-11T15:40,SIN_DEMANDA,0,,,,,,,0,0,0,177,929,990.8474576271186,0.5
20262,1.0,1535,2026-01-11T15:50,SIN_DEMANDA,0,,,,,,,0,0,0,177,929,990.8474576271186,0.5
20262,1.0,1536,2026-01-11T16:00,SIN_DEMANDA,0,,,,,,,0,0,0,177,929,990.8474576271186,0.5
20262,1.0,1537,2026-01-11T16:10,COMPLETA,606.7592,2073.5,2073.5,30.0,165.0,1,0.16666666666666666,1,0,1,177,929,990.8474576271186,0.5
20262,1.0,1538,2026-01-11T16:20,SIN_DEMANDA,0,,,,,,,0,0,0,177,929,990.8474576271186,0.5
20262,1.0,1539,2026-01-11T16:30,SIN_DEMANDA,0,,,,,,,0,0,0,177,929,990.8474576271186,0.5
20262,1.0,1540,2026-01-11T16:40,SIN_DEMANDA,0,,,,,,,0,0,0,177,929,990.8474576271186,0.5
20262,1.0,1541,2026-01-11T16:50,SIN_DEMANDA,0,,,,,,,0,0,0,177,929,990.8474576271186,0.5
20262,1.0,1542,2026-01-11T17:00,SIN_DEMANDA,0,,,,,,,0,0,0,177,929,990.8474576271186,0.5
20262,1.0,1543,2026-01-11T17:10,SIN_DEMANDA,0,,,,,,,0,0,0,177,929,990.8474576271186,0.5
20262,1.0,1544,2026-01-11T17:20,SIN_DEMANDA,0,,,,,,,0,0,0,178,939,986.6910112359551,0.5
20262,1.0,1545,2026-01-11T17:30,COMPLETA,690.2523,2086.0,2086.0,16.0,84.0,1,0.16666666666666666,1,0,1,178,939,986.6910112359551,0.5
20262,1.0,1546,2026-01-11T17:40,SIN_DEMANDA,0,,,,,,,0,0,0,179,943,992.7625698324023,0.5
20262,1.0,1547,2026-01-11T17:50,COMPLETA,1337.4717,1675.5,1675.5,90.0,255.0,1,0.4166666666666667,1,0,0,179,943,992.7625698324023,0.5
20262,1.0,1548,2026-01-11T18:00,COMPLETA,1390.9467,1675.5,1675.5,90.0,255.0,1,0.4166666666666667,1,0,0,179,943,992.7625698324023,0.5
20262,1.0,1549,2026-01-11T18:10,COMPLETA,1329.3429,1675.5,1675.5,90.0,255.0,1,0.4166666666666667,1,0,0,180,952,987.4861111111111,0.5
20262,1.0,1550,2026-01-11T18:20,COMPLETA,1363.2062,1929.0,1929.0,90.0,195.0,1,0.4166666666666667,1,0,0,180,952,987.4861111111111,0.5
20262,1.0,1551,2026-01-11T18:30,COMPLETA,1390.5181,1929.0,1929.0,90.0,195.0,1,0.4166666666666667,1,0,0,180,952,987.4861111111111,0.5
20262,1.0,1552,2026-01-11T18:40,COMPLETA,1379.8152,1929.0,1929.0,90.0,195.0,1,0.4166666666666667,1,0,1,180,952,987.4861111111111,0.5
20262,1.0,1553,2026-01-11T18:50,SIN_DEMANDA,0,,,,,,,0,0,0,181,956,993.5552486187845,0.5
20262,1.0,1554,2026-01-11T19:00,SIN_DEMANDA,0,,,,,,,0,0,0,181,956,993.5552486187845,0.5
20262,1.0,1555,2026-01-11T19:10,SIN_DEMANDA,0,,,,,,,0,0,0,181,956,993.5552486187845,0.5
20262,1.0,1556,2026-01-11T19:20,SIN_DEMANDA,0,,,,,,,0,0,0,181,956,993.5552486187845,0.5
20262,1.0,1557,2026-01-11T19:30,SIN_DEMANDA,0,,,,,,,0,0,0,181,956,993.5552486187845,0.5
20262,1.0,1558,2026-01-11T19:40,SIN_DEMANDA,0,,,,,,,0,0,0,181,956,993.5552486187845,0.5
20262,1.0,1559,2026-01-11T19:50,SIN_DEMANDA,0,,,,,,,0,0,0,181,956,993.5552486187845,0.5
20262,1.0,1560,2026-01-11T20:00,SIN_DEMANDA,0,,,,,,,0,0,0,181,956,993.5552486187845,0.5
20262,1.0,1561,2026-01-11T20:10,SIN_DEMANDA,0,,,,,,,0,0,0,181,956,993.5552486187845,0.5
20262,1.0,1562,2026-01-11T20:20,SIN_DEMANDA,0,,,,,,,0,0,0,181,956,993.5552486187845,0.5
20262,1.0,1563,2026-01-11T20:30,SIN_DEMANDA,0,,,,,,,0,0,0,181,956,993.5552486187845,0.5
20262,1.0,1564,2026-01-11T20:40,SIN_DEMANDA,0,,,,,,,0,0,0,181,956,993.5552486187845,0.5
20262,1.0,1565,2026-01-11T20:50,SIN_DEMANDA,0,,,,,,,0,0,0,181,956,993.5552486187845,0.5
20262,1.0,1566,2026-01-11T21:00,SIN_DEMANDA,0,,,,,,,0,0,0,181,956,993.5552486187845,0.5
20262,1.0,1567,2026-01-11T21:10,COMPLETA,653.1299,1940.5,1940.5,54.0,201.0,1,0.08333333333333333,1,0,0,181,956,993.5552486187845,0.5
20262,1.0,1568,2026-01-11T21:20,COMPLETA,604.8501,1940.5,1940.5,54.0,201.0,1,0.08333333333333333,1,0,0,181,956,993.5552486187845,0.5
20262,1.0,1569,2026-01-11T21:30,COMPLETA,614.4228,1940.5,1940.5,54.0,201.0,1,0.08333333333333333,1,0,0,181,956,993.5552486187845,0.5
20262,1.0,1570,2026-01-11T21:40,COMPLETA,648.9255,1940.5,1940.5,54.0,201.0,1,0.08333333333333333,1,0,0,182,966,998.695054945055,0.5
20262,1.0,1571,2026-01-11T21:50,COMPLETA,609.801,1940.5,1940.5,54.0,201.0,1,0.08333333333333333,1,0,0,182,966,998.695054945055,0.5
20262,1.0,1572,2026-01-11T22:00,COMPLETA,670.2741,1940.5,1940.5,54.0,201.0,1,0.08333333333333333,1,0,0,182,966,998.695054945055,0.5
20262,1.0,1573,2026-01-11T22:10,COMPLETA,1808.6158,1106.0,271.5,140.0,450.0,2,0.22916666666666666,2,0,0,182,966,998.695054945055,0.5
20262,1.0,1574,2026-01-11T22:20,COMPLETA,1798.5984,1106.0,271.5,140.0,450.0,2,0.22916666666666666,2,0,0,182,966,998.695054945055,0.5
20262,1.0,1575,2026-01-11T22:30,COMPLETA,1737.5788,1106.0,271.5,140.0,450.0,2,0.22916666666666666,2,0,0,182,966,998.695054945055,0.5
20262,1.0,1576,2026-01-11T22:40,COMPLETA,1789.6367,1106.0,271.5,140.0,450.0,2,0.22916666666666666,2,0,0,182,966,998.695054945055,0.5
20262,1.0,1577,2026-01-11T22:50,COMPLETA,1851.4928,1106.0,271.5,140.0,450.0,2,0.22916666666666666,2,0,0,182,966,998.695054945055,0.5
20262,1.0,1578,2026-01-11T23:00,COMPLETA,1750.5413,1106.0,271.5,140.0,450.0,2,0.22916666666666666,2,0,2,182,966,998.695054945055,0.5
20262,1.0,1579,2026-01-11T23:10,SIN_DEMANDA,0,,,,,,,0,0,0,182,966,998.695054945055,0.5
20262,1.0,1580,2026-01-11T23:20,COMPLETA,967.5711,437.5,437.5,104.0,276.0,1,0.25,1,0,0,182,966,998.695054945055,0.5
20262,1.0,1581,2026-01-11T23:30,COMPLETA,917.8927,437.5,437.5,104.0,276.0,1,0.25,1,0,0,182,966,998.695054945055,0.5
20262,1.0,1582,2026-01-11T23:40,COMPLETA,948.6036,437.5,437.5,104.0,276.0,1,0.25,1,0,0,182,966,998.695054945055,0.5
20262,1.0,1583,2026-01-11T23:50,COMPLETA,950.2511,437.5,437.5,104.0,276.0,1,0.25,1,0,0,182,966,998.695054945055,0.5
20262,1.0,1584,2026-01-12T00:00,COMPLETA,937.9819,437.5,437.5,104.0,276.0,1,0.25,1,0,0,182,966,998.695054945055,0.5
20262,1.0,1585,2026-01-12T00:10,COMPLETA,917.9415,437.5,437.5,104.0,276.0,1,0.25,1,0,0,182,966,998.695054945055,0.5
20262,1.0,1586,2026-01-12T00:20,COMPLETA,951.3913,437.5,437.5,104.0,276.0,1,0.25,1,0,0,182,966,998.695054945055,0.5
20262,1.0,1587,2026-01-12T00:30,COMPLETA,951.2298,437.5,437.5,104.0,276.0,1,0.25,1,0,0,182,966,998.695054945055,0.5
20262,1.0,1588,2026-01-12T00:40,COMPLETA,1002.7973,437.5,437.5,104.0,276.0,1,0.25,1,0,0,182,966,998.695054945055,0.5
20262,1.0,1589,2026-01-12T00:50,COMPLETA,942.1799,437.5,437.5,104.0,276.0,1,0.25,1,0,0,183,968,1003.8415300546449,0.5
20262,1.0,1590,2026-01-12T01:00,COMPLETA,1362.3091,523.75,437.5,160.0,420.0,2,0.1875,2,0,1,183,968,1003.8415300546449,0.5
20262,1.0,1591,2026-01-12T01:10,COMPLETA,1800.1891,973.0,437.5,130.0,375.0,1,0.4583333333333333,2,0,0,183,968,1003.8415300546449,0.5
20262,1.0,1592,2026-01-12T01:20,COMPLETA,1779.3032,973.0,437.5,130.0,375.0,1,0.4583333333333333,2,0,0,183,968,1003.8415300546449,0.5
20262,1.0,1593,2026-01-12T01:30,COMPLETA,1777.2365,973.0,437.5,130.0,375.0,1,0.4583333333333333,2,0,0,183,968,1003.8415300546449,0.5
20262,1.0,1594,2026-01-12T01:40,COMPLETA,1759.5946,973.0,437.5,130.0,375.0,1,0.4583333333333333,2,0,0,184,977,999.8614130434783,0.5
20262,1.0,1595,2026-01-12T01:50,COMPLETA,1769.7346,973.0,437.5,130.0,375.0,1,0.4583333333333333,2,0,0,184,977,999.8614130434783,0.5
20262,1.0,1596,2026-01-12T02:00,COMPLETA,1771.1815,973.0,437.5,130.0,375.0,1,0.4583333333333333,2,0,0,184,977,999.8614130434783,0.5
20262,1.0,1597,2026-01-12T02:10,COMPLETA,1828.6274,703.0,163.0,142.0,453.0,2,0.2708333333333333,3,0,1,184,977,999.8614130434783,0.5
20262,1.0,1598,2026-01-12T02:20,COMPLETA,1892.2841,973.0,437.5,130.0,375.0,1,0.4583333333333333,2,0,0,184,977,999.8614130434783,0.5
20262,1.0,1599,2026-01-12T02:30,COMPLETA,1776.5998,973.0,437.5,130.0,375.0,1,0.4583333333333333,2,0,0,184,977,999.8614130434783,0.5
20262,1.0,1600,2026-01-12T02:40,COMPLETA,2012.9992,982.0,381.0,261.0,640.5,4,0.21875,4,0,3,184,977,999.8614130434783,0.5
20262,1.0,1601,2026-01-12T02:50,COMPLETA,954.0831,668.5,668.5,104.0,216.0,1,0.25,1,0,0,185,980,997.7540540540541,0.5
20262,1.0,1602,2026-01-12T03:00,COMPLETA,975.0063,668.5,668.5,104.0,216.0,1,0.25,1,0,1,185,980,997.7540540540541,0.5
20262,1.0,1603,2026-01-12T03:10,SIN_DEMANDA,0,,,,,,,0,0,0,185,980,997.7540540540541,0.5
20262,1.0,1604,2026-01-12T03:20,COMPLETA,603.9759,2057.0,2057.0,48.0,132.0,1,0.16666666666666666,1,0,1,186,982,993.266129032258,0.5
20262,1.0,1605,2026-01-12T03:30,SIN_DEMANDA,0,,,,,,,0,0,0,186,982,993.266129032258,0.5
20262,1.0,1606,2026-01-12T03:40,SIN_DEMANDA,0,,,,,,,0,0,0,186,982,993.266129032258,0.5
20262,1.0,1607,2026-01-12T03:50,SIN_DEMANDA,0,,,,,,,0,0,0,186,982,993.266129032258,0.5
20262,1.0,1608,2026-01-12T04:00,SIN_DEMANDA,0,,,,,,,0,0,0,186,982,993.266129032258,0.5
20262,1.0,1609,2026-01-12T04:10,SIN_DEMANDA,0,,,,,,,0,0,0,186,982,993.266129032258,0.5
20262,1.0,1610,2026-01-12T04:20,SIN_DEMANDA,0,,,,,,,0,0,0,187,984,989.9919786096257,0.5
20262,1.0,1611,2026-01-12T04:30,SIN_DEMANDA,0,,,,,,,0,0,0,187,984,989.9919786096257,0.5
20262,1.0,1612,2026-01-12T04:40,SIN_DEMANDA,0,,,,,,,0,0,0,187,984,989.9919786096257,0.5
20262,1.0,1613,2026-01-12T04:50,COMPLETA,656.7795,1918.5,1918.5,61.0,211.5,1,0.08333333333333333,1,0,0,187,984,989.9919786096257,0.5
20262,1.0,1614,2026-01-12T05:00,COMPLETA,674.0713,1918.5,1918.5,61.0,211.5,1,0.08333333333333333,1,0,0,188,988,995.6675531914893,0.5
20262,1.0,1615,2026-01-12T05:10,COMPLETA,690.4662,1918.5,1918.5,61.0,211.5,1,0.08333333333333333,1,0,0,189,996,995.3518518518518,0.5
20262,1.0,1616,2026-01-12T05:20,COMPLETA,807.6902,1918.5,1918.5,61.0,211.5,1,0.08333333333333333,1,0,0,189,996,995.3518518518518,0.5
20262,1.0,1617,2026-01-12T05:30,COMPLETA,666.2646,1918.5,1918.5,61.0,211.5,1,0.08333333333333333,1,0,0,189,996,995.3518518518518,0.5
20262,1.0,1618,2026-01-12T05:40,COMPLETA,1227.7441,1944.25,1918.5,125.0,427.5,2,0.0625,2,0,0,189,996,995.3518518518518,0.5
20262,1.0,1619,2026-01-12T05:50,COMPLETA,1126.2044,1944.25,1918.5,125.0,427.5,2,0.0625,2,0,0,189,996,995.3518518518518,0.5
20262,1.0,1620,2026-01-12T06:00,COMPLETA,1208.5062,1944.25,1918.5,125.0,427.5,2,0.0625,2,0,0,189,996,995.3518518518518,0.5
20262,1.0,1621,2026-01-12T06:10,COMPLETA,1136.8288,1944.25,1918.5,125.0,427.5,2,0.0625,2,0,0,191,1007,998.1753926701571,0.5
20262,1.0,1622,2026-01-12T06:20,COMPLETA,1150.5631,1944.25,1918.5,125.0,427.5,2,0.0625,2,0,0,191,1007,998.1753926701571,0.5
20262,1.0,1623,2026-01-12T06:30,COMPLETA,1130.3187,1944.25,1918.5,125.0,427.5,2,0.0625,2,0,0,191,1007,998.1753926701571,0.5
20262,1.0,1624,2026-01-12T06:40,COMPLETA,1100.3261,1944.25,1918.5,125.0,427.5,2,0.0625,2,0,0,191,1007,998.1753926701571,0.5
20262,1.0,1625,2026-01-12T06:50,COMPLETA,1123.9342,1944.25,1918.5,125.0,427.5,2,0.0625,2,0,0,191,1007,998.1753926701571,0.5
20262,1.0,1626,2026-01-12T07:00,COMPLETA,1117.7542,1944.25,1918.5,125.0,427.5,2,0.0625,2,0,2,191,1007,998.1753926701571,0.5
20262,1.0,1627,2026-01-12T07:10,SIN_DEMANDA,0,,,,,,,0,0,0,191,1007,998.1753926701571,0.5
20262,1.0,1628,2026-01-12T07:20,SIN_DEMANDA,0,,,,,,,0,0,0,191,1007,998.1753926701571,0.5
20262,1.0,1629,2026-01-12T07:30,SIN_DEMANDA,0,,,,,,,0,0,0,191,1007,998.1753926701571,0.5
20262,1.0,1630,2026-01-12T07:40,SIN_DEMANDA,0,,,,,,,0,0,0,191,1007,998.1753926701571,0.5
20262,1.0,1631,2026-01-12T07:50,SIN_DEMANDA,0,,,,,,,0,0,0,191,1007,998.1753926701571,0.5
20262,1.0,1632,2026-01-12T08:00,SIN_DEMANDA,0,,,,,,,0,0,0,191,1007,998.1753926701571,0.5
20262,1.0,1633,2026-01-12T08:10,SIN_DEMANDA,0,,,,,,,0,0,0,191,1007,998.1753926701571,0.5
20262,1.0,1634,2026-01-12T08:20,SIN_DEMANDA,0,,,,,,,0,0,0,191,1007,998.1753926701571,0.5
20262,1.0,1635,2026-01-12T08:30,SIN_DEMANDA,0,,,,,,,0,0,0,191,1007,998.1753926701571,0.5
20262,1.0,1636,2026-01-12T08:40,SIN_DEMANDA,0,,,,,,,0,0,0,191,1007,998.1753926701571,0.5
20262,1.0,1637,2026-01-12T08:50,SIN_DEMANDA,0,,,,,,,0,0,0,193,1010,1007.979274611399,0.5
20262,1.0,1638,2026-01-12T09:00,SIN_DEMANDA,0,,,,,,,0,0,0,193,1010,1007.979274611399,0.5
20262,1.0,1639,2026-01-12T09:10,SIN_DEMANDA,0,,,,,,,0,0,0,193,1010,1007.979274611399,0.5
20262,1.0,1640,2026-01-12T09:20,SIN_DEMANDA,0,,,,,,,0,0,0,193,1010,1007.979274611399,0.5
20262,1.0,1641,2026-01-12T09:30,SIN_DEMANDA,0,,,,,,,0,0,0,193,1010,1007.979274611399,0.5
20262,1.0,1642,2026-01-12T09:40,SIN_DEMANDA,0,,,,,,,0,0,0,193,1010,1007.979274611399,0.5
20262,1.0,1643,2026-01-12T09:50,SIN_DEMANDA,0,,,,,,,0,0,0,193,1010,1007.979274611399,0.5
20262,1.0,1644,2026-01-12T10:00,SIN_DEMANDA,0,,,,,,,0,0,0,193,1010,1007.979274611399,0.5
20262,1.0,1645,2026-01-12T10:10,SIN_DEMANDA,0,,,,,,,0,0,0,193,1010,1007.979274611399,0.5
20262,1.0,1646,2026-01-12T10:20,SIN_DEMANDA,0,,,,,,,0,0,0,193,1010,1007.979274611399,0.5
20262,1.0,1647,2026-01-12T10:30,SIN_DEMANDA,0,,,,,,,0,0,0,193,1010,1007.979274611399,0.5
20262,1.0,1648,2026-01-12T10:40,SIN_DEMANDA,0,,,,,,,0,0,0,193,1010,1007.979274611399,0.5
20262,1.0,1649,2026-01-12T10:50,SIN_DEMANDA,0,,,,,,,0,0,0,193,1010,1007.979274611399,0.5
20262,1.0,1650,2026-01-12T11:00,SIN_DEMANDA,0,,,,,,,0,0,0,193,1010,1007.979274611399,0.5
20262,1.0,1651,2026-01-12T11:10,SIN_DEMANDA,0,,,,,,,0,0,0,193,1010,1007.979274611399,0.5
20262,1.0,1652,2026-01-12T11:20,SIN_DEMANDA,0,,,,,,,0,0,0,193,1010,1007.979274611399,0.5
20262,1.0,1653,2026-01-12T11:30,SIN_DEMANDA,0,,,,,,,0,0,0,193,1010,1007.979274611399,0.5
20262,1.0,1654,2026-01-12T11:40,COMPLETA,987.3412,2007.5,2007.5,79.0,178.5,1,0.20833333333333334,1,0,1,193,1010,1007.979274611399,0.5
20262,1.0,1655,2026-01-12T11:50,SIN_DEMANDA,0,,,,,,,0,0,0,193,1010,1007.979274611399,0.5
20262,1.0,1656,2026-01-12T12:00,SIN_DEMANDA,0,,,,,,,0,0,0,193,1010,1007.979274611399,0.5
20262,1.0,1657,2026-01-12T12:10,SIN_DEMANDA,0,,,,,,,0,0,0,193,1010,1007.979274611399,0.5
20262,1.0,1658,2026-01-12T12:20,SIN_DEMANDA,0,,,,,,,0,0,0,193,1010,1007.979274611399,0.5
20262,1.0,1659,2026-01-12T12:30,SIN_DEMANDA,0,,,,,,,0,0,0,193,1010,1007.979274611399,0.5
20262,1.0,1660,2026-01-12T12:40,SIN_DEMANDA,0,,,,,,,0,0,0,193,1010,1007.979274611399,0.5
20262,1.0,1661,2026-01-12T12:50,SIN_DEMANDA,0,,,,,,,0,0,0,193,1010,1007.979274611399,0.5
20262,1.0,1662,2026-01-12T13:00,COMPLETA,551.2587,164.5,164.5,18.0,87.0,1,0.125,1,0,1,193,1010,1007.979274611399,0.5
20262,1.0,1663,2026-01-12T13:10,SIN_DEMANDA,0,,,,,,,0,0,0,193,1010,1007.979274611399,0.5
20262,1.0,1664,2026-01-12T13:20,SIN_DEMANDA,0,,,,,,,0,0,0,193,1010,1007.979274611399,0.5
20262,1.0,1665,2026-01-12T13:30,SIN_DEMANDA,0,,,,,,,0,0,0,193,1010,1007.979274611399,0.5
20262,1.0,1666,2026-01-12T13:40,SIN_DEMANDA,0,,,,,,,0,0,0,193,1010,1007.979274611399,0.5
20262,1.0,1667,2026-01-12T13:50,SIN_DEMANDA,0,,,,,,,0,0,0,193,1010,1007.979274611399,0.5
20262,1.0,1668,2026-01-12T14:00,SIN_DEMANDA,0,,,,,,,0,0,0,193,1010,1007.979274611399,0.5
20262,1.0,1669,2026-01-12T14:10,SIN_DEMANDA,0,,,,,,,0,0,0,193,1010,1007.979274611399,0.5
20262,1.0,1670,2026-01-12T14:20,SIN_DEMANDA,0,,,,,,,0,0,0,195,1018,1008.7794871794872,0.5
20262,1.0,1671,2026-01-12T14:30,COMPLETA,923.584,125.0,125.0,28.0,162.0,1,0.20833333333333334,1,0,0,195,1018,1008.7794871794872,0.5
20262,1.0,1672,2026-01-12T14:40,COMPLETA,931.4485,125.0,125.0,28.0,162.0,1,0.20833333333333334,1,0,0,195,1018,1008.7794871794872,0.5
20262,1.0,1673,2026-01-12T14:50,COMPLETA,908.6855,125.0,125.0,28.0,162.0,1,0.20833333333333334,1,0,0,195,1018,1008.7794871794872,0.5
20262,1.0,1674,2026-01-12T15:00,COMPLETA,922.0231,125.0,125.0,28.0,162.0,1,0.20833333333333334,1,0,1,195,1018,1008.7794871794872,0.5
20262,1.0,1675,2026-01-12T15:10,SIN_DEMANDA,0,,,,,,,0,0,0,195,1018,1008.7794871794872,0.5
20262,1.0,1676,2026-01-12T15:20,SIN_DEMANDA,0,,,,,,,0,0,0,195,1018,1008.7794871794872,0.5
20262,1.0,1677,2026-01-12T15:30,COMPLETA,990.1182,1857.0,1857.0,97.0,265.5,1,0.3333333333333333,1,0,0,195,1018,1008.7794871794872,0.5
20262,1.0,1678,2026-01-12T15:40,COMPLETA,1023.7649,1857.0,1857.0,97.0,265.5,1,0.3333333333333333,1,0,0,195,1018,1008.7794871794872,0.5
20262,1.0,1679,2026-01-12T15:50,COMPLETA,1015.4227,1857.0,1857.0,97.0,265.5,1,0.3333333333333333,1,0,0,195,1018,1008.7794871794872,0.5
20262,1.0,1680,2026-01-12T16:00,COMPLETA,1039.4385,1857.0,1857.0,97.0,265.5,1,0.3333333333333333,1,0,0,195,1018,1008.7794871794872,0.5
20262,1.0,1681,2026-01-12T16:10,COMPLETA,1020.0492,1857.0,1857.0,97.0,265.5,1,0.3333333333333333,1,0,0,195,1018,1008.7794871794872,0.5
20262,1.0,1682,2026-01-12T16:20,COMPLETA,1908.9251,1202.25,530.0,289.0,793.5,3,0.25,2,0,2,195,1018,1008.7794871794872,0.5
20262,1.0,1683,2026-01-12T16:30,COMPLETA,1086.4768,530.0,530.0,52.0,198.0,1,0.25,1,0,0,196,1023,1004.2704081632653,0.5
20262,1.0,1684,2026-01-12T16:40,COMPLETA,951.7388,530.0,530.0,52.0,198.0,1,0.25,1,0,0,196,1023,1004.2704081632653,0.5
20262,1.0,1685,2026-01-12T16:50,COMPLETA,990.1251,530.0,530.0,52.0,198.0,1,0.25,1,0,0,196,1023,1004.2704081632653,0.5
20262,1.0,1686,2026-01-12T17:00,COMPLETA,941.5651,530.0,530.0,52.0,198.0,1,0.25,1,0,0,196,1023,1004.2704081632653,0.5
20262,1.0,1687,2026-01-12T17:10,COMPLETA,1398.1266,753.25,530.0,110.0,345.0,2,0.16666666666666666,2,0,1,196,1023,1004.2704081632653,0.5
20262,1.0,1688,2026-01-12T17:20,COMPLETA,1008.6488,530.0,530.0,52.0,198.0,1,0.25,1,0,0,196,1023,1004.2704081632653,0.5
20262,1.0,1689,2026-01-12T17:30,COMPLETA,1769.5731,494.75,459.5,109.0,283.5,1,0.4583333333333333,2,0,0,196,1023,1004.2704081632653,0.5
20262,1.0,1690,2026-01-12T17:40,COMPLETA,1962.0475,1022.1666666666666,459.5,129.0,373.5,2,0.2916666666666667,3,0,2,196,1023,1004.2704081632653,0.5
20262,1.0,1691,2026-01-12T17:50,SIN_DEMANDA,0,,,,,,,0,0,0,196,1023,1004.2704081632653,0.5
20262,1.0,1692,2026-01-12T18:00,SIN_DEMANDA,0,,,,,,,0,0,0,196,1023,1004.2704081632653,0.5
20262,1.0,1693,2026-01-12T18:10,SIN_DEMANDA,0,,,,,,,0,0,0,196,1023,1004.2704081632653,0.5
20262,1.0,1694,2026-01-12T18:20,SIN_DEMANDA,0,,,,,,,0,0,0,196,1023,1004.2704081632653,0.5
20262,1.0,1695,2026-01-12T18:30,SIN_DEMANDA,0,,,,,,,0,0,0,196,1023,1004.2704081632653,0.5
20262,1.0,1696,2026-01-12T18:40,SIN_DEMANDA,0,,,,,,,0,0,0,196,1023,1004.2704081632653,0.5
20262,1.0,1697,2026-01-12T18:50,SIN_DEMANDA,0,,,,,,,0,0,0,196,1023,1004.2704081632653,0.5
20262,1.0,1698,2026-01-12T19:00,COMPLETA,636.5612,1018.5,1018.5,2.0,63.0,1,0.08333333333333333,1,0,1,198,1028,1009.5479797979798,0.5
20262,1.0,1699,2026-01-12T19:10,SIN_DEMANDA,0,,,,,,,0,0,0,198,1032,1009.5479797979798,0.5
20262,1.0,1700,2026-01-12T19:20,COMPLETA,621.0809,410.5,410.5,10.0,75.0,1,0.125,1,0,1,198,1032,1009.5479797979798,0.5
20262,1.0,1701,2026-01-12T19:30,SIN_DEMANDA,0,,,,,,,0,0,0,199,1038,1007.1381909547739,0.5
20262,1.0,1702,2026-01-12T19:40,COMPLETA,1752.6877,965.25,132.0,155.0,412.5,2,0.3125,2,0,1,199,1038,1007.1381909547739,0.5
20262,1.0,1703,2026-01-12T19:50,COMPLETA,1321.417,1798.5,1798.5,91.0,256.5,1,0.375,1,0,0,199,1038,1007.1381909547739,0.5
20262,1.0,1704,2026-01-12T20:00,COMPLETA,1343.8025,1798.5,1798.5,91.0,256.5,1,0.375,1,0,0,199,1038,1007.1381909547739,0.5
20262,1.0,1705,2026-01-12T20:10,COMPLETA,1297.7914,1798.5,1798.5,91.0,256.5,1,0.375,1,0,0,201,1048,1011.5099502487562,0.5
20262,1.0,1706,2026-01-12T20:20,COMPLETA,1381.9319,1798.5,1798.5,91.0,256.5,1,0.375,1,0,0,201,1048,1011.5099502487562,0.5
20262,1.0,1707,2026-01-12T20:30,COMPLETA,1308.538,1798.5,1798.5,91.0,256.5,1,0.375,1,0,0,202,1051,1008.5346534653465,0.5
20262,1.0,1708,2026-01-12T20:40,COMPLETA,1347.3168,1798.5,1798.5,91.0,256.5,1,0.375,1,0,0,202,1051,1008.5346534653465,0.5
20262,1.0,1709,2026-01-12T20:50,COMPLETA,1318.0006,1798.5,1798.5,91.0,256.5,1,0.375,1,0,0,202,1051,1008.5346534653465,0.5
20262,1.0,1710,2026-01-12T21:00,COMPLETA,1329.7609,1798.5,1798.5,91.0,256.5,1,0.375,1,0,0,202,1051,1008.5346534653465,0.5
20262,1.0,1711,2026-01-12T21:10,COMPLETA,1309.9284,1798.5,1798.5,91.0,256.5,1,0.375,1,0,0,202,1051,1008.5346534653465,0.5
20262,1.0,1712,2026-01-12T21:20,COMPLETA,1316.6697,1798.5,1798.5,91.0,256.5,1,0.375,1,0,0,202,1051,1008.5346534653465,0.5
20262,1.0,1713,2026-01-12T21:30,COMPLETA,1327.2783,1798.5,1798.5,91.0,256.5,1,0.375,1,0,0,203,1057,1004.2167487684729,0.5
20262,1.0,1714,2026-01-12T21:40,COMPLETA,1399.7635,1798.5,1798.5,91.0,256.5,1,0.375,1,0,0,203,1057,1004.2167487684729,0.5
20262,1.0,1715,2026-01-12T21:50,COMPLETA,2025.2036,1863.5,1863.0,178.0,507.0,2,0.3541666666666667,2,0,0,204,1062,1001.5465686274509,0.5
20262,1.0,1716,2026-01-12T22:00,COMPLETA,2096.1992,1863.5,1863.0,178.0,507.0,2,0.3541666666666667,2,0,0,204,1062,1001.5465686274509,0.5
20262,1.0,1717,2026-01-12T22:10,COMPLETA,1901.6493,1863.5,1863.0,178.0,507.0,2,0.3541666666666667,2,0,0,204,1062,1001.5465686274509,0.5
20262,1.0,1718,2026-01-12T22:20,COMPLETA,1929.9603,1863.5,1863.0,178.0,507.0,2,0.3541666666666667,2,0,0,204,1062,1001.5465686274509,0.5
20262,1.0,1719,2026-01-12T22:30,COMPLETA,1953.8049,1863.5,1863.0,178.0,507.0,2,0.3541666666666667,2,0,0,204,1062,1001.5465686274509,0.5
20262,1.0,1720,2026-01-12T22:40,COMPLETA,1998.8752,1863.5,1863.0,178.0,507.0,2,0.3541666666666667,2,0,0,204,1062,1001.5465686274509,0.5
20262,1.0,1721,2026-01-12T22:50,COMPLETA,1893.1708,1863.5,1863.0,178.0,507.0,2,0.3541666666666667,2,0,0,204,1062,1001.5465686274509,0.5
20262,1.0,1722,2026-01-12T23:00,COMPLETA,1917.3071,1863.5,1863.0,178.0,507.0,2,0.3541666666666667,2,0,2,204,1062,1001.5465686274509,0.5
20262,1.0,1723,2026-01-12T23:10,SIN_DEMANDA,0,,,,,,,0,0,0,204,1062,1001.5465686274509,0.5
20262,1.0,1724,2026-01-12T23:20,SIN_DEMANDA,0,,,,,,,0,0,0,204,1062,1001.5465686274509,0.5
20262,1.0,1725,2026-01-12T23:30,SIN_DEMANDA,0,,,,,,,0,0,0,204,1062,1001.5465686274509,0.5
20262,1.0,1726,2026-01-12T23:40,SIN_DEMANDA,0,,,,,,,0,0,0,204,1062,1001.5465686274509,0.5
20262,1.0,1727,2026-01-12T23:50,SIN_DEMANDA,0,,,,,,,0,0,0,204,1062,1001.5465686274509,0.5
20262,1.0,1728,2026-01-13T00:00,COMPLETA,597.5936,2084.0,2084.0,16.0,144.0,1,0.16666666666666666,1,0,1,204,1062,1001.5465686274509,0.5
20262,1.0,1729,2026-01-13T00:10,SIN_DEMANDA,0,,,,,,,0,0,0,204,1062,1001.5465686274509,0.5
20262,1.0,1730,2026-01-13T00:20,COMPLETA,1725.437,83.0,39.5,114.0,411.0,2,0.3333333333333333,2,0,0,204,1062,1001.5465686274509,0.5
20262,1.0,1731,2026-01-13T00:30,COMPLETA,1933.9667,158.33333333333334,77.0,202.0,663.0,3,0.3055555555555556,3,0,1,204,1062,1001.5465686274509,0.5
20262,1.0,1732,2026-01-13T00:40,COMPLETA,1742.1071,199.0,126.5,133.0,439.5,2,0.2916666666666667,2,0,0,205,1071,1005.7487804878049,0.5
20262,1.0,1733,2026-01-13T00:50,COMPLETA,1879.2339,162.33333333333334,89.0,215.0,682.5,3,0.3055555555555556,3,0,1,205,1071,1005.7487804878049,0.5
20262,1.0,1734,2026-01-13T01:00,COMPLETA,1753.7462,199.0,126.5,133.0,439.5,2,0.2916666666666667,2,0,0,205,1071,1005.7487804878049,0.5
20262,1.0,1735,2026-01-13T01:10,COMPLETA,1755.9349,199.0,126.5,133.0,439.5,2,0.2916666666666667,2,0,0,205,1071,1005.7487804878049,0.5
20262,1.0,1736,2026-01-13T01:20,COMPLETA,1855.891,199.0,126.5,133.0,439.5,2,0.2916666666666667,2,0,0,206,1075,1010.9830097087379,0.5
20262,1.0,1737,2026-01-13T01:30,COMPLETA,1982.882,199.0,126.5,133.0,439.5,2,0.2916666666666667,2,0,0,206,1075,1010.9830097087379,0.5
20262,1.0,1738,2026-01-13T01:40,COMPLETA,1919.1551,199.0,126.5,133.0,379.5,2,0.2916666666666667,2,0,0,206,1075,1010.9830097087379,0.5
20262,1.0,1739,2026-01-13T01:50,COMPLETA,1833.1564,199.0,126.5,133.0,379.5,2,0.2916666666666667,2,0,0,206,1075,1010.9830097087379,0.5
20262,1.0,1740,2026-01-13T02:00,COMPLETA,1801.6404,199.0,126.5,133.0,379.5,2,0.2916666666666667,2,0,0,206,1075,1010.9830097087379,0.5
20262,1.0,1741,2026-01-13T02:10,COMPLETA,1840.9162,199.0,126.5,133.0,379.5,2,0.2916666666666667,2,0,1,206,1075,1010.9830097087379,0.5
20262,1.0,1742,2026-01-13T02:20,COMPLETA,1121.8921,126.5,126.5,88.0,252.0,1,0.3333333333333333,1,0,0,206,1075,1010.9830097087379,0.5
20262,1.0,1743,2026-01-13T02:30,COMPLETA,1085.5666,126.5,126.5,88.0,252.0,1,0.3333333333333333,1,0,0,206,1075,1010.9830097087379,0.5
20262,1.0,1744,2026-01-13T02:40,COMPLETA,1048.5633,126.5,126.5,88.0,252.0,1,0.3333333333333333,1,0,0,206,1075,1010.9830097087379,0.5
20262,1.0,1745,2026-01-13T02:50,COMPLETA,1049.9236,126.5,126.5,88.0,252.0,1,0.3333333333333333,1,0,0,207,1083,1015.1038647342995,0.5
20262,1.0,1746,2026-01-13T03:00,COMPLETA,1026.8752,126.5,126.5,88.0,252.0,1,0.3333333333333333,1,0,0,208,1091,1010.59375,0.5
20262,1.0,1747,2026-01-13T03:10,COMPLETA,1129.9411,126.5,126.5,88.0,252.0,1,0.3333333333333333,1,0,0,208,1091,1010.59375,0.5
20262,1.0,1748,2026-01-13T03:20,COMPLETA,990.0314,126.5,126.5,88.0,252.0,1,0.3333333333333333,1,0,0,209,1099,1006.1842105263158,0.5
20262,1.0,1749,2026-01-13T03:30,COMPLETA,964.6358,126.5,126.5,88.0,252.0,1,0.3333333333333333,1,0,0,209,1099,1006.1842105263158,0.5
20262,1.0,1750,2026-01-13T03:40,COMPLETA,968.3011,126.5,126.5,88.0,252.0,1,0.3333333333333333,1,0,0,209,1099,1006.1842105263158,0.5
20262,1.0,1751,2026-01-13T03:50,COMPLETA,954.794,126.5,126.5,88.0,252.0,1,0.3333333333333333,1,0,0,209,1099,1006.1842105263158,0.5
20262,1.0,1752,2026-01-13T04:00,COMPLETA,988.9412,126.5,126.5,88.0,252.0,1,0.3333333333333333,1,0,0,210,1105,1002.6857142857143,0.5
20262,1.0,1753,2026-01-13T04:10,COMPLETA,953.3195,126.5,126.5,88.0,252.0,1,0.3333333333333333,1,0,0,210,1105,1002.6857142857143,0.5
20262,1.0,1754,2026-01-13T04:20,COMPLETA,969.4518,126.5,126.5,88.0,252.0,1,0.3333333333333333,1,0,0,210,1105,1002.6857142857143,0.5
20262,1.0,1755,2026-01-13T04:30,COMPLETA,956.2344,126.5,126.5,88.0,252.0,1,0.3333333333333333,1,0,0,210,1105,1002.6857142857143,0.5
20262,1.0,1756,2026-01-13T04:40,COMPLETA,1286.4437,137.5,126.5,118.0,357.0,2,0.22916666666666666,2,0,1,210,1105,1002.6857142857143,0.5
20262,1.0,1757,2026-01-13T04:50,COMPLETA,945.4441,126.5,126.5,88.0,252.0,1,0.3333333333333333,1,0,0,210,1105,1002.6857142857143,0.5
20262,1.0,1758,2026-01-13T05:00,COMPLETA,937.909,126.5,126.5,88.0,252.0,1,0.3333333333333333,1,0,0,210,1105,1002.6857142857143,0.5
20262,1.0,1759,2026-01-13T05:10,COMPLETA,949.9529,126.5,126.5,88.0,252.0,1,0.3333333333333333,1,0,0,210,1105,1002.6857142857143,0.5
20262,1.0,1760,2026-01-13T05:20,COMPLETA,943.1713,126.5,126.5,88.0,252.0,1,0.3333333333333333,1,0,0,210,1105,1002.6857142857143,0.5
20262,1.0,1761,2026-01-13T05:30,COMPLETA,965.8836,126.5,126.5,88.0,252.0,1,0.3333333333333333,1,0,0,210,1105,1002.6857142857143,0.5
20262,1.0,1762,2026-01-13T05:40,COMPLETA,971.1505,126.5,126.5,88.0,252.0,1,0.3333333333333333,1,0,0,210,1105,1002.6857142857143,0.5
20262,1.0,1763,2026-01-13T05:50,COMPLETA,943.678,126.5,126.5,88.0,252.0,1,0.3333333333333333,1,0,0,210,1105,1002.6857142857143,0.5
20262,1.0,1764,2026-01-13T06:00,COMPLETA,1043.0577,126.5,126.5,88.0,252.0,1,0.3333333333333333,1,0,0,210,1105,1002.6857142857143,0.5
20262,1.0,1765,2026-01-13T06:10,COMPLETA,1018.2605,126.5,126.5,88.0,252.0,1,0.3333333333333333,1,0,0,211,1108,998.6374407582938,0.5
20262,1.0,1766,2026-01-13T06:20,COMPLETA,986.964,126.5,126.5,88.0,252.0,1,0.3333333333333333,1,0,0,211,1108,998.6374407582938,0.5
20262,1.0,1767,2026-01-13T06:30,COMPLETA,913.784,126.5,126.5,88.0,252.0,1,0.3333333333333333,1,0,0,211,1108,998.6374407582938,0.5
20262,1.0,1768,2026-01-13T06:40,COMPLETA,968.814,126.5,126.5,88.0,252.0,1,0.3333333333333333,1,0,0,211,1108,998.6374407582938,0.5
20262,1.0,1769,2026-01-13T06:50,COMPLETA,988.4809,126.5,126.5,88.0,252.0,1,0.3333333333333333,1,0,0,211,1108,998.6374407582938,0.5
20262,1.0,1770,2026-01-13T07:00,COMPLETA,1681.8805,100.5,74.5,180.0,510.0,2,0.3125,2,0,2,211,1108,998.6374407582938,0.5
20262,1.0,1771,2026-01-13T07:10,SIN_DEMANDA,0,,,,,,,0,0,0,211,1108,998.6374407582938,0.5
20262,1.0,1772,2026-01-13T07:20,SIN_DEMANDA,0,,,,,,,0,0,0,211,1108,998.6374407582938,0.5
20262,1.0,1773,2026-01-13T07:30,SIN_DEMANDA,0,,,,,,,0,0,0,211,1108,998.6374407582938,0.5
20262,1.0,1774,2026-01-13T07:40,SIN_DEMANDA,0,,,,,,,0,0,0,211,1108,998.6374407582938,0.5
20262,1.0,1775,2026-01-13T07:50,SIN_DEMANDA,0,,,,,,,0,0,0,211,1108,998.6374407582938,0.5
20262,1.0,1776,2026-01-13T08:00,SIN_DEMANDA,0,,,,,,,0,0,0,211,1108,998.6374407582938,0.5
20262,1.0,1777,2026-01-13T08:10,SIN_DEMANDA,0,,,,,,,0,0,0,211,1108,998.6374407582938,0.5
20262,1.0,1778,2026-01-13T08:20,COMPLETA,602.0093,618.5,618.5,46.0,189.0,1,0.041666666666666664,1,0,1,211,1108,998.6374407582938,0.5
20262,1.0,1779,2026-01-13T08:30,SIN_DEMANDA,0,,,,,,,0,0,0,211,1108,998.6374407582938,0.5
20262,1.0,1780,2026-01-13T08:40,SIN_DEMANDA,0,,,,,,,0,0,0,211,1108,998.6374407582938,0.5
20262,1.0,1781,2026-01-13T08:50,SIN_DEMANDA,0,,,,,,,0,0,0,211,1108,998.6374407582938,0.5
20262,1.0,1782,2026-01-13T09:00,SIN_DEMANDA,0,,,,,,,0,0,0,211,1108,998.6374407582938,0.5
20262,1.0,1783,2026-01-13T09:10,COMPLETA,1820.9071,1140.25,216.5,136.0,384.0,2,0.2916666666666667,2,0,1,211,1108,998.6374407582938,0.5
20262,1.0,1784,2026-01-13T09:20,COMPLETA,1285.7042,216.5,216.5,88.0,252.0,1,0.4166666666666667,1,0,0,211,1108,998.6374407582938,0.5
20262,1.0,1785,2026-01-13T09:30,COMPLETA,1343.0912,216.5,216.5,88.0,252.0,1,0.4166666666666667,1,0,0,211,1108,998.6374407582938,0.5
20262,1.0,1786,2026-01-13T09:40,COMPLETA,1300.1676,216.5,216.5,88.0,252.0,1,0.4166666666666667,1,0,0,211,1108,998.6374407582938,0.5
20262,1.0,1787,2026-01-13T09:50,COMPLETA,1357.805,216.5,216.5,88.0,252.0,1,0.4166666666666667,1,0,0,212,1115,994.2783018867924,0.5
20262,1.0,1788,2026-01-13T10:00,COMPLETA,1312.0492,216.5,216.5,88.0,252.0,1,0.4166666666666667,1,0,0,213,1116,992.5140845070423,0.5
20262,1.0,1789,2026-01-13T10:10,COMPLETA,1297.7285,216.5,216.5,88.0,252.0,1,0.4166666666666667,1,0,0,213,1116,992.5140845070423,0.5
20262,1.0,1790,2026-01-13T10:20,COMPLETA,1811.0822,367.0,216.5,112.0,352.5,1,0.7083333333333334,2,0,0,214,1124,988.4672897196261,0.5
20262,1.0,1791,2026-01-13T10:30,COMPLETA,1774.5625,367.0,216.5,112.0,352.5,1,0.7083333333333334,2,0,0,214,1124,988.4672897196261,0.5
20262,1.0,1792,2026-01-13T10:40,COMPLETA,1839.8112,367.0,216.5,112.0,352.5,1,0.7083333333333334,2,0,0,214,1124,988.4672897196261,0.5
20262,1.0,1793,2026-01-13T10:50,COMPLETA,1876.233,367.0,216.5,112.0,352.5,1,0.7083333333333334,2,0,0,215,1128,993.4697674418604,0.5
20262,1.0,1794,2026-01-13T11:00,COMPLETA,2198.1538,569.5,216.5,162.0,487.5,2,0.4375,3,0,1,215,1128,993.4697674418604,0.5
20262,1.0,1795,2026-01-13T11:10,COMPLETA,2061.1128,367.0,216.5,112.0,352.5,1,0.7083333333333334,2,0,0,215,1128,993.4697674418604,0.5
20262,1.0,1796,2026-01-13T11:20,COMPLETA,2310.37,623.75,436.5,181.0,391.5,2,0.3541666666666667,2,0,2,215,1128,993.4697674418604,0.5
20262,1.0,1797,2026-01-13T11:30,SIN_DEMANDA,0,,,,,,,0,0,0,215,1128,993.4697674418604,0.5
20262,1.0,1798,2026-01-13T11:40,SIN_DEMANDA,0,,,,,,,0,0,0,215,1128,993.4697674418604,0.5
20262,1.0,1799,2026-01-13T11:50,SIN_DEMANDA,0,,,,,,,0,0,0,215,1128,993.4697674418604,0.5
20262,1.0,1800,2026-01-13T12:00,SIN_DEMANDA,0,,,,,,,0,0,0,215,1128,993.4697674418604,0.5
20262,1.0,1801,2026-01-13T12:10,SIN_DEMANDA,0,,,,,,,0,0,0,215,1128,993.4697674418604,0.5
20262,1.0,1802,2026-01-13T12:20,SIN_DEMANDA,0,,,,,,,0,0,0,215,1128,993.4697674418604,0.5
20262,1.0,1803,2026-01-13T12:30,SIN_DEMANDA,0,,,,,,,0,0,0,215,1128,993.4697674418604,0.5
20262,1.0,1804,2026-01-13T12:40,SIN_DEMANDA,0,,,,,,,0,0,0,215,1128,993.4697674418604,0.5
20262,1.0,1805,2026-01-13T12:50,SIN_DEMANDA,0,,,,,,,0,0,0,216,1132,993.3819444444445,0.5
20262,1.0,1806,2026-01-13T13:00,SIN_DEMANDA,0,,,,,,,0,0,0,216,1132,993.3819444444445,0.5
20262,1.0,1807,2026-01-13T13:10,SIN_DEMANDA,0,,,,,,,0,0,0,216,1132,993.3819444444445,0.5
20262,1.0,1808,2026-01-13T13:20,COMPLETA,1550.3705,259.0,259.0,71.0,226.5,1,0.375,1,0,0,216,1132,993.3819444444445,0.5
20262,1.0,1809,2026-01-13T13:30,COMPLETA,1452.3481,259.0,259.0,71.0,226.5,1,0.375,1,0,0,216,1132,993.3819444444445,0.5
20262,1.0,1810,2026-01-13T13:40,COMPLETA,1535.1735,259.0,259.0,71.0,226.5,1,0.375,1,0,0,216,1132,993.3819444444445,0.5
20262,1.0,1811,2026-01-13T13:50,COMPLETA,1308.5776,259.0,259.0,71.0,226.5,1,0.375,1,0,0,217,1142,990.815668202765,0.5
20262,1.0,1812,2026-01-13T14:00,COMPLETA,1975.1239,390.75,199.0,71.0,286.5,1,0.5833333333333334,2,0,0,217,1142,990.815668202765,0.5
20262,1.0,1813,2026-01-13T14:10,COMPLETA,1845.7729,390.75,199.0,71.0,286.5,1,0.5833333333333334,2,0,0,217,1142,990.815668202765,0.5
20262,1.0,1814,2026-01-13T14:20,COMPLETA,1977.215,390.75,199.0,71.0,286.5,1,0.5833333333333334,2,0,0,217,1142,990.815668202765,0.5
20262,1.0,1815,2026-01-13T14:30,COMPLETA,1806.5442,390.75,199.0,71.0,286.5,1,0.5833333333333334,2,0,0,217,1142,990.815668202765,0.5
20262,1.0,1816,2026-01-13T14:40,COMPLETA,1817.3448,390.75,199.0,71.0,286.5,1,0.5833333333333334,2,0,0,217,1142,990.815668202765,0.5
20262,1.0,1817,2026-01-13T14:50,COMPLETA,1843.8702,390.75,199.0,71.0,286.5,1,0.5833333333333334,2,0,0,218,1149,989.9908256880734,0.5
20262,1.0,1818,2026-01-13T15:00,COMPLETA,2169.156,390.75,199.0,71.0,286.5,1,0.5833333333333334,2,0,1,218,1149,989.9908256880734,0.5
20262,1.0,1819,2026-01-13T15:10,SIN_DEMANDA,0,,,,,,,0,0,0,218,1149,989.9908256880734,0.5
20262,1.0,1820,2026-01-13T15:20,SIN_DEMANDA,0,,,,,,,0,0,0,218,1149,989.9908256880734,0.5
20262,1.0,1821,2026-01-13T15:30,SIN_DEMANDA,0,,,,,,,0,0,0,218,1149,989.9908256880734,0.5
20262,1.0,1822,2026-01-13T15:40,SIN_DEMANDA,0,,,,,,,0,0,0,218,1149,989.9908256880734,0.5
20262,1.0,1823,2026-01-13T15:50,SIN_DEMANDA,0,,,,,,,0,0,0,218,1149,989.9908256880734,0.5
20262,1.0,1824,2026-01-13T16:00,SIN_DEMANDA,0,,,,,,,0,0,0,218,1149,989.9908256880734,0.5
20262,1.0,1825,2026-01-13T16:10,SIN_DEMANDA,0,,,,,,,0,0,0,218,1149,989.9908256880734,0.5
20262,1.0,1826,2026-01-13T16:20,SIN_DEMANDA,0,,,,,,,0,0,0,219,1154,988.1301369863014,0.5
20262,1.0,1827,2026-01-13T16:30,SIN_DEMANDA,0,,,,,,,0,0,0,219,1154,988.1301369863014,0.5
20262,1.0,1828,2026-01-13T16:40,SIN_DEMANDA,0,,,,,,,0,0,0,219,1154,988.1301369863014,0.5
20262,1.0,1829,2026-01-13T16:50,SIN_DEMANDA,0,,,,,,,0,0,0,219,1154,988.1301369863014,0.5
20262,1.0,1830,2026-01-13T17:00,SIN_DEMANDA,0,,,,,,,0,0,0,219,1154,988.1301369863014,0.5
20262,1.0,1831,2026-01-13T17:10,SIN_DEMANDA,0,,,,,,,0,0,0,219,1154,988.1301369863014,0.5
20262,1.0,1832,2026-01-13T17:20,SIN_DEMANDA,0,,,,,,,0,0,0,219,1154,988.1301369863014,0.5
20262,1.0,1833,2026-01-13T17:30,COMPLETA,1697.3726,1623.5,1623.5,112.0,288.0,1,0.4166666666666667,1,0,0,219,1154,988.1301369863014,0.5
20262,1.0,1834,2026-01-13T17:40,COMPLETA,1391.8911,1623.5,1623.5,112.0,288.0,1,0.4166666666666667,1,0,0,219,1154,988.1301369863014,0.5
20262,1.0,1835,2026-01-13T17:50,COMPLETA,1446.4115,1623.5,1623.5,112.0,288.0,1,0.4166666666666667,1,0,0,219,1154,988.1301369863014,0.5
20262,1.0,1836,2026-01-13T18:00,COMPLETA,1440.77,1623.5,1623.5,112.0,288.0,1,0.4166666666666667,1,0,0,220,1163,984.5431818181818,0.5
20262,1.0,1837,2026-01-13T18:10,COMPLETA,1429.3534,1623.5,1623.5,112.0,288.0,1,0.4166666666666667,1,0,0,220,1163,984.5431818181818,0.5
20262,1.0,1838,2026-01-13T18:20,COMPLETA,1485.6809,1623.5,1623.5,112.0,288.0,1,0.4166666666666667,1,0,0,220,1163,984.5431818181818,0.5
20262,1.0,1839,2026-01-13T18:30,COMPLETA,1349.8278,1623.5,1623.5,112.0,288.0,1,0.4166666666666667,1,0,0,220,1163,984.5431818181818,0.5
20262,1.0,1840,2026-01-13T18:40,COMPLETA,1372.9975,1623.5,1623.5,112.0,288.0,1,0.4166666666666667,1,0,0,220,1163,984.5431818181818,0.5
20262,1.0,1841,2026-01-13T18:50,COMPLETA,1333.999,1623.5,1623.5,112.0,288.0,1,0.4166666666666667,1,0,0,220,1163,984.5431818181818,0.5
20262,1.0,1842,2026-01-13T19:00,COMPLETA,1382.1321,1623.5,1623.5,112.0,288.0,1,0.4166666666666667,1,0,0,220,1163,984.5431818181818,0.5
20262,1.0,1843,2026-01-13T19:10,COMPLETA,1320.4168,1623.5,1623.5,112.0,288.0,1,0.4166666666666667,1,0,0,220,1163,984.5431818181818,0.5
20262,1.0,1844,2026-01-13T19:20,COMPLETA,1356.7086,1623.5,1623.5,112.0,288.0,1,0.4166666666666667,1,0,0,220,1163,984.5431818181818,0.5
20262,1.0,1845,2026-01-13T19:30,COMPLETA,1519.6086,1623.5,1623.5,112.0,288.0,1,0.4166666666666667,1,0,0,220,1163,984.5431818181818,0.5
20262,1.0,1846,2026-01-13T19:40,COMPLETA,1354.2486,1623.5,1623.5,112.0,288.0,1,0.4166666666666667,1,0,0,220,1163,984.5431818181818,0.5
20262,1.0,1847,2026-01-13T19:50,COMPLETA,1366.3926,1623.5,1623.5,112.0,288.0,1,0.4166666666666667,1,0,0,220,1163,984.5431818181818,0.5
20262,1.0,1848,2026-01-13T20:00,COMPLETA,1768.7679,883.75,144.0,152.0,408.0,2,0.2916666666666667,2,0,1,220,1163,984.5431818181818,0.5
20262,1.0,1849,2026-01-13T20:10,COMPLETA,1568.9601,1623.5,1623.5,112.0,288.0,1,0.4166666666666667,1,0,0,220,1163,984.5431818181818,0.5
20262,1.0,1850,2026-01-13T20:20,COMPLETA,1369.0206,1623.5,1623.5,112.0,288.0,1,0.4166666666666667,1,0,0,220,1163,984.5431818181818,0.5
20262,1.0,1851,2026-01-13T20:30,COMPLETA,1500.961,1623.5,1623.5,112.0,288.0,1,0.4166666666666667,1,0,0,220,1163,984.5431818181818,0.5
20262,1.0,1852,2026-01-13T20:40,COMPLETA,1518.3055,1623.5,1623.5,112.0,288.0,1,0.4166666666666667,1,0,0,220,1163,984.5431818181818,0.5
20262,1.0,1853,2026-01-13T20:50,COMPLETA,1427.4985,1623.5,1623.5,112.0,288.0,1,0.4166666666666667,1,0,0,220,1163,984.5431818181818,0.5
20262,1.0,1854,2026-01-13T21:00,COMPLETA,1380.27,1623.5,1623.5,112.0,288.0,1,0.4166666666666667,1,0,0,220,1163,984.5431818181818,0.5
20262,1.0,1855,2026-01-13T21:10,COMPLETA,1466.3987,1623.5,1623.5,112.0,288.0,1,0.4166666666666667,1,0,0,220,1163,984.5431818181818,0.5
20262,1.0,1856,2026-01-13T21:20,COMPLETA,1850.1534,901.25,179.0,206.0,549.0,2,0.3958333333333333,2,0,0,220,1163,984.5431818181818,0.5
20262,1.0,1857,2026-01-13T21:30,COMPLETA,1832.5765,901.25,179.0,206.0,549.0,2,0.3958333333333333,2,0,0,221,1167,980.7398190045249,0.5
20262,1.0,1858,2026-01-13T21:40,COMPLETA,2057.439,901.25,179.0,206.0,549.0,2,0.3958333333333333,2,0,0,221,1167,980.7398190045249,0.5
20262,1.0,1859,2026-01-13T21:50,COMPLETA,1821.3659,901.25,179.0,206.0,549.0,2,0.3958333333333333,2,0,0,221,1167,980.7398190045249,0.5
20262,1.0,1860,2026-01-13T22:00,COMPLETA,1803.3594,901.25,179.0,206.0,549.0,2,0.3958333333333333,2,0,0,221,1167,980.7398190045249,0.5
20262,1.0,1861,2026-01-13T22:10,COMPLETA,1851.0416,901.25,179.0,206.0,549.0,2,0.3958333333333333,2,0,0,221,1167,980.7398190045249,0.5
20262,1.0,1862,2026-01-13T22:20,COMPLETA,1794.1329,901.25,179.0,206.0,549.0,2,0.3958333333333333,2,0,0,221,1167,980.7398190045249,0.5
20262,1.0,1863,2026-01-13T22:30,COMPLETA,1798.5678,901.25,179.0,206.0,549.0,2,0.3958333333333333,2,0,0,221,1167,980.7398190045249,0.5
20262,1.0,1864,2026-01-13T22:40,COMPLETA,1867.1179,901.25,179.0,206.0,549.0,2,0.3958333333333333,2,0,0,221,1167,980.7398190045249,0.5
20262,1.0,1865,2026-01-13T22:50,COMPLETA,1841.1695,901.25,179.0,206.0,549.0,2,0.3958333333333333,2,0,0,221,1167,980.7398190045249,0.5
20262,1.0,1866,2026-01-13T23:00,COMPLETA,1791.5813,901.25,179.0,206.0,549.0,2,0.3958333333333333,2,0,2,221,1167,980.7398190045249,0.5
20262,1.0,1867,2026-01-13T23:10,SIN_DEMANDA,0,,,,,,,0,0,0,221,1167,980.7398190045249,0.5
20262,1.0,1868,2026-01-13T23:20,SIN_DEMANDA,0,,,,,,,0,0,0,221,1167,980.7398190045249,0.5
20262,1.0,1869,2026-01-13T23:30,SIN_DEMANDA,0,,,,,,,0,0,0,221,1167,980.7398190045249,0.5
20262,1.0,1870,2026-01-13T23:40,SIN_DEMANDA,0,,,,,,,0,0,0,221,1167,980.7398190045249,0.5
20262,1.0,1871,2026-01-13T23:50,SIN_DEMANDA,0,,,,,,,0,0,0,221,1167,980.7398190045249,0.5
20262,1.0,1872,2026-01-14T00:00,SIN_DEMANDA,0,,,,,,,0,0,0,221,1167,980.7398190045249,0.5
20262,1.0,1873,2026-01-14T00:10,COMPLETA,1271.3378,498.0,498.0,92.0,258.0,1,0.3333333333333333,1,0,0,221,1167,980.7398190045249,0.5
20262,1.0,1874,2026-01-14T00:20,COMPLETA,1171.736,498.0,498.0,92.0,258.0,1,0.3333333333333333,1,0,0,221,1167,980.7398190045249,0.5
20262,1.0,1875,2026-01-14T00:30,COMPLETA,1043.9558,498.0,498.0,92.0,258.0,1,0.3333333333333333,1,0,0,221,1167,980.7398190045249,0.5
20262,1.0,1876,2026-01-14T00:40,COMPLETA,994.3527,498.0,498.0,92.0,258.0,1,0.3333333333333333,1,0,0,221,1167,980.7398190045249,0.5
20262,1.0,1877,2026-01-14T00:50,COMPLETA,1041.4175,498.0,498.0,92.0,258.0,1,0.3333333333333333,1,0,0,221,1167,980.7398190045249,0.5
20262,1.0,1878,2026-01-14T01:00,COMPLETA,1256.1795,498.0,498.0,92.0,258.0,1,0.3333333333333333,1,0,0,221,1167,980.7398190045249,0.5
20262,1.0,1879,2026-01-14T01:10,COMPLETA,1094.454,498.0,498.0,92.0,258.0,1,0.3333333333333333,1,0,0,221,1167,980.7398190045249,0.5
20262,1.0,1880,2026-01-14T01:20,COMPLETA,1524.2919,738.5,498.0,130.0,375.0,2,0.1875,2,0,1,221,1167,980.7398190045249,0.5
20262,1.0,1881,2026-01-14T01:30,COMPLETA,1016.1002,498.0,498.0,92.0,258.0,1,0.3333333333333333,1,0,0,221,1167,980.7398190045249,0.5
20262,1.0,1882,2026-01-14T01:40,COMPLETA,990.5437,498.0,498.0,92.0,258.0,1,0.3333333333333333,1,0,0,221,1167,980.7398190045249,0.5
20262,1.0,1883,2026-01-14T01:50,COMPLETA,1037.0563,498.0,498.0,92.0,258.0,1,0.3333333333333333,1,0,0,221,1167,980.7398190045249,0.5
20262,1.0,1884,2026-01-14T02:00,COMPLETA,1028.1997,498.0,498.0,92.0,258.0,1,0.3333333333333333,1,0,0,221,1167,980.7398190045249,0.5
20262,1.0,1885,2026-01-14T02:10,COMPLETA,1007.8827,498.0,498.0,92.0,258.0,1,0.3333333333333333,1,0,0,221,1167,980.7398190045249,0.5
20262,1.0,1886,2026-01-14T02:20,COMPLETA,982.8176,498.0,498.0,92.0,258.0,1,0.3333333333333333,1,0,0,222,1176,977.1283783783783,0.5
20262,1.0,1887,2026-01-14T02:30,COMPLETA,1006.2102,498.0,498.0,92.0,258.0,1,0.3333333333333333,1,0,0,223,1186,980.0269058295964,0.5
20262,1.0,1888,2026-01-14T02:40,COMPLETA,1091.7127,498.0,498.0,92.0,258.0,1,0.3333333333333333,1,0,0,223,1186,980.0269058295964,0.5
20262,1.0,1889,2026-01-14T02:50,COMPLETA,1121.7623,498.0,498.0,92.0,258.0,1,0.3333333333333333,1,0,0,223,1186,980.0269058295964,0.5
20262,1.0,1890,2026-01-14T03:00,COMPLETA,1095.7808,498.0,498.0,92.0,258.0,1,0.3333333333333333,1,0,0,224,1187,980.0223214285714,0.5
20262,1.0,1891,2026-01-14T03:10,COMPLETA,1065.9457,498.0,498.0,92.0,258.0,1,0.3333333333333333,1,0,0,224,1187,980.0223214285714,0.5
20262,1.0,1892,2026-01-14T03:20,COMPLETA,1001.4136,498.0,498.0,92.0,258.0,1,0.3333333333333333,1,0,0,224,1187,980.0223214285714,0.5
20262,1.0,1893,2026-01-14T03:30,COMPLETA,1014.3196,498.0,498.0,92.0,258.0,1,0.3333333333333333,1,0,0,224,1187,980.0223214285714,0.5
20262,1.0,1894,2026-01-14T03:40,COMPLETA,955.8942,498.0,498.0,92.0,258.0,1,0.3333333333333333,1,0,0,224,1187,980.0223214285714,0.5
20262,1.0,1895,2026-01-14T03:50,COMPLETA,1022.7812,498.0,498.0,92.0,258.0,1,0.3333333333333333,1,0,0,224,1187,980.0223214285714,0.5
20262,1.0,1896,2026-01-14T04:00,COMPLETA,980.7034,498.0,498.0,92.0,258.0,1,0.3333333333333333,1,0,0,224,1187,980.0223214285714,0.5
20262,1.0,1897,2026-01-14T04:10,COMPLETA,998.901,498.0,498.0,92.0,258.0,1,0.3333333333333333,1,0,0,224,1187,980.0223214285714,0.5
20262,1.0,1898,2026-01-14T04:20,COMPLETA,956.4946,498.0,498.0,92.0,258.0,1,0.3333333333333333,1,0,0,224,1187,980.0223214285714,0.5
20262,1.0,1899,2026-01-14T04:30,COMPLETA,1005.4548,498.0,498.0,92.0,258.0,1,0.3333333333333333,1,0,0,224,1187,980.0223214285714,0.5
20262,1.0,1900,2026-01-14T04:40,COMPLETA,970.5718,498.0,498.0,92.0,258.0,1,0.3333333333333333,1,0,0,224,1187,980.0223214285714,0.5
20262,1.0,1901,2026-01-14T04:50,COMPLETA,1011.729,498.0,498.0,92.0,258.0,1,0.3333333333333333,1,0,0,224,1187,980.0223214285714,0.5
20262,1.0,1902,2026-01-14T05:00,COMPLETA,1034.9329,498.0,498.0,92.0,258.0,1,0.3333333333333333,1,0,0,224,1187,980.0223214285714,0.5
20262,1.0,1903,2026-01-14T05:10,COMPLETA,1018.7923,498.0,498.0,92.0,258.0,1,0.3333333333333333,1,0,0,224,1187,980.0223214285714,0.5
20262,1.0,1904,2026-01-14T05:20,COMPLETA,991.3066,498.0,498.0,92.0,258.0,1,0.3333333333333333,1,0,0,224,1187,980.0223214285714,0.5
20262,1.0,1905,2026-01-14T05:30,COMPLETA,1035.2173,498.0,498.0,92.0,258.0,1,0.3333333333333333,1,0,0,224,1187,980.0223214285714,0.5
20262,1.0,1906,2026-01-14T05:40,COMPLETA,1044.8536,498.0,498.0,92.0,258.0,1,0.3333333333333333,1,0,0,224,1187,980.0223214285714,0.5
20262,1.0,1907,2026-01-14T05:50,COMPLETA,1165.1591,498.0,498.0,92.0,258.0,1,0.3333333333333333,1,0,0,224,1187,980.0223214285714,0.5
20262,1.0,1908,2026-01-14T06:00,COMPLETA,1215.5316,498.0,498.0,92.0,258.0,1,0.3333333333333333,1,0,0,224,1187,980.0223214285714,0.5
20262,1.0,1909,2026-01-14T06:10,COMPLETA,1104.6481,498.0,498.0,92.0,258.0,1,0.3333333333333333,1,0,0,224,1187,980.0223214285714,0.5
20262,1.0,1910,2026-01-14T06:20,COMPLETA,1001.434,498.0,498.0,92.0,258.0,1,0.3333333333333333,1,0,0,224,1187,980.0223214285714,0.5
20262,1.0,1911,2026-01-14T06:30,COMPLETA,1059.1381,498.0,498.0,92.0,258.0,1,0.3333333333333333,1,0,0,224,1187,980.0223214285714,0.5
20262,1.0,1912,2026-01-14T06:40,COMPLETA,1923.6405,1226.25,492.0,207.0,550.5,2,0.3125,2,0,0,224,1187,980.0223214285714,0.5
20262,1.0,1913,2026-01-14T06:50,COMPLETA,1997.8076,975.8333333333334,385.0,171.0,616.5,3,0.25,3,0,0,224,1187,980.0223214285714,0.5
20262,1.0,1914,2026-01-14T07:00,COMPLETA,2250.6021,1214.875,385.0,239.0,778.5,3,0.3333333333333333,4,0,3,224,1187,980.0223214285714,0.5
20262,1.0,1915,2026-01-14T07:10,SIN_DEMANDA,0,,,,,,,0,0,0,224,1187,980.0223214285714,0.5
20262,1.0,1916,2026-01-14T07:20,COMPLETA,609.0874,625.5,625.5,42.0,183.0,1,0.125,1,0,1,224,1187,980.0223214285714,0.5
20262,1.0,1917,2026-01-14T07:30,COMPLETA,656.6448,367.5,367.5,58.0,207.0,1,0.08333333333333333,1,0,1,224,1187,980.0223214285714,0.5
20262,1.0,1918,2026-01-14T07:40,SIN_DEMANDA,0,,,,,,,0,0,0,224,1187,980.0223214285714,0.5
20262,1.0,1919,2026-01-14T07:50,SIN_DEMANDA,0,,,,,,,0,0,0,224,1187,980.0223214285714,0.5
20262,1.0,1920,2026-01-14T08:00,SIN_DEMANDA,0,,,,,,,0,0,0,224,1187,980.0223214285714,0.5
20262,1.0,1921,2026-01-14T08:10,SIN_DEMANDA,0,,,,,,,0,0,0,224,1187,980.0223214285714,0.5
20262,1.0,1922,2026-01-14T08:20,SIN_DEMANDA,0,,,,,,,0,0,0,225,1190,977.3777777777777,0.5
20262,1.0,1923,2026-01-14T08:30,SIN_DEMANDA,0,,,,,,,0,0,0,225,1190,977.3777777777777,0.5
20262,1.0,1924,2026-01-14T08:40,SIN_DEMANDA,0,,,,,,,0,0,0,225,1190,977.3777777777777,0.5
20262,1.0,1925,2026-01-14T08:50,SIN_DEMANDA,0,,,,,,,0,0,0,225,1190,977.3777777777777,0.5
20262,1.0,1926,2026-01-14T09:00,SIN_DEMANDA,0,,,,,,,0,0,0,226,1193,975.820796460177,0.5
20262,1.0,1927,2026-01-14T09:10,SIN_DEMANDA,0,,,,,,,0,0,0,227,1199,980.4559471365639,0.5
20262,1.0,1928,2026-01-14T09:20,SIN_DEMANDA,0,,,,,,,0,0,0,228,1201,977.7675438596491,0.5
20262,1.0,1929,2026-01-14T09:30,SIN_DEMANDA,0,,,,,,,0,0,0,228,1201,977.7675438596491,0.5
20262,1.0,1930,2026-01-14T09:40,SIN_DEMANDA,0,,,,,,,0,0,0,228,1201,977.7675438596491,0.5
20262,1.0,1931,2026-01-14T09:50,SIN_DEMANDA,0,,,,,,,0,0,0,228,1201,977.7675438596491,0.5
20262,1.0,1932,2026-01-14T10:00,SIN_DEMANDA,0,,,,,,,0,0,0,229,1208,982.0589519650655,0.5
20262,1.0,1933,2026-01-14T10:10,SIN_DEMANDA,0,,,,,,,0,0,0,230,1216,979.9021739130435,0.5
20262,1.0,1934,2026-01-14T10:20,SIN_DEMANDA,0,,,,,,,0,0,0,230,1216,979.9021739130435,0.5
20262,1.0,1935,2026-01-14T10:30,SIN_DEMANDA,0,,,,,,,0,0,0,230,1216,979.9021739130435,0.5
20262,1.0,1936,2026-01-14T10:40,SIN_DEMANDA,0,,,,,,,0,0,0,230,1216,979.9021739130435,0.5
20262,1.0,1937,2026-01-14T10:50,SIN_DEMANDA,0,,,,,,,0,0,0,230,1216,979.9021739130435,0.5
20262,1.0,1938,2026-01-14T11:00,SIN_DEMANDA,0,,,,,,,0,0,0,230,1216,979.9021739130435,0.5
20262,1.0,1939,2026-01-14T11:10,SIN_DEMANDA,0,,,,,,,0,0,0,230,1216,979.9021739130435,0.5
20262,1.0,1940,2026-01-14T11:20,SIN_DEMANDA,0,,,,,,,0,0,0,230,1216,979.9021739130435,0.5
20262,1.0,1941,2026-01-14T11:30,SIN_DEMANDA,0,,,,,,,0,0,0,230,1216,979.9021739130435,0.5
20262,1.0,1942,2026-01-14T11:40,SIN_DEMANDA,0,,,,,,,0,0,0,230,1216,979.9021739130435,0.5
20262,1.0,1943,2026-01-14T11:50,SIN_DEMANDA,0,,,,,,,0,0,0,230,1216,979.9021739130435,0.5
20262,1.0,1944,2026-01-14T12:00,SIN_DEMANDA,0,,,,,,,0,0,0,230,1216,979.9021739130435,0.5
20262,1.0,1945,2026-01-14T12:10,SIN_DEMANDA,0,,,,,,,0,0,0,230,1216,979.9021739130435,0.5
20262,1.0,1946,2026-01-14T12:20,SIN_DEMANDA,0,,,,,,,0,0,0,230,1216,979.9021739130435,0.5
20262,1.0,1947,2026-01-14T12:30,SIN_DEMANDA,0,,,,,,,0,0,0,230,1216,979.9021739130435,0.5
20262,1.0,1948,2026-01-14T12:40,SIN_DEMANDA,0,,,,,,,0,0,0,230,1216,979.9021739130435,0.5
20262,1.0,1949,2026-01-14T12:50,SIN_DEMANDA,0,,,,,,,0,0,0,230,1216,979.9021739130435,0.5
20262,1.0,1950,2026-01-14T13:00,SIN_DEMANDA,0,,,,,,,0,0,0,230,1216,979.9021739130435,0.5
20262,1.0,1951,2026-01-14T13:10,COMPLETA,611.0931,645.0,645.0,16.0,84.0,1,0.16666666666666666,1,0,1,230,1216,979.9021739130435,0.5
20262,1.0,1952,2026-01-14T13:20,SIN_DEMANDA,0,,,,,,,0,0,0,230,1216,979.9021739130435,0.5
20262,1.0,1953,2026-01-14T13:30,SIN_DEMANDA,0,,,,,,,0,0,0,230,1216,979.9021739130435,0.5
20262,1.0,1954,2026-01-14T13:40,COMPLETA,928.3255,873.5,873.5,47.0,190.5,1,0.20833333333333334,1,0,0,230,1216,979.9021739130435,0.5
20262,1.0,1955,2026-01-14T13:50,COMPLETA,1335.1818,479.75,86.0,75.0,352.5,2,0.125,2,0,0,230,1216,979.9021739130435,0.5
20262,1.0,1956,2026-01-14T14:00,COMPLETA,1328.9796,479.75,86.0,75.0,352.5,2,0.125,2,0,0,230,1216,979.9021739130435,0.5
20262,1.0,1957,2026-01-14T14:10,COMPLETA,1299.7872,479.75,86.0,75.0,352.5,2,0.125,2,0,0,230,1216,979.9021739130435,0.5
20262,1.0,1958,2026-01-14T14:20,COMPLETA,1801.2515,944.5,86.0,111.0,466.5,2,0.2708333333333333,3,0,0,230,1216,979.9021739130435,0.5
20262,1.0,1959,2026-01-14T14:30,COMPLETA,1771.524,944.5,86.0,111.0,466.5,2,0.2708333333333333,3,0,0,231,1220,978.452380952381,0.5
20262,1.0,1960,2026-01-14T14:40,COMPLETA,1775.4136,944.5,86.0,111.0,466.5,2,0.2708333333333333,3,0,0,231,1220,978.452380952381,0.5
20262,1.0,1961,2026-01-14T14:50,COMPLETA,1777.8493,944.5,86.0,111.0,466.5,2,0.2708333333333333,3,0,0,231,1220,978.452380952381,0.5
20262,1.0,1962,2026-01-14T15:00,COMPLETA,1996.0419,867.625,86.0,217.0,745.5,3,0.2777777777777778,4,0,3,231,1220,978.452380952381,0.5
20262,1.0,1963,2026-01-14T15:10,SIN_DEMANDA,0,,,,,,,0,0,0,231,1220,978.452380952381,0.5
20262,1.0,1964,2026-01-14T15:20,SIN_DEMANDA,0,,,,,,,0,0,0,231,1220,978.452380952381,0.5
20262,1.0,1965,2026-01-14T15:30,SIN_DEMANDA,0,,,,,,,0,0,0,231,1220,978.452380952381,0.5
20262,1.0,1966,2026-01-14T15:40,SIN_DEMANDA,0,,,,,,,0,0,0,231,1220,978.452380952381,0.5
20262,1.0,1967,2026-01-14T15:50,COMPLETA,1275.6282,98.5,98.5,114.0,291.0,1,0.375,1,0,0,231,1220,978.452380952381,0.5
20262,1.0,1968,2026-01-14T16:00,COMPLETA,1665.1772,121.75,98.5,154.0,471.0,2,0.2708333333333333,2,0,1,231,1220,978.452380952381,0.5
20262,1.0,1969,2026-01-14T16:10,COMPLETA,1280.3821,98.5,98.5,114.0,291.0,1,0.375,1,0,0,232,1225,978.2521551724138,0.5
20262,1.0,1970,2026-01-14T16:20,COMPLETA,1374.2516,98.5,98.5,114.0,291.0,1,0.375,1,0,0,232,1225,978.2521551724138,0.5
20262,1.0,1971,2026-01-14T16:30,COMPLETA,1393.7167,98.5,98.5,114.0,291.0,1,0.375,1,0,0,233,1226,974.4227467811158,0.5
20262,1.0,1972,2026-01-14T16:40,COMPLETA,1290.8752,98.5,98.5,114.0,291.0,1,0.375,1,0,0,233,1226,974.4227467811158,0.5
20262,1.0,1973,2026-01-14T16:50,COMPLETA,1852.9199,62.25,26.0,224.0,576.0,2,0.3958333333333333,2,0,1,233,1226,974.4227467811158,0.5
20262,1.0,1974,2026-01-14T17:00,COMPLETA,1365.6745,98.5,98.5,114.0,291.0,1,0.375,1,0,0,233,1226,974.4227467811158,0.5
20262,1.0,1975,2026-01-14T17:10,COMPLETA,1346.5996,98.5,98.5,114.0,291.0,1,0.375,1,0,0,234,1233,978.7542735042736,0.5
20262,1.0,1976,2026-01-14T17:20,COMPLETA,1865.8537,1092.75,98.5,126.0,369.0,2,0.22916666666666666,2,0,1,234,1233,978.7542735042736,0.5
20262,1.0,1977,2026-01-14T17:30,COMPLETA,1350.8024,98.5,98.5,114.0,291.0,1,0.375,1,0,0,235,1237,975.2063829787234,0.5
20262,1.0,1978,2026-01-14T17:40,COMPLETA,1329.1878,98.5,98.5,114.0,291.0,1,0.375,1,0,0,235,1237,975.2063829787234,0.5
20262,1.0,1979,2026-01-14T17:50,COMPLETA,1667.1265,89.25,86.0,156.0,474.0,2,0.2916666666666667,2,0,0,235,1237,975.2063829787234,0.5
20262,1.0,1980,2026-01-14T18:00,COMPLETA,1653.79,89.25,86.0,156.0,474.0,2,0.2916666666666667,2,0,0,235,1237,975.2063829787234,0.5
20262,1.0,1981,2026-01-14T18:10,COMPLETA,1663.3105,211.5,77.0,153.0,409.5,2,0.2916666666666667,2,0,0,235,1237,975.2063829787234,0.5
20262,1.0,1982,2026-01-14T18:20,COMPLETA,1640.5989,211.5,77.0,153.0,409.5,2,0.2916666666666667,2,0,0,235,1237,975.2063829787234,0.5
20262,1.0,1983,2026-01-14T18:30,COMPLETA,1637.1891,211.5,77.0,153.0,349.5,2,0.2916666666666667,2,0,0,236,1239,979.917372881356,0.5
20262,1.0,1984,2026-01-14T18:40,COMPLETA,1656.1118,211.5,77.0,153.0,349.5,2,0.2916666666666667,2,0,0,236,1239,979.917372881356,0.5
20262,1.0,1985,2026-01-14T18:50,COMPLETA,1633.6874,211.5,77.0,153.0,349.5,2,0.2916666666666667,2,0,1,236,1239,979.917372881356,0.5
20262,1.0,1986,2026-01-14T19:00,COMPLETA,884.1343,77.0,77.0,39.0,118.5,1,0.20833333333333334,1,0,1,236,1239,979.917372881356,0.5
20262,1.0,1987,2026-01-14T19:10,SIN_DEMANDA,0,,,,,,,0,0,0,236,1239,979.917372881356,0.5
20262,1.0,1988,2026-01-14T19:20,SIN_DEMANDA,0,,,,,,,0,0,0,237,1246,977.7426160337553,0.5
20262,1.0,1989,2026-01-14T19:30,COMPLETA,894.7011,100.5,100.5,84.0,246.0,1,0.25,1,0,0,237,1246,977.7426160337553,0.5
20262,1.0,1990,2026-01-14T19:40,COMPLETA,923.292,100.5,100.5,84.0,246.0,1,0.25,1,0,0,237,1246,977.7426160337553,0.5
20262,1.0,1991,2026-01-14T19:50,COMPLETA,885.0824,100.5,100.5,84.0,246.0,1,0.25,1,0,0,237,1246,977.7426160337553,0.5
20262,1.0,1992,2026-01-14T20:00,COMPLETA,912.8643,100.5,100.5,84.0,246.0,1,0.25,1,0,0,237,1246,977.7426160337553,0.5
20262,1.0,1993,2026-01-14T20:10,COMPLETA,900.157,100.5,100.5,84.0,246.0,1,0.25,1,0,0,237,1246,977.7426160337553,0.5
20262,1.0,1994,2026-01-14T20:20,COMPLETA,887.9936,100.5,100.5,84.0,246.0,1,0.25,1,0,0,238,1256,973.7436974789916,0.5
20262,1.0,1995,2026-01-14T20:30,COMPLETA,1315.7689,249.5,100.5,106.0,339.0,2,0.14583333333333334,2,0,1,239,1261,969.9916317991632,0.5
20262,1.0,1996,2026-01-14T20:40,COMPLETA,989.1138,100.5,100.5,84.0,246.0,1,0.25,1,0,0,239,1261,969.9916317991632,0.5
20262,1.0,1997,2026-01-14T20:50,COMPLETA,909.2296,100.5,100.5,84.0,246.0,1,0.25,1,0,0,239,1261,969.9916317991632,0.5
20262,1.0,1998,2026-01-14T21:00,COMPLETA,907.0293,100.5,100.5,84.0,246.0,1,0.25,1,0,0,239,1261,969.9916317991632,0.5
20262,1.0,1999,2026-01-14T21:10,COMPLETA,894.1404,100.5,100.5,84.0,246.0,1,0.25,1,0,0,239,1261,969.9916317991632,0.5
20262,1.0,2000,2026-01-14T21:20,COMPLETA,890.7422,100.5,100.5,84.0,246.0,1,0.25,1,0,0,239,1261,969.9916317991632,0.5
20262,1.0,2001,2026-01-14T21:30,COMPLETA,912.9638,100.5,100.5,84.0,246.0,1,0.25,1,0,0,239,1261,969.9916317991632,0.5
20262,1.0,2002,2026-01-14T21:40,COMPLETA,911.9132,100.5,100.5,84.0,246.0,1,0.25,1,0,0,239,1261,969.9916317991632,0.5
20262,1.0,2003,2026-01-14T21:50,COMPLETA,888.8588,100.5,100.5,84.0,246.0,1,0.25,1,0,0,240,1262,967.6104166666667,0.5
20262,1.0,2004,2026-01-14T22:00,COMPLETA,892.5535,100.5,100.5,84.0,246.0,1,0.25,1,0,0,241,1271,965.0311203319502,0.5
20262,1.0,2005,2026-01-14T22:10,COMPLETA,898.3347,100.5,100.5,84.0,246.0,1,0.25,1,0,0,241,1271,965.0311203319502,0.5
20262,1.0,2006,2026-01-14T22:20,COMPLETA,1303.0708,1065.5,100.5,114.0,411.0,2,0.14583333333333334,2,0,0,241,1271,965.0311203319502,0.5
20262,1.0,2007,2026-01-14T22:30,COMPLETA,1260.5944,1065.5,100.5,114.0,411.0,2,0.14583333333333334,2,0,0,241,1271,965.0311203319502,0.5
20262,1.0,2008,2026-01-14T22:40,COMPLETA,1255.0999,1065.5,100.5,114.0,411.0,2,0.14583333333333334,2,0,0,241,1271,965.0311203319502,0.5
20262,1.0,2009,2026-01-14T22:50,COMPLETA,1739.0227,991.0,34.5,118.0,477.0,2,0.3333333333333333,3,0,0,241,1271,965.0311203319502,0.5
20262,1.0,2010,2026-01-14T23:00,COMPLETA,1707.2078,991.0,34.5,118.0,477.0,2,0.3333333333333333,3,0,2,241,1271,965.0311203319502,0.5
20262,1.0,2011,2026-01-14T23:10,COMPLETA,905.9627,1508.5,1508.5,106.0,279.0,1,0.25,1,0,0,241,1271,965.0311203319502,0.5
20262,1.0,2012,2026-01-14T23:20,COMPLETA,895.1207,1508.5,1508.5,106.0,279.0,1,0.25,1,0,0,241,1271,965.0311203319502,0.5
20262,1.0,2013,2026-01-14T23:30,COMPLETA,934.5614,1508.5,1508.5,106.0,279.0,1,0.25,1,0,0,241,1271,965.0311203319502,0.5
20262,1.0,2014,2026-01-14T23:40,COMPLETA,940.4638,1508.5,1508.5,106.0,279.0,1,0.25,1,0,0,241,1271,965.0311203319502,0.5
20262,1.0,2015,2026-01-14T23:50,COMPLETA,904.5843,1508.5,1508.5,106.0,279.0,1,0.25,1,0,0,241,1271,965.0311203319502,0.5
20262,1.0,2016,2026-01-15T00:00,COMPLETA,926.8568,1508.5,1508.5,106.0,279.0,1,0.25,1,0,0,241,1271,965.0311203319502,0.5
20262,1.0,2017,2026-01-15T00:10,COMPLETA,1016.9833,1508.5,1508.5,106.0,279.0,1,0.25,1,0,0,241,1271,965.0311203319502,0.5
20262,1.0,2018,2026-01-15T00:20,COMPLETA,981.1277,1508.5,1508.5,106.0,279.0,1,0.25,1,0,0,241,1271,965.0311203319502,0.5
20262,1.0,2019,2026-01-15T00:30,COMPLETA,917.1189,1508.5,1508.5,106.0,279.0,1,0.25,1,0,0,242,1272,969.4338842975206,0.5
20262,1.0,2020,2026-01-15T00:40,COMPLETA,933.1839,1508.5,1508.5,106.0,279.0,1,0.25,1,0,0,242,1272,969.4338842975206,0.5
20262,1.0,2021,2026-01-15T00:50,COMPLETA,927.5774,1508.5,1508.5,106.0,279.0,1,0.25,1,0,0,242,1272,969.4338842975206,0.5
20262,1.0,2022,2026-01-15T01:00,COMPLETA,1367.33,1072.75,637.0,130.0,375.0,2,0.14583333333333334,2,0,1,242,1272,969.4338842975206,0.5
20262,1.0,2023,2026-01-15T01:10,COMPLETA,1291.2624,1795.25,1508.5,130.0,375.0,2,0.20833333333333334,2,0,1,242,1272,969.4338842975206,0.5
20262,1.0,2024,2026-01-15T01:20,COMPLETA,924.9977,1508.5,1508.5,106.0,279.0,1,0.25,1,0,0,242,1272,969.4338842975206,0.5
20262,1.0,2025,2026-01-15T01:30,COMPLETA,953.6512,1508.5,1508.5,106.0,279.0,1,0.25,1,0,0,242,1272,969.4338842975206,0.5
20262,1.0,2026,2026-01-15T01:40,COMPLETA,963.1466,1508.5,1508.5,106.0,279.0,1,0.25,1,0,0,242,1272,969.4338842975206,0.5
20262,1.0,2027,2026-01-15T01:50,COMPLETA,973.9876,1508.5,1508.5,106.0,279.0,1,0.25,1,0,0,243,1281,969.1810699588477,0.5
20262,1.0,2028,2026-01-15T02:00,COMPLETA,1033.9963,1508.5,1508.5,106.0,279.0,1,0.25,1,0,0,243,1281,969.1810699588477,0.5
20262,1.0,2029,2026-01-15T02:10,COMPLETA,1065.0321,1508.5,1508.5,106.0,279.0,1,0.25,1,0,0,243,1281,969.1810699588477,0.5
20262,1.0,2030,2026-01-15T02:20,COMPLETA,939.9639,1508.5,1508.5,106.0,279.0,1,0.25,1,0,0,244,1282,967.8196721311475,0.5
20262,1.0,2031,2026-01-15T02:30,COMPLETA,936.4612,1508.5,1508.5,106.0,279.0,1,0.25,1,0,0,245,1286,972.3673469387755,0.5
20262,1.0,2032,2026-01-15T02:40,COMPLETA,931.9331,1508.5,1508.5,106.0,279.0,1,0.25,1,0,0,245,1286,972.3673469387755,0.5
20262,1.0,2033,2026-01-15T02:50,COMPLETA,1699.7172,1582.75,1427.5,120.0,360.0,1,0.5416666666666666,2,0,0,245,1286,972.3673469387755,0.5
20262,1.0,2034,2026-01-15T03:00,COMPLETA,1718.4841,1582.75,1427.5,120.0,360.0,1,0.5416666666666666,2,0,0,246,1292,968.5548780487804,0.5
20262,1.0,2035,2026-01-15T03:10,COMPLETA,1697.6824,1582.75,1427.5,120.0,360.0,1,0.5416666666666666,2,0,0,246,1292,968.5548780487804,0.5
20262,1.0,2036,2026-01-15T03:20,COMPLETA,1713.8003,1582.75,1427.5,120.0,360.0,1,0.5416666666666666,2,0,0,246,1292,968.5548780487804,0.5
20262,1.0,2037,2026-01-15T03:30,COMPLETA,1890.5146,1621.0,1367.5,120.0,420.0,1,0.75,3,0,0,246,1292,968.5548780487804,0.5
20262,1.0,2038,2026-01-15T03:40,COMPLETA,2146.0255,1520.5,905.0,265.0,697.5,3,0.3333333333333333,4,0,2,246,1292,968.5548780487804,0.5
20262,1.0,2039,2026-01-15T03:50,COMPLETA,1674.4314,1582.75,1427.5,120.0,360.0,1,0.5416666666666666,2,0,0,246,1292,968.5548780487804,0.5
20262,1.0,2040,2026-01-15T04:00,COMPLETA,1677.198,1582.75,1427.5,120.0,360.0,1,0.5416666666666666,2,0,0,246,1292,968.5548780487804,0.5
20262,1.0,2041,2026-01-15T04:10,COMPLETA,1843.7644,1752.5,1427.5,124.0,426.0,2,0.3125,3,0,1,246,1292,968.5548780487804,0.5
20262,1.0,2042,2026-01-15T04:20,COMPLETA,1677.7624,1582.75,1427.5,120.0,360.0,1,0.5416666666666666,2,0,0,246,1292,968.5548780487804,0.5
20262,1.0,2043,2026-01-15T04:30,COMPLETA,1698.0345,1582.75,1427.5,120.0,360.0,1,0.5416666666666666,2,0,0,246,1292,968.5548780487804,0.5
20262,1.0,2044,2026-01-15T04:40,COMPLETA,1713.8956,1582.75,1427.5,120.0,360.0,1,0.5416666666666666,2,0,0,246,1292,968.5548780487804,0.5
20262,1.0,2045,2026-01-15T04:50,COMPLETA,1853.4101,1750.3333333333333,1427.5,138.0,447.0,2,0.3541666666666667,3,0,1,246,1292,968.5548780487804,0.5
20262,1.0,2046,2026-01-15T05:00,COMPLETA,1691.1928,1582.75,1427.5,120.0,360.0,1,0.5416666666666666,2,0,0,246,1292,968.5548780487804,0.5
20262,1.0,2047,2026-01-15T05:10,COMPLETA,1681.6285,1582.75,1427.5,120.0,360.0,1,0.5416666666666666,2,0,0,246,1292,968.5548780487804,0.5
20262,1.0,2048,2026-01-15T05:20,COMPLETA,1730.8171,1582.75,1427.5,120.0,360.0,1,0.5416666666666666,2,0,0,247,1294,973.1032388663967,0.5
20262,1.0,2049,2026-01-15T05:30,COMPLETA,1692.9881,1582.75,1427.5,120.0,360.0,1,0.5416666666666666,2,0,0,247,1294,973.1032388663967,0.5
20262,1.0,2050,2026-01-15T05:40,COMPLETA,1760.0705,1582.75,1427.5,120.0,360.0,1,0.5416666666666666,2,0,0,247,1294,973.1032388663967,0.5
20262,1.0,2051,2026-01-15T05:50,COMPLETA,1708.3858,1582.75,1427.5,120.0,360.0,1,0.5416666666666666,2,0,0,247,1294,973.1032388663967,0.5
20262,1.0,2052,2026-01-15T06:00,COMPLETA,1812.7879,1103.6666666666667,70.5,250.0,735.0,3,0.2916666666666667,3,0,0,248,1299,977.2903225806451,0.5
20262,1.0,2053,2026-01-15T06:10,COMPLETA,1791.1832,1103.6666666666667,70.5,250.0,735.0,3,0.2916666666666667,3,0,0,249,1303,981.7409638554217,0.5
20262,1.0,2054,2026-01-15T06:20,COMPLETA,1806.4579,1103.6666666666667,70.5,250.0,735.0,3,0.2916666666666667,3,0,0,249,1303,981.7409638554217,0.5
20262,1.0,2055,2026-01-15T06:30,COMPLETA,2110.6492,1302.375,70.5,265.0,817.5,3,0.3611111111111111,4,0,0,250,1309,981.434,0.5
20262,1.0,2056,2026-01-15T06:40,COMPLETA,2238.4798,1069.3,70.5,304.0,936.0,3,0.4722222222222222,5,0,0,250,1309,981.434,0.5
20262,1.0,2057,2026-01-15T06:50,COMPLETA,2280.4891,1069.3,70.5,304.0,936.0,3,0.4722222222222222,5,0,0,250,1309,981.434,0.5
20262,1.0,2058,2026-01-15T07:00,COMPLETA,2269.1993,1069.3,70.5,304.0,936.0,3,0.4722222222222222,5,0,3,250,1309,981.434,0.5
20262,1.0,2059,2026-01-15T07:10,SIN_DEMANDA,0,,,,,,,0,0,0,250,1309,981.434,0.5
20262,1.0,2060,2026-01-15T07:20,SIN_DEMANDA,0,,,,,,,0,0,0,250,1309,981.434,0.5
20262,1.0,2061,2026-01-15T07:30,SIN_DEMANDA,0,,,,,,,0,0,0,250,1309,981.434,0.5
20262,1.0,2062,2026-01-15T07:40,COMPLETA,931.279,241.5,241.5,6.0,129.0,1,0.20833333333333334,1,0,0,250,1309,981.434,0.5
20262,1.0,2063,2026-01-15T07:50,COMPLETA,938.8619,241.5,241.5,6.0,129.0,1,0.20833333333333334,1,0,0,250,1309,981.434,0.5
20262,1.0,2064,2026-01-15T08:00,COMPLETA,1701.7638,140.0,38.5,128.0,432.0,2,0.20833333333333334,2,0,1,250,1309,981.434,0.5
20262,1.0,2065,2026-01-15T08:10,COMPLETA,965.0546,241.5,241.5,6.0,129.0,1,0.20833333333333334,1,0,0,250,1309,981.434,0.5
20262,1.0,2066,2026-01-15T08:20,COMPLETA,1650.3433,167.0,92.5,81.0,361.5,2,0.3125,2,0,1,250,1309,981.434,0.5
20262,1.0,2067,2026-01-15T08:30,COMPLETA,903.4473,241.5,241.5,6.0,129.0,1,0.20833333333333334,1,0,0,250,1309,981.434,0.5
20262,1.0,2068,2026-01-15T08:40,COMPLETA,886.9617,241.5,241.5,6.0,129.0,1,0.20833333333333334,1,0,0,250,1309,981.434,0.5
20262,1.0,2069,2026-01-15T08:50,COMPLETA,1713.3359,133.0,24.5,32.0,288.0,2,0.2708333333333333,2,0,0,251,1317,977.8047808764941,0.5
20262,1.0,2070,2026-01-15T09:00,COMPLETA,1627.0918,133.0,24.5,32.0,288.0,2,0.2708333333333333,2,0,0,251,1317,977.8047808764941,0.5
20262,1.0,2071,2026-01-15T09:10,COMPLETA,1663.968,133.0,24.5,32.0,288.0,2,0.2708333333333333,2,0,0,251,1317,977.8047808764941,0.5
20262,1.0,2072,2026-01-15T09:20,COMPLETA,1649.7202,133.0,24.5,32.0,288.0,2,0.2708333333333333,2,0,0,251,1317,977.8047808764941,0.5
20262,1.0,2073,2026-01-15T09:30,COMPLETA,1648.94,133.0,24.5,32.0,288.0,2,0.2708333333333333,2,0,0,251,1317,977.8047808764941,0.5
20262,1.0,2074,2026-01-15T09:40,COMPLETA,1774.6074,222.33333333333334,142.0,119.0,538.5,3,0.2916666666666667,3,0,0,252,1322,981.7559523809524,0.5
20262,1.0,2075,2026-01-15T09:50,COMPLETA,1780.3795,232.5,158.0,119.0,418.5,2,0.4375,3,0,0,252,1322,981.7559523809524,0.5
20262,1.0,2076,2026-01-15T10:00,COMPLETA,1763.1671,232.5,158.0,119.0,418.5,2,0.4375,3,0,0,253,1328,983.8379446640316,0.5
20262,1.0,2077,2026-01-15T10:10,COMPLETA,1779.1636,232.5,158.0,119.0,418.5,2,0.4375,3,0,0,253,1328,983.8379446640316,0.5
20262,1.0,2078,2026-01-15T10:20,COMPLETA,1712.9948,232.5,158.0,119.0,418.5,2,0.4375,3,0,0,253,1328,983.8379446640316,0.5
20262,1.0,2079,2026-01-15T10:30,COMPLETA,1720.7875,232.5,158.0,119.0,418.5,2,0.4375,3,0,1,253,1328,983.8379446640316,0.5
20262,1.0,2080,2026-01-15T10:40,COMPLETA,924.2464,169.0,169.0,130.0,315.0,1,0.3333333333333333,1,0,0,253,1328,983.8379446640316,0.5
20262,1.0,2081,2026-01-15T10:50,COMPLETA,928.636,169.0,169.0,130.0,315.0,1,0.3333333333333333,1,0,0,254,1338,980.3287401574803,0.5
20262,1.0,2082,2026-01-15T11:00,COMPLETA,977.6872,169.0,169.0,130.0,315.0,1,0.3333333333333333,1,0,0,254,1338,980.3287401574803,0.5
20262,1.0,2083,2026-01-15T11:10,COMPLETA,923.5384,169.0,169.0,130.0,315.0,1,0.3333333333333333,1,0,0,254,1338,980.3287401574803,0.5
20262,1.0,2084,2026-01-15T11:20,COMPLETA,923.1128,169.0,169.0,130.0,315.0,1,0.3333333333333333,1,0,0,255,1343,976.635294117647,0.5
20262,1.0,2085,2026-01-15T11:30,COMPLETA,929.5833,169.0,169.0,130.0,315.0,1,0.3333333333333333,1,0,0,256,1350,979.19921875,0.5
20262,1.0,2086,2026-01-15T11:40,COMPLETA,894.2516,169.0,169.0,130.0,315.0,1,0.3333333333333333,1,0,0,257,1355,976.328793774319,0.5
20262,1.0,2087,2026-01-15T11:50,COMPLETA,929.8579,169.0,169.0,130.0,315.0,1,0.3333333333333333,1,0,0,257,1355,976.328793774319,0.5
20262,1.0,2088,2026-01-15T12:00,COMPLETA,925.7289,169.0,169.0,130.0,315.0,1,0.3333333333333333,1,0,0,258,1363,973.1686046511628,0.5
20262,1.0,2089,2026-01-15T12:10,COMPLETA,953.0093,169.0,169.0,130.0,315.0,1,0.3333333333333333,1,0,0,258,1363,973.1686046511628,0.5
20262,1.0,2090,2026-01-15T12:20,COMPLETA,931.2078,169.0,169.0,130.0,315.0,1,0.3333333333333333,1,0,0,258,1363,973.1686046511628,0.5
20262,1.0,2091,2026-01-15T12:30,COMPLETA,919.7412,169.0,169.0,130.0,315.0,1,0.3333333333333333,1,0,0,258,1363,973.1686046511628,0.5
20262,1.0,2092,2026-01-15T12:40,COMPLETA,934.4771,169.0,169.0,130.0,315.0,1,0.3333333333333333,1,0,0,258,1363,973.1686046511628,0.5
20262,1.0,2093,2026-01-15T12:50,COMPLETA,979.7932,169.0,169.0,130.0,315.0,1,0.3333333333333333,1,0,0,258,1363,973.1686046511628,0.5
20262,1.0,2094,2026-01-15T13:00,COMPLETA,926.9781,169.0,169.0,130.0,315.0,1,0.3333333333333333,1,0,0,258,1363,973.1686046511628,0.5
20262,1.0,2095,2026-01-15T13:10,COMPLETA,949.5737,169.0,169.0,130.0,315.0,1,0.3333333333333333,1,0,0,258,1363,973.1686046511628,0.5
20262,1.0,2096,2026-01-15T13:20,COMPLETA,956.5927,169.0,169.0,130.0,315.0,1,0.3333333333333333,1,0,0,258,1363,973.1686046511628,0.5
20262,1.0,2097,2026-01-15T13:30,COMPLETA,940.6379,169.0,169.0,130.0,315.0,1,0.3333333333333333,1,0,0,258,1363,973.1686046511628,0.5
20262,1.0,2098,2026-01-15T13:40,COMPLETA,1036.0577,169.0,169.0,130.0,315.0,1,0.3333333333333333,1,0,0,258,1363,973.1686046511628,0.5
20262,1.0,2099,2026-01-15T13:50,COMPLETA,1074.3906,169.0,169.0,130.0,315.0,1,0.3333333333333333,1,0,0,258,1363,973.1686046511628,0.5
20262,1.0,2100,2026-01-15T14:00,COMPLETA,907.3065,169.0,169.0,130.0,315.0,1,0.3333333333333333,1,0,0,258,1363,973.1686046511628,0.5
20262,1.0,2101,2026-01-15T14:10,COMPLETA,936.241,169.0,169.0,130.0,315.0,1,0.3333333333333333,1,0,0,259,1371,970.0212355212356,0.5
20262,1.0,2102,2026-01-15T14:20,COMPLETA,911.4773,169.0,169.0,130.0,315.0,1,0.3333333333333333,1,0,0,259,1371,970.0212355212356,0.5
20262,1.0,2103,2026-01-15T14:30,COMPLETA,1818.7435,1327.0,109.0,244.0,666.0,2,0.5,3,0,0,259,1371,970.0212355212356,0.5
20262,1.0,2104,2026-01-15T14:40,COMPLETA,1866.2168,1327.0,109.0,244.0,666.0,2,0.5,3,0,0,259,1371,970.0212355212356,0.5
20262,1.0,2105,2026-01-15T14:50,COMPLETA,1920.3218,1327.0,109.0,244.0,666.0,2,0.5,3,0,0,259,1371,970.0212355212356,0.5
20262,1.0,2106,2026-01-15T15:00,COMPLETA,1893.9498,1327.0,109.0,244.0,666.0,2,0.5,3,0,2,259,1371,970.0212355212356,0.5
20262,1.0,2107,2026-01-15T15:10,SIN_DEMANDA,0,,,,,,,0,0,0,259,1371,970.0212355212356,0.5
20262,1.0,2108,2026-01-15T15:20,SIN_DEMANDA,0,,,,,,,0,0,0,259,1371,970.0212355212356,0.5
20262,1.0,2109,2026-01-15T15:30,SIN_DEMANDA,0,,,,,,,0,0,0,259,1371,970.0212355212356,0.5
20262,1.0,2110,2026-01-15T15:40,SIN_DEMANDA,0,,,,,,,0,0,0,259,1371,970.0212355212356,0.5
20262,1.0,2111,2026-01-15T15:50,SIN_DEMANDA,0,,,,,,,0,0,0,259,1371,970.0212355212356,0.5
20262,1.0,2112,2026-01-15T16:00,SIN_DEMANDA,0,,,,,,,0,0,0,259,1371,970.0212355212356,0.5
20262,1.0,2113,2026-01-15T16:10,SIN_DEMANDA,0,,,,,,,0,0,0,259,1371,970.0212355212356,0.5
20262,1.0,2114,2026-01-15T16:20,SIN_DEMANDA,0,,,,,,,0,0,0,259,1371,970.0212355212356,0.5
20262,1.0,2115,2026-01-15T16:30,SIN_DEMANDA,0,,,,,,,0,0,0,259,1371,970.0212355212356,0.5
20262,1.0,2116,2026-01-15T16:40,SIN_DEMANDA,0,,,,,,,0,0,0,259,1371,970.0212355212356,0.5
20262,1.0,2117,2026-01-15T16:50,SIN_DEMANDA,0,,,,,,,0,0,0,259,1371,970.0212355212356,0.5
20262,1.0,2118,2026-01-15T17:00,SIN_DEMANDA,0,,,,,,,0,0,0,259,1371,970.0212355212356,0.5
20262,1.0,2119,2026-01-15T17:10,SIN_DEMANDA,0,,,,,,,0,0,0,259,1371,970.0212355212356,0.5
20262,1.0,2120,2026-01-15T17:20,SIN_DEMANDA,0,,,,,,,0,0,0,259,1371,970.0212355212356,0.5
20262,1.0,2121,2026-01-15T17:30,SIN_DEMANDA,0,,,,,,,0,0,0,259,1371,970.0212355212356,0.5
20262,1.0,2122,2026-01-15T17:40,SIN_DEMANDA,0,,,,,,,0,0,0,259,1371,970.0212355212356,0.5
20262,1.0,2123,2026-01-15T17:50,SIN_DEMANDA,0,,,,,,,0,0,0,259,1371,970.0212355212356,0.5
20262,1.0,2124,2026-01-15T18:00,SIN_DEMANDA,0,,,,,,,0,0,0,259,1371,970.0212355212356,0.5
20262,1.0,2125,2026-01-15T18:10,COMPLETA,545.1733,123.5,123.5,66.0,159.0,1,0.08333333333333333,1,0,1,260,1379,973.7307692307693,0.5
20262,1.0,2126,2026-01-15T18:20,SIN_DEMANDA,0,,,,,,,0,0,0,261,1387,977.4233716475096,0.5
20262,1.0,2127,2026-01-15T18:30,SIN_DEMANDA,0,,,,,,,0,0,0,261,1387,977.4233716475096,0.5
20262,1.0,2128,2026-01-15T18:40,SIN_DEMANDA,0,,,,,,,0,0,0,261,1387,977.4233716475096,0.5
20262,1.0,2129,2026-01-15T18:50,SIN_DEMANDA,0,,,,,,,0,0,0,261,1387,977.4233716475096,0.5
20262,1.0,2130,2026-01-15T19:00,SIN_DEMANDA,0,,,,,,,0,0,0,261,1387,977.4233716475096,0.5
20262,1.0,2131,2026-01-15T19:10,SIN_DEMANDA,0,,,,,,,0,0,0,261,1387,977.4233716475096,0.5
20262,1.0,2132,2026-01-15T19:20,SIN_DEMANDA,0,,,,,,,0,0,0,261,1387,977.4233716475096,0.5
20262,1.0,2133,2026-01-15T19:30,SIN_DEMANDA,0,,,,,,,0,0,0,261,1387,977.4233716475096,0.5
20262,1.0,2134,2026-01-15T19:40,SIN_DEMANDA,0,,,,,,,0,0,0,261,1387,977.4233716475096,0.5
20262,1.0,2135,2026-01-15T19:50,SIN_DEMANDA,0,,,,,,,0,0,0,262,1395,974.1087786259542,0.5
20262,1.0,2136,2026-01-15T20:00,SIN_DEMANDA,0,,,,,,,0,0,0,263,1397,970.8745247148289,0.5
20262,1.0,2137,2026-01-15T20:10,SIN_DEMANDA,0,,,,,,,0,0,0,263,1397,970.8745247148289,0.5
20262,1.0,2138,2026-01-15T20:20,SIN_DEMANDA,0,,,,,,,0,0,0,263,1397,970.8745247148289,0.5
20262,1.0,2139,2026-01-15T20:30,SIN_DEMANDA,0,,,,,,,0,0,0,263,1397,970.8745247148289,0.5
20262,1.0,2140,2026-01-15T20:40,SIN_DEMANDA,0,,,,,,,0,0,0,263,1397,970.8745247148289,0.5
20262,1.0,2141,2026-01-15T20:50,SIN_DEMANDA,0,,,,,,,0,0,0,263,1397,970.8745247148289,0.5
20262,1.0,2142,2026-01-15T21:00,SIN_DEMANDA,0,,,,,,,0,0,0,263,1397,970.8745247148289,0.5
20262,1.0,2143,2026-01-15T21:10,SIN_DEMANDA,0,,,,,,,0,0,0,263,1397,970.8745247148289,0.5
20262,1.0,2144,2026-01-15T21:20,COMPLETA,882.7154,197.5,197.5,102.0,273.0,1,0.20833333333333334,1,0,0,263,1397,970.8745247148289,0.5
20262,1.0,2145,2026-01-15T21:30,COMPLETA,891.897,197.5,197.5,102.0,273.0,1,0.20833333333333334,1,0,0,263,1397,970.8745247148289,0.5
20262,1.0,2146,2026-01-15T21:40,COMPLETA,891.1854,197.5,197.5,102.0,273.0,1,0.20833333333333334,1,0,0,263,1397,970.8745247148289,0.5
20262,1.0,2147,2026-01-15T21:50,COMPLETA,919.2173,197.5,197.5,102.0,273.0,1,0.20833333333333334,1,0,0,263,1397,970.8745247148289,0.5
20262,1.0,2148,2026-01-15T22:00,COMPLETA,1004.552,197.5,197.5,102.0,273.0,1,0.20833333333333334,1,0,0,263,1397,970.8745247148289,0.5
20262,1.0,2149,2026-01-15T22:10,COMPLETA,912.4683,197.5,197.5,102.0,273.0,1,0.20833333333333334,1,0,0,263,1397,970.8745247148289,0.5
20262,1.0,2150,2026-01-15T22:20,COMPLETA,910.3838,197.5,197.5,102.0,273.0,1,0.20833333333333334,1,0,0,263,1397,970.8745247148289,0.5
20262,1.0,2151,2026-01-15T22:30,COMPLETA,930.8427,197.5,197.5,102.0,273.0,1,0.20833333333333334,1,0,0,263,1397,970.8745247148289,0.5
20262,1.0,2152,2026-01-15T22:40,COMPLETA,958.0919,197.5,197.5,102.0,273.0,1,0.20833333333333334,1,0,0,263,1397,970.8745247148289,0.5
20262,1.0,2153,2026-01-15T22:50,COMPLETA,891.5127,197.5,197.5,102.0,273.0,1,0.20833333333333334,1,0,0,263,1397,970.8745247148289,0.5
20262,1.0,2154,2026-01-15T23:00,COMPLETA,918.1546,197.5,197.5,102.0,273.0,1,0.20833333333333334,1,0,1,263,1397,970.8745247148289,0.5
20262,1.0,2155,2026-01-15T23:10,SIN_DEMANDA,0,,,,,,,0,0,0,263,1397,970.8745247148289,0.5
20262,1.0,2156,2026-01-15T23:20,SIN_DEMANDA,0,,,,,,,0,0,0,263,1397,970.8745247148289,0.5
20262,1.0,2157,2026-01-15T23:30,SIN_DEMANDA,0,,,,,,,0,0,0,263,1397,970.8745247148289,0.5
20262,1.0,2158,2026-01-15T23:40,SIN_DEMANDA,0,,,,,,,0,0,0,263,1397,970.8745247148289,0.5
20262,1.0,2159,2026-01-15T23:50,SIN_DEMANDA,0,,,,,,,0,0,0,263,1397,970.8745247148289,0.5
20262,1.0,2160,2026-01-16T00:00,SIN_DEMANDA,0,,,,,,,0,0,0,263,1397,970.8745247148289,0.5
20262,1.0,2161,2026-01-16T00:10,SIN_DEMANDA,0,,,,,,,0,0,0,263,1397,970.8745247148289,0.5
20262,1.0,2162,2026-01-16T00:20,SIN_DEMANDA,0,,,,,,,0,0,0,263,1397,970.8745247148289,0.5
20262,1.0,2163,2026-01-16T00:30,SIN_DEMANDA,0,,,,,,,0,0,0,263,1397,970.8745247148289,0.5
20262,1.0,2164,2026-01-16T00:40,SIN_DEMANDA,0,,,,,,,0,0,0,263,1397,970.8745247148289,0.5
20262,1.0,2165,2026-01-16T00:50,SIN_DEMANDA,0,,,,,,,0,0,0,263,1397,970.8745247148289,0.5
20262,1.0,2166,2026-01-16T01:00,SIN_DEMANDA,0,,,,,,,0,0,0,263,1397,970.8745247148289,0.5
20262,1.0,2167,2026-01-16T01:10,COMPLETA,553.3527,981.0,981.0,40.0,120.0,1,0.16666666666666666,1,0,1,263,1397,970.8745247148289,0.5
20262,1.0,2168,2026-01-16T01:20,COMPLETA,1311.3109,264.0,264.0,28.0,162.0,1,0.4166666666666667,1,0,0,263,1397,970.8745247148289,0.5
20262,1.0,2169,2026-01-16T01:30,COMPLETA,1394.6568,264.0,264.0,28.0,162.0,1,0.4166666666666667,1,0,0,263,1397,970.8745247148289,0.5
20262,1.0,2170,2026-01-16T01:40,COMPLETA,1321.3386,264.0,264.0,28.0,162.0,1,0.4166666666666667,1,0,0,263,1397,970.8745247148289,0.5
20262,1.0,2171,2026-01-16T01:50,COMPLETA,1325.9254,264.0,264.0,28.0,162.0,1,0.4166666666666667,1,0,0,263,1397,970.8745247148289,0.5
20262,1.0,2172,2026-01-16T02:00,COMPLETA,1290.5943,264.0,264.0,28.0,162.0,1,0.4166666666666667,1,0,0,264,1402,967.9450757575758,0.5
20262,1.0,2173,2026-01-16T02:10,COMPLETA,1289.3355,264.0,264.0,28.0,162.0,1,0.4166666666666667,1,0,0,264,1402,967.9450757575758,0.5
20262,1.0,2174,2026-01-16T02:20,COMPLETA,1708.622,439.75,264.0,78.0,297.0,2,0.22916666666666666,2,0,1,264,1402,967.9450757575758,0.5
20262,1.0,2175,2026-01-16T02:30,COMPLETA,1307.3027,264.0,264.0,28.0,162.0,1,0.4166666666666667,1,0,0,264,1402,967.9450757575758,0.5
20262,1.0,2176,2026-01-16T02:40,COMPLETA,1286.8202,264.0,264.0,28.0,162.0,1,0.4166666666666667,1,0,0,265,1406,967.9943396226415,0.5
20262,1.0,2177,2026-01-16T02:50,COMPLETA,1318.8361,264.0,264.0,28.0,162.0,1,0.4166666666666667,1,0,0,265,1406,967.9943396226415,0.5
20262,1.0,2178,2026-01-16T03:00,COMPLETA,1345.9093,189.0,189.0,78.0,177.0,1,0.4166666666666667,1,0,0,265,1406,967.9943396226415,0.5
20262,1.0,2179,2026-01-16T03:10,COMPLETA,1300.8487,189.0,189.0,78.0,177.0,1,0.4166666666666667,1,0,0,265,1406,967.9943396226415,0.5
20262,1.0,2180,2026-01-16T03:20,COMPLETA,1560.5571,189.0,189.0,78.0,177.0,1,0.4166666666666667,1,0,0,265,1406,967.9943396226415,0.5
20262,1.0,2181,2026-01-16T03:30,COMPLETA,1747.2461,120.5,52.0,134.0,321.0,2,0.3541666666666667,2,0,1,265,1406,967.9943396226415,0.5
20262,1.0,2182,2026-01-16T03:40,COMPLETA,891.9519,52.0,52.0,56.0,144.0,1,0.2916666666666667,1,0,0,265,1406,967.9943396226415,0.5
20262,1.0,2183,2026-01-16T03:50,COMPLETA,1816.1586,935.75,52.0,127.0,370.5,2,0.3125,2,0,0,265,1406,967.9943396226415,0.5
20262,1.0,2184,2026-01-16T04:00,COMPLETA,1781.3611,935.75,52.0,127.0,370.5,2,0.3125,2,0,0,266,1407,966.6691729323309,0.5
20262,1.0,2185,2026-01-16T04:10,COMPLETA,1805.7173,935.75,52.0,127.0,370.5,2,0.3125,2,0,0,266,1407,966.6691729323309,0.5
20262,1.0,2186,2026-01-16T04:20,COMPLETA,1836.5296,935.75,52.0,127.0,370.5,2,0.3125,2,0,0,266,1407,966.6691729323309,0.5
20262,1.0,2187,2026-01-16T04:30,COMPLETA,1847.3745,935.75,52.0,127.0,370.5,2,0.3125,2,0,1,266,1407,966.6691729323309,0.5
20262,1.0,2188,2026-01-16T04:40,COMPLETA,1095.8329,1819.5,1819.5,71.0,226.5,1,0.3333333333333333,1,0,0,266,1407,966.6691729323309,0.5
20262,1.0,2189,2026-01-16T04:50,COMPLETA,1122.6693,1819.5,1819.5,71.0,226.5,1,0.3333333333333333,1,0,0,266,1407,966.6691729323309,0.5
20262,1.0,2190,2026-01-16T05:00,COMPLETA,1190.3214,1819.5,1819.5,71.0,226.5,1,0.3333333333333333,1,0,0,266,1407,966.6691729323309,0.5
20262,1.0,2191,2026-01-16T05:10,COMPLETA,1118.5981,1819.5,1819.5,71.0,226.5,1,0.3333333333333333,1,0,0,266,1407,966.6691729323309,0.5
20262,1.0,2192,2026-01-16T05:20,COMPLETA,1022.5862,1819.5,1819.5,71.0,226.5,1,0.3333333333333333,1,0,0,266,1407,966.6691729323309,0.5
20262,1.0,2193,2026-01-16T05:30,COMPLETA,1028.6322,1819.5,1819.5,71.0,226.5,1,0.3333333333333333,1,0,0,266,1407,966.6691729323309,0.5
20262,1.0,2194,2026-01-16T05:40,COMPLETA,1927.7741,1298.25,861.0,87.0,310.5,1,0.7083333333333334,2,0,0,266,1407,966.6691729323309,0.5
20262,1.0,2195,2026-01-16T05:50,COMPLETA,1985.9467,1298.25,861.0,87.0,310.5,1,0.7083333333333334,2,0,0,266,1407,966.6691729323309,0.5
20262,1.0,2196,2026-01-16T06:00,COMPLETA,2014.5235,1298.25,861.0,87.0,310.5,1,0.7083333333333334,2,0,0,266,1407,966.6691729323309,0.5
20262,1.0,2197,2026-01-16T06:10,COMPLETA,2057.6715,1298.25,861.0,87.0,310.5,1,0.7083333333333334,2,0,0,267,1417,963.7565543071161,0.5
20262,1.0,2198,2026-01-16T06:20,COMPLETA,2027.2309,1298.25,861.0,87.0,310.5,1,0.7083333333333334,2,0,0,267,1417,963.7565543071161,0.5
20262,1.0,2199,2026-01-16T06:30,COMPLETA,2020.4728,1298.25,861.0,87.0,310.5,1,0.7083333333333334,2,0,0,267,1417,963.7565543071161,0.5
20262,1.0,2200,2026-01-16T06:40,COMPLETA,1976.0319,1298.25,861.0,87.0,310.5,1,0.7083333333333334,2,0,0,268,1424,960.3544776119403,0.5
20262,1.0,2201,2026-01-16T06:50,COMPLETA,1985.7151,1298.25,861.0,87.0,310.5,1,0.7083333333333334,2,0,0,268,1424,960.3544776119403,0.5
20262,1.0,2202,2026-01-16T07:00,COMPLETA,2336.0237,1169.5,861.0,185.0,577.5,2,0.5208333333333334,3,0,2,268,1424,960.3544776119403,0.5
20262,1.0,2203,2026-01-16T07:10,SIN_DEMANDA,0,,,,,,,0,0,0,268,1424,960.3544776119403,0.5
20262,1.0,2204,2026-01-16T07:20,SIN_DEMANDA,0,,,,,,,0,0,0,268,1424,960.3544776119403,0.5
20262,1.0,2205,2026-01-16T07:30,SIN_DEMANDA,0,,,,,,,0,0,0,268,1424,960.3544776119403,0.5
20262,1.0,2206,2026-01-16T07:40,SIN_DEMANDA,0,,,,,,,0,0,0,268,1424,960.3544776119403,0.5
20262,1.0,2207,2026-01-16T07:50,SIN_DEMANDA,0,,,,,,,0,0,0,268,1424,960.3544776119403,0.5
20262,1.0,2208,2026-01-16T08:00,COMPLETA,681.1263,2068.5,2068.5,34.0,171.0,1,0.16666666666666666,1,0,1,268,1424,960.3544776119403,0.5
20262,1.0,2209,2026-01-16T08:10,SIN_DEMANDA,0,,,,,,,0,0,0,268,1424,960.3544776119403,0.5
20262,1.0,2210,2026-01-16T08:20,SIN_DEMANDA,0,,,,,,,0,0,0,268,1424,960.3544776119403,0.5
20262,1.0,2211,2026-01-16T08:30,COMPLETA,698.6112,2061.5,2061.5,42.0,183.0,1,0.041666666666666664,1,0,1,268,1424,960.3544776119403,0.5
20262,1.0,2212,2026-01-16T08:40,SIN_DEMANDA,0,,,,,,,0,0,0,268,1424,960.3544776119403,0.5
20262,1.0,2213,2026-01-16T08:50,SIN_DEMANDA,0,,,,,,,0,0,0,268,1424,960.3544776119403,0.5
20262,1.0,2214,2026-01-16T09:00,SIN_DEMANDA,0,,,,,,,0,0,0,268,1424,960.3544776119403,0.5
20262,1.0,2215,2026-01-16T09:10,SIN_DEMANDA,0,,,,,,,0,0,0,268,1424,960.3544776119403,0.5
20262,1.0,2216,2026-01-16T09:20,SIN_DEMANDA,0,,,,,,,0,0,0,269,1433,959.9851301115242,0.5
20262,1.0,2217,2026-01-16T09:30,SIN_DEMANDA,0,,,,,,,0,0,0,270,1437,964.0907407407408,0.5
20262,1.0,2218,2026-01-16T09:40,SIN_DEMANDA,0,,,,,,,0,0,0,270,1437,964.0907407407408,0.5
20262,1.0,2219,2026-01-16T09:50,SIN_DEMANDA,0,,,,,,,0,0,0,271,1445,963.8985239852399,0.5
20262,1.0,2220,2026-01-16T10:00,SIN_DEMANDA,0,,,,,,,0,0,0,271,1445,963.8985239852399,0.5
20262,1.0,2221,2026-01-16T10:10,SIN_DEMANDA,0,,,,,,,0,0,0,272,1446,967.9338235294117,0.5
20262,1.0,2222,2026-01-16T10:20,SIN_DEMANDA,0,,,,,,,0,0,0,272,1446,967.9338235294117,0.5
20262,1.0,2223,2026-01-16T10:30,SIN_DEMANDA,0,,,,,,,0,0,0,272,1446,967.9338235294117,0.5
20262,1.0,2224,2026-01-16T10:40,COMPLETA,1001.6928,108.0,108.0,32.0,168.0,1,0.3333333333333333,1,0,0,272,1446,967.9338235294117,0.5
20262,1.0,2225,2026-01-16T10:50,COMPLETA,1762.6095,113.25,108.0,77.0,295.5,2,0.2708333333333333,2,0,0,273,1454,970.7454212454212,0.5
20262,1.0,2226,2026-01-16T11:00,COMPLETA,1883.7266,767.0,108.0,107.0,400.5,3,0.2361111111111111,3,0,1,273,1454,970.7454212454212,0.5
20262,1.0,2227,2026-01-16T11:10,COMPLETA,1825.0112,113.25,108.0,77.0,295.5,2,0.2708333333333333,2,0,0,273,1454,970.7454212454212,0.5
20262,1.0,2228,2026-01-16T11:20,COMPLETA,1788.5381,113.25,108.0,77.0,295.5,2,0.2708333333333333,2,0,1,273,1454,970.7454212454212,0.5
20262,1.0,2229,2026-01-16T11:30,COMPLETA,1015.3528,118.5,118.5,45.0,187.5,1,0.20833333333333334,1,0,0,273,1454,970.7454212454212,0.5
20262,1.0,2230,2026-01-16T11:40,COMPLETA,1004.7166,118.5,118.5,45.0,187.5,1,0.20833333333333334,1,0,0,273,1454,970.7454212454212,0.5
20262,1.0,2231,2026-01-16T11:50,COMPLETA,922.3954,288.0,288.0,45.0,127.5,1,0.20833333333333334,1,0,0,273,1454,970.7454212454212,0.5
20262,1.0,2232,2026-01-16T12:00,COMPLETA,1486.8021,1171.25,288.0,95.0,262.5,2,0.125,2,0,1,273,1454,970.7454212454212,0.5
20262,1.0,2233,2026-01-16T12:10,COMPLETA,925.2075,288.0,288.0,45.0,127.5,1,0.20833333333333334,1,0,1,273,1454,970.7454212454212,0.5
20262,1.0,2234,2026-01-16T12:20,SIN_DEMANDA,0,,,,,,,0,0,0,273,1454,970.7454212454212,0.5
20262,1.0,2235,2026-01-16T12:30,SIN_DEMANDA,0,,,,,,,0,0,0,274,1458,974.7737226277372,0.5
20262,1.0,2236,2026-01-16T12:40,SIN_DEMANDA,0,,,,,,,0,0,0,274,1458,974.7737226277372,0.5
20262,1.0,2237,2026-01-16T12:50,SIN_DEMANDA,0,,,,,,,0,0,0,274,1458,974.7737226277372,0.5
20262,1.0,2238,2026-01-16T13:00,SIN_DEMANDA,0,,,,,,,0,0,0,275,1466,971.6218181818182,0.5
20262,1.0,2239,2026-01-16T13:10,SIN_DEMANDA,0,,,,,,,0,0,0,275,1466,971.6218181818182,0.5
20262,1.0,2240,2026-01-16T13:20,SIN_DEMANDA,0,,,,,,,0,0,0,275,1466,971.6218181818182,0.5
20262,1.0,2241,2026-01-16T13:30,SIN_DEMANDA,0,,,,,,,0,0,0,275,1466,971.6218181818182,0.5
20262,1.0,2242,2026-01-16T13:40,SIN_DEMANDA,0,,,,,,,0,0,0,276,1467,975.5452898550725,0.5
20262,1.0,2243,2026-01-16T13:50,SIN_DEMANDA,0,,,,,,,0,0,0,276,1467,975.5452898550725,0.5
20262,1.0,2244,2026-01-16T14:00,COMPLETA,580.339,2017.5,2017.5,22.0,153.0,1,0.08333333333333333,1,0,0,277,1472,973.0631768953068,0.5
20262,1.0,2245,2026-01-16T14:10,COMPLETA,576.8718,2017.5,2017.5,22.0,153.0,1,0.08333333333333333,1,0,0,277,1472,973.0631768953068,0.5
20262,1.0,2246,2026-01-16T14:20,COMPLETA,585.9223,2017.5,2017.5,22.0,153.0,1,0.08333333333333333,1,0,0,277,1472,973.0631768953068,0.5
20262,1.0,2247,2026-01-16T14:30,COMPLETA,573.4896,2017.5,2017.5,22.0,153.0,1,0.08333333333333333,1,0,0,277,1472,973.0631768953068,0.5
20262,1.0,2248,2026-01-16T14:40,COMPLETA,570.6118,2017.5,2017.5,22.0,153.0,1,0.08333333333333333,1,0,0,277,1472,973.0631768953068,0.5
20262,1.0,2249,2026-01-16T14:50,COMPLETA,528.4637,2017.5,2017.5,22.0,153.0,1,0.08333333333333333,1,0,0,277,1472,973.0631768953068,0.5
20262,1.0,2250,2026-01-16T15:00,COMPLETA,582.4399,2017.5,2017.5,22.0,153.0,1,0.08333333333333333,1,0,1,277,1472,973.0631768953068,0.5
20262,1.0,2251,2026-01-16T15:10,COMPLETA,594.159,2086.5,2086.5,18.0,147.0,1,0.125,1,0,1,277,1472,973.0631768953068,0.5
20262,1.0,2252,2026-01-16T15:20,SIN_DEMANDA,0,,,,,,,0,0,0,277,1472,973.0631768953068,0.5
20262,1.0,2253,2026-01-16T15:30,SIN_DEMANDA,0,,,,,,,0,0,0,277,1472,973.0631768953068,0.5
20262,1.0,2254,2026-01-16T15:40,SIN_DEMANDA,0,,,,,,,0,0,0,277,1472,973.0631768953068,0.5
20262,1.0,2255,2026-01-16T15:50,SIN_DEMANDA,0,,,,,,,0,0,0,277,1472,973.0631768953068,0.5
20262,1.0,2256,2026-01-16T16:00,COMPLETA,1019.8257,2013.5,2013.5,63.0,214.5,1,0.3333333333333333,1,0,1,277,1472,973.0631768953068,0.5
20262,1.0,2257,2026-01-16T16:10,SIN_DEMANDA,0,,,,,,,0,0,0,277,1472,973.0631768953068,0.5
20262,1.0,2258,2026-01-16T16:20,SIN_DEMANDA,0,,,,,,,0,0,0,278,1474,976.8201438848921,0.5
20262,1.0,2259,2026-01-16T16:30,SIN_DEMANDA,0,,,,,,,0,0,0,279,1477,980.7974910394265,0.5
20262,1.0,2260,2026-01-16T16:40,COMPLETA,1001.7014,1622.5,1622.5,79.0,238.5,1,0.3333333333333333,1,0,0,279,1477,980.7974910394265,0.5
20262,1.0,2261,2026-01-16T16:50,COMPLETA,1031.1692,1622.5,1622.5,79.0,238.5,1,0.3333333333333333,1,0,0,279,1477,980.7974910394265,0.5
20262,1.0,2262,2026-01-16T17:00,COMPLETA,985.3628,1622.5,1622.5,79.0,238.5,1,0.3333333333333333,1,0,0,279,1477,980.7974910394265,0.5
20262,1.0,2263,2026-01-16T17:10,COMPLETA,1004.144,1622.5,1622.5,79.0,238.5,1,0.3333333333333333,1,0,0,279,1477,980.7974910394265,0.5
20262,1.0,2264,2026-01-16T17:20,COMPLETA,1008.5883,1622.5,1622.5,79.0,238.5,1,0.3333333333333333,1,0,0,279,1477,980.7974910394265,0.5
20262,1.0,2265,2026-01-16T17:30,COMPLETA,1080.0039,1622.5,1622.5,79.0,238.5,1,0.3333333333333333,1,0,0,279,1477,980.7974910394265,0.5
20262,1.0,2266,2026-01-16T17:40,COMPLETA,1100.6614,1622.5,1622.5,79.0,238.5,1,0.3333333333333333,1,0,0,279,1477,980.7974910394265,0.5
20262,1.0,2267,2026-01-16T17:50,COMPLETA,1029.1552,1622.5,1622.5,79.0,238.5,1,0.3333333333333333,1,0,0,279,1477,980.7974910394265,0.5
20262,1.0,2268,2026-01-16T18:00,COMPLETA,1020.6032,1622.5,1622.5,79.0,238.5,1,0.3333333333333333,1,0,0,279,1477,980.7974910394265,0.5
20262,1.0,2269,2026-01-16T18:10,COMPLETA,1103.2842,1622.5,1622.5,79.0,238.5,1,0.3333333333333333,1,0,0,279,1477,980.7974910394265,0.5
20262,1.0,2270,2026-01-16T18:20,COMPLETA,1606.8687,1129.75,637.0,107.0,340.5,2,0.25,2,0,1,280,1485,984.4857142857143,0.5
20262,1.0,2271,2026-01-16T18:30,COMPLETA,1029.3334,1622.5,1622.5,79.0,238.5,1,0.3333333333333333,1,0,0,280,1485,984.4857142857143,0.5
20262,1.0,2272,2026-01-16T18:40,COMPLETA,1052.1066,1622.5,1622.5,79.0,238.5,1,0.3333333333333333,1,0,0,280,1485,984.4857142857143,0.5
20262,1.0,2273,2026-01-16T18:50,COMPLETA,1051.3017,1622.5,1622.5,79.0,238.5,1,0.3333333333333333,1,0,0,280,1485,984.4857142857143,0.5
20262,1.0,2274,2026-01-16T19:00,COMPLETA,1478.6697,886.75,151.0,111.0,346.5,2,0.20833333333333334,2,0,1,280,1485,984.4857142857143,0.5
20262,1.0,2275,2026-01-16T19:10,COMPLETA,1206.3092,1622.5,1622.5,79.0,238.5,1,0.3333333333333333,1,0,0,280,1485,984.4857142857143,0.5
20262,1.0,2276,2026-01-16T19:20,COMPLETA,990.0008,1828.0,1828.0,79.0,178.5,1,0.3333333333333333,1,0,0,280,1485,984.4857142857143,0.5
20262,1.0,2277,2026-01-16T19:30,COMPLETA,1019.9242,1828.0,1828.0,79.0,178.5,1,0.3333333333333333,1,0,1,280,1485,984.4857142857143,0.5
20262,1.0,2278,2026-01-16T19:40,SIN_DEMANDA,0,,,,,,,0,0,0,280,1485,984.4857142857143,0.5
20262,1.0,2279,2026-01-16T19:50,SIN_DEMANDA,0,,,,,,,0,0,0,281,1489,983.2491103202847,0.5
20262,1.0,2280,2026-01-16T20:00,SIN_DEMANDA,0,,,,,,,0,0,0,281,1489,983.2491103202847,0.5
20262,1.0,2281,2026-01-16T20:10,SIN_DEMANDA,0,,,,,,,0,0,0,281,1489,983.2491103202847,0.5
20262,1.0,2282,2026-01-16T20:20,SIN_DEMANDA,0,,,,,,,0,0,0,281,1489,983.2491103202847,0.5
20262,1.0,2283,2026-01-16T20:30,COMPLETA,630.2964,394.0,394.0,28.0,102.0,1,0.125,1,0,1,282,1491,980.2978723404256,0.5
20262,1.0,2284,2026-01-16T20:40,SIN_DEMANDA,0,,,,,,,0,0,0,282,1491,980.2978723404256,0.5
20262,1.0,2285,2026-01-16T20:50,SIN_DEMANDA,0,,,,,,,0,0,0,282,1491,980.2978723404256,0.5
20262,1.0,2286,2026-01-16T21:00,SIN_DEMANDA,0,,,,,,,0,0,0,282,1491,980.2978723404256,0.5
20262,1.0,2287,2026-01-16T21:10,SIN_DEMANDA,0,,,,,,,0,0,0,282,1491,980.2978723404256,0.5
20262,1.0,2288,2026-01-16T21:20,SIN_DEMANDA,0,,,,,,,0,0,0,282,1491,980.2978723404256,0.5
20262,1.0,2289,2026-01-16T21:30,SIN_DEMANDA,0,,,,,,,0,0,0,282,1491,980.2978723404256,0.5
20262,1.0,2290,2026-01-16T21:40,COMPLETA,1010.7958,493.0,493.0,82.0,243.0,1,0.3333333333333333,1,0,0,282,1491,980.2978723404256,0.5
20262,1.0,2291,2026-01-16T21:50,COMPLETA,1009.3803,493.0,493.0,82.0,243.0,1,0.3333333333333333,1,0,0,282,1491,980.2978723404256,0.5
20262,1.0,2292,2026-01-16T22:00,COMPLETA,1019.4763,493.0,493.0,82.0,243.0,1,0.3333333333333333,1,0,0,283,1494,978.226148409894,0.5
20262,1.0,2293,2026-01-16T22:10,COMPLETA,983.1997,493.0,493.0,82.0,243.0,1,0.3333333333333333,1,0,0,284,1502,981.2183098591549,0.5
20262,1.0,2294,2026-01-16T22:20,COMPLETA,1006.7057,493.0,493.0,82.0,243.0,1,0.3333333333333333,1,0,0,284,1502,981.2183098591549,0.5
20262,1.0,2295,2026-01-16T22:30,COMPLETA,946.7865,493.0,493.0,82.0,243.0,1,0.3333333333333333,1,0,0,284,1502,981.2183098591549,0.5
20262,1.0,2296,2026-01-16T22:40,COMPLETA,970.9422,493.0,493.0,82.0,243.0,1,0.3333333333333333,1,0,0,284,1502,981.2183098591549,0.5
20262,1.0,2297,2026-01-16T22:50,COMPLETA,1013.601,493.0,493.0,82.0,243.0,1,0.3333333333333333,1,0,0,284,1502,981.2183098591549,0.5
20262,1.0,2298,2026-01-16T23:00,COMPLETA,1039.714,493.0,493.0,82.0,243.0,1,0.3333333333333333,1,0,1,284,1502,981.2183098591549,0.5
20262,1.0,2299,2026-01-16T23:10,SIN_DEMANDA,0,,,,,,,0,0,0,284,1502,981.2183098591549,0.5
20262,1.0,2300,2026-01-16T23:20,SIN_DEMANDA,0,,,,,,,0,0,0,284,1502,981.2183098591549,0.5
20262,1.0,2301,2026-01-16T23:30,SIN_DEMANDA,0,,,,,,,0,0,0,284,1502,981.2183098591549,0.5
20262,1.0,2302,2026-01-16T23:40,SIN_DEMANDA,0,,,,,,,0,0,0,284,1502,981.2183098591549,0.5
20262,1.0,2303,2026-01-16T23:50,SIN_DEMANDA,0,,,,,,,0,0,0,284,1502,981.2183098591549,0.5
20262,1.0,2304,2026-01-17T00:00,SIN_DEMANDA,0,,,,,,,0,0,0,284,1502,981.2183098591549,0.5
20262,1.0,2305,2026-01-17T00:10,SIN_DEMANDA,0,,,,,,,0,0,0,284,1502,981.2183098591549,0.5
20262,1.0,2306,2026-01-17T00:20,SIN_DEMANDA,0,,,,,,,0,0,0,284,1502,981.2183098591549,0.5
20262,1.0,2307,2026-01-17T00:30,SIN_DEMANDA,0,,,,,,,0,0,0,284,1502,981.2183098591549,0.5
20262,1.0,2308,2026-01-17T00:40,SIN_DEMANDA,0,,,,,,,0,0,0,284,1502,981.2183098591549,0.5
20262,1.0,2309,2026-01-17T00:50,SIN_DEMANDA,0,,,,,,,0,0,0,284,1502,981.2183098591549,0.5
20262,1.0,2310,2026-01-17T01:00,SIN_DEMANDA,0,,,,,,,0,0,0,284,1502,981.2183098591549,0.5
20262,1.0,2311,2026-01-17T01:10,SIN_DEMANDA,0,,,,,,,0,0,0,284,1502,981.2183098591549,0.5
20262,1.0,2312,2026-01-17T01:20,SIN_DEMANDA,0,,,,,,,0,0,0,284,1502,981.2183098591549,0.5
20262,1.0,2313,2026-01-17T01:30,SIN_DEMANDA,0,,,,,,,0,0,0,285,1510,979.5052631578948,0.5
20262,1.0,2314,2026-01-17T01:40,SIN_DEMANDA,0,,,,,,,0,0,0,285,1510,979.5052631578948,0.5
20262,1.0,2315,2026-01-17T01:50,SIN_DEMANDA,0,,,,,,,0,0,0,285,1510,979.5052631578948,0.5
20262,1.0,2316,2026-01-17T02:00,COMPLETA,989.6364,616.0,616.0,89.0,253.5,1,0.2916666666666667,1,0,0,285,1510,979.5052631578948,0.5
20262,1.0,2317,2026-01-17T02:10,COMPLETA,1848.0356,545.25,474.5,134.0,381.0,1,0.6666666666666666,2,0,0,285,1510,979.5052631578948,0.5
20262,1.0,2318,2026-01-17T02:20,COMPLETA,1874.7704,545.25,474.5,134.0,381.0,1,0.6666666666666666,2,0,0,285,1510,979.5052631578948,0.5
20262,1.0,2319,2026-01-17T02:30,COMPLETA,1916.1691,858.75,844.0,183.0,394.5,2,0.3333333333333333,2,0,1,285,1510,979.5052631578948,0.5
20262,1.0,2320,2026-01-17T02:40,COMPLETA,1060.6319,844.0,844.0,95.0,202.5,1,0.2916666666666667,1,0,0,285,1510,979.5052631578948,0.5
20262,1.0,2321,2026-01-17T02:50,COMPLETA,1039.8551,844.0,844.0,95.0,202.5,1,0.2916666666666667,1,0,0,285,1510,979.5052631578948,0.5
20262,1.0,2322,2026-01-17T03:00,COMPLETA,996.0793,844.0,844.0,95.0,202.5,1,0.2916666666666667,1,0,1,285,1510,979.5052631578948,0.5
20262,1.0,2323,2026-01-17T03:10,COMPLETA,651.524,2081.5,2081.5,22.0,93.0,1,0.16666666666666666,1,0,1,285,1510,979.5052631578948,0.5
20262,1.0,2324,2026-01-17T03:20,SIN_DEMANDA,0,,,,,,,0,0,0,285,1510,979.5052631578948,0.5
20262,1.0,2325,2026-01-17T03:30,SIN_DEMANDA,0,,,,,,,0,0,0,285,1510,979.5052631578948,0.5
20262,1.0,2326,2026-01-17T03:40,SIN_DEMANDA,0,,,,,,,0,0,0,285,1510,979.5052631578948,0.5
20262,1.0,2327,2026-01-17T03:50,SIN_DEMANDA,0,,,,,,,0,0,0,285,1510,979.5052631578948,0.5
20262,1.0,2328,2026-01-17T04:00,SIN_DEMANDA,0,,,,,,,0,0,0,285,1510,979.5052631578948,0.5
20262,1.0,2329,2026-01-17T04:10,SIN_DEMANDA,0,,,,,,,0,0,0,285,1510,979.5052631578948,0.5
20262,1.0,2330,2026-01-17T04:20,SIN_DEMANDA,0,,,,,,,0,0,0,285,1510,979.5052631578948,0.5
20262,1.0,2331,2026-01-17T04:30,SIN_DEMANDA,0,,,,,,,0,0,0,286,1514,983.3583916083916,0.5
20262,1.0,2332,2026-01-17T04:40,SIN_DEMANDA,0,,,,,,,0,0,0,286,1514,983.3583916083916,0.5
20262,1.0,2333,2026-01-17T04:50,SIN_DEMANDA,0,,,,,,,0,0,0,286,1514,983.3583916083916,0.5
20262,1.0,2334,2026-01-17T05:00,SIN_DEMANDA,0,,,,,,,0,0,0,286,1514,983.3583916083916,0.5
20262,1.0,2335,2026-01-17T05:10,COMPLETA,1005.2116,887.5,887.5,26.0,159.0,1,0.20833333333333334,1,0,0,286,1514,983.3583916083916,0.5
20262,1.0,2336,2026-01-17T05:20,COMPLETA,1188.1117,887.5,887.5,26.0,159.0,1,0.20833333333333334,1,0,0,286,1514,983.3583916083916,0.5
20262,1.0,2337,2026-01-17T05:30,COMPLETA,1008.994,887.5,887.5,26.0,159.0,1,0.20833333333333334,1,0,0,286,1514,983.3583916083916,0.5
20262,1.0,2338,2026-01-17T05:40,COMPLETA,966.0906,887.5,887.5,26.0,159.0,1,0.20833333333333334,1,0,0,287,1523,982.9756097560976,0.5
20262,1.0,2339,2026-01-17T05:50,COMPLETA,980.9904,887.5,887.5,26.0,159.0,1,0.20833333333333334,1,0,0,288,1530,982.4930555555555,0.5
20262,1.0,2340,2026-01-17T06:00,COMPLETA,939.4839,887.5,887.5,26.0,159.0,1,0.20833333333333334,1,0,0,288,1530,982.4930555555555,0.5
20262,1.0,2341,2026-01-17T06:10,COMPLETA,928.6016,887.5,887.5,26.0,159.0,1,0.20833333333333334,1,0,0,288,1530,982.4930555555555,0.5
20262,1.0,2342,2026-01-17T06:20,COMPLETA,929.6185,887.5,887.5,26.0,159.0,1,0.20833333333333334,1,0,0,288,1530,982.4930555555555,0.5
20262,1.0,2343,2026-01-17T06:30,COMPLETA,892.8886,887.5,887.5,26.0,159.0,1,0.20833333333333334,1,0,0,288,1530,982.4930555555555,0.5
20262,1.0,2344,2026-01-17T06:40,COMPLETA,970.416,887.5,887.5,26.0,159.0,1,0.20833333333333334,1,0,0,288,1530,982.4930555555555,0.5
20262,1.0,2345,2026-01-17T06:50,COMPLETA,927.1955,887.5,887.5,26.0,159.0,1,0.20833333333333334,1,0,0,288,1530,982.4930555555555,0.5
20262,1.0,2346,2026-01-17T07:00,COMPLETA,937.4242,887.5,887.5,26.0,159.0,1,0.20833333333333334,1,0,1,288,1530,982.4930555555555,0.5
20262,1.0,2347,2026-01-17T07:10,SIN_DEMANDA,0,,,,,,,0,0,0,288,1530,982.4930555555555,0.5
20262,1.0,2348,2026-01-17T07:20,SIN_DEMANDA,0,,,,,,,0,0,0,288,1530,982.4930555555555,0.5
20262,1.0,2349,2026-01-17T07:30,SIN_DEMANDA,0,,,,,,,0,0,0,288,1530,982.4930555555555,0.5
20262,1.0,2350,2026-01-17T07:40,COMPLETA,979.6184,21.5,21.5,42.0,183.0,1,0.2916666666666667,1,0,0,288,1530,982.4930555555555,0.5
20262,1.0,2351,2026-01-17T07:50,COMPLETA,910.9192,21.5,21.5,42.0,183.0,1,0.2916666666666667,1,0,0,288,1530,982.4930555555555,0.5
20262,1.0,2352,2026-01-17T08:00,COMPLETA,926.7569,21.5,21.5,42.0,183.0,1,0.2916666666666667,1,0,0,288,1530,982.4930555555555,0.5
20262,1.0,2353,2026-01-17T08:10,COMPLETA,943.7346,21.5,21.5,42.0,183.0,1,0.2916666666666667,1,0,0,288,1530,982.4930555555555,0.5
20262,1.0,2354,2026-01-17T08:20,COMPLETA,943.3113,21.5,21.5,42.0,183.0,1,0.2916666666666667,1,0,0,289,1535,982.1643598615917,0.5
20262,1.0,2355,2026-01-17T08:30,COMPLETA,940.4756,21.5,21.5,42.0,183.0,1,0.2916666666666667,1,0,0,289,1535,982.1643598615917,0.5
20262,1.0,2356,2026-01-17T08:40,COMPLETA,893.8182,21.5,21.5,42.0,183.0,1,0.2916666666666667,1,0,0,289,1535,982.1643598615917,0.5
20262,1.0,2357,2026-01-17T08:50,COMPLETA,907.012,21.5,21.5,42.0,183.0,1,0.2916666666666667,1,0,0,289,1535,982.1643598615917,0.5
20262,1.0,2358,2026-01-17T09:00,COMPLETA,957.3599,21.5,21.5,42.0,183.0,1,0.2916666666666667,1,0,0,289,1535,982.1643598615917,0.5
20262,1.0,2359,2026-01-17T09:10,COMPLETA,1002.9214,21.5,21.5,42.0,183.0,1,0.2916666666666667,1,0,0,289,1535,982.1643598615917,0.5
20262,1.0,2360,2026-01-17T09:20,COMPLETA,1711.3487,282.75,30.0,136.0,324.0,2,0.25,2,0,1,289,1535,982.1643598615917,0.5
20262,1.0,2361,2026-01-17T09:30,COMPLETA,935.7169,535.5,535.5,87.0,190.5,1,0.20833333333333334,1,0,1,289,1535,982.1643598615917,0.5
20262,1.0,2362,2026-01-17T09:40,SIN_DEMANDA,0,,,,,,,0,0,0,289,1535,982.1643598615917,0.5
20262,1.0,2363,2026-01-17T09:50,SIN_DEMANDA,0,,,,,,,0,0,0,289,1535,982.1643598615917,0.5
20262,1.0,2364,2026-01-17T10:00,SIN_DEMANDA,0,,,,,,,0,0,0,289,1535,982.1643598615917,0.5
20262,1.0,2365,2026-01-17T10:10,SIN_DEMANDA,0,,,,,,,0,0,0,289,1535,982.1643598615917,0.5
20262,1.0,2366,2026-01-17T10:20,SIN_DEMANDA,0,,,,,,,0,0,0,289,1535,982.1643598615917,0.5
20262,1.0,2367,2026-01-17T10:30,SIN_DEMANDA,0,,,,,,,0,0,0,289,1535,982.1643598615917,0.5
20262,1.0,2368,2026-01-17T10:40,SIN_DEMANDA,0,,,,,,,0,0,0,289,1535,982.1643598615917,0.5
20262,1.0,2369,2026-01-17T10:50,SIN_DEMANDA,0,,,,,,,0,0,0,289,1535,982.1643598615917,0.5
20262,1.0,2370,2026-01-17T11:00,SIN_DEMANDA,0,,,,,,,0,0,0,289,1535,982.1643598615917,0.5
20262,1.0,2371,2026-01-17T11:10,SIN_DEMANDA,0,,,,,,,0,0,0,290,1542,978.8810344827587,0.5
20262,1.0,2372,2026-01-17T11:20,SIN_DEMANDA,0,,,,,,,0,0,0,290,1542,978.8810344827587,0.5
20262,1.0,2373,2026-01-17T11:30,COMPLETA,566.83,2079.5,2079.5,26.0,99.0,1,0.08333333333333333,1,0,1,290,1542,978.8810344827587,0.5
20262,1.0,2374,2026-01-17T11:40,SIN_DEMANDA,0,,,,,,,0,0,0,290,1542,978.8810344827587,0.5
20262,1.0,2375,2026-01-17T11:50,SIN_DEMANDA,0,,,,,,,0,0,0,290,1542,978.8810344827587,0.5
20262,1.0,2376,2026-01-17T12:00,SIN_DEMANDA,0,,,,,,,0,0,0,290,1542,978.8810344827587,0.5
20262,1.0,2377,2026-01-17T12:10,SIN_DEMANDA,0,,,,,,,0,0,0,290,1542,978.8810344827587,0.5
20262,1.0,2378,2026-01-17T12:20,SIN_DEMANDA,0,,,,,,,0,0,0,291,1547,977.3573883161512,0.5
20262,1.0,2379,2026-01-17T12:30,SIN_DEMANDA,0,,,,,,,0,0,0,291,1547,977.3573883161512,0.5
20262,1.0,2380,2026-01-17T12:40,SIN_DEMANDA,0,,,,,,,0,0,0,291,1547,977.3573883161512,0.5
20262,1.0,2381,2026-01-17T12:50,SIN_DEMANDA,0,,,,,,,0,0,0,292,1549,981.1318493150685,0.5
20262,1.0,2382,2026-01-17T13:00,SIN_DEMANDA,0,,,,,,,0,0,0,292,1549,981.1318493150685,0.5
20262,1.0,2383,2026-01-17T13:10,COMPLETA,560.2812,1950.0,1950.0,48.0,192.0,1,0.16666666666666666,1,0,0,292,1549,981.1318493150685,0.5
20262,1.0,2384,2026-01-17T13:20,COMPLETA,979.0409,1290.5,644.5,75.0,292.5,2,0.125,2,0,1,292,1549,981.1318493150685,0.5
20262,1.0,2385,2026-01-17T13:30,COMPLETA,1311.897,1928.0,1906.0,134.0,441.0,2,0.25,2,0,0,292,1549,981.1318493150685,0.5
20262,1.0,2386,2026-01-17T13:40,COMPLETA,1317.1267,1928.0,1906.0,134.0,441.0,2,0.25,2,0,0,292,1549,981.1318493150685,0.5
20262,1.0,2387,2026-01-17T13:50,COMPLETA,1310.6651,1928.0,1906.0,134.0,441.0,2,0.25,2,0,0,292,1549,981.1318493150685,0.5
20262,1.0,2388,2026-01-17T14:00,COMPLETA,1300.0104,1928.0,1906.0,134.0,441.0,2,0.25,2,0,0,292,1549,981.1318493150685,0.5
20262,1.0,2389,2026-01-17T14:10,COMPLETA,1290.6461,1928.0,1906.0,134.0,441.0,2,0.25,2,0,0,292,1549,981.1318493150685,0.5
20262,1.0,2390,2026-01-17T14:20,COMPLETA,1370.2935,1928.0,1906.0,134.0,441.0,2,0.25,2,0,0,292,1549,981.1318493150685,0.5
20262,1.0,2391,2026-01-17T14:30,COMPLETA,1358.5374,1928.0,1906.0,134.0,441.0,2,0.25,2,0,0,292,1549,981.1318493150685,0.5
20262,1.0,2392,2026-01-17T14:40,COMPLETA,1415.945,1928.0,1906.0,134.0,441.0,2,0.25,2,0,0,293,1551,979.9829351535836,0.5
20262,1.0,2393,2026-01-17T14:50,COMPLETA,1336.8069,1928.0,1906.0,134.0,441.0,2,0.25,2,0,0,293,1551,979.9829351535836,0.5
20262,1.0,2394,2026-01-17T15:00,COMPLETA,1348.3857,1928.0,1906.0,134.0,441.0,2,0.25,2,0,2,293,1551,979.9829351535836,0.5
20262,1.0,2395,2026-01-17T15:10,SIN_DEMANDA,0,,,,,,,0,0,0,293,1551,979.9829351535836,0.5
20262,1.0,2396,2026-01-17T15:20,SIN_DEMANDA,0,,,,,,,0,0,0,293,1551,979.9829351535836,0.5
20262,1.0,2397,2026-01-17T15:30,SIN_DEMANDA,0,,,,,,,0,0,0,293,1551,979.9829351535836,0.5
20262,1.0,2398,2026-01-17T15:40,SIN_DEMANDA,0,,,,,,,0,0,0,293,1551,979.9829351535836,0.5
20262,1.0,2399,2026-01-17T15:50,COMPLETA,1408.8421,453.5,453.5,100.0,270.0,1,0.4166666666666667,1,0,0,293,1551,979.9829351535836,0.5
20262,1.0,2400,2026-01-17T16:00,COMPLETA,1955.0022,941.5,309.5,156.0,414.0,1,0.7916666666666666,2,0,0,293,1551,979.9829351535836,0.5
20262,1.0,2401,2026-01-17T16:10,COMPLETA,1813.9676,941.5,309.5,156.0,414.0,1,0.7916666666666666,2,0,0,293,1551,979.9829351535836,0.5
20262,1.0,2402,2026-01-17T16:20,COMPLETA,1975.527,941.5,309.5,156.0,414.0,1,0.7916666666666666,2,0,0,293,1551,979.9829351535836,0.5
20262,1.0,2403,2026-01-17T16:30,COMPLETA,1897.213,941.5,309.5,156.0,414.0,1,0.7916666666666666,2,0,0,293,1551,979.9829351535836,0.5
20262,1.0,2404,2026-01-17T16:40,COMPLETA,1908.8978,941.5,309.5,156.0,414.0,1,0.7916666666666666,2,0,0,294,1555,983.2823129251701,0.5
20262,1.0,2405,2026-01-17T16:50,COMPLETA,1972.492,941.5,309.5,156.0,414.0,1,0.7916666666666666,2,0,0,294,1555,983.2823129251701,0.5
20262,1.0,2406,2026-01-17T17:00,COMPLETA,1833.995,941.5,309.5,156.0,414.0,1,0.7916666666666666,2,0,0,294,1555,983.2823129251701,0.5
20262,1.0,2407,2026-01-17T17:10,COMPLETA,1818.2826,941.5,309.5,156.0,414.0,1,0.7916666666666666,2,0,0,294,1555,983.2823129251701,0.5
20262,1.0,2408,2026-01-17T17:20,COMPLETA,1795.6175,941.5,309.5,156.0,414.0,1,0.7916666666666666,2,0,0,294,1555,983.2823129251701,0.5
20262,1.0,2409,2026-01-17T17:30,COMPLETA,1865.3197,941.5,309.5,156.0,414.0,1,0.7916666666666666,2,0,0,294,1555,983.2823129251701,0.5
20262,1.0,2410,2026-01-17T17:40,COMPLETA,1876.3953,941.5,309.5,156.0,414.0,1,0.7916666666666666,2,0,0,294,1555,983.2823129251701,0.5
20262,1.0,2411,2026-01-17T17:50,COMPLETA,1898.2386,941.5,309.5,156.0,414.0,1,0.7916666666666666,2,0,0,295,1563,986.4101694915254,0.5
20262,1.0,2412,2026-01-17T18:00,COMPLETA,1816.468,941.5,309.5,156.0,414.0,1,0.7916666666666666,2,0,0,295,1563,986.4101694915254,0.5
20262,1.0,2413,2026-01-17T18:10,COMPLETA,1835.7813,941.5,309.5,156.0,414.0,1,0.7916666666666666,2,0,0,295,1563,986.4101694915254,0.5
20262,1.0,2414,2026-01-17T18:20,COMPLETA,1975.6428,941.5,309.5,156.0,414.0,1,0.7916666666666666,2,0,0,295,1563,986.4101694915254,0.5
20262,1.0,2415,2026-01-17T18:30,COMPLETA,2003.5741,941.5,309.5,156.0,414.0,1,0.7916666666666666,2,0,0,295,1563,986.4101694915254,0.5
20262,1.0,2416,2026-01-17T18:40,COMPLETA,2001.6586,941.5,309.5,156.0,414.0,1,0.7916666666666666,2,0,0,295,1563,986.4101694915254,0.5
20262,1.0,2417,2026-01-17T18:50,COMPLETA,2081.1905,1286.25,684.5,156.0,354.0,2,0.3958333333333333,2,0,1,295,1563,986.4101694915254,0.5
20262,1.0,2418,2026-01-17T19:00,COMPLETA,1470.8679,684.5,684.5,100.0,210.0,1,0.4166666666666667,1,0,1,295,1563,986.4101694915254,0.5
20262,1.0,2419,2026-01-17T19:10,SIN_DEMANDA,0,,,,,,,0,0,0,295,1563,986.4101694915254,0.5
20262,1.0,2420,2026-01-17T19:20,SIN_DEMANDA,0,,,,,,,0,0,0,295,1563,986.4101694915254,0.5
20262,1.0,2421,2026-01-17T19:30,SIN_DEMANDA,0,,,,,,,0,0,0,295,1563,986.4101694915254,0.5
20262,1.0,2422,2026-01-17T19:40,SIN_DEMANDA,0,,,,,,,0,0,0,295,1563,986.4101694915254,0.5
20262,1.0,2423,2026-01-17T19:50,COMPLETA,943.9901,1810.0,1810.0,82.0,243.0,1,0.2916666666666667,1,0,0,295,1563,986.4101694915254,0.5
20262,1.0,2424,2026-01-17T20:00,COMPLETA,930.7155,1810.0,1810.0,82.0,243.0,1,0.2916666666666667,1,0,0,295,1563,986.4101694915254,0.5
20262,1.0,2425,2026-01-17T20:10,COMPLETA,873.7177,1810.0,1810.0,82.0,243.0,1,0.2916666666666667,1,0,0,295,1563,986.4101694915254,0.5
20262,1.0,2426,2026-01-17T20:20,COMPLETA,913.1499,1810.0,1810.0,82.0,243.0,1,0.2916666666666667,1,0,0,295,1563,986.4101694915254,0.5
20262,1.0,2427,2026-01-17T20:30,COMPLETA,1011.4268,1810.0,1810.0,82.0,243.0,1,0.2916666666666667,1,0,0,295,1563,986.4101694915254,0.5
20262,1.0,2428,2026-01-17T20:40,COMPLETA,1092.0014,1810.0,1810.0,82.0,243.0,1,0.2916666666666667,1,0,0,296,1572,989.456081081081,0.5
20262,1.0,2429,2026-01-17T20:50,COMPLETA,953.9995,1810.0,1810.0,82.0,243.0,1,0.2916666666666667,1,0,0,296,1572,989.456081081081,0.5
20262,1.0,2430,2026-01-17T21:00,COMPLETA,1366.2154,1407.25,1004.5,96.0,324.0,2,0.20833333333333334,2,0,1,296,1572,989.456081081081,0.5
20262,1.0,2431,2026-01-17T21:10,COMPLETA,928.7279,1810.0,1810.0,82.0,243.0,1,0.2916666666666667,1,0,0,296,1572,989.456081081081,0.5
20262,1.0,2432,2026-01-17T21:20,COMPLETA,896.8633,1810.0,1810.0,82.0,243.0,1,0.2916666666666667,1,0,0,296,1572,989.456081081081,0.5
20262,1.0,2433,2026-01-17T21:30,COMPLETA,913.2653,1810.0,1810.0,82.0,243.0,1,0.2916666666666667,1,0,0,296,1572,989.456081081081,0.5
20262,1.0,2434,2026-01-17T21:40,COMPLETA,927.1197,1810.0,1810.0,82.0,243.0,1,0.2916666666666667,1,0,0,296,1572,989.456081081081,0.5
20262,1.0,2435,2026-01-17T21:50,COMPLETA,910.2822,1810.0,1810.0,82.0,243.0,1,0.2916666666666667,1,0,0,296,1572,989.456081081081,0.5
20262,1.0,2436,2026-01-17T22:00,COMPLETA,900.5287,1810.0,1810.0,82.0,243.0,1,0.2916666666666667,1,0,0,296,1572,989.456081081081,0.5
20262,1.0,2437,2026-01-17T22:10,COMPLETA,907.4418,1810.0,1810.0,82.0,243.0,1,0.2916666666666667,1,0,0,296,1572,989.456081081081,0.5
20262,1.0,2438,2026-01-17T22:20,COMPLETA,894.4845,1810.0,1810.0,82.0,243.0,1,0.2916666666666667,1,0,0,297,1575,989.506734006734,0.5
20262,1.0,2439,2026-01-17T22:30,COMPLETA,909.9484,1810.0,1810.0,82.0,243.0,1,0.2916666666666667,1,0,0,298,1585,988.48322147651,0.5
20262,1.0,2440,2026-01-17T22:40,COMPLETA,909.917,1810.0,1810.0,82.0,243.0,1,0.2916666666666667,1,0,0,298,1585,988.48322147651,0.5
20262,1.0,2441,2026-01-17T22:50,COMPLETA,907.6314,1810.0,1810.0,82.0,243.0,1,0.2916666666666667,1,0,0,298,1585,988.48322147651,0.5
20262,1.0,2442,2026-01-17T23:00,COMPLETA,1801.7546,1444.3333333333333,557.0,138.0,507.0,2,0.3541666666666667,3,0,2,298,1585,988.48322147651,0.5
20262,1.0,2443,2026-01-17T23:10,SIN_DEMANDA,0,,,,,,,0,0,0,298,1585,988.48322147651,0.5
20262,1.0,2444,2026-01-17T23:20,COMPLETA,1754.134,1043.5,572.5,181.0,511.5,2,0.375,2,0,1,298,1585,988.48322147651,0.5
20262,1.0,2445,2026-01-17T23:30,COMPLETA,1262.4227,1514.5,1514.5,114.0,291.0,1,0.375,1,0,0,298,1585,988.48322147651,0.5
20262,1.0,2446,2026-01-17T23:40,COMPLETA,1252.5043,1514.5,1514.5,114.0,291.0,1,0.375,1,0,0,298,1585,988.48322147651,0.5
20262,1.0,2447,2026-01-17T23:50,COMPLETA,1265.8474,1514.5,1514.5,114.0,291.0,1,0.375,1,0,0,298,1585,988.48322147651,0.5
20262,1.0,2448,2026-01-18T00:00,COMPLETA,1247.9805,1514.5,1514.5,114.0,291.0,1,0.375,1,0,0,298,1585,988.48322147651,0.5
20262,1.0,2449,2026-01-18T00:10,COMPLETA,1269.3922,1514.5,1514.5,114.0,291.0,1,0.375,1,0,0,298,1585,988.48322147651,0.5
20262,1.0,2450,2026-01-18T00:20,COMPLETA,1261.5231,1514.5,1514.5,114.0,291.0,1,0.375,1,0,0,299,1589,992.133779264214,0.5
20262,1.0,2451,2026-01-18T00:30,COMPLETA,1686.6943,1265.0,1015.5,116.0,414.0,2,0.22916666666666666,2,0,1,299,1589,992.133779264214,0.5
20262,1.0,2452,2026-01-18T00:40,COMPLETA,1231.2933,1514.5,1514.5,114.0,291.0,1,0.375,1,0,0,299,1589,992.133779264214,0.5
20262,1.0,2453,2026-01-18T00:50,COMPLETA,1269.8161,1514.5,1514.5,114.0,291.0,1,0.375,1,0,0,299,1589,992.133779264214,0.5
20262,1.0,2454,2026-01-18T01:00,COMPLETA,1250.7256,1514.5,1514.5,114.0,291.0,1,0.375,1,0,0,299,1589,992.133779264214,0.5
20262,1.0,2455,2026-01-18T01:10,COMPLETA,1734.6895,1799.0,1514.5,136.0,384.0,2,0.20833333333333334,2,0,1,299,1589,992.133779264214,0.5
20262,1.0,2456,2026-01-18T01:20,COMPLETA,1243.9753,1514.5,1514.5,114.0,291.0,1,0.375,1,0,0,299,1589,992.133779264214,0.5
20262,1.0,2457,2026-01-18T01:30,COMPLETA,1255.9585,1514.5,1514.5,114.0,291.0,1,0.375,1,0,0,299,1589,992.133779264214,0.5
20262,1.0,2458,2026-01-18T01:40,COMPLETA,1266.5833,1514.5,1514.5,114.0,291.0,1,0.375,1,0,0,301,1597,990.7657807308971,0.5
20262,1.0,2459,2026-01-18T01:50,COMPLETA,1266.7347,1514.5,1514.5,114.0,291.0,1,0.375,1,0,0,302,1606,989.3807947019867,0.5
20262,1.0,2460,2026-01-18T02:00,COMPLETA,1250.3225,1514.5,1514.5,114.0,291.0,1,0.375,1,0,0,302,1606,989.3807947019867,0.5
20262,1.0,2461,2026-01-18T02:10,COMPLETA,1285.7694,1514.5,1514.5,114.0,291.0,1,0.375,1,0,0,302,1606,989.3807947019867,0.5
20262,1.0,2462,2026-01-18T02:20,COMPLETA,1274.5412,1514.5,1514.5,114.0,291.0,1,0.375,1,0,0,302,1606,989.3807947019867,0.5
20262,1.0,2463,2026-01-18T02:30,COMPLETA,1276.9599,1514.5,1514.5,114.0,291.0,1,0.375,1,0,0,303,1607,992.9917491749175,0.5
20262,1.0,2464,2026-01-18T02:40,COMPLETA,1287.8737,1514.5,1514.5,114.0,291.0,1,0.375,1,0,0,303,1607,992.9917491749175,0.5
20262,1.0,2465,2026-01-18T02:50,COMPLETA,1253.098,1514.5,1514.5,114.0,291.0,1,0.375,1,0,0,303,1607,992.9917491749175,0.5
20262,1.0,2466,2026-01-18T03:00,COMPLETA,1251.3445,1514.5,1514.5,114.0,291.0,1,0.375,1,0,0,303,1607,992.9917491749175,0.5
20262,1.0,2467,2026-01-18T03:10,COMPLETA,1281.7643,1514.5,1514.5,114.0,291.0,1,0.375,1,0,0,303,1607,992.9917491749175,0.5
20262,1.0,2468,2026-01-18T03:20,COMPLETA,1289.6448,1514.5,1514.5,114.0,291.0,1,0.375,1,0,0,303,1607,992.9917491749175,0.5
20262,1.0,2469,2026-01-18T03:30,COMPLETA,1280.4751,1514.5,1514.5,114.0,291.0,1,0.375,1,0,0,303,1607,992.9917491749175,0.5
20262,1.0,2470,2026-01-18T03:40,COMPLETA,1270.4328,1514.5,1514.5,114.0,291.0,1,0.375,1,0,0,304,1614,995.3042763157895,0.5
20262,1.0,2471,2026-01-18T03:50,COMPLETA,1291.4546,1514.5,1514.5,114.0,291.0,1,0.375,1,0,0,304,1614,995.3042763157895,0.5
20262,1.0,2472,2026-01-18T04:00,COMPLETA,1276.8047,1514.5,1514.5,114.0,291.0,1,0.375,1,0,0,304,1614,995.3042763157895,0.5
20262,1.0,2473,2026-01-18T04:10,COMPLETA,1260.2325,1514.5,1514.5,114.0,291.0,1,0.375,1,0,0,304,1614,995.3042763157895,0.5
20262,1.0,2474,2026-01-18T04:20,COMPLETA,1287.6853,1514.5,1514.5,114.0,291.0,1,0.375,1,0,0,304,1614,995.3042763157895,0.5
20262,1.0,2475,2026-01-18T04:30,COMPLETA,1306.0726,1514.5,1514.5,114.0,291.0,1,0.375,1,0,0,304,1614,995.3042763157895,0.5
20262,1.0,2476,2026-01-18T04:40,COMPLETA,1264.8789,1514.5,1514.5,114.0,291.0,1,0.375,1,0,0,304,1614,995.3042763157895,0.5
20262,1.0,2477,2026-01-18T04:50,COMPLETA,1279.9654,1514.5,1514.5,114.0,291.0,1,0.375,1,0,0,304,1614,995.3042763157895,0.5
20262,1.0,2478,2026-01-18T05:00,COMPLETA,1382.91,1514.5,1514.5,114.0,291.0,1,0.375,1,0,0,304,1614,995.3042763157895,0.5
20262,1.0,2479,2026-01-18T05:10,COMPLETA,1519.0744,1514.5,1514.5,114.0,291.0,1,0.375,1,0,0,304,1614,995.3042763157895,0.5
20262,1.0,2480,2026-01-18T05:20,COMPLETA,1730.0617,1686.5,1448.5,118.0,357.0,1,0.6666666666666666,2,0,0,304,1614,995.3042763157895,0.5
20262,1.0,2481,2026-01-18T05:30,COMPLETA,1831.8005,1686.5,1448.5,118.0,357.0,1,0.6666666666666666,2,0,0,304,1614,995.3042763157895,0.5
20262,1.0,2482,2026-01-18T05:40,COMPLETA,1742.7399,1686.5,1448.5,118.0,357.0,1,0.6666666666666666,2,0,0,304,1614,995.3042763157895,0.5
20262,1.0,2483,2026-01-18T05:50,COMPLETA,1738.9052,1686.5,1448.5,118.0,357.0,1,0.6666666666666666,2,0,0,304,1614,995.3042763157895,0.5
20262,1.0,2484,2026-01-18T06:00,COMPLETA,1937.0955,1201.3333333333333,231.0,218.0,627.0,2,0.4791666666666667,3,0,0,304,1614,995.3042763157895,0.5
20262,1.0,2485,2026-01-18T06:10,COMPLETA,1906.6898,1201.3333333333333,231.0,218.0,627.0,2,0.4791666666666667,3,0,0,304,1614,995.3042763157895,0.5
20262,1.0,2486,2026-01-18T06:20,COMPLETA,1908.3465,1201.3333333333333,231.0,218.0,627.0,2,0.4791666666666667,3,0,0,304,1614,995.3042763157895,0.5
20262,1.0,2487,2026-01-18T06:30,COMPLETA,2151.2928,1201.3333333333333,231.0,218.0,627.0,2,0.4791666666666667,3,0,0,304,1614,995.3042763157895,0.5
20262,1.0,2488,2026-01-18T06:40,COMPLETA,2096.154,1201.3333333333333,231.0,218.0,627.0,2,0.4791666666666667,3,0,0,304,1614,995.3042763157895,0.5
20262,1.0,2489,2026-01-18T06:50,COMPLETA,2062.2002,1201.3333333333333,231.0,218.0,627.0,2,0.4791666666666667,3,0,0,304,1614,995.3042763157895,0.5
20262,1.0,2490,2026-01-18T07:00,COMPLETA,2003.6771,1201.3333333333333,231.0,218.0,627.0,2,0.4791666666666667,3,0,2,304,1614,995.3042763157895,0.5
20262,1.0,2491,2026-01-18T07:10,SIN_DEMANDA,0,,,,,,,0,0,0,304,1614,995.3042763157895,0.5
20262,1.0,2492,2026-01-18T07:20,SIN_DEMANDA,0,,,,,,,0,0,0,304,1614,995.3042763157895,0.5
20262,1.0,2493,2026-01-18T07:30,SIN_DEMANDA,0,,,,,,,0,0,0,304,1614,995.3042763157895,0.5
20262,1.0,2494,2026-01-18T07:40,SIN_DEMANDA,0,,,,,,,0,0,0,304,1614,995.3042763157895,0.5
20262,1.0,2495,2026-01-18T07:50,SIN_DEMANDA,0,,,,,,,0,0,0,304,1614,995.3042763157895,0.5
20262,1.0,2496,2026-01-18T08:00,SIN_DEMANDA,0,,,,,,,0,0,0,304,1614,995.3042763157895,0.5
20262,1.0,2497,2026-01-18T08:10,SIN_DEMANDA,0,,,,,,,0,0,0,304,1614,995.3042763157895,0.5
20262,1.0,2498,2026-01-18T08:20,COMPLETA,556.2227,973.0,973.0,56.0,204.0,1,0.041666666666666664,1,0,1,304,1614,995.3042763157895,0.5
20262,1.0,2499,2026-01-18T08:30,SIN_DEMANDA,0,,,,,,,0,0,0,304,1614,995.3042763157895,0.5
20262,1.0,2500,2026-01-18T08:40,SIN_DEMANDA,0,,,,,,,0,0,0,304,1614,995.3042763157895,0.5
20262,1.0,2501,2026-01-18T08:50,COMPLETA,1357.992,186.0,186.0,88.0,252.0,1,0.4166666666666667,1,0,0,304,1614,995.3042763157895,0.5
20262,1.0,2502,2026-01-18T09:00,COMPLETA,1281.1721,186.0,186.0,88.0,252.0,1,0.4166666666666667,1,0,0,304,1614,995.3042763157895,0.5
20262,1.0,2503,2026-01-18T09:10,COMPLETA,1248.077,186.0,186.0,88.0,252.0,1,0.4166666666666667,1,0,0,304,1614,995.3042763157895,0.5
20262,1.0,2504,2026-01-18T09:20,COMPLETA,1237.7097,186.0,186.0,88.0,252.0,1,0.4166666666666667,1,0,0,305,1621,998.3508196721311,0.5
20262,1.0,2505,2026-01-18T09:30,COMPLETA,1291.6649,186.0,186.0,88.0,252.0,1,0.4166666666666667,1,0,0,305,1621,998.3508196721311,0.5
20262,1.0,2506,2026-01-18T09:40,COMPLETA,1305.9548,186.0,186.0,88.0,252.0,1,0.4166666666666667,1,0,0,305,1621,998.3508196721311,0.5
20262,1.0,2507,2026-01-18T09:50,COMPLETA,1280.322,186.0,186.0,88.0,252.0,1,0.4166666666666667,1,0,0,305,1621,998.3508196721311,0.5
20262,1.0,2508,2026-01-18T10:00,COMPLETA,1313.2479,186.0,186.0,88.0,252.0,1,0.4166666666666667,1,0,0,306,1628,995.843137254902,0.5
20262,1.0,2509,2026-01-18T10:10,COMPLETA,1279.5569,186.0,186.0,88.0,252.0,1,0.4166666666666667,1,0,0,307,1629,995.7687296416938,0.5
20262,1.0,2510,2026-01-18T10:20,COMPLETA,1322.8366,186.0,186.0,88.0,252.0,1,0.4166666666666667,1,0,0,307,1629,995.7687296416938,0.5
20262,1.0,2511,2026-01-18T10:30,COMPLETA,1399.2398,186.0,186.0,88.0,252.0,1,0.4166666666666667,1,0,0,307,1629,995.7687296416938,0.5
20262,1.0,2512,2026-01-18T10:40,COMPLETA,1262.8363,186.0,186.0,88.0,252.0,1,0.4166666666666667,1,0,0,307,1629,995.7687296416938,0.5
20262,1.0,2513,2026-01-18T10:50,COMPLETA,1279.119,186.0,186.0,88.0,252.0,1,0.4166666666666667,1,0,0,307,1629,995.7687296416938,0.5
20262,1.0,2514,2026-01-18T11:00,COMPLETA,1258.0995,186.0,186.0,88.0,252.0,1,0.4166666666666667,1,0,0,307,1629,995.7687296416938,0.5
20262,1.0,2515,2026-01-18T11:10,COMPLETA,1265.7339,186.0,186.0,88.0,252.0,1,0.4166666666666667,1,0,0,307,1629,995.7687296416938,0.5
20262,1.0,2516,2026-01-18T11:20,COMPLETA,1278.2838,186.0,186.0,88.0,252.0,1,0.4166666666666667,1,0,0,308,1638,997.2386363636364,0.5
20262,1.0,2517,2026-01-18T11:30,COMPLETA,1306.5088,186.0,186.0,88.0,252.0,1,0.4166666666666667,1,0,0,308,1638,997.2386363636364,0.5
20262,1.0,2518,2026-01-18T11:40,COMPLETA,1265.3006,186.0,186.0,88.0,252.0,1,0.4166666666666667,1,0,0,308,1638,997.2386363636364,0.5
20262,1.0,2519,2026-01-18T11:50,COMPLETA,1260.1395,186.0,186.0,88.0,252.0,1,0.4166666666666667,1,0,0,308,1638,997.2386363636364,0.5
20262,1.0,2520,2026-01-18T12:00,COMPLETA,1254.8143,186.0,186.0,88.0,252.0,1,0.4166666666666667,1,0,0,308,1638,997.2386363636364,0.5
20262,1.0,2521,2026-01-18T12:10,COMPLETA,1278.9055,186.0,186.0,88.0,252.0,1,0.4166666666666667,1,0,0,308,1638,997.2386363636364,0.5
20262,1.0,2522,2026-01-18T12:20,COMPLETA,1246.7334,186.0,186.0,88.0,252.0,1,0.4166666666666667,1,0,0,308,1638,997.2386363636364,0.5
20262,1.0,2523,2026-01-18T12:30,COMPLETA,1281.681,186.0,186.0,88.0,252.0,1,0.4166666666666667,1,0,0,308,1638,997.2386363636364,0.5
20262,1.0,2524,2026-01-18T12:40,COMPLETA,1257.0169,186.0,186.0,88.0,252.0,1,0.4166666666666667,1,0,0,308,1638,997.2386363636364,0.5
20262,1.0,2525,2026-01-18T12:50,COMPLETA,1719.8463,209.25,186.0,162.0,483.0,2,0.25,2,0,0,308,1638,997.2386363636364,0.5
20262,1.0,2526,2026-01-18T13:00,COMPLETA,1700.0655,147.33333333333334,23.5,204.0,666.0,3,0.18055555555555555,3,0,0,308,1638,997.2386363636364,0.5
20262,1.0,2527,2026-01-18T13:10,COMPLETA,1748.0999,147.33333333333334,23.5,204.0,666.0,3,0.18055555555555555,3,0,0,308,1638,997.2386363636364,0.5
20262,1.0,2528,2026-01-18T13:20,COMPLETA,1755.3521,147.33333333333334,23.5,204.0,666.0,3,0.18055555555555555,3,0,0,308,1638,997.2386363636364,0.5
20262,1.0,2529,2026-01-18T13:30,COMPLETA,1739.2578,147.33333333333334,23.5,204.0,666.0,3,0.18055555555555555,3,0,0,308,1638,997.2386363636364,0.5
20262,1.0,2530,2026-01-18T13:40,COMPLETA,1703.2047,147.33333333333334,23.5,204.0,666.0,3,0.18055555555555555,3,0,0,308,1638,997.2386363636364,0.5
20262,1.0,2531,2026-01-18T13:50,COMPLETA,1738.4787,147.33333333333334,23.5,204.0,666.0,3,0.18055555555555555,3,0,0,308,1638,997.2386363636364,0.5
20262,1.0,2532,2026-01-18T14:00,COMPLETA,1774.2656,631.25,23.5,192.0,768.0,4,0.14583333333333334,4,0,0,308,1638,997.2386363636364,0.5
20262,1.0,2533,2026-01-18T14:10,COMPLETA,1974.9777,855.0,23.5,282.0,963.0,4,0.22916666666666666,5,0,0,308,1638,997.2386363636364,0.5
20262,1.0,2534,2026-01-18T14:20,COMPLETA,1950.2366,855.0,23.5,282.0,963.0,4,0.22916666666666666,5,0,0,308,1638,997.2386363636364,0.5
20262,1.0,2535,2026-01-18T14:30,COMPLETA,2024.372,855.0,23.5,282.0,963.0,4,0.22916666666666666,5,0,0,308,1638,997.2386363636364,0.5
20262,1.0,2536,2026-01-18T14:40,COMPLETA,1983.9083,855.0,23.5,282.0,963.0,4,0.22916666666666666,5,0,0,308,1638,997.2386363636364,0.5
20262,1.0,2537,2026-01-18T14:50,COMPLETA,1945.4192,855.0,23.5,282.0,963.0,4,0.22916666666666666,5,0,0,308,1638,997.2386363636364,0.5
20262,1.0,2538,2026-01-18T15:00,COMPLETA,1976.2591,855.0,23.5,282.0,963.0,4,0.22916666666666666,5,0,4,308,1638,997.2386363636364,0.5
20262,1.0,2539,2026-01-18T15:10,SIN_DEMANDA,0,,,,,,,0,0,0,308,1638,997.2386363636364,0.5
20262,1.0,2540,2026-01-18T15:20,SIN_DEMANDA,0,,,,,,,0,0,0,308,1638,997.2386363636364,0.5
20262,1.0,2541,2026-01-18T15:30,SIN_DEMANDA,0,,,,,,,0,0,0,308,1638,997.2386363636364,0.5
20262,1.0,2542,2026-01-18T15:40,SIN_DEMANDA,0,,,,,,,0,0,0,308,1638,997.2386363636364,0.5
20262,1.0,2543,2026-01-18T15:50,SIN_DEMANDA,0,,,,,,,0,0,0,308,1638,997.2386363636364,0.5
20262,1.0,2544,2026-01-18T16:00,SIN_DEMANDA,0,,,,,,,0,0,0,308,1638,997.2386363636364,0.5
20262,1.0,2545,2026-01-18T16:10,COMPLETA,964.2815,187.5,187.5,90.0,255.0,1,0.20833333333333334,1,0,0,308,1638,997.2386363636364,0.5
20262,1.0,2546,2026-01-18T16:20,COMPLETA,919.5436,187.5,187.5,90.0,255.0,1,0.20833333333333334,1,0,0,308,1638,997.2386363636364,0.5
20262,1.0,2547,2026-01-18T16:30,COMPLETA,900.3818,187.5,187.5,90.0,255.0,1,0.20833333333333334,1,0,0,309,1639,1000.5194174757281,0.5
20262,1.0,2548,2026-01-18T16:40,COMPLETA,1772.5462,810.0,187.5,204.0,666.0,3,0.2222222222222222,3,0,1,310,1640,997.3677419354839,0.5
20262,1.0,2549,2026-01-18T16:50,COMPLETA,1924.5155,647.1666666666666,187.5,184.0,576.0,2,0.4375,3,0,0,310,1640,997.3677419354839,0.5
20262,1.0,2550,2026-01-18T17:00,COMPLETA,1929.9533,647.1666666666666,187.5,184.0,576.0,2,0.4375,3,0,0,311,1642,994.9083601286173,0.5
20262,1.0,2551,2026-01-18T17:10,COMPLETA,1909.3828,647.1666666666666,187.5,184.0,576.0,2,0.4375,3,0,0,311,1642,994.9083601286173,0.5
20262,1.0,2552,2026-01-18T17:20,COMPLETA,1909.9767,647.1666666666666,187.5,184.0,576.0,2,0.4375,3,0,0,311,1642,994.9083601286173,0.5
20262,1.0,2553,2026-01-18T17:30,COMPLETA,1894.5879,647.1666666666666,187.5,184.0,576.0,2,0.4375,3,0,0,311,1642,994.9083601286173,0.5
20262,1.0,2554,2026-01-18T17:40,COMPLETA,1991.981,647.1666666666666,187.5,184.0,516.0,2,0.4375,3,0,0,311,1642,994.9083601286173,0.5
20262,1.0,2555,2026-01-18T17:50,COMPLETA,1995.1987,647.1666666666666,187.5,184.0,516.0,2,0.4375,3,0,0,312,1652,992.3157051282051,0.5
20262,1.0,2556,2026-01-18T18:00,COMPLETA,1925.3657,647.1666666666666,187.5,184.0,516.0,2,0.4375,3,0,1,312,1652,992.3157051282051,0.5
20262,1.0,2557,2026-01-18T18:10,COMPLETA,1901.8541,691.5,188.5,122.0,498.5,2,0.3958333333333333,3,0,1,312,1652,992.3157051282051,0.5
20262,1.0,2558,2026-01-18T18:20,COMPLETA,1812.1699,877.0,188.5,94.0,321.0,1,0.6666666666666666,2,0,0,312,1652,992.3157051282051,0.5
20262,1.0,2559,2026-01-18T18:30,COMPLETA,1775.9153,877.0,188.5,94.0,321.0,1,0.6666666666666666,2,0,0,313,1656,995.7076677316294,0.5
20262,1.0,2560,2026-01-18T18:40,COMPLETA,1974.3688,669.5,188.5,193.0,589.5,2,0.5208333333333334,3,0,0,313,1656,995.7076677316294,0.5
20262,1.0,2561,2026-01-18T18:50,COMPLETA,1988.8336,669.5,188.5,193.0,589.5,2,0.5208333333333334,3,0,0,313,1656,995.7076677316294,0.5
20262,1.0,2562,2026-01-18T19:00,COMPLETA,1951.1686,669.5,188.5,193.0,589.5,2,0.5208333333333334,3,0,0,313,1656,995.7076677316294,0.5
20262,1.0,2563,2026-01-18T19:10,COMPLETA,1916.5448,669.5,188.5,193.0,589.5,2,0.5208333333333334,3,0,0,313,1656,995.7076677316294,0.5
20262,1.0,2564,2026-01-18T19:20,COMPLETA,1945.5615,669.5,188.5,193.0,589.5,2,0.5208333333333334,3,0,0,313,1656,995.7076677316294,0.5
20262,1.0,2565,2026-01-18T19:30,COMPLETA,1965.2392,669.5,188.5,193.0,589.5,2,0.5208333333333334,3,0,0,313,1656,995.7076677316294,0.5
20262,1.0,2566,2026-01-18T19:40,COMPLETA,1991.8277,669.5,188.5,193.0,589.5,2,0.5208333333333334,3,0,0,313,1656,995.7076677316294,0.5
20262,1.0,2567,2026-01-18T19:50,COMPLETA,1978.0346,669.5,188.5,193.0,589.5,2,0.5208333333333334,3,0,0,314,1664,998.3391719745223,0.5
20262,1.0,2568,2026-01-18T20:00,COMPLETA,2213.3057,709.75,260.5,313.0,829.5,3,0.4583333333333333,4,0,1,314,1664,998.3391719745223,0.5
20262,1.0,2569,2026-01-18T20:10,COMPLETA,2027.6677,672.5,144.5,229.0,703.5,3,0.375,4,0,1,314,1664,998.3391719745223,0.5
20262,1.0,2570,2026-01-18T20:20,COMPLETA,1929.48,863.0,179.5,254.0,801.0,3,0.3611111111111111,3,0,0,314,1664,998.3391719745223,0.5
20262,1.0,2571,2026-01-18T20:30,COMPLETA,1925.5007,863.0,179.5,254.0,801.0,3,0.3611111111111111,3,0,0,314,1664,998.3391719745223,0.5
20262,1.0,2572,2026-01-18T20:40,COMPLETA,1935.4,863.0,179.5,254.0,801.0,3,0.3611111111111111,3,0,0,314,1664,998.3391719745223,0.5
20262,1.0,2573,2026-01-18T20:50,COMPLETA,1883.8145,863.0,179.5,254.0,801.0,3,0.3611111111111111,3,0,0,315,1667,996.1873015873016,0.5
20262,1.0,2574,2026-01-18T21:00,COMPLETA,1948.6177,863.0,179.5,254.0,801.0,3,0.3611111111111111,3,0,0,316,1672,993.628164556962,0.5
20262,1.0,2575,2026-01-18T21:10,COMPLETA,1915.2546,863.0,179.5,254.0,801.0,3,0.3611111111111111,3,0,0,316,1672,993.628164556962,0.5
20262,1.0,2576,2026-01-18T21:20,COMPLETA,1918.5952,863.0,179.5,254.0,801.0,3,0.3611111111111111,3,0,0,316,1672,993.628164556962,0.5
20262,1.0,2577,2026-01-18T21:30,COMPLETA,1934.1694,863.0,179.5,254.0,801.0,3,0.3611111111111111,3,0,0,316,1672,993.628164556962,0.5
20262,1.0,2578,2026-01-18T21:40,COMPLETA,1902.2386,863.0,179.5,254.0,801.0,3,0.3611111111111111,3,0,0,316,1672,993.628164556962,0.5
20262,1.0,2579,2026-01-18T21:50,COMPLETA,1906.7349,863.0,179.5,254.0,801.0,3,0.3611111111111111,3,0,0,317,1673,990.9495268138801,0.5
20262,1.0,2580,2026-01-18T22:00,COMPLETA,1974.6586,814.5,200.5,207.0,670.5,2,0.6875,4,0,0,317,1673,990.9495268138801,0.5
20262,1.0,2581,2026-01-18T22:10,COMPLETA,1972.8678,814.5,200.5,207.0,670.5,2,0.6875,4,0,0,317,1673,990.9495268138801,0.5
20262,1.0,2582,2026-01-18T22:20,COMPLETA,2319.0498,664.4,104.5,260.0,930.0,3,0.5833333333333334,5,0,0,317,1673,990.9495268138801,0.5
20262,1.0,2583,2026-01-18T22:30,COMPLETA,2247.5432,664.4,104.5,260.0,930.0,3,0.5833333333333334,5,0,0,318,1680,989.0110062893082,0.5
20262,1.0,2584,2026-01-18T22:40,COMPLETA,2283.5172,664.4,104.5,260.0,930.0,3,0.5833333333333334,5,0,0,318,1680,989.0110062893082,0.5
20262,1.0,2585,2026-01-18T22:50,COMPLETA,2315.1403,664.4,104.5,260.0,930.0,3,0.5833333333333334,5,0,0,318,1680,989.0110062893082,0.5
20262,1.0,2586,2026-01-18T23:00,COMPLETA,2236.6483,664.4,104.5,260.0,930.0,3,0.5833333333333334,5,0,3,318,1680,989.0110062893082,0.5
20262,1.0,2587,2026-01-18T23:10,SIN_DEMANDA,0,,,,,,,0,0,0,318,1680,989.0110062893082,0.5
20262,1.0,2588,2026-01-18T23:20,SIN_DEMANDA,0,,,,,,,0,0,0,318,1680,989.0110062893082,0.5
20262,1.0,2589,2026-01-18T23:30,COMPLETA,679.01,387.0,387.0,44.0,186.0,1,0.16666666666666666,1,0,1,318,1680,989.0110062893082,0.5
20262,1.0,2590,2026-01-18T23:40,COMPLETA,929.9484,1513.5,1513.5,104.0,276.0,1,0.25,1,0,0,318,1680,989.0110062893082,0.5
20262,1.0,2591,2026-01-18T23:50,COMPLETA,940.5995,1513.5,1513.5,104.0,276.0,1,0.25,1,0,0,318,1680,989.0110062893082,0.5
20262,1.0,2592,2026-01-19T00:00,COMPLETA,920.0594,1513.5,1513.5,104.0,276.0,1,0.25,1,0,0,318,1680,989.0110062893082,0.5
20262,1.0,2593,2026-01-19T00:10,COMPLETA,923.6002,1513.5,1513.5,104.0,276.0,1,0.25,1,0,0,318,1680,989.0110062893082,0.5
20262,1.0,2594,2026-01-19T00:20,COMPLETA,964.9312,1513.5,1513.5,104.0,276.0,1,0.25,1,0,0,318,1680,989.0110062893082,0.5
20262,1.0,2595,2026-01-19T00:30,COMPLETA,1777.283,798.25,164.0,118.0,357.0,1,0.625,2,0,0,318,1680,989.0110062893082,0.5
20262,1.0,2596,2026-01-19T00:40,COMPLETA,1792.9475,798.25,164.0,118.0,357.0,1,0.625,2,0,0,319,1689,986.2429467084639,0.5
20262,1.0,2597,2026-01-19T00:50,COMPLETA,1876.5864,798.25,164.0,118.0,357.0,1,0.625,2,0,0,319,1689,986.2429467084639,0.5
20262,1.0,2598,2026-01-19T01:00,COMPLETA,1965.2104,599.0,164.0,205.0,607.5,2,0.4583333333333333,3,0,0,319,1689,986.2429467084639,0.5
20262,1.0,2599,2026-01-19T01:10,COMPLETA,1888.2609,599.0,164.0,205.0,607.5,2,0.4583333333333333,3,0,0,320,1693,984.3703125,0.5
20262,1.0,2600,2026-01-19T01:20,COMPLETA,1884.277,599.0,164.0,205.0,607.5,2,0.4583333333333333,3,0,0,320,1693,984.3703125,0.5
20262,1.0,2601,2026-01-19T01:30,COMPLETA,1880.9131,599.0,164.0,205.0,607.5,2,0.4583333333333333,3,0,0,320,1693,984.3703125,0.5
20262,1.0,2602,2026-01-19T01:40,COMPLETA,1839.5004,599.0,164.0,205.0,607.5,2,0.4583333333333333,3,0,0,320,1693,984.3703125,0.5
20262,1.0,2603,2026-01-19T01:50,COMPLETA,1900.5872,599.0,164.0,205.0,607.5,2,0.4583333333333333,3,0,0,321,1702,986.3769470404984,0.5
20262,1.0,2604,2026-01-19T02:00,COMPLETA,2155.7726,913.875,2.0,328.0,912.0,3,0.4027777777777778,4,0,1,322,1710,985.5388198757764,0.5
20262,1.0,2605,2026-01-19T02:10,COMPLETA,2027.1662,1101.1666666666667,164.0,199.0,598.5,2,0.4583333333333333,3,0,0,322,1710,985.5388198757764,0.5
20262,1.0,2606,2026-01-19T02:20,COMPLETA,2008.208,1101.1666666666667,164.0,199.0,598.5,2,0.4583333333333333,3,0,0,322,1710,985.5388198757764,0.5
20262,1.0,2607,2026-01-19T02:30,COMPLETA,2050.438,1101.1666666666667,164.0,199.0,598.5,2,0.4583333333333333,3,0,0,322,1710,985.5388198757764,0.5
20262,1.0,2608,2026-01-19T02:40,COMPLETA,1977.1186,1101.1666666666667,164.0,199.0,598.5,2,0.4583333333333333,3,0,0,322,1710,985.5388198757764,0.5
20262,1.0,2609,2026-01-19T02:50,COMPLETA,1943.331,1101.1666666666667,164.0,199.0,598.5,2,0.4583333333333333,3,0,0,322,1710,985.5388198757764,0.5
20262,1.0,2610,2026-01-19T03:00,COMPLETA,2067.2524,1101.1666666666667,164.0,199.0,598.5,2,0.4583333333333333,3,0,0,322,1710,985.5388198757764,0.5
20262,1.0,2611,2026-01-19T03:10,COMPLETA,2184.5067,1101.1666666666667,164.0,199.0,598.5,2,0.4583333333333333,3,0,0,322,1710,985.5388198757764,0.5
20262,1.0,2612,2026-01-19T03:20,COMPLETA,2003.1351,1101.1666666666667,164.0,199.0,598.5,2,0.4583333333333333,3,0,0,323,1718,984.8606811145511,0.5
20262,1.0,2613,2026-01-19T03:30,COMPLETA,2329.2603,1325.625,164.0,252.0,738.0,3,0.3888888888888889,4,0,0,323,1718,984.8606811145511,0.5
20262,1.0,2614,2026-01-19T03:40,COMPLETA,2461.0025,1325.625,164.0,252.0,738.0,3,0.3888888888888889,4,0,0,323,1718,984.8606811145511,0.5
20262,1.0,2615,2026-01-19T03:50,COMPLETA,2490.9156,1325.625,164.0,252.0,738.0,3,0.3888888888888889,4,0,0,324,1725,983.5277777777778,0.5
20262,1.0,2616,2026-01-19T04:00,COMPLETA,2525.0699,1325.625,164.0,252.0,738.0,3,0.3888888888888889,4,0,0,324,1725,983.5277777777778,0.5
20262,1.0,2617,2026-01-19T04:10,COMPLETA,2616.822,1325.625,164.0,252.0,738.0,3,0.3888888888888889,4,0,1,324,1725,983.5277777777778,0.5
20262,1.0,2618,2026-01-19T04:20,COMPLETA,2073.0704,1101.1666666666667,164.0,199.0,598.5,2,0.4583333333333333,3,0,0,324,1725,983.5277777777778,0.5
20262,1.0,2619,2026-01-19T04:30,COMPLETA,1972.4501,1101.1666666666667,164.0,199.0,598.5,2,0.4583333333333333,3,0,0,324,1725,983.5277777777778,0.5
20262,1.0,2620,2026-01-19T04:40,COMPLETA,1946.4129,1101.1666666666667,164.0,199.0,598.5,2,0.4583333333333333,3,0,0,324,1725,983.5277777777778,0.5
20262,1.0,2621,2026-01-19T04:50,COMPLETA,2075.3207,1101.1666666666667,164.0,199.0,598.5,2,0.4583333333333333,3,0,0,325,1733,980.8230769230769,0.5
20262,1.0,2622,2026-01-19T05:00,COMPLETA,2020.3276,1101.1666666666667,164.0,199.0,598.5,2,0.4583333333333333,3,0,0,325,1733,980.8230769230769,0.5
20262,1.0,2623,2026-01-19T05:10,COMPLETA,1931.1073,1101.1666666666667,164.0,199.0,598.5,2,0.4583333333333333,3,0,0,325,1733,980.8230769230769,0.5
20262,1.0,2624,2026-01-19T05:20,COMPLETA,2196.3315,1286.25,164.0,313.0,889.5,3,0.4166666666666667,4,0,0,325,1733,980.8230769230769,0.5
20262,1.0,2625,2026-01-19T05:30,COMPLETA,2312.1161,1286.25,164.0,313.0,889.5,3,0.4166666666666667,4,0,0,325,1733,980.8230769230769,0.5
20262,1.0,2626,2026-01-19T05:40,COMPLETA,2220.6309,1286.25,164.0,313.0,889.5,3,0.4166666666666667,4,0,0,325,1733,980.8230769230769,0.5
20262,1.0,2627,2026-01-19T05:50,COMPLETA,2151.1831,1286.25,164.0,313.0,889.5,3,0.4166666666666667,4,0,0,325,1733,980.8230769230769,0.5
20262,1.0,2628,2026-01-19T06:00,COMPLETA,2237.1156,1286.25,164.0,313.0,889.5,3,0.4166666666666667,4,0,0,325,1733,980.8230769230769,0.5
20262,1.0,2629,2026-01-19T06:10,COMPLETA,2188.2923,1286.25,164.0,313.0,889.5,3,0.4166666666666667,4,0,0,326,1739,983.9463190184049,0.5
20262,1.0,2630,2026-01-19T06:20,COMPLETA,2198.1893,1286.25,164.0,313.0,889.5,3,0.4166666666666667,4,0,0,326,1739,983.9463190184049,0.5
20262,1.0,2631,2026-01-19T06:30,COMPLETA,2193.2786,1286.25,164.0,313.0,889.5,3,0.4166666666666667,4,0,0,326,1739,983.9463190184049,0.5
20262,1.0,2632,2026-01-19T06:40,COMPLETA,2185.4382,1286.25,164.0,313.0,889.5,3,0.4166666666666667,4,0,0,326,1739,983.9463190184049,0.5
20262,1.0,2633,2026-01-19T06:50,COMPLETA,2191.1648,1286.25,164.0,313.0,889.5,3,0.4166666666666667,4,0,0,326,1739,983.9463190184049,0.5
20262,1.0,2634,2026-01-19T07:00,COMPLETA,2195.5289,1286.25,164.0,313.0,889.5,3,0.4166666666666667,4,0,3,326,1739,983.9463190184049,0.5
20262,1.0,2635,2026-01-19T07:10,COMPLETA,1313.8464,13.5,13.5,124.0,306.0,1,0.4166666666666667,1,0,1,326,1739,983.9463190184049,0.5
20262,1.0,2636,2026-01-19T07:20,SIN_DEMANDA,0,,,,,,,0,0,0,326,1739,983.9463190184049,0.5
20262,1.0,2637,2026-01-19T07:30,SIN_DEMANDA,0,,,,,,,0,0,0,326,1739,983.9463190184049,0.5
20262,1.0,2638,2026-01-19T07:40,SIN_DEMANDA,0,,,,,,,0,0,0,326,1739,983.9463190184049,0.5
20262,1.0,2639,2026-01-19T07:50,SIN_DEMANDA,0,,,,,,,0,0,0,326,1739,983.9463190184049,0.5
20262,1.0,2640,2026-01-19T08:00,SIN_DEMANDA,0,,,,,,,0,0,0,326,1739,983.9463190184049,0.5
20262,1.0,2641,2026-01-19T08:10,SIN_DEMANDA,0,,,,,,,0,0,0,326,1739,983.9463190184049,0.5
20262,1.0,2642,2026-01-19T08:20,SIN_DEMANDA,0,,,,,,,0,0,0,326,1739,983.9463190184049,0.5
20262,1.0,2643,2026-01-19T08:30,SIN_DEMANDA,0,,,,,,,0,0,0,326,1739,983.9463190184049,0.5
20262,1.0,2644,2026-01-19T08:40,SIN_DEMANDA,0,,,,,,,0,0,0,326,1739,983.9463190184049,0.5
20262,1.0,2645,2026-01-19T08:50,SIN_DEMANDA,0,,,,,,,0,0,0,326,1739,983.9463190184049,0.5
20262,1.0,2646,2026-01-19T09:00,SIN_DEMANDA,0,,,,,,,0,0,0,326,1739,983.9463190184049,0.5
20262,1.0,2647,2026-01-19T09:10,SIN_DEMANDA,0,,,,,,,0,0,0,326,1739,983.9463190184049,0.5
20262,1.0,2648,2026-01-19T09:20,COMPLETA,1206.6905,547.0,547.0,124.0,306.0,1,0.3333333333333333,1,0,0,326,1739,983.9463190184049,0.5
20262,1.0,2649,2026-01-19T09:30,COMPLETA,1168.6832,547.0,547.0,124.0,306.0,1,0.3333333333333333,1,0,0,327,1746,986.15749235474,0.5
20262,1.0,2650,2026-01-19T09:40,COMPLETA,1025.2622,547.0,547.0,124.0,306.0,1,0.3333333333333333,1,0,0,328,1755,983.6509146341464,0.5
20262,1.0,2651,2026-01-19T09:50,COMPLETA,972.8081,547.0,547.0,124.0,306.0,1,0.3333333333333333,1,0,0,328,1755,983.6509146341464,0.5
20262,1.0,2652,2026-01-19T10:00,COMPLETA,987.0514,547.0,547.0,124.0,306.0,1,0.3333333333333333,1,0,0,328,1755,983.6509146341464,0.5
20262,1.0,2653,2026-01-19T10:10,COMPLETA,950.8969,547.0,547.0,124.0,306.0,1,0.3333333333333333,1,0,0,328,1755,983.6509146341464,0.5
20262,1.0,2654,2026-01-19T10:20,COMPLETA,940.2643,547.0,547.0,124.0,306.0,1,0.3333333333333333,1,0,0,328,1755,983.6509146341464,0.5
20262,1.0,2655,2026-01-19T10:30,COMPLETA,981.1783,547.0,547.0,124.0,306.0,1,0.3333333333333333,1,0,0,328,1755,983.6509146341464,0.5
20262,1.0,2656,2026-01-19T10:40,COMPLETA,929.095,547.0,547.0,124.0,306.0,1,0.3333333333333333,1,0,0,329,1763,986.258358662614,0.5
20262,1.0,2657,2026-01-19T10:50,COMPLETA,1776.8938,451.75,356.5,167.0,430.5,2,0.2916666666666667,2,0,0,329,1763,986.258358662614,0.5
20262,1.0,2658,2026-01-19T11:00,COMPLETA,1764.5694,451.75,356.5,167.0,430.5,2,0.2916666666666667,2,0,1,330,1773,983.310606060606,0.5
20262,1.0,2659,2026-01-19T11:10,COMPLETA,961.5568,547.0,547.0,124.0,306.0,1,0.3333333333333333,1,0,0,330,1773,983.310606060606,0.5
20262,1.0,2660,2026-01-19T11:20,COMPLETA,1036.4696,547.0,547.0,124.0,306.0,1,0.3333333333333333,1,0,0,330,1773,983.310606060606,0.5
20262,1.0,2661,2026-01-19T11:30,COMPLETA,985.4889,547.0,547.0,124.0,306.0,1,0.3333333333333333,1,0,0,330,1773,983.310606060606,0.5
20262,1.0,2662,2026-01-19T11:40,COMPLETA,1778.4289,388.75,347.5,162.0,423.0,1,0.5416666666666666,2,0,0,330,1773,983.310606060606,0.5
20262,1.0,2663,2026-01-19T11:50,COMPLETA,1789.9598,388.75,347.5,162.0,423.0,1,0.5416666666666666,2,0,0,331,1779,984.6676737160121,0.5
20262,1.0,2664,2026-01-19T12:00,COMPLETA,1952.6819,388.75,347.5,162.0,423.0,1,0.5416666666666666,2,0,0,331,1779,984.6676737160121,0.5
20262,1.0,2665,2026-01-19T12:10,COMPLETA,1753.4857,388.75,347.5,162.0,423.0,1,0.5416666666666666,2,0,0,331,1779,984.6676737160121,0.5
20262,1.0,2666,2026-01-19T12:20,COMPLETA,1767.2731,388.75,347.5,162.0,423.0,1,0.5416666666666666,2,0,0,331,1779,984.6676737160121,0.5
20262,1.0,2667,2026-01-19T12:30,COMPLETA,1834.6081,388.75,347.5,162.0,423.0,1,0.5416666666666666,2,0,0,331,1779,984.6676737160121,0.5
20262,1.0,2668,2026-01-19T12:40,COMPLETA,1786.1808,388.75,347.5,162.0,423.0,1,0.5416666666666666,2,0,0,331,1779,984.6676737160121,0.5
20262,1.0,2669,2026-01-19T12:50,COMPLETA,1809.4517,388.75,347.5,162.0,423.0,1,0.5416666666666666,2,0,0,331,1779,984.6676737160121,0.5
20262,1.0,2670,2026-01-19T13:00,COMPLETA,1749.0117,388.75,347.5,162.0,423.0,1,0.5416666666666666,2,0,0,332,1785,982.7756024096385,0.5
20262,1.0,2671,2026-01-19T13:10,COMPLETA,1905.1043,325.5,181.0,231.0,646.5,2,0.4583333333333333,3,0,0,332,1785,982.7756024096385,0.5
20262,1.0,2672,2026-01-19T13:20,COMPLETA,2025.2428,325.5,181.0,231.0,646.5,2,0.4583333333333333,3,0,0,332,1785,982.7756024096385,0.5
20262,1.0,2673,2026-01-19T13:30,COMPLETA,1951.5792,325.5,181.0,231.0,646.5,2,0.4583333333333333,3,0,0,332,1785,982.7756024096385,0.5
20262,1.0,2674,2026-01-19T13:40,COMPLETA,1874.092,325.5,181.0,231.0,646.5,2,0.4583333333333333,3,0,0,332,1785,982.7756024096385,0.5
20262,1.0,2675,2026-01-19T13:50,COMPLETA,2063.4148,305.75,63.5,181.0,691.5,3,0.4027777777777778,4,0,0,332,1785,982.7756024096385,0.5
20262,1.0,2676,2026-01-19T14:00,COMPLETA,2037.9321,305.75,63.5,181.0,691.5,3,0.4027777777777778,4,0,0,332,1785,982.7756024096385,0.5
20262,1.0,2677,2026-01-19T14:10,COMPLETA,2027.5181,305.75,63.5,181.0,691.5,3,0.4027777777777778,4,0,0,332,1785,982.7756024096385,0.5
20262,1.0,2678,2026-01-19T14:20,COMPLETA,2057.533,305.75,63.5,181.0,691.5,3,0.4027777777777778,4,0,0,332,1785,982.7756024096385,0.5
20262,1.0,2679,2026-01-19T14:30,COMPLETA,2066.5315,305.75,63.5,181.0,691.5,3,0.4027777777777778,4,0,0,332,1785,982.7756024096385,0.5
20262,1.0,2680,2026-01-19T14:40,COMPLETA,2257.6537,305.75,63.5,181.0,691.5,3,0.4027777777777778,4,0,0,332,1785,982.7756024096385,0.5
20262,1.0,2681,2026-01-19T14:50,COMPLETA,2146.319,305.75,63.5,181.0,691.5,3,0.4027777777777778,4,0,0,332,1785,982.7756024096385,0.5
20262,1.0,2682,2026-01-19T15:00,COMPLETA,2398.8492,642.0,63.5,205.0,787.5,3,0.4861111111111111,5,0,3,332,1785,982.7756024096385,0.5
20262,1.0,2683,2026-01-19T15:10,SIN_DEMANDA,0,,,,,,,0,0,0,332,1785,982.7756024096385,0.5
20262,1.0,2684,2026-01-19T15:20,SIN_DEMANDA,0,,,,,,,0,0,0,332,1785,982.7756024096385,0.5
20262,1.0,2685,2026-01-19T15:30,SIN_DEMANDA,0,,,,,,,0,0,0,332,1785,982.7756024096385,0.5
20262,1.0,2686,2026-01-19T15:40,SIN_DEMANDA,0,,,,,,,0,0,0,332,1785,982.7756024096385,0.5
20262,1.0,2687,2026-01-19T15:50,SIN_DEMANDA,0,,,,,,,0,0,0,332,1785,982.7756024096385,0.5
20262,1.0,2688,2026-01-19T16:00,SIN_DEMANDA,0,,,,,,,0,0,0,332,1785,982.7756024096385,0.5
20262,1.0,2689,2026-01-19T16:10,SIN_DEMANDA,0,,,,,,,0,0,0,332,1785,982.7756024096385,0.5
20262,1.0,2690,2026-01-19T16:20,SIN_DEMANDA,0,,,,,,,0,0,0,333,1794,980.6921921921922,0.5
20262,1.0,2691,2026-01-19T16:30,SIN_DEMANDA,0,,,,,,,0,0,0,333,1794,980.6921921921922,0.5
20262,1.0,2692,2026-01-19T16:40,SIN_DEMANDA,0,,,,,,,0,0,0,333,1794,980.6921921921922,0.5
20262,1.0,2693,2026-01-19T16:50,SIN_DEMANDA,0,,,,,,,0,0,0,334,1801,977.9461077844311,0.5
20262,1.0,2694,2026-01-19T17:00,SIN_DEMANDA,0,,,,,,,0,0,0,334,1801,977.9461077844311,0.5
20262,1.0,2695,2026-01-19T17:10,SIN_DEMANDA,0,,,,,,,0,0,0,335,1809,976.8656716417911,0.5
20262,1.0,2696,2026-01-19T17:20,SIN_DEMANDA,0,,,,,,,0,0,0,335,1809,976.8656716417911,0.5
20262,1.0,2697,2026-01-19T17:30,SIN_DEMANDA,0,,,,,,,0,0,0,336,1815,979.9166666666666,0.5
20262,1.0,2698,2026-01-19T17:40,SIN_DEMANDA,0,,,,,,,0,0,0,336,1815,979.9166666666666,0.5
20262,1.0,2699,2026-01-19T17:50,SIN_DEMANDA,0,,,,,,,0,0,0,336,1815,979.9166666666666,0.5
20262,1.0,2700,2026-01-19T18:00,SIN_DEMANDA,0,,,,,,,0,0,0,336,1815,979.9166666666666,0.5
20262,1.0,2701,2026-01-19T18:10,COMPLETA,930.177,56.0,56.0,57.0,145.5,1,0.20833333333333334,1,0,0,336,1815,979.9166666666666,0.5
20262,1.0,2702,2026-01-19T18:20,COMPLETA,902.6695,56.0,56.0,57.0,145.5,1,0.20833333333333334,1,0,0,336,1815,979.9166666666666,0.5
20262,1.0,2703,2026-01-19T18:30,COMPLETA,917.7976,56.0,56.0,57.0,145.5,1,0.20833333333333334,1,0,0,336,1815,979.9166666666666,0.5
20262,1.0,2704,2026-01-19T18:40,COMPLETA,946.5613,56.0,56.0,57.0,145.5,1,0.20833333333333334,1,0,0,336,1815,979.9166666666666,0.5
20262,1.0,2705,2026-01-19T18:50,COMPLETA,1026.9888,56.0,56.0,57.0,145.5,1,0.20833333333333334,1,0,1,336,1815,979.9166666666666,0.5
20262,1.0,2706,2026-01-19T19:00,SIN_DEMANDA,0,,,,,,,0,0,0,336,1815,979.9166666666666,0.5
20262,1.0,2707,2026-01-19T19:10,SIN_DEMANDA,0,,,,,,,0,0,0,336,1815,979.9166666666666,0.5
20262,1.0,2708,2026-01-19T19:20,SIN_DEMANDA,0,,,,,,,0,0,0,336,1815,979.9166666666666,0.5
20262,1.0,2709,2026-01-19T19:30,SIN_DEMANDA,0,,,,,,,0,0,0,336,1815,979.9166666666666,0.5
20262,1.0,2710,2026-01-19T19:40,SIN_DEMANDA,0,,,,,,,0,0,0,337,1820,977.7195845697329,0.5
20262,1.0,2711,2026-01-19T19:50,SIN_DEMANDA,0,,,,,,,0,0,0,337,1820,977.7195845697329,0.5
20262,1.0,2712,2026-01-19T20:00,SIN_DEMANDA,0,,,,,,,0,0,0,337,1820,977.7195845697329,0.5
20262,1.0,2713,2026-01-19T20:10,SIN_DEMANDA,0,,,,,,,0,0,0,337,1820,977.7195845697329,0.5
20262,1.0,2714,2026-01-19T20:20,SIN_DEMANDA,0,,,,,,,0,0,0,337,1820,977.7195845697329,0.5
20262,1.0,2715,2026-01-19T20:30,SIN_DEMANDA,0,,,,,,,0,0,0,337,1820,977.7195845697329,0.5
20262,1.0,2716,2026-01-19T20:40,SIN_DEMANDA,0,,,,,,,0,0,0,337,1820,977.7195845697329,0.5
20262,1.0,2717,2026-01-19T20:50,SIN_DEMANDA,0,,,,,,,0,0,0,337,1820,977.7195845697329,0.5
20262,1.0,2718,2026-01-19T21:00,SIN_DEMANDA,0,,,,,,,0,0,0,337,1820,977.7195845697329,0.5
20262,1.0,2719,2026-01-19T21:10,SIN_DEMANDA,0,,,,,,,0,0,0,338,1825,974.9926035502958,0.5
20262,1.0,2720,2026-01-19T21:20,COMPLETA,624.2207,1002.5,1002.5,14.0,81.0,1,0.125,1,0,1,338,1825,974.9926035502958,0.5
20262,1.0,2721,2026-01-19T21:30,COMPLETA,616.0747,904.0,904.0,32.0,168.0,1,0.125,1,0,0,338,1825,974.9926035502958,0.5
20262,1.0,2722,2026-01-19T21:40,COMPLETA,610.9132,904.0,904.0,32.0,168.0,1,0.125,1,0,0,338,1825,974.9926035502958,0.5
20262,1.0,2723,2026-01-19T21:50,COMPLETA,628.6854,904.0,904.0,32.0,168.0,1,0.125,1,0,0,338,1825,974.9926035502958,0.5
20262,1.0,2724,2026-01-19T22:00,COMPLETA,1432.9257,730.25,556.5,75.0,352.5,2,0.20833333333333334,2,0,0,338,1825,974.9926035502958,0.5
20262,1.0,2725,2026-01-19T22:10,COMPLETA,1891.6648,491.1666666666667,13.0,79.0,540.5,2,0.375,3,0,0,338,1825,974.9926035502958,0.5
20262,1.0,2726,2026-01-19T22:20,COMPLETA,1876.3587,491.1666666666667,13.0,79.0,540.5,2,0.375,3,0,0,338,1825,974.9926035502958,0.5
20262,1.0,2727,2026-01-19T22:30,COMPLETA,1918.3501,491.1666666666667,13.0,79.0,540.5,2,0.375,3,0,0,338,1825,974.9926035502958,0.5
20262,1.0,2728,2026-01-19T22:40,COMPLETA,1882.5069,491.1666666666667,13.0,79.0,540.5,2,0.375,3,0,0,339,1828,975.0737463126844,0.5
20262,1.0,2729,2026-01-19T22:50,COMPLETA,1922.7664,491.1666666666667,13.0,79.0,540.5,2,0.375,3,0,0,339,1828,975.0737463126844,0.5
20262,1.0,2730,2026-01-19T23:00,COMPLETA,1948.1975,491.1666666666667,13.0,79.0,540.5,2,0.375,3,0,2,339,1828,975.0737463126844,0.5
20262,1.0,2731,2026-01-19T23:10,SIN_DEMANDA,0,,,,,,,0,0,0,339,1828,975.0737463126844,0.5
20262,1.0,2732,2026-01-19T23:20,SIN_DEMANDA,0,,,,,,,0,0,0,339,1828,975.0737463126844,0.5
20262,1.0,2733,2026-01-19T23:30,SIN_DEMANDA,0,,,,,,,0,0,0,339,1828,975.0737463126844,0.5
20262,1.0,2734,2026-01-19T23:40,SIN_DEMANDA,0,,,,,,,0,0,0,339,1828,975.0737463126844,0.5
20262,1.0,2735,2026-01-19T23:50,SIN_DEMANDA,0,,,,,,,0,0,0,339,1828,975.0737463126844,0.5
20262,1.0,2736,2026-01-20T00:00,SIN_DEMANDA,0,,,,,,,0,0,0,339,1828,975.0737463126844,0.5
20262,1.0,2737,2026-01-20T00:10,SIN_DEMANDA,0,,,,,,,0,0,0,339,1828,975.0737463126844,0.5
20262,1.0,2738,2026-01-20T00:20,SIN_DEMANDA,0,,,,,,,0,0,0,339,1828,975.0737463126844,0.5
20262,1.0,2739,2026-01-20T00:30,COMPLETA,1341.8223,537.5,537.5,79.0,238.5,1,0.4166666666666667,1,0,0,340,1831,974.864705882353,0.5
20262,1.0,2740,2026-01-20T00:40,COMPLETA,1843.2079,1301.75,537.5,115.0,412.5,2,0.22916666666666666,2,0,1,340,1831,974.864705882353,0.5
20262,1.0,2741,2026-01-20T00:50,COMPLETA,1388.8585,537.5,537.5,79.0,238.5,1,0.4166666666666667,1,0,0,341,1838,973.6378299120234,0.5
20262,1.0,2742,2026-01-20T01:00,COMPLETA,1780.3004,353.0,168.5,93.0,319.5,2,0.2916666666666667,2,0,1,341,1838,973.6378299120234,0.5
20262,1.0,2743,2026-01-20T01:10,COMPLETA,1372.6365,537.5,537.5,79.0,238.5,1,0.4166666666666667,1,0,0,341,1838,973.6378299120234,0.5
20262,1.0,2744,2026-01-20T01:20,COMPLETA,1372.3668,537.5,537.5,79.0,238.5,1,0.4166666666666667,1,0,0,341,1838,973.6378299120234,0.5
20262,1.0,2745,2026-01-20T01:30,COMPLETA,1371.1668,537.5,537.5,79.0,238.5,1,0.4166666666666667,1,0,0,341,1838,973.6378299120234,0.5
20262,1.0,2746,2026-01-20T01:40,COMPLETA,1340.4718,537.5,537.5,79.0,238.5,1,0.4166666666666667,1,0,0,341,1838,973.6378299120234,0.5
20262,1.0,2747,2026-01-20T01:50,COMPLETA,1360.9968,537.5,537.5,79.0,238.5,1,0.4166666666666667,1,0,0,341,1838,973.6378299120234,0.5
20262,1.0,2748,2026-01-20T02:00,COMPLETA,1358.514,537.5,537.5,79.0,238.5,1,0.4166666666666667,1,0,0,342,1846,970.828947368421,0.5
20262,1.0,2749,2026-01-20T02:10,COMPLETA,1371.611,537.5,537.5,79.0,238.5,1,0.4166666666666667,1,0,0,343,1847,974.0218658892128,0.5
20262,1.0,2750,2026-01-20T02:20,COMPLETA,1434.8393,537.5,537.5,79.0,238.5,1,0.4166666666666667,1,0,0,344,1851,971.6802325581396,0.5
20262,1.0,2751,2026-01-20T02:30,COMPLETA,1363.7403,537.5,537.5,79.0,238.5,1,0.4166666666666667,1,0,0,344,1851,971.6802325581396,0.5
20262,1.0,2752,2026-01-20T02:40,COMPLETA,1361.7766,537.5,537.5,79.0,238.5,1,0.4166666666666667,1,0,0,344,1851,971.6802325581396,0.5
20262,1.0,2753,2026-01-20T02:50,COMPLETA,1371.1901,537.5,537.5,79.0,238.5,1,0.4166666666666667,1,0,0,344,1851,971.6802325581396,0.5
20262,1.0,2754,2026-01-20T03:00,COMPLETA,1904.6258,338.25,139.0,123.0,364.5,2,0.25,2,0,1,344,1851,971.6802325581396,0.5
20262,1.0,2755,2026-01-20T03:10,COMPLETA,1847.8727,1092.25,537.5,122.0,363.0,1,0.625,2,0,0,344,1851,971.6802325581396,0.5
20262,1.0,2756,2026-01-20T03:20,COMPLETA,1770.2136,1092.25,537.5,122.0,363.0,1,0.625,2,0,0,344,1851,971.6802325581396,0.5
20262,1.0,2757,2026-01-20T03:30,COMPLETA,1856.1689,1092.25,537.5,122.0,363.0,1,0.625,2,0,0,344,1851,971.6802325581396,0.5
20262,1.0,2758,2026-01-20T03:40,COMPLETA,1744.0647,1092.25,537.5,122.0,363.0,1,0.625,2,0,0,344,1851,971.6802325581396,0.5
20262,1.0,2759,2026-01-20T03:50,COMPLETA,1766.8935,1092.25,537.5,122.0,363.0,1,0.625,2,0,0,344,1851,971.6802325581396,0.5
20262,1.0,2760,2026-01-20T04:00,COMPLETA,1880.5753,1092.25,537.5,122.0,363.0,1,0.625,2,0,0,344,1851,971.6802325581396,0.5
20262,1.0,2761,2026-01-20T04:10,COMPLETA,1765.8307,1092.25,537.5,122.0,363.0,1,0.625,2,0,0,344,1851,971.6802325581396,0.5
20262,1.0,2762,2026-01-20T04:20,COMPLETA,1710.2644,1092.25,537.5,122.0,363.0,1,0.625,2,0,0,344,1851,971.6802325581396,0.5
20262,1.0,2763,2026-01-20T04:30,COMPLETA,1768.7335,1092.25,537.5,122.0,363.0,1,0.625,2,0,0,344,1851,971.6802325581396,0.5
20262,1.0,2764,2026-01-20T04:40,COMPLETA,1755.4787,1092.25,537.5,122.0,363.0,1,0.625,2,0,0,345,1853,969.2666666666667,0.5
20262,1.0,2765,2026-01-20T04:50,COMPLETA,1737.2238,1092.25,537.5,122.0,363.0,1,0.625,2,0,0,345,1853,969.2666666666667,0.5
20262,1.0,2766,2026-01-20T05:00,COMPLETA,1781.2045,1092.25,537.5,122.0,363.0,1,0.625,2,0,0,345,1853,969.2666666666667,0.5
20262,1.0,2767,2026-01-20T05:10,COMPLETA,1699.668,1092.25,537.5,122.0,363.0,1,0.625,2,0,0,345,1853,969.2666666666667,0.5
20262,1.0,2768,2026-01-20T05:20,COMPLETA,1698.5806,1092.25,537.5,122.0,363.0,1,0.625,2,0,0,345,1853,969.2666666666667,0.5
20262,1.0,2769,2026-01-20T05:30,COMPLETA,1793.9806,1092.25,537.5,122.0,363.0,1,0.625,2,0,0,345,1853,969.2666666666667,0.5
20262,1.0,2770,2026-01-20T05:40,COMPLETA,1711.8173,1092.25,537.5,122.0,363.0,1,0.625,2,0,0,345,1853,969.2666666666667,0.5
20262,1.0,2771,2026-01-20T05:50,COMPLETA,1834.9572,833.6666666666666,138.0,161.0,541.5,2,0.4166666666666667,3,0,0,345,1853,969.2666666666667,0.5
20262,1.0,2772,2026-01-20T06:00,COMPLETA,1822.9859,833.6666666666666,138.0,161.0,541.5,2,0.4166666666666667,3,0,0,345,1853,969.2666666666667,0.5
20262,1.0,2773,2026-01-20T06:10,COMPLETA,1855.0615,833.6666666666666,138.0,161.0,541.5,2,0.4166666666666667,3,0,0,345,1853,969.2666666666667,0.5
20262,1.0,2774,2026-01-20T06:20,COMPLETA,1835.261,833.6666666666666,138.0,161.0,541.5,2,0.4166666666666667,3,0,0,345,1853,969.2666666666667,0.5
20262,1.0,2775,2026-01-20T06:30,COMPLETA,1807.9462,833.6666666666666,138.0,161.0,541.5,2,0.4166666666666667,3,0,0,345,1853,969.2666666666667,0.5
20262,1.0,2776,2026-01-20T06:40,COMPLETA,1803.1509,833.6666666666666,138.0,161.0,541.5,2,0.4166666666666667,3,0,0,345,1853,969.2666666666667,0.5
20262,1.0,2777,2026-01-20T06:50,COMPLETA,1841.7642,833.6666666666666,138.0,161.0,541.5,2,0.4166666666666667,3,0,0,345,1853,969.2666666666667,0.5
20262,1.0,2778,2026-01-20T07:00,COMPLETA,2080.0928,833.6666666666666,138.0,161.0,541.5,2,0.4166666666666667,3,0,2,345,1853,969.2666666666667,0.5
20262,1.0,2779,2026-01-20T07:10,SIN_DEMANDA,0,,,,,,,0,0,0,345,1853,969.2666666666667,0.5
20262,1.0,2780,2026-01-20T07:20,SIN_DEMANDA,0,,,,,,,0,0,0,345,1853,969.2666666666667,0.5
20262,1.0,2781,2026-01-20T07:30,COMPLETA,952.843,100.5,100.5,94.0,261.0,1,0.25,1,0,0,345,1853,969.2666666666667,0.5
20262,1.0,2782,2026-01-20T07:40,COMPLETA,1030.0224,100.5,100.5,94.0,261.0,1,0.25,1,0,0,345,1853,969.2666666666667,0.5
20262,1.0,2783,2026-01-20T07:50,COMPLETA,1052.0193,100.5,100.5,94.0,261.0,1,0.25,1,0,0,345,1853,969.2666666666667,0.5
20262,1.0,2784,2026-01-20T08:00,COMPLETA,1090.0376,100.5,100.5,94.0,261.0,1,0.25,1,0,0,345,1853,969.2666666666667,0.5
20262,1.0,2785,2026-01-20T08:10,COMPLETA,1004.9135,100.5,100.5,94.0,261.0,1,0.25,1,0,0,345,1853,969.2666666666667,0.5
20262,1.0,2786,2026-01-20T08:20,COMPLETA,988.3216,100.5,100.5,94.0,261.0,1,0.25,1,0,0,345,1853,969.2666666666667,0.5
20262,1.0,2787,2026-01-20T08:30,COMPLETA,1003.4385,100.5,100.5,94.0,261.0,1,0.25,1,0,0,345,1853,969.2666666666667,0.5
20262,1.0,2788,2026-01-20T08:40,COMPLETA,966.9263,100.5,100.5,94.0,261.0,1,0.25,1,0,0,345,1853,969.2666666666667,0.5
20262,1.0,2789,2026-01-20T08:50,COMPLETA,961.231,100.5,100.5,94.0,261.0,1,0.25,1,0,0,346,1858,971.7413294797688,0.5
20262,1.0,2790,2026-01-20T09:00,COMPLETA,1398.6993,234.5,100.5,156.0,414.0,2,0.16666666666666666,2,0,1,346,1858,971.7413294797688,0.5
20262,1.0,2791,2026-01-20T09:10,COMPLETA,972.0345,100.5,100.5,94.0,261.0,1,0.25,1,0,0,346,1858,971.7413294797688,0.5
20262,1.0,2792,2026-01-20T09:20,COMPLETA,992.2405,100.5,100.5,94.0,261.0,1,0.25,1,0,0,346,1858,971.7413294797688,0.5
20262,1.0,2793,2026-01-20T09:30,COMPLETA,1141.9467,100.5,100.5,94.0,261.0,1,0.25,1,0,0,346,1858,971.7413294797688,0.5
20262,1.0,2794,2026-01-20T09:40,COMPLETA,1152.0001,100.5,100.5,94.0,261.0,1,0.25,1,0,0,347,1868,970.4899135446686,0.5
20262,1.0,2795,2026-01-20T09:50,COMPLETA,1012.7033,100.5,100.5,94.0,261.0,1,0.25,1,0,0,347,1868,970.4899135446686,0.5
20262,1.0,2796,2026-01-20T10:00,COMPLETA,984.5001,100.5,100.5,94.0,261.0,1,0.25,1,0,0,347,1868,970.4899135446686,0.5
20262,1.0,2797,2026-01-20T10:10,COMPLETA,1130.264,100.5,100.5,94.0,261.0,1,0.25,1,0,0,347,1868,970.4899135446686,0.5
20262,1.0,2798,2026-01-20T10:20,COMPLETA,977.5747,100.5,100.5,94.0,261.0,1,0.25,1,0,0,347,1868,970.4899135446686,0.5
20262,1.0,2799,2026-01-20T10:30,COMPLETA,1550.5905,1078.0,100.5,144.0,396.0,2,0.20833333333333334,2,0,1,347,1868,970.4899135446686,0.5
20262,1.0,2800,2026-01-20T10:40,COMPLETA,1018.7179,100.5,100.5,94.0,261.0,1,0.25,1,0,0,347,1868,970.4899135446686,0.5
20262,1.0,2801,2026-01-20T10:50,COMPLETA,1014.3223,100.5,100.5,94.0,261.0,1,0.25,1,0,0,348,1870,968.7600574712644,0.5
20262,1.0,2802,2026-01-20T11:00,COMPLETA,994.5119,100.5,100.5,94.0,261.0,1,0.25,1,0,0,348,1870,968.7600574712644,0.5
20262,1.0,2803,2026-01-20T11:10,COMPLETA,1004.2536,100.5,100.5,94.0,261.0,1,0.25,1,0,0,348,1870,968.7600574712644,0.5
20262,1.0,2804,2026-01-20T11:20,COMPLETA,1030.9873,100.5,100.5,94.0,261.0,1,0.25,1,0,0,348,1870,968.7600574712644,0.5
20262,1.0,2805,2026-01-20T11:30,COMPLETA,993.4416,100.5,100.5,94.0,261.0,1,0.25,1,0,0,349,1875,966.3796561604585,0.5
20262,1.0,2806,2026-01-20T11:40,COMPLETA,993.2769,100.5,100.5,94.0,261.0,1,0.25,1,0,0,349,1875,966.3796561604585,0.5
20262,1.0,2807,2026-01-20T11:50,COMPLETA,986.0548,100.5,100.5,94.0,261.0,1,0.25,1,0,0,349,1875,966.3796561604585,0.5
20262,1.0,2808,2026-01-20T12:00,COMPLETA,1180.6554,100.5,100.5,94.0,261.0,1,0.25,1,0,0,349,1875,966.3796561604585,0.5
20262,1.0,2809,2026-01-20T12:10,COMPLETA,1948.1974,112.25,100.5,153.0,409.5,2,0.2708333333333333,2,0,1,350,1879,969.4914285714286,0.5
20262,1.0,2810,2026-01-20T12:20,COMPLETA,1060.4798,100.5,100.5,94.0,261.0,1,0.25,1,0,0,350,1879,969.4914285714286,0.5
20262,1.0,2811,2026-01-20T12:30,COMPLETA,1129.0339,100.5,100.5,94.0,261.0,1,0.25,1,0,0,350,1879,969.4914285714286,0.5
20262,1.0,2812,2026-01-20T12:40,COMPLETA,1189.5373,100.5,100.5,94.0,261.0,1,0.25,1,0,0,350,1879,969.4914285714286,0.5
20262,1.0,2813,2026-01-20T12:50,COMPLETA,1089.8421,100.5,100.5,94.0,261.0,1,0.25,1,0,0,350,1879,969.4914285714286,0.5
20262,1.0,2814,2026-01-20T13:00,COMPLETA,1081.9602,100.5,100.5,94.0,261.0,1,0.25,1,0,0,350,1879,969.4914285714286,0.5
20262,1.0,2815,2026-01-20T13:10,COMPLETA,1014.1321,100.5,100.5,94.0,261.0,1,0.25,1,0,0,350,1879,969.4914285714286,0.5
20262,1.0,2816,2026-01-20T13:20,COMPLETA,1500.1526,552.25,100.5,106.0,339.0,2,0.14583333333333334,2,0,1,350,1879,969.4914285714286,0.5
20262,1.0,2817,2026-01-20T13:30,COMPLETA,1034.7798,100.5,100.5,94.0,261.0,1,0.25,1,0,0,350,1879,969.4914285714286,0.5
20262,1.0,2818,2026-01-20T13:40,COMPLETA,992.8711,100.5,100.5,94.0,261.0,1,0.25,1,0,0,350,1879,969.4914285714286,0.5
20262,1.0,2819,2026-01-20T13:50,COMPLETA,1031.7609,100.5,100.5,94.0,261.0,1,0.25,1,0,0,350,1879,969.4914285714286,0.5
20262,1.0,2820,2026-01-20T14:00,COMPLETA,982.9287,100.5,100.5,94.0,261.0,1,0.25,1,0,0,351,1886,967.0826210826211,0.5
20262,1.0,2821,2026-01-20T14:10,COMPLETA,1036.4015,100.5,100.5,94.0,261.0,1,0.25,1,0,0,351,1886,967.0826210826211,0.5
20262,1.0,2822,2026-01-20T14:20,COMPLETA,978.6828,100.5,100.5,94.0,261.0,1,0.25,1,0,0,351,1886,967.0826210826211,0.5
20262,1.0,2823,2026-01-20T14:30,COMPLETA,1975.1017,238.83333333333334,94.5,236.0,714.0,3,0.2222222222222222,3,0,0,352,1887,967.1875,0.5
20262,1.0,2824,2026-01-20T14:40,COMPLETA,1919.4809,238.83333333333334,94.5,236.0,714.0,3,0.2222222222222222,3,0,0,352,1887,967.1875,0.5
20262,1.0,2825,2026-01-20T14:50,COMPLETA,2433.9467,433.0,124.5,240.0,840.0,4,0.17708333333333334,4,0,0,352,1887,967.1875,0.5
20262,1.0,2826,2026-01-20T15:00,COMPLETA,2460.2096,433.0,124.5,240.0,840.0,4,0.17708333333333334,4,0,4,352,1887,967.1875,0.5
20262,1.0,2827,2026-01-20T15:10,SIN_DEMANDA,0,,,,,,,0,0,0,352,1887,967.1875,0.5
20262,1.0,2828,2026-01-20T15:20,SIN_DEMANDA,0,,,,,,,0,0,0,352,1887,967.1875,0.5
20262,1.0,2829,2026-01-20T15:30,SIN_DEMANDA,0,,,,,,,0,0,0,352,1887,967.1875,0.5
20262,1.0,2830,2026-01-20T15:40,SIN_DEMANDA,0,,,,,,,0,0,0,352,1887,967.1875,0.5
20262,1.0,2831,2026-01-20T15:50,COMPLETA,1086.4362,456.5,456.5,114.0,291.0,1,0.25,1,0,0,352,1887,967.1875,0.5
20262,1.0,2832,2026-01-20T16:00,COMPLETA,1018.3827,456.5,456.5,114.0,291.0,1,0.25,1,0,0,352,1887,967.1875,0.5
20262,1.0,2833,2026-01-20T16:10,COMPLETA,1078.1618,456.5,456.5,114.0,291.0,1,0.25,1,0,0,352,1887,967.1875,0.5
20262,1.0,2834,2026-01-20T16:20,COMPLETA,1042.619,456.5,456.5,114.0,291.0,1,0.25,1,0,0,354,1890,965.5381355932203,0.5
20262,1.0,2835,2026-01-20T16:30,COMPLETA,1114.093,456.5,456.5,114.0,291.0,1,0.25,1,0,0,354,1890,965.5381355932203,0.5
20262,1.0,2836,2026-01-20T16:40,COMPLETA,1909.5076,346.5,236.5,167.0,490.5,2,0.3125,2,0,0,354,1890,965.5381355932203,0.5
20262,1.0,2837,2026-01-20T16:50,COMPLETA,1938.6957,346.5,236.5,167.0,490.5,2,0.3125,2,0,0,354,1890,965.5381355932203,0.5
20262,1.0,2838,2026-01-20T17:00,COMPLETA,1858.7052,346.5,236.5,167.0,490.5,2,0.3125,2,0,0,354,1890,965.5381355932203,0.5
20262,1.0,2839,2026-01-20T17:10,COMPLETA,1876.0924,346.5,236.5,167.0,490.5,2,0.3125,2,0,0,354,1890,965.5381355932203,0.5
20262,1.0,2840,2026-01-20T17:20,COMPLETA,1973.5544,318.0,166.5,198.0,659.5,3,0.2361111111111111,3,0,0,354,1890,965.5381355932203,0.5
20262,1.0,2841,2026-01-20T17:30,COMPLETA,2027.9485,318.0,166.5,198.0,659.5,3,0.2361111111111111,3,0,1,355,1896,963.169014084507,0.5
20262,1.0,2842,2026-01-20T17:40,COMPLETA,1416.091,311.5,166.5,154.0,533.5,2,0.16666666666666666,2,0,0,355,1896,963.169014084507,0.5
20262,1.0,2843,2026-01-20T17:50,COMPLETA,1422.2034,311.5,166.5,154.0,533.5,2,0.16666666666666666,2,0,0,355,1896,963.169014084507,0.5
20262,1.0,2844,2026-01-20T18:00,COMPLETA,1889.9972,226.0,55.0,222.0,706.0,3,0.2222222222222222,3,0,0,355,1896,963.169014084507,0.5
20262,1.0,2845,2026-01-20T18:10,COMPLETA,1957.052,226.0,55.0,222.0,706.0,3,0.2222222222222222,3,0,0,356,1904,961.185393258427,0.5
20262,1.0,2846,2026-01-20T18:20,COMPLETA,1969.58,226.0,55.0,222.0,706.0,3,0.2222222222222222,3,0,0,356,1904,961.185393258427,0.5
20262,1.0,2847,2026-01-20T18:30,COMPLETA,1896.6636,226.0,55.0,222.0,646.0,3,0.2222222222222222,3,0,0,356,1904,961.185393258427,0.5
20262,1.0,2848,2026-01-20T18:40,COMPLETA,1911.9473,413.625,55.0,280.0,793.0,4,0.19791666666666666,4,0,1,356,1904,961.185393258427,0.5
20262,1.0,2849,2026-01-20T18:50,COMPLETA,1918.6163,226.0,55.0,222.0,646.0,3,0.2222222222222222,3,0,1,356,1904,961.185393258427,0.5
20262,1.0,2850,2026-01-20T19:00,COMPLETA,1942.9844,900.6666666666666,166.5,177.0,578.5,3,0.1527777777777778,3,0,1,356,1904,961.185393258427,0.5
20262,1.0,2851,2026-01-20T19:10,COMPLETA,1539.9583,341.5,166.5,127.0,419.5,2,0.16666666666666666,2,0,0,357,1913,959.4201680672269,0.5
20262,1.0,2852,2026-01-20T19:20,COMPLETA,1982.6073,331.8333333333333,166.5,224.0,713.5,3,0.18055555555555555,3,0,0,357,1913,959.4201680672269,0.5
20262,1.0,2853,2026-01-20T19:30,COMPLETA,2125.489,386.125,166.5,217.0,670.0,3,0.20833333333333334,4,0,1,357,1913,959.4201680672269,0.5
20262,1.0,2854,2026-01-20T19:40,COMPLETA,2035.7235,744.5,166.5,227.0,685.0,3,0.2361111111111111,4,0,1,357,1913,959.4201680672269,0.5
20262,1.0,2855,2026-01-20T19:50,COMPLETA,1909.0655,331.8333333333333,166.5,224.0,705.5,3,0.18055555555555555,3,0,1,357,1913,959.4201680672269,0.5
20262,1.0,2856,2026-01-20T20:00,COMPLETA,1812.1732,308.0,303.5,176.0,444.0,1,0.4583333333333333,2,0,0,357,1913,959.4201680672269,0.5
20262,1.0,2857,2026-01-20T20:10,COMPLETA,1787.7527,308.0,303.5,176.0,444.0,1,0.4583333333333333,2,0,0,357,1913,959.4201680672269,0.5
20262,1.0,2858,2026-01-20T20:20,COMPLETA,1803.3149,308.0,303.5,176.0,444.0,1,0.4583333333333333,2,0,0,358,1916,962.5474860335196,0.5
20262,1.0,2859,2026-01-20T20:30,COMPLETA,1780.6533,308.0,303.5,176.0,444.0,1,0.4583333333333333,2,0,0,359,1919,962.5863509749304,0.5
20262,1.0,2860,2026-01-20T20:40,COMPLETA,1825.1288,308.0,303.5,176.0,444.0,1,0.4583333333333333,2,0,0,359,1919,962.5863509749304,0.5
20262,1.0,2861,2026-01-20T20:50,COMPLETA,2061.3942,216.0,32.0,188.0,582.0,2,0.3333333333333333,3,0,0,359,1919,962.5863509749304,0.5
20262,1.0,2862,2026-01-20T21:00,COMPLETA,2209.7097,216.0,32.0,188.0,582.0,2,0.3333333333333333,3,0,0,360,1921,961.6708333333333,0.5
20262,1.0,2863,2026-01-20T21:10,COMPLETA,1976.8305,216.0,32.0,188.0,582.0,2,0.3333333333333333,3,0,0,362,1933,962.2182320441989,0.5
20262,1.0,2864,2026-01-20T21:20,COMPLETA,1921.4502,216.0,32.0,188.0,582.0,2,0.3333333333333333,3,0,0,362,1933,962.2182320441989,0.5
20262,1.0,2865,2026-01-20T21:30,COMPLETA,1946.4808,216.0,32.0,188.0,582.0,2,0.3333333333333333,3,0,0,362,1933,962.2182320441989,0.5
20262,1.0,2866,2026-01-20T21:40,COMPLETA,1913.2871,216.0,32.0,188.0,582.0,2,0.3333333333333333,3,0,0,362,1933,962.2182320441989,0.5
20262,1.0,2867,2026-01-20T21:50,COMPLETA,1965.7931,247.375,32.0,227.0,765.0,3,0.3472222222222222,4,0,0,362,1933,962.2182320441989,0.5
20262,1.0,2868,2026-01-20T22:00,COMPLETA,2076.5046,247.375,32.0,227.0,765.0,3,0.3472222222222222,4,0,0,362,1933,962.2182320441989,0.5
20262,1.0,2869,2026-01-20T22:10,COMPLETA,2021.6638,247.375,32.0,227.0,765.0,3,0.3472222222222222,4,0,0,362,1933,962.2182320441989,0.5
20262,1.0,2870,2026-01-20T22:20,COMPLETA,2010.6953,247.375,32.0,227.0,765.0,3,0.3472222222222222,4,0,0,362,1933,962.2182320441989,0.5
20262,1.0,2871,2026-01-20T22:30,COMPLETA,1968.9437,247.375,32.0,227.0,765.0,3,0.3472222222222222,4,0,0,363,1935,960.0261707988981,0.5
20262,1.0,2872,2026-01-20T22:40,COMPLETA,1990.6568,247.375,32.0,227.0,765.0,3,0.3472222222222222,4,0,0,363,1935,960.0261707988981,0.5
20262,1.0,2873,2026-01-20T22:50,COMPLETA,2008.1945,247.375,32.0,227.0,765.0,3,0.3472222222222222,4,0,0,363,1935,960.0261707988981,0.5
20262,1.0,2874,2026-01-20T23:00,COMPLETA,2166.5528,617.4,32.0,245.0,912.0,4,0.3333333333333333,5,0,4,363,1935,960.0261707988981,0.5
20262,1.0,2875,2026-01-20T23:10,SIN_DEMANDA,0,,,,,,,0,0,0,363,1935,960.0261707988981,0.5
20262,1.0,2876,2026-01-20T23:20,SIN_DEMANDA,0,,,,,,,0,0,0,363,1935,960.0261707988981,0.5
20262,1.0,2877,2026-01-20T23:30,SIN_DEMANDA,0,,,,,,,0,0,0,363,1935,960.0261707988981,0.5
20262,1.0,2878,2026-01-20T23:40,SIN_DEMANDA,0,,,,,,,0,0,0,363,1935,960.0261707988981,0.5
20262,1.0,2879,2026-01-20T23:50,SIN_DEMANDA,0,,,,,,,0,0,0,363,1935,960.0261707988981,0.5
20262,1.0,2880,2026-01-21T00:00,SIN_DEMANDA,0,,,,,,,0,0,0,363,1935,960.0261707988981,0.5
20262,1.0,2881,2026-01-21T00:10,SIN_DEMANDA,0,,,,,,,0,0,0,364,1940,957.4766483516484,0.5
20262,1.0,2882,2026-01-21T00:20,SIN_DEMANDA,0,,,,,,,0,0,0,364,1940,957.4766483516484,0.5
20262,1.0,2883,2026-01-21T00:30,SIN_DEMANDA,0,,,,,,,0,0,0,364,1940,957.4766483516484,0.5
20262,1.0,2884,2026-01-21T00:40,SIN_DEMANDA,0,,,,,,,0,0,0,364,1940,957.4766483516484,0.5
20262,1.0,2885,2026-01-21T00:50,SIN_DEMANDA,0,,,,,,,0,0,0,365,1945,955.9397260273972,0.5
20262,1.0,2886,2026-01-21T01:00,SIN_DEMANDA,0,,,,,,,0,0,0,365,1945,955.9397260273972,0.5
20262,1.0,2887,2026-01-21T01:10,SIN_DEMANDA,0,,,,,,,0,0,0,365,1945,955.9397260273972,0.5
20262,1.0,2888,2026-01-21T01:20,SIN_DEMANDA,0,,,,,,,0,0,0,366,1951,954.7390710382514,0.5
20262,1.0,2889,2026-01-21T01:30,SIN_DEMANDA,0,,,,,,,0,0,0,366,1951,954.7390710382514,0.5
20262,1.0,2890,2026-01-21T01:40,SIN_DEMANDA,0,,,,,,,0,0,0,366,1951,954.7390710382514,0.5
20262,1.0,2891,2026-01-21T01:50,SIN_DEMANDA,0,,,,,,,0,0,0,367,1958,957.5585831062671,0.5
20262,1.0,2892,2026-01-21T02:00,SIN_DEMANDA,0,,,,,,,0,0,0,367,1958,957.5585831062671,0.5
20262,1.0,2893,2026-01-21T02:10,SIN_DEMANDA,0,,,,,,,0,0,0,367,1958,957.5585831062671,0.5
20262,1.0,2894,2026-01-21T02:20,SIN_DEMANDA,0,,,,,,,0,0,0,367,1958,957.5585831062671,0.5
20262,1.0,2895,2026-01-21T02:30,SIN_DEMANDA,0,,,,,,,0,0,0,367,1958,957.5585831062671,0.5
20262,1.0,2896,2026-01-21T02:40,COMPLETA,1295.8281,645.0,645.0,100.0,270.0,1,0.375,1,0,0,367,1958,957.5585831062671,0.5
20262,1.0,2897,2026-01-21T02:50,COMPLETA,1298.7229,645.0,645.0,100.0,270.0,1,0.375,1,0,0,367,1958,957.5585831062671,0.5
20262,1.0,2898,2026-01-21T03:00,COMPLETA,1780.1109,1174.0,585.0,100.0,330.0,1,0.625,2,0,0,367,1958,957.5585831062671,0.5
20262,1.0,2899,2026-01-21T03:10,COMPLETA,2075.644,975.6666666666666,525.0,100.0,390.0,1,0.9166666666666666,3,0,0,367,1958,957.5585831062671,0.5
20262,1.0,2900,2026-01-21T03:20,COMPLETA,2289.9716,830.375,394.5,134.0,501.0,2,0.5416666666666666,4,0,1,368,1967,955.3709239130435,0.5
20262,1.0,2901,2026-01-21T03:30,COMPLETA,2088.743,975.6666666666666,525.0,100.0,390.0,1,0.9166666666666666,3,0,0,368,1967,955.3709239130435,0.5
20262,1.0,2902,2026-01-21T03:40,COMPLETA,2110.6029,975.6666666666666,525.0,100.0,390.0,1,0.9166666666666666,3,0,0,368,1967,955.3709239130435,0.5
20262,1.0,2903,2026-01-21T03:50,COMPLETA,2141.8891,975.6666666666666,525.0,100.0,390.0,1,0.9166666666666666,3,0,0,368,1967,955.3709239130435,0.5
20262,1.0,2904,2026-01-21T04:00,COMPLETA,2874.1508,1183.375,525.0,190.0,645.0,2,0.6458333333333334,4,0,0,368,1967,955.3709239130435,0.5
20262,1.0,2905,2026-01-21T04:10,COMPLETA,3052.3507,1183.375,525.0,190.0,645.0,2,0.6458333333333334,4,0,0,368,1967,955.3709239130435,0.5
20262,1.0,2906,2026-01-21T04:20,COMPLETA,2950.2193,1183.375,525.0,190.0,645.0,2,0.6458333333333334,4,0,0,368,1967,955.3709239130435,0.5
20262,1.0,2907,2026-01-21T04:30,COMPLETA,3108.1821,1183.375,525.0,190.0,645.0,2,0.6458333333333334,4,0,0,368,1967,955.3709239130435,0.5
20262,1.0,2908,2026-01-21T04:40,COMPLETA,3087.8243,1183.375,525.0,190.0,645.0,2,0.6458333333333334,4,0,0,368,1967,955.3709239130435,0.5
20262,1.0,2909,2026-01-21T04:50,COMPLETA,3057.1895,1183.375,525.0,190.0,645.0,2,0.6458333333333334,4,0,0,369,1971,953.8509485094851,0.5
20262,1.0,2910,2026-01-21T05:00,COMPLETA,2917.7765,1183.375,525.0,190.0,645.0,2,0.6458333333333334,4,0,0,369,1971,953.8509485094851,0.5
20262,1.0,2911,2026-01-21T05:10,COMPLETA,2920.6842,1183.375,525.0,190.0,645.0,2,0.6458333333333334,4,0,0,369,1971,953.8509485094851,0.5
20262,1.0,2912,2026-01-21T05:20,COMPLETA,2909.8578,1183.375,525.0,190.0,645.0,2,0.6458333333333334,4,0,0,369,1971,953.8509485094851,0.5
20262,1.0,2913,2026-01-21T05:30,COMPLETA,3005.0592,1183.375,525.0,190.0,645.0,2,0.6458333333333334,4,0,0,369,1971,953.8509485094851,0.5
20262,1.0,2914,2026-01-21T05:40,COMPLETA,2955.632,1183.375,525.0,190.0,645.0,2,0.6458333333333334,4,0,0,369,1971,953.8509485094851,0.5
20262,1.0,2915,2026-01-21T05:50,COMPLETA,3193.5712,1183.375,525.0,190.0,645.0,2,0.6458333333333334,4,0,0,369,1971,953.8509485094851,0.5
20262,1.0,2916,2026-01-21T06:00,COMPLETA,3088.8065,1183.375,525.0,190.0,645.0,2,0.6458333333333334,4,0,0,369,1971,953.8509485094851,0.5
20262,1.0,2917,2026-01-21T06:10,COMPLETA,2939.1275,1183.375,525.0,190.0,645.0,2,0.6458333333333334,4,0,0,369,1971,953.8509485094851,0.5
20262,1.0,2918,2026-01-21T06:20,COMPLETA,2930.8206,1183.375,525.0,190.0,645.0,2,0.6458333333333334,4,0,0,369,1971,953.8509485094851,0.5
20262,1.0,2919,2026-01-21T06:30,COMPLETA,3040.9259,1183.375,525.0,190.0,645.0,2,0.6458333333333334,4,0,0,369,1971,953.8509485094851,0.5
20262,1.0,2920,2026-01-21T06:40,COMPLETA,2942.8277,1183.375,525.0,190.0,645.0,2,0.6458333333333334,4,0,0,369,1971,953.8509485094851,0.5
20262,1.0,2921,2026-01-21T06:50,COMPLETA,2950.7163,1183.375,525.0,190.0,645.0,2,0.6458333333333334,4,0,0,369,1971,953.8509485094851,0.5
20262,1.0,2922,2026-01-21T07:00,COMPLETA,3096.6074,959.5,97.0,277.0,922.5,3,0.5138888888888888,5,0,3,369,1971,953.8509485094851,0.5
20262,1.0,2923,2026-01-21T07:10,SIN_DEMANDA,0,,,,,,,0,0,0,369,1971,953.8509485094851,0.5
20262,1.0,2924,2026-01-21T07:20,SIN_DEMANDA,0,,,,,,,0,0,0,369,1971,953.8509485094851,0.5
20262,1.0,2925,2026-01-21T07:30,SIN_DEMANDA,0,,,,,,,0,0,0,369,1971,953.8509485094851,0.5
20262,1.0,2926,2026-01-21T07:40,SIN_DEMANDA,0,,,,,,,0,0,0,369,1971,953.8509485094851,0.5
20262,1.0,2927,2026-01-21T07:50,SIN_DEMANDA,0,,,,,,,0,0,0,369,1971,953.8509485094851,0.5
20262,1.0,2928,2026-01-21T08:00,SIN_DEMANDA,0,,,,,,,0,0,0,369,1971,953.8509485094851,0.5
20262,1.0,2929,2026-01-21T08:10,COMPLETA,919.5051,88.5,88.5,71.0,226.5,1,0.20833333333333334,1,0,1,369,1971,953.8509485094851,0.5
20262,1.0,2930,2026-01-21T08:20,SIN_DEMANDA,0,,,,,,,0,0,0,369,1971,953.8509485094851,0.5
20262,1.0,2931,2026-01-21T08:30,SIN_DEMANDA,0,,,,,,,0,0,0,369,1971,953.8509485094851,0.5
20262,1.0,2932,2026-01-21T08:40,SIN_DEMANDA,0,,,,,,,0,0,0,369,1971,953.8509485094851,0.5
20262,1.0,2933,2026-01-21T08:50,SIN_DEMANDA,0,,,,,,,0,0,0,369,1971,953.8509485094851,0.5
20262,1.0,2934,2026-01-21T09:00,SIN_DEMANDA,0,,,,,,,0,0,0,369,1971,953.8509485094851,0.5
20262,1.0,2935,2026-01-21T09:10,SIN_DEMANDA,0,,,,,,,0,0,0,369,1971,953.8509485094851,0.5
20262,1.0,2936,2026-01-21T09:20,COMPLETA,655.4565,2069.5,2069.5,40.0,120.0,1,0.041666666666666664,1,0,1,369,1971,953.8509485094851,0.5
20262,1.0,2937,2026-01-21T09:30,SIN_DEMANDA,0,,,,,,,0,0,0,370,1977,951.5351351351351,0.5
20262,1.0,2938,2026-01-21T09:40,SIN_DEMANDA,0,,,,,,,0,0,0,370,1977,951.5351351351351,0.5
20262,1.0,2939,2026-01-21T09:50,SIN_DEMANDA,0,,,,,,,0,0,0,371,1986,953.8396226415094,0.5
20262,1.0,2940,2026-01-21T10:00,SIN_DEMANDA,0,,,,,,,0,0,0,372,1995,953.0094086021505,0.5
20262,1.0,2941,2026-01-21T10:10,COMPLETA,955.5765,721.5,721.5,6.0,129.0,1,0.3333333333333333,1,0,0,372,1995,953.0094086021505,0.5
20262,1.0,2942,2026-01-21T10:20,COMPLETA,962.2588,721.5,721.5,6.0,129.0,1,0.3333333333333333,1,0,0,372,1995,953.0094086021505,0.5
20262,1.0,2943,2026-01-21T10:30,COMPLETA,984.8032,721.5,721.5,6.0,129.0,1,0.3333333333333333,1,0,0,373,2002,952.1595174262735,0.5
20262,1.0,2944,2026-01-21T10:40,COMPLETA,985.5634,721.5,721.5,6.0,129.0,1,0.3333333333333333,1,0,0,374,2007,949.8502673796792,0.5
20262,1.0,2945,2026-01-21T10:50,COMPLETA,1003.1146,721.5,721.5,6.0,129.0,1,0.3333333333333333,1,0,0,375,2008,952.836,0.5
20262,1.0,2946,2026-01-21T11:00,COMPLETA,1455.667,676.5,631.5,32.0,228.0,2,0.1875,2,0,1,375,2008,952.836,0.5
20262,1.0,2947,2026-01-21T11:10,COMPLETA,1807.038,376.0,30.5,102.0,333.0,2,0.3125,2,0,1,375,2008,952.836,0.5
20262,1.0,2948,2026-01-21T11:20,COMPLETA,992.8192,721.5,721.5,6.0,129.0,1,0.3333333333333333,1,0,0,375,2008,952.836,0.5
20262,1.0,2949,2026-01-21T11:30,COMPLETA,1799.9109,388.25,55.0,104.0,336.0,2,0.375,2,0,1,375,2008,952.836,0.5
20262,1.0,2950,2026-01-21T11:40,COMPLETA,965.106,721.5,721.5,6.0,129.0,1,0.3333333333333333,1,0,0,375,2008,952.836,0.5
20262,1.0,2951,2026-01-21T11:50,COMPLETA,1771.9478,1250.5,721.5,77.0,295.5,1,0.5833333333333334,2,0,0,375,2008,952.836,0.5
20262,1.0,2952,2026-01-21T12:00,COMPLETA,2133.8029,1385.5,721.5,137.0,445.5,1,0.8333333333333334,3,0,0,375,2008,952.836,0.5
20262,1.0,2953,2026-01-21T12:10,COMPLETA,2725.3348,1385.5,721.5,137.0,445.5,1,0.8333333333333334,3,0,0,376,2014,954.5917553191489,0.5
20262,1.0,2954,2026-01-21T12:20,COMPLETA,2441.3664,1385.5,721.5,137.0,445.5,1,0.8333333333333334,3,0,0,377,2015,953.7347480106101,0.5
20262,1.0,2955,2026-01-21T12:30,COMPLETA,2378.7986,1385.5,721.5,137.0,445.5,1,0.8333333333333334,3,0,0,377,2015,953.7347480106101,0.5
20262,1.0,2956,2026-01-21T12:40,COMPLETA,2230.6741,1385.5,721.5,137.0,445.5,1,0.8333333333333334,3,0,0,377,2015,953.7347480106101,0.5
20262,1.0,2957,2026-01-21T12:50,COMPLETA,2164.7138,1385.5,721.5,137.0,445.5,1,0.8333333333333334,3,0,0,377,2015,953.7347480106101,0.5
20262,1.0,2958,2026-01-21T13:00,COMPLETA,2171.7785,1385.5,721.5,137.0,445.5,1,0.8333333333333334,3,0,0,377,2015,953.7347480106101,0.5
20262,1.0,2959,2026-01-21T13:10,COMPLETA,2210.6238,1437.0,721.5,180.0,570.0,2,0.4166666666666667,3,0,0,377,2015,953.7347480106101,0.5
20262,1.0,2960,2026-01-21T13:20,COMPLETA,2182.3455,1437.0,721.5,180.0,570.0,2,0.4166666666666667,3,0,0,377,2015,953.7347480106101,0.5
20262,1.0,2961,2026-01-21T13:30,COMPLETA,2199.0167,1437.0,721.5,180.0,570.0,2,0.4166666666666667,3,0,0,377,2015,953.7347480106101,0.5
20262,1.0,2962,2026-01-21T13:40,COMPLETA,2191.7989,1437.0,721.5,180.0,570.0,2,0.4166666666666667,3,0,0,377,2015,953.7347480106101,0.5
20262,1.0,2963,2026-01-21T13:50,COMPLETA,2148.9865,1437.0,721.5,180.0,570.0,2,0.4166666666666667,3,0,0,377,2015,953.7347480106101,0.5
20262,1.0,2964,2026-01-21T14:00,COMPLETA,2135.8997,1385.5,721.5,137.0,445.5,1,0.8333333333333334,3,0,0,377,2015,953.7347480106101,0.5
20262,1.0,2965,2026-01-21T14:10,COMPLETA,2231.8813,1385.5,721.5,137.0,445.5,1,0.8333333333333334,3,0,0,377,2015,953.7347480106101,0.5
20262,1.0,2966,2026-01-21T14:20,COMPLETA,2100.5002,1385.5,721.5,137.0,445.5,1,0.8333333333333334,3,0,0,377,2015,953.7347480106101,0.5
20262,1.0,2967,2026-01-21T14:30,COMPLETA,2100.1673,1385.5,721.5,137.0,445.5,1,0.8333333333333334,3,0,0,377,2015,953.7347480106101,0.5
20262,1.0,2968,2026-01-21T14:40,COMPLETA,2410.4525,1545.5,721.5,207.0,670.5,2,0.4791666666666667,4,0,0,379,2032,948.9274406332454,0.5
20262,1.0,2969,2026-01-21T14:50,COMPLETA,2377.7408,1545.5,721.5,207.0,670.5,2,0.4791666666666667,4,0,0,379,2032,948.9274406332454,0.5
20262,1.0,2970,2026-01-21T15:00,COMPLETA,2398.4446,1545.5,721.5,207.0,670.5,2,0.4791666666666667,4,0,2,379,2032,948.9274406332454,0.5
20262,1.0,2971,2026-01-21T15:10,COMPLETA,603.1466,172.5,172.5,10.0,135.0,1,0.125,1,0,1,379,2032,948.9274406332454,0.5
20262,1.0,2972,2026-01-21T15:20,SIN_DEMANDA,0,,,,,,,0,0,0,379,2032,948.9274406332454,0.5
20262,1.0,2973,2026-01-21T15:30,COMPLETA,629.9927,392.5,392.5,30.0,165.0,1,0.16666666666666666,1,0,1,379,2032,948.9274406332454,0.5
20262,1.0,2974,2026-01-21T15:40,SIN_DEMANDA,0,,,,,,,0,0,0,379,2032,948.9274406332454,0.5
20262,1.0,2975,2026-01-21T15:50,SIN_DEMANDA,0,,,,,,,0,0,0,379,2032,948.9274406332454,0.5
20262,1.0,2976,2026-01-21T16:00,SIN_DEMANDA,0,,,,,,,0,0,0,379,2032,948.9274406332454,0.5
20262,1.0,2977,2026-01-21T16:10,SIN_DEMANDA,0,,,,,,,0,0,0,380,2040,948.328947368421,0.5
20262,1.0,2978,2026-01-21T16:20,SIN_DEMANDA,0,,,,,,,0,0,0,381,2043,946.2926509186352,0.5
20262,1.0,2979,2026-01-21T16:30,SIN_DEMANDA,0,,,,,,,0,0,0,381,2043,946.2926509186352,0.5
20262,1.0,2980,2026-01-21T16:40,SIN_DEMANDA,0,,,,,,,0,0,0,381,2043,946.2926509186352,0.5
20262,1.0,2981,2026-01-21T16:50,SIN_DEMANDA,0,,,,,,,0,0,0,381,2043,946.2926509186352,0.5
20262,1.0,2982,2026-01-21T17:00,SIN_DEMANDA,0,,,,,,,0,0,0,383,2050,947.6644908616188,0.5
20262,1.0,2983,2026-01-21T17:10,SIN_DEMANDA,0,,,,,,,0,0,0,383,2050,947.6644908616188,0.5
20262,1.0,2984,2026-01-21T17:20,SIN_DEMANDA,0,,,,,,,0,0,0,383,2050,947.6644908616188,0.5
20262,1.0,2985,2026-01-21T17:30,SIN_DEMANDA,0,,,,,,,0,0,0,383,2050,947.6644908616188,0.5
20262,1.0,2986,2026-01-21T17:40,SIN_DEMANDA,0,,,,,,,0,0,0,383,2050,947.6644908616188,0.5
20262,1.0,2987,2026-01-21T17:50,SIN_DEMANDA,0,,,,,,,0,0,0,384,2056,949.8984375,0.5
20262,1.0,2988,2026-01-21T18:00,SIN_DEMANDA,0,,,,,,,0,0,0,384,2056,949.8984375,0.5
20262,1.0,2989,2026-01-21T18:10,SIN_DEMANDA,0,,,,,,,0,0,0,384,2056,949.8984375,0.5
20262,1.0,2990,2026-01-21T18:20,SIN_DEMANDA,0,,,,,,,0,0,0,384,2056,949.8984375,0.5
20262,1.0,2991,2026-01-21T18:30,SIN_DEMANDA,0,,,,,,,0,0,0,384,2056,949.8984375,0.5
20262,1.0,2992,2026-01-21T18:40,SIN_DEMANDA,0,,,,,,,0,0,0,384,2056,949.8984375,0.5
20262,1.0,2993,2026-01-21T18:50,SIN_DEMANDA,0,,,,,,,0,0,0,384,2056,949.8984375,0.5
20262,1.0,2994,2026-01-21T19:00,SIN_DEMANDA,0,,,,,,,0,0,0,384,2056,949.8984375,0.5
20262,1.0,2995,2026-01-21T19:10,SIN_DEMANDA,0,,,,,,,0,0,0,384,2056,949.8984375,0.5
20262,1.0,2996,2026-01-21T19:20,COMPLETA,914.7221,51.0,51.0,106.0,279.0,1,0.20833333333333334,1,0,0,384,2056,949.8984375,0.5
20262,1.0,2997,2026-01-21T19:30,COMPLETA,943.5743,51.0,51.0,106.0,279.0,1,0.20833333333333334,1,0,0,384,2056,949.8984375,0.5
20262,1.0,2998,2026-01-21T19:40,COMPLETA,933.267,51.0,51.0,106.0,279.0,1,0.20833333333333334,1,0,0,384,2056,949.8984375,0.5
20262,1.0,2999,2026-01-21T19:50,COMPLETA,944.8648,51.0,51.0,106.0,279.0,1,0.20833333333333334,1,0,0,384,2056,949.8984375,0.5
20262,1.0,3000,2026-01-21T20:00,COMPLETA,895.6985,51.0,51.0,106.0,279.0,1,0.20833333333333334,1,0,0,384,2056,949.8984375,0.5
20262,1.0,3001,2026-01-21T20:10,COMPLETA,920.2973,51.0,51.0,106.0,279.0,1,0.20833333333333334,1,0,0,384,2056,949.8984375,0.5
20262,1.0,3002,2026-01-21T20:20,COMPLETA,921.7919,51.0,51.0,106.0,279.0,1,0.20833333333333334,1,0,0,384,2056,949.8984375,0.5
20262,1.0,3003,2026-01-21T20:30,COMPLETA,883.6251,51.0,51.0,106.0,279.0,1,0.20833333333333334,1,0,0,384,2056,949.8984375,0.5
20262,1.0,3004,2026-01-21T20:40,COMPLETA,914.0056,51.0,51.0,106.0,279.0,1,0.20833333333333334,1,0,0,384,2056,949.8984375,0.5
20262,1.0,3005,2026-01-21T20:50,COMPLETA,909.81,51.0,51.0,106.0,279.0,1,0.20833333333333334,1,0,0,385,2062,951.6636363636363,0.5
20262,1.0,3006,2026-01-21T21:00,COMPLETA,1689.5151,945.75,51.0,210.0,555.0,2,0.2916666666666667,2,0,0,385,2062,951.6636363636363,0.5
20262,1.0,3007,2026-01-21T21:10,COMPLETA,1750.0006,945.75,51.0,210.0,555.0,2,0.2916666666666667,2,0,0,385,2062,951.6636363636363,0.5
20262,1.0,3008,2026-01-21T21:20,COMPLETA,1656.8528,945.75,51.0,210.0,555.0,2,0.2916666666666667,2,0,0,385,2062,951.6636363636363,0.5
20262,1.0,3009,2026-01-21T21:30,COMPLETA,1658.589,945.75,51.0,210.0,555.0,2,0.2916666666666667,2,0,0,385,2062,951.6636363636363,0.5
20262,1.0,3010,2026-01-21T21:40,COMPLETA,1714.3278,945.75,51.0,210.0,555.0,2,0.2916666666666667,2,0,0,385,2062,951.6636363636363,0.5
20262,1.0,3011,2026-01-21T21:50,COMPLETA,1678.3135,945.75,51.0,210.0,555.0,2,0.2916666666666667,2,0,0,385,2062,951.6636363636363,0.5
20262,1.0,3012,2026-01-21T22:00,COMPLETA,1991.1742,1402.125,51.0,336.0,924.0,3,0.3611111111111111,4,0,0,385,2062,951.6636363636363,0.5
20262,1.0,3013,2026-01-21T22:10,COMPLETA,1979.612,1402.125,51.0,336.0,924.0,3,0.3611111111111111,4,0,0,385,2062,951.6636363636363,0.5
20262,1.0,3014,2026-01-21T22:20,COMPLETA,1997.7386,1402.125,51.0,336.0,924.0,3,0.3611111111111111,4,0,0,385,2062,951.6636363636363,0.5
20262,1.0,3015,2026-01-21T22:30,COMPLETA,2009.6543,1402.125,51.0,336.0,924.0,3,0.3611111111111111,4,0,0,385,2062,951.6636363636363,0.5
20262,1.0,3016,2026-01-21T22:40,COMPLETA,2008.6107,1402.125,51.0,336.0,924.0,3,0.3611111111111111,4,0,0,385,2062,951.6636363636363,0.5
20262,1.0,3017,2026-01-21T22:50,COMPLETA,2050.3022,1402.125,51.0,336.0,924.0,3,0.3611111111111111,4,0,0,385,2062,951.6636363636363,0.5
20262,1.0,3018,2026-01-21T23:00,COMPLETA,2017.6696,1402.125,51.0,336.0,924.0,3,0.3611111111111111,4,0,3,385,2062,951.6636363636363,0.5
20262,1.0,3019,2026-01-21T23:10,SIN_DEMANDA,0,,,,,,,0,0,0,385,2062,951.6636363636363,0.5
20262,1.0,3020,2026-01-21T23:20,SIN_DEMANDA,0,,,,,,,0,0,0,385,2062,951.6636363636363,0.5
20262,1.0,3021,2026-01-21T23:30,SIN_DEMANDA,0,,,,,,,0,0,0,385,2062,951.6636363636363,0.5
20262,1.0,3022,2026-01-21T23:40,SIN_DEMANDA,0,,,,,,,0,0,0,385,2062,951.6636363636363,0.5
20262,1.0,3023,2026-01-21T23:50,SIN_DEMANDA,0,,,,,,,0,0,0,385,2062,951.6636363636363,0.5
20262,1.0,3024,2026-01-22T00:00,SIN_DEMANDA,0,,,,,,,0,0,0,385,2062,951.6636363636363,0.5
20262,1.0,3025,2026-01-22T00:10,COMPLETA,957.0624,1576.0,1576.0,102.0,273.0,1,0.2916666666666667,1,0,0,385,2062,951.6636363636363,0.5
20262,1.0,3026,2026-01-22T00:20,COMPLETA,1062.1207,1576.0,1576.0,102.0,273.0,1,0.2916666666666667,1,0,0,385,2062,951.6636363636363,0.5
20262,1.0,3027,2026-01-22T00:30,COMPLETA,1101.9091,1576.0,1576.0,102.0,273.0,1,0.2916666666666667,1,0,0,385,2062,951.6636363636363,0.5
20262,1.0,3028,2026-01-22T00:40,COMPLETA,908.7235,1576.0,1576.0,102.0,273.0,1,0.2916666666666667,1,0,0,385,2062,951.6636363636363,0.5
20262,1.0,3029,2026-01-22T00:50,COMPLETA,930.8176,1576.0,1576.0,102.0,273.0,1,0.2916666666666667,1,0,0,385,2062,951.6636363636363,0.5
20262,1.0,3030,2026-01-22T01:00,COMPLETA,1073.5944,1576.0,1576.0,102.0,273.0,1,0.2916666666666667,1,0,0,385,2062,951.6636363636363,0.5
20262,1.0,3031,2026-01-22T01:10,COMPLETA,1031.7111,1576.0,1576.0,102.0,273.0,1,0.2916666666666667,1,0,0,385,2062,951.6636363636363,0.5
20262,1.0,3032,2026-01-22T01:20,COMPLETA,933.2291,1576.0,1576.0,102.0,273.0,1,0.2916666666666667,1,0,0,385,2062,951.6636363636363,0.5
20262,1.0,3033,2026-01-22T01:30,COMPLETA,911.4714,1576.0,1576.0,102.0,273.0,1,0.2916666666666667,1,0,0,385,2062,951.6636363636363,0.5
20262,1.0,3034,2026-01-22T01:40,COMPLETA,1704.477,790.25,4.5,141.0,451.5,2,0.2708333333333333,2,0,0,385,2062,951.6636363636363,0.5
20262,1.0,3035,2026-01-22T01:50,COMPLETA,1750.1539,790.25,4.5,141.0,451.5,2,0.2708333333333333,2,0,0,385,2062,951.6636363636363,0.5
20262,1.0,3036,2026-01-22T02:00,COMPLETA,1787.925,790.25,4.5,141.0,451.5,2,0.2708333333333333,2,0,0,385,2062,951.6636363636363,0.5
20262,1.0,3037,2026-01-22T02:10,COMPLETA,1749.2587,790.25,4.5,141.0,451.5,2,0.2708333333333333,2,0,0,385,2062,951.6636363636363,0.5
20262,1.0,3038,2026-01-22T02:20,COMPLETA,1865.6717,790.25,4.5,141.0,451.5,2,0.2708333333333333,2,0,0,386,2071,953.9663212435233,0.5
20262,1.0,3039,2026-01-22T02:30,COMPLETA,2035.0559,1428.5,4.5,223.0,694.5,4,0.16666666666666666,4,0,2,388,2082,954.0463917525773,0.5
20262,1.0,3040,2026-01-22T02:40,COMPLETA,1801.8542,790.25,4.5,141.0,451.5,2,0.2708333333333333,2,0,0,388,2082,954.0463917525773,0.5
20262,1.0,3041,2026-01-22T02:50,COMPLETA,1755.9068,790.25,4.5,141.0,451.5,2,0.2708333333333333,2,0,0,388,2082,954.0463917525773,0.5
20262,1.0,3042,2026-01-22T03:00,COMPLETA,1853.7937,790.25,4.5,141.0,451.5,2,0.2708333333333333,2,0,0,388,2082,954.0463917525773,0.5
20262,1.0,3043,2026-01-22T03:10,COMPLETA,1827.4138,790.25,4.5,141.0,451.5,2,0.2708333333333333,2,0,0,388,2082,954.0463917525773,0.5
20262,1.0,3044,2026-01-22T03:20,COMPLETA,1979.3208,790.25,4.5,141.0,451.5,2,0.2708333333333333,2,0,0,388,2082,954.0463917525773,0.5
20262,1.0,3045,2026-01-22T03:30,COMPLETA,1965.832,790.25,4.5,141.0,391.5,2,0.2708333333333333,2,0,1,389,2088,956.2956298200514,0.5
20262,1.0,3046,2026-01-22T03:40,COMPLETA,1816.0291,1115.25,723.5,108.0,342.0,1,0.5833333333333334,2,0,0,389,2088,956.2956298200514,0.5
20262,1.0,3047,2026-01-22T03:50,COMPLETA,1777.0096,1115.25,723.5,108.0,342.0,1,0.5833333333333334,2,0,0,389,2088,956.2956298200514,0.5
20262,1.0,3048,2026-01-22T04:00,COMPLETA,1760.7085,1115.25,723.5,108.0,342.0,1,0.5833333333333334,2,0,0,390,2089,959.1641025641026,0.5
20262,1.0,3049,2026-01-22T04:10,COMPLETA,1762.3554,1115.25,723.5,108.0,342.0,1,0.5833333333333334,2,0,0,390,2089,959.1641025641026,0.5
20262,1.0,3050,2026-01-22T04:20,COMPLETA,2010.5282,1336.8333333333333,723.5,224.0,636.0,2,0.4166666666666667,3,0,0,391,2091,961.9757033248081,0.5
20262,1.0,3051,2026-01-22T04:30,COMPLETA,2005.8906,1336.8333333333333,723.5,224.0,636.0,2,0.4166666666666667,3,0,0,391,2091,961.9757033248081,0.5
20262,1.0,3052,2026-01-22T04:40,COMPLETA,2316.7313,1535.375,723.5,228.0,702.0,3,0.3194444444444444,4,0,1,391,2091,961.9757033248081,0.5
20262,1.0,3053,2026-01-22T04:50,COMPLETA,1989.3954,1450.1666666666667,723.5,176.0,564.0,2,0.3333333333333333,3,0,0,391,2091,961.9757033248081,0.5
20262,1.0,3054,2026-01-22T05:00,COMPLETA,2016.0819,1450.1666666666667,723.5,176.0,564.0,2,0.3333333333333333,3,0,0,391,2091,961.9757033248081,0.5
20262,1.0,3055,2026-01-22T05:10,COMPLETA,2048.6762,1450.1666666666667,723.5,176.0,564.0,2,0.3333333333333333,3,0,0,391,2091,961.9757033248081,0.5
20262,1.0,3056,2026-01-22T05:20,COMPLETA,1972.9252,1450.1666666666667,723.5,176.0,564.0,2,0.3333333333333333,3,0,0,391,2091,961.9757033248081,0.5
20262,1.0,3057,2026-01-22T05:30,COMPLETA,1989.3816,1450.1666666666667,723.5,176.0,564.0,2,0.3333333333333333,3,0,0,392,2097,959.5331632653061,0.5
20262,1.0,3058,2026-01-22T05:40,COMPLETA,1949.9795,1450.1666666666667,723.5,176.0,564.0,2,0.3333333333333333,3,0,0,392,2097,959.5331632653061,0.5
20262,1.0,3059,2026-01-22T05:50,COMPLETA,1938.9752,1450.1666666666667,723.5,176.0,564.0,2,0.3333333333333333,3,0,0,392,2097,959.5331632653061,0.5
20262,1.0,3060,2026-01-22T06:00,COMPLETA,1939.1214,1450.1666666666667,723.5,176.0,564.0,2,0.3333333333333333,3,0,0,392,2097,959.5331632653061,0.5
20262,1.0,3061,2026-01-22T06:10,COMPLETA,1945.1201,1450.1666666666667,723.5,176.0,564.0,2,0.3333333333333333,3,0,0,392,2097,959.5331632653061,0.5
20262,1.0,3062,2026-01-22T06:20,COMPLETA,1951.92,1450.1666666666667,723.5,176.0,564.0,2,0.3333333333333333,3,0,0,393,2104,961.6488549618321,0.5
20262,1.0,3063,2026-01-22T06:30,COMPLETA,1902.2705,1450.1666666666667,723.5,176.0,564.0,2,0.3333333333333333,3,0,0,393,2104,961.6488549618321,0.5
20262,1.0,3064,2026-01-22T06:40,COMPLETA,1956.7699,1450.1666666666667,723.5,176.0,564.0,2,0.3333333333333333,3,0,0,393,2104,961.6488549618321,0.5
20262,1.0,3065,2026-01-22T06:50,COMPLETA,1939.2046,1450.1666666666667,723.5,176.0,564.0,2,0.3333333333333333,3,0,0,393,2104,961.6488549618321,0.5
20262,1.0,3066,2026-01-22T07:00,COMPLETA,1883.0718,1450.1666666666667,723.5,176.0,564.0,2,0.3333333333333333,3,0,2,393,2104,961.6488549618321,0.5
20262,1.0,3067,2026-01-22T07:10,SIN_DEMANDA,0,,,,,,,0,0,0,393,2104,961.6488549618321,0.5
20262,1.0,3068,2026-01-22T07:20,SIN_DEMANDA,0,,,,,,,0,0,0,393,2104,961.6488549618321,0.5
20262,1.0,3069,2026-01-22T07:30,SIN_DEMANDA,0,,,,,,,0,0,0,393,2104,961.6488549618321,0.5
20262,1.0,3070,2026-01-22T07:40,SIN_DEMANDA,0,,,,,,,0,0,0,393,2104,961.6488549618321,0.5
20262,1.0,3071,2026-01-22T07:50,SIN_DEMANDA,0,,,,,,,0,0,0,393,2104,961.6488549618321,0.5
20262,1.0,3072,2026-01-22T08:00,SIN_DEMANDA,0,,,,,,,0,0,0,393,2104,961.6488549618321,0.5
20262,1.0,3073,2026-01-22T08:10,SIN_DEMANDA,0,,,,,,,0,0,0,393,2104,961.6488549618321,0.5
20262,1.0,3074,2026-01-22T08:20,SIN_DEMANDA,0,,,,,,,0,0,0,393,2104,961.6488549618321,0.5
20262,1.0,3075,2026-01-22T08:30,SIN_DEMANDA,0,,,,,,,0,0,0,393,2104,961.6488549618321,0.5
20262,1.0,3076,2026-01-22T08:40,COMPLETA,1333.9122,94.0,94.0,65.0,217.5,1,0.375,1,0,1,393,2104,961.6488549618321,0.5
20262,1.0,3077,2026-01-22T08:50,SIN_DEMANDA,0,,,,,,,0,0,0,394,2107,964.0482233502538,0.5
20262,1.0,3078,2026-01-22T09:00,SIN_DEMANDA,0,,,,,,,0,0,0,394,2107,964.0482233502538,0.5
20262,1.0,3079,2026-01-22T09:10,SIN_DEMANDA,0,,,,,,,0,0,0,394,2107,964.0482233502538,0.5
20262,1.0,3080,2026-01-22T09:20,SIN_DEMANDA,0,,,,,,,0,0,0,394,2107,964.0482233502538,0.5
20262,1.0,3081,2026-01-22T09:30,SIN_DEMANDA,0,,,,,,,0,0,0,395,2114,963.4392405063292,0.5
20262,1.0,3082,2026-01-22T09:40,COMPLETA,924.5568,89.5,89.5,54.0,201.0,1,0.2916666666666667,1,0,0,395,2114,963.4392405063292,0.5
20262,1.0,3083,2026-01-22T09:50,COMPLETA,934.7715,89.5,89.5,54.0,141.0,1,0.2916666666666667,1,0,0,395,2114,963.4392405063292,0.5
20262,1.0,3084,2026-01-22T10:00,COMPLETA,1376.5464,1077.0,89.5,92.0,258.0,2,0.22916666666666666,2,0,1,395,2114,963.4392405063292,0.5
20262,1.0,3085,2026-01-22T10:10,COMPLETA,940.3361,89.5,89.5,54.0,141.0,1,0.2916666666666667,1,0,0,395,2114,963.4392405063292,0.5
20262,1.0,3086,2026-01-22T10:20,COMPLETA,926.5404,89.5,89.5,54.0,141.0,1,0.2916666666666667,1,0,0,395,2114,963.4392405063292,0.5
20262,1.0,3087,2026-01-22T10:30,COMPLETA,902.8896,89.5,89.5,54.0,141.0,1,0.2916666666666667,1,0,1,395,2114,963.4392405063292,0.5
20262,1.0,3088,2026-01-22T10:40,SIN_DEMANDA,0,,,,,,,0,0,0,395,2114,963.4392405063292,0.5
20262,1.0,3089,2026-01-22T10:50,SIN_DEMANDA,0,,,,,,,0,0,0,395,2114,963.4392405063292,0.5
20262,1.0,3090,2026-01-22T11:00,COMPLETA,957.6054,1699.5,1699.5,128.0,312.0,1,0.25,1,0,0,396,2123,961.2436868686868,0.5
20262,1.0,3091,2026-01-22T11:10,COMPLETA,990.7348,1699.5,1699.5,128.0,312.0,1,0.25,1,0,0,396,2123,961.2436868686868,0.5
20262,1.0,3092,2026-01-22T11:20,COMPLETA,998.8308,1699.5,1699.5,128.0,312.0,1,0.25,1,0,0,396,2123,961.2436868686868,0.5
20262,1.0,3093,2026-01-22T11:30,COMPLETA,1007.7776,1699.5,1699.5,128.0,312.0,1,0.25,1,0,0,397,2127,964.022670025189,0.5
20262,1.0,3094,2026-01-22T11:40,COMPLETA,992.6599,1699.5,1699.5,128.0,312.0,1,0.25,1,0,0,398,2133,965.9221105527638,0.5
20262,1.0,3095,2026-01-22T11:50,COMPLETA,1469.4524,1872.0,1699.5,190.0,465.0,2,0.16666666666666666,2,0,1,398,2133,965.9221105527638,0.5
20262,1.0,3096,2026-01-22T12:00,COMPLETA,1010.9337,1699.5,1699.5,128.0,312.0,1,0.25,1,0,0,398,2133,965.9221105527638,0.5
20262,1.0,3097,2026-01-22T12:10,COMPLETA,1009.5661,1699.5,1699.5,128.0,312.0,1,0.25,1,0,0,398,2133,965.9221105527638,0.5
20262,1.0,3098,2026-01-22T12:20,COMPLETA,1038.7795,1699.5,1699.5,128.0,312.0,1,0.25,1,0,0,399,2140,963.7255639097745,0.5
20262,1.0,3099,2026-01-22T12:30,COMPLETA,976.1866,1699.5,1699.5,128.0,312.0,1,0.25,1,0,0,399,2140,963.7255639097745,0.5
20262,1.0,3100,2026-01-22T12:40,COMPLETA,986.0925,1699.5,1699.5,128.0,312.0,1,0.25,1,0,0,399,2140,963.7255639097745,0.5
20262,1.0,3101,2026-01-22T12:50,COMPLETA,968.4524,1699.5,1699.5,128.0,312.0,1,0.25,1,0,0,399,2140,963.7255639097745,0.5
20262,1.0,3102,2026-01-22T13:00,COMPLETA,992.8202,1699.5,1699.5,128.0,312.0,1,0.25,1,0,0,399,2140,963.7255639097745,0.5
20262,1.0,3103,2026-01-22T13:10,COMPLETA,1855.6827,1735.5,1633.5,132.0,378.0,1,0.5833333333333334,2,0,0,399,2140,963.7255639097745,0.5
20262,1.0,3104,2026-01-22T13:20,COMPLETA,1905.4649,1735.5,1633.5,132.0,378.0,1,0.5833333333333334,2,0,0,399,2140,963.7255639097745,0.5
20262,1.0,3105,2026-01-22T13:30,COMPLETA,1905.2904,1735.5,1633.5,132.0,378.0,1,0.5833333333333334,2,0,0,399,2140,963.7255639097745,0.5
20262,1.0,3106,2026-01-22T13:40,COMPLETA,1885.4356,1735.5,1633.5,132.0,378.0,1,0.5833333333333334,2,0,0,400,2142,966.4275,0.5
20262,1.0,3107,2026-01-22T13:50,COMPLETA,1861.3216,1735.5,1633.5,132.0,378.0,1,0.5833333333333334,2,0,0,400,2142,966.4275,0.5
20262,1.0,3108,2026-01-22T14:00,COMPLETA,2401.9333,1801.5,1699.5,260.0,690.0,2,0.4583333333333333,3,0,0,400,2142,966.4275,0.5
20262,1.0,3109,2026-01-22T14:10,COMPLETA,2618.0422,1801.5,1699.5,260.0,690.0,2,0.4583333333333333,3,0,0,400,2142,966.4275,0.5
20262,1.0,3110,2026-01-22T14:20,COMPLETA,2487.6231,1801.5,1699.5,260.0,690.0,2,0.4583333333333333,3,0,0,400,2142,966.4275,0.5
20262,1.0,3111,2026-01-22T14:30,COMPLETA,2819.4862,1825.0,1699.5,338.0,927.0,3,0.3888888888888889,4,0,0,400,2142,966.4275,0.5
20262,1.0,3112,2026-01-22T14:40,COMPLETA,2887.4148,1825.0,1699.5,338.0,927.0,3,0.3888888888888889,4,0,0,400,2142,966.4275,0.5
20262,1.0,3113,2026-01-22T14:50,COMPLETA,2739.2315,1825.0,1699.5,338.0,927.0,3,0.3888888888888889,4,0,0,400,2142,966.4275,0.5
20262,1.0,3114,2026-01-22T15:00,COMPLETA,2870.7812,1825.0,1699.5,338.0,927.0,3,0.3888888888888889,4,0,3,400,2142,966.4275,0.5
20262,1.0,3115,2026-01-22T15:10,SIN_DEMANDA,0,,,,,,,0,0,0,400,2142,966.4275,0.5
20262,1.0,3116,2026-01-22T15:20,COMPLETA,1359.0969,1486.5,1486.5,114.0,291.0,1,0.4166666666666667,1,0,0,400,2142,966.4275,0.5
20262,1.0,3117,2026-01-22T15:30,COMPLETA,1374.8644,1486.5,1486.5,114.0,291.0,1,0.4166666666666667,1,0,0,400,2142,966.4275,0.5
20262,1.0,3118,2026-01-22T15:40,COMPLETA,1357.35,1486.5,1486.5,114.0,291.0,1,0.4166666666666667,1,0,0,400,2142,966.4275,0.5
20262,1.0,3119,2026-01-22T15:50,COMPLETA,1387.434,1486.5,1486.5,114.0,291.0,1,0.4166666666666667,1,0,0,400,2142,966.4275,0.5
20262,1.0,3120,2026-01-22T16:00,COMPLETA,1350.2875,1486.5,1486.5,114.0,291.0,1,0.4166666666666667,1,0,0,400,2142,966.4275,0.5
20262,1.0,3121,2026-01-22T16:10,COMPLETA,1925.5646,833.75,181.0,158.0,477.0,2,0.3541666666666667,2,0,0,400,2142,966.4275,0.5
20262,1.0,3122,2026-01-22T16:20,COMPLETA,1805.0526,833.75,181.0,158.0,477.0,2,0.3541666666666667,2,0,0,400,2142,966.4275,0.5
20262,1.0,3123,2026-01-22T16:30,COMPLETA,1809.7659,833.75,181.0,158.0,477.0,2,0.3541666666666667,2,0,0,400,2142,966.4275,0.5
20262,1.0,3124,2026-01-22T16:40,COMPLETA,1760.6892,833.75,181.0,158.0,477.0,2,0.3541666666666667,2,0,0,400,2142,966.4275,0.5
20262,1.0,3125,2026-01-22T16:50,COMPLETA,1809.2041,833.75,181.0,158.0,477.0,2,0.3541666666666667,2,0,0,400,2142,966.4275,0.5
20262,1.0,3126,2026-01-22T17:00,COMPLETA,1790.5038,833.75,181.0,158.0,477.0,2,0.3541666666666667,2,0,0,400,2142,966.4275,0.5
20262,1.0,3127,2026-01-22T17:10,COMPLETA,1748.095,833.75,181.0,158.0,477.0,2,0.3541666666666667,2,0,0,400,2142,966.4275,0.5
20262,1.0,3128,2026-01-22T17:20,COMPLETA,1761.605,833.75,181.0,158.0,477.0,2,0.3541666666666667,2,0,0,400,2142,966.4275,0.5
20262,1.0,3129,2026-01-22T17:30,COMPLETA,1773.6003,833.75,181.0,158.0,477.0,2,0.3541666666666667,2,0,0,400,2142,966.4275,0.5
20262,1.0,3130,2026-01-22T17:40,COMPLETA,1784.1585,833.75,181.0,158.0,477.0,2,0.3541666666666667,2,0,0,400,2142,966.4275,0.5
20262,1.0,3131,2026-01-22T17:50,COMPLETA,1949.5341,833.75,181.0,158.0,477.0,2,0.3541666666666667,2,0,0,401,2150,968.8167082294265,0.5
20262,1.0,3132,2026-01-22T18:00,COMPLETA,1862.3597,833.75,181.0,158.0,477.0,2,0.3541666666666667,2,0,0,401,2150,968.8167082294265,0.5
20262,1.0,3133,2026-01-22T18:10,COMPLETA,1890.9653,833.75,181.0,158.0,477.0,2,0.3541666666666667,2,0,0,401,2150,968.8167082294265,0.5
20262,1.0,3134,2026-01-22T18:20,COMPLETA,1777.1435,833.75,181.0,158.0,477.0,2,0.3541666666666667,2,0,0,402,2156,971.1890547263681,0.5
20262,1.0,3135,2026-01-22T18:30,COMPLETA,1984.041,833.75,181.0,158.0,477.0,2,0.3541666666666667,2,0,0,402,2156,971.1890547263681,0.5
20262,1.0,3136,2026-01-22T18:40,COMPLETA,1909.6686,833.75,181.0,158.0,477.0,2,0.3541666666666667,2,0,0,403,2162,972.9962779156327,0.5
20262,1.0,3137,2026-01-22T18:50,COMPLETA,1807.895,833.75,181.0,158.0,477.0,2,0.3541666666666667,2,0,0,403,2162,972.9962779156327,0.5
20262,1.0,3138,2026-01-22T19:00,COMPLETA,2113.8469,1108.3333333333333,181.0,162.0,543.0,2,0.5416666666666666,3,0,0,403,2162,972.9962779156327,0.5
20262,1.0,3139,2026-01-22T19:10,COMPLETA,2029.2825,1108.3333333333333,181.0,162.0,543.0,2,0.5416666666666666,3,0,0,403,2162,972.9962779156327,0.5
20262,1.0,3140,2026-01-22T19:20,COMPLETA,2047.8009,1108.3333333333333,181.0,162.0,483.0,2,0.5416666666666666,3,0,0,403,2162,972.9962779156327,0.5
20262,1.0,3141,2026-01-22T19:30,COMPLETA,2090.5537,1349.75,181.0,190.0,585.0,3,0.3888888888888889,4,0,2,403,2162,972.9962779156327,0.5
20262,1.0,3142,2026-01-22T19:40,COMPLETA,1818.7936,1572.0,1420.5,118.0,357.0,1,0.7916666666666666,2,0,0,403,2162,972.9962779156327,0.5
20262,1.0,3143,2026-01-22T19:50,COMPLETA,1789.0426,1572.0,1420.5,118.0,357.0,1,0.7916666666666666,2,0,0,403,2162,972.9962779156327,0.5
20262,1.0,3144,2026-01-22T20:00,COMPLETA,1816.1563,1572.0,1420.5,118.0,357.0,1,0.7916666666666666,2,0,0,404,2170,974.9282178217821,0.5
20262,1.0,3145,2026-01-22T20:10,COMPLETA,1861.0958,1572.0,1420.5,118.0,357.0,1,0.7916666666666666,2,0,0,404,2170,974.9282178217821,0.5
20262,1.0,3146,2026-01-22T20:20,COMPLETA,1840.4197,1572.0,1420.5,118.0,357.0,1,0.7916666666666666,2,0,0,404,2170,974.9282178217821,0.5
20262,1.0,3147,2026-01-22T20:30,COMPLETA,1900.2662,1572.0,1420.5,118.0,357.0,1,0.7916666666666666,2,0,0,404,2170,974.9282178217821,0.5
20262,1.0,3148,2026-01-22T20:40,COMPLETA,1935.9625,1572.0,1420.5,118.0,357.0,1,0.7916666666666666,2,0,0,404,2170,974.9282178217821,0.5
20262,1.0,3149,2026-01-22T20:50,COMPLETA,2004.3859,1572.0,1420.5,118.0,357.0,1,0.7916666666666666,2,0,0,404,2170,974.9282178217821,0.5
20262,1.0,3150,2026-01-22T21:00,COMPLETA,2140.4128,1256.0,624.0,157.0,475.5,2,0.4583333333333333,3,0,1,405,2172,977.641975308642,0.5
20262,1.0,3151,2026-01-22T21:10,COMPLETA,1898.2134,1572.0,1420.5,118.0,357.0,1,0.7916666666666666,2,0,0,406,2179,975.679802955665,0.5
20262,1.0,3152,2026-01-22T21:20,COMPLETA,1987.0738,1572.0,1420.5,118.0,357.0,1,0.7916666666666666,2,0,0,406,2179,975.679802955665,0.5
20262,1.0,3153,2026-01-22T21:30,COMPLETA,1970.6367,1061.8333333333333,41.5,172.0,558.0,2,0.4375,3,0,0,406,2179,975.679802955665,0.5
20262,1.0,3154,2026-01-22T21:40,COMPLETA,1851.079,1061.8333333333333,41.5,172.0,558.0,2,0.4375,3,0,0,406,2179,975.679802955665,0.5
20262,1.0,3155,2026-01-22T21:50,COMPLETA,1891.223,1061.8333333333333,41.5,172.0,558.0,2,0.4375,3,0,0,406,2179,975.679802955665,0.5
20262,1.0,3156,2026-01-22T22:00,COMPLETA,1823.0988,1061.8333333333333,41.5,172.0,558.0,2,0.4375,3,0,0,406,2179,975.679802955665,0.5
20262,1.0,3157,2026-01-22T22:10,COMPLETA,1811.2814,1061.8333333333333,41.5,172.0,558.0,2,0.4375,3,0,0,406,2179,975.679802955665,0.5
20262,1.0,3158,2026-01-22T22:20,COMPLETA,1996.0873,938.0,41.5,234.0,771.0,3,0.375,4,0,0,406,2179,975.679802955665,0.5
20262,1.0,3159,2026-01-22T22:30,COMPLETA,1954.9326,938.0,41.5,234.0,771.0,3,0.375,4,0,0,406,2179,975.679802955665,0.5
20262,1.0,3160,2026-01-22T22:40,COMPLETA,1975.8655,938.0,41.5,234.0,771.0,3,0.375,4,0,0,407,2182,974.8157248157248,0.5
20262,1.0,3161,2026-01-22T22:50,COMPLETA,1968.429,938.0,41.5,234.0,771.0,3,0.375,4,0,0,407,2182,974.8157248157248,0.5
20262,1.0,3162,2026-01-22T23:00,COMPLETA,2030.9068,938.0,41.5,234.0,771.0,3,0.375,4,0,3,407,2182,974.8157248157248,0.5
20262,1.0,3163,2026-01-22T23:10,SIN_DEMANDA,0,,,,,,,0,0,0,407,2182,974.8157248157248,0.5
20262,1.0,3164,2026-01-22T23:20,COMPLETA,552.4808,643.5,643.5,22.0,153.0,1,0.16666666666666666,1,0,1,407,2182,974.8157248157248,0.5
20262,1.0,3165,2026-01-22T23:30,SIN_DEMANDA,0,,,,,,,0,0,0,407,2182,974.8157248157248,0.5
20262,1.0,3166,2026-01-22T23:40,SIN_DEMANDA,0,,,,,,,0,0,0,407,2182,974.8157248157248,0.5
20262,1.0,3167,2026-01-22T23:50,SIN_DEMANDA,0,,,,,,,0,0,0,407,2182,974.8157248157248,0.5
20262,1.0,3168,2026-01-23T00:00,SIN_DEMANDA,0,,,,,,,0,0,0,407,2182,974.8157248157248,0.5
20262,1.0,3169,2026-01-23T00:10,COMPLETA,1100.6967,1554.0,1554.0,104.0,276.0,1,0.20833333333333334,1,0,0,407,2182,974.8157248157248,0.5
20262,1.0,3170,2026-01-23T00:20,COMPLETA,1200.9231,1554.0,1554.0,104.0,276.0,1,0.20833333333333334,1,0,0,407,2182,974.8157248157248,0.5
20262,1.0,3171,2026-01-23T00:30,COMPLETA,1021.2572,1554.0,1554.0,104.0,276.0,1,0.20833333333333334,1,0,0,407,2182,974.8157248157248,0.5
20262,1.0,3172,2026-01-23T00:40,COMPLETA,1502.2954,1809.0,1554.0,143.0,454.5,2,0.16666666666666666,2,0,1,408,2186,974.0036764705883,0.5
20262,1.0,3173,2026-01-23T00:50,COMPLETA,1083.1908,1554.0,1554.0,104.0,276.0,1,0.20833333333333334,1,0,0,410,2194,970.7353658536585,0.5
20262,1.0,3174,2026-01-23T01:00,COMPLETA,1068.3289,1554.0,1554.0,104.0,276.0,1,0.20833333333333334,1,0,0,410,2194,970.7353658536585,0.5
20262,1.0,3175,2026-01-23T01:10,COMPLETA,1001.2382,1554.0,1554.0,104.0,276.0,1,0.20833333333333334,1,0,0,410,2194,970.7353658536585,0.5
20262,1.0,3176,2026-01-23T01:20,COMPLETA,1073.2637,1554.0,1554.0,104.0,276.0,1,0.20833333333333334,1,0,0,410,2194,970.7353658536585,0.5
20262,1.0,3177,2026-01-23T01:30,COMPLETA,1078.0135,1554.0,1554.0,104.0,276.0,1,0.20833333333333334,1,0,0,410,2194,970.7353658536585,0.5
20262,1.0,3178,2026-01-23T01:40,COMPLETA,1056.0929,1554.0,1554.0,104.0,276.0,1,0.20833333333333334,1,0,0,410,2194,970.7353658536585,0.5
20262,1.0,3179,2026-01-23T01:50,COMPLETA,1067.1303,1554.0,1554.0,104.0,276.0,1,0.20833333333333334,1,0,0,410,2194,970.7353658536585,0.5
20262,1.0,3180,2026-01-23T02:00,COMPLETA,1031.132,1554.0,1554.0,104.0,276.0,1,0.20833333333333334,1,0,0,410,2194,970.7353658536585,0.5
20262,1.0,3181,2026-01-23T02:10,COMPLETA,1021.286,1554.0,1554.0,104.0,276.0,1,0.20833333333333334,1,0,0,410,2194,970.7353658536585,0.5
20262,1.0,3182,2026-01-23T02:20,COMPLETA,1021.666,1554.0,1554.0,104.0,276.0,1,0.20833333333333334,1,0,0,412,2206,975.2160194174758,0.5
20262,1.0,3183,2026-01-23T02:30,COMPLETA,995.1124,1554.0,1554.0,104.0,276.0,1,0.20833333333333334,1,0,0,412,2206,975.2160194174758,0.5
20262,1.0,3184,2026-01-23T02:40,COMPLETA,1019.8625,1554.0,1554.0,104.0,276.0,1,0.20833333333333334,1,0,0,412,2206,975.2160194174758,0.5
20262,1.0,3185,2026-01-23T02:50,COMPLETA,1053.8614,1554.0,1554.0,104.0,276.0,1,0.20833333333333334,1,0,0,412,2206,975.2160194174758,0.5
20262,1.0,3186,2026-01-23T03:00,COMPLETA,1068.155,1554.0,1554.0,104.0,276.0,1,0.20833333333333334,1,0,0,412,2206,975.2160194174758,0.5
20262,1.0,3187,2026-01-23T03:10,COMPLETA,1046.3902,1554.0,1554.0,104.0,276.0,1,0.20833333333333334,1,0,0,412,2206,975.2160194174758,0.5
20262,1.0,3188,2026-01-23T03:20,COMPLETA,1038.504,1554.0,1554.0,104.0,276.0,1,0.20833333333333334,1,0,0,412,2206,975.2160194174758,0.5
20262,1.0,3189,2026-01-23T03:30,COMPLETA,1224.7739,1554.0,1554.0,104.0,276.0,1,0.20833333333333334,1,0,0,412,2206,975.2160194174758,0.5
20262,1.0,3190,2026-01-23T03:40,COMPLETA,1007.0334,1554.0,1554.0,104.0,276.0,1,0.20833333333333334,1,0,0,413,2216,976.2941888619855,0.5
20262,1.0,3191,2026-01-23T03:50,COMPLETA,1482.4448,1095.75,637.5,134.0,381.0,2,0.16666666666666666,2,0,1,413,2216,976.2941888619855,0.5
20262,1.0,3192,2026-01-23T04:00,COMPLETA,1061.5161,1554.0,1554.0,104.0,276.0,1,0.20833333333333334,1,0,0,413,2216,976.2941888619855,0.5
20262,1.0,3193,2026-01-23T04:10,COMPLETA,1054.3444,1554.0,1554.0,104.0,276.0,1,0.20833333333333334,1,0,0,413,2216,976.2941888619855,0.5
20262,1.0,3194,2026-01-23T04:20,COMPLETA,1104.2058,1554.0,1554.0,104.0,276.0,1,0.20833333333333334,1,0,0,413,2216,976.2941888619855,0.5
20262,1.0,3195,2026-01-23T04:30,COMPLETA,1939.0665,1667.25,1485.0,110.0,345.0,1,0.4166666666666667,2,0,0,413,2216,976.2941888619855,0.5
20262,1.0,3196,2026-01-23T04:40,COMPLETA,1962.3121,1667.25,1485.0,110.0,345.0,1,0.4166666666666667,2,0,0,413,2216,976.2941888619855,0.5
20262,1.0,3197,2026-01-23T04:50,COMPLETA,1951.106,1667.25,1485.0,110.0,345.0,1,0.4166666666666667,2,0,0,413,2216,976.2941888619855,0.5
20262,1.0,3198,2026-01-23T05:00,COMPLETA,1927.0281,1667.25,1485.0,110.0,345.0,1,0.4166666666666667,2,0,0,413,2216,976.2941888619855,0.5
20262,1.0,3199,2026-01-23T05:10,COMPLETA,2235.1804,1262.6666666666667,453.5,185.0,577.5,2,0.3958333333333333,3,0,0,413,2216,976.2941888619855,0.5
20262,1.0,3200,2026-01-23T05:20,COMPLETA,2274.9111,1262.6666666666667,453.5,185.0,577.5,2,0.3958333333333333,3,0,0,414,2219,975.475845410628,0.5
20262,1.0,3201,2026-01-23T05:30,COMPLETA,2244.902,1262.6666666666667,453.5,185.0,577.5,2,0.3958333333333333,3,0,0,414,2219,975.475845410628,0.5
20262,1.0,3202,2026-01-23T05:40,COMPLETA,2274.5659,1262.6666666666667,453.5,185.0,577.5,2,0.3958333333333333,3,0,0,414,2219,975.475845410628,0.5
20262,1.0,3203,2026-01-23T05:50,COMPLETA,2251.1457,1262.6666666666667,453.5,185.0,577.5,2,0.3958333333333333,3,0,0,414,2219,975.475845410628,0.5
20262,1.0,3204,2026-01-23T06:00,COMPLETA,2178.4752,1262.6666666666667,453.5,185.0,577.5,2,0.3958333333333333,3,0,0,414,2219,975.475845410628,0.5
20262,1.0,3205,2026-01-23T06:10,COMPLETA,2243.8609,1262.6666666666667,453.5,185.0,577.5,2,0.3958333333333333,3,0,0,414,2219,975.475845410628,0.5
20262,1.0,3206,2026-01-23T06:20,COMPLETA,2211.5136,1262.6666666666667,453.5,185.0,577.5,2,0.3958333333333333,3,0,0,414,2219,975.475845410628,0.5
20262,1.0,3207,2026-01-23T06:30,COMPLETA,2200.0567,1262.6666666666667,453.5,185.0,577.5,2,0.3958333333333333,3,0,0,414,2219,975.475845410628,0.5
20262,1.0,3208,2026-01-23T06:40,COMPLETA,2206.9328,1262.6666666666667,453.5,185.0,577.5,2,0.3958333333333333,3,0,0,414,2219,975.475845410628,0.5
20262,1.0,3209,2026-01-23T06:50,COMPLETA,2255.8434,1262.6666666666667,453.5,185.0,577.5,2,0.3958333333333333,3,0,0,414,2219,975.475845410628,0.5
20262,1.0,3210,2026-01-23T07:00,COMPLETA,2205.1065,1262.6666666666667,453.5,185.0,577.5,2,0.3958333333333333,3,0,2,414,2219,975.475845410628,0.5
20262,1.0,3211,2026-01-23T07:10,SIN_DEMANDA,0,,,,,,,0,0,0,414,2219,975.475845410628,0.5
20262,1.0,3212,2026-01-23T07:20,SIN_DEMANDA,0,,,,,,,0,0,0,414,2219,975.475845410628,0.5
20262,1.0,3213,2026-01-23T07:30,COMPLETA,627.9518,390.0,390.0,36.0,174.0,1,0.08333333333333333,1,0,1,414,2219,975.475845410628,0.5
20262,1.0,3214,2026-01-23T07:40,SIN_DEMANDA,0,,,,,,,0,0,0,414,2219,975.475845410628,0.5
20262,1.0,3215,2026-01-23T07:50,SIN_DEMANDA,0,,,,,,,0,0,0,414,2219,975.475845410628,0.5
20262,1.0,3216,2026-01-23T08:00,SIN_DEMANDA,0,,,,,,,0,0,0,414,2219,975.475845410628,0.5
20262,1.0,3217,2026-01-23T08:10,SIN_DEMANDA,0,,,,,,,0,0,0,414,2219,975.475845410628,0.5
20262,1.0,3218,2026-01-23T08:20,COMPLETA,1066.1133,1557.5,1557.5,130.0,315.0,1,0.3333333333333333,1,0,0,414,2219,975.475845410628,0.5
20262,1.0,3219,2026-01-23T08:30,COMPLETA,1062.5949,1557.5,1557.5,130.0,315.0,1,0.3333333333333333,1,0,0,414,2219,975.475845410628,0.5
20262,1.0,3220,2026-01-23T08:40,COMPLETA,1085.3311,1557.5,1557.5,130.0,315.0,1,0.3333333333333333,1,0,0,414,2219,975.475845410628,0.5
20262,1.0,3221,2026-01-23T08:50,COMPLETA,1093.5542,1557.5,1557.5,130.0,315.0,1,0.3333333333333333,1,0,0,414,2219,975.475845410628,0.5
20262,1.0,3222,2026-01-23T09:00,COMPLETA,1047.0382,1557.5,1557.5,130.0,315.0,1,0.3333333333333333,1,0,0,415,2221,974.0650602409638,0.5
20262,1.0,3223,2026-01-23T09:10,COMPLETA,1064.8123,1557.5,1557.5,130.0,315.0,1,0.3333333333333333,1,0,0,415,2221,974.0650602409638,0.5
20262,1.0,3224,2026-01-23T09:20,COMPLETA,1188.5649,1557.5,1557.5,130.0,315.0,1,0.3333333333333333,1,0,0,415,2221,974.0650602409638,0.5
20262,1.0,3225,2026-01-23T09:30,COMPLETA,1059.6102,1557.5,1557.5,130.0,315.0,1,0.3333333333333333,1,0,0,416,2230,972.8137019230769,0.5
20262,1.0,3226,2026-01-23T09:40,COMPLETA,1036.4225,1557.5,1557.5,130.0,315.0,1,0.3333333333333333,1,0,0,416,2230,972.8137019230769,0.5
20262,1.0,3227,2026-01-23T09:50,COMPLETA,1926.5348,1020.25,606.0,172.0,438.0,1,0.6666666666666666,2,0,0,417,2235,974.916067146283,0.5
20262,1.0,3228,2026-01-23T10:00,COMPLETA,1895.9672,1020.25,606.0,172.0,438.0,1,0.6666666666666666,2,0,0,417,2235,974.916067146283,0.5
20262,1.0,3229,2026-01-23T10:10,COMPLETA,2190.0058,768.625,397.0,228.0,642.0,3,0.3194444444444444,4,0,2,417,2235,974.916067146283,0.5
20262,1.0,3230,2026-01-23T10:20,COMPLETA,1966.4868,1020.25,606.0,172.0,438.0,1,0.6666666666666666,2,0,0,417,2235,974.916067146283,0.5
20262,1.0,3231,2026-01-23T10:30,COMPLETA,1907.8851,1020.25,606.0,172.0,438.0,1,0.6666666666666666,2,0,0,417,2235,974.916067146283,0.5
20262,1.0,3232,2026-01-23T10:40,COMPLETA,2023.674,784.5,313.0,255.0,622.5,2,0.4791666666666667,3,0,0,417,2235,974.916067146283,0.5
20262,1.0,3233,2026-01-23T10:50,COMPLETA,2046.7695,784.5,313.0,255.0,622.5,2,0.4791666666666667,3,0,1,417,2235,974.916067146283,0.5
20262,1.0,3234,2026-01-23T11:00,COMPLETA,2119.1015,1369.0,606.0,228.0,582.0,2,0.3541666666666667,3,0,1,417,2235,974.916067146283,0.5
20262,1.0,3235,2026-01-23T11:10,COMPLETA,1920.8165,1020.25,606.0,172.0,438.0,1,0.6666666666666666,2,0,0,417,2235,974.916067146283,0.5
20262,1.0,3236,2026-01-23T11:20,COMPLETA,1873.5136,1020.25,606.0,172.0,438.0,1,0.6666666666666666,2,0,0,417,2235,974.916067146283,0.5
20262,1.0,3237,2026-01-23T11:30,COMPLETA,1893.329,1020.25,606.0,172.0,438.0,1,0.6666666666666666,2,0,0,418,2240,976.1363636363636,0.5
20262,1.0,3238,2026-01-23T11:40,COMPLETA,1995.2202,1020.25,606.0,172.0,438.0,1,0.6666666666666666,2,0,0,420,2247,973.95,0.5
20262,1.0,3239,2026-01-23T11:50,COMPLETA,1873.8963,1020.25,606.0,172.0,438.0,1,0.6666666666666666,2,0,0,420,2247,973.95,0.5
20262,1.0,3240,2026-01-23T12:00,COMPLETA,1870.8875,1020.25,606.0,172.0,438.0,1,0.6666666666666666,2,0,0,420,2247,973.95,0.5
20262,1.0,3241,2026-01-23T12:10,COMPLETA,1872.7428,1020.25,606.0,172.0,438.0,1,0.6666666666666666,2,0,0,420,2247,973.95,0.5
20262,1.0,3242,2026-01-23T12:20,COMPLETA,1870.4597,1020.25,606.0,172.0,438.0,1,0.6666666666666666,2,0,0,420,2247,973.95,0.5
20262,1.0,3243,2026-01-23T12:30,COMPLETA,1890.0653,1020.25,606.0,172.0,438.0,1,0.6666666666666666,2,0,0,421,2248,976.5451306413302,0.5
20262,1.0,3244,2026-01-23T12:40,COMPLETA,1836.2132,1020.25,606.0,172.0,438.0,1,0.6666666666666666,2,0,0,421,2248,976.5451306413302,0.5
20262,1.0,3245,2026-01-23T12:50,COMPLETA,1872.3258,1020.25,606.0,172.0,438.0,1,0.6666666666666666,2,0,0,421,2248,976.5451306413302,0.5
20262,1.0,3246,2026-01-23T13:00,COMPLETA,1887.782,1020.25,606.0,172.0,438.0,1,0.6666666666666666,2,0,0,421,2248,976.5451306413302,0.5
20262,1.0,3247,2026-01-23T13:10,COMPLETA,1849.6138,1020.25,606.0,172.0,438.0,1,0.6666666666666666,2,0,0,421,2248,976.5451306413302,0.5
20262,1.0,3248,2026-01-23T13:20,COMPLETA,1973.1188,1374.1666666666667,606.0,188.0,522.0,2,0.375,3,0,1,421,2248,976.5451306413302,0.5
20262,1.0,3249,2026-01-23T13:30,COMPLETA,1826.6997,1020.25,606.0,172.0,438.0,1,0.6666666666666666,2,0,0,422,2255,974.9727488151659,0.5
20262,1.0,3250,2026-01-23T13:40,COMPLETA,1855.6269,1020.25,606.0,172.0,438.0,1,0.6666666666666666,2,0,0,422,2255,974.9727488151659,0.5
20262,1.0,3251,2026-01-23T13:50,COMPLETA,2087.9473,1354.6666666666667,546.0,210.0,615.0,2,0.4791666666666667,3,0,0,422,2255,974.9727488151659,0.5
20262,1.0,3252,2026-01-23T14:00,COMPLETA,2184.5902,1354.6666666666667,546.0,210.0,615.0,2,0.4791666666666667,3,0,0,422,2255,974.9727488151659,0.5
20262,1.0,3253,2026-01-23T14:10,COMPLETA,2151.8671,1354.6666666666667,546.0,210.0,615.0,2,0.4791666666666667,3,0,0,422,2255,974.9727488151659,0.5
20262,1.0,3254,2026-01-23T14:20,COMPLETA,2134.3253,1354.6666666666667,546.0,210.0,615.0,2,0.4791666666666667,3,0,0,422,2255,974.9727488151659,0.5
20262,1.0,3255,2026-01-23T14:30,COMPLETA,2130.5097,1354.6666666666667,546.0,210.0,615.0,2,0.4791666666666667,3,0,0,422,2255,974.9727488151659,0.5
20262,1.0,3256,2026-01-23T14:40,COMPLETA,2280.0085,1354.6666666666667,546.0,210.0,615.0,2,0.4791666666666667,3,0,0,423,2257,977.5898345153664,0.5
20262,1.0,3257,2026-01-23T14:50,COMPLETA,2006.8208,1354.6666666666667,546.0,210.0,615.0,2,0.4791666666666667,3,0,0,423,2257,977.5898345153664,0.5
20262,1.0,3258,2026-01-23T15:00,COMPLETA,2255.8505,1037.125,84.5,285.0,847.5,3,0.4027777777777778,4,0,3,423,2257,977.5898345153664,0.5
20262,1.0,3259,2026-01-23T15:10,SIN_DEMANDA,0,,,,,,,0,0,0,423,2257,977.5898345153664,0.5
20262,1.0,3260,2026-01-23T15:20,SIN_DEMANDA,0,,,,,,,0,0,0,423,2257,977.5898345153664,0.5
20262,1.0,3261,2026-01-23T15:30,SIN_DEMANDA,0,,,,,,,0,0,0,423,2257,977.5898345153664,0.5
20262,1.0,3262,2026-01-23T15:40,SIN_DEMANDA,0,,,,,,,0,0,0,423,2257,977.5898345153664,0.5
20262,1.0,3263,2026-01-23T15:50,SIN_DEMANDA,0,,,,,,,0,0,0,423,2257,977.5898345153664,0.5
20262,1.0,3264,2026-01-23T16:00,SIN_DEMANDA,0,,,,,,,0,0,0,423,2257,977.5898345153664,0.5
20262,1.0,3265,2026-01-23T16:10,SIN_DEMANDA,0,,,,,,,0,0,0,423,2257,977.5898345153664,0.5
20262,1.0,3266,2026-01-23T16:20,SIN_DEMANDA,0,,,,,,,0,0,0,423,2257,977.5898345153664,0.5
20262,1.0,3267,2026-01-23T16:30,SIN_DEMANDA,0,,,,,,,0,0,0,423,2257,977.5898345153664,0.5
20262,1.0,3268,2026-01-23T16:40,SIN_DEMANDA,0,,,,,,,0,0,0,423,2257,977.5898345153664,0.5
20262,1.0,3269,2026-01-23T16:50,COMPLETA,938.763,191.0,191.0,32.0,168.0,1,0.3333333333333333,1,0,0,423,2257,977.5898345153664,0.5
20262,1.0,3270,2026-01-23T17:00,COMPLETA,873.634,191.0,191.0,32.0,168.0,1,0.3333333333333333,1,0,0,423,2257,977.5898345153664,0.5
20262,1.0,3271,2026-01-23T17:10,COMPLETA,1847.6697,928.75,191.0,83.0,377.5,2,0.3541666666666667,2,0,0,423,2257,977.5898345153664,0.5
20262,1.0,3272,2026-01-23T17:20,COMPLETA,1777.0341,928.75,191.0,83.0,377.5,2,0.3541666666666667,2,0,0,424,2264,979.8938679245283,0.5
20262,1.0,3273,2026-01-23T17:30,COMPLETA,2076.853,1129.1666666666667,191.0,162.0,556.0,2,0.5,3,0,0,425,2270,977.7870588235294,0.5
20262,1.0,3274,2026-01-23T17:40,COMPLETA,2207.8278,1129.1666666666667,191.0,162.0,556.0,2,0.5,3,0,0,425,2270,977.7870588235294,0.5
20262,1.0,3275,2026-01-23T17:50,COMPLETA,2077.4428,1129.1666666666667,191.0,162.0,556.0,2,0.5,3,0,0,425,2270,977.7870588235294,0.5
20262,1.0,3276,2026-01-23T18:00,COMPLETA,2157.5922,1129.1666666666667,191.0,162.0,556.0,2,0.5,3,0,0,425,2270,977.7870588235294,0.5
20262,1.0,3277,2026-01-23T18:10,COMPLETA,2385.1638,1363.0,191.0,204.0,679.0,3,0.3611111111111111,4,0,1,425,2270,977.7870588235294,0.5
20262,1.0,3278,2026-01-23T18:20,COMPLETA,2111.4138,1129.1666666666667,191.0,162.0,556.0,2,0.5,3,0,0,426,2278,979.1619718309859,0.5
20262,1.0,3279,2026-01-23T18:30,COMPLETA,2109.7404,1129.1666666666667,191.0,162.0,556.0,2,0.5,3,0,0,426,2278,979.1619718309859,0.5
20262,1.0,3280,2026-01-23T18:40,COMPLETA,2059.9044,1129.1666666666667,191.0,162.0,556.0,2,0.5,3,0,0,427,2286,978.1475409836065,0.5
20262,1.0,3281,2026-01-23T18:50,COMPLETA,2035.5137,1129.1666666666667,191.0,162.0,556.0,2,0.5,3,0,0,427,2286,978.1475409836065,0.5
20262,1.0,3282,2026-01-23T19:00,COMPLETA,1988.8956,1129.1666666666667,191.0,162.0,556.0,2,0.5,3,0,0,427,2286,978.1475409836065,0.5
20262,1.0,3283,2026-01-23T19:10,COMPLETA,2001.9483,1129.1666666666667,191.0,162.0,556.0,2,0.5,3,0,0,427,2286,978.1475409836065,0.5
20262,1.0,3284,2026-01-23T19:20,COMPLETA,2002.7833,1129.1666666666667,191.0,162.0,496.0,2,0.5,3,0,0,427,2286,978.1475409836065,0.5
20262,1.0,3285,2026-01-23T19:30,COMPLETA,1954.4068,1129.1666666666667,191.0,162.0,496.0,2,0.5,3,0,0,427,2286,978.1475409836065,0.5
20262,1.0,3286,2026-01-23T19:40,COMPLETA,2115.0758,1306.0,191.0,166.0,429.0,3,0.3333333333333333,3,0,1,427,2286,978.1475409836065,0.5
20262,1.0,3287,2026-01-23T19:50,COMPLETA,1837.3787,1022.25,191.0,83.0,244.5,2,0.3541666666666667,2,0,0,428,2288,980.6857476635514,0.5
20262,1.0,3288,2026-01-23T20:00,COMPLETA,1812.2192,1022.25,191.0,83.0,244.5,2,0.3541666666666667,2,0,2,428,2288,980.6857476635514,0.5
20262,1.0,3289,2026-01-23T20:10,SIN_DEMANDA,0,,,,,,,0,0,0,428,2288,980.6857476635514,0.5
20262,1.0,3290,2026-01-23T20:20,SIN_DEMANDA,0,,,,,,,0,0,0,428,2288,980.6857476635514,0.5
20262,1.0,3291,2026-01-23T20:30,COMPLETA,1410.9714,1121.75,182.5,111.0,346.5,2,0.16666666666666666,2,0,1,428,2288,980.6857476635514,0.5
20262,1.0,3292,2026-01-23T20:40,COMPLETA,928.5694,182.5,182.5,67.0,220.5,1,0.2916666666666667,1,0,0,428,2288,980.6857476635514,0.5
20262,1.0,3293,2026-01-23T20:50,COMPLETA,959.876,182.5,182.5,67.0,220.5,1,0.2916666666666667,1,0,0,428,2288,980.6857476635514,0.5
20262,1.0,3294,2026-01-23T21:00,COMPLETA,936.6835,182.5,182.5,67.0,220.5,1,0.2916666666666667,1,0,0,428,2288,980.6857476635514,0.5
20262,1.0,3295,2026-01-23T21:10,COMPLETA,965.1215,182.5,182.5,67.0,220.5,1,0.2916666666666667,1,0,0,428,2288,980.6857476635514,0.5
20262,1.0,3296,2026-01-23T21:20,COMPLETA,1519.9604,1081.0,182.5,93.0,379.5,2,0.20833333333333334,2,0,0,428,2288,980.6857476635514,0.5
20262,1.0,3297,2026-01-23T21:30,COMPLETA,1491.8894,1081.0,182.5,93.0,379.5,2,0.20833333333333334,2,0,0,428,2288,980.6857476635514,0.5
20262,1.0,3298,2026-01-23T21:40,COMPLETA,1476.1698,1081.0,182.5,93.0,379.5,2,0.20833333333333334,2,0,0,429,2296,978.8449883449883,0.5
20262,1.0,3299,2026-01-23T21:50,COMPLETA,1465.6086,1081.0,182.5,93.0,379.5,2,0.20833333333333334,2,0,0,429,2296,978.8449883449883,0.5
20262,1.0,3300,2026-01-23T22:00,COMPLETA,1456.276,1081.0,182.5,93.0,379.5,2,0.20833333333333334,2,0,0,429,2296,978.8449883449883,0.5
20262,1.0,3301,2026-01-23T22:10,COMPLETA,1511.901,1081.0,182.5,93.0,379.5,2,0.20833333333333334,2,0,0,430,2297,981.3616279069768,0.5
20262,1.0,3302,2026-01-23T22:20,COMPLETA,1447.0989,1081.0,182.5,93.0,379.5,2,0.20833333333333334,2,0,0,432,2313,985.4456018518518,0.5
20262,1.0,3303,2026-01-23T22:30,COMPLETA,1849.716,922.5,182.5,119.0,538.5,3,0.16666666666666666,3,0,0,432,2313,985.4456018518518,0.5
20262,1.0,3304,2026-01-23T22:40,COMPLETA,1832.6688,922.5,182.5,119.0,538.5,3,0.16666666666666666,3,0,0,432,2313,985.4456018518518,0.5
20262,1.0,3305,2026-01-23T22:50,COMPLETA,1882.3654,922.5,182.5,119.0,538.5,3,0.16666666666666666,3,0,0,432,2313,985.4456018518518,0.5
20262,1.0,3306,2026-01-23T23:00,COMPLETA,1844.1374,922.5,182.5,119.0,538.5,3,0.16666666666666666,3,0,3,432,2313,985.4456018518518,0.5
20262,1.0,3307,2026-01-23T23:10,SIN_DEMANDA,0,,,,,,,0,0,0,432,2313,985.4456018518518,0.5
20262,1.0,3308,2026-01-23T23:20,COMPLETA,1902.2211,298.5,151.0,204.0,546.0,2,0.2916666666666667,2,0,0,432,2313,985.4456018518518,0.5
20262,1.0,3309,2026-01-23T23:30,COMPLETA,1906.4482,298.5,151.0,204.0,546.0,2,0.2916666666666667,2,0,0,432,2313,985.4456018518518,0.5
20262,1.0,3310,2026-01-23T23:40,COMPLETA,1885.9449,298.5,151.0,204.0,546.0,2,0.2916666666666667,2,0,0,432,2313,985.4456018518518,0.5
20262,1.0,3311,2026-01-23T23:50,COMPLETA,1876.1288,298.5,151.0,204.0,546.0,2,0.2916666666666667,2,0,0,432,2313,985.4456018518518,0.5
20262,1.0,3312,2026-01-24T00:00,COMPLETA,1799.7829,298.5,151.0,204.0,546.0,2,0.2916666666666667,2,0,0,432,2313,985.4456018518518,0.5
20262,1.0,3313,2026-01-24T00:10,COMPLETA,1828.2847,298.5,151.0,204.0,546.0,2,0.2916666666666667,2,0,0,432,2313,985.4456018518518,0.5
20262,1.0,3314,2026-01-24T00:20,COMPLETA,1843.6114,298.5,151.0,204.0,546.0,2,0.2916666666666667,2,0,0,434,2318,986.860599078341,0.5
20262,1.0,3315,2026-01-24T00:30,COMPLETA,1868.8061,298.5,151.0,204.0,546.0,2,0.2916666666666667,2,0,0,434,2318,986.860599078341,0.5
20262,1.0,3316,2026-01-24T00:40,COMPLETA,1853.0256,298.5,151.0,204.0,546.0,2,0.2916666666666667,2,0,0,434,2318,986.860599078341,0.5
20262,1.0,3317,2026-01-24T00:50,COMPLETA,1907.1899,298.5,151.0,204.0,546.0,2,0.2916666666666667,2,0,0,434,2318,986.860599078341,0.5
20262,1.0,3318,2026-01-24T01:00,COMPLETA,1951.6314,298.5,151.0,204.0,546.0,2,0.2916666666666667,2,0,0,434,2318,986.860599078341,0.5
20262,1.0,3319,2026-01-24T01:10,COMPLETA,1926.5851,298.5,151.0,204.0,546.0,2,0.2916666666666667,2,0,0,434,2318,986.860599078341,0.5
20262,1.0,3320,2026-01-24T01:20,COMPLETA,1882.51,298.5,151.0,204.0,486.0,2,0.2916666666666667,2,0,0,435,2325,985.0114942528736,0.5
20262,1.0,3321,2026-01-24T01:30,COMPLETA,2015.8991,298.5,151.0,204.0,486.0,2,0.2916666666666667,2,0,1,435,2325,985.0114942528736,0.5
20262,1.0,3322,2026-01-24T01:40,COMPLETA,1701.5853,446.0,446.0,94.0,261.0,1,0.375,1,0,0,435,2325,985.0114942528736,0.5
20262,1.0,3323,2026-01-24T01:50,COMPLETA,1520.8404,446.0,446.0,94.0,261.0,1,0.375,1,0,0,435,2325,985.0114942528736,0.5
20262,1.0,3324,2026-01-24T02:00,COMPLETA,1521.2027,446.0,446.0,94.0,261.0,1,0.375,1,0,0,435,2325,985.0114942528736,0.5
20262,1.0,3325,2026-01-24T02:10,COMPLETA,1439.3405,446.0,446.0,94.0,261.0,1,0.375,1,0,0,435,2325,985.0114942528736,0.5
20262,1.0,3326,2026-01-24T02:20,COMPLETA,1433.1647,702.5,702.5,96.0,204.0,1,0.375,1,0,0,435,2325,985.0114942528736,0.5
20262,1.0,3327,2026-01-24T02:30,COMPLETA,1439.1464,702.5,702.5,96.0,204.0,1,0.375,1,0,0,435,2325,985.0114942528736,0.5
20262,1.0,3328,2026-01-24T02:40,COMPLETA,1409.705,702.5,702.5,96.0,204.0,1,0.375,1,0,1,435,2325,985.0114942528736,0.5
20262,1.0,3329,2026-01-24T02:50,SIN_DEMANDA,0,,,,,,,0,0,0,435,2325,985.0114942528736,0.5
20262,1.0,3330,2026-01-24T03:00,SIN_DEMANDA,0,,,,,,,0,0,0,435,2325,985.0114942528736,0.5
20262,1.0,3331,2026-01-24T03:10,SIN_DEMANDA,0,,,,,,,0,0,0,435,2325,985.0114942528736,0.5
20262,1.0,3332,2026-01-24T03:20,COMPLETA,636.8916,2068.0,2068.0,32.0,108.0,1,0.041666666666666664,1,0,1,435,2325,985.0114942528736,0.5
20262,1.0,3333,2026-01-24T03:30,COMPLETA,987.3336,285.0,285.0,122.0,303.0,1,0.2916666666666667,1,0,0,435,2325,985.0114942528736,0.5
20262,1.0,3334,2026-01-24T03:40,COMPLETA,965.1465,285.0,285.0,122.0,303.0,1,0.2916666666666667,1,0,0,435,2325,985.0114942528736,0.5
20262,1.0,3335,2026-01-24T03:50,COMPLETA,969.306,285.0,285.0,122.0,303.0,1,0.2916666666666667,1,0,0,435,2325,985.0114942528736,0.5
20262,1.0,3336,2026-01-24T04:00,COMPLETA,944.5009,285.0,285.0,122.0,303.0,1,0.2916666666666667,1,0,0,435,2325,985.0114942528736,0.5
20262,1.0,3337,2026-01-24T04:10,COMPLETA,979.6282,285.0,285.0,122.0,303.0,1,0.2916666666666667,1,0,0,435,2325,985.0114942528736,0.5
20262,1.0,3338,2026-01-24T04:20,COMPLETA,995.1238,285.0,285.0,122.0,303.0,1,0.2916666666666667,1,0,0,435,2325,985.0114942528736,0.5
20262,1.0,3339,2026-01-24T04:30,COMPLETA,1051.17,285.0,285.0,122.0,303.0,1,0.2916666666666667,1,0,0,435,2325,985.0114942528736,0.5
20262,1.0,3340,2026-01-24T04:40,COMPLETA,1027.8201,285.0,285.0,122.0,303.0,1,0.2916666666666667,1,0,0,435,2325,985.0114942528736,0.5
20262,1.0,3341,2026-01-24T04:50,COMPLETA,1130.6665,285.0,285.0,122.0,303.0,1,0.2916666666666667,1,0,0,437,2331,985.5812356979405,0.5
20262,1.0,3342,2026-01-24T05:00,COMPLETA,1079.1515,285.0,285.0,122.0,303.0,1,0.2916666666666667,1,0,0,437,2331,985.5812356979405,0.5
20262,1.0,3343,2026-01-24T05:10,COMPLETA,1892.664,1048.0,210.0,132.0,378.0,1,0.5416666666666666,2,0,0,437,2331,985.5812356979405,0.5
20262,1.0,3344,2026-01-24T05:20,COMPLETA,1864.9131,1048.0,210.0,132.0,378.0,1,0.5416666666666666,2,0,0,437,2331,985.5812356979405,0.5
20262,1.0,3345,2026-01-24T05:30,COMPLETA,1905.9242,1048.0,210.0,132.0,378.0,1,0.5416666666666666,2,0,0,438,2340,984.9349315068494,0.5
20262,1.0,3346,2026-01-24T05:40,COMPLETA,1887.4952,1048.0,210.0,132.0,378.0,1,0.5416666666666666,2,0,0,438,2340,984.9349315068494,0.5
20262,1.0,3347,2026-01-24T05:50,COMPLETA,1939.4673,1048.0,210.0,132.0,378.0,1,0.5416666666666666,2,0,0,438,2340,984.9349315068494,0.5
20262,1.0,3348,2026-01-24T06:00,COMPLETA,1942.6157,1048.0,210.0,132.0,378.0,1,0.5416666666666666,2,0,0,438,2340,984.9349315068494,0.5
20262,1.0,3349,2026-01-24T06:10,COMPLETA,1782.6062,1048.0,210.0,132.0,378.0,1,0.5416666666666666,2,0,0,438,2340,984.9349315068494,0.5
20262,1.0,3350,2026-01-24T06:20,COMPLETA,1879.1074,1048.0,210.0,132.0,378.0,1,0.5416666666666666,2,0,0,438,2340,984.9349315068494,0.5
20262,1.0,3351,2026-01-24T06:30,COMPLETA,1847.3311,1048.0,210.0,132.0,378.0,1,0.5416666666666666,2,0,0,438,2340,984.9349315068494,0.5
20262,1.0,3352,2026-01-24T06:40,COMPLETA,1911.2147,782.5,210.0,268.0,702.0,2,0.375,3,0,0,438,2340,984.9349315068494,0.5
20262,1.0,3353,2026-01-24T06:50,COMPLETA,1884.4916,782.5,210.0,268.0,702.0,2,0.375,3,0,0,438,2340,984.9349315068494,0.5
20262,1.0,3354,2026-01-24T07:00,COMPLETA,1912.3985,782.5,210.0,268.0,702.0,2,0.375,3,0,2,438,2340,984.9349315068494,0.5
20262,1.0,3355,2026-01-24T07:10,SIN_DEMANDA,0,,,,,,,0,0,0,438,2340,984.9349315068494,0.5
20262,1.0,3356,2026-01-24T07:20,SIN_DEMANDA,0,,,,,,,0,0,0,438,2340,984.9349315068494,0.5
20262,1.0,3357,2026-01-24T07:30,SIN_DEMANDA,0,,,,,,,0,0,0,438,2340,984.9349315068494,0.5
20262,1.0,3358,2026-01-24T07:40,COMPLETA,605.4144,1000.0,1000.0,20.0,150.0,1,0.125,1,0,1,438,2340,984.9349315068494,0.5
20262,1.0,3359,2026-01-24T07:50,SIN_DEMANDA,0,,,,,,,0,0,0,438,2340,984.9349315068494,0.5
20262,1.0,3360,2026-01-24T08:00,SIN_DEMANDA,0,,,,,,,0,0,0,438,2340,984.9349315068494,0.5
20262,1.0,3361,2026-01-24T08:10,COMPLETA,622.5437,416.0,416.0,4.0,126.0,1,0.16666666666666666,1,0,1,438,2340,984.9349315068494,0.5
20262,1.0,3362,2026-01-24T08:20,SIN_DEMANDA,0,,,,,,,0,0,0,438,2340,984.9349315068494,0.5
20262,1.0,3363,2026-01-24T08:30,SIN_DEMANDA,0,,,,,,,0,0,0,438,2340,984.9349315068494,0.5
20262,1.0,3364,2026-01-24T08:40,SIN_DEMANDA,0,,,,,,,0,0,0,438,2340,984.9349315068494,0.5
20262,1.0,3365,2026-01-24T08:50,SIN_DEMANDA,0,,,,,,,0,0,0,438,2340,984.9349315068494,0.5
20262,1.0,3366,2026-01-24T09:00,SIN_DEMANDA,0,,,,,,,0,0,0,439,2343,984.9692482915717,0.5
20262,1.0,3367,2026-01-24T09:10,SIN_DEMANDA,0,,,,,,,0,0,0,439,2343,984.9692482915717,0.5
20262,1.0,3368,2026-01-24T09:20,SIN_DEMANDA,0,,,,,,,0,0,0,440,2347,983.6761363636364,0.5
20262,1.0,3369,2026-01-24T09:30,COMPLETA,1020.8284,1616.5,1616.5,112.0,288.0,1,0.3333333333333333,1,0,0,440,2347,983.6761363636364,0.5
20262,1.0,3370,2026-01-24T09:40,COMPLETA,1115.1404,1616.5,1616.5,112.0,288.0,1,0.3333333333333333,1,0,0,441,2353,985.7222222222222,0.5
20262,1.0,3371,2026-01-24T09:50,COMPLETA,1542.6534,1834.75,1616.5,172.0,438.0,2,0.22916666666666666,2,0,1,441,2353,985.7222222222222,0.5
20262,1.0,3372,2026-01-24T10:00,COMPLETA,1874.8568,1100.5,644.5,112.0,348.0,1,0.75,2,0,0,441,2353,985.7222222222222,0.5
20262,1.0,3373,2026-01-24T10:10,COMPLETA,1882.1459,1100.5,644.5,112.0,348.0,1,0.75,2,0,0,441,2353,985.7222222222222,0.5
20262,1.0,3374,2026-01-24T10:20,COMPLETA,1882.242,1100.5,644.5,112.0,348.0,1,0.75,2,0,0,441,2353,985.7222222222222,0.5
20262,1.0,3375,2026-01-24T10:30,COMPLETA,1895.8773,1100.5,644.5,112.0,348.0,1,0.75,2,0,0,442,2358,984.0610859728507,0.5
20262,1.0,3376,2026-01-24T10:40,COMPLETA,1760.165,1100.5,644.5,112.0,348.0,1,0.75,2,0,0,442,2358,984.0610859728507,0.5
20262,1.0,3377,2026-01-24T10:50,COMPLETA,1812.3766,1100.5,644.5,112.0,348.0,1,0.75,2,0,0,442,2358,984.0610859728507,0.5
20262,1.0,3378,2026-01-24T11:00,COMPLETA,1878.6314,1100.5,644.5,112.0,348.0,1,0.75,2,0,0,442,2358,984.0610859728507,0.5
20262,1.0,3379,2026-01-24T11:10,COMPLETA,2448.6723,991.25,31.0,362.0,963.0,3,0.4722222222222222,4,0,0,442,2358,984.0610859728507,0.5
20262,1.0,3380,2026-01-24T11:20,COMPLETA,3421.5706,1188.357142857143,314.0,404.0,1146.0,5,0.4,7,0,2,442,2358,984.0610859728507,0.5
20262,1.0,3381,2026-01-24T11:30,COMPLETA,2679.8949,1152.0,31.0,435.0,1192.5,4,0.40625,5,0,0,442,2358,984.0610859728507,0.5
20262,1.0,3382,2026-01-24T11:40,COMPLETA,2722.3955,1152.0,31.0,435.0,1192.5,4,0.40625,5,0,0,443,2361,986.4740406320542,0.5
20262,1.0,3383,2026-01-24T11:50,COMPLETA,2684.4793,1152.0,31.0,435.0,1192.5,4,0.40625,5,0,0,443,2361,986.4740406320542,0.5
20262,1.0,3384,2026-01-24T12:00,COMPLETA,2976.8164,1036.75,31.0,504.0,1356.0,5,0.3416666666666667,6,0,1,444,2368,984.7252252252252,0.5
20262,1.0,3385,2026-01-24T12:10,COMPLETA,2722.978,1152.0,31.0,435.0,1192.5,4,0.40625,5,0,0,444,2368,984.7252252252252,0.5
20262,1.0,3386,2026-01-24T12:20,COMPLETA,2863.207,1018.0833333333334,25.0,482.0,1323.0,5,0.3333333333333333,6,0,1,444,2368,984.7252252252252,0.5
20262,1.0,3387,2026-01-24T12:30,COMPLETA,3307.9774,1260.9166666666667,25.0,488.0,1272.0,4,0.5104166666666666,6,0,1,444,2368,984.7252252252252,0.5
20262,1.0,3388,2026-01-24T12:40,COMPLETA,2930.4731,993.6666666666666,130.0,365.0,1207.5,5,0.4,6,0,0,444,2368,984.7252252252252,0.5
20262,1.0,3389,2026-01-24T12:50,COMPLETA,3031.517,993.6666666666666,130.0,365.0,1207.5,5,0.4,6,0,0,445,2369,983.376404494382,0.5
20262,1.0,3390,2026-01-24T13:00,COMPLETA,3131.0613,991.25,31.0,416.0,1224.0,5,0.4,6,0,0,445,2369,983.376404494382,0.5
20262,1.0,3391,2026-01-24T13:10,COMPLETA,3798.2082,991.25,31.0,416.0,1224.0,5,0.4,6,0,1,446,2377,985.7679372197309,0.5
20262,1.0,3392,2026-01-24T13:20,COMPLETA,3189.2302,1164.0,11.5,278.0,897.0,3,0.5416666666666666,5,0,0,446,2377,985.7679372197309,0.5
20262,1.0,3393,2026-01-24T13:30,COMPLETA,3055.5159,1164.0,11.5,278.0,897.0,3,0.5416666666666666,5,0,0,446,2377,985.7679372197309,0.5
20262,1.0,3394,2026-01-24T13:40,COMPLETA,2797.8656,1164.0,11.5,278.0,897.0,3,0.5416666666666666,5,0,0,447,2379,984.4093959731543,0.5
20262,1.0,3395,2026-01-24T13:50,COMPLETA,2903.5171,1164.0,11.5,278.0,897.0,3,0.5416666666666666,5,0,0,447,2379,984.4093959731543,0.5
20262,1.0,3396,2026-01-24T14:00,COMPLETA,2754.4671,1164.0,11.5,278.0,897.0,3,0.5416666666666666,5,0,0,447,2379,984.4093959731543,0.5
20262,1.0,3397,2026-01-24T14:10,COMPLETA,2716.2612,1164.0,11.5,278.0,897.0,3,0.5416666666666666,5,0,0,447,2379,984.4093959731543,0.5
20262,1.0,3398,2026-01-24T14:20,COMPLETA,2871.1706,1164.0,11.5,278.0,897.0,3,0.5416666666666666,5,0,0,448,2380,983.0033482142857,0.5
20262,1.0,3399,2026-01-24T14:30,COMPLETA,2929.5673,1164.0,11.5,278.0,897.0,3,0.5416666666666666,5,0,0,449,2389,981.1013363028953,0.5
20262,1.0,3400,2026-01-24T14:40,COMPLETA,2831.8667,1164.0,11.5,278.0,897.0,3,0.5416666666666666,5,0,0,449,2389,981.1013363028953,0.5
20262,1.0,3401,2026-01-24T14:50,COMPLETA,2697.4397,1164.0,11.5,278.0,897.0,3,0.5416666666666666,5,0,0,450,2399,983.42,0.5
20262,1.0,3402,2026-01-24T15:00,COMPLETA,2798.4731,1164.0,11.5,278.0,897.0,3,0.5416666666666666,5,0,3,450,2399,983.42,0.5
20262,1.0,3403,2026-01-24T15:10,SIN_DEMANDA,0,,,,,,,0,0,0,450,2399,983.42,0.5
20262,1.0,3404,2026-01-24T15:20,SIN_DEMANDA,0,,,,,,,0,0,0,450,2399,983.42,0.5
20262,1.0,3405,2026-01-24T15:30,SIN_DEMANDA,0,,,,,,,0,0,0,450,2399,983.42,0.5
20262,1.0,3406,2026-01-24T15:40,SIN_DEMANDA,0,,,,,,,0,0,0,450,2399,983.42,0.5
20262,1.0,3407,2026-01-24T15:50,SIN_DEMANDA,0,,,,,,,0,0,0,450,2399,983.42,0.5
20262,1.0,3408,2026-01-24T16:00,SIN_DEMANDA,0,,,,,,,0,0,0,450,2399,983.42,0.5
20262,1.0,3409,2026-01-24T16:10,SIN_DEMANDA,0,,,,,,,0,0,0,450,2399,983.42,0.5
20262,1.0,3410,2026-01-24T16:20,SIN_DEMANDA,0,,,,,,,0,0,0,450,2399,983.42,0.5
20262,1.0,3411,2026-01-24T16:30,SIN_DEMANDA,0,,,,,,,0,0,0,450,2399,983.42,0.5
20262,1.0,3412,2026-01-24T16:40,SIN_DEMANDA,0,,,,,,,0,0,0,450,2399,983.42,0.5
20262,1.0,3413,2026-01-24T16:50,SIN_DEMANDA,0,,,,,,,0,0,0,450,2399,983.42,0.5
20262,1.0,3414,2026-01-24T17:00,SIN_DEMANDA,0,,,,,,,0,0,0,450,2399,983.42,0.5
20262,1.0,3415,2026-01-24T17:10,SIN_DEMANDA,0,,,,,,,0,0,0,451,2404,985.2527716186253,0.5
20262,1.0,3416,2026-01-24T17:20,SIN_DEMANDA,0,,,,,,,0,0,0,453,2421,986.2935982339956,0.5
20262,1.0,3417,2026-01-24T17:30,SIN_DEMANDA,0,,,,,,,0,0,0,453,2421,986.2935982339956,0.5
20262,1.0,3418,2026-01-24T17:40,SIN_DEMANDA,0,,,,,,,0,0,0,453,2421,986.2935982339956,0.5
20262,1.0,3419,2026-01-24T17:50,SIN_DEMANDA,0,,,,,,,0,0,0,453,2421,986.2935982339956,0.5
20262,1.0,3420,2026-01-24T18:00,SIN_DEMANDA,0,,,,,,,0,0,0,453,2421,986.2935982339956,0.5
20262,1.0,3421,2026-01-24T18:10,SIN_DEMANDA,0,,,,,,,0,0,0,453,2421,986.2935982339956,0.5
20262,1.0,3422,2026-01-24T18:20,SIN_DEMANDA,0,,,,,,,0,0,0,453,2421,986.2935982339956,0.5
20262,1.0,3423,2026-01-24T18:30,COMPLETA,1311.2821,93.0,93.0,67.0,160.5,1,0.4166666666666667,1,0,1,453,2421,986.2935982339956,0.5
20262,1.0,3424,2026-01-24T18:40,SIN_DEMANDA,0,,,,,,,0,0,0,453,2421,986.2935982339956,0.5
20262,1.0,3425,2026-01-24T18:50,SIN_DEMANDA,0,,,,,,,0,0,0,453,2421,986.2935982339956,0.5
20262,1.0,3426,2026-01-24T19:00,COMPLETA,677.6976,996.5,996.5,30.0,105.0,1,0.041666666666666664,1,0,1,454,2430,984.1464757709251,0.5
20262,1.0,3427,2026-01-24T19:10,SIN_DEMANDA,0,,,,,,,0,0,0,454,2430,984.1464757709251,0.5
20262,1.0,3428,2026-01-24T19:20,SIN_DEMANDA,0,,,,,,,0,0,0,454,2430,984.1464757709251,0.5
20262,1.0,3429,2026-01-24T19:30,SIN_DEMANDA,0,,,,,,,0,0,0,455,2438,985.4043956043956,0.5
20262,1.0,3430,2026-01-24T19:40,SIN_DEMANDA,0,,,,,,,0,0,0,455,2438,985.4043956043956,0.5
20262,1.0,3431,2026-01-24T19:50,SIN_DEMANDA,0,,,,,,,0,0,0,455,2438,985.4043956043956,0.5
20262,1.0,3432,2026-01-24T20:00,SIN_DEMANDA,0,,,,,,,0,0,0,455,2438,985.4043956043956,0.5
20262,1.0,3433,2026-01-24T20:10,SIN_DEMANDA,0,,,,,,,0,0,0,455,2438,985.4043956043956,0.5
20262,1.0,3434,2026-01-24T20:20,COMPLETA,1024.7042,1838.5,1838.5,95.0,262.5,1,0.3333333333333333,1,0,0,455,2438,985.4043956043956,0.5
20262,1.0,3435,2026-01-24T20:30,COMPLETA,1041.8923,1838.5,1838.5,95.0,262.5,1,0.3333333333333333,1,0,0,456,2439,985.4287280701755,0.5
20262,1.0,3436,2026-01-24T20:40,COMPLETA,1008.8182,1838.5,1838.5,95.0,262.5,1,0.3333333333333333,1,0,0,456,2439,985.4287280701755,0.5
20262,1.0,3437,2026-01-24T20:50,COMPLETA,1004.8122,1838.5,1838.5,95.0,262.5,1,0.3333333333333333,1,0,0,456,2439,985.4287280701755,0.5
20262,1.0,3438,2026-01-24T21:00,COMPLETA,992.2015,1838.5,1838.5,95.0,262.5,1,0.3333333333333333,1,0,0,457,2449,983.4759299781182,0.5
20262,1.0,3439,2026-01-24T21:10,COMPLETA,996.9537,1838.5,1838.5,95.0,262.5,1,0.3333333333333333,1,0,0,457,2449,983.4759299781182,0.5
20262,1.0,3440,2026-01-24T21:20,COMPLETA,1023.8532,1838.5,1838.5,95.0,262.5,1,0.3333333333333333,1,0,0,457,2449,983.4759299781182,0.5
20262,1.0,3441,2026-01-24T21:30,COMPLETA,993.5651,1838.5,1838.5,95.0,262.5,1,0.3333333333333333,1,0,0,457,2449,983.4759299781182,0.5
20262,1.0,3442,2026-01-24T21:40,COMPLETA,1008.269,1838.5,1838.5,95.0,262.5,1,0.3333333333333333,1,0,0,457,2449,983.4759299781182,0.5
20262,1.0,3443,2026-01-24T21:50,COMPLETA,1005.6504,1838.5,1838.5,95.0,262.5,1,0.3333333333333333,1,0,0,457,2449,983.4759299781182,0.5
20262,1.0,3444,2026-01-24T22:00,COMPLETA,1004.8065,1838.5,1838.5,95.0,262.5,1,0.3333333333333333,1,0,0,457,2449,983.4759299781182,0.5
20262,1.0,3445,2026-01-24T22:10,COMPLETA,985.273,1838.5,1838.5,95.0,262.5,1,0.3333333333333333,1,0,0,457,2449,983.4759299781182,0.5
20262,1.0,3446,2026-01-24T22:20,COMPLETA,980.846,1838.5,1838.5,95.0,262.5,1,0.3333333333333333,1,0,0,457,2449,983.4759299781182,0.5
20262,1.0,3447,2026-01-24T22:30,COMPLETA,971.6037,1838.5,1838.5,95.0,262.5,1,0.3333333333333333,1,0,0,457,2449,983.4759299781182,0.5
20262,1.0,3448,2026-01-24T22:40,COMPLETA,981.8515,1838.5,1838.5,95.0,262.5,1,0.3333333333333333,1,0,0,457,2449,983.4759299781182,0.5
20262,1.0,3449,2026-01-24T22:50,COMPLETA,947.5784,1838.5,1838.5,95.0,262.5,1,0.3333333333333333,1,0,0,457,2449,983.4759299781182,0.5
20262,1.0,3450,2026-01-24T23:00,COMPLETA,1793.2684,947.0,55.5,200.0,540.0,2,0.3125,2,0,2,457,2449,983.4759299781182,0.5
20262,1.0,3451,2026-01-24T23:10,SIN_DEMANDA,0,,,,,,,0,0,0,457,2449,983.4759299781182,0.5
20262,1.0,3452,2026-01-24T23:20,SIN_DEMANDA,0,,,,,,,0,0,0,457,2449,983.4759299781182,0.5
20262,1.0,3453,2026-01-24T23:30,SIN_DEMANDA,0,,,,,,,0,0,0,457,2449,983.4759299781182,0.5
20262,1.0,3454,2026-01-24T23:40,COMPLETA,596.8145,403.5,403.5,14.0,141.0,1,0.08333333333333333,1,0,1,457,2449,983.4759299781182,0.5
20262,1.0,3455,2026-01-24T23:50,SIN_DEMANDA,0,,,,,,,0,0,0,457,2449,983.4759299781182,0.5
20262,1.0,3456,2026-01-25T00:00,SIN_DEMANDA,0,,,,,,,0,0,0,457,2449,983.4759299781182,0.5
20262,1.0,3457,2026-01-25T00:10,SIN_DEMANDA,0,,,,,,,0,0,0,457,2449,983.4759299781182,0.5
20262,1.0,3458,2026-01-25T00:20,COMPLETA,750.9138,634.5,634.5,34.0,171.0,1,0.16666666666666666,1,0,1,457,2449,983.4759299781182,0.5
20262,1.0,3459,2026-01-25T00:30,SIN_DEMANDA,0,,,,,,,0,0,0,457,2449,983.4759299781182,0.5
20262,1.0,3460,2026-01-25T00:40,SIN_DEMANDA,0,,,,,,,0,0,0,457,2449,983.4759299781182,0.5
20262,1.0,3461,2026-01-25T00:50,SIN_DEMANDA,0,,,,,,,0,0,0,457,2449,983.4759299781182,0.5
20262,1.0,3462,2026-01-25T01:00,SIN_DEMANDA,0,,,,,,,0,0,0,458,2451,982.2096069868995,0.5
20262,1.0,3463,2026-01-25T01:10,SIN_DEMANDA,0,,,,,,,0,0,0,458,2451,982.2096069868995,0.5
20262,1.0,3464,2026-01-25T01:20,SIN_DEMANDA,0,,,,,,,0,0,0,458,2451,982.2096069868995,0.5
20262,1.0,3465,2026-01-25T01:30,SIN_DEMANDA,0,,,,,,,0,0,0,458,2451,982.2096069868995,0.5
20262,1.0,3466,2026-01-25T01:40,COMPLETA,1378.1236,252.0,146.0,84.0,306.0,2,0.1875,2,0,1,458,2451,982.2096069868995,0.5
20262,1.0,3467,2026-01-25T01:50,COMPLETA,983.8997,358.0,358.0,44.0,186.0,1,0.20833333333333334,1,0,0,460,2463,983.3152173913044,0.5
20262,1.0,3468,2026-01-25T02:00,COMPLETA,974.5083,229.0,229.0,130.0,255.0,1,0.20833333333333334,1,0,1,461,2470,981.3026030368763,0.5
20262,1.0,3469,2026-01-25T02:10,SIN_DEMANDA,0,,,,,,,0,0,0,461,2470,981.3026030368763,0.5
20262,1.0,3470,2026-01-25T02:20,SIN_DEMANDA,0,,,,,,,0,0,0,461,2470,981.3026030368763,0.5
20262,1.0,3471,2026-01-25T02:30,SIN_DEMANDA,0,,,,,,,0,0,0,461,2470,981.3026030368763,0.5
20262,1.0,3472,2026-01-25T02:40,SIN_DEMANDA,0,,,,,,,0,0,0,461,2470,981.3026030368763,0.5
20262,1.0,3473,2026-01-25T02:50,COMPLETA,609.1307,999.0,999.0,16.0,84.0,1,0.08333333333333333,1,0,1,461,2470,981.3026030368763,0.5
20262,1.0,3474,2026-01-25T03:00,SIN_DEMANDA,0,,,,,,,0,0,0,461,2470,981.3026030368763,0.5
20262,1.0,3475,2026-01-25T03:10,COMPLETA,970.3729,343.0,343.0,65.0,157.5,1,0.20833333333333334,1,0,0,462,2474,979.4945887445888,0.5
20262,1.0,3476,2026-01-25T03:20,COMPLETA,1431.4616,1203.75,343.0,103.0,274.5,2,0.14583333333333334,2,0,2,462,2474,979.4945887445888,0.5
20262,1.0,3477,2026-01-25T03:30,SIN_DEMANDA,0,,,,,,,0,0,0,462,2474,979.4945887445888,0.5
20262,1.0,3478,2026-01-25T03:40,SIN_DEMANDA,0,,,,,,,0,0,0,462,2474,979.4945887445888,0.5
20262,1.0,3479,2026-01-25T03:50,SIN_DEMANDA,0,,,,,,,0,0,0,462,2474,979.4945887445888,0.5
20262,1.0,3480,2026-01-25T04:00,COMPLETA,965.3715,1774.5,1774.5,134.0,321.0,1,0.2916666666666667,1,0,0,462,2474,979.4945887445888,0.5
20262,1.0,3481,2026-01-25T04:10,COMPLETA,987.7534,1774.5,1774.5,134.0,321.0,1,0.2916666666666667,1,0,0,463,2476,979.536717062635,0.5
20262,1.0,3482,2026-01-25T04:20,COMPLETA,1835.7324,1021.75,377.0,166.0,429.0,1,0.7083333333333334,2,0,0,463,2476,979.536717062635,0.5
20262,1.0,3483,2026-01-25T04:30,COMPLETA,1782.1684,1021.75,377.0,166.0,429.0,1,0.7083333333333334,2,0,0,463,2476,979.536717062635,0.5
20262,1.0,3484,2026-01-25T04:40,COMPLETA,1839.3916,1021.75,377.0,166.0,429.0,1,0.7083333333333334,2,0,0,463,2476,979.536717062635,0.5
20262,1.0,3485,2026-01-25T04:50,COMPLETA,1755.1767,1021.75,377.0,166.0,429.0,1,0.7083333333333334,2,0,0,464,2478,981.875,0.5
20262,1.0,3486,2026-01-25T05:00,COMPLETA,1817.1219,1021.75,377.0,166.0,429.0,1,0.7083333333333334,2,0,0,464,2478,981.875,0.5
20262,1.0,3487,2026-01-25T05:10,COMPLETA,1838.8228,1021.75,377.0,166.0,429.0,1,0.7083333333333334,2,0,0,464,2478,981.875,0.5
20262,1.0,3488,2026-01-25T05:20,COMPLETA,1763.3832,1021.75,377.0,166.0,429.0,1,0.7083333333333334,2,0,0,464,2478,981.875,0.5
20262,1.0,3489,2026-01-25T05:30,COMPLETA,1808.927,1021.75,377.0,166.0,429.0,1,0.7083333333333334,2,0,0,465,2483,980.5010752688172,0.5
20262,1.0,3490,2026-01-25T05:40,COMPLETA,1817.1738,1021.75,377.0,166.0,429.0,1,0.7083333333333334,2,0,0,465,2483,980.5010752688172,0.5
20262,1.0,3491,2026-01-25T05:50,COMPLETA,1771.409,1021.75,377.0,166.0,429.0,1,0.7083333333333334,2,0,0,466,2488,978.8884120171674,0.5
20262,1.0,3492,2026-01-25T06:00,COMPLETA,1800.0671,1021.75,377.0,166.0,429.0,1,0.7083333333333334,2,0,0,466,2488,978.8884120171674,0.5
20262,1.0,3493,2026-01-25T06:10,COMPLETA,1797.7618,1021.75,377.0,166.0,429.0,1,0.7083333333333334,2,0,0,466,2488,978.8884120171674,0.5
20262,1.0,3494,2026-01-25T06:20,COMPLETA,1778.0257,1021.75,377.0,166.0,429.0,1,0.7083333333333334,2,0,0,466,2488,978.8884120171674,0.5
20262,1.0,3495,2026-01-25T06:30,COMPLETA,1867.8373,988.3333333333334,377.0,229.0,643.5,2,0.5416666666666666,3,0,0,466,2488,978.8884120171674,0.5
20262,1.0,3496,2026-01-25T06:40,COMPLETA,1889.0005,988.3333333333334,377.0,229.0,643.5,2,0.5416666666666666,3,0,0,466,2488,978.8884120171674,0.5
20262,1.0,3497,2026-01-25T06:50,COMPLETA,1920.2786,988.3333333333334,377.0,229.0,643.5,2,0.5416666666666666,3,0,0,466,2488,978.8884120171674,0.5
20262,1.0,3498,2026-01-25T07:00,COMPLETA,1889.0739,988.3333333333334,377.0,229.0,643.5,2,0.5416666666666666,3,0,2,466,2488,978.8884120171674,0.5
20262,1.0,3499,2026-01-25T07:10,COMPLETA,624.1756,991.0,991.0,28.0,162.0,1,0.041666666666666664,1,0,1,466,2488,978.8884120171674,0.5
20262,1.0,3500,2026-01-25T07:20,SIN_DEMANDA,0,,,,,,,0,0,0,466,2488,978.8884120171674,0.5
20262,1.0,3501,2026-01-25T07:30,SIN_DEMANDA,0,,,,,,,0,0,0,466,2488,978.8884120171674,0.5
20262,1.0,3502,2026-01-25T07:40,SIN_DEMANDA,0,,,,,,,0,0,0,466,2488,978.8884120171674,0.5
20262,1.0,3503,2026-01-25T07:50,SIN_DEMANDA,0,,,,,,,0,0,0,466,2488,978.8884120171674,0.5
20262,1.0,3504,2026-01-25T08:00,SIN_DEMANDA,0,,,,,,,0,0,0,466,2488,978.8884120171674,0.5
20262,1.0,3505,2026-01-25T08:10,SIN_DEMANDA,0,,,,,,,0,0,0,466,2488,978.8884120171674,0.5
20262,1.0,3506,2026-01-25T08:20,SIN_DEMANDA,0,,,,,,,0,0,0,466,2488,978.8884120171674,0.5
20262,1.0,3507,2026-01-25T08:30,SIN_DEMANDA,0,,,,,,,0,0,0,466,2488,978.8884120171674,0.5
20262,1.0,3508,2026-01-25T08:40,SIN_DEMANDA,0,,,,,,,0,0,0,467,2489,978.9143468950749,0.5
20262,1.0,3509,2026-01-25T08:50,SIN_DEMANDA,0,,,,,,,0,0,0,467,2489,978.9143468950749,0.5
20262,1.0,3510,2026-01-25T09:00,SIN_DEMANDA,0,,,,,,,0,0,0,467,2489,978.9143468950749,0.5
20262,1.0,3511,2026-01-25T09:10,SIN_DEMANDA,0,,,,,,,0,0,0,468,2496,980.7777777777778,0.5
20262,1.0,3512,2026-01-25T09:20,SIN_DEMANDA,0,,,,,,,0,0,0,468,2496,980.7777777777778,0.5
20262,1.0,3513,2026-01-25T09:30,SIN_DEMANDA,0,,,,,,,0,0,0,468,2496,980.7777777777778,0.5
20262,1.0,3514,2026-01-25T09:40,SIN_DEMANDA,0,,,,,,,0,0,0,468,2496,980.7777777777778,0.5
20262,1.0,3515,2026-01-25T09:50,SIN_DEMANDA,0,,,,,,,0,0,0,468,2496,980.7777777777778,0.5
20262,1.0,3516,2026-01-25T10:00,SIN_DEMANDA,0,,,,,,,0,0,0,469,2506,979.4904051172708,0.5
20262,1.0,3517,2026-01-25T10:10,SIN_DEMANDA,0,,,,,,,0,0,0,469,2506,979.4904051172708,0.5
20262,1.0,3518,2026-01-25T10:20,COMPLETA,961.231,605.5,605.5,108.0,282.0,1,0.25,1,0,0,469,2506,979.4904051172708,0.5
20262,1.0,3519,2026-01-25T10:30,COMPLETA,942.8257,605.5,605.5,108.0,282.0,1,0.25,1,0,0,469,2506,979.4904051172708,0.5
20262,1.0,3520,2026-01-25T10:40,COMPLETA,957.4764,605.5,605.5,108.0,282.0,1,0.25,1,0,0,469,2506,979.4904051172708,0.5
20262,1.0,3521,2026-01-25T10:50,COMPLETA,1091.0741,605.5,605.5,108.0,282.0,1,0.25,1,0,0,469,2506,979.4904051172708,0.5
20262,1.0,3522,2026-01-25T11:00,COMPLETA,1780.7544,1159.75,545.5,108.0,342.0,1,0.4583333333333333,2,0,0,469,2506,979.4904051172708,0.5
20262,1.0,3523,2026-01-25T11:10,COMPLETA,1880.2362,1159.75,545.5,108.0,342.0,1,0.4583333333333333,2,0,0,469,2506,979.4904051172708,0.5
20262,1.0,3524,2026-01-25T11:20,COMPLETA,1769.928,1159.75,545.5,108.0,342.0,1,0.4583333333333333,2,0,0,469,2506,979.4904051172708,0.5
20262,1.0,3525,2026-01-25T11:30,COMPLETA,1781.039,1159.75,545.5,108.0,342.0,1,0.4583333333333333,2,0,0,469,2506,979.4904051172708,0.5
20262,1.0,3526,2026-01-25T11:40,COMPLETA,1829.0553,1159.75,545.5,108.0,342.0,1,0.4583333333333333,2,0,0,469,2506,979.4904051172708,0.5
20262,1.0,3527,2026-01-25T11:50,COMPLETA,1776.0005,1159.75,545.5,108.0,342.0,1,0.4583333333333333,2,0,0,469,2506,979.4904051172708,0.5
20262,1.0,3528,2026-01-25T12:00,COMPLETA,1952.9392,1159.75,545.5,108.0,342.0,1,0.4583333333333333,2,0,0,469,2506,979.4904051172708,0.5
20262,1.0,3529,2026-01-25T12:10,COMPLETA,1795.4516,1159.75,545.5,108.0,342.0,1,0.4583333333333333,2,0,0,469,2506,979.4904051172708,0.5
20262,1.0,3530,2026-01-25T12:20,COMPLETA,1956.4853,1159.75,545.5,108.0,342.0,1,0.4583333333333333,2,0,0,470,2515,978.9744680851064,0.5
20262,1.0,3531,2026-01-25T12:30,COMPLETA,1983.5967,899.8333333333334,380.0,160.0,480.0,2,0.25,3,0,1,470,2515,978.9744680851064,0.5
20262,1.0,3532,2026-01-25T12:40,COMPLETA,1903.8146,1159.75,545.5,108.0,342.0,1,0.4583333333333333,2,0,0,470,2515,978.9744680851064,0.5
20262,1.0,3533,2026-01-25T12:50,COMPLETA,1931.3253,1159.75,545.5,108.0,342.0,1,0.4583333333333333,2,0,0,470,2515,978.9744680851064,0.5
20262,1.0,3534,2026-01-25T13:00,COMPLETA,1830.8655,1159.75,545.5,108.0,342.0,1,0.4583333333333333,2,0,0,470,2515,978.9744680851064,0.5
20262,1.0,3535,2026-01-25T13:10,COMPLETA,1864.1737,1159.75,545.5,108.0,342.0,1,0.4583333333333333,2,0,0,470,2515,978.9744680851064,0.5
20262,1.0,3536,2026-01-25T13:20,COMPLETA,1856.1855,1159.75,545.5,108.0,342.0,1,0.4583333333333333,2,0,0,470,2515,978.9744680851064,0.5
20262,1.0,3537,2026-01-25T13:30,COMPLETA,1853.072,1159.75,545.5,108.0,342.0,1,0.4583333333333333,2,0,0,470,2515,978.9744680851064,0.5
20262,1.0,3538,2026-01-25T13:40,COMPLETA,1822.7789,1442.5,545.5,124.0,486.0,2,0.25,3,0,0,470,2515,978.9744680851064,0.5
20262,1.0,3539,2026-01-25T13:50,COMPLETA,1996.269,1205.5,509.5,197.0,715.5,3,0.2777777777777778,4,0,0,470,2515,978.9744680851064,0.5
20262,1.0,3540,2026-01-25T14:00,COMPLETA,2036.6243,1205.5,509.5,197.0,715.5,3,0.2777777777777778,4,0,0,470,2515,978.9744680851064,0.5
20262,1.0,3541,2026-01-25T14:10,COMPLETA,2041.1904,1205.5,509.5,197.0,715.5,3,0.2777777777777778,4,0,0,471,2516,977.7027600849257,0.5
20262,1.0,3542,2026-01-25T14:20,COMPLETA,2022.4408,1205.5,509.5,197.0,715.5,3,0.2777777777777778,4,0,0,471,2516,977.7027600849257,0.5
20262,1.0,3543,2026-01-25T14:30,COMPLETA,2012.7318,1205.5,509.5,197.0,715.5,3,0.2777777777777778,4,0,0,471,2516,977.7027600849257,0.5
20262,1.0,3544,2026-01-25T14:40,COMPLETA,1996.2377,1205.5,509.5,197.0,715.5,3,0.2777777777777778,4,0,0,471,2516,977.7027600849257,0.5
20262,1.0,3545,2026-01-25T14:50,COMPLETA,2069.0919,1205.5,509.5,197.0,715.5,3,0.2777777777777778,4,0,0,471,2516,977.7027600849257,0.5
20262,1.0,3546,2026-01-25T15:00,COMPLETA,1967.4509,1205.5,509.5,197.0,715.5,3,0.2777777777777778,4,0,3,471,2516,977.7027600849257,0.5
20262,1.0,3547,2026-01-25T15:10,SIN_DEMANDA,0,,,,,,,0,0,0,471,2516,977.7027600849257,0.5
20262,1.0,3548,2026-01-25T15:20,SIN_DEMANDA,0,,,,,,,0,0,0,471,2516,977.7027600849257,0.5
20262,1.0,3549,2026-01-25T15:30,COMPLETA,967.1868,155.5,155.5,87.0,250.5,1,0.25,1,0,0,471,2516,977.7027600849257,0.5
20262,1.0,3550,2026-01-25T15:40,COMPLETA,972.0568,155.5,155.5,87.0,250.5,1,0.25,1,0,0,471,2516,977.7027600849257,0.5
20262,1.0,3551,2026-01-25T15:50,COMPLETA,963.1582,155.5,155.5,87.0,250.5,1,0.25,1,0,0,471,2516,977.7027600849257,0.5
20262,1.0,3552,2026-01-25T16:00,COMPLETA,1005.2343,155.5,155.5,87.0,250.5,1,0.25,1,0,0,471,2516,977.7027600849257,0.5
20262,1.0,3553,2026-01-25T16:10,COMPLETA,952.5548,155.5,155.5,87.0,250.5,1,0.25,1,0,0,471,2516,977.7027600849257,0.5
20262,1.0,3554,2026-01-25T16:20,COMPLETA,1371.2359,1101.95,155.5,125.0,461.7,2,0.21875,2,0,1,472,2517,979.8855932203389,0.5
20262,1.0,3555,2026-01-25T16:30,COMPLETA,962.9571,155.5,155.5,87.0,250.5,1,0.25,1,0,0,472,2517,979.8855932203389,0.5
20262,1.0,3556,2026-01-25T16:40,COMPLETA,1044.8334,155.5,155.5,87.0,250.5,1,0.25,1,0,0,472,2517,979.8855932203389,0.5
20262,1.0,3557,2026-01-25T16:50,COMPLETA,1127.866,155.5,155.5,87.0,250.5,1,0.25,1,0,0,472,2517,979.8855932203389,0.5
20262,1.0,3558,2026-01-25T17:00,COMPLETA,962.215,155.5,155.5,87.0,250.5,1,0.25,1,0,0,472,2517,979.8855932203389,0.5
20262,1.0,3559,2026-01-25T17:10,COMPLETA,1037.3681,155.5,155.5,87.0,250.5,1,0.25,1,0,0,472,2517,979.8855932203389,0.5
20262,1.0,3560,2026-01-25T17:20,COMPLETA,1741.4073,888.75,155.5,189.0,523.5,2,0.2916666666666667,2,0,0,474,2530,980.587552742616,0.5
20262,1.0,3561,2026-01-25T17:30,COMPLETA,1739.4414,888.75,155.5,189.0,523.5,2,0.2916666666666667,2,0,0,474,2530,980.587552742616,0.5
20262,1.0,3562,2026-01-25T17:40,COMPLETA,1789.5432,888.75,155.5,189.0,523.5,2,0.2916666666666667,2,0,0,474,2530,980.587552742616,0.5
20262,1.0,3563,2026-01-25T17:50,COMPLETA,1778.4654,888.75,155.5,189.0,523.5,2,0.2916666666666667,2,0,0,474,2530,980.587552742616,0.5
20262,1.0,3564,2026-01-25T18:00,COMPLETA,1685.5154,888.75,155.5,189.0,523.5,2,0.2916666666666667,2,0,0,474,2530,980.587552742616,0.5
20262,1.0,3565,2026-01-25T18:10,COMPLETA,1729.2708,888.75,155.5,189.0,523.5,2,0.2916666666666667,2,0,0,475,2531,982.8355789473685,0.5
20262,1.0,3566,2026-01-25T18:20,COMPLETA,1773.6435,632.5,120.0,257.0,625.5,3,0.2222222222222222,3,0,2,475,2531,982.8355789473685,0.5
20262,1.0,3567,2026-01-25T18:30,COMPLETA,983.2209,1622.0,1622.0,102.0,273.0,1,0.3333333333333333,1,0,0,475,2531,982.8355789473685,0.5
20262,1.0,3568,2026-01-25T18:40,COMPLETA,950.9245,1622.0,1622.0,102.0,273.0,1,0.3333333333333333,1,0,0,475,2531,982.8355789473685,0.5
20262,1.0,3569,2026-01-25T18:50,COMPLETA,1812.8994,849.75,77.5,177.0,505.5,2,0.3541666666666667,2,0,0,475,2531,982.8355789473685,0.5
20262,1.0,3570,2026-01-25T19:00,COMPLETA,1775.0523,849.75,77.5,177.0,505.5,2,0.3541666666666667,2,0,0,475,2531,982.8355789473685,0.5
20262,1.0,3571,2026-01-25T19:10,COMPLETA,1729.9791,849.75,77.5,177.0,505.5,2,0.3541666666666667,2,0,0,475,2531,982.8355789473685,0.5
20262,1.0,3572,2026-01-25T19:20,COMPLETA,1857.3781,655.5,47.0,299.0,748.5,3,0.3194444444444444,3,0,1,475,2531,982.8355789473685,0.5
20262,1.0,3573,2026-01-25T19:30,COMPLETA,1878.8363,1250.3333333333333,47.0,244.0,666.0,3,0.25,3,0,1,475,2531,982.8355789473685,0.5
20262,1.0,3574,2026-01-25T19:40,COMPLETA,1769.9203,834.5,47.0,224.0,576.0,2,0.2916666666666667,2,0,0,476,2537,981.866386554622,0.5
20262,1.0,3575,2026-01-25T19:50,COMPLETA,1799.2858,834.5,47.0,224.0,576.0,2,0.2916666666666667,2,0,0,476,2537,981.866386554622,0.5
20262,1.0,3576,2026-01-25T20:00,COMPLETA,1759.633,596.6666666666666,47.0,296.0,744.0,3,0.20833333333333334,3,0,1,476,2537,981.866386554622,0.5
20262,1.0,3577,2026-01-25T20:10,COMPLETA,1820.8274,834.5,47.0,224.0,576.0,2,0.2916666666666667,2,0,0,476,2537,981.866386554622,0.5
20262,1.0,3578,2026-01-25T20:20,COMPLETA,1840.7623,834.5,47.0,224.0,576.0,2,0.2916666666666667,2,0,0,477,2539,980.0595387840672,0.5
20262,1.0,3579,2026-01-25T20:30,COMPLETA,1770.3721,834.5,47.0,224.0,576.0,2,0.2916666666666667,2,0,0,477,2539,980.0595387840672,0.5
20262,1.0,3580,2026-01-25T20:40,COMPLETA,1772.1289,834.5,47.0,224.0,576.0,2,0.2916666666666667,2,0,0,477,2539,980.0595387840672,0.5
20262,1.0,3581,2026-01-25T20:50,COMPLETA,1733.5935,834.5,47.0,224.0,576.0,2,0.2916666666666667,2,0,0,479,2549,980.6386221294364,0.5
20262,1.0,3582,2026-01-25T21:00,COMPLETA,1731.4228,834.5,47.0,224.0,576.0,2,0.2916666666666667,2,0,0,479,2549,980.6386221294364,0.5
20262,1.0,3583,2026-01-25T21:10,COMPLETA,1884.2697,834.5,47.0,224.0,576.0,2,0.2916666666666667,2,0,0,479,2549,980.6386221294364,0.5
20262,1.0,3584,2026-01-25T21:20,COMPLETA,1793.365,834.5,47.0,224.0,576.0,2,0.2916666666666667,2,0,0,479,2549,980.6386221294364,0.5
20262,1.0,3585,2026-01-25T21:30,COMPLETA,1852.286,834.5,47.0,224.0,576.0,2,0.2916666666666667,2,0,0,479,2549,980.6386221294364,0.5
20262,1.0,3586,2026-01-25T21:40,COMPLETA,1826.4913,834.5,47.0,224.0,576.0,2,0.2916666666666667,2,0,0,479,2549,980.6386221294364,0.5
20262,1.0,3587,2026-01-25T21:50,COMPLETA,1978.894,1220.6666666666667,111.5,272.0,768.0,3,0.2638888888888889,3,0,0,480,2558,979.2154166666667,0.5
20262,1.0,3588,2026-01-25T22:00,COMPLETA,2079.0097,1220.6666666666667,111.5,272.0,768.0,3,0.2638888888888889,3,0,0,481,2559,977.4311850311851,0.5
20262,1.0,3589,2026-01-25T22:10,COMPLETA,2126.9831,1220.6666666666667,111.5,272.0,768.0,3,0.2638888888888889,3,0,0,481,2559,977.4311850311851,0.5
20262,1.0,3590,2026-01-25T22:20,COMPLETA,2118.243,1220.6666666666667,111.5,272.0,768.0,3,0.2638888888888889,3,0,0,481,2559,977.4311850311851,0.5
20262,1.0,3591,2026-01-25T22:30,COMPLETA,2273.6334,1157.875,111.5,290.0,915.0,4,0.20833333333333334,4,0,0,481,2559,977.4311850311851,0.5
20262,1.0,3592,2026-01-25T22:40,COMPLETA,2683.8736,1305.5,111.5,312.0,1008.0,4,0.2604166666666667,5,0,0,481,2559,977.4311850311851,0.5
20262,1.0,3593,2026-01-25T22:50,COMPLETA,2485.48,1305.5,111.5,312.0,1008.0,4,0.2604166666666667,5,0,0,481,2559,977.4311850311851,0.5
20262,1.0,3594,2026-01-25T23:00,COMPLETA,2502.071,1305.5,111.5,312.0,1008.0,4,0.2604166666666667,5,0,4,481,2559,977.4311850311851,0.5
20262,1.0,3595,2026-01-25T23:10,SIN_DEMANDA,0,,,,,,,0,0,0,481,2559,977.4311850311851,0.5
20262,1.0,3596,2026-01-25T23:20,COMPLETA,1831.4526,873.5,171.0,87.0,370.5,2,0.22916666666666666,2,0,0,481,2559,977.4311850311851,0.5
20262,1.0,3597,2026-01-25T23:30,COMPLETA,1851.4935,873.5,171.0,87.0,370.5,2,0.22916666666666666,2,0,0,481,2559,977.4311850311851,0.5
20262,1.0,3598,2026-01-25T23:40,COMPLETA,1859.8902,873.5,171.0,87.0,370.5,2,0.22916666666666666,2,0,0,481,2559,977.4311850311851,0.5
20262,1.0,3599,2026-01-25T23:50,COMPLETA,1833.3313,873.5,171.0,87.0,370.5,2,0.22916666666666666,2,0,0,481,2559,977.4311850311851,0.5
20262,1.0,3600,2026-01-26T00:00,COMPLETA,1800.1983,873.5,171.