semilla,pedido_id,vehiculo,ubicacion_x,ubicacion_y,cantidad_parte,instante_entrega,deadline,holgura_min
20264,V202608-L00001,TA01,62,2,3,2026-08-01T02:40:30,2026-08-02T12:25,2024.5
20264,V202608-L00002,TA02,20,3,3,2026-08-01T02:07,2026-08-01T04:38,151.0
20264,V202608-L00002,TA02,20,3,4,2026-08-01T02:07,2026-08-01T04:38,151.0
20264,V202608-L00003,TA03,16,42,4,2026-08-01T02:54:30,2026-08-01T12:43,588.5
20264,V202608-L00003,TA03,16,42,2,2026-08-01T02:54:30,2026-08-01T12:43,588.5
20264,V202608-L00005,TA05,1,15,1,2026-08-01T02:30:30,2026-08-01T12:47,616.5
20264,V202608-L00004,TA07,48,15,3,2026-08-01T02:23,2026-08-02T12:45,2062.0
20264,V202608-L00004,TA09,48,15,4,2026-08-01T02:23,2026-08-02T12:45,2062.0
20264,V202608-L00003,TA10,16,42,4,2026-08-01T02:54:30,2026-08-01T12:43,588.5
20264,V202608-L00007,TA04,19,2,4,2026-08-01T02:55,2026-08-02T13:03,2048.0
20264,V202608-L00006,TA06,30,3,1,2026-08-01T02:55,2026-08-02T13:02,2047.0
20264,V202608-L00007,TA08,19,2,3,2026-08-01T02:55,2026-08-02T13:03,2048.0
20264,V202608-L00008,TM01,58,4,3,2026-08-01T03:58:24,2026-08-01T09:17,318.6
20264,V202608-L00009,TM02,0,40,2,2026-08-01T04:27:12,2026-08-01T13:19,531.8
20264,V202608-L00011,TM07,25,50,4,2026-08-01T04:20:24,2026-08-01T19:26,905.6
20264,V202608-L00011,TM10,25,50,4,2026-08-01T04:20:24,2026-08-01T19:26,905.6
20264,V202608-L00010,TM12,64,7,1,2026-08-01T04:15:36,2026-08-01T05:22,66.4
20264,V202608-L00010,TM13,64,7,4,2026-08-01T04:15:36,2026-08-01T05:22,66.4
20264,V202608-L00011,TM14,25,50,1,2026-08-01T04:20:24,2026-08-01T19:26,905.6
20264,V202608-L00012,TM04,11,23,4,2026-08-01T03:40,2026-08-01T05:39,119.0
20264,V202608-L00012,TM08,11,23,4,2026-08-01T03:40,2026-08-01T05:39,119.0
20264,V202608-L00012,TM08,11,23,1,2026-08-01T03:40,2026-08-01T05:39,119.0
20264,V202608-L00013,TM06,21,17,4,2026-08-01T03:21:36,2026-08-02T13:51,2069.4
20264,V202608-L00013,TM15,21,17,1,2026-08-01T03:21:36,2026-08-02T13:51,2069.4
20264,V202608-L00014,TM09,28,2,3,2026-08-01T04:39:12,2026-08-01T06:20,100.8
20264,V202608-L00014,TM11,28,2,4,2026-08-01T04:39:12,2026-08-01T06:20,100.8
20264,V202608-L00015,TM03,7,2,1,2026-08-01T04:46:48,2026-08-01T20:23,936.2
20264,V202608-L00017,TM05,34,11,3,2026-08-01T04:14,2026-08-01T10:50,396.0
20264,V202608-L00023,TA04,10,13,4,2026-08-01T05:07,2026-08-01T07:36,149.0
20264,V202608-L00023,TA04,10,13,2,2026-08-01T05:07,2026-08-01T07:36,149.0
20264,V202608-L00021,TA06,35,5,4,2026-08-01T05:14:30,2026-08-01T21:27,972.5
20264,V202608-L00020,TA08,25,40,4,2026-08-01T05:25,2026-08-02T15:24,2039.0
20264,V202608-L00019,TM15,30,18,4,2026-08-01T05:00,2026-08-02T15:21,2061.0
20264,V202608-L00024,TA07,53,19,1,2026-08-01T05:12:30,2026-08-01T15:44,631.5
20264,V202608-L00024,TA07,53,19,4,2026-08-01T05:12:30,2026-08-01T15:44,631.5
20264,V202608-L00016,TA09,49,43,1,2026-08-01T05:30:30,2026-08-01T10:29,298.5
20264,V202608-L00022,TA03,40,35,3,2026-08-01T05:53,2026-08-02T15:34,2021.0
20264,V202608-L00022,TA03,40,35,4,2026-08-01T05:53,2026-08-02T15:34,2021.0
20264,V202608-L00018,TA10,4,49,4,2026-08-01T05:35,2026-08-01T11:01,326.0
20264,V202608-L00018,TA10,4,49,3,2026-08-01T05:35,2026-08-01T11:01,326.0
20264,V202608-L00026,TM06,22,21,4,2026-08-01T05:28:48,2026-08-01T21:54,985.2
20264,V202608-L00026,TM06,22,21,4,2026-08-01T05:28:48,2026-08-01T21:54,985.2
20264,V202608-L00026,TA05,22,21,2,2026-08-01T05:29,2026-08-01T21:54,985.0
20264,V202608-L00027,TM08,18,46,3,2026-08-01T05:52,2026-08-01T22:09,977.0
20264,V202608-L00025,TA01,64,13,3,2026-08-01T05:57,2026-08-02T15:49,2032.0
20264,V202608-L00025,TA01,64,13,4,2026-08-01T05:57,2026-08-02T15:49,2032.0
20264,V202608-L00028,TM05,1,12,1,2026-08-01T06:45:12,2026-08-02T16:23,2017.8
20264,V202608-L00029,TA02,30,32,3,2026-08-01T06:20:30,2026-08-01T08:29,128.5
20264,V202608-L00029,TA02,30,32,4,2026-08-01T06:20:30,2026-08-01T08:29,128.5
20264,V202608-L00030,TM02,8,35,4,2026-08-01T06:17:36,2026-08-01T12:58,400.4
20264,V202608-L00030,TM04,8,35,4,2026-08-01T06:16:48,2026-08-01T12:58,401.2
20264,V202608-L00030,TM04,8,35,2,2026-08-01T06:16:48,2026-08-01T12:58,401.2
20264,V202608-L00035,TA04,25,18,4,2026-08-01T06:59,2026-08-02T17:50,2091.0
20264,V202608-L00035,TA04,25,18,1,2026-08-01T06:59,2026-08-02T17:50,2091.0
20264,V202608-L00034,TA07,54,30,1,2026-08-01T06:59,2026-08-01T23:49,1010.0
20264,V202608-L00034,TA07,54,30,4,2026-08-01T06:59,2026-08-01T23:49,1010.0
20264,V202608-L00034,TA07,54,30,4,2026-08-01T06:59,2026-08-01T23:49,1010.0
20264,V202608-L00039,TA01,59,15,4,2026-08-01T08:21,2026-08-02T00:44,983.0
20264,V202608-L00032,TA02,25,33,2,2026-08-01T08:27,2026-08-02T17:11,1964.0
20264,V202608-L00032,TA02,25,33,4,2026-08-01T08:27,2026-08-02T17:11,1964.0
20264,V202608-L00033,TA05,21,11,3,2026-08-01T08:13:30,2026-08-02T17:48,2014.5
20264,V202608-L00040,TA06,36,26,1,2026-08-01T08:31:30,2026-08-02T18:46,2054.5
20264,V202608-L00037,TA08,23,35,2,2026-08-01T08:21,2026-08-02T18:09,2028.0
20264,V202608-L00037,TA08,23,35,4,2026-08-01T08:21,2026-08-02T18:09,2028.0
20264,V202608-L00037,TA08,23,35,4,2026-08-01T08:21,2026-08-02T18:09,2028.0
20264,V202608-L00039,TA09,59,15,4,2026-08-01T08:21,2026-08-02T00:44,983.0
20264,V202608-L00031,TA10,33,39,2,2026-08-01T08:33,2026-08-02T17:06,1953.0
20264,V202608-L00038,TM02,11,23,1,2026-08-01T08:38:24,2026-08-02T18:33,2034.6
20264,V202608-L00036,TM04,21,40,4,2026-08-01T08:26:24,2026-08-02T00:00,933.6
20264,V202608-L00036,TM04,21,40,1,2026-08-01T08:26:24,2026-08-02T00:00,933.6
20264,V202608-L00036,TM07,21,40,4,2026-08-01T08:26:24,2026-08-02T00:00,933.6
20264,V202608-L00038,TM08,11,23,4,2026-08-01T08:38:24,2026-08-02T18:33,2034.6
20264,V202608-L00038,TM14,11,23,4,2026-08-01T08:38:24,2026-08-02T18:33,2034.6
20264,V202608-L00041,TA03,66,37,3,2026-08-01T08:38:30,2026-08-02T01:01,982.5
20264,V202608-L00042,TM10,20,50,3,2026-08-01T08:58,2026-08-01T11:09,131.0
20264,V202608-L00043,TA04,19,48,1,2026-08-01T09:23,2026-08-02T19:14,2031.0
20264,V202608-L00043,TA04,19,48,4,2026-08-01T09:23,2026-08-02T19:14,2031.0
20264,V202608-L00043,TA04,19,48,4,2026-08-01T09:23,2026-08-02T19:14,2031.0
20264,V202608-L00044,TM15,41,13,2,2026-08-01T08:56,2026-08-02T01:14,978.0
20264,V202608-L00045,TM03,11,4,4,2026-08-01T09:32:24,2026-08-02T01:28,955.6
20264,V202608-L00045,TM06,11,4,4,2026-08-01T09:32:24,2026-08-02T01:28,955.6
20264,V202608-L00045,TM11,11,4,2,2026-08-01T09:32:24,2026-08-02T01:28,955.6
20264,V202608-L00046,TA07,38,50,1,2026-08-01T09:43,2026-08-01T19:38,595.0
20264,V202608-L00047,TM01,66,37,1,2026-08-01T09:25:36,2026-08-02T19:39,2053.4
20264,V202608-L00048,TM09,8,28,3,2026-08-01T10:09:12,2026-08-02T19:47,2017.8
20264,V202608-L00048,TM09,8,28,4,2026-08-01T10:09:12,2026-08-02T19:47,2017.8
20264,V202608-L00050,TM05,22,31,1,2026-08-01T09:52:48,2026-08-02T19:53,2040.2
20264,V202608-L00049,TM12,50,18,3,2026-08-01T09:38:24,2026-08-01T11:51,132.6
20264,V202608-L00051,TM13,57,9,2,2026-08-01T10:23:12,2026-08-02T20:39,2055.8
20264,V202608-L00054,TA05,5,4,2,2026-08-01T11:15,2026-08-01T21:04,589.0
20264,V202608-L00054,TA05,5,4,4,2026-08-01T11:15,2026-08-01T21:04,589.0
20264,V202608-L00054,TA05,5,4,4,2026-08-01T11:15,2026-08-01T21:04,589.0
20264,V202608-L00052,TA01,53,16,4,2026-08-01T11:04:30,2026-08-01T20:58,593.5
20264,V202608-L00052,TA01,53,16,4,2026-08-01T11:04:30,2026-08-01T20:58,593.5
20264,V202608-L00052,TA01,53,16,2,2026-08-01T11:04:30,2026-08-01T20:58,593.5
20264,V202608-L00053,TA08,30,35,4,2026-08-01T11:13:30,2026-08-01T16:59,345.5
20264,V202608-L00053,TA08,30,35,3,2026-08-01T11:13:30,2026-08-01T16:59,345.5
20264,V202608-L00055,TA09,48,7,4,2026-08-01T11:25:30,2026-08-02T21:25,2039.5
20264,V202608-L00055,TA09,48,7,2,2026-08-01T11:25:30,2026-08-02T21:25,2039.5
20264,V202608-L00056,TA02,5,44,3,2026-08-01T11:13:30,2026-08-02T21:46,2072.5
20264,V202608-L00057,TA10,15,43,2,2026-08-01T11:22,2026-08-02T22:08,2086.0
20264,V202608-L00058,TA03,53,17,1,2026-08-01T11:41,2026-08-01T14:11,150.0
20264,V202608-L00061,TA06,23,27,4,2026-08-01T12:35:30,2026-08-01T19:06,390.5
20264,V202608-L00062,TM15,37,19,2,2026-08-01T12:46,2026-08-01T19:06,380.0
20264,V202608-L00063,TA01,54,2,2,2026-08-01T13:09,2026-08-02T23:15,2046.0
20264,V202608-L00063,TA01,54,2,4,2026-08-01T13:09,2026-08-02T23:15,2046.0
20264,V202608-L00064,TA04,14,3,4,2026-08-01T13:15:30,2026-08-02T23:18,2042.5
20264,V202608-L00060,TM01,66,1,3,2026-08-01T13:44,2026-08-02T23:01,1997.0
20264,V202608-L00060,TM01,66,1,4,2026-08-01T13:44,2026-08-02T23:01,1997.0
20264,V202608-L00065,TM12,70,12,4,2026-08-01T13:27:12,2026-08-02T23:19,2031.8
20264,V202608-L00065,TM12,70,12,4,2026-08-01T13:27:12,2026-08-02T23:19,2031.8
20264,V202608-L00068,TA02,60,45,4,2026-08-01T13:58:30,2026-08-02T23:29,2010.5
20264,V202608-L00068,TA02,60,45,4,2026-08-01T13:58:30,2026-08-02T23:29,2010.5
20264,V202608-L00068,TA02,60,45,1,2026-08-01T13:58:30,2026-08-02T23:29,2010.5
20264,V202608-L00062,TM03,37,19,4,2026-08-01T13:10:48,2026-08-01T19:06,355.2
20264,V202608-L00062,TM11,37,19,4,2026-08-01T13:10:48,2026-08-01T19:06,355.2
20264,V202608-L00067,TA07,53,49,4,2026-08-01T13:58,2026-08-02T05:24,926.0
20264,V202608-L00067,TA07,53,49,3,2026-08-01T13:58,2026-08-02T05:24,926.0
20264,V202608-L00059,TA10,15,26,3,2026-08-01T14:14:30,2026-08-02T22:29,1934.5
20264,V202608-L00066,TA03,58,6,1,2026-08-01T13:35,2026-08-01T19:22,347.0
20264,V202608-L00066,TA03,58,6,4,2026-08-01T13:35,2026-08-01T19:22,347.0
20264,V202608-L00070,TM02,11,24,2,2026-08-01T13:36,2026-08-02T23:53,2057.0
20264,V202608-L00070,TM09,11,24,4,2026-08-01T13:36,2026-08-02T23:53,2057.0
20264,V202608-L00069,TM13,66,33,4,2026-08-01T13:42:24,2026-08-01T19:44,361.6
20264,V202608-L00071,TA05,2,5,3,2026-08-01T14:11,2026-08-03T00:14,2043.0
20264,V202608-L00072,TA09,6,15,4,2026-08-01T13:53,2026-08-03T00:14,2061.0
20264,V202608-L00072,TA09,6,15,3,2026-08-01T13:53,2026-08-03T00:14,2061.0
20264,V202608-L00073,TA06,7,21,2,2026-08-01T14:41:30,2026-08-02T06:46,964.5
20264,V202608-L00073,TA06,7,21,4,2026-08-01T14:41:30,2026-08-02T06:46,964.5
20264,V202608-L00073,TA06,7,21,4,2026-08-01T14:41:30,2026-08-02T06:46,964.5
20264,V202608-L00075,TM04,6,29,4,2026-08-01T14:36,2026-08-03T00:55,2059.0
20264,V202608-L00075,TM07,6,29,4,2026-08-01T14:36,2026-08-03T00:55,2059.0
20264,V202608-L00075,TM14,6,29,1,2026-08-01T14:36,2026-08-03T00:55,2059.0
20264,V202608-L00076,TM05,36,14,4,2026-08-01T14:31:36,2026-08-03T01:05,2073.4
20264,V202608-L00076,TM05,36,14,3,2026-08-01T14:31:36,2026-08-03T01:05,2073.4
20264,V202608-L00077,TM08,11,36,4,2026-08-01T14:27:12,2026-08-01T21:15,407.8
20264,V202608-L00077,TM10,11,36,2,2026-08-01T14:27:12,2026-08-01T21:15,407.8
20264,V202608-L00078,TA01,49,37,2,2026-08-01T16:27,2026-08-03T01:58,2011.0
20264,V202608-L00084,TA02,55,8,4,2026-08-01T16:31:30,2026-08-01T18:26,114.5
20264,V202608-L00084,TA02,55,8,3,2026-08-01T16:31:30,2026-08-01T18:26,114.5
20264,V202608-L00083,TA03,52,15,3,2026-08-01T16:25:30,2026-08-03T02:18,2032.5
20264,V202608-L00086,TA04,5,14,4,2026-08-01T16:33,2026-08-03T02:47,2054.0
20264,V202608-L00085,TA05,24,16,4,2026-08-01T16:09:30,2026-08-03T02:36,2066.5
20264,V202608-L00085,TA05,24,16,4,2026-08-01T16:09:30,2026-08-03T02:36,2066.5
20264,V202608-L00081,TA07,42,25,1,2026-08-01T16:25:30,2026-08-03T02:16,2030.5
20264,V202608-L00081,TA07,42,25,4,2026-08-01T16:25:30,2026-08-03T02:16,2030.5
20264,V202608-L00082,TA08,12,8,4,2026-08-01T16:45,2026-08-01T22:17,332.0
20264,V202608-L00082,TA08,12,8,2,2026-08-01T16:45,2026-08-01T22:17,332.0
20264,V202608-L00087,TA09,39,7,4,2026-08-01T16:28:30,2026-08-02T02:48,619.5
20264,V202608-L00087,TA09,39,7,4,2026-08-01T16:28:30,2026-08-02T02:48,619.5
20264,V202608-L00087,TA09,39,7,2,2026-08-01T16:28:30,2026-08-02T02:48,619.5
20264,V202608-L00089,TA10,1,47,3,2026-08-01T16:30,2026-08-03T03:00,2070.0
20264,V202608-L00089,TA10,1,47,4,2026-08-01T16:30,2026-08-03T03:00,2070.0
20264,V202608-L00088,TM03,15,10,4,2026-08-01T16:38:24,2026-08-02T08:57,978.6
20264,V202608-L00080,TM05,30,0,4,2026-08-01T16:40:48,2026-08-01T18:14,93.2
20264,V202608-L00080,TM05,30,0,4,2026-08-01T16:40:48,2026-08-01T18:14,93.2
20264,V202608-L00088,TM11,15,10,4,2026-08-01T16:38:24,2026-08-02T08:57,978.6
20264,V202608-L00088,TM11,15,10,2,2026-08-01T16:38:24,2026-08-02T08:57,978.6
20264,V202608-L00079,TM12,64,19,1,2026-08-01T16:36,2026-08-03T01:58,2002.0
20264,V202608-L00074,TM13,47,26,4,2026-08-01T16:26:24,2026-08-03T00:52,1945.6
20264,V202608-L00074,TM13,47,26,2,2026-08-01T16:26:24,2026-08-03T00:52,1945.6
20264,V202608-L00080,TM15,30,0,2,2026-08-01T16:40:48,2026-08-01T18:14,93.2
20264,V202608-L00090,TA06,5,36,4,2026-08-01T16:28,2026-08-02T09:08,1000.0
20264,V202608-L00091,TM01,42,37,4,2026-08-01T17:30,2026-08-01T23:24,354.0
20264,V202608-L00091,TM04,42,37,4,2026-08-01T17:44:24,2026-08-01T23:24,339.6
20264,V202608-L00091,TM14,42,37,1,2026-08-01T17:44:24,2026-08-01T23:24,339.6
20264,V202608-L00092,TM06,52,10,1,2026-08-01T18:43:24,2026-08-01T23:40,296.6
20264,V202608-L00094,TM02,1,39,3,2026-08-01T17:28:48,2026-08-01T23:57,388.2
20264,V202608-L00093,TM09,26,36,4,2026-08-01T17:38:24,2026-08-02T03:54,615.6
20264,V202608-L00093,TM10,26,36,4,2026-08-01T17:38:24,2026-08-02T03:54,615.6
20264,V202608-L00095,TB01,18,13,4,2026-08-01T17:50,2026-08-02T04:00,610.0
20264,V202608-L00095,TB06,18,13,2,2026-08-01T17:50,2026-08-02T04:00,610.0
20264,V202608-L00098,TB03,28,17,4,2026-08-01T18:20,2026-08-02T00:59,399.0
20264,V202608-L00098,TB12,28,17,3,2026-08-01T18:20,2026-08-02T00:59,399.0
20264,V202608-L00096,TA05,50,16,3,2026-08-01T18:54:30,2026-08-02T00:09,314.5
20264,V202608-L00097,TA01,68,19,4,2026-08-01T19:22:30,2026-08-02T10:27,904.5
20264,V202608-L00097,TA01,68,19,4,2026-08-01T19:22:30,2026-08-02T10:27,904.5
20264,V202608-L00097,TA01,68,19,1,2026-08-01T19:22:30,2026-08-02T10:27,904.5
20264,V202608-L00100,TA03,47,42,1,2026-08-01T19:28:30,2026-08-03T05:33,2044.5
20264,V202608-L00101,TA07,47,5,2,2026-08-01T19:39,2026-08-02T01:42,363.0
20264,V202608-L00099,TA02,48,24,4,2026-08-01T19:21,2026-08-02T11:27,966.0
20264,V202608-L00099,TA02,48,24,4,2026-08-01T19:21,2026-08-02T11:27,966.0
20264,V202608-L00099,TA02,48,24,1,2026-08-01T19:21,2026-08-02T11:27,966.0
20264,V202608-L00102,TA06,4,26,3,2026-08-01T19:30,2026-08-03T05:55,2065.0
20264,V202608-L00102,TA06,4,26,4,2026-08-01T19:30,2026-08-03T05:55,2065.0
20264,V202608-L00103,TA04,39,2,4,2026-08-01T20:01,2026-08-03T06:01,2040.0
20264,V202608-L00104,TA08,17,3,4,2026-08-01T20:21:30,2026-08-03T06:47,2065.5
20264,V202608-L00104,TA09,17,3,1,2026-08-01T20:21:30,2026-08-03T06:47,2065.5
20264,V202608-L00105,TA10,39,33,2,2026-08-01T20:48,2026-08-03T06:58,2050.0
20264,V202608-L00106,TM02,14,23,1,2026-08-01T20:50:48,2026-08-01T23:09,138.2
20264,V202608-L00107,TA05,68,15,4,2026-08-01T20:56,2026-08-03T07:17,2061.0
20264,V202608-L00107,TA05,68,15,2,2026-08-01T20:56,2026-08-03T07:17,2061.0
20264,V202608-L00107,TA05,68,15,4,2026-08-01T20:56,2026-08-03T07:17,2061.0
20264,V202608-L00108,TM15,2,15,4,2026-08-01T21:22:24,2026-08-02T03:20,357.6
20264,V202608-L00109,TA02,50,2,4,2026-08-01T21:27,2026-08-03T07:23,2036.0
20264,V202608-L00109,TA02,50,2,1,2026-08-01T21:27,2026-08-03T07:23,2036.0
20264,V202608-L00109,TA02,50,2,4,2026-08-01T21:27,2026-08-03T07:23,2036.0
20264,V202608-L00110,TM03,17,19,4,2026-08-01T21:16,2026-08-01T23:38,142.0
20264,V202608-L00110,TM05,17,19,2,2026-08-01T21:16,2026-08-01T23:38,142.0
20264,V202608-L00111,TM10,20,35,4,2026-08-01T21:16:24,2026-08-02T13:42,985.6
20264,V202608-L00111,TM10,20,35,3,2026-08-01T21:16:24,2026-08-02T13:42,985.6
20264,V202608-L00112,TA03,37,38,2,2026-08-01T21:56:30,2026-08-03T08:04,2047.5
20264,V202608-L00112,TA03,37,38,4,2026-08-01T21:56:30,2026-08-03T08:04,2047.5
20264,V202608-L00112,TA06,37,38,4,2026-08-01T21:56:30,2026-08-03T08:04,2047.5
20264,V202608-L00114,TA01,58,49,4,2026-08-01T22:04:30,2026-08-03T08:27,2062.5
20264,V202608-L00114,TA01,58,49,4,2026-08-01T22:04:30,2026-08-03T08:27,2062.5
20264,V202608-L00117,TA04,36,10,3,2026-08-01T21:59:30,2026-08-03T08:40,2080.5
20264,V202608-L00117,TA04,36,10,4,2026-08-01T21:59:30,2026-08-03T08:40,2080.5
20264,V202608-L00115,TM01,52,25,1,2026-08-01T21:56:48,2026-08-03T08:33,2076.2
20264,V202608-L00115,TM01,52,25,4,2026-08-01T21:56:48,2026-08-03T08:33,2076.2
20264,V202608-L00115,TM12,52,25,4,2026-08-01T21:56:48,2026-08-03T08:33,2076.2
20264,V202608-L00119,TA07,39,24,4,2026-08-01T22:23,2026-08-02T14:41,978.0
20264,V202608-L00118,TM08,2,27,1,2026-08-01T22:40:24,2026-08-03T08:41,2040.6
20264,V202608-L00118,TM08,2,27,4,2026-08-01T22:40:24,2026-08-03T08:41,2040.6
20264,V202608-L00120,TM07,12,24,4,2026-08-01T22:43:36,2026-08-03T09:07,2063.4
20264,V202608-L00120,TM09,12,24,1,2026-08-01T22:43:36,2026-08-03T09:07,2063.4
20264,V202608-L00120,TM09,12,24,4,2026-08-01T22:43:36,2026-08-03T09:07,2063.4
20264,V202608-L00122,TA08,36,26,4,2026-08-01T22:51:30,2026-08-03T09:19,2067.5
20264,V202608-L00122,TA08,36,26,1,2026-08-01T22:51:30,2026-08-03T09:19,2067.5
20264,V202608-L00122,TA09,36,26,4,2026-08-01T22:51:30,2026-08-03T09:19,2067.5
20264,V202608-L00126,TB01,25,12,2,2026-08-01T22:50,2026-08-02T15:26,996.0
20264,V202608-L00126,TB03,25,12,4,2026-08-01T22:50,2026-08-02T15:26,996.0
20264,V202608-L00126,TB06,25,12,4,2026-08-01T22:50,2026-08-02T15:26,996.0
20264,V202608-L00138,TA01,70,47,4,2026-08-02T00:49:30,2026-08-03T10:56,2046.5
20264,V202608-L00134,TA02,50,4,3,2026-08-02T00:45,2026-08-02T06:37,352.0
20264,V202608-L00113,TA03,17,30,4,2026-08-02T00:19:30,2026-08-02T00:24,4.5
20264,V202608-L00113,TA03,17,30,4,2026-08-02T00:19:30,2026-08-02T00:24,4.5
20264,V202608-L00123,TA04,45,4,4,2026-08-02T00:42,2026-08-03T09:20,1958.0
20264,V202608-L00123,TA04,45,4,3,2026-08-02T00:42,2026-08-03T09:20,1958.0
20264,V202608-L00121,TA05,45,44,1,2026-08-02T00:43:30,2026-08-02T05:18,274.5
20264,V202608-L00129,TA06,3,1,2,2026-08-02T01:09,2026-08-02T09:58,529.0
20264,V202608-L00129,TA06,3,1,4,2026-08-02T01:09,2026-08-02T09:58,529.0
20264,V202608-L00139,TA07,64,42,1,2026-08-02T00:33,2026-08-02T06:57,384.0
20264,V202608-L00139,TA07,64,42,4,2026-08-02T00:33,2026-08-02T06:57,384.0
20264,V202608-L00139,TA07,64,42,4,2026-08-02T00:33,2026-08-02T06:57,384.0
20264,V202608-L00124,TA10,55,17,2,2026-08-02T00:18,2026-08-03T09:22,1984.0
20264,V202608-L00128,TM01,69,6,4,2026-08-02T01:19:12,2026-08-03T09:41,1941.8
20264,V202608-L00128,TM01,69,6,2,2026-08-02T01:19:12,2026-08-03T09:41,1941.8
20264,V202608-L00116,TM02,15,26,1,2026-08-02T00:36,2026-08-02T08:37,481.0
20264,V202608-L00132,TM03,26,18,2,2026-08-02T00:12,2026-08-02T10:14,602.0
20264,V202608-L00136,TM04,36,21,4,2026-08-02T01:09:36,2026-08-02T10:45,575.4
20264,V202608-L00136,TM04,36,21,2,2026-08-02T01:09:36,2026-08-02T10:45,575.4
20264,V202608-L00137,TM05,39,13,1,2026-08-02T00:31:12,2026-08-03T10:49,2057.8
20264,V202608-L00135,TM06,46,3,4,2026-08-02T01:24,2026-08-02T02:40,76.0
20264,V202608-L00135,TM06,46,3,4,2026-08-02T01:24,2026-08-02T02:40,76.0
20264,V202608-L00131,TM11,43,17,2,2026-08-02T00:45:36,2026-08-02T10:08,562.4
20264,V202608-L00131,TM11,43,17,4,2026-08-02T00:45:36,2026-08-02T10:08,562.4
20264,V202608-L00138,TM13,70,47,2,2026-08-02T01:19:12,2026-08-03T10:56,2016.8
20264,V202608-L00138,TM13,70,47,4,2026-08-02T01:19:12,2026-08-03T10:56,2016.8
20264,V202608-L00140,TM14,45,24,4,2026-08-02T00:40:48,2026-08-02T03:00,139.2
20264,V202608-L00140,TM14,45,24,1,2026-08-02T00:40:48,2026-08-02T03:00,139.2
20264,V202608-L00130,TM15,22,30,1,2026-08-02T00:43:12,2026-08-02T16:04,920.8
20264,V202608-L00136,TB12,36,21,4,2026-08-02T01:20,2026-08-02T10:45,565.0
20264,V202608-L00133,TM07,15,30,4,2026-08-02T00:43:36,2026-08-03T10:37,2033.4
20264,V202608-L00133,TM07,15,30,4,2026-08-02T00:43:36,2026-08-03T10:37,2033.4
20264,V202608-L00127,TM09,0,35,2,2026-08-02T00:53:12,2026-08-02T05:27,273.8
20264,V202608-L00142,TM10,1,11,4,2026-08-02T01:45:36,2026-08-03T11:10,2004.4
20264,V202608-L00142,TM10,1,11,4,2026-08-02T01:45:36,2026-08-03T11:10,2004.4
20264,V202608-L00141,TM12,68,2,3,2026-08-02T01:36:24,2026-08-02T11:01,564.6
20264,V202608-L00125,TA08,13,7,4,2026-08-02T00:54:30,2026-08-02T09:25,510.5
20264,V202608-L00125,TA08,13,7,4,2026-08-02T00:54:30,2026-08-02T09:25,510.5
20264,V202608-L00135,TA09,46,3,1,2026-08-02T01:08,2026-08-02T02:40,92.0
20264,V202608-L00143,TM08,32,36,4,2026-08-02T01:42:48,2026-08-02T17:50,967.2
20264,V202608-L00143,TM08,32,36,2,2026-08-02T01:42:48,2026-08-02T17:50,967.2
20264,V202608-L00146,TB07,24,7,4,2026-08-02T02:00,2026-08-03T12:05,2045.0
20264,V202608-L00146,TB09,24,7,4,2026-08-02T02:00,2026-08-03T12:05,2045.0
20264,V202608-L00146,TB11,24,7,2,2026-08-02T02:00,2026-08-03T12:05,2045.0
20264,V202608-L00144,TA03,1,47,4,2026-08-02T03:09,2026-08-03T12:01,1972.0
20264,V202608-L00144,TA03,1,47,4,2026-08-02T03:09,2026-08-03T12:01,1972.0
20264,V202608-L00144,TA03,1,47,1,2026-08-02T03:09,2026-08-03T12:01,1972.0
20264,V202608-L00145,TA10,59,11,4,2026-08-02T03:03,2026-08-02T04:02,59.0
20264,V202608-L00145,TA10,59,11,4,2026-08-02T03:03,2026-08-02T04:02,59.0
20264,V202608-L00145,TA10,59,11,1,2026-08-02T03:03,2026-08-02T04:02,59.0
20264,V202608-L00150,TM03,28,2,3,2026-08-02T03:21:12,2026-08-02T05:42,140.8
20264,V202608-L00152,TA07,67,22,4,2026-08-02T03:28:30,2026-08-02T19:58,989.5
20264,V202608-L00152,TA07,67,22,1,2026-08-02T03:28:30,2026-08-02T19:58,989.5
20264,V202608-L00153,TM02,0,20,4,2026-08-02T04:24,2026-08-02T20:02,938.0
20264,V202608-L00153,TM02,0,20,4,2026-08-02T04:24,2026-08-02T20:02,938.0
20264,V202608-L00149,TM07,18,38,3,2026-08-02T03:24:24,2026-08-02T09:27,362.6
20264,V202608-L00149,TM07,18,38,4,2026-08-02T03:24:24,2026-08-02T09:27,362.6
20264,V202608-L00148,TA05,58,19,4,2026-08-02T03:40:30,2026-08-03T12:32,1971.5
20264,V202608-L00148,TA05,58,19,1,2026-08-02T03:40:30,2026-08-03T12:32,1971.5
20264,V202608-L00148,TA05,58,19,4,2026-08-02T03:40:30,2026-08-03T12:32,1971.5
20264,V202608-L00147,TM15,8,41,3,2026-08-02T03:43:12,2026-08-03T12:20,1956.8
20264,V202608-L00147,TM15,8,41,4,2026-08-02T03:43:12,2026-08-03T12:20,1956.8
20264,V202608-L00151,TA02,42,50,1,2026-08-02T04:27,2026-08-02T09:44,317.0
20264,V202608-L00151,TA02,42,50,4,2026-08-02T04:27,2026-08-02T09:44,317.0
20264,V202608-L00151,TA02,42,50,4,2026-08-02T04:27,2026-08-02T09:44,317.0
20264,V202608-L00155,TA04,13,15,4,2026-08-02T03:52:30,2026-08-02T20:25,992.5
20264,V202608-L00155,TA04,13,15,4,2026-08-02T03:52:30,2026-08-02T20:25,992.5
20264,V202608-L00155,TA08,13,15,1,2026-08-02T03:52:30,2026-08-02T20:25,992.5
20264,V202608-L00154,TM14,56,24,1,2026-08-02T03:39:36,2026-08-03T14:21,2081.4
20264,V202608-L00154,TM14,56,24,4,2026-08-02T03:39:36,2026-08-03T14:21,2081.4
20264,V202608-L00157,TA09,32,29,4,2026-08-02T04:23,2026-08-03T14:49,2066.0
20264,V202608-L00156,TM09,1,25,4,2026-08-02T04:47:36,2026-08-02T14:49,601.4
20264,V202608-L00158,TA01,54,30,1,2026-08-02T04:29,2026-08-02T21:13,1004.0
20264,V202608-L00159,TA03,37,42,3,2026-08-02T05:22:30,2026-08-03T15:22,2039.5
20264,V202608-L00160,TA10,70,14,3,2026-08-02T05:09,2026-08-02T07:25,136.0
20264,V202608-L00160,TA10,70,14,4,2026-08-02T05:09,2026-08-02T07:25,136.0
20264,V202608-L00164,TA05,55,40,4,2026-08-02T05:22:30,2026-08-02T21:58,995.5
20264,V202608-L00164,TA05,55,40,4,2026-08-02T05:22:30,2026-08-02T21:58,995.5
20264,V202608-L00164,TA05,55,40,1,2026-08-02T05:22:30,2026-08-02T21:58,995.5
20264,V202608-L00163,TA06,5,13,2,2026-08-02T05:46,2026-08-02T15:58,612.0
20264,V202608-L00162,TA07,54,18,2,2026-08-02T05:18,2026-08-02T21:55,997.0
20264,V202608-L00162,TA07,54,18,4,2026-08-02T05:18,2026-08-02T21:55,997.0
20264,V202608-L00162,TA07,54,18,4,2026-08-02T05:18,2026-08-02T21:55,997.0
20264,V202608-L00161,TA04,17,21,4,2026-08-02T05:40:30,2026-08-03T15:52,2051.5
20264,V202608-L00166,TA08,2,14,4,2026-08-02T05:52:30,2026-08-03T16:04,2051.5
20264,V202608-L00165,TM11,28,6,2,2026-08-02T05:31:36,2026-08-02T16:02,630.4
20264,V202608-L00167,TA01,53,4,4,2026-08-02T06:18:30,2026-08-02T16:19,600.5
20264,V202608-L00167,TA01,53,4,4,2026-08-02T06:18:30,2026-08-02T16:19,600.5
20264,V202608-L00169,TM01,53,3,2,2026-08-02T06:47:12,2026-08-02T12:40,352.8
20264,V202608-L00169,TM14,53,3,4,2026-08-02T06:47:12,2026-08-02T12:40,352.8
20264,V202608-L00169,TM14,53,3,4,2026-08-02T06:47:12,2026-08-02T12:40,352.8
20264,V202608-L00168,TA09,13,0,4,2026-08-02T06:35,2026-08-03T16:25,2030.0
20264,V202608-L00170,TM10,5,20,4,2026-08-02T07:00,2026-08-02T22:51,951.0
20264,V202608-L00170,TM15,5,20,4,2026-08-02T07:00,2026-08-02T22:51,951.0
20264,V202608-L00171,TM07,13,36,4,2026-08-02T06:27:12,2026-08-02T23:11,1003.8
20264,V202608-L00171,TM08,13,36,4,2026-08-02T06:27:12,2026-08-02T23:11,1003.8
20264,V202608-L00176,TA01,39,23,4,2026-08-02T08:34,2026-08-02T14:06,332.0
20264,V202608-L00172,TA02,56,49,3,2026-08-02T08:34:30,2026-08-02T23:23,888.5
20264,V202608-L00173,TA03,5,33,2,2026-08-02T08:18,2026-08-02T09:31,73.0
20264,V202608-L00178,TA04,7,32,4,2026-08-02T08:16:30,2026-08-02T18:38,621.5
20264,V202608-L00178,TA04,7,32,1,2026-08-02T08:16:30,2026-08-02T18:38,621.5
20264,V202608-L00180,TA06,39,49,4,2026-08-02T08:57,2026-08-03T18:59,2042.0
20264,V202608-L00180,TA06,39,49,4,2026-08-02T08:57,2026-08-03T18:59,2042.0
20264,V202608-L00176,TA07,39,23,4,2026-08-02T08:34,2026-08-02T14:06,332.0
20264,V202608-L00176,TA07,39,23,2,2026-08-02T08:34,2026-08-02T14:06,332.0
20264,V202608-L00174,TA08,32,46,4,2026-08-02T08:42,2026-08-02T17:45,543.0
20264,V202608-L00174,TA08,32,46,3,2026-08-02T08:42,2026-08-02T17:45,543.0
20264,V202608-L00175,TA10,45,17,4,2026-08-02T08:33,2026-08-03T17:45,1992.0
20264,V202608-L00177,TM03,34,16,4,2026-08-02T08:36,2026-08-03T18:34,2038.0
20264,V202608-L00177,TM05,34,16,1,2026-08-02T08:36,2026-08-03T18:34,2038.0
20264,V202608-L00177,TM11,34,16,4,2026-08-02T08:36,2026-08-03T18:34,2038.0
20264,V202608-L00181,TA05,29,8,4,2026-08-02T11:09:30,2026-08-03T19:01,1911.5
20264,V202608-L00179,TA09,16,7,4,2026-08-02T08:50,2026-08-03T00:45,955.0
20264,V202608-L00181,TA09,29,8,1,2026-08-02T11:09:30,2026-08-03T19:01,1911.5
20264,V202608-L00183,TM04,39,16,4,2026-08-02T09:08,2026-08-02T19:20,612.0
20264,V202608-L00183,TM06,39,16,2,2026-08-02T09:08,2026-08-02T19:20,612.0
20264,V202608-L00182,TM12,59,4,3,2026-08-02T09:20,2026-08-03T19:12,2032.0
20264,V202608-L00184,TB06,26,18,4,2026-08-02T08:55,2026-08-02T19:23,628.0
20264,V202608-L00184,TB10,26,18,4,2026-08-02T08:55,2026-08-02T19:23,628.0
20264,V202608-L00185,TM02,7,8,2,2026-08-02T10:04,2026-08-03T19:39,2015.0
20264,V202608-L00185,TM02,7,8,4,2026-08-02T10:04,2026-08-03T19:39,2015.0
20264,V202608-L00185,TM08,7,8,4,2026-08-02T10:04,2026-08-03T19:39,2015.0
20264,V202608-L00186,TM01,67,34,1,2026-08-02T11:14:24,2026-08-02T11:42,27.6
20264,V202608-L00186,TM07,67,34,4,2026-08-02T11:14:24,2026-08-02T11:42,27.6
20264,V202608-L00187,TM13,49,34,4,2026-08-02T09:26,2026-08-03T01:50,984.0
20264,V202608-L00188,TM14,34,9,4,2026-08-02T10:48:24,2026-08-02T20:08,559.6
20264,V202608-L00188,TM14,34,9,4,2026-08-02T10:48:24,2026-08-02T20:08,559.6
20264,V202608-L00190,TM09,2,39,4,2026-08-02T09:46:24,2026-08-02T16:18,391.6
20264,V202608-L00190,TM15,2,39,2,2026-08-02T09:46:24,2026-08-02T16:18,391.6
20264,V202608-L00192,TM10,11,35,1,2026-08-02T09:49:36,2026-08-03T20:38,2088.4
20264,V202608-L00193,TB07,21,4,3,2026-08-02T11:00,2026-08-03T02:38,938.0
20264,V202608-L00193,TB12,21,4,4,2026-08-02T11:00,2026-08-03T02:38,938.0
20264,V202608-L00196,TA04,64,49,3,2026-08-02T12:07:30,2026-08-03T21:06,1978.5
20264,V202608-L00198,TM03,48,4,4,2026-08-02T12:12,2026-08-03T21:41,2009.0
20264,V202608-L00198,TM05,48,4,2,2026-08-02T12:12,2026-08-03T21:41,2009.0
20264,V202608-L00198,TM11,48,4,4,2026-08-02T12:12,2026-08-03T21:41,2009.0
20264,V202608-L00189,TA01,57,5,4,2026-08-02T12:04,2026-08-03T20:13,1929.0
20264,V202608-L00189,TA01,57,5,1,2026-08-02T12:04,2026-08-03T20:13,1929.0
20264,V202608-L00189,TA01,57,5,4,2026-08-02T12:04,2026-08-03T20:13,1929.0
20264,V202608-L00197,TA02,47,6,4,2026-08-02T11:55:30,2026-08-03T21:36,2020.5
20264,V202608-L00197,TA02,47,6,4,2026-08-02T11:55:30,2026-08-03T21:36,2020.5
20264,V202608-L00197,TA02,47,6,1,2026-08-02T11:55:30,2026-08-03T21:36,2020.5
20264,V202608-L00194,TA07,56,5,2,2026-08-02T12:02:30,2026-08-03T20:44,1961.5
20264,V202608-L00191,TA10,50,25,1,2026-08-02T11:55:30,2026-08-03T20:34,1958.5
20264,V202608-L00195,TA03,57,46,4,2026-08-02T12:36:30,2026-08-03T20:53,1936.5
20264,V202608-L00195,TA03,57,46,1,2026-08-02T12:36:30,2026-08-03T20:53,1936.5
20264,V202608-L00195,TA03,57,46,4,2026-08-02T12:36:30,2026-08-03T20:53,1936.5
20264,V202608-L00201,TA08,21,35,1,2026-08-02T11:42,2026-08-02T22:11,629.0
20264,V202608-L00205,TM04,65,11,4,2026-08-02T13:20,2026-08-02T22:35,555.0
20264,V202608-L00205,TM06,65,11,4,2026-08-02T13:20,2026-08-02T22:35,555.0
20264,V202608-L00199,TA06,62,50,1,2026-08-02T13:27,2026-08-02T17:47,260.0
20264,V202608-L00204,TM10,24,47,1,2026-08-02T12:49:36,2026-08-03T04:23,933.4
20264,V202608-L00203,TM13,67,50,4,2026-08-02T13:21:12,2026-08-02T18:12,290.8
20264,V202608-L00206,TM09,18,28,1,2026-08-02T12:51:12,2026-08-02T14:56,124.8
20264,V202608-L00206,TM15,18,28,4,2026-08-02T12:51:12,2026-08-02T14:56,124.8
20264,V202608-L00206,TM15,18,28,4,2026-08-02T12:51:12,2026-08-02T14:56,124.8
20264,V202608-L00208,TA05,0,22,1,2026-08-02T13:14,2026-08-03T23:05,2031.0
20264,V202608-L00200,TM12,62,38,3,2026-08-02T12:58:24,2026-08-03T22:06,1987.6
20264,V202608-L00209,TM01,53,29,2,2026-08-02T13:09:36,2026-08-03T23:07,2037.4
20264,V202608-L00215,TA08,14,2,4,2026-08-02T13:57,2026-08-03T05:44,947.0
20264,V202608-L00215,TA08,14,2,1,2026-08-02T13:57,2026-08-03T05:44,947.0
20264,V202608-L00216,TA10,40,19,3,2026-08-02T13:46:30,2026-08-02T23:57,610.5
20264,V202608-L00212,TM02,39,1,1,2026-08-02T14:06:24,2026-08-03T05:34,927.6
20264,V202608-L00212,TM08,39,1,4,2026-08-02T14:06:24,2026-08-03T05:34,927.6
20264,V202608-L00212,TM08,39,1,4,2026-08-02T14:06:24,2026-08-03T05:34,927.6
20264,V202608-L00211,TA09,41,20,3,2026-08-02T13:51:30,2026-08-03T05:23,931.5
20264,V202608-L00210,TA01,47,40,4,2026-08-02T14:11:30,2026-08-02T15:14,62.5
20264,V202608-L00210,TA01,47,40,4,2026-08-02T14:11:30,2026-08-02T15:14,62.5
20264,V202608-L00213,TA02,31,37,4,2026-08-02T14:18,2026-08-02T23:38,560.0
20264,V202608-L00213,TA02,31,37,2,2026-08-02T14:18,2026-08-02T23:38,560.0
20264,V202608-L00213,TA02,31,37,4,2026-08-02T14:18,2026-08-02T23:38,560.0
20264,V202608-L00214,TA07,69,18,4,2026-08-02T14:08:30,2026-08-02T19:41,332.5
20264,V202608-L00214,TA07,69,18,4,2026-08-02T14:08:30,2026-08-02T19:41,332.5
20264,V202608-L00219,TA04,37,48,4,2026-08-02T14:52:30,2026-08-02T16:44,111.5
20264,V202608-L00219,TA04,37,48,4,2026-08-02T14:52:30,2026-08-02T16:44,111.5
20264,V202608-L00219,TA04,37,48,1,2026-08-02T14:52:30,2026-08-02T16:44,111.5
20264,V202608-L00220,TM07,52,30,2,2026-08-02T14:14:24,2026-08-03T00:47,632.6
20264,V202608-L00218,TM14,25,21,3,2026-08-02T14:11:36,2026-08-04T00:42,2070.4
20264,V202608-L00217,TA03,39,33,4,2026-08-02T14:50,2026-08-02T20:32,342.0
20264,V202608-L00222,TB01,25,18,4,2026-08-02T14:30,2026-08-03T06:52,982.0
20264,V202608-L00222,TB05,25,18,4,2026-08-02T14:30,2026-08-03T06:52,982.0
20264,V202608-L00222,TB10,25,18,1,2026-08-02T14:30,2026-08-03T06:52,982.0
20264,V202608-L00221,TM01,60,16,1,2026-08-02T14:57:36,2026-08-03T06:50,952.4
20264,V202608-L00221,TM01,60,16,4,2026-08-02T14:57:36,2026-08-03T06:50,952.4
20264,V202608-L00226,TM03,25,11,3,2026-08-02T14:38:24,2026-08-04T01:15,2076.6
20264,V202608-L00226,TM05,25,11,4,2026-08-02T14:38:24,2026-08-04T01:15,2076.6
20264,V202608-L00228,TM09,23,39,2,2026-08-02T14:58:48,2026-08-03T01:23,624.2
20264,V202608-L00228,TM15,23,39,4,2026-08-02T14:58:48,2026-08-03T01:23,624.2
20264,V202608-L00228,TM15,23,39,4,2026-08-02T14:58:48,2026-08-03T01:23,624.2
20264,V202608-L00232,TM12,56,20,4,2026-08-02T14:59:12,2026-08-03T01:38,638.8
20264,V202608-L00231,TA01,57,42,4,2026-08-02T16:22:30,2026-08-02T17:36,73.5
20264,V202608-L00231,TA01,57,42,4,2026-08-02T16:22:30,2026-08-02T17:36,73.5
20264,V202608-L00236,TA02,23,46,4,2026-08-02T16:28:30,2026-08-03T08:02,933.5
20264,V202608-L00236,TA02,23,46,1,2026-08-02T16:28:30,2026-08-03T08:02,933.5
20264,V202608-L00242,TA05,20,27,4,2026-08-02T16:28:30,2026-08-04T02:54,2065.5
20264,V202608-L00242,TA05,20,27,4,2026-08-02T16:28:30,2026-08-04T02:54,2065.5
20264,V202608-L00229,TA06,46,35,4,2026-08-02T16:28:30,2026-08-04T01:28,1979.5
20264,V202608-L00229,TA06,46,35,3,2026-08-02T16:28:30,2026-08-04T01:28,1979.5
20264,V202608-L00230,TA07,51,16,3,2026-08-02T16:25:30,2026-08-02T21:30,304.5
20264,V202608-L00241,TA08,3,26,4,2026-08-02T16:54,2026-08-03T08:53,959.0
20264,V202608-L00223,TA09,45,11,3,2026-08-02T16:31:30,2026-08-04T00:53,1941.5
20264,V202608-L00224,TA10,14,2,4,2026-08-02T16:37:30,2026-08-04T00:57,1939.5
20264,V202608-L00239,TM03,27,16,1,2026-08-02T16:04:48,2026-08-04T02:45,2080.2
20264,V202608-L00202,TM04,57,47,4,2026-08-02T16:48,2026-08-03T22:11,1763.0
20264,V202608-L00202,TM04,57,47,4,2026-08-02T16:48,2026-08-03T22:11,1763.0
20264,V202608-L00238,TM05,15,41,4,2026-08-02T17:38:24,2026-08-04T02:16,1957.6
20264,V202608-L00238,TM05,15,41,1,2026-08-02T17:38:24,2026-08-04T02:16,1957.6
20264,V202608-L00227,TM06,47,29,4,2026-08-02T16:28:48,2026-08-02T21:15,286.2
20264,V202608-L00227,TM06,47,29,1,2026-08-02T16:28:48,2026-08-02T21:15,286.2
20264,V202608-L00207,TM07,59,23,4,2026-08-02T16:14:24,2026-08-03T04:58,763.6
20264,V202608-L00237,TM10,22,43,1,2026-08-02T16:36,2026-08-02T22:07,331.0
20264,V202608-L00233,TM11,11,31,4,2026-08-02T17:19:12,2026-08-02T21:49,269.8
20264,V202608-L00233,TM11,11,31,4,2026-08-02T17:19:12,2026-08-02T21:49,269.8
20264,V202608-L00225,TM13,44,33,4,2026-08-02T16:45:36,2026-08-04T00:57,1931.4
20264,V202608-L00225,TM13,44,33,4,2026-08-02T16:45:36,2026-08-04T00:57,1931.4
20264,V202608-L00240,TM14,40,45,2,2026-08-02T17:45:36,2026-08-02T22:51,305.4
20264,V202608-L00240,TM14,40,45,4,2026-08-02T17:45:36,2026-08-02T22:51,305.4
20264,V202608-L00245,TM02,1,33,1,2026-08-02T17:58,2026-08-04T03:08,1990.0
20264,V202608-L00245,TM02,1,33,4,2026-08-02T17:58,2026-08-04T03:08,1990.0
20264,V202608-L00243,TM08,61,17,4,2026-08-02T17:38:48,2026-08-03T03:03,564.2
20264,V202608-L00243,TM08,61,17,4,2026-08-02T17:38:48,2026-08-03T03:03,564.2
20264,V202608-L00202,TM12,57,47,1,2026-08-02T17:06:24,2026-08-03T22:11,1744.6
20264,V202608-L00244,TB05,29,9,4,2026-08-02T16:45,2026-08-04T03:07,2062.0
20264,V202608-L00244,TB08,29,9,2,2026-08-02T16:45,2026-08-04T03:07,2062.0
20264,V202608-L00244,TB09,29,9,4,2026-08-02T16:45,2026-08-04T03:07,2062.0
20264,V202608-L00227,TA03,47,29,4,2026-08-02T16:44,2026-08-02T21:15,271.0
20264,V202608-L00235,TM09,5,26,4,2026-08-02T17:13:12,2026-08-02T22:02,288.8
20264,V202608-L00234,TM15,20,45,2,2026-08-02T17:03:36,2026-08-04T01:59,1975.4
20264,V202608-L00207,TM01,59,23,1,2026-08-02T16:45:36,2026-08-03T04:58,732.4
20264,V202608-L00207,TM01,59,23,4,2026-08-02T16:45:36,2026-08-03T04:58,732.4
20264,V202608-L00243,TM01,61,17,2,2026-08-02T18:04:48,2026-08-03T03:03,538.2
20264,V202608-L00246,TA04,33,50,4,2026-08-02T17:34:30,2026-08-02T23:34,359.5
20264,V202608-L00240,TA04,40,45,4,2026-08-02T18:52:30,2026-08-02T22:51,238.5
20264,V202608-L00250,TM03,23,21,3,2026-08-02T19:16:48,2026-08-03T10:41,924.2
20264,V202608-L00252,TB10,16,13,4,2026-08-02T19:10,2026-08-04T05:05,2035.0
20264,V202608-L00252,TB11,16,13,1,2026-08-02T19:10,2026-08-04T05:05,2035.0
20264,V202608-L00247,TM07,57,37,4,2026-08-02T18:52:48,2026-08-04T04:05,1992.2
20264,V202608-L00247,TM07,57,37,1,2026-08-02T18:52:48,2026-08-04T04:05,1992.2
20264,V202608-L00248,TA01,46,5,2,2026-08-02T19:34:30,2026-08-04T04:24,1969.5
20264,V202608-L00253,TA06,38,13,1,2026-08-02T19:46:30,2026-08-03T05:33,586.5
20264,V202608-L00253,TA06,38,13,4,2026-08-02T19:46:30,2026-08-03T05:33,586.5
20264,V202608-L00249,TA07,64,10,4,2026-08-02T19:27,2026-08-04T04:28,1981.0
20264,V202608-L00249,TA07,64,10,4,2026-08-02T19:27,2026-08-04T04:28,1981.0
20264,V202608-L00254,TA02,23,34,1,2026-08-02T19:22:30,2026-08-03T05:56,633.5
20264,V202608-L00255,TA03,60,40,4,2026-08-02T19:34,2026-08-03T06:09,635.0
20264,V202608-L00251,TA10,24,4,4,2026-08-02T20:01:30,2026-08-02T21:03,61.5
20264,V202608-L00256,TA05,5,29,3,2026-08-02T20:14,2026-08-04T06:42,2068.0
20264,V202608-L00256,TA05,5,29,4,2026-08-02T20:14,2026-08-04T06:42,2068.0
20264,V202608-L00257,TA08,0,19,4,2026-08-02T20:36:30,2026-08-02T22:46,129.5
20264,V202608-L00257,TA08,0,19,4,2026-08-02T20:36:30,2026-08-02T22:46,129.5
20264,V202608-L00258,TA09,63,39,4,2026-08-02T20:17,2026-08-03T06:49,632.0
20264,V202608-L00258,TA09,63,39,2,2026-08-02T20:17,2026-08-03T06:49,632.0
20264,V202608-L00258,TA09,63,39,4,2026-08-02T20:17,2026-08-03T06:49,632.0
20264,V202608-L00259,TM05,20,41,4,2026-08-02T20:36:24,2026-08-03T03:07,390.6
20264,V202608-L00259,TM11,20,41,1,2026-08-02T20:36:24,2026-08-03T03:07,390.6
20264,V202608-L00259,TM15,20,41,4,2026-08-02T20:36:24,2026-08-03T03:07,390.6
20264,V202608-L00260,TM09,33,41,1,2026-08-02T21:17:36,2026-08-04T07:11,2033.4
20264,V202608-L00260,TM09,33,41,4,2026-08-02T21:17:36,2026-08-04T07:11,2033.4
20264,V202608-L00261,TM10,10,48,1,2026-08-02T20:48:48,2026-08-02T23:19,150.2
20264,V202608-L00260,TA02,33,41,4,2026-08-02T21:21,2026-08-04T07:11,2030.0
20264,V202608-L00262,TM04,58,29,4,2026-08-02T20:47:12,2026-08-04T07:35,2087.8
20264,V202608-L00262,TM06,58,29,4,2026-08-02T20:47:12,2026-08-04T07:35,2087.8
20264,V202608-L00264,TM02,7,49,2,2026-08-02T21:28:24,2026-08-02T23:48,139.6
20264,V202608-L00265,TA03,59,39,3,2026-08-02T21:21,2026-08-04T07:54,2073.0
20264,V202608-L00263,TA06,31,40,2,2026-08-02T21:49:30,2026-08-04T07:42,2032.5
20264,V202608-L00266,TM14,10,31,2,2026-08-02T21:31:12,2026-08-03T07:55,623.8
20264,V202608-L00268,TA01,41,16,3,2026-08-02T21:44,2026-08-04T08:12,2068.0
20264,V202608-L00269,TA07,48,25,1,2026-08-02T21:36:30,2026-08-03T08:12,635.5
20264,V202608-L00269,TA07,48,25,4,2026-08-02T21:36:30,2026-08-03T08:12,635.5
20264,V202608-L00269,TA07,48,25,4,2026-08-02T21:36:30,2026-08-03T08:12,635.5
20264,V202608-L00267,TA05,21,38,2,2026-08-02T21:51:30,2026-08-04T08:11,2059.5
20264,V202608-L00271,TA09,53,5,4,2026-08-02T22:39,2026-08-03T08:57,618.0
20264,V202608-L00271,TA09,53,5,2,2026-08-02T22:39,2026-08-03T08:57,618.0
20264,V202608-L00270,TA10,53,7,4,2026-08-02T22:49:30,2026-08-03T14:51,961.5
20264,V202608-L00270,TA10,53,7,4,2026-08-02T22:49:30,2026-08-03T14:51,961.5
20264,V202608-L00273,TM01,46,24,4,2026-08-02T22:48:24,2026-08-04T09:06,2057.6
20264,V202608-L00273,TM04,46,24,1,2026-08-02T22:48:24,2026-08-04T09:06,2057.6
20264,V202608-L00273,TM12,46,24,4,2026-08-02T22:48:24,2026-08-04T09:06,2057.6
20264,V202608-L00281,TA01,37,28,1,2026-08-03T00:36,2026-08-03T06:10,334.0
20264,V202608-L00286,TA02,0,23,3,2026-08-03T00:40:30,2026-08-04T10:42,2041.5
20264,V202608-L00274,TA03,65,10,2,2026-08-03T00:37:30,2026-08-04T09:11,1953.5
20264,V202608-L00274,TA03,65,10,4,2026-08-03T00:37:30,2026-08-04T09:11,1953.5
20264,V202608-L00274,TA03,65,10,4,2026-08-03T00:37:30,2026-08-04T09:11,1953.5
20264,V202608-L00282,TA04,36,28,1,2026-08-03T00:51,2026-08-04T10:12,2001.0
20264,V202608-L00282,TA04,36,28,4,2026-08-03T00:51,2026-08-04T10:12,2001.0
20264,V202608-L00282,TA04,36,28,4,2026-08-03T00:51,2026-08-04T10:12,2001.0
20264,V202608-L00284,TA05,14,26,4,2026-08-03T00:21,2026-08-03T10:25,604.0
20264,V202608-L00285,TA06,3,25,4,2026-08-03T00:33,2026-08-03T02:36,123.0
20264,V202608-L00285,TA06,3,25,1,2026-08-03T00:33,2026-08-03T02:36,123.0
20264,V202608-L00277,TA07,65,44,4,2026-08-03T00:37:30,2026-08-03T15:23,885.5
20264,V202608-L00277,TA07,65,44,2,2026-08-03T00:37:30,2026-08-03T15:23,885.5
20264,V202608-L00278,TA08,28,43,4,2026-08-03T00:31:30,2026-08-04T09:47,1995.5
20264,V202608-L00272,TM03,14,0,4,2026-08-03T01:04:48,2026-08-03T15:04,839.2
20264,V202608-L00272,TM03,14,0,4,2026-08-03T01:04:48,2026-08-03T15:04,839.2
20264,V202608-L00275,TM06,47,12,4,2026-08-03T01:00,2026-08-04T09:12,1932.0
20264,V202608-L00275,TM06,47,12,1,2026-08-03T01:00,2026-08-04T09:12,1932.0
20264,V202608-L00287,TM07,66,31,1,2026-08-03T00:31:12,2026-08-03T10:51,619.8
20264,V202608-L00287,TM07,66,31,4,2026-08-03T00:31:12,2026-08-03T10:51,619.8
20264,V202608-L00279,TM08,57,6,2,2026-08-03T00:50:24,2026-08-03T02:00,69.6
20264,V202608-L00279,TM08,57,6,4,2026-08-03T00:50:24,2026-08-03T02:00,69.6
20264,V202608-L00287,TM13,66,31,4,2026-08-03T00:31:12,2026-08-03T10:51,619.8
20264,V202608-L00280,TB02,30,19,4,2026-08-03T00:40,2026-08-04T10:09,2009.0
20264,V202608-L00280,TB03,30,19,2,2026-08-03T00:40,2026-08-04T10:09,2009.0
20264,V202608-L00289,TA09,66,49,2,2026-08-03T01:04:30,2026-08-03T17:05,960.5
20264,V202608-L00289,TA09,66,49,4,2026-08-03T01:04:30,2026-08-03T17:05,960.5
20264,V202608-L00289,TA09,66,49,4,2026-08-03T01:04:30,2026-08-03T17:05,960.5
20264,V202608-L00283,TA10,70,44,2,2026-08-03T01:10:30,2026-08-04T10:23,1992.5
20264,V202608-L00276,TM01,51,4,2,2026-08-03T01:31:36,2026-08-04T09:16,1904.4
20264,V202608-L00288,TM04,37,23,4,2026-08-03T01:19:36,2026-08-04T11:02,2022.4
20264,V202608-L00288,TM04,37,23,3,2026-08-03T01:19:36,2026-08-04T11:02,2022.4
20264,V202608-L00276,TM12,51,4,4,2026-08-03T01:31:36,2026-08-04T09:16,1904.4
20264,V202608-L00290,TM02,3,7,4,2026-08-03T02:06,2026-08-03T03:24,78.0
20264,V202608-L00291,TM11,22,46,2,2026-08-03T01:33:12,2026-08-04T11:43,2049.8
20264,V202608-L00291,TM14,22,46,4,2026-08-03T01:33:12,2026-08-04T11:43,2049.8
20264,V202608-L00293,TM10,53,36,4,2026-08-03T03:03:12,2026-08-03T18:15,911.8
20264,V202608-L00293,TM10,53,36,4,2026-08-03T03:03:12,2026-08-03T18:15,911.8
20264,V202608-L00293,TM15,53,36,1,2026-08-03T03:03:12,2026-08-03T18:15,911.8
20264,V202608-L00295,TM05,20,21,1,2026-08-03T02:34:48,2026-08-03T04:25,110.2
20264,V202608-L00294,TM09,18,33,4,2026-08-03T01:56:24,2026-08-03T04:25,148.6
20264,V202608-L00294,TM09,18,33,1,2026-08-03T01:56:24,2026-08-03T04:25,148.6
20264,V202608-L00299,TB11,40,9,3,2026-08-03T04:00,2026-08-03T19:27,927.0
20264,V202608-L00297,TA05,11,50,3,2026-08-03T03:01:30,2026-08-03T09:11,369.5
20264,V202608-L00297,TA05,11,50,4,2026-08-03T03:01:30,2026-08-03T09:11,369.5
20264,V202608-L00300,TA01,57,36,4,2026-08-03T03:21,2026-08-04T13:36,2055.0
20264,V202608-L00296,TA06,20,32,4,2026-08-03T03:27,2026-08-03T09:05,338.0
20264,V202608-L00296,TA06,20,32,4,2026-08-03T03:27,2026-08-03T09:05,338.0
20264,V202608-L00301,TA08,22,27,4,2026-08-03T03:34:30,2026-08-03T09:49,374.5
20264,V202608-L00292,TM07,69,26,4,2026-08-03T03:33:36,2026-08-03T03:49,15.4
20264,V202608-L00302,TM13,58,33,4,2026-08-03T03:19:12,2026-08-03T19:56,996.8
20264,V202608-L00302,TA03,58,33,2,2026-08-03T03:25:30,2026-08-03T19:56,990.5
20264,V202608-L00302,TA03,58,33,4,2026-08-03T03:25:30,2026-08-03T19:56,990.5
20264,V202608-L00303,TA07,54,11,1,2026-08-03T03:43:30,2026-08-03T14:10,626.5
20264,V202608-L00303,TA07,54,11,4,2026-08-03T03:43:30,2026-08-03T14:10,626.5
20264,V202608-L00304,TA02,9,27,4,2026-08-03T03:42,2026-08-04T14:11,2069.0
20264,V202608-L00304,TA02,9,27,2,2026-08-03T03:42,2026-08-04T14:11,2069.0
20264,V202608-L00304,TA02,9,27,4,2026-08-03T03:42,2026-08-04T14:11,2069.0
20264,V202608-L00298,TA04,29,31,2,2026-08-03T04:12,2026-08-03T09:23,311.0
20264,V202608-L00298,TA04,29,31,4,2026-08-03T04:12,2026-08-03T09:23,311.0
20264,V202608-L00305,TA09,46,14,2,2026-08-03T04:27,2026-08-03T06:37,130.0
20264,V202608-L00307,TA10,60,44,4,2026-08-03T04:30,2026-08-03T10:55,385.0
20264,V202608-L00307,TA10,60,44,4,2026-08-03T04:30,2026-08-03T10:55,385.0
20264,V202608-L00307,TA10,60,44,1,2026-08-03T04:30,2026-08-03T10:55,385.0
20264,V202608-L00306,TM04,22,1,4,2026-08-03T04:48:24,2026-08-03T14:54,605.6
20264,V202608-L00306,TM04,22,1,2,2026-08-03T04:48:24,2026-08-03T14:54,605.6
20264,V202608-L00306,TM06,22,1,4,2026-08-03T04:43:12,2026-08-03T14:54,610.8
20264,V202608-L00308,TM08,68,23,1,2026-08-03T04:46,2026-08-04T15:09,2063.0
20264,V202608-L00308,TM08,68,23,4,2026-08-03T04:46,2026-08-04T15:09,2063.0
20264,V202608-L00311,TA01,51,13,1,2026-08-03T05:04:30,2026-08-03T07:28,143.5
20264,V202608-L00312,TA03,55,22,3,2026-08-03T04:46:30,2026-08-03T11:28,401.5
20264,V202608-L00309,TA05,8,42,2,2026-08-03T04:42,2026-08-03T15:24,642.0
20264,V202608-L00310,TM03,15,18,4,2026-08-03T05:08:24,2026-08-03T21:28,979.6
20264,V202608-L00310,TM03,15,18,4,2026-08-03T05:08:24,2026-08-03T21:28,979.6
20264,V202608-L00313,TA08,24,16,4,2026-08-03T05:09,2026-08-03T12:00,411.0
20264,V202608-L00314,TA02,37,38,4,2026-08-03T05:47:30,2026-08-03T12:01,373.5
20264,V202608-L00314,TA02,37,38,4,2026-08-03T05:47:30,2026-08-03T12:01,373.5
20264,V202608-L00315,TA06,22,28,4,2026-08-03T05:50,2026-08-04T16:12,2062.0
20264,V202608-L00315,TA06,22,28,3,2026-08-03T05:50,2026-08-04T16:12,2062.0
20264,V202608-L00316,TM02,24,22,4,2026-08-03T05:56:24,2026-08-03T12:27,390.6
20264,V202608-L00316,TM05,24,22,3,2026-08-03T05:56:24,2026-08-03T12:27,390.6
20264,V202608-L00317,TA03,38,33,2,2026-08-03T06:37:30,2026-08-04T16:52,2054.5
20264,V202608-L00317,TA10,38,33,4,2026-08-03T06:37:30,2026-08-04T16:52,2054.5
20264,V202608-L00318,TA05,13,22,2,2026-08-03T06:45:30,2026-08-04T17:18,2072.5
20264,V202608-L00320,TA07,61,41,4,2026-08-03T06:57,2026-08-03T23:30,993.0
20264,V202608-L00320,TA07,61,41,1,2026-08-03T06:57,2026-08-03T23:30,993.0
20264,V202608-L00319,TA08,35,9,4,2026-08-03T06:49:30,2026-08-04T17:27,2077.5
20264,V202608-L00319,TA08,35,9,4,2026-08-03T06:49:30,2026-08-04T17:27,2077.5
20264,V202608-L00321,TA01,66,37,4,2026-08-03T08:38:30,2026-08-04T19:01,2062.5
20264,V202608-L00321,TA01,66,37,3,2026-08-03T08:38:30,2026-08-04T19:01,2062.5
20264,V202608-L00322,TA02,35,47,2,2026-08-03T08:58,2026-08-04T01:02,964.0
20264,V202608-L00322,TA02,35,47,4,2026-08-03T08:58,2026-08-04T01:02,964.0
20264,V202608-L00322,TA02,35,47,4,2026-08-03T08:58,2026-08-04T01:02,964.0
20264,V202608-L00323,TA08,41,23,4,2026-08-03T08:44:30,2026-08-03T11:04,139.5
20264,V202608-L00325,TA03,63,26,3,2026-08-03T08:30:30,2026-08-04T19:14,2083.5
20264,V202608-L00326,TA05,13,30,4,2026-08-03T08:33:30,2026-08-04T19:20,2086.5
20264,V202608-L00326,TA05,13,30,4,2026-08-03T08:33:30,2026-08-04T19:20,2086.5
20264,V202608-L00326,TA05,13,30,1,2026-08-03T08:33:30,2026-08-04T19:20,2086.5
20264,V202608-L00324,TA06,27,1,4,2026-08-03T08:39:30,2026-08-04T19:13,2073.5
20264,V202608-L00327,TM09,24,38,4,2026-08-03T09:18:48,2026-08-04T19:45,2066.2
20264,V202608-L00327,TM09,24,38,4,2026-08-03T09:18:48,2026-08-04T19:45,2066.2
20264,V202608-L00328,TA07,68,4,4,2026-08-03T09:51,2026-08-04T19:56,2045.0
20264,V202608-L00329,TA10,70,8,4,2026-08-03T10:08,2026-08-04T20:12,2044.0
20264,V202608-L00329,TA10,70,8,2,2026-08-03T10:08,2026-08-04T20:12,2044.0
20264,V202608-L00329,TA10,70,8,4,2026-08-03T10:08,2026-08-04T20:12,2044.0
20264,V202608-L00330,TM11,2,30,1,2026-08-03T10:03:12,2026-08-04T20:20,2056.8
20264,V202608-L00331,TA04,4,10,1,2026-08-03T10:10:30,2026-08-03T20:29,618.5
20264,V202608-L00333,TM08,45,46,4,2026-08-03T10:54:24,2026-08-04T20:39,2024.6
20264,V202608-L00332,TM14,12,48,3,2026-08-03T10:04,2026-08-04T20:35,2071.0
20264,V202608-L00333,TM15,45,46,1,2026-08-03T10:54:24,2026-08-04T20:39,2024.6
20264,V202608-L00334,TA09,44,7,4,2026-08-03T10:46,2026-08-04T21:02,2056.0
20264,V202608-L00334,TA09,44,7,3,2026-08-03T10:46,2026-08-04T21:02,2056.0
20264,V202608-L00335,TM10,40,42,2,2026-08-03T11:26:48,2026-08-04T21:08,2021.2
20264,V202608-L00335,TM12,40,42,4,2026-08-03T11:26:48,2026-08-04T21:08,2021.2
20264,V202608-L00336,TM04,9,1,4,2026-08-03T11:34:24,2026-08-04T21:14,2019.6
20264,V202608-L00336,TM05,9,1,2,2026-08-03T11:34:24,2026-08-04T21:14,2019.6
20264,V202608-L00338,TM02,46,15,4,2026-08-03T11:18,2026-08-04T21:24,2046.0
20264,V202608-L00341,TA03,46,46,3,2026-08-03T11:26,2026-08-04T21:33,2047.0
20264,V202608-L00339,TA05,16,38,4,2026-08-03T10:53,2026-08-04T03:25,992.0
20264,V202608-L00339,TA05,16,38,4,2026-08-03T10:53,2026-08-04T03:25,992.0
20264,V202608-L00337,TM01,70,14,4,2026-08-03T11:42:24,2026-08-03T21:19,576.6
20264,V202608-L00340,TA06,5,12,2,2026-08-03T11:35,2026-08-03T17:33,358.0
20264,V202608-L00340,TA06,5,12,4,2026-08-03T11:35,2026-08-03T17:33,358.0
20264,V202608-L00340,TA06,5,12,4,2026-08-03T11:35,2026-08-03T17:33,358.0
20264,V202608-L00342,TA01,45,18,3,2026-08-03T11:38:30,2026-08-04T21:53,2054.5
20264,V202608-L00343,TA08,68,7,3,2026-08-03T12:01,2026-08-03T21:59,598.0
20264,V202608-L00343,TA08,68,7,4,2026-08-03T12:01,2026-08-03T21:59,598.0
20264,V202608-L00345,TM03,24,17,4,2026-08-03T11:24:24,2026-08-03T14:09,164.6
20264,V202608-L00345,TM03,24,17,2,2026-08-03T11:24:24,2026-08-03T14:09,164.6
20264,V202608-L00345,TM06,24,17,4,2026-08-03T11:24:24,2026-08-03T14:09,164.6
20264,V202608-L00346,TB01,28,12,4,2026-08-03T11:25,2026-08-04T22:10,2085.0
20264,V202608-L00346,TB05,28,12,1,2026-08-03T11:25,2026-08-04T22:10,2085.0
20264,V202608-L00346,TB12,28,12,4,2026-08-03T11:25,2026-08-04T22:10,2085.0
20264,V202608-L00348,TM07,53,32,2,2026-08-03T11:51:36,2026-08-04T04:25,993.4
20264,V202608-L00344,TA02,1,29,4,2026-08-03T12:16,2026-08-03T14:03,107.0
20264,V202608-L00344,TA02,1,29,4,2026-08-03T12:16,2026-08-03T14:03,107.0
20264,V202608-L00349,TA05,41,37,4,2026-08-03T12:44,2026-08-03T22:43,599.0
20264,V202608-L00347,TM09,4,15,3,2026-08-03T13:04:24,2026-08-03T14:19,74.6
20264,V202608-L00347,TM09,4,15,4,2026-08-03T13:04:24,2026-08-03T14:19,74.6
20264,V202608-L00350,TM13,59,35,4,2026-08-03T12:14,2026-08-03T18:45,391.0
20264,V202608-L00350,TM13,59,35,1,2026-08-03T12:14,2026-08-03T18:45,391.0
20264,V202608-L00351,TB06,18,14,1,2026-08-03T12:55,2026-08-04T04:59,964.0
20264,V202608-L00352,TA09,43,19,4,2026-08-03T12:53:30,2026-08-04T23:02,2048.5
20264,V202608-L00352,TA09,43,19,3,2026-08-03T12:53:30,2026-08-04T23:02,2048.5
20264,V202608-L00354,TM14,4,49,3,2026-08-03T13:15:36,2026-08-04T23:30,2054.4
20264,V202608-L00357,TA07,44,33,1,2026-08-03T13:10:30,2026-08-03T15:34,143.5
20264,V202608-L00359,TA04,10,6,4,2026-08-03T13:28:30,2026-08-04T05:48,979.5
20264,V202608-L00353,TA10,69,7,3,2026-08-03T13:44,2026-08-04T23:20,2016.0
20264,V202608-L00353,TA10,69,7,4,2026-08-03T13:44,2026-08-04T23:20,2016.0
20264,V202608-L00360,TM03,15,15,2,2026-08-03T13:31:12,2026-08-04T23:52,2060.8
20264,V202608-L00360,TM06,15,15,4,2026-08-03T13:31:12,2026-08-04T23:52,2060.8
20264,V202608-L00360,TM06,15,15,4,2026-08-03T13:31:12,2026-08-04T23:52,2060.8
20264,V202608-L00361,TB01,26,19,4,2026-08-03T13:30,2026-08-03T19:54,384.0
20264,V202608-L00361,TB04,26,19,1,2026-08-03T13:30,2026-08-03T19:54,384.0
20264,V202608-L00361,TB07,26,19,4,2026-08-03T13:30,2026-08-03T19:54,384.0
20264,V202608-L00363,TA01,48,47,1,2026-08-03T13:53:30,2026-08-04T06:10,976.5
20264,V202608-L00363,TA01,48,47,4,2026-08-03T13:53:30,2026-08-04T06:10,976.5
20264,V202608-L00363,TA01,48,47,4,2026-08-03T13:53:30,2026-08-04T06:10,976.5
20264,V202608-L00355,TA03,38,47,1,2026-08-03T14:09:30,2026-08-04T23:31,2001.5
20264,V202608-L00362,TM02,38,27,4,2026-08-03T14:07:36,2026-08-04T06:03,955.4
20264,V202608-L00362,TM02,38,27,3,2026-08-03T14:07:36,2026-08-04T06:03,955.4
20264,V202608-L00358,TM07,52,35,2,2026-08-03T13:44:24,2026-08-03T23:43,598.6
20264,V202608-L00364,TA06,59,42,4,2026-08-03T14:46:30,2026-08-04T00:19,572.5
20264,V202608-L00364,TA06,59,42,4,2026-08-03T14:46:30,2026-08-04T00:19,572.5
20264,V202608-L00364,TA06,59,42,2,2026-08-03T14:46:30,2026-08-04T00:19,572.5
20264,V202608-L00356,TM13,62,45,4,2026-08-03T14:33:12,2026-08-04T23:33,1979.8
20264,V202608-L00356,TM13,62,45,4,2026-08-03T14:33:12,2026-08-04T23:33,1979.8
20264,V202608-L00366,TA02,34,23,4,2026-08-03T14:41:30,2026-08-03T16:26,104.5
20264,V202608-L00356,TA08,62,45,2,2026-08-03T14:22,2026-08-04T23:33,1991.0
20264,V202608-L00365,TM04,43,3,4,2026-08-03T14:53:36,2026-08-05T00:21,2007.4
20264,V202608-L00365,TM04,43,3,4,2026-08-03T14:53:36,2026-08-05T00:21,2007.4
20264,V202608-L00365,TM05,43,3,1,2026-08-03T14:53:36,2026-08-05T00:21,2007.4
20264,V202608-L00367,TM10,23,43,4,2026-08-03T14:28:24,2026-08-03T20:41,372.6
20264,V202608-L00367,TM10,23,43,4,2026-08-03T14:28:24,2026-08-03T20:41,372.6
20264,V202608-L00367,TM11,23,43,1,2026-08-03T14:28:24,2026-08-03T20:41,372.6
20264,V202608-L00368,TA05,58,44,1,2026-08-03T14:50,2026-08-03T17:13,143.0
20264,V202608-L00368,TA05,58,44,4,2026-08-03T14:50,2026-08-03T17:13,143.0
20264,V202608-L00373,TA02,21,23,4,2026-08-03T16:28,2026-08-05T02:43,2055.0
20264,V202608-L00373,TA02,21,23,2,2026-08-03T16:28,2026-08-05T02:43,2055.0
20264,V202608-L00373,TA02,21,23,4,2026-08-03T16:28,2026-08-05T02:43,2055.0
20264,V202608-L00372,TA03,32,36,4,2026-08-03T16:35,2026-08-05T02:40,2045.0
20264,V202608-L00372,TA03,32,36,4,2026-08-03T16:35,2026-08-05T02:40,2045.0
20264,V202608-L00371,TA04,25,27,2,2026-08-03T16:22:30,2026-08-04T02:12,589.5
20264,V202608-L00370,TA07,54,16,4,2026-08-03T16:21,2026-08-04T08:09,948.0
20264,V202608-L00370,TA08,54,16,1,2026-08-03T16:21,2026-08-04T08:09,948.0
20264,V202608-L00370,TA08,54,16,4,2026-08-03T16:21,2026-08-04T08:09,948.0
20264,V202608-L00375,TA09,11,4,1,2026-08-03T16:39,2026-08-04T08:58,979.0
20264,V202608-L00375,TA09,11,4,4,2026-08-03T16:39,2026-08-04T08:58,979.0
20264,V202608-L00374,TA10,68,48,4,2026-08-03T16:48,2026-08-05T02:50,2042.0
20264,V202608-L00374,TA10,68,48,4,2026-08-03T16:48,2026-08-05T02:50,2042.0
20264,V202608-L00369,TM09,6,16,3,2026-08-03T16:55:12,2026-08-03T21:39,283.8
20264,V202608-L00369,TM09,6,16,4,2026-08-03T16:55:12,2026-08-03T21:39,283.8
20264,V202608-L00377,TA01,49,1,4,2026-08-03T17:11,2026-08-04T03:18,607.0
20264,V202608-L00376,TM10,6,45,1,2026-08-03T16:51:12,2026-08-03T19:13,141.8
20264,V202608-L00378,TA05,50,27,3,2026-08-03T16:40:30,2026-08-04T09:30,1009.5
20264,V202608-L00378,TA06,50,27,4,2026-08-03T16:40:30,2026-08-04T09:30,1009.5
20264,V202608-L00380,TM01,67,9,4,2026-08-03T17:57:12,2026-08-04T03:46,588.8
20264,V202608-L00381,TM11,35,41,1,2026-08-03T17:52:24,2026-08-03T23:48,355.6
20264,V202608-L00379,TM12,17,38,3,2026-08-03T17:02,2026-08-05T03:42,2080.0
20264,V202608-L00383,TM14,22,37,4,2026-08-03T17:26:24,2026-08-05T03:57,2070.6
20264,V202608-L00383,TM14,22,37,3,2026-08-03T17:26:24,2026-08-05T03:57,2070.6
20264,V202608-L00384,TM07,38,36,3,2026-08-03T18:17:12,2026-08-04T10:05,947.8
20264,V202608-L00384,TM13,38,36,4,2026-08-03T18:17:12,2026-08-04T10:05,947.8
20264,V202608-L00385,TM02,68,22,1,2026-08-03T18:28:24,2026-08-03T20:41,132.6
20264,V202608-L00385,TM08,68,22,4,2026-08-03T18:28:24,2026-08-03T20:41,132.6
20264,V202608-L00385,TM08,68,22,4,2026-08-03T18:28:24,2026-08-03T20:41,132.6
20264,V202608-L00386,TM15,52,11,4,2026-08-03T18:50:24,2026-08-05T04:51,2040.6
20264,V202608-L00386,TM15,52,11,1,2026-08-03T18:50:24,2026-08-05T04:51,2040.6
20264,V202608-L00382,TA04,42,8,1,2026-08-03T19:52:30,2026-08-05T03:54,1921.5
20264,V202608-L00382,TA04,42,8,4,2026-08-03T19:52:30,2026-08-05T03:54,1921.5
20264,V202608-L00387,TA07,46,13,4,2026-08-03T19:19:30,2026-08-04T01:21,361.5
20264,V202608-L00387,TA07,46,13,1,2026-08-03T19:19:30,2026-08-04T01:21,361.5
20264,V202608-L00386,TA08,52,11,4,2026-08-03T19:13:30,2026-08-05T04:51,2017.5
20264,V202608-L00388,TA02,33,34,2,2026-08-03T19:29:30,2026-08-03T21:45,135.5
20264,V202608-L00390,TA03,10,37,4,2026-08-03T19:12:30,2026-08-04T01:56,403.5
20264,V202608-L00390,TA03,10,37,2,2026-08-03T19:12:30,2026-08-04T01:56,403.5
20264,V202608-L00390,TA03,10,37,4,2026-08-03T19:12:30,2026-08-04T01:56,403.5
20264,V202608-L00392,TA09,14,8,3,2026-08-03T19:48:30,2026-08-03T22:14,145.5
20264,V202608-L00391,TM10,15,41,1,2026-08-03T19:36:48,2026-08-05T06:11,2074.2
20264,V202608-L00394,TM12,25,41,2,2026-08-03T19:58:24,2026-08-04T02:15,376.6
20264,V202608-L00394,TM12,25,41,4,2026-08-03T19:58:24,2026-08-04T02:15,376.6
20264,V202608-L00389,TA10,51,39,3,2026-08-03T20:03,2026-08-05T05:49,2026.0
20264,V202608-L00393,TA05,43,35,1,2026-08-03T20:34:30,2026-08-05T06:14,2019.5
20264,V202608-L00395,TM04,24,2,4,2026-08-03T20:36,2026-08-04T12:55,979.0
20264,V202608-L00395,TM05,24,2,1,2026-08-03T20:36,2026-08-04T12:55,979.0
20264,V202608-L00396,TM06,18,7,4,2026-08-03T20:58:24,2026-08-05T07:17,2058.6
20264,V202608-L00396,TM09,18,7,3,2026-08-03T20:58:24,2026-08-05T07:17,2058.6
20264,V202608-L00398,TA06,50,48,2,2026-08-03T21:12,2026-08-04T13:22,970.0
20264,V202608-L00397,TM03,19,17,4,2026-08-03T20:56:24,2026-08-05T07:22,2065.6
20264,V202608-L00397,TM03,19,17,4,2026-08-03T20:56:24,2026-08-05T07:22,2065.6
20264,V202608-L00399,TA01,60,19,1,2026-08-03T21:06:30,2026-08-04T03:45,398.5
20264,V202608-L00400,TA08,65,18,2,2026-08-03T21:15:30,2026-08-05T07:49,2073.5
20264,V202608-L00401,TA03,17,37,2,2026-08-03T21:09,2026-08-05T07:55,2086.0
20264,V202608-L00401,TA03,17,37,4,2026-08-03T21:09,2026-08-05T07:55,2086.0
20264,V202608-L00402,TM15,41,27,1,2026-08-03T21:38:24,2026-08-03T23:57,138.6
20264,V202608-L00403,TM01,63,30,4,2026-08-03T21:31:36,2026-08-04T00:03,151.4
20264,V202608-L00403,TM02,63,30,1,2026-08-03T21:31:36,2026-08-04T00:03,151.4
20264,V202608-L00404,TA02,7,30,3,2026-08-03T21:49:30,2026-08-04T08:25,635.5
20264,V202608-L00404,TA02,7,30,4,2026-08-03T21:49:30,2026-08-04T08:25,635.5
20264,V202608-L00405,TM10,10,43,2,2026-08-03T21:56:48,2026-08-05T08:32,2075.2
20264,V202608-L00405,TM13,10,43,4,2026-08-03T21:56:48,2026-08-05T08:32,2075.2
20264,V202608-L00407,TA10,43,47,4,2026-08-03T22:41,2026-08-04T14:44,963.0
20264,V202608-L00407,TA10,43,47,2,2026-08-03T22:41,2026-08-04T14:44,963.0
20264,V202608-L00406,TM12,15,39,4,2026-08-03T21:59:36,2026-08-04T14:42,1002.4
20264,V202608-L00406,TM14,15,39,4,2026-08-03T21:59:36,2026-08-04T14:42,1002.4
20264,V202608-L00408,TM07,4,38,2,2026-08-03T22:29:12,2026-08-04T01:01,151.8
20264,V202608-L00408,TM11,4,38,4,2026-08-03T22:29:12,2026-08-04T01:01,151.8
20264,V202608-L00411,TA01,48,48,2,2026-08-04T00:45,2026-08-04T10:00,555.0
20264,V202608-L00411,TA01,48,48,4,2026-08-04T00:45,2026-08-04T10:00,555.0
20264,V202608-L00415,TA04,54,8,1,2026-08-04T00:49:30,2026-08-04T02:33,103.5
20264,V202608-L00416,TA05,67,15,4,2026-08-04T00:33,2026-08-04T02:54,141.0
20264,V202608-L00416,TA05,67,15,4,2026-08-04T00:33,2026-08-04T02:54,141.0
20264,V202608-L00413,TA06,43,28,4,2026-08-04T00:22:30,2026-08-05T10:21,2038.5
20264,V202608-L00413,TA06,43,28,4,2026-08-04T00:22:30,2026-08-05T10:21,2038.5
20264,V202608-L00410,TA07,44,11,4,2026-08-04T00:30,2026-08-05T09:52,2002.0
20264,V202608-L00409,TA08,65,39,4,2026-08-04T00:30,2026-08-04T15:50,920.0
20264,V202608-L00409,TA08,65,39,2,2026-08-04T00:30,2026-08-04T15:50,920.0
20264,V202608-L00414,TA09,11,16,4,2026-08-04T00:27,2026-08-04T10:26,599.0
20264,V202608-L00414,TA09,11,16,1,2026-08-04T00:27,2026-08-04T10:26,599.0
20264,V202608-L00412,TM04,38,21,1,2026-08-04T00:43:12,2026-08-04T16:20,936.8
20264,V202608-L00412,TM05,38,21,4,2026-08-04T00:43:12,2026-08-04T16:20,936.8
20264,V202608-L00412,TM05,38,21,4,2026-08-04T00:43:12,2026-08-04T16:20,936.8
20264,V202608-L00417,TA02,2,21,4,2026-08-04T00:50:30,2026-08-04T11:01,610.5
20264,V202608-L00417,TA03,2,21,4,2026-08-04T00:50:30,2026-08-04T11:01,610.5
20264,V202608-L00417,TA03,2,21,1,2026-08-04T00:50:30,2026-08-04T11:01,610.5
20264,V202608-L00418,TM03,17,0,1,2026-08-04T01:17:36,2026-08-04T03:15,117.4
20264,V202608-L00419,TM07,5,32,4,2026-08-04T01:01:12,2026-08-04T17:25,983.8
20264,V202608-L00419,TM07,5,32,4,2026-08-04T01:01:12,2026-08-04T17:25,983.8
20264,V202608-L00421,TM10,30,48,4,2026-08-04T01:37:12,2026-08-05T11:30,2032.8
20264,V202608-L00420,TM11,20,38,4,2026-08-04T00:49:12,2026-08-04T03:26,156.8
20264,V202608-L00420,TM11,20,38,4,2026-08-04T00:49:12,2026-08-04T03:26,156.8
20264,V202608-L00420,TM12,20,38,2,2026-08-04T00:49:12,2026-08-04T03:26,156.8
20264,V202608-L00421,TM13,30,48,4,2026-08-04T01:37:12,2026-08-05T11:30,2032.8
20264,V202608-L00421,TM13,30,48,1,2026-08-04T01:37:12,2026-08-05T11:30,2032.8
20264,V202608-L00419,TM14,5,32,1,2026-08-04T01:01:12,2026-08-04T17:25,983.8
20264,V202608-L00422,TM06,4,15,4,2026-08-04T01:57:36,2026-08-05T12:00,2042.4
20264,V202608-L00422,TM09,4,15,1,2026-08-04T01:57:36,2026-08-05T12:00,2042.4
20264,V202608-L00424,TA10,30,28,4,2026-08-04T02:02,2026-08-05T12:13,2051.0
20264,V202608-L00424,TA10,30,28,1,2026-08-04T02:02,2026-08-05T12:13,2051.0
20264,V202608-L00423,TM02,49,32,4,2026-08-04T01:51:12,2026-08-04T12:11,619.8
20264,V202608-L00423,TM02,49,32,4,2026-08-04T01:51:12,2026-08-04T12:11,619.8
20264,V202608-L00423,TM08,49,32,2,2026-08-04T01:51:12,2026-08-04T12:11,619.8
20264,V202608-L00425,TM15,0,26,1,2026-08-04T03:39:12,2026-08-04T18:19,879.8
20264,V202608-L00425,TM15,0,26,4,2026-08-04T03:39:12,2026-08-04T18:19,879.8
20264,V202608-L00426,TB01,35,6,1,2026-08-04T02:40,2026-08-05T12:20,2020.0
20264,V202608-L00427,TB02,31,23,4,2026-08-04T03:05,2026-08-05T12:54,2029.0
20264,V202608-L00427,TB03,31,23,2,2026-08-04T03:05,2026-08-05T12:54,2029.0
20264,V202608-L00427,TB09,31,23,4,2026-08-04T03:05,2026-08-05T12:54,2029.0
20264,V202608-L00432,TA06,53,41,4,2026-08-04T03:12,2026-08-04T19:33,981.0
20264,V202608-L00432,TA06,53,41,4,2026-08-04T03:12,2026-08-04T19:33,981.0
20264,V202608-L00432,TA06,53,41,2,2026-08-04T03:12,2026-08-04T19:33,981.0
20264,V202608-L00429,TA09,25,37,3,2026-08-04T03:31:30,2026-08-04T05:15,103.5
20264,V202608-L00429,TA09,25,37,4,2026-08-04T03:31:30,2026-08-04T05:15,103.5
20264,V202608-L00434,TB07,22,16,4,2026-08-04T03:25,2026-08-04T05:49,144.0
20264,V202608-L00434,TB08,22,16,1,2026-08-04T03:25,2026-08-04T05:49,144.0
20264,V202608-L00430,TA05,67,9,4,2026-08-04T03:48,2026-08-04T09:15,327.0
20264,V202608-L00430,TA05,67,9,2,2026-08-04T03:48,2026-08-04T09:15,327.0
20264,V202608-L00430,TA05,67,9,4,2026-08-04T03:48,2026-08-04T09:15,327.0
20264,V202608-L00435,TA07,24,32,4,2026-08-04T03:31:30,2026-08-04T05:52,140.5
20264,V202608-L00436,TA08,33,35,4,2026-08-04T03:48,2026-08-04T09:55,367.0
20264,V202608-L00436,TA08,33,35,4,2026-08-04T03:48,2026-08-04T09:55,367.0
20264,V202608-L00436,TA08,33,35,1,2026-08-04T03:48,2026-08-04T09:55,367.0
20264,V202608-L00428,TM11,24,36,3,2026-08-04T03:42,2026-08-04T08:57,315.0
20264,V202608-L00431,TA04,43,8,4,2026-08-04T04:12,2026-08-04T05:29,77.0
20264,V202608-L00431,TA04,43,8,4,2026-08-04T04:12,2026-08-04T05:29,77.0
20264,V202608-L00431,TA04,43,8,2,2026-08-04T04:12,2026-08-04T05:29,77.0
20264,V202608-L00433,TM05,29,1,4,2026-08-04T04:02:24,2026-08-04T13:44,581.6
20264,V202608-L00437,TA01,43,27,4,2026-08-04T03:51,2026-08-04T14:11,620.0
20264,V202608-L00437,TA01,43,27,4,2026-08-04T03:51,2026-08-04T14:11,620.0
20264,V202608-L00438,TA02,20,49,3,2026-08-04T04:28:30,2026-08-05T14:59,2070.5
20264,V202608-L00439,TM01,64,24,4,2026-08-04T04:34,2026-08-04T11:04,390.0
20264,V202608-L00439,TM01,64,24,4,2026-08-04T04:34,2026-08-04T11:04,390.0
20264,V202608-L00440,TA03,40,42,1,2026-08-04T05:08,2026-08-05T15:14,2046.0
20264,V202608-L00441,TM03,22,15,1,2026-08-04T04:34:24,2026-08-04T21:16,1001.6
20264,V202608-L00442,TA06,42,35,2,2026-08-04T05:34:30,2026-08-05T15:57,2062.5
20264,V202608-L00443,TA10,5,2,4,2026-08-04T05:51,2026-08-04T15:59,608.0
20264,V202608-L00443,TA10,5,2,2,2026-08-04T05:51,2026-08-04T15:59,608.0
20264,V202608-L00443,TA10,5,2,4,2026-08-04T05:51,2026-08-04T15:59,608.0
20264,V202608-L00444,TA01,55,11,4,2026-08-04T05:39,2026-08-04T16:01,622.0
20264,V202608-L00444,TA01,55,11,4,2026-08-04T05:39,2026-08-04T16:01,622.0
20264,V202608-L00444,TA01,55,11,2,2026-08-04T05:39,2026-08-04T16:01,622.0
20264,V202608-L00445,TA05,66,49,3,2026-08-04T06:16:30,2026-08-04T16:23,606.5
20264,V202608-L00446,TA08,17,39,4,2026-08-04T05:39,2026-08-05T16:28,2089.0
20264,V202608-L00446,TA09,17,39,2,2026-08-04T05:39,2026-08-05T16:28,2089.0
20264,V202608-L00447,TA07,46,45,3,2026-08-04T06:41:30,2026-08-05T16:36,2034.5
20264,V202608-L00448,TA04,33,4,4,2026-08-04T06:14,2026-08-04T22:49,995.0
20264,V202608-L00448,TA04,33,4,4,2026-08-04T06:14,2026-08-04T22:49,995.0
20264,V202608-L00449,TA02,6,9,4,2026-08-04T06:52:30,2026-08-05T16:54,2041.5
20264,V202608-L00449,TA02,6,9,4,2026-08-04T06:52:30,2026-08-05T16:54,2041.5
20264,V202608-L00450,TM07,7,39,4,2026-08-04T06:24:24,2026-08-04T13:02,397.6
20264,V202608-L00450,TM07,7,39,4,2026-08-04T06:24:24,2026-08-04T13:02,397.6
20264,V202608-L00450,TM10,7,39,2,2026-08-04T06:24:24,2026-08-04T13:02,397.6
20264,V202608-L00451,TM11,9,26,4,2026-08-04T06:46,2026-08-04T09:02,136.0
20264,V202608-L00454,TM03,23,13,2,2026-08-04T06:52,2026-08-04T09:35,163.0
20264,V202608-L00462,TA01,54,23,4,2026-08-04T08:10:30,2026-08-04T14:31,380.5
20264,V202608-L00462,TA01,54,23,2,2026-08-04T08:10:30,2026-08-04T14:31,380.5
20264,V202608-L00458,TA03,15,42,4,2026-08-04T08:10:30,2026-08-04T10:04,113.5
20264,V202608-L00458,TA03,15,42,2,2026-08-04T08:10:30,2026-08-04T10:04,113.5
20264,V202608-L00455,TA04,48,40,4,2026-08-04T09:10:30,2026-08-05T17:42,1951.5
20264,V202608-L00455,TA04,48,40,4,2026-08-04T09:10:30,2026-08-05T17:42,1951.5
20264,V202608-L00453,TA05,70,15,3,2026-08-04T08:40:30,2026-08-04T09:22,41.5
20264,V202608-L00465,TA06,68,4,4,2026-08-04T08:51,2026-08-05T18:50,2039.0
20264,V202608-L00465,TA06,68,4,1,2026-08-04T08:51,2026-08-05T18:50,2039.0
20264,V202608-L00459,TA08,41,38,2,2026-08-04T08:43:30,2026-08-05T18:08,2004.5
20264,V202608-L00463,TA09,11,19,4,2026-08-04T08:30,2026-08-04T14:33,363.0
20264,V202608-L00463,TA09,11,19,4,2026-08-04T08:30,2026-08-04T14:33,363.0
20264,V202608-L00463,TA09,11,19,1,2026-08-04T08:30,2026-08-04T14:33,363.0
20264,V202608-L00457,TA10,41,26,3,2026-08-04T08:39,2026-08-04T13:54,315.0
20264,V202608-L00460,TM01,58,49,1,2026-08-04T08:55:12,2026-08-04T10:08,72.8
20264,V202608-L00460,TM02,58,49,4,2026-08-04T08:55:12,2026-08-04T10:08,72.8
20264,V202608-L00460,TM02,58,49,4,2026-08-04T08:55:12,2026-08-04T10:08,72.8
20264,V202608-L00464,TM06,33,25,4,2026-08-04T08:40:48,2026-08-05T18:50,2049.2
20264,V202608-L00467,TM07,22,41,4,2026-08-04T08:31:12,2026-08-04T10:55,143.8
20264,V202608-L00461,TM08,54,7,4,2026-08-04T08:55:12,2026-08-05T18:24,2008.8
20264,V202608-L00461,TM08,54,7,2,2026-08-04T08:55:12,2026-08-05T18:24,2008.8
20264,V202608-L00464,TM09,33,25,3,2026-08-04T08:40:48,2026-08-05T18:50,2049.2
20264,V202608-L00466,TM10,2,40,4,2026-08-04T08:28:48,2026-08-04T14:51,382.2
20264,V202608-L00466,TM10,2,40,4,2026-08-04T08:28:48,2026-08-04T14:51,382.2
20264,V202608-L00467,TM12,22,41,1,2026-08-04T08:31:12,2026-08-04T10:55,143.8
20264,V202608-L00456,TM13,3,37,1,2026-08-04T08:24,2026-08-04T09:46,82.0
20264,V202608-L00456,TM13,3,37,4,2026-08-04T08:24,2026-08-04T09:46,82.0
20264,V202608-L00467,TM14,22,41,4,2026-08-04T08:31:12,2026-08-04T10:55,143.8
20264,V202608-L00456,TM15,3,37,4,2026-08-04T08:24,2026-08-04T09:46,82.0
20264,V202608-L00469,TM03,29,34,4,2026-08-04T09:02:48,2026-08-05T01:06,963.2
20264,V202608-L00452,TA07,67,2,4,2026-08-04T09:17:30,2026-08-05T17:03,1905.5
20264,V202608-L00452,TA07,67,2,1,2026-08-04T09:17:30,2026-08-05T17:03,1905.5
20264,V202608-L00468,TA02,56,21,2,2026-08-04T09:25:30,2026-08-05T01:02,936.5
20264,V202608-L00468,TA02,56,21,4,2026-08-04T09:25:30,2026-08-05T01:02,936.5
20264,V202608-L00468,TA02,56,21,4,2026-08-04T09:25:30,2026-08-05T01:02,936.5
20264,V202608-L00470,TM05,13,6,3,2026-08-04T09:22:48,2026-08-04T15:25,362.2
20264,V202608-L00473,TM04,35,33,3,2026-08-04T09:44:48,2026-08-05T19:38,2033.2
20264,V202608-L00471,TM11,21,37,2,2026-08-04T09:04,2026-08-05T19:35,2071.0
20264,V202608-L00471,TM11,21,37,4,2026-08-04T09:04,2026-08-05T19:35,2071.0
20264,V202608-L00472,TB08,44,10,2,2026-08-04T10:25,2026-08-04T19:35,550.0
20264,V202608-L00472,TB09,44,10,4,2026-08-04T10:25,2026-08-04T19:35,550.0
20264,V202608-L00472,TB10,44,10,4,2026-08-04T10:25,2026-08-04T19:35,550.0
20264,V202608-L00476,TB06,38,24,4,2026-08-04T11:15,2026-08-05T20:29,1994.0
20264,V202608-L00476,TB07,38,24,4,2026-08-04T11:15,2026-08-05T20:29,1994.0
20264,V202608-L00477,TA01,60,27,4,2026-08-04T10:25:30,2026-08-04T20:32,606.5
20264,V202608-L00477,TA01,60,27,4,2026-08-04T10:25:30,2026-08-04T20:32,606.5
20264,V202608-L00477,TA01,60,27,1,2026-08-04T10:25:30,2026-08-04T20:32,606.5
20264,V202608-L00479,TA03,40,32,1,2026-08-04T11:12,2026-08-05T21:10,2038.0
20264,V202608-L00478,TM13,4,29,1,2026-08-04T11:28:48,2026-08-04T16:47,318.2
20264,V202608-L00475,TM15,8,25,3,2026-08-04T11:30:48,2026-08-04T12:17,46.2
20264,V202608-L00482,TA09,26,43,2,2026-08-04T11:28:30,2026-08-04T17:49,380.5
20264,V202608-L00474,TA10,45,28,4,2026-08-04T11:24,2026-08-04T15:50,266.0
20264,V202608-L00480,TA05,51,17,1,2026-08-04T11:42,2026-08-05T21:17,2015.0
20264,V202608-L00483,TA08,56,49,3,2026-08-04T11:58:30,2026-08-05T21:58,2039.5
20264,V202608-L00481,TA01,70,11,2,2026-08-04T12:13:30,2026-08-04T17:26,312.5
20264,V202608-L00481,TA01,70,11,4,2026-08-04T12:13:30,2026-08-04T17:26,312.5
20264,V202608-L00481,TA01,70,11,4,2026-08-04T12:13:30,2026-08-04T17:26,312.5
20264,V202608-L00486,TA02,60,50,1,2026-08-04T12:19,2026-08-04T22:33,614.0
20264,V202608-L00485,TA04,50,2,2,2026-08-04T12:31:30,2026-08-05T22:32,2040.5
20264,V202608-L00485,TA04,50,2,4,2026-08-04T12:31:30,2026-08-05T22:32,2040.5
20264,V202608-L00487,TA06,67,38,2,2026-08-04T12:13:30,2026-08-05T04:35,981.5
20264,V202608-L00488,TM09,32,13,3,2026-08-04T11:54:24,2026-08-04T22:38,643.6
20264,V202608-L00484,TM01,66,34,4,2026-08-04T12:28:48,2026-08-05T04:31,962.2
20264,V202608-L00484,TM02,66,34,4,2026-08-04T12:28:48,2026-08-05T04:31,962.2
20264,V202608-L00489,TM08,50,39,3,2026-08-04T12:36,2026-08-05T22:47,2051.0
20264,V202608-L00490,TM10,11,40,4,2026-08-04T12:27:12,2026-08-05T05:11,1003.8
20264,V202608-L00490,TM10,11,40,1,2026-08-04T12:27:12,2026-08-05T05:11,1003.8
20264,V202608-L00491,TA07,60,45,1,2026-08-04T13:01:30,2026-08-04T23:21,619.5
20264,V202608-L00491,TA07,60,45,4,2026-08-04T13:01:30,2026-08-04T23:21,619.5
20264,V202608-L00491,TA07,60,45,4,2026-08-04T13:01:30,2026-08-04T23:21,619.5
20264,V202608-L00492,TM07,14,47,2,2026-08-04T13:06:24,2026-08-05T23:33,2066.6
20264,V202608-L00492,TM12,14,47,4,2026-08-04T13:06:24,2026-08-05T23:33,2066.6
20264,V202608-L00493,TA03,58,30,4,2026-08-04T12:56,2026-08-05T23:43,2087.0
20264,V202608-L00493,TA10,58,30,4,2026-08-04T12:56,2026-08-05T23:43,2087.0
20264,V202608-L00494,TA09,8,7,4,2026-08-04T14:02:30,2026-08-04T20:04,361.5
20264,V202608-L00494,TA09,8,7,1,2026-08-04T14:02:30,2026-08-04T20:04,361.5
20264,V202608-L00495,TM05,25,4,4,2026-08-04T13:44:48,2026-08-05T06:10,985.2
20264,V202608-L00495,TM05,25,4,1,2026-08-04T13:44:48,2026-08-05T06:10,985.2
20264,V202608-L00495,TM06,25,4,4,2026-08-04T13:44:48,2026-08-05T06:10,985.2
20264,V202608-L00496,TM09,4,11,4,2026-08-04T14:35:12,2026-08-06T00:26,2030.8
20264,V202608-L00496,TM09,4,11,2,2026-08-04T14:35:12,2026-08-06T00:26,2030.8
20264,V202608-L00497,TA05,31,23,4,2026-08-04T14:25,2026-08-06T00:34,2049.0
20264,V202608-L00497,TA05,31,23,1,2026-08-04T14:25,2026-08-06T00:34,2049.0
20264,V202608-L00498,TA02,62,48,1,2026-08-04T14:39,2026-08-06T00:51,2052.0
20264,V202608-L00498,TA06,62,48,4,2026-08-04T14:39,2026-08-06T00:51,2052.0
20264,V202608-L00498,TA08,62,48,4,2026-08-04T14:39,2026-08-06T00:51,2052.0
20264,V202608-L00499,TA03,36,32,2,2026-08-04T14:49,2026-08-06T01:04,2055.0
20264,V202608-L00499,TA10,36,32,4,2026-08-04T14:49,2026-08-06T01:04,2055.0
20264,V202608-L00499,TA10,36,32,4,2026-08-04T14:49,2026-08-06T01:04,2055.0
20264,V202608-L00502,TA01,63,33,3,2026-08-04T14:48,2026-08-05T07:23,995.0
20264,V202608-L00502,TA01,63,33,4,2026-08-04T14:48,2026-08-05T07:23,995.0
20264,V202608-L00501,TA04,54,30,4,2026-08-04T14:39,2026-08-05T07:23,1004.0
20264,V202608-L00501,TA04,54,30,1,2026-08-04T14:39,2026-08-05T07:23,1004.0
20264,V202608-L00501,TA04,54,30,4,2026-08-04T14:39,2026-08-05T07:23,1004.0
20264,V202608-L00508,TA01,66,6,4,2026-08-04T16:51,2026-08-06T02:15,2004.0
20264,V202608-L00508,TA01,66,6,4,2026-08-04T16:51,2026-08-06T02:15,2004.0
20264,V202608-L00503,TA04,59,0,3,2026-08-04T16:43:30,2026-08-04T17:31,47.5
20264,V202608-L00506,TA05,21,3,1,2026-08-04T16:25:30,2026-08-04T22:04,338.5
20264,V202608-L00509,TA07,52,6,4,2026-08-04T16:39,2026-08-05T02:25,586.0
20264,V202608-L00510,TA09,16,16,1,2026-08-04T16:19:30,2026-08-04T18:27,127.5
20264,V202608-L00505,TM02,53,11,2,2026-08-04T16:48,2026-08-05T01:45,537.0
20264,V202608-L00507,TM04,19,37,4,2026-08-04T16:19:12,2026-08-05T02:12,592.8
20264,V202608-L00507,TM04,19,37,2,2026-08-04T16:19:12,2026-08-05T02:12,592.8
20264,V202608-L00511,TM07,8,41,2,2026-08-04T16:16:48,2026-08-05T02:42,625.2
20264,V202608-L00504,TM10,3,38,2,2026-08-04T16:21:36,2026-08-04T17:40,78.4
20264,V202608-L00504,TM11,3,38,4,2026-08-04T16:21:36,2026-08-04T17:40,78.4
20264,V202608-L00507,TM12,19,37,4,2026-08-04T16:19:12,2026-08-05T02:12,592.8
20264,V202608-L00504,TM13,3,38,4,2026-08-04T16:21:36,2026-08-04T17:40,78.4
20264,V202608-L00505,TA02,53,11,4,2026-08-04T16:48,2026-08-05T01:45,537.0
20264,V202608-L00500,TA08,68,9,4,2026-08-04T17:01:30,2026-08-06T01:15,1933.5
20264,V202608-L00500,TA08,68,9,3,2026-08-04T17:01:30,2026-08-06T01:15,1933.5
20264,V202608-L00512,TA06,35,39,3,2026-08-04T17:11,2026-08-06T03:19,2048.0
20264,V202608-L00513,TA10,32,29,1,2026-08-04T17:20:30,2026-08-04T19:32,131.5
20264,V202608-L00513,TA10,32,29,4,2026-08-04T17:20:30,2026-08-04T19:32,131.5
20264,V202608-L00514,TA03,65,3,4,2026-08-04T17:48,2026-08-05T03:53,605.0
20264,V202608-L00514,TA03,65,3,2,2026-08-04T17:48,2026-08-05T03:53,605.0
20264,V202608-L00515,TM08,57,25,4,2026-08-04T17:04:48,2026-08-05T00:00,415.2
20264,V202608-L00515,TM08,57,25,3,2026-08-04T17:04:48,2026-08-05T00:00,415.2
20264,V202608-L00516,TM14,17,48,2,2026-08-04T17:46,2026-08-04T20:09,143.0
20264,V202608-L00516,TM15,17,48,4,2026-08-04T17:46,2026-08-04T20:09,143.0
20264,V202608-L00517,TM01,66,20,1,2026-08-04T18:08:24,2026-08-05T10:22,973.6
20264,V202608-L00517,TM01,66,20,4,2026-08-04T18:08:24,2026-08-05T10:22,973.6
20264,V202608-L00518,TM05,26,26,3,2026-08-04T18:11:12,2026-08-04T20:36,144.8
20264,V202608-L00520,TM06,42,11,2,2026-08-04T18:33:12,2026-08-05T10:50,976.8
20264,V202608-L00522,TM03,0,42,1,2026-08-04T18:48:24,2026-08-05T05:08,619.6
20264,V202608-L00523,TM09,21,27,2,2026-08-04T18:55:36,2026-08-05T11:08,972.4
20264,V202608-L00521,TA09,20,16,1,2026-08-04T18:52:30,2026-08-05T01:07,374.5
20264,V202608-L00521,TA09,20,16,4,2026-08-04T18:52:30,2026-08-05T01:07,374.5
20264,V202608-L00522,TM07,0,42,4,2026-08-04T19:12,2026-08-05T05:08,596.0
20264,V202608-L00522,TM07,0,42,4,2026-08-04T19:12,2026-08-05T05:08,596.0
20264,V202608-L00525,TA05,34,16,1,2026-08-04T19:04:30,2026-08-05T05:38,633.5
20264,V202608-L00526,TM04,11,2,3,2026-08-04T20:28:48,2026-08-04T21:56,87.2
20264,V202608-L00519,TM08,65,40,4,2026-08-04T20:00,2026-08-06T04:49,1969.0
20264,V202608-L00519,TM08,65,40,4,2026-08-04T20:00,2026-08-06T04:49,1969.0
20264,V202608-L00527,TA02,40,32,2,2026-08-04T19:51,2026-08-04T21:56,125.0
20264,V202608-L00528,TA07,65,44,2,2026-08-04T19:55:30,2026-08-05T11:56,960.5
20264,V202608-L00519,TA04,65,40,1,2026-08-04T19:58:30,2026-08-06T04:49,1970.5
20264,V202608-L00531,TA01,67,38,4,2026-08-04T20:07:30,2026-08-05T12:23,975.5
20264,V202608-L00531,TA01,67,38,3,2026-08-04T20:07:30,2026-08-05T12:23,975.5
20264,V202608-L00530,TM02,67,29,4,2026-08-04T20:04:48,2026-08-04T22:18,133.2
20264,V202608-L00530,TM02,67,29,4,2026-08-04T20:04:48,2026-08-04T22:18,133.2
20264,V202608-L00524,TA06,50,42,4,2026-08-04T20:50,2026-08-06T05:26,1956.0
20264,V202608-L00524,TA06,50,42,4,2026-08-04T20:50,2026-08-06T05:26,1956.0
20264,V202608-L00530,TA08,67,29,2,2026-08-04T20:03,2026-08-04T22:18,135.0
20264,V202608-L00529,TA10,69,8,2,2026-08-04T21:02:30,2026-08-04T22:13,70.5
20264,V202608-L00529,TA10,69,8,4,2026-08-04T21:02:30,2026-08-04T22:13,70.5
20264,V202608-L00533,TM12,45,39,4,2026-08-04T21:11:36,2026-08-05T06:46,574.4
20264,V202608-L00533,TM13,45,39,3,2026-08-04T21:11:36,2026-08-05T06:46,574.4
20264,V202608-L00536,TA09,28,3,2,2026-08-04T20:24,2026-08-05T12:54,990.0
20264,V202608-L00537,TM11,16,41,2,2026-08-04T20:16:48,2026-08-05T02:56,399.2
20264,V202608-L00535,TB01,23,15,4,2026-08-04T20:25,2026-08-05T06:51,626.0
20264,V202608-L00535,TB05,23,15,1,2026-08-04T20:25,2026-08-05T06:51,626.0
20264,V202608-L00532,TA05,23,6,2,2026-08-04T20:36,2026-08-05T12:26,950.0
20264,V202608-L00532,TA05,23,6,4,2026-08-04T20:36,2026-08-05T12:26,950.0
20264,V202608-L00534,TA03,63,31,1,2026-08-04T20:51,2026-08-06T06:49,2038.0
20264,V202608-L00534,TA03,63,31,4,2026-08-04T20:51,2026-08-06T06:49,2038.0
20264,V202608-L00538,TM14,15,44,4,2026-08-04T20:51:36,2026-08-05T13:29,997.4
20264,V202608-L00538,TM14,15,44,2,2026-08-04T20:51:36,2026-08-05T13:29,997.4
20264,V202608-L00539,TM01,65,22,4,2026-08-04T21:18,2026-08-05T07:38,620.0
20264,V202608-L00539,TM01,65,22,4,2026-08-04T21:18,2026-08-05T07:38,620.0
20264,V202608-L00540,TM05,39,11,3,2026-08-04T21:26,2026-08-05T03:44,378.0
20264,V202608-L00540,TM05,39,11,4,2026-08-04T21:26,2026-08-05T03:44,378.0
20264,V202608-L00541,TM09,29,5,1,2026-08-04T21:16:24,2026-08-05T07:45,628.6
20264,V202608-L00541,TM09,29,5,4,2026-08-04T21:16:24,2026-08-05T07:45,628.6
20264,V202608-L00544,TA02,50,47,4,2026-08-04T22:04:30,2026-08-05T14:20,975.5
20264,V202608-L00544,TA02,50,47,3,2026-08-04T22:04:30,2026-08-05T14:20,975.5
20264,V202608-L00543,TA08,61,1,4,2026-08-04T22:06,2026-08-06T08:18,2052.0
20264,V202608-L00543,TA08,61,1,4,2026-08-04T22:06,2026-08-06T08:18,2052.0
20264,V202608-L00542,TM06,33,6,1,2026-08-04T21:53:36,2026-08-05T08:16,622.4
20264,V202608-L00542,TM06,33,6,4,2026-08-04T21:53:36,2026-08-05T08:16,622.4
20264,V202608-L00545,TA04,67,22,1,2026-08-04T21:52:30,2026-08-05T04:22,389.5
20264,V202608-L00545,TA04,67,22,4,2026-08-04T21:52:30,2026-08-05T04:22,389.5
20264,V202608-L00545,TA04,67,22,4,2026-08-04T21:52:30,2026-08-05T04:22,389.5
20264,V202608-L00546,TM03,16,34,4,2026-08-04T21:49:12,2026-08-05T04:29,399.8
20264,V202608-L00546,TM07,16,34,1,2026-08-04T21:49:12,2026-08-05T04:29,399.8
20264,V202608-L00546,TM10,16,34,4,2026-08-04T21:49:12,2026-08-05T04:29,399.8
20264,V202608-L00548,TA01,58,2,3,2026-08-04T22:19,2026-08-05T00:38,139.0
20264,V202608-L00547,TA07,42,24,3,2026-08-04T22:07,2026-08-06T08:35,2068.0
20264,V202608-L00542,TA09,33,6,4,2026-08-04T22:03,2026-08-05T08:16,613.0
20264,V202608-L00549,TA05,34,8,3,2026-08-04T22:19:30,2026-08-05T08:53,633.5
20264,V202608-L00551,TA03,64,7,3,2026-08-04T22:50:30,2026-08-06T09:08,2057.5
20264,V202608-L00551,TA03,64,7,4,2026-08-04T22:50:30,2026-08-06T09:08,2057.5
20264,V202608-L00558,TA01,44,47,4,2026-08-05T00:49:30,2026-08-05T16:55,965.5
20264,V202608-L00555,TA04,70,40,2,2026-08-05T00:39,2026-08-06T10:34,2035.0
20264,V202608-L00554,TA05,33,10,4,2026-08-05T00:15,2026-08-05T02:20,125.0
20264,V202608-L00558,TA07,44,47,2,2026-08-05T00:49:30,2026-08-05T16:55,965.5
20264,V202608-L00558,TA08,44,47,4,2026-08-05T00:49:30,2026-08-05T16:55,965.5
20264,V202608-L00557,TA09,13,2,3,2026-08-05T00:39,2026-08-05T06:50,371.0
20264,V202608-L00559,TM03,17,35,1,2026-08-05T00:19:12,2026-08-05T10:57,637.8
20264,V202608-L00553,TM04,33,20,4,2026-08-05T00:28:48,2026-08-05T10:18,589.2
20264,V202608-L00552,TM05,2,9,4,2026-08-05T01:12,2026-08-06T10:06,1974.0
20264,V202608-L00552,TM06,2,9,4,2026-08-05T01:12,2026-08-06T10:06,1974.0
20264,V202608-L00552,TM06,2,9,1,2026-08-05T01:12,2026-08-06T10:06,1974.0
20264,V202608-L00550,TM09,21,2,3,2026-08-05T00:43:12,2026-08-05T15:08,864.8
20264,V202608-L00550,TM09,21,2,4,2026-08-05T00:43:12,2026-08-05T15:08,864.8
20264,V202608-L00556,TM11,32,40,3,2026-08-05T00:52:48,2026-08-05T10:37,584.2
20264,V202608-L00560,TA02,59,29,4,2026-08-05T00:16,2026-08-05T11:03,647.0
20264,V202608-L00560,TA02,59,29,3,2026-08-05T00:16,2026-08-05T11:03,647.0
20264,V202608-L00561,TA06,58,30,4,2026-08-05T00:26,2026-08-06T11:13,2087.0
20264,V202608-L00561,TA10,58,30,4,2026-08-05T00:26,2026-08-06T11:13,2087.0
20264,V202608-L00562,TM07,5,10,3,2026-08-05T01:54,2026-08-06T11:26,2012.0
20264,V202608-L00563,TB01,28,2,4,2026-08-05T01:35,2026-08-06T11:27,2032.0
20264,V202608-L00566,TA03,58,9,3,2026-08-05T01:18:30,2026-08-05T17:46,987.5
20264,V202608-L00565,TM13,60,27,4,2026-08-05T00:57:12,2026-08-05T03:43,165.8
20264,V202608-L00564,TB06,31,18,1,2026-08-05T01:30,2026-08-06T11:43,2053.0
20264,V202608-L00564,TB09,31,18,4,2026-08-05T01:30,2026-08-06T11:43,2053.0
20264,V202608-L00568,TM01,40,35,4,2026-08-05T02:00,2026-08-06T12:00,2040.0
20264,V202608-L00568,TM01,40,35,2,2026-08-05T02:00,2026-08-06T12:00,2040.0
20264,V202608-L00567,TM02,53,10,4,2026-08-05T01:50:24,2026-08-05T17:57,966.6
20264,V202608-L00568,TM08,40,35,4,2026-08-05T02:00,2026-08-06T12:00,2040.0
20264,V202608-L00571,TM10,6,20,4,2026-08-05T02:07:36,2026-08-06T12:10,2042.4
20264,V202608-L00569,TM12,54,34,3,2026-08-05T01:34,2026-08-06T12:03,2069.0
20264,V202608-L00571,TM14,6,20,4,2026-08-05T02:07:36,2026-08-06T12:10,2042.4
20264,V202608-L00576,TM15,24,25,2,2026-08-05T02:44:48,2026-08-05T08:39,354.2
20264,V202608-L00575,TB11,23,19,2,2026-08-05T02:25,2026-08-06T12:39,2054.0
20264,V202608-L00579,TB02,30,9,4,2026-08-05T02:50,2026-08-05T13:02,612.0
20264,V202608-L00579,TB03,30,9,1,2026-08-05T02:50,2026-08-05T13:02,612.0
20264,V202608-L00572,TA02,55,37,4,2026-08-05T02:40,2026-08-05T18:15,935.0
20264,V202608-L00572,TA02,55,37,2,2026-08-05T02:40,2026-08-05T18:15,935.0
20264,V202608-L00580,TA02,49,41,2,2026-08-05T03:55,2026-08-06T13:14,1999.0
20264,V202608-L00581,TA05,38,18,4,2026-08-05T02:52:30,2026-08-06T13:28,2075.5
20264,V202608-L00581,TA05,38,18,4,2026-08-05T02:52:30,2026-08-06T13:28,2075.5
20264,V202608-L00578,TA06,49,4,2,2026-08-05T03:18:30,2026-08-06T12:58,2019.5
20264,V202608-L00578,TA06,49,4,4,2026-08-05T03:18:30,2026-08-06T12:58,2019.5
20264,V202608-L00578,TA06,49,4,4,2026-08-05T03:18:30,2026-08-06T12:58,2019.5
20264,V202608-L00570,TA10,49,38,3,2026-08-05T03:00:30,2026-08-05T12:04,543.5
20264,V202608-L00570,TA10,49,38,4,2026-08-05T03:00:30,2026-08-05T12:04,543.5
20264,V202608-L00574,TM04,44,0,4,2026-08-05T04:12,2026-08-05T12:38,506.0
20264,V202608-L00574,TM04,44,0,2,2026-08-05T04:12,2026-08-05T12:38,506.0
20264,V202608-L00584,TM03,7,26,1,2026-08-05T03:40:48,2026-08-05T09:51,370.2
20264,V202608-L00584,TM03,7,26,4,2026-08-05T03:40:48,2026-08-05T09:51,370.2
20264,V202608-L00573,TM13,67,21,4,2026-08-05T03:42:48,2026-08-05T12:27,524.2
20264,V202608-L00573,TM13,67,21,2,2026-08-05T03:42:48,2026-08-05T12:27,524.2
20264,V202608-L00586,TA04,57,5,4,2026-08-05T03:51,2026-08-05T20:07,976.0
20264,V202608-L00584,TA09,7,26,4,2026-08-05T04:06,2026-08-05T09:51,345.0
20264,V202608-L00585,TM09,12,18,4,2026-08-05T04:12,2026-08-06T14:03,2031.0
20264,V202608-L00585,TM09,12,18,3,2026-08-05T04:12,2026-08-06T14:03,2031.0
20264,V202608-L00582,TA01,65,20,1,2026-08-05T04:01:30,2026-08-05T13:29,567.5
20264,V202608-L00582,TA01,65,20,4,2026-08-05T04:01:30,2026-08-05T13:29,567.5
20264,V202608-L00582,TA01,65,20,4,2026-08-05T04:01:30,2026-08-05T13:29,567.5
20264,V202608-L00583,TA07,70,40,3,2026-08-05T04:18,2026-08-06T13:50,2012.0
20264,V202608-L00577,TA08,47,0,4,2026-08-05T04:34:30,2026-08-05T04:51,16.5
20264,V202608-L00577,TA08,47,0,2,2026-08-05T04:34:30,2026-08-05T04:51,16.5
20264,V202608-L00577,TA08,47,0,4,2026-08-05T04:34:30,2026-08-05T04:51,16.5
20264,V202608-L00588,TM11,10,38,4,2026-08-05T03:55:12,2026-08-05T10:26,390.8
20264,V202608-L00587,TM11,13,44,4,2026-08-05T05:16:48,2026-08-05T06:08,51.2
20264,V202608-L00589,TB07,20,8,1,2026-08-05T04:55,2026-08-05T14:31,576.0
20264,V202608-L00591,TA03,68,22,4,2026-08-05T04:37,2026-08-05T15:05,628.0
20264,V202608-L00591,TA03,68,22,1,2026-08-05T04:37,2026-08-05T15:05,628.0
20264,V202608-L00590,TA05,5,11,4,2026-08-05T04:52:30,2026-08-05T20:43,950.5
20264,V202608-L00590,TA05,5,11,2,2026-08-05T04:52:30,2026-08-05T20:43,950.5
20264,V202608-L00592,TM06,21,34,4,2026-08-05T05:26:24,2026-08-05T21:12,945.6
20264,V202608-L00592,TM06,21,34,2,2026-08-05T05:26:24,2026-08-05T21:12,945.6
20264,V202608-L00593,TM14,14,29,4,2026-08-05T05:36:24,2026-08-05T08:02,145.6
20264,V202608-L00593,TM14,14,29,3,2026-08-05T05:36:24,2026-08-05T08:02,145.6
20264,V202608-L00594,TA09,1,24,4,2026-08-05T06:09,2026-08-05T12:08,359.0
20264,V202608-L00594,TA09,1,24,1,2026-08-05T06:09,2026-08-05T12:08,359.0
20264,V202608-L00595,TM15,13,12,3,2026-08-05T06:28:24,2026-08-06T16:45,2056.6
20264,V202608-L00595,TM15,13,12,4,2026-08-05T06:28:24,2026-08-06T16:45,2056.6
20264,V202608-L00597,TA01,40,14,4,2026-08-05T06:45,2026-08-05T08:59,134.0
20264,V202608-L00599,TA05,27,27,3,2026-08-05T06:59:30,2026-08-06T17:34,2074.5
20264,V202608-L00598,TA01,5,16,4,2026-08-05T08:40:30,2026-08-05T09:28,47.5
20264,V202608-L00598,TA01,5,16,3,2026-08-05T08:40:30,2026-08-05T09:28,47.5
20264,V202608-L00607,TA02,43,27,4,2026-08-05T08:21,2026-08-06T18:56,2075.0
20264,V202608-L00607,TA02,43,27,2,2026-08-05T08:21,2026-08-06T18:56,2075.0
20264,V202608-L00607,TA02,43,27,4,2026-08-05T08:21,2026-08-06T18:56,2075.0
20264,V202608-L00602,TA04,40,45,4,2026-08-05T08:52:30,2026-08-06T18:26,2013.5
20264,V202608-L00602,TA04,40,45,4,2026-08-05T08:52:30,2026-08-06T18:26,2013.5
20264,V202608-L00600,TA06,48,10,4,2026-08-05T08:39,2026-08-05T14:04,325.0
20264,V202608-L00600,TA06,48,10,2,2026-08-05T08:39,2026-08-05T14:04,325.0
20264,V202608-L00600,TA06,48,10,4,2026-08-05T08:39,2026-08-05T14:04,325.0
20264,V202608-L00606,TA07,50,50,4,2026-08-05T08:45,2026-08-06T18:54,2049.0
20264,V202608-L00606,TA07,50,50,3,2026-08-05T08:45,2026-08-06T18:54,2049.0
20264,V202608-L00601,TA08,34,50,3,2026-08-05T09:09,2026-08-06T00:24,915.0
20264,V202608-L00601,TA08,34,50,4,2026-08-05T09:09,2026-08-06T00:24,915.0
20264,V202608-L00604,TA09,39,41,4,2026-08-05T08:45,2026-08-06T18:46,2041.0
20264,V202608-L00604,TA09,39,41,4,2026-08-05T08:45,2026-08-06T18:46,2041.0
20264,V202608-L00605,TA10,70,39,4,2026-08-05T08:37:30,2026-08-05T18:52,614.5
20264,V202608-L00603,TM01,63,6,2,2026-08-05T09:04:48,2026-08-06T18:45,2020.2
20264,V202608-L00603,TM01,63,6,4,2026-08-05T09:04:48,2026-08-06T18:45,2020.2
20264,V202608-L00603,TM02,63,6,4,2026-08-05T09:04:48,2026-08-06T18:45,2020.2
20264,V202608-L00608,TA03,65,33,4,2026-08-05T08:31,2026-08-05T19:02,631.0
20264,V202608-L00608,TA03,65,33,4,2026-08-05T08:31,2026-08-05T19:02,631.0
20264,V202608-L00608,TA03,65,33,2,2026-08-05T08:31,2026-08-05T19:02,631.0
20264,V202608-L00596,TA05,36,0,3,2026-08-05T08:53:30,2026-08-05T22:54,840.5
20264,V202608-L00609,TM03,12,34,4,2026-08-05T08:29:36,2026-08-06T01:16,1006.4
20264,V202608-L00609,TM14,12,34,1,2026-08-05T08:29:36,2026-08-06T01:16,1006.4
20264,V202608-L00610,TM04,12,2,1,2026-08-05T09:34:48,2026-08-06T19:23,2028.2
20264,V202608-L00611,TM08,45,44,4,2026-08-05T09:39:36,2026-08-06T01:23,943.4
20264,V202608-L00611,TM08,45,44,1,2026-08-05T09:39:36,2026-08-06T01:23,943.4
20264,V202608-L00612,TM12,43,32,3,2026-08-05T09:25:36,2026-08-05T11:40,134.4
20264,V202608-L00613,TM13,59,3,3,2026-08-05T09:52:24,2026-08-06T19:41,2028.6
20264,V202608-L00614,TM05,33,19,3,2026-08-05T09:26:24,2026-08-06T19:53,2066.6
20264,V202608-L00615,TM15,3,6,3,2026-08-05T10:36:48,2026-08-05T12:18,101.2
20264,V202608-L00615,TM15,3,6,4,2026-08-05T10:36:48,2026-08-05T12:18,101.2
20264,V202608-L00616,TM07,58,16,2,2026-08-05T10:59:12,2026-08-06T20:32,2012.8
20264,V202608-L00616,TM09,58,16,4,2026-08-05T10:59:12,2026-08-06T20:32,2012.8
20264,V202608-L00617,TM06,66,13,2,2026-08-05T11:26,2026-08-06T20:44,1998.0
20264,V202608-L00619,TA02,45,20,4,2026-08-05T11:10:30,2026-08-05T13:02,111.5
20264,V202608-L00619,TA02,45,20,4,2026-08-05T11:10:30,2026-08-05T13:02,111.5
20264,V202608-L00619,TA02,45,20,2,2026-08-05T11:10:30,2026-08-05T13:02,111.5
20264,V202608-L00620,TB01,28,21,4,2026-08-05T11:20,2026-08-05T17:38,378.0
20264,V202608-L00620,TB06,28,21,4,2026-08-05T11:20,2026-08-05T17:38,378.0
20264,V202608-L00620,TB09,28,21,1,2026-08-05T11:20,2026-08-05T17:38,378.0
20264,V202608-L00621,TA03,51,41,2,2026-08-05T11:22,2026-08-05T21:44,622.0
20264,V202608-L00622,TM10,10,34,4,2026-08-05T11:04:24,2026-08-06T21:50,2085.6
20264,V202608-L00622,TM11,10,34,1,2026-08-05T11:04:24,2026-08-06T21:50,2085.6
20264,V202608-L00623,TM03,8,45,2,2026-08-05T11:26:24,2026-08-06T21:56,2069.6
20264,V202608-L00624,TA01,12,6,2,2026-08-05T11:51,2026-08-06T22:02,2051.0
20264,V202608-L00624,TA01,12,6,4,2026-08-05T11:51,2026-08-06T22:02,2051.0
20264,V202608-L00625,TA06,39,10,4,2026-08-05T11:40:30,2026-08-05T22:02,621.5
20264,V202608-L00625,TA06,39,10,4,2026-08-05T11:40:30,2026-08-05T22:02,621.5
20264,V202608-L00625,TA06,39,10,1,2026-08-05T11:40:30,2026-08-05T22:02,621.5
20264,V202608-L00627,TA10,65,4,4,2026-08-05T12:01:30,2026-08-05T18:06,364.5
20264,V202608-L00627,TA10,65,4,2,2026-08-05T12:01:30,2026-08-05T18:06,364.5
20264,V202608-L00628,TM14,8,26,4,2026-08-05T11:48:24,2026-08-06T22:09,2060.6
20264,V202608-L00631,TA05,28,17,4,2026-08-05T11:36,2026-08-05T22:28,652.0
20264,V202608-L00629,TA07,56,32,3,2026-08-05T11:39,2026-08-05T18:14,395.0
20264,V202608-L00629,TA07,56,32,4,2026-08-05T11:39,2026-08-05T18:14,395.0
20264,V202608-L00618,TA07,67,47,4,2026-08-05T13:18,2026-08-06T02:47,809.0
20264,V202608-L00618,TA07,67,47,2,2026-08-05T13:18,2026-08-06T02:47,809.0
20264,V202608-L00630,TA09,37,43,4,2026-08-05T12:15,2026-08-05T14:21,126.0
20264,V202608-L00626,TA04,38,48,4,2026-08-05T12:39,2026-08-05T22:06,567.0
20264,V202608-L00626,TA04,38,48,3,2026-08-05T12:39,2026-08-05T22:06,567.0
20264,V202608-L00632,TM05,38,0,2,2026-08-05T12:52:48,2026-08-06T22:42,2029.2
20264,V202608-L00633,TA08,28,49,2,2026-08-05T12:40:30,2026-08-05T18:43,362.5
20264,V202608-L00634,TM10,7,36,2,2026-08-05T12:35:36,2026-08-05T18:57,381.4
20264,V202608-L00635,TM01,56,12,4,2026-08-05T12:58:24,2026-08-05T23:18,619.6
20264,V202608-L00636,TA02,40,28,4,2026-08-05T13:07,2026-08-06T23:37,2070.0
20264,V202608-L00636,TA02,40,28,2,2026-08-05T13:07,2026-08-06T23:37,2070.0
20264,V202608-L00636,TA02,40,28,4,2026-08-05T13:07,2026-08-06T23:37,2070.0
20264,V202608-L00637,TM11,11,49,1,2026-08-05T13:18:48,2026-08-06T23:46,2067.2
20264,V202608-L00639,TA05,12,20,3,2026-08-05T13:31:30,2026-08-06T05:59,987.5
20264,V202608-L00639,TA05,12,20,4,2026-08-05T13:31:30,2026-08-06T05:59,987.5
20264,V202608-L00638,TM03,6,46,2,2026-08-05T13:33:36,2026-08-05T15:53,139.4
20264,V202608-L00640,TA03,52,24,4,2026-08-05T13:22,2026-08-06T06:03,1001.0
20264,V202608-L00640,TA03,52,24,2,2026-08-05T13:22,2026-08-06T06:03,1001.0
20264,V202608-L00641,TA01,9,2,1,2026-08-05T14:35,2026-08-06T00:49,614.0
20264,V202608-L00641,TA01,9,2,4,2026-08-05T14:35,2026-08-06T00:49,614.0
20264,V202608-L00641,TA01,9,2,4,2026-08-05T14:35,2026-08-06T00:49,614.0
20264,V202608-L00642,TA06,33,30,4,2026-08-05T14:53,2026-08-05T21:11,378.0
20264,V202608-L00643,TA10,62,35,2,2026-08-05T14:39:30,2026-08-07T01:16,2076.5
20264,V202608-L00643,TA10,62,35,4,2026-08-05T14:39:30,2026-08-07T01:16,2076.5
20264,V202608-L00644,TA08,1,42,4,2026-08-05T14:52:30,2026-08-05T17:21,148.5
20264,V202608-L00644,TA08,1,42,4,2026-08-05T14:52:30,2026-08-05T17:21,148.5
20264,V202608-L00644,TA09,1,42,2,2026-08-05T14:52:30,2026-08-05T17:21,148.5
20264,V202608-L00656,TA02,66,0,2,2026-08-05T16:54,2026-08-07T02:40,2026.0
20264,V202608-L00650,TA03,62,29,1,2026-08-05T16:10:30,2026-08-07T01:44,2013.5
20264,V202608-L00650,TA03,62,29,4,2026-08-05T16:10:30,2026-08-07T01:44,2013.5
20264,V202608-L00652,TA04,24,32,2,2026-08-05T16:27,2026-08-06T08:16,949.0
20264,V202608-L00654,TA05,28,39,1,2026-08-05T16:25:30,2026-08-06T08:20,954.5
20264,V202608-L00647,TA07,38,24,2,2026-08-05T16:33,2026-08-07T01:24,1971.0
20264,V202608-L00645,TA10,50,6,1,2026-08-05T16:42,2026-08-07T01:21,1959.0
20264,V202608-L00655,TM01,46,45,3,2026-08-05T17:09:36,2026-08-07T02:21,1991.4
20264,V202608-L00646,TM03,1,25,1,2026-08-05T16:57:36,2026-08-06T07:24,866.4
20264,V202608-L00651,TM04,13,18,4,2026-08-05T16:43:12,2026-08-06T02:14,570.8
20264,V202608-L00651,TM05,13,18,1,2026-08-05T16:43:12,2026-08-06T02:14,570.8
20264,V202608-L00655,TM08,46,45,4,2026-08-05T17:09:36,2026-08-07T02:21,1991.4
20264,V202608-L00657,TM10,26,35,3,2026-08-05T16:40:48,2026-08-05T22:43,362.2
20264,V202608-L00657,TM10,26,35,4,2026-08-05T16:40:48,2026-08-05T22:43,362.2
20264,V202608-L00658,TM11,18,34,1,2026-08-05T16:24,2026-08-07T02:51,2067.0
20264,V202608-L00646,TM14,1,25,4,2026-08-05T16:57:36,2026-08-06T07:24,866.4
20264,V202608-L00648,TM15,18,7,2,2026-08-05T16:38:24,2026-08-07T01:37,1978.6
20264,V202608-L00648,TM15,18,7,4,2026-08-05T16:38:24,2026-08-07T01:37,1978.6
20264,V202608-L00659,TA08,1,21,4,2026-08-05T16:57,2026-08-06T08:52,955.0
20264,V202608-L00649,TA09,6,49,4,2026-08-05T16:40:30,2026-08-07T01:42,1981.5
20264,V202608-L00660,TM02,52,31,2,2026-08-05T16:31:36,2026-08-05T19:04,152.4
20264,V202608-L00653,TA01,44,13,1,2026-08-05T16:47,2026-08-07T02:18,2011.0
20264,V202608-L00653,TA01,44,13,4,2026-08-05T16:47,2026-08-07T02:18,2011.0
20264,V202608-L00653,TA01,44,13,4,2026-08-05T16:47,2026-08-07T02:18,2011.0
20264,V202608-L00661,TA06,45,10,2,2026-08-05T17:03,2026-08-06T03:23,620.0
20264,V202608-L00663,TM06,9,22,2,2026-08-05T18:57:12,2026-08-07T03:41,1963.8
20264,V202608-L00663,TM12,9,22,4,2026-08-05T18:57:12,2026-08-07T03:41,1963.8
20264,V202608-L00664,TB03,11,5,4,2026-08-05T19:05,2026-08-07T03:54,1969.0
20264,V202608-L00666,TM13,68,22,4,2026-08-05T18:28:24,2026-08-07T04:46,2057.6
20264,V202608-L00666,TM13,68,22,1,2026-08-05T18:28:24,2026-08-07T04:46,2057.6
20264,V202608-L00667,TB01,22,14,4,2026-08-05T18:15,2026-08-06T04:47,632.0
20264,V202608-L00669,TB05,29,1,1,2026-08-05T19:25,2026-08-07T05:02,2017.0
20264,V202608-L00669,TB08,29,1,4,2026-08-05T19:25,2026-08-07T05:02,2017.0
20264,V202608-L00668,TA03,30,46,1,2026-08-05T19:30,2026-08-07T04:51,2001.0
20264,V202608-L00668,TA03,30,46,4,2026-08-05T19:30,2026-08-07T04:51,2001.0
20264,V202608-L00668,TA03,30,46,4,2026-08-05T19:30,2026-08-07T04:51,2001.0
20264,V202608-L00670,TB02,20,12,4,2026-08-05T19:05,2026-08-06T05:18,613.0
20264,V202608-L00670,TB06,20,12,2,2026-08-05T19:05,2026-08-06T05:18,613.0
20264,V202608-L00670,TB10,20,12,4,2026-08-05T19:05,2026-08-06T05:18,613.0
20264,V202608-L00671,TM09,54,50,4,2026-08-05T19:42:24,2026-08-06T11:38,955.6
20264,V202608-L00671,TM09,54,50,1,2026-08-05T19:42:24,2026-08-06T11:38,955.6
20264,V202608-L00662,TA04,3,43,4,2026-08-05T19:15,2026-08-05T23:39,264.0
20264,V202608-L00662,TA04,3,43,2,2026-08-05T19:15,2026-08-05T23:39,264.0
20264,V202608-L00665,TA05,2,44,4,2026-08-05T19:15,2026-08-06T10:29,914.0
20264,V202608-L00665,TA05,2,44,4,2026-08-05T19:15,2026-08-06T10:29,914.0
20264,V202608-L00672,TA10,48,50,4,2026-08-05T20:12,2026-08-07T06:12,2040.0
20264,V202608-L00672,TA10,48,50,1,2026-08-05T20:12,2026-08-07T06:12,2040.0
20264,V202608-L00672,TA10,48,50,4,2026-08-05T20:12,2026-08-07T06:12,2040.0
20264,V202608-L00673,TA09,45,38,2,2026-08-05T20:19:30,2026-08-07T06:26,2046.5
20264,V202608-L00674,TA08,37,37,2,2026-08-05T20:39,2026-08-07T06:51,2052.0
20264,V202608-L00675,TA01,11,10,4,2026-08-05T20:40,2026-08-06T07:05,625.0
20264,V202608-L00675,TA01,11,10,4,2026-08-05T20:40,2026-08-06T07:05,625.0
20264,V202608-L00676,TA02,56,44,2,2026-08-05T20:37,2026-08-06T13:06,989.0
20264,V202608-L00677,TA06,36,8,3,2026-08-05T21:02:30,2026-08-05T23:39,156.5
20264,V202608-L00677,TA07,36,8,4,2026-08-05T21:02:30,2026-08-05T23:39,156.5
20264,V202608-L00678,TM01,65,4,4,2026-08-05T22:04:24,2026-08-07T07:49,2024.6
20264,V202608-L00678,TM07,65,4,2,2026-08-05T22:04:24,2026-08-07T07:49,2024.6
20264,V202608-L00679,TM15,25,17,2,2026-08-05T21:12,2026-08-06T13:51,999.0
20264,V202608-L00679,TM15,25,17,4,2026-08-05T21:12,2026-08-06T13:51,999.0
20264,V202608-L00680,TM02,55,19,3,2026-08-05T21:34,2026-08-07T08:04,2070.0
20264,V202608-L00681,TM13,58,46,1,2026-08-05T22:08,2026-08-06T04:13,365.0
20264,V202608-L00681,TM13,58,46,4,2026-08-05T22:08,2026-08-06T04:13,365.0
20264,V202608-L00682,TA03,0,26,2,2026-08-05T22:16,2026-08-07T08:31,2055.0
20264,V202608-L00683,TA04,6,6,4,2026-08-05T22:47,2026-08-06T14:41,954.0
20264,V202608-L00683,TA05,6,6,3,2026-08-05T22:47,2026-08-06T14:41,954.0
20264,V202608-L00684,TA09,70,23,4,2026-08-05T22:25:30,2026-08-06T14:57,991.5
20264,V202608-L00684,TA09,70,23,4,2026-08-05T22:25:30,2026-08-06T14:57,991.5
20264,V202608-L00685,TA10,63,50,2,2026-08-05T22:43:30,2026-08-06T14:59,975.5
20264,V202608-L00686,TA01,34,19,4,2026-08-05T22:28,2026-08-06T15:03,995.0
20264,V202608-L00686,TA01,34,19,4,2026-08-05T22:28,2026-08-06T15:03,995.0
20264,V202608-L00686,TA01,34,19,1,2026-08-05T22:28,2026-08-06T15:03,995.0
20264,V202608-L00687,TA02,43,24,4,2026-08-05T22:35:30,2026-08-06T15:05,989.5
20264,V202608-L00687,TA02,43,24,4,2026-08-05T22:35:30,2026-08-06T15:05,989.5
20264,V202608-L00687,TA02,43,24,2,2026-08-05T22:35:30,2026-08-06T15:05,989.5
20264,V202608-L00689,TA07,30,15,4,2026-08-05T22:46,2026-08-06T05:32,406.0
20264,V202608-L00689,TA07,30,15,4,2026-08-05T22:46,2026-08-06T05:32,406.0
20264,V202608-L00691,TA01,47,6,4,2026-08-06T00:42,2026-08-07T09:51,1989.0
20264,V202608-L00688,TA02,41,48,4,2026-08-06T00:56:30,2026-08-06T05:18,261.5
20264,V202608-L00688,TA02,41,48,4,2026-08-06T00:56:30,2026-08-06T05:18,261.5
20264,V202608-L00688,TA02,41,48,2,2026-08-06T00:56:30,2026-08-06T05:18,261.5
20264,V202608-L00693,TA03,1,31,4,2026-08-06T00:27,2026-08-07T10:07,2020.0
20264,V202608-L00690,TA06,45,12,2,2026-08-06T00:30,2026-08-06T09:40,550.0
20264,V202608-L00692,TA07,31,23,1,2026-08-06T00:19:30,2026-08-06T01:57,97.5
20264,V202608-L00698,TA08,31,29,4,2026-08-06T00:42,2026-08-07T10:57,2055.0
20264,V202608-L00698,TA08,31,29,3,2026-08-06T00:42,2026-08-07T10:57,2055.0
20264,V202608-L00694,TA09,61,32,4,2026-08-06T00:13:30,2026-08-07T10:31,2057.5
20264,V202608-L00696,TM03,8,27,2,2026-08-06T00:36,2026-08-06T10:45,609.0
20264,V202608-L00696,TM03,8,27,4,2026-08-06T00:36,2026-08-06T10:45,609.0
20264,V202608-L00695,TM04,21,3,4,2026-08-06T00:40:48,2026-08-06T02:33,112.2
20264,V202608-L00695,TM04,21,3,1,2026-08-06T00:40:48,2026-08-06T02:33,112.2
20264,V202608-L00695,TM05,21,3,4,2026-08-06T00:40:48,2026-08-06T02:33,112.2
20264,V202608-L00696,TM11,8,27,4,2026-08-06T00:36,2026-08-06T10:45,609.0
20264,V202608-L00697,TM14,25,41,3,2026-08-06T00:38:24,2026-08-07T10:55,2056.6
20264,V202608-L00697,TM14,25,41,4,2026-08-06T00:38:24,2026-08-07T10:55,2056.6
20264,V202608-L00699,TM06,22,31,2,2026-08-06T01:00:48,2026-08-07T11:18,2057.2
20264,V202608-L00701,TA04,29,23,4,2026-08-06T01:53,2026-08-06T11:37,584.0
20264,V202608-L00701,TA04,29,23,4,2026-08-06T01:53,2026-08-06T11:37,584.0
20264,V202608-L00701,TA05,29,23,2,2026-08-06T01:53,2026-08-06T11:37,584.0
20264,V202608-L00702,TA10,69,33,2,2026-08-06T01:07,2026-08-07T11:39,2072.0
20264,V202608-L00702,TA10,69,33,4,2026-08-06T01:07,2026-08-07T11:39,2072.0
20264,V202608-L00702,TA10,69,33,4,2026-08-06T01:07,2026-08-07T11:39,2072.0
20264,V202608-L00700,TM10,3,44,1,2026-08-06T01:16,2026-08-07T11:32,2056.0
20264,V202608-L00700,TM10,3,44,4,2026-08-06T01:16,2026-08-07T11:32,2056.0
20264,V202608-L00703,TM01,47,23,4,2026-08-06T01:23:36,2026-08-06T03:41,137.4
20264,V202608-L00703,TM09,47,23,1,2026-08-06T01:23:36,2026-08-06T03:41,137.4
20264,V202608-L00704,TM12,13,48,1,2026-08-06T01:16:24,2026-08-07T11:44,2067.6
20264,V202608-L00704,TM12,13,48,4,2026-08-06T01:16:24,2026-08-07T11:44,2067.6
20264,V202608-L00705,TM15,36,11,4,2026-08-06T01:48:48,2026-08-06T12:16,627.2
20264,V202608-L00705,TM15,36,11,2,2026-08-06T01:48:48,2026-08-06T12:16,627.2
20264,V202608-L00705,TB07,36,11,4,2026-08-06T02:20,2026-08-06T12:16,596.0
20264,V202608-L00708,TM02,62,8,2,2026-08-06T02:47:36,2026-08-07T12:47,2039.4
20264,V202608-L00708,TM02,62,8,4,2026-08-06T02:47:36,2026-08-07T12:47,2039.4
20264,V202608-L00707,TM13,49,8,2,2026-08-06T02:54:48,2026-08-06T12:45,590.2
20264,V202608-L00709,TA07,24,47,3,2026-08-06T03:33,2026-08-07T12:48,1995.0
20264,V202608-L00709,TA07,24,47,4,2026-08-06T03:33,2026-08-07T12:48,1995.0
20264,V202608-L00711,TA09,37,47,4,2026-08-06T03:30,2026-08-07T13:28,2038.0
20264,V202608-L00713,TM07,48,40,3,2026-08-06T03:32:48,2026-08-07T13:40,2047.2
20264,V202608-L00706,TA03,20,43,1,2026-08-06T03:13:30,2026-08-07T12:45,2011.5
20264,V202608-L00714,TA06,19,33,3,2026-08-06T03:40:30,2026-08-07T14:00,2059.5
20264,V202608-L00715,TA08,17,27,4,2026-08-06T03:45,2026-08-06T10:07,382.0
20264,V202608-L00715,TA08,17,27,3,2026-08-06T03:45,2026-08-06T10:07,382.0
20264,V202608-L00710,TM03,11,45,4,2026-08-06T03:31:12,2026-08-07T13:22,2030.8
20264,V202608-L00710,TM03,11,45,1,2026-08-06T03:31:12,2026-08-07T13:22,2030.8
20264,V202608-L00716,TM08,61,40,1,2026-08-06T03:50:48,2026-08-06T20:08,977.2
20264,V202608-L00712,TM11,5,40,4,2026-08-06T03:33:36,2026-08-07T13:40,2046.4
20264,V202608-L00712,TM14,5,40,1,2026-08-06T03:38:24,2026-08-07T13:40,2041.6
20264,V202608-L00712,TM14,5,40,4,2026-08-06T03:38:24,2026-08-07T13:40,2041.6
20264,V202608-L00717,TA10,61,12,4,2026-08-06T04:02:30,2026-08-06T20:30,987.5
20264,V202608-L00717,TA10,61,12,4,2026-08-06T04:02:30,2026-08-06T20:30,987.5
20264,V202608-L00717,TA10,61,12,1,2026-08-06T04:02:30,2026-08-06T20:30,987.5
20264,V202608-L00718,TA01,47,9,2,2026-08-06T04:17:30,2026-08-07T14:36,2058.5
20264,V202608-L00720,TA02,54,26,1,2026-08-06T03:58,2026-08-07T14:47,2089.0
20264,V202608-L00720,TA02,54,26,4,2026-08-06T03:58,2026-08-07T14:47,2089.0
20264,V202608-L00719,TM01,49,40,4,2026-08-06T04:47:36,2026-08-07T14:38,2030.4
20264,V202608-L00719,TM01,49,40,1,2026-08-06T04:47:36,2026-08-07T14:38,2030.4
20264,V202608-L00719,TM09,49,40,4,2026-08-06T04:47:36,2026-08-07T14:38,2030.4
20264,V202608-L00721,TA04,51,23,3,2026-08-06T04:59:30,2026-08-06T21:10,970.5
20264,V202608-L00722,TA03,24,48,4,2026-08-06T05:06,2026-08-06T07:22,136.0
20264,V202608-L00722,TA03,24,48,1,2026-08-06T05:06,2026-08-06T07:22,136.0
20264,V202608-L00725,TM06,2,43,4,2026-08-06T05:16,2026-08-07T15:40,2064.0
20264,V202608-L00725,TM06,2,43,4,2026-08-06T05:16,2026-08-07T15:40,2064.0
20264,V202608-L00725,TM12,2,43,1,2026-08-06T05:16,2026-08-07T15:40,2064.0
20264,V202608-L00723,TA05,66,0,3,2026-08-06T06:09:30,2026-08-06T07:33,83.5
20264,V202608-L00726,TA02,70,35,4,2026-08-06T05:35:30,2026-08-07T15:49,2053.5
20264,V202608-L00726,TA02,70,35,2,2026-08-06T05:35:30,2026-08-07T15:49,2053.5
20264,V202608-L00728,TA06,5,8,4,2026-08-06T05:55:30,2026-08-06T22:00,964.5
20264,V202608-L00728,TA06,5,8,2,2026-08-06T05:55:30,2026-08-06T22:00,964.5
20264,V202608-L00728,TA06,5,8,4,2026-08-06T05:55:30,2026-08-06T22:00,964.5
20264,V202608-L00724,TM07,56,33,4,2026-08-06T05:42:24,2026-08-06T15:34,591.6
20264,V202608-L00724,TM07,56,33,1,2026-08-06T05:42:24,2026-08-06T15:34,591.6
20264,V202608-L00727,TA10,54,20,4,2026-08-06T05:46,2026-08-07T15:50,2044.0
20264,V202608-L00727,TA10,54,20,2,2026-08-06T05:46,2026-08-07T15:50,2044.0
20264,V202608-L00730,TM08,56,8,3,2026-08-06T06:28,2026-08-06T16:34,606.0
20264,V202608-L00730,TM08,56,8,4,2026-08-06T06:28,2026-08-06T16:34,606.0
20264,V202608-L00732,TA01,20,4,2,2026-08-06T06:20:30,2026-08-07T16:49,2068.5
20264,V202608-L00731,TA07,25,36,4,2026-08-06T06:12:30,2026-08-06T12:42,389.5
20264,V202608-L00731,TA08,25,36,3,2026-08-06T06:12:30,2026-08-06T12:42,389.5
20264,V202608-L00733,TM04,30,12,4,2026-08-06T06:12,2026-08-06T22:53,1001.0
20264,V202608-L00733,TM05,30,12,4,2026-08-06T06:12,2026-08-06T22:53,1001.0
20264,V202608-L00733,TM05,30,12,1,2026-08-06T06:12,2026-08-06T22:53,1001.0
20264,V202608-L00735,TA04,47,9,1,2026-08-06T06:56:30,2026-08-06T23:05,968.5
20264,V202608-L00735,TA04,47,9,4,2026-08-06T06:56:30,2026-08-06T23:05,968.5
20264,V202608-L00736,TM02,50,32,3,2026-08-06T06:48:48,2026-08-06T17:15,626.2
20264,V202608-L00734,TM15,32,7,2,2026-08-06T06:58:48,2026-08-06T17:05,606.2
20264,V202608-L00734,TM15,32,7,4,2026-08-06T06:58:48,2026-08-06T17:05,606.2
20264,V202608-L00746,TA01,3,1,1,2026-08-06T08:55:30,2026-08-07T18:46,2030.5
20264,V202608-L00747,TA02,63,32,4,2026-08-06T08:16:30,2026-08-07T18:53,2076.5
20264,V202608-L00747,TA02,63,32,2,2026-08-06T08:16:30,2026-08-07T18:53,2076.5
20264,V202608-L00747,TA02,63,32,4,2026-08-06T08:16:30,2026-08-07T18:53,2076.5
20264,V202608-L00738,TA03,32,46,4,2026-08-06T08:42,2026-08-06T17:55,553.0
20264,V202608-L00742,TA05,39,28,4,2026-08-06T08:32,2026-08-06T10:31,119.0
20264,V202608-L00742,TA05,39,28,2,2026-08-06T08:32,2026-08-06T10:31,119.0
20264,V202608-L00742,TA05,39,28,4,2026-08-06T08:32,2026-08-06T10:31,119.0
20264,V202608-L00734,TA06,32,7,4,2026-08-06T08:18,2026-08-06T17:05,527.0
20264,V202608-L00738,TA07,32,46,4,2026-08-06T08:42,2026-08-06T17:55,553.0
20264,V202608-L00745,TA08,40,50,4,2026-08-06T09:00,2026-08-06T10:44,104.0
20264,V202608-L00745,TA08,40,50,1,2026-08-06T09:00,2026-08-06T10:44,104.0
20264,V202608-L00741,TA10,57,33,1,2026-08-06T08:09,2026-08-07T18:27,2058.0
20264,V202608-L00737,TM01,55,12,4,2026-08-06T08:40:48,2026-08-07T17:26,1965.2
20264,V202608-L00737,TM01,55,12,4,2026-08-06T08:40:48,2026-08-07T17:26,1965.2
20264,V202608-L00740,TM07,65,39,4,2026-08-06T08:48,2026-08-07T18:20,2012.0
20264,V202608-L00743,TM09,57,33,4,2026-08-06T08:14:24,2026-08-07T18:42,2067.6
20264,V202608-L00743,TM09,57,33,4,2026-08-06T08:14:24,2026-08-07T18:42,2067.6
20264,V202608-L00744,TM12,13,24,4,2026-08-06T08:36,2026-08-06T14:44,368.0
20264,V202608-L00744,TM12,13,24,3,2026-08-06T08:36,2026-08-06T14:44,368.0
20264,V202608-L00739,TM13,55,10,4,2026-08-06T08:45:36,2026-08-06T10:06,80.4
20264,V202608-L00739,TM13,55,10,2,2026-08-06T08:45:36,2026-08-06T10:06,80.4
20264,V202608-L00729,TA09,20,33,2,2026-08-06T09:16:30,2026-08-06T16:23,426.5
20264,V202608-L00749,TM04,36,13,4,2026-08-06T08:34,2026-08-07T01:09,995.0
20264,V202608-L00749,TM04,36,13,1,2026-08-06T08:34,2026-08-07T01:09,995.0
20264,V202608-L00748,TM05,41,3,2,2026-08-06T09:10,2026-08-06T11:08,118.0
20264,V202608-L00740,TM08,65,39,4,2026-08-06T09:04,2026-08-07T18:20,1996.0
20264,V202608-L00740,TM08,65,39,2,2026-08-06T09:04,2026-08-07T18:20,1996.0
20264,V202608-L00751,TB04,27,10,4,2026-08-06T08:40,2026-08-07T19:19,2079.0
20264,V202608-L00751,TB05,27,10,4,2026-08-06T08:40,2026-08-07T19:19,2079.0
20264,V202608-L00751,TB11,27,10,1,2026-08-06T08:40,2026-08-07T19:19,2079.0
20264,V202608-L00750,TA04,14,6,1,2026-08-06T09:05:30,2026-08-06T11:15,129.5
20264,V202608-L00750,TA04,14,6,4,2026-08-06T09:05:30,2026-08-06T11:15,129.5
20264,V202608-L00750,TA04,14,6,4,2026-08-06T09:05:30,2026-08-06T11:15,129.5
20264,V202608-L00752,TM02,69,30,1,2026-08-06T09:06,2026-08-07T01:25,979.0
20264,V202608-L00753,TM14,4,13,4,2026-08-06T10:29:12,2026-08-07T02:07,937.8
20264,V202608-L00753,TM15,4,13,2,2026-08-06T10:07:36,2026-08-07T02:07,959.4
20264,V202608-L00753,TM15,4,13,4,2026-08-06T10:07:36,2026-08-07T02:07,959.4
20264,V202608-L00757,TM06,54,46,4,2026-08-06T11:20,2026-08-06T16:15,295.0
20264,V202608-L00757,TM10,54,46,1,2026-08-06T11:20,2026-08-06T16:15,295.0
20264,V202608-L00754,TM11,29,29,4,2026-08-06T10:22:24,2026-08-06T20:11,588.6
20264,V202608-L00756,TB10,39,16,2,2026-08-06T11:00,2026-08-07T20:13,1993.0
20264,V202608-L00758,TM03,53,41,3,2026-08-06T11:15:36,2026-08-06T20:26,550.4
20264,V202608-L00765,TA02,69,12,1,2026-08-06T11:13:30,2026-08-07T03:23,969.5
20264,V202608-L00763,TA06,9,0,1,2026-08-06T11:39,2026-08-07T21:22,2023.0
20264,V202608-L00768,TB03,20,19,4,2026-08-06T11:50,2026-08-06T17:44,354.0
20264,V202608-L00768,TB08,20,19,2,2026-08-06T11:50,2026-08-06T17:44,354.0
20264,V202608-L00755,TA05,69,26,2,2026-08-06T11:20,2026-08-07T20:11,1971.0
20264,V202608-L00769,TM12,8,39,2,2026-08-06T11:24,2026-08-07T04:08,1004.0
20264,V202608-L00759,TA03,20,44,4,2026-08-06T11:45,2026-08-07T20:37,1972.0
20264,V202608-L00767,TA07,9,27,4,2026-08-06T11:45,2026-08-07T21:37,2032.0
20264,V202608-L00764,TM01,52,23,4,2026-08-06T11:43:12,2026-08-07T21:23,2019.8
20264,V202608-L00760,TM04,36,9,4,2026-08-06T11:55:36,2026-08-07T20:51,1975.4
20264,V202608-L00772,TA04,19,10,2,2026-08-06T11:55,2026-08-07T22:16,2061.0
20264,V202608-L00774,TA09,25,33,4,2026-08-06T12:03,2026-08-07T22:28,2065.0
20264,V202608-L00762,TA10,46,14,3,2026-08-06T12:06,2026-08-07T21:17,1991.0
20264,V202608-L00773,TM07,47,45,4,2026-08-06T12:43:12,2026-08-06T14:19,95.8
20264,V202608-L00773,TM07,47,45,1,2026-08-06T12:43:12,2026-08-06T14:19,95.8
20264,V202608-L00771,TM09,67,28,3,2026-08-06T12:01:48,2026-08-07T22:14,2052.2
20264,V202608-L00766,TM13,70,41,3,2026-08-06T12:36,2026-08-07T21:36,1980.0
20264,V202608-L00776,TM02,60,1,4,2026-08-06T12:51:36,2026-08-07T04:37,945.4
20264,V202608-L00761,TA01,15,25,4,2026-08-06T12:25:30,2026-08-06T13:04,38.5
20264,V202608-L00761,TA01,15,25,3,2026-08-06T12:25:30,2026-08-06T13:04,38.5
20264,V202608-L00775,TA08,17,36,2,2026-08-06T12:10:30,2026-08-07T22:33,2062.5
20264,V202608-L00777,TM05,4,22,4,2026-08-06T13:24:24,2026-08-06T14:46,81.6
20264,V202608-L00778,TB04,18,9,4,2026-08-06T13:30,2026-08-06T19:15,345.0
20264,V202608-L00778,TB06,18,9,2,2026-08-06T13:30,2026-08-06T19:15,345.0
20264,V202608-L00781,TA05,45,35,4,2026-08-06T13:09:30,2026-08-07T23:28,2058.5
20264,V202608-L00779,TM12,9,37,2,2026-08-06T12:45:36,2026-08-06T23:19,633.4
20264,V202608-L00779,TM12,9,37,4,2026-08-06T12:45:36,2026-08-06T23:19,633.4
20264,V202608-L00784,TB01,25,10,4,2026-08-06T13:10,2026-08-06T15:37,147.0
20264,V202608-L00784,TB11,25,10,4,2026-08-06T13:10,2026-08-06T15:37,147.0
20264,V202608-L00784,TB12,25,10,1,2026-08-06T13:10,2026-08-06T15:37,147.0
20264,V202608-L00785,TM08,57,27,1,2026-08-06T12:50,2026-08-06T23:45,655.0
20264,V202608-L00785,TM08,57,27,4,2026-08-06T12:50,2026-08-06T23:45,655.0
20264,V202608-L00786,TA02,65,50,2,2026-08-06T13:46:30,2026-08-07T23:51,2044.5
20264,V202608-L00782,TA03,10,8,1,2026-08-06T13:54,2026-08-07T23:33,2019.0
20264,V202608-L00783,TA07,16,43,3,2026-08-06T13:19:30,2026-08-07T05:35,975.5
20264,V202608-L00787,TM01,58,33,4,2026-08-06T13:21:36,2026-08-07T23:56,2074.4
20264,V202608-L00787,TM01,58,33,2,2026-08-06T13:21:36,2026-08-07T23:56,2074.4
20264,V202608-L00780,TM11,39,11,4,2026-08-06T13:39:12,2026-08-06T15:24,104.8
20264,V202608-L00780,TM11,39,11,2,2026-08-06T13:39:12,2026-08-06T15:24,104.8
20264,V202608-L00770,TA04,13,8,3,2026-08-06T13:43,2026-08-07T04:12,869.0
20264,V202608-L00770,TA04,13,8,4,2026-08-06T13:43,2026-08-07T04:12,869.0
20264,V202608-L00789,TM15,15,15,4,2026-08-06T13:41:12,2026-08-08T00:08,2066.8
20264,V202608-L00789,TM15,15,15,2,2026-08-06T13:41:12,2026-08-08T00:08,2066.8
20264,V202608-L00788,TA08,31,43,4,2026-08-06T13:57,2026-08-08T00:03,2046.0
20264,V202608-L00788,TA08,31,43,2,2026-08-06T13:57,2026-08-08T00:03,2046.0
20264,V202608-L00788,TA08,31,43,4,2026-08-06T13:57,2026-08-08T00:03,2046.0
20264,V202608-L00793,TA06,65,8,3,2026-08-06T14:36,2026-08-08T00:30,2034.0
20264,V202608-L00790,TA10,24,28,3,2026-08-06T14:00,2026-08-08T00:22,2062.0
20264,V202608-L00791,TM09,62,34,1,2026-08-06T13:58:48,2026-08-08T00:26,2067.2
20264,V202608-L00795,TA09,36,39,1,2026-08-06T14:27:30,2026-08-06T20:44,376.5
20264,V202608-L00794,TM03,62,40,2,2026-08-06T14:42,2026-08-06T20:33,351.0
20264,V202608-L00792,TM08,57,43,4,2026-08-06T14:28:24,2026-08-06T16:29,120.6
20264,V202608-L00792,TM08,57,43,4,2026-08-06T14:28:24,2026-08-06T16:29,120.6
20264,V202608-L00797,TA01,27,34,4,2026-08-06T14:38:30,2026-08-08T01:09,2070.5
20264,V202608-L00797,TA01,27,34,1,2026-08-06T14:38:30,2026-08-08T01:09,2070.5
20264,V202608-L00796,TM04,24,10,4,2026-08-06T14:26:48,2026-08-06T17:09,162.2
20264,V202608-L00796,TM04,24,10,4,2026-08-06T14:26:48,2026-08-06T17:09,162.2
20264,V202608-L00801,TA07,22,46,1,2026-08-06T15:00,2026-08-07T07:29,989.0
20264,V202608-L00802,TM12,13,40,4,2026-08-06T14:47:12,2026-08-08T01:31,2083.8
20264,V202608-L00802,TM12,13,40,1,2026-08-06T14:47:12,2026-08-08T01:31,2083.8
20264,V202608-L00798,TA01,22,43,4,2026-08-06T16:29:30,2026-08-06T17:11,41.5
20264,V202608-L00798,TA01,22,43,4,2026-08-06T16:29:30,2026-08-06T17:11,41.5
20264,V202608-L00798,TA01,22,43,1,2026-08-06T16:29:30,2026-08-06T17:11,41.5
20264,V202608-L00809,TA02,40,25,1,2026-08-06T16:28:30,2026-08-06T22:14,345.5
20264,V202608-L00809,TA02,40,25,4,2026-08-06T16:28:30,2026-08-06T22:14,345.5
20264,V202608-L00799,TA03,28,36,4,2026-08-06T16:34:30,2026-08-08T01:25,1970.5
20264,V202608-L00799,TA03,28,36,4,2026-08-06T16:34:30,2026-08-08T01:25,1970.5
20264,V202608-L00799,TA03,28,36,1,2026-08-06T16:34:30,2026-08-08T01:25,1970.5
20264,V202608-L00810,TA04,24,6,4,2026-08-06T16:16:30,2026-08-07T02:17,600.5
20264,V202608-L00810,TA04,24,6,3,2026-08-06T16:16:30,2026-08-07T02:17,600.5
20264,V202608-L00804,TA05,36,32,2,2026-08-06T16:39,2026-08-06T17:56,77.0
20264,V202608-L00804,TA05,36,32,4,2026-08-06T16:39,2026-08-06T17:56,77.0
20264,V202608-L00800,TA08,20,44,3,2026-08-06T16:21,2026-08-08T01:29,1988.0
20264,V202608-L00803,TA09,20,42,1,2026-08-06T16:23,2026-08-08T01:56,2013.0
20264,V202608-L00805,TA10,2,4,3,2026-08-06T16:52:30,2026-08-06T22:02,309.5
20264,V202608-L00808,TM04,7,4,2,2026-08-06T17:12,2026-08-06T18:06,54.0
20264,V202608-L00806,TM11,22,25,4,2026-08-06T16:38:24,2026-08-07T08:03,924.6
20264,V202608-L00806,TM11,22,25,4,2026-08-06T16:38:24,2026-08-07T08:03,924.6
20264,V202608-L00807,TM12,18,41,1,2026-08-06T16:21:36,2026-08-08T02:05,2023.4
20264,V202608-L00807,TM12,18,41,4,2026-08-06T16:21:36,2026-08-08T02:05,2023.4
20264,V202608-L00806,TM15,22,25,2,2026-08-06T16:38:24,2026-08-07T08:03,924.6
20264,V202608-L00811,TA06,38,47,2,2026-08-06T17:15,2026-08-08T03:03,2028.0
20264,V202608-L00812,TA07,35,48,4,2026-08-06T17:16:30,2026-08-07T03:18,601.5
20264,V202608-L00812,TA07,35,48,4,2026-08-06T17:16:30,2026-08-07T03:18,601.5
20264,V202608-L00815,TM01,55,17,3,2026-08-06T16:58:48,2026-08-06T23:27,388.2
20264,V202608-L00814,TM05,13,27,3,2026-08-06T16:58:48,2026-08-08T03:26,2067.2
20264,V202608-L00814,TM05,13,27,4,2026-08-06T16:58:48,2026-08-08T03:26,2067.2
20264,V202608-L00813,TM06,52,34,4,2026-08-06T16:58:48,2026-08-08T03:21,2062.2
20264,V202608-L00813,TM09,52,34,2,2026-08-06T16:58:48,2026-08-08T03:21,2062.2
20264,V202608-L00816,TM08,63,34,4,2026-08-06T17:11:12,2026-08-08T03:38,2066.8
20264,V202608-L00816,TM13,63,34,1,2026-08-06T17:11:12,2026-08-08T03:38,2066.8
20264,V202608-L00817,TM14,31,40,1,2026-08-06T18:02,2026-08-06T23:50,348.0
20264,V202608-L00819,TM02,42,35,4,2026-08-06T17:55:12,2026-08-07T09:56,960.8
20264,V202608-L00820,TM03,45,24,4,2026-08-06T17:46,2026-08-08T04:08,2062.0
20264,V202608-L00820,TM03,45,24,4,2026-08-06T17:46,2026-08-08T04:08,2062.0
20264,V202608-L00820,TM07,45,24,2,2026-08-06T17:46,2026-08-08T04:08,2062.0
20264,V202608-L00821,TB07,21,8,4,2026-08-06T18:20,2026-08-08T04:11,2031.0
20264,V202608-L00821,TB08,21,8,4,2026-08-06T18:20,2026-08-08T04:11,2031.0
20264,V202608-L00822,TM10,52,48,4,2026-08-06T18:32:24,2026-08-08T04:24,2031.6
20264,V202608-L00822,TM10,52,48,1,2026-08-06T18:32:24,2026-08-08T04:24,2031.6
20264,V202608-L00824,TB04,22,17,1,2026-08-06T18:50,2026-08-06T21:07,137.0
20264,V202608-L00824,TB12,22,17,4,2026-08-06T18:50,2026-08-06T21:07,137.0
20264,V202608-L00823,TA04,37,15,2,2026-08-06T18:49:30,2026-08-08T04:53,2043.5
20264,V202608-L00818,TA09,7,37,4,2026-08-06T18:50,2026-08-08T03:56,1986.0
20264,V202608-L00826,TA01,9,27,4,2026-08-06T19:13,2026-08-07T01:41,388.0
20264,V202608-L00826,TA01,9,27,1,2026-08-06T19:13,2026-08-07T01:41,388.0
20264,V202608-L00822,TA02,52,48,4,2026-08-06T19:36,2026-08-08T04:24,1968.0
20264,V202608-L00827,TA08,5,11,4,2026-08-06T19:41,2026-08-07T05:50,609.0
20264,V202608-L00828,TB02,28,21,4,2026-08-06T19:30,2026-08-08T05:50,2060.0
20264,V202608-L00828,TB09,28,21,4,2026-08-06T19:30,2026-08-08T05:50,2060.0
20264,V202608-L00828,TB10,28,21,1,2026-08-06T19:30,2026-08-08T05:50,2060.0
20264,V202608-L00830,TA03,42,34,3,2026-08-06T20:01,2026-08-08T06:03,2042.0
20264,V202608-L00829,TA05,64,23,1,2026-08-06T19:34:30,2026-08-06T21:57,142.5
20264,V202608-L00829,TA05,64,23,4,2026-08-06T19:34:30,2026-08-06T21:57,142.5
20264,V202608-L00831,TM06,63,23,4,2026-08-06T19:51:36,2026-08-07T12:03,971.4
20264,V202608-L00831,TM06,63,23,4,2026-08-06T19:51:36,2026-08-07T12:03,971.4
20264,V202608-L00832,TM09,56,29,3,2026-08-06T19:34:48,2026-08-08T06:06,2071.2
20264,V202608-L00825,TM01,60,36,2,2026-08-06T20:02:36,2026-08-07T01:36,333.4
20264,V202608-L00834,TM11,19,18,3,2026-08-06T19:58:48,2026-08-07T12:26,987.2
20264,V202608-L00833,TA10,12,0,1,2026-08-06T20:28:30,2026-08-07T02:20,351.5
20264,V202608-L00835,TM05,2,43,4,2026-08-06T20:16,2026-08-08T06:38,2062.0
20264,V202608-L00825,TM08,60,36,4,2026-08-06T20:11:12,2026-08-07T01:36,324.8
20264,V202608-L00835,TM12,2,43,2,2026-08-06T20:16,2026-08-08T06:38,2062.0
20264,V202608-L00835,TM12,2,43,4,2026-08-06T20:16,2026-08-08T06:38,2062.0
20264,V202608-L00825,TM13,60,36,4,2026-08-06T20:11:12,2026-08-07T01:36,324.8
20264,V202608-L00836,TA04,20,4,4,2026-08-06T20:31:30,2026-08-06T22:52,140.5
20264,V202608-L00836,TA04,20,4,1,2026-08-06T20:31:30,2026-08-06T22:52,140.5
20264,V202608-L00837,TA09,35,48,1,2026-08-06T20:49:30,2026-08-07T06:54,604.5
20264,V202608-L00839,TA07,20,50,4,2026-08-06T20:40,2026-08-07T03:09,389.0
20264,V202608-L00839,TA07,20,50,4,2026-08-06T20:40,2026-08-07T03:09,389.0
20264,V202608-L00838,TM15,18,7,2,2026-08-06T20:48:24,2026-08-08T07:03,2054.6
20264,V202608-L00840,TM04,29,7,4,2026-08-06T21:28:48,2026-08-08T07:18,2029.2
20264,V202608-L00840,TM04,29,7,1,2026-08-06T21:28:48,2026-08-08T07:18,2029.2
20264,V202608-L00841,TM03,58,0,4,2026-08-06T21:47:12,2026-08-07T03:22,334.8
20264,V202608-L00841,TM03,58,0,4,2026-08-06T21:47:12,2026-08-07T03:22,334.8
20264,V202608-L00841,TM07,58,0,2,2026-08-06T21:47:12,2026-08-07T03:22,334.8
20264,V202608-L00842,TA05,67,47,4,2026-08-06T21:36,2026-08-07T13:32,956.0
20264,V202608-L00842,TA05,67,47,4,2026-08-06T21:36,2026-08-07T13:32,956.0
20264,V202608-L00844,TA01,42,41,1,2026-08-06T21:49:30,2026-08-08T07:58,2048.5
20264,V202608-L00844,TA01,42,41,4,2026-08-06T21:49:30,2026-08-08T07:58,2048.5
20264,V202608-L00843,TA02,64,6,3,2026-08-06T21:57,2026-08-07T07:57,600.0
20264,V202608-L00843,TA02,64,6,4,2026-08-06T21:57,2026-08-07T07:57,600.0
20264,V202608-L00845,TA08,38,28,3,2026-08-06T21:56,2026-08-07T14:02,966.0
20264,V202608-L00847,TM02,62,31,1,2026-08-06T21:41:36,2026-08-08T08:12,2070.4
20264,V202608-L00848,TM11,17,15,2,2026-08-06T21:54,2026-08-08T08:19,2065.0
20264,V202608-L00846,TA03,60,9,4,2026-08-06T22:05:30,2026-08-08T08:11,2045.5
20264,V202608-L00846,TA03,60,9,4,2026-08-06T22:05:30,2026-08-08T08:11,2045.5
20264,V202608-L00846,TA03,60,9,1,2026-08-06T22:05:30,2026-08-08T08:11,2045.5
20264,V202608-L00849,TM01,58,16,4,2026-08-06T22:08:48,2026-08-07T00:32,143.2
20264,V202608-L00850,TM10,62,28,2,2026-08-06T22:04:24,2026-08-08T08:49,2084.6
20264,V202608-L00850,TM13,62,28,4,2026-08-06T22:04:24,2026-08-08T08:49,2084.6
20264,V202608-L00852,TA04,36,23,4,2026-08-06T22:37,2026-08-07T05:04,387.0
20264,V202608-L00851,TA10,17,19,3,2026-08-06T22:34:30,2026-08-07T15:03,988.5
20264,V202608-L00851,TA10,17,19,4,2026-08-06T22:34:30,2026-08-07T15:03,988.5
20264,V202608-L00853,TA01,47,39,1,2026-08-07T00:33,2026-08-08T09:13,1960.0
20264,V202608-L00861,TA02,61,34,4,2026-08-07T00:16:30,2026-08-07T16:44,987.5
20264,V202608-L00861,TA02,61,34,2,2026-08-07T00:16:30,2026-08-07T16:44,987.5
20264,V202608-L00855,TA03,68,40,4,2026-08-07T00:36,2026-08-07T09:45,549.0
20264,V202608-L00858,TA04,2,15,4,2026-08-07T00:43,2026-08-08T10:39,2036.0
20264,V202608-L00856,TA05,60,16,3,2026-08-07T02:07:30,2026-08-07T05:50,222.5
20264,V202608-L00860,TA06,21,25,4,2026-08-07T00:36,2026-08-07T10:44,608.0
20264,V202608-L00860,TA06,21,25,4,2026-08-07T00:36,2026-08-07T10:44,608.0
20264,V202608-L00860,TA06,21,25,1,2026-08-07T00:36,2026-08-07T10:44,608.0
20264,V202608-L00854,TA08,55,0,2,2026-08-07T00:43:30,2026-08-07T05:24,280.5
20264,V202608-L00854,TA08,55,0,4,2026-08-07T00:43:30,2026-08-07T05:24,280.5
20264,V202608-L00859,TA09,7,31,4,2026-08-07T00:18,2026-08-07T10:39,621.0
20264,V202608-L00857,TA10,32,4,1,2026-08-07T00:37:30,2026-08-07T06:32,354.5
20264,V202608-L00863,TM11,15,15,3,2026-08-07T00:31:12,2026-08-07T17:00,988.8
20264,V202608-L00863,TM11,15,15,4,2026-08-07T00:31:12,2026-08-07T17:00,988.8
20264,V202608-L00859,TM14,7,31,4,2026-08-07T00:28:48,2026-08-07T10:39,610.2
20264,V202608-L00859,TM14,7,31,1,2026-08-07T00:28:48,2026-08-07T10:39,610.2
20264,V202608-L00862,TM15,24,13,4,2026-08-07T00:09:36,2026-08-07T02:52,162.4
20264,V202608-L00862,TM15,24,13,4,2026-08-07T00:09:36,2026-08-07T02:52,162.4
20264,V202608-L00865,TM01,48,11,4,2026-08-07T01:10,2026-08-08T11:06,2036.0
20264,V202608-L00865,TM06,48,11,4,2026-08-07T01:10,2026-08-08T11:06,2036.0
20264,V202608-L00865,TM07,48,11,1,2026-08-07T01:10,2026-08-08T11:06,2036.0
20264,V202608-L00864,TM09,65,28,3,2026-08-07T00:31:36,2026-08-07T17:02,990.4
20264,V202608-L00866,TA07,7,19,4,2026-08-07T00:56,2026-08-08T11:20,2064.0
20264,V202608-L00866,TA07,7,19,4,2026-08-07T00:56,2026-08-08T11:20,2064.0
20264,V202608-L00867,TM05,16,36,1,2026-08-07T01:04:24,2026-08-07T11:41,636.6
20264,V202608-L00867,TM05,16,36,4,2026-08-07T01:04:24,2026-08-07T11:41,636.6
20264,V202608-L00867,TM12,16,36,4,2026-08-07T01:04:24,2026-08-07T11:41,636.6
20264,V202608-L00868,TM10,46,34,2,2026-08-07T02:03:12,2026-08-07T08:16,372.8
20264,V202608-L00868,TM10,46,34,4,2026-08-07T02:03:12,2026-08-07T08:16,372.8
20264,V202608-L00869,TM03,56,6,4,2026-08-07T02:22:48,2026-08-07T12:23,600.2
20264,V202608-L00869,TM08,56,6,4,2026-08-07T02:22:48,2026-08-07T12:23,600.2
20264,V202608-L00869,TM13,56,6,1,2026-08-07T02:22:48,2026-08-07T12:23,600.2
20264,V202608-L00870,TM04,27,1,4,2026-08-07T03:14:24,2026-08-07T13:00,585.6
20264,V202608-L00870,TM04,27,1,4,2026-08-07T03:14:24,2026-08-07T13:00,585.6
20264,V202608-L00871,TM15,15,11,1,2026-08-07T02:55:12,2026-08-08T13:06,2050.8
20264,V202608-L00873,TA02,33,44,3,2026-08-07T03:34:30,2026-08-07T05:19,104.5
20264,V202608-L00873,TA02,33,44,4,2026-08-07T03:34:30,2026-08-07T05:19,104.5
20264,V202608-L00872,TA09,19,47,4,2026-08-07T03:00,2026-08-08T13:09,2049.0
20264,V202608-L00872,TA09,19,47,4,2026-08-07T03:00,2026-08-08T13:09,2049.0
20264,V202608-L00872,TA09,19,47,2,2026-08-07T03:00,2026-08-08T13:09,2049.0
20264,V202608-L00874,TM02,57,17,3,2026-08-07T02:54,2026-08-08T13:26,2072.0
20264,V202608-L00877,TA01,54,20,1,2026-08-07T03:21,2026-08-07T09:57,396.0
20264,V202608-L00878,TM14,21,34,1,2026-08-07T03:31:12,2026-08-07T19:58,986.8
20264,V202608-L00878,TM14,21,34,4,2026-08-07T03:31:12,2026-08-07T19:58,986.8
20264,V202608-L00875,TA03,43,48,4,2026-08-07T04:04:30,2026-08-07T19:35,930.5
20264,V202608-L00876,TA06,45,45,2,2026-08-07T04:48:30,2026-08-08T13:47,1978.5
20264,V202608-L00879,TA10,38,24,4,2026-08-07T03:51:30,2026-08-07T14:15,623.5
20264,V202608-L00879,TA10,38,24,3,2026-08-07T03:51:30,2026-08-07T14:15,623.5
20264,V202608-L00876,TA04,45,45,4,2026-08-07T04:48:30,2026-08-08T13:47,1978.5
20264,V202608-L00880,TA08,55,46,3,2026-08-07T04:01:30,2026-08-07T10:24,382.5
20264,V202608-L00880,TA08,55,46,4,2026-08-07T04:01:30,2026-08-07T10:24,382.5
20264,V202608-L00881,TA07,36,35,4,2026-08-07T04:20:30,2026-08-07T10:40,379.5
20264,V202608-L00883,TM01,55,45,2,2026-08-07T04:58,2026-08-08T15:01,2043.0
20264,V202608-L00882,TM11,22,7,2,2026-08-07T04:41:36,2026-08-07T21:01,979.4
20264,V202608-L00885,TB11,30,8,2,2026-08-07T04:55,2026-08-07T11:08,373.0
20264,V202608-L00884,TM15,37,14,4,2026-08-07T04:55:12,2026-08-08T15:06,2050.8
20264,V202608-L00888,TA01,51,2,1,2026-08-07T05:26:30,2026-08-08T15:37,2050.5
20264,V202608-L00888,TA01,51,2,4,2026-08-07T05:26:30,2026-08-08T15:37,2050.5
20264,V202608-L00887,TA05,39,26,4,2026-08-07T05:08:30,2026-08-07T15:34,625.5
20264,V202608-L00887,TA05,39,26,2,2026-08-07T05:08:30,2026-08-07T15:34,625.5
20264,V202608-L00886,TA09,1,6,2,2026-08-07T05:44:30,2026-08-08T15:32,2027.5
20264,V202608-L00889,TM04,32,16,4,2026-08-07T05:06:48,2026-08-08T15:43,2076.2
20264,V202608-L00890,TM05,24,38,2,2026-08-07T05:18:48,2026-08-08T15:50,2071.2
20264,V202608-L00890,TM05,24,38,4,2026-08-07T05:18:48,2026-08-08T15:50,2071.2
20264,V202608-L00890,TM12,24,38,4,2026-08-07T05:18:48,2026-08-08T15:50,2071.2
20264,V202608-L00891,TA02,25,24,4,2026-08-07T05:55:30,2026-08-08T15:54,2038.5
20264,V202608-L00891,TA02,25,24,1,2026-08-07T05:55:30,2026-08-08T15:54,2038.5
20264,V202608-L00891,TA02,25,24,4,2026-08-07T05:55:30,2026-08-08T15:54,2038.5
20264,V202608-L00893,TM14,22,47,2,2026-08-07T05:55:36,2026-08-08T16:09,2053.4
20264,V202608-L00892,TA10,19,6,2,2026-08-07T05:47,2026-08-07T22:02,975.0
20264,V202608-L00896,TA08,52,16,1,2026-08-07T05:57,2026-08-07T22:30,993.0
20264,V202608-L00896,TA08,52,16,4,2026-08-07T05:57,2026-08-07T22:30,993.0
20264,V202608-L00895,TM02,55,33,3,2026-08-07T05:49:12,2026-08-08T16:24,2074.8
20264,V202608-L00897,TB10,28,18,4,2026-08-07T06:05,2026-08-07T22:37,992.0
20264,V202608-L00897,TB12,28,18,2,2026-08-07T06:05,2026-08-07T22:37,992.0
20264,V202608-L00894,TA03,69,46,2,2026-08-07T06:43:30,2026-08-07T08:17,93.5
20264,V202608-L00894,TA03,69,46,4,2026-08-07T06:43:30,2026-08-07T08:17,93.5
20264,V202608-L00898,TA07,34,24,2,2026-08-07T06:55,2026-08-07T16:39,584.0
20264,V202608-L00904,TA01,68,42,3,2026-08-07T08:39,2026-08-08T18:13,2014.0
20264,V202608-L00905,TA02,11,26,4,2026-08-07T08:19:30,2026-08-07T18:14,594.5
20264,V202608-L00905,TA02,11,26,4,2026-08-07T08:19:30,2026-08-07T18:14,594.5
20264,V202608-L00905,TA02,11,26,2,2026-08-07T08:19:30,2026-08-07T18:14,594.5
20264,V202608-L00901,TA04,51,43,4,2026-08-07T08:33,2026-08-08T17:50,1997.0
20264,V202608-L00901,TA04,51,43,1,2026-08-07T08:33,2026-08-08T17:50,1997.0
20264,V202608-L00899,TA05,47,50,4,2026-08-07T08:49:30,2026-08-07T17:41,531.5
20264,V202608-L00907,TA06,36,45,2,2026-08-07T08:58:30,2026-08-08T18:26,2007.5
20264,V202608-L00903,TA08,57,9,1,2026-08-07T08:27,2026-08-08T00:07,940.0
20264,V202608-L00908,TA09,0,17,3,2026-08-07T08:45,2026-08-08T00:53,968.0
20264,V202608-L00906,TA10,46,3,4,2026-08-07T08:45,2026-08-08T18:20,2015.0
20264,V202608-L00899,TM01,47,50,1,2026-08-07T09:19:12,2026-08-07T17:41,501.8
20264,V202608-L00900,TM06,43,12,4,2026-08-07T09:09:36,2026-08-07T23:45,875.4
20264,V202608-L00900,TM09,43,12,1,2026-08-07T09:09:36,2026-08-07T23:45,875.4
20264,V202608-L00900,TM09,43,12,4,2026-08-07T09:09:36,2026-08-07T23:45,875.4
20264,V202608-L00902,TM11,36,10,2,2026-08-07T08:31:12,2026-08-07T18:05,573.8
20264,V202608-L00902,TM11,36,10,4,2026-08-07T08:31:12,2026-08-07T18:05,573.8
20264,V202608-L00899,TM13,47,50,4,2026-08-07T09:19:12,2026-08-07T17:41,501.8
20264,V202608-L00902,TM15,36,10,4,2026-08-07T08:31:12,2026-08-07T18:05,573.8
20264,V202608-L00910,TM02,68,26,4,2026-08-07T08:38:48,2026-08-08T19:10,2071.2
20264,V202608-L00910,TM08,68,26,4,2026-08-07T08:38:48,2026-08-08T19:10,2071.2
20264,V202608-L00911,TM03,35,27,3,2026-08-07T09:33:24,2026-08-08T01:14,940.6
20264,V202608-L00911,TM10,35,27,4,2026-08-07T09:33:24,2026-08-08T01:14,940.6
20264,V202608-L00909,TA03,59,2,4,2026-08-07T09:10:30,2026-08-08T19:04,2033.5
20264,V202608-L00909,TA03,59,2,4,2026-08-07T09:10:30,2026-08-08T19:04,2033.5
20264,V202608-L00909,TA03,59,2,1,2026-08-07T09:10:30,2026-08-08T19:04,2033.5
20264,V202608-L00912,TA07,8,28,2,2026-08-07T09:10,2026-08-08T01:37,987.0
20264,V202608-L00912,TA07,8,28,4,2026-08-07T09:10,2026-08-08T01:37,987.0
20264,V202608-L00912,TA07,8,28,4,2026-08-07T09:10,2026-08-08T01:37,987.0
20264,V202608-L00913,TM04,29,6,3,2026-08-07T09:24,2026-08-08T19:56,2072.0
20264,V202608-L00913,TM04,29,6,4,2026-08-07T09:24,2026-08-08T19:56,2072.0
20264,V202608-L00914,TM05,25,45,1,2026-08-07T09:58,2026-08-08T02:07,969.0
20264,V202608-L00915,TM12,16,50,3,2026-08-07T09:48:24,2026-08-07T12:08,139.6
20264,V202608-L00915,TM14,16,50,4,2026-08-07T09:48:24,2026-08-07T12:08,139.6
20264,V202608-L00916,TM07,35,37,4,2026-08-07T10:36:48,2026-08-07T12:12,95.2
20264,V202608-L00916,TM07,35,37,3,2026-08-07T10:36:48,2026-08-07T12:12,95.2
20264,V202608-L00918,TB03,27,29,1,2026-08-07T10:45,2026-08-08T20:25,2020.0
20264,V202608-L00917,TB06,17,10,2,2026-08-07T10:40,2026-08-08T20:23,2023.0
20264,V202608-L00918,TB11,27,29,4,2026-08-07T10:45,2026-08-08T20:25,2020.0
20264,V202608-L00920,TA02,12,30,4,2026-08-07T10:52,2026-08-07T17:34,402.0
20264,V202608-L00920,TA02,12,30,1,2026-08-07T10:52,2026-08-07T17:34,402.0
20264,V202608-L00920,TA02,12,30,4,2026-08-07T10:52,2026-08-07T17:34,402.0
20264,V202608-L00919,TA08,68,28,3,2026-08-07T11:12,2026-08-08T03:17,965.0
20264,V202608-L00922,TA04,68,50,4,2026-08-07T11:57,2026-08-07T21:44,587.0
20264,V202608-L00922,TA04,68,50,4,2026-08-07T11:57,2026-08-07T21:44,587.0
20264,V202608-L00921,TM11,21,21,2,2026-08-07T11:33:36,2026-08-08T21:34,2040.4
20264,V202608-L00921,TM15,21,21,4,2026-08-07T11:33:36,2026-08-08T21:34,2040.4
20264,V202608-L00923,TA01,54,44,2,2026-08-07T11:50,2026-08-07T18:11,381.0
20264,V202608-L00923,TA01,54,44,4,2026-08-07T11:50,2026-08-07T18:11,381.0
20264,V202608-L00924,TA09,33,26,4,2026-08-07T12:11:30,2026-08-08T04:18,966.5
20264,V202608-L00924,TA10,33,26,1,2026-08-07T12:11:30,2026-08-08T04:18,966.5
20264,V202608-L00925,TA07,7,2,4,2026-08-07T12:41:30,2026-08-08T22:36,2034.5
20264,V202608-L00925,TA07,7,2,4,2026-08-07T12:41:30,2026-08-08T22:36,2034.5
20264,V202608-L00925,TA07,7,2,2,2026-08-07T12:41:30,2026-08-08T22:36,2034.5
20264,V202608-L00926,TM04,29,8,1,2026-08-07T12:07:12,2026-08-07T22:36,628.8
20264,V202608-L00926,TM04,29,8,4,2026-08-07T12:07:12,2026-08-07T22:36,628.8
20264,V202608-L00927,TA05,55,31,1,2026-08-07T11:59,2026-08-08T22:48,2089.0
20264,V202608-L00927,TA05,55,31,4,2026-08-07T11:59,2026-08-08T22:48,2089.0
20264,V202608-L00929,TA03,53,44,2,2026-08-07T12:31:30,2026-08-07T22:58,626.5
20264,V202608-L00929,TA03,53,44,4,2026-08-07T12:31:30,2026-08-07T22:58,626.5
20264,V202608-L00929,TA03,53,44,4,2026-08-07T12:31:30,2026-08-07T22:58,626.5
20264,V202608-L00928,TA06,37,31,4,2026-08-07T12:48,2026-08-08T22:53,2045.0
20264,V202608-L00928,TA06,37,31,2,2026-08-07T12:48,2026-08-08T22:53,2045.0
20264,V202608-L00931,TA02,4,23,2,2026-08-07T12:44:30,2026-08-07T19:10,385.5
20264,V202608-L00931,TA02,4,23,4,2026-08-07T12:44:30,2026-08-07T19:10,385.5
20264,V202608-L00931,TA02,4,23,4,2026-08-07T12:44:30,2026-08-07T19:10,385.5
20264,V202608-L00930,TM02,48,22,3,2026-08-07T12:43:36,2026-08-07T23:04,620.4
20264,V202608-L00933,TM08,69,30,4,2026-08-07T12:56,2026-08-07T15:18,142.0
20264,V202608-L00932,TA08,55,5,4,2026-08-07T13:06,2026-08-08T05:16,970.0
20264,V202608-L00932,TA08,55,5,1,2026-08-07T13:06,2026-08-08T05:16,970.0
20264,V202608-L00934,TM05,15,37,1,2026-08-07T12:59:36,2026-08-07T15:42,162.4
20264,V202608-L00935,TM03,9,8,3,2026-08-07T13:57:36,2026-08-08T23:55,2037.4
20264,V202608-L00936,TM10,34,19,3,2026-08-07T13:48:48,2026-08-09T00:11,2062.2
20264,V202608-L00936,TM15,34,19,4,2026-08-07T13:48:48,2026-08-09T00:11,2062.2
20264,V202608-L00937,TM12,24,26,1,2026-08-07T14:27:36,2026-08-07T16:30,122.4
20264,V202608-L00938,TA10,5,10,2,2026-08-07T14:19,2026-08-09T00:34,2055.0
20264,V202608-L00938,TA10,5,10,4,2026-08-07T14:19,2026-08-09T00:34,2055.0
20264,V202608-L00939,TA01,65,27,3,2026-08-07T14:02,2026-08-07T20:46,404.0
20264,V202608-L00940,TA04,68,40,4,2026-08-07T14:36,2026-08-09T00:52,2056.0
20264,V202608-L00941,TA09,1,6,4,2026-08-07T14:51,2026-08-09T00:57,2046.0
20264,V202608-L00941,TA09,1,6,3,2026-08-07T14:51,2026-08-09T00:57,2046.0
20264,V202608-L00942,TA01,56,16,1,2026-08-07T16:18,2026-08-07T21:49,331.0
20264,V202608-L00945,TA02,37,47,2,2026-08-07T16:51,2026-08-08T02:32,581.0
20264,V202608-L00945,TA02,37,47,4,2026-08-07T16:51,2026-08-08T02:32,581.0
20264,V202608-L00944,TA08,54,33,4,2026-08-07T16:13:30,2026-08-08T02:16,602.5
20264,V202608-L00944,TA08,54,33,3,2026-08-07T16:13:30,2026-08-08T02:16,602.5
20264,V202608-L00943,TA10,45,0,2,2026-08-07T16:48,2026-08-09T01:56,1988.0
20264,V202608-L00943,TA10,45,0,4,2026-08-07T16:48,2026-08-09T01:56,1988.0
20264,V202608-L00946,TA06,21,24,4,2026-08-07T16:54:30,2026-08-09T03:20,2065.5
20264,V202608-L00946,TA06,21,24,3,2026-08-07T16:54:30,2026-08-09T03:20,2065.5
20264,V202608-L00948,TA07,24,5,2,2026-08-07T16:58,2026-08-08T03:36,638.0
20264,V202608-L00947,TM05,9,44,4,2026-08-07T17:01:36,2026-08-08T09:33,991.4
20264,V202608-L00947,TM05,9,44,4,2026-08-07T17:01:36,2026-08-08T09:33,991.4
20264,V202608-L00947,TM07,9,44,1,2026-08-07T17:01:36,2026-08-08T09:33,991.4
20264,V202608-L00949,TA09,40,14,4,2026-08-07T17:09:30,2026-08-08T09:47,997.5
20264,V202608-L00949,TA09,40,14,4,2026-08-07T17:09:30,2026-08-08T09:47,997.5
20264,V202608-L00949,TA09,40,14,2,2026-08-07T17:09:30,2026-08-08T09:47,997.5
20264,V202608-L00950,TA03,65,39,1,2026-08-07T17:30,2026-08-09T03:53,2063.0
20264,V202608-L00952,TA05,59,37,4,2026-08-07T17:18,2026-08-09T03:55,2077.0
20264,V202608-L00951,TM14,15,34,4,2026-08-07T17:16:48,2026-08-07T23:54,397.2
20264,V202608-L00951,TB03,15,34,4,2026-08-07T17:35,2026-08-07T23:54,379.0
20264,V202608-L00951,TB11,15,34,1,2026-08-07T17:35,2026-08-07T23:54,379.0
20264,V202608-L00953,TM12,28,16,4,2026-08-07T17:27:12,2026-08-09T04:17,2089.8
20264,V202608-L00953,TM12,28,16,4,2026-08-07T17:27:12,2026-08-09T04:17,2089.8
20264,V202608-L00953,TM15,28,16,1,2026-08-07T17:27:12,2026-08-09T04:17,2089.8
20264,V202608-L00954,TA04,49,3,4,2026-08-07T18:28,2026-08-08T00:35,367.0
20264,V202608-L00954,TA04,49,3,4,2026-08-07T18:28,2026-08-08T00:35,367.0
20264,V202608-L00954,TA04,49,3,1,2026-08-07T18:28,2026-08-08T00:35,367.0
20264,V202608-L00955,TM03,20,19,4,2026-08-07T18:08:48,2026-08-07T20:39,150.2
20264,V202608-L00956,TM06,9,4,4,2026-08-07T18:57:12,2026-08-08T00:49,351.8
20264,V202608-L00956,TM09,9,4,1,2026-08-07T18:57:12,2026-08-08T00:49,351.8
20264,V202608-L00956,TM11,9,4,4,2026-08-07T18:57:12,2026-08-08T00:49,351.8
20264,V202608-L00957,TM13,52,43,4,2026-08-07T18:50:24,2026-08-08T10:53,962.6
20264,V202608-L00957,TM13,52,43,4,2026-08-07T18:50:24,2026-08-08T10:53,962.6
20264,V202608-L00958,TA08,45,0,4,2026-08-07T19:28:30,2026-08-08T05:21,592.5
20264,V202608-L00962,TA01,47,13,4,2026-08-07T19:26,2026-08-09T05:50,2064.0
20264,V202608-L00962,TA01,47,13,4,2026-08-07T19:26,2026-08-09T05:50,2064.0
20264,V202608-L00960,TM04,8,25,4,2026-08-07T20:02,2026-08-09T05:48,2026.0
20264,V202608-L00960,TM04,8,25,1,2026-08-07T20:02,2026-08-09T05:48,2026.0
20264,V202608-L00959,TM10,19,7,3,2026-08-07T19:26,2026-08-08T11:43,977.0
20264,V202608-L00959,TM10,19,7,4,2026-08-07T19:26,2026-08-08T11:43,977.0
20264,V202608-L00963,TA06,5,13,1,2026-08-07T19:53,2026-08-09T06:03,2050.0
20264,V202608-L00965,TA09,2,11,1,2026-08-07T20:11,2026-08-09T06:15,2044.0
20264,V202608-L00966,TM01,66,30,4,2026-08-07T19:48:48,2026-08-07T22:20,151.2
20264,V202608-L00966,TM01,66,30,1,2026-08-07T19:48:48,2026-08-07T22:20,151.2
20264,V202608-L00966,TM02,66,30,4,2026-08-07T19:48:48,2026-08-07T22:20,151.2
20264,V202608-L00968,TA05,52,15,1,2026-08-07T20:01:30,2026-08-08T02:25,383.5
20264,V202608-L00968,TA05,52,15,4,2026-08-07T20:01:30,2026-08-08T02:25,383.5
20264,V202608-L00961,TA10,40,16,4,2026-08-07T19:58:30,2026-08-09T05:49,2030.5
20264,V202608-L00961,TA10,40,16,4,2026-08-07T19:58:30,2026-08-09T05:49,2030.5
20264,V202608-L00961,TA10,40,16,1,2026-08-07T19:58:30,2026-08-09T05:49,2030.5
20264,V202608-L00967,TM05,12,36,4,2026-08-07T19:34:48,2026-08-08T02:21,406.2
20264,V202608-L00967,TM07,12,36,4,2026-08-07T19:34:48,2026-08-08T02:21,406.2
20264,V202608-L00964,TA02,30,48,4,2026-08-07T20:24,2026-08-09T06:03,2019.0
20264,V202608-L00969,TA07,20,25,3,2026-08-07T20:17,2026-08-08T12:41,984.0
20264,V202608-L00970,TA03,53,26,2,2026-08-07T20:07:30,2026-08-09T06:53,2085.5
20264,V202608-L00970,TA03,53,26,4,2026-08-07T20:07:30,2026-08-09T06:53,2085.5
20264,V202608-L00970,TA03,53,26,4,2026-08-07T20:07:30,2026-08-09T06:53,2085.5
20264,V202608-L00971,TM08,47,31,4,2026-08-07T20:43:36,2026-08-09T07:08,2064.4
20264,V202608-L00972,TM12,25,33,1,2026-08-07T21:00:24,2026-08-08T07:09,608.6
20264,V202608-L00972,TM12,25,33,4,2026-08-07T21:00:24,2026-08-08T07:09,608.6
20264,V202608-L00972,TM15,25,33,4,2026-08-07T21:00:24,2026-08-08T07:09,608.6
20264,V202608-L00973,TM14,32,44,4,2026-08-07T21:22:24,2026-08-09T07:12,2029.6
20264,V202608-L00973,TM14,32,44,4,2026-08-07T21:22:24,2026-08-09T07:12,2029.6
20264,V202608-L00973,TM05,32,44,2,2026-08-07T21:42,2026-08-09T07:12,2010.0
20264,V202608-L00974,TM07,16,35,2,2026-08-07T20:56:24,2026-08-08T07:22,625.6
20264,V202608-L00974,TM07,16,35,4,2026-08-07T20:56:24,2026-08-08T07:22,625.6
20264,V202608-L00976,TM03,10,13,2,2026-08-07T21:23:12,2026-08-08T03:35,371.8
20264,V202608-L00976,TM03,10,13,4,2026-08-07T21:23:12,2026-08-08T03:35,371.8
20264,V202608-L00975,TB03,9,43,2,2026-08-07T21:20,2026-08-07T23:31,131.0
20264,V202608-L00975,TB11,9,43,4,2026-08-07T21:20,2026-08-07T23:31,131.0
20264,V202608-L00977,TA01,30,11,2,2026-08-07T21:07,2026-08-09T07:44,2077.0
20264,V202608-L00977,TA01,30,11,4,2026-08-07T21:07,2026-08-09T07:44,2077.0
20264,V202608-L00977,TA01,30,11,4,2026-08-07T21:07,2026-08-09T07:44,2077.0
20264,V202608-L00979,TA03,54,33,1,2026-08-07T21:28:30,2026-08-09T08:08,2079.5
20264,V202608-L00979,TA03,54,33,4,2026-08-07T21:28:30,2026-08-09T08:08,2079.5
20264,V202608-L00978,TA08,33,48,2,2026-08-07T22:16:30,2026-08-09T07:49,2012.5
20264,V202608-L00978,TA08,33,48,4,2026-08-07T22:16:30,2026-08-09T07:49,2012.5
20264,V202608-L00978,TA08,33,48,4,2026-08-07T22:16:30,2026-08-09T07:49,2012.5
20264,V202608-L00980,TA04,55,8,4,2026-08-07T21:51:30,2026-08-08T08:13,621.5
20264,V202608-L00981,TA05,70,10,4,2026-08-07T22:12,2026-08-09T08:18,2046.0
20264,V202608-L00981,TA05,70,10,4,2026-08-07T22:12,2026-08-09T08:18,2046.0
20264,V202608-L00982,TM01,61,14,1,2026-08-07T22:40:48,2026-08-08T00:52,131.2
20264,V202608-L00982,TM13,61,14,4,2026-08-07T22:40:48,2026-08-08T00:52,131.2
20264,V202608-L00982,TM13,61,14,4,2026-08-07T22:40:48,2026-08-08T00:52,131.2
20264,V202608-L00983,TA02,20,35,4,2026-08-07T22:36:30,2026-08-08T05:20,403.5
20264,V202608-L00987,TA02,34,34,4,2026-08-08T00:39,2026-08-08T16:45,966.0
20264,V202608-L00988,TA03,62,42,4,2026-08-08T00:30,2026-08-08T16:53,983.0
20264,V202608-L00988,TA03,62,42,2,2026-08-08T00:30,2026-08-08T16:53,983.0
20264,V202608-L00984,TA04,36,33,4,2026-08-08T00:40:30,2026-08-08T09:46,545.5
20264,V202608-L00984,TA04,36,33,2,2026-08-08T00:40:30,2026-08-08T09:46,545.5
20264,V202608-L00984,TA04,36,33,4,2026-08-08T00:40:30,2026-08-08T09:46,545.5
20264,V202608-L00985,TA05,40,45,1,2026-08-08T00:52:30,2026-08-09T09:58,1985.5
20264,V202608-L00985,TA05,40,45,4,2026-08-08T00:52:30,2026-08-09T09:58,1985.5
20264,V202608-L00986,TA07,26,4,1,2026-08-08T00:16:30,2026-08-09T10:28,2051.5
20264,V202608-L00989,TA08,30,36,4,2026-08-08T00:33,2026-08-08T07:00,387.0
20264,V202608-L00989,TA08,30,36,2,2026-08-08T00:33,2026-08-08T07:00,387.0
20264,V202608-L00989,TA08,30,36,4,2026-08-08T00:33,2026-08-08T07:00,387.0
20264,V202608-L00986,TA09,26,4,4,2026-08-08T00:16:30,2026-08-09T10:28,2051.5
20264,V202608-L00990,TA01,41,12,1,2026-08-08T00:34,2026-08-08T07:06,392.0
20264,V202608-L00992,TA06,2,8,2,2026-08-08T01:16:30,2026-08-08T07:22,365.5
20264,V202608-L00992,TA06,2,8,4,2026-08-08T01:16:30,2026-08-08T07:22,365.5
20264,V202608-L00991,TA10,38,11,1,2026-08-08T00:51,2026-08-08T03:21,150.0
20264,V202608-L00991,TA10,38,11,4,2026-08-08T00:51,2026-08-08T03:21,150.0
20264,V202608-L00994,TM04,13,21,3,2026-08-08T01:33:12,2026-08-08T17:49,975.8
20264,V202608-L00993,TM07,24,32,3,2026-08-08T01:33:12,2026-08-09T11:48,2054.8
20264,V202608-L00993,TM12,24,32,4,2026-08-08T01:33:12,2026-08-09T11:48,2054.8
20264,V202608-L00995,TM05,5,36,3,2026-08-08T01:31:36,2026-08-08T04:06,154.4
20264,V202608-L00997,TM02,37,32,4,2026-08-08T02:20,2026-08-08T04:18,118.0
20264,V202608-L00996,TM03,11,16,1,2026-08-08T02:03:12,2026-08-08T18:12,968.8
20264,V202608-L00997,TM08,37,32,4,2026-08-08T02:20,2026-08-08T04:18,118.0
20264,V202608-L00997,TM13,37,32,2,2026-08-08T02:20,2026-08-08T04:18,118.0
20264,V202608-L00998,TM10,32,23,4,2026-08-08T02:13:36,2026-08-08T04:32,138.4
20264,V202608-L00998,TM10,32,23,1,2026-08-08T02:13:36,2026-08-08T04:32,138.4
20264,V202608-L00999,TM14,16,42,4,2026-08-08T02:19:12,2026-08-09T12:51,2071.8
20264,V202608-L01000,TM15,1,43,3,2026-08-08T02:48:24,2026-08-08T19:01,972.6
20264,V202608-L01004,TA07,38,0,4,2026-08-08T03:10:30,2026-08-08T13:24,613.5
20264,V202608-L01004,TA07,38,0,2,2026-08-08T03:10:30,2026-08-08T13:24,613.5
20264,V202608-L01004,TA07,38,0,4,2026-08-08T03:10:30,2026-08-08T13:24,613.5
20264,V202608-L01001,TA09,3,19,4,2026-08-08T03:16:30,2026-08-08T19:02,945.5
20264,V202608-L01001,TA09,3,19,4,2026-08-08T03:16:30,2026-08-08T19:02,945.5
20264,V202608-L01001,TA09,3,19,1,2026-08-08T03:16:30,2026-08-08T19:02,945.5
20264,V202608-L01002,TM01,42,26,4,2026-08-08T03:13:12,2026-08-08T05:23,129.8
20264,V202608-L01002,TM01,42,26,2,2026-08-08T03:13:12,2026-08-08T05:23,129.8
20264,V202608-L01003,TM06,23,28,4,2026-08-08T03:13:12,2026-08-09T13:24,2050.8
20264,V202608-L01003,TM09,23,28,4,2026-08-08T03:13:12,2026-08-09T13:24,2050.8
20264,V202608-L01003,TM09,23,28,1,2026-08-08T03:13:12,2026-08-09T13:24,2050.8
20264,V202608-L01005,TA01,28,41,4,2026-08-08T03:40,2026-08-09T13:35,2035.0
20264,V202608-L01005,TA01,28,41,1,2026-08-08T03:40,2026-08-09T13:35,2035.0
20264,V202608-L01007,TA03,49,35,1,2026-08-08T03:24,2026-08-08T13:42,618.0
20264,V202608-L01008,TA08,9,33,1,2026-08-08T03:15,2026-08-09T13:44,2069.0
20264,V202608-L01011,TA02,28,49,2,2026-08-08T03:58:30,2026-08-08T06:09,130.5
20264,V202608-L01011,TA02,28,49,4,2026-08-08T03:58:30,2026-08-08T06:09,130.5
20264,V202608-L01009,TA10,32,47,1,2026-08-08T04:18,2026-08-09T13:55,2017.0
20264,V202608-L01009,TA10,32,47,4,2026-08-08T04:18,2026-08-09T13:55,2017.0
20264,V202608-L01010,TB03,13,38,4,2026-08-08T03:15,2026-08-08T20:03,1008.0
20264,V202608-L01006,TA04,66,26,3,2026-08-08T03:36,2026-08-09T13:37,2041.0
20264,V202608-L01006,TA04,66,26,4,2026-08-08T03:36,2026-08-09T13:37,2041.0
20264,V202608-L01012,TM11,46,29,2,2026-08-08T04:41:36,2026-08-09T14:12,2010.4
20264,V202608-L01012,TM11,46,29,4,2026-08-08T04:41:36,2026-08-09T14:12,2010.4
20264,V202608-L01013,TM14,20,39,3,2026-08-08T04:01:36,2026-08-09T14:33,2071.4
20264,V202608-L01014,TM05,14,18,2,2026-08-08T04:46,2026-08-09T14:34,2028.0
20264,V202608-L01014,TM05,14,18,4,2026-08-08T04:46,2026-08-09T14:34,2028.0
20264,V202608-L01017,TA06,19,12,3,2026-08-08T04:18,2026-08-08T10:56,398.0
20264,V202608-L01018,TM04,5,31,4,2026-08-08T04:50,2026-08-09T15:10,2060.0
20264,V202608-L01018,TM07,5,31,1,2026-08-08T04:50,2026-08-09T15:10,2060.0
20264,V202608-L01018,TM07,5,31,4,2026-08-08T04:50,2026-08-09T15:10,2060.0
20264,V202608-L01019,TA08,35,36,4,2026-08-08T05:10:30,2026-08-08T11:12,361.5
20264,V202608-L01019,TA08,35,36,4,2026-08-08T05:10:30,2026-08-08T11:12,361.5
20264,V202608-L01021,TM12,13,28,4,2026-08-08T04:46:24,2026-08-09T15:20,2073.6
20264,V202608-L01021,TM12,13,28,4,2026-08-08T04:46:24,2026-08-09T15:20,2073.6
20264,V202608-L01022,TM15,11,32,4,2026-08-08T04:46:48,2026-08-08T21:26,999.2
20264,V202608-L01022,TM15,11,32,4,2026-08-08T04:46:48,2026-08-08T21:26,999.2
20264,V202608-L01022,TB03,11,32,1,2026-08-08T05:05,2026-08-08T21:26,981.0
20264,V202608-L01016,TA03,66,35,3,2026-08-08T05:13:30,2026-08-08T14:39,565.5
20264,V202608-L01023,TA07,29,3,1,2026-08-08T05:07:30,2026-08-08T15:31,623.5
20264,V202608-L01015,TM03,22,23,4,2026-08-08T05:20,2026-08-09T14:37,1997.0
20264,V202608-L01015,TM10,22,23,4,2026-08-08T05:20:48,2026-08-09T14:37,1996.2
20264,V202608-L01015,TM10,22,23,1,2026-08-08T05:20:48,2026-08-09T14:37,1996.2
20264,V202608-L01024,TA04,59,20,1,2026-08-08T05:04:30,2026-08-08T11:42,397.5
20264,V202608-L01026,TA01,31,39,1,2026-08-08T05:40,2026-08-09T16:08,2068.0
20264,V202608-L01025,TA09,2,2,4,2026-08-08T06:19,2026-08-09T16:02,2023.0
20264,V202608-L01025,TA09,2,2,4,2026-08-08T06:19,2026-08-09T16:02,2023.0
20264,V202608-L01025,TA09,2,2,1,2026-08-08T06:19,2026-08-09T16:02,2023.0
20264,V202608-L01020,TM01,68,10,4,2026-08-08T06:27:12,2026-08-08T11:19,291.8
20264,V202608-L01027,TM02,70,38,1,2026-08-08T06:17:36,2026-08-09T16:12,2034.4
20264,V202608-L01020,TM08,68,10,4,2026-08-08T06:27:12,2026-08-08T11:19,291.8
20264,V202608-L01020,TM08,68,10,1,2026-08-08T06:27:12,2026-08-08T11:19,291.8
20264,V202608-L01028,TM13,58,31,1,2026-08-08T05:42,2026-08-08T12:29,407.0
20264,V202608-L01028,TM13,58,31,4,2026-08-08T05:42,2026-08-08T12:29,407.0
20264,V202608-L01029,TA02,17,41,4,2026-08-08T06:02,2026-08-09T16:44,2082.0
20264,V202608-L01029,TA02,17,41,2,2026-08-08T06:02,2026-08-09T16:44,2082.0
20264,V202608-L01030,TA10,37,38,4,2026-08-08T06:48,2026-08-08T17:00,612.0
20264,V202608-L01030,TA10,37,38,2,2026-08-08T06:48,2026-08-08T17:00,612.0
20264,V202608-L01031,TA06,20,24,3,2026-08-08T06:35:30,2026-08-08T09:10,154.5
20264,V202608-L01031,TA06,20,24,4,2026-08-08T06:35:30,2026-08-08T09:10,154.5
20264,V202608-L01033,TA04,57,50,3,2026-08-08T06:54:30,2026-08-08T09:16,141.5
20264,V202608-L01034,TM12,23,42,2,2026-08-08T06:56,2026-08-08T09:17,141.0
20264,V202608-L01034,TM15,23,42,4,2026-08-08T06:56,2026-08-08T09:17,141.0
20264,V202608-L01037,TM11,61,21,2,2026-08-08T06:54,2026-08-08T13:30,396.0
20264,V202608-L01037,TM11,61,21,4,2026-08-08T06:54,2026-08-08T13:30,396.0
20264,V202608-L01045,TA01,7,14,4,2026-08-08T08:43:30,2026-08-08T11:00,136.5
20264,V202608-L01045,TA01,7,14,4,2026-08-08T08:43:30,2026-08-08T11:00,136.5
20264,V202608-L01045,TA01,7,14,2,2026-08-08T08:43:30,2026-08-08T11:00,136.5
20264,V202608-L01035,TA02,15,30,4,2026-08-08T08:16:30,2026-08-08T17:28,551.5
20264,V202608-L01036,TA03,56,12,4,2026-08-08T08:24,2026-08-09T17:30,1986.0
20264,V202608-L01036,TA03,56,12,4,2026-08-08T08:24,2026-08-09T17:30,1986.0
20264,V202608-L01038,TA05,19,49,4,2026-08-08T08:27,2026-08-08T23:40,913.0
20264,V202608-L01038,TA05,19,49,4,2026-08-08T08:27,2026-08-08T23:40,913.0
20264,V202608-L01038,TA05,19,49,2,2026-08-08T08:27,2026-08-08T23:40,913.0
20264,V202608-L01040,TA06,20,24,4,2026-08-08T08:26:30,2026-08-09T18:26,2039.5
20264,V202608-L01040,TA06,20,24,4,2026-08-08T08:26:30,2026-08-09T18:26,2039.5
20264,V202608-L01040,TA06,20,24,1,2026-08-08T08:26:30,2026-08-09T18:26,2039.5
20264,V202608-L01041,TA07,8,9,4,2026-08-08T08:36,2026-08-08T10:37,121.0
20264,V202608-L01039,TA08,55,7,1,2026-08-08T08:52:30,2026-08-08T10:04,71.5
20264,V202608-L01035,TM04,15,30,4,2026-08-08T08:26:24,2026-08-08T17:28,541.6
20264,V202608-L01032,TM13,68,33,2,2026-08-08T08:40:48,2026-08-08T13:15,274.2
20264,V202608-L01035,TM14,15,30,1,2026-08-08T08:26:24,2026-08-08T17:28,541.6
20264,V202608-L01046,TM02,54,32,3,2026-08-08T08:34:24,2026-08-08T11:03,148.6
20264,V202608-L01042,TM11,67,20,4,2026-08-08T08:58:48,2026-08-08T18:37,578.2
20264,V202608-L01042,TM11,67,20,2,2026-08-08T08:58:48,2026-08-08T18:37,578.2
20264,V202608-L01044,TA04,66,25,3,2026-08-08T08:45:30,2026-08-09T00:54,968.5
20264,V202608-L01047,TA09,10,2,4,2026-08-08T09:03:30,2026-08-09T19:14,2050.5
20264,V202608-L01047,TA09,10,2,1,2026-08-08T09:03:30,2026-08-09T19:14,2050.5
20264,V202608-L01048,TA10,16,31,4,2026-08-08T08:42,2026-08-08T11:14,152.0
20264,V202608-L01048,TA10,16,31,4,2026-08-08T08:42,2026-08-08T11:14,152.0
20264,V202608-L01049,TM01,63,29,4,2026-08-08T08:53:36,2026-08-08T19:21,627.4
20264,V202608-L01049,TM01,63,29,2,2026-08-08T08:53:36,2026-08-08T19:21,627.4
20264,V202608-L01043,TM08,70,39,4,2026-08-08T09:34:24,2026-08-09T00:49,914.6
20264,V202608-L01050,TM07,13,41,1,2026-08-08T08:49:36,2026-08-08T19:35,645.4
20264,V202608-L01050,TM07,13,41,4,2026-08-08T08:49:36,2026-08-08T19:35,645.4
20264,V202608-L01050,TM12,13,41,4,2026-08-08T08:49:36,2026-08-08T19:35,645.4
20264,V202608-L01051,TM15,14,36,4,2026-08-08T08:59:36,2026-08-09T01:44,1004.4
20264,V202608-L01052,TM03,34,9,4,2026-08-08T09:28:48,2026-08-09T19:58,2069.2
20264,V202608-L01052,TM05,34,9,4,2026-08-08T09:28:48,2026-08-09T19:58,2069.2
20264,V202608-L01052,TM06,34,9,1,2026-08-08T09:28:48,2026-08-09T19:58,2069.2
20264,V202608-L01053,TM10,5,20,4,2026-08-08T10:36:24,2026-08-09T20:05,2008.6
20264,V202608-L01053,TM10,5,20,4,2026-08-08T10:36:24,2026-08-09T20:05,2008.6
20264,V202608-L01054,TB11,19,41,2,2026-08-08T10:00,2026-08-09T02:09,969.0
20264,V202608-L01056,TM09,19,20,1,2026-08-08T10:13:36,2026-08-08T16:34,380.4
20264,V202608-L01056,TM09,19,20,4,2026-08-08T10:13:36,2026-08-08T16:34,380.4
20264,V202608-L01058,TB03,10,35,1,2026-08-08T10:35,2026-08-09T21:07,2072.0
20264,V202608-L01057,TA02,8,47,2,2026-08-08T10:52:30,2026-08-09T20:43,2030.5
20264,V202608-L01057,TA02,8,47,4,2026-08-08T10:52:30,2026-08-09T20:43,2030.5
20264,V202608-L01055,TA03,64,21,4,2026-08-08T11:07:30,2026-08-09T20:30,2002.5
20264,V202608-L01055,TA03,64,21,3,2026-08-08T11:07:30,2026-08-09T20:30,2002.5
20264,V202608-L01059,TA05,31,47,1,2026-08-08T11:36,2026-08-08T21:09,573.0
20264,V202608-L01062,TA06,70,7,4,2026-08-08T12:07,2026-08-08T17:44,337.0
20264,V202608-L01062,TA06,70,7,4,2026-08-08T12:07,2026-08-08T17:44,337.0
20264,V202608-L01062,TA06,70,7,1,2026-08-08T12:07,2026-08-08T17:44,337.0
20264,V202608-L01060,TM02,56,17,4,2026-08-08T11:20,2026-08-08T21:23,603.0
20264,V202608-L01060,TM02,56,17,4,2026-08-08T11:20,2026-08-08T21:23,603.0
20264,V202608-L01058,TM04,10,35,4,2026-08-08T11:04:48,2026-08-09T21:07,2042.2
20264,V202608-L01058,TM14,10,35,4,2026-08-08T11:04:48,2026-08-09T21:07,2042.2
20264,V202608-L01064,TA04,38,21,4,2026-08-08T11:39:30,2026-08-08T13:56,136.5
20264,V202608-L01064,TA04,38,21,2,2026-08-08T11:39:30,2026-08-08T13:56,136.5
20264,V202608-L01063,TA10,12,30,1,2026-08-08T11:12,2026-08-08T21:53,641.0
20264,V202608-L01060,TM01,56,17,1,2026-08-08T11:39:12,2026-08-08T21:23,583.8
20264,V202608-L01066,TB01,25,14,4,2026-08-08T11:20,2026-08-08T14:02,162.0
20264,V202608-L01066,TB04,25,14,2,2026-08-08T11:20,2026-08-08T14:02,162.0
20264,V202608-L01066,TB05,25,14,4,2026-08-08T11:20,2026-08-08T14:02,162.0
20264,V202608-L01065,TA01,29,49,4,2026-08-08T12:09,2026-08-08T22:01,592.0
20264,V202608-L01065,TA01,29,49,1,2026-08-08T12:09,2026-08-08T22:01,592.0
20264,V202608-L01065,TA01,29,49,4,2026-08-08T12:09,2026-08-08T22:01,592.0
20264,V202608-L01061,TA08,54,36,2,2026-08-08T11:43:30,2026-08-09T21:36,2032.5
20264,V202608-L01061,TA08,54,36,4,2026-08-08T11:43:30,2026-08-09T21:36,2032.5
20264,V202608-L01061,TA08,54,36,4,2026-08-08T11:43:30,2026-08-09T21:36,2032.5
20264,V202608-L01069,TM13,69,20,3,2026-08-08T12:15:36,2026-08-09T22:22,2046.4
20264,V202608-L01069,TM13,69,20,4,2026-08-08T12:15:36,2026-08-09T22:22,2046.4
20264,V202608-L01068,TA09,19,4,4,2026-08-08T12:14,2026-08-08T14:19,125.0
20264,V202608-L01068,TA09,19,4,4,2026-08-08T12:14,2026-08-08T14:19,125.0
20264,V202608-L01067,TA07,38,2,3,2026-08-08T12:39:30,2026-08-09T22:15,2015.5
20264,V202608-L01067,TA07,38,2,4,2026-08-08T12:39:30,2026-08-09T22:15,2015.5
20264,V202608-L01070,TM05,32,10,4,2026-08-08T12:31:36,2026-08-09T23:06,2074.4
20264,V202608-L01070,TM05,32,10,4,2026-08-08T12:31:36,2026-08-09T23:06,2074.4
20264,V202608-L01070,TM06,32,10,2,2026-08-08T12:31:36,2026-08-09T23:06,2074.4
20264,V202608-L01071,TA02,1,1,4,2026-08-08T13:32,2026-08-09T05:12,940.0
20264,V202608-L01072,TA03,46,32,1,2026-08-08T12:51,2026-08-09T23:16,2065.0
20264,V202608-L01072,TA03,46,32,4,2026-08-08T12:51,2026-08-09T23:16,2065.0
20264,V202608-L01074,TA10,52,47,1,2026-08-08T13:43:30,2026-08-08T23:22,578.5
20264,V202608-L01074,TA10,52,47,4,2026-08-08T13:43:30,2026-08-08T23:22,578.5
20264,V202608-L01073,TM03,16,4,4,2026-08-08T13:20:24,2026-08-09T05:22,961.6
20264,V202608-L01075,TM08,53,13,2,2026-08-08T13:17:36,2026-08-09T05:26,968.4
20264,V202608-L01076,TM11,54,47,1,2026-08-08T13:25:12,2026-08-08T19:28,362.8
20264,V202608-L01077,TM02,49,35,2,2026-08-08T13:24:48,2026-08-09T23:30,2045.2
20264,V202608-L01077,TM02,49,35,4,2026-08-08T13:24:48,2026-08-09T23:30,2045.2
20264,V202608-L01078,TA04,11,6,4,2026-08-08T13:42:30,2026-08-09T05:47,964.5
20264,V202608-L01078,TA04,11,6,2,2026-08-08T13:42:30,2026-08-09T05:47,964.5
20264,V202608-L01078,TA04,11,6,4,2026-08-08T13:42:30,2026-08-09T05:47,964.5
20264,V202608-L01079,TA08,65,39,4,2026-08-08T13:31:30,2026-08-09T23:54,2062.5
20264,V202608-L01079,TA08,65,39,4,2026-08-08T13:31:30,2026-08-09T23:54,2062.5
20264,V202608-L01077,TM01,49,35,4,2026-08-08T13:44,2026-08-09T23:30,2026.0
20264,V202608-L01081,TA05,45,39,2,2026-08-08T14:09,2026-08-08T20:01,352.0
20264,V202608-L01083,TM09,38,26,4,2026-08-08T14:15:12,2026-08-09T00:13,597.8
20264,V202608-L01083,TM09,38,26,2,2026-08-08T14:15:12,2026-08-09T00:13,597.8
20264,V202608-L01083,TA09,38,26,4,2026-08-08T14:15:30,2026-08-09T00:13,597.5
20264,V202608-L01082,TA06,65,9,4,2026-08-08T14:35:30,2026-08-08T16:07,91.5
20264,V202608-L01082,TA06,65,9,2,2026-08-08T14:35:30,2026-08-08T16:07,91.5
20264,V202608-L01082,TA06,65,9,4,2026-08-08T14:35:30,2026-08-08T16:07,91.5
20264,V202608-L01085,TM05,32,15,4,2026-08-08T14:14:24,2026-08-08T20:52,397.6
20264,V202608-L01085,TM06,32,15,4,2026-08-08T14:14:24,2026-08-08T20:52,397.6
20264,V202608-L01085,TM06,32,15,1,2026-08-08T14:14:24,2026-08-08T20:52,397.6
20264,V202608-L01080,TM13,58,23,4,2026-08-08T14:13:12,2026-08-08T15:56,102.8
20264,V202608-L01080,TM13,58,23,4,2026-08-08T14:13:12,2026-08-08T15:56,102.8
20264,V202608-L01086,TA03,46,22,4,2026-08-08T14:39,2026-08-10T01:04,2065.0
20264,V202608-L01086,TA03,46,22,4,2026-08-08T14:39,2026-08-10T01:04,2065.0
20264,V202608-L01086,TA03,46,22,1,2026-08-08T14:39,2026-08-10T01:04,2065.0
20264,V202608-L01091,TA01,10,37,4,2026-08-08T16:04:30,2026-08-10T01:55,2030.5
20264,V202608-L01091,TA01,10,37,4,2026-08-08T16:04:30,2026-08-10T01:55,2030.5
20264,V202608-L01089,TA02,19,18,4,2026-08-08T16:18,2026-08-08T17:45,87.0
20264,V202608-L01087,TA05,47,30,1,2026-08-08T16:19:30,2026-08-08T17:14,54.5
20264,V202608-L01084,TA07,48,4,3,2026-08-08T16:46:30,2026-08-09T00:17,450.5
20264,V202608-L01090,TA08,67,31,4,2026-08-08T16:21,2026-08-08T17:47,86.0
20264,V202608-L01088,TA09,65,48,2,2026-08-08T16:43:30,2026-08-09T01:36,532.5
20264,V202608-L01094,TA10,69,17,2,2026-08-08T16:33,2026-08-09T02:39,606.0
20264,V202608-L01093,TM04,14,36,4,2026-08-08T16:09:36,2026-08-10T02:35,2065.4
20264,V202608-L01093,TM07,14,36,4,2026-08-08T16:09:36,2026-08-10T02:35,2065.4
20264,V202608-L01092,TM10,15,35,2,2026-08-08T16:14:24,2026-08-09T02:24,609.6
20264,V202608-L01093,TM15,14,36,2,2026-08-08T16:09:36,2026-08-10T02:35,2065.4
20264,V202608-L01095,TA04,41,11,4,2026-08-08T16:35:30,2026-08-09T03:07,631.5
20264,V202608-L01097,TM05,17,5,2,2026-08-08T17:55:36,2026-08-09T00:08,372.4
20264,V202608-L01097,TM05,17,5,4,2026-08-08T17:55:36,2026-08-09T00:08,372.4
20264,V202608-L01096,TM12,13,21,4,2026-08-08T17:53:12,2026-08-10T04:02,2048.8
20264,V202608-L01098,TM03,10,13,4,2026-08-08T18:03:12,2026-08-09T04:18,614.8
20264,V202608-L01098,TM06,10,13,4,2026-08-08T18:03:12,2026-08-09T04:18,614.8
20264,V202608-L01098,TM06,10,13,1,2026-08-08T18:03:12,2026-08-09T04:18,614.8
20264,V202608-L01099,TM14,21,49,2,2026-08-08T18:08,2026-08-08T20:18,130.0
20264,V202608-L01102,TA03,66,45,2,2026-08-08T18:20:30,2026-08-08T20:35,134.5
20264,V202608-L01101,TA06,45,44,4,2026-08-08T18:23:30,2026-08-08T20:32,128.5
20264,V202608-L01101,TA06,45,44,4,2026-08-08T18:23:30,2026-08-08T20:32,128.5
20264,V202608-L01105,TB12,17,12,4,2026-08-08T18:50,2026-08-09T00:50,360.0
20264,V202608-L01100,TA01,20,42,4,2026-08-08T18:27,2026-08-10T04:24,2037.0
20264,V202608-L01100,TA01,20,42,1,2026-08-08T18:27,2026-08-10T04:24,2037.0
20264,V202608-L01100,TA01,20,42,4,2026-08-08T18:27,2026-08-10T04:24,2037.0
20264,V202608-L01103,TM04,33,48,2,2026-08-08T19:33:36,2026-08-10T04:43,1989.4
20264,V202608-L01103,TM04,33,48,4,2026-08-08T19:33:36,2026-08-10T04:43,1989.4
20264,V202608-L01104,TA02,27,5,3,2026-08-08T19:22:30,2026-08-08T20:48,85.5
20264,V202608-L01109,TA05,46,12,4,2026-08-08T19:18,2026-08-10T05:25,2047.0
20264,V202608-L01109,TA05,46,12,4,2026-08-08T19:18,2026-08-10T05:25,2047.0
20264,V202608-L01107,TM07,4,50,1,2026-08-08T19:18,2026-08-09T05:23,605.0
20264,V202608-L01107,TM07,4,50,4,2026-08-08T19:18,2026-08-09T05:23,605.0
20264,V202608-L01107,TM10,4,50,4,2026-08-08T19:18,2026-08-09T05:23,605.0
20264,V202608-L01108,TM15,22,28,3,2026-08-08T19:18,2026-08-10T05:25,2047.0
20264,V202608-L01106,TA04,0,8,2,2026-08-08T19:50:30,2026-08-09T01:07,316.5
20264,V202608-L01110,TA08,38,20,2,2026-08-08T21:24:30,2026-08-08T22:10,45.5
20264,V202608-L01111,TB03,6,42,4,2026-08-08T20:10,2026-08-10T06:18,2048.0
20264,V202608-L01111,TB11,6,42,4,2026-08-08T20:10,2026-08-10T06:18,2048.0
20264,V202608-L01112,TA09,62,18,4,2026-08-08T19:51,2026-08-10T06:29,2078.0
20264,V202608-L01113,TA07,15,3,3,2026-08-08T20:14:30,2026-08-10T06:33,2058.5
20264,V202608-L01114,TA10,54,7,3,2026-08-08T20:24:30,2026-08-10T06:45,2060.5
20264,V202608-L01115,TM09,65,7,1,2026-08-08T21:07:12,2026-08-10T06:55,2027.8
20264,V202608-L01115,TM13,65,7,4,2026-08-08T21:07:12,2026-08-10T06:55,2027.8
20264,V202608-L01117,TM02,64,10,1,2026-08-08T21:17:36,2026-08-09T03:14,356.4
20264,V202608-L01116,TA02,39,0,2,2026-08-08T21:15,2026-08-09T03:11,356.0
20264,V202608-L01120,TM01,69,46,4,2026-08-08T21:44:24,2026-08-10T07:28,2023.6
20264,V202608-L01118,TM12,28,48,2,2026-08-08T21:38:48,2026-08-09T07:17,578.2
20264,V202608-L01118,TM12,28,48,4,2026-08-08T21:38:48,2026-08-09T07:17,578.2
20264,V202608-L01118,TA01,28,48,4,2026-08-08T21:24,2026-08-09T07:17,593.0
20264,V202608-L01121,TM11,53,44,1,2026-08-08T21:30:24,2026-08-09T07:38,607.6
20264,V202608-L01122,TM14,4,34,3,2026-08-08T21:24:48,2026-08-09T07:41,616.2
20264,V202608-L01123,TA05,35,16,4,2026-08-08T21:15,2026-08-08T23:51,156.0
20264,V202608-L01123,TA05,35,16,4,2026-08-08T21:15,2026-08-08T23:51,156.0
20264,V202608-L01123,TA05,35,16,1,2026-08-08T21:15,2026-08-08T23:51,156.0
20264,V202608-L01119,TM07,9,29,2,2026-08-08T21:34:48,2026-08-09T13:27,952.2
20264,V202608-L01119,TM07,9,29,4,2026-08-08T21:34:48,2026-08-09T13:27,952.2
20264,V202608-L01119,TM10,9,29,4,2026-08-08T21:34:48,2026-08-09T13:27,952.2
20264,V202608-L01125,TA03,45,0,4,2026-08-08T22:18:30,2026-08-09T08:16,597.5
20264,V202608-L01125,TA06,45,0,4,2026-08-08T22:18:30,2026-08-09T08:16,597.5
20264,V202608-L01124,TM06,35,22,4,2026-08-08T21:58:24,2026-08-09T00:16,137.6
20264,V202608-L01126,TA04,18,6,2,2026-08-08T22:15:30,2026-08-10T08:48,2072.5
20264,V202608-L01128,TA07,38,15,1,2026-08-08T22:18,2026-08-09T15:00,1002.0
20264,V202608-L01128,TA07,38,15,4,2026-08-08T22:18,2026-08-09T15:00,1002.0
20264,V202608-L01127,TM04,17,28,1,2026-08-08T22:36,2026-08-09T08:56,620.0
20264,V202608-L01129,TA09,65,21,4,2026-08-08T22:41,2026-08-10T09:17,2076.0
20264,V202608-L01130,TA05,20,6,1,2026-08-08T22:52:30,2026-08-10T09:18,2065.5
20264,V202608-L01132,TA10,59,36,4,2026-08-08T22:46:30,2026-08-09T01:24,157.5
20264,V202608-L01132,TA10,59,36,2,2026-08-08T22:46:30,2026-08-09T01:24,157.5
20264,V202608-L01132,TA10,59,36,4,2026-08-08T22:46:30,2026-08-09T01:24,157.5
20264,V202608-L01131,TM03,20,14,4,2026-08-08T22:46:48,2026-08-09T09:22,635.2
20264,V202608-L01131,TM05,20,14,4,2026-08-08T22:46:48,2026-08-09T09:22,635.2
20264,V202608-L01134,TA01,9,35,3,2026-08-09T00:09,2026-08-09T16:07,958.0
20264,V202608-L01136,TA02,1,20,2,2026-08-09T00:48,2026-08-09T06:24,336.0
20264,V202608-L01139,TA04,26,22,1,2026-08-09T00:13:30,2026-08-09T16:58,1004.5
20264,V202608-L01139,TA04,26,22,4,2026-08-09T00:13:30,2026-08-09T16:58,1004.5
20264,V202608-L01139,TA04,26,22,4,2026-08-09T00:13:30,2026-08-09T16:58,1004.5
20264,V202608-L01133,TA08,2,0,4,2026-08-09T00:58:30,2026-08-10T09:25,1946.5
20264,V202608-L01133,TA08,2,0,2,2026-08-09T00:58:30,2026-08-10T09:25,1946.5
20264,V202608-L01135,TA09,69,18,1,2026-08-09T00:33:30,2026-08-10T10:13,2019.5
20264,V202608-L01138,TA10,41,31,4,2026-08-09T00:33,2026-08-09T16:53,980.0
20264,V202608-L01137,TM01,57,7,4,2026-08-09T00:48,2026-08-09T10:27,579.0
20264,V202608-L01137,TM08,57,7,4,2026-08-09T00:48,2026-08-09T10:27,579.0
20264,V202608-L01137,TM09,57,7,2,2026-08-09T00:48,2026-08-09T10:27,579.0
20264,V202608-L01140,TA06,24,2,1,2026-08-09T00:32:30,2026-08-09T11:06,633.5
20264,V202608-L01140,TA07,24,2,4,2026-08-09T00:32:30,2026-08-09T11:06,633.5
20264,V202608-L01141,TA03,10,0,1,2026-08-09T01:06:30,2026-08-10T11:12,2045.5
20264,V202608-L01141,TA03,10,0,4,2026-08-09T01:06:30,2026-08-10T11:12,2045.5
20264,V202608-L01143,TA05,4,3,4,2026-08-09T01:11,2026-08-09T07:18,367.0
20264,V202608-L01143,TA05,4,3,2,2026-08-09T01:11,2026-08-09T07:18,367.0
20264,V202608-L01143,TA05,4,3,4,2026-08-09T01:11,2026-08-09T07:18,367.0
20264,V202608-L01142,TM02,46,34,4,2026-08-09T01:03:12,2026-08-10T11:16,2052.8
20264,V202608-L01144,TM13,68,30,3,2026-08-09T01:23:36,2026-08-10T11:49,2065.4
20264,V202608-L01144,TM13,68,30,4,2026-08-09T01:23:36,2026-08-10T11:49,2065.4
20264,V202608-L01145,TM03,4,17,4,2026-08-09T02:02:24,2026-08-09T03:54,111.6
20264,V202608-L01145,TM06,4,17,1,2026-08-09T02:02:24,2026-08-09T03:54,111.6
20264,V202608-L01146,TM11,55,36,4,2026-08-09T01:26:24,2026-08-10T11:57,2070.6
20264,V202608-L01146,TM11,55,36,2,2026-08-09T01:26:24,2026-08-10T11:57,2070.6
20264,V202608-L01147,TM05,26,14,2,2026-08-09T01:32:24,2026-08-09T04:21,168.6
20264,V202608-L01147,TB07,26,14,4,2026-08-09T01:35,2026-08-09T04:21,166.0
20264,V202608-L01147,TB10,26,14,4,2026-08-09T01:35,2026-08-09T04:21,166.0
20264,V202608-L01148,TM10,50,37,1,2026-08-09T03:13:36,2026-08-09T08:31,317.4
20264,V202608-L01148,TM15,50,37,4,2026-08-09T03:13:36,2026-08-09T08:31,317.4
20264,V202608-L01149,TM07,32,49,4,2026-08-09T03:04:24,2026-08-09T12:44,579.6
20264,V202608-L01149,TM07,32,49,2,2026-08-09T03:04:24,2026-08-09T12:44,579.6
20264,V202608-L01150,TA04,38,8,4,2026-08-09T02:55:30,2026-08-09T05:22,146.5
20264,V202608-L01150,TA04,38,8,3,2026-08-09T02:55:30,2026-08-09T05:22,146.5
20264,V202608-L01151,TA01,35,29,1,2026-08-09T03:28,2026-08-09T09:32,364.0
20264,V202608-L01152,TA06,2,3,3,2026-08-09T03:52,2026-08-09T05:44,112.0
20264,V202608-L01152,TA07,2,3,4,2026-08-09T03:52,2026-08-09T05:44,112.0
20264,V202608-L01153,TA10,54,25,1,2026-08-09T03:10:30,2026-08-09T05:51,160.5
20264,V202608-L01153,TA10,54,25,4,2026-08-09T03:10:30,2026-08-09T05:51,160.5
20264,V202608-L01153,TA10,54,25,4,2026-08-09T03:10:30,2026-08-09T05:51,160.5
20264,V202608-L01154,TA02,38,29,4,2026-08-09T04:32:30,2026-08-10T14:39,2046.5
20264,V202608-L01155,TA09,60,35,4,2026-08-09T04:06:30,2026-08-09T06:44,157.5
20264,V202608-L01155,TA09,60,35,4,2026-08-09T04:06:30,2026-08-09T06:44,157.5
20264,V202608-L01157,TA03,30,8,1,2026-08-09T04:13:30,2026-08-10T14:57,2083.5
20264,V202608-L01156,TM08,55,13,4,2026-08-09T04:38:24,2026-08-10T14:51,2052.6
20264,V202608-L01156,TM08,55,13,4,2026-08-09T04:38:24,2026-08-10T14:51,2052.6
20264,V202608-L01159,TA04,32,28,4,2026-08-09T04:58:30,2026-08-09T11:15,376.5
20264,V202608-L01159,TA04,32,28,4,2026-08-09T04:58:30,2026-08-09T11:15,376.5
20264,V202608-L01159,TA05,32,28,1,2026-08-09T04:58:30,2026-08-09T11:15,376.5
20264,V202608-L01158,TA08,43,8,3,2026-08-09T04:56,2026-08-09T11:11,375.0
20264,V202608-L01160,TA10,35,27,4,2026-08-09T05:26,2026-08-09T21:46,980.0
20264,V202608-L01160,TA10,35,27,4,2026-08-09T05:26,2026-08-09T21:46,980.0
20264,V202608-L01161,TM04,17,39,4,2026-08-09T05:04:24,2026-08-09T11:50,405.6
20264,V202608-L01162,TA09,70,5,4,2026-08-09T06:15:30,2026-08-10T15:59,2023.5
20264,V202608-L01162,TA09,70,5,3,2026-08-09T06:15:30,2026-08-10T15:59,2023.5
20264,V202608-L01164,TA01,43,40,4,2026-08-09T06:33,2026-08-10T16:29,2036.0
20264,V202608-L01164,TA03,43,40,2,2026-08-09T06:33,2026-08-10T16:29,2036.0
20264,V202608-L01164,TA03,43,40,4,2026-08-09T06:33,2026-08-10T16:29,2036.0
20264,V202608-L01163,TM03,7,25,3,2026-08-09T06:13:12,2026-08-10T16:26,2052.8
20264,V202608-L01163,TM12,7,25,4,2026-08-09T06:13:12,2026-08-10T16:26,2052.8
20264,V202608-L01166,TM06,6,43,4,2026-08-09T06:16:24,2026-08-10T16:48,2071.6
20264,V202608-L01166,TM06,6,43,1,2026-08-09T06:16:24,2026-08-10T16:48,2071.6
20264,V202608-L01166,TM14,6,43,4,2026-08-09T06:16:24,2026-08-10T16:48,2071.6
20264,V202608-L01165,TA02,62,2,1,2026-08-09T06:49,2026-08-09T16:39,590.0
20264,V202608-L01165,TA02,62,2,4,2026-08-09T06:49,2026-08-09T16:39,590.0
20264,V202608-L01165,TA02,62,2,4,2026-08-09T06:49,2026-08-09T16:39,590.0
20264,V202608-L01167,TB03,15,42,1,2026-08-09T06:35,2026-08-09T22:59,984.0
20264,V202608-L01167,TB11,15,42,4,2026-08-09T06:35,2026-08-09T22:59,984.0
20264,V202608-L01168,TA06,35,20,4,2026-08-09T06:31,2026-08-09T13:07,396.0
20264,V202608-L01168,TA06,35,20,4,2026-08-09T06:31,2026-08-09T13:07,396.0
20264,V202608-L01168,TA07,35,20,1,2026-08-09T06:31,2026-08-09T13:07,396.0
20264,V202608-L01170,TA04,26,19,1,2026-08-09T06:39,2026-08-09T09:26,167.0
20264,V202608-L01170,TA04,26,19,4,2026-08-09T06:39,2026-08-09T09:26,167.0
20264,V202608-L01171,TM04,11,45,1,2026-08-09T06:59:12,2026-08-09T09:40,160.8
20264,V202608-L01171,TM04,11,45,4,2026-08-09T06:59:12,2026-08-09T09:40,160.8
20264,V202608-L01171,TM07,11,45,4,2026-08-09T06:59:12,2026-08-09T09:40,160.8
20264,V202608-L01181,TA04,2,3,1,2026-08-09T08:54,2026-08-09T10:56,122.0
20264,V202608-L01178,TA05,23,19,4,2026-08-09T08:13:30,2026-08-09T18:42,628.5
20264,V202608-L01177,TA06,14,12,1,2026-08-09T08:22:30,2026-08-10T18:38,2055.5
20264,V202608-L01180,TA07,36,7,1,2026-08-09T08:39,2026-08-10T18:52,2053.0
20264,V202608-L01169,TA08,32,48,2,2026-08-09T08:58:30,2026-08-10T17:20,1941.5
20264,V202608-L01169,TA08,32,48,4,2026-08-09T08:58:30,2026-08-10T17:20,1941.5
20264,V202608-L01172,TA09,46,22,2,2026-08-09T08:32,2026-08-09T09:58,86.0
20264,V202608-L01174,TA10,1,41,3,2026-08-09T08:21,2026-08-10T18:03,2022.0
20264,V202608-L01179,TM01,35,14,4,2026-08-09T09:24,2026-08-09T18:49,565.0
20264,V202608-L01179,TM01,35,14,1,2026-08-09T09:24,2026-08-09T18:49,565.0
20264,V202608-L01176,TM02,68,4,2,2026-08-09T09:21:36,2026-08-10T00:25,903.4
20264,V202608-L01179,TM05,35,14,4,2026-08-09T08:43:12,2026-08-09T18:49,605.8
20264,V202608-L01175,TM08,47,14,1,2026-08-09T08:55:12,2026-08-10T00:11,915.8
20264,V202608-L01175,TM09,47,14,4,2026-08-09T08:55:12,2026-08-10T00:11,915.8
20264,V202608-L01176,TM15,68,4,4,2026-08-09T09:21:36,2026-08-10T00:25,903.4
20264,V202608-L01173,TA03,52,3,4,2026-08-09T08:57,2026-08-09T14:02,305.0
20264,V202608-L01173,TA03,52,3,2,2026-08-09T08:57,2026-08-09T14:02,305.0
20264,V202608-L01173,TA03,52,3,4,2026-08-09T08:57,2026-08-09T14:02,305.0
20264,V202608-L01184,TA01,68,45,4,2026-08-09T09:13:30,2026-08-10T19:26,2052.5
20264,V202608-L01182,TA02,31,30,4,2026-08-09T09:17:30,2026-08-09T11:24,126.5
20264,V202608-L01182,TA02,31,30,4,2026-08-09T09:17:30,2026-08-09T11:24,126.5
20264,V202608-L01182,TA02,31,30,1,2026-08-09T09:17:30,2026-08-09T11:24,126.5
20264,V202608-L01183,TM10,47,46,4,2026-08-09T09:39:36,2026-08-09T19:26,586.4
20264,V202608-L01183,TM10,47,46,4,2026-08-09T09:39:36,2026-08-09T19:26,586.4
20264,V202608-L01183,TM11,47,46,1,2026-08-09T09:39:36,2026-08-09T19:26,586.4
20264,V202608-L01186,TM04,24,6,4,2026-08-09T10:25:36,2026-08-09T11:34,68.4
20264,V202608-L01186,TM06,24,6,4,2026-08-09T10:25:36,2026-08-09T11:34,68.4
20264,V202608-L01185,TB01,18,14,1,2026-08-09T09:25,2026-08-10T19:33,2048.0
20264,V202608-L01187,TM13,51,4,3,2026-08-09T10:29:36,2026-08-09T16:13,343.4
20264,V202608-L01188,TM03,36,30,1,2026-08-09T10:46:48,2026-08-10T02:26,939.2
20264,V202608-L01190,TA05,43,1,1,2026-08-09T11:13,2026-08-10T21:08,2035.0
20264,V202608-L01193,TA06,18,5,3,2026-08-09T11:12,2026-08-10T03:32,980.0
20264,V202608-L01191,TA10,53,46,4,2026-08-09T11:55:30,2026-08-10T21:17,2001.5
20264,V202608-L01191,TA10,53,46,2,2026-08-09T11:55:30,2026-08-10T21:17,2001.5
20264,V202608-L01189,TA09,62,25,4,2026-08-09T11:06:30,2026-08-10T02:35,928.5
20264,V202608-L01189,TA09,62,25,3,2026-08-09T11:06:30,2026-08-10T02:35,928.5
20264,V202608-L01192,TA07,57,14,4,2026-08-09T11:48,2026-08-09T13:24,96.0
20264,V202608-L01192,TA07,57,14,4,2026-08-09T11:48,2026-08-09T13:24,96.0
20264,V202608-L01194,TA03,68,32,1,2026-08-09T12:04:30,2026-08-09T18:02,357.5
20264,V202608-L01195,TA01,66,50,2,2026-08-09T12:45,2026-08-10T22:05,2000.0
20264,V202608-L01196,TA08,45,35,4,2026-08-09T13:04,2026-08-10T22:59,2035.0
20264,V202608-L01196,TA08,45,35,4,2026-08-09T13:04,2026-08-10T22:59,2035.0
20264,V202608-L01196,TA08,45,35,1,2026-08-09T13:04,2026-08-10T22:59,2035.0
20264,V202608-L01197,TA09,43,35,2,2026-08-09T12:50,2026-08-09T15:04,134.0
20264,V202608-L01198,TM12,29,39,4,2026-08-09T13:03:12,2026-08-10T05:11,967.8
20264,V202608-L01198,TM12,29,39,4,2026-08-09T13:03:12,2026-08-10T05:11,967.8
20264,V202608-L01199,TM14,17,42,1,2026-08-09T12:41:36,2026-08-10T23:20,2078.4
20264,V202608-L01199,TM14,17,42,4,2026-08-09T12:41:36,2026-08-10T23:20,2078.4
20264,V202608-L01200,TM10,49,34,3,2026-08-09T13:26,2026-08-09T15:50,144.0
20264,V202608-L01200,TM15,49,34,4,2026-08-09T13:26,2026-08-09T15:50,144.0
20264,V202608-L01201,TA07,57,48,4,2026-08-09T13:39,2026-08-10T05:53,974.0
20264,V202608-L01202,TA03,64,48,4,2026-08-09T14:12,2026-08-11T00:24,2052.0
20264,V202608-L01202,TA10,64,48,3,2026-08-09T14:12,2026-08-11T00:24,2052.0
20264,V202608-L01203,TA02,42,3,4,2026-08-09T14:29,2026-08-10T06:41,972.0
20264,V202608-L01203,TA02,42,3,4,2026-08-09T14:29,2026-08-10T06:41,972.0
20264,V202608-L01203,TA05,42,3,2,2026-08-09T14:29,2026-08-10T06:41,972.0
20264,V202608-L01204,TM13,46,38,2,2026-08-09T14:52:48,2026-08-11T00:51,2038.2
20264,V202608-L01204,TM13,46,38,4,2026-08-09T14:52:48,2026-08-11T00:51,2038.2
20264,V202608-L01205,TM07,2,44,4,2026-08-09T14:48:24,2026-08-10T07:10,981.6
20264,V202608-L01205,TM07,2,44,4,2026-08-09T14:48:24,2026-08-10T07:10,981.6
20264,V202608-L01206,TA04,8,19,1,2026-08-09T14:56,2026-08-10T07:12,976.0
20264,V202608-L01206,TA04,8,19,4,2026-08-09T14:56,2026-08-10T07:12,976.0
20264,V202608-L01206,TA06,8,19,4,2026-08-09T14:56,2026-08-10T07:12,976.0
20264,V202608-L01208,TM14,7,41,4,2026-08-09T14:59:12,2026-08-09T21:37,397.8
20264,V202608-L01212,TA01,60,24,2,2026-08-09T16:09,2026-08-10T08:11,962.0
20264,V202608-L01214,TA02,38,14,4,2026-08-09T16:24:30,2026-08-09T22:58,393.5
20264,V202608-L01214,TA02,38,14,3,2026-08-09T16:24:30,2026-08-09T22:58,393.5
20264,V202608-L01211,TA05,8,3,4,2026-08-09T16:53,2026-08-09T22:10,317.0
20264,V202608-L01211,TA05,8,3,3,2026-08-09T16:53,2026-08-09T22:10,317.0
20264,V202608-L01213,TA08,55,18,3,2026-08-09T16:16:30,2026-08-11T02:19,2042.5
20264,V202608-L01215,TA09,65,32,4,2026-08-09T16:19:30,2026-08-10T08:58,998.5
20264,V202608-L01209,TM04,12,11,4,2026-08-09T16:43:12,2026-08-11T01:45,1981.8
20264,V202608-L01209,TM04,12,11,1,2026-08-09T16:43:12,2026-08-11T01:45,1981.8
20264,V202608-L01209,TM08,12,11,4,2026-08-09T16:43:12,2026-08-11T01:45,1981.8
20264,V202608-L01210,TM12,15,31,2,2026-08-09T16:24,2026-08-09T17:52,88.0
20264,V202608-L01208,TB03,7,41,2,2026-08-09T16:40,2026-08-09T21:37,297.0
20264,V202608-L01208,TB11,7,41,4,2026-08-09T16:40,2026-08-09T21:37,297.0
20264,V202608-L01217,TM05,1,3,3,2026-08-09T17:38:48,2026-08-09T19:07,88.2
20264,V202608-L01217,TM09,1,3,4,2026-08-09T17:38:48,2026-08-09T19:07,88.2
20264,V202608-L01216,TM14,5,34,3,2026-08-09T16:44:48,2026-08-11T02:59,2054.2
20264,V202608-L01207,TA04,1,31,4,2026-08-09T16:57:30,2026-08-09T21:18,260.5
20264,V202608-L01218,TA03,49,33,2,2026-08-09T17:01,2026-08-09T19:37,156.0
20264,V202608-L01219,TA10,62,4,4,2026-08-09T17:32,2026-08-10T03:48,616.0
20264,V202608-L01219,TA10,62,4,2,2026-08-09T17:32,2026-08-10T03:48,616.0
20264,V202608-L01219,TA10,62,4,4,2026-08-09T17:32,2026-08-10T03:48,616.0
20264,V202608-L01220,TA06,35,47,2,2026-08-09T18:08,2026-08-09T20:13,125.0
20264,V202608-L01221,TA07,68,1,2,2026-08-09T18:15:30,2026-08-10T00:14,358.5
20264,V202608-L01224,TM01,10,45,1,2026-08-09T19:25:12,2026-08-11T04:23,1977.8
20264,V202608-L01222,TM02,57,26,4,2026-08-09T17:32:24,2026-08-11T04:21,2088.6
20264,V202608-L01222,TM02,57,26,2,2026-08-09T17:32:24,2026-08-11T04:21,2088.6
20264,V202608-L01224,TM06,10,45,4,2026-08-09T19:25:12,2026-08-11T04:23,1977.8
20264,V202608-L01223,TM07,12,49,3,2026-08-09T17:56:24,2026-08-09T20:22,145.6
20264,V202608-L01224,TM07,10,45,4,2026-08-09T19:10:48,2026-08-11T04:23,1992.2
20264,V202608-L01227,TM10,67,35,4,2026-08-09T18:23:12,2026-08-11T04:40,2056.8
20264,V202608-L01227,TM10,67,35,1,2026-08-09T18:23:12,2026-08-11T04:40,2056.8
20264,V202608-L01228,TM03,70,24,4,2026-08-09T18:28:24,2026-08-10T10:46,977.6
20264,V202608-L01228,TM03,70,24,1,2026-08-09T18:28:24,2026-08-10T10:46,977.6
20264,V202608-L01230,TA01,48,44,4,2026-08-09T19:09,2026-08-09T21:26,137.0
20264,V202608-L01230,TA01,48,44,3,2026-08-09T19:09,2026-08-09T21:26,137.0
20264,V202608-L01231,TA08,39,47,1,2026-08-09T19:30,2026-08-10T05:27,597.0
20264,V202608-L01229,TA02,33,9,4,2026-08-09T18:57:30,2026-08-09T21:22,144.5
20264,V202608-L01226,TM12,5,43,3,2026-08-09T19:16:48,2026-08-11T04:35,1998.2
20264,V202608-L01233,TA09,44,3,4,2026-08-09T19:45:30,2026-08-10T01:45,359.5
20264,V202608-L01233,TA09,44,3,4,2026-08-09T19:45:30,2026-08-10T01:45,359.5
20264,V202608-L01233,TA09,44,3,1,2026-08-09T19:45:30,2026-08-10T01:45,359.5
20264,V202608-L01234,TM11,69,34,3,2026-08-09T19:45:36,2026-08-11T05:55,2049.4
20264,V202608-L01225,TM14,15,43,4,2026-08-09T19:30:24,2026-08-09T20:23,52.6
20264,V202608-L01225,TM14,15,43,3,2026-08-09T19:30:24,2026-08-09T20:23,52.6
20264,V202608-L01236,TM15,60,50,4,2026-08-09T20:12:24,2026-08-11T06:07,2034.6
20264,V202608-L01236,TM15,60,50,4,2026-08-09T20:12:24,2026-08-11T06:07,2034.6
20264,V202608-L01237,TA03,70,19,1,2026-08-09T19:53:30,2026-08-09T22:08,134.5
20264,V202608-L01237,TA03,70,19,4,2026-08-09T19:53:30,2026-08-09T22:08,134.5
20264,V202608-L01235,TA04,18,28,2,2026-08-09T20:00:30,2026-08-11T06:05,2044.5
20264,V202608-L01235,TA04,18,28,4,2026-08-09T20:00:30,2026-08-11T06:05,2044.5
20264,V202608-L01235,TA04,18,28,4,2026-08-09T20:00:30,2026-08-11T06:05,2044.5
20264,V202608-L01238,TM08,33,20,3,2026-08-09T19:55:12,2026-08-09T22:15,139.8
20264,V202608-L01238,TM08,33,20,4,2026-08-09T19:55:12,2026-08-09T22:15,139.8
20264,V202608-L01232,TB11,1,47,1,2026-08-09T21:00,2026-08-11T05:34,1954.0
20264,V202608-L01232,TA05,1,47,4,2026-08-09T21:06:30,2026-08-11T05:34,1947.5
20264,V202608-L01232,TA05,1,47,4,2026-08-09T21:06:30,2026-08-11T05:34,1947.5
20264,V202608-L01239,TM13,49,31,3,2026-08-09T19:58:48,2026-08-11T06:28,2069.2
20264,V202608-L01241,TM04,33,12,4,2026-08-09T20:09:12,2026-08-10T12:43,993.8
20264,V202608-L01241,TM04,33,12,3,2026-08-09T20:09:12,2026-08-10T12:43,993.8
20264,V202608-L01240,TB03,15,48,1,2026-08-09T20:55,2026-08-10T06:30,575.0
20264,V202608-L01242,TA10,48,19,4,2026-08-09T20:39:30,2026-08-11T07:03,2063.5
20264,V202608-L01242,TA10,48,19,4,2026-08-09T20:39:30,2026-08-11T07:03,2063.5
20264,V202608-L01244,TA02,2,14,1,2026-08-09T20:57:30,2026-08-10T13:17,979.5
20264,V202608-L01244,TA02,2,14,4,2026-08-09T20:57:30,2026-08-10T13:17,979.5
20264,V202608-L01245,TM02,47,45,4,2026-08-09T21:27:12,2026-08-10T13:19,951.8
20264,V202608-L01246,TB12,23,18,4,2026-08-09T21:10,2026-08-10T03:25,375.0
20264,V202608-L01250,TA01,45,25,3,2026-08-09T21:09,2026-08-10T03:38,389.0
20264,V202608-L01252,TM12,10,19,4,2026-08-09T21:36,2026-08-09T23:40,124.0
20264,V202608-L01252,TM12,10,19,2,2026-08-09T21:36,2026-08-09T23:40,124.0
20264,V202608-L01243,TM14,7,50,4,2026-08-09T21:30:24,2026-08-10T13:05,934.6
20264,V202608-L01243,TM14,7,50,2,2026-08-09T21:30:24,2026-08-10T13:05,934.6
20264,V202608-L01249,TB04,27,2,4,2026-08-09T21:40,2026-08-09T23:38,118.0
20264,V202608-L01249,TB05,27,2,2,2026-08-09T21:40,2026-08-09T23:38,118.0
20264,V202608-L01249,TB09,27,2,4,2026-08-09T21:40,2026-08-09T23:38,118.0
20264,V202608-L01251,TA06,3,0,2,2026-08-09T22:06:30,2026-08-11T07:39,2012.5
20264,V202608-L01254,TM03,45,24,4,2026-08-09T21:42:48,2026-08-10T03:42,359.2
20264,V202608-L01254,TM03,45,24,4,2026-08-09T21:42:48,2026-08-10T03:42,359.2
20264,V202608-L01253,TM10,54,42,4,2026-08-09T21:49:36,2026-08-10T13:41,951.4
20264,V202608-L01253,TM10,54,42,4,2026-08-09T21:49:36,2026-08-10T13:41,951.4
20264,V202608-L01248,TA07,44,6,2,2026-08-09T22:02,2026-08-11T07:30,2008.0
20264,V202608-L01256,TA03,61,31,3,2026-08-09T21:37,2026-08-10T08:11,634.0
20264,V202608-L01247,TA04,23,45,2,2026-08-09T21:51:30,2026-08-09T23:27,95.5
20264,V202608-L01247,TA04,23,45,4,2026-08-09T21:51:30,2026-08-09T23:27,95.5
20264,V202608-L01240,TA08,15,48,4,2026-08-09T21:43:30,2026-08-10T06:30,526.5
20264,V202608-L01240,TA08,15,48,4,2026-08-09T21:43:30,2026-08-10T06:30,526.5
20264,V202608-L01255,TA09,4,3,2,2026-08-09T22:18:30,2026-08-11T08:09,2030.5
20264,V202608-L01255,TA09,4,3,4,2026-08-09T22:18:30,2026-08-11T08:09,2030.5
20264,V202608-L01255,TA09,4,3,4,2026-08-09T22:18:30,2026-08-11T08:09,2030.5
20264,V202608-L01257,TM05,38,6,1,2026-08-09T22:05:36,2026-08-11T08:12,2046.4
20264,V202608-L01257,TM09,38,6,4,2026-08-09T22:05:36,2026-08-11T08:12,2046.4
20264,V202608-L01245,TM13,47,45,2,2026-08-09T22:34:48,2026-08-10T13:19,884.2
20264,V202608-L01245,TM13,47,45,4,2026-08-09T22:34:48,2026-08-10T13:19,884.2
20264,V202608-L01259,TM04,46,1,4,2026-08-09T22:56:48,2026-08-11T08:33,2016.2
20264,V202608-L01259,TM08,46,1,2,2026-08-09T22:56:48,2026-08-11T08:33,2016.2
20264,V202608-L01259,TM08,46,1,4,2026-08-09T22:56:48,2026-08-11T08:33,2016.2
20264,V202608-L01258,TM11,67,25,3,2026-08-09T22:08:48,2026-08-11T08:31,2062.2
20264,V202608-L01260,TA10,42,24,3,2026-08-09T22:32,2026-08-11T09:00,2068.0
20264,V202608-L01260,TA10,42,24,4,2026-08-09T22:32,2026-08-11T09:00,2068.0
20264,V202608-L01261,TM01,7,27,4,2026-08-09T22:48:24,2026-08-10T05:08,379.6
20264,V202608-L01261,TM07,7,27,2,2026-08-09T22:48:24,2026-08-10T05:08,379.6
20264,V202608-L01264,TA01,63,37,3,2026-08-09T22:54,2026-08-11T09:28,2074.0
20264,V202608-L01262,TA02,24,3,4,2026-08-09T22:56,2026-08-11T09:14,2058.0
20264,V202608-L01269,TA03,55,49,3,2026-08-10T00:36,2026-08-10T10:54,618.0
20264,V202608-L01267,TA06,18,16,4,2026-08-10T00:20,2026-08-11T10:39,2059.0
20264,V202608-L01267,TA06,18,16,4,2026-08-10T00:20,2026-08-11T10:39,2059.0
20264,V202608-L01267,TA06,18,16,1,2026-08-10T00:20,2026-08-11T10:39,2059.0
20264,V202608-L01263,TA07,16,16,3,2026-08-10T00:19:30,2026-08-10T15:26,906.5
20264,V202608-L01263,TA07,16,16,4,2026-08-10T00:19:30,2026-08-10T15:26,906.5
20264,V202608-L01265,TA10,36,27,1,2026-08-10T00:31:30,2026-08-11T10:07,2015.5
20264,V202608-L01268,TM02,55,46,4,2026-08-10T00:50:24,2026-08-10T16:44,953.6
20264,V202608-L01268,TM15,55,46,2,2026-08-10T00:50:24,2026-08-10T16:44,953.6
20264,V202608-L01268,TM15,55,46,4,2026-08-10T00:50:24,2026-08-10T16:44,953.6
20264,V202608-L01266,TA01,64,41,3,2026-08-10T00:49:30,2026-08-10T02:34,104.5
20264,V202608-L01266,TA01,64,41,4,2026-08-10T00:49:30,2026-08-10T02:34,104.5
20264,V202608-L01272,TA04,57,42,3,2026-08-10T01:47:30,2026-08-11T11:27,2019.5
20264,V202608-L01270,TA05,25,46,1,2026-08-10T01:01:30,2026-08-11T11:23,2061.5
20264,V202608-L01271,TA08,16,28,4,2026-08-10T00:51,2026-08-11T11:26,2075.0
20264,V202608-L01271,TA08,16,28,4,2026-08-10T00:51,2026-08-11T11:26,2075.0
20264,V202608-L01271,TA08,16,28,2,2026-08-10T00:51,2026-08-11T11:26,2075.0
20264,V202608-L01273,TM12,12,26,4,2026-08-10T01:08:48,2026-08-11T11:36,2067.2
20264,V202608-L01273,TM12,12,26,2,2026-08-10T01:08:48,2026-08-11T11:36,2067.2
20264,V202608-L01273,TM14,12,26,4,2026-08-10T01:08:48,2026-08-11T11:36,2067.2
20264,V202608-L01274,TM03,47,44,4,2026-08-10T01:54:48,2026-08-11T11:47,2032.2
20264,V202608-L01275,TM10,70,33,2,2026-08-10T01:35:36,2026-08-10T17:48,972.4
20264,V202608-L01275,TM10,70,33,4,2026-08-10T01:35:36,2026-08-10T17:48,972.4
20264,V202608-L01275,TM11,70,33,4,2026-08-10T01:35:36,2026-08-10T17:48,972.4
20264,V202608-L01274,TM13,47,44,4,2026-08-10T01:54:48,2026-08-11T11:47,2032.2
20264,V202608-L01274,TM13,47,44,2,2026-08-10T01:54:48,2026-08-11T11:47,2032.2
20264,V202608-L01276,TA02,18,21,4,2026-08-10T01:24,2026-08-11T11:59,2075.0
20264,V202608-L01276,TA09,18,21,4,2026-08-10T01:24,2026-08-11T11:59,2075.0
20264,V202608-L01276,TA09,18,21,1,2026-08-10T01:24,2026-08-11T11:59,2075.0
20264,V202608-L01278,TM01,44,38,4,2026-08-10T02:56:48,2026-08-11T12:39,2022.2
20264,V202608-L01277,TM04,41,17,4,2026-08-10T02:20:48,2026-08-10T08:31,370.2
20264,V202608-L01278,TM07,44,38,1,2026-08-10T02:56:48,2026-08-11T12:39,2022.2
20264,V202608-L01279,TM06,21,44,2,2026-08-10T02:26,2026-08-10T18:44,978.0
20264,V202608-L01280,TM08,1,7,3,2026-08-10T03:09:12,2026-08-10T18:46,936.8
20264,V202608-L01279,TB03,21,44,4,2026-08-10T03:05,2026-08-10T18:44,939.0
20264,V202608-L01279,TB11,21,44,4,2026-08-10T03:05,2026-08-10T18:44,939.0
20264,V202608-L01282,TM05,10,17,1,2026-08-10T02:48,2026-08-10T19:00,972.0
20264,V202608-L01282,TM05,10,17,4,2026-08-10T02:48,2026-08-10T19:00,972.0
20264,V202608-L01281,TM09,36,22,1,2026-08-10T02:40:48,2026-08-10T04:51,130.2
20264,V202608-L01281,TA06,36,22,4,2026-08-10T03:02,2026-08-10T04:51,109.0
20264,V202608-L01281,TA06,36,22,4,2026-08-10T03:02,2026-08-10T04:51,109.0
20264,V202608-L01284,TA07,2,33,4,2026-08-10T03:45,2026-08-10T05:07,82.0
20264,V202608-L01284,TA07,2,33,2,2026-08-10T03:45,2026-08-10T05:07,82.0
20264,V202608-L01285,TA10,70,5,4,2026-08-10T03:55:30,2026-08-10T19:08,912.5
20264,V202608-L01285,TA10,70,5,3,2026-08-10T03:55:30,2026-08-10T19:08,912.5
20264,V202608-L01286,TA03,37,26,3,2026-08-10T03:43:30,2026-08-11T13:33,2029.5
20264,V202608-L01286,TA03,37,26,4,2026-08-10T03:43:30,2026-08-11T13:33,2029.5
20264,V202608-L01283,TA08,4,36,1,2026-08-10T03:27,2026-08-10T09:03,336.0
20264,V202608-L01292,TA01,49,30,4,2026-08-10T03:37:30,2026-08-10T10:19,401.5
20264,V202608-L01292,TA01,49,30,4,2026-08-10T03:37:30,2026-08-10T10:19,401.5
20264,V202608-L01292,TA01,49,30,2,2026-08-10T03:37:30,2026-08-10T10:19,401.5
20264,V202608-L01289,TA05,9,10,1,2026-08-10T04:19:30,2026-08-10T20:17,957.5
20264,V202608-L01291,TM12,11,19,1,2026-08-10T04:25:36,2026-08-11T14:18,2032.4
20264,V202608-L01291,TM12,11,19,4,2026-08-10T04:25:36,2026-08-11T14:18,2032.4
20264,V202608-L01291,TM14,11,19,4,2026-08-10T04:25:36,2026-08-11T14:18,2032.4
20264,V202608-L01287,TA02,12,23,4,2026-08-10T04:24,2026-08-10T10:05,341.0
20264,V202608-L01287,TA02,12,23,1,2026-08-10T04:24,2026-08-10T10:05,341.0
20264,V202608-L01287,TA02,12,23,4,2026-08-10T04:24,2026-08-10T10:05,341.0
20264,V202608-L01294,TA09,0,18,1,2026-08-10T04:34:30,2026-08-11T14:31,2036.5
20264,V202608-L01294,TA09,0,18,4,2026-08-10T04:34:30,2026-08-11T14:31,2036.5
20264,V202608-L01296,TM02,47,23,3,2026-08-10T04:14:24,2026-08-10T10:37,382.6
20264,V202608-L01295,TM15,48,33,1,2026-08-10T04:16:48,2026-08-11T14:33,2056.2
20264,V202608-L01288,TB01,31,19,3,2026-08-10T04:25,2026-08-10T20:16,951.0
20264,V202608-L01288,TB12,31,19,4,2026-08-10T04:25,2026-08-10T20:16,951.0
20264,V202608-L01300,TA04,56,17,3,2026-08-10T04:26:30,2026-08-10T15:07,640.5
20264,V202608-L01300,TA04,56,17,4,2026-08-10T04:26:30,2026-08-10T15:07,640.5
20264,V202608-L01299,TA06,39,5,2,2026-08-10T04:59,2026-08-11T14:55,2036.0
20264,V202608-L01293,TM09,28,2,4,2026-08-10T05:40:48,2026-08-11T14:25,1964.2
20264,V202608-L01293,TM09,28,2,4,2026-08-10T05:40:48,2026-08-11T14:25,1964.2
20264,V202608-L01290,TM10,52,16,1,2026-08-10T04:59:36,2026-08-11T14:17,1997.4
20264,V202608-L01290,TM10,52,16,4,2026-08-10T04:59:36,2026-08-11T14:17,1997.4
20264,V202608-L01297,TM11,59,45,4,2026-08-10T05:09:12,2026-08-10T06:40,90.8
20264,V202608-L01297,TM11,59,45,4,2026-08-10T05:09:12,2026-08-10T06:40,90.8
20264,V202608-L01298,TA08,23,43,1,2026-08-10T05:06,2026-08-10T14:41,575.0
20264,V202608-L01301,TM05,4,14,4,2026-08-10T05:35:12,2026-08-10T07:36,120.8
20264,V202608-L01303,TA01,50,1,1,2026-08-10T05:43:30,2026-08-11T15:44,2040.5
20264,V202608-L01302,TA07,19,3,4,2026-08-10T06:26:30,2026-08-11T15:39,1992.5
20264,V202608-L01302,TA07,19,3,1,2026-08-10T06:26:30,2026-08-11T15:39,1992.5
20264,V202608-L01305,TA03,35,26,4,2026-08-10T05:54:30,2026-08-11T16:19,2064.5
20264,V202608-L01304,TM06,16,32,2,2026-08-10T05:44,2026-08-10T12:14,390.0
20264,V202608-L01306,TM04,14,18,4,2026-08-10T06:10:48,2026-08-11T16:21,2050.2
20264,V202608-L01307,TA02,13,24,4,2026-08-10T06:09,2026-08-10T12:23,374.0
20264,V202608-L01307,TA02,13,24,2,2026-08-10T06:09,2026-08-10T12:23,374.0
20264,V202608-L01308,TA04,42,6,3,2026-08-10T06:37,2026-08-10T22:29,952.0
20264,V202608-L01309,TA05,26,48,2,2026-08-10T06:45,2026-08-10T12:46,361.0
20264,V202608-L01309,TA05,26,48,4,2026-08-10T06:45,2026-08-10T12:46,361.0
20264,V202608-L01312,TA10,51,41,4,2026-08-10T06:40,2026-08-11T17:06,2066.0
20264,V202608-L01312,TA10,51,41,4,2026-08-10T06:40,2026-08-11T17:06,2066.0
20264,V202608-L01313,TM01,58,36,2,2026-08-10T06:34,2026-08-10T17:08,634.0
20264,V202608-L01313,TM07,58,36,4,2026-08-10T06:34,2026-08-10T17:08,634.0
20264,V202608-L01311,TA09,16,20,1,2026-08-10T06:46:30,2026-08-10T09:05,138.5
20264,V202608-L01314,TA08,7,38,4,2026-08-10T06:37:30,2026-08-10T09:21,163.5
20264,V202608-L01314,TA08,7,38,4,2026-08-10T06:37:30,2026-08-10T09:21,163.5
20264,V202608-L01314,TA08,7,38,1,2026-08-10T06:37:30,2026-08-10T09:21,163.5
20264,V202608-L01325,TA01,56,36,4,2026-08-10T08:15,2026-08-10T14:57,402.0
20264,V202608-L01325,TA01,56,36,4,2026-08-10T08:15,2026-08-10T14:57,402.0
20264,V202608-L01306,TA02,14,18,2,2026-08-10T08:33,2026-08-11T16:21,1908.0
20264,V202608-L01306,TA02,14,18,4,2026-08-10T08:33,2026-08-11T16:21,1908.0
20264,V202608-L01315,TA03,42,21,2,2026-08-10T08:33,2026-08-10T17:23,530.0
20264,V202608-L01317,TA06,0,22,1,2026-08-10T08:52:30,2026-08-11T17:57,1984.5
20264,V202608-L01317,TA06,0,22,4,2026-08-10T08:52:30,2026-08-11T17:57,1984.5
20264,V202608-L01310,TA07,26,0,3,2026-08-10T08:22:30,2026-08-11T16:53,1950.5
20264,V202608-L01319,TA08,32,48,3,2026-08-10T08:45,2026-08-11T00:10,925.0
20264,V202608-L01323,TM02,46,32,1,2026-08-10T08:38:24,2026-08-10T10:48,129.6
20264,V202608-L01324,TM04,23,12,4,2026-08-10T08:14:24,2026-08-10T18:54,639.6
20264,V202608-L01324,TM05,23,12,2,2026-08-10T08:14:24,2026-08-10T18:54,639.6
20264,V202608-L01316,TM06,22,36,2,2026-08-10T08:28:48,2026-08-11T17:44,1995.2
20264,V202608-L01321,TM10,46,33,4,2026-08-10T08:40:48,2026-08-11T00:25,944.2
20264,V202608-L01323,TM11,46,32,4,2026-08-10T08:38:24,2026-08-10T10:48,129.6
20264,V202608-L01321,TM13,46,33,4,2026-08-10T08:40:48,2026-08-11T00:25,944.2
20264,V202608-L01320,TM14,18,30,1,2026-08-10T08:33:36,2026-08-11T18:23,2029.4
20264,V202608-L01323,TM15,46,32,4,2026-08-10T08:38:24,2026-08-10T10:48,129.6
20264,V202608-L01327,TA04,0,14,4,2026-08-10T08:52,2026-08-11T19:05,2053.0
20264,V202608-L01327,TA04,0,14,1,2026-08-10T08:52,2026-08-11T19:05,2053.0
20264,V202608-L01326,TA10,49,1,4,2026-08-10T09:01,2026-08-10T19:04,603.0
20264,V202608-L01326,TA10,49,1,4,2026-08-10T09:01,2026-08-10T19:04,603.0
20264,V202608-L01322,TM01,66,11,4,2026-08-10T09:10,2026-08-11T18:28,1998.0
20264,V202608-L01322,TM03,66,11,4,2026-08-10T09:10,2026-08-11T18:28,1998.0
20264,V202608-L01322,TM07,66,11,2,2026-08-10T09:10,2026-08-11T18:28,1998.0
20264,V202608-L01318,TA05,33,49,3,2026-08-10T09:09,2026-08-10T10:06,57.0
20264,V202608-L01328,TA09,24,26,2,2026-08-10T08:42:30,2026-08-11T19:14,2071.5
20264,V202608-L01329,TM08,41,14,3,2026-08-10T09:23:36,2026-08-11T01:42,978.4
20264,V202608-L01329,TM08,41,14,4,2026-08-10T09:23:36,2026-08-11T01:42,978.4
20264,V202608-L01331,TM09,15,1,4,2026-08-10T09:50,2026-08-11T19:45,2035.0
20264,V202608-L01330,TM12,13,32,1,2026-08-10T09:06:48,2026-08-11T01:44,997.2
20264,V202608-L01333,TB03,28,37,4,2026-08-10T10:35,2026-08-11T20:10,2015.0
20264,V202608-L01333,TB11,28,37,1,2026-08-10T10:35,2026-08-11T20:10,2015.0
20264,V202608-L01336,TM04,13,7,1,2026-08-10T11:19:12,2026-08-10T16:33,313.8
20264,V202608-L01345,TM05,43,23,3,2026-08-10T11:28:48,2026-08-11T21:17,2028.2
20264,V202608-L01344,TB02,22,8,2,2026-08-10T11:15,2026-08-11T21:17,2042.0
20264,V202608-L01339,TB06,40,19,4,2026-08-10T11:50,2026-08-10T12:44,54.0
20264,V202608-L01344,TB07,22,8,4,2026-08-10T11:15,2026-08-11T21:17,2042.0
20264,V202608-L01339,TB08,40,19,4,2026-08-10T11:50,2026-08-10T12:44,54.0
20264,V202608-L01344,TB12,22,8,4,2026-08-10T11:15,2026-08-11T21:17,2042.0
20264,V202608-L01337,TA01,23,48,3,2026-08-10T11:52:30,2026-08-11T20:34,1961.5
20264,V202608-L01337,TA01,23,48,4,2026-08-10T11:52:30,2026-08-11T20:34,1961.5
20264,V202608-L01335,TA07,2,11,4,2026-08-10T11:27,2026-08-10T16:30,303.0
20264,V202608-L01347,TA02,39,30,1,2026-08-10T11:40:30,2026-08-10T13:33,112.5
20264,V202608-L01347,TA02,39,30,4,2026-08-10T11:40:30,2026-08-10T13:33,112.5
20264,V202608-L01347,TA02,39,30,4,2026-08-10T11:40:30,2026-08-10T13:33,112.5
20264,V202608-L01340,TM06,10,30,2,2026-08-10T11:21:36,2026-08-11T20:46,2004.4
20264,V202608-L01351,TA03,66,0,4,2026-08-10T11:58:30,2026-08-11T21:50,2031.5
20264,V202608-L01350,TA09,48,13,2,2026-08-10T11:38,2026-08-11T21:43,2045.0
20264,V202608-L01350,TA09,48,13,4,2026-08-10T11:38,2026-08-11T21:43,2045.0
20264,V202608-L01343,TM14,16,47,2,2026-08-10T11:38:24,2026-08-11T21:15,2016.6
20264,V202608-L01342,TM02,61,36,4,2026-08-10T11:48,2026-08-11T03:09,921.0
20264,V202608-L01338,TM11,50,37,1,2026-08-10T11:57:36,2026-08-11T02:34,876.4
20264,V202608-L01338,TM11,50,37,4,2026-08-10T11:57:36,2026-08-11T02:34,876.4
20264,V202608-L01332,TM15,65,13,3,2026-08-10T12:09:36,2026-08-11T19:56,1906.4
20264,V202608-L01346,TM10,52,19,4,2026-08-10T11:52:48,2026-08-11T03:26,933.2
20264,V202608-L01346,TM10,52,19,1,2026-08-10T11:52:48,2026-08-11T03:26,933.2
20264,V202608-L01353,TM12,21,39,4,2026-08-10T11:47:36,2026-08-11T04:13,985.4
20264,V202608-L01353,TM12,21,39,3,2026-08-10T11:47:36,2026-08-11T04:13,985.4
20264,V202608-L01349,TM13,54,4,3,2026-08-10T12:24,2026-08-11T21:42,1998.0
20264,V202608-L01349,TM13,54,4,4,2026-08-10T12:24,2026-08-11T21:42,1998.0
20264,V202608-L01341,TA04,17,1,4,2026-08-10T12:07,2026-08-10T21:09,542.0
20264,V202608-L01341,TA04,17,1,4,2026-08-10T12:07,2026-08-10T21:09,542.0
20264,V202608-L01341,TA04,17,1,1,2026-08-10T12:07,2026-08-10T21:09,542.0
20264,V202608-L01348,TA06,11,45,4,2026-08-10T11:46:30,2026-08-10T13:39,112.5
20264,V202608-L01348,TA06,11,45,4,2026-08-10T11:46:30,2026-08-10T13:39,112.5
20264,V202608-L01352,TA08,13,21,3,2026-08-10T11:57,2026-08-11T04:12,975.0
20264,V202608-L01354,TA05,18,39,4,2026-08-10T12:07:30,2026-08-11T22:31,2063.5
20264,V202608-L01356,TA10,61,30,1,2026-08-10T12:02:30,2026-08-10T22:50,647.5
20264,V202608-L01355,TM08,37,6,2,2026-08-10T12:40:24,2026-08-11T04:40,959.6
20264,V202608-L01358,TM01,52,37,4,2026-08-10T12:46,2026-08-10T23:06,620.0
20264,V202608-L01358,TM07,52,37,1,2026-08-10T12:46,2026-08-10T23:06,620.0
20264,V202608-L01358,TM07,52,37,4,2026-08-10T12:46,2026-08-10T23:06,620.0
20264,V202608-L01361,TM03,54,33,4,2026-08-10T12:51:36,2026-08-11T23:24,2072.4
20264,V202608-L01362,TM06,10,35,4,2026-08-10T12:57:36,2026-08-11T23:32,2074.4
20264,V202608-L01363,TA06,28,36,1,2026-08-10T13:25:30,2026-08-11T23:49,2063.5
20264,V202608-L01357,TM09,14,9,4,2026-08-10T13:33:12,2026-08-10T23:02,568.8
20264,V202608-L01357,TA07,14,9,4,2026-08-10T13:36,2026-08-10T23:02,566.0
20264,V202608-L01357,TA07,14,9,2,2026-08-10T13:36,2026-08-10T23:02,566.0
20264,V202608-L01334,TM14,17,34,1,2026-08-10T13:31:12,2026-08-11T20:26,1854.8
20264,V202608-L01334,TM14,17,34,4,2026-08-10T13:31:12,2026-08-11T20:26,1854.8
20264,V202608-L01360,TA02,69,1,4,2026-08-10T14:09,2026-08-10T15:22,73.0
20264,V202608-L01360,TA02,69,1,3,2026-08-10T14:09,2026-08-10T15:22,73.0
20264,V202608-L01359,TA05,32,42,1,2026-08-10T13:54,2026-08-10T19:14,320.0
20264,V202608-L01359,TA05,32,42,4,2026-08-10T13:54,2026-08-10T19:14,320.0
20264,V202608-L01364,TM12,12,37,4,2026-08-10T13:14,2026-08-11T23:51,2077.0
20264,V202608-L01364,TM12,12,37,2,2026-08-10T13:14,2026-08-11T23:51,2077.0
20264,V202608-L01365,TA01,1,26,4,2026-08-10T13:58:30,2026-08-10T20:04,365.5
20264,V202608-L01365,TA08,1,26,1,2026-08-10T13:58:30,2026-08-10T20:04,365.5
20264,V202608-L01365,TA08,1,26,4,2026-08-10T13:58:30,2026-08-10T20:04,365.5
20264,V202608-L01366,TA10,55,32,1,2026-08-10T13:30:30,2026-08-10T20:14,403.5
20264,V202608-L01368,TM04,7,23,4,2026-08-10T14:39:36,2026-08-10T20:30,350.4
20264,V202608-L01368,TM04,7,23,2,2026-08-10T14:39:36,2026-08-10T20:30,350.4
20264,V202608-L01369,TA04,30,41,2,2026-08-10T14:26:30,2026-08-11T00:33,606.5
20264,V202608-L01370,TM06,18,50,4,2026-08-10T14:52:48,2026-08-11T00:39,586.2
20264,V202608-L01370,TM06,18,50,4,2026-08-10T14:52:48,2026-08-11T00:39,586.2
20264,V202608-L01373,TA03,70,35,1,2026-08-10T14:51:30,2026-08-10T17:14,142.5
20264,V202608-L01373,TA03,70,35,4,2026-08-10T14:51:30,2026-08-10T17:14,142.5
20264,V202608-L01374,TA09,65,20,3,2026-08-10T14:42:30,2026-08-11T07:20,997.5
20264,V202608-L01374,TA09,65,20,4,2026-08-10T14:42:30,2026-08-11T07:20,997.5
20264,V202608-L01375,TA01,10,11,4,2026-08-10T16:43:30,2026-08-11T01:23,519.5
20264,V202608-L01375,TA01,10,11,3,2026-08-10T16:43:30,2026-08-11T01:23,519.5
20264,V202608-L01379,TA02,58,20,4,2026-08-10T16:18,2026-08-11T07:48,930.0
20264,V202608-L01381,TA04,32,43,4,2026-08-10T16:37:30,2026-08-10T22:46,368.5
20264,V202608-L01381,TA04,32,43,3,2026-08-10T16:37:30,2026-08-10T22:46,368.5
20264,V202608-L01371,TA05,14,10,2,2026-08-10T16:45,2026-08-10T16:51,6.0
20264,V202608-L01371,TA05,14,10,4,2026-08-10T16:45,2026-08-10T16:51,6.0
20264,V202608-L01371,TA05,14,10,4,2026-08-10T16:45,2026-08-10T16:51,6.0
20264,V202608-L01382,TA06,24,47,4,2026-08-10T16:31:30,2026-08-11T02:47,615.5
20264,V202608-L01382,TA06,24,47,4,2026-08-10T16:31:30,2026-08-11T02:47,615.5
20264,V202608-L01378,TA07,33,23,3,2026-08-10T16:22:30,2026-08-10T21:45,322.5
20264,V202608-L01383,TA08,39,42,3,2026-08-10T16:46:30,2026-08-11T09:00,973.5
20264,V202608-L01377,TA09,40,22,3,2026-08-10T16:38,2026-08-11T01:37,539.0
20264,V202608-L01380,TA10,45,17,1,2026-08-10T16:33,2026-08-10T21:57,324.0
20264,V202608-L01367,TM08,20,0,1,2026-08-10T16:50:24,2026-08-12T00:29,1898.6
20264,V202608-L01367,TM08,20,0,4,2026-08-10T16:50:24,2026-08-12T00:29,1898.6
20264,V202608-L01367,TM09,20,0,4,2026-08-10T16:50:24,2026-08-12T00:29,1898.6
20264,V202608-L01372,TM14,6,19,3,2026-08-10T17:00,2026-08-12T00:53,1913.0
20264,V202608-L01376,TB01,33,8,3,2026-08-10T17:00,2026-08-12T01:36,1956.0
20264,V202608-L01376,TB05,33,8,4,2026-08-10T17:00,2026-08-12T01:36,1956.0
20264,V202608-L01384,TM12,0,22,2,2026-08-10T17:17:12,2026-08-11T03:06,588.8
20264,V202608-L01384,TM12,0,22,4,2026-08-10T17:17:12,2026-08-11T03:06,588.8
20264,V202608-L01385,TB02,17,9,3,2026-08-10T17:25,2026-08-12T03:08,2023.0
20264,V202608-L01385,TB09,17,9,4,2026-08-10T17:25,2026-08-12T03:08,2023.0
20264,V202608-L01386,TA03,34,1,2,2026-08-10T17:57:30,2026-08-12T03:15,1997.5
20264,V202608-L01386,TA03,34,1,4,2026-08-10T17:57:30,2026-08-12T03:15,1997.5
20264,V202608-L01388,TM04,17,18,4,2026-08-10T17:40,2026-08-12T03:32,2032.0
20264,V202608-L01388,TM04,17,18,4,2026-08-10T17:40,2026-08-12T03:32,2032.0
20264,V202608-L01387,TM06,25,30,4,2026-08-10T17:30:24,2026-08-12T03:31,2040.6
20264,V202608-L01387,TM06,25,30,4,2026-08-10T17:30:24,2026-08-12T03:31,2040.6
20264,V202608-L01391,TM10,53,38,4,2026-08-10T17:36,2026-08-12T03:58,2062.0
20264,V202608-L01392,TM11,42,11,4,2026-08-10T18:14:24,2026-08-11T09:59,944.6
20264,V202608-L01392,TM13,42,11,3,2026-08-10T18:14:24,2026-08-11T09:59,944.6
20264,V202608-L01389,TB03,0,44,2,2026-08-10T18:30,2026-08-10T23:54,324.0
20264,V202608-L01390,TB07,6,11,4,2026-08-10T19:00,2026-08-10T19:54,54.0
20264,V202608-L01390,TB10,6,11,2,2026-08-10T19:00,2026-08-10T19:54,54.0
20264,V202608-L01393,TM05,62,9,2,2026-08-10T18:05:12,2026-08-11T00:06,360.8
20264,V202608-L01393,TM05,62,9,4,2026-08-10T18:05:12,2026-08-11T00:06,360.8
20264,V202608-L01394,TB11,18,38,3,2026-08-10T17:40,2026-08-12T04:10,2070.0
20264,V202608-L01398,TM01,58,30,1,2026-08-10T17:29:36,2026-08-11T10:19,1009.4
20264,V202608-L01396,TM02,41,38,4,2026-08-10T18:24:48,2026-08-12T04:13,2028.2
20264,V202608-L01396,TM03,41,38,4,2026-08-10T18:24:48,2026-08-12T04:13,2028.2
20264,V202608-L01395,TM15,41,4,3,2026-08-10T18:53:36,2026-08-11T00:12,318.4
20264,V202608-L01400,TM07,69,33,4,2026-08-10T18:13:12,2026-08-12T04:29,2055.8
20264,V202608-L01400,TM07,69,33,4,2026-08-10T18:13:12,2026-08-12T04:29,2055.8
20264,V202608-L01401,TB04,22,0,4,2026-08-10T19:35,2026-08-11T10:48,913.0
20264,V202608-L01401,TB08,22,0,4,2026-08-10T19:35,2026-08-11T10:48,913.0
20264,V202608-L01401,TB12,22,0,2,2026-08-10T19:35,2026-08-11T10:48,913.0
20264,V202608-L01400,TA02,69,33,1,2026-08-10T18:57,2026-08-12T04:29,2012.0
20264,V202608-L01403,TA07,31,50,4,2026-08-10T19:45,2026-08-11T04:56,551.0
20264,V202608-L01409,TB06,34,22,2,2026-08-10T20:05,2026-08-11T11:47,942.0
20264,V202608-L01397,TA06,1,37,2,2026-08-10T19:21,2026-08-11T00:15,294.0
20264,V202608-L01402,TA09,1,2,4,2026-08-10T20:06:30,2026-08-11T10:56,889.5
20264,V202608-L01402,TA09,1,2,4,2026-08-10T20:06:30,2026-08-11T10:56,889.5
20264,V202608-L01405,TA10,53,12,4,2026-08-10T19:46:30,2026-08-10T20:57,70.5
20264,V202608-L01405,TA10,53,12,4,2026-08-10T19:46:30,2026-08-10T20:57,70.5
20264,V202608-L01405,TA10,53,12,2,2026-08-10T19:46:30,2026-08-10T20:57,70.5
20264,V202608-L01399,TA01,2,32,2,2026-08-10T20:18,2026-08-10T20:29,11.0
20264,V202608-L01399,TA01,2,32,4,2026-08-10T20:18,2026-08-10T20:29,11.0
20264,V202608-L01404,TA04,43,38,4,2026-08-10T20:01:30,2026-08-11T04:57,535.5
20264,V202608-L01408,TA05,38,13,4,2026-08-10T19:28:30,2026-08-11T11:43,974.5
20264,V202608-L01406,TA08,2,13,4,2026-08-10T20:25:30,2026-08-12T04:58,1952.5
20264,V202608-L01410,TM01,64,33,1,2026-08-10T20:10:24,2026-08-11T06:02,591.6
20264,V202608-L01410,TM01,64,33,4,2026-08-10T20:10:24,2026-08-11T06:02,591.6
20264,V202608-L01409,TM08,34,22,4,2026-08-10T20:16:48,2026-08-11T11:47,930.2
20264,V202608-L01409,TM08,34,22,4,2026-08-10T20:16:48,2026-08-11T11:47,930.2
20264,V202608-L01407,TM09,28,36,3,2026-08-10T20:36,2026-08-12T05:05,1949.0
20264,V202608-L01411,TM14,13,29,4,2026-08-10T20:24,2026-08-12T06:03,2019.0
20264,V202608-L01411,TM14,13,29,2,2026-08-10T20:24,2026-08-12T06:03,2019.0
20264,V202608-L01412,TM10,66,20,3,2026-08-10T20:50:24,2026-08-12T06:38,2027.6
20264,V202608-L01414,TA02,38,43,1,2026-08-10T21:16:30,2026-08-11T06:49,572.5
20264,V202608-L01413,TA03,37,48,4,2026-08-10T21:33:30,2026-08-12T06:40,1986.5
20264,V202608-L01415,TA06,6,25,4,2026-08-10T21:07:30,2026-08-12T07:18,2050.5
20264,V202608-L01415,TA06,6,25,4,2026-08-10T21:07:30,2026-08-12T07:18,2050.5
20264,V202608-L01417,TM12,12,31,3,2026-08-10T20:46:48,2026-08-11T07:29,642.2
20264,V202608-L01417,TM12,12,31,4,2026-08-10T20:46:48,2026-08-11T07:29,642.2
20264,V202608-L01416,TA05,56,1,4,2026-08-10T21:49:30,2026-08-11T07:25,575.5
20264,V202608-L01416,TA05,56,1,4,2026-08-10T21:49:30,2026-08-11T07:25,575.5
20264,V202608-L01418,TB11,9,37,1,2026-08-10T21:00,2026-08-11T13:39,999.0
20264,V202608-L01419,TA10,69,49,2,2026-08-10T22:06,2026-08-12T07:45,2019.0
20264,V202608-L01419,TA10,69,49,4,2026-08-10T22:06,2026-08-12T07:45,2019.0
20264,V202608-L01420,TA07,25,48,4,2026-08-10T22:06,2026-08-11T04:22,376.0
20264,V202608-L01423,TM02,54,30,4,2026-08-10T21:44:24,2026-08-11T00:30,165.6
20264,V202608-L01423,TM02,54,30,3,2026-08-10T21:44:24,2026-08-11T00:30,165.6
20264,V202608-L01421,TM04,38,8,2,2026-08-10T22:10:48,2026-08-11T08:22,611.2
20264,V202608-L01421,TM04,38,8,4,2026-08-10T22:10:48,2026-08-11T08:22,611.2
20264,V202608-L01422,TA01,24,31,1,2026-08-10T22:10:30,2026-08-11T04:30,379.5
20264,V202608-L01422,TA01,24,31,4,2026-08-10T22:10:30,2026-08-11T04:30,379.5
20264,V202608-L01424,TA04,47,12,4,2026-08-10T22:17:30,2026-08-11T00:40,142.5
20264,V202608-L01424,TA04,47,12,4,2026-08-10T22:17:30,2026-08-11T00:40,142.5
20264,V202608-L01426,TM01,61,49,2,2026-08-10T22:52:24,2026-08-11T08:45,592.6
20264,V202608-L01428,TA08,45,7,4,2026-08-10T22:42,2026-08-12T08:56,2054.0
20264,V202608-L01428,TA08,45,7,4,2026-08-10T22:42,2026-08-12T08:56,2054.0
20264,V202608-L01428,TA08,45,7,1,2026-08-10T22:42,2026-08-12T08:56,2054.0
20264,V202608-L01427,TA09,21,23,2,2026-08-10T22:26,2026-08-12T08:49,2063.0
20264,V202608-L01435,TA01,12,35,4,2026-08-11T00:04:30,2026-08-11T10:01,596.5
20264,V202608-L01435,TA01,12,35,4,2026-08-11T00:04:30,2026-08-11T10:01,596.5
20264,V202608-L01435,TA01,12,35,1,2026-08-11T00:04:30,2026-08-11T10:01,596.5
20264,V202608-L01431,TA02,11,4,3,2026-08-11T00:52:30,2026-08-12T09:18,1945.5
20264,V202608-L01431,TA02,11,4,4,2026-08-11T00:52:30,2026-08-12T09:18,1945.5
20264,V202608-L01425,TA03,46,50,1,2026-08-11T01:09,2026-08-12T08:41,1892.0
20264,V202608-L01442,TA04,51,50,4,2026-08-11T01:30,2026-08-12T10:51,2001.0
20264,V202608-L01442,TA04,51,50,2,2026-08-11T01:30,2026-08-12T10:51,2001.0
20264,V202608-L01430,TA05,67,16,4,2026-08-11T00:31:30,2026-08-11T05:16,284.5
20264,V202608-L01439,TA06,12,23,4,2026-08-11T00:22:30,2026-08-11T06:32,369.5
20264,V202608-L01439,TA06,12,23,4,2026-08-11T00:22:30,2026-08-11T06:32,369.5
20264,V202608-L01434,TA07,1,38,3,2026-08-11T00:16:30,2026-08-11T02:01,104.5
20264,V202608-L01434,TA07,1,38,4,2026-08-11T00:16:30,2026-08-11T02:01,104.5
20264,V202608-L01440,TA09,36,27,4,2026-08-11T00:33,2026-08-12T10:35,2042.0
20264,V202608-L01432,TA10,65,7,4,2026-08-11T00:42,2026-08-11T05:24,282.0
20264,V202608-L01438,TM02,68,9,3,2026-08-11T01:09:36,2026-08-11T02:25,75.4
20264,V202608-L01433,TM03,54,14,1,2026-08-11T00:38:24,2026-08-11T01:38,59.6
20264,V202608-L01433,TM03,54,14,4,2026-08-11T00:38:24,2026-08-11T01:38,59.6
20264,V202608-L01441,TM05,46,17,4,2026-08-11T00:50:24,2026-08-12T10:47,2036.6
20264,V202608-L01441,TM05,46,17,2,2026-08-11T00:50:24,2026-08-12T10:47,2036.6
20264,V202608-L01438,TM07,68,9,4,2026-08-11T01:09:36,2026-08-11T02:25,75.4
20264,V202608-L01429,TM10,69,12,3,2026-08-11T01:04:48,2026-08-12T09:08,1923.2
20264,V202608-L01429,TM10,69,12,4,2026-08-11T01:04:48,2026-08-12T09:08,1923.2
20264,V202608-L01437,TM11,41,21,4,2026-08-11T00:50:24,2026-08-12T10:10,1999.6
20264,V202608-L01437,TM13,41,21,1,2026-08-11T00:50:24,2026-08-12T10:10,1999.6
20264,V202608-L01437,TM15,41,21,4,2026-08-11T00:50:24,2026-08-12T10:10,1999.6
20264,V202608-L01443,TA08,48,17,3,2026-08-11T00:55:30,2026-08-11T11:01,605.5
20264,V202608-L01444,TM04,1,12,4,2026-08-11T01:17:12,2026-08-12T11:02,2024.8
20264,V202608-L01444,TM08,1,12,4,2026-08-11T01:17:12,2026-08-12T11:02,2024.8
20264,V202608-L01446,TM06,14,14,2,2026-08-11T00:51:12,2026-08-11T11:19,627.8
20264,V202608-L01445,TM09,9,4,4,2026-08-11T01:48:48,2026-08-11T17:12,923.2
20264,V202608-L01445,TM12,9,4,3,2026-08-11T01:48:48,2026-08-11T17:12,923.2
20264,V202608-L01448,TM14,4,4,4,2026-08-11T02:10:48,2026-08-12T11:30,1999.2
20264,V202608-L01448,TM14,4,4,3,2026-08-11T02:10:48,2026-08-12T11:30,1999.2
20264,V202608-L01449,TM01,52,1,4,2026-08-11T02:09:12,2026-08-11T03:40,90.8
20264,V202608-L01449,TM01,52,1,4,2026-08-11T02:09:12,2026-08-11T03:40,90.8
20264,V202608-L01450,TB01,39,6,4,2026-08-11T02:30,2026-08-11T07:44,314.0
20264,V202608-L01452,TB02,33,7,4,2026-08-11T02:24,2026-08-11T12:07,583.0
20264,V202608-L01451,TB03,11,25,4,2026-08-11T02:20,2026-08-12T12:02,2022.0
20264,V202608-L01453,TB06,38,17,4,2026-08-11T02:20,2026-08-11T18:09,949.0
20264,V202608-L01452,TB07,33,7,1,2026-08-11T02:24,2026-08-11T12:07,583.0
20264,V202608-L01451,TB11,11,25,2,2026-08-11T02:20,2026-08-12T12:02,2022.0
20264,V202608-L01453,TB12,38,17,2,2026-08-11T02:20,2026-08-11T18:09,949.0
20264,V202608-L01455,TB08,37,5,4,2026-08-11T03:15,2026-08-11T12:31,556.0
20264,V202608-L01459,TB04,22,2,2,2026-08-11T03:15,2026-08-11T08:41,326.0
20264,V202608-L01459,TB09,22,2,4,2026-08-11T03:15,2026-08-11T08:41,326.0
20264,V202608-L01459,TB10,22,2,4,2026-08-11T03:15,2026-08-11T08:41,326.0
20264,V202608-L01457,TA01,29,50,4,2026-08-11T04:16:30,2026-08-11T12:32,495.5
20264,V202608-L01457,TA01,29,50,1,2026-08-11T04:16:30,2026-08-11T12:32,495.5
20264,V202608-L01456,TA07,7,44,4,2026-08-11T02:49:30,2026-08-11T12:32,582.5
20264,V202608-L01456,TA07,7,44,2,2026-08-11T02:49:30,2026-08-11T12:32,582.5
20264,V202608-L01458,TA06,20,34,3,2026-08-11T03:03,2026-08-11T18:39,936.0
20264,V202608-L01463,TA05,58,33,1,2026-08-11T03:13:30,2026-08-11T09:29,375.5
20264,V202608-L01447,TA09,65,4,4,2026-08-11T03:51,2026-08-12T11:22,1891.0
20264,V202608-L01461,TM03,69,16,2,2026-08-11T04:12,2026-08-12T13:17,1985.0
20264,V202608-L01466,TA08,61,18,3,2026-08-11T03:43:30,2026-08-11T09:50,366.5
20264,V202608-L01468,TA10,53,0,1,2026-08-11T04:10:30,2026-08-11T20:20,969.5
20264,V202608-L01467,TA02,41,0,1,2026-08-11T04:13:30,2026-08-12T13:52,2018.5
20264,V202608-L01467,TA02,41,0,4,2026-08-11T04:13:30,2026-08-12T13:52,2018.5
20264,V202608-L01467,TA02,41,0,4,2026-08-11T04:13:30,2026-08-12T13:52,2018.5
20264,V202608-L01462,TM06,36,24,4,2026-08-11T04:15:36,2026-08-11T19:29,913.4
20264,V202608-L01462,TM06,36,24,2,2026-08-11T04:15:36,2026-08-11T19:29,913.4
20264,V202608-L01454,TM05,68,15,4,2026-08-11T04:36,2026-08-12T12:24,1908.0
20264,V202608-L01469,TM11,13,2,4,2026-08-11T04:43:12,2026-08-11T20:39,955.8
20264,V202608-L01469,TM13,13,2,4,2026-08-11T04:43:12,2026-08-11T20:39,955.8
20264,V202608-L01436,TA03,55,26,4,2026-08-11T04:04:30,2026-08-12T10:07,1802.5
20264,V202608-L01436,TA03,55,26,2,2026-08-11T04:04:30,2026-08-12T10:07,1802.5
20264,V202608-L01464,TA07,13,36,4,2026-08-11T04:10:30,2026-08-11T19:45,934.5
20264,V202608-L01464,TA07,13,36,3,2026-08-11T04:10:30,2026-08-11T19:45,934.5
20264,V202608-L01465,TA07,5,32,3,2026-08-11T05:28:30,2026-08-11T19:49,860.5
20264,V202608-L01460,TM10,57,12,4,2026-08-11T04:45:36,2026-08-12T12:56,1930.4
20264,V202608-L01460,TM10,57,12,4,2026-08-11T04:45:36,2026-08-12T12:56,1930.4
20264,V202608-L01472,TM15,6,13,2,2026-08-11T04:52:48,2026-08-12T14:59,2046.2
20264,V202608-L01470,TA04,53,25,1,2026-08-11T04:22:30,2026-08-11T10:49,386.5
20264,V202608-L01474,TA05,61,38,2,2026-08-11T04:46:30,2026-08-11T15:14,627.5
20264,V202608-L01474,TA05,61,38,4,2026-08-11T04:46:30,2026-08-11T15:14,627.5
20264,V202608-L01471,TA06,10,50,3,2026-08-11T04:42,2026-08-11T20:54,972.0
20264,V202608-L01475,TM02,51,16,4,2026-08-11T05:00:48,2026-08-11T15:17,616.2
20264,V202608-L01475,TM02,51,16,2,2026-08-11T05:00:48,2026-08-11T15:17,616.2
20264,V202608-L01472,TM04,6,13,4,2026-08-11T05:17:12,2026-08-12T14:59,2021.8
20264,V202608-L01472,TM04,6,13,4,2026-08-11T05:17:12,2026-08-12T14:59,2021.8
20264,V202608-L01473,TM07,67,44,3,2026-08-11T05:24:48,2026-08-12T15:00,2015.2
20264,V202608-L01473,TM07,67,44,4,2026-08-11T05:24:48,2026-08-12T15:00,2015.2
20264,V202608-L01475,TM08,51,16,4,2026-08-11T05:26:48,2026-08-11T15:17,590.2
20264,V202608-L01476,TA03,62,46,3,2026-08-11T05:56,2026-08-11T12:15,379.0
20264,V202608-L01478,TA04,42,16,2,2026-08-11T06:10:30,2026-08-12T16:21,2050.5
20264,V202608-L01478,TA04,42,16,4,2026-08-11T06:10:30,2026-08-12T16:21,2050.5
20264,V202608-L01479,TA08,50,49,4,2026-08-11T06:13:30,2026-08-11T16:29,615.5
20264,V202608-L01477,TM09,16,13,4,2026-08-11T05:58:48,2026-08-11T12:21,382.2
20264,V202608-L01477,TM12,16,13,2,2026-08-11T05:58:48,2026-08-11T12:21,382.2
20264,V202608-L01477,TM14,16,13,4,2026-08-11T05:58:48,2026-08-11T12:21,382.2
20264,V202608-L01481,TA02,22,3,1,2026-08-11T06:19:30,2026-08-11T12:35,375.5
20264,V202608-L01480,TA06,9,16,2,2026-08-11T06:40:30,2026-08-12T16:30,2029.5
20264,V202608-L01480,TA06,9,16,4,2026-08-11T06:40:30,2026-08-12T16:30,2029.5
20264,V202608-L01480,TA06,9,16,4,2026-08-11T06:40:30,2026-08-12T16:30,2029.5
20264,V202608-L01482,TA05,57,21,1,2026-08-11T06:19,2026-08-11T17:03,644.0
20264,V202608-L01482,TA09,57,21,4,2026-08-11T06:19,2026-08-11T17:03,644.0
20264,V202608-L01482,TA09,57,21,4,2026-08-11T06:19,2026-08-11T17:03,644.0
20264,V202608-L01484,TA10,66,29,4,2026-08-11T06:56:30,2026-08-12T17:37,2080.5
20264,V202608-L01484,TA10,66,29,4,2026-08-11T06:56:30,2026-08-12T17:37,2080.5
20264,V202608-L01484,TA10,66,29,2,2026-08-11T06:56:30,2026-08-12T17:37,2080.5
20264,V202608-L01490,TA01,22,24,4,2026-08-11T08:36,2026-08-12T18:48,2052.0
20264,V202608-L01485,TA02,5,8,2,2026-08-11T08:42,2026-08-11T23:40,898.0
20264,V202608-L01485,TA02,5,8,4,2026-08-11T08:42,2026-08-11T23:40,898.0
20264,V202608-L01486,TA03,48,44,4,2026-08-11T08:39,2026-08-11T23:53,914.0
20264,V202608-L01486,TA03,48,44,3,2026-08-11T08:39,2026-08-11T23:53,914.0
20264,V202608-L01483,TA04,18,44,1,2026-08-11T09:25:30,2026-08-12T17:14,1908.5
20264,V202608-L01483,TA04,18,44,4,2026-08-11T09:25:30,2026-08-12T17:14,1908.5
20264,V202608-L01488,TA05,51,19,3,2026-08-11T08:21,2026-08-11T18:17,596.0
20264,V202608-L01491,TA07,1,43,4,2026-08-11T08:24,2026-08-11T10:49,145.0
20264,V202608-L01491,TA07,1,43,2,2026-08-11T08:24,2026-08-11T10:49,145.0
20264,V202608-L01491,TA07,1,43,4,2026-08-11T08:24,2026-08-11T10:49,145.0
20264,V202608-L01487,TA08,62,13,1,2026-08-11T08:28:30,2026-08-12T00:15,946.5
20264,V202608-L01487,TA08,62,13,4,2026-08-11T08:28:30,2026-08-12T00:15,946.5
20264,V202608-L01492,TA09,49,4,3,2026-08-11T08:46:30,2026-08-11T14:51,364.5
20264,V202608-L01489,TM02,41,31,4,2026-08-11T08:48,2026-08-11T14:45,357.0
20264,V202608-L01489,TM03,41,31,4,2026-08-11T08:48,2026-08-11T14:45,357.0
20264,V202608-L01489,TM03,41,31,1,2026-08-11T08:48,2026-08-11T14:45,357.0
20264,V202608-L01483,TB11,18,44,4,2026-08-11T09:00,2026-08-12T17:14,1934.0
20264,V202608-L01493,TA10,24,38,4,2026-08-11T09:19,2026-08-12T01:04,945.0
20264,V202608-L01493,TA10,24,38,1,2026-08-11T09:19,2026-08-12T01:04,945.0
20264,V202608-L01493,TB03,24,38,4,2026-08-11T09:10,2026-08-12T01:04,954.0
20264,V202608-L01494,TA06,31,8,2,2026-08-11T08:35,2026-08-12T19:13,2078.0
20264,V202608-L01495,TM04,24,23,3,2026-08-11T10:10:36,2026-08-12T19:25,1994.4
20264,V202608-L01497,TM01,35,28,4,2026-08-11T10:15:24,2026-08-12T19:51,2015.6
20264,V202608-L01499,TM05,58,50,1,2026-08-11T10:07:36,2026-08-11T20:07,599.4
20264,V202608-L01498,TM06,35,5,4,2026-08-11T09:50:48,2026-08-12T20:05,2054.2
20264,V202608-L01502,TM07,67,38,4,2026-08-11T10:20:24,2026-08-11T16:29,368.6
20264,V202608-L01501,TM11,41,14,1,2026-08-11T10:03:36,2026-08-12T02:29,985.4
20264,V202608-L01501,TM14,41,14,4,2026-08-11T10:03:36,2026-08-12T02:29,985.4
20264,V202608-L01501,TM14,41,14,4,2026-08-11T10:03:36,2026-08-12T02:29,985.4
20264,V202608-L01500,TM15,0,5,4,2026-08-11T10:56:24,2026-08-12T02:29,932.6
20264,V202608-L01503,TM08,52,23,3,2026-08-11T10:11:36,2026-08-12T02:50,998.4
20264,V202608-L01504,TM10,61,15,2,2026-08-11T10:38:24,2026-08-11T16:52,373.6
20264,V202608-L01504,TA05,61,15,4,2026-08-11T11:06,2026-08-11T16:52,346.0
20264,V202608-L01504,TA05,61,15,4,2026-08-11T11:06,2026-08-11T16:52,346.0
20264,V202608-L01505,TA07,3,41,4,2026-08-11T11:06,2026-08-12T20:58,2032.0
20264,V202608-L01505,TA07,3,41,4,2026-08-11T11:06,2026-08-12T20:58,2032.0
20264,V202608-L01505,TA07,3,41,2,2026-08-11T11:06,2026-08-12T20:58,2032.0
20264,V202608-L01507,TA01,59,3,4,2026-08-11T12:03,2026-08-12T21:21,1998.0
20264,V202608-L01507,TA01,59,3,1,2026-08-11T12:03,2026-08-12T21:21,1998.0
20264,V202608-L01510,TA06,28,15,2,2026-08-11T10:53,2026-08-12T21:50,2097.0
20264,V202608-L01496,TA06,25,40,1,2026-08-11T14:20:30,2026-08-11T19:48,327.5
20264,V202608-L01508,TA08,54,6,4,2026-08-11T11:33,2026-08-12T03:46,973.0
20264,V202608-L01508,TA08,54,6,2,2026-08-11T11:33,2026-08-12T03:46,973.0
20264,V202608-L01508,TA08,54,6,4,2026-08-11T11:33,2026-08-12T03:46,973.0
20264,V202608-L01506,TA03,59,17,4,2026-08-11T11:36,2026-08-11T21:03,567.0
20264,V202608-L01506,TA03,59,17,4,2026-08-11T11:36,2026-08-11T21:03,567.0
20264,V202608-L01496,TA03,25,40,4,2026-08-11T14:20:30,2026-08-11T19:48,327.5
20264,V202608-L01511,TA02,32,37,2,2026-08-11T12:06,2026-08-12T21:52,2026.0
20264,V202608-L01511,TA02,32,37,4,2026-08-11T12:06,2026-08-12T21:52,2026.0
20264,V202608-L01514,TM09,12,1,2,2026-08-11T12:27:12,2026-08-11T22:16,588.8
20264,V202608-L01512,TM12,19,5,4,2026-08-11T12:09:24,2026-08-12T22:13,2043.6
20264,V202608-L01514,TM13,12,1,4,2026-08-11T12:27:12,2026-08-11T22:16,588.8
20264,V202608-L01509,TA09,50,39,4,2026-08-11T12:01:30,2026-08-11T21:48,586.5
20264,V202608-L01509,TA09,50,39,4,2026-08-11T12:01:30,2026-08-11T21:48,586.5
20264,V202608-L01509,TA09,50,39,2,2026-08-11T12:01:30,2026-08-11T21:48,586.5
20264,V202608-L01513,TA10,20,37,1,2026-08-11T11:50:30,2026-08-12T22:15,2064.5
20264,V202608-L01515,TM02,61,24,1,2026-08-11T11:52:48,2026-08-12T22:21,2068.2
20264,V202608-L01515,TM02,61,24,4,2026-08-11T11:52:48,2026-08-12T22:21,2068.2
20264,V202608-L01515,TM03,61,24,4,2026-08-11T11:52:48,2026-08-12T22:21,2068.2
20264,V202608-L01516,TA04,8,39,2,2026-08-11T11:51,2026-08-11T14:25,154.0
20264,V202608-L01516,TA04,8,39,4,2026-08-11T11:51,2026-08-11T14:25,154.0
20264,V202608-L01517,TM10,34,27,4,2026-08-11T13:12,2026-08-12T22:32,2000.0
20264,V202608-L01520,TB03,7,35,3,2026-08-11T12:50,2026-08-12T23:07,2057.0
20264,V202608-L01518,TA07,2,3,4,2026-08-11T13:31:30,2026-08-12T22:51,1999.5
20264,V202608-L01519,TA05,46,50,4,2026-08-11T13:21,2026-08-12T22:55,2014.0
20264,V202608-L01519,TA05,46,50,1,2026-08-11T13:21,2026-08-12T22:55,2014.0
20264,V202608-L01521,TM06,35,7,1,2026-08-11T13:07:36,2026-08-12T23:13,2045.4
20264,V202608-L01522,TM08,60,44,4,2026-08-11T13:21:12,2026-08-11T19:17,355.8
20264,V202608-L01522,TM08,60,44,2,2026-08-11T13:21:12,2026-08-11T19:17,355.8
20264,V202608-L01517,TM11,34,27,4,2026-08-11T13:25:12,2026-08-12T22:32,1986.8
20264,V202608-L01517,TM14,34,27,2,2026-08-11T13:25:12,2026-08-12T22:32,1986.8
20264,V202608-L01523,TB11,13,34,2,2026-08-11T12:55,2026-08-12T23:24,2069.0
20264,V202608-L01526,TA04,7,25,2,2026-08-11T13:25:30,2026-08-12T23:40,2054.5
20264,V202608-L01524,TA08,47,48,2,2026-08-11T13:55:30,2026-08-12T23:24,2008.5
20264,V202608-L01525,TA10,46,47,4,2026-08-11T14:08:30,2026-08-11T15:33,84.5
20264,V202608-L01525,TA10,46,47,2,2026-08-11T14:08:30,2026-08-11T15:33,84.5
20264,V202608-L01525,TA10,46,47,4,2026-08-11T14:08:30,2026-08-11T15:33,84.5
20264,V202608-L01527,TM02,68,29,4,2026-08-11T13:40:48,2026-08-12T23:50,2049.2
20264,V202608-L01527,TM03,68,29,4,2026-08-11T13:40:48,2026-08-12T23:50,2049.2
20264,V202608-L01528,TM04,21,13,4,2026-08-11T13:16:48,2026-08-11T15:53,156.2
20264,V202608-L01528,TM04,21,13,1,2026-08-11T13:16:48,2026-08-11T15:53,156.2
20264,V202608-L01527,TM05,68,29,1,2026-08-11T13:36:24,2026-08-12T23:50,2053.6
20264,V202608-L01532,TM01,42,0,3,2026-08-11T14:19:36,2026-08-12T00:07,587.4
20264,V202608-L01530,TM07,66,6,4,2026-08-11T14:22:48,2026-08-11T19:59,336.2
20264,V202608-L01530,TM07,66,6,3,2026-08-11T14:22:48,2026-08-11T19:59,336.2
20264,V202608-L01531,TA02,25,35,2,2026-08-11T14:01:30,2026-08-13T00:06,2044.5
20264,V202608-L01533,TA09,61,46,1,2026-08-11T14:04:30,2026-08-13T00:12,2047.5
20264,V202608-L01533,TA09,61,46,4,2026-08-11T14:04:30,2026-08-13T00:12,2047.5
20264,V202608-L01534,TB01,26,11,3,2026-08-11T13:50,2026-08-13T00:26,2076.0
20264,V202608-L01536,TA01,49,4,3,2026-08-11T14:56:30,2026-08-13T01:03,2046.5
20264,V202608-L01535,TA02,6,27,4,2026-08-11T16:25:30,2026-08-12T06:54,868.5
20264,V202608-L01540,TA03,6,29,3,2026-08-11T16:22:30,2026-08-13T01:46,2003.5
20264,V202608-L01540,TA03,6,29,4,2026-08-11T16:22:30,2026-08-13T01:46,2003.5
20264,V202608-L01529,TA04,5,36,3,2026-08-11T16:13:30,2026-08-12T23:56,1902.5
20264,V202608-L01529,TA04,5,36,4,2026-08-11T16:13:30,2026-08-12T23:56,1902.5
20264,V202608-L01546,TA05,46,16,4,2026-08-11T16:33,2026-08-12T08:23,950.0
20264,V202608-L01546,TA05,46,16,3,2026-08-11T16:33,2026-08-12T08:23,950.0
20264,V202608-L01542,TA06,2,14,2,2026-08-11T16:51,2026-08-13T01:56,1985.0
20264,V202608-L01545,TA07,47,9,3,2026-08-11T16:37:30,2026-08-11T22:22,344.5
20264,V202608-L01539,TA08,62,23,4,2026-08-11T16:13:30,2026-08-13T01:26,1992.5
20264,V202608-L01539,TA08,62,23,4,2026-08-11T16:13:30,2026-08-13T01:26,1992.5
20264,V202608-L01539,TA08,62,23,1,2026-08-11T16:13:30,2026-08-13T01:26,1992.5
20264,V202608-L01543,TA09,64,44,4,2026-08-11T16:36,2026-08-11T22:09,333.0
20264,V202608-L01543,TA09,64,44,2,2026-08-11T16:36,2026-08-11T22:09,333.0
20264,V202608-L01543,TA09,64,44,4,2026-08-11T16:36,2026-08-11T22:09,333.0
20264,V202608-L01548,TA10,56,37,4,2026-08-11T16:16:30,2026-08-11T22:42,385.5
20264,V202608-L01548,TA10,56,37,3,2026-08-11T16:16:30,2026-08-11T22:42,385.5
20264,V202608-L01541,TM02,61,31,2,2026-08-11T16:19:12,2026-08-13T01:51,2011.8
20264,V202608-L01538,TM03,56,19,2,2026-08-11T16:21:36,2026-08-11T17:14,52.4
20264,V202608-L01537,TM04,1,25,4,2026-08-11T17:28:48,2026-08-13T01:14,1905.2
20264,V202608-L01541,TM05,61,31,4,2026-08-11T16:19:12,2026-08-13T01:51,2011.8
20264,V202608-L01550,TM08,50,13,1,2026-08-11T16:50:24,2026-08-12T02:58,607.6
20264,V202608-L01550,TM08,50,13,4,2026-08-11T16:50:24,2026-08-12T02:58,607.6
20264,V202608-L01537,TM09,1,25,4,2026-08-11T17:28:48,2026-08-13T01:14,1905.2
20264,V202608-L01544,TM10,28,44,3,2026-08-11T17:14:24,2026-08-11T18:14,59.6
20264,V202608-L01544,TM11,28,44,4,2026-08-11T17:14:24,2026-08-11T18:14,59.6
20264,V202608-L01537,TM12,1,25,2,2026-08-11T17:28:48,2026-08-13T01:14,1905.2
20264,V202608-L01549,TM14,36,19,1,2026-08-11T16:33:36,2026-08-12T02:43,609.4
20264,V202608-L01551,TB11,13,34,1,2026-08-11T16:35,2026-08-13T03:03,2068.0
20264,V202608-L01553,TM13,19,3,4,2026-08-11T17:05:36,2026-08-13T03:17,2051.4
20264,V202608-L01552,TB03,10,33,2,2026-08-11T16:55,2026-08-12T03:13,618.0
20264,V202608-L01547,TM07,48,22,4,2026-08-11T17:08:24,2026-08-11T22:29,320.6
20264,V202608-L01547,TM07,48,22,4,2026-08-11T17:08:24,2026-08-11T22:29,320.6
20264,V202608-L01555,TA01,34,41,4,2026-08-11T17:38:30,2026-08-11T23:38,359.5
20264,V202608-L01555,TA01,34,41,2,2026-08-11T17:38:30,2026-08-11T23:38,359.5
20264,V202608-L01555,TA01,34,41,4,2026-08-11T17:38:30,2026-08-11T23:38,359.5
20264,V202608-L01554,TM01,48,48,1,2026-08-11T18:52,2026-08-12T03:25,513.0
20264,V202608-L01554,TM06,48,48,4,2026-08-11T18:52,2026-08-12T03:25,513.0
20264,V202608-L01554,TM06,48,48,4,2026-08-11T18:52,2026-08-12T03:25,513.0
20264,V202608-L01557,TM15,30,0,4,2026-08-11T18:49:12,2026-08-12T04:25,575.8
20264,V202608-L01557,TM15,30,0,1,2026-08-11T18:49:12,2026-08-12T04:25,575.8
20264,V202608-L01558,TA04,23,50,4,2026-08-11T19:01:30,2026-08-11T20:30,88.5
20264,V202608-L01563,TA08,61,2,4,2026-08-11T19:10:30,2026-08-13T05:19,2048.5
20264,V202608-L01560,TA10,44,34,1,2026-08-11T19:03,2026-08-12T10:48,945.0
20264,V202608-L01562,TM02,55,49,3,2026-08-11T19:36,2026-08-13T05:08,2012.0
20264,V202608-L01556,TM05,60,32,4,2026-08-11T18:57:36,2026-08-11T20:12,74.4
20264,V202608-L01559,TA03,12,43,1,2026-08-11T18:52:30,2026-08-12T00:33,340.5
20264,V202608-L01556,TM03,60,32,2,2026-08-11T19:02:24,2026-08-11T20:12,69.6
20264,V202608-L01556,TM03,60,32,4,2026-08-11T19:02:24,2026-08-11T20:12,69.6
20264,V202608-L01561,TA02,35,41,4,2026-08-11T19:30,2026-08-13T04:57,2007.0
20264,V202608-L01564,TA05,16,3,3,2026-08-11T19:59:30,2026-08-13T05:24,2004.5
20264,V202608-L01564,TA05,16,3,4,2026-08-11T19:59:30,2026-08-13T05:24,2004.5
20264,V202608-L01565,TA06,5,7,4,2026-08-11T20:13:30,2026-08-11T22:24,130.5
20264,V202608-L01565,TA06,5,7,1,2026-08-11T20:13:30,2026-08-11T22:24,130.5
20264,V202608-L01567,TA07,56,26,4,2026-08-11T19:43,2026-08-13T06:40,2097.0
20264,V202608-L01567,TA07,56,26,1,2026-08-11T19:43,2026-08-13T06:40,2097.0
20264,V202608-L01567,TA07,56,26,4,2026-08-11T19:43,2026-08-13T06:40,2097.0
20264,V202608-L01566,TA09,41,23,4,2026-08-11T20:13,2026-08-12T06:36,623.0
20264,V202608-L01568,TM14,27,16,4,2026-08-11T19:54:48,2026-08-13T06:45,2090.2
20264,V202608-L01568,TM14,27,16,4,2026-08-11T19:54:48,2026-08-13T06:45,2090.2
20264,V202608-L01568,TB09,27,16,2,2026-08-11T20:00,2026-08-13T06:45,2085.0
20264,V202608-L01570,TM07,61,21,2,2026-08-11T20:34,2026-08-13T07:05,2071.0
20264,V202608-L01571,TM08,64,14,4,2026-08-11T20:58,2026-08-13T07:05,2047.0
20264,V202608-L01572,TA01,17,30,4,2026-08-11T20:49:30,2026-08-13T07:21,2071.5
20264,V202608-L01572,TA01,17,30,4,2026-08-11T20:49:30,2026-08-13T07:21,2071.5
20264,V202608-L01573,TA03,11,49,2,2026-08-11T20:48,2026-08-11T23:26,158.0
20264,V202608-L01569,TA10,46,0,2,2026-08-11T21:30,2026-08-13T07:00,2010.0
20264,V202608-L01569,TA10,46,0,4,2026-08-11T21:30,2026-08-13T07:00,2010.0
20264,V202608-L01574,TA04,2,1,1,2026-08-11T21:50:30,2026-08-12T13:31,940.5
20264,V202608-L01574,TA04,2,1,4,2026-08-11T21:50:30,2026-08-12T13:31,940.5
20264,V202608-L01575,TA07,51,29,2,2026-08-11T20:58,2026-08-12T03:31,393.0
20264,V202608-L01575,TA07,51,29,4,2026-08-11T20:58,2026-08-12T03:31,393.0
20264,V202608-L01576,TA08,52,19,4,2026-08-11T21:13:30,2026-08-13T07:41,2067.5
20264,V202608-L01576,TA08,52,19,2,2026-08-11T21:13:30,2026-08-13T07:41,2067.5
20264,V202608-L01576,TA08,52,19,4,2026-08-11T21:13:30,2026-08-13T07:41,2067.5
20264,V202608-L01578,TA02,3,39,1,2026-08-11T21:25,2026-08-13T08:10,2085.0
20264,V202608-L01578,TA02,3,39,4,2026-08-11T21:25,2026-08-13T08:10,2085.0
20264,V202608-L01578,TA02,3,39,4,2026-08-11T21:25,2026-08-13T08:10,2085.0
20264,V202608-L01577,TM05,69,14,4,2026-08-11T22:10,2026-08-13T08:07,2037.0
20264,V202608-L01577,TM05,69,14,1,2026-08-11T22:10,2026-08-13T08:07,2037.0
20264,V202608-L01580,TM14,34,13,2,2026-08-11T21:39:12,2026-08-12T00:20,160.8
20264,V202608-L01579,TA05,31,49,3,2026-08-11T22:31,2026-08-12T08:16,585.0
20264,V202608-L01579,TA05,31,49,4,2026-08-11T22:31,2026-08-12T08:16,585.0
20264,V202608-L01581,TA09,65,49,4,2026-08-11T22:31,2026-08-12T08:23,592.0
20264,V202608-L01582,TM13,28,19,4,2026-08-11T22:04:24,2026-08-13T08:42,2077.6
20264,V202608-L01584,TA03,0,44,4,2026-08-11T22:37,2026-08-13T09:01,2064.0
20264,V202608-L01586,TA06,51,7,2,2026-08-11T22:56:30,2026-08-12T15:02,965.5
20264,V202608-L01586,TA06,51,7,4,2026-08-11T22:56:30,2026-08-12T15:02,965.5
20264,V202608-L01585,TA07,50,11,2,2026-08-11T22:44:30,2026-08-13T09:02,2057.5
20264,V202608-L01583,TM06,58,41,1,2026-08-11T22:46,2026-08-13T08:53,2047.0
20264,V202608-L01588,TA01,18,24,2,2026-08-11T23:00,2026-08-12T01:22,142.0
20264,V202608-L01588,TA01,18,24,4,2026-08-11T23:00,2026-08-12T01:22,142.0
20264,V202608-L01588,TA01,18,24,4,2026-08-11T23:00,2026-08-12T01:22,142.0
20264,V202608-L01587,TA08,62,16,2,2026-08-11T22:57,2026-08-12T01:11,134.0
20264,V202608-L01596,TA02,9,42,2,2026-08-12T00:10:30,2026-08-12T06:26,375.5
20264,V202608-L01597,TA03,33,37,1,2026-08-12T00:37,2026-08-13T10:27,2030.0
20264,V202608-L01593,TA04,29,14,4,2026-08-12T00:03,2026-08-13T09:55,2032.0
20264,V202608-L01593,TA04,29,14,2,2026-08-12T00:03,2026-08-13T09:55,2032.0
20264,V202608-L01592,TA10,21,11,1,2026-08-12T00:13:30,2026-08-13T09:52,2018.5
20264,V202608-L01595,TM01,54,42,4,2026-08-12T00:43:12,2026-08-12T02:21,97.8
20264,V202608-L01595,TM02,54,42,2,2026-08-12T00:43:12,2026-08-12T02:21,97.8
20264,V202608-L01595,TM07,54,42,4,2026-08-12T00:43:12,2026-08-12T02:21,97.8
20264,V202608-L01599,TM08,50,42,4,2026-08-12T00:52:48,2026-08-13T10:36,2023.2
20264,V202608-L01599,TM08,50,42,1,2026-08-12T00:52:48,2026-08-13T10:36,2023.2
20264,V202608-L01598,TM09,16,16,4,2026-08-12T01:02:24,2026-08-12T02:34,91.6
20264,V202608-L01591,TM10,18,28,4,2026-08-12T00:38:24,2026-08-12T05:52,313.6
20264,V202608-L01591,TM11,18,28,2,2026-08-12T00:38:24,2026-08-12T05:52,313.6
20264,V202608-L01591,TM11,18,28,4,2026-08-12T00:38:24,2026-08-12T05:52,313.6
20264,V202608-L01598,TM12,16,16,4,2026-08-12T01:02:24,2026-08-12T02:34,91.6
20264,V202608-L01598,TM12,16,16,2,2026-08-12T01:02:24,2026-08-12T02:34,91.6
20264,V202608-L01594,TM13,43,12,1,2026-08-12T00:43:12,2026-08-13T09:57,1993.8
20264,V202608-L01602,TM14,19,13,4,2026-08-12T00:21:36,2026-08-12T06:48,386.4
20264,V202608-L01601,TM15,21,8,4,2026-08-12T00:28:48,2026-08-13T10:44,2055.2
20264,V202608-L01601,TM15,21,8,2,2026-08-12T00:28:48,2026-08-13T10:44,2055.2
20264,V202608-L01589,TA07,70,0,4,2026-08-12T01:19,2026-08-13T09:32,1933.0
20264,V202608-L01589,TA07,70,0,1,2026-08-12T01:19,2026-08-13T09:32,1933.0
20264,V202608-L01604,TA09,45,14,4,2026-08-12T00:53:30,2026-08-12T03:06,132.5
20264,V202608-L01604,TA09,45,14,4,2026-08-12T00:53:30,2026-08-12T03:06,132.5
20264,V202608-L01604,TA09,45,14,2,2026-08-12T00:53:30,2026-08-12T03:06,132.5
20264,V202608-L01603,TB05,29,0,4,2026-08-12T01:30,2026-08-12T10:52,562.0
20264,V202608-L01603,TB08,29,0,3,2026-08-12T01:30,2026-08-12T10:52,562.0
20264,V202608-L01590,TA01,3,2,4,2026-08-12T01:22:30,2026-08-12T05:48,265.5
20264,V202608-L01590,TA01,3,2,1,2026-08-12T01:22:30,2026-08-12T05:48,265.5
20264,V202608-L01590,TA01,3,2,4,2026-08-12T01:22:30,2026-08-12T05:48,265.5
20264,V202608-L01605,TA05,6,17,2,2026-08-12T01:00:30,2026-08-13T11:13,2052.5
20264,V202608-L01605,TA05,6,17,4,2026-08-12T01:00:30,2026-08-13T11:13,2052.5
20264,V202608-L01600,TA08,47,6,3,2026-08-12T01:07:30,2026-08-12T16:40,932.5
20264,V202608-L01600,TA08,47,6,4,2026-08-12T01:07:30,2026-08-12T16:40,932.5
20264,V202608-L01606,TM04,0,18,4,2026-08-12T01:46:48,2026-08-12T17:21,934.2
20264,V202608-L01606,TM04,0,18,3,2026-08-12T01:46:48,2026-08-12T17:21,934.2
20264,V202608-L01607,TA06,44,47,1,2026-08-12T01:29:30,2026-08-13T11:35,2045.5
20264,V202608-L01608,TM03,56,45,3,2026-08-12T01:55:36,2026-08-12T04:04,128.4
20264,V202608-L01608,TM03,56,45,4,2026-08-12T01:55:36,2026-08-12T04:04,128.4
20264,V202608-L01610,TM05,60,6,4,2026-08-12T02:07:36,2026-08-12T12:07,599.4
20264,V202608-L01610,TM06,60,6,1,2026-08-12T02:07:36,2026-08-12T12:07,599.4
20264,V202608-L01610,TM06,60,6,4,2026-08-12T02:07:36,2026-08-12T12:07,599.4
20264,V202608-L01611,TB02,30,14,4,2026-08-12T01:25,2026-08-12T18:09,1004.0
20264,V202608-L01611,TB09,30,14,1,2026-08-12T01:25,2026-08-12T18:09,1004.0
20264,V202608-L01613,TB03,19,31,4,2026-08-12T02:30,2026-08-12T08:19,349.0
20264,V202608-L01613,TB11,19,31,3,2026-08-12T02:30,2026-08-12T08:19,349.0
20264,V202608-L01616,TB04,13,6,4,2026-08-12T03:30,2026-08-12T08:36,306.0
20264,V202608-L01614,TB06,17,21,4,2026-08-12T03:05,2026-08-12T18:27,922.0
20264,V202608-L01614,TB07,17,21,4,2026-08-12T03:05,2026-08-12T18:27,922.0
20264,V202608-L01616,TB12,13,6,3,2026-08-12T03:30,2026-08-12T08:36,306.0
20264,V202608-L01609,TB01,38,23,4,2026-08-12T03:30,2026-08-13T12:06,1956.0
20264,V202608-L01609,TB10,38,23,1,2026-08-12T03:30,2026-08-13T12:06,1956.0
20264,V202608-L01612,TA04,40,44,1,2026-08-12T03:10:30,2026-08-12T18:12,901.5
20264,V202608-L01618,TA02,9,50,1,2026-08-12T02:43:30,2026-08-12T12:37,593.5
20264,V202608-L01618,TA02,9,50,4,2026-08-12T02:43:30,2026-08-12T12:37,593.5
20264,V202608-L01620,TA10,31,11,2,2026-08-12T02:37:30,2026-08-12T13:12,634.5
20264,V202608-L01620,TA10,31,11,4,2026-08-12T02:37:30,2026-08-12T13:12,634.5
20264,V202608-L01619,TM14,32,8,2,2026-08-12T03:09:36,2026-08-12T19:09,959.4
20264,V202608-L01621,TM15,9,9,4,2026-08-12T03:52:48,2026-08-13T13:31,2018.2
20264,V202608-L01621,TM15,9,9,1,2026-08-12T03:52:48,2026-08-13T13:31,2018.2
20264,V202608-L01615,TA03,68,48,2,2026-08-12T04:49,2026-08-12T18:33,824.0
20264,V202608-L01624,TA09,31,0,2,2026-08-12T03:47:30,2026-08-12T10:05,377.5
20264,V202608-L01623,TM01,54,29,2,2026-08-12T03:38:24,2026-08-13T13:44,2045.6
20264,V202608-L01625,TM02,65,31,2,2026-08-12T03:55:12,2026-08-12T10:19,383.8
20264,V202608-L01622,TM07,53,19,4,2026-08-12T03:55:12,2026-08-12T05:35,99.8
20264,V202608-L01627,TA05,42,16,1,2026-08-12T04:02,2026-08-13T14:28,2066.0
20264,V202608-L01627,TA05,42,16,4,2026-08-12T04:02,2026-08-13T14:28,2066.0
20264,V202608-L01617,TM08,56,33,1,2026-08-12T04:02:24,2026-08-13T12:36,1953.6
20264,V202608-L01617,TM08,56,33,4,2026-08-12T04:02:24,2026-08-13T12:36,1953.6
20264,V202608-L01628,TM10,2,43,2,2026-08-12T04:26,2026-08-13T14:44,2058.0
20264,V202608-L01628,TM11,2,43,4,2026-08-12T04:26,2026-08-13T14:44,2058.0
20264,V202608-L01628,TM11,2,43,4,2026-08-12T04:26,2026-08-13T14:44,2058.0
20264,V202608-L01626,TA02,70,48,3,2026-08-12T05:48,2026-08-13T14:25,1957.0
20264,V202608-L01626,TA02,70,48,4,2026-08-12T05:48,2026-08-13T14:25,1957.0
20264,V202608-L01631,TA08,57,2,4,2026-08-12T05:03,2026-08-13T14:59,2036.0
20264,V202608-L01631,TA08,57,2,2,2026-08-12T05:03,2026-08-13T14:59,2036.0
20264,V202608-L01629,TA06,50,26,4,2026-08-12T04:31,2026-08-12T14:47,616.0
20264,V202608-L01629,TA06,50,26,1,2026-08-12T04:31,2026-08-12T14:47,616.0
20264,V202608-L01629,TA06,50,26,4,2026-08-12T04:31,2026-08-12T14:47,616.0
20264,V202608-L01630,TA07,63,21,4,2026-08-12T04:37,2026-08-12T10:54,377.0
20264,V202608-L01632,TA10,15,24,1,2026-08-12T04:43,2026-08-13T15:09,2066.0
20264,V202608-L01633,TA01,45,20,2,2026-08-12T05:16,2026-08-12T21:36,980.0
20264,V202608-L01633,TA01,45,20,4,2026-08-12T05:16,2026-08-12T21:36,980.0
20264,V202608-L01633,TA01,45,20,4,2026-08-12T05:16,2026-08-12T21:36,980.0
20264,V202608-L01634,TM13,30,27,4,2026-08-12T05:28:24,2026-08-13T15:43,2054.6
20264,V202608-L01634,TM14,30,27,1,2026-08-12T05:28:24,2026-08-13T15:43,2054.6
20264,V202608-L01635,TM01,59,49,2,2026-08-12T06:07:36,2026-08-13T16:05,2037.4
20264,V202608-L01636,TM03,65,40,1,2026-08-12T06:10:24,2026-08-12T16:13,602.6
20264,V202608-L01637,TA05,41,2,1,2026-08-12T06:09,2026-08-12T08:25,136.0
20264,V202608-L01638,TM05,49,32,2,2026-08-12T06:01:12,2026-08-12T08:26,144.8
20264,V202608-L01638,TM05,49,32,4,2026-08-12T06:01:12,2026-08-12T08:26,144.8
20264,V202608-L01639,TA09,22,6,1,2026-08-12T05:59:30,2026-08-13T16:40,2080.5
20264,V202608-L01639,TA09,22,6,4,2026-08-12T05:59:30,2026-08-13T16:40,2080.5
20264,V202608-L01639,TA09,22,6,4,2026-08-12T05:59:30,2026-08-13T16:40,2080.5
20264,V202608-L01640,TA06,53,19,1,2026-08-12T06:08,2026-08-12T22:42,994.0
20264,V202608-L01641,TA07,35,24,2,2026-08-12T06:47:30,2026-08-13T17:07,2059.5
20264,V202608-L01641,TA07,35,24,4,2026-08-12T06:47:30,2026-08-13T17:07,2059.5
20264,V202608-L01643,TA04,24,39,4,2026-08-12T06:39:30,2026-08-13T17:14,2074.5
20264,V202608-L01644,TM04,31,12,4,2026-08-12T06:44:24,2026-08-12T09:26,161.6
20264,V202608-L01644,TM12,31,12,1,2026-08-12T06:44:24,2026-08-12T09:26,161.6
20264,V202608-L01645,TA01,59,0,4,2026-08-12T08:43:30,2026-08-12T13:36,292.5
20264,V202608-L01645,TA01,59,0,1,2026-08-12T08:43:30,2026-08-12T13:36,292.5
20264,V202608-L01645,TA01,59,0,4,2026-08-12T08:43:30,2026-08-12T13:36,292.5
20264,V202608-L01648,TA02,69,24,4,2026-08-12T08:22:30,2026-08-13T18:07,2024.5
20264,V202608-L01648,TA02,69,24,3,2026-08-12T08:22:30,2026-08-13T18:07,2024.5
20264,V202608-L01655,TA03,51,26,2,2026-08-12T08:10:30,2026-08-12T18:37,626.5
20264,V202608-L01651,TA04,12,41,2,2026-08-12T08:04:30,2026-08-13T18:13,2048.5
20264,V202608-L01651,TA04,12,41,4,2026-08-12T08:04:30,2026-08-13T18:13,2048.5
20264,V202608-L01651,TA04,12,41,4,2026-08-12T08:04:30,2026-08-13T18:13,2048.5
20264,V202608-L01650,TA05,24,16,4,2026-08-12T08:07:30,2026-08-12T18:10,602.5
20264,V202608-L01650,TA05,24,16,4,2026-08-12T08:07:30,2026-08-12T18:10,602.5
20264,V202608-L01653,TA06,61,27,4,2026-08-12T08:06,2026-08-12T10:30,144.0
20264,V202608-L01653,TA06,61,27,4,2026-08-12T08:06,2026-08-12T10:30,144.0
20264,V202608-L01647,TA08,47,29,4,2026-08-12T08:18,2026-08-12T14:00,342.0
20264,V202608-L01642,TA09,5,7,4,2026-08-12T08:43:30,2026-08-12T17:14,510.5
20264,V202608-L01646,TA10,28,45,1,2026-08-12T08:34:30,2026-08-12T09:43,68.5
20264,V202608-L01652,TM02,70,27,4,2026-08-12T08:31:12,2026-08-12T14:14,342.8
20264,V202608-L01654,TM05,70,49,4,2026-08-12T09:24,2026-08-13T18:34,1990.0
20264,V202608-L01654,TM05,70,49,1,2026-08-12T09:24,2026-08-13T18:34,1990.0
20264,V202608-L01654,TM07,70,49,4,2026-08-12T09:24,2026-08-13T18:34,1990.0
20264,V202608-L01652,TM08,70,27,3,2026-08-12T08:31:12,2026-08-12T14:14,342.8
20264,V202608-L01649,TM09,26,31,4,2026-08-12T08:43:12,2026-08-13T18:08,2004.8
20264,V202608-L01649,TM12,26,31,2,2026-08-12T08:43:12,2026-08-13T18:08,2004.8
20264,V202608-L01649,TA07,26,31,4,2026-08-12T08:41:30,2026-08-13T18:08,2006.5
20264,V202608-L01656,TM04,33,1,4,2026-08-12T09:05:36,2026-08-13T01:19,973.4
20264,V202608-L01656,TM04,33,1,4,2026-08-12T09:05:36,2026-08-13T01:19,973.4
20264,V202608-L01656,TM15,33,1,1,2026-08-12T09:05:36,2026-08-13T01:19,973.4
20264,V202608-L01657,TM13,28,29,2,2026-08-12T09:28:24,2026-08-13T19:42,2053.6
20264,V202608-L01658,TM10,30,38,1,2026-08-12T09:43:12,2026-08-13T02:00,976.8
20264,V202608-L01659,TM11,39,40,4,2026-08-12T10:19:36,2026-08-13T02:07,947.4
20264,V202608-L01660,TB03,18,43,4,2026-08-12T10:15,2026-08-12T16:12,357.0
20264,V202608-L01660,TB11,18,43,4,2026-08-12T10:15,2026-08-12T16:12,357.0
20264,V202608-L01660,TM14,18,43,1,2026-08-12T11:06,2026-08-12T16:12,306.0
20264,V202608-L01662,TM01,63,1,2,2026-08-12T10:56:48,2026-08-12T12:36,99.2
20264,V202608-L01662,TM06,63,1,4,2026-08-12T10:56:48,2026-08-12T12:36,99.2
20264,V202608-L01661,TA04,3,46,4,2026-08-12T10:34:30,2026-08-12T12:25,110.5
20264,V202608-L01661,TA04,3,46,4,2026-08-12T10:34:30,2026-08-12T12:25,110.5
20264,V202608-L01661,TA04,3,46,2,2026-08-12T10:34:30,2026-08-12T12:25,110.5
20264,V202608-L01663,TA05,35,10,3,2026-08-12T10:33,2026-08-13T21:03,2070.0
20264,V202608-L01664,TA06,3,25,3,2026-08-12T11:36,2026-08-12T13:07,91.0
20264,V202608-L01666,TA02,36,43,4,2026-08-12T11:45:30,2026-08-13T21:41,2035.5
20264,V202608-L01665,TA07,16,13,4,2026-08-12T11:26:30,2026-08-13T21:30,2043.5
20264,V202608-L01665,TA07,16,13,3,2026-08-12T11:26:30,2026-08-13T21:30,2043.5
20264,V202608-L01667,TA10,31,40,4,2026-08-12T11:40:30,2026-08-13T21:46,2045.5
20264,V202608-L01669,TA03,69,10,3,2026-08-12T11:53:30,2026-08-13T22:06,2052.5
20264,V202608-L01668,TA08,44,5,2,2026-08-12T12:02:30,2026-08-13T04:04,961.5
20264,V202608-L01668,TA08,44,5,4,2026-08-12T12:02:30,2026-08-13T04:04,961.5
20264,V202608-L01670,TA09,5,41,4,2026-08-12T12:40:30,2026-08-13T04:11,930.5
20264,V202608-L01670,TA09,5,41,4,2026-08-12T12:40:30,2026-08-13T04:11,930.5
20264,V202608-L01671,TA01,43,16,3,2026-08-12T12:07:30,2026-08-12T18:25,377.5
20264,V202608-L01672,TA05,31,27,1,2026-08-12T12:45:30,2026-08-13T05:12,986.5
20264,V202608-L01673,TA07,37,7,3,2026-08-12T13:13,2026-08-13T05:21,968.0
20264,V202608-L01673,TA07,37,7,4,2026-08-12T13:13,2026-08-13T05:21,968.0
20264,V202608-L01674,TM02,64,34,2,2026-08-12T13:13:36,2026-08-13T05:35,981.4
20264,V202608-L01674,TM03,64,34,4,2026-08-12T13:13:36,2026-08-13T05:35,981.4
20264,V202608-L01674,TM08,64,34,4,2026-08-12T13:13:36,2026-08-13T05:35,981.4
20264,V202608-L01675,TA04,1,7,4,2026-08-12T14:03,2026-08-12T23:45,582.0
20264,V202608-L01678,TM05,67,41,1,2026-08-12T14:07:36,2026-08-12T20:10,362.4
20264,V202608-L01676,TM07,60,48,4,2026-08-12T14:07:36,2026-08-13T00:02,594.4
20264,V202608-L01676,TM07,60,48,1,2026-08-12T14:07:36,2026-08-13T00:02,594.4
20264,V202608-L01677,TM15,27,29,2,2026-08-12T13:46,2026-08-12T16:07,141.0
20264,V202608-L01679,TA02,10,46,4,2026-08-12T13:45,2026-08-14T00:25,2080.0
20264,V202608-L01680,TA03,69,50,2,2026-08-12T14:32:30,2026-08-14T00:31,2038.5
20264,V202608-L01681,TA06,13,25,1,2026-08-12T14:31,2026-08-13T07:05,994.0
20264,V202608-L01684,TM06,61,37,2,2026-08-12T14:53:36,2026-08-14T01:14,2060.4
20264,V202608-L01688,TA01,45,17,4,2026-08-12T16:31:30,2026-08-14T01:53,2001.5
20264,V202608-L01688,TA01,45,17,2,2026-08-12T16:31:30,2026-08-14T01:53,2001.5
20264,V202608-L01688,TA01,45,17,4,2026-08-12T16:31:30,2026-08-14T01:53,2001.5
20264,V202608-L01690,TA02,10,25,1,2026-08-12T16:22:30,2026-08-13T08:16,953.5
20264,V202608-L01690,TA02,10,25,4,2026-08-12T16:22:30,2026-08-13T08:16,953.5
20264,V202608-L01682,TA04,40,32,2,2026-08-12T16:46:30,2026-08-14T01:11,1944.5
20264,V202608-L01693,TA05,8,13,4,2026-08-12T16:30,2026-08-13T02:44,614.0
20264,V202608-L01693,TA05,8,13,2,2026-08-12T16:30,2026-08-13T02:44,614.0
20264,V202608-L01694,TA07,44,21,3,2026-08-12T16:36,2026-08-12T18:57,141.0
20264,V202608-L01693,TA08,8,13,4,2026-08-12T16:30,2026-08-13T02:44,614.0
20264,V202608-L01687,TA09,40,42,4,2026-08-12T16:48,2026-08-12T17:44,56.0
20264,V202608-L01687,TA10,40,42,1,2026-08-12T16:48,2026-08-12T17:44,56.0
20264,V202608-L01686,TM01,61,40,4,2026-08-12T16:40:48,2026-08-13T01:39,538.2
20264,V202608-L01683,TM02,52,48,2,2026-08-12T17:02:24,2026-08-14T01:14,1931.6
20264,V202608-L01685,TM03,59,40,4,2026-08-12T16:36,2026-08-12T21:24,288.0
20264,V202608-L01691,TM04,40,15,4,2026-08-12T16:33:36,2026-08-14T02:25,2031.4
20264,V202608-L01692,TM05,56,31,4,2026-08-12T16:17:12,2026-08-13T02:34,616.8
20264,V202608-L01692,TM05,56,31,4,2026-08-12T16:17:12,2026-08-13T02:34,616.8
20264,V202608-L01685,TM07,59,40,1,2026-08-12T16:41:12,2026-08-12T21:24,282.8
20264,V202608-L01685,TM07,59,40,4,2026-08-12T16:41:12,2026-08-12T21:24,282.8
20264,V202608-L01689,TM08,61,47,4,2026-08-12T16:57:36,2026-08-13T01:59,541.4
20264,V202608-L01689,TM08,61,47,1,2026-08-12T16:57:36,2026-08-13T01:59,541.4
20264,V202608-L01691,TM09,40,15,2,2026-08-12T16:33:36,2026-08-14T02:25,2031.4
20264,V202608-L01691,TM15,40,15,4,2026-08-12T16:33:36,2026-08-14T02:25,2031.4
20264,V202608-L01695,TA06,29,40,4,2026-08-12T16:38:30,2026-08-12T23:02,383.5
20264,V202608-L01695,TA06,29,40,4,2026-08-12T16:38:30,2026-08-12T23:02,383.5
20264,V202608-L01695,TA06,29,40,1,2026-08-12T16:38:30,2026-08-12T23:02,383.5
20264,V202608-L01696,TM12,0,3,3,2026-08-12T17:51:12,2026-08-12T19:16,84.8
20264,V202608-L01698,TA03,41,37,1,2026-08-12T17:39,2026-08-12T19:59,140.0
20264,V202608-L01698,TA03,41,37,4,2026-08-12T17:39,2026-08-12T19:59,140.0
20264,V202608-L01697,TM13,26,21,2,2026-08-12T17:19:12,2026-08-13T09:51,991.8
20264,V202608-L01697,TM13,26,21,4,2026-08-12T17:19:12,2026-08-13T09:51,991.8
20264,V202608-L01699,TM10,10,0,3,2026-08-12T18:46,2026-08-13T04:01,555.0
20264,V202608-L01700,TM14,10,29,2,2026-08-12T17:36:24,2026-08-13T10:08,991.6
20264,V202608-L01700,TM14,10,29,4,2026-08-12T17:36:24,2026-08-13T10:08,991.6
20264,V202608-L01702,TM06,55,32,4,2026-08-12T17:36:48,2026-08-13T04:14,637.2
20264,V202608-L01701,TM11,5,9,2,2026-08-12T18:46:24,2026-08-14T04:11,2004.6
20264,V202608-L01701,TM11,5,9,4,2026-08-12T18:46:24,2026-08-14T04:11,2004.6
20264,V202608-L01707,TB11,3,44,1,2026-08-12T19:05,2026-08-13T10:46,941.0
20264,V202608-L01707,TB03,3,44,4,2026-08-12T19:25,2026-08-13T10:46,921.0
20264,V202608-L01709,TB09,36,15,3,2026-08-12T19:00,2026-08-13T01:09,369.0
20264,V202608-L01703,TM05,70,3,4,2026-08-12T19:58,2026-08-13T00:21,263.0
20264,V202608-L01705,TA02,23,48,4,2026-08-12T19:16:30,2026-08-14T04:37,2000.5
20264,V202608-L01705,TA02,23,48,2,2026-08-12T19:16:30,2026-08-14T04:37,2000.5
20264,V202608-L01705,TA02,23,48,4,2026-08-12T19:16:30,2026-08-14T04:37,2000.5
20264,V202608-L01708,TA05,1,9,2,2026-08-12T19:46:30,2026-08-12T21:09,82.5
20264,V202608-L01708,TA05,1,9,4,2026-08-12T19:46:30,2026-08-12T21:09,82.5
20264,V202608-L01707,TA06,3,44,4,2026-08-12T19:29:30,2026-08-13T10:46,916.5
20264,V202608-L01706,TA07,69,5,2,2026-08-12T19:55:30,2026-08-14T04:43,1967.5
20264,V202608-L01708,TA08,1,9,4,2026-08-12T19:46:30,2026-08-12T21:09,82.5
20264,V202608-L01710,TA01,18,44,1,2026-08-12T20:08:30,2026-08-14T05:46,2017.5
20264,V202608-L01710,TA01,18,44,4,2026-08-12T20:08:30,2026-08-14T05:46,2017.5
20264,V202608-L01704,TA04,48,36,4,2026-08-12T19:46:30,2026-08-14T04:36,1969.5
20264,V202608-L01704,TA04,48,36,4,2026-08-12T19:46:30,2026-08-14T04:36,1969.5
20264,V202608-L01711,TM03,60,20,4,2026-08-12T19:36,2026-08-14T05:57,2061.0
20264,V202608-L01711,TM03,60,20,1,2026-08-12T19:36,2026-08-14T05:57,2061.0
20264,V202608-L01714,TM01,61,14,2,2026-08-12T20:02:24,2026-08-13T12:17,974.6
20264,V202608-L01714,TM07,61,14,4,2026-08-12T20:00:48,2026-08-13T12:17,976.2
20264,V202608-L01714,TM07,61,14,4,2026-08-12T20:00:48,2026-08-13T12:17,976.2
20264,V202608-L01713,TA09,4,41,4,2026-08-12T19:52:30,2026-08-13T06:02,609.5
20264,V202608-L01713,TA09,4,41,4,2026-08-12T19:52:30,2026-08-13T06:02,609.5
20264,V202608-L01712,TA10,5,48,1,2026-08-12T20:01:30,2026-08-14T06:00,2038.5
20264,V202608-L01712,TA10,5,48,4,2026-08-12T20:01:30,2026-08-14T06:00,2038.5
20264,V202608-L01712,TA10,5,48,4,2026-08-12T20:01:30,2026-08-14T06:00,2038.5
20264,V202608-L01717,TM04,4,21,4,2026-08-12T20:52,2026-08-14T06:36,2024.0
20264,V202608-L01715,TM09,38,33,4,2026-08-12T20:52,2026-08-12T22:31,99.0
20264,V202608-L01715,TM09,38,33,1,2026-08-12T20:52,2026-08-12T22:31,99.0
20264,V202608-L01717,TM13,4,21,4,2026-08-12T20:52,2026-08-14T06:36,2024.0
20264,V202608-L01717,TM13,4,21,2,2026-08-12T20:52,2026-08-14T06:36,2024.0
20264,V202608-L01718,TM15,33,36,4,2026-08-12T20:47:12,2026-08-14T06:39,2031.8
20264,V202608-L01721,TM06,50,26,4,2026-08-12T20:12:48,2026-08-12T22:50,157.2
20264,V202608-L01721,TM06,50,26,4,2026-08-12T20:12:48,2026-08-12T22:50,157.2
20264,V202608-L01720,TM08,63,45,4,2026-08-12T20:52:48,2026-08-13T02:49,356.2
20264,V202608-L01720,TM08,63,45,4,2026-08-12T20:52:48,2026-08-13T02:49,356.2
20264,V202608-L01719,TB02,44,18,2,2026-08-12T21:35,2026-08-13T12:46,911.0
20264,V202608-L01719,TB07,44,18,4,2026-08-12T21:35,2026-08-13T12:46,911.0
20264,V202608-L01719,TM02,44,18,4,2026-08-12T20:57:36,2026-08-13T12:46,948.4
20264,V202608-L01716,TM14,1,29,1,2026-08-12T20:50:48,2026-08-14T06:36,2025.2
20264,V202608-L01716,TM14,1,29,4,2026-08-12T20:50:48,2026-08-14T06:36,2025.2
20264,V202608-L01720,TA03,63,45,2,2026-08-12T20:54,2026-08-13T02:49,355.0
20264,V202608-L01722,TA02,7,12,2,2026-08-12T21:34:30,2026-08-12T22:57,82.5
20264,V202608-L01724,TA06,47,37,1,2026-08-12T21:46,2026-08-13T03:12,326.0
20264,V202608-L01725,TM03,66,22,2,2026-08-12T21:33:36,2026-08-13T03:20,346.4
20264,V202608-L01723,TA04,58,3,3,2026-08-12T21:51,2026-08-13T03:03,312.0
20264,V202608-L01726,TA05,29,1,4,2026-08-12T21:55:30,2026-08-13T13:54,958.5
20264,V202608-L01726,TA05,29,1,2,2026-08-12T21:55:30,2026-08-13T13:54,958.5
20264,V202608-L01726,TA08,29,1,4,2026-08-12T21:55:30,2026-08-13T13:54,958.5
20264,V202608-L01728,TA10,8,48,2,2026-08-12T21:51,2026-08-14T08:22,2071.0
20264,V202608-L01727,TM06,60,20,1,2026-08-12T21:56,2026-08-14T08:19,2063.0
20264,V202608-L01730,TA07,59,14,4,2026-08-12T22:09,2026-08-13T00:32,143.0
20264,V202608-L01730,TA07,59,14,4,2026-08-12T22:09,2026-08-13T00:32,143.0
20264,V202608-L01730,TA07,59,14,1,2026-08-12T22:09,2026-08-13T00:32,143.0
20264,V202608-L01729,TM01,61,0,4,2026-08-12T22:57:36,2026-08-14T08:22,2004.4
20264,V202608-L01729,TM01,61,0,4,2026-08-12T22:57:36,2026-08-14T08:22,2004.4
20264,V202608-L01729,TM07,61,0,2,2026-08-12T22:56,2026-08-14T08:22,2006.0
20264,V202608-L01734,TA01,10,20,2,2026-08-12T22:30,2026-08-14T08:52,2062.0
20264,V202608-L01735,TA09,25,36,1,2026-08-12T22:42:30,2026-08-13T05:13,390.5
20264,V202608-L01733,TM05,58,20,4,2026-08-12T22:46,2026-08-13T04:51,365.0
20264,V202608-L01733,TM05,58,20,3,2026-08-12T22:46,2026-08-13T04:51,365.0
20264,V202608-L01740,TA03,55,25,4,2026-08-12T22:36,2026-08-14T09:27,2091.0
20264,V202608-L01740,TA03,55,25,1,2026-08-12T22:36,2026-08-14T09:27,2091.0
20264,V202608-L01740,TA03,55,25,4,2026-08-12T22:36,2026-08-14T09:27,2091.0
20264,V202608-L01739,TA01,39,40,4,2026-08-13T00:43:30,2026-08-14T09:26,1962.5
20264,V202608-L01739,TA01,39,40,4,2026-08-13T00:43:30,2026-08-14T09:26,1962.5
20264,V202608-L01744,TA02,24,9,3,2026-08-13T00:12,2026-08-13T16:02,950.0
20264,V202608-L01744,TA02,24,9,4,2026-08-13T00:12,2026-08-13T16:02,950.0
20264,V202608-L01748,TA04,56,4,2,2026-08-13T00:36,2026-08-13T02:17,101.0
20264,V202608-L01743,TA05,20,10,2,2026-08-13T00:16:30,2026-08-14T09:44,2007.5
20264,V202608-L01743,TA05,20,10,4,2026-08-13T00:16:30,2026-08-14T09:44,2007.5
20264,V202608-L01731,TA06,51,20,4,2026-08-13T00:19:30,2026-08-13T04:51,271.5
20264,V202608-L01747,TA07,55,25,4,2026-08-13T00:16:30,2026-08-13T06:15,358.5
20264,V202608-L01737,TA08,37,5,1,2026-08-13T00:28:30,2026-08-13T09:20,531.5
20264,V202608-L01741,TA09,33,49,1,2026-08-13T00:53,2026-08-13T15:34,881.0
20264,V202608-L01741,TA09,33,49,4,2026-08-13T00:53,2026-08-13T15:34,881.0
20264,V202608-L01751,TA10,21,44,1,2026-08-13T00:22:30,2026-08-14T11:00,2077.5
20264,V202608-L01742,TM02,20,6,1,2026-08-13T00:36,2026-08-13T05:40,304.0
20264,V202608-L01745,TM03,53,8,1,2026-08-13T00:55:12,2026-08-13T16:04,908.8
20264,V202608-L01746,TM04,6,19,4,2026-08-13T01:00,2026-08-13T16:06,906.0
20264,V202608-L01750,TM05,66,16,4,2026-08-13T00:53:12,2026-08-13T16:40,946.8
20264,V202608-L01750,TM05,66,16,2,2026-08-13T00:53:12,2026-08-13T16:40,946.8
20264,V202608-L01732,TM06,55,15,4,2026-08-13T00:33:36,2026-08-13T00:51,17.4
20264,V202608-L01732,TM06,55,15,1,2026-08-13T00:33:36,2026-08-13T00:51,17.4
20264,V202608-L01750,TM08,66,16,4,2026-08-13T00:48,2026-08-13T16:40,952.0
20264,V202608-L01745,TM09,53,8,4,2026-08-13T00:55:12,2026-08-13T16:04,908.8
20264,V202608-L01745,TM09,53,8,4,2026-08-13T00:55:12,2026-08-13T16:04,908.8
20264,V202608-L01736,TM10,41,22,4,2026-08-13T00:52:48,2026-08-14T09:15,1942.2
20264,V202608-L01736,TM12,41,22,4,2026-08-13T00:52:48,2026-08-14T09:15,1942.2
20264,V202608-L01738,TM13,4,47,3,2026-08-13T00:40:48,2026-08-13T05:22,281.2
20264,V202608-L01738,TM13,4,47,4,2026-08-13T00:40:48,2026-08-13T05:22,281.2
20264,V202608-L01746,TM14,6,19,1,2026-08-13T01:00,2026-08-13T16:06,906.0
20264,V202608-L01749,TA03,44,38,4,2026-08-13T00:57,2026-08-14T10:28,2011.0
20264,V202608-L01749,TA03,44,38,2,2026-08-13T00:57,2026-08-14T10:28,2011.0
20264,V202608-L01753,TM15,25,48,4,2026-08-13T01:55:12,2026-08-13T17:57,961.8
20264,V202608-L01753,TM15,25,48,3,2026-08-13T01:55:12,2026-08-13T17:57,961.8
20264,V202608-L01752,TM07,46,28,3,2026-08-13T01:39:12,2026-08-13T11:38,598.8
20264,V202608-L01752,TM07,46,28,4,2026-08-13T01:39:12,2026-08-13T11:38,598.8
20264,V202608-L01754,TB04,35,1,1,2026-08-13T02:55,2026-08-13T18:06,911.0
20264,V202608-L01754,TB07,35,1,4,2026-08-13T02:55,2026-08-13T18:06,911.0
20264,V202608-L01754,TB09,35,1,4,2026-08-13T02:55,2026-08-13T18:06,911.0
20264,V202608-L01755,TM11,26,30,4,2026-08-13T02:10:48,2026-08-13T18:21,970.2
20264,V202608-L01755,TM11,26,30,4,2026-08-13T02:10:48,2026-08-13T18:21,970.2
20264,V202608-L01756,TB03,3,35,2,2026-08-13T02:40,2026-08-14T12:36,2036.0
20264,V202608-L01756,TB11,3,35,4,2026-08-13T02:40,2026-08-14T12:36,2036.0
20264,V202608-L01757,TM01,69,26,1,2026-08-13T02:21:12,2026-08-13T08:50,388.8
20264,V202608-L01757,TM01,69,26,4,2026-08-13T02:21:12,2026-08-13T08:50,388.8
20264,V202608-L01761,TA02,19,42,2,2026-08-13T03:34,2026-08-13T05:34,120.0
20264,V202608-L01761,TA05,19,42,4,2026-08-13T03:34,2026-08-13T05:34,120.0
20264,V202608-L01761,TA05,19,42,4,2026-08-13T03:34,2026-08-13T05:34,120.0
20264,V202608-L01760,TA07,43,48,1,2026-08-13T03:32:30,2026-08-14T13:33,2040.5
20264,V202608-L01758,TA10,17,37,4,2026-08-13T02:54,2026-08-13T19:11,977.0
20264,V202608-L01758,TA10,17,37,3,2026-08-13T02:54,2026-08-13T19:11,977.0
20264,V202608-L01759,TA08,60,16,3,2026-08-13T04:17:30,2026-08-13T09:15,297.5
20264,V202608-L01759,TA08,60,16,4,2026-08-13T04:17:30,2026-08-13T09:15,297.5
20264,V202608-L01762,TB01,29,17,4,2026-08-13T03:25,2026-08-14T13:58,2073.0
20264,V202608-L01762,TB08,29,17,1,2026-08-13T03:25,2026-08-14T13:58,2073.0
20264,V202608-L01762,TB12,29,17,4,2026-08-13T03:25,2026-08-14T13:58,2073.0
20264,V202608-L01763,TA01,4,22,4,2026-08-13T04:03,2026-08-13T06:00,117.0
20264,V202608-L01766,TA03,67,35,2,2026-08-13T04:07,2026-08-13T10:40,393.0
20264,V202608-L01766,TA03,67,35,4,2026-08-13T04:07,2026-08-13T10:40,393.0
20264,V202608-L01766,TA04,67,35,4,2026-08-13T04:07,2026-08-13T10:40,393.0
20264,V202608-L01764,TA09,27,48,3,2026-08-13T04:18:30,2026-08-14T14:08,2029.5
20264,V202608-L01765,TM02,3,9,4,2026-08-13T04:49:36,2026-08-13T20:40,950.4
20264,V202608-L01767,TA06,31,22,4,2026-08-13T04:46:30,2026-08-13T21:00,973.5
20264,V202608-L01767,TA06,31,22,4,2026-08-13T04:46:30,2026-08-13T21:00,973.5
20264,V202608-L01767,TA06,31,22,2,2026-08-13T04:46:30,2026-08-13T21:00,973.5
20264,V202608-L01770,TA10,22,25,3,2026-08-13T05:04:30,2026-08-13T15:29,624.5
20264,V202608-L01769,TM04,10,28,4,2026-08-13T04:58:48,2026-08-14T15:22,2063.2
20264,V202608-L01769,TM14,10,28,4,2026-08-13T04:58:48,2026-08-14T15:22,2063.2
20264,V202608-L01768,TA05,6,15,4,2026-08-13T05:34,2026-08-13T15:21,587.0
20264,V202608-L01768,TA05,6,15,4,2026-08-13T05:34,2026-08-13T15:21,587.0
20264,V202608-L01771,TM08,67,17,2,2026-08-13T05:38,2026-08-14T15:42,2044.0
20264,V202608-L01771,TM08,67,17,4,2026-08-13T05:38,2026-08-14T15:42,2044.0
20264,V202608-L01772,TA02,9,7,1,2026-08-13T05:51,2026-08-13T07:54,123.0
20264,V202608-L01772,TA02,9,7,4,2026-08-13T05:51,2026-08-13T07:54,123.0
20264,V202608-L01773,TM03,43,35,4,2026-08-13T05:52:48,2026-08-14T15:55,2042.2
20264,V202608-L01774,TM05,65,29,3,2026-08-13T05:24,2026-08-13T11:55,391.0
20264,V202608-L01773,TM06,43,35,2,2026-08-13T05:52:48,2026-08-14T15:55,2042.2
20264,V202608-L01775,TM07,62,27,1,2026-08-13T05:12,2026-08-14T15:56,2084.0
20264,V202608-L01773,TM09,43,35,4,2026-08-13T05:52:48,2026-08-14T15:55,2042.2
20264,V202608-L01775,TM12,62,27,4,2026-08-13T05:12,2026-08-14T15:56,2084.0
20264,V202608-L01776,TA03,37,22,4,2026-08-13T06:11:30,2026-08-13T16:26,614.5
20264,V202608-L01777,TA07,58,33,4,2026-08-13T05:40:30,2026-08-13T08:26,165.5
20264,V202608-L01778,TA01,37,40,4,2026-08-13T06:20:30,2026-08-14T16:32,2051.5
20264,V202608-L01778,TA01,37,40,1,2026-08-13T06:20:30,2026-08-14T16:32,2051.5
20264,V202608-L01778,TA01,37,40,4,2026-08-13T06:20:30,2026-08-14T16:32,2051.5
20264,V202608-L01779,TM11,27,15,1,2026-08-13T05:52:24,2026-08-13T08:49,176.6
20264,V202608-L01779,TM11,27,15,4,2026-08-13T05:52:24,2026-08-13T08:49,176.6
20264,V202608-L01780,TA04,42,31,4,2026-08-13T06:28:30,2026-08-14T16:53,2064.5
20264,V202608-L01781,TA09,14,36,2,2026-08-13T06:26,2026-08-13T09:13,167.0
20264,V202608-L01781,TA09,14,36,4,2026-08-13T06:26,2026-08-13T09:13,167.0
20264,V202608-L01782,TA08,47,36,3,2026-08-13T06:58:30,2026-08-14T17:22,2063.5
20264,V202608-L01791,TA01,23,50,4,2026-08-13T08:38:30,2026-08-13T14:47,368.5
20264,V202608-L01791,TA01,23,50,1,2026-08-13T08:38:30,2026-08-13T14:47,368.5
20264,V202608-L01784,TA02,31,11,4,2026-08-13T08:10:30,2026-08-13T10:05,114.5
20264,V202608-L01784,TA02,31,11,2,2026-08-13T08:10:30,2026-08-13T10:05,114.5
20264,V202608-L01785,TA05,1,14,3,2026-08-13T08:39,2026-08-13T18:11,572.0
20264,V202608-L01783,TA06,37,17,2,2026-08-13T08:19:30,2026-08-14T18:03,2023.5
20264,V202608-L01790,TA07,63,6,2,2026-08-13T08:40:30,2026-08-14T00:34,953.5
20264,V202608-L01786,TA09,26,23,4,2026-08-13T08:43:30,2026-08-13T10:16,92.5
20264,V202608-L01786,TA09,26,23,4,2026-08-13T08:43:30,2026-08-13T10:16,92.5
20264,V202608-L01787,TA10,3,0,2,2026-08-13T08:57,2026-08-13T14:20,323.0
20264,V202608-L01788,TM04,16,45,4,2026-08-13T08:26:24,2026-08-13T18:25,598.6
20264,V202608-L01788,TM04,16,45,2,2026-08-13T08:26:24,2026-08-13T18:25,598.6
20264,V202608-L01788,TM15,16,45,4,2026-08-13T08:26:24,2026-08-13T18:25,598.6
20264,V202608-L01789,TA03,23,28,3,2026-08-13T08:56:30,2026-08-14T18:33,2016.5
20264,V202608-L01789,TA03,23,28,4,2026-08-13T08:56:30,2026-08-14T18:33,2016.5
20264,V202608-L01794,TA04,66,16,2,2026-08-13T09:20,2026-08-14T19:43,2063.0
20264,V202608-L01793,TM02,37,4,2,2026-08-13T09:38,2026-08-13T19:43,605.0
20264,V202608-L01793,TM02,37,4,4,2026-08-13T09:38,2026-08-13T19:43,605.0
20264,V202608-L01795,TA08,34,36,4,2026-08-13T09:48,2026-08-13T11:57,129.0
20264,V202608-L01795,TA08,34,36,4,2026-08-13T09:48,2026-08-13T11:57,129.0
20264,V202608-L01795,TA08,34,36,2,2026-08-13T09:48,2026-08-13T11:57,129.0
20264,V202608-L01796,TM11,40,1,4,2026-08-13T10:22:24,2026-08-13T16:18,355.6
20264,V202608-L01796,TM11,40,1,3,2026-08-13T10:22:24,2026-08-13T16:18,355.6
20264,V202608-L01797,TM03,42,50,3,2026-08-13T11:21:12,2026-08-13T16:44,322.8
20264,V202608-L01798,TM13,13,22,2,2026-08-13T10:30:48,2026-08-14T02:48,977.2
20264,V202608-L01798,TM14,13,22,4,2026-08-13T10:30:48,2026-08-14T02:48,977.2
20264,V202608-L01799,TM07,58,13,4,2026-08-13T10:36,2026-08-13T20:58,622.0
20264,V202608-L01799,TM07,58,13,4,2026-08-13T10:36,2026-08-13T20:58,622.0
20264,V202608-L01801,TA02,37,17,2,2026-08-13T10:40:30,2026-08-13T17:16,395.5
20264,V202608-L01802,TA06,19,3,3,2026-08-13T11:07:30,2026-08-14T03:27,979.5
20264,V202608-L01792,TA09,20,32,4,2026-08-13T11:56:30,2026-08-13T15:09,192.5
20264,V202608-L01792,TA09,20,32,3,2026-08-13T11:56:30,2026-08-13T15:09,192.5
20264,V202608-L01804,TM04,7,23,4,2026-08-13T11:40:48,2026-08-13T17:32,351.2
20264,V202608-L01800,TM15,5,29,2,2026-08-13T11:31:12,2026-08-14T21:04,2012.8
20264,V202608-L01800,TM15,5,29,4,2026-08-13T11:31:12,2026-08-14T21:04,2012.8
20264,V202608-L01806,TM05,56,38,2,2026-08-13T11:28:48,2026-08-13T21:59,630.2
20264,V202608-L01806,TM06,56,38,4,2026-08-13T11:28:48,2026-08-13T21:59,630.2
20264,V202608-L01805,TM12,68,17,4,2026-08-13T11:50:24,2026-08-13T13:57,126.6
20264,V202608-L01800,TA01,5,29,4,2026-08-13T11:37,2026-08-14T21:04,2007.0
20264,V202608-L01803,TA05,20,6,4,2026-08-13T11:40:30,2026-08-14T03:28,947.5
20264,V202608-L01803,TA05,20,6,1,2026-08-13T11:40:30,2026-08-14T03:28,947.5
20264,V202608-L01807,TA03,29,28,3,2026-08-13T11:47:30,2026-08-13T18:08,380.5
20264,V202608-L01807,TA03,29,28,4,2026-08-13T11:47:30,2026-08-13T18:08,380.5
20264,V202608-L01808,TA07,64,44,4,2026-08-13T11:57,2026-08-14T22:16,2059.0
20264,V202608-L01809,TB03,7,49,4,2026-08-13T12:40,2026-08-13T22:17,577.0
20264,V202608-L01811,TA04,42,42,2,2026-08-13T12:35,2026-08-13T22:35,600.0
20264,V202608-L01812,TA10,4,20,4,2026-08-13T12:37:30,2026-08-14T22:44,2046.5
20264,V202608-L01812,TA10,4,20,4,2026-08-13T12:37:30,2026-08-14T22:44,2046.5
20264,V202608-L01812,TA10,4,20,1,2026-08-13T12:37:30,2026-08-14T22:44,2046.5
20264,V202608-L01814,TA02,2,18,4,2026-08-13T12:43:30,2026-08-14T22:54,2050.5
20264,V202608-L01814,TA02,2,18,1,2026-08-13T12:43:30,2026-08-14T22:54,2050.5
20264,V202608-L01816,TB04,24,12,4,2026-08-13T12:35,2026-08-13T23:09,634.0
20264,V202608-L01816,TB09,24,12,4,2026-08-13T12:35,2026-08-13T23:09,634.0
20264,V202608-L01813,TB11,9,40,2,2026-08-13T12:35,2026-08-13T18:51,376.0
20264,V202608-L01813,TA08,9,40,4,2026-08-13T12:31:30,2026-08-13T18:51,379.5
20264,V202608-L01813,TA08,9,40,4,2026-08-13T12:31:30,2026-08-13T18:51,379.5
20264,V202608-L01815,TM02,6,14,2,2026-08-13T13:16:24,2026-08-14T23:03,2026.6
20264,V202608-L01810,TB01,38,14,4,2026-08-13T13:15,2026-08-14T04:35,920.0
20264,V202608-L01810,TB07,38,14,4,2026-08-13T13:15,2026-08-14T04:35,920.0
20264,V202608-L01810,TB08,38,14,2,2026-08-13T13:15,2026-08-14T04:35,920.0
20264,V202608-L01815,TA06,6,14,4,2026-08-13T13:07:30,2026-08-14T23:03,2035.5
20264,V202608-L01815,TA06,6,14,4,2026-08-13T13:07:30,2026-08-14T23:03,2035.5
20264,V202608-L01818,TM09,45,25,1,2026-08-13T13:18:24,2026-08-13T23:31,612.6
20264,V202608-L01819,TM01,52,41,1,2026-08-13T13:35:36,2026-08-14T23:47,2051.4
20264,V202608-L01819,TM10,52,41,4,2026-08-13T13:35:36,2026-08-14T23:47,2051.4
20264,V202608-L01821,TA01,43,42,4,2026-08-13T13:53:30,2026-08-14T23:51,2037.5
20264,V202608-L01821,TA01,43,42,2,2026-08-13T13:53:30,2026-08-14T23:51,2037.5
20264,V202608-L01821,TA01,43,42,4,2026-08-13T13:53:30,2026-08-14T23:51,2037.5
20264,V202608-L01820,TA05,14,3,3,2026-08-13T13:39,2026-08-13T23:51,612.0
20264,V202608-L01817,TA03,41,5,4,2026-08-13T13:46,2026-08-13T23:11,565.0
20264,V202608-L01817,TA03,41,5,2,2026-08-13T13:46,2026-08-13T23:11,565.0
20264,V202608-L01817,TA03,41,5,4,2026-08-13T13:46,2026-08-13T23:11,565.0
20264,V202608-L01822,TM11,19,6,4,2026-08-13T14:03:12,2026-08-15T00:11,2047.8
20264,V202608-L01822,TM11,19,6,4,2026-08-13T14:03:12,2026-08-15T00:11,2047.8
20264,V202608-L01824,TA07,62,40,4,2026-08-13T14:00,2026-08-14T00:23,623.0
20264,V202608-L01825,TA08,32,44,4,2026-08-13T14:18,2026-08-13T20:30,372.0
20264,V202608-L01825,TA08,32,44,2,2026-08-13T14:18,2026-08-13T20:30,372.0
20264,V202608-L01825,TA08,32,44,4,2026-08-13T14:18,2026-08-13T20:30,372.0
20264,V202608-L01823,TA09,8,5,2,2026-08-13T14:25:30,2026-08-15T00:23,2037.5
20264,V202608-L01827,TM04,11,41,2,2026-08-13T13:59:36,2026-08-15T00:45,2085.4
20264,V202608-L01827,TM13,11,41,4,2026-08-13T13:59:36,2026-08-15T00:45,2085.4
20264,V202608-L01827,TM14,11,41,4,2026-08-13T13:59:36,2026-08-15T00:45,2085.4
20264,V202608-L01828,TM05,49,15,4,2026-08-13T14:48,2026-08-14T06:51,963.0
20264,V202608-L01828,TM06,49,15,4,2026-08-13T14:48,2026-08-14T06:51,963.0
20264,V202608-L01828,TM08,49,15,1,2026-08-13T14:48,2026-08-14T06:51,963.0
20264,V202608-L01830,TA10,22,48,1,2026-08-13T14:46:30,2026-08-13T20:56,369.5
20264,V202608-L01832,TA02,32,16,1,2026-08-13T14:37:30,2026-08-13T17:10,152.5
20264,V202608-L01833,TA06,26,21,1,2026-08-13T14:51,2026-08-15T01:18,2067.0
20264,V202608-L01838,TA01,50,35,1,2026-08-13T16:22:30,2026-08-14T08:06,943.5
20264,V202608-L01838,TA01,50,35,4,2026-08-13T16:22:30,2026-08-14T08:06,943.5
20264,V202608-L01843,TA02,40,12,4,2026-08-13T16:22:30,2026-08-14T08:32,969.5
20264,V202608-L01843,TA02,40,12,1,2026-08-13T16:22:30,2026-08-14T08:32,969.5
20264,V202608-L01843,TA02,40,12,4,2026-08-13T16:22:30,2026-08-14T08:32,969.5
20264,V202608-L01831,TA03,5,11,4,2026-08-13T16:37:30,2026-08-15T01:04,1946.5
20264,V202608-L01831,TA03,5,11,4,2026-08-13T16:37:30,2026-08-15T01:04,1946.5
20264,V202608-L01848,TA04,65,32,2,2026-08-13T16:19:30,2026-08-15T02:59,2079.5
20264,V202608-L01848,TA04,65,32,4,2026-08-13T16:19:30,2026-08-15T02:59,2079.5
20264,V202608-L01835,TA05,68,5,1,2026-08-13T17:15,2026-08-15T01:39,1944.0
20264,V202608-L01842,TA06,43,8,1,2026-08-13T16:36,2026-08-15T02:19,2023.0
20264,V202608-L01841,TA07,59,48,3,2026-08-13T16:34:30,2026-08-14T02:12,577.5
20264,V202608-L01846,TA08,13,21,3,2026-08-13T16:27,2026-08-15T02:52,2065.0
20264,V202608-L01846,TA08,13,21,4,2026-08-13T16:27,2026-08-15T02:52,2065.0
20264,V202608-L01840,TA09,34,26,2,2026-08-13T16:36,2026-08-14T08:12,936.0
20264,V202608-L01837,TM01,44,32,1,2026-08-13T16:43:12,2026-08-14T07:47,903.8
20264,V202608-L01826,TM02,35,22,4,2026-08-13T16:38:24,2026-08-15T00:42,1923.6
20264,V202608-L01847,TM03,53,13,3,2026-08-13T16:43:12,2026-08-15T02:59,2055.8
20264,V202608-L01845,TM07,65,19,3,2026-08-13T16:38:24,2026-08-15T02:45,2046.6
20264,V202608-L01836,TM09,69,41,4,2026-08-13T17:02:24,2026-08-14T01:39,516.6
20264,V202608-L01836,TM09,69,41,2,2026-08-13T17:02:24,2026-08-14T01:39,516.6
20264,V202608-L01844,TM10,51,33,2,2026-08-13T16:28:48,2026-08-13T18:42,133.2
20264,V202608-L01826,TM11,35,22,2,2026-08-13T16:38:24,2026-08-15T00:42,1923.6
20264,V202608-L01826,TM11,35,22,4,2026-08-13T16:38:24,2026-08-15T00:42,1923.6
20264,V202608-L01839,TM12,47,24,2,2026-08-13T16:31:12,2026-08-14T02:09,577.8
20264,V202608-L01829,TM14,32,44,4,2026-08-13T17:02:24,2026-08-15T00:55,1912.6
20264,V202608-L01829,TM15,32,44,3,2026-08-13T17:02:24,2026-08-15T00:55,1912.6
20264,V202608-L01850,TA10,39,47,1,2026-08-13T17:10:30,2026-08-13T23:09,358.5
20264,V202608-L01850,TA10,39,47,4,2026-08-13T17:10:30,2026-08-13T23:09,358.5
20264,V202608-L01834,TM04,30,33,4,2026-08-13T17:05:12,2026-08-14T01:20,494.8
20264,V202608-L01834,TM13,30,33,3,2026-08-13T17:05:12,2026-08-14T01:20,494.8
20264,V202608-L01849,TM05,44,45,4,2026-08-13T17:50:24,2026-08-13T23:06,315.6
20264,V202608-L01849,TM05,44,45,4,2026-08-13T17:50:24,2026-08-13T23:06,315.6
20264,V202608-L01849,TM06,44,45,1,2026-08-13T17:50:24,2026-08-13T23:06,315.6
20264,V202608-L01851,TM06,48,50,4,2026-08-13T19:12,2026-08-13T19:22,10.0
20264,V202608-L01851,TM06,48,50,1,2026-08-13T19:12,2026-08-13T19:22,10.0
20264,V202608-L01852,TM08,44,11,1,2026-08-13T17:45:36,2026-08-14T09:30,944.4
20264,V202608-L01852,TM08,44,11,4,2026-08-13T17:45:36,2026-08-14T09:30,944.4
20264,V202608-L01853,TB05,50,12,4,2026-08-13T18:45,2026-08-15T03:31,1966.0
20264,V202608-L01853,TB07,50,12,3,2026-08-13T18:45,2026-08-15T03:31,1966.0
20264,V202608-L01854,TB03,0,46,2,2026-08-13T18:30,2026-08-15T03:43,1993.0
20264,V202608-L01856,TB09,16,20,3,2026-08-13T18:25,2026-08-15T03:51,2006.0
20264,V202608-L01858,TB11,26,31,2,2026-08-13T18:45,2026-08-13T19:54,69.0
20264,V202608-L01859,TB01,37,12,1,2026-08-13T18:20,2026-08-14T10:12,952.0
20264,V202608-L01860,TB04,27,1,4,2026-08-13T18:25,2026-08-15T04:13,2028.0
20264,V202608-L01861,TB02,28,27,2,2026-08-13T18:56,2026-08-15T04:24,2008.0
20264,V202608-L01863,TB08,40,9,4,2026-08-13T19:00,2026-08-13T20:26,86.0
20264,V202608-L01863,TB10,40,9,4,2026-08-13T19:00,2026-08-13T20:26,86.0
20264,V202608-L01863,TB12,40,9,2,2026-08-13T19:00,2026-08-13T20:26,86.0
20264,V202608-L01866,TB06,37,12,2,2026-08-13T19:00,2026-08-14T00:46,346.0
20264,V202608-L01867,TA04,56,44,4,2026-08-13T19:06,2026-08-15T05:12,2046.0
20264,V202608-L01867,TA04,56,44,4,2026-08-13T19:06,2026-08-15T05:12,2046.0
20264,V202608-L01857,TA01,41,36,1,2026-08-13T19:22:30,2026-08-15T03:52,1949.5
20264,V202608-L01864,TA02,21,30,3,2026-08-13T19:18,2026-08-15T04:31,1993.0
20264,V202608-L01858,TA08,26,31,4,2026-08-13T19:25:30,2026-08-13T19:54,28.5
20264,V202608-L01858,TA08,26,31,4,2026-08-13T19:25:30,2026-08-13T19:54,28.5
20264,V202608-L01862,TA08,55,18,4,2026-08-13T22:51:30,2026-08-14T10:24,692.5
20264,V202608-L01855,TM10,66,15,4,2026-08-13T19:48,2026-08-13T23:47,239.0
20264,V202608-L01855,TM10,66,15,2,2026-08-13T19:48,2026-08-13T23:47,239.0
20264,V202608-L01866,TA06,37,12,4,2026-08-13T19:27,2026-08-14T00:46,319.0
20264,V202608-L01866,TA06,37,12,4,2026-08-13T19:27,2026-08-14T00:46,319.0
20264,V202608-L01865,TA07,69,41,2,2026-08-13T19:48,2026-08-13T20:35,47.0
20264,V202608-L01865,TA07,69,41,4,2026-08-13T19:48,2026-08-13T20:35,47.0
20264,V202608-L01865,TA07,69,41,4,2026-08-13T19:48,2026-08-13T20:35,47.0
20264,V202608-L01869,TA09,17,2,4,2026-08-13T19:37:30,2026-08-15T05:58,2060.5
20264,V202608-L01869,TA09,17,2,4,2026-08-13T19:37:30,2026-08-15T05:58,2060.5
20264,V202608-L01862,TM12,55,18,4,2026-08-13T19:28:48,2026-08-14T10:24,895.2
20264,V202608-L01868,TM07,53,20,4,2026-08-13T19:43:12,2026-08-14T05:34,590.8
20264,V202608-L01868,TM07,53,20,4,2026-08-13T19:43:12,2026-08-14T05:34,590.8
20264,V202608-L01870,TM01,57,23,1,2026-08-13T19:36,2026-08-15T06:12,2076.0
20264,V202608-L01870,TM01,57,23,4,2026-08-13T19:36,2026-08-15T06:12,2076.0
20264,V202608-L01870,TM03,57,23,4,2026-08-13T19:36,2026-08-15T06:12,2076.0
20264,V202608-L01872,TA03,34,4,2,2026-08-13T20:10:30,2026-08-14T02:30,379.5
20264,V202608-L01872,TA03,34,4,4,2026-08-13T20:10:30,2026-08-14T02:30,379.5
20264,V202608-L01871,TM02,17,5,2,2026-08-13T20:30,2026-08-14T06:22,592.0
20264,V202608-L01871,TM11,17,5,4,2026-08-13T20:30,2026-08-14T06:22,592.0
20264,V202608-L01873,TA10,29,43,2,2026-08-13T20:37:30,2026-08-15T06:43,2045.5
20264,V202608-L01874,TM14,14,31,3,2026-08-13T20:26:24,2026-08-15T06:55,2068.6
20264,V202608-L01875,TM15,5,21,1,2026-08-13T21:07:36,2026-08-15T07:02,2034.4
20264,V202608-L01876,TA05,54,30,1,2026-08-13T20:39,2026-08-14T07:25,646.0
20264,V202608-L01877,TA04,47,33,4,2026-08-13T21:14,2026-08-14T07:41,627.0
20264,V202608-L01877,TA04,47,33,1,2026-08-13T21:14,2026-08-14T07:41,627.0
20264,V202608-L01878,TA01,59,3,4,2026-08-13T21:39,2026-08-14T14:00,981.0
20264,V202608-L01879,TA02,10,50,4,2026-08-13T21:31,2026-08-14T08:04,633.0
20264,V202608-L01879,TA02,10,50,2,2026-08-13T21:31,2026-08-14T08:04,633.0
20264,V202608-L01880,TA06,28,0,4,2026-08-13T22:06:30,2026-08-14T08:16,609.5
20264,V202608-L01880,TA06,28,0,4,2026-08-13T22:06:30,2026-08-14T08:16,609.5
20264,V202608-L01881,TA09,19,22,4,2026-08-13T21:44,2026-08-15T08:18,2074.0
20264,V202608-L01881,TA09,19,22,3,2026-08-13T21:44,2026-08-15T08:18,2074.0
20264,V202608-L01882,TA07,68,39,1,2026-08-13T22:04:30,2026-08-14T08:30,625.5
20264,V202608-L01882,TA07,68,39,4,2026-08-13T22:04:30,2026-08-14T08:30,625.5
20264,V202608-L01883,TA05,70,26,4,2026-08-13T22:09,2026-08-15T08:35,2066.0
20264,V202608-L01883,TA05,70,26,3,2026-08-13T22:09,2026-08-15T08:35,2066.0
20264,V202608-L01884,TM14,11,44,1,2026-08-13T22:04:48,2026-08-15T08:37,2072.2
20264,V202608-L01884,TM14,11,44,4,2026-08-13T22:04:48,2026-08-15T08:37,2072.2
20264,V202608-L01885,TA03,34,39,2,2026-08-13T22:45,2026-08-14T04:37,352.0
20264,V202608-L01887,TM07,49,16,1,2026-08-13T22:35:36,2026-08-14T08:50,614.4
20264,V202608-L01888,TM04,22,17,4,2026-08-13T22:19:12,2026-08-14T04:54,394.8
20264,V202608-L01888,TM04,22,17,2,2026-08-13T22:19:12,2026-08-14T04:54,394.8
20264,V202608-L01886,TA10,26,40,1,2026-08-13T22:34:30,2026-08-14T14:49,974.5
20264,V202608-L01886,TA10,26,40,4,2026-08-13T22:34:30,2026-08-14T14:49,974.5
20264,V202608-L01900,TA01,69,45,3,2026-08-14T00:45,2026-08-15T10:56,2051.0
20264,V202608-L01897,TA02,1,30,4,2026-08-14T00:28:30,2026-08-14T10:26,597.5
20264,V202608-L01897,TA02,1,30,1,2026-08-14T00:28:30,2026-08-14T10:26,597.5
20264,V202608-L01898,TA04,65,5,3,2026-08-14T00:45,2026-08-14T06:33,348.0
20264,V202608-L01889,TA05,44,40,2,2026-08-14T00:39,2026-08-14T15:14,875.0
20264,V202608-L01890,TA06,17,25,4,2026-08-14T00:31:30,2026-08-14T15:21,889.5
20264,V202608-L01890,TA06,17,25,4,2026-08-14T00:31:30,2026-08-14T15:21,889.5
20264,V202608-L01891,TA07,43,32,2,2026-08-14T00:28:30,2026-08-14T01:37,68.5
20264,V202608-L01896,TA08,47,20,4,2026-08-14T00:33:30,2026-08-15T10:25,2031.5
20264,V202608-L01896,TA08,47,20,1,2026-08-14T00:33:30,2026-08-15T10:25,2031.5
20264,V202608-L01894,TA09,16,16,1,2026-08-14T00:19:30,2026-08-15T09:51,2011.5
20264,V202608-L01894,TA09,16,16,4,2026-08-14T00:19:30,2026-08-15T09:51,2011.5
20264,V202608-L01893,TA10,31,33,1,2026-08-14T00:36,2026-08-15T09:47,1991.0
20264,V202608-L01899,TM01,66,16,4,2026-08-14T00:48,2026-08-15T10:36,2028.0
20264,V202608-L01899,TM09,66,16,2,2026-08-14T00:48,2026-08-15T10:36,2028.0
20264,V202608-L01892,TM11,29,8,4,2026-08-14T00:27:12,2026-08-14T15:40,912.8
20264,V202608-L01892,TM11,29,8,4,2026-08-14T00:27:12,2026-08-14T15:40,912.8
20264,V202608-L01899,TM12,66,16,4,2026-08-14T00:48,2026-08-15T10:36,2028.0
20264,V202608-L01892,TM13,29,8,1,2026-08-14T00:27:12,2026-08-14T15:40,912.8
20264,V202608-L01895,TM15,8,48,3,2026-08-14T00:33:36,2026-08-14T09:59,565.4
20264,V202608-L01902,TA03,32,42,1,2026-08-14T00:55:30,2026-08-15T11:07,2051.5
20264,V202608-L01901,TM05,49,2,1,2026-08-14T01:29:12,2026-08-15T11:02,2012.8
20264,V202608-L01901,TM08,49,2,4,2026-08-14T01:29:12,2026-08-15T11:02,2012.8
20264,V202608-L01903,TM02,22,2,4,2026-08-14T01:00:48,2026-08-15T11:11,2050.2
20264,V202608-L01903,TM02,22,2,4,2026-08-14T01:00:48,2026-08-15T11:11,2050.2
20264,V202608-L01904,TM04,24,25,4,2026-08-14T00:53:36,2026-08-15T11:11,2057.4
20264,V202608-L01904,TM04,24,25,2,2026-08-14T00:53:36,2026-08-15T11:11,2057.4
20264,V202608-L01905,TM14,5,42,3,2026-08-14T01:06:24,2026-08-15T11:31,2064.6
20264,V202608-L01905,TM14,5,42,4,2026-08-14T01:06:24,2026-08-15T11:31,2064.6
20264,V202608-L01908,TM03,47,38,2,2026-08-14T02:00:24,2026-08-15T12:09,2048.6
20264,V202608-L01907,TM06,61,0,4,2026-08-14T02:24:24,2026-08-14T12:03,578.6
20264,V202608-L01907,TM06,61,0,4,2026-08-14T02:24:24,2026-08-14T12:03,578.6
20264,V202608-L01906,TM07,65,14,4,2026-08-14T02:00:24,2026-08-14T04:02,121.6
20264,V202608-L01906,TM10,65,14,4,2026-08-14T02:00:24,2026-08-14T04:02,121.6
20264,V202608-L01909,TB02,16,2,2,2026-08-14T03:15,2026-08-15T12:15,1980.0
20264,V202608-L01909,TB06,16,2,4,2026-08-14T03:15,2026-08-15T12:15,1980.0
20264,V202608-L01909,TB10,16,2,4,2026-08-14T03:15,2026-08-15T12:15,1980.0
20264,V202608-L01911,TA09,41,3,3,2026-08-14T03:31:30,2026-08-15T12:32,1980.5
20264,V202608-L01916,TB05,55,30,4,2026-08-14T02:55,2026-08-14T13:30,635.0
20264,V202608-L01916,TB07,55,30,1,2026-08-14T02:55,2026-08-14T13:30,635.0
20264,V202608-L01912,TA02,18,46,3,2026-08-14T03:18,2026-08-15T13:03,2025.0
20264,V202608-L01913,TA06,5,30,1,2026-08-14T03:21,2026-08-14T05:27,126.0
20264,V202608-L01913,TA06,5,30,4,2026-08-14T03:21,2026-08-14T05:27,126.0
20264,V202608-L01915,TA07,49,17,3,2026-08-14T03:24,2026-08-14T09:30,366.0
20264,V202608-L01910,TA08,67,47,1,2026-08-14T03:44,2026-08-15T12:31,1967.0
20264,V202608-L01910,TA08,67,47,4,2026-08-14T03:44,2026-08-15T12:31,1967.0
20264,V202608-L01910,TA08,67,47,4,2026-08-14T03:44,2026-08-15T12:31,1967.0
20264,V202608-L01919,TA05,61,45,4,2026-08-14T03:51,2026-08-14T14:06,615.0
20264,V202608-L01917,TA10,8,1,2,2026-08-14T03:58:30,2026-08-15T14:01,2042.5
20264,V202608-L01917,TA10,8,1,4,2026-08-14T03:58:30,2026-08-15T14:01,2042.5
20264,V202608-L01917,TA10,8,1,4,2026-08-14T03:58:30,2026-08-15T14:01,2042.5
20264,V202608-L01914,TA01,38,26,4,2026-08-14T04:00,2026-08-14T05:30,90.0
20264,V202608-L01914,TA01,38,26,2,2026-08-14T04:00,2026-08-14T05:30,90.0
20264,V202608-L01914,TA01,38,26,4,2026-08-14T04:00,2026-08-14T05:30,90.0
20264,V202608-L01918,TA04,62,46,4,2026-08-14T04:06,2026-08-15T14:04,2038.0
20264,V202608-L01920,TM09,58,27,4,2026-08-14T03:38:24,2026-08-14T06:07,148.6
20264,V202608-L01920,TM09,58,27,2,2026-08-14T03:38:24,2026-08-14T06:07,148.6
20264,V202608-L01921,TM01,69,39,4,2026-08-14T04:37:36,2026-08-14T20:34,956.4
20264,V202608-L01922,TM12,43,26,4,2026-08-14T04:16,2026-08-14T14:37,621.0
20264,V202608-L01922,TM12,43,26,4,2026-08-14T04:16,2026-08-14T14:37,621.0
20264,V202608-L01923,TA03,14,0,4,2026-08-14T04:50,2026-08-14T20:47,957.0
20264,V202608-L01923,TA03,14,0,3,2026-08-14T04:50,2026-08-14T20:47,957.0
20264,V202608-L01925,TM14,13,40,4,2026-08-14T04:07:12,2026-08-15T14:57,2089.8
20264,V202608-L01925,TM15,13,40,4,2026-08-14T04:07:12,2026-08-15T14:57,2089.8
20264,V202608-L01925,TM15,13,40,1,2026-08-14T04:07:12,2026-08-15T14:57,2089.8
20264,V202608-L01926,TB03,6,38,4,2026-08-14T04:40,2026-08-14T11:05,385.0
20264,V202608-L01926,TB11,6,38,1,2026-08-14T04:40,2026-08-14T11:05,385.0
20264,V202608-L01924,TB05,60,23,4,2026-08-14T04:55,2026-08-14T10:52,357.0
20264,V202608-L01924,TB07,60,23,2,2026-08-14T04:55,2026-08-14T10:52,357.0
20264,V202608-L01928,TA02,28,22,2,2026-08-14T05:27,2026-08-15T15:29,2042.0
20264,V202608-L01928,TA02,28,22,4,2026-08-14T05:27,2026-08-15T15:29,2042.0
20264,V202608-L01928,TA02,28,22,4,2026-08-14T05:27,2026-08-15T15:29,2042.0
20264,V202608-L01929,TA06,15,29,3,2026-08-14T05:01:30,2026-08-14T11:40,398.5
20264,V202608-L01930,TA07,43,40,2,2026-08-14T05:31:30,2026-08-14T07:41,129.5
20264,V202608-L01930,TA07,43,40,4,2026-08-14T05:31:30,2026-08-14T07:41,129.5
20264,V202608-L01931,TM02,46,12,2,2026-08-14T05:40:24,2026-08-14T11:43,362.6
20264,V202608-L01931,TM11,46,12,4,2026-08-14T05:40:24,2026-08-14T11:43,362.6
20264,V202608-L01931,TM13,46,12,4,2026-08-14T05:40:24,2026-08-14T11:43,362.6
20264,V202608-L01927,TM14,11,36,4,2026-08-14T05:21:36,2026-08-15T15:29,2047.4
20264,V202608-L01927,TM15,11,36,3,2026-08-14T05:21:36,2026-08-15T15:29,2047.4
20264,V202608-L01932,TA05,44,50,4,2026-08-14T06:18,2026-08-15T16:00,2022.0
20264,V202608-L01932,TA05,44,50,3,2026-08-14T06:18,2026-08-15T16:00,2022.0
20264,V202608-L01933,TA09,19,27,3,2026-08-14T06:21:30,2026-08-14T08:14,112.5
20264,V202608-L01933,TA09,19,27,4,2026-08-14T06:21:30,2026-08-14T08:14,112.5
20264,V202608-L01937,TA04,49,12,4,2026-08-14T06:16:30,2026-08-15T16:40,2063.5
20264,V202608-L01937,TA04,49,12,4,2026-08-14T06:16:30,2026-08-15T16:40,2063.5
20264,V202608-L01935,TA08,68,7,4,2026-08-14T06:26:30,2026-08-15T16:35,2048.5
20264,V202608-L01934,TA01,11,47,4,2026-08-14T06:12,2026-08-14T08:18,126.0
20264,V202608-L01934,TA01,11,47,1,2026-08-14T06:12,2026-08-14T08:18,126.0
20264,V202608-L01939,TA10,44,13,4,2026-08-14T06:17,2026-08-14T08:48,151.0
20264,V202608-L01936,TA06,20,27,4,2026-08-14T06:48,2026-08-14T22:38,950.0
20264,V202608-L01942,TM04,33,13,2,2026-08-14T06:26:48,2026-08-14T17:03,636.2
20264,V202608-L01943,TM09,65,16,1,2026-08-14T06:55:36,2026-08-15T17:05,2049.4
20264,V202608-L01947,TA01,21,26,4,2026-08-14T08:31:30,2026-08-14T09:57,85.5
20264,V202608-L01947,TA01,21,26,2,2026-08-14T08:31:30,2026-08-14T09:57,85.5
20264,V202608-L01950,TA02,39,33,4,2026-08-14T08:48,2026-08-14T10:33,105.0
20264,V202608-L01950,TA02,39,33,4,2026-08-14T08:48,2026-08-14T10:33,105.0
20264,V202608-L01950,TA02,39,33,1,2026-08-14T08:48,2026-08-14T10:33,105.0
20264,V202608-L01940,TA03,52,0,4,2026-08-14T08:58:30,2026-08-15T16:50,1911.5
20264,V202608-L01940,TA03,52,0,3,2026-08-14T08:58:30,2026-08-15T16:50,1911.5
20264,V202608-L01941,TA04,41,0,1,2026-08-14T09:04:30,2026-08-14T22:57,832.5
20264,V202608-L01941,TA04,41,0,4,2026-08-14T09:04:30,2026-08-14T22:57,832.5
20264,V202608-L01945,TA07,60,7,1,2026-08-14T08:34:30,2026-08-14T13:13,278.5
20264,V202608-L01946,TA09,7,24,4,2026-08-14T08:28:30,2026-08-14T09:40,71.5
20264,V202608-L01946,TA09,7,24,2,2026-08-14T08:28:30,2026-08-14T09:40,71.5
20264,V202608-L01951,TA10,41,13,2,2026-08-14T08:22:30,2026-08-14T10:38,135.5
20264,V202608-L01951,TA10,41,13,4,2026-08-14T08:22:30,2026-08-14T10:38,135.5
20264,V202608-L01952,TM04,9,4,4,2026-08-14T09:07:12,2026-08-14T14:51,343.8
20264,V202608-L01952,TM04,9,4,4,2026-08-14T09:07:12,2026-08-14T14:51,343.8
20264,V202608-L01952,TM11,9,4,1,2026-08-14T09:07:12,2026-08-14T14:51,343.8
20264,V202608-L01949,TM13,24,10,4,2026-08-14T08:16:48,2026-08-15T18:16,2039.2
20264,V202608-L01949,TM13,24,10,1,2026-08-14T08:16:48,2026-08-15T18:16,2039.2
20264,V202608-L01938,TB06,27,22,4,2026-08-14T08:40,2026-08-14T16:42,482.0
20264,V202608-L01938,TB08,27,22,2,2026-08-14T08:40,2026-08-14T16:42,482.0
20264,V202608-L01938,TB10,27,22,4,2026-08-14T08:40,2026-08-14T16:42,482.0
20264,V202608-L01953,TA05,58,5,1,2026-08-14T08:46:30,2026-08-15T19:09,2062.5
20264,V202608-L01953,TA05,58,5,4,2026-08-14T08:46:30,2026-08-15T19:09,2062.5
20264,V202608-L01953,TA05,58,5,4,2026-08-14T08:46:30,2026-08-15T19:09,2062.5
20264,V202608-L01944,TA08,55,7,4,2026-08-14T08:46,2026-08-15T17:07,1941.0
20264,V202608-L01944,TA08,55,7,4,2026-08-14T08:46,2026-08-15T17:07,1941.0
20264,V202608-L01954,TM06,52,8,4,2026-08-14T09:07:36,2026-08-15T01:10,962.4
20264,V202608-L01954,TM08,52,8,4,2026-08-14T09:07:36,2026-08-15T01:10,962.4
20264,V202608-L01948,TM10,70,29,3,2026-08-14T08:46,2026-08-15T00:05,919.0
20264,V202608-L01955,TA06,15,32,4,2026-08-14T08:33:30,2026-08-15T19:15,2081.5
20264,V202608-L01955,TA06,15,32,2,2026-08-14T08:33:30,2026-08-15T19:15,2081.5
20264,V202608-L01955,TA06,15,32,4,2026-08-14T08:33:30,2026-08-15T19:15,2081.5
20264,V202608-L01956,TM01,69,43,4,2026-08-14T09:57:12,2026-08-14T15:44,346.8
20264,V202608-L01956,TM12,69,43,4,2026-08-14T09:57:12,2026-08-14T15:44,346.8
20264,V202608-L01957,TM03,70,10,1,2026-08-14T10:12,2026-08-15T19:53,2021.0
20264,V202608-L01958,TM14,16,45,4,2026-08-14T09:26:24,2026-08-15T19:58,2071.6
20264,V202608-L01958,TM15,16,45,4,2026-08-14T09:26:24,2026-08-15T19:58,2071.6
20264,V202608-L01959,TB03,12,49,4,2026-08-14T10:05,2026-08-15T02:01,956.0
20264,V202608-L01959,TB11,12,49,3,2026-08-14T10:05,2026-08-15T02:01,956.0
20264,V202608-L01960,TM09,43,50,1,2026-08-14T11:08:48,2026-08-14T12:32,83.2
20264,V202608-L01962,TM07,65,11,4,2026-08-14T10:47:36,2026-08-15T02:41,953.4
20264,V202608-L01962,TM07,65,11,1,2026-08-14T10:47:36,2026-08-15T02:41,953.4
20264,V202608-L01963,TM02,9,0,4,2026-08-14T11:16:48,2026-08-14T20:59,582.2
20264,V202608-L01963,TM02,9,0,4,2026-08-14T11:16:48,2026-08-14T20:59,582.2
20264,V202608-L01964,TM05,62,47,2,2026-08-14T11:00,2026-08-15T03:00,960.0
20264,V202608-L01964,TM05,62,47,4,2026-08-14T11:00,2026-08-15T03:00,960.0
20264,V202608-L01961,TA06,5,39,1,2026-08-14T10:59,2026-08-15T20:40,2021.0
20264,V202608-L01961,TA06,5,39,4,2026-08-14T10:59,2026-08-15T20:40,2021.0
20264,V202608-L01961,TA06,5,39,4,2026-08-14T10:59,2026-08-15T20:40,2021.0
20264,V202608-L01967,TA10,11,10,2,2026-08-14T11:15,2026-08-14T21:23,608.0
20264,V202608-L01967,TA10,11,10,4,2026-08-14T11:15,2026-08-14T21:23,608.0
20264,V202608-L01968,TB07,50,26,1,2026-08-14T11:20,2026-08-15T21:32,2052.0
20264,V202608-L01969,TA01,43,24,4,2026-08-14T11:37:30,2026-08-14T21:47,609.5
20264,V202608-L01969,TA01,43,24,2,2026-08-14T11:37:30,2026-08-14T21:47,609.5
20264,V202608-L01965,TA09,34,40,2,2026-08-14T11:36,2026-08-15T03:10,934.0
20264,V202608-L01965,TA09,34,40,4,2026-08-14T11:36,2026-08-15T03:10,934.0
20264,V202608-L01965,TA09,34,40,4,2026-08-14T11:36,2026-08-15T03:10,934.0
20264,V202608-L01971,TA07,69,13,1,2026-08-14T11:48,2026-08-15T03:57,969.0
20264,V202608-L01966,TA08,64,35,4,2026-08-14T11:41:30,2026-08-15T03:17,935.5
20264,V202608-L01966,TA08,64,35,4,2026-08-14T11:41:30,2026-08-15T03:17,935.5
20264,V202608-L01972,TM13,33,0,4,2026-08-14T12:13:36,2026-08-14T18:09,355.4
20264,V202608-L01970,TA05,69,27,4,2026-08-14T11:39,2026-08-15T21:52,2053.0
20264,V202608-L01970,TA05,69,27,4,2026-08-14T11:39,2026-08-15T21:52,2053.0
20264,V202608-L01970,TA05,69,27,2,2026-08-14T11:39,2026-08-15T21:52,2053.0
20264,V202608-L01973,TA02,55,37,3,2026-08-14T11:48,2026-08-14T22:28,640.0
20264,V202608-L01975,TA03,61,26,2,2026-08-14T11:57:30,2026-08-15T22:46,2088.5
20264,V202608-L01974,TM14,25,44,1,2026-08-14T12:38:24,2026-08-15T22:42,2043.6
20264,V202608-L01977,TA04,8,21,4,2026-08-14T12:39,2026-08-15T22:57,2058.0
20264,V202608-L01977,TA04,8,21,2,2026-08-14T12:39,2026-08-15T22:57,2058.0
20264,V202608-L01978,TM06,40,36,4,2026-08-14T13:07:36,2026-08-15T04:59,951.4
20264,V202608-L01978,TM08,40,36,2,2026-08-14T13:07:36,2026-08-15T04:59,951.4
20264,V202608-L01978,TM10,40,36,4,2026-08-14T13:02:24,2026-08-15T04:59,956.6
20264,V202608-L01976,TM15,16,31,4,2026-08-14T12:26:24,2026-08-15T22:54,2067.6
20264,V202608-L01976,TM15,16,31,4,2026-08-14T12:26:24,2026-08-15T22:54,2067.6
20264,V202608-L01979,TA06,16,38,4,2026-08-14T12:17,2026-08-14T15:05,168.0
20264,V202608-L01979,TA06,16,38,1,2026-08-14T12:17,2026-08-14T15:05,168.0
20264,V202608-L01979,TA06,16,38,4,2026-08-14T12:17,2026-08-14T15:05,168.0
20264,V202608-L01976,TA06,16,31,2,2026-08-14T13:27:30,2026-08-15T22:54,2006.5
20264,V202608-L01981,TM11,22,22,3,2026-08-14T12:51:12,2026-08-14T23:14,622.8
20264,V202608-L01983,TM04,39,11,4,2026-08-14T13:06,2026-08-14T19:20,374.0
20264,V202608-L01983,TM04,39,11,4,2026-08-14T13:06,2026-08-14T19:20,374.0
20264,V202608-L01983,TA10,39,11,1,2026-08-14T13:07:30,2026-08-14T19:20,372.5
20264,V202608-L01982,TA05,63,50,2,2026-08-14T13:40:30,2026-08-14T23:17,576.5
20264,V202608-L01986,TA03,45,33,4,2026-08-14T13:32,2026-08-15T05:39,967.0
20264,V202608-L01986,TA03,45,33,4,2026-08-14T13:32,2026-08-15T05:39,967.0
20264,V202608-L01985,TA08,33,23,4,2026-08-14T13:46,2026-08-14T19:39,353.0
20264,V202608-L01984,TB03,13,37,3,2026-08-14T13:10,2026-08-15T05:37,987.0
20264,V202608-L01987,TB11,16,35,4,2026-08-14T13:35,2026-08-15T23:59,2064.0
20264,V202608-L01988,TA09,29,45,2,2026-08-14T13:51,2026-08-14T16:08,137.0
20264,V202608-L01988,TA09,29,45,4,2026-08-14T13:51,2026-08-14T16:08,137.0
20264,V202608-L01988,TA09,29,45,4,2026-08-14T13:51,2026-08-14T16:08,137.0
20264,V202608-L01989,TA01,56,21,1,2026-08-14T13:30:30,2026-08-15T06:11,1000.5
20264,V202608-L01990,TA07,32,46,3,2026-08-14T14:36,2026-08-15T00:28,592.0
20264,V202608-L01991,TM02,38,9,4,2026-08-14T14:18:24,2026-08-15T06:34,975.6
20264,V202608-L01991,TM02,38,9,2,2026-08-14T14:18:24,2026-08-15T06:34,975.6
20264,V202608-L01980,TM15,9,30,4,2026-08-14T14:19:12,2026-08-15T23:10,1970.8
20264,V202608-L01992,TM13,34,7,4,2026-08-14T14:35:12,2026-08-15T06:43,967.8
20264,V202608-L01992,TM13,34,7,3,2026-08-14T14:35:12,2026-08-15T06:43,967.8
20264,V202608-L01993,TA02,64,2,3,2026-08-14T14:58,2026-08-16T01:06,2048.0
20264,V202608-L01987,TA04,16,35,4,2026-08-14T14:21,2026-08-15T23:59,2018.0
20264,V202608-L01994,TM11,27,8,3,2026-08-14T14:36:48,2026-08-14T17:11,154.2
20264,V202608-L01994,TM11,27,8,4,2026-08-14T14:36:48,2026-08-14T17:11,154.2
20264,V202608-L01995,TA10,35,3,4,2026-08-14T14:58:30,2026-08-14T17:19,140.5
20264,V202608-L01995,TA10,35,3,1,2026-08-14T14:58:30,2026-08-14T17:19,140.5
20264,V202608-L01995,TA10,35,3,4,2026-08-14T14:58:30,2026-08-14T17:19,140.5
20264,V202608-L01997,TA01,53,26,3,2026-08-14T14:48:30,2026-08-16T01:36,2087.5
20264,V202608-L02005,TA01,42,7,3,2026-08-14T16:52:30,2026-08-14T18:42,109.5
20264,V202608-L01996,TA03,44,24,3,2026-08-14T16:24,2026-08-15T01:33,549.0
20264,V202608-L02004,TA04,5,9,4,2026-08-14T16:54,2026-08-14T22:34,340.0
20264,V202608-L02004,TA04,5,9,3,2026-08-14T16:54,2026-08-14T22:34,340.0
20264,V202608-L02001,TA05,66,34,3,2026-08-14T16:24,2026-08-15T02:04,580.0
20264,V202608-L02003,TA06,15,37,2,2026-08-14T16:06,2026-08-15T08:26,980.0
20264,V202608-L01999,TA08,42,14,1,2026-08-14T16:22:30,2026-08-14T18:00,97.5
20264,V202608-L02000,TM02,23,16,1,2026-08-14T16:14:24,2026-08-16T02:02,2027.6
20264,V202608-L02000,TM04,23,16,4,2026-08-14T16:14:24,2026-08-16T02:02,2027.6
20264,V202608-L02000,TM04,23,16,4,2026-08-14T16:14:24,2026-08-16T02:02,2027.6
20264,V202608-L02002,TM11,33,2,1,2026-08-14T16:43:12,2026-08-14T22:17,333.8
20264,V202608-L02002,TM11,33,2,4,2026-08-14T16:43:12,2026-08-14T22:17,333.8
20264,V202608-L01998,TA07,32,40,4,2026-08-14T16:51,2026-08-15T07:52,901.0
20264,V202608-L01998,TA07,32,40,2,2026-08-14T16:51,2026-08-15T07:52,901.0
20264,V202608-L02006,TM08,51,41,2,2026-08-14T16:58,2026-08-16T03:07,2049.0
20264,V202608-L02006,TM09,51,41,4,2026-08-14T16:58,2026-08-16T03:07,2049.0
20264,V202608-L02006,TM10,51,41,4,2026-08-14T16:58,2026-08-16T03:07,2049.0
20264,V202608-L02007,TM14,6,25,4,2026-08-14T17:15:36,2026-08-14T23:22,366.4
20264,V202608-L02007,TM15,6,25,2,2026-08-14T17:15:36,2026-08-14T23:22,366.4
20264,V202608-L02008,TA02,54,36,1,2026-08-14T17:04,2026-08-16T03:39,2075.0
20264,V202608-L02008,TA02,54,36,4,2026-08-14T17:04,2026-08-16T03:39,2075.0
20264,V202608-L02008,TA02,54,36,4,2026-08-14T17:04,2026-08-16T03:39,2075.0
20264,V202608-L02009,TA10,34,32,4,2026-08-14T17:17:30,2026-08-16T03:40,2062.5
20264,V202608-L02009,TA10,34,32,1,2026-08-14T17:17:30,2026-08-16T03:40,2062.5
20264,V202608-L02010,TM13,8,6,1,2026-08-14T17:54:48,2026-08-16T03:45,2030.2
20264,V202608-L02011,TB02,22,25,4,2026-08-14T18:10,2026-08-14T23:47,337.0
20264,V202608-L02011,TB06,22,25,4,2026-08-14T18:10,2026-08-14T23:47,337.0
20264,V202608-L02011,TB12,22,25,1,2026-08-14T18:10,2026-08-14T23:47,337.0
20264,V202608-L02012,TM01,59,46,2,2026-08-14T17:50:24,2026-08-15T03:54,603.6
20264,V202608-L02013,TB03,25,38,4,2026-08-14T18:05,2026-08-14T19:56,111.0
20264,V202608-L02013,TB11,25,38,4,2026-08-14T18:05,2026-08-14T19:56,111.0
20264,V202608-L02010,TA09,8,6,4,2026-08-14T18:30,2026-08-16T03:45,1995.0
20264,V202608-L02010,TA09,8,6,4,2026-08-14T18:30,2026-08-16T03:45,1995.0
20264,V202608-L02015,TM05,50,1,2,2026-08-14T18:49:12,2026-08-14T20:24,94.8
20264,V202608-L02015,TM06,50,1,4,2026-08-14T18:49:12,2026-08-14T20:24,94.8
20264,V202608-L02015,TM06,50,1,4,2026-08-14T18:49:12,2026-08-14T20:24,94.8
20264,V202608-L02016,TM03,43,39,3,2026-08-14T18:42:24,2026-08-15T04:35,592.6
20264,V202608-L02017,TM07,67,13,3,2026-08-14T18:37:36,2026-08-16T04:37,2039.4
20264,V202608-L02014,TM12,31,46,2,2026-08-14T19:28,2026-08-16T04:23,1975.0
20264,V202608-L02014,TM12,31,46,4,2026-08-14T19:28,2026-08-16T04:23,1975.0
20264,V202608-L02018,TA06,9,36,2,2026-08-14T18:19:30,2026-08-15T04:40,620.5
20264,V202608-L02022,TM04,40,12,3,2026-08-14T19:04:48,2026-08-16T04:52,2027.2
20264,V202608-L02024,TA03,68,36,4,2026-08-14T19:18,2026-08-16T05:20,2042.0
20264,V202608-L02024,TA03,68,36,4,2026-08-14T19:18,2026-08-16T05:20,2042.0
20264,V202608-L02024,TA03,68,36,2,2026-08-14T19:18,2026-08-16T05:20,2042.0
20264,V202608-L02021,TA03,68,50,1,2026-08-14T20:39,2026-08-16T04:47,1928.0
20264,V202608-L02021,TA03,68,50,4,2026-08-14T20:39,2026-08-16T04:47,1928.0
20264,V202608-L02023,TA05,67,8,4,2026-08-14T19:31:30,2026-08-15T05:17,585.5
20264,V202608-L02025,TA08,4,11,1,2026-08-14T19:24,2026-08-14T21:31,127.0
20264,V202608-L02025,TA08,4,11,4,2026-08-14T19:24,2026-08-14T21:31,127.0
20264,V202608-L02025,TA08,4,11,4,2026-08-14T19:24,2026-08-14T21:31,127.0
20264,V202608-L02027,TB05,54,25,2,2026-08-14T19:35,2026-08-15T02:08,393.0
20264,V202608-L02027,TB07,54,25,4,2026-08-14T19:35,2026-08-15T02:08,393.0
20264,V202608-L02019,TA01,61,11,4,2026-08-14T20:21,2026-08-15T00:41,260.0
20264,V202608-L02019,TA01,61,11,1,2026-08-14T20:21,2026-08-15T00:41,260.0
20264,V202608-L02019,TA01,61,11,4,2026-08-14T20:21,2026-08-15T00:41,260.0
20264,V202608-L02026,TA02,68,2,2,2026-08-14T20:16,2026-08-15T06:00,584.0
20264,V202608-L02028,TA06,4,37,1,2026-08-14T19:40:30,2026-08-16T06:16,2075.5
20264,V202608-L02028,TA06,4,37,4,2026-08-14T19:40:30,2026-08-16T06:16,2075.5
20264,V202608-L02020,TA07,16,41,1,2026-08-14T19:34:30,2026-08-16T04:43,1988.5
20264,V202608-L02029,TA04,10,13,3,2026-08-14T20:01:30,2026-08-15T12:18,976.5
20264,V202608-L02029,TA04,10,13,4,2026-08-14T20:01:30,2026-08-15T12:18,976.5
20264,V202608-L02032,TA10,19,4,4,2026-08-14T20:27,2026-08-16T06:54,2067.0
20264,V202608-L02032,TA10,19,4,4,2026-08-14T20:27,2026-08-16T06:54,2067.0
20264,V202608-L02032,TA10,19,4,2,2026-08-14T20:27,2026-08-16T06:54,2067.0
20264,V202608-L02031,TM14,21,47,4,2026-08-14T20:44:24,2026-08-15T06:47,602.6
20264,V202608-L02030,TM15,9,31,4,2026-08-14T20:25:12,2026-08-16T06:26,2040.8
20264,V202608-L02030,TM15,9,31,4,2026-08-14T20:25:12,2026-08-16T06:26,2040.8
20264,V202608-L02033,TM02,24,1,2,2026-08-14T21:08:24,2026-08-16T07:30,2061.6
20264,V202608-L02033,TM11,24,1,4,2026-08-14T21:08:24,2026-08-16T07:30,2061.6
20264,V202608-L02033,TM11,24,1,4,2026-08-14T21:08:24,2026-08-16T07:30,2061.6
20264,V202608-L02034,TA05,61,22,1,2026-08-14T21:28:30,2026-08-16T08:06,2077.5
20264,V202608-L02035,TM01,42,26,4,2026-08-14T21:58:24,2026-08-16T08:20,2061.6
20264,V202608-L02036,TA04,45,18,4,2026-08-14T22:06,2026-08-16T08:22,2056.0
20264,V202608-L02036,TA04,45,18,4,2026-08-14T22:06,2026-08-16T08:22,2056.0
20264,V202608-L02037,TM08,43,32,3,2026-08-14T22:15:36,2026-08-16T08:24,2048.4
20264,V202608-L02038,TA08,32,19,2,2026-08-14T22:05,2026-08-16T08:41,2076.0
20264,V202608-L02038,TA08,32,19,4,2026-08-14T22:05,2026-08-16T08:41,2076.0
20264,V202608-L02038,TA08,32,19,4,2026-08-14T22:05,2026-08-16T08:41,2076.0
20264,V202608-L02039,TA09,35,22,4,2026-08-14T22:24,2026-08-15T01:00,156.0
20264,V202608-L02039,TA09,35,22,1,2026-08-14T22:24,2026-08-15T01:00,156.0
20264,V202608-L02040,TA10,26,12,4,2026-08-14T22:24:30,2026-08-16T09:12,2087.5
20264,V202608-L02040,TA10,26,12,3,2026-08-14T22:24:30,2026-08-16T09:12,2087.5
20264,V202608-L02043,TA06,15,37,3,2026-08-14T22:46,2026-08-15T15:32,1006.0
20264,V202608-L02050,TA01,57,29,3,2026-08-15T00:03,2026-08-16T11:00,2097.0
20264,V202608-L02046,TA02,43,24,4,2026-08-15T00:25:30,2026-08-15T16:34,968.5
20264,V202608-L02046,TA04,43,24,2,2026-08-15T00:25:30,2026-08-15T16:34,968.5
20264,V202608-L02046,TA05,43,24,4,2026-08-15T00:25:30,2026-08-15T16:34,968.5
20264,V202608-L02048,TA06,16,35,4,2026-08-15T00:10:30,2026-08-16T10:44,2073.5
20264,V202608-L02048,TA06,16,35,4,2026-08-15T00:10:30,2026-08-16T10:44,2073.5
20264,V202608-L02042,TA07,39,44,3,2026-08-15T00:49:30,2026-08-16T09:19,1949.5
20264,V202608-L02047,TA08,28,32,4,2026-08-15T00:28:30,2026-08-15T02:37,128.5
20264,V202608-L02047,TA08,28,32,3,2026-08-15T00:28:30,2026-08-15T02:37,128.5
20264,V202608-L02041,TA09,3,17,4,2026-08-15T00:40:30,2026-08-15T15:15,874.5
20264,V202608-L02041,TA10,3,17,3,2026-08-15T00:40:30,2026-08-15T15:15,874.5
20264,V202608-L02045,TM02,8,1,1,2026-08-15T01:16:48,2026-08-16T10:24,1987.2
20264,V202608-L02045,TM04,8,1,4,2026-08-15T01:16:48,2026-08-16T10:24,1987.2
20264,V202608-L02045,TM11,8,1,4,2026-08-15T01:16:48,2026-08-16T10:24,1987.2
20264,V202608-L02044,TM12,26,40,4,2026-08-15T00:38:24,2026-08-15T15:51,912.6
20264,V202608-L02049,TM14,11,45,4,2026-08-15T00:19:12,2026-08-15T06:50,390.8
20264,V202608-L02049,TM14,11,45,4,2026-08-15T00:19:12,2026-08-15T06:50,390.8
20264,V202608-L02044,TM15,26,40,4,2026-08-15T00:38:24,2026-08-15T15:51,912.6
20264,V202608-L02044,TM15,26,40,2,2026-08-15T00:38:24,2026-08-15T15:51,912.6
20264,V202608-L02051,TM13,17,1,1,2026-08-15T01:15:12,2026-08-15T07:13,357.8
20264,V202608-L02052,TA03,43,10,4,2026-08-15T01:26:30,2026-08-16T11:33,2046.5
20264,V202608-L02052,TA03,43,10,4,2026-08-15T01:26:30,2026-08-16T11:33,2046.5
20264,V202608-L02054,TM06,51,32,1,2026-08-15T01:26:24,2026-08-15T17:56,989.6
20264,V202608-L02054,TM09,51,32,4,2026-08-15T01:26:24,2026-08-15T17:56,989.6
20264,V202608-L02053,TB01,18,18,4,2026-08-15T02:05,2026-08-16T11:53,2028.0
20264,V202608-L02053,TB09,18,18,2,2026-08-15T02:05,2026-08-16T11:53,2028.0
20264,V202608-L02055,TB02,22,6,2,2026-08-15T02:15,2026-08-15T08:09,354.0
20264,V202608-L02057,TB12,30,6,2,2026-08-15T02:15,2026-08-16T12:20,2045.0
20264,V202608-L02058,TM01,41,12,2,2026-08-15T02:44:24,2026-08-15T12:26,581.6
20264,V202608-L02058,TM05,41,12,4,2026-08-15T02:44:24,2026-08-15T12:26,581.6
20264,V202608-L02058,TM10,41,12,4,2026-08-15T02:44:24,2026-08-15T12:26,581.6
20264,V202608-L02059,TB03,4,48,4,2026-08-15T03:00,2026-08-15T12:28,568.0
20264,V202608-L02059,TB11,4,48,4,2026-08-15T03:00,2026-08-15T12:28,568.0
20264,V202608-L02061,TM03,61,31,1,2026-08-15T01:59:12,2026-08-15T18:39,999.8
20264,V202608-L02061,TM08,61,31,4,2026-08-15T01:59:12,2026-08-15T18:39,999.8
20264,V202608-L02066,TM07,49,7,3,2026-08-15T02:57:12,2026-08-15T12:49,591.8
20264,V202608-L02066,TM07,49,7,4,2026-08-15T02:57:12,2026-08-15T12:49,591.8
20264,V202608-L02065,TB04,31,6,1,2026-08-15T02:50,2026-08-15T18:47,957.0
20264,V202608-L02065,TB06,31,6,4,2026-08-15T02:50,2026-08-15T18:47,957.0
20264,V202608-L02060,TA01,4,28,3,2026-08-15T03:27,2026-08-16T12:37,1990.0
20264,V202608-L02063,TA06,26,39,4,2026-08-15T02:43:30,2026-08-15T04:43,119.5
20264,V202608-L02056,TA06,28,48,4,2026-08-15T04:00,2026-08-15T12:17,497.0
20264,V202608-L02056,TA06,28,48,4,2026-08-15T04:00,2026-08-15T12:17,497.0
20264,V202608-L02056,TA06,28,48,2,2026-08-15T04:00,2026-08-15T12:17,497.0
20264,V202608-L02059,TM14,4,48,2,2026-08-15T03:21:36,2026-08-15T12:28,546.4
20264,V202608-L02070,TB05,60,28,4,2026-08-15T03:00,2026-08-15T05:35,155.0
20264,V202608-L02070,TB07,60,28,2,2026-08-15T03:00,2026-08-15T05:35,155.0
20264,V202608-L02074,TA02,64,41,4,2026-08-15T03:22:30,2026-08-15T13:48,625.5
20264,V202608-L02067,TA04,50,43,3,2026-08-15T03:25:30,2026-08-15T09:16,350.5
20264,V202608-L02071,TA05,49,1,4,2026-08-15T03:42,2026-08-15T13:39,597.0
20264,V202608-L02071,TA05,49,1,4,2026-08-15T03:42,2026-08-15T13:39,597.0
20264,V202608-L02068,TA08,60,43,4,2026-08-15T04:30,2026-08-15T19:16,886.0
20264,V202608-L02068,TA08,60,43,1,2026-08-15T04:30,2026-08-15T19:16,886.0
20264,V202608-L02068,TA08,60,43,4,2026-08-15T04:30,2026-08-15T19:16,886.0
20264,V202608-L02072,TM12,4,20,2,2026-08-15T04:19:12,2026-08-16T13:48,2008.8
20264,V202608-L02072,TM12,4,20,4,2026-08-15T04:19:12,2026-08-16T13:48,2008.8
20264,V202608-L02072,TM15,4,20,4,2026-08-15T04:19:12,2026-08-16T13:48,2008.8
20264,V202608-L02064,TA09,28,42,1,2026-08-15T03:55:30,2026-08-16T12:47,1971.5
20264,V202608-L02064,TA09,28,42,4,2026-08-15T03:55:30,2026-08-16T12:47,1971.5
20264,V202608-L02064,TA09,28,42,4,2026-08-15T03:55:30,2026-08-16T12:47,1971.5
20264,V202608-L02073,TA10,8,50,2,2026-08-15T03:49:30,2026-08-16T13:48,2038.5
20264,V202608-L02062,TA07,22,37,4,2026-08-15T03:55:30,2026-08-15T04:42,46.5
20264,V202608-L02062,TA07,22,37,4,2026-08-15T03:55:30,2026-08-15T04:42,46.5
20264,V202608-L02062,TA07,22,37,2,2026-08-15T03:55:30,2026-08-15T04:42,46.5
20264,V202608-L02077,TB08,29,19,3,2026-08-15T04:15,2026-08-16T14:39,2064.0
20264,V202608-L02079,TM06,65,27,4,2026-08-15T04:12,2026-08-16T14:41,2069.0
20264,V202608-L02069,TM09,67,21,3,2026-08-15T04:31:12,2026-08-15T09:23,291.8
20264,V202608-L02075,TA03,44,9,3,2026-08-15T05:05:30,2026-08-15T06:05,59.5
20264,V202608-L02075,TA03,44,9,4,2026-08-15T05:05:30,2026-08-15T06:05,59.5
20264,V202608-L02078,TM08,68,45,1,2026-08-15T05:28,2026-08-15T06:39,71.0
20264,V202608-L02076,TM13,19,30,2,2026-08-15T05:22:24,2026-08-15T14:31,548.6
20264,V202608-L02076,TM13,19,30,4,2026-08-15T05:22:24,2026-08-15T14:31,548.6
20264,V202608-L02081,TM02,31,15,1,2026-08-15T05:02,2026-08-15T15:48,646.0
20264,V202608-L02081,TM02,31,15,4,2026-08-15T05:02,2026-08-15T15:48,646.0
20264,V202608-L02081,TM04,31,15,4,2026-08-15T05:02,2026-08-15T15:48,646.0
20264,V202608-L02082,TA02,38,27,4,2026-08-15T05:31:30,2026-08-15T11:53,381.5
20264,V202608-L02082,TA02,38,27,4,2026-08-15T05:31:30,2026-08-15T11:53,381.5
20264,V202608-L02082,TA04,38,27,2,2026-08-15T05:31:30,2026-08-15T11:53,381.5
20264,V202608-L02080,TA07,0,27,1,2026-08-15T05:46:30,2026-08-16T15:37,2030.5
20264,V202608-L02083,TM11,28,26,4,2026-08-15T05:41:12,2026-08-15T12:05,383.8
20264,V202608-L02084,TA05,61,37,4,2026-08-15T06:01,2026-08-15T16:34,633.0
20264,V202608-L02084,TA05,61,37,1,2026-08-15T06:01,2026-08-15T16:34,633.0
20264,V202608-L02085,TM01,34,5,4,2026-08-15T06:28:24,2026-08-15T12:48,379.6
20264,V202608-L02085,TM05,34,5,1,2026-08-15T06:28:24,2026-08-15T12:48,379.6
20264,V202608-L02085,TM10,34,5,4,2026-08-15T06:28:24,2026-08-15T12:48,379.6
20264,V202608-L02086,TA08,52,31,4,2026-08-15T06:13:30,2026-08-15T08:55,161.5
20264,V202608-L02087,TA01,8,27,2,2026-08-15T06:32:30,2026-08-16T17:04,2071.5
20264,V202608-L02088,TM06,53,38,4,2026-08-15T06:56,2026-08-15T23:16,980.0
20264,V202608-L02088,TM09,53,38,4,2026-08-15T06:56,2026-08-15T23:16,980.0
20264,V202608-L02090,TM02,26,13,3,2026-08-15T06:44:48,2026-08-15T13:31,406.2
20264,V202608-L02091,TA02,61,12,4,2026-08-15T08:28:30,2026-08-15T10:07,98.5
20264,V202608-L02089,TA03,69,2,1,2026-08-15T09:21,2026-08-15T13:16,235.0
20264,V202608-L02089,TA03,69,2,4,2026-08-15T09:21,2026-08-15T13:16,235.0
20264,V202608-L02092,TA04,52,6,3,2026-08-15T08:39,2026-08-16T18:25,2026.0
20264,V202608-L02094,TA05,61,40,4,2026-08-15T08:25:30,2026-08-15T18:32,606.5
20264,V202608-L02094,TA05,61,40,4,2026-08-15T08:25:30,2026-08-15T18:32,606.5
20264,V202608-L02096,TA08,38,34,4,2026-08-15T08:39,2026-08-16T00:54,975.0
20264,V202608-L02096,TA08,38,34,1,2026-08-15T08:39,2026-08-16T00:54,975.0
20264,V202608-L02093,TM03,54,1,4,2026-08-15T09:09:36,2026-08-16T18:28,1998.4
20264,V202608-L02093,TM03,54,1,3,2026-08-15T09:09:36,2026-08-16T18:28,1998.4
20264,V202608-L02095,TM07,45,29,4,2026-08-15T08:33:36,2026-08-16T18:36,2042.4
20264,V202608-L02095,TM07,45,29,2,2026-08-15T08:33:36,2026-08-16T18:36,2042.4
20264,V202608-L02095,TM08,45,29,4,2026-08-15T08:33:36,2026-08-16T18:36,2042.4
20264,V202608-L02097,TM06,68,3,3,2026-08-15T09:56,2026-08-15T11:11,75.0
20264,V202608-L02098,TM09,67,21,1,2026-08-15T09:10:24,2026-08-16T19:26,2055.6
20264,V202608-L02100,TA01,45,42,2,2026-08-15T09:35:30,2026-08-15T15:40,364.5
20264,V202608-L02100,TA06,45,42,4,2026-08-15T09:35:30,2026-08-15T15:40,364.5
20264,V202608-L02100,TA10,45,42,4,2026-08-15T09:35:30,2026-08-15T15:40,364.5
20264,V202608-L02099,TM11,49,7,2,2026-08-15T09:49:36,2026-08-16T19:32,2022.4
20264,V202608-L02101,TA09,32,42,2,2026-08-15T09:26,2026-08-16T19:42,2056.0
20264,V202608-L02102,TM01,16,4,4,2026-08-15T09:40:24,2026-08-15T11:47,126.6
20264,V202608-L02102,TM04,16,4,1,2026-08-15T09:40:24,2026-08-15T11:47,126.6
20264,V202608-L02102,TM04,16,4,4,2026-08-15T09:40:24,2026-08-15T11:47,126.6
20264,V202608-L02104,TA07,12,49,1,2026-08-15T09:16:30,2026-08-15T19:51,634.5
20264,V202608-L02104,TA07,12,49,4,2026-08-15T09:16:30,2026-08-15T19:51,634.5
20264,V202608-L02104,TA07,12,49,4,2026-08-15T09:16:30,2026-08-15T19:51,634.5
20264,V202608-L02103,TM14,10,35,2,2026-08-15T09:12,2026-08-16T19:51,2079.0
20264,V202608-L02105,TM13,15,36,4,2026-08-15T09:22,2026-08-16T20:06,2084.0
20264,V202608-L02105,TM15,15,36,2,2026-08-15T09:22,2026-08-16T20:06,2084.0
20264,V202608-L02106,TM02,35,7,3,2026-08-15T09:56,2026-08-16T02:20,984.0
20264,V202608-L02107,TM05,35,21,1,2026-08-15T10:06,2026-08-15T16:22,376.0
20264,V202608-L02108,TM10,11,0,2,2026-08-15T11:32,2026-08-16T21:12,2020.0
20264,V202608-L02108,TM10,11,0,4,2026-08-15T11:32,2026-08-16T21:12,2020.0
20264,V202608-L02108,TM12,11,0,4,2026-08-15T11:53:36,2026-08-16T21:12,1998.4
20264,V202608-L02109,TB02,16,4,4,2026-08-15T12:05,2026-08-15T21:12,547.0
20264,V202608-L02109,TB08,16,4,2,2026-08-15T12:05,2026-08-15T21:12,547.0
20264,V202608-L02109,TB12,16,4,4,2026-08-15T12:05,2026-08-15T21:12,547.0
20264,V202608-L02113,TB03,18,41,3,2026-08-15T11:15,2026-08-15T17:29,374.0
20264,V202608-L02110,TA02,52,14,4,2026-08-15T11:24,2026-08-16T21:15,2031.0
20264,V202608-L02110,TA02,52,14,1,2026-08-15T11:24,2026-08-16T21:15,2031.0
20264,V202608-L02110,TA02,52,14,4,2026-08-15T11:24,2026-08-16T21:15,2031.0
20264,V202608-L02111,TA05,48,39,1,2026-08-15T11:22:30,2026-08-16T21:25,2042.5
20264,V202608-L02114,TB04,30,14,4,2026-08-15T11:25,2026-08-15T14:07,162.0
20264,V202608-L02114,TB06,30,14,2,2026-08-15T11:25,2026-08-15T14:07,162.0
20264,V202608-L02114,TB09,30,14,4,2026-08-15T11:25,2026-08-15T14:07,162.0
20264,V202608-L02112,TA07,28,33,2,2026-08-15T12:04:30,2026-08-16T21:28,2003.5
20264,V202608-L02116,TA04,22,22,1,2026-08-15T12:50,2026-08-15T22:46,596.0
20264,V202608-L02117,TM13,3,22,1,2026-08-15T12:50,2026-08-15T22:50,600.0
20264,V202608-L02115,TA09,0,16,1,2026-08-15T12:53,2026-08-15T18:45,352.0
20264,V202608-L02119,TA01,31,30,4,2026-08-15T13:03:30,2026-08-16T05:19,975.5
20264,V202608-L02119,TA03,31,30,4,2026-08-15T13:03:30,2026-08-16T05:19,975.5
20264,V202608-L02119,TA10,31,30,2,2026-08-15T13:03:30,2026-08-16T05:19,975.5
20264,V202608-L02120,TM01,22,16,1,2026-08-15T12:47:36,2026-08-15T19:28,400.4
20264,V202608-L02118,TM04,21,20,3,2026-08-15T12:59:36,2026-08-15T22:57,597.4
20264,V202608-L02118,TM04,21,20,4,2026-08-15T12:59:36,2026-08-15T22:57,597.4
20264,V202608-L02121,TA06,43,33,3,2026-08-15T13:20,2026-08-16T23:43,2063.0
20264,V202608-L02121,TA08,43,33,4,2026-08-15T13:20,2026-08-16T23:43,2063.0
20264,V202608-L02122,TM14,2,45,4,2026-08-15T14:00:48,2026-08-16T06:17,976.2
20264,V202608-L02122,TM15,2,45,1,2026-08-15T14:00:48,2026-08-16T06:17,976.2
20264,V202608-L02124,TA02,51,7,3,2026-08-15T14:09,2026-08-15T20:28,379.0
20264,V202608-L02123,TA05,64,1,3,2026-08-15T14:19:30,2026-08-16T06:23,963.5
20264,V202608-L02125,TA07,39,46,1,2026-08-15T14:52,2026-08-17T00:38,2026.0
20264,V202608-L02125,TA07,39,46,4,2026-08-15T14:52,2026-08-17T00:38,2026.0
20264,V202608-L02126,TA04,15,23,3,2026-08-15T14:56,2026-08-17T01:09,2053.0
20264,V202608-L02127,TM02,31,18,4,2026-08-15T14:39:12,2026-08-17T01:20,2080.8
20264,V202608-L02127,TM10,31,18,4,2026-08-15T14:39:12,2026-08-17T01:20,2080.8
20264,V202608-L02127,TM12,31,18,1,2026-08-15T14:39:12,2026-08-17T01:20,2080.8
20264,V202608-L02130,TA06,61,28,4,2026-08-15T14:57:30,2026-08-17T01:41,2083.5
20264,V202608-L02130,TA06,61,28,2,2026-08-15T14:57:30,2026-08-17T01:41,2083.5
20264,V202608-L02130,TA08,61,28,4,2026-08-15T14:57:30,2026-08-17T01:41,2083.5
